dataset,model,layer,recipe,epoch,raw_loss,ema_loss,samples,Rel,T-Gen,M-Gen,T-Loc,M-Loc,Average,training,evidence,status,source,notes
evqa-pilot500,blip2-opt-2.7b,0,main,43,0.3759908676147461,0.3681148482874409,2093,44.15,40.43,40.29,100.0,65.95,58.164,50轮已核验,本次服务器复核,TRAIN_DONE_EVAL_DONE,/datapool/home/ph_teacher3/Lwy/zhounan/Visedit2/server_results/cross_dataset_visual_layer_localization/blip2_pilot500_visedit_sweep_20260601/layer_00,
evqa-pilot500,blip2-opt-2.7b,1,main,45,0.521112,0.425138,2093,46.63,42.52,44.03,100.0,59.35,58.506,历史验收,前次核验留存,HISTORICAL_BLIP2,6location_7model_3datas_top_3_5_layers_outcome.md:2016,
evqa-pilot500,blip2-opt-2.7b,2,main,49,0.347236,0.417455,2093,32.99,28.69,30.45,100.0,58.51,50.128,历史验收,前次核验留存,HISTORICAL_BLIP2,6location_7model_3datas_top_3_5_layers_outcome.md:2017,
evqa-pilot500,blip2-opt-2.7b,3,main,48,0.326949,0.36641,2093,51.06,48.13,49.59,100.0,63.52,62.46,历史验收,前次核验留存,HISTORICAL_BLIP2,6location_7model_3datas_top_3_5_layers_outcome.md:2018,
evqa-pilot500,blip2-opt-2.7b,4,main,48,0.376648,0.397449,2093,43.82,40.43,40.51,100.0,61.56,57.264,历史验收,前次核验留存,HISTORICAL_BLIP2,6location_7model_3datas_top_3_5_layers_outcome.md:2019,
evqa-pilot500,blip2-opt-2.7b,5,main,49,0.30046045780181885,0.39657050461124477,2093,62.1,59.419999999999995,59.48,100.0,63.449999999999996,68.89,50轮已核验,本次服务器复核,TRAIN_DONE_EVAL_DONE,/datapool/home/ph_teacher3/Lwy/zhounan/Visedit2/server_results/cross_dataset_visual_layer_localization/blip2_pilot500_visedit_sweep_fixed_20260601_1438/layer_05,
evqa-pilot500,blip2-opt-2.7b,10,main,48,0.25358468294143677,0.2997409177921146,2093,64.79,61.72,62.38,100.0,76.55,73.088,50轮已核验,本次服务器复核,TRAIN_DONE_EVAL_DONE,/datapool/home/ph_teacher3/Lwy/zhounan/Visedit2/server_results/cross_dataset_visual_layer_localization/blip2_pilot500_visedit_sweep_fixed_20260601_1438/layer_10,
evqa-pilot500,blip2-opt-2.7b,14,main,46,0.206319,0.309126,2093,69.08,66.4,67.19,100.0,73.29,75.192,历史验收,前次核验留存,HISTORICAL_BLIP2,6location_7model_3datas_top_3_5_layers_outcome.md:2022,
evqa-pilot500,blip2-opt-2.7b,15,main,42,0.23876909911632538,0.3369191845337121,2093,66.35,62.89,63.9,100.0,72.05,73.038,50轮已核验,本次服务器复核,TRAIN_DONE_EVAL_DONE,/datapool/home/ph_teacher3/Lwy/zhounan/Visedit2/server_results/cross_dataset_visual_layer_localization/blip2_pilot500_visedit_sweep_fixed_20260601_1438/layer_15,
evqa-pilot500,blip2-opt-2.7b,16,main,48,0.3420880138874054,0.39388487020021745,2093,65.67,61.309999999999995,63.959999999999994,100.0,78.03999999999999,73.796,50轮已核验,本次服务器复核,TRAIN_DONE_EVAL_DONE,/datapool/home/ph_teacher3/Lwy/zhounan/Visedit2/server_results/cross_dataset_visual_layer_localization/blip2_pilot500_visedit_sweep_extra_L16_L17_L18_L24_L26_L29_20260602_211658/layer_16,
evqa-pilot500,blip2-opt-2.7b,17,main,49,0.37756991386413574,0.3846476899942954,2093,66.89,63.79,65.36,100.0,81.94,75.596,50轮已核验,本次服务器复核,TRAIN_DONE_EVAL_DONE,/datapool/home/ph_teacher3/Lwy/zhounan/Visedit2/server_results/cross_dataset_visual_layer_localization/blip2_pilot500_visedit_sweep_extra_L16_L17_L18_L24_L26_L29_20260602_211658/layer_17,
evqa-pilot500,blip2-opt-2.7b,18,main,50,0.3463071286678314,0.3923744308790161,2093,61.309999999999995,58.540000000000006,59.58,100.0,81.57,72.2,50轮已核验,本次服务器复核,TRAIN_DONE_EVAL_DONE,/datapool/home/ph_teacher3/Lwy/zhounan/Visedit2/server_results/cross_dataset_visual_layer_localization/blip2_pilot500_visedit_sweep_extra_L16_L17_L18_L24_L26_L29_20260602_211658/layer_18,
evqa-pilot500,blip2-opt-2.7b,19,main,41,0.27751410007476807,0.29168874135132233,2093,68.8,65.8,65.01,100.0,74.65,74.852,50轮已核验,本次服务器复核,TRAIN_DONE_EVAL_DONE,/datapool/home/ph_teacher3/Lwy/zhounan/Visedit2/server_results/cross_dataset_visual_layer_localization/blip2_pilot500_visedit_sweep_fixed_20260601_1438/layer_19,
evqa-pilot500,blip2-opt-2.7b,20,main,49,0.33029064536094666,0.37978749829690533,2093,62.38,58.489999999999995,60.650000000000006,100.0,82.89999999999999,72.88399999999999,50轮已核验,本次服务器复核,TRAIN_DONE_EVAL_DONE,/datapool/home/ph_teacher3/Lwy/zhounan/Visedit2/server_results/cross_dataset_visual_layer_localization/blip2_pilot500_visedit_sweep_L18_2_L20_L21_20260604_174834/layer_20,
evqa-pilot500,blip2-opt-2.7b,21,main,44,0.3694732189178467,0.37812537115434164,2093,59.309999999999995,55.13,59.29,100.0,82.94,71.334,50轮已核验,本次服务器复核,TRAIN_DONE_EVAL_DONE,/datapool/home/ph_teacher3/Lwy/zhounan/Visedit2/server_results/cross_dataset_visual_layer_localization/blip2_pilot500_visedit_sweep_L18_2_L20_L21_20260604_174834/layer_21,
evqa-pilot500,blip2-opt-2.7b,24,main,43,0.3482832610607147,0.36131609296297623,2093,46.550000000000004,42.21,48.3,100.0,80.82000000000001,63.576,50轮已核验,本次服务器复核,TRAIN_DONE_EVAL_DONE,/datapool/home/ph_teacher3/Lwy/zhounan/Visedit2/server_results/cross_dataset_visual_layer_localization/blip2_pilot500_visedit_sweep_extra_L16_L17_L18_L24_L26_L29_20260602_211658/layer_24,
evqa-pilot500,blip2-opt-2.7b,25,main,45,0.2057793140411377,0.23224366967001678,2093,60.27,56.489999999999995,57.02,100.0,80.14,70.78399999999999,50轮已核验,本次服务器复核,TRAIN_DONE_EVAL_DONE,/datapool/home/ph_teacher3/Lwy/zhounan/Visedit2/server_results/cross_dataset_visual_layer_localization/blip2_pilot500_visedit_sweep_fixed_20260601_1438/layer_25,
evqa-pilot500,blip2-opt-2.7b,26,main,49,0.3590126633644104,0.3636109697833894,2093,37.61,34.55,38.48,100.0,77.07000000000001,57.541999999999994,50轮已核验,本次服务器复核,TRAIN_DONE_EVAL_DONE,/datapool/home/ph_teacher3/Lwy/zhounan/Visedit2/server_results/cross_dataset_visual_layer_localization/blip2_pilot500_visedit_sweep_extra_L16_L17_L18_L24_L26_L29_20260602_211658/layer_26,
evqa-pilot500,blip2-opt-2.7b,29,main,48,0.3873457610607147,0.41415516042514877,2093,27.57,25.430000000000003,27.639999999999997,100.0,71.54,50.436,50轮已核验,本次服务器复核,TRAIN_DONE_EVAL_DONE,/datapool/home/ph_teacher3/Lwy/zhounan/Visedit2/server_results/cross_dataset_visual_layer_localization/blip2_pilot500_visedit_sweep_extra_L16_L17_L18_L24_L26_L29_20260602_211658/layer_29,
evqa-pilot500,blip2-opt-2.7b,30,main,48,0.24673670530319214,0.5579501889501994,2093,32.6,30.53,30.220000000000002,100.0,74.86,53.64200000000001,50轮已核验,本次服务器复核,TRAIN_DONE_EVAL_DONE,/datapool/home/ph_teacher3/Lwy/zhounan/Visedit2/server_results/cross_dataset_visual_layer_localization/blip2_pilot500_visedit_sweep_fixed_20260601_1438/layer_30,
evqa-pilot500,blip2-opt-2.7b,18,main-rerun,50,0.33876726031303406,0.3854818671180131,2093,63.29,59.64,62.239999999999995,100.0,81.51,73.336,50轮已核验,本次服务器复核,TRAIN_DONE_EVAL_DONE,/datapool/home/ph_teacher3/Lwy/zhounan/Visedit2/server_results/cross_dataset_visual_layer_localization/blip2_pilot500_visedit_sweep_L18_2_L20_L21_20260604_174834/layer_18,
evqa-pilot500,instructblip-vicuna-7b,0,main,49,0.5993380546569824,0.5685715977951125,2093,37.99,36.919999999999995,33.839999999999996,100.0,52.52,52.254,完成标记；历史未全留存,本次服务器复核,TRAIN_DONE_EVAL_DONE,/datapool/home/ph_teacher3/Lwy/zhounan/Visedit2/server_results/formal_top3_stage2_20260812/job3150065/evqa-pilot500/instructblip-vicuna-7b/layer_00,
evqa-pilot500,instructblip-vicuna-7b,1,main,43,0.711664617061615,0.6782099835160555,2093,42.0,40.44,37.89,100.0,52.019999999999996,54.46999999999999,50轮已核验,本次服务器复核,TRAIN_DONE_EVAL_DONE,/datapool/home/ph_teacher3/Lwy/zhounan/Visedit2/server_results/formal_top3_stage2_20260812/job3150065/evqa-pilot500/instructblip-vicuna-7b/layer_01,
evqa-pilot500,instructblip-vicuna-7b,2,main,37,3.2605395317077637,1.2701618816554725,2093,30.81,29.74,27.73,100.0,61.480000000000004,49.952,50轮已核验,本次服务器复核,TRAIN_DONE_EVAL_DONE,/datapool/home/ph_teacher3/Lwy/zhounan/Visedit2/server_results/formal_top3_stage2_20260812/job3150065/evqa-pilot500/instructblip-vicuna-7b/layer_02,
evqa-pilot500,instructblip-vicuna-7b,3,main,47,0.5040323734283447,0.9418442525371864,2093,32.54,31.380000000000003,30.53,100.0,57.92,50.474000000000004,50轮已核验,本次服务器复核,TRAIN_DONE_EVAL_DONE,/datapool/home/ph_teacher3/Lwy/zhounan/Visedit2/server_results/formal_top3_stage2_20260812/job3150065/evqa-pilot500/instructblip-vicuna-7b/layer_03,
evqa-pilot500,instructblip-vicuna-7b,4,main,37,0.620709240436554,1.4380482213937238,2093,28.720000000000002,27.310000000000002,27.500000000000004,100.0,55.879999999999995,47.882,50轮已核验,本次服务器复核,TRAIN_DONE_EVAL_DONE,/datapool/home/ph_teacher3/Lwy/zhounan/Visedit2/server_results/formal_top3_stage2_20260812/job3150065/evqa-pilot500/instructblip-vicuna-7b/layer_04,
evqa-pilot500,instructblip-vicuna-7b,11,main,46,1.2840683460235596,1.2142707650147582,2093,28.720000000000002,28.18,27.18,100.0,62.1,49.236000000000004,50轮已核验,本次服务器复核,TRAIN_DONE_EVAL_DONE,/datapool/home/ph_teacher3/Lwy/zhounan/Visedit2/server_results/formal_top3_stage2_20260812/job3150065/evqa-pilot500/instructblip-vicuna-7b/layer_11,
evqa-pilot500,instructblip-vicuna-7b,14,main,40,0.44067448377609253,0.9893936192293872,2093,29.79,27.439999999999998,28.18,100.0,64.14,49.910000000000004,完成标记；历史未全留存,本次服务器复核,TRAIN_DONE_EVAL_DONE,/datapool/home/ph_teacher3/Lwy/zhounan/Visedit2/server_results/formal_top3_stage2_20260812/job3150065/evqa-pilot500/instructblip-vicuna-7b/layer_14,
evqa-pilot500,instructblip-vicuna-7b,15,main,38,0.5792818069458008,1.232926340189724,2093,27.750000000000004,26.46,26.740000000000002,100.0,66.35,49.46,完成标记；历史未全留存,本次服务器复核,TRAIN_DONE_EVAL_DONE,/datapool/home/ph_teacher3/Lwy/zhounan/Visedit2/server_results/formal_top3_stage2_20260812/job3150065/evqa-pilot500/instructblip-vicuna-7b/layer_15,
evqa-pilot500,instructblip-vicuna-7b,16,main,37,0.31224754452705383,1.1978589859405642,2093,27.57,26.55,26.169999999999998,100.0,69.22,49.902,完成标记；历史未全留存,本次服务器复核,TRAIN_DONE_EVAL_DONE,/datapool/home/ph_teacher3/Lwy/zhounan/Visedit2/server_results/formal_top3_stage2_20260812/job3150065/evqa-pilot500/instructblip-vicuna-7b/layer_16,
evqa-pilot500,instructblip-vicuna-7b,18,main,50,0.40973812341690063,1.2251632856333363,2093,23.54,22.45,22.63,100.0,55.669999999999995,44.858,完成标记；历史未全留存,本次服务器复核,TRAIN_DONE_EVAL_DONE,/datapool/home/ph_teacher3/Lwy/zhounan/Visedit2/server_results/formal_top3_stage2_20260812/job3150065/evqa-pilot500/instructblip-vicuna-7b/layer_18,
evqa-pilot500,instructblip-vicuna-7b,19,main,41,2.4615118503570557,1.4001769434783715,2093,27.689999999999998,26.05,26.68,100.0,70.67,50.217999999999996,完成标记；历史未全留存,本次服务器复核,TRAIN_DONE_EVAL_DONE,/datapool/home/ph_teacher3/Lwy/zhounan/Visedit2/server_results/formal_top3_stage2_20260812/job3150065/evqa-pilot500/instructblip-vicuna-7b/layer_19,
evqa-pilot500,instructblip-vicuna-7b,25,main,50,3.241802453994751,0.9247789735797808,2093,28.93,28.26,28.23,100.0,73.06,51.696000000000005,50轮已核验,本次服务器复核,TRAIN_DONE_EVAL_DONE,/datapool/home/ph_teacher3/Lwy/zhounan/Visedit2/server_results/formal_top3_stage2_20260812/job3150065/evqa-pilot500/instructblip-vicuna-7b/layer_25,
evqa-pilot500,instructblip-vicuna-7b,26,main,50,0.20206058025360107,0.8810811001198873,2093,29.65,28.92,27.939999999999998,100.0,70.7,51.44199999999999,50轮已核验,本次服务器复核,TRAIN_DONE_EVAL_DONE,/datapool/home/ph_teacher3/Lwy/zhounan/Visedit2/server_results/visedit_pre_alt_pilot500_6models_20260608_092829/instructblip-vicuna-7b/layer_26,
evqa-pilot500,instructblip-vicuna-7b,27,main,36,0.27474838495254517,0.8884902685778926,2093,29.64,28.660000000000004,28.71,100.0,74.33999999999999,52.269999999999996,50轮已核验,本次服务器复核,TRAIN_DONE_EVAL_DONE,/datapool/home/ph_teacher3/Lwy/zhounan/Visedit2/server_results/visedit_pre_alt_pilot500_6models_20260608_092829/instructblip-vicuna-7b/layer_27,
evqa-pilot500,instructblip-vicuna-7b,28,main,49,1.700526237487793,1.1006815293182934,2093,29.86,28.720000000000002,28.78,100.0,79.0,53.272000000000006,50轮已核验,本次服务器复核,TRAIN_DONE_EVAL_DONE,/datapool/home/ph_teacher3/Lwy/zhounan/Visedit2/server_results/visedit_pre_alt_pilot500_6models_20260608_092829/instructblip-vicuna-7b/layer_28,
evqa-pilot500,minigpt-4-vicuna-7b,0,main,50,0.4812469780445099,0.4291862008763731,2093,41.06,36.9,38.31,100.0,72.88,57.83,50轮已核验,本次服务器复核,TRAIN_DONE_EVAL_DONE,/datapool/home/ph_teacher3/Lwy/zhounan/Visedit2/server_results/formal_top3_stage2_20260812/job3126082/evqa-pilot500/minigpt-4-vicuna-7b/layer_00,
evqa-pilot500,minigpt-4-vicuna-7b,1,main,48,0.3868130147457123,0.38431750829340355,2093,61.309999999999995,58.269999999999996,59.27,100.0,76.67,71.10400000000001,50轮已核验,本次服务器复核,TRAIN_DONE_EVAL_DONE,/datapool/home/ph_teacher3/Lwy/zhounan/Visedit2/server_results/formal_top3_stage2_20260812/job3126082/evqa-pilot500/minigpt-4-vicuna-7b/layer_01,
evqa-pilot500,minigpt-4-vicuna-7b,2,main,50,0.4795883297920227,0.420997141670166,2093,49.220000000000006,45.300000000000004,46.129999999999995,100.0,76.83,63.496,50轮已核验,本次服务器复核,TRAIN_DONE_EVAL_DONE,/datapool/home/ph_teacher3/Lwy/zhounan/Visedit2/server_results/formal_top3_stage2_20260812/job3126082/evqa-pilot500/minigpt-4-vicuna-7b/layer_02,
evqa-pilot500,minigpt-4-vicuna-7b,7,main,47,0.3522816002368927,0.3204255354734856,2093,51.980000000000004,49.54,49.79,100.0,84.00999999999999,67.064,50轮已核验,本次服务器复核,TRAIN_DONE_EVAL_DONE,/datapool/home/ph_teacher3/Lwy/zhounan/Visedit2/server_results/formal_top3_stage2_20260812/job3126082/evqa-pilot500/minigpt-4-vicuna-7b/layer_07,
evqa-pilot500,minigpt-4-vicuna-7b,8,main,50,0.3708786368370056,0.33078666954052816,2093,55.69,53.42,53.669999999999995,100.0,82.39,69.03399999999999,50轮已核验,本次服务器复核,TRAIN_DONE_EVAL_DONE,/datapool/home/ph_teacher3/Lwy/zhounan/Visedit2/server_results/formal_top3_stage2_20260812/job3126082/evqa-pilot500/minigpt-4-vicuna-7b/layer_08,
evqa-pilot500,minigpt-4-vicuna-7b,9,main,48,0.3705137372016907,0.3745621810457708,2093,40.32,38.080000000000005,38.41,100.0,81.62,59.686,50轮已核验,本次服务器复核,TRAIN_DONE_EVAL_DONE,/datapool/home/ph_teacher3/Lwy/zhounan/Visedit2/server_results/formal_top3_stage2_20260812/job3126082/evqa-pilot500/minigpt-4-vicuna-7b/layer_09,
evqa-pilot500,minigpt-4-vicuna-7b,10,main,50,0.3116588294506073,0.3043534016234672,2093,68.30000000000001,65.63,65.89,100.0,85.53,77.07000000000001,50轮已核验,本次服务器复核,TRAIN_DONE_EVAL_DONE,/datapool/home/ph_teacher3/Lwy/zhounan/Visedit2/server_results/formal_top3_stage2_20260812/job3126082/evqa-pilot500/minigpt-4-vicuna-7b/layer_10,
evqa-pilot500,minigpt-4-vicuna-7b,14,main,43,0.3769511878490448,0.3294642589308371,2093,46.89,43.63,44.99,100.0,81.65,63.432,50轮已核验,本次服务器复核,TRAIN_DONE_EVAL_DONE,/datapool/home/ph_teacher3/Lwy/zhounan/Visedit2/server_results/formal_top3_stage2_20260812/job3126082/evqa-pilot500/minigpt-4-vicuna-7b/layer_14,
evqa-pilot500,minigpt-4-vicuna-7b,15,main,50,0.2668088376522064,0.3073948044675309,2093,49.54,46.31,46.96,100.0,77.53999999999999,64.07000000000001,50轮已核验,本次服务器复核,TRAIN_DONE_EVAL_DONE,/datapool/home/ph_teacher3/Lwy/zhounan/Visedit2/server_results/formal_top3_stage2_20260812/job3126082/evqa-pilot500/minigpt-4-vicuna-7b/layer_15,
evqa-pilot500,minigpt-4-vicuna-7b,16,main,50,0.3141613006591797,0.297507842356895,2093,49.34,46.11,46.47,100.0,82.77,64.938,50轮已核验,本次服务器复核,TRAIN_DONE_EVAL_DONE,/datapool/home/ph_teacher3/Lwy/zhounan/Visedit2/server_results/visedit_pre_alt_pilot500_6models_20260608_092829/minigpt-4-vicuna-7b/layer_16,
evqa-pilot500,minigpt-4-vicuna-7b,17,main,50,0.3517167866230011,0.29928242407599076,2093,47.77,46.1,45.82,100.0,79.85,63.907999999999994,50轮已核验,本次服务器复核,TRAIN_DONE_EVAL_DONE,/datapool/home/ph_teacher3/Lwy/zhounan/Visedit2/server_results/visedit_pre_alt_pilot500_6models_20260608_092829/minigpt-4-vicuna-7b/layer_17,
evqa-pilot500,minigpt-4-vicuna-7b,18,main,44,0.30532342195510864,0.30250656044285035,2093,40.160000000000004,37.37,38.18,100.0,82.09,59.56,50轮已核验,本次服务器复核,TRAIN_DONE_EVAL_DONE,/datapool/home/ph_teacher3/Lwy/zhounan/Visedit2/server_results/visedit_pre_alt_pilot500_6models_20260608_092829/minigpt-4-vicuna-7b/layer_18,
evqa-pilot500,minigpt-4-vicuna-7b,19,main,49,0.293260395526886,0.2938981412480736,2093,38.47,36.52,37.19,100.0,79.71000000000001,58.378,50轮已核验,本次服务器复核,TRAIN_DONE_EVAL_DONE,/datapool/home/ph_teacher3/Lwy/zhounan/Visedit2/server_results/formal_top3_stage2_20260812/job3126082/evqa-pilot500/minigpt-4-vicuna-7b/layer_19,
evqa-pilot500,minigpt-4-vicuna-7b,22,main,49,0.24363458156585693,0.27569007312936344,2093,40.11,37.7,37.85,100.0,77.11,58.553999999999995,50轮已核验,本次服务器复核,TRAIN_DONE_EVAL_DONE,/datapool/home/ph_teacher3/Lwy/zhounan/Visedit2/server_results/formal_top3_stage2_20260812/job3126082/evqa-pilot500/minigpt-4-vicuna-7b/layer_22,
evqa-pilot500,minigpt-4-vicuna-7b,24,main,45,0.28978198766708374,0.29720712821938106,2093,39.76,33.96,37.35,100.0,77.44,57.702,50轮已核验,本次服务器复核,TRAIN_DONE_EVAL_DONE,/datapool/home/ph_teacher3/Lwy/zhounan/Visedit2/server_results/visedit_pre_alt_pilot500_6models_20260608_092829/minigpt-4-vicuna-7b/layer_24,
evqa-pilot500,minigpt-4-vicuna-7b,25,main,36,0.2830497920513153,0.29886018042286505,2093,40.089999999999996,37.730000000000004,37.59,100.0,76.92,58.465999999999994,50轮已核验,本次服务器复核,TRAIN_DONE_EVAL_DONE,/datapool/home/ph_teacher3/Lwy/zhounan/Visedit2/server_results/visedit_pre_alt_pilot500_6models_20260608_092829/minigpt-4-vicuna-7b/layer_25,
evqa-pilot500,minigpt-4-vicuna-7b,26,main,43,0.3066800832748413,0.3743548808619668,2093,39.33,34.25,36.79,100.0,75.97,57.26800000000001,50轮已核验,本次服务器复核,TRAIN_DONE_EVAL_DONE,/datapool/home/ph_teacher3/Lwy/zhounan/Visedit2/server_results/visedit_pre_alt_pilot500_6models_20260608_092829/minigpt-4-vicuna-7b/layer_26,
evqa-pilot500,minigpt-4-vicuna-7b,28,main,34,0.3725395202636719,0.34920994837294816,2093,39.42,36.54,37.36,100.0,78.49000000000001,58.362,50轮已核验,本次服务器复核,TRAIN_DONE_EVAL_DONE,/datapool/home/ph_teacher3/Lwy/zhounan/Visedit2/server_results/visedit_pre_alt_pilot500_6models_20260608_092829/minigpt-4-vicuna-7b/layer_28,
evqa-pilot500,minigpt-4-vicuna-7b,29,main,43,0.35953137278556824,0.37210313006062634,2093,39.519999999999996,37.330000000000005,37.85,100.0,77.92999999999999,58.525999999999996,50轮已核验,本次服务器复核,TRAIN_DONE_EVAL_DONE,/datapool/home/ph_teacher3/Lwy/zhounan/Visedit2/server_results/formal_top3_stage2_20260812/job3126082/evqa-pilot500/minigpt-4-vicuna-7b/layer_29,
evqa-pilot500,minigpt-4-vicuna-7b,30,main,48,0.46132516860961914,0.48139130104751043,2093,41.56,38.68,39.48,100.0,69.49,57.842,50轮已核验,本次服务器复核,TRAIN_DONE_EVAL_DONE,/datapool/home/ph_teacher3/Lwy/zhounan/Visedit2/server_results/visedit_pre_alt_pilot500_6models_20260608_092829/minigpt-4-vicuna-7b/layer_30,
evqa-pilot500,minigpt-4-vicuna-7b,31,main,14,8.763225555419922,10.222641851059969,2093,23.880000000000003,24.05,25.44,100.0,100.0,54.674,50轮已核验,本次服务器复核,TRAIN_DONE_EVAL_DONE,/datapool/home/ph_teacher3/Lwy/zhounan/Visedit2/server_results/visedit_pre_alt_pilot500_6models_20260608_092829/minigpt-4-vicuna-7b/layer_31,
evqa-pilot500,llava-v1.5-7b,0,main,26,0.48669499158859253,0.4893115578225491,2093,45.9,40.339999999999996,41.86,100.0,74.33999999999999,60.488,50轮已核验,本次服务器复核,TRAIN_DONE_EVAL_DONE,/datapool/home/ph_teacher3/Lwy/zhounan/Visedit2/server_results/resume_handoffs/evqa_llava_job3178538_20260924_1340/layers/evqa-pilot500/llava-v1.5-7b/layer_00,
evqa-pilot500,llava-v1.5-7b,1,main,50,0.4593764543533325,0.4781023975814999,2093,43.28,37.56,40.29,100.0,70.75,58.376,50轮已核验,本次服务器复核,TRAIN_DONE_EVAL_DONE,/datapool/home/ph_teacher3/Lwy/zhounan/Visedit2/server_results/resume_handoffs/evqa_llava_job3178538_20260924_1340/layers/evqa-pilot500/llava-v1.5-7b/layer_01,
evqa-pilot500,llava-v1.5-7b,2,main,41,0.39901894330978394,0.46263132155274744,2093,59.550000000000004,56.910000000000004,57.099999999999994,100.0,71.74000000000001,69.06,50轮已核验,本次服务器复核,TRAIN_DONE_EVAL_DONE,/datapool/home/ph_teacher3/Lwy/zhounan/Visedit2/server_results/evqa_llava_job3435286_20260924/evqa-pilot500/llava-v1.5-7b/layer_02,
evqa-pilot500,llava-v1.5-7b,5,main,30,0.4291675090789795,0.4374698702018458,2093,60.309999999999995,55.48,56.61000000000001,100.0,78.07,70.094,50轮已核验,本次服务器复核,TRAIN_DONE_EVAL_DONE,/datapool/home/ph_teacher3/Lwy/zhounan/Visedit2/server_results/formal_top3_stage2_20260812/job3150065/evqa-pilot500/llava-v1.5-7b/layer_05,
evqa-pilot500,llava-v1.5-7b,6,main,50,0.25576409697532654,0.4196222431569211,2093,58.35,54.300000000000004,57.43000000000001,100.0,72.89999999999999,68.596,50轮已核验,本次服务器复核,TRAIN_DONE_EVAL_DONE,/datapool/home/ph_teacher3/Lwy/zhounan/Visedit2/server_results/formal_top3_stage2_20260812/job3150065/evqa-pilot500/llava-v1.5-7b/layer_06,
evqa-pilot500,llava-v1.5-7b,7,main,31,0.41849350929260254,0.4784238142936448,2093,42.91,36.99,40.64,100.0,68.55,57.818000000000005,50轮已核验,本次服务器复核,TRAIN_DONE_EVAL_DONE,/datapool/home/ph_teacher3/Lwy/zhounan/Visedit2/server_results/formal_top3_stage2_20260812/job3150065/evqa-pilot500/llava-v1.5-7b/layer_07,
evqa-pilot500,llava-v1.5-7b,14,main,43,0.350848913192749,0.3650369929883922,2093,42.870000000000005,37.36,40.65,100.0,77.10000000000001,59.596000000000004,50轮已核验,本次服务器复核,TRAIN_DONE_EVAL_DONE,/datapool/home/ph_teacher3/Lwy/zhounan/Visedit2/server_results/formal_top3_stage2_20260812/job3150065/evqa-pilot500/llava-v1.5-7b/layer_14,
evqa-pilot500,llava-v1.5-7b,15,main,37,0.30954262614250183,0.366532340369138,2093,44.519999999999996,39.019999999999996,40.63,100.0,78.97999999999999,60.629999999999995,50轮已核验,本次服务器复核,TRAIN_DONE_EVAL_DONE,/datapool/home/ph_teacher3/Lwy/zhounan/Visedit2/server_results/formal_top3_stage2_20260812/job3150065/evqa-pilot500/llava-v1.5-7b/layer_15,
evqa-pilot500,llava-v1.5-7b,16,main,48,0.436350017786026,0.35079254661034465,2093,50.4,45.629999999999995,47.449999999999996,100.0,81.11,64.91799999999999,50轮已核验,本次服务器复核,TRAIN_DONE_EVAL_DONE,/datapool/home/ph_teacher3/Lwy/zhounan/Visedit2/server_results/formal_top3_stage2_20260812/job3150065/evqa-pilot500/llava-v1.5-7b/layer_16,
evqa-pilot500,llava-v1.5-7b,24,main,41,0.2783174216747284,0.3512645831833475,2093,52.26,44.18,42.27,100.0,73.38,62.418000000000006,50轮已核验,本次服务器复核,TRAIN_DONE_EVAL_DONE,/datapool/home/ph_teacher3/Lwy/zhounan/Visedit2/server_results/formal_top3_stage2_20260812/job3150065/evqa-pilot500/llava-v1.5-7b/layer_24,
evqa-pilot500,llava-v1.5-7b,25,main,50,0.35806193947792053,0.3291842153238946,2093,50.28,44.06,41.17,100.0,68.93,60.888,50轮已核验,本次服务器复核,TRAIN_DONE_EVAL_DONE,/datapool/home/ph_teacher3/Lwy/zhounan/Visedit2/server_results/formal_top3_stage2_20260812/job3150065/evqa-pilot500/llava-v1.5-7b/layer_25,
evqa-pilot500,llava-v1.5-7b,26,main,43,0.2698556184768677,0.3555723616620577,2093,51.51,43.55,42.16,100.0,77.72,62.988,50轮已核验,本次服务器复核,TRAIN_DONE_EVAL_DONE,/datapool/home/ph_teacher3/Lwy/zhounan/Visedit2/server_results/visedit_pre_alt_pilot500_6models_20260608_092829/llava-v1.5-7b/layer_26,
evqa-pilot500,llava-v1.5-7b,27,main,50,0.3117695152759552,0.36734822920560567,2093,52.839999999999996,44.73,41.449999999999996,100.0,73.17,62.438,50轮已核验,本次服务器复核,TRAIN_DONE_EVAL_DONE,/datapool/home/ph_teacher3/Lwy/zhounan/Visedit2/server_results/visedit_pre_alt_pilot500_6models_20260608_092829/llava-v1.5-7b/layer_27,
evqa-pilot500,llava-v1.5-7b,28,main,47,0.46242567896842957,0.4987465798917776,2093,50.129999999999995,43.5,41.14,100.0,69.48,60.85,50轮已核验,本次服务器复核,TRAIN_DONE_EVAL_DONE,/datapool/home/ph_teacher3/Lwy/zhounan/Visedit2/server_results/visedit_pre_alt_pilot500_6models_20260608_092829/llava-v1.5-7b/layer_28,
evqa-pilot500,llava-v1.5-7b,30,main,46,0.3042853772640228,0.5315177806991679,2093,41.93,37.89,35.699999999999996,100.0,70.7,57.24399999999999,50轮已核验,本次服务器复核,TRAIN_DONE_EVAL_DONE,/datapool/home/ph_teacher3/Lwy/zhounan/Visedit2/server_results/visedit_pre_alt_pilot500_6models_20260608_092829/llava-v1.5-7b/layer_30,
evqa-pilot500,llava-v1.5-7b,31,main,32,12.56906795501709,9.569222594541632,2093,32.21,30.159999999999997,28.01,100.0,100.0,58.076,50轮已核验,本次服务器复核,TRAIN_DONE_EVAL_DONE,/datapool/home/ph_teacher3/Lwy/zhounan/Visedit2/server_results/visedit_pre_alt_pilot500_6models_20260608_092829/llava-v1.5-7b/layer_31,
evqa-pilot500,qwen2.5-vl-3b,0,main,50,0.388003,0.443953,2093,53.71,43.5,34.56,100.0,82.68,62.89,历史验收,前次核验留存,TRAIN_DONE_LOCAL_TMP_JOB3044208,6location_7model_3datas_top_3_5_layers_outcome.md:1635,
evqa-pilot500,qwen2.5-vl-3b,1,main,41,0.409356,0.454254,2093,53.67,42.77,34.98,100.0,75.9,61.46,历史验收,前次核验留存,TRAIN_DONE_LOCAL_TMP_JOB3044208,6location_7model_3datas_top_3_5_layers_outcome.md:1636,
evqa-pilot500,qwen2.5-vl-3b,2,main,42,0.378063,0.448366,2093,53.64,45.58,36.81,100.0,75.24,62.25,历史验收,前次核验留存,TRAIN_DONE_LOCAL_TMP_JOB3044208,6location_7model_3datas_top_3_5_layers_outcome.md:1637,
evqa-pilot500,qwen2.5-vl-3b,3,main,49,0.411333,0.434602,2093,53.03,43.57,34.87,100.0,76.49,61.59,历史验收,前次核验留存,TRAIN_DONE_LOCAL_TMP_JOB3044208,6location_7model_3datas_top_3_5_layers_outcome.md:1638,
evqa-pilot500,qwen2.5-vl-3b,6,main,49,0.4527815282344818,0.43789512003698916,2093,55.059999999999995,43.8,35.85,100.0,80.94,63.129999999999995,50轮已核验,本次服务器复核,TRAIN_DONE_EVAL_DONE,/datapool/home/ph_teacher3/Lwy/zhounan/Visedit2/server_results/tukey_top3_tail_job3443209_20260926/accepted/evqa-pilot500/qwen2.5-vl-3b/layer_06,
evqa-pilot500,qwen2.5-vl-3b,10,main,48,0.3947012722492218,0.4127938041120127,2093,54.09,44.24,34.2,100.0,82.28999999999999,62.96400000000001,50轮已核验,本次服务器复核,TRAIN_DONE_EVAL_DONE,/datapool/home/ph_teacher3/Lwy/zhounan/Visedit2/server_results/tukey_top3_tail_job3443209_20260926/accepted/evqa-pilot500/qwen2.5-vl-3b/layer_10,
evqa-pilot500,qwen2.5-vl-3b,11,main,41,0.450617,0.44893,2093,53.17,43.4,35.12,100.0,77.48,61.83,历史验收,前次核验留存,TRAIN_DONE_LOCAL_TMP_JOB3044208,6location_7model_3datas_top_3_5_layers_outcome.md:1639,
evqa-pilot500,qwen2.5-vl-3b,12,main,39,0.416423,0.436754,2093,54.69,44.29,35.21,100.0,79.14,62.67,历史验收,前次核验留存,TRAIN_DONE_LOCAL_TMP_JOB3044208,6location_7model_3datas_top_3_5_layers_outcome.md:1640,
evqa-pilot500,qwen2.5-vl-3b,14,main,43,0.435669,0.420537,2093,54.34,44.45,35.2,100.0,82.94,63.39,历史验收,前次核验留存,TRAIN_DONE_LOCAL_TMP_JOB3044208,6location_7model_3datas_top_3_5_layers_outcome.md:1641,
evqa-pilot500,qwen2.5-vl-3b,15,main,49,0.4599936604499817,0.4055993850727198,2093,52.839999999999996,42.3,35.61,100.0,81.23,62.396,50轮已核验,本次服务器复核,TRAIN_DONE_EVAL_DONE,/datapool/home/ph_teacher3/Lwy/zhounan/Visedit2/server_results/cma_modelpred_top3_missing3_adapter_backfill_20260913_job3178423/evqa-pilot500/qwen2.5-vl-3b/layer_15,
evqa-pilot500,qwen2.5-vl-3b,16,main,49,0.443011,0.411539,2093,52.9,41.96,36.7,100.0,82.23,62.76,历史验收,前次核验留存,TRAIN_DONE_LOCAL_TMP_JOB3044208,6location_7model_3datas_top_3_5_layers_outcome.md:1643,
evqa-pilot500,qwen2.5-vl-3b,17,main,45,0.369272,0.384334,2093,53.21,42.57,34.62,100.0,82.62,62.6,历史验收,前次核验留存,TRAIN_DONE_LOCAL_TMP_JOB3044208,6location_7model_3datas_top_3_5_layers_outcome.md:1644,
evqa-pilot500,qwen2.5-vl-3b,18,main,49,0.44411951303482056,0.39972805830925395,2093,53.09,44.11,37.7,100.0,82.87,63.553999999999995,50轮已核验,本次服务器复核,TRAIN_DONE_EVAL_DONE,/datapool/home/ph_teacher3/Lwy/zhounan/Visedit2/server_results/visedit_pre_alt_pilot500_6models_20260608_092829/qwen2.5-vl-3b/layer_18,
evqa-pilot500,qwen2.5-vl-3b,19,main,41,0.4173063337802887,0.38510626238327583,2093,53.54,43.09,35.5,100.0,83.89999999999999,63.205999999999996,50轮已核验,本次服务器复核,TRAIN_DONE_EVAL_DONE,/datapool/home/ph_teacher3/Lwy/zhounan/Visedit2/server_results/visedit_pre_alt_pilot500_6models_20260608_092829/qwen2.5-vl-3b/layer_19,
evqa-pilot500,qwen2.5-vl-3b,20,main,48,0.34388113021850586,0.3752570219038949,2093,52.62,41.4,33.989999999999995,100.0,82.55,62.112,50轮已核验,本次服务器复核,TRAIN_DONE_EVAL_DONE,/datapool/home/ph_teacher3/Lwy/zhounan/Visedit2/server_results/visedit_pre_alt_pilot500_6models_20260608_092829/qwen2.5-vl-3b/layer_20,
evqa-pilot500,qwen2.5-vl-3b,21,main,49,0.444941,0.365603,2093,53.83,43.82,36.61,100.0,84.45,63.74,历史验收,前次核验留存,TRAIN_DONE_LOCAL_TMP_JOB3044208,6location_7model_3datas_top_3_5_layers_outcome.md:1648,
evqa-pilot500,qwen2.5-vl-3b,22,main,50,0.413212,0.39055,2093,54.06,43.14,35.3,100.0,81.58,62.82,历史验收,前次核验留存,TRAIN_DONE_LOCAL_TMP_JOB3044208,6location_7model_3datas_top_3_5_layers_outcome.md:1649,
evqa-pilot500,qwen2.5-vl-3b,24,main,47,0.328337,0.385822,2093,52.54,43.06,35.3,100.0,83.06,62.79,历史验收,前次核验留存,TRAIN_DONE_LOCAL_TMP_JOB3044208,6location_7model_3datas_top_3_5_layers_outcome.md:1650,
evqa-pilot500,qwen2.5-vl-3b,26,main,48,0.40762948989868164,0.38281986224679915,2093,52.76,42.32,35.42,100.0,81.15,62.33,50轮已核验,本次服务器复核,TRAIN_DONE_EVAL_DONE,/datapool/home/ph_teacher3/Lwy/zhounan/Visedit2/server_results/visedit_pre_alt_pilot500_6models_20260608_092829/qwen2.5-vl-3b/layer_26,
evqa-pilot500,qwen2.5-vl-3b,27,main,35,0.3038524389266968,0.3686578365651652,2093,52.339999999999996,41.68,33.11,100.0,82.59,61.944,50轮已核验,本次服务器复核,TRAIN_DONE_EVAL_DONE,/datapool/home/ph_teacher3/Lwy/zhounan/Visedit2/server_results/visedit_pre_alt_pilot500_6models_20260608_092829/qwen2.5-vl-3b/layer_27,
evqa-pilot500,qwen2.5-vl-3b,28,main,50,0.37417834997177124,0.3647631331886966,2093,53.480000000000004,43.14,35.199999999999996,100.0,80.81,62.525999999999996,50轮已核验,本次服务器复核,TRAIN_DONE_EVAL_DONE,/datapool/home/ph_teacher3/Lwy/zhounan/Visedit2/server_results/visedit_pre_alt_pilot500_6models_20260608_092829/qwen2.5-vl-3b/layer_28,
evqa-pilot500,qwen2.5-vl-3b,29,main,49,0.3967214822769165,0.37169075175412847,2093,53.43,43.6,34.39,100.0,80.43,62.370000000000005,50轮已核验,本次服务器复核,TRAIN_DONE_EVAL_DONE,/datapool/home/ph_teacher3/Lwy/zhounan/Visedit2/server_results/visedit_pre_alt_pilot500_6models_20260608_092829/qwen2.5-vl-3b/layer_29,
evqa-pilot500,qwen2.5-vl-3b,30,main,49,0.402044,0.378223,2093,53.3,42.72,34.77,100.0,81.81,62.52,历史验收,前次核验留存,TRAIN_DONE_LOCAL_TMP_JOB3044208,6location_7model_3datas_top_3_5_layers_outcome.md:1655,
evqa-pilot500,qwen2.5-vl-3b,31,main,49,0.23354026675224304,0.3605898925825107,2093,52.68000000000001,42.05,35.47,100.0,85.06,63.052,50轮已核验,本次服务器复核,TRAIN_DONE_EVAL_DONE,/datapool/home/ph_teacher3/Lwy/zhounan/Visedit2/server_results/visedit_pre_alt_pilot500_6models_20260608_092829/qwen2.5-vl-3b/layer_31,
evqa-pilot500,qwen2.5-vl-3b,34,main,42,0.436983,0.584563,2093,53.15,42.2,33.65,100.0,84.86,62.77,历史验收,前次核验留存,TRAIN_DONE_LOCAL_TMP_JOB3044208,6location_7model_3datas_top_3_5_layers_outcome.md:1657,
evqa-pilot500,qwen2.5-vl-3b,35,main,49,8.960615158081055,7.367229144743929,2093,49.91,37.43,22.23,100.0,100.0,61.914,50轮已核验,本次服务器复核,TRAIN_DONE_EVAL_DONE,/datapool/home/ph_teacher3/Lwy/zhounan/Visedit2/server_results/visedit_pre_alt_pilot500_6models_20260608_092829/qwen2.5-vl-3b/layer_35,
evqa-pilot500,paligemma-3b,0,main,2,3187.056884765625,3209.824509720526,2093,0.16,0.18,0.16,100.0,76.96,35.492,50轮已核验,本次服务器复核,TRAIN_DONE_EVAL_DONE,/datapool/home/ph_teacher3/Lwy/zhounan/Visedit2/server_results/tukey_top3_tail_job3443209_20260926/accepted/evqa-pilot500/paligemma-3b/layer_00,高损失未收敛；旧Epoch2诊断记录保留在原手册
evqa-pilot500,paligemma-3b,1,main,14,13.376622,14.049339,2093,8.24,13.07,8.79,100.0,63.99,38.82,历史验收,前次核验留存,TRAIN_DONE_MAIN_JOB3044208,6location_7model_3datas_top_3_5_layers_outcome.md:1660,
evqa-pilot500,paligemma-3b,3,main,38,0.6051778793334961,0.5310712163661988,2093,85.63,85.86,89.21,100.0,67.9,85.72,50轮已核验,本次服务器复核,TRAIN_DONE_EVAL_DONE,/datapool/home/ph_teacher3/Lwy/zhounan/Visedit2/server_results/formal_top3_live_20260810/job3117562/evqa-pilot500/paligemma-3b/layer_03,
evqa-pilot500,paligemma-3b,4,main,38,7.798694,6.942612,2093,74.08,76.08,74.69,100.0,30.78,71.13,历史验收,前次核验留存,TRAIN_DONE_MAIN_JOB3044208,6location_7model_3datas_top_3_5_layers_outcome.md:1662,
evqa-pilot500,paligemma-3b,5,main,2,2.871534,4.631819,2093,85.3,83.96,86.8,100.0,34.78,78.17,历史验收,前次核验留存,TRAIN_DONE_MAIN_JOB3044208,6location_7model_3datas_top_3_5_layers_outcome.md:1663,
evqa-pilot500,paligemma-3b,6,main,31,3.886672,5.983205,2093,58.14,64.42,67.89,100.0,42.92,66.67,历史验收,前次核验留存,TRAIN_DONE_MAIN_JOB3044208,6location_7model_3datas_top_3_5_layers_outcome.md:1664,
evqa-pilot500,paligemma-3b,7,main,10,3.521098,4.525994,2093,82.02,80.3,84.32,100.0,31.6,75.65,历史验收,前次核验留存,TRAIN_DONE_MAIN_JOB3044208,6location_7model_3datas_top_3_5_layers_outcome.md:1665,
evqa-pilot500,paligemma-3b,8,main,3,4.86327,3.294556,2093,91.11,91.37,93.32,100.0,29.18,81.0,历史验收,前次核验留存,TRAIN_DONE_MAIN_JOB3044208,6location_7model_3datas_top_3_5_layers_outcome.md:1666,
evqa-pilot500,paligemma-3b,9,main,1,17.53876495361328,20.54816972106293,2093,0.54,0.8099999999999999,0.44999999999999996,100.0,78.97999999999999,36.15599999999999,完成标记；历史未全留存,本次服务器复核,TRAIN_DONE_EVAL_DONE,/datapool/home/ph_teacher3/Lwy/zhounan/Visedit2/server_results/visedit_pre_alt_pilot500_6models_20260608_092829/paligemma-3b/layer_09,
evqa-pilot500,paligemma-3b,10,main,1,6.230243682861328,9.293444473908055,2093,77.44,82.52000000000001,79.77,100.0,12.85,70.516,50轮已核验,本次服务器复核,TRAIN_DONE_EVAL_DONE,/datapool/home/ph_teacher3/Lwy/zhounan/Visedit2/server_results/visedit_pre_alt_pilot500_6models_20260608_092829/paligemma-3b/layer_10,
evqa-pilot500,paligemma-3b,11,main,2,2.080457925796509,3.296938471077354,2093,87.13,87.76,88.63,100.0,41.44,80.99199999999999,50轮已核验,本次服务器复核,TRAIN_DONE_EVAL_DONE,/datapool/home/ph_teacher3/Lwy/zhounan/Visedit2/server_results/visedit_pre_alt_pilot500_6models_20260608_092829/paligemma-3b/layer_11,
evqa-pilot500,paligemma-3b,12,main,1,4.60374641418457,5.001782745654048,2093,84.50999999999999,85.98,85.0,100.0,24.43,75.98400000000001,50轮已核验,本次服务器复核,TRAIN_DONE_EVAL_DONE,/datapool/home/ph_teacher3/Lwy/zhounan/Visedit2/server_results/visedit_pre_alt_pilot500_6models_20260608_092829/paligemma-3b/layer_12,
evqa-pilot500,paligemma-3b,14,main,1,14.575244903564453,-1369.5216377904203,2093,5.59,9.06,4.75,100.0,40.89,32.05800000000001,50轮已核验,本次服务器复核,TRAIN_DONE_EVAL_DONE,/datapool/home/ph_teacher3/Lwy/zhounan/Visedit2/server_results/visedit_pre_alt_pilot500_6models_20260608_092829/paligemma-3b/layer_14,选点非现存history最低EMA
evqa-pilot500,paligemma-3b,15,main,25,22.580488204956055,31.50078267016428,2093,0.18,0.22999999999999998,0.13999999999999999,100.0,100.0,40.11,50轮已核验,本次服务器复核,TRAIN_DONE_EVAL_DONE,/datapool/home/ph_teacher3/Lwy/zhounan/Visedit2/server_results/visedit_pre_alt_pilot500_6models_20260608_092829/paligemma-3b/layer_15,
evqa-pilot500,paligemma-3b,17,main,2,30.357973,30.934,2093,0.18,0.23,0.14,100.0,100.0,40.11,历史验收,前次核验留存,TRAIN_DONE_MAIN_JOB3044208,6location_7model_3datas_top_3_5_layers_outcome.md:1673,
evqa-pilot500,paligemma-3b,1,stable,46,0.945888,1.149873,2093,77.65,77.27,93.93,100.0,56.47,81.06,历史验收,前次核验留存,TRAIN_DONE_STABLE_JOB3044208,6location_7model_3datas_top_3_5_layers_outcome.md:1674,
evqa-pilot500,paligemma-3b,4,stable,50,0.591566,0.491418,2093,66.09,64.75,85.62,100.0,77.5,78.79,历史验收,前次核验留存,TRAIN_DONE_STABLE_RETRY_NUMERIC_GUARD_NONFINITE_SKIP16_JOB3044208,6location_7model_3datas_top_3_5_layers_outcome.md:1675,
evqa-pilot500,paligemma-3b,5,stable,46,0.596487,0.554996,2093,77.02,77.96,89.71,100.0,69.93,82.92,历史验收,前次核验留存,TRAIN_DONE_STABLE_JOB3044208,6location_7model_3datas_top_3_5_layers_outcome.md:1676,
evqa-pilot500,paligemma-3b,6,stable,50,0.423632,0.46885,2093,69.94,69.13,89.83,100.0,68.92,79.56,历史验收,前次核验留存,TRAIN_DONE_STABLE_RETRY_BUFFER1_JOB3044208,6location_7model_3datas_top_3_5_layers_outcome.md:1677,
evqa-pilot500,paligemma-3b,7,stable,43,0.973857,0.609388,2093,82.25,81.34,91.16,100.0,67.18,84.39,历史验收,前次核验留存,TRAIN_DONE_STABLE_JOB3044208,6location_7model_3datas_top_3_5_layers_outcome.md:1678,
evqa-pilot500,paligemma-3b,8,stable,38,0.801614,0.593724,2093,78.95,76.17,93.02,100.0,65.09,82.65,历史验收,前次核验留存,TRAIN_DONE_STABLE_JOB3044208,6location_7model_3datas_top_3_5_layers_outcome.md:1679,
evqa-pilot500,paligemma-3b,17,stable,23,26.938894,29.851553,2093,0.18,0.23,0.14,100.0,100.0,40.11,历史验收,前次核验留存,TRAIN_DONE_STABLE_JOB3044208,6location_7model_3datas_top_3_5_layers_outcome.md:1680,
evqa-pilot500,smolvlm-1.7b,0,main,50,0.445026,0.452992,2093,64.02,59.53,57.19,100.0,69.1,69.97,历史验收,前次核验留存,TRAIN_DONE_LOCAL_TMP_JOB3044208,6location_7model_3datas_top_3_5_layers_outcome.md:1681,
evqa-pilot500,smolvlm-1.7b,1,main,47,0.44967,0.456147,2093,46.2,40.21,35.59,100.0,71.86,58.77,历史验收,前次核验留存,TRAIN_DONE_LOCAL_TMP_JOB3044208,6location_7model_3datas_top_3_5_layers_outcome.md:1682,
evqa-pilot500,smolvlm-1.7b,2,main,48,0.429149,0.437729,2093,55.62,51.14,47.7,100.0,67.59,64.41,历史验收,前次核验留存,TRAIN_DONE_LOCAL_TMP_JOB3044208,6location_7model_3datas_top_3_5_layers_outcome.md:1683,
evqa-pilot500,smolvlm-1.7b,3,main,45,0.4451,0.442415,2093,58.43,52.94,49.94,100.0,71.47,66.56,历史验收,前次核验留存,TRAIN_DONE_LOCAL_TMP_JOB3044208,6location_7model_3datas_top_3_5_layers_outcome.md:1684,
evqa-pilot500,smolvlm-1.7b,5,main,42,0.40291333198547363,0.42887801575216566,2093,56.18,50.6,45.96,100.0,74.07000000000001,65.362,50轮已核验,本次服务器复核,TRAIN_DONE_EVAL_DONE,/datapool/home/ph_teacher3/Lwy/zhounan/Visedit2/server_results/cma_modelpred_top3_missing3_adapter_backfill_20260913_job3178423/evqa-pilot500/smolvlm-1.7b/layer_05,
evqa-pilot500,smolvlm-1.7b,7,main,45,0.398488,0.419556,2093,60.39,55.03,51.65,100.0,75.17,68.45,历史验收,前次核验留存,TRAIN_DONE_LOCAL_TMP_JOB3044208,6location_7model_3datas_top_3_5_layers_outcome.md:1686,
evqa-pilot500,smolvlm-1.7b,8,main,48,0.401016,0.404693,2093,53.38,48.67,43.4,100.0,74.44,63.98,历史验收,前次核验留存,TRAIN_DONE_LOCAL_TMP_JOB3044208,6location_7model_3datas_top_3_5_layers_outcome.md:1687,
evqa-pilot500,smolvlm-1.7b,9,main,50,0.390892,0.384298,2093,58.69,54.3,50.42,100.0,76.89,68.06,历史验收,前次核验留存,TRAIN_DONE_LOCAL_TMP_JOB3044208,6location_7model_3datas_top_3_5_layers_outcome.md:1688,
evqa-pilot500,smolvlm-1.7b,10,main,48,0.404036,0.384991,2093,61.9,58.08,53.55,100.0,75.51,69.81,历史验收,前次核验留存,TRAIN_DONE_LOCAL_TMP_JOB3044208,6location_7model_3datas_top_3_5_layers_outcome.md:1689,
evqa-pilot500,smolvlm-1.7b,11,main,46,0.406657,0.396586,2093,57.7,52.14,47.72,100.0,78.63,67.24,历史验收,前次核验留存,TRAIN_DONE_LOCAL_TMP_JOB3044208,6location_7model_3datas_top_3_5_layers_outcome.md:1690,
evqa-pilot500,smolvlm-1.7b,12,main,42,0.3768787384033203,0.402296551631804,2093,49.120000000000005,42.07,38.85,100.0,79.60000000000001,61.928,50轮已核验,本次服务器复核,TRAIN_DONE_EVAL_DONE,/datapool/home/ph_teacher3/Lwy/zhounan/Visedit2/server_results/visedit_pre_alt_pilot500_6models_20260608_092829/smolvlm-1.7b/layer_12,
evqa-pilot500,smolvlm-1.7b,13,main,50,0.36452603340148926,0.3818500227353804,2093,44.800000000000004,40.22,34.160000000000004,100.0,78.07,59.45,50轮已核验,本次服务器复核,TRAIN_DONE_EVAL_DONE,/datapool/home/ph_teacher3/Lwy/zhounan/Visedit2/server_results/visedit_pre_alt_pilot500_6models_20260608_092829/smolvlm-1.7b/layer_13,
evqa-pilot500,smolvlm-1.7b,14,main,50,0.40585342049598694,0.3841883128517318,2093,58.45,52.68000000000001,49.76,100.0,80.21000000000001,68.22,50轮已核验,本次服务器复核,TRAIN_DONE_EVAL_DONE,/datapool/home/ph_teacher3/Lwy/zhounan/Visedit2/server_results/visedit_pre_alt_pilot500_6models_20260608_092829/smolvlm-1.7b/layer_14,
evqa-pilot500,smolvlm-1.7b,15,main,46,0.3473745584487915,0.3629449377795679,2093,45.800000000000004,39.489999999999995,34.58,100.0,78.83,59.739999999999995,50轮已核验,本次服务器复核,TRAIN_DONE_EVAL_DONE,/datapool/home/ph_teacher3/Lwy/zhounan/Visedit2/server_results/visedit_pre_alt_pilot500_6models_20260608_092829/smolvlm-1.7b/layer_15,
evqa-pilot500,smolvlm-1.7b,16,main,41,0.3730666935443878,0.4093624558074602,2093,46.25,39.290000000000006,33.879999999999995,100.0,75.06,58.896,50轮已核验,本次服务器复核,TRAIN_DONE_EVAL_DONE,/datapool/home/ph_teacher3/Lwy/zhounan/Visedit2/server_results/visedit_pre_alt_pilot500_6models_20260608_092829/smolvlm-1.7b/layer_16,
evqa-pilot500,smolvlm-1.7b,17,main,46,0.3579957187175751,0.3839060615767177,2093,44.36,39.14,33.17,100.0,77.57,58.848,50轮已核验,本次服务器复核,TRAIN_DONE_EVAL_DONE,/datapool/home/ph_teacher3/Lwy/zhounan/Visedit2/server_results/visedit_pre_alt_pilot500_6models_20260608_092829/smolvlm-1.7b/layer_17,
evqa-pilot500,smolvlm-1.7b,19,main,40,0.38000422716140747,0.38102438104992237,2093,45.04,38.91,33.379999999999995,100.0,69.21000000000001,57.30799999999999,50轮已核验,本次服务器复核,TRAIN_DONE_EVAL_DONE,/datapool/home/ph_teacher3/Lwy/zhounan/Visedit2/server_results/visedit_pre_alt_pilot500_6models_20260608_092829/smolvlm-1.7b/layer_19,
evqa-pilot500,smolvlm-1.7b,20,main,48,0.382679,0.383377,2093,45.09,39.2,33.92,100.0,67.53,57.15,历史验收,前次核验留存,TRAIN_DONE_LOCAL_TMP_JOB3044208,6location_7model_3datas_top_3_5_layers_outcome.md:1698,
evqa-pilot500,smolvlm-1.7b,21,main,47,0.5001276731491089,0.4152709234503167,2093,43.91,37.519999999999996,33.37,100.0,67.03,56.366,50轮已核验,本次服务器复核,TRAIN_DONE_EVAL_DONE,/datapool/home/ph_teacher3/Lwy/zhounan/Visedit2/server_results/visedit_pre_alt_pilot500_6models_20260608_092829/smolvlm-1.7b/layer_21,
evqa-pilot500,smolvlm-1.7b,22,main,50,0.427672415971756,0.48833469184481576,2093,42.44,36.7,31.77,100.0,68.45,55.872,50轮已核验,本次服务器复核,TRAIN_DONE_EVAL_DONE,/datapool/home/ph_teacher3/Lwy/zhounan/Visedit2/server_results/visedit_pre_alt_pilot500_6models_20260608_092829/smolvlm-1.7b/layer_22,
mmke-visual,blip2-opt-2.7b,0,main,50,1.8352437019348145,2.0049234714888904,293,53.13,53.14,53.2,100.0,52.38,62.370000000000005,50轮已核验,本次服务器复核,TRAIN_DONE_EVAL_DONE,/datapool/home/ph_teacher3/Lwy/zhounan/Visedit2/server_results/mmke_visual_top3_union_train_eval_7models_20260613_014644/blip2-opt-2.7b/layer_00,
mmke-visual,blip2-opt-2.7b,1,main,50,0.5164155960083008,0.520349363687441,293,52.09,51.800000000000004,51.970000000000006,100.0,92.60000000000001,69.69200000000001,50轮已核验,本次服务器复核,TRAIN_DONE_EVAL_DONE,/datapool/home/ph_teacher3/Lwy/zhounan/Visedit2/server_results/mmke_visual_top3_union_train_eval_7models_20260613_014644/blip2-opt-2.7b/layer_01,
mmke-visual,blip2-opt-2.7b,2,main,44,0.8134698867797852,1.1071696500649524,293,52.04,51.910000000000004,51.580000000000005,100.0,93.8,69.866,50轮已核验,本次服务器复核,TRAIN_DONE_EVAL_DONE,/datapool/home/ph_teacher3/Lwy/zhounan/Visedit2/server_results/mmke_visual_top3_union_train_eval_7models_20260613_014644/blip2-opt-2.7b/layer_02,
mmke-visual,blip2-opt-2.7b,3,main,50,0.5843099355697632,0.958272608340306,293,52.01,51.65,52.370000000000005,100.0,87.68,68.74199999999999,50轮已核验,本次服务器复核,TRAIN_DONE_EVAL_DONE,/datapool/home/ph_teacher3/Lwy/zhounan/Visedit2/server_results/mmke_visual_top3_union_train_eval_7models_20260613_014644/blip2-opt-2.7b/layer_03,
mmke-visual,blip2-opt-2.7b,4,main,49,0.491590678691864,0.6012473720147741,293,51.78,51.72,51.6,100.0,90.85,69.19,50轮已核验,本次服务器复核,TRAIN_DONE_EVAL_DONE,/datapool/home/ph_teacher3/Lwy/zhounan/Visedit2/server_results/mmke_visual_top3_union_train_eval_7models_20260613_014644/blip2-opt-2.7b/layer_04,
mmke-visual,blip2-opt-2.7b,14,main,50,0.4760138988494873,0.46510556370443606,293,51.32,51.11,50.760000000000005,100.0,97.16,70.07000000000001,50轮已核验,本次服务器复核,TRAIN_DONE_EVAL_DONE,/datapool/home/ph_teacher3/Lwy/zhounan/Visedit2/server_results/mmke_visual_top3_union_train_eval_7models_20260613_014644/blip2-opt-2.7b/layer_14,
mmke-visual,blip2-opt-2.7b,15,main,47,0.3608713448047638,0.3341124263803573,293,53.410000000000004,53.31,53.2,100.0,97.03,71.39000000000001,50轮已核验,本次服务器复核,TRAIN_DONE_EVAL_DONE,/datapool/home/ph_teacher3/Lwy/zhounan/Visedit2/server_results/mmke_visual_top3_union_train_eval_7models_20260613_014644/blip2-opt-2.7b/layer_15,
mmke-visual,blip2-opt-2.7b,16,main,48,0.38415655493736267,0.4168945835178287,293,52.71,52.6,52.190000000000005,100.0,97.33000000000001,70.96600000000001,50轮已核验,本次服务器复核,TRAIN_DONE_EVAL_DONE,/datapool/home/ph_teacher3/Lwy/zhounan/Visedit2/server_results/mmke_visual_top3_union_train_eval_7models_20260613_014644/blip2-opt-2.7b/layer_16,
mmke-visual,blip2-opt-2.7b,17,main,48,0.3859655559062958,0.43842647443920907,293,53.09,53.05,52.89,100.0,97.05,71.216,50轮已核验,本次服务器复核,TRAIN_DONE_EVAL_DONE,/datapool/home/ph_teacher3/Lwy/zhounan/Visedit2/server_results/mmke_visual_top3_union_train_eval_7models_20260613_014644/blip2-opt-2.7b/layer_17,
mmke-visual,blip2-opt-2.7b,18,main,45,0.32684361934661865,0.4009181540791873,293,53.0,52.949999999999996,53.12,100.0,97.37,71.288,50轮已核验,本次服务器复核,TRAIN_DONE_EVAL_DONE,/datapool/home/ph_teacher3/Lwy/zhounan/Visedit2/server_results/mmke_visual_top3_union_train_eval_7models_20260613_014644/blip2-opt-2.7b/layer_18,
mmke-visual,blip2-opt-2.7b,19,main,49,0.2412814050912857,0.3461981048870689,293,53.87,53.61,53.410000000000004,100.0,95.95,71.368,50轮已核验,本次服务器复核,TRAIN_DONE_EVAL_DONE,/datapool/home/ph_teacher3/Lwy/zhounan/Visedit2/server_results/mmke_visual_top3_union_train_eval_7models_20260613_014644/blip2-opt-2.7b/layer_19,
mmke-visual,blip2-opt-2.7b,20,main,45,0.6796925663948059,0.41379386770183424,293,53.800000000000004,53.800000000000004,53.53,100.0,97.94,71.814,50轮已核验,本次服务器复核,TRAIN_DONE_EVAL_DONE,/datapool/home/ph_teacher3/Lwy/zhounan/Visedit2/server_results/mmke_visual_top3_union_train_eval_7models_20260613_014644/blip2-opt-2.7b/layer_20,
mmke-visual,blip2-opt-2.7b,21,main,49,0.3648655116558075,0.35245162783232,293,53.54,53.669999999999995,53.37,100.0,98.09,71.734,50轮已核验,本次服务器复核,TRAIN_DONE_EVAL_DONE,/datapool/home/ph_teacher3/Lwy/zhounan/Visedit2/server_results/mmke_visual_top3_union_train_eval_7models_20260613_014644/blip2-opt-2.7b/layer_21,
mmke-visual,blip2-opt-2.7b,22,main,49,0.3301209509372711,0.3704907391749517,293,54.379999999999995,54.32,54.2,100.0,97.69,72.118,50轮已核验,本次服务器复核,TRAIN_DONE_EVAL_DONE,/datapool/home/ph_teacher3/Lwy/zhounan/Visedit2/server_results/mmke_visual_top3_union_train_eval_7models_20260613_014644/blip2-opt-2.7b/layer_22,
mmke-visual,blip2-opt-2.7b,24,main,44,0.41497793793678284,0.4173959439634979,293,53.86,53.790000000000006,53.65,100.0,95.48,71.35600000000001,50轮已核验,本次服务器复核,TRAIN_DONE_EVAL_DONE,/datapool/home/ph_teacher3/Lwy/zhounan/Visedit2/server_results/mmke_visual_top3_union_train_eval_7models_20260613_014644/blip2-opt-2.7b/layer_24,
mmke-visual,blip2-opt-2.7b,25,main,46,0.3870670795440674,0.5757043397640533,293,53.669999999999995,53.55,53.47,100.0,96.65,71.468,50轮已核验,本次服务器复核,TRAIN_DONE_EVAL_DONE,/datapool/home/ph_teacher3/Lwy/zhounan/Visedit2/server_results/mmke_visual_top3_union_train_eval_7models_20260613_014644/blip2-opt-2.7b/layer_25,
mmke-visual,blip2-opt-2.7b,26,main,49,0.6812829971313477,0.7886898067177928,293,53.059999999999995,53.290000000000006,53.23,100.0,95.84,71.08399999999999,50轮已核验,本次服务器复核,TRAIN_DONE_EVAL_DONE,/datapool/home/ph_teacher3/Lwy/zhounan/Visedit2/server_results/mmke_visual_top3_union_train_eval_7models_20260613_014644/blip2-opt-2.7b/layer_26,
mmke-visual,blip2-opt-2.7b,29,main,48,4.02195405960083,2.9078629548016415,293,49.96,49.85,49.730000000000004,100.0,96.97,69.30199999999999,50轮已核验,本次服务器复核,TRAIN_DONE_EVAL_DONE,/datapool/home/ph_teacher3/Lwy/zhounan/Visedit2/server_results/mmke_visual_top3_union_train_eval_7models_20260613_014644/blip2-opt-2.7b/layer_29,
mmke-visual,blip2-opt-2.7b,30,main,48,5.169808864593506,5.331724556692473,293,44.26,44.01,44.24,100.0,96.33,65.768,50轮已核验,本次服务器复核,TRAIN_DONE_EVAL_DONE,/datapool/home/ph_teacher3/Lwy/zhounan/Visedit2/server_results/mmke_visual_top3_union_train_eval_7models_20260613_014644/blip2-opt-2.7b/layer_30,
mmke-visual,instructblip-vicuna-7b,0,main,50,0.17161476612091064,0.22250972789455414,293,52.26,52.42,52.17,100.0,99.62,71.29400000000001,50轮已核验,本次服务器复核,TRAIN_DONE_EVAL_DONE,/datapool/home/ph_teacher3/Lwy/zhounan/Visedit2/server_results/mmke_visual_top3_union_train_eval_7models_20260613_014644/instructblip-vicuna-7b/layer_00,
mmke-visual,instructblip-vicuna-7b,1,main,50,0.2311067134141922,0.2927721940596991,293,51.7,51.67,51.55,100.0,96.48,70.28,50轮已核验,本次服务器复核,TRAIN_DONE_EVAL_DONE,/datapool/home/ph_teacher3/Lwy/zhounan/Visedit2/server_results/mmke_visual_top3_union_train_eval_7models_20260613_014644/instructblip-vicuna-7b/layer_01,
mmke-visual,instructblip-vicuna-7b,2,main,46,6.189603328704834,6.8304679571754905,293,18.67,16.650000000000002,18.5,100.0,99.57000000000001,50.678,50轮已核验,本次服务器复核,TRAIN_DONE_EVAL_DONE,/datapool/home/ph_teacher3/Lwy/zhounan/Visedit2/server_results/mmke_visual_top3_union_train_eval_7models_20260613_014644/instructblip-vicuna-7b/layer_02,
mmke-visual,instructblip-vicuna-7b,3,main,47,5.0704731941223145,6.227147421275815,293,19.400000000000002,17.34,19.2,100.0,99.85000000000001,51.158,50轮已核验,本次服务器复核,TRAIN_DONE_EVAL_DONE,/datapool/home/ph_teacher3/Lwy/zhounan/Visedit2/server_results/mmke_visual_top3_union_train_eval_7models_20260613_014644/instructblip-vicuna-7b/layer_03,
mmke-visual,instructblip-vicuna-7b,4,main,49,7.357730388641357,7.321516585750793,293,17.380000000000003,15.28,17.580000000000002,100.0,99.05000000000001,49.858000000000004,50轮已核验,本次服务器复核,TRAIN_DONE_EVAL_DONE,/datapool/home/ph_teacher3/Lwy/zhounan/Visedit2/server_results/mmke_visual_top3_union_train_eval_7models_20260613_014644/instructblip-vicuna-7b/layer_04,
mmke-visual,instructblip-vicuna-7b,5,main,49,6.9992265701293945,7.345585388801071,293,17.03,14.84,17.130000000000003,100.0,99.51,49.702,50轮已核验,本次服务器复核,TRAIN_DONE_EVAL_DONE,/datapool/home/ph_teacher3/Lwy/zhounan/Visedit2/server_results/mmke_visual_top3_union_train_eval_7models_20260613_014644/instructblip-vicuna-7b/layer_05,
mmke-visual,instructblip-vicuna-7b,14,main,50,5.457261562347412,6.049060908221972,293,17.34,15.97,17.24,100.0,99.57000000000001,50.024,50轮已核验,本次服务器复核,TRAIN_DONE_EVAL_DONE,/datapool/home/ph_teacher3/Lwy/zhounan/Visedit2/server_results/mmke_visual_top3_union_train_eval_7models_20260613_014644/instructblip-vicuna-7b/layer_14,
mmke-visual,instructblip-vicuna-7b,15,main,47,7.049882411956787,6.4460944454227915,293,17.080000000000002,16.009999999999998,16.99,100.0,99.85000000000001,49.986000000000004,50轮已核验,本次服务器复核,TRAIN_DONE_EVAL_DONE,/datapool/home/ph_teacher3/Lwy/zhounan/Visedit2/server_results/mmke_visual_top3_union_train_eval_7models_20260613_014644/instructblip-vicuna-7b/layer_15,
mmke-visual,instructblip-vicuna-7b,16,main,48,8.969354629516602,7.0012983757355665,293,18.08,17.11,17.96,100.0,99.63,50.556,50轮已核验,本次服务器复核,TRAIN_DONE_EVAL_DONE,/datapool/home/ph_teacher3/Lwy/zhounan/Visedit2/server_results/mmke_visual_top3_union_train_eval_7models_20260613_014644/instructblip-vicuna-7b/layer_16,
mmke-visual,instructblip-vicuna-7b,17,main,50,7.270291805267334,6.931964781821366,293,18.47,16.8,18.64,100.0,99.72999999999999,50.727999999999994,50轮已核验,本次服务器复核,TRAIN_DONE_EVAL_DONE,/datapool/home/ph_teacher3/Lwy/zhounan/Visedit2/server_results/mmke_visual_top3_union_train_eval_7models_20260613_014644/instructblip-vicuna-7b/layer_17,
mmke-visual,instructblip-vicuna-7b,18,main,50,6.6978840827941895,6.893875566245551,293,18.08,16.55,18.22,100.0,99.6,50.489999999999995,50轮已核验,本次服务器复核,TRAIN_DONE_EVAL_DONE,/datapool/home/ph_teacher3/Lwy/zhounan/Visedit2/server_results/mmke_visual_top3_union_train_eval_7models_20260613_014644/instructblip-vicuna-7b/layer_18,
mmke-visual,instructblip-vicuna-7b,19,main,49,5.9296555519104,5.769108314345087,293,18.56,16.42,18.6,100.0,99.59,50.634,50轮已核验,本次服务器复核,TRAIN_DONE_EVAL_DONE,/datapool/home/ph_teacher3/Lwy/zhounan/Visedit2/server_results/mmke_visual_top3_union_train_eval_7models_20260613_014644/instructblip-vicuna-7b/layer_19,
mmke-visual,instructblip-vicuna-7b,20,main,50,5.900425910949707,6.889281721605075,293,18.52,17.29,18.68,100.0,99.9,50.878,50轮已核验,本次服务器复核,TRAIN_DONE_EVAL_DONE,/datapool/home/ph_teacher3/Lwy/zhounan/Visedit2/server_results/priority3_main_protocol_job3443209_20260926/accepted/mmke-visual/instructblip-vicuna-7b/layer_20,
mmke-visual,instructblip-vicuna-7b,22,main,46,6.008148670196533,6.773029844316745,293,17.87,16.8,17.62,100.0,100.0,50.458000000000006,50轮已核验,本次服务器复核,TRAIN_DONE_EVAL_DONE,/datapool/home/ph_teacher3/Lwy/zhounan/Visedit2/server_results/mmke_visual_top3_union_train_eval_7models_20260613_014644/instructblip-vicuna-7b/layer_22,
mmke-visual,instructblip-vicuna-7b,23,main,50,5.29474401473999,6.377841559299582,293,18.060000000000002,16.63,17.96,100.0,99.72999999999999,50.476,50轮已核验,本次服务器复核,TRAIN_DONE_EVAL_DONE,/datapool/home/ph_teacher3/Lwy/zhounan/Visedit2/server_results/mmke_visual_top3_union_train_eval_7models_20260613_014644/instructblip-vicuna-7b/layer_23,
mmke-visual,instructblip-vicuna-7b,24,main,47,6.654134273529053,7.2556285374087555,293,18.21,16.78,18.19,100.0,99.76,50.588,50轮已核验,本次服务器复核,TRAIN_DONE_EVAL_DONE,/datapool/home/ph_teacher3/Lwy/zhounan/Visedit2/server_results/mmke_visual_top3_union_train_eval_7models_20260613_014644/instructblip-vicuna-7b/layer_24,
mmke-visual,instructblip-vicuna-7b,25,main,46,5.746798992156982,6.995332963782148,293,17.41,15.67,17.23,100.0,99.72999999999999,50.007999999999996,50轮已核验,本次服务器复核,TRAIN_DONE_EVAL_DONE,/datapool/home/ph_teacher3/Lwy/zhounan/Visedit2/server_results/mmke_visual_top3_union_train_eval_7models_20260613_014644/instructblip-vicuna-7b/layer_25,
mmke-visual,instructblip-vicuna-7b,26,main,49,6.737055778503418,7.514500765722991,293,17.549999999999997,15.299999999999999,17.37,100.0,99.63,49.97,50轮已核验,本次服务器复核,TRAIN_DONE_EVAL_DONE,/datapool/home/ph_teacher3/Lwy/zhounan/Visedit2/server_results/mmke_visual_top3_union_train_eval_7models_20260613_014644/instructblip-vicuna-7b/layer_26,
mmke-visual,instructblip-vicuna-7b,27,main,48,6.786605358123779,7.596408101675771,293,18.47,16.75,18.57,100.0,99.18,50.594,50轮已核验,本次服务器复核,TRAIN_DONE_EVAL_DONE,/datapool/home/ph_teacher3/Lwy/zhounan/Visedit2/server_results/mmke_visual_top3_union_train_eval_7models_20260613_014644/instructblip-vicuna-7b/layer_27,
mmke-visual,instructblip-vicuna-7b,28,main,49,5.810028553009033,7.744204947626411,293,17.32,15.620000000000001,17.06,100.0,99.83,49.965999999999994,50轮已核验,本次服务器复核,TRAIN_DONE_EVAL_DONE,/datapool/home/ph_teacher3/Lwy/zhounan/Visedit2/server_results/mmke_visual_top3_union_train_eval_7models_20260613_014644/instructblip-vicuna-7b/layer_28,
mmke-visual,instructblip-vicuna-7b,30,main,45,10.282061576843262,11.521651089027277,293,11.75,11.08,11.62,100.0,99.32,46.754,50轮已核验,本次服务器复核,TRAIN_DONE_EVAL_DONE,/datapool/home/ph_teacher3/Lwy/zhounan/Visedit2/server_results/mmke_visual_top3_union_train_eval_7models_20260613_014644/instructblip-vicuna-7b/layer_30,
mmke-visual,instructblip-vicuna-7b,31,main,28,36.47736740112305,36.696702690497425,293,0.04,0.04,0.04,100.0,100.0,40.024,50轮已核验,本次服务器复核,TRAIN_DONE_EVAL_DONE,/datapool/home/ph_teacher3/Lwy/zhounan/Visedit2/server_results/mmke_visual_top3_union_train_eval_7models_20260613_014644/instructblip-vicuna-7b/layer_31,
mmke-visual,minigpt-4-vicuna-7b,0,main,50,0.269117,0.267466,293,59.95,60.02,60.14,100.0,98.95,75.812,历史验收,前次核验留存,TRAIN_DONE_REPAIRED_SELECTION_LOCAL_TMP_JOB3044841,6location_7model_3datas_top_3_5_layers_outcome.md:1764,
mmke-visual,minigpt-4-vicuna-7b,1,main,50,0.272173,0.281973,293,60.32,60.32,60.55,100.0,97.93,75.824,历史验收,前次核验留存,TRAIN_DONE_REPAIRED_SELECTION_LOCAL_TMP_JOB3044841,6location_7model_3datas_top_3_5_layers_outcome.md:1765,
mmke-visual,minigpt-4-vicuna-7b,2,main,41,0.253623,0.267989,293,60.35,60.4,60.64,100.0,98.93,76.064,历史验收,前次核验留存,TRAIN_DONE_REPAIRED_SELECTION_LOCAL_TMP_JOB3044841,6location_7model_3datas_top_3_5_layers_outcome.md:1766,
mmke-visual,minigpt-4-vicuna-7b,3,main,36,0.254035,0.288644,293,61.41,61.6,61.07,100.0,99.09,76.634,历史验收,前次核验留存,TRAIN_DONE_REPAIRED_SELECTION_LOCAL_TMP_JOB3044841,6location_7model_3datas_top_3_5_layers_outcome.md:1767,
mmke-visual,minigpt-4-vicuna-7b,5,main,35,0.25881704688072205,0.2811050974798985,293,62.09,62.03999999999999,61.86000000000001,100.0,98.72999999999999,76.944,50轮已核验,本次服务器复核,TRAIN_DONE_EVAL_DONE,/datapool/home/ph_teacher3/Lwy/zhounan/Visedit2/server_results/mmke_visual_top3_union_train_eval_7models_20260613_014644/minigpt-4-vicuna-7b/layer_05,
mmke-visual,minigpt-4-vicuna-7b,8,main,49,0.2655264139175415,0.25617600149471936,293,61.75000000000001,61.62,61.68,100.0,97.91,76.59200000000001,50轮已核验,本次服务器复核,TRAIN_DONE_EVAL_DONE,/datapool/home/ph_teacher3/Lwy/zhounan/Visedit2/server_results/mmke_visual_top3_union_train_eval_7models_20260613_014644/minigpt-4-vicuna-7b/layer_08,
mmke-visual,minigpt-4-vicuna-7b,9,main,49,0.2479790300130844,0.2570389308125014,293,61.339999999999996,61.27,61.41,100.0,98.89,76.582,50轮已核验,本次服务器复核,TRAIN_DONE_EVAL_DONE,/datapool/home/ph_teacher3/Lwy/zhounan/Visedit2/server_results/tmp_archives_20260810/g09/mabscos_top3_completion_job3126082_20260801/mmke-visual/minigpt-4-vicuna-7b/layer_09,
mmke-visual,minigpt-4-vicuna-7b,10,main,36,0.24701379239559174,0.2600446514188739,293,61.51,61.480000000000004,61.419999999999995,100.0,98.74000000000001,76.63,完成标记；历史未全留存,本次服务器复核,TRAIN_DONE_EVAL_DONE,/datapool/home/ph_teacher3/Lwy/zhounan/Visedit2/server_results/tmp_archives_20260810/g09/mabscos_top3_completion_job3126082_20260801/mmke-visual/minigpt-4-vicuna-7b/layer_10,
mmke-visual,minigpt-4-vicuna-7b,11,main,39,0.2872273325920105,0.2724694735434625,293,62.029999999999994,61.78,61.970000000000006,100.0,98.37,76.83,完成标记；历史未全留存,本次服务器复核,TRAIN_DONE_EVAL_DONE,/datapool/home/ph_teacher3/Lwy/zhounan/Visedit2/server_results/tmp_archives_20260810/g09/mabscos_top3_completion_job3126082_20260801/mmke-visual/minigpt-4-vicuna-7b/layer_11,
mmke-visual,minigpt-4-vicuna-7b,14,main,50,0.234948992729187,0.24951223106970838,293,61.07,60.940000000000005,60.84,100.0,98.88,76.346,50轮已核验,本次服务器复核,TRAIN_DONE_EVAL_DONE,/datapool/home/ph_teacher3/Lwy/zhounan/Visedit2/server_results/mmke_visual_top3_union_train_eval_7models_20260613_014644/minigpt-4-vicuna-7b/layer_14,
mmke-visual,minigpt-4-vicuna-7b,15,main,50,0.24250715970993042,0.25143802559429473,293,60.39,60.22,60.11,100.0,98.64,75.872,50轮已核验,本次服务器复核,TRAIN_DONE_EVAL_DONE,/datapool/home/ph_teacher3/Lwy/zhounan/Visedit2/server_results/mmke_visual_top3_union_train_eval_7models_20260613_014644/minigpt-4-vicuna-7b/layer_15,
mmke-visual,minigpt-4-vicuna-7b,16,main,33,0.23819901049137115,0.2683019968918282,293,61.01,60.870000000000005,60.75000000000001,100.0,97.86,76.098,50轮已核验,本次服务器复核,TRAIN_DONE_EVAL_DONE,/datapool/home/ph_teacher3/Lwy/zhounan/Visedit2/server_results/mmke_visual_top3_union_train_eval_7models_20260613_014644/minigpt-4-vicuna-7b/layer_16,
mmke-visual,minigpt-4-vicuna-7b,17,main,49,0.2494056075811386,0.2651216591339465,293,59.809999999999995,59.86,59.9,100.0,97.14,75.342,50轮已核验,本次服务器复核,TRAIN_DONE_EVAL_DONE,/datapool/home/ph_teacher3/Lwy/zhounan/Visedit2/server_results/mmke_visual_top3_union_train_eval_7models_20260613_014644/minigpt-4-vicuna-7b/layer_17,
mmke-visual,minigpt-4-vicuna-7b,18,main,46,0.2693640887737274,0.262237938088155,293,59.330000000000005,59.18,59.41,100.0,98.0,75.184,50轮已核验,本次服务器复核,TRAIN_DONE_EVAL_DONE,/datapool/home/ph_teacher3/Lwy/zhounan/Visedit2/server_results/mmke_visual_top3_union_train_eval_7models_20260613_014644/minigpt-4-vicuna-7b/layer_18,
mmke-visual,minigpt-4-vicuna-7b,24,main,49,0.5027788877487183,0.4383953319661033,293,57.989999999999995,57.940000000000005,58.050000000000004,100.0,97.3,74.256,50轮已核验,本次服务器复核,TRAIN_DONE_EVAL_DONE,/datapool/home/ph_teacher3/Lwy/zhounan/Visedit2/server_results/mmke_visual_top3_union_train_eval_7models_20260613_014644/minigpt-4-vicuna-7b/layer_24,
mmke-visual,minigpt-4-vicuna-7b,25,main,50,0.7596460580825806,0.6118618782070901,293,57.89,57.730000000000004,57.74,100.0,98.25,74.322,50轮已核验,本次服务器复核,TRAIN_DONE_EVAL_DONE,/datapool/home/ph_teacher3/Lwy/zhounan/Visedit2/server_results/mmke_visual_top3_union_train_eval_7models_20260613_014644/minigpt-4-vicuna-7b/layer_25,
mmke-visual,minigpt-4-vicuna-7b,26,main,49,0.6762902736663818,0.788583939453485,293,57.32000000000001,56.97,57.3,100.0,98.06,73.93,50轮已核验,本次服务器复核,TRAIN_DONE_EVAL_DONE,/datapool/home/ph_teacher3/Lwy/zhounan/Visedit2/server_results/mmke_visual_top3_union_train_eval_7models_20260613_014644/minigpt-4-vicuna-7b/layer_26,
mmke-visual,minigpt-4-vicuna-7b,27,main,43,0.9080721139907837,1.4130739428400478,293,57.879999999999995,57.599999999999994,57.52,100.0,97.97,74.194,50轮已核验,本次服务器复核,TRAIN_DONE_EVAL_DONE,/datapool/home/ph_teacher3/Lwy/zhounan/Visedit2/server_results/mmke_visual_top3_union_train_eval_7models_20260613_014644/minigpt-4-vicuna-7b/layer_27,
mmke-visual,minigpt-4-vicuna-7b,28,main,45,1.148645281791687,1.7117784101262026,293,57.96,57.92,57.85,100.0,98.46000000000001,74.43800000000002,50轮已核验,本次服务器复核,TRAIN_DONE_EVAL_DONE,/datapool/home/ph_teacher3/Lwy/zhounan/Visedit2/server_results/mmke_visual_top3_union_train_eval_7models_20260613_014644/minigpt-4-vicuna-7b/layer_28,
mmke-visual,minigpt-4-vicuna-7b,29,main,48,3.022602,2.115868,293,56.55,56.18,56.37,100.0,97.23,73.266,历史验收,前次核验留存,TRAIN_DONE_REPAIRED_SELECTION_LOCAL_TMP_JOB3044841,6location_7model_3datas_top_3_5_layers_outcome.md:1783,
mmke-visual,minigpt-4-vicuna-7b,31,main,43,6.683348178863525,7.304613013646064,293,47.21,46.58,46.989999999999995,100.0,100.0,68.15599999999999,50轮已核验,本次服务器复核,TRAIN_DONE_EVAL_DONE,/datapool/home/ph_teacher3/Lwy/zhounan/Visedit2/server_results/mmke_visual_top3_union_train_eval_7models_20260613_014644/minigpt-4-vicuna-7b/layer_31,
mmke-visual,llava-v1.5-7b,0,main,40,0.2298056185245514,0.3149448840323559,293,60.74,60.79,60.88,100.0,93.38,75.15799999999999,50轮已核验,本次服务器复核,TRAIN_DONE_EVAL_DONE,/datapool/home/ph_teacher3/Lwy/zhounan/Visedit2/server_results/tmp_archives_20260810/g09/mmke_visual_llava_sharedgpu_job3117562_20260730/llava-v1.5-7b/layer_00,
mmke-visual,llava-v1.5-7b,1,main,47,0.2680860459804535,0.30234307384196046,293,61.27,61.21,61.56,100.0,94.16,75.64000000000001,50轮已核验,本次服务器复核,TRAIN_DONE_EVAL_DONE,/datapool/home/ph_teacher3/Lwy/zhounan/Visedit2/server_results/tmp_archives_20260810/g09/mmke_visual_llava_sharedgpu_job3117562_20260730/llava-v1.5-7b/layer_01,
mmke-visual,llava-v1.5-7b,2,main,33,0.2813838720321655,0.30597750185775674,293,63.43,63.239999999999995,63.39,100.0,93.87,76.786,50轮已核验,本次服务器复核,TRAIN_DONE_EVAL_DONE,/datapool/home/ph_teacher3/Lwy/zhounan/Visedit2/server_results/tmp_archives_20260810/g09/mmke_visual_llava_sharedgpu_job3117562_20260730/llava-v1.5-7b/layer_02,
mmke-visual,llava-v1.5-7b,3,main,22,0.18573564291000366,0.3017907556309562,293,62.32,62.23,62.339999999999996,100.0,94.04,76.186,50轮已核验,本次服务器复核,TRAIN_DONE_EVAL_DONE,/datapool/home/ph_teacher3/Lwy/zhounan/Visedit2/server_results/formal_top3_live_20260810/job3126082/mmke-visual/llava-v1.5-7b/layer_03,
mmke-visual,llava-v1.5-7b,7,main,35,0.21481718122959137,0.2868477926241469,293,62.21,62.150000000000006,62.3,100.0,96.1,76.55199999999999,50轮已核验,本次服务器复核,TRAIN_DONE_EVAL_DONE,/datapool/home/ph_teacher3/Lwy/zhounan/Visedit2/server_results/tmp_archives_20260810/g09/mmke_visual_llava_sharedgpu_job3117562_20260730/llava-v1.5-7b/layer_07,
mmke-visual,llava-v1.5-7b,8,main,47,0.18136264383792877,0.26041951538857383,293,62.93,62.849999999999994,62.660000000000004,100.0,96.6,77.008,50轮已核验,本次服务器复核,TRAIN_DONE_EVAL_DONE,/datapool/home/ph_teacher3/Lwy/zhounan/Visedit2/server_results/tmp_archives_20260810/g09/mmke_visual_llava_sharedgpu_job3117562_20260730/llava-v1.5-7b/layer_08,
mmke-visual,llava-v1.5-7b,9,main,40,0.40064606070518494,0.28196159496104123,293,62.63999999999999,62.660000000000004,62.69,100.0,96.56,76.91,50轮已核验,本次服务器复核,TRAIN_DONE_EVAL_DONE,/datapool/home/ph_teacher3/Lwy/zhounan/Visedit2/server_results/tmp_archives_20260810/g09/mmke_visual_llava_sharedgpu_job3117562_20260730/llava-v1.5-7b/layer_09,
mmke-visual,llava-v1.5-7b,12,main,47,0.17352508008480072,0.24315319818880501,293,61.629999999999995,61.63999999999999,61.519999999999996,100.0,95.56,76.07,50轮已核验,本次服务器复核,TRAIN_DONE_EVAL_DONE,/datapool/home/ph_teacher3/Lwy/zhounan/Visedit2/server_results/tmp_archives_20260810/g09/mmke_visual_llava_sharedgpu_job3117562_20260730/llava-v1.5-7b/layer_12,
mmke-visual,llava-v1.5-7b,14,main,47,0.14629961550235748,0.24810288172587433,293,62.029999999999994,62.07,62.33,100.0,96.14,76.514,50轮已核验,本次服务器复核,TRAIN_DONE_EVAL_DONE,/datapool/home/ph_teacher3/Lwy/zhounan/Visedit2/server_results/formal_top3_live_20260810/job3126082/mmke-visual/llava-v1.5-7b/layer_14,
mmke-visual,llava-v1.5-7b,15,main,40,0.119041807949543,0.23111068995066683,293,61.019999999999996,61.0,60.91,100.0,95.83,75.752,50轮已核验,本次服务器复核,TRAIN_DONE_EVAL_DONE,/datapool/home/ph_teacher3/Lwy/zhounan/Visedit2/server_results/formal_top3_live_20260810/job3126082/mmke-visual/llava-v1.5-7b/layer_15,
mmke-visual,llava-v1.5-7b,16,main,21,0.20206065475940704,0.29199047639464065,293,60.64000000000001,60.33,60.58,100.0,97.15,75.74000000000001,50轮已核验,本次服务器复核,TRAIN_DONE_EVAL_DONE,/datapool/home/ph_teacher3/Lwy/zhounan/Visedit2/server_results/formal_top3_live_20260810/job3126082/mmke-visual/llava-v1.5-7b/layer_16,
mmke-visual,llava-v1.5-7b,22,main,50,0.28059086203575134,0.3817765869420482,293,57.52,57.34,57.48,100.0,96.86,73.84,50轮已核验,本次服务器复核,TRAIN_DONE_EVAL_DONE,/datapool/home/ph_teacher3/Lwy/zhounan/Visedit2/server_results/formal_top3_live_20260810/job3126082/mmke-visual/llava-v1.5-7b/layer_22,
mmke-visual,llava-v1.5-7b,24,main,48,0.19907386600971222,0.2929946673802584,293,58.4,58.07,58.42,100.0,98.04,74.586,50轮已核验,本次服务器复核,TRAIN_DONE_EVAL_DONE,/datapool/home/ph_teacher3/Lwy/zhounan/Visedit2/server_results/formal_top3_live_20260810/job3126082/mmke-visual/llava-v1.5-7b/layer_24,
mmke-visual,llava-v1.5-7b,26,main,49,0.4323361814022064,0.5468017277270846,293,57.410000000000004,57.08,57.269999999999996,100.0,95.36,73.424,50轮已核验,本次服务器复核,TRAIN_DONE_EVAL_DONE,/datapool/home/ph_teacher3/Lwy/zhounan/Visedit2/server_results/formal_top3_live_20260810/job3126082/mmke-visual/llava-v1.5-7b/layer_26,
mmke-visual,llava-v1.5-7b,27,main,48,0.2811765670776367,0.5569851312722189,293,58.830000000000005,58.379999999999995,58.660000000000004,100.0,96.11,74.396,50轮已核验,本次服务器复核,TRAIN_DONE_EVAL_DONE,/datapool/home/ph_teacher3/Lwy/zhounan/Visedit2/server_results/formal_top3_live_20260810/job3126082/mmke-visual/llava-v1.5-7b/layer_27,
mmke-visual,llava-v1.5-7b,28,main,49,0.4467790126800537,0.9965804409363987,293,57.58,57.489999999999995,57.989999999999995,100.0,94.57,73.526,50轮已核验,本次服务器复核,TRAIN_DONE_EVAL_DONE,/datapool/home/ph_teacher3/Lwy/zhounan/Visedit2/server_results/mmke_visual_top3_union_train_eval_7models_20260613_014644/llava-v1.5-7b/layer_28,
mmke-visual,qwen2.5-vl-3b,0,main,45,0.470173,0.677373,293,52.74,52.9,52.28,100.0,94.2,70.42,历史验收,前次核验留存,TRAIN_DONE_LOCAL_TMP_JOB3044208,6location_7model_3datas_top_3_5_layers_outcome.md:1794,
mmke-visual,qwen2.5-vl-3b,1,main,47,1.16437,0.680025,293,51.09,51.08,51.24,100.0,94.01,69.48,历史验收,前次核验留存,TRAIN_DONE_LOCAL_TMP_JOB3044208,6location_7model_3datas_top_3_5_layers_outcome.md:1795,
mmke-visual,qwen2.5-vl-3b,2,main,43,0.670088,0.893235,293,51.75,51.64,51.72,100.0,94.52,69.93,历史验收,前次核验留存,TRAIN_DONE_LOCAL_TMP_JOB3044208,6location_7model_3datas_top_3_5_layers_outcome.md:1796,
mmke-visual,qwen2.5-vl-3b,3,main,47,0.4234643876552582,0.6658228043996998,293,51.449999999999996,51.29,51.339999999999996,100.0,94.83,69.782,50轮已核验,本次服务器复核,TRAIN_DONE_EVAL_DONE,/datapool/home/ph_teacher3/Lwy/zhounan/Visedit2/server_results/tukey_top3_tail_job3443209_20260926/accepted/mmke-visual/qwen2.5-vl-3b/layer_03,
mmke-visual,qwen2.5-vl-3b,6,main,45,0.499272,0.734185,293,52.38,52.01,51.85,100.0,94.51,70.15,历史验收,前次核验留存,TRAIN_DONE_LOCAL_TMP_JOB3044208,6location_7model_3datas_top_3_5_layers_outcome.md:1797,
mmke-visual,qwen2.5-vl-3b,7,main,49,0.474863,0.731563,293,52.59,52.39,52.38,100.0,94.97,70.47,历史验收,前次核验留存,TRAIN_DONE_LOCAL_TMP_JOB3044208,6location_7model_3datas_top_3_5_layers_outcome.md:1798,
mmke-visual,qwen2.5-vl-3b,8,main,47,0.389735,0.593588,293,52.58,52.64,52.33,100.0,96.67,70.84,历史验收,前次核验留存,TRAIN_DONE_LOCAL_TMP_JOB3044208,6location_7model_3datas_top_3_5_layers_outcome.md:1799,
mmke-visual,qwen2.5-vl-3b,9,main,50,0.394751,0.598401,293,51.68,51.27,51.61,100.0,92.83,69.48,历史验收,前次核验留存,TRAIN_DONE_LOCAL_TMP_JOB3044208,6location_7model_3datas_top_3_5_layers_outcome.md:1800,
mmke-visual,qwen2.5-vl-3b,10,main,47,0.3327328562736511,0.5335394366019468,293,53.239999999999995,53.23,53.6,100.0,95.16,71.046,50轮已核验,本次服务器复核,TRAIN_DONE_EVAL_DONE,/datapool/home/ph_teacher3/Lwy/zhounan/Visedit2/server_results/tukey_top3_tail_job3443209_20260926/accepted/mmke-visual/qwen2.5-vl-3b/layer_10,
mmke-visual,qwen2.5-vl-3b,11,main,48,0.53929,0.56136,293,53.34,53.13,53.01,100.0,95.51,71.0,历史验收,前次核验留存,TRAIN_DONE_LOCAL_TMP_JOB3044208,6location_7model_3datas_top_3_5_layers_outcome.md:1801,
mmke-visual,qwen2.5-vl-3b,12,main,47,0.458533,0.499579,293,52.61,52.22,52.87,100.0,97.3,71.0,历史验收,前次核验留存,TRAIN_DONE_LOCAL_TMP_JOB3044208,6location_7model_3datas_top_3_5_layers_outcome.md:1802,
mmke-visual,qwen2.5-vl-3b,13,main,48,0.461817,0.418149,293,51.51,51.34,52.22,100.0,96.89,70.39,历史验收,前次核验留存,TRAIN_DONE_LOCAL_TMP_JOB3044208,6location_7model_3datas_top_3_5_layers_outcome.md:1803,
mmke-visual,qwen2.5-vl-3b,14,main,43,0.517781,0.504366,293,52.1,51.9,51.96,100.0,93.12,69.82,历史验收,前次核验留存,TRAIN_DONE_LOCAL_TMP_JOB3044208,6location_7model_3datas_top_3_5_layers_outcome.md:1804,
mmke-visual,qwen2.5-vl-3b,16,main,49,0.419709,0.486438,293,51.8,51.51,51.76,100.0,93.99,69.81,历史验收,前次核验留存,TRAIN_DONE_LOCAL_TMP_JOB3044208,6location_7model_3datas_top_3_5_layers_outcome.md:1805,
mmke-visual,qwen2.5-vl-3b,17,main,49,0.335644,0.397961,293,51.16,51.1,51.51,100.0,94.25,69.6,历史验收,前次核验留存,TRAIN_DONE_EXISTING_CKPT_EVAL_LOCAL_TMP_JOB3044208,6location_7model_3datas_top_3_5_layers_outcome.md:1806,
mmke-visual,qwen2.5-vl-3b,18,main,46,0.441055,0.438478,293,52.69,52.25,52.48,100.0,95.82,70.65,历史验收,前次核验留存,TRAIN_DONE_LOCAL_TMP_JOB3044208,6location_7model_3datas_top_3_5_layers_outcome.md:1807,
mmke-visual,qwen2.5-vl-3b,19,main,50,0.359075,0.417327,293,51.61,51.09,51.45,100.0,95.52,69.93,历史验收,前次核验留存,TRAIN_DONE_LOCAL_TMP_JOB3044208,6location_7model_3datas_top_3_5_layers_outcome.md:1808,
mmke-visual,qwen2.5-vl-3b,20,main,45,0.245531,0.482954,293,51.94,51.65,51.86,100.0,96.56,70.4,历史验收,前次核验留存,TRAIN_DONE_LOCAL_TMP_JOB3044208,6location_7model_3datas_top_3_5_layers_outcome.md:1809,
mmke-visual,qwen2.5-vl-3b,22,main,50,0.55095,0.494701,293,51.81,51.3,51.86,100.0,96.73,70.34,历史验收,前次核验留存,TRAIN_DONE_LOCAL_TMP_JOB3044208,6location_7model_3datas_top_3_5_layers_outcome.md:1810,
mmke-visual,qwen2.5-vl-3b,26,main,43,0.537117,0.583348,293,49.13,48.83,48.95,100.0,94.4,68.26,历史验收,前次核验留存,TRAIN_DONE_LOCAL_TMP_JOB3044208,6location_7model_3datas_top_3_5_layers_outcome.md:1811,
mmke-visual,qwen2.5-vl-3b,27,main,48,0.393821,0.756435,293,48.99,48.98,48.75,100.0,93.87,68.12,历史验收,前次核验留存,TRAIN_DONE_LOCAL_TMP_JOB3044208,6location_7model_3datas_top_3_5_layers_outcome.md:1812,
mmke-visual,qwen2.5-vl-3b,28,main,43,0.595793,1.006616,293,49.89,49.35,49.9,100.0,92.6,68.35,历史验收,前次核验留存,TRAIN_DONE_LOCAL_TMP_JOB3044208,6location_7model_3datas_top_3_5_layers_outcome.md:1813,
mmke-visual,qwen2.5-vl-3b,30,main,48,1.174112,1.430872,293,47.65,47.29,47.56,100.0,92.74,67.05,历史验收,前次核验留存,TRAIN_DONE_LOCAL_TMP_JOB3044208,6location_7model_3datas_top_3_5_layers_outcome.md:1814,
mmke-visual,paligemma-3b,0,main,1,3465.71875,3508.0074055025543,293,0.1,0.08,0.09,100.0,92.33,38.519999999999996,恢复/诊断评测,本次服务器复核,RECOVERED_EVAL_DONE,/datapool/home/ph_teacher3/Lwy/zhounan/Visedit2/server_results/paligemma_l0_nonconvergent_eval_20260921/mmke-visual_main_l0_lr1e4/layer_00,
mmke-visual,paligemma-3b,1,main,9,28.518827438354492,30.78737666980529,293,0.09,0.08,0.1,100.0,97.95,39.644,50轮已核验,本次服务器复核,TRAIN_DONE_EVAL_DONE,/datapool/home/ph_teacher3/Lwy/zhounan/Visedit2/server_results/mmke_visual_top3_union_train_eval_7models_20260613_014644/paligemma-3b/layer_01,
mmke-visual,paligemma-3b,2,main,3,2.979825019836426,1.6825281230776967,293,94.67999999999999,94.88,94.39999999999999,100.0,17.23,80.238,50轮已核验,本次服务器复核,TRAIN_DONE_EVAL_DONE,/datapool/home/ph_teacher3/Lwy/zhounan/Visedit2/server_results/mmke_visual_top3_union_train_eval_7models_20260613_014644/paligemma-3b/layer_02,
mmke-visual,paligemma-3b,3,main,7,21.3782901763916,22.591007818805966,293,16.41,16.53,16.689999999999998,100.0,3.0700000000000003,30.54,恢复/诊断评测,本次服务器复核,RECOVERED_EVAL_DONE,/datapool/home/ph_teacher3/Lwy/zhounan/Visedit2/server_results/paligemma_visual_main_nonconvergent_eval_20260926/layer_03,
mmke-visual,paligemma-3b,4,main,39,0.3326064646244049,0.3302342109873365,293,99.22999999999999,99.22,98.68,100.0,98.0,99.026,50轮已核验,本次服务器复核,TRAIN_DONE_EVAL_DONE,/datapool/home/ph_teacher3/Lwy/zhounan/Visedit2/server_results/formal_top3_live_20260810/job3117562/mmke-visual/paligemma-3b/layer_04,
mmke-visual,paligemma-3b,5,main,1,8.847748756408691,9.046796045147687,293,55.510000000000005,55.67999999999999,56.14,100.0,45.39,62.544,恢复/诊断评测,本次服务器复核,RECOVERED_EVAL_DONE,/datapool/home/ph_teacher3/Lwy/zhounan/Visedit2/server_results/paligemma_visual_main_nonconvergent_eval_20260926/layer_05,
mmke-visual,paligemma-3b,6,main,2,0.8412184715270996,1.2319703083292886,293,95.38,95.42,95.30999999999999,100.0,91.33,95.488,50轮已核验,本次服务器复核,TRAIN_DONE_EVAL_DONE,/datapool/home/ph_teacher3/Lwy/zhounan/Visedit2/server_results/mmke_visual_top3_union_train_eval_7models_20260613_014644/paligemma-3b/layer_06,
mmke-visual,paligemma-3b,7,main,2,1.6153326034545898,1.543866485194477,293,94.78999999999999,94.81,94.75,100.0,82.69999999999999,93.41,50轮已核验,本次服务器复核,TRAIN_DONE_EVAL_DONE,/datapool/home/ph_teacher3/Lwy/zhounan/Visedit2/server_results/mmke_visual_top3_union_train_eval_7models_20260613_014644/paligemma-3b/layer_07,
mmke-visual,paligemma-3b,8,main,2,3.971717357635498,2.536565507901971,293,95.13000000000001,95.16,95.19,100.0,70.96000000000001,91.28800000000001,50轮已核验,本次服务器复核,TRAIN_DONE_EVAL_DONE,/datapool/home/ph_teacher3/Lwy/zhounan/Visedit2/server_results/mmke_visual_top3_union_train_eval_7models_20260613_014644/paligemma-3b/layer_08,
mmke-visual,paligemma-3b,9,main,6,0.4446341097354889,0.5172133652505655,293,98.79,98.83,98.69,100.0,94.16,98.09400000000001,50轮已核验,本次服务器复核,TRAIN_DONE_EVAL_DONE,/datapool/home/ph_teacher3/Lwy/zhounan/Visedit2/server_results/mmke_visual_top3_union_train_eval_7models_20260613_014644/paligemma-3b/layer_09,
mmke-visual,paligemma-3b,10,main,24,0.3430955410003662,0.34875993533165855,293,98.97,98.98,98.91,100.0,98.42,99.05600000000001,50轮已核验,本次服务器复核,TRAIN_DONE_EVAL_DONE,/datapool/home/ph_teacher3/Lwy/zhounan/Visedit2/server_results/mmke_visual_top3_union_train_eval_7models_20260613_014644/paligemma-3b/layer_10,
mmke-visual,paligemma-3b,11,main,7,0.5798037052154541,0.7376780595962552,293,96.1,96.05,95.71,100.0,97.49,97.07,50轮已核验,本次服务器复核,TRAIN_DONE_EVAL_DONE,/datapool/home/ph_teacher3/Lwy/zhounan/Visedit2/server_results/mmke_visual_top3_union_train_eval_7models_20260613_014644/paligemma-3b/layer_11,
mmke-visual,paligemma-3b,12,main,50,0.2907164394855499,0.40105839688094463,293,95.53,95.58,95.55,100.0,97.74000000000001,96.88000000000001,50轮已核验,本次服务器复核,TRAIN_DONE_EVAL_DONE,/datapool/home/ph_teacher3/Lwy/zhounan/Visedit2/server_results/mmke_visual_top3_union_train_eval_7models_20260613_014644/paligemma-3b/layer_12,
mmke-visual,paligemma-3b,13,main,19,18.99053955078125,18.64438991534957,293,0.25,0.25,0.27999999999999997,100.0,99.42999999999999,40.041999999999994,50轮已核验,本次服务器复核,TRAIN_DONE_EVAL_DONE,/datapool/home/ph_teacher3/Lwy/zhounan/Visedit2/server_results/mmke_visual_top3_union_train_eval_7models_20260613_014644/paligemma-3b/layer_13,
mmke-visual,paligemma-3b,14,main,1,17.45948028564453,-351.95396094009914,293,0.8999999999999999,1.01,0.88,100.0,92.34,39.025999999999996,50轮已核验,本次服务器复核,TRAIN_DONE_EVAL_DONE,/datapool/home/ph_teacher3/Lwy/zhounan/Visedit2/server_results/mmke_visual_top3_union_train_eval_7models_20260613_014644/paligemma-3b/layer_14,
mmke-visual,paligemma-3b,17,main,6,30.490068435668945,30.83103744766747,293,0.08,0.08,0.09,100.0,100.0,40.05,50轮已核验,本次服务器复核,TRAIN_DONE_EVAL_DONE,/datapool/home/ph_teacher3/Lwy/zhounan/Visedit2/server_results/mmke_visual_top3_union_train_eval_7models_20260613_014644/paligemma-3b/layer_17,
mmke-visual,paligemma-3b,0,stable,25,3402.662841796875,3454.8156604339,293,0.09,0.09,0.1,100.0,76.92999999999999,35.44199999999999,恢复/诊断评测,本次服务器复核,RECOVERED_EVAL_DONE,/datapool/home/ph_teacher3/Lwy/zhounan/Visedit2/server_results/paligemma_l0_nonconvergent_eval_20260921/mmke-visual_stable_l0_lr1e6/layer_00,
mmke-visual,paligemma-3b,1,stable,49,0.33415961265563965,0.35557403197265486,293,97.76,97.7,96.65,100.0,98.39,98.1,50轮已核验,本次服务器复核,TRAIN_DONE_EVAL_DONE,/datapool/home/ph_teacher3/Lwy/zhounan/Visedit2/server_results/paligemma_stable_mmke_visual_pending8_job3044208_20260713_204917/paligemma-3b/layer_01,
mmke-visual,paligemma-3b,2,stable,44,0.34672775864601135,0.15463391486742467,293,99.33999999999999,99.35000000000001,97.65,100.0,96.0,98.468,50轮已核验,本次服务器复核,TRAIN_DONE_EVAL_DONE,/datapool/home/ph_teacher3/Lwy/zhounan/Visedit2/server_results/paligemma_stable_mmke_visual_pending8_job3044208_20260713_204917/paligemma-3b/layer_02,选点非现存history最低EMA
mmke-visual,paligemma-3b,3,stable,46,0.342673122882843,0.34743319998187044,293,97.33000000000001,97.26,96.67999999999999,100.0,98.22999999999999,97.9,50轮已核验,本次服务器复核,TRAIN_DONE_EVAL_DONE,/datapool/home/ph_teacher3/Lwy/zhounan/Visedit2/server_results/paligemma_stable_mmke_visual_pending8_job3044208_20260713_204917/paligemma-3b/layer_03,
mmke-visual,paligemma-3b,5,stable,45,0.3517015278339386,0.34772586685240814,293,98.91,98.89,97.91,100.0,97.2,98.58200000000001,50轮已核验,本次服务器复核,TRAIN_DONE_EVAL_DONE,/datapool/home/ph_teacher3/Lwy/zhounan/Visedit2/server_results/paligemma_stable_mmke_visual_pending8_job3044208_20260713_204917/paligemma-3b/layer_05,
mmke-visual,paligemma-3b,6,stable,47,0.3341601490974426,0.3480061136579725,293,97.49,97.56,96.67,100.0,98.11999999999999,97.968,50轮已核验,本次服务器复核,TRAIN_DONE_EVAL_DONE,/datapool/home/ph_teacher3/Lwy/zhounan/Visedit2/server_results/paligemma_stable_mmke_visual_pending8_job3044208_20260713_204917/paligemma-3b/layer_06,
mmke-visual,paligemma-3b,7,stable,49,0.35404321551322937,0.35287908393770795,293,98.54,98.45,98.17,100.0,96.84,98.4,50轮已核验,本次服务器复核,TRAIN_DONE_EVAL_DONE,/datapool/home/ph_teacher3/Lwy/zhounan/Visedit2/server_results/paligemma_stable_mmke_visual_pending8_job3044208_20260713_204917/paligemma-3b/layer_07,
mmke-visual,paligemma-3b,8,stable,13,0.4983053207397461,0.5874100363908694,293,96.89999999999999,96.93,96.43,100.0,94.33,96.91799999999999,恢复/诊断评测,本次服务器复核,RECOVERED_EVAL_DONE,/datapool/home/ph_teacher3/Lwy/zhounan/Visedit2/server_results/paligemma_stable_mmke_visual_top3_union_20260713_1120/paligemma-3b/layer_08,
mmke-visual,paligemma-3b,9,stable,50,0.3512730598449707,0.35891253918213134,293,98.5,98.47,98.22999999999999,100.0,96.39,98.318,50轮已核验,本次服务器复核,TRAIN_DONE_EVAL_DONE,/datapool/home/ph_teacher3/Lwy/zhounan/Visedit2/server_results/paligemma_stable_mmke_visual_top3_union_20260713_1120/paligemma-3b/layer_09,
mmke-visual,paligemma-3b,10,stable,47,0.34389743208885193,0.35452653626493463,293,98.42999999999999,98.42,98.49,100.0,97.24000000000001,98.51599999999999,50轮已核验,本次服务器复核,TRAIN_DONE_EVAL_DONE,/datapool/home/ph_teacher3/Lwy/zhounan/Visedit2/server_results/paligemma_stable_mmke_visual_top3_union_20260713_1120/paligemma-3b/layer_10,
mmke-visual,paligemma-3b,11,stable,50,0.4046923518180847,0.473600379226333,293,96.34,96.21,96.33,100.0,96.85000000000001,97.146,50轮已核验,本次服务器复核,TRAIN_DONE_EVAL_DONE,/datapool/home/ph_teacher3/Lwy/zhounan/Visedit2/server_results/paligemma_stable_mmke_visual_top3_union_20260713_1120/paligemma-3b/layer_11,
mmke-visual,paligemma-3b,12,stable,33,0.7850291132926941,0.3813738702127178,293,94.82000000000001,94.82000000000001,94.73,100.0,94.93,95.86,50轮已核验,本次服务器复核,TRAIN_DONE_EVAL_DONE,/datapool/home/ph_teacher3/Lwy/zhounan/Visedit2/server_results/paligemma_stable_mmke_visual_top3_union_20260713_1120/paligemma-3b/layer_12,
mmke-visual,paligemma-3b,13,stable,48,1.3579164743423462,1.4559673877169188,293,87.33999999999999,87.26,87.56,100.0,95.49,91.53,50轮已核验,本次服务器复核,TRAIN_DONE_EVAL_DONE,/datapool/home/ph_teacher3/Lwy/zhounan/Visedit2/server_results/paligemma_stable_mmke_visual_pending8_job3044208_20260713_204917/paligemma-3b/layer_13,选点非现存history最低EMA
mmke-visual,paligemma-3b,14,stable,50,10.762310981750488,11.484159545419043,293,32.64,32.85,32.57,100.0,96.28,58.86800000000001,50轮已核验,本次服务器复核,TRAIN_DONE_EVAL_DONE,/datapool/home/ph_teacher3/Lwy/zhounan/Visedit2/server_results/paligemma_stable_mmke_visual_top3_union_20260713_1120/paligemma-3b/layer_14,
mmke-visual,paligemma-3b,17,stable,6,30.51978874206543,30.862625106101333,293,0.08,0.08,0.09,100.0,100.0,40.05,50轮已核验,本次服务器复核,TRAIN_DONE_EVAL_DONE,/datapool/home/ph_teacher3/Lwy/zhounan/Visedit2/server_results/paligemma_stable_mmke_visual_top3_union_20260713_1120/paligemma-3b/layer_17,
mmke-visual,smolvlm-1.7b,0,main,41,0.450055,0.435366,293,54.33,54.21,54.12,100.0,94.16,71.36,历史验收,前次核验留存,TRAIN_DONE_LOCAL_TMP_JOB3044208,6location_7model_3datas_top_3_5_layers_outcome.md:1847,
mmke-visual,smolvlm-1.7b,1,main,50,0.362595,0.523996,293,52.51,52.19,52.52,100.0,93.68,70.18,历史验收,前次核验留存,TRAIN_DONE_LOCAL_TMP_JOB3044208,6location_7model_3datas_top_3_5_layers_outcome.md:1848,
mmke-visual,smolvlm-1.7b,2,main,46,0.36743274331092834,0.4114225463580293,293,52.959999999999994,52.769999999999996,53.14,100.0,93.74,70.522,50轮已核验,本次服务器复核,TRAIN_DONE_EVAL_DONE,/datapool/home/ph_teacher3/Lwy/zhounan/Visedit2/server_results/tmp_archives_20260810/g09/mabscos_top3_completion_job3126082_20260801/mmke-visual/smolvlm-1.7b/layer_02,
mmke-visual,smolvlm-1.7b,4,main,44,0.394254,0.523291,293,52.73,52.96,52.59,100.0,94.39,70.53,历史验收,前次核验留存,TRAIN_DONE_LOCAL_TMP_JOB3044208,6location_7model_3datas_top_3_5_layers_outcome.md:1850,
mmke-visual,smolvlm-1.7b,5,main,49,0.5322081446647644,0.44830295089968486,293,52.16,52.31,52.52,100.0,94.62,70.322,50轮已核验,本次服务器复核,TRAIN_DONE_EVAL_DONE,/datapool/home/ph_teacher3/Lwy/zhounan/Visedit2/server_results/cma_modelpred_top3_missing3_adapter_backfill_20260913_job3178423/mmke-visual/smolvlm-1.7b/layer_05,
mmke-visual,smolvlm-1.7b,6,main,44,0.388501,0.489452,293,51.88,51.72,52.37,100.0,93.44,69.88,历史验收,前次核验留存,TRAIN_DONE_LOCAL_TMP_JOB3044208,6location_7model_3datas_top_3_5_layers_outcome.md:1852,
mmke-visual,smolvlm-1.7b,7,main,47,1.079098,0.47963,293,53.44,53.3,53.54,100.0,93.58,70.77,历史验收,前次核验留存,TRAIN_DONE_LOCAL_TMP_JOB3044208,6location_7model_3datas_top_3_5_layers_outcome.md:1853,
mmke-visual,smolvlm-1.7b,8,main,50,0.445105,0.519847,293,51.72,51.44,51.8,100.0,93.35,69.66,历史验收,前次核验留存,TRAIN_DONE_LOCAL_TMP_JOB3044208,6location_7model_3datas_top_3_5_layers_outcome.md:1854,
mmke-visual,smolvlm-1.7b,9,main,50,0.425834,0.489161,293,51.15,50.99,51.22,100.0,93.88,69.45,历史验收,前次核验留存,TRAIN_DONE_LOCAL_TMP_JOB3044208,6location_7model_3datas_top_3_5_layers_outcome.md:1855,
mmke-visual,smolvlm-1.7b,10,main,50,0.374906,0.415141,293,51.35,51.25,51.26,100.0,92.85,69.34,历史验收,前次核验留存,TRAIN_DONE_LOCAL_TMP_JOB3044208,6location_7model_3datas_top_3_5_layers_outcome.md:1856,
mmke-visual,smolvlm-1.7b,11,main,42,0.577633,0.520159,293,51.49,51.39,51.34,100.0,93.86,69.62,历史验收,前次核验留存,TRAIN_DONE_LOCAL_TMP_JOB3044208,6location_7model_3datas_top_3_5_layers_outcome.md:1857,
mmke-visual,smolvlm-1.7b,12,main,50,0.359039306640625,0.4774440017963343,293,50.019999999999996,49.730000000000004,49.95,100.0,92.88,68.51599999999999,50轮已核验,本次服务器复核,TRAIN_DONE_EVAL_DONE,/datapool/home/ph_teacher3/Lwy/zhounan/Visedit2/server_results/mmke_visual_top3_union_train_eval_7models_20260613_014644/smolvlm-1.7b/layer_12,
mmke-visual,smolvlm-1.7b,13,main,50,0.32481449842453003,0.4076153692226051,293,52.18000000000001,51.9,51.81,100.0,93.27,69.83200000000001,50轮已核验,本次服务器复核,TRAIN_DONE_EVAL_DONE,/datapool/home/ph_teacher3/Lwy/zhounan/Visedit2/server_results/mmke_visual_top3_union_train_eval_7models_20260613_014644/smolvlm-1.7b/layer_13,
mmke-visual,smolvlm-1.7b,14,main,40,0.5210790634155273,0.5372256456363158,293,49.68,49.32,49.61,100.0,94.6,68.64200000000001,50轮已核验,本次服务器复核,TRAIN_DONE_EVAL_DONE,/datapool/home/ph_teacher3/Lwy/zhounan/Visedit2/server_results/mmke_visual_top3_union_train_eval_7models_20260613_014644/smolvlm-1.7b/layer_14,
mmke-visual,smolvlm-1.7b,15,main,47,0.5433546900749207,0.5448500616084084,293,49.66,49.27,49.84,100.0,93.64,68.482,50轮已核验,本次服务器复核,TRAIN_DONE_EVAL_DONE,/datapool/home/ph_teacher3/Lwy/zhounan/Visedit2/server_results/mmke_visual_top3_union_train_eval_7models_20260613_014644/smolvlm-1.7b/layer_15,
mmke-visual,smolvlm-1.7b,16,main,48,0.5536167621612549,0.5955227994560807,293,47.77,47.4,47.339999999999996,100.0,93.43,67.188,50轮已核验,本次服务器复核,TRAIN_DONE_EVAL_DONE,/datapool/home/ph_teacher3/Lwy/zhounan/Visedit2/server_results/mmke_visual_top3_union_train_eval_7models_20260613_014644/smolvlm-1.7b/layer_16,
mmke-visual,smolvlm-1.7b,17,main,48,0.7495135068893433,0.6544395467429943,293,47.839999999999996,47.699999999999996,48.11,100.0,92.58,67.246,50轮已核验,本次服务器复核,TRAIN_DONE_EVAL_DONE,/datapool/home/ph_teacher3/Lwy/zhounan/Visedit2/server_results/mmke_visual_top3_union_train_eval_7models_20260613_014644/smolvlm-1.7b/layer_17,
mmke-visual,smolvlm-1.7b,18,main,50,1.323157,1.739675,293,50.04,49.6,49.99,100.0,89.84,67.89,历史验收,前次核验留存,TRAIN_DONE_LOCAL_TMP_JOB3044208,6location_7model_3datas_top_3_5_layers_outcome.md:1864,
mmke-visual,smolvlm-1.7b,19,main,49,2.5739946365356445,2.8263474467377248,293,48.91,48.480000000000004,48.83,100.0,90.48,67.34,50轮已核验,本次服务器复核,TRAIN_DONE_EVAL_DONE,/datapool/home/ph_teacher3/Lwy/zhounan/Visedit2/server_results/mmke_visual_top3_union_train_eval_7models_20260613_014644/smolvlm-1.7b/layer_19,
mmke-visual,smolvlm-1.7b,20,main,49,6.606372356414795,4.496605030276918,293,48.57,48.32,48.730000000000004,100.0,91.4,67.404,50轮已核验,本次服务器复核,TRAIN_DONE_EVAL_DONE,/datapool/home/ph_teacher3/Lwy/zhounan/Visedit2/server_results/mmke_visual_top3_union_train_eval_7models_20260613_014644/smolvlm-1.7b/layer_20,
mmke-visual,smolvlm-1.7b,21,main,42,2.808244466781616,3.8578336124046633,293,49.34,49.05,49.220000000000006,100.0,88.17,67.156,50轮已核验,本次服务器复核,TRAIN_DONE_EVAL_DONE,/datapool/home/ph_teacher3/Lwy/zhounan/Visedit2/server_results/mmke_visual_top3_union_train_eval_7models_20260613_014644/smolvlm-1.7b/layer_21,
mmke-entity,blip2-opt-2.7b,0,main,24,5.307720184326172,6.1242322191733995,954,57.709999999999994,57.63,57.620000000000005,100.0,56.32,65.85600000000001,50轮已核验,本次服务器复核,TRAIN_DONE_EVAL_DONE,/datapool/home/ph_teacher3/Lwy/zhounan/Visedit2/server_results/mmke_entity_top3_union_train_eval_7models_20260616_155000/blip2-opt-2.7b/layer_00,
mmke-entity,blip2-opt-2.7b,1,main,11,5.893988132476807,5.9904003300769855,954,57.940000000000005,57.91,57.96,100.0,88.71,72.50399999999999,50轮已核验,本次服务器复核,TRAIN_DONE_EVAL_DONE,/datapool/home/ph_teacher3/Lwy/zhounan/Visedit2/server_results/tmp_archives_20260810/g09/mabscos_top3_completion_job3126082_20260801/mmke-entity/blip2-opt-2.7b/layer_01,
mmke-entity,blip2-opt-2.7b,2,main,3,6.995899200439453,6.229083208409184,954,57.809999999999995,57.830000000000005,57.85,100.0,83.12,71.322,50轮已核验,本次服务器复核,TRAIN_DONE_EVAL_DONE,/datapool/home/ph_teacher3/Lwy/zhounan/Visedit2/server_results/mmke_entity_top3_union_train_eval_7models_20260616_155000/blip2-opt-2.7b/layer_02,
mmke-entity,blip2-opt-2.7b,3,main,50,2.8275866508483887,3.004136711528394,954,53.510000000000005,53.53,53.6,100.0,94.42,71.012,50轮已核验,本次服务器复核,TRAIN_DONE_EVAL_DONE,/datapool/home/ph_teacher3/Lwy/zhounan/Visedit2/server_results/mmke_entity_top3_union_train_eval_7models_20260616_155000/blip2-opt-2.7b/layer_03,
mmke-entity,blip2-opt-2.7b,4,main,3,5.593517780303955,6.027703046186493,954,57.63,57.63,57.63,100.0,88.32,72.24199999999999,50轮已核验,本次服务器复核,TRAIN_DONE_EVAL_DONE,/datapool/home/ph_teacher3/Lwy/zhounan/Visedit2/server_results/mmke_entity_top3_union_train_eval_7models_20260616_155000/blip2-opt-2.7b/layer_04,
mmke-entity,blip2-opt-2.7b,13,main,50,0.5396177768707275,0.7362364665650719,954,50.51,50.41,50.56,100.0,98.09,69.914,50轮已核验,本次服务器复核,TRAIN_DONE_EVAL_DONE,/datapool/home/ph_teacher3/Lwy/zhounan/Visedit2/server_results/mmke_entity_top3_union_train_eval_7models_20260616_155000/blip2-opt-2.7b/layer_13,
mmke-entity,blip2-opt-2.7b,14,main,49,0.5809789896011353,0.7322107759252747,954,50.78,50.81,50.7,100.0,98.03,70.06400000000001,50轮已核验,本次服务器复核,TRAIN_DONE_EVAL_DONE,/datapool/home/ph_teacher3/Lwy/zhounan/Visedit2/server_results/mmke_entity_top3_union_train_eval_7models_20260616_155000/blip2-opt-2.7b/layer_14,
mmke-entity,blip2-opt-2.7b,15,main,47,0.5894220471382141,0.9325627528085654,954,51.17,51.22,51.13999999999999,100.0,95.41,69.788,50轮已核验,本次服务器复核,TRAIN_DONE_EVAL_DONE,/datapool/home/ph_teacher3/Lwy/zhounan/Visedit2/server_results/mmke_entity_top3_union_train_eval_7models_20260616_155000/blip2-opt-2.7b/layer_15,
mmke-entity,blip2-opt-2.7b,16,main,50,0.516484260559082,0.5274841967463125,954,51.01,50.980000000000004,50.99,100.0,94.25,69.446,50轮已核验,本次服务器复核,TRAIN_DONE_EVAL_DONE,/datapool/home/ph_teacher3/Lwy/zhounan/Visedit2/server_results/mmke_entity_top3_union_train_eval_7models_20260616_155000/blip2-opt-2.7b/layer_16,
mmke-entity,blip2-opt-2.7b,17,main,48,0.7107015252113342,0.651066018666857,954,51.24999999999999,51.31,51.27,100.0,97.48,70.262,50轮已核验,本次服务器复核,TRAIN_DONE_EVAL_DONE,/datapool/home/ph_teacher3/Lwy/zhounan/Visedit2/server_results/mmke_entity_top3_union_train_eval_7models_20260616_155000/blip2-opt-2.7b/layer_17,
mmke-entity,blip2-opt-2.7b,18,main,50,0.4019663631916046,0.5970546501011351,954,50.970000000000006,51.01,50.96000000000001,100.0,97.64,70.116,50轮已核验,本次服务器复核,TRAIN_DONE_EVAL_DONE,/datapool/home/ph_teacher3/Lwy/zhounan/Visedit2/server_results/mmke_entity_top3_union_train_eval_7models_20260616_155000/blip2-opt-2.7b/layer_18,
mmke-entity,blip2-opt-2.7b,19,main,49,0.5576891303062439,0.554306988326529,954,51.6,51.480000000000004,51.6,100.0,97.25,70.386,50轮已核验,本次服务器复核,TRAIN_DONE_EVAL_DONE,/datapool/home/ph_teacher3/Lwy/zhounan/Visedit2/server_results/mmke_entity_top3_union_train_eval_7models_20260616_155000/blip2-opt-2.7b/layer_19,
mmke-entity,blip2-opt-2.7b,20,main,49,0.6077640056610107,0.6268400627504072,954,51.61,51.53,51.66,100.0,98.37,70.634,50轮已核验,本次服务器复核,TRAIN_DONE_EVAL_DONE,/datapool/home/ph_teacher3/Lwy/zhounan/Visedit2/server_results/mmke_entity_top3_union_train_eval_7models_20260616_155000/blip2-opt-2.7b/layer_20,
mmke-entity,blip2-opt-2.7b,21,main,50,0.6115071773529053,0.9473102201564764,954,51.03,51.019999999999996,50.93,100.0,95.54,69.704,50轮已核验,本次服务器复核,TRAIN_DONE_EVAL_DONE,/datapool/home/ph_teacher3/Lwy/zhounan/Visedit2/server_results/mmke_entity_top3_union_train_eval_7models_20260616_155000/blip2-opt-2.7b/layer_21,
mmke-entity,blip2-opt-2.7b,22,main,47,0.4766640365123749,0.6347113384920726,954,51.910000000000004,51.959999999999994,51.870000000000005,100.0,97.00999999999999,70.55,50轮已核验,本次服务器复核,TRAIN_DONE_EVAL_DONE,/datapool/home/ph_teacher3/Lwy/zhounan/Visedit2/server_results/mmke_entity_top3_union_train_eval_7models_20260616_155000/blip2-opt-2.7b/layer_22,
mmke-entity,blip2-opt-2.7b,23,main,49,0.8891295194625854,1.210585170826972,954,51.970000000000006,52.04,51.99,100.0,97.11999999999999,70.624,50轮已核验,本次服务器复核,TRAIN_DONE_EVAL_DONE,/datapool/home/ph_teacher3/Lwy/zhounan/Visedit2/server_results/mmke_entity_top3_union_train_eval_7models_20260616_155000/blip2-opt-2.7b/layer_23,
mmke-entity,blip2-opt-2.7b,24,main,47,1.9783430099487305,1.6523204392542465,954,52.18000000000001,52.33,52.03,100.0,97.45,70.798,50轮已核验,本次服务器复核,TRAIN_DONE_EVAL_DONE,/datapool/home/ph_teacher3/Lwy/zhounan/Visedit2/server_results/mmke_entity_top3_union_train_eval_7models_20260616_155000/blip2-opt-2.7b/layer_24,
mmke-entity,blip2-opt-2.7b,25,main,50,1.2575738430023193,1.250348754051498,954,52.23,52.300000000000004,52.300000000000004,100.0,96.99,70.76400000000001,50轮已核验,本次服务器复核,TRAIN_DONE_EVAL_DONE,/datapool/home/ph_teacher3/Lwy/zhounan/Visedit2/server_results/mmke_entity_top3_union_train_eval_7models_20260616_155000/blip2-opt-2.7b/layer_25,
mmke-entity,blip2-opt-2.7b,26,main,46,1.1230063438415527,1.4446812583293798,954,51.81,51.77,51.78,100.0,94.19999999999999,69.912,50轮已核验,本次服务器复核,TRAIN_DONE_EVAL_DONE,/datapool/home/ph_teacher3/Lwy/zhounan/Visedit2/server_results/mmke_entity_top3_union_train_eval_7models_20260616_155000/blip2-opt-2.7b/layer_26,
mmke-entity,blip2-opt-2.7b,29,main,48,3.5414047241210938,3.073245712377106,954,52.75,52.769999999999996,52.669999999999995,100.0,96.39999999999999,70.91799999999999,50轮已核验,本次服务器复核,TRAIN_DONE_EVAL_DONE,/datapool/home/ph_teacher3/Lwy/zhounan/Visedit2/server_results/mmke_entity_top3_union_train_eval_7models_20260616_155000/blip2-opt-2.7b/layer_29,
mmke-entity,blip2-opt-2.7b,30,main,50,4.810149192810059,5.183463073185617,954,52.61,52.52,52.64,100.0,97.95,71.14399999999999,50轮已核验,本次服务器复核,TRAIN_DONE_EVAL_DONE,/datapool/home/ph_teacher3/Lwy/zhounan/Visedit2/server_results/mmke_entity_top3_union_train_eval_7models_20260616_155000/blip2-opt-2.7b/layer_30,
mmke-entity,instructblip-vicuna-7b,0,main,45,0.791271,0.933128,954,48.7,48.77,48.74,100.0,95.38,68.32,历史验收,前次核验留存,TRAIN_DONE_LOCAL_TMP_JOB3044841,6location_7model_3datas_top_3_5_layers_outcome.md:1896,
mmke-entity,instructblip-vicuna-7b,1,main,43,0.994486,1.514755,954,48.72,48.85,48.71,100.0,99.61,69.18,历史验收,前次核验留存,TRAIN_DONE_RESUMED_EPOCH45_CPU_SYNC_ACTIVATION_CKPT_JOB3044841,6location_7model_3datas_top_3_5_layers_outcome.md:1897,
mmke-entity,instructblip-vicuna-7b,2,main,49,10.09928035736084,9.843735572221401,954,16.71,16.24,16.61,100.0,99.38,49.788,50轮已核验,本次服务器复核,TRAIN_DONE_EVAL_DONE,/datapool/home/ph_teacher3/Lwy/zhounan/Visedit2/server_results/mmke_entity_top3_union_train_eval_7models_20260616_155000/instructblip-vicuna-7b/layer_02,
mmke-entity,instructblip-vicuna-7b,3,main,47,8.834968,9.652104,954,17.12,16.72,17.08,100.0,99.19,50.02,历史验收,前次核验留存,TRAIN_DONE_LOCAL_TMP_JOB3044841,6location_7model_3datas_top_3_5_layers_outcome.md:1899,
mmke-entity,instructblip-vicuna-7b,4,main,50,13.571908,11.388381,954,15.15,14.54,15.05,100.0,99.72,48.89,历史验收,前次核验留存,TRAIN_DONE_LOCAL_TMP_JOB3044841,6location_7model_3datas_top_3_5_layers_outcome.md:1900,
mmke-entity,instructblip-vicuna-7b,5,main,49,12.275386,11.474885,954,13.91,13.44,13.84,100.0,99.82,48.2,历史验收,前次核验留存,TRAIN_DONE_LOCAL_TMP_JOB3044841,6location_7model_3datas_top_3_5_layers_outcome.md:1901,
mmke-entity,instructblip-vicuna-7b,14,main,48,10.428762435913086,10.631304013905167,954,14.62,14.469999999999999,14.57,100.0,99.53,48.638,50轮已核验,本次服务器复核,TRAIN_DONE_EVAL_DONE,/datapool/home/ph_teacher3/Lwy/zhounan/Visedit2/server_results/mmke_entity_top3_union_train_eval_7models_20260616_155000/instructblip-vicuna-7b/layer_14,
mmke-entity,instructblip-vicuna-7b,15,main,49,11.955615043640137,11.116360800886707,954,14.99,14.6,14.879999999999999,100.0,99.75,48.844,50轮已核验,本次服务器复核,TRAIN_DONE_EVAL_DONE,/datapool/home/ph_teacher3/Lwy/zhounan/Visedit2/server_results/mmke_entity_top3_union_train_eval_7models_20260616_155000/instructblip-vicuna-7b/layer_15,
mmke-entity,instructblip-vicuna-7b,16,main,50,8.842421531677246,10.171080991182968,954,14.85,14.330000000000002,14.81,100.0,99.61,48.720000000000006,50轮已核验,本次服务器复核,TRAIN_DONE_EVAL_DONE,/datapool/home/ph_teacher3/Lwy/zhounan/Visedit2/server_results/mmke_entity_top3_union_train_eval_7models_20260616_155000/instructblip-vicuna-7b/layer_16,
mmke-entity,instructblip-vicuna-7b,17,main,50,11.998193740844727,11.09590741015226,954,15.27,14.499999999999998,15.24,100.0,99.63,48.928,50轮已核验,本次服务器复核,TRAIN_DONE_EVAL_DONE,/datapool/home/ph_teacher3/Lwy/zhounan/Visedit2/server_results/mmke_entity_top3_union_train_eval_7models_20260616_155000/instructblip-vicuna-7b/layer_17,
mmke-entity,instructblip-vicuna-7b,18,main,48,11.101889610290527,10.146582151495226,954,14.760000000000002,14.27,14.75,100.0,99.33999999999999,48.624,50轮已核验,本次服务器复核,TRAIN_DONE_EVAL_DONE,/datapool/home/ph_teacher3/Lwy/zhounan/Visedit2/server_results/mmke_entity_top3_union_train_eval_7models_20260616_155000/instructblip-vicuna-7b/layer_18,
mmke-entity,instructblip-vicuna-7b,19,main,48,13.396421432495117,11.298227336545898,954,14.6,14.37,14.49,100.0,99.53,48.598,50轮已核验,本次服务器复核,TRAIN_DONE_EVAL_DONE,/datapool/home/ph_teacher3/Lwy/zhounan/Visedit2/server_results/mmke_entity_top3_union_train_eval_7models_20260616_155000/instructblip-vicuna-7b/layer_19,
mmke-entity,instructblip-vicuna-7b,20,main,50,7.50277042388916,10.103080637007656,954,14.63,14.11,14.52,100.0,99.87,48.626,50轮已核验,本次服务器复核,TRAIN_DONE_EVAL_DONE,/datapool/home/ph_teacher3/Lwy/zhounan/Visedit2/server_results/priority3_main_protocol_job3443209_20260926/accepted/mmke-entity/instructblip-vicuna-7b/layer_20,
mmke-entity,instructblip-vicuna-7b,22,main,49,12.596491,11.504756,954,14.08,13.22,14.08,100.0,99.25,48.13,历史验收,前次核验留存,TRAIN_DONE_LOCAL_TMP_JOB3044841,6location_7model_3datas_top_3_5_layers_outcome.md:1909,
mmke-entity,instructblip-vicuna-7b,23,main,46,11.00522,10.972629,954,14.24,13.63,14.15,100.0,99.64,48.33,历史验收,前次核验留存,TRAIN_DONE_LOCAL_TMP_JOB3044841,6location_7model_3datas_top_3_5_layers_outcome.md:1910,
mmke-entity,instructblip-vicuna-7b,24,main,50,10.610746,10.732185,954,12.35,11.97,12.24,100.0,99.78,47.27,历史验收,前次核验留存,TRAIN_DONE_LOCAL_TMP_JOB3044841,6location_7model_3datas_top_3_5_layers_outcome.md:1911,
mmke-entity,instructblip-vicuna-7b,25,main,50,12.247351,10.972824,954,13.1,12.44,13.08,100.0,99.27,47.58,历史验收,前次核验留存,TRAIN_DONE_LOCAL_TMP_JOB3044841,6location_7model_3datas_top_3_5_layers_outcome.md:1912,
mmke-entity,instructblip-vicuna-7b,26,main,46,10.188010215759277,11.53552093351028,954,12.93,12.35,12.889999999999999,100.0,99.42,47.51800000000001,50轮已核验,本次服务器复核,TRAIN_DONE_EVAL_DONE,/datapool/home/ph_teacher3/Lwy/zhounan/Visedit2/server_results/mmke_entity_top3_union_train_eval_7models_20260616_155000/instructblip-vicuna-7b/layer_26,
mmke-entity,instructblip-vicuna-7b,27,main,49,11.816211700439453,11.171924090614914,954,12.24,11.65,12.2,100.0,98.63,46.944,50轮已核验,本次服务器复核,TRAIN_DONE_EVAL_DONE,/datapool/home/ph_teacher3/Lwy/zhounan/Visedit2/server_results/mmke_entity_top3_union_train_eval_7models_20260616_155000/instructblip-vicuna-7b/layer_27,
mmke-entity,instructblip-vicuna-7b,28,main,47,9.575758934020996,11.254243964855792,954,11.899999999999999,11.49,11.74,100.0,99.24,46.874,50轮已核验,本次服务器复核,TRAIN_DONE_EVAL_DONE,/datapool/home/ph_teacher3/Lwy/zhounan/Visedit2/server_results/mmke_entity_top3_union_train_eval_7models_20260616_155000/instructblip-vicuna-7b/layer_28,
mmke-entity,instructblip-vicuna-7b,29,main,48,12.351160049438477,11.742287212303939,954,11.66,10.67,11.61,100.0,99.58,46.70399999999999,50轮已核验,本次服务器复核,TRAIN_DONE_EVAL_DONE,/datapool/home/ph_teacher3/Lwy/zhounan/Visedit2/server_results/mmke_entity_top3_union_train_eval_7models_20260616_155000/instructblip-vicuna-7b/layer_29,
mmke-entity,instructblip-vicuna-7b,30,main,45,13.693353652954102,14.488697688277853,954,11.25,10.290000000000001,11.08,100.0,99.8,46.484,50轮已核验,本次服务器复核,TRAIN_DONE_EVAL_DONE,/datapool/home/ph_teacher3/Lwy/zhounan/Visedit2/server_results/mmke_entity_top3_union_train_eval_7models_20260616_155000/instructblip-vicuna-7b/layer_30,
mmke-entity,instructblip-vicuna-7b,31,main,37,33.01698684692383,38.583623771201154,954,0.2,0.2,0.2,100.0,100.0,40.12,50轮已核验,本次服务器复核,TRAIN_DONE_EVAL_DONE,/datapool/home/ph_teacher3/Lwy/zhounan/Visedit2/server_results/mmke_entity_top3_union_train_eval_7models_20260616_155000/instructblip-vicuna-7b/layer_31,
mmke-entity,minigpt-4-vicuna-7b,0,main,50,0.2961186468601227,0.31644953112420343,954,59.3,59.230000000000004,59.19,100.0,98.96000000000001,75.33600000000001,50轮已核验,本次服务器复核,TRAIN_DONE_EVAL_DONE,/datapool/home/ph_teacher3/Lwy/zhounan/Visedit2/server_results/formal_top3_live_20260811/job3117562_minigpt_entity/mmke-entity/minigpt-4-vicuna-7b/layer_00,
mmke-entity,minigpt-4-vicuna-7b,1,main,44,0.40145406126976013,0.34201865153782324,954,59.309999999999995,59.25,59.260000000000005,100.0,97.99,75.162,50轮已核验,本次服务器复核,TRAIN_DONE_EVAL_DONE,/datapool/home/ph_teacher3/Lwy/zhounan/Visedit2/server_results/formal_top3_live_20260811/job3117562_minigpt_entity/mmke-entity/minigpt-4-vicuna-7b/layer_01,
mmke-entity,minigpt-4-vicuna-7b,2,main,48,0.274402,0.280683,954,59.89,59.84,59.78,100.0,98.24,75.55,历史验收,前次核验留存,TRAIN_DONE_LOCAL_TMP_JOB3044841_BACKED_UP,6location_7model_3datas_top_3_5_layers_outcome.md:1919,
mmke-entity,minigpt-4-vicuna-7b,3,main,47,0.3113168776035309,0.32453301346268537,954,59.67,59.709999999999994,59.64,100.0,98.04,75.412,50轮已核验,本次服务器复核,TRAIN_DONE_EVAL_DONE,/datapool/home/ph_teacher3/Lwy/zhounan/Visedit2/server_results/formal_top3_live_20260811/job3117562_minigpt_entity/mmke-entity/minigpt-4-vicuna-7b/layer_03,
mmke-entity,minigpt-4-vicuna-7b,4,main,44,0.31520742177963257,0.2940663522187549,954,60.51,60.480000000000004,60.57,100.0,98.13,75.938,50轮已核验,本次服务器复核,TRAIN_DONE_EVAL_DONE,/datapool/home/ph_teacher3/Lwy/zhounan/Visedit2/server_results/formal_top3_live_20260811/job3117562_minigpt_entity/mmke-entity/minigpt-4-vicuna-7b/layer_04,
mmke-entity,minigpt-4-vicuna-7b,6,main,47,0.29208624362945557,0.29808028846131984,954,59.29,59.209999999999994,59.3,100.0,98.35000000000001,75.23,50轮已核验,本次服务器复核,TRAIN_DONE_EVAL_DONE,/datapool/home/ph_teacher3/Lwy/zhounan/Visedit2/server_results/formal_top3_live_20260811/job3117562_minigpt_entity/mmke-entity/minigpt-4-vicuna-7b/layer_06,
mmke-entity,minigpt-4-vicuna-7b,7,main,50,0.3011457026004791,0.29401384915481604,954,59.589999999999996,59.57,59.599999999999994,100.0,97.95,75.342,50轮已核验,本次服务器复核,TRAIN_DONE_EVAL_DONE,/datapool/home/ph_teacher3/Lwy/zhounan/Visedit2/server_results/tukey_top3_tail_job3443209_20260926/accepted/mmke-entity/minigpt-4-vicuna-7b/layer_07,
mmke-entity,minigpt-4-vicuna-7b,14,main,45,0.3189801573753357,0.31237480076449514,954,60.86,60.83,60.84,100.0,98.65,76.23599999999999,50轮已核验,本次服务器复核,TRAIN_DONE_EVAL_DONE,/datapool/home/ph_teacher3/Lwy/zhounan/Visedit2/server_results/formal_top3_live_20260811/job3117562_minigpt_entity/mmke-entity/minigpt-4-vicuna-7b/layer_14,
mmke-entity,minigpt-4-vicuna-7b,15,main,46,0.3033446669578552,0.3052399945114599,954,60.019999999999996,60.06,60.099999999999994,100.0,98.36,75.708,50轮已核验,本次服务器复核,TRAIN_DONE_EVAL_DONE,/datapool/home/ph_teacher3/Lwy/zhounan/Visedit2/server_results/mmke_entity_top3_union_train_eval_7models_20260616_155000/minigpt-4-vicuna-7b/layer_15,
mmke-entity,minigpt-4-vicuna-7b,16,main,44,0.3384421169757843,0.33135346340409483,954,60.27,60.33,60.24,100.0,98.42,75.852,50轮已核验,本次服务器复核,TRAIN_DONE_EVAL_DONE,/datapool/home/ph_teacher3/Lwy/zhounan/Visedit2/server_results/formal_top3_live_20260811/job3117562_minigpt_entity/mmke-entity/minigpt-4-vicuna-7b/layer_16,
mmke-entity,minigpt-4-vicuna-7b,22,main,47,0.4165108799934387,0.5524442255252417,954,58.81999999999999,58.81999999999999,58.76,100.0,98.5,74.97999999999999,50轮已核验,本次服务器复核,TRAIN_DONE_EVAL_DONE,/datapool/home/ph_teacher3/Lwy/zhounan/Visedit2/server_results/formal_top3_live_20260811/job3117562_minigpt_entity/mmke-entity/minigpt-4-vicuna-7b/layer_22,
mmke-entity,minigpt-4-vicuna-7b,23,main,50,0.3803788423538208,0.48484172567281375,954,59.08,59.099999999999994,58.97,100.0,98.0,75.03,50轮已核验,本次服务器复核,TRAIN_DONE_EVAL_DONE,/datapool/home/ph_teacher3/Lwy/zhounan/Visedit2/server_results/mmke_entity_top3_union_train_eval_7models_20260616_155000/minigpt-4-vicuna-7b/layer_23,
mmke-entity,minigpt-4-vicuna-7b,24,main,50,0.42555004358291626,0.5855179715415016,954,59.199999999999996,59.28,59.13,100.0,97.57000000000001,75.036,50轮已核验,本次服务器复核,TRAIN_DONE_EVAL_DONE,/datapool/home/ph_teacher3/Lwy/zhounan/Visedit2/server_results/mmke_entity_top3_union_train_eval_7models_20260616_155000/minigpt-4-vicuna-7b/layer_24,
mmke-entity,minigpt-4-vicuna-7b,25,main,49,0.9185504913330078,1.1432792262880376,954,59.209999999999994,59.31999999999999,59.25,100.0,98.13,75.18199999999999,50轮已核验,本次服务器复核,TRAIN_DONE_EVAL_DONE,/datapool/home/ph_teacher3/Lwy/zhounan/Visedit2/server_results/mmke_entity_top3_union_train_eval_7models_20260616_155000/minigpt-4-vicuna-7b/layer_25,
mmke-entity,minigpt-4-vicuna-7b,26,main,46,0.8778197765350342,1.2212483342645983,954,59.709999999999994,59.89,59.599999999999994,100.0,98.4,75.52000000000001,50轮已核验,本次服务器复核,TRAIN_DONE_EVAL_DONE,/datapool/home/ph_teacher3/Lwy/zhounan/Visedit2/server_results/formal_top3_live_20260811/job3117562_minigpt_entity/mmke-entity/minigpt-4-vicuna-7b/layer_26,
mmke-entity,minigpt-4-vicuna-7b,27,main,44,0.7479766607284546,1.4067142019739816,954,60.480000000000004,60.61,60.440000000000005,100.0,97.59,75.824,50轮已核验,本次服务器复核,TRAIN_DONE_EVAL_DONE,/datapool/home/ph_teacher3/Lwy/zhounan/Visedit2/server_results/formal_top3_live_20260811/job3117562_minigpt_entity/mmke-entity/minigpt-4-vicuna-7b/layer_27,
mmke-entity,minigpt-4-vicuna-7b,28,main,48,1.0723289251327515,1.7845449667923559,954,60.660000000000004,60.69,60.67,100.0,98.2,76.044,50轮已核验,本次服务器复核,TRAIN_DONE_EVAL_DONE,/datapool/home/ph_teacher3/Lwy/zhounan/Visedit2/server_results/mmke_entity_top3_union_train_eval_7models_20260616_155000/minigpt-4-vicuna-7b/layer_28,
mmke-entity,minigpt-4-vicuna-7b,31,main,41,5.4411492347717285,5.627007747166558,954,60.69,59.93000000000001,60.709999999999994,100.0,100.0,76.26599999999999,50轮已核验,本次服务器复核,TRAIN_DONE_EVAL_DONE,/datapool/home/ph_teacher3/Lwy/zhounan/Visedit2/server_results/mmke_entity_top3_union_train_eval_7models_20260616_155000/minigpt-4-vicuna-7b/layer_31,
mmke-entity,llava-v1.5-7b,9,main,48,0.29374951124191284,0.32379544995752463,954,60.96,60.99,60.95,100.0,95.23,75.626,50轮已核验,本次服务器复核,TRAIN_DONE_EVAL_DONE,/datapool/home/ph_teacher3/Lwy/zhounan/Visedit2/server_results/formal_top3_stage2_20260812/job3126082/mmke-entity/llava-v1.5-7b/layer_09,
mmke-entity,llava-v1.5-7b,14,main,49,0.15978243947029114,0.29038055586747613,954,61.309999999999995,61.45,61.29,100.0,96.12,76.03399999999999,50轮已核验,本次服务器复核,TRAIN_DONE_EVAL_DONE,/datapool/home/ph_teacher3/Lwy/zhounan/Visedit2/server_results/formal_top3_stage2_20260812/job3126082/mmke-entity/llava-v1.5-7b/layer_14,
mmke-entity,llava-v1.5-7b,15,main,45,0.4235949218273163,0.27247573105508927,954,61.07,61.18,61.01,100.0,95.43,75.738,50轮已核验,本次服务器复核,TRAIN_DONE_EVAL_DONE,/datapool/home/ph_teacher3/Lwy/zhounan/Visedit2/server_results/formal_top3_stage2_20260812/job3126082/mmke-entity/llava-v1.5-7b/layer_15,
mmke-entity,llava-v1.5-7b,16,main,41,0.17249521613121033,0.2489267103838251,954,61.129999999999995,61.25000000000001,61.1,100.0,96.57,76.01,50轮已核验,本次服务器复核,TRAIN_DONE_EVAL_DONE,/datapool/home/ph_teacher3/Lwy/zhounan/Visedit2/server_results/formal_top3_stage2_20260812/job3126082/mmke-entity/llava-v1.5-7b/layer_16,
mmke-entity,llava-v1.5-7b,22,main,45,0.2746542990207672,0.35457837328789715,954,60.31999999999999,60.4,60.34,100.0,97.03,75.61800000000001,50轮已核验,本次服务器复核,TRAIN_DONE_EVAL_DONE,/datapool/home/ph_teacher3/Lwy/zhounan/Visedit2/server_results/formal_top3_stage2_20260812/job3126082/mmke-entity/llava-v1.5-7b/layer_22,
mmke-entity,llava-v1.5-7b,23,main,49,0.2846401631832123,0.37445788542711034,954,60.39,60.41,60.34,100.0,96.56,75.53999999999999,50轮已核验,本次服务器复核,TRAIN_DONE_EVAL_DONE,/datapool/home/ph_teacher3/Lwy/zhounan/Visedit2/server_results/formal_top3_stage2_20260812/job3126082/mmke-entity/llava-v1.5-7b/layer_23,
mmke-entity,llava-v1.5-7b,24,main,41,0.3160746991634369,0.4011283203868761,954,60.050000000000004,60.14000000000001,60.040000000000006,100.0,96.74000000000001,75.394,50轮已核验,本次服务器复核,TRAIN_DONE_EVAL_DONE,/datapool/home/ph_teacher3/Lwy/zhounan/Visedit2/server_results/formal_top3_stage2_20260812/job3126082/mmke-entity/llava-v1.5-7b/layer_24,
mmke-entity,llava-v1.5-7b,26,main,46,0.4525054395198822,0.7780103645786002,954,59.95,60.07,59.97,100.0,95.73,75.144,50轮已核验,本次服务器复核,TRAIN_DONE_EVAL_DONE,/datapool/home/ph_teacher3/Lwy/zhounan/Visedit2/server_results/formal_top3_stage2_20260812/job3126082/mmke-entity/llava-v1.5-7b/layer_26,
mmke-entity,llava-v1.5-7b,27,main,50,0.859437108039856,1.0280962095785113,954,60.029999999999994,60.08,60.0,100.0,95.63000000000001,75.148,50轮已核验,本次服务器复核,TRAIN_DONE_EVAL_DONE,/datapool/home/ph_teacher3/Lwy/zhounan/Visedit2/server_results/formal_top3_stage2_20260812/job3126082/mmke-entity/llava-v1.5-7b/layer_27,
mmke-entity,llava-v1.5-7b,28,main,48,1.3540024757385254,1.7076172027257044,954,59.47,59.540000000000006,59.5,100.0,95.19999999999999,74.74199999999999,50轮已核验,本次服务器复核,TRAIN_DONE_EVAL_DONE,/datapool/home/ph_teacher3/Lwy/zhounan/Visedit2/server_results/formal_top3_stage2_20260812/job3126082/mmke-entity/llava-v1.5-7b/layer_28,
mmke-entity,qwen2.5-vl-3b,0,main,50,1.760615,1.334659,954,54.78,54.49,54.88,100.0,96.93,72.22,历史验收,前次核验留存,TRAIN_DONE_LOCAL_TMP_JOB3044208,6location_7model_3datas_top_3_5_layers_outcome.md:1935,
mmke-entity,qwen2.5-vl-3b,1,main,50,1.050795,1.466707,954,54.69,54.59,54.85,100.0,97.25,72.28,历史验收,前次核验留存,TRAIN_DONE_LOCAL_TMP_JOB3044208,6location_7model_3datas_top_3_5_layers_outcome.md:1936,
mmke-entity,qwen2.5-vl-3b,2,main,49,0.828287,1.272041,954,54.88,54.78,54.96,100.0,95.57,72.04,历史验收,前次核验留存,TRAIN_DONE_LOCAL_TMP_JOB3044208,6location_7model_3datas_top_3_5_layers_outcome.md:1937,
mmke-entity,qwen2.5-vl-3b,3,main,50,0.8928757309913635,1.4450147034329528,954,54.449999999999996,54.32,54.43,100.0,96.83,72.006,50轮已核验,本次服务器复核,TRAIN_DONE_EVAL_DONE,/datapool/home/ph_teacher3/Lwy/zhounan/Visedit2/server_results/tukey_top3_tail_job3443209_20260926/accepted/mmke-entity/qwen2.5-vl-3b/layer_03,
mmke-entity,qwen2.5-vl-3b,6,main,50,1.6948156356811523,1.4880066756831918,954,55.64,55.60000000000001,55.61000000000001,100.0,96.50999999999999,72.672,50轮已核验,本次服务器复核,TRAIN_DONE_EVAL_DONE,/datapool/home/ph_teacher3/Lwy/zhounan/Visedit2/server_results/tukey_top3_tail_job3443209_20260926/accepted/mmke-entity/qwen2.5-vl-3b/layer_06,
mmke-entity,qwen2.5-vl-3b,10,main,50,2.4744200706481934,1.3836369489529925,954,54.05,53.93,54.0,100.0,96.52,71.7,50轮已核验,本次服务器复核,TRAIN_DONE_EVAL_DONE,/datapool/home/ph_teacher3/Lwy/zhounan/Visedit2/server_results/tukey_top3_tail_job3443209_20260926/accepted/mmke-entity/qwen2.5-vl-3b/layer_10,
mmke-entity,qwen2.5-vl-3b,13,main,49,1.519723,1.238898,954,53.29,53.17,53.31,100.0,97.43,71.44,历史验收,前次核验留存,TRAIN_DONE_LOCAL_TMP_JOB3044208,6location_7model_3datas_top_3_5_layers_outcome.md:1938,
mmke-entity,qwen2.5-vl-3b,14,main,49,0.686763,0.980262,954,53.46,53.41,53.44,100.0,97.1,71.48,历史验收,前次核验留存,TRAIN_DONE_LOCAL_TMP_JOB3044208,6location_7model_3datas_top_3_5_layers_outcome.md:1939,
mmke-entity,qwen2.5-vl-3b,15,main,50,1.871835,1.463023,954,52.94,52.85,52.95,100.0,96.87,71.12,历史验收,前次核验留存,TRAIN_DONE_LOCAL_TMP_JOB3044208,6location_7model_3datas_top_3_5_layers_outcome.md:1940,
mmke-entity,qwen2.5-vl-3b,16,main,47,1.531398,1.362743,954,53.68,53.56,53.73,100.0,96.98,71.59,历史验收,前次核验留存,TRAIN_DONE_LOCAL_TMP_JOB3044208,6location_7model_3datas_top_3_5_layers_outcome.md:1941,
mmke-entity,qwen2.5-vl-3b,17,main,46,0.521832,1.285736,954,53.59,53.47,53.61,100.0,96.73,71.48,历史验收,前次核验留存,TRAIN_DONE_LOCAL_TMP_JOB3044208,6location_7model_3datas_top_3_5_layers_outcome.md:1942,
mmke-entity,qwen2.5-vl-3b,18,main,49,0.705021,0.883009,954,53.65,53.56,53.61,100.0,95.17,71.2,历史验收,前次核验留存,TRAIN_DONE_LOCAL_TMP_JOB3044208,6location_7model_3datas_top_3_5_layers_outcome.md:1943,
mmke-entity,qwen2.5-vl-3b,20,main,49,0.910451,0.666375,954,53.24,53.16,53.35,100.0,96.3,71.21,历史验收,前次核验留存,TRAIN_DONE_LOCAL_TMP_JOB3044208,6location_7model_3datas_top_3_5_layers_outcome.md:1944,
mmke-entity,qwen2.5-vl-3b,21,main,50,0.532463,0.822907,954,52.65,52.37,52.65,100.0,95.62,70.66,历史验收,前次核验留存,TRAIN_DONE_LOCAL_TMP_JOB3044208,6location_7model_3datas_top_3_5_layers_outcome.md:1945,
mmke-entity,qwen2.5-vl-3b,22,main,49,1.156874,0.733265,954,53.59,53.36,53.53,100.0,96.0,71.3,历史验收,前次核验留存,TRAIN_DONE_LOCAL_TMP_JOB3044208,6location_7model_3datas_top_3_5_layers_outcome.md:1946,
mmke-entity,qwen2.5-vl-3b,25,main,44,0.68675,0.649926,954,54.0,53.87,54.03,100.0,96.58,71.7,历史验收,前次核验留存,TRAIN_DONE_LOCAL_TMP_JOB3044208,6location_7model_3datas_top_3_5_layers_outcome.md:1947,
mmke-entity,qwen2.5-vl-3b,26,main,46,0.741123,1.065371,954,52.78,52.53,52.82,100.0,95.18,70.66,历史验收,前次核验留存,TRAIN_DONE_LOCAL_TMP_JOB3044208,6location_7model_3datas_top_3_5_layers_outcome.md:1948,
mmke-entity,qwen2.5-vl-3b,27,main,50,1.188038,0.983534,954,53.91,53.67,54.05,100.0,95.07,71.34,历史验收,前次核验留存,TRAIN_DONE_LOCAL_TMP_JOB3044208,6location_7model_3datas_top_3_5_layers_outcome.md:1949,
mmke-entity,qwen2.5-vl-3b,28,main,50,0.872761,1.150297,954,54.69,54.54,54.83,100.0,95.01,71.81,历史验收,前次核验留存,TRAIN_DONE_LOCAL_TMP_JOB3044208,6location_7model_3datas_top_3_5_layers_outcome.md:1950,
mmke-entity,qwen2.5-vl-3b,29,main,48,1.635255,1.636492,954,55.81,55.61,55.91,100.0,95.95,72.66,历史验收,前次核验留存,TRAIN_DONE_LOCAL_TMP_JOB3044208,6location_7model_3datas_top_3_5_layers_outcome.md:1951,
mmke-entity,qwen2.5-vl-3b,30,main,50,1.664727,2.286476,954,55.97,55.74,55.92,100.0,94.42,72.41,历史验收,前次核验留存,TRAIN_DONE_LOCAL_TMP_JOB3044208,6location_7model_3datas_top_3_5_layers_outcome.md:1952,
mmke-entity,paligemma-3b,0,main,8,2887.873291,2815.587779,954,0.0,0.0,0.0,100.0,0.0,20.0,历史验收,前次核验留存,TRAIN_DONE_MAIN_NUMERIC_DEGENERATE_JOB3044208,6location_7model_3datas_top_3_5_layers_outcome.md:1953,
mmke-entity,paligemma-3b,1,main,3,3.320363,2.96491,954,93.2,93.23,93.41,100.0,64.47,88.86,历史验收,前次核验留存,TRAIN_DONE_MAIN_JOB3044208,6location_7model_3datas_top_3_5_layers_outcome.md:1954,
mmke-entity,paligemma-3b,2,main,3,4.878585,6.100427,954,84.24,84.22,84.72,100.0,57.0,82.04,历史验收,前次核验留存,TRAIN_DONE_MAIN_JOB3044208,6location_7model_3datas_top_3_5_layers_outcome.md:1955,
mmke-entity,paligemma-3b,3,main,7,2.865983,2.230218,954,91.52,91.49,91.94,100.0,89.89,92.97,历史验收,前次核验留存,TRAIN_DONE_MAIN_JOB3044208,6location_7model_3datas_top_3_5_layers_outcome.md:1956,
mmke-entity,paligemma-3b,4,main,2,0.7049632668495178,0.8823208781120117,954,96.56,96.55,96.83,100.0,90.74,96.136,50轮已核验,本次服务器复核,TRAIN_DONE_EVAL_DONE,/datapool/home/ph_teacher3/Lwy/zhounan/Visedit2/server_results/tmp_archives_20260810/g09/mabscos_top3_completion_job3126082_20260801/mmke-entity/paligemma-3b/layer_04,
mmke-entity,paligemma-3b,5,main,4,1.66818,2.039312,954,88.46,88.47,88.73,100.0,88.39,90.81,历史验收,前次核验留存,TRAIN_DONE_MAIN_JOB3044208,6location_7model_3datas_top_3_5_layers_outcome.md:1958,
mmke-entity,paligemma-3b,6,main,2,1.206908,1.361229,954,95.85,95.89,95.96,100.0,97.22,96.98,历史验收,前次核验留存,TRAIN_DONE_MAIN_JOB3044208,6location_7model_3datas_top_3_5_layers_outcome.md:1959,
mmke-entity,paligemma-3b,7,main,10,2.394458,2.547924,954,84.71,84.65,84.72,100.0,96.53,90.12,历史验收,前次核验留存,TRAIN_DONE_MAIN_JOB3044208,6location_7model_3datas_top_3_5_layers_outcome.md:1960,
mmke-entity,paligemma-3b,8,main,3,0.592419,1.09672,954,95.94,95.81,96.0,100.0,93.73,96.3,历史验收,前次核验留存,TRAIN_DONE_MAIN_JOB3044208,6location_7model_3datas_top_3_5_layers_outcome.md:1961,
mmke-entity,paligemma-3b,9,main,2,4.133635,3.973418,954,78.51,78.36,78.55,100.0,91.62,85.41,历史验收,前次核验留存,TRAIN_DONE_MAIN_JOB3044208,6location_7model_3datas_top_3_5_layers_outcome.md:1962,
mmke-entity,paligemma-3b,10,main,1,18.536318,17.57192,954,15.04,15.09,15.0,100.0,46.26,38.28,历史验收,前次核验留存,TRAIN_DONE_MAIN_JOB3044208,6location_7model_3datas_top_3_5_layers_outcome.md:1963,
mmke-entity,paligemma-3b,11,main,1,12.053761,12.271097,954,21.41,21.14,21.52,100.0,59.04,44.62,历史验收,前次核验留存,TRAIN_DONE_MAIN_JOB3044208,6location_7model_3datas_top_3_5_layers_outcome.md:1964,
mmke-entity,paligemma-3b,12,main,2,2.737614,2.109276,954,88.78,88.73,88.85,100.0,87.0,90.67,历史验收,前次核验留存,TRAIN_DONE_MAIN_JOB3044208,6location_7model_3datas_top_3_5_layers_outcome.md:1965,
mmke-entity,paligemma-3b,13,main,2,10.599213,11.613107,954,17.6,17.58,17.52,100.0,90.57,48.65,历史验收,前次核验留存,TRAIN_DONE_MAIN_JOB3044208,6location_7model_3datas_top_3_5_layers_outcome.md:1966,
mmke-entity,paligemma-3b,16,main,49,15.929332,18.3013,954,12.43,12.21,12.41,100.0,98.17,47.04,历史验收,前次核验留存,TRAIN_DONE_MAIN_RETRY_NUMERIC_GUARD_NONFINITE_SKIP34_JOB3044208,6location_7model_3datas_top_3_5_layers_outcome.md:1967,
mmke-entity,paligemma-3b,17,main,22,31.180017,31.213888,954,0.56,0.55,0.55,100.0,100.0,40.33,历史验收,前次核验留存,TRAIN_DONE_MAIN_JOB3044208,6location_7model_3datas_top_3_5_layers_outcome.md:1968,
mmke-entity,paligemma-3b,1,stable,37,0.333475,0.36812,954,99.34,99.34,99.57,100.0,96.3,98.91,历史验收,前次核验留存,TRAIN_DONE_STABLE_JOB3044208,6location_7model_3datas_top_3_5_layers_outcome.md:1969,
mmke-entity,paligemma-3b,2,stable,38,0.323105,0.361797,954,99.34,99.34,99.53,100.0,95.78,98.8,历史验收,前次核验留存,TRAIN_DONE_STABLE_JOB3044208,6location_7model_3datas_top_3_5_layers_outcome.md:1970,
mmke-entity,paligemma-3b,3,stable,47,0.345626,0.346825,954,98.87,98.88,99.07,100.0,97.39,98.84,历史验收,前次核验留存,TRAIN_DONE_STABLE_JOB3044208,6location_7model_3datas_top_3_5_layers_outcome.md:1971,
mmke-entity,paligemma-3b,5,stable,35,0.340905,0.359304,954,98.98,98.97,99.32,100.0,96.52,98.76,历史验收,前次核验留存,TRAIN_DONE_STABLE_JOB3044208,6location_7model_3datas_top_3_5_layers_outcome.md:1972,
mmke-entity,paligemma-3b,6,stable,47,0.330504,0.359201,954,99.09,99.08,99.39,100.0,97.22,98.96,历史验收,前次核验留存,TRAIN_DONE_STABLE_JOB3044208,6location_7model_3datas_top_3_5_layers_outcome.md:1973,
mmke-entity,paligemma-3b,7,stable,49,0.329062,0.344094,954,99.32,99.31,99.44,100.0,95.35,98.68,历史验收,前次核验留存,TRAIN_DONE_STABLE_JOB3044208,6location_7model_3datas_top_3_5_layers_outcome.md:1974,
mmke-entity,paligemma-3b,8,stable,49,0.342368,0.34862,954,99.32,99.31,99.39,100.0,97.94,99.19,历史验收,前次核验留存,TRAIN_DONE_STABLE_JOB3044208,6location_7model_3datas_top_3_5_layers_outcome.md:1975,
mmke-entity,paligemma-3b,9,stable,50,0.339769,0.346904,954,99.35,99.34,99.35,100.0,97.35,99.08,历史验收,前次核验留存,TRAIN_DONE_STABLE_JOB3044208,6location_7model_3datas_top_3_5_layers_outcome.md:1976,
mmke-entity,paligemma-3b,10,stable,49,0.347619,0.345262,954,99.03,99.0,99.0,100.0,97.25,98.86,历史验收,前次核验留存,TRAIN_DONE_STABLE_JOB3044208,6location_7model_3datas_top_3_5_layers_outcome.md:1977,
mmke-entity,paligemma-3b,11,stable,47,0.57741,0.686626,954,94.89,94.83,94.83,100.0,97.34,96.38,历史验收,前次核验留存,TRAIN_DONE_STABLE_JOB3044208,6location_7model_3datas_top_3_5_layers_outcome.md:1978,
mmke-entity,paligemma-3b,12,stable,48,0.538605,0.830285,954,93.4,93.26,93.41,100.0,96.41,95.3,历史验收,前次核验留存,TRAIN_DONE_STABLE_RETRY_BUFFER1_GPU0_JOB3044208,6location_7model_3datas_top_3_5_layers_outcome.md:1979,
mmke-entity,paligemma-3b,13,stable,49,1.960766,2.24562,954,81.47,81.04,81.51,100.0,97.54,88.31,历史验收,前次核验留存,TRAIN_DONE_STABLE_JOB3044208,6location_7model_3datas_top_3_5_layers_outcome.md:1980,
mmke-entity,paligemma-3b,16,stable,42,18.220282,19.640825,954,12.38,12.42,12.37,100.0,96.65,46.76,历史验收,前次核验留存,TRAIN_DONE_STABLE_JOB3044208,6location_7model_3datas_top_3_5_layers_outcome.md:1981,
mmke-entity,paligemma-3b,17,stable,38,30.471798,30.907994,954,0.56,0.55,0.55,100.0,100.0,40.33,历史验收,前次核验留存,TRAIN_DONE_STABLE_JOB3044208,6location_7model_3datas_top_3_5_layers_outcome.md:1982,
mmke-entity,smolvlm-1.7b,0,main,47,0.717729,0.663257,954,51.76,51.75,51.71,100.0,97.11,70.47,历史验收,前次核验留存,TRAIN_DONE_LOCAL_TMP_JOB3044208,6location_7model_3datas_top_3_5_layers_outcome.md:1983,
mmke-entity,smolvlm-1.7b,1,main,45,0.510274,0.635121,954,52.58,52.5,52.64,100.0,97.52,71.05,历史验收,前次核验留存,TRAIN_DONE_LOCAL_TMP_JOB3044208,6location_7model_3datas_top_3_5_layers_outcome.md:1984,
mmke-entity,smolvlm-1.7b,2,main,49,0.532231,0.734351,954,52.8,52.79,52.69,100.0,97.3,71.12,历史验收,前次核验留存,TRAIN_DONE_LOCAL_TMP_JOB3044208,6location_7model_3datas_top_3_5_layers_outcome.md:1985,
mmke-entity,smolvlm-1.7b,6,main,47,0.546545,0.688924,954,51.98,51.99,52.03,100.0,96.46,70.49,历史验收,前次核验留存,TRAIN_DONE_LOCAL_TMP_JOB3044208,6location_7model_3datas_top_3_5_layers_outcome.md:1986,
mmke-entity,smolvlm-1.7b,7,main,50,1.166944,0.670295,954,51.42,51.4,51.38,100.0,97.32,70.3,历史验收,前次核验留存,TRAIN_DONE_LOCAL_TMP_JOB3044208,6location_7model_3datas_top_3_5_layers_outcome.md:1987,
mmke-entity,smolvlm-1.7b,8,main,50,0.998910665512085,0.7870827801514695,954,52.22,52.25,52.22,100.0,96.75,70.688,50轮已核验,本次服务器复核,TRAIN_DONE_EVAL_DONE,/datapool/home/ph_teacher3/Lwy/zhounan/Visedit2/server_results/priority3_main_protocol_job3443209_20260926/accepted/mmke-entity/smolvlm-1.7b/layer_08,
mmke-entity,smolvlm-1.7b,9,main,50,0.814315,0.769834,954,51.86,51.94,51.85,100.0,96.55,70.44,历史验收,前次核验留存,TRAIN_DONE_LOCAL_TMP_JOB3044208,6location_7model_3datas_top_3_5_layers_outcome.md:1989,
mmke-entity,smolvlm-1.7b,10,main,48,0.795752,0.811847,954,52.21,52.14,52.14,100.0,96.59,70.62,历史验收,前次核验留存,TRAIN_DONE_LOCAL_TMP_JOB3044208,6location_7model_3datas_top_3_5_layers_outcome.md:1990,
mmke-entity,smolvlm-1.7b,11,main,50,0.662297,0.798535,954,50.22,50.39,50.18,100.0,96.97,69.55,历史验收,前次核验留存,TRAIN_DONE_LOCAL_TMP_JOB3044208,6location_7model_3datas_top_3_5_layers_outcome.md:1991,
mmke-entity,smolvlm-1.7b,12,main,50,0.663954,0.936153,954,52.31,52.27,52.31,100.0,97.32,70.84,历史验收,前次核验留存,TRAIN_DONE_LOCAL_TMP_JOB3044208,6location_7model_3datas_top_3_5_layers_outcome.md:1992,
mmke-entity,smolvlm-1.7b,13,main,50,0.489384,0.820767,954,50.63,50.76,50.62,100.0,96.22,69.65,历史验收,前次核验留存,TRAIN_DONE_LOCAL_TMP_JOB3044208,6location_7model_3datas_top_3_5_layers_outcome.md:1993,
mmke-entity,smolvlm-1.7b,14,main,50,0.687138,0.851731,954,50.21,50.31,50.02,100.0,96.08,69.32,历史验收,前次核验留存,TRAIN_DONE_LOCAL_TMP_JOB3044208,6location_7model_3datas_top_3_5_layers_outcome.md:1994,
mmke-entity,smolvlm-1.7b,15,main,50,0.973436,0.839188,954,50.24,50.42,50.08,100.0,96.91,69.53,历史验收,前次核验留存,TRAIN_DONE_LOCAL_TMP_JOB3044208,6location_7model_3datas_top_3_5_layers_outcome.md:1995,
mmke-entity,smolvlm-1.7b,16,main,50,1.646834,1.453352,954,50.85,50.96,50.69,100.0,95.45,69.59,历史验收,前次核验留存,TRAIN_DONE_LOCAL_TMP_JOB3044208,6location_7model_3datas_top_3_5_layers_outcome.md:1996,
mmke-entity,smolvlm-1.7b,17,main,48,2.262018,2.74129,954,52.45,52.62,52.32,100.0,95.55,70.59,历史验收,前次核验留存,TRAIN_DONE_LOCAL_TMP_JOB3044208,6location_7model_3datas_top_3_5_layers_outcome.md:1997,
mmke-entity,smolvlm-1.7b,18,main,50,3.508034,3.420248,954,53.75,53.91,53.65,100.0,96.03,71.47,历史验收,前次核验留存,TRAIN_DONE_LOCAL_TMP_JOB3044208,6location_7model_3datas_top_3_5_layers_outcome.md:1998,
