policy,dataset,model,variant,metric,n_layers,rho,coverage,layers,status
observed_main,evqa-pilot500,blip2-opt-2.7b,Middle-Prior/raw,Rel,20,0.8417504555163153,1.0,"L15,L16,L14,L17,L18,L19,L20,L10,L21,L24,L25,L5,L26,L4,L3,L2,L29,L1,L30,L0",ok
observed_main,evqa-pilot500,blip2-opt-2.7b,Middle-Prior/raw,T-Gen,20,0.8277436487144746,1.0,"L15,L16,L14,L17,L18,L19,L20,L10,L21,L24,L25,L5,L26,L4,L3,L2,L29,L1,L30,L0",ok
observed_main,evqa-pilot500,blip2-opt-2.7b,Middle-Prior/raw,M-Gen,20,0.8824438526496018,1.0,"L15,L16,L14,L17,L18,L19,L20,L10,L21,L24,L25,L5,L26,L4,L3,L2,L29,L1,L30,L0",ok
observed_main,evqa-pilot500,blip2-opt-2.7b,Middle-Prior/raw,Average,20,0.8779223640792366,1.0,"L15,L16,L14,L17,L18,L19,L20,L10,L21,L24,L25,L5,L26,L4,L3,L2,L29,L1,L30,L0",ok
observed_main,evqa-pilot500,instructblip-vicuna-7b,Middle-Prior/raw,Rel,15,-0.8324386127479111,1.0,"L15,L16,L14,L18,L19,L11,L25,L26,L4,L27,L3,L28,L2,L1,L0",ok
observed_main,evqa-pilot500,instructblip-vicuna-7b,Middle-Prior/raw,T-Gen,15,-0.8666101085707425,1.0,"L15,L16,L14,L18,L19,L11,L25,L26,L4,L27,L3,L28,L2,L1,L0",ok
observed_main,evqa-pilot500,instructblip-vicuna-7b,Middle-Prior/raw,M-Gen,15,-0.784246337921457,1.0,"L15,L16,L14,L18,L19,L11,L25,L26,L4,L27,L3,L28,L2,L1,L0",ok
observed_main,evqa-pilot500,instructblip-vicuna-7b,CMA-alt-v1.3/raw,M-Loc,15,-0.7357142857142858,0.842,"L1,L0,L25,L2,L3,L18,L4,L16,L11,L14,L15,L19,L28,L26,L27",ok
observed_main,evqa-pilot500,instructblip-vicuna-7b,CMA-model_pred/raw,M-Loc,15,-0.8571428571428571,0.992,"L1,L0,L2,L3,L4,L18,L25,L11,L16,L14,L19,L15,L28,L26,L27",ok
observed_main,evqa-pilot500,minigpt-4-vicuna-7b,CMA-model_pred/raw,Rel,21,0.7207792207792207,0.994,"L0,L1,L2,L7,L8,L9,L10,L14,L15,L16,L17,L18,L19,L22,L24,L25,L26,L31,L28,L29,L30",ok
observed_main,evqa-pilot500,minigpt-4-vicuna-7b,Perturb-KL-alt/raw,Rel,21,0.7441558441558441,1.0,"L0,L1,L2,L7,L8,L9,L10,L14,L15,L16,L17,L18,L19,L22,L24,L25,L26,L28,L29,L30,L31",ok
observed_main,evqa-pilot500,minigpt-4-vicuna-7b,Perturb-KL-alt/raw,M-Gen,21,0.7268594082607935,1.0,"L0,L1,L2,L7,L8,L9,L10,L14,L15,L16,L17,L18,L19,L22,L24,L25,L26,L28,L29,L30,L31",ok
observed_main,evqa-pilot500,minigpt-4-vicuna-7b,SaLEM-alt/raw,M-Loc,21,0.7142857142857143,1.0,"L8,L9,L10,L7,L14,L15,L16,L2,L17,L31,L18,L19,L30,L22,L29,L24,L25,L28,L26,L1,L0",ok
observed_main,evqa-pilot500,minigpt-4-vicuna-7b,LGA-Param/tukey,Rel,19,-0.7333333333333333,0.998,"L29,L25,L22,L26,L30,L19,L24,L0,L28,L18,L1,L17,L16,L15,L7,L14,L8,L9,L10",ok
observed_main,evqa-pilot500,minigpt-4-vicuna-7b,LGA-Param/tukey,M-Gen,19,-0.7441861181528424,0.998,"L29,L25,L22,L26,L30,L19,L24,L0,L28,L18,L1,L17,L16,L15,L7,L14,L8,L9,L10",ok
observed_main,evqa-pilot500,minigpt-4-vicuna-7b,LGA-Param/tukey,M-Loc,19,-0.7140350877192982,0.998,"L29,L25,L22,L26,L30,L19,L24,L0,L28,L18,L1,L17,L16,L15,L7,L14,L8,L9,L10",ok
observed_main,evqa-pilot500,minigpt-4-vicuna-7b,LGA-Param/tukey,Average,19,-0.7315789473684211,0.998,"L29,L25,L22,L26,L30,L19,L24,L0,L28,L18,L1,L17,L16,L15,L7,L14,L8,L9,L10",ok
observed_main,evqa-pilot500,smolvlm-1.7b,Middle-Prior/raw,M-Loc,20,0.8514367548152477,1.0,"L11,L12,L10,L13,L9,L14,L8,L15,L7,L16,L17,L5,L19,L3,L20,L2,L21,L1,L22,L0",ok
observed_main,evqa-pilot500,smolvlm-1.7b,CMA-model_pred/raw,T-Gen,20,0.7368421052631579,0.994,"L0,L1,L5,L8,L2,L3,L9,L7,L10,L11,L12,L13,L14,L15,L16,L17,L19,L20,L21,L22",ok
observed_main,evqa-pilot500,smolvlm-1.7b,CMA-model_pred/raw,M-Gen,20,0.7383458646616541,0.994,"L0,L1,L5,L8,L2,L3,L9,L7,L10,L11,L12,L13,L14,L15,L16,L17,L19,L20,L21,L22",ok
observed_main,evqa-pilot500,smolvlm-1.7b,Perturb-KL-alt/raw,M-Gen,20,0.7097744360902256,1.0,"L1,L2,L0,L3,L5,L7,L8,L9,L11,L10,L12,L19,L14,L20,L13,L21,L15,L17,L16,L22",ok
observed_main,evqa-pilot500,smolvlm-1.7b,SaLEM-alt/raw,Rel,20,0.7533834586466165,1.0,"L9,L8,L7,L10,L5,L11,L3,L1,L2,L12,L0,L13,L14,L15,L16,L17,L19,L20,L22,L21",ok
observed_main,evqa-pilot500,smolvlm-1.7b,SaLEM-alt/raw,T-Gen,20,0.7879699248120301,1.0,"L9,L8,L7,L10,L5,L11,L3,L1,L2,L12,L0,L13,L14,L15,L16,L17,L19,L20,L22,L21",ok
observed_main,evqa-pilot500,smolvlm-1.7b,SaLEM-alt/raw,M-Gen,20,0.7789473684210526,1.0,"L9,L8,L7,L10,L5,L11,L3,L1,L2,L12,L0,L13,L14,L15,L16,L17,L19,L20,L22,L21",ok
observed_main,evqa-pilot500,smolvlm-1.7b,SaLEM-alt/raw,Average,20,0.7383458646616541,1.0,"L9,L8,L7,L10,L5,L11,L3,L1,L2,L12,L0,L13,L14,L15,L16,L17,L19,L20,L22,L21",ok
observed_main,evqa-pilot500,smolvlm-1.7b,LGA-Param/raw,Rel,20,-0.7593984962406015,0.998,"L22,L21,L20,L19,L17,L16,L15,L2,L3,L12,L13,L5,L11,L14,L10,L8,L9,L0,L7,L1",ok
observed_main,evqa-pilot500,smolvlm-1.7b,LGA-Param/raw,T-Gen,20,-0.7924812030075188,0.998,"L22,L21,L20,L19,L17,L16,L15,L2,L3,L12,L13,L5,L11,L14,L10,L8,L9,L0,L7,L1",ok
observed_main,evqa-pilot500,smolvlm-1.7b,LGA-Param/raw,M-Gen,20,-0.7894736842105263,0.998,"L22,L21,L20,L19,L17,L16,L15,L2,L3,L12,L13,L5,L11,L14,L10,L8,L9,L0,L7,L1",ok
observed_main,evqa-pilot500,smolvlm-1.7b,LGA-Param/raw,Average,20,-0.7428571428571429,0.998,"L22,L21,L20,L19,L17,L16,L15,L2,L3,L12,L13,L5,L11,L14,L10,L8,L9,L0,L7,L1",ok
observed_main,evqa-pilot500,smolvlm-1.7b,LGA-Param/tukey,Rel,18,-0.8513931888544891,0.998,"L22,L21,L20,L19,L17,L16,L15,L2,L3,L12,L13,L5,L11,L14,L10,L8,L9,L0",ok
observed_main,evqa-pilot500,smolvlm-1.7b,LGA-Param/tukey,T-Gen,18,-0.8864809081527347,0.998,"L22,L21,L20,L19,L17,L16,L15,L2,L3,L12,L13,L5,L11,L14,L10,L8,L9,L0",ok
observed_main,evqa-pilot500,smolvlm-1.7b,LGA-Param/tukey,M-Gen,18,-0.8637770897832817,0.998,"L22,L21,L20,L19,L17,L16,L15,L2,L3,L12,L13,L5,L11,L14,L10,L8,L9,L0",ok
observed_main,evqa-pilot500,smolvlm-1.7b,LGA-Param/tukey,Average,18,-0.9050567595459237,0.998,"L22,L21,L20,L19,L17,L16,L15,L2,L3,L12,L13,L5,L11,L14,L10,L8,L9,L0",ok
observed_main,mmke-visual,minigpt-4-vicuna-7b,CMA-model_pred/raw,Rel,21,0.7493506493506493,1.0,"L0,L1,L2,L3,L5,L8,L9,L10,L11,L14,L15,L16,L17,L18,L24,L25,L26,L27,L28,L29,L31",ok
observed_main,mmke-visual,minigpt-4-vicuna-7b,CMA-model_pred/raw,T-Gen,21,0.7766233766233767,1.0,"L0,L1,L2,L3,L5,L8,L9,L10,L11,L14,L15,L16,L17,L18,L24,L25,L26,L27,L28,L29,L31",ok
observed_main,mmke-visual,minigpt-4-vicuna-7b,CMA-model_pred/raw,M-Gen,21,0.7753246753246753,1.0,"L0,L1,L2,L3,L5,L8,L9,L10,L11,L14,L15,L16,L17,L18,L24,L25,L26,L27,L28,L29,L31",ok
observed_main,mmke-visual,minigpt-4-vicuna-7b,CMA-model_pred/raw,Average,21,0.7584415584415585,1.0,"L0,L1,L2,L3,L5,L8,L9,L10,L11,L14,L15,L16,L17,L18,L24,L25,L26,L27,L28,L29,L31",ok
observed_main,mmke-visual,minigpt-4-vicuna-7b,Perturb-KL-alt/raw,Rel,21,0.7493506493506493,1.0,"L0,L1,L2,L3,L5,L8,L9,L10,L11,L14,L15,L16,L17,L18,L24,L25,L26,L27,L28,L29,L31",ok
observed_main,mmke-visual,minigpt-4-vicuna-7b,Perturb-KL-alt/raw,T-Gen,21,0.7766233766233767,1.0,"L0,L1,L2,L3,L5,L8,L9,L10,L11,L14,L15,L16,L17,L18,L24,L25,L26,L27,L28,L29,L31",ok
observed_main,mmke-visual,minigpt-4-vicuna-7b,Perturb-KL-alt/raw,M-Gen,21,0.7753246753246753,1.0,"L0,L1,L2,L3,L5,L8,L9,L10,L11,L14,L15,L16,L17,L18,L24,L25,L26,L27,L28,L29,L31",ok
observed_main,mmke-visual,minigpt-4-vicuna-7b,Perturb-KL-alt/raw,Average,21,0.7584415584415585,1.0,"L0,L1,L2,L3,L5,L8,L9,L10,L11,L14,L15,L16,L17,L18,L24,L25,L26,L27,L28,L29,L31",ok
observed_main,mmke-visual,llava-v1.5-7b,Middle-Prior/raw,M-Loc,16,0.7079676820129573,1.0,"L15,L16,L14,L12,L9,L22,L8,L7,L24,L26,L27,L3,L28,L2,L1,L0",ok
observed_main,mmke-visual,llava-v1.5-7b,CMA-alt-v1.3/raw,Rel,16,0.7352941176470589,0.9672897196261683,"L0,L1,L2,L3,L8,L9,L7,L12,L14,L15,L16,L22,L24,L26,L27,L28",ok
observed_main,mmke-visual,llava-v1.5-7b,CMA-alt-v1.3/raw,T-Gen,16,0.7352941176470589,0.9672897196261683,"L0,L1,L2,L3,L8,L9,L7,L12,L14,L15,L16,L22,L24,L26,L27,L28",ok
observed_main,mmke-visual,llava-v1.5-7b,CMA-alt-v1.3/raw,M-Gen,16,0.7441176470588236,0.9672897196261683,"L0,L1,L2,L3,L8,L9,L7,L12,L14,L15,L16,L22,L24,L26,L27,L28",ok
observed_main,mmke-visual,llava-v1.5-7b,CMA-model_pred/raw,Rel,16,0.7294117647058823,1.0,"L0,L1,L2,L3,L8,L7,L9,L12,L14,L15,L16,L22,L24,L26,L27,L28",ok
observed_main,mmke-visual,llava-v1.5-7b,CMA-model_pred/raw,T-Gen,16,0.7294117647058823,1.0,"L0,L1,L2,L3,L8,L7,L9,L12,L14,L15,L16,L22,L24,L26,L27,L28",ok
observed_main,mmke-visual,llava-v1.5-7b,CMA-model_pred/raw,M-Gen,16,0.7323529411764705,1.0,"L0,L1,L2,L3,L8,L7,L9,L12,L14,L15,L16,L22,L24,L26,L27,L28",ok
observed_main,mmke-visual,llava-v1.5-7b,Perturb-KL-alt/raw,Rel,16,0.7205882352941176,1.0,"L0,L1,L2,L3,L7,L8,L9,L12,L14,L15,L16,L22,L24,L26,L27,L28",ok
observed_main,mmke-visual,llava-v1.5-7b,Perturb-KL-alt/raw,T-Gen,16,0.7205882352941176,1.0,"L0,L1,L2,L3,L7,L8,L9,L12,L14,L15,L16,L22,L24,L26,L27,L28",ok
observed_main,mmke-visual,llava-v1.5-7b,Perturb-KL-alt/raw,M-Gen,16,0.7235294117647059,1.0,"L0,L1,L2,L3,L7,L8,L9,L12,L14,L15,L16,L22,L24,L26,L27,L28",ok
observed_main,mmke-visual,llava-v1.5-7b,SaLEM-alt/raw,Average,16,0.7764705882352941,1.0,"L7,L8,L9,L12,L14,L15,L16,L3,L2,L22,L24,L26,L27,L28,L1,L0",ok
observed_main,mmke-visual,llava-v1.5-7b,LGA-Param/raw,Rel,16,-0.8,1.0,"L24,L22,L27,L26,L28,L0,L16,L15,L14,L2,L3,L12,L9,L8,L7,L1",ok
observed_main,mmke-visual,llava-v1.5-7b,LGA-Param/raw,T-Gen,16,-0.8,1.0,"L24,L22,L27,L26,L28,L0,L16,L15,L14,L2,L3,L12,L9,L8,L7,L1",ok
observed_main,mmke-visual,llava-v1.5-7b,LGA-Param/raw,M-Gen,16,-0.7911764705882353,1.0,"L24,L22,L27,L26,L28,L0,L16,L15,L14,L2,L3,L12,L9,L8,L7,L1",ok
observed_main,mmke-visual,llava-v1.5-7b,LGA-Param/raw,Average,16,-0.7647058823529411,1.0,"L24,L22,L27,L26,L28,L0,L16,L15,L14,L2,L3,L12,L9,L8,L7,L1",ok
observed_main,mmke-visual,llava-v1.5-7b,LGA-Param/tukey,Rel,15,-0.8571428571428571,1.0,"L24,L22,L27,L26,L28,L0,L16,L15,L14,L2,L3,L12,L9,L8,L7",ok
observed_main,mmke-visual,llava-v1.5-7b,LGA-Param/tukey,T-Gen,15,-0.8571428571428571,1.0,"L24,L22,L27,L26,L28,L0,L16,L15,L14,L2,L3,L12,L9,L8,L7",ok
observed_main,mmke-visual,llava-v1.5-7b,LGA-Param/tukey,M-Gen,15,-0.8321428571428572,1.0,"L24,L22,L27,L26,L28,L0,L16,L15,L14,L2,L3,L12,L9,L8,L7",ok
observed_main,mmke-visual,llava-v1.5-7b,LGA-Param/tukey,Average,15,-0.875,1.0,"L24,L22,L27,L26,L28,L0,L16,L15,L14,L2,L3,L12,L9,L8,L7",ok
observed_main,mmke-visual,paligemma-3b,Middle-Prior/raw,Rel,16,0.7420646247805888,1.0,"L8,L9,L7,L10,L6,L11,L5,L12,L4,L13,L3,L14,L2,L1,L0,L17",ok
observed_main,mmke-visual,paligemma-3b,Middle-Prior/raw,T-Gen,16,0.7160877603644057,1.0,"L8,L9,L7,L10,L6,L11,L5,L12,L4,L13,L3,L14,L2,L1,L0,L17",ok
observed_main,mmke-visual,paligemma-3b,Middle-Prior/raw,M-Gen,16,0.7884693028284475,1.0,"L8,L9,L7,L10,L6,L11,L5,L12,L4,L13,L3,L14,L2,L1,L0,L17",ok
observed_main,mmke-visual,smolvlm-1.7b,CMA-model_pred/raw,Rel,21,0.8597402597402597,0.9953271028037384,"L1,L0,L5,L2,L6,L4,L7,L8,L9,L10,L11,L12,L13,L14,L15,L16,L17,L18,L19,L20,L21",ok
observed_main,mmke-visual,smolvlm-1.7b,CMA-model_pred/raw,T-Gen,21,0.8753246753246753,0.9953271028037384,"L1,L0,L5,L2,L6,L4,L7,L8,L9,L10,L11,L12,L13,L14,L15,L16,L17,L18,L19,L20,L21",ok
observed_main,mmke-visual,smolvlm-1.7b,CMA-model_pred/raw,M-Gen,21,0.8808055027717927,0.9953271028037384,"L1,L0,L5,L2,L6,L4,L7,L8,L9,L10,L11,L12,L13,L14,L15,L16,L17,L18,L19,L20,L21",ok
observed_main,mmke-visual,smolvlm-1.7b,CMA-model_pred/raw,M-Loc,21,0.7168831168831169,0.9953271028037384,"L1,L0,L5,L2,L6,L4,L7,L8,L9,L10,L11,L12,L13,L14,L15,L16,L17,L18,L19,L20,L21",ok
observed_main,mmke-visual,smolvlm-1.7b,CMA-model_pred/raw,Average,21,0.9077922077922078,0.9953271028037384,"L1,L0,L5,L2,L6,L4,L7,L8,L9,L10,L11,L12,L13,L14,L15,L16,L17,L18,L19,L20,L21",ok
observed_main,mmke-visual,smolvlm-1.7b,Perturb-KL-alt/raw,Rel,21,0.7649350649350649,1.0,"L1,L4,L0,L2,L5,L6,L7,L8,L9,L21,L19,L10,L11,L18,L20,L12,L14,L13,L17,L15,L16",ok
observed_main,mmke-visual,smolvlm-1.7b,Perturb-KL-alt/raw,T-Gen,21,0.7766233766233767,1.0,"L1,L4,L0,L2,L5,L6,L7,L8,L9,L21,L19,L10,L11,L18,L20,L12,L14,L13,L17,L15,L16",ok
observed_main,mmke-visual,smolvlm-1.7b,Perturb-KL-alt/raw,M-Gen,21,0.7911660047020971,1.0,"L1,L4,L0,L2,L5,L6,L7,L8,L9,L21,L19,L10,L11,L18,L20,L12,L14,L13,L17,L15,L16",ok
observed_main,mmke-visual,smolvlm-1.7b,Perturb-KL-alt/raw,Average,21,0.7441558441558441,1.0,"L1,L4,L0,L2,L5,L6,L7,L8,L9,L21,L19,L10,L11,L18,L20,L12,L14,L13,L17,L15,L16",ok
observed_main,mmke-visual,smolvlm-1.7b,SaLEM-alt/raw,Rel,21,0.7103896103896103,1.0,"L9,L8,L0,L10,L7,L4,L6,L5,L11,L1,L2,L12,L13,L14,L15,L16,L18,L17,L19,L20,L21",ok
observed_main,mmke-visual,smolvlm-1.7b,SaLEM-alt/raw,T-Gen,21,0.7324675324675325,1.0,"L9,L8,L0,L10,L7,L4,L6,L5,L11,L1,L2,L12,L13,L14,L15,L16,L18,L17,L19,L20,L21",ok
observed_main,mmke-visual,smolvlm-1.7b,SaLEM-alt/raw,M-Gen,21,0.7249107235201481,1.0,"L9,L8,L0,L10,L7,L4,L6,L5,L11,L1,L2,L12,L13,L14,L15,L16,L18,L17,L19,L20,L21",ok
observed_main,mmke-visual,smolvlm-1.7b,SaLEM-alt/raw,Average,21,0.7610389610389611,1.0,"L9,L8,L0,L10,L7,L4,L6,L5,L11,L1,L2,L12,L13,L14,L15,L16,L18,L17,L19,L20,L21",ok
observed_main,mmke-entity,blip2-opt-2.7b,Middle-Prior/raw,Rel,21,-0.9021150137029679,1.0,"L15,L16,L14,L17,L13,L18,L19,L20,L21,L22,L23,L24,L25,L26,L4,L3,L2,L29,L1,L30,L0",ok
observed_main,mmke-entity,blip2-opt-2.7b,Middle-Prior/raw,T-Gen,21,-0.9024080509085861,1.0,"L15,L16,L14,L17,L13,L18,L19,L20,L21,L22,L23,L24,L25,L26,L4,L3,L2,L29,L1,L30,L0",ok
observed_main,mmke-entity,blip2-opt-2.7b,Middle-Prior/raw,M-Gen,21,-0.8800011633310133,1.0,"L15,L16,L14,L17,L13,L18,L19,L20,L21,L22,L23,L24,L25,L26,L4,L3,L2,L29,L1,L30,L0",ok
observed_main,mmke-entity,instructblip-vicuna-7b,Perturb-KL-alt/raw,T-Gen,23,0.7193675889328063,1.0,"L5,L4,L3,L2,L14,L15,L16,L17,L18,L19,L20,L22,L23,L0,L1,L24,L25,L26,L27,L29,L28,L30,L31",ok
observed_main,mmke-entity,instructblip-vicuna-7b,Perturb-KL-alt/raw,M-Gen,23,0.7025691699604744,1.0,"L5,L4,L3,L2,L14,L15,L16,L17,L18,L19,L20,L22,L23,L0,L1,L24,L25,L26,L27,L29,L28,L30,L31",ok
observed_main,mmke-entity,instructblip-vicuna-7b,Perturb-KL-alt/raw,Average,23,0.7144268774703557,1.0,"L5,L4,L3,L2,L14,L15,L16,L17,L18,L19,L20,L22,L23,L0,L1,L24,L25,L26,L27,L29,L28,L30,L31",ok
observed_main,mmke-entity,llava-v1.5-7b,Middle-Prior/raw,Rel,10,0.9268464986450383,1.0,"L15,L16,L14,L9,L22,L23,L24,L26,L27,L28",ok
observed_main,mmke-entity,llava-v1.5-7b,Middle-Prior/raw,T-Gen,10,0.9268464986450383,1.0,"L15,L16,L14,L9,L22,L23,L24,L26,L27,L28",ok
observed_main,mmke-entity,llava-v1.5-7b,Middle-Prior/raw,M-Gen,10,0.9388423105261694,1.0,"L15,L16,L14,L9,L22,L23,L24,L26,L27,L28",ok
observed_main,mmke-entity,llava-v1.5-7b,Middle-Prior/raw,Average,10,0.9451395216446115,1.0,"L15,L16,L14,L9,L22,L23,L24,L26,L27,L28",ok
observed_main,mmke-entity,llava-v1.5-7b,CMA-model_pred/raw,Rel,10,0.9030303030303031,1.0,"L9,L14,L15,L16,L22,L23,L24,L27,L26,L28",ok
observed_main,mmke-entity,llava-v1.5-7b,CMA-model_pred/raw,T-Gen,10,0.9030303030303031,1.0,"L9,L14,L15,L16,L22,L23,L24,L27,L26,L28",ok
observed_main,mmke-entity,llava-v1.5-7b,CMA-model_pred/raw,M-Gen,10,0.9118583155200969,1.0,"L9,L14,L15,L16,L22,L23,L24,L27,L26,L28",ok
observed_main,mmke-entity,llava-v1.5-7b,CMA-model_pred/raw,Average,10,0.9151515151515152,1.0,"L9,L14,L15,L16,L22,L23,L24,L27,L26,L28",ok
observed_main,mmke-entity,llava-v1.5-7b,Perturb-KL-alt/raw,Rel,10,0.8909090909090909,1.0,"L9,L14,L15,L16,L22,L23,L24,L26,L27,L28",ok
observed_main,mmke-entity,llava-v1.5-7b,Perturb-KL-alt/raw,T-Gen,10,0.8909090909090909,1.0,"L9,L14,L15,L16,L22,L23,L24,L26,L27,L28",ok
observed_main,mmke-entity,llava-v1.5-7b,Perturb-KL-alt/raw,M-Gen,10,0.8997002046464956,1.0,"L9,L14,L15,L16,L22,L23,L24,L26,L27,L28",ok
observed_main,mmke-entity,llava-v1.5-7b,Perturb-KL-alt/raw,Average,10,0.9030303030303031,1.0,"L9,L14,L15,L16,L22,L23,L24,L26,L27,L28",ok
observed_main,mmke-entity,llava-v1.5-7b,LGA-Param/raw,Rel,10,0.8666666666666667,1.0,"L9,L14,L15,L16,L23,L22,L24,L28,L26,L27",ok
observed_main,mmke-entity,llava-v1.5-7b,LGA-Param/raw,T-Gen,10,0.8666666666666667,1.0,"L9,L14,L15,L16,L23,L22,L24,L28,L26,L27",ok
observed_main,mmke-entity,llava-v1.5-7b,LGA-Param/raw,M-Gen,10,0.8632258720256917,1.0,"L9,L14,L15,L16,L23,L22,L24,L28,L26,L27",ok
observed_main,mmke-entity,llava-v1.5-7b,LGA-Param/raw,Average,10,0.8545454545454545,1.0,"L9,L14,L15,L16,L23,L22,L24,L28,L26,L27",ok
observed_main,mmke-entity,llava-v1.5-7b,LGA-Param/tukey,Rel,10,0.8666666666666667,1.0,"L9,L14,L15,L16,L23,L22,L24,L28,L26,L27",ok
observed_main,mmke-entity,llava-v1.5-7b,LGA-Param/tukey,T-Gen,10,0.8666666666666667,1.0,"L9,L14,L15,L16,L23,L22,L24,L28,L26,L27",ok
observed_main,mmke-entity,llava-v1.5-7b,LGA-Param/tukey,M-Gen,10,0.8632258720256917,1.0,"L9,L14,L15,L16,L23,L22,L24,L28,L26,L27",ok
observed_main,mmke-entity,llava-v1.5-7b,LGA-Param/tukey,Average,10,0.8545454545454545,1.0,"L9,L14,L15,L16,L23,L22,L24,L28,L26,L27",ok
observed_main,mmke-entity,qwen2.5-vl-3b,Middle-Prior/raw,Rel,21,-0.7369797914124415,1.0,"L17,L18,L16,L15,L20,L14,L21,L13,L22,L10,L25,L26,L27,L28,L6,L29,L30,L3,L2,L1,L0",ok
observed_main,mmke-entity,qwen2.5-vl-3b,Middle-Prior/raw,T-Gen,21,-0.7220966278114235,1.0,"L17,L18,L16,L15,L20,L14,L21,L13,L22,L10,L25,L26,L27,L28,L6,L29,L30,L3,L2,L1,L0",ok
observed_main,mmke-entity,qwen2.5-vl-3b,Middle-Prior/raw,M-Gen,21,-0.7373911485446982,1.0,"L17,L18,L16,L15,L20,L14,L21,L13,L22,L10,L25,L26,L27,L28,L6,L29,L30,L3,L2,L1,L0",ok
observed_main,mmke-entity,qwen2.5-vl-3b,Middle-Prior/raw,Average,21,-0.7238687921524614,1.0,"L17,L18,L16,L15,L20,L14,L21,L13,L22,L10,L25,L26,L27,L28,L6,L29,L30,L3,L2,L1,L0",ok
observed_main,mmke-entity,paligemma-3b,SaLEM-alt/raw,Rel,16,-0.7588235294117647,1.0,"L17,L16,L13,L0,L10,L9,L8,L11,L12,L7,L5,L6,L1,L4,L2,L3",ok
observed_main,mmke-entity,paligemma-3b,SaLEM-alt/raw,T-Gen,16,-0.7735294117647059,1.0,"L17,L16,L13,L0,L10,L9,L8,L11,L12,L7,L5,L6,L1,L4,L2,L3",ok
observed_main,mmke-entity,paligemma-3b,SaLEM-alt/raw,M-Gen,16,-0.7667404577611014,1.0,"L17,L16,L13,L0,L10,L9,L8,L11,L12,L7,L5,L6,L1,L4,L2,L3",ok
observed_main,mmke-entity,smolvlm-1.7b,CMA-model_pred/raw,M-Loc,16,0.7181753232004175,0.9921383647798742,"L0,L1,L2,L9,L7,L6,L8,L10,L12,L11,L13,L14,L15,L16,L17,L18",ok
observed_main,evqa-pilot500,blip2-opt-2.7b,LGA-Visual/tukey,Rel,15,0.7678571428571429,0.93,"L5,L10,L14,L15,L16,L17,L18,L19,L20,L21,L24,L25,L26,L29,L30",ok
observed_main,evqa-pilot500,blip2-opt-2.7b,LGA-Visual/tukey,T-Gen,15,0.8142857142857143,0.93,"L5,L10,L14,L15,L16,L17,L18,L19,L20,L21,L24,L25,L26,L29,L30",ok
observed_main,evqa-pilot500,blip2-opt-2.7b,LGA-Visual/tukey,M-Gen,15,0.7571428571428571,0.93,"L5,L10,L14,L15,L16,L17,L18,L19,L20,L21,L24,L25,L26,L29,L30",ok
observed_main,evqa-pilot500,blip2-opt-2.7b,LGA-Visual-no-direction/tukey,Rel,15,0.7678571428571429,0.93,"L5,L10,L14,L15,L16,L17,L18,L19,L20,L21,L24,L25,L26,L29,L30",ok
observed_main,evqa-pilot500,blip2-opt-2.7b,LGA-Visual-no-direction/tukey,T-Gen,15,0.8142857142857143,0.93,"L5,L10,L14,L15,L16,L17,L18,L19,L20,L21,L24,L25,L26,L29,L30",ok
observed_main,evqa-pilot500,blip2-opt-2.7b,LGA-Visual-no-direction/tukey,M-Gen,15,0.7571428571428571,0.93,"L5,L10,L14,L15,L16,L17,L18,L19,L20,L21,L24,L25,L26,L29,L30",ok
observed_main,evqa-pilot500,instructblip-vicuna-7b,Ours-main/raw,M-Loc,15,-0.8714285714285714,1.0,"L1,L0,L11,L3,L4,L2,L14,L15,L16,L18,L19,L25,L26,L27,L28",ok
observed_main,evqa-pilot500,instructblip-vicuna-7b,Ours-main/tukey,M-Loc,15,-0.8714285714285714,1.0,"L1,L0,L11,L3,L4,L2,L14,L15,L16,L18,L19,L25,L26,L27,L28",ok
observed_main,evqa-pilot500,instructblip-vicuna-7b,Ours-no-direction/raw,M-Loc,15,-0.8714285714285714,1.0,"L1,L0,L11,L3,L4,L2,L14,L15,L16,L18,L19,L25,L26,L27,L28",ok
observed_main,evqa-pilot500,instructblip-vicuna-7b,Ours-no-direction/tukey,M-Loc,15,-0.8714285714285714,1.0,"L1,L0,L11,L3,L4,L2,L14,L15,L16,L18,L19,L25,L26,L27,L28",ok
observed_main,evqa-pilot500,instructblip-vicuna-7b,Ours-no-strength/raw,M-Loc,15,-0.7357142857142858,1.0,"L1,L0,L18,L15,L14,L19,L16,L11,L4,L2,L3,L25,L26,L27,L28",ok
observed_main,evqa-pilot500,instructblip-vicuna-7b,Ours-no-strength/tukey,Rel,9,-0.728039845617479,1.0,"L18,L15,L14,L19,L16,L11,L4,L2,L3",ok
observed_main,evqa-pilot500,instructblip-vicuna-7b,Ours-no-strength/tukey,T-Gen,9,-0.8333333333333334,1.0,"L18,L15,L14,L19,L16,L11,L4,L2,L3",ok
observed_main,evqa-pilot500,instructblip-vicuna-7b,LGA-Visual/raw,M-Loc,15,-0.8714285714285714,1.0,"L1,L0,L11,L3,L4,L2,L14,L15,L16,L18,L19,L25,L26,L27,L28",ok
observed_main,evqa-pilot500,instructblip-vicuna-7b,LGA-Visual/tukey,M-Loc,13,-0.8021978021978022,1.0,"L11,L3,L4,L2,L14,L15,L16,L18,L19,L25,L26,L27,L28",ok
observed_main,evqa-pilot500,instructblip-vicuna-7b,LGA-Visual-no-direction/raw,M-Loc,15,-0.8714285714285714,1.0,"L1,L0,L11,L3,L4,L2,L14,L15,L16,L18,L19,L25,L26,L27,L28",ok
observed_main,evqa-pilot500,instructblip-vicuna-7b,LGA-Visual-no-direction/tukey,M-Loc,13,-0.8021978021978022,1.0,"L11,L3,L4,L2,L14,L15,L16,L18,L19,L25,L26,L27,L28",ok
observed_main,evqa-pilot500,minigpt-4-vicuna-7b,Ours-no-direction/raw,Rel,21,0.7441558441558441,0.998,"L0,L1,L2,L7,L8,L9,L10,L14,L15,L16,L17,L18,L19,L22,L24,L25,L26,L28,L29,L30,L31",ok
observed_main,evqa-pilot500,minigpt-4-vicuna-7b,Ours-no-direction/raw,M-Gen,21,0.7268594082607935,0.998,"L0,L1,L2,L7,L8,L9,L10,L14,L15,L16,L17,L18,L19,L22,L24,L25,L26,L28,L29,L30,L31",ok
observed_main,evqa-pilot500,minigpt-4-vicuna-7b,Ours-no-direction/tukey,Rel,21,0.7441558441558441,0.998,"L0,L1,L2,L7,L8,L9,L10,L14,L15,L16,L17,L18,L19,L22,L24,L25,L26,L28,L29,L30,L31",ok
observed_main,evqa-pilot500,minigpt-4-vicuna-7b,Ours-no-direction/tukey,M-Gen,21,0.7268594082607935,0.998,"L0,L1,L2,L7,L8,L9,L10,L14,L15,L16,L17,L18,L19,L22,L24,L25,L26,L28,L29,L30,L31",ok
observed_main,evqa-pilot500,minigpt-4-vicuna-7b,LGA-Visual-no-direction/raw,Rel,21,0.7441558441558441,0.998,"L0,L1,L2,L7,L8,L9,L10,L14,L15,L16,L17,L18,L19,L22,L24,L25,L26,L28,L29,L30,L31",ok
observed_main,evqa-pilot500,minigpt-4-vicuna-7b,LGA-Visual-no-direction/raw,M-Gen,21,0.7268594082607935,0.998,"L0,L1,L2,L7,L8,L9,L10,L14,L15,L16,L17,L18,L19,L22,L24,L25,L26,L28,L29,L30,L31",ok
observed_main,evqa-pilot500,minigpt-4-vicuna-7b,LGA-Visual-no-direction/tukey,Rel,21,0.7441558441558441,0.998,"L0,L1,L2,L7,L8,L9,L10,L14,L15,L16,L17,L18,L19,L22,L24,L25,L26,L28,L29,L30,L31",ok
observed_main,evqa-pilot500,minigpt-4-vicuna-7b,LGA-Visual-no-direction/tukey,M-Gen,21,0.7268594082607935,0.998,"L0,L1,L2,L7,L8,L9,L10,L14,L15,L16,L17,L18,L19,L22,L24,L25,L26,L28,L29,L30,L31",ok
observed_main,evqa-pilot500,smolvlm-1.7b,Ours-main/raw,Rel,20,0.7368421052631579,1.0,"L0,L1,L2,L3,L5,L7,L8,L9,L10,L11,L12,L14,L13,L15,L16,L17,L19,L20,L21,L22",ok
observed_main,evqa-pilot500,smolvlm-1.7b,Ours-main/raw,T-Gen,20,0.7759398496240602,1.0,"L0,L1,L2,L3,L5,L7,L8,L9,L10,L11,L12,L14,L13,L15,L16,L17,L19,L20,L21,L22",ok
observed_main,evqa-pilot500,smolvlm-1.7b,Ours-main/raw,M-Gen,20,0.7804511278195488,1.0,"L0,L1,L2,L3,L5,L7,L8,L9,L10,L11,L12,L14,L13,L15,L16,L17,L19,L20,L21,L22",ok
observed_main,evqa-pilot500,smolvlm-1.7b,Ours-main/tukey,Rel,20,0.7368421052631579,1.0,"L0,L1,L2,L3,L5,L7,L8,L9,L10,L11,L12,L14,L13,L15,L16,L17,L19,L20,L21,L22",ok
observed_main,evqa-pilot500,smolvlm-1.7b,Ours-main/tukey,T-Gen,20,0.7759398496240602,1.0,"L0,L1,L2,L3,L5,L7,L8,L9,L10,L11,L12,L14,L13,L15,L16,L17,L19,L20,L21,L22",ok
observed_main,evqa-pilot500,smolvlm-1.7b,Ours-main/tukey,M-Gen,20,0.7804511278195488,1.0,"L0,L1,L2,L3,L5,L7,L8,L9,L10,L11,L12,L14,L13,L15,L16,L17,L19,L20,L21,L22",ok
observed_main,evqa-pilot500,smolvlm-1.7b,Ours-no-direction/raw,Rel,20,0.718796992481203,1.0,"L0,L1,L2,L3,L5,L7,L8,L9,L10,L11,L12,L13,L14,L15,L16,L17,L19,L20,L21,L22",ok
observed_main,evqa-pilot500,smolvlm-1.7b,Ours-no-direction/raw,T-Gen,20,0.7669172932330827,1.0,"L0,L1,L2,L3,L5,L7,L8,L9,L10,L11,L12,L13,L14,L15,L16,L17,L19,L20,L21,L22",ok
observed_main,evqa-pilot500,smolvlm-1.7b,Ours-no-direction/raw,M-Gen,20,0.7684210526315789,1.0,"L0,L1,L2,L3,L5,L7,L8,L9,L10,L11,L12,L13,L14,L15,L16,L17,L19,L20,L21,L22",ok
observed_main,evqa-pilot500,smolvlm-1.7b,Ours-no-direction/tukey,T-Gen,19,0.7280701754385965,1.0,"L1,L2,L3,L5,L7,L8,L9,L10,L11,L12,L13,L14,L15,L16,L17,L19,L20,L21,L22",ok
observed_main,evqa-pilot500,smolvlm-1.7b,Ours-no-direction/tukey,M-Gen,19,0.7298245614035088,1.0,"L1,L2,L3,L5,L7,L8,L9,L10,L11,L12,L13,L14,L15,L16,L17,L19,L20,L21,L22",ok
observed_main,evqa-pilot500,smolvlm-1.7b,LGA-Visual/raw,Rel,20,-0.7368421052631579,1.0,"L22,L21,L20,L19,L17,L16,L15,L13,L14,L12,L11,L10,L9,L8,L7,L5,L3,L2,L1,L0",ok
observed_main,evqa-pilot500,smolvlm-1.7b,LGA-Visual/raw,T-Gen,20,-0.7759398496240602,1.0,"L22,L21,L20,L19,L17,L16,L15,L13,L14,L12,L11,L10,L9,L8,L7,L5,L3,L2,L1,L0",ok
observed_main,evqa-pilot500,smolvlm-1.7b,LGA-Visual/raw,M-Gen,20,-0.7804511278195488,1.0,"L22,L21,L20,L19,L17,L16,L15,L13,L14,L12,L11,L10,L9,L8,L7,L5,L3,L2,L1,L0",ok
observed_main,evqa-pilot500,smolvlm-1.7b,LGA-Visual/tukey,Rel,18,-0.7791537667698658,1.0,"L22,L21,L20,L19,L17,L16,L15,L13,L14,L12,L11,L10,L9,L8,L7,L5,L3,L2",ok
observed_main,evqa-pilot500,smolvlm-1.7b,LGA-Visual/tukey,T-Gen,18,-0.8286893704850361,1.0,"L22,L21,L20,L19,L17,L16,L15,L13,L14,L12,L11,L10,L9,L8,L7,L5,L3,L2",ok
observed_main,evqa-pilot500,smolvlm-1.7b,LGA-Visual/tukey,M-Gen,18,-0.8121775025799793,1.0,"L22,L21,L20,L19,L17,L16,L15,L13,L14,L12,L11,L10,L9,L8,L7,L5,L3,L2",ok
observed_main,evqa-pilot500,smolvlm-1.7b,LGA-Visual/tukey,Average,18,-0.7915376676986584,1.0,"L22,L21,L20,L19,L17,L16,L15,L13,L14,L12,L11,L10,L9,L8,L7,L5,L3,L2",ok
observed_main,evqa-pilot500,smolvlm-1.7b,LGA-Visual-no-direction/raw,Rel,20,0.718796992481203,1.0,"L0,L1,L2,L3,L5,L7,L8,L9,L10,L11,L12,L13,L14,L15,L16,L17,L19,L20,L21,L22",ok
observed_main,evqa-pilot500,smolvlm-1.7b,LGA-Visual-no-direction/raw,T-Gen,20,0.7669172932330827,1.0,"L0,L1,L2,L3,L5,L7,L8,L9,L10,L11,L12,L13,L14,L15,L16,L17,L19,L20,L21,L22",ok
observed_main,evqa-pilot500,smolvlm-1.7b,LGA-Visual-no-direction/raw,M-Gen,20,0.7684210526315789,1.0,"L0,L1,L2,L3,L5,L7,L8,L9,L10,L11,L12,L13,L14,L15,L16,L17,L19,L20,L21,L22",ok
observed_main,evqa-pilot500,smolvlm-1.7b,LGA-Visual-no-direction/tukey,Rel,17,0.7941176470588235,1.0,"L3,L5,L7,L8,L9,L10,L11,L12,L13,L14,L15,L16,L17,L19,L20,L21,L22",ok
observed_main,evqa-pilot500,smolvlm-1.7b,LGA-Visual-no-direction/tukey,T-Gen,17,0.8602941176470589,1.0,"L3,L5,L7,L8,L9,L10,L11,L12,L13,L14,L15,L16,L17,L19,L20,L21,L22",ok
observed_main,evqa-pilot500,smolvlm-1.7b,LGA-Visual-no-direction/tukey,M-Gen,17,0.8382352941176471,1.0,"L3,L5,L7,L8,L9,L10,L11,L12,L13,L14,L15,L16,L17,L19,L20,L21,L22",ok
observed_main,evqa-pilot500,smolvlm-1.7b,LGA-Visual-no-direction/tukey,Average,17,0.8137254901960784,1.0,"L3,L5,L7,L8,L9,L10,L11,L12,L13,L14,L15,L16,L17,L19,L20,L21,L22",ok
observed_main,mmke-visual,minigpt-4-vicuna-7b,Ours-no-direction/raw,Rel,21,0.7493506493506493,1.0,"L0,L1,L2,L3,L5,L8,L9,L10,L11,L14,L15,L16,L17,L18,L24,L25,L26,L27,L28,L29,L31",ok
observed_main,mmke-visual,minigpt-4-vicuna-7b,Ours-no-direction/raw,T-Gen,21,0.7766233766233767,1.0,"L0,L1,L2,L3,L5,L8,L9,L10,L11,L14,L15,L16,L17,L18,L24,L25,L26,L27,L28,L29,L31",ok
observed_main,mmke-visual,minigpt-4-vicuna-7b,Ours-no-direction/raw,M-Gen,21,0.7753246753246753,1.0,"L0,L1,L2,L3,L5,L8,L9,L10,L11,L14,L15,L16,L17,L18,L24,L25,L26,L27,L28,L29,L31",ok
observed_main,mmke-visual,minigpt-4-vicuna-7b,Ours-no-direction/raw,Average,21,0.7584415584415585,1.0,"L0,L1,L2,L3,L5,L8,L9,L10,L11,L14,L15,L16,L17,L18,L24,L25,L26,L27,L28,L29,L31",ok
observed_main,mmke-visual,minigpt-4-vicuna-7b,Ours-no-direction/tukey,Rel,21,0.7493506493506493,1.0,"L0,L1,L2,L3,L5,L8,L9,L10,L11,L14,L15,L16,L17,L18,L24,L25,L26,L27,L28,L29,L31",ok
observed_main,mmke-visual,minigpt-4-vicuna-7b,Ours-no-direction/tukey,T-Gen,21,0.7766233766233767,1.0,"L0,L1,L2,L3,L5,L8,L9,L10,L11,L14,L15,L16,L17,L18,L24,L25,L26,L27,L28,L29,L31",ok
observed_main,mmke-visual,minigpt-4-vicuna-7b,Ours-no-direction/tukey,M-Gen,21,0.7753246753246753,1.0,"L0,L1,L2,L3,L5,L8,L9,L10,L11,L14,L15,L16,L17,L18,L24,L25,L26,L27,L28,L29,L31",ok
observed_main,mmke-visual,minigpt-4-vicuna-7b,Ours-no-direction/tukey,Average,21,0.7584415584415585,1.0,"L0,L1,L2,L3,L5,L8,L9,L10,L11,L14,L15,L16,L17,L18,L24,L25,L26,L27,L28,L29,L31",ok
observed_main,mmke-visual,minigpt-4-vicuna-7b,LGA-Visual/raw,Rel,21,-0.9207792207792208,1.0,"L31,L29,L28,L26,L25,L27,L24,L18,L17,L16,L15,L14,L2,L0,L1,L3,L11,L5,L10,L8,L9",ok
observed_main,mmke-visual,minigpt-4-vicuna-7b,LGA-Visual/raw,T-Gen,21,-0.9246753246753247,1.0,"L31,L29,L28,L26,L25,L27,L24,L18,L17,L16,L15,L14,L2,L0,L1,L3,L11,L5,L10,L8,L9",ok
observed_main,mmke-visual,minigpt-4-vicuna-7b,LGA-Visual/raw,M-Gen,21,-0.9376623376623376,1.0,"L31,L29,L28,L26,L25,L27,L24,L18,L17,L16,L15,L14,L2,L0,L1,L3,L11,L5,L10,L8,L9",ok
observed_main,mmke-visual,minigpt-4-vicuna-7b,LGA-Visual/raw,Average,21,-0.9051948051948052,1.0,"L31,L29,L28,L26,L25,L27,L24,L18,L17,L16,L15,L14,L2,L0,L1,L3,L11,L5,L10,L8,L9",ok
observed_main,mmke-visual,minigpt-4-vicuna-7b,LGA-Visual/tukey,Rel,20,-0.9082706766917293,1.0,"L29,L28,L26,L25,L27,L24,L18,L17,L16,L15,L14,L2,L0,L1,L3,L11,L5,L10,L8,L9",ok
observed_main,mmke-visual,minigpt-4-vicuna-7b,LGA-Visual/tukey,T-Gen,20,-0.912781954887218,1.0,"L29,L28,L26,L25,L27,L24,L18,L17,L16,L15,L14,L2,L0,L1,L3,L11,L5,L10,L8,L9",ok
observed_main,mmke-visual,minigpt-4-vicuna-7b,LGA-Visual/tukey,M-Gen,20,-0.9278195488721804,1.0,"L29,L28,L26,L25,L27,L24,L18,L17,L16,L15,L14,L2,L0,L1,L3,L11,L5,L10,L8,L9",ok
observed_main,mmke-visual,minigpt-4-vicuna-7b,LGA-Visual/tukey,Average,20,-0.8902255639097745,1.0,"L29,L28,L26,L25,L27,L24,L18,L17,L16,L15,L14,L2,L0,L1,L3,L11,L5,L10,L8,L9",ok
observed_main,mmke-visual,minigpt-4-vicuna-7b,LGA-Visual-no-direction/raw,Rel,21,0.7493506493506493,1.0,"L0,L1,L2,L3,L5,L8,L9,L10,L11,L14,L15,L16,L17,L18,L24,L25,L26,L27,L28,L29,L31",ok
observed_main,mmke-visual,minigpt-4-vicuna-7b,LGA-Visual-no-direction/raw,T-Gen,21,0.7766233766233767,1.0,"L0,L1,L2,L3,L5,L8,L9,L10,L11,L14,L15,L16,L17,L18,L24,L25,L26,L27,L28,L29,L31",ok
observed_main,mmke-visual,minigpt-4-vicuna-7b,LGA-Visual-no-direction/raw,M-Gen,21,0.7753246753246753,1.0,"L0,L1,L2,L3,L5,L8,L9,L10,L11,L14,L15,L16,L17,L18,L24,L25,L26,L27,L28,L29,L31",ok
observed_main,mmke-visual,minigpt-4-vicuna-7b,LGA-Visual-no-direction/raw,Average,21,0.7584415584415585,1.0,"L0,L1,L2,L3,L5,L8,L9,L10,L11,L14,L15,L16,L17,L18,L24,L25,L26,L27,L28,L29,L31",ok
observed_main,mmke-visual,minigpt-4-vicuna-7b,LGA-Visual-no-direction/tukey,Rel,21,0.7493506493506493,1.0,"L0,L1,L2,L3,L5,L8,L9,L10,L11,L14,L15,L16,L17,L18,L24,L25,L26,L27,L28,L29,L31",ok
observed_main,mmke-visual,minigpt-4-vicuna-7b,LGA-Visual-no-direction/tukey,T-Gen,21,0.7766233766233767,1.0,"L0,L1,L2,L3,L5,L8,L9,L10,L11,L14,L15,L16,L17,L18,L24,L25,L26,L27,L28,L29,L31",ok
observed_main,mmke-visual,minigpt-4-vicuna-7b,LGA-Visual-no-direction/tukey,M-Gen,21,0.7753246753246753,1.0,"L0,L1,L2,L3,L5,L8,L9,L10,L11,L14,L15,L16,L17,L18,L24,L25,L26,L27,L28,L29,L31",ok
observed_main,mmke-visual,minigpt-4-vicuna-7b,LGA-Visual-no-direction/tukey,Average,21,0.7584415584415585,1.0,"L0,L1,L2,L3,L5,L8,L9,L10,L11,L14,L15,L16,L17,L18,L24,L25,L26,L27,L28,L29,L31",ok
observed_main,mmke-visual,llava-v1.5-7b,Ours-main/raw,Rel,16,0.7176470588235294,1.0,"L0,L3,L1,L2,L7,L8,L9,L12,L14,L15,L16,L22,L26,L27,L24,L28",ok
observed_main,mmke-visual,llava-v1.5-7b,Ours-main/raw,T-Gen,16,0.7176470588235294,1.0,"L0,L3,L1,L2,L7,L8,L9,L12,L14,L15,L16,L22,L26,L27,L24,L28",ok
observed_main,mmke-visual,llava-v1.5-7b,Ours-main/raw,M-Gen,16,0.7176470588235294,1.0,"L0,L3,L1,L2,L7,L8,L9,L12,L14,L15,L16,L22,L26,L27,L24,L28",ok
observed_main,mmke-visual,llava-v1.5-7b,Ours-main/tukey,Rel,16,0.7176470588235294,1.0,"L0,L3,L1,L2,L7,L8,L9,L12,L14,L15,L16,L22,L26,L27,L24,L28",ok
observed_main,mmke-visual,llava-v1.5-7b,Ours-main/tukey,T-Gen,16,0.7176470588235294,1.0,"L0,L3,L1,L2,L7,L8,L9,L12,L14,L15,L16,L22,L26,L27,L24,L28",ok
observed_main,mmke-visual,llava-v1.5-7b,Ours-main/tukey,M-Gen,16,0.7176470588235294,1.0,"L0,L3,L1,L2,L7,L8,L9,L12,L14,L15,L16,L22,L26,L27,L24,L28",ok
observed_main,mmke-visual,llava-v1.5-7b,Ours-no-direction/raw,Rel,16,0.7235294117647059,1.0,"L0,L3,L1,L2,L7,L8,L9,L12,L14,L15,L16,L22,L24,L26,L27,L28",ok
observed_main,mmke-visual,llava-v1.5-7b,Ours-no-direction/raw,T-Gen,16,0.7235294117647059,1.0,"L0,L3,L1,L2,L7,L8,L9,L12,L14,L15,L16,L22,L24,L26,L27,L28",ok
observed_main,mmke-visual,llava-v1.5-7b,Ours-no-direction/raw,M-Gen,16,0.7235294117647059,1.0,"L0,L3,L1,L2,L7,L8,L9,L12,L14,L15,L16,L22,L24,L26,L27,L28",ok
observed_main,mmke-visual,llava-v1.5-7b,Ours-no-direction/tukey,Rel,16,0.7235294117647059,1.0,"L0,L3,L1,L2,L7,L8,L9,L12,L14,L15,L16,L22,L24,L26,L27,L28",ok
observed_main,mmke-visual,llava-v1.5-7b,Ours-no-direction/tukey,T-Gen,16,0.7235294117647059,1.0,"L0,L3,L1,L2,L7,L8,L9,L12,L14,L15,L16,L22,L24,L26,L27,L28",ok
observed_main,mmke-visual,llava-v1.5-7b,Ours-no-direction/tukey,M-Gen,16,0.7235294117647059,1.0,"L0,L3,L1,L2,L7,L8,L9,L12,L14,L15,L16,L22,L24,L26,L27,L28",ok
observed_main,mmke-visual,llava-v1.5-7b,Ours-no-strength/raw,Rel,16,-0.711764705882353,1.0,"L28,L27,L26,L24,L22,L14,L0,L15,L1,L2,L3,L9,L7,L16,L8,L12",ok
observed_main,mmke-visual,llava-v1.5-7b,Ours-no-strength/raw,T-Gen,16,-0.711764705882353,1.0,"L28,L27,L26,L24,L22,L14,L0,L15,L1,L2,L3,L9,L7,L16,L8,L12",ok
observed_main,mmke-visual,llava-v1.5-7b,Ours-no-strength/raw,Average,16,-0.7735294117647059,1.0,"L28,L27,L26,L24,L22,L14,L0,L15,L1,L2,L3,L9,L7,L16,L8,L12",ok
observed_main,mmke-visual,llava-v1.5-7b,LGA-Visual/raw,Rel,16,-0.788235294117647,1.0,"L28,L27,L26,L24,L22,L16,L15,L14,L12,L9,L8,L7,L1,L0,L2,L3",ok
observed_main,mmke-visual,llava-v1.5-7b,LGA-Visual/raw,T-Gen,16,-0.788235294117647,1.0,"L28,L27,L26,L24,L22,L16,L15,L14,L12,L9,L8,L7,L1,L0,L2,L3",ok
observed_main,mmke-visual,llava-v1.5-7b,LGA-Visual/raw,M-Gen,16,-0.7852941176470588,1.0,"L28,L27,L26,L24,L22,L16,L15,L14,L12,L9,L8,L7,L1,L0,L2,L3",ok
observed_main,mmke-visual,llava-v1.5-7b,LGA-Visual/tukey,Rel,16,-0.788235294117647,1.0,"L28,L27,L26,L24,L22,L16,L15,L14,L12,L9,L8,L7,L1,L0,L2,L3",ok
observed_main,mmke-visual,llava-v1.5-7b,LGA-Visual/tukey,T-Gen,16,-0.788235294117647,1.0,"L28,L27,L26,L24,L22,L16,L15,L14,L12,L9,L8,L7,L1,L0,L2,L3",ok
observed_main,mmke-visual,llava-v1.5-7b,LGA-Visual/tukey,M-Gen,16,-0.7852941176470588,1.0,"L28,L27,L26,L24,L22,L16,L15,L14,L12,L9,L8,L7,L1,L0,L2,L3",ok
observed_main,mmke-visual,llava-v1.5-7b,LGA-Visual-no-direction/raw,Rel,16,0.7705882352941177,1.0,"L3,L0,L2,L7,L1,L8,L9,L12,L14,L15,L16,L22,L24,L26,L27,L28",ok
observed_main,mmke-visual,llava-v1.5-7b,LGA-Visual-no-direction/raw,T-Gen,16,0.7705882352941177,1.0,"L3,L0,L2,L7,L1,L8,L9,L12,L14,L15,L16,L22,L24,L26,L27,L28",ok
observed_main,mmke-visual,llava-v1.5-7b,LGA-Visual-no-direction/raw,M-Gen,16,0.7617647058823529,1.0,"L3,L0,L2,L7,L1,L8,L9,L12,L14,L15,L16,L22,L24,L26,L27,L28",ok
observed_main,mmke-visual,llava-v1.5-7b,LGA-Visual-no-direction/tukey,Rel,16,0.7705882352941177,1.0,"L3,L0,L2,L7,L1,L8,L9,L12,L14,L15,L16,L22,L24,L26,L27,L28",ok
observed_main,mmke-visual,llava-v1.5-7b,LGA-Visual-no-direction/tukey,T-Gen,16,0.7705882352941177,1.0,"L3,L0,L2,L7,L1,L8,L9,L12,L14,L15,L16,L22,L24,L26,L27,L28",ok
observed_main,mmke-visual,llava-v1.5-7b,LGA-Visual-no-direction/tukey,M-Gen,16,0.7617647058823529,1.0,"L3,L0,L2,L7,L1,L8,L9,L12,L14,L15,L16,L22,L24,L26,L27,L28",ok
observed_main,mmke-visual,qwen2.5-vl-3b,Ours-no-strength/raw,M-Gen,23,0.7081789195686454,1.0,"L12,L10,L11,L9,L13,L8,L7,L6,L0,L3,L1,L14,L2,L22,L16,L17,L19,L18,L20,L28,L30,L27,L26",ok
observed_main,mmke-visual,qwen2.5-vl-3b,Ours-no-strength/tukey,M-Gen,23,0.7081789195686454,1.0,"L12,L10,L11,L9,L13,L8,L7,L6,L0,L3,L1,L14,L2,L22,L16,L17,L19,L18,L20,L28,L30,L27,L26",ok
observed_main,mmke-visual,paligemma-3b,LGA-Visual-no-direction/tukey,M-Loc,14,-0.7714285714285715,1.0,"L3,L2,L6,L7,L1,L0,L8,L9,L10,L11,L12,L13,L14,L17",ok
observed_main,mmke-visual,smolvlm-1.7b,Ours-main/raw,Rel,21,0.8753246753246753,1.0,"L0,L1,L2,L4,L5,L6,L7,L8,L9,L10,L11,L12,L13,L14,L16,L15,L17,L18,L19,L21,L20",ok
observed_main,mmke-visual,smolvlm-1.7b,Ours-main/raw,T-Gen,21,0.8883116883116883,1.0,"L0,L1,L2,L4,L5,L6,L7,L8,L9,L10,L11,L12,L13,L14,L16,L15,L17,L18,L19,L21,L20",ok
observed_main,mmke-visual,smolvlm-1.7b,Ours-main/raw,M-Gen,21,0.8905489264750206,1.0,"L0,L1,L2,L4,L5,L6,L7,L8,L9,L10,L11,L12,L13,L14,L16,L15,L17,L18,L19,L21,L20",ok
observed_main,mmke-visual,smolvlm-1.7b,Ours-main/raw,M-Loc,21,0.7142857142857143,1.0,"L0,L1,L2,L4,L5,L6,L7,L8,L9,L10,L11,L12,L13,L14,L16,L15,L17,L18,L19,L21,L20",ok
observed_main,mmke-visual,smolvlm-1.7b,Ours-main/raw,Average,21,0.9116883116883117,1.0,"L0,L1,L2,L4,L5,L6,L7,L8,L9,L10,L11,L12,L13,L14,L16,L15,L17,L18,L19,L21,L20",ok
observed_main,mmke-visual,smolvlm-1.7b,Ours-main/tukey,Rel,21,0.8753246753246753,1.0,"L0,L1,L2,L4,L5,L6,L7,L8,L9,L10,L11,L12,L13,L14,L16,L15,L17,L18,L19,L21,L20",ok
observed_main,mmke-visual,smolvlm-1.7b,Ours-main/tukey,T-Gen,21,0.8883116883116883,1.0,"L0,L1,L2,L4,L5,L6,L7,L8,L9,L10,L11,L12,L13,L14,L16,L15,L17,L18,L19,L21,L20",ok
observed_main,mmke-visual,smolvlm-1.7b,Ours-main/tukey,M-Gen,21,0.8905489264750206,1.0,"L0,L1,L2,L4,L5,L6,L7,L8,L9,L10,L11,L12,L13,L14,L16,L15,L17,L18,L19,L21,L20",ok
observed_main,mmke-visual,smolvlm-1.7b,Ours-main/tukey,M-Loc,21,0.7142857142857143,1.0,"L0,L1,L2,L4,L5,L6,L7,L8,L9,L10,L11,L12,L13,L14,L16,L15,L17,L18,L19,L21,L20",ok
observed_main,mmke-visual,smolvlm-1.7b,Ours-main/tukey,Average,21,0.9116883116883117,1.0,"L0,L1,L2,L4,L5,L6,L7,L8,L9,L10,L11,L12,L13,L14,L16,L15,L17,L18,L19,L21,L20",ok
observed_main,mmke-visual,smolvlm-1.7b,Ours-no-direction/raw,Rel,21,0.8792207792207792,1.0,"L0,L1,L2,L4,L5,L6,L7,L8,L9,L10,L11,L12,L13,L14,L15,L16,L17,L18,L19,L20,L21",ok
observed_main,mmke-visual,smolvlm-1.7b,Ours-no-direction/raw,T-Gen,21,0.8922077922077922,1.0,"L0,L1,L2,L4,L5,L6,L7,L8,L9,L10,L11,L12,L13,L14,L15,L16,L17,L18,L19,L20,L21",ok
observed_main,mmke-visual,smolvlm-1.7b,Ours-no-direction/raw,M-Gen,21,0.895745419116742,1.0,"L0,L1,L2,L4,L5,L6,L7,L8,L9,L10,L11,L12,L13,L14,L15,L16,L17,L18,L19,L20,L21",ok
observed_main,mmke-visual,smolvlm-1.7b,Ours-no-direction/raw,M-Loc,21,0.7220779220779221,1.0,"L0,L1,L2,L4,L5,L6,L7,L8,L9,L10,L11,L12,L13,L14,L15,L16,L17,L18,L19,L20,L21",ok
observed_main,mmke-visual,smolvlm-1.7b,Ours-no-direction/raw,Average,21,0.9233766233766234,1.0,"L0,L1,L2,L4,L5,L6,L7,L8,L9,L10,L11,L12,L13,L14,L15,L16,L17,L18,L19,L20,L21",ok
observed_main,mmke-visual,smolvlm-1.7b,Ours-no-direction/tukey,Rel,21,0.8792207792207792,1.0,"L0,L1,L2,L4,L5,L6,L7,L8,L9,L10,L11,L12,L13,L14,L15,L16,L17,L18,L19,L20,L21",ok
observed_main,mmke-visual,smolvlm-1.7b,Ours-no-direction/tukey,T-Gen,21,0.8922077922077922,1.0,"L0,L1,L2,L4,L5,L6,L7,L8,L9,L10,L11,L12,L13,L14,L15,L16,L17,L18,L19,L20,L21",ok
observed_main,mmke-visual,smolvlm-1.7b,Ours-no-direction/tukey,M-Gen,21,0.895745419116742,1.0,"L0,L1,L2,L4,L5,L6,L7,L8,L9,L10,L11,L12,L13,L14,L15,L16,L17,L18,L19,L20,L21",ok
observed_main,mmke-visual,smolvlm-1.7b,Ours-no-direction/tukey,M-Loc,21,0.7220779220779221,1.0,"L0,L1,L2,L4,L5,L6,L7,L8,L9,L10,L11,L12,L13,L14,L15,L16,L17,L18,L19,L20,L21",ok
observed_main,mmke-visual,smolvlm-1.7b,Ours-no-direction/tukey,Average,21,0.9233766233766234,1.0,"L0,L1,L2,L4,L5,L6,L7,L8,L9,L10,L11,L12,L13,L14,L15,L16,L17,L18,L19,L20,L21",ok
observed_main,mmke-visual,smolvlm-1.7b,Ours-no-strength/raw,Rel,21,0.7610389610389611,1.0,"L7,L6,L5,L4,L8,L10,L9,L2,L1,L11,L0,L12,L13,L14,L21,L18,L16,L17,L19,L15,L20",ok
observed_main,mmke-visual,smolvlm-1.7b,Ours-no-strength/raw,T-Gen,21,0.7922077922077922,1.0,"L7,L6,L5,L4,L8,L10,L9,L2,L1,L11,L0,L12,L13,L14,L21,L18,L16,L17,L19,L15,L20",ok
observed_main,mmke-visual,smolvlm-1.7b,Ours-no-strength/raw,M-Gen,21,0.7846703888999451,1.0,"L7,L6,L5,L4,L8,L10,L9,L2,L1,L11,L0,L12,L13,L14,L21,L18,L16,L17,L19,L15,L20",ok
observed_main,mmke-visual,smolvlm-1.7b,Ours-no-strength/raw,Average,21,0.7779220779220779,1.0,"L7,L6,L5,L4,L8,L10,L9,L2,L1,L11,L0,L12,L13,L14,L21,L18,L16,L17,L19,L15,L20",ok
observed_main,mmke-visual,smolvlm-1.7b,Ours-no-strength/tukey,Rel,21,0.7610389610389611,1.0,"L7,L6,L5,L4,L8,L10,L9,L2,L1,L11,L0,L12,L13,L14,L21,L18,L16,L17,L19,L15,L20",ok
observed_main,mmke-visual,smolvlm-1.7b,Ours-no-strength/tukey,T-Gen,21,0.7922077922077922,1.0,"L7,L6,L5,L4,L8,L10,L9,L2,L1,L11,L0,L12,L13,L14,L21,L18,L16,L17,L19,L15,L20",ok
observed_main,mmke-visual,smolvlm-1.7b,Ours-no-strength/tukey,M-Gen,21,0.7846703888999451,1.0,"L7,L6,L5,L4,L8,L10,L9,L2,L1,L11,L0,L12,L13,L14,L21,L18,L16,L17,L19,L15,L20",ok
observed_main,mmke-visual,smolvlm-1.7b,Ours-no-strength/tukey,Average,21,0.7779220779220779,1.0,"L7,L6,L5,L4,L8,L10,L9,L2,L1,L11,L0,L12,L13,L14,L21,L18,L16,L17,L19,L15,L20",ok
observed_main,mmke-visual,smolvlm-1.7b,LGA-Visual/raw,Rel,21,0.8883116883116883,1.0,"L0,L1,L2,L4,L5,L6,L7,L8,L9,L10,L11,L12,L13,L14,L15,L16,L18,L17,L19,L20,L21",ok
observed_main,mmke-visual,smolvlm-1.7b,LGA-Visual/raw,T-Gen,21,0.9,1.0,"L0,L1,L2,L4,L5,L6,L7,L8,L9,L10,L11,L12,L13,L14,L15,L16,L18,L17,L19,L20,L21",ok
observed_main,mmke-visual,smolvlm-1.7b,LGA-Visual/raw,M-Gen,21,0.9048392812397547,1.0,"L0,L1,L2,L4,L5,L6,L7,L8,L9,L10,L11,L12,L13,L14,L15,L16,L18,L17,L19,L20,L21",ok
observed_main,mmke-visual,smolvlm-1.7b,LGA-Visual/raw,M-Loc,21,0.7181818181818181,1.0,"L0,L1,L2,L4,L5,L6,L7,L8,L9,L10,L11,L12,L13,L14,L15,L16,L18,L17,L19,L20,L21",ok
observed_main,mmke-visual,smolvlm-1.7b,LGA-Visual/raw,Average,21,0.9272727272727272,1.0,"L0,L1,L2,L4,L5,L6,L7,L8,L9,L10,L11,L12,L13,L14,L15,L16,L18,L17,L19,L20,L21",ok
observed_main,mmke-visual,smolvlm-1.7b,LGA-Visual/tukey,Rel,21,0.8883116883116883,1.0,"L0,L1,L2,L4,L5,L6,L7,L8,L9,L10,L11,L12,L13,L14,L15,L16,L18,L17,L19,L20,L21",ok
observed_main,mmke-visual,smolvlm-1.7b,LGA-Visual/tukey,T-Gen,21,0.9,1.0,"L0,L1,L2,L4,L5,L6,L7,L8,L9,L10,L11,L12,L13,L14,L15,L16,L18,L17,L19,L20,L21",ok
observed_main,mmke-visual,smolvlm-1.7b,LGA-Visual/tukey,M-Gen,21,0.9048392812397547,1.0,"L0,L1,L2,L4,L5,L6,L7,L8,L9,L10,L11,L12,L13,L14,L15,L16,L18,L17,L19,L20,L21",ok
observed_main,mmke-visual,smolvlm-1.7b,LGA-Visual/tukey,M-Loc,21,0.7181818181818181,1.0,"L0,L1,L2,L4,L5,L6,L7,L8,L9,L10,L11,L12,L13,L14,L15,L16,L18,L17,L19,L20,L21",ok
observed_main,mmke-visual,smolvlm-1.7b,LGA-Visual/tukey,Average,21,0.9272727272727272,1.0,"L0,L1,L2,L4,L5,L6,L7,L8,L9,L10,L11,L12,L13,L14,L15,L16,L18,L17,L19,L20,L21",ok
observed_main,mmke-visual,smolvlm-1.7b,LGA-Visual-no-direction/raw,Rel,21,0.8792207792207792,1.0,"L0,L1,L2,L4,L5,L6,L7,L8,L9,L10,L11,L12,L13,L14,L15,L16,L17,L18,L19,L20,L21",ok
observed_main,mmke-visual,smolvlm-1.7b,LGA-Visual-no-direction/raw,T-Gen,21,0.8922077922077922,1.0,"L0,L1,L2,L4,L5,L6,L7,L8,L9,L10,L11,L12,L13,L14,L15,L16,L17,L18,L19,L20,L21",ok
observed_main,mmke-visual,smolvlm-1.7b,LGA-Visual-no-direction/raw,M-Gen,21,0.895745419116742,1.0,"L0,L1,L2,L4,L5,L6,L7,L8,L9,L10,L11,L12,L13,L14,L15,L16,L17,L18,L19,L20,L21",ok
observed_main,mmke-visual,smolvlm-1.7b,LGA-Visual-no-direction/raw,M-Loc,21,0.7220779220779221,1.0,"L0,L1,L2,L4,L5,L6,L7,L8,L9,L10,L11,L12,L13,L14,L15,L16,L17,L18,L19,L20,L21",ok
observed_main,mmke-visual,smolvlm-1.7b,LGA-Visual-no-direction/raw,Average,21,0.9233766233766234,1.0,"L0,L1,L2,L4,L5,L6,L7,L8,L9,L10,L11,L12,L13,L14,L15,L16,L17,L18,L19,L20,L21",ok
observed_main,mmke-visual,smolvlm-1.7b,LGA-Visual-no-direction/tukey,Rel,18,0.8328173374613003,1.0,"L4,L5,L6,L7,L8,L9,L10,L11,L12,L13,L14,L15,L16,L17,L18,L19,L20,L21",ok
observed_main,mmke-visual,smolvlm-1.7b,LGA-Visual-no-direction/tukey,T-Gen,18,0.8617131062951496,1.0,"L4,L5,L6,L7,L8,L9,L10,L11,L12,L13,L14,L15,L16,L17,L18,L19,L20,L21",ok
observed_main,mmke-visual,smolvlm-1.7b,LGA-Visual-no-direction/tukey,M-Gen,18,0.8617131062951496,1.0,"L4,L5,L6,L7,L8,L9,L10,L11,L12,L13,L14,L15,L16,L17,L18,L19,L20,L21",ok
observed_main,mmke-visual,smolvlm-1.7b,LGA-Visual-no-direction/tukey,M-Loc,18,0.7275541795665634,1.0,"L4,L5,L6,L7,L8,L9,L10,L11,L12,L13,L14,L15,L16,L17,L18,L19,L20,L21",ok
observed_main,mmke-visual,smolvlm-1.7b,LGA-Visual-no-direction/tukey,Average,18,0.9112487100103199,1.0,"L4,L5,L6,L7,L8,L9,L10,L11,L12,L13,L14,L15,L16,L17,L18,L19,L20,L21",ok
observed_main,mmke-entity,instructblip-vicuna-7b,Ours-main/raw,Rel,23,0.8359683794466403,1.0,"L1,L0,L3,L2,L4,L5,L14,L15,L16,L17,L27,L26,L18,L25,L19,L20,L24,L23,L22,L29,L28,L30,L31",ok
observed_main,mmke-entity,instructblip-vicuna-7b,Ours-main/raw,T-Gen,23,0.8626482213438735,1.0,"L1,L0,L3,L2,L4,L5,L14,L15,L16,L17,L27,L26,L18,L25,L19,L20,L24,L23,L22,L29,L28,L30,L31",ok
observed_main,mmke-entity,instructblip-vicuna-7b,Ours-main/raw,M-Gen,23,0.8438735177865613,1.0,"L1,L0,L3,L2,L4,L5,L14,L15,L16,L17,L27,L26,L18,L25,L19,L20,L24,L23,L22,L29,L28,L30,L31",ok
observed_main,mmke-entity,instructblip-vicuna-7b,Ours-main/raw,Average,23,0.8606719367588933,1.0,"L1,L0,L3,L2,L4,L5,L14,L15,L16,L17,L27,L26,L18,L25,L19,L20,L24,L23,L22,L29,L28,L30,L31",ok
observed_main,mmke-entity,instructblip-vicuna-7b,Ours-main/tukey,Rel,21,0.7844155844155845,1.0,"L1,L0,L3,L2,L4,L5,L14,L15,L16,L17,L27,L26,L18,L25,L19,L20,L24,L23,L22,L29,L28",ok
observed_main,mmke-entity,instructblip-vicuna-7b,Ours-main/tukey,T-Gen,21,0.8194805194805195,1.0,"L1,L0,L3,L2,L4,L5,L14,L15,L16,L17,L27,L26,L18,L25,L19,L20,L24,L23,L22,L29,L28",ok
observed_main,mmke-entity,instructblip-vicuna-7b,Ours-main/tukey,M-Gen,21,0.7948051948051948,1.0,"L1,L0,L3,L2,L4,L5,L14,L15,L16,L17,L27,L26,L18,L25,L19,L20,L24,L23,L22,L29,L28",ok
observed_main,mmke-entity,instructblip-vicuna-7b,Ours-main/tukey,Average,21,0.8168831168831169,1.0,"L1,L0,L3,L2,L4,L5,L14,L15,L16,L17,L27,L26,L18,L25,L19,L20,L24,L23,L22,L29,L28",ok
observed_main,mmke-entity,instructblip-vicuna-7b,Ours-no-direction/raw,Rel,23,0.9268774703557312,1.0,"L1,L0,L3,L2,L4,L5,L14,L15,L16,L17,L18,L19,L20,L22,L23,L24,L25,L26,L27,L28,L29,L30,L31",ok
observed_main,mmke-entity,instructblip-vicuna-7b,Ours-no-direction/raw,T-Gen,23,0.9476284584980237,1.0,"L1,L0,L3,L2,L4,L5,L14,L15,L16,L17,L18,L19,L20,L22,L23,L24,L25,L26,L27,L28,L29,L30,L31",ok
observed_main,mmke-entity,instructblip-vicuna-7b,Ours-no-direction/raw,M-Gen,23,0.9318181818181818,1.0,"L1,L0,L3,L2,L4,L5,L14,L15,L16,L17,L18,L19,L20,L22,L23,L24,L25,L26,L27,L28,L29,L30,L31",ok
observed_main,mmke-entity,instructblip-vicuna-7b,Ours-no-direction/raw,Average,23,0.9426877470355731,1.0,"L1,L0,L3,L2,L4,L5,L14,L15,L16,L17,L18,L19,L20,L22,L23,L24,L25,L26,L27,L28,L29,L30,L31",ok
observed_main,mmke-entity,instructblip-vicuna-7b,Ours-no-direction/tukey,Rel,22,0.9164313946922643,1.0,"L1,L0,L3,L2,L4,L5,L14,L15,L16,L17,L18,L19,L20,L22,L23,L24,L25,L26,L27,L28,L29,L30",ok
observed_main,mmke-entity,instructblip-vicuna-7b,Ours-no-direction/tukey,T-Gen,22,0.9401468097120271,1.0,"L1,L0,L3,L2,L4,L5,L14,L15,L16,L17,L18,L19,L20,L22,L23,L24,L25,L26,L27,L28,L29,L30",ok
observed_main,mmke-entity,instructblip-vicuna-7b,Ours-no-direction/tukey,M-Gen,22,0.922077922077922,1.0,"L1,L0,L3,L2,L4,L5,L14,L15,L16,L17,L18,L19,L20,L22,L23,L24,L25,L26,L27,L28,L29,L30",ok
observed_main,mmke-entity,instructblip-vicuna-7b,Ours-no-direction/tukey,Average,22,0.9345002823263693,1.0,"L1,L0,L3,L2,L4,L5,L14,L15,L16,L17,L18,L19,L20,L22,L23,L24,L25,L26,L27,L28,L29,L30",ok
observed_main,mmke-entity,instructblip-vicuna-7b,LGA-Visual/raw,Rel,23,0.9268774703557312,1.0,"L1,L0,L3,L2,L4,L5,L14,L15,L16,L17,L18,L19,L20,L22,L23,L24,L25,L26,L27,L28,L29,L30,L31",ok
observed_main,mmke-entity,instructblip-vicuna-7b,LGA-Visual/raw,T-Gen,23,0.9476284584980237,1.0,"L1,L0,L3,L2,L4,L5,L14,L15,L16,L17,L18,L19,L20,L22,L23,L24,L25,L26,L27,L28,L29,L30,L31",ok
observed_main,mmke-entity,instructblip-vicuna-7b,LGA-Visual/raw,M-Gen,23,0.9318181818181818,1.0,"L1,L0,L3,L2,L4,L5,L14,L15,L16,L17,L18,L19,L20,L22,L23,L24,L25,L26,L27,L28,L29,L30,L31",ok
observed_main,mmke-entity,instructblip-vicuna-7b,LGA-Visual/raw,Average,23,0.9426877470355731,1.0,"L1,L0,L3,L2,L4,L5,L14,L15,L16,L17,L18,L19,L20,L22,L23,L24,L25,L26,L27,L28,L29,L30,L31",ok
observed_main,mmke-entity,instructblip-vicuna-7b,LGA-Visual/tukey,Rel,23,0.9268774703557312,1.0,"L1,L0,L3,L2,L4,L5,L14,L15,L16,L17,L18,L19,L20,L22,L23,L24,L25,L26,L27,L28,L29,L30,L31",ok
observed_main,mmke-entity,instructblip-vicuna-7b,LGA-Visual/tukey,T-Gen,23,0.9476284584980237,1.0,"L1,L0,L3,L2,L4,L5,L14,L15,L16,L17,L18,L19,L20,L22,L23,L24,L25,L26,L27,L28,L29,L30,L31",ok
observed_main,mmke-entity,instructblip-vicuna-7b,LGA-Visual/tukey,M-Gen,23,0.9318181818181818,1.0,"L1,L0,L3,L2,L4,L5,L14,L15,L16,L17,L18,L19,L20,L22,L23,L24,L25,L26,L27,L28,L29,L30,L31",ok
observed_main,mmke-entity,instructblip-vicuna-7b,LGA-Visual/tukey,Average,23,0.9426877470355731,1.0,"L1,L0,L3,L2,L4,L5,L14,L15,L16,L17,L18,L19,L20,L22,L23,L24,L25,L26,L27,L28,L29,L30,L31",ok
observed_main,mmke-entity,instructblip-vicuna-7b,LGA-Visual-no-direction/raw,Rel,23,0.9268774703557312,1.0,"L1,L0,L3,L2,L4,L5,L14,L15,L16,L17,L18,L19,L20,L22,L23,L24,L25,L26,L27,L28,L29,L30,L31",ok
observed_main,mmke-entity,instructblip-vicuna-7b,LGA-Visual-no-direction/raw,T-Gen,23,0.9476284584980237,1.0,"L1,L0,L3,L2,L4,L5,L14,L15,L16,L17,L18,L19,L20,L22,L23,L24,L25,L26,L27,L28,L29,L30,L31",ok
observed_main,mmke-entity,instructblip-vicuna-7b,LGA-Visual-no-direction/raw,M-Gen,23,0.9318181818181818,1.0,"L1,L0,L3,L2,L4,L5,L14,L15,L16,L17,L18,L19,L20,L22,L23,L24,L25,L26,L27,L28,L29,L30,L31",ok
observed_main,mmke-entity,instructblip-vicuna-7b,LGA-Visual-no-direction/raw,Average,23,0.9426877470355731,1.0,"L1,L0,L3,L2,L4,L5,L14,L15,L16,L17,L18,L19,L20,L22,L23,L24,L25,L26,L27,L28,L29,L30,L31",ok
observed_main,mmke-entity,instructblip-vicuna-7b,LGA-Visual-no-direction/tukey,Rel,23,0.9268774703557312,1.0,"L1,L0,L3,L2,L4,L5,L14,L15,L16,L17,L18,L19,L20,L22,L23,L24,L25,L26,L27,L28,L29,L30,L31",ok
observed_main,mmke-entity,instructblip-vicuna-7b,LGA-Visual-no-direction/tukey,T-Gen,23,0.9476284584980237,1.0,"L1,L0,L3,L2,L4,L5,L14,L15,L16,L17,L18,L19,L20,L22,L23,L24,L25,L26,L27,L28,L29,L30,L31",ok
observed_main,mmke-entity,instructblip-vicuna-7b,LGA-Visual-no-direction/tukey,M-Gen,23,0.9318181818181818,1.0,"L1,L0,L3,L2,L4,L5,L14,L15,L16,L17,L18,L19,L20,L22,L23,L24,L25,L26,L27,L28,L29,L30,L31",ok
observed_main,mmke-entity,instructblip-vicuna-7b,LGA-Visual-no-direction/tukey,Average,23,0.9426877470355731,1.0,"L1,L0,L3,L2,L4,L5,L14,L15,L16,L17,L18,L19,L20,L22,L23,L24,L25,L26,L27,L28,L29,L30,L31",ok
observed_main,mmke-entity,llava-v1.5-7b,Ours-main/raw,M-Loc,10,-0.793939393939394,1.0,"L9,L14,L15,L28,L27,L26,L16,L24,L23,L22",ok
observed_main,mmke-entity,llava-v1.5-7b,Ours-main/tukey,M-Loc,9,-0.7666666666666667,1.0,"L14,L15,L28,L27,L26,L16,L24,L23,L22",ok
observed_main,mmke-entity,llava-v1.5-7b,Ours-no-direction/raw,Rel,10,0.8909090909090909,1.0,"L9,L14,L15,L16,L22,L23,L24,L26,L27,L28",ok
observed_main,mmke-entity,llava-v1.5-7b,Ours-no-direction/raw,T-Gen,10,0.8909090909090909,1.0,"L9,L14,L15,L16,L22,L23,L24,L26,L27,L28",ok
observed_main,mmke-entity,llava-v1.5-7b,Ours-no-direction/raw,M-Gen,10,0.8997002046464956,1.0,"L9,L14,L15,L16,L22,L23,L24,L26,L27,L28",ok
observed_main,mmke-entity,llava-v1.5-7b,Ours-no-direction/raw,Average,10,0.9030303030303031,1.0,"L9,L14,L15,L16,L22,L23,L24,L26,L27,L28",ok
observed_main,mmke-entity,llava-v1.5-7b,Ours-no-direction/tukey,Rel,10,0.8909090909090909,1.0,"L9,L14,L15,L16,L22,L23,L24,L26,L27,L28",ok
observed_main,mmke-entity,llava-v1.5-7b,Ours-no-direction/tukey,T-Gen,10,0.8909090909090909,1.0,"L9,L14,L15,L16,L22,L23,L24,L26,L27,L28",ok
observed_main,mmke-entity,llava-v1.5-7b,Ours-no-direction/tukey,M-Gen,10,0.8997002046464956,1.0,"L9,L14,L15,L16,L22,L23,L24,L26,L27,L28",ok
observed_main,mmke-entity,llava-v1.5-7b,Ours-no-direction/tukey,Average,10,0.9030303030303031,1.0,"L9,L14,L15,L16,L22,L23,L24,L26,L27,L28",ok
observed_main,mmke-entity,llava-v1.5-7b,Ours-no-strength/raw,M-Loc,10,-0.8181818181818182,1.0,"L28,L14,L15,L9,L27,L26,L24,L16,L23,L22",ok
observed_main,mmke-entity,llava-v1.5-7b,Ours-no-strength/tukey,M-Loc,10,-0.8181818181818182,1.0,"L28,L14,L15,L9,L27,L26,L24,L16,L23,L22",ok
observed_main,mmke-entity,llava-v1.5-7b,LGA-Visual-no-direction/raw,Rel,10,0.8909090909090909,1.0,"L9,L14,L15,L16,L22,L23,L24,L26,L27,L28",ok
observed_main,mmke-entity,llava-v1.5-7b,LGA-Visual-no-direction/raw,T-Gen,10,0.8909090909090909,1.0,"L9,L14,L15,L16,L22,L23,L24,L26,L27,L28",ok
observed_main,mmke-entity,llava-v1.5-7b,LGA-Visual-no-direction/raw,M-Gen,10,0.8997002046464956,1.0,"L9,L14,L15,L16,L22,L23,L24,L26,L27,L28",ok
observed_main,mmke-entity,llava-v1.5-7b,LGA-Visual-no-direction/raw,Average,10,0.9030303030303031,1.0,"L9,L14,L15,L16,L22,L23,L24,L26,L27,L28",ok
observed_main,mmke-entity,llava-v1.5-7b,LGA-Visual-no-direction/tukey,Rel,10,0.8909090909090909,1.0,"L9,L14,L15,L16,L22,L23,L24,L26,L27,L28",ok
observed_main,mmke-entity,llava-v1.5-7b,LGA-Visual-no-direction/tukey,T-Gen,10,0.8909090909090909,1.0,"L9,L14,L15,L16,L22,L23,L24,L26,L27,L28",ok
observed_main,mmke-entity,llava-v1.5-7b,LGA-Visual-no-direction/tukey,M-Gen,10,0.8997002046464956,1.0,"L9,L14,L15,L16,L22,L23,L24,L26,L27,L28",ok
observed_main,mmke-entity,llava-v1.5-7b,LGA-Visual-no-direction/tukey,Average,10,0.9030303030303031,1.0,"L9,L14,L15,L16,L22,L23,L24,L26,L27,L28",ok
observed_main,mmke-entity,qwen2.5-vl-3b,Ours-no-strength/raw,M-Loc,21,0.712987012987013,1.0,"L10,L13,L6,L14,L15,L3,L1,L0,L2,L16,L17,L22,L21,L18,L20,L28,L27,L25,L29,L26,L30",ok
observed_main,mmke-entity,qwen2.5-vl-3b,Ours-no-strength/tukey,M-Loc,21,0.712987012987013,1.0,"L10,L13,L6,L14,L15,L3,L1,L0,L2,L16,L17,L22,L21,L18,L20,L28,L27,L25,L29,L26,L30",ok
observed_main,mmke-entity,smolvlm-1.7b,Ours-main/raw,M-Loc,16,0.7078736279905755,1.0,"L0,L1,L2,L6,L7,L8,L9,L10,L11,L12,L13,L14,L15,L16,L17,L18",ok
observed_main,mmke-entity,smolvlm-1.7b,Ours-main/tukey,M-Loc,16,0.7078736279905755,1.0,"L0,L1,L2,L6,L7,L8,L9,L10,L11,L12,L13,L14,L15,L16,L17,L18",ok
observed_main,mmke-entity,smolvlm-1.7b,Ours-no-direction/raw,M-Loc,16,0.7078736279905755,1.0,"L0,L1,L2,L6,L7,L8,L9,L10,L11,L12,L13,L14,L15,L16,L17,L18",ok
observed_main,mmke-entity,smolvlm-1.7b,Ours-no-direction/tukey,M-Loc,15,0.702413149113129,1.0,"L1,L2,L6,L7,L8,L9,L10,L11,L12,L13,L14,L15,L16,L17,L18",ok
observed_main,mmke-entity,smolvlm-1.7b,LGA-Visual/raw,M-Loc,16,0.7078736279905755,1.0,"L0,L1,L2,L6,L7,L8,L9,L10,L11,L12,L13,L14,L15,L16,L17,L18",ok
observed_main,mmke-entity,smolvlm-1.7b,LGA-Visual-no-direction/raw,M-Loc,16,0.7078736279905755,1.0,"L0,L1,L2,L6,L7,L8,L9,L10,L11,L12,L13,L14,L15,L16,L17,L18",ok
observed_main,evqa-pilot500,minigpt-4-vicuna-7b,VisEdit-Direct-model_pred/diagnostic,Rel,21,-0.7025974025974026,1.0,"L26,L30,L25,L31,L19,L22,L28,L29,L18,L15,L14,L17,L16,L24,L0,L10,L1,L2,L8,L9,L7",ok
observed_main,evqa-pilot500,minigpt-4-vicuna-7b,VisEdit-Direct-model_pred/diagnostic,M-Gen,21,-0.7054238761136924,1.0,"L26,L30,L25,L31,L19,L22,L28,L29,L18,L15,L14,L17,L16,L24,L0,L10,L1,L2,L8,L9,L7",ok
observed_main,evqa-pilot500,smolvlm-1.7b,VisEdit-Direct-alt/diagnostic,Rel,20,-0.762406015037594,1.0,"L22,L19,L21,L20,L17,L16,L15,L8,L10,L14,L1,L12,L13,L11,L9,L2,L3,L5,L7,L0",ok
observed_main,evqa-pilot500,smolvlm-1.7b,VisEdit-Direct-alt/diagnostic,T-Gen,20,-0.8360902255639098,1.0,"L22,L19,L21,L20,L17,L16,L15,L8,L10,L14,L1,L12,L13,L11,L9,L2,L3,L5,L7,L0",ok
observed_main,evqa-pilot500,smolvlm-1.7b,VisEdit-Direct-alt/diagnostic,M-Gen,20,-0.8135338345864662,1.0,"L22,L19,L21,L20,L17,L16,L15,L8,L10,L14,L1,L12,L13,L11,L9,L2,L3,L5,L7,L0",ok
observed_main,evqa-pilot500,smolvlm-1.7b,VisEdit-Direct-alt/diagnostic,Average,20,-0.7834586466165413,1.0,"L22,L19,L21,L20,L17,L16,L15,L8,L10,L14,L1,L12,L13,L11,L9,L2,L3,L5,L7,L0",ok
observed_main,evqa-pilot500,smolvlm-1.7b,VisEdit-Direct-model_pred/diagnostic,Rel,20,-0.750375939849624,1.0,"L22,L21,L20,L16,L19,L17,L15,L8,L10,L14,L1,L13,L12,L11,L9,L2,L7,L5,L3,L0",ok
observed_main,evqa-pilot500,smolvlm-1.7b,VisEdit-Direct-model_pred/diagnostic,T-Gen,20,-0.8225563909774436,1.0,"L22,L21,L20,L16,L19,L17,L15,L8,L10,L14,L1,L13,L12,L11,L9,L2,L7,L5,L3,L0",ok
observed_main,evqa-pilot500,smolvlm-1.7b,VisEdit-Direct-model_pred/diagnostic,M-Gen,20,-0.8045112781954887,1.0,"L22,L21,L20,L16,L19,L17,L15,L8,L10,L14,L1,L13,L12,L11,L9,L2,L7,L5,L3,L0",ok
observed_main,evqa-pilot500,smolvlm-1.7b,VisEdit-Direct-model_pred/diagnostic,Average,20,-0.7729323308270677,1.0,"L22,L21,L20,L16,L19,L17,L15,L8,L10,L14,L1,L13,L12,L11,L9,L2,L7,L5,L3,L0",ok
observed_main,mmke-visual,smolvlm-1.7b,VisEdit-Direct-alt/diagnostic,M-Loc,21,-0.7467532467532467,1.0,"L19,L20,L21,L8,L18,L16,L13,L12,L11,L14,L6,L10,L17,L4,L15,L7,L1,L2,L9,L5,L0",ok
observed_main,mmke-entity,llava-v1.5-7b,VisEdit-Direct-alt/diagnostic,Rel,10,-0.8316561813093608,1.0,"L27,L28,L26,L24,L15,L22,L14,L9,L23,L16",ok
observed_main,mmke-entity,llava-v1.5-7b,VisEdit-Direct-alt/diagnostic,T-Gen,10,-0.8316561813093608,1.0,"L27,L28,L26,L24,L15,L22,L14,L9,L23,L16",ok
observed_main,mmke-entity,llava-v1.5-7b,VisEdit-Direct-alt/diagnostic,M-Gen,10,-0.8185076420116499,1.0,"L27,L28,L26,L24,L15,L22,L14,L9,L23,L16",ok
observed_main,mmke-entity,llava-v1.5-7b,VisEdit-Direct-alt/diagnostic,Average,10,-0.8003909113353247,1.0,"L27,L28,L26,L24,L15,L22,L14,L9,L23,L16",ok
observed_main,mmke-visual,smolvlm-1.7b,VisEdit-Direct-pred-field/diagnostic,Rel,21,-0.7633296441006143,1.0,"L19,L16,L8,L21,L20,L17,L1,L18,L10,L12,L15,L14,L4,L11,L9,L13,L6,L5,L2,L7,L0",ok
observed_main,mmke-visual,smolvlm-1.7b,VisEdit-Direct-pred-field/diagnostic,T-Gen,21,-0.7737327738328204,1.0,"L19,L16,L8,L21,L20,L17,L1,L18,L10,L12,L15,L14,L4,L11,L9,L13,L6,L5,L2,L7,L0",ok
observed_main,mmke-visual,smolvlm-1.7b,VisEdit-Direct-pred-field/diagnostic,M-Gen,21,-0.773333701368496,1.0,"L19,L16,L8,L21,L20,L17,L1,L18,L10,L12,L15,L14,L4,L11,L9,L13,L6,L5,L2,L7,L0",ok
observed_main,mmke-visual,smolvlm-1.7b,VisEdit-Direct-pred-field/diagnostic,Average,21,-0.7971398157302838,1.0,"L19,L16,L8,L21,L20,L17,L1,L18,L10,L12,L15,L14,L4,L11,L9,L13,L6,L5,L2,L7,L0",ok
observed_main,mmke-entity,llava-v1.5-7b,VisEdit-Direct-pred-field/diagnostic,Rel,10,-0.8316561813093608,1.0,"L27,L28,L26,L24,L15,L22,L14,L9,L23,L16",ok
observed_main,mmke-entity,llava-v1.5-7b,VisEdit-Direct-pred-field/diagnostic,T-Gen,10,-0.8316561813093608,1.0,"L27,L28,L26,L24,L15,L22,L14,L9,L23,L16",ok
observed_main,mmke-entity,llava-v1.5-7b,VisEdit-Direct-pred-field/diagnostic,M-Gen,10,-0.8185076420116499,1.0,"L27,L28,L26,L24,L15,L22,L14,L9,L23,L16",ok
observed_main,mmke-entity,llava-v1.5-7b,VisEdit-Direct-pred-field/diagnostic,Average,10,-0.8003909113353247,1.0,"L27,L28,L26,L24,L15,L22,L14,L9,L23,L16",ok
main_without_flagged,evqa-pilot500,blip2-opt-2.7b,Middle-Prior/raw,Rel,20,0.8417504555163153,1.0,"L15,L16,L14,L17,L18,L19,L20,L10,L21,L24,L25,L5,L26,L4,L3,L2,L29,L1,L30,L0",ok
main_without_flagged,evqa-pilot500,blip2-opt-2.7b,Middle-Prior/raw,T-Gen,20,0.8277436487144746,1.0,"L15,L16,L14,L17,L18,L19,L20,L10,L21,L24,L25,L5,L26,L4,L3,L2,L29,L1,L30,L0",ok
main_without_flagged,evqa-pilot500,blip2-opt-2.7b,Middle-Prior/raw,M-Gen,20,0.8824438526496018,1.0,"L15,L16,L14,L17,L18,L19,L20,L10,L21,L24,L25,L5,L26,L4,L3,L2,L29,L1,L30,L0",ok
main_without_flagged,evqa-pilot500,blip2-opt-2.7b,Middle-Prior/raw,Average,20,0.8779223640792366,1.0,"L15,L16,L14,L17,L18,L19,L20,L10,L21,L24,L25,L5,L26,L4,L3,L2,L29,L1,L30,L0",ok
main_without_flagged,evqa-pilot500,instructblip-vicuna-7b,Middle-Prior/raw,Rel,15,-0.8324386127479111,1.0,"L15,L16,L14,L18,L19,L11,L25,L26,L4,L27,L3,L28,L2,L1,L0",ok
main_without_flagged,evqa-pilot500,instructblip-vicuna-7b,Middle-Prior/raw,T-Gen,15,-0.8666101085707425,1.0,"L15,L16,L14,L18,L19,L11,L25,L26,L4,L27,L3,L28,L2,L1,L0",ok
main_without_flagged,evqa-pilot500,instructblip-vicuna-7b,Middle-Prior/raw,M-Gen,15,-0.784246337921457,1.0,"L15,L16,L14,L18,L19,L11,L25,L26,L4,L27,L3,L28,L2,L1,L0",ok
main_without_flagged,evqa-pilot500,instructblip-vicuna-7b,CMA-alt-v1.3/raw,M-Loc,15,-0.7357142857142858,0.842,"L1,L0,L25,L2,L3,L18,L4,L16,L11,L14,L15,L19,L28,L26,L27",ok
main_without_flagged,evqa-pilot500,instructblip-vicuna-7b,CMA-model_pred/raw,M-Loc,15,-0.8571428571428571,0.992,"L1,L0,L2,L3,L4,L18,L25,L11,L16,L14,L19,L15,L28,L26,L27",ok
main_without_flagged,evqa-pilot500,minigpt-4-vicuna-7b,CMA-model_pred/raw,Rel,21,0.7207792207792207,0.994,"L0,L1,L2,L7,L8,L9,L10,L14,L15,L16,L17,L18,L19,L22,L24,L25,L26,L31,L28,L29,L30",ok
main_without_flagged,evqa-pilot500,minigpt-4-vicuna-7b,Perturb-KL-alt/raw,Rel,21,0.7441558441558441,1.0,"L0,L1,L2,L7,L8,L9,L10,L14,L15,L16,L17,L18,L19,L22,L24,L25,L26,L28,L29,L30,L31",ok
main_without_flagged,evqa-pilot500,minigpt-4-vicuna-7b,Perturb-KL-alt/raw,M-Gen,21,0.7268594082607935,1.0,"L0,L1,L2,L7,L8,L9,L10,L14,L15,L16,L17,L18,L19,L22,L24,L25,L26,L28,L29,L30,L31",ok
main_without_flagged,evqa-pilot500,minigpt-4-vicuna-7b,SaLEM-alt/raw,M-Loc,21,0.7142857142857143,1.0,"L8,L9,L10,L7,L14,L15,L16,L2,L17,L31,L18,L19,L30,L22,L29,L24,L25,L28,L26,L1,L0",ok
main_without_flagged,evqa-pilot500,minigpt-4-vicuna-7b,LGA-Param/tukey,Rel,19,-0.7333333333333333,0.998,"L29,L25,L22,L26,L30,L19,L24,L0,L28,L18,L1,L17,L16,L15,L7,L14,L8,L9,L10",ok
main_without_flagged,evqa-pilot500,minigpt-4-vicuna-7b,LGA-Param/tukey,M-Gen,19,-0.7441861181528424,0.998,"L29,L25,L22,L26,L30,L19,L24,L0,L28,L18,L1,L17,L16,L15,L7,L14,L8,L9,L10",ok
main_without_flagged,evqa-pilot500,minigpt-4-vicuna-7b,LGA-Param/tukey,M-Loc,19,-0.7140350877192982,0.998,"L29,L25,L22,L26,L30,L19,L24,L0,L28,L18,L1,L17,L16,L15,L7,L14,L8,L9,L10",ok
main_without_flagged,evqa-pilot500,minigpt-4-vicuna-7b,LGA-Param/tukey,Average,19,-0.7315789473684211,0.998,"L29,L25,L22,L26,L30,L19,L24,L0,L28,L18,L1,L17,L16,L15,L7,L14,L8,L9,L10",ok
main_without_flagged,evqa-pilot500,smolvlm-1.7b,Middle-Prior/raw,M-Loc,20,0.8514367548152477,1.0,"L11,L12,L10,L13,L9,L14,L8,L15,L7,L16,L17,L5,L19,L3,L20,L2,L21,L1,L22,L0",ok
main_without_flagged,evqa-pilot500,smolvlm-1.7b,CMA-model_pred/raw,T-Gen,20,0.7368421052631579,0.994,"L0,L1,L5,L8,L2,L3,L9,L7,L10,L11,L12,L13,L14,L15,L16,L17,L19,L20,L21,L22",ok
main_without_flagged,evqa-pilot500,smolvlm-1.7b,CMA-model_pred/raw,M-Gen,20,0.7383458646616541,0.994,"L0,L1,L5,L8,L2,L3,L9,L7,L10,L11,L12,L13,L14,L15,L16,L17,L19,L20,L21,L22",ok
main_without_flagged,evqa-pilot500,smolvlm-1.7b,Perturb-KL-alt/raw,M-Gen,20,0.7097744360902256,1.0,"L1,L2,L0,L3,L5,L7,L8,L9,L11,L10,L12,L19,L14,L20,L13,L21,L15,L17,L16,L22",ok
main_without_flagged,evqa-pilot500,smolvlm-1.7b,SaLEM-alt/raw,Rel,20,0.7533834586466165,1.0,"L9,L8,L7,L10,L5,L11,L3,L1,L2,L12,L0,L13,L14,L15,L16,L17,L19,L20,L22,L21",ok
main_without_flagged,evqa-pilot500,smolvlm-1.7b,SaLEM-alt/raw,T-Gen,20,0.7879699248120301,1.0,"L9,L8,L7,L10,L5,L11,L3,L1,L2,L12,L0,L13,L14,L15,L16,L17,L19,L20,L22,L21",ok
main_without_flagged,evqa-pilot500,smolvlm-1.7b,SaLEM-alt/raw,M-Gen,20,0.7789473684210526,1.0,"L9,L8,L7,L10,L5,L11,L3,L1,L2,L12,L0,L13,L14,L15,L16,L17,L19,L20,L22,L21",ok
main_without_flagged,evqa-pilot500,smolvlm-1.7b,SaLEM-alt/raw,Average,20,0.7383458646616541,1.0,"L9,L8,L7,L10,L5,L11,L3,L1,L2,L12,L0,L13,L14,L15,L16,L17,L19,L20,L22,L21",ok
main_without_flagged,evqa-pilot500,smolvlm-1.7b,LGA-Param/raw,Rel,20,-0.7593984962406015,0.998,"L22,L21,L20,L19,L17,L16,L15,L2,L3,L12,L13,L5,L11,L14,L10,L8,L9,L0,L7,L1",ok
main_without_flagged,evqa-pilot500,smolvlm-1.7b,LGA-Param/raw,T-Gen,20,-0.7924812030075188,0.998,"L22,L21,L20,L19,L17,L16,L15,L2,L3,L12,L13,L5,L11,L14,L10,L8,L9,L0,L7,L1",ok
main_without_flagged,evqa-pilot500,smolvlm-1.7b,LGA-Param/raw,M-Gen,20,-0.7894736842105263,0.998,"L22,L21,L20,L19,L17,L16,L15,L2,L3,L12,L13,L5,L11,L14,L10,L8,L9,L0,L7,L1",ok
main_without_flagged,evqa-pilot500,smolvlm-1.7b,LGA-Param/raw,Average,20,-0.7428571428571429,0.998,"L22,L21,L20,L19,L17,L16,L15,L2,L3,L12,L13,L5,L11,L14,L10,L8,L9,L0,L7,L1",ok
main_without_flagged,evqa-pilot500,smolvlm-1.7b,LGA-Param/tukey,Rel,18,-0.8513931888544891,0.998,"L22,L21,L20,L19,L17,L16,L15,L2,L3,L12,L13,L5,L11,L14,L10,L8,L9,L0",ok
main_without_flagged,evqa-pilot500,smolvlm-1.7b,LGA-Param/tukey,T-Gen,18,-0.8864809081527347,0.998,"L22,L21,L20,L19,L17,L16,L15,L2,L3,L12,L13,L5,L11,L14,L10,L8,L9,L0",ok
main_without_flagged,evqa-pilot500,smolvlm-1.7b,LGA-Param/tukey,M-Gen,18,-0.8637770897832817,0.998,"L22,L21,L20,L19,L17,L16,L15,L2,L3,L12,L13,L5,L11,L14,L10,L8,L9,L0",ok
main_without_flagged,evqa-pilot500,smolvlm-1.7b,LGA-Param/tukey,Average,18,-0.9050567595459237,0.998,"L22,L21,L20,L19,L17,L16,L15,L2,L3,L12,L13,L5,L11,L14,L10,L8,L9,L0",ok
main_without_flagged,mmke-visual,minigpt-4-vicuna-7b,CMA-model_pred/raw,Rel,21,0.7493506493506493,1.0,"L0,L1,L2,L3,L5,L8,L9,L10,L11,L14,L15,L16,L17,L18,L24,L25,L26,L27,L28,L29,L31",ok
main_without_flagged,mmke-visual,minigpt-4-vicuna-7b,CMA-model_pred/raw,T-Gen,21,0.7766233766233767,1.0,"L0,L1,L2,L3,L5,L8,L9,L10,L11,L14,L15,L16,L17,L18,L24,L25,L26,L27,L28,L29,L31",ok
main_without_flagged,mmke-visual,minigpt-4-vicuna-7b,CMA-model_pred/raw,M-Gen,21,0.7753246753246753,1.0,"L0,L1,L2,L3,L5,L8,L9,L10,L11,L14,L15,L16,L17,L18,L24,L25,L26,L27,L28,L29,L31",ok
main_without_flagged,mmke-visual,minigpt-4-vicuna-7b,CMA-model_pred/raw,Average,21,0.7584415584415585,1.0,"L0,L1,L2,L3,L5,L8,L9,L10,L11,L14,L15,L16,L17,L18,L24,L25,L26,L27,L28,L29,L31",ok
main_without_flagged,mmke-visual,minigpt-4-vicuna-7b,Perturb-KL-alt/raw,Rel,21,0.7493506493506493,1.0,"L0,L1,L2,L3,L5,L8,L9,L10,L11,L14,L15,L16,L17,L18,L24,L25,L26,L27,L28,L29,L31",ok
main_without_flagged,mmke-visual,minigpt-4-vicuna-7b,Perturb-KL-alt/raw,T-Gen,21,0.7766233766233767,1.0,"L0,L1,L2,L3,L5,L8,L9,L10,L11,L14,L15,L16,L17,L18,L24,L25,L26,L27,L28,L29,L31",ok
main_without_flagged,mmke-visual,minigpt-4-vicuna-7b,Perturb-KL-alt/raw,M-Gen,21,0.7753246753246753,1.0,"L0,L1,L2,L3,L5,L8,L9,L10,L11,L14,L15,L16,L17,L18,L24,L25,L26,L27,L28,L29,L31",ok
main_without_flagged,mmke-visual,minigpt-4-vicuna-7b,Perturb-KL-alt/raw,Average,21,0.7584415584415585,1.0,"L0,L1,L2,L3,L5,L8,L9,L10,L11,L14,L15,L16,L17,L18,L24,L25,L26,L27,L28,L29,L31",ok
main_without_flagged,mmke-visual,llava-v1.5-7b,Middle-Prior/raw,M-Loc,16,0.7079676820129573,1.0,"L15,L16,L14,L12,L9,L22,L8,L7,L24,L26,L27,L3,L28,L2,L1,L0",ok
main_without_flagged,mmke-visual,llava-v1.5-7b,CMA-alt-v1.3/raw,Rel,16,0.7352941176470589,0.9672897196261683,"L0,L1,L2,L3,L8,L9,L7,L12,L14,L15,L16,L22,L24,L26,L27,L28",ok
main_without_flagged,mmke-visual,llava-v1.5-7b,CMA-alt-v1.3/raw,T-Gen,16,0.7352941176470589,0.9672897196261683,"L0,L1,L2,L3,L8,L9,L7,L12,L14,L15,L16,L22,L24,L26,L27,L28",ok
main_without_flagged,mmke-visual,llava-v1.5-7b,CMA-alt-v1.3/raw,M-Gen,16,0.7441176470588236,0.9672897196261683,"L0,L1,L2,L3,L8,L9,L7,L12,L14,L15,L16,L22,L24,L26,L27,L28",ok
main_without_flagged,mmke-visual,llava-v1.5-7b,CMA-model_pred/raw,Rel,16,0.7294117647058823,1.0,"L0,L1,L2,L3,L8,L7,L9,L12,L14,L15,L16,L22,L24,L26,L27,L28",ok
main_without_flagged,mmke-visual,llava-v1.5-7b,CMA-model_pred/raw,T-Gen,16,0.7294117647058823,1.0,"L0,L1,L2,L3,L8,L7,L9,L12,L14,L15,L16,L22,L24,L26,L27,L28",ok
main_without_flagged,mmke-visual,llava-v1.5-7b,CMA-model_pred/raw,M-Gen,16,0.7323529411764705,1.0,"L0,L1,L2,L3,L8,L7,L9,L12,L14,L15,L16,L22,L24,L26,L27,L28",ok
main_without_flagged,mmke-visual,llava-v1.5-7b,Perturb-KL-alt/raw,Rel,16,0.7205882352941176,1.0,"L0,L1,L2,L3,L7,L8,L9,L12,L14,L15,L16,L22,L24,L26,L27,L28",ok
main_without_flagged,mmke-visual,llava-v1.5-7b,Perturb-KL-alt/raw,T-Gen,16,0.7205882352941176,1.0,"L0,L1,L2,L3,L7,L8,L9,L12,L14,L15,L16,L22,L24,L26,L27,L28",ok
main_without_flagged,mmke-visual,llava-v1.5-7b,Perturb-KL-alt/raw,M-Gen,16,0.7235294117647059,1.0,"L0,L1,L2,L3,L7,L8,L9,L12,L14,L15,L16,L22,L24,L26,L27,L28",ok
main_without_flagged,mmke-visual,llava-v1.5-7b,SaLEM-alt/raw,Average,16,0.7764705882352941,1.0,"L7,L8,L9,L12,L14,L15,L16,L3,L2,L22,L24,L26,L27,L28,L1,L0",ok
main_without_flagged,mmke-visual,llava-v1.5-7b,LGA-Param/raw,Rel,16,-0.8,1.0,"L24,L22,L27,L26,L28,L0,L16,L15,L14,L2,L3,L12,L9,L8,L7,L1",ok
main_without_flagged,mmke-visual,llava-v1.5-7b,LGA-Param/raw,T-Gen,16,-0.8,1.0,"L24,L22,L27,L26,L28,L0,L16,L15,L14,L2,L3,L12,L9,L8,L7,L1",ok
main_without_flagged,mmke-visual,llava-v1.5-7b,LGA-Param/raw,M-Gen,16,-0.7911764705882353,1.0,"L24,L22,L27,L26,L28,L0,L16,L15,L14,L2,L3,L12,L9,L8,L7,L1",ok
main_without_flagged,mmke-visual,llava-v1.5-7b,LGA-Param/raw,Average,16,-0.7647058823529411,1.0,"L24,L22,L27,L26,L28,L0,L16,L15,L14,L2,L3,L12,L9,L8,L7,L1",ok
main_without_flagged,mmke-visual,llava-v1.5-7b,LGA-Param/tukey,Rel,15,-0.8571428571428571,1.0,"L24,L22,L27,L26,L28,L0,L16,L15,L14,L2,L3,L12,L9,L8,L7",ok
main_without_flagged,mmke-visual,llava-v1.5-7b,LGA-Param/tukey,T-Gen,15,-0.8571428571428571,1.0,"L24,L22,L27,L26,L28,L0,L16,L15,L14,L2,L3,L12,L9,L8,L7",ok
main_without_flagged,mmke-visual,llava-v1.5-7b,LGA-Param/tukey,M-Gen,15,-0.8321428571428572,1.0,"L24,L22,L27,L26,L28,L0,L16,L15,L14,L2,L3,L12,L9,L8,L7",ok
main_without_flagged,mmke-visual,llava-v1.5-7b,LGA-Param/tukey,Average,15,-0.875,1.0,"L24,L22,L27,L26,L28,L0,L16,L15,L14,L2,L3,L12,L9,L8,L7",ok
main_without_flagged,mmke-visual,paligemma-3b,Middle-Prior/raw,M-Gen,13,0.7127180599416806,1.0,"L8,L9,L7,L10,L6,L11,L12,L4,L13,L14,L2,L1,L17",ok
main_without_flagged,mmke-visual,smolvlm-1.7b,CMA-model_pred/raw,Rel,21,0.8597402597402597,0.9953271028037384,"L1,L0,L5,L2,L6,L4,L7,L8,L9,L10,L11,L12,L13,L14,L15,L16,L17,L18,L19,L20,L21",ok
main_without_flagged,mmke-visual,smolvlm-1.7b,CMA-model_pred/raw,T-Gen,21,0.8753246753246753,0.9953271028037384,"L1,L0,L5,L2,L6,L4,L7,L8,L9,L10,L11,L12,L13,L14,L15,L16,L17,L18,L19,L20,L21",ok
main_without_flagged,mmke-visual,smolvlm-1.7b,CMA-model_pred/raw,M-Gen,21,0.8808055027717927,0.9953271028037384,"L1,L0,L5,L2,L6,L4,L7,L8,L9,L10,L11,L12,L13,L14,L15,L16,L17,L18,L19,L20,L21",ok
main_without_flagged,mmke-visual,smolvlm-1.7b,CMA-model_pred/raw,M-Loc,21,0.7168831168831169,0.9953271028037384,"L1,L0,L5,L2,L6,L4,L7,L8,L9,L10,L11,L12,L13,L14,L15,L16,L17,L18,L19,L20,L21",ok
main_without_flagged,mmke-visual,smolvlm-1.7b,CMA-model_pred/raw,Average,21,0.9077922077922078,0.9953271028037384,"L1,L0,L5,L2,L6,L4,L7,L8,L9,L10,L11,L12,L13,L14,L15,L16,L17,L18,L19,L20,L21",ok
main_without_flagged,mmke-visual,smolvlm-1.7b,Perturb-KL-alt/raw,Rel,21,0.7649350649350649,1.0,"L1,L4,L0,L2,L5,L6,L7,L8,L9,L21,L19,L10,L11,L18,L20,L12,L14,L13,L17,L15,L16",ok
main_without_flagged,mmke-visual,smolvlm-1.7b,Perturb-KL-alt/raw,T-Gen,21,0.7766233766233767,1.0,"L1,L4,L0,L2,L5,L6,L7,L8,L9,L21,L19,L10,L11,L18,L20,L12,L14,L13,L17,L15,L16",ok
main_without_flagged,mmke-visual,smolvlm-1.7b,Perturb-KL-alt/raw,M-Gen,21,0.7911660047020971,1.0,"L1,L4,L0,L2,L5,L6,L7,L8,L9,L21,L19,L10,L11,L18,L20,L12,L14,L13,L17,L15,L16",ok
main_without_flagged,mmke-visual,smolvlm-1.7b,Perturb-KL-alt/raw,Average,21,0.7441558441558441,1.0,"L1,L4,L0,L2,L5,L6,L7,L8,L9,L21,L19,L10,L11,L18,L20,L12,L14,L13,L17,L15,L16",ok
main_without_flagged,mmke-visual,smolvlm-1.7b,SaLEM-alt/raw,Rel,21,0.7103896103896103,1.0,"L9,L8,L0,L10,L7,L4,L6,L5,L11,L1,L2,L12,L13,L14,L15,L16,L18,L17,L19,L20,L21",ok
main_without_flagged,mmke-visual,smolvlm-1.7b,SaLEM-alt/raw,T-Gen,21,0.7324675324675325,1.0,"L9,L8,L0,L10,L7,L4,L6,L5,L11,L1,L2,L12,L13,L14,L15,L16,L18,L17,L19,L20,L21",ok
main_without_flagged,mmke-visual,smolvlm-1.7b,SaLEM-alt/raw,M-Gen,21,0.7249107235201481,1.0,"L9,L8,L0,L10,L7,L4,L6,L5,L11,L1,L2,L12,L13,L14,L15,L16,L18,L17,L19,L20,L21",ok
main_without_flagged,mmke-visual,smolvlm-1.7b,SaLEM-alt/raw,Average,21,0.7610389610389611,1.0,"L9,L8,L0,L10,L7,L4,L6,L5,L11,L1,L2,L12,L13,L14,L15,L16,L18,L17,L19,L20,L21",ok
main_without_flagged,mmke-entity,blip2-opt-2.7b,Middle-Prior/raw,Rel,21,-0.9021150137029679,1.0,"L15,L16,L14,L17,L13,L18,L19,L20,L21,L22,L23,L24,L25,L26,L4,L3,L2,L29,L1,L30,L0",ok
main_without_flagged,mmke-entity,blip2-opt-2.7b,Middle-Prior/raw,T-Gen,21,-0.9024080509085861,1.0,"L15,L16,L14,L17,L13,L18,L19,L20,L21,L22,L23,L24,L25,L26,L4,L3,L2,L29,L1,L30,L0",ok
main_without_flagged,mmke-entity,blip2-opt-2.7b,Middle-Prior/raw,M-Gen,21,-0.8800011633310133,1.0,"L15,L16,L14,L17,L13,L18,L19,L20,L21,L22,L23,L24,L25,L26,L4,L3,L2,L29,L1,L30,L0",ok
main_without_flagged,mmke-entity,instructblip-vicuna-7b,Perturb-KL-alt/raw,T-Gen,23,0.7193675889328063,1.0,"L5,L4,L3,L2,L14,L15,L16,L17,L18,L19,L20,L22,L23,L0,L1,L24,L25,L26,L27,L29,L28,L30,L31",ok
main_without_flagged,mmke-entity,instructblip-vicuna-7b,Perturb-KL-alt/raw,M-Gen,23,0.7025691699604744,1.0,"L5,L4,L3,L2,L14,L15,L16,L17,L18,L19,L20,L22,L23,L0,L1,L24,L25,L26,L27,L29,L28,L30,L31",ok
main_without_flagged,mmke-entity,instructblip-vicuna-7b,Perturb-KL-alt/raw,Average,23,0.7144268774703557,1.0,"L5,L4,L3,L2,L14,L15,L16,L17,L18,L19,L20,L22,L23,L0,L1,L24,L25,L26,L27,L29,L28,L30,L31",ok
main_without_flagged,mmke-entity,llava-v1.5-7b,Middle-Prior/raw,Rel,10,0.9268464986450383,1.0,"L15,L16,L14,L9,L22,L23,L24,L26,L27,L28",ok
main_without_flagged,mmke-entity,llava-v1.5-7b,Middle-Prior/raw,T-Gen,10,0.9268464986450383,1.0,"L15,L16,L14,L9,L22,L23,L24,L26,L27,L28",ok
main_without_flagged,mmke-entity,llava-v1.5-7b,Middle-Prior/raw,M-Gen,10,0.9388423105261694,1.0,"L15,L16,L14,L9,L22,L23,L24,L26,L27,L28",ok
main_without_flagged,mmke-entity,llava-v1.5-7b,Middle-Prior/raw,Average,10,0.9451395216446115,1.0,"L15,L16,L14,L9,L22,L23,L24,L26,L27,L28",ok
main_without_flagged,mmke-entity,llava-v1.5-7b,CMA-model_pred/raw,Rel,10,0.9030303030303031,1.0,"L9,L14,L15,L16,L22,L23,L24,L27,L26,L28",ok
main_without_flagged,mmke-entity,llava-v1.5-7b,CMA-model_pred/raw,T-Gen,10,0.9030303030303031,1.0,"L9,L14,L15,L16,L22,L23,L24,L27,L26,L28",ok
main_without_flagged,mmke-entity,llava-v1.5-7b,CMA-model_pred/raw,M-Gen,10,0.9118583155200969,1.0,"L9,L14,L15,L16,L22,L23,L24,L27,L26,L28",ok
main_without_flagged,mmke-entity,llava-v1.5-7b,CMA-model_pred/raw,Average,10,0.9151515151515152,1.0,"L9,L14,L15,L16,L22,L23,L24,L27,L26,L28",ok
main_without_flagged,mmke-entity,llava-v1.5-7b,Perturb-KL-alt/raw,Rel,10,0.8909090909090909,1.0,"L9,L14,L15,L16,L22,L23,L24,L26,L27,L28",ok
main_without_flagged,mmke-entity,llava-v1.5-7b,Perturb-KL-alt/raw,T-Gen,10,0.8909090909090909,1.0,"L9,L14,L15,L16,L22,L23,L24,L26,L27,L28",ok
main_without_flagged,mmke-entity,llava-v1.5-7b,Perturb-KL-alt/raw,M-Gen,10,0.8997002046464956,1.0,"L9,L14,L15,L16,L22,L23,L24,L26,L27,L28",ok
main_without_flagged,mmke-entity,llava-v1.5-7b,Perturb-KL-alt/raw,Average,10,0.9030303030303031,1.0,"L9,L14,L15,L16,L22,L23,L24,L26,L27,L28",ok
main_without_flagged,mmke-entity,llava-v1.5-7b,LGA-Param/raw,Rel,10,0.8666666666666667,1.0,"L9,L14,L15,L16,L23,L22,L24,L28,L26,L27",ok
main_without_flagged,mmke-entity,llava-v1.5-7b,LGA-Param/raw,T-Gen,10,0.8666666666666667,1.0,"L9,L14,L15,L16,L23,L22,L24,L28,L26,L27",ok
main_without_flagged,mmke-entity,llava-v1.5-7b,LGA-Param/raw,M-Gen,10,0.8632258720256917,1.0,"L9,L14,L15,L16,L23,L22,L24,L28,L26,L27",ok
main_without_flagged,mmke-entity,llava-v1.5-7b,LGA-Param/raw,Average,10,0.8545454545454545,1.0,"L9,L14,L15,L16,L23,L22,L24,L28,L26,L27",ok
main_without_flagged,mmke-entity,llava-v1.5-7b,LGA-Param/tukey,Rel,10,0.8666666666666667,1.0,"L9,L14,L15,L16,L23,L22,L24,L28,L26,L27",ok
main_without_flagged,mmke-entity,llava-v1.5-7b,LGA-Param/tukey,T-Gen,10,0.8666666666666667,1.0,"L9,L14,L15,L16,L23,L22,L24,L28,L26,L27",ok
main_without_flagged,mmke-entity,llava-v1.5-7b,LGA-Param/tukey,M-Gen,10,0.8632258720256917,1.0,"L9,L14,L15,L16,L23,L22,L24,L28,L26,L27",ok
main_without_flagged,mmke-entity,llava-v1.5-7b,LGA-Param/tukey,Average,10,0.8545454545454545,1.0,"L9,L14,L15,L16,L23,L22,L24,L28,L26,L27",ok
main_without_flagged,mmke-entity,qwen2.5-vl-3b,Middle-Prior/raw,Rel,21,-0.7369797914124415,1.0,"L17,L18,L16,L15,L20,L14,L21,L13,L22,L10,L25,L26,L27,L28,L6,L29,L30,L3,L2,L1,L0",ok
main_without_flagged,mmke-entity,qwen2.5-vl-3b,Middle-Prior/raw,T-Gen,21,-0.7220966278114235,1.0,"L17,L18,L16,L15,L20,L14,L21,L13,L22,L10,L25,L26,L27,L28,L6,L29,L30,L3,L2,L1,L0",ok
main_without_flagged,mmke-entity,qwen2.5-vl-3b,Middle-Prior/raw,M-Gen,21,-0.7373911485446982,1.0,"L17,L18,L16,L15,L20,L14,L21,L13,L22,L10,L25,L26,L27,L28,L6,L29,L30,L3,L2,L1,L0",ok
main_without_flagged,mmke-entity,qwen2.5-vl-3b,Middle-Prior/raw,Average,21,-0.7238687921524614,1.0,"L17,L18,L16,L15,L20,L14,L21,L13,L22,L10,L25,L26,L27,L28,L6,L29,L30,L3,L2,L1,L0",ok
main_without_flagged,mmke-entity,smolvlm-1.7b,CMA-model_pred/raw,M-Loc,16,0.7181753232004175,0.9921383647798742,"L0,L1,L2,L9,L7,L6,L8,L10,L12,L11,L13,L14,L15,L16,L17,L18",ok
main_without_flagged,evqa-pilot500,blip2-opt-2.7b,LGA-Visual/tukey,Rel,15,0.7678571428571429,0.93,"L5,L10,L14,L15,L16,L17,L18,L19,L20,L21,L24,L25,L26,L29,L30",ok
main_without_flagged,evqa-pilot500,blip2-opt-2.7b,LGA-Visual/tukey,T-Gen,15,0.8142857142857143,0.93,"L5,L10,L14,L15,L16,L17,L18,L19,L20,L21,L24,L25,L26,L29,L30",ok
main_without_flagged,evqa-pilot500,blip2-opt-2.7b,LGA-Visual/tukey,M-Gen,15,0.7571428571428571,0.93,"L5,L10,L14,L15,L16,L17,L18,L19,L20,L21,L24,L25,L26,L29,L30",ok
main_without_flagged,evqa-pilot500,blip2-opt-2.7b,LGA-Visual-no-direction/tukey,Rel,15,0.7678571428571429,0.93,"L5,L10,L14,L15,L16,L17,L18,L19,L20,L21,L24,L25,L26,L29,L30",ok
main_without_flagged,evqa-pilot500,blip2-opt-2.7b,LGA-Visual-no-direction/tukey,T-Gen,15,0.8142857142857143,0.93,"L5,L10,L14,L15,L16,L17,L18,L19,L20,L21,L24,L25,L26,L29,L30",ok
main_without_flagged,evqa-pilot500,blip2-opt-2.7b,LGA-Visual-no-direction/tukey,M-Gen,15,0.7571428571428571,0.93,"L5,L10,L14,L15,L16,L17,L18,L19,L20,L21,L24,L25,L26,L29,L30",ok
main_without_flagged,evqa-pilot500,instructblip-vicuna-7b,Ours-main/raw,M-Loc,15,-0.8714285714285714,1.0,"L1,L0,L11,L3,L4,L2,L14,L15,L16,L18,L19,L25,L26,L27,L28",ok
main_without_flagged,evqa-pilot500,instructblip-vicuna-7b,Ours-main/tukey,M-Loc,15,-0.8714285714285714,1.0,"L1,L0,L11,L3,L4,L2,L14,L15,L16,L18,L19,L25,L26,L27,L28",ok
main_without_flagged,evqa-pilot500,instructblip-vicuna-7b,Ours-no-direction/raw,M-Loc,15,-0.8714285714285714,1.0,"L1,L0,L11,L3,L4,L2,L14,L15,L16,L18,L19,L25,L26,L27,L28",ok
main_without_flagged,evqa-pilot500,instructblip-vicuna-7b,Ours-no-direction/tukey,M-Loc,15,-0.8714285714285714,1.0,"L1,L0,L11,L3,L4,L2,L14,L15,L16,L18,L19,L25,L26,L27,L28",ok
main_without_flagged,evqa-pilot500,instructblip-vicuna-7b,Ours-no-strength/raw,M-Loc,15,-0.7357142857142858,1.0,"L1,L0,L18,L15,L14,L19,L16,L11,L4,L2,L3,L25,L26,L27,L28",ok
main_without_flagged,evqa-pilot500,instructblip-vicuna-7b,Ours-no-strength/tukey,Rel,9,-0.728039845617479,1.0,"L18,L15,L14,L19,L16,L11,L4,L2,L3",ok
main_without_flagged,evqa-pilot500,instructblip-vicuna-7b,Ours-no-strength/tukey,T-Gen,9,-0.8333333333333334,1.0,"L18,L15,L14,L19,L16,L11,L4,L2,L3",ok
main_without_flagged,evqa-pilot500,instructblip-vicuna-7b,LGA-Visual/raw,M-Loc,15,-0.8714285714285714,1.0,"L1,L0,L11,L3,L4,L2,L14,L15,L16,L18,L19,L25,L26,L27,L28",ok
main_without_flagged,evqa-pilot500,instructblip-vicuna-7b,LGA-Visual/tukey,M-Loc,13,-0.8021978021978022,1.0,"L11,L3,L4,L2,L14,L15,L16,L18,L19,L25,L26,L27,L28",ok
main_without_flagged,evqa-pilot500,instructblip-vicuna-7b,LGA-Visual-no-direction/raw,M-Loc,15,-0.8714285714285714,1.0,"L1,L0,L11,L3,L4,L2,L14,L15,L16,L18,L19,L25,L26,L27,L28",ok
main_without_flagged,evqa-pilot500,instructblip-vicuna-7b,LGA-Visual-no-direction/tukey,M-Loc,13,-0.8021978021978022,1.0,"L11,L3,L4,L2,L14,L15,L16,L18,L19,L25,L26,L27,L28",ok
main_without_flagged,evqa-pilot500,minigpt-4-vicuna-7b,Ours-no-direction/raw,Rel,21,0.7441558441558441,0.998,"L0,L1,L2,L7,L8,L9,L10,L14,L15,L16,L17,L18,L19,L22,L24,L25,L26,L28,L29,L30,L31",ok
main_without_flagged,evqa-pilot500,minigpt-4-vicuna-7b,Ours-no-direction/raw,M-Gen,21,0.7268594082607935,0.998,"L0,L1,L2,L7,L8,L9,L10,L14,L15,L16,L17,L18,L19,L22,L24,L25,L26,L28,L29,L30,L31",ok
main_without_flagged,evqa-pilot500,minigpt-4-vicuna-7b,Ours-no-direction/tukey,Rel,21,0.7441558441558441,0.998,"L0,L1,L2,L7,L8,L9,L10,L14,L15,L16,L17,L18,L19,L22,L24,L25,L26,L28,L29,L30,L31",ok
main_without_flagged,evqa-pilot500,minigpt-4-vicuna-7b,Ours-no-direction/tukey,M-Gen,21,0.7268594082607935,0.998,"L0,L1,L2,L7,L8,L9,L10,L14,L15,L16,L17,L18,L19,L22,L24,L25,L26,L28,L29,L30,L31",ok
main_without_flagged,evqa-pilot500,minigpt-4-vicuna-7b,LGA-Visual-no-direction/raw,Rel,21,0.7441558441558441,0.998,"L0,L1,L2,L7,L8,L9,L10,L14,L15,L16,L17,L18,L19,L22,L24,L25,L26,L28,L29,L30,L31",ok
main_without_flagged,evqa-pilot500,minigpt-4-vicuna-7b,LGA-Visual-no-direction/raw,M-Gen,21,0.7268594082607935,0.998,"L0,L1,L2,L7,L8,L9,L10,L14,L15,L16,L17,L18,L19,L22,L24,L25,L26,L28,L29,L30,L31",ok
main_without_flagged,evqa-pilot500,minigpt-4-vicuna-7b,LGA-Visual-no-direction/tukey,Rel,21,0.7441558441558441,0.998,"L0,L1,L2,L7,L8,L9,L10,L14,L15,L16,L17,L18,L19,L22,L24,L25,L26,L28,L29,L30,L31",ok
main_without_flagged,evqa-pilot500,minigpt-4-vicuna-7b,LGA-Visual-no-direction/tukey,M-Gen,21,0.7268594082607935,0.998,"L0,L1,L2,L7,L8,L9,L10,L14,L15,L16,L17,L18,L19,L22,L24,L25,L26,L28,L29,L30,L31",ok
main_without_flagged,evqa-pilot500,smolvlm-1.7b,Ours-main/raw,Rel,20,0.7368421052631579,1.0,"L0,L1,L2,L3,L5,L7,L8,L9,L10,L11,L12,L14,L13,L15,L16,L17,L19,L20,L21,L22",ok
main_without_flagged,evqa-pilot500,smolvlm-1.7b,Ours-main/raw,T-Gen,20,0.7759398496240602,1.0,"L0,L1,L2,L3,L5,L7,L8,L9,L10,L11,L12,L14,L13,L15,L16,L17,L19,L20,L21,L22",ok
main_without_flagged,evqa-pilot500,smolvlm-1.7b,Ours-main/raw,M-Gen,20,0.7804511278195488,1.0,"L0,L1,L2,L3,L5,L7,L8,L9,L10,L11,L12,L14,L13,L15,L16,L17,L19,L20,L21,L22",ok
main_without_flagged,evqa-pilot500,smolvlm-1.7b,Ours-main/tukey,Rel,20,0.7368421052631579,1.0,"L0,L1,L2,L3,L5,L7,L8,L9,L10,L11,L12,L14,L13,L15,L16,L17,L19,L20,L21,L22",ok
main_without_flagged,evqa-pilot500,smolvlm-1.7b,Ours-main/tukey,T-Gen,20,0.7759398496240602,1.0,"L0,L1,L2,L3,L5,L7,L8,L9,L10,L11,L12,L14,L13,L15,L16,L17,L19,L20,L21,L22",ok
main_without_flagged,evqa-pilot500,smolvlm-1.7b,Ours-main/tukey,M-Gen,20,0.7804511278195488,1.0,"L0,L1,L2,L3,L5,L7,L8,L9,L10,L11,L12,L14,L13,L15,L16,L17,L19,L20,L21,L22",ok
main_without_flagged,evqa-pilot500,smolvlm-1.7b,Ours-no-direction/raw,Rel,20,0.718796992481203,1.0,"L0,L1,L2,L3,L5,L7,L8,L9,L10,L11,L12,L13,L14,L15,L16,L17,L19,L20,L21,L22",ok
main_without_flagged,evqa-pilot500,smolvlm-1.7b,Ours-no-direction/raw,T-Gen,20,0.7669172932330827,1.0,"L0,L1,L2,L3,L5,L7,L8,L9,L10,L11,L12,L13,L14,L15,L16,L17,L19,L20,L21,L22",ok
main_without_flagged,evqa-pilot500,smolvlm-1.7b,Ours-no-direction/raw,M-Gen,20,0.7684210526315789,1.0,"L0,L1,L2,L3,L5,L7,L8,L9,L10,L11,L12,L13,L14,L15,L16,L17,L19,L20,L21,L22",ok
main_without_flagged,evqa-pilot500,smolvlm-1.7b,Ours-no-direction/tukey,T-Gen,19,0.7280701754385965,1.0,"L1,L2,L3,L5,L7,L8,L9,L10,L11,L12,L13,L14,L15,L16,L17,L19,L20,L21,L22",ok
main_without_flagged,evqa-pilot500,smolvlm-1.7b,Ours-no-direction/tukey,M-Gen,19,0.7298245614035088,1.0,"L1,L2,L3,L5,L7,L8,L9,L10,L11,L12,L13,L14,L15,L16,L17,L19,L20,L21,L22",ok
main_without_flagged,evqa-pilot500,smolvlm-1.7b,LGA-Visual/raw,Rel,20,-0.7368421052631579,1.0,"L22,L21,L20,L19,L17,L16,L15,L13,L14,L12,L11,L10,L9,L8,L7,L5,L3,L2,L1,L0",ok
main_without_flagged,evqa-pilot500,smolvlm-1.7b,LGA-Visual/raw,T-Gen,20,-0.7759398496240602,1.0,"L22,L21,L20,L19,L17,L16,L15,L13,L14,L12,L11,L10,L9,L8,L7,L5,L3,L2,L1,L0",ok
main_without_flagged,evqa-pilot500,smolvlm-1.7b,LGA-Visual/raw,M-Gen,20,-0.7804511278195488,1.0,"L22,L21,L20,L19,L17,L16,L15,L13,L14,L12,L11,L10,L9,L8,L7,L5,L3,L2,L1,L0",ok
main_without_flagged,evqa-pilot500,smolvlm-1.7b,LGA-Visual/tukey,Rel,18,-0.7791537667698658,1.0,"L22,L21,L20,L19,L17,L16,L15,L13,L14,L12,L11,L10,L9,L8,L7,L5,L3,L2",ok
main_without_flagged,evqa-pilot500,smolvlm-1.7b,LGA-Visual/tukey,T-Gen,18,-0.8286893704850361,1.0,"L22,L21,L20,L19,L17,L16,L15,L13,L14,L12,L11,L10,L9,L8,L7,L5,L3,L2",ok
main_without_flagged,evqa-pilot500,smolvlm-1.7b,LGA-Visual/tukey,M-Gen,18,-0.8121775025799793,1.0,"L22,L21,L20,L19,L17,L16,L15,L13,L14,L12,L11,L10,L9,L8,L7,L5,L3,L2",ok
main_without_flagged,evqa-pilot500,smolvlm-1.7b,LGA-Visual/tukey,Average,18,-0.7915376676986584,1.0,"L22,L21,L20,L19,L17,L16,L15,L13,L14,L12,L11,L10,L9,L8,L7,L5,L3,L2",ok
main_without_flagged,evqa-pilot500,smolvlm-1.7b,LGA-Visual-no-direction/raw,Rel,20,0.718796992481203,1.0,"L0,L1,L2,L3,L5,L7,L8,L9,L10,L11,L12,L13,L14,L15,L16,L17,L19,L20,L21,L22",ok
main_without_flagged,evqa-pilot500,smolvlm-1.7b,LGA-Visual-no-direction/raw,T-Gen,20,0.7669172932330827,1.0,"L0,L1,L2,L3,L5,L7,L8,L9,L10,L11,L12,L13,L14,L15,L16,L17,L19,L20,L21,L22",ok
main_without_flagged,evqa-pilot500,smolvlm-1.7b,LGA-Visual-no-direction/raw,M-Gen,20,0.7684210526315789,1.0,"L0,L1,L2,L3,L5,L7,L8,L9,L10,L11,L12,L13,L14,L15,L16,L17,L19,L20,L21,L22",ok
main_without_flagged,evqa-pilot500,smolvlm-1.7b,LGA-Visual-no-direction/tukey,Rel,17,0.7941176470588235,1.0,"L3,L5,L7,L8,L9,L10,L11,L12,L13,L14,L15,L16,L17,L19,L20,L21,L22",ok
main_without_flagged,evqa-pilot500,smolvlm-1.7b,LGA-Visual-no-direction/tukey,T-Gen,17,0.8602941176470589,1.0,"L3,L5,L7,L8,L9,L10,L11,L12,L13,L14,L15,L16,L17,L19,L20,L21,L22",ok
main_without_flagged,evqa-pilot500,smolvlm-1.7b,LGA-Visual-no-direction/tukey,M-Gen,17,0.8382352941176471,1.0,"L3,L5,L7,L8,L9,L10,L11,L12,L13,L14,L15,L16,L17,L19,L20,L21,L22",ok
main_without_flagged,evqa-pilot500,smolvlm-1.7b,LGA-Visual-no-direction/tukey,Average,17,0.8137254901960784,1.0,"L3,L5,L7,L8,L9,L10,L11,L12,L13,L14,L15,L16,L17,L19,L20,L21,L22",ok
main_without_flagged,mmke-visual,minigpt-4-vicuna-7b,Ours-no-direction/raw,Rel,21,0.7493506493506493,1.0,"L0,L1,L2,L3,L5,L8,L9,L10,L11,L14,L15,L16,L17,L18,L24,L25,L26,L27,L28,L29,L31",ok
main_without_flagged,mmke-visual,minigpt-4-vicuna-7b,Ours-no-direction/raw,T-Gen,21,0.7766233766233767,1.0,"L0,L1,L2,L3,L5,L8,L9,L10,L11,L14,L15,L16,L17,L18,L24,L25,L26,L27,L28,L29,L31",ok
main_without_flagged,mmke-visual,minigpt-4-vicuna-7b,Ours-no-direction/raw,M-Gen,21,0.7753246753246753,1.0,"L0,L1,L2,L3,L5,L8,L9,L10,L11,L14,L15,L16,L17,L18,L24,L25,L26,L27,L28,L29,L31",ok
main_without_flagged,mmke-visual,minigpt-4-vicuna-7b,Ours-no-direction/raw,Average,21,0.7584415584415585,1.0,"L0,L1,L2,L3,L5,L8,L9,L10,L11,L14,L15,L16,L17,L18,L24,L25,L26,L27,L28,L29,L31",ok
main_without_flagged,mmke-visual,minigpt-4-vicuna-7b,Ours-no-direction/tukey,Rel,21,0.7493506493506493,1.0,"L0,L1,L2,L3,L5,L8,L9,L10,L11,L14,L15,L16,L17,L18,L24,L25,L26,L27,L28,L29,L31",ok
main_without_flagged,mmke-visual,minigpt-4-vicuna-7b,Ours-no-direction/tukey,T-Gen,21,0.7766233766233767,1.0,"L0,L1,L2,L3,L5,L8,L9,L10,L11,L14,L15,L16,L17,L18,L24,L25,L26,L27,L28,L29,L31",ok
main_without_flagged,mmke-visual,minigpt-4-vicuna-7b,Ours-no-direction/tukey,M-Gen,21,0.7753246753246753,1.0,"L0,L1,L2,L3,L5,L8,L9,L10,L11,L14,L15,L16,L17,L18,L24,L25,L26,L27,L28,L29,L31",ok
main_without_flagged,mmke-visual,minigpt-4-vicuna-7b,Ours-no-direction/tukey,Average,21,0.7584415584415585,1.0,"L0,L1,L2,L3,L5,L8,L9,L10,L11,L14,L15,L16,L17,L18,L24,L25,L26,L27,L28,L29,L31",ok
main_without_flagged,mmke-visual,minigpt-4-vicuna-7b,LGA-Visual/raw,Rel,21,-0.9207792207792208,1.0,"L31,L29,L28,L26,L25,L27,L24,L18,L17,L16,L15,L14,L2,L0,L1,L3,L11,L5,L10,L8,L9",ok
main_without_flagged,mmke-visual,minigpt-4-vicuna-7b,LGA-Visual/raw,T-Gen,21,-0.9246753246753247,1.0,"L31,L29,L28,L26,L25,L27,L24,L18,L17,L16,L15,L14,L2,L0,L1,L3,L11,L5,L10,L8,L9",ok
main_without_flagged,mmke-visual,minigpt-4-vicuna-7b,LGA-Visual/raw,M-Gen,21,-0.9376623376623376,1.0,"L31,L29,L28,L26,L25,L27,L24,L18,L17,L16,L15,L14,L2,L0,L1,L3,L11,L5,L10,L8,L9",ok
main_without_flagged,mmke-visual,minigpt-4-vicuna-7b,LGA-Visual/raw,Average,21,-0.9051948051948052,1.0,"L31,L29,L28,L26,L25,L27,L24,L18,L17,L16,L15,L14,L2,L0,L1,L3,L11,L5,L10,L8,L9",ok
main_without_flagged,mmke-visual,minigpt-4-vicuna-7b,LGA-Visual/tukey,Rel,20,-0.9082706766917293,1.0,"L29,L28,L26,L25,L27,L24,L18,L17,L16,L15,L14,L2,L0,L1,L3,L11,L5,L10,L8,L9",ok
main_without_flagged,mmke-visual,minigpt-4-vicuna-7b,LGA-Visual/tukey,T-Gen,20,-0.912781954887218,1.0,"L29,L28,L26,L25,L27,L24,L18,L17,L16,L15,L14,L2,L0,L1,L3,L11,L5,L10,L8,L9",ok
main_without_flagged,mmke-visual,minigpt-4-vicuna-7b,LGA-Visual/tukey,M-Gen,20,-0.9278195488721804,1.0,"L29,L28,L26,L25,L27,L24,L18,L17,L16,L15,L14,L2,L0,L1,L3,L11,L5,L10,L8,L9",ok
main_without_flagged,mmke-visual,minigpt-4-vicuna-7b,LGA-Visual/tukey,Average,20,-0.8902255639097745,1.0,"L29,L28,L26,L25,L27,L24,L18,L17,L16,L15,L14,L2,L0,L1,L3,L11,L5,L10,L8,L9",ok
main_without_flagged,mmke-visual,minigpt-4-vicuna-7b,LGA-Visual-no-direction/raw,Rel,21,0.7493506493506493,1.0,"L0,L1,L2,L3,L5,L8,L9,L10,L11,L14,L15,L16,L17,L18,L24,L25,L26,L27,L28,L29,L31",ok
main_without_flagged,mmke-visual,minigpt-4-vicuna-7b,LGA-Visual-no-direction/raw,T-Gen,21,0.7766233766233767,1.0,"L0,L1,L2,L3,L5,L8,L9,L10,L11,L14,L15,L16,L17,L18,L24,L25,L26,L27,L28,L29,L31",ok
main_without_flagged,mmke-visual,minigpt-4-vicuna-7b,LGA-Visual-no-direction/raw,M-Gen,21,0.7753246753246753,1.0,"L0,L1,L2,L3,L5,L8,L9,L10,L11,L14,L15,L16,L17,L18,L24,L25,L26,L27,L28,L29,L31",ok
main_without_flagged,mmke-visual,minigpt-4-vicuna-7b,LGA-Visual-no-direction/raw,Average,21,0.7584415584415585,1.0,"L0,L1,L2,L3,L5,L8,L9,L10,L11,L14,L15,L16,L17,L18,L24,L25,L26,L27,L28,L29,L31",ok
main_without_flagged,mmke-visual,minigpt-4-vicuna-7b,LGA-Visual-no-direction/tukey,Rel,21,0.7493506493506493,1.0,"L0,L1,L2,L3,L5,L8,L9,L10,L11,L14,L15,L16,L17,L18,L24,L25,L26,L27,L28,L29,L31",ok
main_without_flagged,mmke-visual,minigpt-4-vicuna-7b,LGA-Visual-no-direction/tukey,T-Gen,21,0.7766233766233767,1.0,"L0,L1,L2,L3,L5,L8,L9,L10,L11,L14,L15,L16,L17,L18,L24,L25,L26,L27,L28,L29,L31",ok
main_without_flagged,mmke-visual,minigpt-4-vicuna-7b,LGA-Visual-no-direction/tukey,M-Gen,21,0.7753246753246753,1.0,"L0,L1,L2,L3,L5,L8,L9,L10,L11,L14,L15,L16,L17,L18,L24,L25,L26,L27,L28,L29,L31",ok
main_without_flagged,mmke-visual,minigpt-4-vicuna-7b,LGA-Visual-no-direction/tukey,Average,21,0.7584415584415585,1.0,"L0,L1,L2,L3,L5,L8,L9,L10,L11,L14,L15,L16,L17,L18,L24,L25,L26,L27,L28,L29,L31",ok
main_without_flagged,mmke-visual,llava-v1.5-7b,Ours-main/raw,Rel,16,0.7176470588235294,1.0,"L0,L3,L1,L2,L7,L8,L9,L12,L14,L15,L16,L22,L26,L27,L24,L28",ok
main_without_flagged,mmke-visual,llava-v1.5-7b,Ours-main/raw,T-Gen,16,0.7176470588235294,1.0,"L0,L3,L1,L2,L7,L8,L9,L12,L14,L15,L16,L22,L26,L27,L24,L28",ok
main_without_flagged,mmke-visual,llava-v1.5-7b,Ours-main/raw,M-Gen,16,0.7176470588235294,1.0,"L0,L3,L1,L2,L7,L8,L9,L12,L14,L15,L16,L22,L26,L27,L24,L28",ok
main_without_flagged,mmke-visual,llava-v1.5-7b,Ours-main/tukey,Rel,16,0.7176470588235294,1.0,"L0,L3,L1,L2,L7,L8,L9,L12,L14,L15,L16,L22,L26,L27,L24,L28",ok
main_without_flagged,mmke-visual,llava-v1.5-7b,Ours-main/tukey,T-Gen,16,0.7176470588235294,1.0,"L0,L3,L1,L2,L7,L8,L9,L12,L14,L15,L16,L22,L26,L27,L24,L28",ok
main_without_flagged,mmke-visual,llava-v1.5-7b,Ours-main/tukey,M-Gen,16,0.7176470588235294,1.0,"L0,L3,L1,L2,L7,L8,L9,L12,L14,L15,L16,L22,L26,L27,L24,L28",ok
main_without_flagged,mmke-visual,llava-v1.5-7b,Ours-no-direction/raw,Rel,16,0.7235294117647059,1.0,"L0,L3,L1,L2,L7,L8,L9,L12,L14,L15,L16,L22,L24,L26,L27,L28",ok
main_without_flagged,mmke-visual,llava-v1.5-7b,Ours-no-direction/raw,T-Gen,16,0.7235294117647059,1.0,"L0,L3,L1,L2,L7,L8,L9,L12,L14,L15,L16,L22,L24,L26,L27,L28",ok
main_without_flagged,mmke-visual,llava-v1.5-7b,Ours-no-direction/raw,M-Gen,16,0.7235294117647059,1.0,"L0,L3,L1,L2,L7,L8,L9,L12,L14,L15,L16,L22,L24,L26,L27,L28",ok
main_without_flagged,mmke-visual,llava-v1.5-7b,Ours-no-direction/tukey,Rel,16,0.7235294117647059,1.0,"L0,L3,L1,L2,L7,L8,L9,L12,L14,L15,L16,L22,L24,L26,L27,L28",ok
main_without_flagged,mmke-visual,llava-v1.5-7b,Ours-no-direction/tukey,T-Gen,16,0.7235294117647059,1.0,"L0,L3,L1,L2,L7,L8,L9,L12,L14,L15,L16,L22,L24,L26,L27,L28",ok
main_without_flagged,mmke-visual,llava-v1.5-7b,Ours-no-direction/tukey,M-Gen,16,0.7235294117647059,1.0,"L0,L3,L1,L2,L7,L8,L9,L12,L14,L15,L16,L22,L24,L26,L27,L28",ok
main_without_flagged,mmke-visual,llava-v1.5-7b,Ours-no-strength/raw,Rel,16,-0.711764705882353,1.0,"L28,L27,L26,L24,L22,L14,L0,L15,L1,L2,L3,L9,L7,L16,L8,L12",ok
main_without_flagged,mmke-visual,llava-v1.5-7b,Ours-no-strength/raw,T-Gen,16,-0.711764705882353,1.0,"L28,L27,L26,L24,L22,L14,L0,L15,L1,L2,L3,L9,L7,L16,L8,L12",ok
main_without_flagged,mmke-visual,llava-v1.5-7b,Ours-no-strength/raw,Average,16,-0.7735294117647059,1.0,"L28,L27,L26,L24,L22,L14,L0,L15,L1,L2,L3,L9,L7,L16,L8,L12",ok
main_without_flagged,mmke-visual,llava-v1.5-7b,LGA-Visual/raw,Rel,16,-0.788235294117647,1.0,"L28,L27,L26,L24,L22,L16,L15,L14,L12,L9,L8,L7,L1,L0,L2,L3",ok
main_without_flagged,mmke-visual,llava-v1.5-7b,LGA-Visual/raw,T-Gen,16,-0.788235294117647,1.0,"L28,L27,L26,L24,L22,L16,L15,L14,L12,L9,L8,L7,L1,L0,L2,L3",ok
main_without_flagged,mmke-visual,llava-v1.5-7b,LGA-Visual/raw,M-Gen,16,-0.7852941176470588,1.0,"L28,L27,L26,L24,L22,L16,L15,L14,L12,L9,L8,L7,L1,L0,L2,L3",ok
main_without_flagged,mmke-visual,llava-v1.5-7b,LGA-Visual/tukey,Rel,16,-0.788235294117647,1.0,"L28,L27,L26,L24,L22,L16,L15,L14,L12,L9,L8,L7,L1,L0,L2,L3",ok
main_without_flagged,mmke-visual,llava-v1.5-7b,LGA-Visual/tukey,T-Gen,16,-0.788235294117647,1.0,"L28,L27,L26,L24,L22,L16,L15,L14,L12,L9,L8,L7,L1,L0,L2,L3",ok
main_without_flagged,mmke-visual,llava-v1.5-7b,LGA-Visual/tukey,M-Gen,16,-0.7852941176470588,1.0,"L28,L27,L26,L24,L22,L16,L15,L14,L12,L9,L8,L7,L1,L0,L2,L3",ok
main_without_flagged,mmke-visual,llava-v1.5-7b,LGA-Visual-no-direction/raw,Rel,16,0.7705882352941177,1.0,"L3,L0,L2,L7,L1,L8,L9,L12,L14,L15,L16,L22,L24,L26,L27,L28",ok
main_without_flagged,mmke-visual,llava-v1.5-7b,LGA-Visual-no-direction/raw,T-Gen,16,0.7705882352941177,1.0,"L3,L0,L2,L7,L1,L8,L9,L12,L14,L15,L16,L22,L24,L26,L27,L28",ok
main_without_flagged,mmke-visual,llava-v1.5-7b,LGA-Visual-no-direction/raw,M-Gen,16,0.7617647058823529,1.0,"L3,L0,L2,L7,L1,L8,L9,L12,L14,L15,L16,L22,L24,L26,L27,L28",ok
main_without_flagged,mmke-visual,llava-v1.5-7b,LGA-Visual-no-direction/tukey,Rel,16,0.7705882352941177,1.0,"L3,L0,L2,L7,L1,L8,L9,L12,L14,L15,L16,L22,L24,L26,L27,L28",ok
main_without_flagged,mmke-visual,llava-v1.5-7b,LGA-Visual-no-direction/tukey,T-Gen,16,0.7705882352941177,1.0,"L3,L0,L2,L7,L1,L8,L9,L12,L14,L15,L16,L22,L24,L26,L27,L28",ok
main_without_flagged,mmke-visual,llava-v1.5-7b,LGA-Visual-no-direction/tukey,M-Gen,16,0.7617647058823529,1.0,"L3,L0,L2,L7,L1,L8,L9,L12,L14,L15,L16,L22,L24,L26,L27,L28",ok
main_without_flagged,mmke-visual,qwen2.5-vl-3b,Ours-no-strength/raw,M-Gen,23,0.7081789195686454,1.0,"L12,L10,L11,L9,L13,L8,L7,L6,L0,L3,L1,L14,L2,L22,L16,L17,L19,L18,L20,L28,L30,L27,L26",ok
main_without_flagged,mmke-visual,qwen2.5-vl-3b,Ours-no-strength/tukey,M-Gen,23,0.7081789195686454,1.0,"L12,L10,L11,L9,L13,L8,L7,L6,L0,L3,L1,L14,L2,L22,L16,L17,L19,L18,L20,L28,L30,L27,L26",ok
main_without_flagged,mmke-visual,smolvlm-1.7b,Ours-main/raw,Rel,21,0.8753246753246753,1.0,"L0,L1,L2,L4,L5,L6,L7,L8,L9,L10,L11,L12,L13,L14,L16,L15,L17,L18,L19,L21,L20",ok
main_without_flagged,mmke-visual,smolvlm-1.7b,Ours-main/raw,T-Gen,21,0.8883116883116883,1.0,"L0,L1,L2,L4,L5,L6,L7,L8,L9,L10,L11,L12,L13,L14,L16,L15,L17,L18,L19,L21,L20",ok
main_without_flagged,mmke-visual,smolvlm-1.7b,Ours-main/raw,M-Gen,21,0.8905489264750206,1.0,"L0,L1,L2,L4,L5,L6,L7,L8,L9,L10,L11,L12,L13,L14,L16,L15,L17,L18,L19,L21,L20",ok
main_without_flagged,mmke-visual,smolvlm-1.7b,Ours-main/raw,M-Loc,21,0.7142857142857143,1.0,"L0,L1,L2,L4,L5,L6,L7,L8,L9,L10,L11,L12,L13,L14,L16,L15,L17,L18,L19,L21,L20",ok
main_without_flagged,mmke-visual,smolvlm-1.7b,Ours-main/raw,Average,21,0.9116883116883117,1.0,"L0,L1,L2,L4,L5,L6,L7,L8,L9,L10,L11,L12,L13,L14,L16,L15,L17,L18,L19,L21,L20",ok
main_without_flagged,mmke-visual,smolvlm-1.7b,Ours-main/tukey,Rel,21,0.8753246753246753,1.0,"L0,L1,L2,L4,L5,L6,L7,L8,L9,L10,L11,L12,L13,L14,L16,L15,L17,L18,L19,L21,L20",ok
main_without_flagged,mmke-visual,smolvlm-1.7b,Ours-main/tukey,T-Gen,21,0.8883116883116883,1.0,"L0,L1,L2,L4,L5,L6,L7,L8,L9,L10,L11,L12,L13,L14,L16,L15,L17,L18,L19,L21,L20",ok
main_without_flagged,mmke-visual,smolvlm-1.7b,Ours-main/tukey,M-Gen,21,0.8905489264750206,1.0,"L0,L1,L2,L4,L5,L6,L7,L8,L9,L10,L11,L12,L13,L14,L16,L15,L17,L18,L19,L21,L20",ok
main_without_flagged,mmke-visual,smolvlm-1.7b,Ours-main/tukey,M-Loc,21,0.7142857142857143,1.0,"L0,L1,L2,L4,L5,L6,L7,L8,L9,L10,L11,L12,L13,L14,L16,L15,L17,L18,L19,L21,L20",ok
main_without_flagged,mmke-visual,smolvlm-1.7b,Ours-main/tukey,Average,21,0.9116883116883117,1.0,"L0,L1,L2,L4,L5,L6,L7,L8,L9,L10,L11,L12,L13,L14,L16,L15,L17,L18,L19,L21,L20",ok
main_without_flagged,mmke-visual,smolvlm-1.7b,Ours-no-direction/raw,Rel,21,0.8792207792207792,1.0,"L0,L1,L2,L4,L5,L6,L7,L8,L9,L10,L11,L12,L13,L14,L15,L16,L17,L18,L19,L20,L21",ok
main_without_flagged,mmke-visual,smolvlm-1.7b,Ours-no-direction/raw,T-Gen,21,0.8922077922077922,1.0,"L0,L1,L2,L4,L5,L6,L7,L8,L9,L10,L11,L12,L13,L14,L15,L16,L17,L18,L19,L20,L21",ok
main_without_flagged,mmke-visual,smolvlm-1.7b,Ours-no-direction/raw,M-Gen,21,0.895745419116742,1.0,"L0,L1,L2,L4,L5,L6,L7,L8,L9,L10,L11,L12,L13,L14,L15,L16,L17,L18,L19,L20,L21",ok
main_without_flagged,mmke-visual,smolvlm-1.7b,Ours-no-direction/raw,M-Loc,21,0.7220779220779221,1.0,"L0,L1,L2,L4,L5,L6,L7,L8,L9,L10,L11,L12,L13,L14,L15,L16,L17,L18,L19,L20,L21",ok
main_without_flagged,mmke-visual,smolvlm-1.7b,Ours-no-direction/raw,Average,21,0.9233766233766234,1.0,"L0,L1,L2,L4,L5,L6,L7,L8,L9,L10,L11,L12,L13,L14,L15,L16,L17,L18,L19,L20,L21",ok
main_without_flagged,mmke-visual,smolvlm-1.7b,Ours-no-direction/tukey,Rel,21,0.8792207792207792,1.0,"L0,L1,L2,L4,L5,L6,L7,L8,L9,L10,L11,L12,L13,L14,L15,L16,L17,L18,L19,L20,L21",ok
main_without_flagged,mmke-visual,smolvlm-1.7b,Ours-no-direction/tukey,T-Gen,21,0.8922077922077922,1.0,"L0,L1,L2,L4,L5,L6,L7,L8,L9,L10,L11,L12,L13,L14,L15,L16,L17,L18,L19,L20,L21",ok
main_without_flagged,mmke-visual,smolvlm-1.7b,Ours-no-direction/tukey,M-Gen,21,0.895745419116742,1.0,"L0,L1,L2,L4,L5,L6,L7,L8,L9,L10,L11,L12,L13,L14,L15,L16,L17,L18,L19,L20,L21",ok
main_without_flagged,mmke-visual,smolvlm-1.7b,Ours-no-direction/tukey,M-Loc,21,0.7220779220779221,1.0,"L0,L1,L2,L4,L5,L6,L7,L8,L9,L10,L11,L12,L13,L14,L15,L16,L17,L18,L19,L20,L21",ok
main_without_flagged,mmke-visual,smolvlm-1.7b,Ours-no-direction/tukey,Average,21,0.9233766233766234,1.0,"L0,L1,L2,L4,L5,L6,L7,L8,L9,L10,L11,L12,L13,L14,L15,L16,L17,L18,L19,L20,L21",ok
main_without_flagged,mmke-visual,smolvlm-1.7b,Ours-no-strength/raw,Rel,21,0.7610389610389611,1.0,"L7,L6,L5,L4,L8,L10,L9,L2,L1,L11,L0,L12,L13,L14,L21,L18,L16,L17,L19,L15,L20",ok
main_without_flagged,mmke-visual,smolvlm-1.7b,Ours-no-strength/raw,T-Gen,21,0.7922077922077922,1.0,"L7,L6,L5,L4,L8,L10,L9,L2,L1,L11,L0,L12,L13,L14,L21,L18,L16,L17,L19,L15,L20",ok
main_without_flagged,mmke-visual,smolvlm-1.7b,Ours-no-strength/raw,M-Gen,21,0.7846703888999451,1.0,"L7,L6,L5,L4,L8,L10,L9,L2,L1,L11,L0,L12,L13,L14,L21,L18,L16,L17,L19,L15,L20",ok
main_without_flagged,mmke-visual,smolvlm-1.7b,Ours-no-strength/raw,Average,21,0.7779220779220779,1.0,"L7,L6,L5,L4,L8,L10,L9,L2,L1,L11,L0,L12,L13,L14,L21,L18,L16,L17,L19,L15,L20",ok
main_without_flagged,mmke-visual,smolvlm-1.7b,Ours-no-strength/tukey,Rel,21,0.7610389610389611,1.0,"L7,L6,L5,L4,L8,L10,L9,L2,L1,L11,L0,L12,L13,L14,L21,L18,L16,L17,L19,L15,L20",ok
main_without_flagged,mmke-visual,smolvlm-1.7b,Ours-no-strength/tukey,T-Gen,21,0.7922077922077922,1.0,"L7,L6,L5,L4,L8,L10,L9,L2,L1,L11,L0,L12,L13,L14,L21,L18,L16,L17,L19,L15,L20",ok
main_without_flagged,mmke-visual,smolvlm-1.7b,Ours-no-strength/tukey,M-Gen,21,0.7846703888999451,1.0,"L7,L6,L5,L4,L8,L10,L9,L2,L1,L11,L0,L12,L13,L14,L21,L18,L16,L17,L19,L15,L20",ok
main_without_flagged,mmke-visual,smolvlm-1.7b,Ours-no-strength/tukey,Average,21,0.7779220779220779,1.0,"L7,L6,L5,L4,L8,L10,L9,L2,L1,L11,L0,L12,L13,L14,L21,L18,L16,L17,L19,L15,L20",ok
main_without_flagged,mmke-visual,smolvlm-1.7b,LGA-Visual/raw,Rel,21,0.8883116883116883,1.0,"L0,L1,L2,L4,L5,L6,L7,L8,L9,L10,L11,L12,L13,L14,L15,L16,L18,L17,L19,L20,L21",ok
main_without_flagged,mmke-visual,smolvlm-1.7b,LGA-Visual/raw,T-Gen,21,0.9,1.0,"L0,L1,L2,L4,L5,L6,L7,L8,L9,L10,L11,L12,L13,L14,L15,L16,L18,L17,L19,L20,L21",ok
main_without_flagged,mmke-visual,smolvlm-1.7b,LGA-Visual/raw,M-Gen,21,0.9048392812397547,1.0,"L0,L1,L2,L4,L5,L6,L7,L8,L9,L10,L11,L12,L13,L14,L15,L16,L18,L17,L19,L20,L21",ok
main_without_flagged,mmke-visual,smolvlm-1.7b,LGA-Visual/raw,M-Loc,21,0.7181818181818181,1.0,"L0,L1,L2,L4,L5,L6,L7,L8,L9,L10,L11,L12,L13,L14,L15,L16,L18,L17,L19,L20,L21",ok
main_without_flagged,mmke-visual,smolvlm-1.7b,LGA-Visual/raw,Average,21,0.9272727272727272,1.0,"L0,L1,L2,L4,L5,L6,L7,L8,L9,L10,L11,L12,L13,L14,L15,L16,L18,L17,L19,L20,L21",ok
main_without_flagged,mmke-visual,smolvlm-1.7b,LGA-Visual/tukey,Rel,21,0.8883116883116883,1.0,"L0,L1,L2,L4,L5,L6,L7,L8,L9,L10,L11,L12,L13,L14,L15,L16,L18,L17,L19,L20,L21",ok
main_without_flagged,mmke-visual,smolvlm-1.7b,LGA-Visual/tukey,T-Gen,21,0.9,1.0,"L0,L1,L2,L4,L5,L6,L7,L8,L9,L10,L11,L12,L13,L14,L15,L16,L18,L17,L19,L20,L21",ok
main_without_flagged,mmke-visual,smolvlm-1.7b,LGA-Visual/tukey,M-Gen,21,0.9048392812397547,1.0,"L0,L1,L2,L4,L5,L6,L7,L8,L9,L10,L11,L12,L13,L14,L15,L16,L18,L17,L19,L20,L21",ok
main_without_flagged,mmke-visual,smolvlm-1.7b,LGA-Visual/tukey,M-Loc,21,0.7181818181818181,1.0,"L0,L1,L2,L4,L5,L6,L7,L8,L9,L10,L11,L12,L13,L14,L15,L16,L18,L17,L19,L20,L21",ok
main_without_flagged,mmke-visual,smolvlm-1.7b,LGA-Visual/tukey,Average,21,0.9272727272727272,1.0,"L0,L1,L2,L4,L5,L6,L7,L8,L9,L10,L11,L12,L13,L14,L15,L16,L18,L17,L19,L20,L21",ok
main_without_flagged,mmke-visual,smolvlm-1.7b,LGA-Visual-no-direction/raw,Rel,21,0.8792207792207792,1.0,"L0,L1,L2,L4,L5,L6,L7,L8,L9,L10,L11,L12,L13,L14,L15,L16,L17,L18,L19,L20,L21",ok
main_without_flagged,mmke-visual,smolvlm-1.7b,LGA-Visual-no-direction/raw,T-Gen,21,0.8922077922077922,1.0,"L0,L1,L2,L4,L5,L6,L7,L8,L9,L10,L11,L12,L13,L14,L15,L16,L17,L18,L19,L20,L21",ok
main_without_flagged,mmke-visual,smolvlm-1.7b,LGA-Visual-no-direction/raw,M-Gen,21,0.895745419116742,1.0,"L0,L1,L2,L4,L5,L6,L7,L8,L9,L10,L11,L12,L13,L14,L15,L16,L17,L18,L19,L20,L21",ok
main_without_flagged,mmke-visual,smolvlm-1.7b,LGA-Visual-no-direction/raw,M-Loc,21,0.7220779220779221,1.0,"L0,L1,L2,L4,L5,L6,L7,L8,L9,L10,L11,L12,L13,L14,L15,L16,L17,L18,L19,L20,L21",ok
main_without_flagged,mmke-visual,smolvlm-1.7b,LGA-Visual-no-direction/raw,Average,21,0.9233766233766234,1.0,"L0,L1,L2,L4,L5,L6,L7,L8,L9,L10,L11,L12,L13,L14,L15,L16,L17,L18,L19,L20,L21",ok
main_without_flagged,mmke-visual,smolvlm-1.7b,LGA-Visual-no-direction/tukey,Rel,18,0.8328173374613003,1.0,"L4,L5,L6,L7,L8,L9,L10,L11,L12,L13,L14,L15,L16,L17,L18,L19,L20,L21",ok
main_without_flagged,mmke-visual,smolvlm-1.7b,LGA-Visual-no-direction/tukey,T-Gen,18,0.8617131062951496,1.0,"L4,L5,L6,L7,L8,L9,L10,L11,L12,L13,L14,L15,L16,L17,L18,L19,L20,L21",ok
main_without_flagged,mmke-visual,smolvlm-1.7b,LGA-Visual-no-direction/tukey,M-Gen,18,0.8617131062951496,1.0,"L4,L5,L6,L7,L8,L9,L10,L11,L12,L13,L14,L15,L16,L17,L18,L19,L20,L21",ok
main_without_flagged,mmke-visual,smolvlm-1.7b,LGA-Visual-no-direction/tukey,M-Loc,18,0.7275541795665634,1.0,"L4,L5,L6,L7,L8,L9,L10,L11,L12,L13,L14,L15,L16,L17,L18,L19,L20,L21",ok
main_without_flagged,mmke-visual,smolvlm-1.7b,LGA-Visual-no-direction/tukey,Average,18,0.9112487100103199,1.0,"L4,L5,L6,L7,L8,L9,L10,L11,L12,L13,L14,L15,L16,L17,L18,L19,L20,L21",ok
main_without_flagged,mmke-entity,instructblip-vicuna-7b,Ours-main/raw,Rel,23,0.8359683794466403,1.0,"L1,L0,L3,L2,L4,L5,L14,L15,L16,L17,L27,L26,L18,L25,L19,L20,L24,L23,L22,L29,L28,L30,L31",ok
main_without_flagged,mmke-entity,instructblip-vicuna-7b,Ours-main/raw,T-Gen,23,0.8626482213438735,1.0,"L1,L0,L3,L2,L4,L5,L14,L15,L16,L17,L27,L26,L18,L25,L19,L20,L24,L23,L22,L29,L28,L30,L31",ok
main_without_flagged,mmke-entity,instructblip-vicuna-7b,Ours-main/raw,M-Gen,23,0.8438735177865613,1.0,"L1,L0,L3,L2,L4,L5,L14,L15,L16,L17,L27,L26,L18,L25,L19,L20,L24,L23,L22,L29,L28,L30,L31",ok
main_without_flagged,mmke-entity,instructblip-vicuna-7b,Ours-main/raw,Average,23,0.8606719367588933,1.0,"L1,L0,L3,L2,L4,L5,L14,L15,L16,L17,L27,L26,L18,L25,L19,L20,L24,L23,L22,L29,L28,L30,L31",ok
main_without_flagged,mmke-entity,instructblip-vicuna-7b,Ours-main/tukey,Rel,21,0.7844155844155845,1.0,"L1,L0,L3,L2,L4,L5,L14,L15,L16,L17,L27,L26,L18,L25,L19,L20,L24,L23,L22,L29,L28",ok
main_without_flagged,mmke-entity,instructblip-vicuna-7b,Ours-main/tukey,T-Gen,21,0.8194805194805195,1.0,"L1,L0,L3,L2,L4,L5,L14,L15,L16,L17,L27,L26,L18,L25,L19,L20,L24,L23,L22,L29,L28",ok
main_without_flagged,mmke-entity,instructblip-vicuna-7b,Ours-main/tukey,M-Gen,21,0.7948051948051948,1.0,"L1,L0,L3,L2,L4,L5,L14,L15,L16,L17,L27,L26,L18,L25,L19,L20,L24,L23,L22,L29,L28",ok
main_without_flagged,mmke-entity,instructblip-vicuna-7b,Ours-main/tukey,Average,21,0.8168831168831169,1.0,"L1,L0,L3,L2,L4,L5,L14,L15,L16,L17,L27,L26,L18,L25,L19,L20,L24,L23,L22,L29,L28",ok
main_without_flagged,mmke-entity,instructblip-vicuna-7b,Ours-no-direction/raw,Rel,23,0.9268774703557312,1.0,"L1,L0,L3,L2,L4,L5,L14,L15,L16,L17,L18,L19,L20,L22,L23,L24,L25,L26,L27,L28,L29,L30,L31",ok
main_without_flagged,mmke-entity,instructblip-vicuna-7b,Ours-no-direction/raw,T-Gen,23,0.9476284584980237,1.0,"L1,L0,L3,L2,L4,L5,L14,L15,L16,L17,L18,L19,L20,L22,L23,L24,L25,L26,L27,L28,L29,L30,L31",ok
main_without_flagged,mmke-entity,instructblip-vicuna-7b,Ours-no-direction/raw,M-Gen,23,0.9318181818181818,1.0,"L1,L0,L3,L2,L4,L5,L14,L15,L16,L17,L18,L19,L20,L22,L23,L24,L25,L26,L27,L28,L29,L30,L31",ok
main_without_flagged,mmke-entity,instructblip-vicuna-7b,Ours-no-direction/raw,Average,23,0.9426877470355731,1.0,"L1,L0,L3,L2,L4,L5,L14,L15,L16,L17,L18,L19,L20,L22,L23,L24,L25,L26,L27,L28,L29,L30,L31",ok
main_without_flagged,mmke-entity,instructblip-vicuna-7b,Ours-no-direction/tukey,Rel,22,0.9164313946922643,1.0,"L1,L0,L3,L2,L4,L5,L14,L15,L16,L17,L18,L19,L20,L22,L23,L24,L25,L26,L27,L28,L29,L30",ok
main_without_flagged,mmke-entity,instructblip-vicuna-7b,Ours-no-direction/tukey,T-Gen,22,0.9401468097120271,1.0,"L1,L0,L3,L2,L4,L5,L14,L15,L16,L17,L18,L19,L20,L22,L23,L24,L25,L26,L27,L28,L29,L30",ok
main_without_flagged,mmke-entity,instructblip-vicuna-7b,Ours-no-direction/tukey,M-Gen,22,0.922077922077922,1.0,"L1,L0,L3,L2,L4,L5,L14,L15,L16,L17,L18,L19,L20,L22,L23,L24,L25,L26,L27,L28,L29,L30",ok
main_without_flagged,mmke-entity,instructblip-vicuna-7b,Ours-no-direction/tukey,Average,22,0.9345002823263693,1.0,"L1,L0,L3,L2,L4,L5,L14,L15,L16,L17,L18,L19,L20,L22,L23,L24,L25,L26,L27,L28,L29,L30",ok
main_without_flagged,mmke-entity,instructblip-vicuna-7b,LGA-Visual/raw,Rel,23,0.9268774703557312,1.0,"L1,L0,L3,L2,L4,L5,L14,L15,L16,L17,L18,L19,L20,L22,L23,L24,L25,L26,L27,L28,L29,L30,L31",ok
main_without_flagged,mmke-entity,instructblip-vicuna-7b,LGA-Visual/raw,T-Gen,23,0.9476284584980237,1.0,"L1,L0,L3,L2,L4,L5,L14,L15,L16,L17,L18,L19,L20,L22,L23,L24,L25,L26,L27,L28,L29,L30,L31",ok
main_without_flagged,mmke-entity,instructblip-vicuna-7b,LGA-Visual/raw,M-Gen,23,0.9318181818181818,1.0,"L1,L0,L3,L2,L4,L5,L14,L15,L16,L17,L18,L19,L20,L22,L23,L24,L25,L26,L27,L28,L29,L30,L31",ok
main_without_flagged,mmke-entity,instructblip-vicuna-7b,LGA-Visual/raw,Average,23,0.9426877470355731,1.0,"L1,L0,L3,L2,L4,L5,L14,L15,L16,L17,L18,L19,L20,L22,L23,L24,L25,L26,L27,L28,L29,L30,L31",ok
main_without_flagged,mmke-entity,instructblip-vicuna-7b,LGA-Visual/tukey,Rel,23,0.9268774703557312,1.0,"L1,L0,L3,L2,L4,L5,L14,L15,L16,L17,L18,L19,L20,L22,L23,L24,L25,L26,L27,L28,L29,L30,L31",ok
main_without_flagged,mmke-entity,instructblip-vicuna-7b,LGA-Visual/tukey,T-Gen,23,0.9476284584980237,1.0,"L1,L0,L3,L2,L4,L5,L14,L15,L16,L17,L18,L19,L20,L22,L23,L24,L25,L26,L27,L28,L29,L30,L31",ok
main_without_flagged,mmke-entity,instructblip-vicuna-7b,LGA-Visual/tukey,M-Gen,23,0.9318181818181818,1.0,"L1,L0,L3,L2,L4,L5,L14,L15,L16,L17,L18,L19,L20,L22,L23,L24,L25,L26,L27,L28,L29,L30,L31",ok
main_without_flagged,mmke-entity,instructblip-vicuna-7b,LGA-Visual/tukey,Average,23,0.9426877470355731,1.0,"L1,L0,L3,L2,L4,L5,L14,L15,L16,L17,L18,L19,L20,L22,L23,L24,L25,L26,L27,L28,L29,L30,L31",ok
main_without_flagged,mmke-entity,instructblip-vicuna-7b,LGA-Visual-no-direction/raw,Rel,23,0.9268774703557312,1.0,"L1,L0,L3,L2,L4,L5,L14,L15,L16,L17,L18,L19,L20,L22,L23,L24,L25,L26,L27,L28,L29,L30,L31",ok
main_without_flagged,mmke-entity,instructblip-vicuna-7b,LGA-Visual-no-direction/raw,T-Gen,23,0.9476284584980237,1.0,"L1,L0,L3,L2,L4,L5,L14,L15,L16,L17,L18,L19,L20,L22,L23,L24,L25,L26,L27,L28,L29,L30,L31",ok
main_without_flagged,mmke-entity,instructblip-vicuna-7b,LGA-Visual-no-direction/raw,M-Gen,23,0.9318181818181818,1.0,"L1,L0,L3,L2,L4,L5,L14,L15,L16,L17,L18,L19,L20,L22,L23,L24,L25,L26,L27,L28,L29,L30,L31",ok
main_without_flagged,mmke-entity,instructblip-vicuna-7b,LGA-Visual-no-direction/raw,Average,23,0.9426877470355731,1.0,"L1,L0,L3,L2,L4,L5,L14,L15,L16,L17,L18,L19,L20,L22,L23,L24,L25,L26,L27,L28,L29,L30,L31",ok
main_without_flagged,mmke-entity,instructblip-vicuna-7b,LGA-Visual-no-direction/tukey,Rel,23,0.9268774703557312,1.0,"L1,L0,L3,L2,L4,L5,L14,L15,L16,L17,L18,L19,L20,L22,L23,L24,L25,L26,L27,L28,L29,L30,L31",ok
main_without_flagged,mmke-entity,instructblip-vicuna-7b,LGA-Visual-no-direction/tukey,T-Gen,23,0.9476284584980237,1.0,"L1,L0,L3,L2,L4,L5,L14,L15,L16,L17,L18,L19,L20,L22,L23,L24,L25,L26,L27,L28,L29,L30,L31",ok
main_without_flagged,mmke-entity,instructblip-vicuna-7b,LGA-Visual-no-direction/tukey,M-Gen,23,0.9318181818181818,1.0,"L1,L0,L3,L2,L4,L5,L14,L15,L16,L17,L18,L19,L20,L22,L23,L24,L25,L26,L27,L28,L29,L30,L31",ok
main_without_flagged,mmke-entity,instructblip-vicuna-7b,LGA-Visual-no-direction/tukey,Average,23,0.9426877470355731,1.0,"L1,L0,L3,L2,L4,L5,L14,L15,L16,L17,L18,L19,L20,L22,L23,L24,L25,L26,L27,L28,L29,L30,L31",ok
main_without_flagged,mmke-entity,llava-v1.5-7b,Ours-main/raw,M-Loc,10,-0.793939393939394,1.0,"L9,L14,L15,L28,L27,L26,L16,L24,L23,L22",ok
main_without_flagged,mmke-entity,llava-v1.5-7b,Ours-main/tukey,M-Loc,9,-0.7666666666666667,1.0,"L14,L15,L28,L27,L26,L16,L24,L23,L22",ok
main_without_flagged,mmke-entity,llava-v1.5-7b,Ours-no-direction/raw,Rel,10,0.8909090909090909,1.0,"L9,L14,L15,L16,L22,L23,L24,L26,L27,L28",ok
main_without_flagged,mmke-entity,llava-v1.5-7b,Ours-no-direction/raw,T-Gen,10,0.8909090909090909,1.0,"L9,L14,L15,L16,L22,L23,L24,L26,L27,L28",ok
main_without_flagged,mmke-entity,llava-v1.5-7b,Ours-no-direction/raw,M-Gen,10,0.8997002046464956,1.0,"L9,L14,L15,L16,L22,L23,L24,L26,L27,L28",ok
main_without_flagged,mmke-entity,llava-v1.5-7b,Ours-no-direction/raw,Average,10,0.9030303030303031,1.0,"L9,L14,L15,L16,L22,L23,L24,L26,L27,L28",ok
main_without_flagged,mmke-entity,llava-v1.5-7b,Ours-no-direction/tukey,Rel,10,0.8909090909090909,1.0,"L9,L14,L15,L16,L22,L23,L24,L26,L27,L28",ok
main_without_flagged,mmke-entity,llava-v1.5-7b,Ours-no-direction/tukey,T-Gen,10,0.8909090909090909,1.0,"L9,L14,L15,L16,L22,L23,L24,L26,L27,L28",ok
main_without_flagged,mmke-entity,llava-v1.5-7b,Ours-no-direction/tukey,M-Gen,10,0.8997002046464956,1.0,"L9,L14,L15,L16,L22,L23,L24,L26,L27,L28",ok
main_without_flagged,mmke-entity,llava-v1.5-7b,Ours-no-direction/tukey,Average,10,0.9030303030303031,1.0,"L9,L14,L15,L16,L22,L23,L24,L26,L27,L28",ok
main_without_flagged,mmke-entity,llava-v1.5-7b,Ours-no-strength/raw,M-Loc,10,-0.8181818181818182,1.0,"L28,L14,L15,L9,L27,L26,L24,L16,L23,L22",ok
main_without_flagged,mmke-entity,llava-v1.5-7b,Ours-no-strength/tukey,M-Loc,10,-0.8181818181818182,1.0,"L28,L14,L15,L9,L27,L26,L24,L16,L23,L22",ok
main_without_flagged,mmke-entity,llava-v1.5-7b,LGA-Visual-no-direction/raw,Rel,10,0.8909090909090909,1.0,"L9,L14,L15,L16,L22,L23,L24,L26,L27,L28",ok
main_without_flagged,mmke-entity,llava-v1.5-7b,LGA-Visual-no-direction/raw,T-Gen,10,0.8909090909090909,1.0,"L9,L14,L15,L16,L22,L23,L24,L26,L27,L28",ok
main_without_flagged,mmke-entity,llava-v1.5-7b,LGA-Visual-no-direction/raw,M-Gen,10,0.8997002046464956,1.0,"L9,L14,L15,L16,L22,L23,L24,L26,L27,L28",ok
main_without_flagged,mmke-entity,llava-v1.5-7b,LGA-Visual-no-direction/raw,Average,10,0.9030303030303031,1.0,"L9,L14,L15,L16,L22,L23,L24,L26,L27,L28",ok
main_without_flagged,mmke-entity,llava-v1.5-7b,LGA-Visual-no-direction/tukey,Rel,10,0.8909090909090909,1.0,"L9,L14,L15,L16,L22,L23,L24,L26,L27,L28",ok
main_without_flagged,mmke-entity,llava-v1.5-7b,LGA-Visual-no-direction/tukey,T-Gen,10,0.8909090909090909,1.0,"L9,L14,L15,L16,L22,L23,L24,L26,L27,L28",ok
main_without_flagged,mmke-entity,llava-v1.5-7b,LGA-Visual-no-direction/tukey,M-Gen,10,0.8997002046464956,1.0,"L9,L14,L15,L16,L22,L23,L24,L26,L27,L28",ok
main_without_flagged,mmke-entity,llava-v1.5-7b,LGA-Visual-no-direction/tukey,Average,10,0.9030303030303031,1.0,"L9,L14,L15,L16,L22,L23,L24,L26,L27,L28",ok
main_without_flagged,mmke-entity,qwen2.5-vl-3b,Ours-no-strength/raw,M-Loc,21,0.712987012987013,1.0,"L10,L13,L6,L14,L15,L3,L1,L0,L2,L16,L17,L22,L21,L18,L20,L28,L27,L25,L29,L26,L30",ok
main_without_flagged,mmke-entity,qwen2.5-vl-3b,Ours-no-strength/tukey,M-Loc,21,0.712987012987013,1.0,"L10,L13,L6,L14,L15,L3,L1,L0,L2,L16,L17,L22,L21,L18,L20,L28,L27,L25,L29,L26,L30",ok
main_without_flagged,mmke-entity,smolvlm-1.7b,Ours-main/raw,M-Loc,16,0.7078736279905755,1.0,"L0,L1,L2,L6,L7,L8,L9,L10,L11,L12,L13,L14,L15,L16,L17,L18",ok
main_without_flagged,mmke-entity,smolvlm-1.7b,Ours-main/tukey,M-Loc,16,0.7078736279905755,1.0,"L0,L1,L2,L6,L7,L8,L9,L10,L11,L12,L13,L14,L15,L16,L17,L18",ok
main_without_flagged,mmke-entity,smolvlm-1.7b,Ours-no-direction/raw,M-Loc,16,0.7078736279905755,1.0,"L0,L1,L2,L6,L7,L8,L9,L10,L11,L12,L13,L14,L15,L16,L17,L18",ok
main_without_flagged,mmke-entity,smolvlm-1.7b,Ours-no-direction/tukey,M-Loc,15,0.702413149113129,1.0,"L1,L2,L6,L7,L8,L9,L10,L11,L12,L13,L14,L15,L16,L17,L18",ok
main_without_flagged,mmke-entity,smolvlm-1.7b,LGA-Visual/raw,M-Loc,16,0.7078736279905755,1.0,"L0,L1,L2,L6,L7,L8,L9,L10,L11,L12,L13,L14,L15,L16,L17,L18",ok
main_without_flagged,mmke-entity,smolvlm-1.7b,LGA-Visual-no-direction/raw,M-Loc,16,0.7078736279905755,1.0,"L0,L1,L2,L6,L7,L8,L9,L10,L11,L12,L13,L14,L15,L16,L17,L18",ok
main_without_flagged,evqa-pilot500,minigpt-4-vicuna-7b,VisEdit-Direct-model_pred/diagnostic,Rel,21,-0.7025974025974026,1.0,"L26,L30,L25,L31,L19,L22,L28,L29,L18,L15,L14,L17,L16,L24,L0,L10,L1,L2,L8,L9,L7",ok
main_without_flagged,evqa-pilot500,minigpt-4-vicuna-7b,VisEdit-Direct-model_pred/diagnostic,M-Gen,21,-0.7054238761136924,1.0,"L26,L30,L25,L31,L19,L22,L28,L29,L18,L15,L14,L17,L16,L24,L0,L10,L1,L2,L8,L9,L7",ok
main_without_flagged,evqa-pilot500,smolvlm-1.7b,VisEdit-Direct-alt/diagnostic,Rel,20,-0.762406015037594,1.0,"L22,L19,L21,L20,L17,L16,L15,L8,L10,L14,L1,L12,L13,L11,L9,L2,L3,L5,L7,L0",ok
main_without_flagged,evqa-pilot500,smolvlm-1.7b,VisEdit-Direct-alt/diagnostic,T-Gen,20,-0.8360902255639098,1.0,"L22,L19,L21,L20,L17,L16,L15,L8,L10,L14,L1,L12,L13,L11,L9,L2,L3,L5,L7,L0",ok
main_without_flagged,evqa-pilot500,smolvlm-1.7b,VisEdit-Direct-alt/diagnostic,M-Gen,20,-0.8135338345864662,1.0,"L22,L19,L21,L20,L17,L16,L15,L8,L10,L14,L1,L12,L13,L11,L9,L2,L3,L5,L7,L0",ok
main_without_flagged,evqa-pilot500,smolvlm-1.7b,VisEdit-Direct-alt/diagnostic,Average,20,-0.7834586466165413,1.0,"L22,L19,L21,L20,L17,L16,L15,L8,L10,L14,L1,L12,L13,L11,L9,L2,L3,L5,L7,L0",ok
main_without_flagged,evqa-pilot500,smolvlm-1.7b,VisEdit-Direct-model_pred/diagnostic,Rel,20,-0.750375939849624,1.0,"L22,L21,L20,L16,L19,L17,L15,L8,L10,L14,L1,L13,L12,L11,L9,L2,L7,L5,L3,L0",ok
main_without_flagged,evqa-pilot500,smolvlm-1.7b,VisEdit-Direct-model_pred/diagnostic,T-Gen,20,-0.8225563909774436,1.0,"L22,L21,L20,L16,L19,L17,L15,L8,L10,L14,L1,L13,L12,L11,L9,L2,L7,L5,L3,L0",ok
main_without_flagged,evqa-pilot500,smolvlm-1.7b,VisEdit-Direct-model_pred/diagnostic,M-Gen,20,-0.8045112781954887,1.0,"L22,L21,L20,L16,L19,L17,L15,L8,L10,L14,L1,L13,L12,L11,L9,L2,L7,L5,L3,L0",ok
main_without_flagged,evqa-pilot500,smolvlm-1.7b,VisEdit-Direct-model_pred/diagnostic,Average,20,-0.7729323308270677,1.0,"L22,L21,L20,L16,L19,L17,L15,L8,L10,L14,L1,L13,L12,L11,L9,L2,L7,L5,L3,L0",ok
main_without_flagged,mmke-visual,smolvlm-1.7b,VisEdit-Direct-alt/diagnostic,M-Loc,21,-0.7467532467532467,1.0,"L19,L20,L21,L8,L18,L16,L13,L12,L11,L14,L6,L10,L17,L4,L15,L7,L1,L2,L9,L5,L0",ok
main_without_flagged,mmke-entity,llava-v1.5-7b,VisEdit-Direct-alt/diagnostic,Rel,10,-0.8316561813093608,1.0,"L27,L28,L26,L24,L15,L22,L14,L9,L23,L16",ok
main_without_flagged,mmke-entity,llava-v1.5-7b,VisEdit-Direct-alt/diagnostic,T-Gen,10,-0.8316561813093608,1.0,"L27,L28,L26,L24,L15,L22,L14,L9,L23,L16",ok
main_without_flagged,mmke-entity,llava-v1.5-7b,VisEdit-Direct-alt/diagnostic,M-Gen,10,-0.8185076420116499,1.0,"L27,L28,L26,L24,L15,L22,L14,L9,L23,L16",ok
main_without_flagged,mmke-entity,llava-v1.5-7b,VisEdit-Direct-alt/diagnostic,Average,10,-0.8003909113353247,1.0,"L27,L28,L26,L24,L15,L22,L14,L9,L23,L16",ok
main_without_flagged,mmke-visual,smolvlm-1.7b,VisEdit-Direct-pred-field/diagnostic,Rel,21,-0.7633296441006143,1.0,"L19,L16,L8,L21,L20,L17,L1,L18,L10,L12,L15,L14,L4,L11,L9,L13,L6,L5,L2,L7,L0",ok
main_without_flagged,mmke-visual,smolvlm-1.7b,VisEdit-Direct-pred-field/diagnostic,T-Gen,21,-0.7737327738328204,1.0,"L19,L16,L8,L21,L20,L17,L1,L18,L10,L12,L15,L14,L4,L11,L9,L13,L6,L5,L2,L7,L0",ok
main_without_flagged,mmke-visual,smolvlm-1.7b,VisEdit-Direct-pred-field/diagnostic,M-Gen,21,-0.773333701368496,1.0,"L19,L16,L8,L21,L20,L17,L1,L18,L10,L12,L15,L14,L4,L11,L9,L13,L6,L5,L2,L7,L0",ok
main_without_flagged,mmke-visual,smolvlm-1.7b,VisEdit-Direct-pred-field/diagnostic,Average,21,-0.7971398157302838,1.0,"L19,L16,L8,L21,L20,L17,L1,L18,L10,L12,L15,L14,L4,L11,L9,L13,L6,L5,L2,L7,L0",ok
main_without_flagged,mmke-entity,llava-v1.5-7b,VisEdit-Direct-pred-field/diagnostic,Rel,10,-0.8316561813093608,1.0,"L27,L28,L26,L24,L15,L22,L14,L9,L23,L16",ok
main_without_flagged,mmke-entity,llava-v1.5-7b,VisEdit-Direct-pred-field/diagnostic,T-Gen,10,-0.8316561813093608,1.0,"L27,L28,L26,L24,L15,L22,L14,L9,L23,L16",ok
main_without_flagged,mmke-entity,llava-v1.5-7b,VisEdit-Direct-pred-field/diagnostic,M-Gen,10,-0.8185076420116499,1.0,"L27,L28,L26,L24,L15,L22,L14,L9,L23,L16",ok
main_without_flagged,mmke-entity,llava-v1.5-7b,VisEdit-Direct-pred-field/diagnostic,Average,10,-0.8003909113353247,1.0,"L27,L28,L26,L24,L15,L22,L14,L9,L23,L16",ok
main_without_flagged,mmke-entity,paligemma-3b,VisEdit-Direct-pred-field/diagnostic,Average,14,-0.7125515539884951,1.0,"L17,L10,L11,L1,L7,L6,L5,L4,L8,L9,L2,L3,L12,L13",ok
verified50_main,evqa-pilot500,blip2-opt-2.7b,Middle-Prior/raw,Rel,15,0.8307997735058358,1.0,"L15,L16,L17,L18,L19,L20,L10,L21,L24,L25,L5,L26,L29,L30,L0",ok
verified50_main,evqa-pilot500,blip2-opt-2.7b,Middle-Prior/raw,T-Gen,15,0.7967799551941743,1.0,"L15,L16,L17,L18,L19,L20,L10,L21,L24,L25,L5,L26,L29,L30,L0",ok
verified50_main,evqa-pilot500,blip2-opt-2.7b,Middle-Prior/raw,M-Gen,15,0.8737721755837238,1.0,"L15,L16,L17,L18,L19,L20,L10,L21,L24,L25,L5,L26,L29,L30,L0",ok
verified50_main,evqa-pilot500,blip2-opt-2.7b,Middle-Prior/raw,Average,15,0.8719816588304785,1.0,"L15,L16,L17,L18,L19,L20,L10,L21,L24,L25,L5,L26,L29,L30,L0",ok
verified50_main,evqa-pilot500,blip2-opt-2.7b,LGA-Param/tukey,Rel,14,0.8021978021978022,0.808,"L16,L18,L17,L15,L19,L5,L20,L21,L10,L24,L25,L26,L30,L29",ok
verified50_main,evqa-pilot500,blip2-opt-2.7b,LGA-Param/tukey,T-Gen,14,0.7934065934065934,0.808,"L16,L18,L17,L15,L19,L5,L20,L21,L10,L24,L25,L26,L30,L29",ok
verified50_main,evqa-pilot500,blip2-opt-2.7b,LGA-Param/tukey,M-Gen,14,0.8549450549450549,0.808,"L16,L18,L17,L15,L19,L5,L20,L21,L10,L24,L25,L26,L30,L29",ok
verified50_main,evqa-pilot500,blip2-opt-2.7b,LGA-Param/tukey,Average,14,0.8021978021978022,0.808,"L16,L18,L17,L15,L19,L5,L20,L21,L10,L24,L25,L26,L30,L29",ok
verified50_main,evqa-pilot500,instructblip-vicuna-7b,Middle-Prior/raw,Rel,9,-0.8481088154728615,1.0,"L11,L25,L26,L4,L27,L3,L28,L2,L1",ok
verified50_main,evqa-pilot500,instructblip-vicuna-7b,Middle-Prior/raw,T-Gen,9,-0.7563292261344161,1.0,"L11,L25,L26,L4,L27,L3,L28,L2,L1",ok
verified50_main,evqa-pilot500,instructblip-vicuna-7b,CMA-model_pred/raw,M-Loc,9,-0.8166666666666667,0.992,"L1,L2,L3,L4,L25,L11,L28,L26,L27",ok
verified50_main,evqa-pilot500,instructblip-vicuna-7b,Perturb-KL-alt/raw,M-Loc,9,-0.75,1.0,"L2,L3,L4,L11,L1,L25,L26,L27,L28",ok
verified50_main,evqa-pilot500,minigpt-4-vicuna-7b,CMA-model_pred/raw,Rel,21,0.7207792207792207,0.994,"L0,L1,L2,L7,L8,L9,L10,L14,L15,L16,L17,L18,L19,L22,L24,L25,L26,L31,L28,L29,L30",ok
verified50_main,evqa-pilot500,minigpt-4-vicuna-7b,Perturb-KL-alt/raw,Rel,21,0.7441558441558441,1.0,"L0,L1,L2,L7,L8,L9,L10,L14,L15,L16,L17,L18,L19,L22,L24,L25,L26,L28,L29,L30,L31",ok
verified50_main,evqa-pilot500,minigpt-4-vicuna-7b,Perturb-KL-alt/raw,M-Gen,21,0.7268594082607935,1.0,"L0,L1,L2,L7,L8,L9,L10,L14,L15,L16,L17,L18,L19,L22,L24,L25,L26,L28,L29,L30,L31",ok
verified50_main,evqa-pilot500,minigpt-4-vicuna-7b,SaLEM-alt/raw,M-Loc,21,0.7142857142857143,1.0,"L8,L9,L10,L7,L14,L15,L16,L2,L17,L31,L18,L19,L30,L22,L29,L24,L25,L28,L26,L1,L0",ok
verified50_main,evqa-pilot500,minigpt-4-vicuna-7b,LGA-Param/tukey,Rel,19,-0.7333333333333333,0.998,"L29,L25,L22,L26,L30,L19,L24,L0,L28,L18,L1,L17,L16,L15,L7,L14,L8,L9,L10",ok
verified50_main,evqa-pilot500,minigpt-4-vicuna-7b,LGA-Param/tukey,M-Gen,19,-0.7441861181528424,0.998,"L29,L25,L22,L26,L30,L19,L24,L0,L28,L18,L1,L17,L16,L15,L7,L14,L8,L9,L10",ok
verified50_main,evqa-pilot500,minigpt-4-vicuna-7b,LGA-Param/tukey,M-Loc,19,-0.7140350877192982,0.998,"L29,L25,L22,L26,L30,L19,L24,L0,L28,L18,L1,L17,L16,L15,L7,L14,L8,L9,L10",ok
verified50_main,evqa-pilot500,minigpt-4-vicuna-7b,LGA-Param/tukey,Average,19,-0.7315789473684211,0.998,"L29,L25,L22,L26,L30,L19,L24,L0,L28,L18,L1,L17,L16,L15,L7,L14,L8,L9,L10",ok
verified50_main,evqa-pilot500,paligemma-3b,Middle-Prior/raw,M-Loc,5,-0.9,1.0,"L10,L11,L12,L3,L15",ok
verified50_main,evqa-pilot500,paligemma-3b,CMA-model_pred/raw,M-Gen,5,0.7,0.82,"L3,L10,L11,L12,L15",ok
verified50_main,evqa-pilot500,paligemma-3b,CMA-model_pred/raw,Average,5,0.7,0.82,"L3,L10,L11,L12,L15",ok
verified50_main,evqa-pilot500,paligemma-3b,Perturb-KL-alt/raw,M-Gen,5,0.7,1.0,"L3,L10,L11,L12,L15",ok
verified50_main,evqa-pilot500,paligemma-3b,Perturb-KL-alt/raw,Average,5,0.7,1.0,"L3,L10,L11,L12,L15",ok
verified50_main,evqa-pilot500,paligemma-3b,SaLEM-alt/raw,M-Loc,5,-0.9,1.0,"L10,L11,L12,L3,L15",ok
verified50_main,evqa-pilot500,smolvlm-1.7b,Middle-Prior/raw,T-Gen,10,0.7575757575757576,1.0,"L12,L13,L14,L15,L16,L17,L5,L19,L21,L22",ok
verified50_main,evqa-pilot500,smolvlm-1.7b,Middle-Prior/raw,M-Loc,10,0.9151515151515152,1.0,"L12,L13,L14,L15,L16,L17,L5,L19,L21,L22",ok
verified50_main,evqa-pilot500,smolvlm-1.7b,Middle-Prior/raw,Average,10,0.7333333333333333,1.0,"L12,L13,L14,L15,L16,L17,L5,L19,L21,L22",ok
verified50_main,evqa-pilot500,smolvlm-1.7b,CMA-model_pred/raw,Rel,10,0.7818181818181819,0.994,"L5,L12,L13,L14,L15,L16,L17,L19,L21,L22",ok
verified50_main,evqa-pilot500,smolvlm-1.7b,CMA-model_pred/raw,T-Gen,10,0.9272727272727272,0.994,"L5,L12,L13,L14,L15,L16,L17,L19,L21,L22",ok
verified50_main,evqa-pilot500,smolvlm-1.7b,CMA-model_pred/raw,M-Gen,10,0.8666666666666667,0.994,"L5,L12,L13,L14,L15,L16,L17,L19,L21,L22",ok
verified50_main,evqa-pilot500,smolvlm-1.7b,CMA-model_pred/raw,Average,10,0.9030303030303031,0.994,"L5,L12,L13,L14,L15,L16,L17,L19,L21,L22",ok
verified50_main,evqa-pilot500,smolvlm-1.7b,SaLEM-alt/raw,Rel,10,0.7696969696969697,1.0,"L5,L12,L13,L14,L15,L16,L17,L19,L22,L21",ok
verified50_main,evqa-pilot500,smolvlm-1.7b,SaLEM-alt/raw,T-Gen,10,0.9151515151515152,1.0,"L5,L12,L13,L14,L15,L16,L17,L19,L22,L21",ok
verified50_main,evqa-pilot500,smolvlm-1.7b,SaLEM-alt/raw,M-Gen,10,0.8424242424242424,1.0,"L5,L12,L13,L14,L15,L16,L17,L19,L22,L21",ok
verified50_main,evqa-pilot500,smolvlm-1.7b,SaLEM-alt/raw,Average,10,0.8909090909090909,1.0,"L5,L12,L13,L14,L15,L16,L17,L19,L22,L21",ok
verified50_main,evqa-pilot500,smolvlm-1.7b,LGA-Param/raw,Rel,10,-0.8424242424242424,0.998,"L22,L21,L19,L17,L16,L15,L12,L13,L5,L14",ok
verified50_main,evqa-pilot500,smolvlm-1.7b,LGA-Param/raw,T-Gen,10,-0.9878787878787879,0.998,"L22,L21,L19,L17,L16,L15,L12,L13,L5,L14",ok
verified50_main,evqa-pilot500,smolvlm-1.7b,LGA-Param/raw,M-Gen,10,-0.9272727272727272,0.998,"L22,L21,L19,L17,L16,L15,L12,L13,L5,L14",ok
verified50_main,evqa-pilot500,smolvlm-1.7b,LGA-Param/raw,M-Loc,10,-0.7575757575757576,0.998,"L22,L21,L19,L17,L16,L15,L12,L13,L5,L14",ok
verified50_main,evqa-pilot500,smolvlm-1.7b,LGA-Param/raw,Average,10,-0.9636363636363636,0.998,"L22,L21,L19,L17,L16,L15,L12,L13,L5,L14",ok
verified50_main,evqa-pilot500,smolvlm-1.7b,LGA-Param/tukey,Rel,10,-0.8424242424242424,0.998,"L22,L21,L19,L17,L16,L15,L12,L13,L5,L14",ok
verified50_main,evqa-pilot500,smolvlm-1.7b,LGA-Param/tukey,T-Gen,10,-0.9878787878787879,0.998,"L22,L21,L19,L17,L16,L15,L12,L13,L5,L14",ok
verified50_main,evqa-pilot500,smolvlm-1.7b,LGA-Param/tukey,M-Gen,10,-0.9272727272727272,0.998,"L22,L21,L19,L17,L16,L15,L12,L13,L5,L14",ok
verified50_main,evqa-pilot500,smolvlm-1.7b,LGA-Param/tukey,M-Loc,10,-0.7575757575757576,0.998,"L22,L21,L19,L17,L16,L15,L12,L13,L5,L14",ok
verified50_main,evqa-pilot500,smolvlm-1.7b,LGA-Param/tukey,Average,10,-0.9636363636363636,0.998,"L22,L21,L19,L17,L16,L15,L12,L13,L5,L14",ok
verified50_main,mmke-visual,minigpt-4-vicuna-7b,CMA-model_pred/raw,Rel,14,0.9648351648351648,1.0,"L5,L8,L9,L14,L15,L16,L17,L18,L24,L25,L26,L27,L28,L31",ok
verified50_main,mmke-visual,minigpt-4-vicuna-7b,CMA-model_pred/raw,T-Gen,14,0.9648351648351648,1.0,"L5,L8,L9,L14,L15,L16,L17,L18,L24,L25,L26,L27,L28,L31",ok
verified50_main,mmke-visual,minigpt-4-vicuna-7b,CMA-model_pred/raw,M-Gen,14,0.9648351648351648,1.0,"L5,L8,L9,L14,L15,L16,L17,L18,L24,L25,L26,L27,L28,L31",ok
verified50_main,mmke-visual,minigpt-4-vicuna-7b,CMA-model_pred/raw,Average,14,0.9428571428571428,1.0,"L5,L8,L9,L14,L15,L16,L17,L18,L24,L25,L26,L27,L28,L31",ok
verified50_main,mmke-visual,minigpt-4-vicuna-7b,Perturb-KL-alt/raw,Rel,14,0.9648351648351648,1.0,"L5,L8,L9,L14,L15,L16,L17,L18,L24,L25,L26,L27,L28,L31",ok
verified50_main,mmke-visual,minigpt-4-vicuna-7b,Perturb-KL-alt/raw,T-Gen,14,0.9648351648351648,1.0,"L5,L8,L9,L14,L15,L16,L17,L18,L24,L25,L26,L27,L28,L31",ok
verified50_main,mmke-visual,minigpt-4-vicuna-7b,Perturb-KL-alt/raw,M-Gen,14,0.9648351648351648,1.0,"L5,L8,L9,L14,L15,L16,L17,L18,L24,L25,L26,L27,L28,L31",ok
verified50_main,mmke-visual,minigpt-4-vicuna-7b,Perturb-KL-alt/raw,Average,14,0.9428571428571428,1.0,"L5,L8,L9,L14,L15,L16,L17,L18,L24,L25,L26,L27,L28,L31",ok
verified50_main,mmke-visual,llava-v1.5-7b,Middle-Prior/raw,M-Loc,16,0.7079676820129573,1.0,"L15,L16,L14,L12,L9,L22,L8,L7,L24,L26,L27,L3,L28,L2,L1,L0",ok
verified50_main,mmke-visual,llava-v1.5-7b,CMA-alt-v1.3/raw,Rel,16,0.7352941176470589,0.9672897196261683,"L0,L1,L2,L3,L8,L9,L7,L12,L14,L15,L16,L22,L24,L26,L27,L28",ok
verified50_main,mmke-visual,llava-v1.5-7b,CMA-alt-v1.3/raw,T-Gen,16,0.7352941176470589,0.9672897196261683,"L0,L1,L2,L3,L8,L9,L7,L12,L14,L15,L16,L22,L24,L26,L27,L28",ok
verified50_main,mmke-visual,llava-v1.5-7b,CMA-alt-v1.3/raw,M-Gen,16,0.7441176470588236,0.9672897196261683,"L0,L1,L2,L3,L8,L9,L7,L12,L14,L15,L16,L22,L24,L26,L27,L28",ok
verified50_main,mmke-visual,llava-v1.5-7b,CMA-model_pred/raw,Rel,16,0.7294117647058823,1.0,"L0,L1,L2,L3,L8,L7,L9,L12,L14,L15,L16,L22,L24,L26,L27,L28",ok
verified50_main,mmke-visual,llava-v1.5-7b,CMA-model_pred/raw,T-Gen,16,0.7294117647058823,1.0,"L0,L1,L2,L3,L8,L7,L9,L12,L14,L15,L16,L22,L24,L26,L27,L28",ok
verified50_main,mmke-visual,llava-v1.5-7b,CMA-model_pred/raw,M-Gen,16,0.7323529411764705,1.0,"L0,L1,L2,L3,L8,L7,L9,L12,L14,L15,L16,L22,L24,L26,L27,L28",ok
verified50_main,mmke-visual,llava-v1.5-7b,Perturb-KL-alt/raw,Rel,16,0.7205882352941176,1.0,"L0,L1,L2,L3,L7,L8,L9,L12,L14,L15,L16,L22,L24,L26,L27,L28",ok
verified50_main,mmke-visual,llava-v1.5-7b,Perturb-KL-alt/raw,T-Gen,16,0.7205882352941176,1.0,"L0,L1,L2,L3,L7,L8,L9,L12,L14,L15,L16,L22,L24,L26,L27,L28",ok
verified50_main,mmke-visual,llava-v1.5-7b,Perturb-KL-alt/raw,M-Gen,16,0.7235294117647059,1.0,"L0,L1,L2,L3,L7,L8,L9,L12,L14,L15,L16,L22,L24,L26,L27,L28",ok
verified50_main,mmke-visual,llava-v1.5-7b,SaLEM-alt/raw,Average,16,0.7764705882352941,1.0,"L7,L8,L9,L12,L14,L15,L16,L3,L2,L22,L24,L26,L27,L28,L1,L0",ok
verified50_main,mmke-visual,llava-v1.5-7b,LGA-Param/raw,Rel,16,-0.8,1.0,"L24,L22,L27,L26,L28,L0,L16,L15,L14,L2,L3,L12,L9,L8,L7,L1",ok
verified50_main,mmke-visual,llava-v1.5-7b,LGA-Param/raw,T-Gen,16,-0.8,1.0,"L24,L22,L27,L26,L28,L0,L16,L15,L14,L2,L3,L12,L9,L8,L7,L1",ok
verified50_main,mmke-visual,llava-v1.5-7b,LGA-Param/raw,M-Gen,16,-0.7911764705882353,1.0,"L24,L22,L27,L26,L28,L0,L16,L15,L14,L2,L3,L12,L9,L8,L7,L1",ok
verified50_main,mmke-visual,llava-v1.5-7b,LGA-Param/raw,Average,16,-0.7647058823529411,1.0,"L24,L22,L27,L26,L28,L0,L16,L15,L14,L2,L3,L12,L9,L8,L7,L1",ok
verified50_main,mmke-visual,llava-v1.5-7b,LGA-Param/tukey,Rel,15,-0.8571428571428571,1.0,"L24,L22,L27,L26,L28,L0,L16,L15,L14,L2,L3,L12,L9,L8,L7",ok
verified50_main,mmke-visual,llava-v1.5-7b,LGA-Param/tukey,T-Gen,15,-0.8571428571428571,1.0,"L24,L22,L27,L26,L28,L0,L16,L15,L14,L2,L3,L12,L9,L8,L7",ok
verified50_main,mmke-visual,llava-v1.5-7b,LGA-Param/tukey,M-Gen,15,-0.8321428571428572,1.0,"L24,L22,L27,L26,L28,L0,L16,L15,L14,L2,L3,L12,L9,L8,L7",ok
verified50_main,mmke-visual,llava-v1.5-7b,LGA-Param/tukey,Average,15,-0.875,1.0,"L24,L22,L27,L26,L28,L0,L16,L15,L14,L2,L3,L12,L9,L8,L7",ok
verified50_main,mmke-visual,paligemma-3b,Middle-Prior/raw,M-Gen,13,0.7127180599416806,1.0,"L8,L9,L7,L10,L6,L11,L12,L4,L13,L14,L2,L1,L17",ok
verified50_main,mmke-visual,smolvlm-1.7b,CMA-model_pred/raw,Rel,11,0.7818181818181819,0.9953271028037384,"L5,L2,L12,L13,L14,L15,L16,L17,L19,L20,L21",ok
verified50_main,mmke-visual,smolvlm-1.7b,CMA-model_pred/raw,T-Gen,11,0.8090909090909091,0.9953271028037384,"L5,L2,L12,L13,L14,L15,L16,L17,L19,L20,L21",ok
verified50_main,mmke-visual,smolvlm-1.7b,CMA-model_pred/raw,M-Gen,11,0.8,0.9953271028037384,"L5,L2,L12,L13,L14,L15,L16,L17,L19,L20,L21",ok
verified50_main,mmke-visual,smolvlm-1.7b,CMA-model_pred/raw,M-Loc,11,0.8181818181818182,0.9953271028037384,"L5,L2,L12,L13,L14,L15,L16,L17,L19,L20,L21",ok
verified50_main,mmke-visual,smolvlm-1.7b,CMA-model_pred/raw,Average,11,0.8727272727272727,0.9953271028037384,"L5,L2,L12,L13,L14,L15,L16,L17,L19,L20,L21",ok
verified50_main,mmke-visual,smolvlm-1.7b,SaLEM-alt/raw,Rel,11,0.7818181818181819,1.0,"L5,L2,L12,L13,L14,L15,L16,L17,L19,L20,L21",ok
verified50_main,mmke-visual,smolvlm-1.7b,SaLEM-alt/raw,T-Gen,11,0.8090909090909091,1.0,"L5,L2,L12,L13,L14,L15,L16,L17,L19,L20,L21",ok
verified50_main,mmke-visual,smolvlm-1.7b,SaLEM-alt/raw,M-Gen,11,0.8,1.0,"L5,L2,L12,L13,L14,L15,L16,L17,L19,L20,L21",ok
verified50_main,mmke-visual,smolvlm-1.7b,SaLEM-alt/raw,M-Loc,11,0.8181818181818182,1.0,"L5,L2,L12,L13,L14,L15,L16,L17,L19,L20,L21",ok
verified50_main,mmke-visual,smolvlm-1.7b,SaLEM-alt/raw,Average,11,0.8727272727272727,1.0,"L5,L2,L12,L13,L14,L15,L16,L17,L19,L20,L21",ok
verified50_main,mmke-visual,smolvlm-1.7b,LGA-Param/raw,Rel,11,0.7818181818181819,1.0,"L5,L2,L12,L13,L14,L15,L16,L17,L19,L20,L21",ok
verified50_main,mmke-visual,smolvlm-1.7b,LGA-Param/raw,T-Gen,11,0.8090909090909091,1.0,"L5,L2,L12,L13,L14,L15,L16,L17,L19,L20,L21",ok
verified50_main,mmke-visual,smolvlm-1.7b,LGA-Param/raw,M-Gen,11,0.8,1.0,"L5,L2,L12,L13,L14,L15,L16,L17,L19,L20,L21",ok
verified50_main,mmke-visual,smolvlm-1.7b,LGA-Param/raw,M-Loc,11,0.8181818181818182,1.0,"L5,L2,L12,L13,L14,L15,L16,L17,L19,L20,L21",ok
verified50_main,mmke-visual,smolvlm-1.7b,LGA-Param/raw,Average,11,0.8727272727272727,1.0,"L5,L2,L12,L13,L14,L15,L16,L17,L19,L20,L21",ok
verified50_main,mmke-visual,smolvlm-1.7b,LGA-Param/tukey,Rel,11,0.7818181818181819,1.0,"L5,L2,L12,L13,L14,L15,L16,L17,L19,L20,L21",ok
verified50_main,mmke-visual,smolvlm-1.7b,LGA-Param/tukey,T-Gen,11,0.8090909090909091,1.0,"L5,L2,L12,L13,L14,L15,L16,L17,L19,L20,L21",ok
verified50_main,mmke-visual,smolvlm-1.7b,LGA-Param/tukey,M-Gen,11,0.8,1.0,"L5,L2,L12,L13,L14,L15,L16,L17,L19,L20,L21",ok
verified50_main,mmke-visual,smolvlm-1.7b,LGA-Param/tukey,M-Loc,11,0.8181818181818182,1.0,"L5,L2,L12,L13,L14,L15,L16,L17,L19,L20,L21",ok
verified50_main,mmke-visual,smolvlm-1.7b,LGA-Param/tukey,Average,11,0.8727272727272727,1.0,"L5,L2,L12,L13,L14,L15,L16,L17,L19,L20,L21",ok
verified50_main,mmke-entity,blip2-opt-2.7b,Middle-Prior/raw,Rel,21,-0.9021150137029679,1.0,"L15,L16,L14,L17,L13,L18,L19,L20,L21,L22,L23,L24,L25,L26,L4,L3,L2,L29,L1,L30,L0",ok
verified50_main,mmke-entity,blip2-opt-2.7b,Middle-Prior/raw,T-Gen,21,-0.9024080509085861,1.0,"L15,L16,L14,L17,L13,L18,L19,L20,L21,L22,L23,L24,L25,L26,L4,L3,L2,L29,L1,L30,L0",ok
verified50_main,mmke-entity,blip2-opt-2.7b,Middle-Prior/raw,M-Gen,21,-0.8800011633310133,1.0,"L15,L16,L14,L17,L13,L18,L19,L20,L21,L22,L23,L24,L25,L26,L4,L3,L2,L29,L1,L30,L0",ok
verified50_main,mmke-entity,instructblip-vicuna-7b,Middle-Prior/raw,M-Gen,14,0.7034217089017888,1.0,"L15,L16,L14,L17,L18,L19,L20,L26,L27,L28,L2,L29,L30,L31",ok
verified50_main,mmke-entity,instructblip-vicuna-7b,Middle-Prior/raw,Average,14,0.701216625174824,1.0,"L15,L16,L14,L17,L18,L19,L20,L26,L27,L28,L2,L29,L30,L31",ok
verified50_main,mmke-entity,instructblip-vicuna-7b,Perturb-KL-alt/raw,Rel,14,0.9076923076923077,1.0,"L2,L14,L15,L16,L17,L18,L19,L20,L26,L27,L29,L28,L30,L31",ok
verified50_main,mmke-entity,instructblip-vicuna-7b,Perturb-KL-alt/raw,T-Gen,14,0.9560439560439561,1.0,"L2,L14,L15,L16,L17,L18,L19,L20,L26,L27,L29,L28,L30,L31",ok
verified50_main,mmke-entity,instructblip-vicuna-7b,Perturb-KL-alt/raw,M-Gen,14,0.9340659340659341,1.0,"L2,L14,L15,L16,L17,L18,L19,L20,L26,L27,L29,L28,L30,L31",ok
verified50_main,mmke-entity,instructblip-vicuna-7b,Perturb-KL-alt/raw,Average,14,0.9428571428571428,1.0,"L2,L14,L15,L16,L17,L18,L19,L20,L26,L27,L29,L28,L30,L31",ok
verified50_main,mmke-entity,instructblip-vicuna-7b,LGA-Param/tukey,Rel,10,0.7696969696969697,1.0,"L17,L20,L18,L16,L19,L15,L14,L27,L29,L26",ok
verified50_main,mmke-entity,instructblip-vicuna-7b,LGA-Param/tukey,M-Gen,10,0.7090909090909091,1.0,"L17,L20,L18,L16,L19,L15,L14,L27,L29,L26",ok
verified50_main,mmke-entity,llava-v1.5-7b,Middle-Prior/raw,Rel,10,0.9268464986450383,1.0,"L15,L16,L14,L9,L22,L23,L24,L26,L27,L28",ok
verified50_main,mmke-entity,llava-v1.5-7b,Middle-Prior/raw,T-Gen,10,0.9268464986450383,1.0,"L15,L16,L14,L9,L22,L23,L24,L26,L27,L28",ok
verified50_main,mmke-entity,llava-v1.5-7b,Middle-Prior/raw,M-Gen,10,0.9388423105261694,1.0,"L15,L16,L14,L9,L22,L23,L24,L26,L27,L28",ok
verified50_main,mmke-entity,llava-v1.5-7b,Middle-Prior/raw,Average,10,0.9451395216446115,1.0,"L15,L16,L14,L9,L22,L23,L24,L26,L27,L28",ok
verified50_main,mmke-entity,llava-v1.5-7b,CMA-model_pred/raw,Rel,10,0.9030303030303031,1.0,"L9,L14,L15,L16,L22,L23,L24,L27,L26,L28",ok
verified50_main,mmke-entity,llava-v1.5-7b,CMA-model_pred/raw,T-Gen,10,0.9030303030303031,1.0,"L9,L14,L15,L16,L22,L23,L24,L27,L26,L28",ok
verified50_main,mmke-entity,llava-v1.5-7b,CMA-model_pred/raw,M-Gen,10,0.9118583155200969,1.0,"L9,L14,L15,L16,L22,L23,L24,L27,L26,L28",ok
verified50_main,mmke-entity,llava-v1.5-7b,CMA-model_pred/raw,Average,10,0.9151515151515152,1.0,"L9,L14,L15,L16,L22,L23,L24,L27,L26,L28",ok
verified50_main,mmke-entity,llava-v1.5-7b,Perturb-KL-alt/raw,Rel,10,0.8909090909090909,1.0,"L9,L14,L15,L16,L22,L23,L24,L26,L27,L28",ok
verified50_main,mmke-entity,llava-v1.5-7b,Perturb-KL-alt/raw,T-Gen,10,0.8909090909090909,1.0,"L9,L14,L15,L16,L22,L23,L24,L26,L27,L28",ok
verified50_main,mmke-entity,llava-v1.5-7b,Perturb-KL-alt/raw,M-Gen,10,0.8997002046464956,1.0,"L9,L14,L15,L16,L22,L23,L24,L26,L27,L28",ok
verified50_main,mmke-entity,llava-v1.5-7b,Perturb-KL-alt/raw,Average,10,0.9030303030303031,1.0,"L9,L14,L15,L16,L22,L23,L24,L26,L27,L28",ok
verified50_main,mmke-entity,llava-v1.5-7b,LGA-Param/raw,Rel,10,0.8666666666666667,1.0,"L9,L14,L15,L16,L23,L22,L24,L28,L26,L27",ok
verified50_main,mmke-entity,llava-v1.5-7b,LGA-Param/raw,T-Gen,10,0.8666666666666667,1.0,"L9,L14,L15,L16,L23,L22,L24,L28,L26,L27",ok
verified50_main,mmke-entity,llava-v1.5-7b,LGA-Param/raw,M-Gen,10,0.8632258720256917,1.0,"L9,L14,L15,L16,L23,L22,L24,L28,L26,L27",ok
verified50_main,mmke-entity,llava-v1.5-7b,LGA-Param/raw,Average,10,0.8545454545454545,1.0,"L9,L14,L15,L16,L23,L22,L24,L28,L26,L27",ok
verified50_main,mmke-entity,llava-v1.5-7b,LGA-Param/tukey,Rel,10,0.8666666666666667,1.0,"L9,L14,L15,L16,L23,L22,L24,L28,L26,L27",ok
verified50_main,mmke-entity,llava-v1.5-7b,LGA-Param/tukey,T-Gen,10,0.8666666666666667,1.0,"L9,L14,L15,L16,L23,L22,L24,L28,L26,L27",ok
verified50_main,mmke-entity,llava-v1.5-7b,LGA-Param/tukey,M-Gen,10,0.8632258720256917,1.0,"L9,L14,L15,L16,L23,L22,L24,L28,L26,L27",ok
verified50_main,mmke-entity,llava-v1.5-7b,LGA-Param/tukey,Average,10,0.8545454545454545,1.0,"L9,L14,L15,L16,L23,L22,L24,L28,L26,L27",ok
verified50_main,evqa-pilot500,blip2-opt-2.7b,Ours-main/tukey,Rel,14,0.7670329670329671,0.93,"L5,L10,L15,L16,L17,L18,L19,L20,L21,L24,L25,L26,L29,L30",ok
verified50_main,evqa-pilot500,blip2-opt-2.7b,Ours-main/tukey,T-Gen,14,0.8153846153846154,0.93,"L5,L10,L15,L16,L17,L18,L19,L20,L21,L24,L25,L26,L29,L30",ok
verified50_main,evqa-pilot500,blip2-opt-2.7b,Ours-main/tukey,M-Gen,14,0.7582417582417582,0.93,"L5,L10,L15,L16,L17,L18,L19,L20,L21,L24,L25,L26,L29,L30",ok
verified50_main,evqa-pilot500,blip2-opt-2.7b,Ours-no-direction/tukey,Rel,14,0.7670329670329671,0.93,"L5,L10,L15,L16,L17,L18,L19,L20,L21,L24,L25,L26,L29,L30",ok
verified50_main,evqa-pilot500,blip2-opt-2.7b,Ours-no-direction/tukey,T-Gen,14,0.8153846153846154,0.93,"L5,L10,L15,L16,L17,L18,L19,L20,L21,L24,L25,L26,L29,L30",ok
verified50_main,evqa-pilot500,blip2-opt-2.7b,Ours-no-direction/tukey,M-Gen,14,0.7582417582417582,0.93,"L5,L10,L15,L16,L17,L18,L19,L20,L21,L24,L25,L26,L29,L30",ok
verified50_main,evqa-pilot500,blip2-opt-2.7b,LGA-Visual/tukey,Rel,14,0.7670329670329671,0.93,"L5,L10,L15,L16,L17,L18,L19,L20,L21,L24,L25,L26,L29,L30",ok
verified50_main,evqa-pilot500,blip2-opt-2.7b,LGA-Visual/tukey,T-Gen,14,0.8153846153846154,0.93,"L5,L10,L15,L16,L17,L18,L19,L20,L21,L24,L25,L26,L29,L30",ok
verified50_main,evqa-pilot500,blip2-opt-2.7b,LGA-Visual/tukey,M-Gen,14,0.7582417582417582,0.93,"L5,L10,L15,L16,L17,L18,L19,L20,L21,L24,L25,L26,L29,L30",ok
verified50_main,evqa-pilot500,blip2-opt-2.7b,LGA-Visual-no-direction/tukey,Rel,14,0.7670329670329671,0.93,"L5,L10,L15,L16,L17,L18,L19,L20,L21,L24,L25,L26,L29,L30",ok
verified50_main,evqa-pilot500,blip2-opt-2.7b,LGA-Visual-no-direction/tukey,T-Gen,14,0.8153846153846154,0.93,"L5,L10,L15,L16,L17,L18,L19,L20,L21,L24,L25,L26,L29,L30",ok
verified50_main,evqa-pilot500,blip2-opt-2.7b,LGA-Visual-no-direction/tukey,M-Gen,14,0.7582417582417582,0.93,"L5,L10,L15,L16,L17,L18,L19,L20,L21,L24,L25,L26,L29,L30",ok
verified50_main,evqa-pilot500,instructblip-vicuna-7b,Ours-main/raw,M-Loc,9,-0.8666666666666667,1.0,"L1,L11,L3,L4,L2,L25,L26,L27,L28",ok
verified50_main,evqa-pilot500,instructblip-vicuna-7b,Ours-main/tukey,M-Loc,9,-0.8666666666666667,1.0,"L1,L11,L3,L4,L2,L25,L26,L27,L28",ok
verified50_main,evqa-pilot500,instructblip-vicuna-7b,Ours-no-direction/raw,M-Loc,9,-0.8666666666666667,1.0,"L1,L11,L3,L4,L2,L25,L26,L27,L28",ok
verified50_main,evqa-pilot500,instructblip-vicuna-7b,Ours-no-direction/tukey,M-Loc,9,-0.8666666666666667,1.0,"L1,L11,L3,L4,L2,L25,L26,L27,L28",ok
verified50_main,evqa-pilot500,instructblip-vicuna-7b,Ours-no-strength/raw,M-Loc,9,-0.8666666666666667,1.0,"L1,L11,L4,L2,L3,L25,L26,L27,L28",ok
verified50_main,evqa-pilot500,instructblip-vicuna-7b,LGA-Visual/raw,M-Loc,9,-0.8666666666666667,1.0,"L1,L11,L3,L4,L2,L25,L26,L27,L28",ok
verified50_main,evqa-pilot500,instructblip-vicuna-7b,LGA-Visual/tukey,M-Loc,8,-0.8095238095238095,1.0,"L11,L3,L4,L2,L25,L26,L27,L28",ok
verified50_main,evqa-pilot500,instructblip-vicuna-7b,LGA-Visual/tukey,Average,8,-0.8571428571428571,1.0,"L11,L3,L4,L2,L25,L26,L27,L28",ok
verified50_main,evqa-pilot500,instructblip-vicuna-7b,LGA-Visual-no-direction/raw,M-Loc,9,-0.8666666666666667,1.0,"L1,L11,L3,L4,L2,L25,L26,L27,L28",ok
verified50_main,evqa-pilot500,instructblip-vicuna-7b,LGA-Visual-no-direction/tukey,M-Loc,8,-0.8095238095238095,1.0,"L11,L3,L4,L2,L25,L26,L27,L28",ok
verified50_main,evqa-pilot500,instructblip-vicuna-7b,LGA-Visual-no-direction/tukey,Average,8,-0.8571428571428571,1.0,"L11,L3,L4,L2,L25,L26,L27,L28",ok
verified50_main,evqa-pilot500,minigpt-4-vicuna-7b,Ours-no-direction/raw,Rel,21,0.7441558441558441,0.998,"L0,L1,L2,L7,L8,L9,L10,L14,L15,L16,L17,L18,L19,L22,L24,L25,L26,L28,L29,L30,L31",ok
verified50_main,evqa-pilot500,minigpt-4-vicuna-7b,Ours-no-direction/raw,M-Gen,21,0.7268594082607935,0.998,"L0,L1,L2,L7,L8,L9,L10,L14,L15,L16,L17,L18,L19,L22,L24,L25,L26,L28,L29,L30,L31",ok
verified50_main,evqa-pilot500,minigpt-4-vicuna-7b,Ours-no-direction/tukey,Rel,21,0.7441558441558441,0.998,"L0,L1,L2,L7,L8,L9,L10,L14,L15,L16,L17,L18,L19,L22,L24,L25,L26,L28,L29,L30,L31",ok
verified50_main,evqa-pilot500,minigpt-4-vicuna-7b,Ours-no-direction/tukey,M-Gen,21,0.7268594082607935,0.998,"L0,L1,L2,L7,L8,L9,L10,L14,L15,L16,L17,L18,L19,L22,L24,L25,L26,L28,L29,L30,L31",ok
verified50_main,evqa-pilot500,minigpt-4-vicuna-7b,LGA-Visual-no-direction/raw,Rel,21,0.7441558441558441,0.998,"L0,L1,L2,L7,L8,L9,L10,L14,L15,L16,L17,L18,L19,L22,L24,L25,L26,L28,L29,L30,L31",ok
verified50_main,evqa-pilot500,minigpt-4-vicuna-7b,LGA-Visual-no-direction/raw,M-Gen,21,0.7268594082607935,0.998,"L0,L1,L2,L7,L8,L9,L10,L14,L15,L16,L17,L18,L19,L22,L24,L25,L26,L28,L29,L30,L31",ok
verified50_main,evqa-pilot500,minigpt-4-vicuna-7b,LGA-Visual-no-direction/tukey,Rel,21,0.7441558441558441,0.998,"L0,L1,L2,L7,L8,L9,L10,L14,L15,L16,L17,L18,L19,L22,L24,L25,L26,L28,L29,L30,L31",ok
verified50_main,evqa-pilot500,minigpt-4-vicuna-7b,LGA-Visual-no-direction/tukey,M-Gen,21,0.7268594082607935,0.998,"L0,L1,L2,L7,L8,L9,L10,L14,L15,L16,L17,L18,L19,L22,L24,L25,L26,L28,L29,L30,L31",ok
verified50_main,evqa-pilot500,paligemma-3b,Ours-main/raw,M-Gen,5,0.7,1.0,"L3,L10,L11,L12,L15",ok
verified50_main,evqa-pilot500,paligemma-3b,Ours-main/raw,Average,5,0.7,1.0,"L3,L10,L11,L12,L15",ok
verified50_main,evqa-pilot500,paligemma-3b,Ours-main/tukey,M-Gen,5,0.7,1.0,"L3,L10,L11,L12,L15",ok
verified50_main,evqa-pilot500,paligemma-3b,Ours-main/tukey,Average,5,0.7,1.0,"L3,L10,L11,L12,L15",ok
verified50_main,evqa-pilot500,paligemma-3b,Ours-no-direction/raw,M-Gen,5,0.7,1.0,"L3,L10,L11,L12,L15",ok
verified50_main,evqa-pilot500,paligemma-3b,Ours-no-direction/raw,Average,5,0.7,1.0,"L3,L10,L11,L12,L15",ok
verified50_main,evqa-pilot500,paligemma-3b,Ours-no-direction/tukey,M-Gen,5,0.7,1.0,"L3,L10,L11,L12,L15",ok
verified50_main,evqa-pilot500,paligemma-3b,Ours-no-direction/tukey,Average,5,0.7,1.0,"L3,L10,L11,L12,L15",ok
verified50_main,evqa-pilot500,paligemma-3b,LGA-Visual/raw,M-Gen,5,0.7,1.0,"L3,L10,L11,L12,L15",ok
verified50_main,evqa-pilot500,paligemma-3b,LGA-Visual/raw,Average,5,0.7,1.0,"L3,L10,L11,L12,L15",ok
verified50_main,evqa-pilot500,paligemma-3b,LGA-Visual/tukey,M-Gen,5,0.7,1.0,"L3,L10,L11,L12,L15",ok
verified50_main,evqa-pilot500,paligemma-3b,LGA-Visual/tukey,Average,5,0.7,1.0,"L3,L10,L11,L12,L15",ok
verified50_main,evqa-pilot500,paligemma-3b,LGA-Visual-no-direction/raw,M-Gen,5,0.7,1.0,"L3,L10,L11,L12,L15",ok
verified50_main,evqa-pilot500,paligemma-3b,LGA-Visual-no-direction/raw,Average,5,0.7,1.0,"L3,L10,L11,L12,L15",ok
verified50_main,evqa-pilot500,paligemma-3b,LGA-Visual-no-direction/tukey,M-Gen,5,0.7,1.0,"L3,L10,L11,L12,L15",ok
verified50_main,evqa-pilot500,paligemma-3b,LGA-Visual-no-direction/tukey,Average,5,0.7,1.0,"L3,L10,L11,L12,L15",ok
verified50_main,evqa-pilot500,smolvlm-1.7b,Ours-main/raw,Rel,10,0.8545454545454545,1.0,"L5,L12,L14,L13,L15,L16,L17,L19,L21,L22",ok
verified50_main,evqa-pilot500,smolvlm-1.7b,Ours-main/raw,T-Gen,10,0.9636363636363636,1.0,"L5,L12,L14,L13,L15,L16,L17,L19,L21,L22",ok
verified50_main,evqa-pilot500,smolvlm-1.7b,Ours-main/raw,M-Gen,10,0.9151515151515152,1.0,"L5,L12,L14,L13,L15,L16,L17,L19,L21,L22",ok
verified50_main,evqa-pilot500,smolvlm-1.7b,Ours-main/raw,Average,10,0.9515151515151515,1.0,"L5,L12,L14,L13,L15,L16,L17,L19,L21,L22",ok
verified50_main,evqa-pilot500,smolvlm-1.7b,Ours-main/tukey,Rel,10,0.8545454545454545,1.0,"L5,L12,L14,L13,L15,L16,L17,L19,L21,L22",ok
verified50_main,evqa-pilot500,smolvlm-1.7b,Ours-main/tukey,T-Gen,10,0.9636363636363636,1.0,"L5,L12,L14,L13,L15,L16,L17,L19,L21,L22",ok
verified50_main,evqa-pilot500,smolvlm-1.7b,Ours-main/tukey,M-Gen,10,0.9151515151515152,1.0,"L5,L12,L14,L13,L15,L16,L17,L19,L21,L22",ok
verified50_main,evqa-pilot500,smolvlm-1.7b,Ours-main/tukey,Average,10,0.9515151515151515,1.0,"L5,L12,L14,L13,L15,L16,L17,L19,L21,L22",ok
verified50_main,evqa-pilot500,smolvlm-1.7b,Ours-no-direction/raw,Rel,10,0.7818181818181819,1.0,"L5,L12,L13,L14,L15,L16,L17,L19,L21,L22",ok
verified50_main,evqa-pilot500,smolvlm-1.7b,Ours-no-direction/raw,T-Gen,10,0.9272727272727272,1.0,"L5,L12,L13,L14,L15,L16,L17,L19,L21,L22",ok
verified50_main,evqa-pilot500,smolvlm-1.7b,Ours-no-direction/raw,M-Gen,10,0.8666666666666667,1.0,"L5,L12,L13,L14,L15,L16,L17,L19,L21,L22",ok
verified50_main,evqa-pilot500,smolvlm-1.7b,Ours-no-direction/raw,Average,10,0.9030303030303031,1.0,"L5,L12,L13,L14,L15,L16,L17,L19,L21,L22",ok
verified50_main,evqa-pilot500,smolvlm-1.7b,Ours-no-direction/tukey,Rel,10,0.7818181818181819,1.0,"L5,L12,L13,L14,L15,L16,L17,L19,L21,L22",ok
verified50_main,evqa-pilot500,smolvlm-1.7b,Ours-no-direction/tukey,T-Gen,10,0.9272727272727272,1.0,"L5,L12,L13,L14,L15,L16,L17,L19,L21,L22",ok
verified50_main,evqa-pilot500,smolvlm-1.7b,Ours-no-direction/tukey,M-Gen,10,0.8666666666666667,1.0,"L5,L12,L13,L14,L15,L16,L17,L19,L21,L22",ok
verified50_main,evqa-pilot500,smolvlm-1.7b,Ours-no-direction/tukey,Average,10,0.9030303030303031,1.0,"L5,L12,L13,L14,L15,L16,L17,L19,L21,L22",ok
verified50_main,evqa-pilot500,smolvlm-1.7b,Ours-no-strength/raw,Rel,10,0.806060606060606,1.0,"L14,L12,L13,L5,L15,L19,L16,L17,L22,L21",ok
verified50_main,evqa-pilot500,smolvlm-1.7b,Ours-no-strength/raw,T-Gen,10,0.9151515151515152,1.0,"L14,L12,L13,L5,L15,L19,L16,L17,L22,L21",ok
verified50_main,evqa-pilot500,smolvlm-1.7b,Ours-no-strength/raw,M-Gen,10,0.8909090909090909,1.0,"L14,L12,L13,L5,L15,L19,L16,L17,L22,L21",ok
verified50_main,evqa-pilot500,smolvlm-1.7b,Ours-no-strength/raw,M-Loc,10,0.8303030303030303,1.0,"L14,L12,L13,L5,L15,L19,L16,L17,L22,L21",ok
verified50_main,evqa-pilot500,smolvlm-1.7b,Ours-no-strength/raw,Average,10,0.8909090909090909,1.0,"L14,L12,L13,L5,L15,L19,L16,L17,L22,L21",ok
verified50_main,evqa-pilot500,smolvlm-1.7b,Ours-no-strength/tukey,Rel,10,0.806060606060606,1.0,"L14,L12,L13,L5,L15,L19,L16,L17,L22,L21",ok
verified50_main,evqa-pilot500,smolvlm-1.7b,Ours-no-strength/tukey,T-Gen,10,0.9151515151515152,1.0,"L14,L12,L13,L5,L15,L19,L16,L17,L22,L21",ok
verified50_main,evqa-pilot500,smolvlm-1.7b,Ours-no-strength/tukey,M-Gen,10,0.8909090909090909,1.0,"L14,L12,L13,L5,L15,L19,L16,L17,L22,L21",ok
verified50_main,evqa-pilot500,smolvlm-1.7b,Ours-no-strength/tukey,M-Loc,10,0.8303030303030303,1.0,"L14,L12,L13,L5,L15,L19,L16,L17,L22,L21",ok
verified50_main,evqa-pilot500,smolvlm-1.7b,Ours-no-strength/tukey,Average,10,0.8909090909090909,1.0,"L14,L12,L13,L5,L15,L19,L16,L17,L22,L21",ok
verified50_main,evqa-pilot500,smolvlm-1.7b,LGA-Visual/raw,Rel,10,-0.8545454545454545,1.0,"L22,L21,L19,L17,L16,L15,L13,L14,L12,L5",ok
verified50_main,evqa-pilot500,smolvlm-1.7b,LGA-Visual/raw,T-Gen,10,-0.9636363636363636,1.0,"L22,L21,L19,L17,L16,L15,L13,L14,L12,L5",ok
verified50_main,evqa-pilot500,smolvlm-1.7b,LGA-Visual/raw,M-Gen,10,-0.9151515151515152,1.0,"L22,L21,L19,L17,L16,L15,L13,L14,L12,L5",ok
verified50_main,evqa-pilot500,smolvlm-1.7b,LGA-Visual/raw,Average,10,-0.9515151515151515,1.0,"L22,L21,L19,L17,L16,L15,L13,L14,L12,L5",ok
verified50_main,evqa-pilot500,smolvlm-1.7b,LGA-Visual/tukey,Rel,10,-0.8545454545454545,1.0,"L22,L21,L19,L17,L16,L15,L13,L14,L12,L5",ok
verified50_main,evqa-pilot500,smolvlm-1.7b,LGA-Visual/tukey,T-Gen,10,-0.9636363636363636,1.0,"L22,L21,L19,L17,L16,L15,L13,L14,L12,L5",ok
verified50_main,evqa-pilot500,smolvlm-1.7b,LGA-Visual/tukey,M-Gen,10,-0.9151515151515152,1.0,"L22,L21,L19,L17,L16,L15,L13,L14,L12,L5",ok
verified50_main,evqa-pilot500,smolvlm-1.7b,LGA-Visual/tukey,Average,10,-0.9515151515151515,1.0,"L22,L21,L19,L17,L16,L15,L13,L14,L12,L5",ok
verified50_main,evqa-pilot500,smolvlm-1.7b,LGA-Visual-no-direction/raw,Rel,10,0.7818181818181819,1.0,"L5,L12,L13,L14,L15,L16,L17,L19,L21,L22",ok
verified50_main,evqa-pilot500,smolvlm-1.7b,LGA-Visual-no-direction/raw,T-Gen,10,0.9272727272727272,1.0,"L5,L12,L13,L14,L15,L16,L17,L19,L21,L22",ok
verified50_main,evqa-pilot500,smolvlm-1.7b,LGA-Visual-no-direction/raw,M-Gen,10,0.8666666666666667,1.0,"L5,L12,L13,L14,L15,L16,L17,L19,L21,L22",ok
verified50_main,evqa-pilot500,smolvlm-1.7b,LGA-Visual-no-direction/raw,Average,10,0.9030303030303031,1.0,"L5,L12,L13,L14,L15,L16,L17,L19,L21,L22",ok
verified50_main,evqa-pilot500,smolvlm-1.7b,LGA-Visual-no-direction/tukey,Rel,10,0.7818181818181819,1.0,"L5,L12,L13,L14,L15,L16,L17,L19,L21,L22",ok
verified50_main,evqa-pilot500,smolvlm-1.7b,LGA-Visual-no-direction/tukey,T-Gen,10,0.9272727272727272,1.0,"L5,L12,L13,L14,L15,L16,L17,L19,L21,L22",ok
verified50_main,evqa-pilot500,smolvlm-1.7b,LGA-Visual-no-direction/tukey,M-Gen,10,0.8666666666666667,1.0,"L5,L12,L13,L14,L15,L16,L17,L19,L21,L22",ok
verified50_main,evqa-pilot500,smolvlm-1.7b,LGA-Visual-no-direction/tukey,Average,10,0.9030303030303031,1.0,"L5,L12,L13,L14,L15,L16,L17,L19,L21,L22",ok
verified50_main,mmke-visual,minigpt-4-vicuna-7b,Ours-no-direction/raw,Rel,14,0.9648351648351648,1.0,"L5,L8,L9,L14,L15,L16,L17,L18,L24,L25,L26,L27,L28,L31",ok
verified50_main,mmke-visual,minigpt-4-vicuna-7b,Ours-no-direction/raw,T-Gen,14,0.9648351648351648,1.0,"L5,L8,L9,L14,L15,L16,L17,L18,L24,L25,L26,L27,L28,L31",ok
verified50_main,mmke-visual,minigpt-4-vicuna-7b,Ours-no-direction/raw,M-Gen,14,0.9648351648351648,1.0,"L5,L8,L9,L14,L15,L16,L17,L18,L24,L25,L26,L27,L28,L31",ok
verified50_main,mmke-visual,minigpt-4-vicuna-7b,Ours-no-direction/raw,Average,14,0.9428571428571428,1.0,"L5,L8,L9,L14,L15,L16,L17,L18,L24,L25,L26,L27,L28,L31",ok
verified50_main,mmke-visual,minigpt-4-vicuna-7b,Ours-no-direction/tukey,Rel,14,0.9648351648351648,1.0,"L5,L8,L9,L14,L15,L16,L17,L18,L24,L25,L26,L27,L28,L31",ok
verified50_main,mmke-visual,minigpt-4-vicuna-7b,Ours-no-direction/tukey,T-Gen,14,0.9648351648351648,1.0,"L5,L8,L9,L14,L15,L16,L17,L18,L24,L25,L26,L27,L28,L31",ok
verified50_main,mmke-visual,minigpt-4-vicuna-7b,Ours-no-direction/tukey,M-Gen,14,0.9648351648351648,1.0,"L5,L8,L9,L14,L15,L16,L17,L18,L24,L25,L26,L27,L28,L31",ok
verified50_main,mmke-visual,minigpt-4-vicuna-7b,Ours-no-direction/tukey,Average,14,0.9428571428571428,1.0,"L5,L8,L9,L14,L15,L16,L17,L18,L24,L25,L26,L27,L28,L31",ok
verified50_main,mmke-visual,minigpt-4-vicuna-7b,Ours-no-strength/tukey,Rel,12,-0.965034965034965,1.0,"L27,L26,L25,L24,L18,L16,L15,L17,L14,L9,L8,L5",ok
verified50_main,mmke-visual,minigpt-4-vicuna-7b,Ours-no-strength/tukey,T-Gen,12,-0.965034965034965,1.0,"L27,L26,L25,L24,L18,L16,L15,L17,L14,L9,L8,L5",ok
verified50_main,mmke-visual,minigpt-4-vicuna-7b,Ours-no-strength/tukey,M-Gen,12,-0.965034965034965,1.0,"L27,L26,L25,L24,L18,L16,L15,L17,L14,L9,L8,L5",ok
verified50_main,mmke-visual,minigpt-4-vicuna-7b,Ours-no-strength/tukey,Average,12,-0.958041958041958,1.0,"L27,L26,L25,L24,L18,L16,L15,L17,L14,L9,L8,L5",ok
verified50_main,mmke-visual,minigpt-4-vicuna-7b,LGA-Visual/raw,Rel,14,-0.9472527472527472,1.0,"L31,L28,L26,L25,L27,L24,L18,L17,L16,L15,L14,L5,L8,L9",ok
verified50_main,mmke-visual,minigpt-4-vicuna-7b,LGA-Visual/raw,T-Gen,14,-0.9472527472527472,1.0,"L31,L28,L26,L25,L27,L24,L18,L17,L16,L15,L14,L5,L8,L9",ok
verified50_main,mmke-visual,minigpt-4-vicuna-7b,LGA-Visual/raw,M-Gen,14,-0.9472527472527472,1.0,"L31,L28,L26,L25,L27,L24,L18,L17,L16,L15,L14,L5,L8,L9",ok
verified50_main,mmke-visual,minigpt-4-vicuna-7b,LGA-Visual/raw,Average,14,-0.9208791208791208,1.0,"L31,L28,L26,L25,L27,L24,L18,L17,L16,L15,L14,L5,L8,L9",ok
verified50_main,mmke-visual,minigpt-4-vicuna-7b,LGA-Visual/tukey,Rel,13,-0.9340659340659341,1.0,"L28,L26,L25,L27,L24,L18,L17,L16,L15,L14,L5,L8,L9",ok
verified50_main,mmke-visual,minigpt-4-vicuna-7b,LGA-Visual/tukey,T-Gen,13,-0.9340659340659341,1.0,"L28,L26,L25,L27,L24,L18,L17,L16,L15,L14,L5,L8,L9",ok
verified50_main,mmke-visual,minigpt-4-vicuna-7b,LGA-Visual/tukey,M-Gen,13,-0.9340659340659341,1.0,"L28,L26,L25,L27,L24,L18,L17,L16,L15,L14,L5,L8,L9",ok
verified50_main,mmke-visual,minigpt-4-vicuna-7b,LGA-Visual/tukey,Average,13,-0.9010989010989011,1.0,"L28,L26,L25,L27,L24,L18,L17,L16,L15,L14,L5,L8,L9",ok
verified50_main,mmke-visual,minigpt-4-vicuna-7b,LGA-Visual-no-direction/raw,Rel,14,0.9648351648351648,1.0,"L5,L8,L9,L14,L15,L16,L17,L18,L24,L25,L26,L27,L28,L31",ok
verified50_main,mmke-visual,minigpt-4-vicuna-7b,LGA-Visual-no-direction/raw,T-Gen,14,0.9648351648351648,1.0,"L5,L8,L9,L14,L15,L16,L17,L18,L24,L25,L26,L27,L28,L31",ok
verified50_main,mmke-visual,minigpt-4-vicuna-7b,LGA-Visual-no-direction/raw,M-Gen,14,0.9648351648351648,1.0,"L5,L8,L9,L14,L15,L16,L17,L18,L24,L25,L26,L27,L28,L31",ok
verified50_main,mmke-visual,minigpt-4-vicuna-7b,LGA-Visual-no-direction/raw,Average,14,0.9428571428571428,1.0,"L5,L8,L9,L14,L15,L16,L17,L18,L24,L25,L26,L27,L28,L31",ok
verified50_main,mmke-visual,minigpt-4-vicuna-7b,LGA-Visual-no-direction/tukey,Rel,14,0.9648351648351648,1.0,"L5,L8,L9,L14,L15,L16,L17,L18,L24,L25,L26,L27,L28,L31",ok
verified50_main,mmke-visual,minigpt-4-vicuna-7b,LGA-Visual-no-direction/tukey,T-Gen,14,0.9648351648351648,1.0,"L5,L8,L9,L14,L15,L16,L17,L18,L24,L25,L26,L27,L28,L31",ok
verified50_main,mmke-visual,minigpt-4-vicuna-7b,LGA-Visual-no-direction/tukey,M-Gen,14,0.9648351648351648,1.0,"L5,L8,L9,L14,L15,L16,L17,L18,L24,L25,L26,L27,L28,L31",ok
verified50_main,mmke-visual,minigpt-4-vicuna-7b,LGA-Visual-no-direction/tukey,Average,14,0.9428571428571428,1.0,"L5,L8,L9,L14,L15,L16,L17,L18,L24,L25,L26,L27,L28,L31",ok
verified50_main,mmke-visual,llava-v1.5-7b,Ours-main/raw,Rel,16,0.7176470588235294,1.0,"L0,L3,L1,L2,L7,L8,L9,L12,L14,L15,L16,L22,L26,L27,L24,L28",ok
verified50_main,mmke-visual,llava-v1.5-7b,Ours-main/raw,T-Gen,16,0.7176470588235294,1.0,"L0,L3,L1,L2,L7,L8,L9,L12,L14,L15,L16,L22,L26,L27,L24,L28",ok
verified50_main,mmke-visual,llava-v1.5-7b,Ours-main/raw,M-Gen,16,0.7176470588235294,1.0,"L0,L3,L1,L2,L7,L8,L9,L12,L14,L15,L16,L22,L26,L27,L24,L28",ok
verified50_main,mmke-visual,llava-v1.5-7b,Ours-main/tukey,Rel,16,0.7176470588235294,1.0,"L0,L3,L1,L2,L7,L8,L9,L12,L14,L15,L16,L22,L26,L27,L24,L28",ok
verified50_main,mmke-visual,llava-v1.5-7b,Ours-main/tukey,T-Gen,16,0.7176470588235294,1.0,"L0,L3,L1,L2,L7,L8,L9,L12,L14,L15,L16,L22,L26,L27,L24,L28",ok
verified50_main,mmke-visual,llava-v1.5-7b,Ours-main/tukey,M-Gen,16,0.7176470588235294,1.0,"L0,L3,L1,L2,L7,L8,L9,L12,L14,L15,L16,L22,L26,L27,L24,L28",ok
verified50_main,mmke-visual,llava-v1.5-7b,Ours-no-direction/raw,Rel,16,0.7235294117647059,1.0,"L0,L3,L1,L2,L7,L8,L9,L12,L14,L15,L16,L22,L24,L26,L27,L28",ok
verified50_main,mmke-visual,llava-v1.5-7b,Ours-no-direction/raw,T-Gen,16,0.7235294117647059,1.0,"L0,L3,L1,L2,L7,L8,L9,L12,L14,L15,L16,L22,L24,L26,L27,L28",ok
verified50_main,mmke-visual,llava-v1.5-7b,Ours-no-direction/raw,M-Gen,16,0.7235294117647059,1.0,"L0,L3,L1,L2,L7,L8,L9,L12,L14,L15,L16,L22,L24,L26,L27,L28",ok
verified50_main,mmke-visual,llava-v1.5-7b,Ours-no-direction/tukey,Rel,16,0.7235294117647059,1.0,"L0,L3,L1,L2,L7,L8,L9,L12,L14,L15,L16,L22,L24,L26,L27,L28",ok
verified50_main,mmke-visual,llava-v1.5-7b,Ours-no-direction/tukey,T-Gen,16,0.7235294117647059,1.0,"L0,L3,L1,L2,L7,L8,L9,L12,L14,L15,L16,L22,L24,L26,L27,L28",ok
verified50_main,mmke-visual,llava-v1.5-7b,Ours-no-direction/tukey,M-Gen,16,0.7235294117647059,1.0,"L0,L3,L1,L2,L7,L8,L9,L12,L14,L15,L16,L22,L24,L26,L27,L28",ok
verified50_main,mmke-visual,llava-v1.5-7b,Ours-no-strength/raw,Rel,16,-0.711764705882353,1.0,"L28,L27,L26,L24,L22,L14,L0,L15,L1,L2,L3,L9,L7,L16,L8,L12",ok
verified50_main,mmke-visual,llava-v1.5-7b,Ours-no-strength/raw,T-Gen,16,-0.711764705882353,1.0,"L28,L27,L26,L24,L22,L14,L0,L15,L1,L2,L3,L9,L7,L16,L8,L12",ok
verified50_main,mmke-visual,llava-v1.5-7b,Ours-no-strength/raw,Average,16,-0.7735294117647059,1.0,"L28,L27,L26,L24,L22,L14,L0,L15,L1,L2,L3,L9,L7,L16,L8,L12",ok
verified50_main,mmke-visual,llava-v1.5-7b,LGA-Visual/raw,Rel,16,-0.788235294117647,1.0,"L28,L27,L26,L24,L22,L16,L15,L14,L12,L9,L8,L7,L1,L0,L2,L3",ok
verified50_main,mmke-visual,llava-v1.5-7b,LGA-Visual/raw,T-Gen,16,-0.788235294117647,1.0,"L28,L27,L26,L24,L22,L16,L15,L14,L12,L9,L8,L7,L1,L0,L2,L3",ok
verified50_main,mmke-visual,llava-v1.5-7b,LGA-Visual/raw,M-Gen,16,-0.7852941176470588,1.0,"L28,L27,L26,L24,L22,L16,L15,L14,L12,L9,L8,L7,L1,L0,L2,L3",ok
verified50_main,mmke-visual,llava-v1.5-7b,LGA-Visual/tukey,Rel,16,-0.788235294117647,1.0,"L28,L27,L26,L24,L22,L16,L15,L14,L12,L9,L8,L7,L1,L0,L2,L3",ok
verified50_main,mmke-visual,llava-v1.5-7b,LGA-Visual/tukey,T-Gen,16,-0.788235294117647,1.0,"L28,L27,L26,L24,L22,L16,L15,L14,L12,L9,L8,L7,L1,L0,L2,L3",ok
verified50_main,mmke-visual,llava-v1.5-7b,LGA-Visual/tukey,M-Gen,16,-0.7852941176470588,1.0,"L28,L27,L26,L24,L22,L16,L15,L14,L12,L9,L8,L7,L1,L0,L2,L3",ok
verified50_main,mmke-visual,llava-v1.5-7b,LGA-Visual-no-direction/raw,Rel,16,0.7705882352941177,1.0,"L3,L0,L2,L7,L1,L8,L9,L12,L14,L15,L16,L22,L24,L26,L27,L28",ok
verified50_main,mmke-visual,llava-v1.5-7b,LGA-Visual-no-direction/raw,T-Gen,16,0.7705882352941177,1.0,"L3,L0,L2,L7,L1,L8,L9,L12,L14,L15,L16,L22,L24,L26,L27,L28",ok
verified50_main,mmke-visual,llava-v1.5-7b,LGA-Visual-no-direction/raw,M-Gen,16,0.7617647058823529,1.0,"L3,L0,L2,L7,L1,L8,L9,L12,L14,L15,L16,L22,L24,L26,L27,L28",ok
verified50_main,mmke-visual,llava-v1.5-7b,LGA-Visual-no-direction/tukey,Rel,16,0.7705882352941177,1.0,"L3,L0,L2,L7,L1,L8,L9,L12,L14,L15,L16,L22,L24,L26,L27,L28",ok
verified50_main,mmke-visual,llava-v1.5-7b,LGA-Visual-no-direction/tukey,T-Gen,16,0.7705882352941177,1.0,"L3,L0,L2,L7,L1,L8,L9,L12,L14,L15,L16,L22,L24,L26,L27,L28",ok
verified50_main,mmke-visual,llava-v1.5-7b,LGA-Visual-no-direction/tukey,M-Gen,16,0.7617647058823529,1.0,"L3,L0,L2,L7,L1,L8,L9,L12,L14,L15,L16,L22,L24,L26,L27,L28",ok
verified50_main,mmke-visual,smolvlm-1.7b,Ours-main/raw,Rel,11,0.7727272727272727,1.0,"L2,L5,L12,L13,L14,L16,L15,L17,L19,L21,L20",ok
verified50_main,mmke-visual,smolvlm-1.7b,Ours-main/raw,T-Gen,11,0.7909090909090909,1.0,"L2,L5,L12,L13,L14,L16,L15,L17,L19,L21,L20",ok
verified50_main,mmke-visual,smolvlm-1.7b,Ours-main/raw,M-Gen,11,0.7727272727272727,1.0,"L2,L5,L12,L13,L14,L16,L15,L17,L19,L21,L20",ok
verified50_main,mmke-visual,smolvlm-1.7b,Ours-main/raw,M-Loc,11,0.7727272727272727,1.0,"L2,L5,L12,L13,L14,L16,L15,L17,L19,L21,L20",ok
verified50_main,mmke-visual,smolvlm-1.7b,Ours-main/raw,Average,11,0.8090909090909091,1.0,"L2,L5,L12,L13,L14,L16,L15,L17,L19,L21,L20",ok
verified50_main,mmke-visual,smolvlm-1.7b,Ours-main/tukey,Rel,11,0.7727272727272727,1.0,"L2,L5,L12,L13,L14,L16,L15,L17,L19,L21,L20",ok
verified50_main,mmke-visual,smolvlm-1.7b,Ours-main/tukey,T-Gen,11,0.7909090909090909,1.0,"L2,L5,L12,L13,L14,L16,L15,L17,L19,L21,L20",ok
verified50_main,mmke-visual,smolvlm-1.7b,Ours-main/tukey,M-Gen,11,0.7727272727272727,1.0,"L2,L5,L12,L13,L14,L16,L15,L17,L19,L21,L20",ok
verified50_main,mmke-visual,smolvlm-1.7b,Ours-main/tukey,M-Loc,11,0.7727272727272727,1.0,"L2,L5,L12,L13,L14,L16,L15,L17,L19,L21,L20",ok
verified50_main,mmke-visual,smolvlm-1.7b,Ours-main/tukey,Average,11,0.8090909090909091,1.0,"L2,L5,L12,L13,L14,L16,L15,L17,L19,L21,L20",ok
verified50_main,mmke-visual,smolvlm-1.7b,Ours-no-direction/raw,Rel,11,0.8,1.0,"L2,L5,L12,L13,L14,L15,L16,L17,L19,L20,L21",ok
verified50_main,mmke-visual,smolvlm-1.7b,Ours-no-direction/raw,T-Gen,11,0.8181818181818182,1.0,"L2,L5,L12,L13,L14,L15,L16,L17,L19,L20,L21",ok
verified50_main,mmke-visual,smolvlm-1.7b,Ours-no-direction/raw,M-Gen,11,0.8090909090909091,1.0,"L2,L5,L12,L13,L14,L15,L16,L17,L19,L20,L21",ok
verified50_main,mmke-visual,smolvlm-1.7b,Ours-no-direction/raw,M-Loc,11,0.8,1.0,"L2,L5,L12,L13,L14,L15,L16,L17,L19,L20,L21",ok
verified50_main,mmke-visual,smolvlm-1.7b,Ours-no-direction/raw,Average,11,0.8818181818181818,1.0,"L2,L5,L12,L13,L14,L15,L16,L17,L19,L20,L21",ok
verified50_main,mmke-visual,smolvlm-1.7b,Ours-no-direction/tukey,Rel,11,0.8,1.0,"L2,L5,L12,L13,L14,L15,L16,L17,L19,L20,L21",ok
verified50_main,mmke-visual,smolvlm-1.7b,Ours-no-direction/tukey,T-Gen,11,0.8181818181818182,1.0,"L2,L5,L12,L13,L14,L15,L16,L17,L19,L20,L21",ok
verified50_main,mmke-visual,smolvlm-1.7b,Ours-no-direction/tukey,M-Gen,11,0.8090909090909091,1.0,"L2,L5,L12,L13,L14,L15,L16,L17,L19,L20,L21",ok
verified50_main,mmke-visual,smolvlm-1.7b,Ours-no-direction/tukey,M-Loc,11,0.8,1.0,"L2,L5,L12,L13,L14,L15,L16,L17,L19,L20,L21",ok
verified50_main,mmke-visual,smolvlm-1.7b,Ours-no-direction/tukey,Average,11,0.8818181818181818,1.0,"L2,L5,L12,L13,L14,L15,L16,L17,L19,L20,L21",ok
verified50_main,mmke-visual,smolvlm-1.7b,Ours-no-strength/raw,Rel,11,0.7636363636363637,1.0,"L5,L2,L12,L13,L14,L21,L16,L17,L19,L15,L20",ok
verified50_main,mmke-visual,smolvlm-1.7b,Ours-no-strength/raw,T-Gen,11,0.7909090909090909,1.0,"L5,L2,L12,L13,L14,L21,L16,L17,L19,L15,L20",ok
verified50_main,mmke-visual,smolvlm-1.7b,Ours-no-strength/raw,M-Gen,11,0.7454545454545455,1.0,"L5,L2,L12,L13,L14,L21,L16,L17,L19,L15,L20",ok
verified50_main,mmke-visual,smolvlm-1.7b,Ours-no-strength/tukey,Rel,11,0.7636363636363637,1.0,"L5,L2,L12,L13,L14,L21,L16,L17,L19,L15,L20",ok
verified50_main,mmke-visual,smolvlm-1.7b,Ours-no-strength/tukey,T-Gen,11,0.7909090909090909,1.0,"L5,L2,L12,L13,L14,L21,L16,L17,L19,L15,L20",ok
verified50_main,mmke-visual,smolvlm-1.7b,Ours-no-strength/tukey,M-Gen,11,0.7454545454545455,1.0,"L5,L2,L12,L13,L14,L21,L16,L17,L19,L15,L20",ok
verified50_main,mmke-visual,smolvlm-1.7b,LGA-Visual/raw,Rel,11,0.8,1.0,"L2,L5,L12,L13,L14,L15,L16,L17,L19,L20,L21",ok
verified50_main,mmke-visual,smolvlm-1.7b,LGA-Visual/raw,T-Gen,11,0.8181818181818182,1.0,"L2,L5,L12,L13,L14,L15,L16,L17,L19,L20,L21",ok
verified50_main,mmke-visual,smolvlm-1.7b,LGA-Visual/raw,M-Gen,11,0.8090909090909091,1.0,"L2,L5,L12,L13,L14,L15,L16,L17,L19,L20,L21",ok
verified50_main,mmke-visual,smolvlm-1.7b,LGA-Visual/raw,M-Loc,11,0.8,1.0,"L2,L5,L12,L13,L14,L15,L16,L17,L19,L20,L21",ok
verified50_main,mmke-visual,smolvlm-1.7b,LGA-Visual/raw,Average,11,0.8818181818181818,1.0,"L2,L5,L12,L13,L14,L15,L16,L17,L19,L20,L21",ok
verified50_main,mmke-visual,smolvlm-1.7b,LGA-Visual/tukey,Rel,11,0.8,1.0,"L2,L5,L12,L13,L14,L15,L16,L17,L19,L20,L21",ok
verified50_main,mmke-visual,smolvlm-1.7b,LGA-Visual/tukey,T-Gen,11,0.8181818181818182,1.0,"L2,L5,L12,L13,L14,L15,L16,L17,L19,L20,L21",ok
verified50_main,mmke-visual,smolvlm-1.7b,LGA-Visual/tukey,M-Gen,11,0.8090909090909091,1.0,"L2,L5,L12,L13,L14,L15,L16,L17,L19,L20,L21",ok
verified50_main,mmke-visual,smolvlm-1.7b,LGA-Visual/tukey,M-Loc,11,0.8,1.0,"L2,L5,L12,L13,L14,L15,L16,L17,L19,L20,L21",ok
verified50_main,mmke-visual,smolvlm-1.7b,LGA-Visual/tukey,Average,11,0.8818181818181818,1.0,"L2,L5,L12,L13,L14,L15,L16,L17,L19,L20,L21",ok
verified50_main,mmke-visual,smolvlm-1.7b,LGA-Visual-no-direction/raw,Rel,11,0.8,1.0,"L2,L5,L12,L13,L14,L15,L16,L17,L19,L20,L21",ok
verified50_main,mmke-visual,smolvlm-1.7b,LGA-Visual-no-direction/raw,T-Gen,11,0.8181818181818182,1.0,"L2,L5,L12,L13,L14,L15,L16,L17,L19,L20,L21",ok
verified50_main,mmke-visual,smolvlm-1.7b,LGA-Visual-no-direction/raw,M-Gen,11,0.8090909090909091,1.0,"L2,L5,L12,L13,L14,L15,L16,L17,L19,L20,L21",ok
verified50_main,mmke-visual,smolvlm-1.7b,LGA-Visual-no-direction/raw,M-Loc,11,0.8,1.0,"L2,L5,L12,L13,L14,L15,L16,L17,L19,L20,L21",ok
verified50_main,mmke-visual,smolvlm-1.7b,LGA-Visual-no-direction/raw,Average,11,0.8818181818181818,1.0,"L2,L5,L12,L13,L14,L15,L16,L17,L19,L20,L21",ok
verified50_main,mmke-visual,smolvlm-1.7b,LGA-Visual-no-direction/tukey,Rel,10,0.7333333333333333,1.0,"L5,L12,L13,L14,L15,L16,L17,L19,L20,L21",ok
verified50_main,mmke-visual,smolvlm-1.7b,LGA-Visual-no-direction/tukey,T-Gen,10,0.7575757575757576,1.0,"L5,L12,L13,L14,L15,L16,L17,L19,L20,L21",ok
verified50_main,mmke-visual,smolvlm-1.7b,LGA-Visual-no-direction/tukey,M-Gen,10,0.7454545454545455,1.0,"L5,L12,L13,L14,L15,L16,L17,L19,L20,L21",ok
verified50_main,mmke-visual,smolvlm-1.7b,LGA-Visual-no-direction/tukey,M-Loc,10,0.793939393939394,1.0,"L5,L12,L13,L14,L15,L16,L17,L19,L20,L21",ok
verified50_main,mmke-visual,smolvlm-1.7b,LGA-Visual-no-direction/tukey,Average,10,0.8424242424242424,1.0,"L5,L12,L13,L14,L15,L16,L17,L19,L20,L21",ok
verified50_main,mmke-entity,instructblip-vicuna-7b,Ours-main/raw,Rel,14,0.8197802197802198,1.0,"L2,L14,L15,L16,L17,L27,L26,L18,L19,L20,L29,L28,L30,L31",ok
verified50_main,mmke-entity,instructblip-vicuna-7b,Ours-main/raw,T-Gen,14,0.8769230769230769,1.0,"L2,L14,L15,L16,L17,L27,L26,L18,L19,L20,L29,L28,L30,L31",ok
verified50_main,mmke-entity,instructblip-vicuna-7b,Ours-main/raw,M-Gen,14,0.8549450549450549,1.0,"L2,L14,L15,L16,L17,L27,L26,L18,L19,L20,L29,L28,L30,L31",ok
verified50_main,mmke-entity,instructblip-vicuna-7b,Ours-main/raw,Average,14,0.8725274725274725,1.0,"L2,L14,L15,L16,L17,L27,L26,L18,L19,L20,L29,L28,L30,L31",ok
verified50_main,mmke-entity,instructblip-vicuna-7b,Ours-main/tukey,Rel,12,0.7132867132867133,1.0,"L2,L14,L15,L16,L17,L27,L26,L18,L19,L20,L29,L28",ok
verified50_main,mmke-entity,instructblip-vicuna-7b,Ours-main/tukey,T-Gen,12,0.8041958041958042,1.0,"L2,L14,L15,L16,L17,L27,L26,L18,L19,L20,L29,L28",ok
verified50_main,mmke-entity,instructblip-vicuna-7b,Ours-main/tukey,M-Gen,12,0.7692307692307693,1.0,"L2,L14,L15,L16,L17,L27,L26,L18,L19,L20,L29,L28",ok
verified50_main,mmke-entity,instructblip-vicuna-7b,Ours-main/tukey,Average,12,0.7972027972027972,1.0,"L2,L14,L15,L16,L17,L27,L26,L18,L19,L20,L29,L28",ok
verified50_main,mmke-entity,instructblip-vicuna-7b,Ours-no-direction/raw,Rel,14,0.9120879120879121,1.0,"L2,L14,L15,L16,L17,L18,L19,L20,L26,L27,L28,L29,L30,L31",ok
verified50_main,mmke-entity,instructblip-vicuna-7b,Ours-no-direction/raw,T-Gen,14,0.9604395604395605,1.0,"L2,L14,L15,L16,L17,L18,L19,L20,L26,L27,L28,L29,L30,L31",ok
verified50_main,mmke-entity,instructblip-vicuna-7b,Ours-no-direction/raw,M-Gen,14,0.9384615384615385,1.0,"L2,L14,L15,L16,L17,L18,L19,L20,L26,L27,L28,L29,L30,L31",ok
verified50_main,mmke-entity,instructblip-vicuna-7b,Ours-no-direction/raw,Average,14,0.9472527472527472,1.0,"L2,L14,L15,L16,L17,L18,L19,L20,L26,L27,L28,L29,L30,L31",ok
verified50_main,mmke-entity,instructblip-vicuna-7b,Ours-no-direction/tukey,Rel,13,0.8901098901098901,1.0,"L2,L14,L15,L16,L17,L18,L19,L20,L26,L27,L28,L29,L30",ok
verified50_main,mmke-entity,instructblip-vicuna-7b,Ours-no-direction/tukey,T-Gen,13,0.9505494505494505,1.0,"L2,L14,L15,L16,L17,L18,L19,L20,L26,L27,L28,L29,L30",ok
verified50_main,mmke-entity,instructblip-vicuna-7b,Ours-no-direction/tukey,M-Gen,13,0.9230769230769231,1.0,"L2,L14,L15,L16,L17,L18,L19,L20,L26,L27,L28,L29,L30",ok
verified50_main,mmke-entity,instructblip-vicuna-7b,Ours-no-direction/tukey,Average,13,0.9340659340659341,1.0,"L2,L14,L15,L16,L17,L18,L19,L20,L26,L27,L28,L29,L30",ok
verified50_main,mmke-entity,instructblip-vicuna-7b,LGA-Visual/raw,Rel,14,0.9120879120879121,1.0,"L2,L14,L15,L16,L17,L18,L19,L20,L26,L27,L28,L29,L30,L31",ok
verified50_main,mmke-entity,instructblip-vicuna-7b,LGA-Visual/raw,T-Gen,14,0.9604395604395605,1.0,"L2,L14,L15,L16,L17,L18,L19,L20,L26,L27,L28,L29,L30,L31",ok
verified50_main,mmke-entity,instructblip-vicuna-7b,LGA-Visual/raw,M-Gen,14,0.9384615384615385,1.0,"L2,L14,L15,L16,L17,L18,L19,L20,L26,L27,L28,L29,L30,L31",ok
verified50_main,mmke-entity,instructblip-vicuna-7b,LGA-Visual/raw,Average,14,0.9472527472527472,1.0,"L2,L14,L15,L16,L17,L18,L19,L20,L26,L27,L28,L29,L30,L31",ok
verified50_main,mmke-entity,instructblip-vicuna-7b,LGA-Visual/tukey,Rel,14,0.9120879120879121,1.0,"L2,L14,L15,L16,L17,L18,L19,L20,L26,L27,L28,L29,L30,L31",ok
verified50_main,mmke-entity,instructblip-vicuna-7b,LGA-Visual/tukey,T-Gen,14,0.9604395604395605,1.0,"L2,L14,L15,L16,L17,L18,L19,L20,L26,L27,L28,L29,L30,L31",ok
verified50_main,mmke-entity,instructblip-vicuna-7b,LGA-Visual/tukey,M-Gen,14,0.9384615384615385,1.0,"L2,L14,L15,L16,L17,L18,L19,L20,L26,L27,L28,L29,L30,L31",ok
verified50_main,mmke-entity,instructblip-vicuna-7b,LGA-Visual/tukey,Average,14,0.9472527472527472,1.0,"L2,L14,L15,L16,L17,L18,L19,L20,L26,L27,L28,L29,L30,L31",ok
verified50_main,mmke-entity,instructblip-vicuna-7b,LGA-Visual-no-direction/raw,Rel,14,0.9120879120879121,1.0,"L2,L14,L15,L16,L17,L18,L19,L20,L26,L27,L28,L29,L30,L31",ok
verified50_main,mmke-entity,instructblip-vicuna-7b,LGA-Visual-no-direction/raw,T-Gen,14,0.9604395604395605,1.0,"L2,L14,L15,L16,L17,L18,L19,L20,L26,L27,L28,L29,L30,L31",ok
verified50_main,mmke-entity,instructblip-vicuna-7b,LGA-Visual-no-direction/raw,M-Gen,14,0.9384615384615385,1.0,"L2,L14,L15,L16,L17,L18,L19,L20,L26,L27,L28,L29,L30,L31",ok
verified50_main,mmke-entity,instructblip-vicuna-7b,LGA-Visual-no-direction/raw,Average,14,0.9472527472527472,1.0,"L2,L14,L15,L16,L17,L18,L19,L20,L26,L27,L28,L29,L30,L31",ok
verified50_main,mmke-entity,instructblip-vicuna-7b,LGA-Visual-no-direction/tukey,Rel,14,0.9120879120879121,1.0,"L2,L14,L15,L16,L17,L18,L19,L20,L26,L27,L28,L29,L30,L31",ok
verified50_main,mmke-entity,instructblip-vicuna-7b,LGA-Visual-no-direction/tukey,T-Gen,14,0.9604395604395605,1.0,"L2,L14,L15,L16,L17,L18,L19,L20,L26,L27,L28,L29,L30,L31",ok
verified50_main,mmke-entity,instructblip-vicuna-7b,LGA-Visual-no-direction/tukey,M-Gen,14,0.9384615384615385,1.0,"L2,L14,L15,L16,L17,L18,L19,L20,L26,L27,L28,L29,L30,L31",ok
verified50_main,mmke-entity,instructblip-vicuna-7b,LGA-Visual-no-direction/tukey,Average,14,0.9472527472527472,1.0,"L2,L14,L15,L16,L17,L18,L19,L20,L26,L27,L28,L29,L30,L31",ok
verified50_main,mmke-entity,llava-v1.5-7b,Ours-main/raw,M-Loc,10,-0.793939393939394,1.0,"L9,L14,L15,L28,L27,L26,L16,L24,L23,L22",ok
verified50_main,mmke-entity,llava-v1.5-7b,Ours-main/tukey,M-Loc,9,-0.7666666666666667,1.0,"L14,L15,L28,L27,L26,L16,L24,L23,L22",ok
verified50_main,mmke-entity,llava-v1.5-7b,Ours-no-direction/raw,Rel,10,0.8909090909090909,1.0,"L9,L14,L15,L16,L22,L23,L24,L26,L27,L28",ok
verified50_main,mmke-entity,llava-v1.5-7b,Ours-no-direction/raw,T-Gen,10,0.8909090909090909,1.0,"L9,L14,L15,L16,L22,L23,L24,L26,L27,L28",ok
verified50_main,mmke-entity,llava-v1.5-7b,Ours-no-direction/raw,M-Gen,10,0.8997002046464956,1.0,"L9,L14,L15,L16,L22,L23,L24,L26,L27,L28",ok
verified50_main,mmke-entity,llava-v1.5-7b,Ours-no-direction/raw,Average,10,0.9030303030303031,1.0,"L9,L14,L15,L16,L22,L23,L24,L26,L27,L28",ok
verified50_main,mmke-entity,llava-v1.5-7b,Ours-no-direction/tukey,Rel,10,0.8909090909090909,1.0,"L9,L14,L15,L16,L22,L23,L24,L26,L27,L28",ok
verified50_main,mmke-entity,llava-v1.5-7b,Ours-no-direction/tukey,T-Gen,10,0.8909090909090909,1.0,"L9,L14,L15,L16,L22,L23,L24,L26,L27,L28",ok
verified50_main,mmke-entity,llava-v1.5-7b,Ours-no-direction/tukey,M-Gen,10,0.8997002046464956,1.0,"L9,L14,L15,L16,L22,L23,L24,L26,L27,L28",ok
verified50_main,mmke-entity,llava-v1.5-7b,Ours-no-direction/tukey,Average,10,0.9030303030303031,1.0,"L9,L14,L15,L16,L22,L23,L24,L26,L27,L28",ok
verified50_main,mmke-entity,llava-v1.5-7b,Ours-no-strength/raw,M-Loc,10,-0.8181818181818182,1.0,"L28,L14,L15,L9,L27,L26,L24,L16,L23,L22",ok
verified50_main,mmke-entity,llava-v1.5-7b,Ours-no-strength/tukey,M-Loc,10,-0.8181818181818182,1.0,"L28,L14,L15,L9,L27,L26,L24,L16,L23,L22",ok
verified50_main,mmke-entity,llava-v1.5-7b,LGA-Visual-no-direction/raw,Rel,10,0.8909090909090909,1.0,"L9,L14,L15,L16,L22,L23,L24,L26,L27,L28",ok
verified50_main,mmke-entity,llava-v1.5-7b,LGA-Visual-no-direction/raw,T-Gen,10,0.8909090909090909,1.0,"L9,L14,L15,L16,L22,L23,L24,L26,L27,L28",ok
verified50_main,mmke-entity,llava-v1.5-7b,LGA-Visual-no-direction/raw,M-Gen,10,0.8997002046464956,1.0,"L9,L14,L15,L16,L22,L23,L24,L26,L27,L28",ok
verified50_main,mmke-entity,llava-v1.5-7b,LGA-Visual-no-direction/raw,Average,10,0.9030303030303031,1.0,"L9,L14,L15,L16,L22,L23,L24,L26,L27,L28",ok
verified50_main,mmke-entity,llava-v1.5-7b,LGA-Visual-no-direction/tukey,Rel,10,0.8909090909090909,1.0,"L9,L14,L15,L16,L22,L23,L24,L26,L27,L28",ok
verified50_main,mmke-entity,llava-v1.5-7b,LGA-Visual-no-direction/tukey,T-Gen,10,0.8909090909090909,1.0,"L9,L14,L15,L16,L22,L23,L24,L26,L27,L28",ok
verified50_main,mmke-entity,llava-v1.5-7b,LGA-Visual-no-direction/tukey,M-Gen,10,0.8997002046464956,1.0,"L9,L14,L15,L16,L22,L23,L24,L26,L27,L28",ok
verified50_main,mmke-entity,llava-v1.5-7b,LGA-Visual-no-direction/tukey,Average,10,0.9030303030303031,1.0,"L9,L14,L15,L16,L22,L23,L24,L26,L27,L28",ok
verified50_main,evqa-pilot500,instructblip-vicuna-7b,VisEdit-Direct-model_pred/diagnostic,M-Loc,9,0.75,1.0,"L26,L28,L27,L25,L3,L4,L2,L11,L1",ok
verified50_main,evqa-pilot500,minigpt-4-vicuna-7b,VisEdit-Direct-model_pred/diagnostic,Rel,21,-0.7025974025974026,1.0,"L26,L30,L25,L31,L19,L22,L28,L29,L18,L15,L14,L17,L16,L24,L0,L10,L1,L2,L8,L9,L7",ok
verified50_main,evqa-pilot500,minigpt-4-vicuna-7b,VisEdit-Direct-model_pred/diagnostic,M-Gen,21,-0.7054238761136924,1.0,"L26,L30,L25,L31,L19,L22,L28,L29,L18,L15,L14,L17,L16,L24,L0,L10,L1,L2,L8,L9,L7",ok
verified50_main,evqa-pilot500,paligemma-3b,VisEdit-Direct-alt/diagnostic,Rel,5,-0.8,1.0,"L15,L12,L10,L11,L3",ok
verified50_main,evqa-pilot500,paligemma-3b,VisEdit-Direct-alt/diagnostic,M-Gen,5,-0.9,1.0,"L15,L12,L10,L11,L3",ok
verified50_main,evqa-pilot500,paligemma-3b,VisEdit-Direct-alt/diagnostic,Average,5,-0.9,1.0,"L15,L12,L10,L11,L3",ok
verified50_main,evqa-pilot500,paligemma-3b,VisEdit-Direct-model_pred/diagnostic,Rel,5,-0.8,1.0,"L15,L12,L10,L11,L3",ok
verified50_main,evqa-pilot500,paligemma-3b,VisEdit-Direct-model_pred/diagnostic,M-Gen,5,-0.9,1.0,"L15,L12,L10,L11,L3",ok
verified50_main,evqa-pilot500,paligemma-3b,VisEdit-Direct-model_pred/diagnostic,Average,5,-0.9,1.0,"L15,L12,L10,L11,L3",ok
verified50_main,evqa-pilot500,smolvlm-1.7b,VisEdit-Direct-alt/diagnostic,T-Gen,10,-0.9030303030303031,1.0,"L22,L19,L21,L17,L16,L15,L14,L12,L13,L5",ok
verified50_main,evqa-pilot500,smolvlm-1.7b,VisEdit-Direct-alt/diagnostic,M-Gen,10,-0.8303030303030303,1.0,"L22,L19,L21,L17,L16,L15,L14,L12,L13,L5",ok
verified50_main,evqa-pilot500,smolvlm-1.7b,VisEdit-Direct-alt/diagnostic,Average,10,-0.8666666666666667,1.0,"L22,L19,L21,L17,L16,L15,L14,L12,L13,L5",ok
verified50_main,evqa-pilot500,smolvlm-1.7b,VisEdit-Direct-model_pred/diagnostic,Rel,10,-0.7090909090909091,1.0,"L22,L21,L16,L19,L17,L15,L14,L13,L12,L5",ok
verified50_main,evqa-pilot500,smolvlm-1.7b,VisEdit-Direct-model_pred/diagnostic,T-Gen,10,-0.8909090909090909,1.0,"L22,L21,L16,L19,L17,L15,L14,L13,L12,L5",ok
verified50_main,evqa-pilot500,smolvlm-1.7b,VisEdit-Direct-model_pred/diagnostic,M-Gen,10,-0.8181818181818182,1.0,"L22,L21,L16,L19,L17,L15,L14,L13,L12,L5",ok
verified50_main,evqa-pilot500,smolvlm-1.7b,VisEdit-Direct-model_pred/diagnostic,Average,10,-0.8666666666666667,1.0,"L22,L21,L16,L19,L17,L15,L14,L13,L12,L5",ok
verified50_main,mmke-visual,smolvlm-1.7b,VisEdit-Direct-alt/diagnostic,M-Loc,11,-0.8,1.0,"L19,L20,L21,L16,L13,L12,L14,L17,L15,L2,L5",ok
verified50_main,mmke-entity,llava-v1.5-7b,VisEdit-Direct-alt/diagnostic,Rel,10,-0.8316561813093608,1.0,"L27,L28,L26,L24,L15,L22,L14,L9,L23,L16",ok
verified50_main,mmke-entity,llava-v1.5-7b,VisEdit-Direct-alt/diagnostic,T-Gen,10,-0.8316561813093608,1.0,"L27,L28,L26,L24,L15,L22,L14,L9,L23,L16",ok
verified50_main,mmke-entity,llava-v1.5-7b,VisEdit-Direct-alt/diagnostic,M-Gen,10,-0.8185076420116499,1.0,"L27,L28,L26,L24,L15,L22,L14,L9,L23,L16",ok
verified50_main,mmke-entity,llava-v1.5-7b,VisEdit-Direct-alt/diagnostic,Average,10,-0.8003909113353247,1.0,"L27,L28,L26,L24,L15,L22,L14,L9,L23,L16",ok
verified50_main,mmke-visual,smolvlm-1.7b,VisEdit-Direct-pred-field/diagnostic,Rel,11,-0.8545454545454545,1.0,"L19,L16,L21,L20,L17,L12,L15,L14,L13,L5,L2",ok
verified50_main,mmke-visual,smolvlm-1.7b,VisEdit-Direct-pred-field/diagnostic,T-Gen,11,-0.8636363636363636,1.0,"L19,L16,L21,L20,L17,L12,L15,L14,L13,L5,L2",ok
verified50_main,mmke-visual,smolvlm-1.7b,VisEdit-Direct-pred-field/diagnostic,M-Gen,11,-0.8545454545454545,1.0,"L19,L16,L21,L20,L17,L12,L15,L14,L13,L5,L2",ok
verified50_main,mmke-visual,smolvlm-1.7b,VisEdit-Direct-pred-field/diagnostic,M-Loc,11,-0.7636363636363637,1.0,"L19,L16,L21,L20,L17,L12,L15,L14,L13,L5,L2",ok
verified50_main,mmke-visual,smolvlm-1.7b,VisEdit-Direct-pred-field/diagnostic,Average,11,-0.9090909090909091,1.0,"L19,L16,L21,L20,L17,L12,L15,L14,L13,L5,L2",ok
verified50_main,mmke-entity,llava-v1.5-7b,VisEdit-Direct-pred-field/diagnostic,Rel,10,-0.8316561813093608,1.0,"L27,L28,L26,L24,L15,L22,L14,L9,L23,L16",ok
verified50_main,mmke-entity,llava-v1.5-7b,VisEdit-Direct-pred-field/diagnostic,T-Gen,10,-0.8316561813093608,1.0,"L27,L28,L26,L24,L15,L22,L14,L9,L23,L16",ok
verified50_main,mmke-entity,llava-v1.5-7b,VisEdit-Direct-pred-field/diagnostic,M-Gen,10,-0.8185076420116499,1.0,"L27,L28,L26,L24,L15,L22,L14,L9,L23,L16",ok
verified50_main,mmke-entity,llava-v1.5-7b,VisEdit-Direct-pred-field/diagnostic,Average,10,-0.8003909113353247,1.0,"L27,L28,L26,L24,L15,L22,L14,L9,L23,L16",ok
stable_only,evqa-pilot500,paligemma-3b,Middle-Prior/raw,Rel,7,0.7142857142857143,1.0,"L8,L7,L6,L5,L4,L1,L17",ok
stable_only,evqa-pilot500,paligemma-3b,SaLEM-alt/raw,Rel,7,0.7142857142857143,1.0,"L8,L7,L6,L5,L4,L1,L17",ok
stable_only,mmke-visual,paligemma-3b,Perturb-KL-alt/raw,Rel,15,0.7428571428571429,1.0,"L7,L5,L6,L8,L9,L3,L2,L1,L0,L10,L11,L12,L13,L14,L17",ok
stable_only,mmke-visual,paligemma-3b,Perturb-KL-alt/raw,T-Gen,15,0.7285714285714285,1.0,"L7,L5,L6,L8,L9,L3,L2,L1,L0,L10,L11,L12,L13,L14,L17",ok
stable_only,mmke-entity,paligemma-3b,CMA-model_pred/raw,M-Gen,14,0.8316836715862541,0.8789308176100629,"L7,L6,L5,L2,L3,L1,L8,L9,L10,L11,L12,L16,L13,L17",ok
stable_only,mmke-entity,paligemma-3b,Perturb-KL-alt/raw,M-Gen,14,0.7568761455705593,1.0,"L7,L5,L6,L8,L9,L3,L2,L1,L10,L11,L12,L13,L16,L17",ok
stable_only,mmke-entity,paligemma-3b,SaLEM-alt/raw,M-Gen,14,-0.7216726039161147,1.0,"L17,L16,L13,L10,L9,L8,L11,L12,L7,L5,L6,L1,L2,L3",ok
stable_only,evqa-pilot500,paligemma-3b,Ours-no-strength/tukey,M-Gen,6,-0.7142857142857143,1.0,"L5,L4,L8,L7,L6,L1",ok
stable_only,evqa-pilot500,paligemma-3b,Ours-no-strength/tukey,M-Loc,6,0.7142857142857143,1.0,"L5,L4,L8,L7,L6,L1",ok
stable_only,mmke-visual,paligemma-3b,Ours-main/raw,Rel,15,0.7107142857142857,1.0,"L5,L3,L2,L1,L6,L7,L0,L8,L9,L10,L11,L12,L13,L14,L17",ok
stable_only,mmke-visual,paligemma-3b,Ours-main/raw,T-Gen,15,0.7,1.0,"L5,L3,L2,L1,L6,L7,L0,L8,L9,L10,L11,L12,L13,L14,L17",ok
stable_only,mmke-visual,paligemma-3b,Ours-main/tukey,Rel,15,0.7107142857142857,1.0,"L5,L3,L2,L1,L6,L7,L0,L8,L9,L10,L11,L12,L13,L14,L17",ok
stable_only,mmke-visual,paligemma-3b,Ours-main/tukey,T-Gen,15,0.7,1.0,"L5,L3,L2,L1,L6,L7,L0,L8,L9,L10,L11,L12,L13,L14,L17",ok
stable_only,mmke-visual,paligemma-3b,Ours-no-direction/raw,Rel,15,0.7071428571428572,1.0,"L5,L3,L2,L6,L1,L7,L0,L8,L9,L10,L11,L12,L13,L14,L17",ok
stable_only,mmke-visual,paligemma-3b,Ours-no-direction/tukey,Rel,15,0.7071428571428572,1.0,"L5,L3,L2,L6,L1,L7,L0,L8,L9,L10,L11,L12,L13,L14,L17",ok
stable_only,mmke-visual,paligemma-3b,LGA-Visual/raw,Rel,15,0.7107142857142857,1.0,"L5,L3,L2,L1,L6,L7,L0,L8,L9,L10,L11,L12,L13,L14,L17",ok
stable_only,mmke-visual,paligemma-3b,LGA-Visual/raw,T-Gen,15,0.7,1.0,"L5,L3,L2,L1,L6,L7,L0,L8,L9,L10,L11,L12,L13,L14,L17",ok
stable_only,mmke-visual,paligemma-3b,LGA-Visual/tukey,Rel,13,0.7032967032967034,1.0,"L2,L1,L6,L7,L0,L8,L9,L10,L11,L12,L13,L14,L17",ok
stable_only,mmke-visual,paligemma-3b,LGA-Visual-no-direction/raw,Rel,15,0.7178571428571429,1.0,"L5,L3,L2,L6,L7,L1,L0,L8,L9,L10,L11,L12,L13,L14,L17",ok
stable_only,mmke-visual,paligemma-3b,LGA-Visual-no-direction/raw,T-Gen,15,0.7035714285714286,1.0,"L5,L3,L2,L6,L7,L1,L0,L8,L9,L10,L11,L12,L13,L14,L17",ok
stable_only,mmke-entity,paligemma-3b,Ours-main/raw,M-Gen,14,0.7524757028637538,1.0,"L5,L3,L2,L6,L7,L1,L8,L9,L10,L11,L12,L13,L16,L17",ok
stable_only,mmke-entity,paligemma-3b,Ours-main/tukey,M-Gen,14,0.7524757028637538,1.0,"L5,L3,L2,L6,L7,L1,L8,L9,L10,L11,L12,L13,L16,L17",ok
stable_only,mmke-entity,paligemma-3b,Ours-no-direction/raw,M-Gen,14,0.7524757028637538,1.0,"L5,L3,L2,L6,L7,L1,L8,L9,L10,L11,L12,L13,L16,L17",ok
stable_only,mmke-entity,paligemma-3b,Ours-no-direction/tukey,M-Gen,14,0.7524757028637538,1.0,"L5,L3,L2,L6,L7,L1,L8,L9,L10,L11,L12,L13,L16,L17",ok
stable_only,mmke-entity,paligemma-3b,LGA-Visual/raw,M-Gen,14,0.7524757028637538,1.0,"L5,L3,L2,L6,L7,L1,L8,L9,L10,L11,L12,L13,L16,L17",ok
stable_only,mmke-entity,paligemma-3b,LGA-Visual/tukey,Rel,13,0.7135013299891617,1.0,"L3,L2,L6,L7,L1,L8,L9,L10,L11,L12,L13,L16,L17",ok
stable_only,mmke-entity,paligemma-3b,LGA-Visual/tukey,T-Gen,13,0.7358405562288132,1.0,"L3,L2,L6,L7,L1,L8,L9,L10,L11,L12,L13,L16,L17",ok
stable_only,mmke-entity,paligemma-3b,LGA-Visual/tukey,M-Gen,13,0.8390654430181125,1.0,"L3,L2,L6,L7,L1,L8,L9,L10,L11,L12,L13,L16,L17",ok
stable_only,mmke-entity,paligemma-3b,LGA-Visual-no-direction/raw,M-Gen,14,0.7524757028637538,1.0,"L5,L3,L2,L6,L7,L1,L8,L9,L10,L11,L12,L13,L16,L17",ok
stable_only,mmke-entity,paligemma-3b,LGA-Visual-no-direction/tukey,M-Gen,14,0.7524757028637538,1.0,"L5,L3,L2,L6,L7,L1,L8,L9,L10,L11,L12,L13,L16,L17",ok
stable_only,mmke-entity,paligemma-3b,VisEdit-Direct-alt/diagnostic,Rel,14,-0.7614843499135614,1.0,"L12,L16,L17,L13,L1,L7,L6,L5,L11,L10,L2,L3,L8,L9",ok
stable_only,mmke-entity,paligemma-3b,VisEdit-Direct-alt/diagnostic,T-Gen,14,-0.7640184146544078,1.0,"L12,L16,L17,L13,L1,L7,L6,L5,L11,L10,L2,L3,L8,L9",ok
stable_only,mmke-entity,paligemma-3b,VisEdit-Direct-alt/diagnostic,M-Gen,14,-0.760645248446676,1.0,"L12,L16,L17,L13,L1,L7,L6,L5,L11,L10,L2,L3,L8,L9",ok
stable_only,mmke-entity,paligemma-3b,VisEdit-Direct-alt/diagnostic,Average,14,-0.7598089147705227,1.0,"L12,L16,L17,L13,L1,L7,L6,L5,L11,L10,L2,L3,L8,L9",ok
