dataset,model,formula,layer,score,rank,LGA_sum_equivalent,valid_samples,total_samples,coverage
evqa-pilot500,blip2-opt-2.7b,M_dot,0,0.6890598733142088,1,320.4128410911071,465,500,0.93
evqa-pilot500,blip2-opt-2.7b,M_dot,1,0.15996807090683354,2,74.3851529716776,465,500,0.93
evqa-pilot500,blip2-opt-2.7b,M_dot,2,0.10525378389720572,3,48.94300951220066,465,500,0.93
evqa-pilot500,blip2-opt-2.7b,M_dot,3,0.09891976034005863,4,45.997688558127265,465,500,0.93
evqa-pilot500,blip2-opt-2.7b,M_dot,4,0.08034657414809185,5,37.36115697886271,465,500,0.93
evqa-pilot500,blip2-opt-2.7b,M_dot,5,0.04905226992662891,6,22.809305515882443,465,500,0.93
evqa-pilot500,blip2-opt-2.7b,M_dot,6,0.03708887520266236,7,17.246326969237998,465,500,0.93
evqa-pilot500,blip2-opt-2.7b,M_dot,7,0.03277232712585359,8,15.239132113521919,465,500,0.93
evqa-pilot500,blip2-opt-2.7b,M_dot,8,0.030769817220135994,9,14.307965007363237,465,500,0.93
evqa-pilot500,blip2-opt-2.7b,M_dot,9,0.028348360336053945,10,13.181987556265085,465,500,0.93
evqa-pilot500,blip2-opt-2.7b,M_dot,10,0.027615298985635677,11,12.84111402832059,465,500,0.93
evqa-pilot500,blip2-opt-2.7b,M_dot,11,0.025066100569130223,12,11.655736764645553,465,500,0.93
evqa-pilot500,blip2-opt-2.7b,M_dot,12,0.022979447372809745,13,10.68544302835653,465,500,0.93
evqa-pilot500,blip2-opt-2.7b,M_dot,13,0.020698770409154514,14,9.62492824025685,465,500,0.93
evqa-pilot500,blip2-opt-2.7b,M_dot,14,0.019451571597907974,15,9.044980793027207,465,500,0.93
evqa-pilot500,blip2-opt-2.7b,M_dot,15,0.018074665352938727,16,8.404719389116508,465,500,0.93
evqa-pilot500,blip2-opt-2.7b,M_dot,16,0.015158069369855545,17,7.048502256982829,465,500,0.93
evqa-pilot500,blip2-opt-2.7b,M_dot,17,0.012398211785322381,18,5.765168480174907,465,500,0.93
evqa-pilot500,blip2-opt-2.7b,M_dot,18,0.008819600176604424,19,4.101114082121057,465,500,0.93
evqa-pilot500,blip2-opt-2.7b,M_dot,19,0.006358001090018817,20,2.95647050685875,465,500,0.93
evqa-pilot500,blip2-opt-2.7b,M_dot,20,0.004554421962592476,21,2.117806212605501,465,500,0.93
evqa-pilot500,blip2-opt-2.7b,M_dot,21,0.0032847801361405742,22,1.527422763305367,465,500,0.93
evqa-pilot500,blip2-opt-2.7b,M_dot,22,0.0025721716866193615,23,1.196059834278003,465,500,0.93
evqa-pilot500,blip2-opt-2.7b,M_dot,23,0.0020587512622559415,24,0.9573193369490128,465,500,0.93
evqa-pilot500,blip2-opt-2.7b,M_dot,24,0.0014202570202405207,25,0.6604195144118421,465,500,0.93
evqa-pilot500,blip2-opt-2.7b,M_dot,25,0.001364015939967792,26,0.6342674120850234,465,500,0.93
evqa-pilot500,blip2-opt-2.7b,M_dot,26,0.0009990319722815442,27,0.46454986711091806,465,500,0.93
evqa-pilot500,blip2-opt-2.7b,M_dot,27,0.0007571799775921321,28,0.35208868958034145,465,500,0.93
evqa-pilot500,blip2-opt-2.7b,M_dot,28,0.00038039709448757123,29,0.17688464893672062,465,500,0.93
evqa-pilot500,blip2-opt-2.7b,M_dot,29,0.000281454738305434,30,0.1308764533120268,465,500,0.93
evqa-pilot500,blip2-opt-2.7b,M_dot,30,0.00018500447861432198,31,0.08602708255565972,465,500,0.93
evqa-pilot500,blip2-opt-2.7b,M_abscos_x_newn,0,0.24816183142946258,1,,465,500,0.93
evqa-pilot500,blip2-opt-2.7b,M_abscos_x_newn,1,0.19918388062823672,2,,465,500,0.93
evqa-pilot500,blip2-opt-2.7b,M_abscos_x_newn,2,0.17591307251983596,3,,465,500,0.93
evqa-pilot500,blip2-opt-2.7b,M_abscos_x_newn,3,0.16927046433924503,4,,465,500,0.93
evqa-pilot500,blip2-opt-2.7b,M_abscos_x_newn,4,0.15518680840932497,5,,465,500,0.93
evqa-pilot500,blip2-opt-2.7b,M_abscos_x_newn,5,0.1356319633929887,6,,465,500,0.93
evqa-pilot500,blip2-opt-2.7b,M_abscos_x_newn,6,0.12348409958561643,7,,465,500,0.93
evqa-pilot500,blip2-opt-2.7b,M_abscos_x_newn,7,0.11714185610538078,8,,465,500,0.93
evqa-pilot500,blip2-opt-2.7b,M_abscos_x_newn,8,0.11304277601983612,9,,465,500,0.93
evqa-pilot500,blip2-opt-2.7b,M_abscos_x_newn,9,0.10726040613391484,10,,465,500,0.93
evqa-pilot500,blip2-opt-2.7b,M_abscos_x_newn,10,0.10549894746506218,11,,465,500,0.93
evqa-pilot500,blip2-opt-2.7b,M_abscos_x_newn,11,0.09946114390344647,12,,465,500,0.93
evqa-pilot500,blip2-opt-2.7b,M_abscos_x_newn,12,0.09471774650735446,13,,465,500,0.93
evqa-pilot500,blip2-opt-2.7b,M_abscos_x_newn,13,0.08831270717343993,14,,465,500,0.93
evqa-pilot500,blip2-opt-2.7b,M_abscos_x_newn,14,0.08494838906387116,15,,465,500,0.93
evqa-pilot500,blip2-opt-2.7b,M_abscos_x_newn,15,0.08131854303655119,16,,465,500,0.93
evqa-pilot500,blip2-opt-2.7b,M_abscos_x_newn,16,0.07407427029515408,17,,465,500,0.93
evqa-pilot500,blip2-opt-2.7b,M_abscos_x_newn,17,0.0658769756102919,18,,465,500,0.93
evqa-pilot500,blip2-opt-2.7b,M_abscos_x_newn,18,0.053417890536266485,19,,465,500,0.93
evqa-pilot500,blip2-opt-2.7b,M_abscos_x_newn,19,0.043300391465590296,20,,465,500,0.93
evqa-pilot500,blip2-opt-2.7b,M_abscos_x_newn,20,0.033864496657945414,21,,465,500,0.93
evqa-pilot500,blip2-opt-2.7b,M_abscos_x_newn,21,0.028308462740179983,22,,465,500,0.93
evqa-pilot500,blip2-opt-2.7b,M_abscos_x_newn,22,0.024006719131361424,23,,465,500,0.93
evqa-pilot500,blip2-opt-2.7b,M_abscos_x_newn,23,0.02011086561928873,24,,465,500,0.93
evqa-pilot500,blip2-opt-2.7b,M_abscos_x_newn,24,0.01655671928901199,25,,465,500,0.93
evqa-pilot500,blip2-opt-2.7b,M_abscos_x_newn,25,0.015429442889077834,26,,465,500,0.93
evqa-pilot500,blip2-opt-2.7b,M_abscos_x_newn,26,0.013389221828111399,27,,465,500,0.93
evqa-pilot500,blip2-opt-2.7b,M_abscos_x_newn,27,0.011737996139655494,28,,465,500,0.93
evqa-pilot500,blip2-opt-2.7b,M_abscos_x_newn,28,0.009156806890709619,29,,465,500,0.93
evqa-pilot500,blip2-opt-2.7b,M_abscos_x_newn,29,0.007816047287082519,30,,465,500,0.93
evqa-pilot500,blip2-opt-2.7b,M_abscos_x_newn,30,0.006306441871249741,31,,465,500,0.93
evqa-pilot500,instructblip-vicuna-7b,M_dot,1,6.0370183185637,1,3018.50915928185,500,500,1.0
evqa-pilot500,instructblip-vicuna-7b,M_dot,0,5.80371876809746,2,2901.85938404873,500,500,1.0
evqa-pilot500,instructblip-vicuna-7b,M_dot,11,3.140549798689783,3,1570.2748993448913,500,500,1.0
evqa-pilot500,instructblip-vicuna-7b,M_dot,9,3.128443951062858,4,1564.221975531429,500,500,1.0
evqa-pilot500,instructblip-vicuna-7b,M_dot,10,3.1246949489489197,5,1562.34747447446,500,500,1.0
evqa-pilot500,instructblip-vicuna-7b,M_dot,8,3.084065896362066,6,1542.0329481810331,500,500,1.0
evqa-pilot500,instructblip-vicuna-7b,M_dot,12,3.0808239365816115,7,1540.4119682908058,500,500,1.0
evqa-pilot500,instructblip-vicuna-7b,M_dot,7,2.995431626163423,8,1497.7158130817115,500,500,1.0
evqa-pilot500,instructblip-vicuna-7b,M_dot,13,2.9720612783320246,9,1486.0306391660124,500,500,1.0
evqa-pilot500,instructblip-vicuna-7b,M_dot,6,2.9623611685335636,10,1481.1805842667818,500,500,1.0
evqa-pilot500,instructblip-vicuna-7b,M_dot,3,2.9376669227816166,11,1468.8334613908082,500,500,1.0
evqa-pilot500,instructblip-vicuna-7b,M_dot,5,2.9338992962241175,12,1466.9496481120586,500,500,1.0
evqa-pilot500,instructblip-vicuna-7b,M_dot,4,2.925125337641686,13,1462.562668820843,500,500,1.0
evqa-pilot500,instructblip-vicuna-7b,M_dot,2,2.910924309670925,14,1455.4621548354626,500,500,1.0
evqa-pilot500,instructblip-vicuna-7b,M_dot,14,2.864671079366468,15,1432.335539683234,500,500,1.0
evqa-pilot500,instructblip-vicuna-7b,M_dot,15,2.6410712306401694,16,1320.5356153200846,500,500,1.0
evqa-pilot500,instructblip-vicuna-7b,M_dot,16,2.3801199847776444,17,1190.0599923888221,500,500,1.0
evqa-pilot500,instructblip-vicuna-7b,M_dot,17,2.1596752688195555,18,1079.8376344097778,500,500,1.0
evqa-pilot500,instructblip-vicuna-7b,M_dot,18,1.90910335836187,19,954.551679180935,500,500,1.0
evqa-pilot500,instructblip-vicuna-7b,M_dot,19,1.6470252175461502,20,823.512608773075,500,500,1.0
evqa-pilot500,instructblip-vicuna-7b,M_dot,20,1.4278943733619527,21,713.9471866809763,500,500,1.0
evqa-pilot500,instructblip-vicuna-7b,M_dot,21,1.2243643204914405,22,612.1821602457203,500,500,1.0
evqa-pilot500,instructblip-vicuna-7b,M_dot,22,1.0155403500846587,23,507.77017504232936,500,500,1.0
evqa-pilot500,instructblip-vicuna-7b,M_dot,23,0.7924680770800915,24,396.23403854004573,500,500,1.0
evqa-pilot500,instructblip-vicuna-7b,M_dot,24,0.641199550786987,25,320.5997753934935,500,500,1.0
evqa-pilot500,instructblip-vicuna-7b,M_dot,25,0.45068163946364076,26,225.34081973182037,500,500,1.0
evqa-pilot500,instructblip-vicuna-7b,M_dot,26,0.31883116547868123,27,159.4155827393406,500,500,1.0
evqa-pilot500,instructblip-vicuna-7b,M_dot,27,0.24173295165365563,28,120.86647582682781,500,500,1.0
evqa-pilot500,instructblip-vicuna-7b,M_dot,28,0.1288694464333821,29,64.43472321669105,500,500,1.0
evqa-pilot500,instructblip-vicuna-7b,M_dot,29,0.10392921789293177,30,51.96460894646589,500,500,1.0
evqa-pilot500,instructblip-vicuna-7b,M_dot,30,0.08877876095352985,31,44.38938047676493,500,500,1.0
evqa-pilot500,instructblip-vicuna-7b,M_abscos_x_newn,1,1.9666540608368301,1,,500,500,1.0
evqa-pilot500,instructblip-vicuna-7b,M_abscos_x_newn,0,1.9330019614953051,2,,500,500,1.0
evqa-pilot500,instructblip-vicuna-7b,M_abscos_x_newn,11,1.4397893684800267,3,,500,500,1.0
evqa-pilot500,instructblip-vicuna-7b,M_abscos_x_newn,9,1.4376887137486838,4,,500,500,1.0
evqa-pilot500,instructblip-vicuna-7b,M_abscos_x_newn,10,1.436509465309581,5,,500,500,1.0
evqa-pilot500,instructblip-vicuna-7b,M_abscos_x_newn,8,1.427562111759308,6,,500,500,1.0
evqa-pilot500,instructblip-vicuna-7b,M_abscos_x_newn,12,1.4258991190815684,7,,500,500,1.0
evqa-pilot500,instructblip-vicuna-7b,M_abscos_x_newn,7,1.4070969599241563,8,,500,500,1.0
evqa-pilot500,instructblip-vicuna-7b,M_abscos_x_newn,13,1.400353502900449,9,,500,500,1.0
evqa-pilot500,instructblip-vicuna-7b,M_abscos_x_newn,6,1.3993156912309377,10,,500,500,1.0
evqa-pilot500,instructblip-vicuna-7b,M_abscos_x_newn,3,1.3936997297593139,11,,500,500,1.0
evqa-pilot500,instructblip-vicuna-7b,M_abscos_x_newn,5,1.39296925284149,12,,500,500,1.0
evqa-pilot500,instructblip-vicuna-7b,M_abscos_x_newn,4,1.3910139609440078,13,,500,500,1.0
evqa-pilot500,instructblip-vicuna-7b,M_abscos_x_newn,2,1.3873165497182638,14,,500,500,1.0
evqa-pilot500,instructblip-vicuna-7b,M_abscos_x_newn,14,1.3744862477335185,15,,500,500,1.0
evqa-pilot500,instructblip-vicuna-7b,M_abscos_x_newn,15,1.3203067957742372,16,,500,500,1.0
evqa-pilot500,instructblip-vicuna-7b,M_abscos_x_newn,16,1.2531149676263378,17,,500,500,1.0
evqa-pilot500,instructblip-vicuna-7b,M_abscos_x_newn,17,1.19395775887187,18,,500,500,1.0
evqa-pilot500,instructblip-vicuna-7b,M_abscos_x_newn,18,1.122004394215877,19,,500,500,1.0
evqa-pilot500,instructblip-vicuna-7b,M_abscos_x_newn,19,1.041278402179299,20,,500,500,1.0
evqa-pilot500,instructblip-vicuna-7b,M_abscos_x_newn,20,0.9692135987028512,21,,500,500,1.0
evqa-pilot500,instructblip-vicuna-7b,M_abscos_x_newn,21,0.8969941127469621,22,,500,500,1.0
evqa-pilot500,instructblip-vicuna-7b,M_abscos_x_newn,22,0.8157922585153284,23,,500,500,1.0
evqa-pilot500,instructblip-vicuna-7b,M_abscos_x_newn,23,0.716739651539959,24,,500,500,1.0
evqa-pilot500,instructblip-vicuna-7b,M_abscos_x_newn,24,0.645170620385093,25,,500,500,1.0
evqa-pilot500,instructblip-vicuna-7b,M_abscos_x_newn,25,0.5372179489912045,26,,500,500,1.0
evqa-pilot500,instructblip-vicuna-7b,M_abscos_x_newn,26,0.4521613873284201,27,,500,500,1.0
evqa-pilot500,instructblip-vicuna-7b,M_abscos_x_newn,27,0.3927419083073871,28,,500,500,1.0
evqa-pilot500,instructblip-vicuna-7b,M_abscos_x_newn,28,0.2846372444027622,29,,500,500,1.0
evqa-pilot500,instructblip-vicuna-7b,M_abscos_x_newn,29,0.25517369906441567,30,,500,500,1.0
evqa-pilot500,instructblip-vicuna-7b,M_abscos_x_newn,30,0.23389174898968515,31,,500,500,1.0
evqa-pilot500,llava-v1.5-7b,M_dot,30,-7.017553242203434e-07,1,-0.0003508776621101717,500,500,1.0
evqa-pilot500,llava-v1.5-7b,M_dot,29,-1.8660033436241895e-06,2,-0.0009330016718120948,500,500,1.0
evqa-pilot500,llava-v1.5-7b,M_dot,28,-1.7370750082181806e-05,3,-0.008685375041090904,500,500,1.0
evqa-pilot500,llava-v1.5-7b,M_dot,27,-3.327305422491911e-05,4,-0.016636527112459554,500,500,1.0
evqa-pilot500,llava-v1.5-7b,M_dot,26,-3.539563287968317e-05,5,-0.017697816439841585,500,500,1.0
evqa-pilot500,llava-v1.5-7b,M_dot,25,-5.532838708612964e-05,6,-0.02766419354306482,500,500,1.0
evqa-pilot500,llava-v1.5-7b,M_dot,24,-0.00010062476989958303,7,-0.05031238494979151,500,500,1.0
evqa-pilot500,llava-v1.5-7b,M_dot,23,-0.00018949883169181315,8,-0.09474941584590657,500,500,1.0
evqa-pilot500,llava-v1.5-7b,M_dot,22,-0.0002014740705731084,9,-0.1007370352865542,500,500,1.0
evqa-pilot500,llava-v1.5-7b,M_dot,21,-0.0002205867529296679,10,-0.11029337646483395,500,500,1.0
evqa-pilot500,llava-v1.5-7b,M_dot,20,-0.00040330586864891594,11,-0.20165293432445797,500,500,1.0
evqa-pilot500,llava-v1.5-7b,M_dot,19,-0.00061185661468107,12,-0.305928307340535,500,500,1.0
evqa-pilot500,llava-v1.5-7b,M_dot,18,-0.000630976939511946,13,-0.315488469755973,500,500,1.0
evqa-pilot500,llava-v1.5-7b,M_dot,17,-0.0010186109664230205,14,-0.5093054832115103,500,500,1.0
evqa-pilot500,llava-v1.5-7b,M_dot,16,-0.0019305356643843689,15,-0.9652678321921844,500,500,1.0
evqa-pilot500,llava-v1.5-7b,M_dot,15,-0.002406927734939956,16,-1.2034638674699778,500,500,1.0
evqa-pilot500,llava-v1.5-7b,M_dot,14,-0.0031251508331677086,17,-1.5625754165838543,500,500,1.0
evqa-pilot500,llava-v1.5-7b,M_dot,12,-0.007930808426097884,18,-3.965404213048942,500,500,1.0
evqa-pilot500,llava-v1.5-7b,M_dot,13,-0.00903652191748641,19,-4.518260958743205,500,500,1.0
evqa-pilot500,llava-v1.5-7b,M_dot,11,-0.009709159863564765,20,-4.854579931782382,500,500,1.0
evqa-pilot500,llava-v1.5-7b,M_dot,10,-0.016927435673829677,21,-8.463717836914839,500,500,1.0
evqa-pilot500,llava-v1.5-7b,M_dot,9,-0.025690839832848724,22,-12.845419916424362,500,500,1.0
evqa-pilot500,llava-v1.5-7b,M_dot,1,-0.03373600799963606,23,-16.86800399981803,500,500,1.0
evqa-pilot500,llava-v1.5-7b,M_dot,0,-0.03409573818958961,24,-17.047869094794805,500,500,1.0
evqa-pilot500,llava-v1.5-7b,M_dot,2,-0.034266856593781994,25,-17.133428296890997,500,500,1.0
evqa-pilot500,llava-v1.5-7b,M_dot,3,-0.03516956037412092,26,-17.58478018706046,500,500,1.0
evqa-pilot500,llava-v1.5-7b,M_dot,4,-0.03599541656762449,27,-17.997708283812244,500,500,1.0
evqa-pilot500,llava-v1.5-7b,M_dot,8,-0.03696056089222475,28,-18.480280446112374,500,500,1.0
evqa-pilot500,llava-v1.5-7b,M_dot,5,-0.03847274960942741,29,-19.236374804713705,500,500,1.0
evqa-pilot500,llava-v1.5-7b,M_dot,6,-0.03931461194188523,30,-19.657305970942616,500,500,1.0
evqa-pilot500,llava-v1.5-7b,M_dot,7,-0.04039930096783792,31,-20.19965048391896,500,500,1.0
evqa-pilot500,llava-v1.5-7b,M_abscos_x_newn,0,0.02088496344418288,1,,500,500,1.0
evqa-pilot500,llava-v1.5-7b,M_abscos_x_newn,1,0.020089016350667604,2,,500,500,1.0
evqa-pilot500,llava-v1.5-7b,M_abscos_x_newn,2,0.018646404299169445,3,,500,500,1.0
evqa-pilot500,llava-v1.5-7b,M_abscos_x_newn,3,0.018079586816554933,4,,500,500,1.0
evqa-pilot500,llava-v1.5-7b,M_abscos_x_newn,4,0.016324124747496494,5,,500,500,1.0
evqa-pilot500,llava-v1.5-7b,M_abscos_x_newn,5,0.0160817577676705,6,,500,500,1.0
evqa-pilot500,llava-v1.5-7b,M_abscos_x_newn,6,0.015182008517507804,7,,500,500,1.0
evqa-pilot500,llava-v1.5-7b,M_abscos_x_newn,7,0.015038987583572572,8,,500,500,1.0
evqa-pilot500,llava-v1.5-7b,M_abscos_x_newn,8,0.014297120995366437,9,,500,500,1.0
evqa-pilot500,llava-v1.5-7b,M_abscos_x_newn,9,0.012912082547667738,10,,500,500,1.0
evqa-pilot500,llava-v1.5-7b,M_abscos_x_newn,10,0.012088044930247887,11,,500,500,1.0
evqa-pilot500,llava-v1.5-7b,M_abscos_x_newn,15,0.011128844538594354,12,,500,500,1.0
evqa-pilot500,llava-v1.5-7b,M_abscos_x_newn,14,0.010752361839722035,13,,500,500,1.0
evqa-pilot500,llava-v1.5-7b,M_abscos_x_newn,12,0.010350680813731777,14,,500,500,1.0
evqa-pilot500,llava-v1.5-7b,M_abscos_x_newn,11,0.010340412168640237,15,,500,500,1.0
evqa-pilot500,llava-v1.5-7b,M_abscos_x_newn,16,0.0101007534954426,16,,500,500,1.0
evqa-pilot500,llava-v1.5-7b,M_abscos_x_newn,17,0.00965305843711607,17,,500,500,1.0
evqa-pilot500,llava-v1.5-7b,M_abscos_x_newn,13,0.009437932412766397,18,,500,500,1.0
evqa-pilot500,llava-v1.5-7b,M_abscos_x_newn,18,0.00651425442675112,19,,500,500,1.0
evqa-pilot500,llava-v1.5-7b,M_abscos_x_newn,19,0.005434914739996848,20,,500,500,1.0
evqa-pilot500,llava-v1.5-7b,M_abscos_x_newn,20,0.004798862290037267,21,,500,500,1.0
evqa-pilot500,llava-v1.5-7b,M_abscos_x_newn,21,0.0041249720838167706,22,,500,500,1.0
evqa-pilot500,llava-v1.5-7b,M_abscos_x_newn,22,0.0035178773158235244,23,,500,500,1.0
evqa-pilot500,llava-v1.5-7b,M_abscos_x_newn,23,0.003223636093226205,24,,500,500,1.0
evqa-pilot500,llava-v1.5-7b,M_abscos_x_newn,24,0.0030688636930590505,25,,500,500,1.0
evqa-pilot500,llava-v1.5-7b,M_abscos_x_newn,25,0.00267013795148449,26,,500,500,1.0
evqa-pilot500,llava-v1.5-7b,M_abscos_x_newn,26,0.0020077274394996103,27,,500,500,1.0
evqa-pilot500,llava-v1.5-7b,M_abscos_x_newn,27,0.001909947900778558,28,,500,500,1.0
evqa-pilot500,llava-v1.5-7b,M_abscos_x_newn,28,0.0013863534936558702,29,,500,500,1.0
evqa-pilot500,llava-v1.5-7b,M_abscos_x_newn,29,0.0006253480718056821,30,,500,500,1.0
evqa-pilot500,llava-v1.5-7b,M_abscos_x_newn,30,0.0006032189574623762,31,,500,500,1.0
evqa-pilot500,minigpt-4-vicuna-7b,M_dot,8,4.1982453164413227e-05,1,0.0209492441290422,499,500,0.998
evqa-pilot500,minigpt-4-vicuna-7b,M_dot,18,4.0769993480163596e-05,2,0.020344226746601635,499,500,0.998
evqa-pilot500,minigpt-4-vicuna-7b,M_dot,16,3.8724291177326185e-05,3,0.019323421297485766,499,500,0.998
evqa-pilot500,minigpt-4-vicuna-7b,M_dot,17,3.853521420815141e-05,4,0.019229071889867555,499,500,0.998
evqa-pilot500,minigpt-4-vicuna-7b,M_dot,7,3.675522357061235e-05,5,0.018340856561735563,499,500,0.998
evqa-pilot500,minigpt-4-vicuna-7b,M_dot,19,2.9447516330473224e-05,6,0.01469431064890614,499,500,0.998
evqa-pilot500,minigpt-4-vicuna-7b,M_dot,9,2.131674170299218e-05,7,0.010637054109793098,499,500,0.998
evqa-pilot500,minigpt-4-vicuna-7b,M_dot,21,1.948125037836622e-05,8,0.009721143938804744,499,500,0.998
evqa-pilot500,minigpt-4-vicuna-7b,M_dot,11,1.8989573202894618e-05,9,0.009475797028244415,499,500,0.998
evqa-pilot500,minigpt-4-vicuna-7b,M_dot,20,1.8888927606967773e-05,10,0.009425574875876919,499,500,0.998
evqa-pilot500,minigpt-4-vicuna-7b,M_dot,10,1.8654998547971697e-05,11,0.009308844275437878,499,500,0.998
evqa-pilot500,minigpt-4-vicuna-7b,M_dot,15,1.766193125929672e-05,12,0.008813303698389063,499,500,0.998
evqa-pilot500,minigpt-4-vicuna-7b,M_dot,22,1.1195057201925255e-05,13,0.005586333543760702,499,500,0.998
evqa-pilot500,minigpt-4-vicuna-7b,M_dot,14,1.0760376780835539e-05,14,0.005369428013636934,499,500,0.998
evqa-pilot500,minigpt-4-vicuna-7b,M_dot,6,1.0709382591240448e-05,15,0.005343981913028983,499,500,0.998
evqa-pilot500,minigpt-4-vicuna-7b,M_dot,12,5.56004793243611e-06,16,0.002774463918285619,499,500,0.998
evqa-pilot500,minigpt-4-vicuna-7b,M_dot,5,5.453142577921143e-06,17,0.0027211181463826506,499,500,0.998
evqa-pilot500,minigpt-4-vicuna-7b,M_dot,1,1.8084170926544948e-06,18,0.0009024001292345929,499,500,0.998
evqa-pilot500,minigpt-4-vicuna-7b,M_dot,0,1.1016124639598763e-06,19,0.0005497046195159783,499,500,0.998
evqa-pilot500,minigpt-4-vicuna-7b,M_dot,3,-8.595665411245384e-09,20,-4.289237040211447e-06,499,500,0.998
evqa-pilot500,minigpt-4-vicuna-7b,M_dot,2,-1.1932196245683433e-06,21,-0.0005954165926596033,499,500,0.998
evqa-pilot500,minigpt-4-vicuna-7b,M_dot,4,-1.3389947349070302e-06,22,-0.000668158372718608,499,500,0.998
evqa-pilot500,minigpt-4-vicuna-7b,M_dot,13,-2.1323761987793673e-06,23,-0.0010640557231909042,499,500,0.998
evqa-pilot500,minigpt-4-vicuna-7b,M_dot,26,-7.665231011632165e-06,24,-0.00382495027480445,499,500,0.998
evqa-pilot500,minigpt-4-vicuna-7b,M_dot,30,-9.037416390754858e-06,25,-0.004509670778986674,499,500,0.998
evqa-pilot500,minigpt-4-vicuna-7b,M_dot,29,-1.2279982221384753e-05,26,-0.006127711128470992,499,500,0.998
evqa-pilot500,minigpt-4-vicuna-7b,M_dot,28,-1.6077664804971485e-05,27,-0.00802275473768077,499,500,0.998
evqa-pilot500,minigpt-4-vicuna-7b,M_dot,23,-2.0602680931228395e-05,28,-0.01028073778468297,499,500,0.998
evqa-pilot500,minigpt-4-vicuna-7b,M_dot,25,-2.0837957747116085e-05,29,-0.010398140915810927,499,500,0.998
evqa-pilot500,minigpt-4-vicuna-7b,M_dot,27,-2.251338300542564e-05,30,-0.011234178119707394,499,500,0.998
evqa-pilot500,minigpt-4-vicuna-7b,M_dot,24,-3.528403395355422e-05,31,-0.017606732942823555,499,500,0.998
evqa-pilot500,minigpt-4-vicuna-7b,M_abscos_x_newn,18,0.004204471253774694,1,,499,500,0.998
evqa-pilot500,minigpt-4-vicuna-7b,M_abscos_x_newn,19,0.0035286199017935775,2,,499,500,0.998
evqa-pilot500,minigpt-4-vicuna-7b,M_abscos_x_newn,16,0.0034706106692874786,3,,499,500,0.998
evqa-pilot500,minigpt-4-vicuna-7b,M_abscos_x_newn,17,0.0034470763104582735,4,,499,500,0.998
evqa-pilot500,minigpt-4-vicuna-7b,M_abscos_x_newn,21,0.0031387338634944243,5,,499,500,0.998
evqa-pilot500,minigpt-4-vicuna-7b,M_abscos_x_newn,20,0.0030807491106362296,6,,499,500,0.998
evqa-pilot500,minigpt-4-vicuna-7b,M_abscos_x_newn,8,0.002959478914888449,7,,499,500,0.998
evqa-pilot500,minigpt-4-vicuna-7b,M_abscos_x_newn,7,0.002805711197912203,8,,499,500,0.998
evqa-pilot500,minigpt-4-vicuna-7b,M_abscos_x_newn,22,0.0027050597061531127,9,,499,500,0.998
evqa-pilot500,minigpt-4-vicuna-7b,M_abscos_x_newn,15,0.002702802181025097,10,,499,500,0.998
evqa-pilot500,minigpt-4-vicuna-7b,M_abscos_x_newn,9,0.0025188968320641932,11,,499,500,0.998
evqa-pilot500,minigpt-4-vicuna-7b,M_abscos_x_newn,10,0.0025175061217965157,12,,499,500,0.998
evqa-pilot500,minigpt-4-vicuna-7b,M_abscos_x_newn,11,0.0024156159206336044,13,,499,500,0.998
evqa-pilot500,minigpt-4-vicuna-7b,M_abscos_x_newn,14,0.002329031444484738,14,,499,500,0.998
evqa-pilot500,minigpt-4-vicuna-7b,M_abscos_x_newn,1,0.0021663246881850192,15,,499,500,0.998
evqa-pilot500,minigpt-4-vicuna-7b,M_abscos_x_newn,0,0.002151500861966428,16,,499,500,0.998
evqa-pilot500,minigpt-4-vicuna-7b,M_abscos_x_newn,12,0.0021506508294418486,17,,499,500,0.998
evqa-pilot500,minigpt-4-vicuna-7b,M_abscos_x_newn,2,0.002007112332032559,18,,499,500,0.998
evqa-pilot500,minigpt-4-vicuna-7b,M_abscos_x_newn,3,0.0018858979636719305,19,,499,500,0.998
evqa-pilot500,minigpt-4-vicuna-7b,M_abscos_x_newn,13,0.0018468572959900523,20,,499,500,0.998
evqa-pilot500,minigpt-4-vicuna-7b,M_abscos_x_newn,6,0.0017869136476322887,21,,499,500,0.998
evqa-pilot500,minigpt-4-vicuna-7b,M_abscos_x_newn,5,0.0017623160197503373,22,,499,500,0.998
evqa-pilot500,minigpt-4-vicuna-7b,M_abscos_x_newn,4,0.0017494665396747525,23,,499,500,0.998
evqa-pilot500,minigpt-4-vicuna-7b,M_abscos_x_newn,28,0.0012536863870311065,24,,499,500,0.998
evqa-pilot500,minigpt-4-vicuna-7b,M_abscos_x_newn,24,0.001206168190803932,25,,499,500,0.998
evqa-pilot500,minigpt-4-vicuna-7b,M_abscos_x_newn,29,0.0011768564738029229,26,,499,500,0.998
evqa-pilot500,minigpt-4-vicuna-7b,M_abscos_x_newn,27,0.001169340219763388,27,,499,500,0.998
evqa-pilot500,minigpt-4-vicuna-7b,M_abscos_x_newn,30,0.0009929547852656343,28,,499,500,0.998
evqa-pilot500,minigpt-4-vicuna-7b,M_abscos_x_newn,25,0.0008518516128538168,29,,499,500,0.998
evqa-pilot500,minigpt-4-vicuna-7b,M_abscos_x_newn,26,0.0004733081268439828,30,,499,500,0.998
evqa-pilot500,minigpt-4-vicuna-7b,M_abscos_x_newn,23,0.00020617132230745804,31,,499,500,0.998
evqa-pilot500,paligemma-3b,M_dot,5,0.04458471402572468,1,22.29235701286234,500,500,1.0
evqa-pilot500,paligemma-3b,M_dot,4,0.044328455998023854,2,22.164227999011928,500,500,1.0
evqa-pilot500,paligemma-3b,M_dot,3,0.03630153691081796,3,18.15076845540898,500,500,1.0
evqa-pilot500,paligemma-3b,M_dot,6,0.030924882543637067,4,15.462441271818534,500,500,1.0
evqa-pilot500,paligemma-3b,M_dot,7,0.029555755288980436,5,14.777877644490218,500,500,1.0
evqa-pilot500,paligemma-3b,M_dot,2,0.026455789389437996,6,13.227894694718998,500,500,1.0
evqa-pilot500,paligemma-3b,M_dot,1,0.02012453862835537,7,10.062269314177684,500,500,1.0
evqa-pilot500,paligemma-3b,M_dot,8,0.015667694539049988,8,7.833847269524994,500,500,1.0
evqa-pilot500,paligemma-3b,M_dot,0,0.014567591252402054,9,7.283795626201027,500,500,1.0
evqa-pilot500,paligemma-3b,M_dot,9,0.010617302583446871,10,5.308651291723436,500,500,1.0
evqa-pilot500,paligemma-3b,M_dot,10,0.004918519950751943,11,2.4592599753759714,500,500,1.0
evqa-pilot500,paligemma-3b,M_dot,11,0.001806752171876269,12,0.9033760859381346,500,500,1.0
evqa-pilot500,paligemma-3b,M_dot,12,0.000765151958500951,13,0.3825759792504755,500,500,1.0
evqa-pilot500,paligemma-3b,M_dot,13,0.0005918250843417923,14,0.29591254217089613,500,500,1.0
evqa-pilot500,paligemma-3b,M_dot,14,8.861147503029088e-05,15,0.04430573751514544,500,500,1.0
evqa-pilot500,paligemma-3b,M_dot,15,2.350392608634877e-05,16,0.011751963043174385,500,500,1.0
evqa-pilot500,paligemma-3b,M_dot,16,1.2581595393719169e-06,17,0.0006290797696859585,500,500,1.0
evqa-pilot500,paligemma-3b,M_abscos_x_newn,5,0.14916662145669055,1,,500,500,1.0
evqa-pilot500,paligemma-3b,M_abscos_x_newn,4,0.1464492708889142,2,,500,500,1.0
evqa-pilot500,paligemma-3b,M_abscos_x_newn,3,0.1307155997850365,3,,500,500,1.0
evqa-pilot500,paligemma-3b,M_abscos_x_newn,6,0.11741859215179845,4,,500,500,1.0
evqa-pilot500,paligemma-3b,M_abscos_x_newn,7,0.11433671968623718,5,,500,500,1.0
evqa-pilot500,paligemma-3b,M_abscos_x_newn,2,0.11153214804266823,6,,500,500,1.0
evqa-pilot500,paligemma-3b,M_abscos_x_newn,1,0.09574812876633886,7,,500,500,1.0
evqa-pilot500,paligemma-3b,M_abscos_x_newn,0,0.0803899052100075,8,,500,500,1.0
evqa-pilot500,paligemma-3b,M_abscos_x_newn,8,0.07935830761560168,9,,500,500,1.0
evqa-pilot500,paligemma-3b,M_abscos_x_newn,9,0.05630634490966165,10,,500,500,1.0
evqa-pilot500,paligemma-3b,M_abscos_x_newn,10,0.03568162635655891,11,,500,500,1.0
evqa-pilot500,paligemma-3b,M_abscos_x_newn,11,0.02322415682691033,12,,500,500,1.0
evqa-pilot500,paligemma-3b,M_abscos_x_newn,12,0.013578871555060046,13,,500,500,1.0
evqa-pilot500,paligemma-3b,M_abscos_x_newn,13,0.011042852118703757,14,,500,500,1.0
evqa-pilot500,paligemma-3b,M_abscos_x_newn,14,0.004444898415407191,15,,500,500,1.0
evqa-pilot500,paligemma-3b,M_abscos_x_newn,15,0.0023528294037815653,16,,500,500,1.0
evqa-pilot500,paligemma-3b,M_abscos_x_newn,16,0.0007675086848033467,17,,500,500,1.0
evqa-pilot500,qwen2.5-vl-3b,M_dot,6,0.0018552311836285754,1,0.9276155918142877,500,500,1.0
evqa-pilot500,qwen2.5-vl-3b,M_dot,5,0.0017194594536183558,2,0.8597297268091779,500,500,1.0
evqa-pilot500,qwen2.5-vl-3b,M_dot,7,0.0016824694628643328,3,0.8412347314321664,500,500,1.0
evqa-pilot500,qwen2.5-vl-3b,M_dot,11,0.0015447779424222858,4,0.7723889712111429,500,500,1.0
evqa-pilot500,qwen2.5-vl-3b,M_dot,9,0.0015287060051217907,5,0.7643530025608953,500,500,1.0
evqa-pilot500,qwen2.5-vl-3b,M_dot,10,0.0015018185594671536,6,0.7509092797335768,500,500,1.0
evqa-pilot500,qwen2.5-vl-3b,M_dot,12,0.0014572417688924304,7,0.7286208844462152,500,500,1.0
evqa-pilot500,qwen2.5-vl-3b,M_dot,4,0.0014200296662386762,8,0.7100148331193381,500,500,1.0
evqa-pilot500,qwen2.5-vl-3b,M_dot,8,0.001298874100889691,9,0.6494370504448455,500,500,1.0
evqa-pilot500,qwen2.5-vl-3b,M_dot,13,0.0012210930246552606,10,0.6105465123276304,500,500,1.0
evqa-pilot500,qwen2.5-vl-3b,M_dot,14,0.0010273136598119663,11,0.5136568299059832,500,500,1.0
evqa-pilot500,qwen2.5-vl-3b,M_dot,15,0.0010263238825724556,12,0.5131619412862278,500,500,1.0
evqa-pilot500,qwen2.5-vl-3b,M_dot,16,0.0009855332113782396,13,0.4927666056891198,500,500,1.0
evqa-pilot500,qwen2.5-vl-3b,M_dot,3,0.0009204851630644839,14,0.46024258153224196,500,500,1.0
evqa-pilot500,qwen2.5-vl-3b,M_dot,2,0.0007833536842598505,15,0.39167684212992526,500,500,1.0
evqa-pilot500,qwen2.5-vl-3b,M_dot,17,0.0006893536807084998,16,0.34467684035424995,500,500,1.0
evqa-pilot500,qwen2.5-vl-3b,M_dot,1,0.0006149959056944709,17,0.30749795284723547,500,500,1.0
evqa-pilot500,qwen2.5-vl-3b,M_dot,18,0.0005394502786420787,18,0.26972513932103936,500,500,1.0
evqa-pilot500,qwen2.5-vl-3b,M_dot,20,0.00040373590033438236,19,0.20186795016719117,500,500,1.0
evqa-pilot500,qwen2.5-vl-3b,M_dot,0,0.0003575577870953168,20,0.1787788935476584,500,500,1.0
evqa-pilot500,qwen2.5-vl-3b,M_dot,19,0.0003571189560931174,21,0.1785594780465587,500,500,1.0
evqa-pilot500,qwen2.5-vl-3b,M_dot,21,0.00023872150360156752,22,0.11936075180078376,500,500,1.0
evqa-pilot500,qwen2.5-vl-3b,M_dot,22,0.000190774609068189,23,0.0953873045340945,500,500,1.0
evqa-pilot500,qwen2.5-vl-3b,M_dot,23,7.656147437784355e-05,24,0.038280737188921776,500,500,1.0
evqa-pilot500,qwen2.5-vl-3b,M_dot,24,5.410624069420322e-05,25,0.02705312034710161,500,500,1.0
evqa-pilot500,qwen2.5-vl-3b,M_dot,25,1.9242502668355145e-05,26,0.009621251334177572,500,500,1.0
evqa-pilot500,qwen2.5-vl-3b,M_dot,27,1.7574212790703926e-05,27,0.008787106395351962,500,500,1.0
evqa-pilot500,qwen2.5-vl-3b,M_dot,26,1.5387080011084465e-05,28,0.007693540005542233,500,500,1.0
evqa-pilot500,qwen2.5-vl-3b,M_dot,28,5.090696337480161e-06,29,0.0025453481687400803,500,500,1.0
evqa-pilot500,qwen2.5-vl-3b,M_dot,29,3.567607012624485e-06,30,0.0017838035063122426,500,500,1.0
evqa-pilot500,qwen2.5-vl-3b,M_dot,33,1.019386637622792e-06,31,0.000509693318811396,500,500,1.0
evqa-pilot500,qwen2.5-vl-3b,M_dot,34,1.6088288902220764e-07,32,8.044144451110381e-05,500,500,1.0
evqa-pilot500,qwen2.5-vl-3b,M_dot,32,-1.5988372594556432e-06,33,-0.0007994186297278216,500,500,1.0
evqa-pilot500,qwen2.5-vl-3b,M_dot,31,-4.499192809580776e-06,34,-0.0022495964047903882,500,500,1.0
evqa-pilot500,qwen2.5-vl-3b,M_dot,30,-9.904976883991168e-06,35,-0.004952488441995584,500,500,1.0
evqa-pilot500,qwen2.5-vl-3b,M_abscos_x_newn,21,0.005887999033381404,1,,500,500,1.0
evqa-pilot500,qwen2.5-vl-3b,M_abscos_x_newn,19,0.005741935494162905,2,,500,500,1.0
evqa-pilot500,qwen2.5-vl-3b,M_abscos_x_newn,17,0.005591912646956958,3,,500,500,1.0
evqa-pilot500,qwen2.5-vl-3b,M_abscos_x_newn,20,0.005449594366866703,4,,500,500,1.0
evqa-pilot500,qwen2.5-vl-3b,M_abscos_x_newn,18,0.00544082228265626,5,,500,500,1.0
evqa-pilot500,qwen2.5-vl-3b,M_abscos_x_newn,22,0.005367200147370748,6,,500,500,1.0
evqa-pilot500,qwen2.5-vl-3b,M_abscos_x_newn,23,0.004730222372302684,7,,500,500,1.0
evqa-pilot500,qwen2.5-vl-3b,M_abscos_x_newn,24,0.004606422118602885,8,,500,500,1.0
evqa-pilot500,qwen2.5-vl-3b,M_abscos_x_newn,14,0.004503408593515766,9,,500,500,1.0
evqa-pilot500,qwen2.5-vl-3b,M_abscos_x_newn,16,0.00427400574385652,10,,500,500,1.0
evqa-pilot500,qwen2.5-vl-3b,M_abscos_x_newn,15,0.0042494950447159304,11,,500,500,1.0
evqa-pilot500,qwen2.5-vl-3b,M_abscos_x_newn,25,0.003905153774806664,12,,500,500,1.0
evqa-pilot500,qwen2.5-vl-3b,M_abscos_x_newn,26,0.003734292807731167,13,,500,500,1.0
evqa-pilot500,qwen2.5-vl-3b,M_abscos_x_newn,8,0.00296026381111145,14,,500,500,1.0
evqa-pilot500,qwen2.5-vl-3b,M_abscos_x_newn,27,0.0029016327706086007,15,,500,500,1.0
evqa-pilot500,qwen2.5-vl-3b,M_abscos_x_newn,0,0.002441270408091086,16,,500,500,1.0
evqa-pilot500,qwen2.5-vl-3b,M_abscos_x_newn,2,0.0024192481188165782,17,,500,500,1.0
evqa-pilot500,qwen2.5-vl-3b,M_abscos_x_newn,28,0.002308030751578714,18,,500,500,1.0
evqa-pilot500,qwen2.5-vl-3b,M_abscos_x_newn,3,0.0021505224070014015,19,,500,500,1.0
evqa-pilot500,qwen2.5-vl-3b,M_abscos_x_newn,1,0.0019863046920121745,20,,500,500,1.0
evqa-pilot500,qwen2.5-vl-3b,M_abscos_x_newn,9,0.0019316354050968475,21,,500,500,1.0
evqa-pilot500,qwen2.5-vl-3b,M_abscos_x_newn,29,0.0018498670038275022,22,,500,500,1.0
evqa-pilot500,qwen2.5-vl-3b,M_abscos_x_newn,4,0.0017647878257679003,23,,500,500,1.0
evqa-pilot500,qwen2.5-vl-3b,M_abscos_x_newn,7,0.0015084878566017667,24,,500,500,1.0
evqa-pilot500,qwen2.5-vl-3b,M_abscos_x_newn,5,0.0014631145676184123,25,,500,500,1.0
evqa-pilot500,qwen2.5-vl-3b,M_abscos_x_newn,6,0.0011952592848342035,26,,500,500,1.0
evqa-pilot500,qwen2.5-vl-3b,M_abscos_x_newn,30,0.0009420118163522825,27,,500,500,1.0
evqa-pilot500,qwen2.5-vl-3b,M_abscos_x_newn,10,0.0007733588270293268,28,,500,500,1.0
evqa-pilot500,qwen2.5-vl-3b,M_abscos_x_newn,13,0.0002659370161337749,29,,500,500,1.0
evqa-pilot500,qwen2.5-vl-3b,M_abscos_x_newn,31,0.0002575266863272939,30,,500,500,1.0
evqa-pilot500,qwen2.5-vl-3b,M_abscos_x_newn,11,0.00023425322424241264,31,,500,500,1.0
evqa-pilot500,qwen2.5-vl-3b,M_abscos_x_newn,12,0.0002329041961672557,32,,500,500,1.0
evqa-pilot500,qwen2.5-vl-3b,M_abscos_x_newn,33,7.269062832411428e-05,33,,500,500,1.0
evqa-pilot500,qwen2.5-vl-3b,M_abscos_x_newn,34,2.7732192159963724e-05,34,,500,500,1.0
evqa-pilot500,qwen2.5-vl-3b,M_abscos_x_newn,32,2.4747119820013932e-05,35,,500,500,1.0
evqa-pilot500,smolvlm-1.7b,M_dot,22,-2.0334677990039297e-06,1,-0.0010167338995019648,500,500,1.0
evqa-pilot500,smolvlm-1.7b,M_dot,21,-2.1795883783330082e-05,2,-0.010897941891665042,500,500,1.0
evqa-pilot500,smolvlm-1.7b,M_dot,20,-4.5351156272541714e-05,3,-0.022675578136270857,500,500,1.0
evqa-pilot500,smolvlm-1.7b,M_dot,19,-0.00017794457136932352,4,-0.08897228568466176,500,500,1.0
evqa-pilot500,smolvlm-1.7b,M_dot,18,-0.0002824953356094113,5,-0.14124766780470566,500,500,1.0
evqa-pilot500,smolvlm-1.7b,M_dot,17,-0.00040608298660743,6,-0.20304149330371501,500,500,1.0
evqa-pilot500,smolvlm-1.7b,M_dot,16,-0.0007005073760877849,7,-0.35025368804389245,500,500,1.0
evqa-pilot500,smolvlm-1.7b,M_dot,15,-0.001112645703094813,8,-0.5563228515474066,500,500,1.0
evqa-pilot500,smolvlm-1.7b,M_dot,13,-0.00811939055560623,9,-4.059695277803115,500,500,1.0
evqa-pilot500,smolvlm-1.7b,M_dot,14,-0.00821000055932177,10,-4.105000279660885,500,500,1.0
evqa-pilot500,smolvlm-1.7b,M_dot,12,-0.010688412337883705,11,-5.344206168941852,500,500,1.0
evqa-pilot500,smolvlm-1.7b,M_dot,11,-0.014821567547202676,12,-7.410783773601338,500,500,1.0
evqa-pilot500,smolvlm-1.7b,M_dot,10,-0.01733299127137252,13,-8.66649563568626,500,500,1.0
evqa-pilot500,smolvlm-1.7b,M_dot,9,-0.022197156153410107,14,-11.098578076705053,500,500,1.0
evqa-pilot500,smolvlm-1.7b,M_dot,8,-0.027287658614804967,15,-13.643829307402484,500,500,1.0
evqa-pilot500,smolvlm-1.7b,M_dot,7,-0.033400212939755876,16,-16.700106469877937,500,500,1.0
evqa-pilot500,smolvlm-1.7b,M_dot,6,-0.04576028435041371,17,-22.880142175206856,500,500,1.0
evqa-pilot500,smolvlm-1.7b,M_dot,5,-0.054272838048676934,18,-27.136419024338466,500,500,1.0
evqa-pilot500,smolvlm-1.7b,M_dot,4,-0.06319789866791689,19,-31.598949333958444,500,500,1.0
evqa-pilot500,smolvlm-1.7b,M_dot,3,-0.07347756558515721,20,-36.738782792578604,500,500,1.0
evqa-pilot500,smolvlm-1.7b,M_dot,2,-0.08624213330171096,21,-43.12106665085548,500,500,1.0
evqa-pilot500,smolvlm-1.7b,M_dot,1,-0.10388462365365377,22,-51.94231182682688,500,500,1.0
evqa-pilot500,smolvlm-1.7b,M_dot,0,-0.12721291797795128,23,-63.60645898897564,500,500,1.0
evqa-pilot500,smolvlm-1.7b,M_abscos_x_newn,0,0.20472262576884806,1,,500,500,1.0
evqa-pilot500,smolvlm-1.7b,M_abscos_x_newn,1,0.1868656806863472,2,,500,500,1.0
evqa-pilot500,smolvlm-1.7b,M_abscos_x_newn,2,0.17266787371600797,3,,500,500,1.0
evqa-pilot500,smolvlm-1.7b,M_abscos_x_newn,3,0.16154225659490007,4,,500,500,1.0
evqa-pilot500,smolvlm-1.7b,M_abscos_x_newn,4,0.15077588269895964,5,,500,500,1.0
evqa-pilot500,smolvlm-1.7b,M_abscos_x_newn,5,0.14052541529555165,6,,500,500,1.0
evqa-pilot500,smolvlm-1.7b,M_abscos_x_newn,6,0.12857243641019991,7,,500,500,1.0
evqa-pilot500,smolvlm-1.7b,M_abscos_x_newn,7,0.10781438955769503,8,,500,500,1.0
evqa-pilot500,smolvlm-1.7b,M_abscos_x_newn,8,0.09645600294758754,9,,500,500,1.0
evqa-pilot500,smolvlm-1.7b,M_abscos_x_newn,9,0.08653686520924861,10,,500,500,1.0
evqa-pilot500,smolvlm-1.7b,M_abscos_x_newn,10,0.0767442950349844,11,,500,500,1.0
evqa-pilot500,smolvlm-1.7b,M_abscos_x_newn,11,0.07068926682496575,12,,500,500,1.0
evqa-pilot500,smolvlm-1.7b,M_abscos_x_newn,12,0.06315736808000187,13,,500,500,1.0
evqa-pilot500,smolvlm-1.7b,M_abscos_x_newn,14,0.05640826833471688,14,,500,500,1.0
evqa-pilot500,smolvlm-1.7b,M_abscos_x_newn,13,0.054690162168528726,15,,500,500,1.0
evqa-pilot500,smolvlm-1.7b,M_abscos_x_newn,15,0.01450874920112172,16,,500,500,1.0
evqa-pilot500,smolvlm-1.7b,M_abscos_x_newn,16,0.010806627257693383,17,,500,500,1.0
evqa-pilot500,smolvlm-1.7b,M_abscos_x_newn,17,0.00794727554961095,18,,500,500,1.0
evqa-pilot500,smolvlm-1.7b,M_abscos_x_newn,18,0.0062159061986685644,19,,500,500,1.0
evqa-pilot500,smolvlm-1.7b,M_abscos_x_newn,19,0.005136360400420321,20,,500,500,1.0
evqa-pilot500,smolvlm-1.7b,M_abscos_x_newn,20,0.0024134672879348117,21,,500,500,1.0
evqa-pilot500,smolvlm-1.7b,M_abscos_x_newn,21,0.0010541475715583292,22,,500,500,1.0
evqa-pilot500,smolvlm-1.7b,M_abscos_x_newn,22,0.00042157643567874726,23,,500,500,1.0
mmke-entity,blip2-opt-2.7b,M_dot,29,-2.9178502043331604e-08,1,-8.286694580306175e-06,284,636,0.44654088050314467
mmke-entity,blip2-opt-2.7b,M_dot,30,-4.48358983267523e-07,2,-0.00012733395124797653,284,636,0.44654088050314467
mmke-entity,blip2-opt-2.7b,M_dot,28,-9.774843102075587e-06,3,-0.0027760554409894667,284,636,0.44654088050314467
mmke-entity,blip2-opt-2.7b,M_dot,27,-2.2720396334158312e-05,4,-0.00645259255890096,284,636,0.44654088050314467
mmke-entity,blip2-opt-2.7b,M_dot,26,-5.177296818149117e-05,5,-0.014703522963543492,284,636,0.44654088050314467
mmke-entity,blip2-opt-2.7b,M_dot,25,-8.447466163494975e-05,6,-0.02399080390432573,284,636,0.44654088050314467
mmke-entity,blip2-opt-2.7b,M_dot,24,-9.652699119430322e-05,7,-0.027413665499182116,284,636,0.44654088050314467
mmke-entity,blip2-opt-2.7b,M_dot,23,-0.0001430754175344127,8,-0.040633418579773206,284,636,0.44654088050314467
mmke-entity,blip2-opt-2.7b,M_dot,22,-0.0001865185032320657,9,-0.05297125491790666,284,636,0.44654088050314467
mmke-entity,blip2-opt-2.7b,M_dot,21,-0.00022637783853726216,10,-0.06429130614458245,284,636,0.44654088050314467
mmke-entity,blip2-opt-2.7b,M_dot,9,-0.0003049573734181611,11,-0.08660789405075775,284,636,0.44654088050314467
mmke-entity,blip2-opt-2.7b,M_dot,20,-0.0003138314238438551,12,-0.08912812437165485,284,636,0.44654088050314467
mmke-entity,blip2-opt-2.7b,M_dot,19,-0.0003412031315910624,13,-0.09690168937186172,284,636,0.44654088050314467
mmke-entity,blip2-opt-2.7b,M_dot,8,-0.0003604250626333108,14,-0.10236071778786027,284,636,0.44654088050314467
mmke-entity,blip2-opt-2.7b,M_dot,10,-0.0003756579343923275,15,-0.10668685336742101,284,636,0.44654088050314467
mmke-entity,blip2-opt-2.7b,M_dot,18,-0.00041142730259880535,16,-0.11684535393806073,284,636,0.44654088050314467
mmke-entity,blip2-opt-2.7b,M_dot,11,-0.00048391787584583834,17,-0.13743267674021808,284,636,0.44654088050314467
mmke-entity,blip2-opt-2.7b,M_dot,12,-0.0004892282548288337,18,-0.13894082437138877,284,636,0.44654088050314467
mmke-entity,blip2-opt-2.7b,M_dot,17,-0.0005136934241638243,19,-0.1458889324625261,284,636,0.44654088050314467
mmke-entity,blip2-opt-2.7b,M_dot,13,-0.0005472713718519008,20,-0.15542506960593983,284,636,0.44654088050314467
mmke-entity,blip2-opt-2.7b,M_dot,14,-0.0005705200163670814,21,-0.16202768464825112,284,636,0.44654088050314467
mmke-entity,blip2-opt-2.7b,M_dot,16,-0.0005788421076363353,22,-0.16439115856871922,284,636,0.44654088050314467
mmke-entity,blip2-opt-2.7b,M_dot,15,-0.0005837844489433273,23,-0.16579478349990495,284,636,0.44654088050314467
mmke-entity,blip2-opt-2.7b,M_dot,7,-0.0010781192561705505,24,-0.30618586875243636,284,636,0.44654088050314467
mmke-entity,blip2-opt-2.7b,M_dot,6,-0.0062369580589795946,25,-1.771296088750205,284,636,0.44654088050314467
mmke-entity,blip2-opt-2.7b,M_dot,5,-0.0489290473864054,26,-13.895849457739132,284,636,0.44654088050314467
mmke-entity,blip2-opt-2.7b,M_dot,4,-0.22110220803526165,27,-62.793027082014305,284,636,0.44654088050314467
mmke-entity,blip2-opt-2.7b,M_dot,3,-0.2751934361388419,28,-78.15493586343109,284,636,0.44654088050314467
mmke-entity,blip2-opt-2.7b,M_dot,2,-0.4175469384573121,29,-118.58333052187663,284,636,0.44654088050314467
mmke-entity,blip2-opt-2.7b,M_dot,1,-0.7626403707967397,30,-216.58986530627408,284,636,0.44654088050314467
mmke-entity,blip2-opt-2.7b,M_dot,0,-3.8733810290609973,31,-1100.0402122533233,284,636,0.44654088050314467
mmke-entity,blip2-opt-2.7b,M_abscos_x_newn,0,0.05071359254856098,1,,284,636,0.44654088050314467
mmke-entity,blip2-opt-2.7b,M_abscos_x_newn,1,0.023807711423021117,2,,284,636,0.44654088050314467
mmke-entity,blip2-opt-2.7b,M_abscos_x_newn,2,0.017035812060378103,3,,284,636,0.44654088050314467
mmke-entity,blip2-opt-2.7b,M_abscos_x_newn,3,0.014614231211493947,4,,284,636,0.44654088050314467
mmke-entity,blip2-opt-2.7b,M_abscos_x_newn,4,0.011458195934269224,5,,284,636,0.44654088050314467
mmke-entity,blip2-opt-2.7b,M_abscos_x_newn,5,0.0032017898497306145,6,,284,636,0.44654088050314467
mmke-entity,blip2-opt-2.7b,M_abscos_x_newn,16,0.0012106164499753296,7,,284,636,0.44654088050314467
mmke-entity,blip2-opt-2.7b,M_abscos_x_newn,17,0.0011827288700420042,8,,284,636,0.44654088050314467
mmke-entity,blip2-opt-2.7b,M_abscos_x_newn,18,0.001071670350956579,9,,284,636,0.44654088050314467
mmke-entity,blip2-opt-2.7b,M_abscos_x_newn,15,0.0010576600812119738,10,,284,636,0.44654088050314467
mmke-entity,blip2-opt-2.7b,M_abscos_x_newn,20,0.000980150966108104,11,,284,636,0.44654088050314467
mmke-entity,blip2-opt-2.7b,M_abscos_x_newn,19,0.0009703987205672912,12,,284,636,0.44654088050314467
mmke-entity,blip2-opt-2.7b,M_abscos_x_newn,14,0.0009330539919580762,13,,284,636,0.44654088050314467
mmke-entity,blip2-opt-2.7b,M_abscos_x_newn,13,0.0008020538089721139,14,,284,636,0.44654088050314467
mmke-entity,blip2-opt-2.7b,M_abscos_x_newn,21,0.0007183900382857096,15,,284,636,0.44654088050314467
mmke-entity,blip2-opt-2.7b,M_abscos_x_newn,22,0.0006676330961399686,16,,284,636,0.44654088050314467
mmke-entity,blip2-opt-2.7b,M_abscos_x_newn,12,0.000554755404560528,17,,284,636,0.44654088050314467
mmke-entity,blip2-opt-2.7b,M_abscos_x_newn,23,0.0005340859334358793,18,,284,636,0.44654088050314467
mmke-entity,blip2-opt-2.7b,M_abscos_x_newn,11,0.0005179003686126127,19,,284,636,0.44654088050314467
mmke-entity,blip2-opt-2.7b,M_abscos_x_newn,24,0.000441440157182891,20,,284,636,0.44654088050314467
mmke-entity,blip2-opt-2.7b,M_abscos_x_newn,25,0.00035578551126303913,21,,284,636,0.44654088050314467
mmke-entity,blip2-opt-2.7b,M_abscos_x_newn,26,0.000310721671660996,22,,284,636,0.44654088050314467
mmke-entity,blip2-opt-2.7b,M_abscos_x_newn,6,0.0002867864964910156,23,,284,636,0.44654088050314467
mmke-entity,blip2-opt-2.7b,M_abscos_x_newn,10,0.000273480386076912,24,,284,636,0.44654088050314467
mmke-entity,blip2-opt-2.7b,M_abscos_x_newn,27,0.00022021877294662673,25,,284,636,0.44654088050314467
mmke-entity,blip2-opt-2.7b,M_abscos_x_newn,9,0.00016222893162211273,26,,284,636,0.44654088050314467
mmke-entity,blip2-opt-2.7b,M_abscos_x_newn,28,6.735562460738602e-05,27,,284,636,0.44654088050314467
mmke-entity,blip2-opt-2.7b,M_abscos_x_newn,29,3.337737136490177e-05,28,,284,636,0.44654088050314467
mmke-entity,blip2-opt-2.7b,M_abscos_x_newn,30,3.1686035286904964e-05,29,,284,636,0.44654088050314467
mmke-entity,blip2-opt-2.7b,M_abscos_x_newn,7,2.992678348215738e-05,30,,284,636,0.44654088050314467
mmke-entity,blip2-opt-2.7b,M_abscos_x_newn,8,3.080612537577827e-06,31,,284,636,0.44654088050314467
mmke-entity,instructblip-vicuna-7b,M_dot,1,2.1194910803962053,1,1347.9963271319866,636,636,1.0
mmke-entity,instructblip-vicuna-7b,M_dot,0,2.0770351793031274,2,1320.994374036789,636,636,1.0
mmke-entity,instructblip-vicuna-7b,M_dot,3,2.0021428334403715,3,1273.3628420680764,636,636,1.0
mmke-entity,instructblip-vicuna-7b,M_dot,2,1.9561869761666413,4,1244.1349168419838,636,636,1.0
mmke-entity,instructblip-vicuna-7b,M_dot,4,1.8866353053013858,5,1199.9000541716814,636,636,1.0
mmke-entity,instructblip-vicuna-7b,M_dot,5,1.7606095479063268,6,1119.7476724684238,636,636,1.0
mmke-entity,instructblip-vicuna-7b,M_dot,6,1.7402616667110216,7,1106.8064200282097,636,636,1.0
mmke-entity,instructblip-vicuna-7b,M_dot,9,1.7237638438460212,8,1096.3138046860695,636,636,1.0
mmke-entity,instructblip-vicuna-7b,M_dot,8,1.7031461579854008,9,1083.200956478715,636,636,1.0
mmke-entity,instructblip-vicuna-7b,M_dot,7,1.698412715146939,10,1080.1904868334532,636,636,1.0
mmke-entity,instructblip-vicuna-7b,M_dot,10,1.656765656370037,11,1053.7029574513435,636,636,1.0
mmke-entity,instructblip-vicuna-7b,M_dot,11,1.590015811716798,12,1011.2500562518835,636,636,1.0
mmke-entity,instructblip-vicuna-7b,M_dot,12,1.5528480766938542,13,987.6113767772913,636,636,1.0
mmke-entity,instructblip-vicuna-7b,M_dot,13,1.510877916132504,14,960.9183546602726,636,636,1.0
mmke-entity,instructblip-vicuna-7b,M_dot,14,1.4497634636109356,15,922.049562856555,636,636,1.0
mmke-entity,instructblip-vicuna-7b,M_dot,15,1.312701191143982,16,834.8779575675726,636,636,1.0
mmke-entity,instructblip-vicuna-7b,M_dot,16,1.2081239443951808,17,768.366828635335,636,636,1.0
mmke-entity,instructblip-vicuna-7b,M_dot,17,1.07618417897783,18,684.4531378298998,636,636,1.0
mmke-entity,instructblip-vicuna-7b,M_dot,18,0.9598487585478421,19,610.4638104364276,636,636,1.0
mmke-entity,instructblip-vicuna-7b,M_dot,19,0.8762916607442517,20,557.3214962333441,636,636,1.0
mmke-entity,instructblip-vicuna-7b,M_dot,20,0.8032499454540651,21,510.86696530878544,636,636,1.0
mmke-entity,instructblip-vicuna-7b,M_dot,21,0.7401655155509336,22,470.74526789039373,636,636,1.0
mmke-entity,instructblip-vicuna-7b,M_dot,22,0.6798848485538982,23,432.40676368027925,636,636,1.0
mmke-entity,instructblip-vicuna-7b,M_dot,23,0.6159725251121435,24,391.75852597132325,636,636,1.0
mmke-entity,instructblip-vicuna-7b,M_dot,24,0.569913234128236,25,362.4648169055581,636,636,1.0
mmke-entity,instructblip-vicuna-7b,M_dot,25,0.5289585237924315,26,336.41762113198644,636,636,1.0
mmke-entity,instructblip-vicuna-7b,M_dot,26,0.48012645407901994,27,305.3604247942567,636,636,1.0
mmke-entity,instructblip-vicuna-7b,M_dot,27,0.44217001791141414,28,281.2201313916594,636,636,1.0
mmke-entity,instructblip-vicuna-7b,M_dot,28,0.20655988760288138,29,131.37208851543255,636,636,1.0
mmke-entity,instructblip-vicuna-7b,M_dot,29,0.1988524415712575,30,126.47015283931977,636,636,1.0
mmke-entity,instructblip-vicuna-7b,M_dot,30,0.15607125885499445,31,99.26132063177647,636,636,1.0
mmke-entity,instructblip-vicuna-7b,M_abscos_x_newn,1,0.8543072279895875,1,,636,636,1.0
mmke-entity,instructblip-vicuna-7b,M_abscos_x_newn,0,0.8419151637677674,2,,636,636,1.0
mmke-entity,instructblip-vicuna-7b,M_abscos_x_newn,3,0.8239999435113564,3,,636,636,1.0
mmke-entity,instructblip-vicuna-7b,M_abscos_x_newn,2,0.8101397430245458,4,,636,636,1.0
mmke-entity,instructblip-vicuna-7b,M_abscos_x_newn,4,0.7839390694932064,5,,636,636,1.0
mmke-entity,instructblip-vicuna-7b,M_abscos_x_newn,5,0.7371847085808574,6,,636,636,1.0
mmke-entity,instructblip-vicuna-7b,M_abscos_x_newn,6,0.7285877872843233,7,,636,636,1.0
mmke-entity,instructblip-vicuna-7b,M_abscos_x_newn,9,0.7134632618162435,8,,636,636,1.0
mmke-entity,instructblip-vicuna-7b,M_abscos_x_newn,7,0.7122720410457055,9,,636,636,1.0
mmke-entity,instructblip-vicuna-7b,M_abscos_x_newn,8,0.7062088805650275,10,,636,636,1.0
mmke-entity,instructblip-vicuna-7b,M_abscos_x_newn,10,0.6948118506501243,11,,636,636,1.0
mmke-entity,instructblip-vicuna-7b,M_abscos_x_newn,11,0.673548482944512,12,,636,636,1.0
mmke-entity,instructblip-vicuna-7b,M_abscos_x_newn,12,0.6721321604689172,13,,636,636,1.0
mmke-entity,instructblip-vicuna-7b,M_abscos_x_newn,13,0.6717677516384051,14,,636,636,1.0
mmke-entity,instructblip-vicuna-7b,M_abscos_x_newn,14,0.6627395443343322,15,,636,636,1.0
mmke-entity,instructblip-vicuna-7b,M_abscos_x_newn,15,0.6322861814305015,16,,636,636,1.0
mmke-entity,instructblip-vicuna-7b,M_abscos_x_newn,16,0.6182023085701589,17,,636,636,1.0
mmke-entity,instructblip-vicuna-7b,M_abscos_x_newn,17,0.583886062469511,18,,636,636,1.0
mmke-entity,instructblip-vicuna-7b,M_abscos_x_newn,27,0.5787251033216758,19,,636,636,1.0
mmke-entity,instructblip-vicuna-7b,M_abscos_x_newn,26,0.5744964766315391,20,,636,636,1.0
mmke-entity,instructblip-vicuna-7b,M_abscos_x_newn,18,0.5532183785256032,21,,636,636,1.0
mmke-entity,instructblip-vicuna-7b,M_abscos_x_newn,25,0.5423648929755962,22,,636,636,1.0
mmke-entity,instructblip-vicuna-7b,M_abscos_x_newn,19,0.5358593518168377,23,,636,636,1.0
mmke-entity,instructblip-vicuna-7b,M_abscos_x_newn,20,0.5252924071018961,24,,636,636,1.0
mmke-entity,instructblip-vicuna-7b,M_abscos_x_newn,24,0.5221352350306797,25,,636,636,1.0
mmke-entity,instructblip-vicuna-7b,M_abscos_x_newn,23,0.5211022792335595,26,,636,636,1.0
mmke-entity,instructblip-vicuna-7b,M_abscos_x_newn,21,0.5197090337298763,27,,636,636,1.0
mmke-entity,instructblip-vicuna-7b,M_abscos_x_newn,22,0.5181069350979997,28,,636,636,1.0
mmke-entity,instructblip-vicuna-7b,M_abscos_x_newn,29,0.36780232077499053,29,,636,636,1.0
mmke-entity,instructblip-vicuna-7b,M_abscos_x_newn,28,0.352101323881401,30,,636,636,1.0
mmke-entity,instructblip-vicuna-7b,M_abscos_x_newn,30,0.3116480113180222,31,,636,636,1.0
mmke-entity,llava-v1.5-7b,M_dot,29,-9.028756092172474e-09,1,-5.7422888746216935e-06,636,636,1.0
mmke-entity,llava-v1.5-7b,M_dot,21,-1.0814568801621957e-08,2,-6.878065757831564e-06,636,636,1.0
mmke-entity,llava-v1.5-7b,M_dot,30,-1.1838949156185378e-08,3,-7.5295716633339005e-06,636,636,1.0
mmke-entity,llava-v1.5-7b,M_dot,28,-3.057664319328289e-08,4,-1.9446745070927918e-05,636,636,1.0
mmke-entity,llava-v1.5-7b,M_dot,23,-4.3699844545233656e-08,5,-2.7793101130768605e-05,636,636,1.0
mmke-entity,llava-v1.5-7b,M_dot,22,-7.721975725376822e-08,6,-4.9111765613396585e-05,636,636,1.0
mmke-entity,llava-v1.5-7b,M_dot,20,-1.0584496221487096e-07,7,-6.731739596865793e-05,636,636,1.0
mmke-entity,llava-v1.5-7b,M_dot,27,-1.300364356434637e-07,8,-8.270317306924291e-05,636,636,1.0
mmke-entity,llava-v1.5-7b,M_dot,24,-1.3060923087993283e-07,9,-8.306747083963728e-05,636,636,1.0
mmke-entity,llava-v1.5-7b,M_dot,25,-1.4031409400549753e-07,10,-8.923976378749643e-05,636,636,1.0
mmke-entity,llava-v1.5-7b,M_dot,26,-1.5729937368161044e-07,11,-0.00010004240166150424,636,636,1.0
mmke-entity,llava-v1.5-7b,M_dot,19,-5.369597049765325e-07,12,-0.00034150637236507464,636,636,1.0
mmke-entity,llava-v1.5-7b,M_dot,18,-7.400430152288177e-07,13,-0.00047066735768552803,636,636,1.0
mmke-entity,llava-v1.5-7b,M_dot,16,-9.40231408548795e-07,14,-0.0005979871758370336,636,636,1.0
mmke-entity,llava-v1.5-7b,M_dot,17,-1.137970389589898e-06,15,-0.0007237491677791752,636,636,1.0
mmke-entity,llava-v1.5-7b,M_dot,15,-3.704820800672614e-06,16,-0.0023562660292277826,636,636,1.0
mmke-entity,llava-v1.5-7b,M_dot,14,-4.264781217759749e-06,17,-0.0027124008544952005,636,636,1.0
mmke-entity,llava-v1.5-7b,M_dot,12,-8.13052630886788e-06,18,-0.005171014732439971,636,636,1.0
mmke-entity,llava-v1.5-7b,M_dot,13,-8.270357785881584e-06,19,-0.005259947551820687,636,636,1.0
mmke-entity,llava-v1.5-7b,M_dot,11,-8.983787742424195e-06,20,-0.005713689004181788,636,636,1.0
mmke-entity,llava-v1.5-7b,M_dot,10,-9.616209395471813e-06,21,-0.006115909175520073,636,636,1.0
mmke-entity,llava-v1.5-7b,M_dot,9,-1.1918492984256841e-05,22,-0.007580161537987351,636,636,1.0
mmke-entity,llava-v1.5-7b,M_dot,0,-2.002965292465776e-05,23,-0.012738859260082336,636,636,1.0
mmke-entity,llava-v1.5-7b,M_dot,1,-2.1504679487492063e-05,24,-0.013676976154044953,636,636,1.0
mmke-entity,llava-v1.5-7b,M_dot,8,-2.3776719734536978e-05,25,-0.015121993751165517,636,636,1.0
mmke-entity,llava-v1.5-7b,M_dot,2,-2.4027369491185216e-05,26,-0.015281406996393796,636,636,1.0
mmke-entity,llava-v1.5-7b,M_dot,3,-2.5410426546655434e-05,27,-0.016161031283672855,636,636,1.0
mmke-entity,llava-v1.5-7b,M_dot,4,-2.786291447862604e-05,28,-0.01772081360840616,636,636,1.0
mmke-entity,llava-v1.5-7b,M_dot,7,-2.8684995317383015e-05,29,-0.018243657021855597,636,636,1.0
mmke-entity,llava-v1.5-7b,M_dot,6,-2.924421095358469e-05,30,-0.01859931816647986,636,636,1.0
mmke-entity,llava-v1.5-7b,M_dot,5,-2.9923172158740976e-05,31,-0.01903113749295926,636,636,1.0
mmke-entity,llava-v1.5-7b,M_abscos_x_newn,13,0.00013808439750606372,1,,636,636,1.0
mmke-entity,llava-v1.5-7b,M_abscos_x_newn,11,0.0001247512617566374,2,,636,636,1.0
mmke-entity,llava-v1.5-7b,M_abscos_x_newn,12,0.00012200263317007987,3,,636,636,1.0
mmke-entity,llava-v1.5-7b,M_abscos_x_newn,10,0.0001161419611899217,4,,636,636,1.0
mmke-entity,llava-v1.5-7b,M_abscos_x_newn,9,0.00010972095574747159,5,,636,636,1.0
mmke-entity,llava-v1.5-7b,M_abscos_x_newn,14,8.548964292914282e-05,6,,636,636,1.0
mmke-entity,llava-v1.5-7b,M_abscos_x_newn,15,7.477036839900771e-05,7,,636,636,1.0
mmke-entity,llava-v1.5-7b,M_abscos_x_newn,0,6.338177993920774e-05,8,,636,636,1.0
mmke-entity,llava-v1.5-7b,M_abscos_x_newn,8,4.979806405320071e-05,9,,636,636,1.0
mmke-entity,llava-v1.5-7b,M_abscos_x_newn,1,3.994403083883677e-05,10,,636,636,1.0
mmke-entity,llava-v1.5-7b,M_abscos_x_newn,5,3.940717679551982e-05,11,,636,636,1.0
mmke-entity,llava-v1.5-7b,M_abscos_x_newn,4,3.576261654455151e-05,12,,636,636,1.0
mmke-entity,llava-v1.5-7b,M_abscos_x_newn,17,2.6935763124546528e-05,13,,636,636,1.0
mmke-entity,llava-v1.5-7b,M_abscos_x_newn,7,2.6406312357441498e-05,14,,636,636,1.0
mmke-entity,llava-v1.5-7b,M_abscos_x_newn,30,2.6077884879825834e-05,15,,636,636,1.0
mmke-entity,llava-v1.5-7b,M_abscos_x_newn,6,2.145960001239295e-05,16,,636,636,1.0
mmke-entity,llava-v1.5-7b,M_abscos_x_newn,18,1.9774664711587002e-05,17,,636,636,1.0
mmke-entity,llava-v1.5-7b,M_abscos_x_newn,28,1.4484358619772025e-05,18,,636,636,1.0
mmke-entity,llava-v1.5-7b,M_abscos_x_newn,27,1.3748138965601565e-05,19,,636,636,1.0
mmke-entity,llava-v1.5-7b,M_abscos_x_newn,26,1.3584506026799873e-05,20,,636,636,1.0
mmke-entity,llava-v1.5-7b,M_abscos_x_newn,29,1.3289851097421478e-05,21,,636,636,1.0
mmke-entity,llava-v1.5-7b,M_abscos_x_newn,16,1.2176940160523236e-05,22,,636,636,1.0
mmke-entity,llava-v1.5-7b,M_abscos_x_newn,25,1.0783321440788978e-05,23,,636,636,1.0
mmke-entity,llava-v1.5-7b,M_abscos_x_newn,24,1.062084132437069e-05,24,,636,636,1.0
mmke-entity,llava-v1.5-7b,M_abscos_x_newn,20,9.177791893650704e-06,25,,636,636,1.0
mmke-entity,llava-v1.5-7b,M_abscos_x_newn,19,8.965812961530957e-06,26,,636,636,1.0
mmke-entity,llava-v1.5-7b,M_abscos_x_newn,21,8.616641833016179e-06,27,,636,636,1.0
mmke-entity,llava-v1.5-7b,M_abscos_x_newn,2,5.667355178912757e-06,28,,636,636,1.0
mmke-entity,llava-v1.5-7b,M_abscos_x_newn,3,1.9830144880950718e-06,29,,636,636,1.0
mmke-entity,llava-v1.5-7b,M_abscos_x_newn,23,1.4912375167146349e-06,30,,636,636,1.0
mmke-entity,llava-v1.5-7b,M_abscos_x_newn,22,3.33561080736342e-08,31,,636,636,1.0
mmke-entity,minigpt-4-vicuna-7b,M_dot,30,-5.3975904327620084e-06,1,-0.0034328675152366372,636,636,1.0
mmke-entity,minigpt-4-vicuna-7b,M_dot,29,-1.1546573213256679e-05,2,-0.007343620563631248,636,636,1.0
mmke-entity,minigpt-4-vicuna-7b,M_dot,28,-1.3797580525600915e-05,3,-0.008775261214282182,636,636,1.0
mmke-entity,minigpt-4-vicuna-7b,M_dot,25,-1.570781375152845e-05,4,-0.009990169545972094,636,636,1.0
mmke-entity,minigpt-4-vicuna-7b,M_dot,26,-1.582595580258319e-05,5,-0.01006530789044291,636,636,1.0
mmke-entity,minigpt-4-vicuna-7b,M_dot,27,-1.615992719896597e-05,6,-0.010277713698542357,636,636,1.0
mmke-entity,minigpt-4-vicuna-7b,M_dot,24,-1.617135562400946e-05,7,-0.010284982176870017,636,636,1.0
mmke-entity,minigpt-4-vicuna-7b,M_dot,23,-1.629952930474069e-05,8,-0.01036650063781508,636,636,1.0
mmke-entity,minigpt-4-vicuna-7b,M_dot,22,-1.8143856745721353e-05,9,-0.01153949289027878,636,636,1.0
mmke-entity,minigpt-4-vicuna-7b,M_dot,21,-1.890060442319622e-05,10,-0.012020784413152796,636,636,1.0
mmke-entity,minigpt-4-vicuna-7b,M_dot,20,-1.9022528744267362e-05,11,-0.012098328281354043,636,636,1.0
mmke-entity,minigpt-4-vicuna-7b,M_dot,19,-1.910197796809894e-05,12,-0.012148857987710926,636,636,1.0
mmke-entity,minigpt-4-vicuna-7b,M_dot,17,-1.925059671895902e-05,13,-0.012243379513257937,636,636,1.0
mmke-entity,minigpt-4-vicuna-7b,M_dot,18,-1.9523668984985483e-05,14,-0.012417053474450768,636,636,1.0
mmke-entity,minigpt-4-vicuna-7b,M_dot,16,-2.0921283911372837e-05,15,-0.013305936567633125,636,636,1.0
mmke-entity,minigpt-4-vicuna-7b,M_dot,0,-2.2718700173613195e-05,16,-0.014449093310417993,636,636,1.0
mmke-entity,minigpt-4-vicuna-7b,M_dot,1,-2.2780807524545508e-05,17,-0.014488593585610943,636,636,1.0
mmke-entity,minigpt-4-vicuna-7b,M_dot,2,-2.2815710246208737e-05,18,-0.014510791716588757,636,636,1.0
mmke-entity,minigpt-4-vicuna-7b,M_dot,14,-2.29235431189586e-05,19,-0.01457937342365767,636,636,1.0
mmke-entity,minigpt-4-vicuna-7b,M_dot,13,-2.304279596540472e-05,20,-0.014655218233997402,636,636,1.0
mmke-entity,minigpt-4-vicuna-7b,M_dot,3,-2.341344838217214e-05,21,-0.014890953171061481,636,636,1.0
mmke-entity,minigpt-4-vicuna-7b,M_dot,15,-2.3492238992680512e-05,22,-0.014941063999344806,636,636,1.0
mmke-entity,minigpt-4-vicuna-7b,M_dot,4,-2.374785290860387e-05,23,-0.015103634449872061,636,636,1.0
mmke-entity,minigpt-4-vicuna-7b,M_dot,5,-2.4417281603800574e-05,24,-0.015529391100017165,636,636,1.0
mmke-entity,minigpt-4-vicuna-7b,M_dot,12,-2.450758917825052e-05,25,-0.01558682671736733,636,636,1.0
mmke-entity,minigpt-4-vicuna-7b,M_dot,10,-2.5562276912675468e-05,26,-0.016257608116461597,636,636,1.0
mmke-entity,minigpt-4-vicuna-7b,M_dot,11,-2.562204876951755e-05,27,-0.016295623017413163,636,636,1.0
mmke-entity,minigpt-4-vicuna-7b,M_dot,6,-2.5904743795122703e-05,28,-0.016475417053698038,636,636,1.0
mmke-entity,minigpt-4-vicuna-7b,M_dot,8,-2.601689542428865e-05,29,-0.01654674548984758,636,636,1.0
mmke-entity,minigpt-4-vicuna-7b,M_dot,7,-2.6390647172966685e-05,30,-0.01678445160200681,636,636,1.0
mmke-entity,minigpt-4-vicuna-7b,M_dot,9,-2.731858586833128e-05,31,-0.017374620612258695,636,636,1.0
mmke-entity,minigpt-4-vicuna-7b,M_abscos_x_newn,27,0.002209634684234893,1,,636,636,1.0
mmke-entity,minigpt-4-vicuna-7b,M_abscos_x_newn,28,0.0021295935035479645,2,,636,636,1.0
mmke-entity,minigpt-4-vicuna-7b,M_abscos_x_newn,26,0.0021005763870646445,3,,636,636,1.0
mmke-entity,minigpt-4-vicuna-7b,M_abscos_x_newn,25,0.0020194256710860713,4,,636,636,1.0
mmke-entity,minigpt-4-vicuna-7b,M_abscos_x_newn,29,0.001965795084263449,5,,636,636,1.0
mmke-entity,minigpt-4-vicuna-7b,M_abscos_x_newn,24,0.0019560607312238405,6,,636,636,1.0
mmke-entity,minigpt-4-vicuna-7b,M_abscos_x_newn,22,0.0019151163810816423,7,,636,636,1.0
mmke-entity,minigpt-4-vicuna-7b,M_abscos_x_newn,21,0.0019104751146833032,8,,636,636,1.0
mmke-entity,minigpt-4-vicuna-7b,M_abscos_x_newn,23,0.001885086378630838,9,,636,636,1.0
mmke-entity,minigpt-4-vicuna-7b,M_abscos_x_newn,20,0.0018433389140923282,10,,636,636,1.0
mmke-entity,minigpt-4-vicuna-7b,M_abscos_x_newn,19,0.0017329258074460752,11,,636,636,1.0
mmke-entity,minigpt-4-vicuna-7b,M_abscos_x_newn,15,0.001684406043765428,12,,636,636,1.0
mmke-entity,minigpt-4-vicuna-7b,M_abscos_x_newn,18,0.0016739136699672392,13,,636,636,1.0
mmke-entity,minigpt-4-vicuna-7b,M_abscos_x_newn,9,0.0015861174557177714,14,,636,636,1.0
mmke-entity,minigpt-4-vicuna-7b,M_abscos_x_newn,16,0.0015654752361116057,15,,636,636,1.0
mmke-entity,minigpt-4-vicuna-7b,M_abscos_x_newn,14,0.0015647401268008992,16,,636,636,1.0
mmke-entity,minigpt-4-vicuna-7b,M_abscos_x_newn,11,0.0015459054454083113,17,,636,636,1.0
mmke-entity,minigpt-4-vicuna-7b,M_abscos_x_newn,17,0.0015432847933894876,18,,636,636,1.0
mmke-entity,minigpt-4-vicuna-7b,M_abscos_x_newn,12,0.0015283144070946794,19,,636,636,1.0
mmke-entity,minigpt-4-vicuna-7b,M_abscos_x_newn,10,0.0015272078673835643,20,,636,636,1.0
mmke-entity,minigpt-4-vicuna-7b,M_abscos_x_newn,13,0.001498883397139795,21,,636,636,1.0
mmke-entity,minigpt-4-vicuna-7b,M_abscos_x_newn,7,0.0014701594100778557,22,,636,636,1.0
mmke-entity,minigpt-4-vicuna-7b,M_abscos_x_newn,8,0.0014684316189053491,23,,636,636,1.0
mmke-entity,minigpt-4-vicuna-7b,M_abscos_x_newn,6,0.001413151995599693,24,,636,636,1.0
mmke-entity,minigpt-4-vicuna-7b,M_abscos_x_newn,5,0.001323592106784821,25,,636,636,1.0
mmke-entity,minigpt-4-vicuna-7b,M_abscos_x_newn,4,0.0012771594934649676,26,,636,636,1.0
mmke-entity,minigpt-4-vicuna-7b,M_abscos_x_newn,3,0.0012544193572602337,27,,636,636,1.0
mmke-entity,minigpt-4-vicuna-7b,M_abscos_x_newn,2,0.0012137743090682974,28,,636,636,1.0
mmke-entity,minigpt-4-vicuna-7b,M_abscos_x_newn,30,0.0012098360144692818,29,,636,636,1.0
mmke-entity,minigpt-4-vicuna-7b,M_abscos_x_newn,1,0.0012094014646362337,30,,636,636,1.0
mmke-entity,minigpt-4-vicuna-7b,M_abscos_x_newn,0,0.0012064611709660018,31,,636,636,1.0
mmke-entity,paligemma-3b,M_dot,5,0.002078087320858331,1,1.3216635360658986,636,636,1.0
mmke-entity,paligemma-3b,M_dot,4,0.001937608236523443,2,1.2323188384289097,636,636,1.0
mmke-entity,paligemma-3b,M_dot,3,0.0013760168271086364,3,0.8751467020410928,636,636,1.0
mmke-entity,paligemma-3b,M_dot,2,0.0009609529581909824,4,0.6111660814094648,636,636,1.0
mmke-entity,paligemma-3b,M_dot,6,0.0009248031332670667,5,0.5881747927578544,636,636,1.0
mmke-entity,paligemma-3b,M_dot,7,0.0008650993434732196,6,0.5502031824489677,636,636,1.0
mmke-entity,paligemma-3b,M_dot,1,0.000691532194883884,7,0.43981447594615025,636,636,1.0
mmke-entity,paligemma-3b,M_dot,0,0.0006008359518485997,8,0.3821316653757094,636,636,1.0
mmke-entity,paligemma-3b,M_dot,8,0.00034323264772356425,9,0.21829596395218687,636,636,1.0
mmke-entity,paligemma-3b,M_dot,9,0.00011748748303061688,10,0.07472203920747233,636,636,1.0
mmke-entity,paligemma-3b,M_dot,10,5.200443116267472e-05,11,0.03307481821946112,636,636,1.0
mmke-entity,paligemma-3b,M_dot,11,1.7023451284935703e-05,12,0.010826915017219108,636,636,1.0
mmke-entity,paligemma-3b,M_dot,12,5.919018871681927e-06,13,0.003764496002389705,636,636,1.0
mmke-entity,paligemma-3b,M_dot,13,3.1600811719440343e-06,14,0.002009811625356406,636,636,1.0
mmke-entity,paligemma-3b,M_dot,14,8.593313556642352e-07,15,0.0005465347422024536,636,636,1.0
mmke-entity,paligemma-3b,M_dot,15,3.383945541375863e-07,16,0.0002152189364315049,636,636,1.0
mmke-entity,paligemma-3b,M_dot,16,1.3606248884113219e-07,17,8.653574290296007e-05,636,636,1.0
mmke-entity,paligemma-3b,M_abscos_x_newn,5,0.010825688545855226,1,,636,636,1.0
mmke-entity,paligemma-3b,M_abscos_x_newn,4,0.010086966005637828,2,,636,636,1.0
mmke-entity,paligemma-3b,M_abscos_x_newn,3,0.008142500608238887,3,,636,636,1.0
mmke-entity,paligemma-3b,M_abscos_x_newn,2,0.0067147253468452656,4,,636,636,1.0
mmke-entity,paligemma-3b,M_abscos_x_newn,6,0.0066540125770480005,5,,636,636,1.0
mmke-entity,paligemma-3b,M_abscos_x_newn,7,0.006500993804989192,6,,636,636,1.0
mmke-entity,paligemma-3b,M_abscos_x_newn,1,0.005636735622803191,7,,636,636,1.0
mmke-entity,paligemma-3b,M_abscos_x_newn,0,0.00490120906780937,8,,636,636,1.0
mmke-entity,paligemma-3b,M_abscos_x_newn,8,0.0037965019143129325,9,,636,636,1.0
mmke-entity,paligemma-3b,M_abscos_x_newn,9,0.0018524130509294727,10,,636,636,1.0
mmke-entity,paligemma-3b,M_abscos_x_newn,10,0.001201227355348295,11,,636,636,1.0
mmke-entity,paligemma-3b,M_abscos_x_newn,11,0.000583745863485479,12,,636,636,1.0
mmke-entity,paligemma-3b,M_abscos_x_newn,12,0.0003385218814106705,13,,636,636,1.0
mmke-entity,paligemma-3b,M_abscos_x_newn,13,0.0002527887449095103,14,,636,636,1.0
mmke-entity,paligemma-3b,M_abscos_x_newn,14,0.00018171722034769695,15,,636,636,1.0
mmke-entity,paligemma-3b,M_abscos_x_newn,16,0.00014828819213734152,16,,636,636,1.0
mmke-entity,paligemma-3b,M_abscos_x_newn,15,0.00013873276694455056,17,,636,636,1.0
mmke-entity,qwen2.5-vl-3b,M_dot,0,0.00022297795542043267,1,0.14181397964739517,636,636,1.0
mmke-entity,qwen2.5-vl-3b,M_dot,1,0.00022051654529230336,2,0.14024852280590494,636,636,1.0
mmke-entity,qwen2.5-vl-3b,M_dot,2,0.0002160453313054064,3,0.13740483071023846,636,636,1.0
mmke-entity,qwen2.5-vl-3b,M_dot,7,0.00021521089893813383,4,0.13687413172465313,636,636,1.0
mmke-entity,qwen2.5-vl-3b,M_dot,3,0.0002151887532072607,5,0.1368600470398178,636,636,1.0
mmke-entity,qwen2.5-vl-3b,M_dot,6,0.00021395836439316567,6,0.13607751975405336,636,636,1.0
mmke-entity,qwen2.5-vl-3b,M_dot,4,0.00021271921216396453,7,0.13528941893628144,636,636,1.0
mmke-entity,qwen2.5-vl-3b,M_dot,5,0.00021257913753011025,8,0.13520033146915011,636,636,1.0
mmke-entity,qwen2.5-vl-3b,M_dot,8,0.0001919310257980323,9,0.12206813240754855,636,636,1.0
mmke-entity,qwen2.5-vl-3b,M_dot,9,0.00017818648137325903,10,0.11332660215339274,636,636,1.0
mmke-entity,qwen2.5-vl-3b,M_dot,10,0.00017331325107465572,11,0.11022722768348103,636,636,1.0
mmke-entity,qwen2.5-vl-3b,M_dot,11,0.00015057371104314725,12,0.09576488022344165,636,636,1.0
mmke-entity,qwen2.5-vl-3b,M_dot,12,0.000148575754024266,13,0.09449417955943318,636,636,1.0
mmke-entity,qwen2.5-vl-3b,M_dot,13,0.00011279890134977355,14,0.07174010125845598,636,636,1.0
mmke-entity,qwen2.5-vl-3b,M_dot,14,9.7001171281516e-05,15,0.06169274493504418,636,636,1.0
mmke-entity,qwen2.5-vl-3b,M_dot,15,8.932153293956635e-05,16,0.0568084949495642,636,636,1.0
mmke-entity,qwen2.5-vl-3b,M_dot,16,8.189649382571222e-05,17,0.05208617007315297,636,636,1.0
mmke-entity,qwen2.5-vl-3b,M_dot,17,7.236842955327326e-05,18,0.0460263211958818,636,636,1.0
mmke-entity,qwen2.5-vl-3b,M_dot,18,5.9890088580704164e-05,19,0.03809009633732785,636,636,1.0
mmke-entity,qwen2.5-vl-3b,M_dot,19,4.873754319062486e-05,20,0.030997077469237414,636,636,1.0
mmke-entity,qwen2.5-vl-3b,M_dot,20,4.155807654349575e-05,21,0.026430936681663297,636,636,1.0
mmke-entity,qwen2.5-vl-3b,M_dot,21,3.405376737295937e-05,22,0.02165819604920216,636,636,1.0
mmke-entity,qwen2.5-vl-3b,M_dot,22,3.05111359487987e-05,23,0.019405082463435974,636,636,1.0
mmke-entity,qwen2.5-vl-3b,M_dot,23,2.0517159843997e-05,24,0.013048913660782093,636,636,1.0
mmke-entity,qwen2.5-vl-3b,M_dot,24,1.6680621093675666e-05,25,0.010608875015577723,636,636,1.0
mmke-entity,qwen2.5-vl-3b,M_dot,25,9.80560634588829e-06,26,0.006236365635984953,636,636,1.0
mmke-entity,qwen2.5-vl-3b,M_dot,26,8.392233729114303e-06,27,0.005337460651716697,636,636,1.0
mmke-entity,qwen2.5-vl-3b,M_dot,27,6.21255721697716e-06,28,0.003951186389997474,636,636,1.0
mmke-entity,qwen2.5-vl-3b,M_dot,28,5.330319144158097e-06,29,0.0033900829756845496,636,636,1.0
mmke-entity,qwen2.5-vl-3b,M_dot,29,2.98657999888442e-06,30,0.0018994648792904911,636,636,1.0
mmke-entity,qwen2.5-vl-3b,M_dot,30,1.962257819868536e-06,31,0.0012479959734363888,636,636,1.0
mmke-entity,qwen2.5-vl-3b,M_dot,31,1.4629164479611379e-06,32,0.0009304148609032837,636,636,1.0
mmke-entity,qwen2.5-vl-3b,M_dot,32,5.136618033434626e-07,33,0.00032668890692644226,636,636,1.0
mmke-entity,qwen2.5-vl-3b,M_dot,33,1.4607946439763552e-07,34,9.290653935689619e-05,636,636,1.0
mmke-entity,qwen2.5-vl-3b,M_dot,34,3.826345387435558e-08,35,2.433555666409015e-05,636,636,1.0
mmke-entity,qwen2.5-vl-3b,M_abscos_x_newn,0,0.006471581148293144,1,,636,636,1.0
mmke-entity,qwen2.5-vl-3b,M_abscos_x_newn,1,0.006430812273164358,2,,636,636,1.0
mmke-entity,qwen2.5-vl-3b,M_abscos_x_newn,2,0.00632846338309008,3,,636,636,1.0
mmke-entity,qwen2.5-vl-3b,M_abscos_x_newn,3,0.006282846283686054,4,,636,636,1.0
mmke-entity,qwen2.5-vl-3b,M_abscos_x_newn,6,0.0062820842459656795,5,,636,636,1.0
mmke-entity,qwen2.5-vl-3b,M_abscos_x_newn,5,0.006263405279570239,6,,636,636,1.0
mmke-entity,qwen2.5-vl-3b,M_abscos_x_newn,7,0.00626332027332939,7,,636,636,1.0
mmke-entity,qwen2.5-vl-3b,M_abscos_x_newn,4,0.006260191847660388,8,,636,636,1.0
mmke-entity,qwen2.5-vl-3b,M_abscos_x_newn,8,0.005878137351589101,9,,636,636,1.0
mmke-entity,qwen2.5-vl-3b,M_abscos_x_newn,9,0.005635785893651672,10,,636,636,1.0
mmke-entity,qwen2.5-vl-3b,M_abscos_x_newn,10,0.005555908173218884,11,,636,636,1.0
mmke-entity,qwen2.5-vl-3b,M_abscos_x_newn,12,0.0052380649296746755,12,,636,636,1.0
mmke-entity,qwen2.5-vl-3b,M_abscos_x_newn,11,0.005212726685917262,13,,636,636,1.0
mmke-entity,qwen2.5-vl-3b,M_abscos_x_newn,13,0.0045093881899065675,14,,636,636,1.0
mmke-entity,qwen2.5-vl-3b,M_abscos_x_newn,14,0.0041155022988943095,15,,636,636,1.0
mmke-entity,qwen2.5-vl-3b,M_abscos_x_newn,15,0.003918228892524749,16,,636,636,1.0
mmke-entity,qwen2.5-vl-3b,M_abscos_x_newn,16,0.0036907198104689093,17,,636,636,1.0
mmke-entity,qwen2.5-vl-3b,M_abscos_x_newn,17,0.003459981529420669,18,,636,636,1.0
mmke-entity,qwen2.5-vl-3b,M_abscos_x_newn,18,0.003088007274812252,19,,636,636,1.0
mmke-entity,qwen2.5-vl-3b,M_abscos_x_newn,19,0.0027733419226645887,20,,636,636,1.0
mmke-entity,qwen2.5-vl-3b,M_abscos_x_newn,20,0.0025719850798972058,21,,636,636,1.0
mmke-entity,qwen2.5-vl-3b,M_abscos_x_newn,21,0.0023637098022613926,22,,636,636,1.0
mmke-entity,qwen2.5-vl-3b,M_abscos_x_newn,22,0.0022681250093677893,23,,636,636,1.0
mmke-entity,qwen2.5-vl-3b,M_abscos_x_newn,23,0.0018242277455707018,24,,636,636,1.0
mmke-entity,qwen2.5-vl-3b,M_abscos_x_newn,24,0.001659044311319812,25,,636,636,1.0
mmke-entity,qwen2.5-vl-3b,M_abscos_x_newn,25,0.0011717546910020378,26,,636,636,1.0
mmke-entity,qwen2.5-vl-3b,M_abscos_x_newn,26,0.001062545481612964,27,,636,636,1.0
mmke-entity,qwen2.5-vl-3b,M_abscos_x_newn,27,0.0009613206798654554,28,,636,636,1.0
mmke-entity,qwen2.5-vl-3b,M_abscos_x_newn,28,0.000896603836258923,29,,636,636,1.0
mmke-entity,qwen2.5-vl-3b,M_abscos_x_newn,29,0.0006512495265610948,30,,636,636,1.0
mmke-entity,qwen2.5-vl-3b,M_abscos_x_newn,30,0.000504306182272906,31,,636,636,1.0
mmke-entity,qwen2.5-vl-3b,M_abscos_x_newn,31,0.0004482142666159428,32,,636,636,1.0
mmke-entity,qwen2.5-vl-3b,M_abscos_x_newn,32,0.0002556954012748448,33,,636,636,1.0
mmke-entity,qwen2.5-vl-3b,M_abscos_x_newn,33,0.00015768669612670357,34,,636,636,1.0
mmke-entity,qwen2.5-vl-3b,M_abscos_x_newn,34,7.473288907238035e-05,35,,636,636,1.0
mmke-entity,smolvlm-1.7b,M_dot,0,0.002503126883291759,1,1.5919886977735587,636,636,1.0
mmke-entity,smolvlm-1.7b,M_dot,1,0.0019855580997117264,2,1.262814951416658,636,636,1.0
mmke-entity,smolvlm-1.7b,M_dot,2,0.0016091073844194707,3,1.0233922964907833,636,636,1.0
mmke-entity,smolvlm-1.7b,M_dot,3,0.0013096476767150765,4,0.8329359223907886,636,636,1.0
mmke-entity,smolvlm-1.7b,M_dot,4,0.0010951794282654471,5,0.6965341163768244,636,636,1.0
mmke-entity,smolvlm-1.7b,M_dot,5,0.000930908599259982,6,0.5920578691293485,636,636,1.0
mmke-entity,smolvlm-1.7b,M_dot,6,0.0007684162413838091,7,0.4887127295201026,636,636,1.0
mmke-entity,smolvlm-1.7b,M_dot,7,0.000583430503966928,8,0.3710618005229662,636,636,1.0
mmke-entity,smolvlm-1.7b,M_dot,8,0.00043216268143676806,9,0.27485546539378447,636,636,1.0
mmke-entity,smolvlm-1.7b,M_dot,9,0.0003433879663966849,10,0.21839474662829161,636,636,1.0
mmke-entity,smolvlm-1.7b,M_dot,10,0.00024521293984608065,11,0.1559554297421073,636,636,1.0
mmke-entity,smolvlm-1.7b,M_dot,11,0.00017228575388448717,12,0.10957373947053384,636,636,1.0
mmke-entity,smolvlm-1.7b,M_dot,12,8.699886315721787e-05,13,0.05533127696799057,636,636,1.0
mmke-entity,smolvlm-1.7b,M_dot,13,6.323989635071976e-05,14,0.04022057407905777,636,636,1.0
mmke-entity,smolvlm-1.7b,M_dot,14,4.729555647807043e-05,15,0.030079973920052794,636,636,1.0
mmke-entity,smolvlm-1.7b,M_dot,15,1.8486962343435147e-05,16,0.011757708050424753,636,636,1.0
mmke-entity,smolvlm-1.7b,M_dot,16,9.969073388144227e-06,17,0.006340330674859729,636,636,1.0
mmke-entity,smolvlm-1.7b,M_dot,17,5.4177816239659834e-06,18,0.0034457091128423656,636,636,1.0
mmke-entity,smolvlm-1.7b,M_dot,18,3.2949809769589406e-06,19,0.002095607901345886,636,636,1.0
mmke-entity,smolvlm-1.7b,M_dot,19,1.75298119646741e-06,20,0.0011148960409532727,636,636,1.0
mmke-entity,smolvlm-1.7b,M_dot,20,9.661271248957338e-07,21,0.0006144568514336867,636,636,1.0
mmke-entity,smolvlm-1.7b,M_dot,21,3.5961598838477905e-07,22,0.00022871576861271947,636,636,1.0
mmke-entity,smolvlm-1.7b,M_dot,22,8.103385240655459e-08,23,5.153753013056872e-05,636,636,1.0
mmke-entity,smolvlm-1.7b,M_abscos_x_newn,0,0.011658916358817974,1,,636,636,1.0
mmke-entity,smolvlm-1.7b,M_abscos_x_newn,1,0.010523726212786888,2,,636,636,1.0
mmke-entity,smolvlm-1.7b,M_abscos_x_newn,2,0.009682818099080037,3,,636,636,1.0
mmke-entity,smolvlm-1.7b,M_abscos_x_newn,3,0.008875178593975871,4,,636,636,1.0
mmke-entity,smolvlm-1.7b,M_abscos_x_newn,4,0.008216064350368656,5,,636,636,1.0
mmke-entity,smolvlm-1.7b,M_abscos_x_newn,5,0.007646203019302475,6,,636,636,1.0
mmke-entity,smolvlm-1.7b,M_abscos_x_newn,6,0.0069636064030120385,7,,636,636,1.0
mmke-entity,smolvlm-1.7b,M_abscos_x_newn,7,0.00606687430167725,8,,636,636,1.0
mmke-entity,smolvlm-1.7b,M_abscos_x_newn,8,0.0051657085810297544,9,,636,636,1.0
mmke-entity,smolvlm-1.7b,M_abscos_x_newn,9,0.004620903692897459,10,,636,636,1.0
mmke-entity,smolvlm-1.7b,M_abscos_x_newn,10,0.003951070674327128,11,,636,636,1.0
mmke-entity,smolvlm-1.7b,M_abscos_x_newn,11,0.003210362442843089,12,,636,636,1.0
mmke-entity,smolvlm-1.7b,M_abscos_x_newn,12,0.0021326191761048244,13,,636,636,1.0
mmke-entity,smolvlm-1.7b,M_abscos_x_newn,13,0.0017783269399316917,14,,636,636,1.0
mmke-entity,smolvlm-1.7b,M_abscos_x_newn,14,0.0014585954668691044,15,,636,636,1.0
mmke-entity,smolvlm-1.7b,M_abscos_x_newn,15,0.0008365725913883466,16,,636,636,1.0
mmke-entity,smolvlm-1.7b,M_abscos_x_newn,16,0.0005911197337800567,17,,636,636,1.0
mmke-entity,smolvlm-1.7b,M_abscos_x_newn,17,0.00042896216955657686,18,,636,636,1.0
mmke-entity,smolvlm-1.7b,M_abscos_x_newn,18,0.0003320059250620778,19,,636,636,1.0
mmke-entity,smolvlm-1.7b,M_abscos_x_newn,19,0.00023835360250947332,20,,636,636,1.0
mmke-entity,smolvlm-1.7b,M_abscos_x_newn,20,0.00017568175337237546,21,,636,636,1.0
mmke-entity,smolvlm-1.7b,M_abscos_x_newn,21,0.00010378288952495215,22,,636,636,1.0
mmke-entity,smolvlm-1.7b,M_abscos_x_newn,22,4.595050080672787e-05,23,,636,636,1.0
mmke-visual,blip2-opt-2.7b,M_dot,4,0.012165109145342804,1,2.128894100434991,175,214,0.8177570093457944
mmke-visual,blip2-opt-2.7b,M_dot,3,0.011707245429653474,2,2.048767950189358,175,214,0.8177570093457944
mmke-visual,blip2-opt-2.7b,M_dot,2,0.003859773354348103,3,0.675460337010918,175,214,0.8177570093457944
mmke-visual,blip2-opt-2.7b,M_dot,5,0.0028741458251378,4,0.502975519399115,175,214,0.8177570093457944
mmke-visual,blip2-opt-2.7b,M_dot,7,0.0007065336114984738,5,0.12364338201223292,175,214,0.8177570093457944
mmke-visual,blip2-opt-2.7b,M_dot,8,0.0004580029383344351,6,0.08015051420852615,175,214,0.8177570093457944
mmke-visual,blip2-opt-2.7b,M_dot,9,0.0004220440305860913,7,0.07385770535256597,175,214,0.8177570093457944
mmke-visual,blip2-opt-2.7b,M_dot,10,0.00041487855021711897,8,0.07260374628799582,175,214,0.8177570093457944
mmke-visual,blip2-opt-2.7b,M_dot,6,0.00040675825184735006,9,0.07118269407328626,175,214,0.8177570093457944
mmke-visual,blip2-opt-2.7b,M_dot,11,0.00038842985335577393,10,0.06797522433726044,175,214,0.8177570093457944
mmke-visual,blip2-opt-2.7b,M_dot,12,0.0003585580374380827,11,0.06274765655166448,175,214,0.8177570093457944
mmke-visual,blip2-opt-2.7b,M_dot,13,0.000329810029440653,12,0.05771675515211427,175,214,0.8177570093457944
mmke-visual,blip2-opt-2.7b,M_dot,14,0.0003140717455205179,13,0.054962555466090635,175,214,0.8177570093457944
mmke-visual,blip2-opt-2.7b,M_dot,15,0.00027975076168591583,14,0.04895638329503527,175,214,0.8177570093457944
mmke-visual,blip2-opt-2.7b,M_dot,16,0.00021049243918111772,15,0.0368361768566956,175,214,0.8177570093457944
mmke-visual,blip2-opt-2.7b,M_dot,17,0.00018576953656650273,16,0.03250966889913798,175,214,0.8177570093457944
mmke-visual,blip2-opt-2.7b,M_dot,18,0.00013248824942430865,17,0.023185443649254015,175,214,0.8177570093457944
mmke-visual,blip2-opt-2.7b,M_dot,19,9.852089799908624e-05,18,0.01724115714984009,175,214,0.8177570093457944
mmke-visual,blip2-opt-2.7b,M_dot,20,8.028230027710898e-05,19,0.014049402548494072,175,214,0.8177570093457944
mmke-visual,blip2-opt-2.7b,M_dot,21,4.405782769741303e-05,20,0.00771011984704728,175,214,0.8177570093457944
mmke-visual,blip2-opt-2.7b,M_dot,22,3.452806580883459e-05,21,0.0060424115165460535,175,214,0.8177570093457944
mmke-visual,blip2-opt-2.7b,M_dot,23,2.5643731745422622e-05,22,0.004487653055448959,175,214,0.8177570093457944
mmke-visual,blip2-opt-2.7b,M_dot,25,1.954230764762802e-05,23,0.0034199038383349034,175,214,0.8177570093457944
mmke-visual,blip2-opt-2.7b,M_dot,24,1.927002096798398e-05,24,0.003372253669397196,175,214,0.8177570093457944
mmke-visual,blip2-opt-2.7b,M_dot,26,1.5719761256442716e-05,25,0.002750958219877475,175,214,0.8177570093457944
mmke-visual,blip2-opt-2.7b,M_dot,27,9.359753729865718e-06,26,0.0016379569027265006,175,214,0.8177570093457944
mmke-visual,blip2-opt-2.7b,M_dot,28,3.413891257488493e-06,27,0.0005974309700604863,175,214,0.8177570093457944
mmke-visual,blip2-opt-2.7b,M_dot,29,2.3390770203539953e-07,28,4.0933847856194916e-05,175,214,0.8177570093457944
mmke-visual,blip2-opt-2.7b,M_dot,30,-1.7571699865064667e-06,29,-0.00030750474763863167,175,214,0.8177570093457944
mmke-visual,blip2-opt-2.7b,M_dot,1,-0.15996373324985533,30,-27.993653318724682,175,214,0.8177570093457944
mmke-visual,blip2-opt-2.7b,M_dot,0,-0.4154011740923826,31,-72.69520546616695,175,214,0.8177570093457944
mmke-visual,blip2-opt-2.7b,M_abscos_x_newn,0,0.021583719187448096,1,,175,214,0.8177570093457944
mmke-visual,blip2-opt-2.7b,M_abscos_x_newn,1,0.014476856935006699,2,,175,214,0.8177570093457944
mmke-visual,blip2-opt-2.7b,M_abscos_x_newn,2,0.010642219631069916,3,,175,214,0.8177570093457944
mmke-visual,blip2-opt-2.7b,M_abscos_x_newn,4,0.010394867534432712,4,,175,214,0.8177570093457944
mmke-visual,blip2-opt-2.7b,M_abscos_x_newn,3,0.010365193340106816,5,,175,214,0.8177570093457944
mmke-visual,blip2-opt-2.7b,M_abscos_x_newn,5,0.006714995596327614,6,,175,214,0.8177570093457944
mmke-visual,blip2-opt-2.7b,M_abscos_x_newn,6,0.004688107916065526,7,,175,214,0.8177570093457944
mmke-visual,blip2-opt-2.7b,M_abscos_x_newn,7,0.003997204553020009,8,,175,214,0.8177570093457944
mmke-visual,blip2-opt-2.7b,M_abscos_x_newn,8,0.0035835168624511198,9,,175,214,0.8177570093457944
mmke-visual,blip2-opt-2.7b,M_abscos_x_newn,9,0.003463941331509663,10,,175,214,0.8177570093457944
mmke-visual,blip2-opt-2.7b,M_abscos_x_newn,10,0.0034456193316296227,11,,175,214,0.8177570093457944
mmke-visual,blip2-opt-2.7b,M_abscos_x_newn,11,0.0033507209283454293,12,,175,214,0.8177570093457944
mmke-visual,blip2-opt-2.7b,M_abscos_x_newn,12,0.0032031524247891304,13,,175,214,0.8177570093457944
mmke-visual,blip2-opt-2.7b,M_abscos_x_newn,13,0.002930812176335471,14,,175,214,0.8177570093457944
mmke-visual,blip2-opt-2.7b,M_abscos_x_newn,14,0.002820382600333252,15,,175,214,0.8177570093457944
mmke-visual,blip2-opt-2.7b,M_abscos_x_newn,15,0.0025514139516186044,16,,175,214,0.8177570093457944
mmke-visual,blip2-opt-2.7b,M_abscos_x_newn,16,0.0021596880694839922,17,,175,214,0.8177570093457944
mmke-visual,blip2-opt-2.7b,M_abscos_x_newn,17,0.0020046805143903276,18,,175,214,0.8177570093457944
mmke-visual,blip2-opt-2.7b,M_abscos_x_newn,18,0.0015710226841139812,19,,175,214,0.8177570093457944
mmke-visual,blip2-opt-2.7b,M_abscos_x_newn,19,0.0012283383470538232,20,,175,214,0.8177570093457944
mmke-visual,blip2-opt-2.7b,M_abscos_x_newn,20,0.0010856812332007343,21,,175,214,0.8177570093457944
mmke-visual,blip2-opt-2.7b,M_abscos_x_newn,21,0.0007459828484191967,22,,175,214,0.8177570093457944
mmke-visual,blip2-opt-2.7b,M_abscos_x_newn,22,0.0006358392798315136,23,,175,214,0.8177570093457944
mmke-visual,blip2-opt-2.7b,M_abscos_x_newn,23,0.0005186475918454312,24,,175,214,0.8177570093457944
mmke-visual,blip2-opt-2.7b,M_abscos_x_newn,24,0.0004419268198088833,25,,175,214,0.8177570093457944
mmke-visual,blip2-opt-2.7b,M_abscos_x_newn,25,0.0004130140316598494,26,,175,214,0.8177570093457944
mmke-visual,blip2-opt-2.7b,M_abscos_x_newn,26,0.0003023883108030737,27,,175,214,0.8177570093457944
mmke-visual,blip2-opt-2.7b,M_abscos_x_newn,27,0.00025667411963297294,28,,175,214,0.8177570093457944
mmke-visual,blip2-opt-2.7b,M_abscos_x_newn,28,0.00015544395552643983,29,,175,214,0.8177570093457944
mmke-visual,blip2-opt-2.7b,M_abscos_x_newn,29,5.45417945427474e-05,30,,175,214,0.8177570093457944
mmke-visual,blip2-opt-2.7b,M_abscos_x_newn,30,4.824435115810287e-05,31,,175,214,0.8177570093457944
mmke-visual,instructblip-vicuna-7b,M_dot,1,2.1784843927788957,1,466.1956600546837,214,214,1.0
mmke-visual,instructblip-vicuna-7b,M_dot,0,2.117470564964776,2,453.138700902462,214,214,1.0
mmke-visual,instructblip-vicuna-7b,M_dot,3,1.8050165194843975,3,386.27353516966105,214,214,1.0
mmke-visual,instructblip-vicuna-7b,M_dot,2,1.7660427355146575,4,377.9331454001367,214,214,1.0
mmke-visual,instructblip-vicuna-7b,M_dot,4,1.7109569023563482,5,366.14477710425854,214,214,1.0
mmke-visual,instructblip-vicuna-7b,M_dot,5,1.620146970569252,6,346.7114517018199,214,214,1.0
mmke-visual,instructblip-vicuna-7b,M_dot,6,1.601335357352395,7,342.6857664734125,214,214,1.0
mmke-visual,instructblip-vicuna-7b,M_dot,9,1.5976139597385843,8,341.88938738405704,214,214,1.0
mmke-visual,instructblip-vicuna-7b,M_dot,8,1.5773813949427873,9,337.55961851775646,214,214,1.0
mmke-visual,instructblip-vicuna-7b,M_dot,7,1.5673539063710475,10,335.4137359634042,214,214,1.0
mmke-visual,instructblip-vicuna-7b,M_dot,10,1.532948038462445,11,328.05088023096323,214,214,1.0
mmke-visual,instructblip-vicuna-7b,M_dot,11,1.4771842319065722,12,316.11742562800646,214,214,1.0
mmke-visual,instructblip-vicuna-7b,M_dot,12,1.444957315329915,13,309.2208654806018,214,214,1.0
mmke-visual,instructblip-vicuna-7b,M_dot,13,1.3993426045733635,14,299.4593173786998,214,214,1.0
mmke-visual,instructblip-vicuna-7b,M_dot,14,1.3343573521091558,15,285.55247335135937,214,214,1.0
mmke-visual,instructblip-vicuna-7b,M_dot,15,1.2210547826557516,16,261.30572348833084,214,214,1.0
mmke-visual,instructblip-vicuna-7b,M_dot,16,1.1139390385387657,17,238.38295424729586,214,214,1.0
mmke-visual,instructblip-vicuna-7b,M_dot,17,0.9885980053064979,18,211.55997313559055,214,214,1.0
mmke-visual,instructblip-vicuna-7b,M_dot,18,0.8789136214094742,19,188.08751498162746,214,214,1.0
mmke-visual,instructblip-vicuna-7b,M_dot,19,0.7885887432738999,20,168.7579910606146,214,214,1.0
mmke-visual,instructblip-vicuna-7b,M_dot,20,0.7182235631778419,21,153.69984252005816,214,214,1.0
mmke-visual,instructblip-vicuna-7b,M_dot,21,0.6449604912130075,22,138.0215451195836,214,214,1.0
mmke-visual,instructblip-vicuna-7b,M_dot,22,0.5819133850876416,23,124.52946440875529,214,214,1.0
mmke-visual,instructblip-vicuna-7b,M_dot,23,0.49924324813220544,24,106.83805510029197,214,214,1.0
mmke-visual,instructblip-vicuna-7b,M_dot,24,0.45365691989242474,25,97.0825808569789,214,214,1.0
mmke-visual,instructblip-vicuna-7b,M_dot,25,0.40849128536984464,26,87.41713506914675,214,214,1.0
mmke-visual,instructblip-vicuna-7b,M_dot,26,0.33208989961699487,27,71.0672385180369,214,214,1.0
mmke-visual,instructblip-vicuna-7b,M_dot,27,0.29322936222453333,28,62.75108351605013,214,214,1.0
mmke-visual,instructblip-vicuna-7b,M_dot,28,0.14542937859953772,29,31.121887020301074,214,214,1.0
mmke-visual,instructblip-vicuna-7b,M_dot,29,0.13380044631178004,30,28.633295510720927,214,214,1.0
mmke-visual,instructblip-vicuna-7b,M_dot,30,0.10945991123373681,31,23.424421004019678,214,214,1.0
mmke-visual,instructblip-vicuna-7b,M_abscos_x_newn,1,0.8394855191484243,1,,214,214,1.0
mmke-visual,instructblip-vicuna-7b,M_abscos_x_newn,0,0.8224012752465033,2,,214,214,1.0
mmke-visual,instructblip-vicuna-7b,M_abscos_x_newn,3,0.745443819135691,3,,214,214,1.0
mmke-visual,instructblip-vicuna-7b,M_abscos_x_newn,2,0.7334240732973131,4,,214,214,1.0
mmke-visual,instructblip-vicuna-7b,M_abscos_x_newn,4,0.7119079536971239,5,,214,214,1.0
mmke-visual,instructblip-vicuna-7b,M_abscos_x_newn,5,0.6769605693858353,6,,214,214,1.0
mmke-visual,instructblip-vicuna-7b,M_abscos_x_newn,6,0.6672337688413843,7,,214,214,1.0
mmke-visual,instructblip-vicuna-7b,M_abscos_x_newn,9,0.6538853660280888,8,,214,214,1.0
mmke-visual,instructblip-vicuna-7b,M_abscos_x_newn,7,0.6531505433342298,9,,214,214,1.0
mmke-visual,instructblip-vicuna-7b,M_abscos_x_newn,8,0.6481746146058963,10,,214,214,1.0
mmke-visual,instructblip-vicuna-7b,M_abscos_x_newn,10,0.6329362640227699,11,,214,214,1.0
mmke-visual,instructblip-vicuna-7b,M_abscos_x_newn,11,0.6138677028565259,12,,214,214,1.0
mmke-visual,instructblip-vicuna-7b,M_abscos_x_newn,12,0.6104263974809915,13,,214,214,1.0
mmke-visual,instructblip-vicuna-7b,M_abscos_x_newn,13,0.6055294508711708,14,,214,214,1.0
mmke-visual,instructblip-vicuna-7b,M_abscos_x_newn,14,0.5927016438575594,15,,214,214,1.0
mmke-visual,instructblip-vicuna-7b,M_abscos_x_newn,15,0.5697205694926705,16,,214,214,1.0
mmke-visual,instructblip-vicuna-7b,M_abscos_x_newn,16,0.5492365834663,17,,214,214,1.0
mmke-visual,instructblip-vicuna-7b,M_abscos_x_newn,17,0.5162348967240147,18,,214,214,1.0
mmke-visual,instructblip-vicuna-7b,M_abscos_x_newn,18,0.4855118329623894,19,,214,214,1.0
mmke-visual,instructblip-vicuna-7b,M_abscos_x_newn,19,0.4650541966035367,20,,214,214,1.0
mmke-visual,instructblip-vicuna-7b,M_abscos_x_newn,20,0.45331811677871986,21,,214,214,1.0
mmke-visual,instructblip-vicuna-7b,M_abscos_x_newn,21,0.4394515191126669,22,,214,214,1.0
mmke-visual,instructblip-vicuna-7b,M_abscos_x_newn,22,0.432428645436374,23,,214,214,1.0
mmke-visual,instructblip-vicuna-7b,M_abscos_x_newn,25,0.4196339274886828,24,,214,214,1.0
mmke-visual,instructblip-vicuna-7b,M_abscos_x_newn,23,0.4129644201738569,25,,214,214,1.0
mmke-visual,instructblip-vicuna-7b,M_abscos_x_newn,24,0.4109662959187425,26,,214,214,1.0
mmke-visual,instructblip-vicuna-7b,M_abscos_x_newn,26,0.40872617402576183,27,,214,214,1.0
mmke-visual,instructblip-vicuna-7b,M_abscos_x_newn,27,0.4009396937584106,28,,214,214,1.0
mmke-visual,instructblip-vicuna-7b,M_abscos_x_newn,29,0.25819388281993777,29,,214,214,1.0
mmke-visual,instructblip-vicuna-7b,M_abscos_x_newn,28,0.25084464812183094,30,,214,214,1.0
mmke-visual,instructblip-vicuna-7b,M_abscos_x_newn,30,0.2275152361659473,31,,214,214,1.0
mmke-visual,llava-v1.5-7b,M_dot,30,-1.0656292978557674e-07,1,-2.2804466974113424e-05,214,214,1.0
mmke-visual,llava-v1.5-7b,M_dot,29,-1.2653509440448868e-07,2,-2.707851020256058e-05,214,214,1.0
mmke-visual,llava-v1.5-7b,M_dot,28,-4.2148076745874353e-07,3,-9.019688423617112e-05,214,214,1.0
mmke-visual,llava-v1.5-7b,M_dot,27,-6.853049425776886e-07,4,-0.00014665525771162535,214,214,1.0
mmke-visual,llava-v1.5-7b,M_dot,26,-8.646191564910874e-07,5,-0.00018502849948909272,214,214,1.0
mmke-visual,llava-v1.5-7b,M_dot,25,-1.050166301682549e-06,6,-0.0002247355885600655,214,214,1.0
mmke-visual,llava-v1.5-7b,M_dot,24,-1.1634655409316366e-06,7,-0.0002489816257593702,214,214,1.0
mmke-visual,llava-v1.5-7b,M_dot,23,-1.6026233449601014e-06,8,-0.0003429613958214617,214,214,1.0
mmke-visual,llava-v1.5-7b,M_dot,22,-1.9100359767258386e-06,9,-0.00040874769901932945,214,214,1.0
mmke-visual,llava-v1.5-7b,M_dot,21,-2.781450621135927e-06,10,-0.0005952304329230884,214,214,1.0
mmke-visual,llava-v1.5-7b,M_dot,20,-3.4364201135430864e-06,11,-0.0007353939042982205,214,214,1.0
mmke-visual,llava-v1.5-7b,M_dot,18,-8.905920278081017e-06,12,-0.0019058669395093375,214,214,1.0
mmke-visual,llava-v1.5-7b,M_dot,19,-8.916908707039041e-06,13,-0.0019082184633063548,214,214,1.0
mmke-visual,llava-v1.5-7b,M_dot,17,-1.3625678240598135e-05,14,-0.002915895143488001,214,214,1.0
mmke-visual,llava-v1.5-7b,M_dot,16,-2.3099590463031476e-05,15,-0.004943312359088736,214,214,1.0
mmke-visual,llava-v1.5-7b,M_dot,15,-3.277842957340144e-05,16,-0.007014583928707908,214,214,1.0
mmke-visual,llava-v1.5-7b,M_dot,14,-4.163225939050769e-05,17,-0.008909303509568645,214,214,1.0
mmke-visual,llava-v1.5-7b,M_dot,13,-5.564381502017993e-05,18,-0.011907776414318505,214,214,1.0
mmke-visual,llava-v1.5-7b,M_dot,12,-6.608592982247161e-05,19,-0.014142388982008924,214,214,1.0
mmke-visual,llava-v1.5-7b,M_dot,11,-7.829597451948877e-05,20,-0.016755338547170595,214,214,1.0
mmke-visual,llava-v1.5-7b,M_dot,10,-0.0001009398569513591,21,-0.021601129387590845,214,214,1.0
mmke-visual,llava-v1.5-7b,M_dot,9,-0.00012973629502667053,22,-0.027763567135707493,214,214,1.0
mmke-visual,llava-v1.5-7b,M_dot,8,-0.00015749728000600613,23,-0.03370441792128531,214,214,1.0
mmke-visual,llava-v1.5-7b,M_dot,7,-0.00020116653081033939,24,-0.043049637593412626,214,214,1.0
mmke-visual,llava-v1.5-7b,M_dot,6,-0.0002436089485789797,25,-0.05213231499590165,214,214,1.0
mmke-visual,llava-v1.5-7b,M_dot,1,-0.00024381461158367885,26,-0.052176326878907275,214,214,1.0
mmke-visual,llava-v1.5-7b,M_dot,0,-0.00024530770567877805,27,-0.05249584901525851,214,214,1.0
mmke-visual,llava-v1.5-7b,M_dot,2,-0.00024781397849089285,28,-0.05303219139705107,214,214,1.0
mmke-visual,llava-v1.5-7b,M_dot,3,-0.0002542144100858575,29,-0.05440188375837351,214,214,1.0
mmke-visual,llava-v1.5-7b,M_dot,4,-0.000256918800455721,30,-0.05498062329752429,214,214,1.0
mmke-visual,llava-v1.5-7b,M_dot,5,-0.00026005275777334585,31,-0.05565129016349601,214,214,1.0
mmke-visual,llava-v1.5-7b,M_abscos_x_newn,0,0.001223242589165532,1,,214,214,1.0
mmke-visual,llava-v1.5-7b,M_abscos_x_newn,3,0.0011986131584193756,2,,214,214,1.0
mmke-visual,llava-v1.5-7b,M_abscos_x_newn,1,0.001195375812917046,3,,214,214,1.0
mmke-visual,llava-v1.5-7b,M_abscos_x_newn,2,0.0011931780073335793,4,,214,214,1.0
mmke-visual,llava-v1.5-7b,M_abscos_x_newn,5,0.0011701419884577139,5,,214,214,1.0
mmke-visual,llava-v1.5-7b,M_abscos_x_newn,7,0.001169079333868871,6,,214,214,1.0
mmke-visual,llava-v1.5-7b,M_abscos_x_newn,4,0.0011613386595765577,7,,214,214,1.0
mmke-visual,llava-v1.5-7b,M_abscos_x_newn,6,0.0011504385202702316,8,,214,214,1.0
mmke-visual,llava-v1.5-7b,M_abscos_x_newn,8,0.0010666694715039827,9,,214,214,1.0
mmke-visual,llava-v1.5-7b,M_abscos_x_newn,9,0.0010081876835968478,10,,214,214,1.0
mmke-visual,llava-v1.5-7b,M_abscos_x_newn,10,0.0008867996257028206,11,,214,214,1.0
mmke-visual,llava-v1.5-7b,M_abscos_x_newn,11,0.0007565037612807894,12,,214,214,1.0
mmke-visual,llava-v1.5-7b,M_abscos_x_newn,12,0.0006740340499430073,13,,214,214,1.0
mmke-visual,llava-v1.5-7b,M_abscos_x_newn,13,0.0006464249601054393,14,,214,214,1.0
mmke-visual,llava-v1.5-7b,M_abscos_x_newn,14,0.0005415153839133482,15,,214,214,1.0
mmke-visual,llava-v1.5-7b,M_abscos_x_newn,15,0.00047123338670628667,16,,214,214,1.0
mmke-visual,llava-v1.5-7b,M_abscos_x_newn,16,0.0003980536538041554,17,,214,214,1.0
mmke-visual,llava-v1.5-7b,M_abscos_x_newn,17,0.00030637602268364513,18,,214,214,1.0
mmke-visual,llava-v1.5-7b,M_abscos_x_newn,19,0.00027629560098178476,19,,214,214,1.0
mmke-visual,llava-v1.5-7b,M_abscos_x_newn,18,0.0002729328057369923,20,,214,214,1.0
mmke-visual,llava-v1.5-7b,M_abscos_x_newn,20,0.00018042127665950306,21,,214,214,1.0
mmke-visual,llava-v1.5-7b,M_abscos_x_newn,21,0.00017975276659335543,22,,214,214,1.0
mmke-visual,llava-v1.5-7b,M_abscos_x_newn,22,0.00015236954071422612,23,,214,214,1.0
mmke-visual,llava-v1.5-7b,M_abscos_x_newn,23,0.00014800759409742256,24,,214,214,1.0
mmke-visual,llava-v1.5-7b,M_abscos_x_newn,25,0.00014279186668905084,25,,214,214,1.0
mmke-visual,llava-v1.5-7b,M_abscos_x_newn,26,0.00013902356148148292,26,,214,214,1.0
mmke-visual,llava-v1.5-7b,M_abscos_x_newn,27,0.0001324123470001781,27,,214,214,1.0
mmke-visual,llava-v1.5-7b,M_abscos_x_newn,24,0.00012245998766171893,28,,214,214,1.0
mmke-visual,llava-v1.5-7b,M_abscos_x_newn,30,0.00011852514524233942,29,,214,214,1.0
mmke-visual,llava-v1.5-7b,M_abscos_x_newn,28,0.00011691645880199775,30,,214,214,1.0
mmke-visual,llava-v1.5-7b,M_abscos_x_newn,29,0.00010875532963266,31,,214,214,1.0
mmke-visual,minigpt-4-vicuna-7b,M_dot,30,-7.461610195093195e-06,1,-0.0015967845817499438,214,214,1.0
mmke-visual,minigpt-4-vicuna-7b,M_dot,29,-1.261342747825098e-05,2,-0.0026992734803457097,214,214,1.0
mmke-visual,minigpt-4-vicuna-7b,M_dot,28,-1.3788811682422768e-05,3,-0.0029508057000384724,214,214,1.0
mmke-visual,minigpt-4-vicuna-7b,M_dot,26,-1.5377083497333358e-05,4,-0.0032906958684293386,214,214,1.0
mmke-visual,minigpt-4-vicuna-7b,M_dot,25,-1.5420975568801908e-05,5,-0.0033000887717236083,214,214,1.0
mmke-visual,minigpt-4-vicuna-7b,M_dot,27,-1.54943290053397e-05,6,-0.0033157864071426957,214,214,1.0
mmke-visual,minigpt-4-vicuna-7b,M_dot,24,-1.5835358864495622e-05,7,-0.003388766797002063,214,214,1.0
mmke-visual,minigpt-4-vicuna-7b,M_dot,23,-1.6463948532920223e-05,8,-0.003523284986044928,214,214,1.0
mmke-visual,minigpt-4-vicuna-7b,M_dot,22,-1.834027583277445e-05,9,-0.003924819028213733,214,214,1.0
mmke-visual,minigpt-4-vicuna-7b,M_dot,21,-2.0417971843476917e-05,10,-0.00436944597450406,214,214,1.0
mmke-visual,minigpt-4-vicuna-7b,M_dot,20,-2.0795126487806455e-05,11,-0.004450157068390581,214,214,1.0
mmke-visual,minigpt-4-vicuna-7b,M_dot,19,-2.1286234223501867e-05,12,-0.0045552541238294,214,214,1.0
mmke-visual,minigpt-4-vicuna-7b,M_dot,18,-2.2285339154941284e-05,13,-0.004769062579157435,214,214,1.0
mmke-visual,minigpt-4-vicuna-7b,M_dot,17,-2.2680532032541337e-05,14,-0.004853633854963846,214,214,1.0
mmke-visual,minigpt-4-vicuna-7b,M_dot,16,-2.6013592089363225e-05,15,-0.00556690870712373,214,214,1.0
mmke-visual,minigpt-4-vicuna-7b,M_dot,15,-2.7883644214445122e-05,16,-0.005967099861891256,214,214,1.0
mmke-visual,minigpt-4-vicuna-7b,M_dot,14,-2.863174635290434e-05,17,-0.006127193719521529,214,214,1.0
mmke-visual,minigpt-4-vicuna-7b,M_dot,13,-2.8866809411865858e-05,18,-0.006177497214139294,214,214,1.0
mmke-visual,minigpt-4-vicuna-7b,M_dot,12,-3.072123523700943e-05,19,-0.006574344340720018,214,214,1.0
mmke-visual,minigpt-4-vicuna-7b,M_dot,2,-3.1253595513045974e-05,20,-0.0066882694397918385,214,214,1.0
mmke-visual,minigpt-4-vicuna-7b,M_dot,0,-3.1576181541083236e-05,21,-0.006757302849791812,214,214,1.0
mmke-visual,minigpt-4-vicuna-7b,M_dot,1,-3.160127628223852e-05,22,-0.0067626731243990434,214,214,1.0
mmke-visual,minigpt-4-vicuna-7b,M_dot,4,-3.2179469326153005e-05,23,-0.006886406435796743,214,214,1.0
mmke-visual,minigpt-4-vicuna-7b,M_dot,3,-3.2442457572062406e-05,24,-0.006942685920421355,214,214,1.0
mmke-visual,minigpt-4-vicuna-7b,M_dot,11,-3.34191552934248e-05,25,-0.007151699232792907,214,214,1.0
mmke-visual,minigpt-4-vicuna-7b,M_dot,5,-3.366515253648652e-05,26,-0.007204342642808115,214,214,1.0
mmke-visual,minigpt-4-vicuna-7b,M_dot,10,-3.434274968118554e-05,27,-0.007349348431773706,214,214,1.0
mmke-visual,minigpt-4-vicuna-7b,M_dot,7,-3.546293573763081e-05,28,-0.0075890682478529925,214,214,1.0
mmke-visual,minigpt-4-vicuna-7b,M_dot,6,-3.554802350223649e-05,29,-0.00760727702947861,214,214,1.0
mmke-visual,minigpt-4-vicuna-7b,M_dot,8,-3.63143613712454e-05,30,-0.007771273333446516,214,214,1.0
mmke-visual,minigpt-4-vicuna-7b,M_dot,9,-3.821928242298093e-05,31,-0.00817892643851792,214,214,1.0
mmke-visual,minigpt-4-vicuna-7b,M_abscos_x_newn,9,0.002383003307141647,1,,214,214,1.0
mmke-visual,minigpt-4-vicuna-7b,M_abscos_x_newn,10,0.0022451616346263205,2,,214,214,1.0
mmke-visual,minigpt-4-vicuna-7b,M_abscos_x_newn,11,0.0022257919699155784,3,,214,214,1.0
mmke-visual,minigpt-4-vicuna-7b,M_abscos_x_newn,15,0.0022177503980707574,4,,214,214,1.0
mmke-visual,minigpt-4-vicuna-7b,M_abscos_x_newn,14,0.002189550080212116,5,,214,214,1.0
mmke-visual,minigpt-4-vicuna-7b,M_abscos_x_newn,8,0.002182328792896776,6,,214,214,1.0
mmke-visual,minigpt-4-vicuna-7b,M_abscos_x_newn,16,0.002165475413538905,7,,214,214,1.0
mmke-visual,minigpt-4-vicuna-7b,M_abscos_x_newn,27,0.002143661249781228,8,,214,214,1.0
mmke-visual,minigpt-4-vicuna-7b,M_abscos_x_newn,12,0.0021360259049209673,9,,214,214,1.0
mmke-visual,minigpt-4-vicuna-7b,M_abscos_x_newn,21,0.0021306422217912055,10,,214,214,1.0
mmke-visual,minigpt-4-vicuna-7b,M_abscos_x_newn,20,0.0021031005383311792,11,,214,214,1.0
mmke-visual,minigpt-4-vicuna-7b,M_abscos_x_newn,7,0.002097399659480903,12,,214,214,1.0
mmke-visual,minigpt-4-vicuna-7b,M_abscos_x_newn,13,0.0020893131650480097,13,,214,214,1.0
mmke-visual,minigpt-4-vicuna-7b,M_abscos_x_newn,18,0.002076033549089625,14,,214,214,1.0
mmke-visual,minigpt-4-vicuna-7b,M_abscos_x_newn,28,0.002066048381291487,15,,214,214,1.0
mmke-visual,minigpt-4-vicuna-7b,M_abscos_x_newn,19,0.002062246200577147,16,,214,214,1.0
mmke-visual,minigpt-4-vicuna-7b,M_abscos_x_newn,26,0.0020598204664428912,17,,214,214,1.0
mmke-visual,minigpt-4-vicuna-7b,M_abscos_x_newn,6,0.0020597973802150326,18,,214,214,1.0
mmke-visual,minigpt-4-vicuna-7b,M_abscos_x_newn,17,0.002010675935093365,19,,214,214,1.0
mmke-visual,minigpt-4-vicuna-7b,M_abscos_x_newn,25,0.002002342631061588,20,,214,214,1.0
mmke-visual,minigpt-4-vicuna-7b,M_abscos_x_newn,22,0.0019955185542592044,21,,214,214,1.0
mmke-visual,minigpt-4-vicuna-7b,M_abscos_x_newn,29,0.00198487134483749,22,,214,214,1.0
mmke-visual,minigpt-4-vicuna-7b,M_abscos_x_newn,5,0.0019476169462581915,23,,214,214,1.0
mmke-visual,minigpt-4-vicuna-7b,M_abscos_x_newn,24,0.001945101721277628,24,,214,214,1.0
mmke-visual,minigpt-4-vicuna-7b,M_abscos_x_newn,23,0.001920828820738224,25,,214,214,1.0
mmke-visual,minigpt-4-vicuna-7b,M_abscos_x_newn,3,0.001885885827632337,26,,214,214,1.0
mmke-visual,minigpt-4-vicuna-7b,M_abscos_x_newn,4,0.0018676368420213467,27,,214,214,1.0
mmke-visual,minigpt-4-vicuna-7b,M_abscos_x_newn,1,0.001850630843490042,28,,214,214,1.0
mmke-visual,minigpt-4-vicuna-7b,M_abscos_x_newn,0,0.0018482252679805913,29,,214,214,1.0
mmke-visual,minigpt-4-vicuna-7b,M_abscos_x_newn,2,0.0018384461507243198,30,,214,214,1.0
mmke-visual,minigpt-4-vicuna-7b,M_abscos_x_newn,30,0.0014544674476525826,31,,214,214,1.0
mmke-visual,paligemma-3b,M_dot,5,0.00652601494693614,1,1.396567198644334,214,214,1.0
mmke-visual,paligemma-3b,M_dot,4,0.006274996226094228,2,1.3428491923841648,214,214,1.0
mmke-visual,paligemma-3b,M_dot,3,0.004656161179962714,3,0.9964184925120207,214,214,1.0
mmke-visual,paligemma-3b,M_dot,2,0.0033474928299868133,4,0.716363465617178,214,214,1.0
mmke-visual,paligemma-3b,M_dot,1,0.0023070003582824515,5,0.49369807667244464,214,214,1.0
mmke-visual,paligemma-3b,M_dot,6,0.0022455023416318273,6,0.48053750110921106,214,214,1.0
mmke-visual,paligemma-3b,M_dot,7,0.002143058375444287,7,0.4586144923450774,214,214,1.0
mmke-visual,paligemma-3b,M_dot,0,0.0019865470950488464,8,0.4251210783404531,214,214,1.0
mmke-visual,paligemma-3b,M_dot,8,0.000868184330237939,9,0.18579144667091896,214,214,1.0
mmke-visual,paligemma-3b,M_dot,9,0.00025480950548583927,10,0.054529234173969605,214,214,1.0
mmke-visual,paligemma-3b,M_dot,10,9.427593462847466e-05,11,0.020175050010493578,214,214,1.0
mmke-visual,paligemma-3b,M_dot,11,2.310428702706635e-05,12,0.004944317423792199,214,214,1.0
mmke-visual,paligemma-3b,M_dot,12,6.768489326530165e-06,13,0.0014484567158774553,214,214,1.0
mmke-visual,paligemma-3b,M_dot,13,3.6020102195316126e-06,14,0.0007708301869797651,214,214,1.0
mmke-visual,paligemma-3b,M_dot,14,8.696061808338966e-07,15,0.00018609572269845387,214,214,1.0
mmke-visual,paligemma-3b,M_dot,15,4.632739529401632e-07,16,9.914062592919493e-05,214,214,1.0
mmke-visual,paligemma-3b,M_dot,16,2.651445608470097e-07,17,5.674093602126007e-05,214,214,1.0
mmke-visual,paligemma-3b,M_abscos_x_newn,5,0.02557201853795894,1,,214,214,1.0
mmke-visual,paligemma-3b,M_abscos_x_newn,4,0.025045166025995384,2,,214,214,1.0
mmke-visual,paligemma-3b,M_abscos_x_newn,3,0.02136562864113434,3,,214,214,1.0
mmke-visual,paligemma-3b,M_abscos_x_newn,2,0.017875576012786148,4,,214,214,1.0
mmke-visual,paligemma-3b,M_abscos_x_newn,1,0.0147438354778724,5,,214,214,1.0
mmke-visual,paligemma-3b,M_abscos_x_newn,6,0.014408293221734429,6,,214,214,1.0
mmke-visual,paligemma-3b,M_abscos_x_newn,7,0.014299673776927339,7,,214,214,1.0
mmke-visual,paligemma-3b,M_abscos_x_newn,0,0.013550965735017989,8,,214,214,1.0
mmke-visual,paligemma-3b,M_abscos_x_newn,8,0.008948097017655194,9,,214,214,1.0
mmke-visual,paligemma-3b,M_abscos_x_newn,9,0.004140529031019239,10,,214,214,1.0
mmke-visual,paligemma-3b,M_abscos_x_newn,10,0.0024329747477179167,11,,214,214,1.0
mmke-visual,paligemma-3b,M_abscos_x_newn,11,0.0010056352715801368,12,,214,214,1.0
mmke-visual,paligemma-3b,M_abscos_x_newn,12,0.0006169062980293746,13,,214,214,1.0
mmke-visual,paligemma-3b,M_abscos_x_newn,13,0.00044552596594968986,14,,214,214,1.0
mmke-visual,paligemma-3b,M_abscos_x_newn,14,0.00022536787330605247,15,,214,214,1.0
mmke-visual,paligemma-3b,M_abscos_x_newn,15,0.00019682408484020388,16,,214,214,1.0
mmke-visual,paligemma-3b,M_abscos_x_newn,16,0.00018807843821646485,17,,214,214,1.0
mmke-visual,qwen2.5-vl-3b,M_dot,0,0.00197936293660664,1,0.42358366843382095,214,214,1.0
mmke-visual,qwen2.5-vl-3b,M_dot,1,0.0014212516103708649,2,0.30414784461936506,214,214,1.0
mmke-visual,qwen2.5-vl-3b,M_dot,2,0.0008124257656609784,3,0.17385911385144937,214,214,1.0
mmke-visual,qwen2.5-vl-3b,M_dot,3,0.0007297022674482212,4,0.15615628523391933,214,214,1.0
mmke-visual,qwen2.5-vl-3b,M_dot,4,0.0006787456261548375,5,0.14525156399713524,214,214,1.0
mmke-visual,qwen2.5-vl-3b,M_dot,6,0.0006735559347859388,6,0.1441409700441909,214,214,1.0
mmke-visual,qwen2.5-vl-3b,M_dot,5,0.0006699228985810542,7,0.1433635002963456,214,214,1.0
mmke-visual,qwen2.5-vl-3b,M_dot,7,0.0006656379934109826,8,0.14244653058995027,214,214,1.0
mmke-visual,qwen2.5-vl-3b,M_dot,8,0.0006304865196716916,9,0.134924115209742,214,214,1.0
mmke-visual,qwen2.5-vl-3b,M_dot,9,0.0005770437979306258,10,0.12348737275715392,214,214,1.0
mmke-visual,qwen2.5-vl-3b,M_dot,10,0.0005409705608119078,11,0.11576770001374825,214,214,1.0
mmke-visual,qwen2.5-vl-3b,M_dot,11,0.00041695694385155454,12,0.08922878598423267,214,214,1.0
mmke-visual,qwen2.5-vl-3b,M_dot,12,0.00040453904425406014,13,0.08657135547036887,214,214,1.0
mmke-visual,qwen2.5-vl-3b,M_dot,13,0.0002968374712687602,14,0.06352321885151468,214,214,1.0
mmke-visual,qwen2.5-vl-3b,M_dot,14,0.0002571731585499675,15,0.055035055929693044,214,214,1.0
mmke-visual,qwen2.5-vl-3b,M_dot,15,0.00022609784535140712,16,0.048384938905201125,214,214,1.0
mmke-visual,qwen2.5-vl-3b,M_dot,16,0.00020720692894866542,17,0.0443422827950144,214,214,1.0
mmke-visual,qwen2.5-vl-3b,M_dot,17,0.00017877383052571693,18,0.03825759973250342,214,214,1.0
mmke-visual,qwen2.5-vl-3b,M_dot,18,0.00015307123735340688,19,0.03275724479362907,214,214,1.0
mmke-visual,qwen2.5-vl-3b,M_dot,19,0.00012569220683179903,20,0.026898132262004992,214,214,1.0
mmke-visual,qwen2.5-vl-3b,M_dot,20,0.00010673071066030303,21,0.02284037208130485,214,214,1.0
mmke-visual,qwen2.5-vl-3b,M_dot,21,8.62446465038625e-05,22,0.018456354351826576,214,214,1.0
mmke-visual,qwen2.5-vl-3b,M_dot,22,7.731383046972875e-05,23,0.01654515972052195,214,214,1.0
mmke-visual,qwen2.5-vl-3b,M_dot,23,5.241005133460804e-05,24,0.011215750985606121,214,214,1.0
mmke-visual,qwen2.5-vl-3b,M_dot,24,4.308817790049605e-05,25,0.009220870070706155,214,214,1.0
mmke-visual,qwen2.5-vl-3b,M_dot,25,2.584666435019291e-05,26,0.005531186170941282,214,214,1.0
mmke-visual,qwen2.5-vl-3b,M_dot,26,2.1871874488275038e-05,27,0.004680581140490858,214,214,1.0
mmke-visual,qwen2.5-vl-3b,M_dot,27,1.4585100489012212e-05,28,0.0031212115046486133,214,214,1.0
mmke-visual,qwen2.5-vl-3b,M_dot,28,1.0499572041656777e-05,29,0.0022469084169145503,214,214,1.0
mmke-visual,qwen2.5-vl-3b,M_dot,29,6.456928677266926e-06,30,0.001381782736935122,214,214,1.0
mmke-visual,qwen2.5-vl-3b,M_dot,30,4.5504980169354245e-06,31,0.0009738065756241808,214,214,1.0
mmke-visual,qwen2.5-vl-3b,M_dot,31,3.6806292511000184e-06,32,0.0007876546597354039,214,214,1.0
mmke-visual,qwen2.5-vl-3b,M_dot,32,1.2211896256338386e-06,33,0.00026133457988564146,214,214,1.0
mmke-visual,qwen2.5-vl-3b,M_dot,33,3.2370706326764104e-07,34,6.927331153927518e-05,214,214,1.0
mmke-visual,qwen2.5-vl-3b,M_dot,34,3.519849718908538e-08,35,7.5324783984642715e-06,214,214,1.0
mmke-visual,qwen2.5-vl-3b,M_abscos_x_newn,0,0.01239336182245585,1,,214,214,1.0
mmke-visual,qwen2.5-vl-3b,M_abscos_x_newn,1,0.011718672569885192,2,,214,214,1.0
mmke-visual,qwen2.5-vl-3b,M_abscos_x_newn,2,0.011181179030986243,3,,214,214,1.0
mmke-visual,qwen2.5-vl-3b,M_abscos_x_newn,3,0.011006438814623069,4,,214,214,1.0
mmke-visual,qwen2.5-vl-3b,M_abscos_x_newn,4,0.010915588452729002,5,,214,214,1.0
mmke-visual,qwen2.5-vl-3b,M_abscos_x_newn,6,0.01090607042131217,6,,214,214,1.0
mmke-visual,qwen2.5-vl-3b,M_abscos_x_newn,7,0.010904369092128309,7,,214,214,1.0
mmke-visual,qwen2.5-vl-3b,M_abscos_x_newn,5,0.010880552019842593,8,,214,214,1.0
mmke-visual,qwen2.5-vl-3b,M_abscos_x_newn,8,0.010600773067744991,9,,214,214,1.0
mmke-visual,qwen2.5-vl-3b,M_abscos_x_newn,9,0.010258751411100624,10,,214,214,1.0
mmke-visual,qwen2.5-vl-3b,M_abscos_x_newn,10,0.01018911342712131,11,,214,214,1.0
mmke-visual,qwen2.5-vl-3b,M_abscos_x_newn,11,0.009084298271250721,12,,214,214,1.0
mmke-visual,qwen2.5-vl-3b,M_abscos_x_newn,12,0.008976872907548878,13,,214,214,1.0
mmke-visual,qwen2.5-vl-3b,M_abscos_x_newn,13,0.007557706842968817,14,,214,214,1.0
mmke-visual,qwen2.5-vl-3b,M_abscos_x_newn,14,0.006845693158116585,15,,214,214,1.0
mmke-visual,qwen2.5-vl-3b,M_abscos_x_newn,15,0.006369600264224658,16,,214,214,1.0
mmke-visual,qwen2.5-vl-3b,M_abscos_x_newn,16,0.005978461578523444,17,,214,214,1.0
mmke-visual,qwen2.5-vl-3b,M_abscos_x_newn,17,0.005515760467250648,18,,214,214,1.0
mmke-visual,qwen2.5-vl-3b,M_abscos_x_newn,18,0.004892124970397832,19,,214,214,1.0
mmke-visual,qwen2.5-vl-3b,M_abscos_x_newn,19,0.004315546457734026,20,,214,214,1.0
mmke-visual,qwen2.5-vl-3b,M_abscos_x_newn,20,0.003987290093985301,21,,214,214,1.0
mmke-visual,qwen2.5-vl-3b,M_abscos_x_newn,21,0.00359392744787684,22,,214,214,1.0
mmke-visual,qwen2.5-vl-3b,M_abscos_x_newn,22,0.0034695880664227523,23,,214,214,1.0
mmke-visual,qwen2.5-vl-3b,M_abscos_x_newn,23,0.002792887927131396,24,,214,214,1.0
mmke-visual,qwen2.5-vl-3b,M_abscos_x_newn,24,0.002497825849516672,25,,214,214,1.0
mmke-visual,qwen2.5-vl-3b,M_abscos_x_newn,25,0.0018787426514497757,26,,214,214,1.0
mmke-visual,qwen2.5-vl-3b,M_abscos_x_newn,26,0.0016585495032205896,27,,214,214,1.0
mmke-visual,qwen2.5-vl-3b,M_abscos_x_newn,27,0.001407955979582509,28,,214,214,1.0
mmke-visual,qwen2.5-vl-3b,M_abscos_x_newn,28,0.0013218912284365366,29,,214,214,1.0
mmke-visual,qwen2.5-vl-3b,M_abscos_x_newn,29,0.0010450883732329337,30,,214,214,1.0
mmke-visual,qwen2.5-vl-3b,M_abscos_x_newn,30,0.0008389841276676274,31,,214,214,1.0
mmke-visual,qwen2.5-vl-3b,M_abscos_x_newn,31,0.0007975119938730162,32,,214,214,1.0
mmke-visual,qwen2.5-vl-3b,M_abscos_x_newn,32,0.0003663416968674613,33,,214,214,1.0
mmke-visual,qwen2.5-vl-3b,M_abscos_x_newn,33,0.00028974899350609905,34,,214,214,1.0
mmke-visual,qwen2.5-vl-3b,M_abscos_x_newn,34,6.73841161007053e-05,35,,214,214,1.0
mmke-visual,smolvlm-1.7b,M_dot,0,0.0010251589513577061,1,0.2193840155905491,214,214,1.0
mmke-visual,smolvlm-1.7b,M_dot,1,0.0009676792647312956,2,0.20708336265249727,214,214,1.0
mmke-visual,smolvlm-1.7b,M_dot,2,0.0009536628949654101,3,0.20408385952259778,214,214,1.0
mmke-visual,smolvlm-1.7b,M_dot,3,0.0009332766911679713,4,0.19972121190994585,214,214,1.0
mmke-visual,smolvlm-1.7b,M_dot,4,0.0008559967883935043,5,0.1831833127162099,214,214,1.0
mmke-visual,smolvlm-1.7b,M_dot,5,0.000740826613591325,6,0.15853689530854354,214,214,1.0
mmke-visual,smolvlm-1.7b,M_dot,6,0.0006196237759542578,7,0.13259948805421118,214,214,1.0
mmke-visual,smolvlm-1.7b,M_dot,7,0.00047878085240958275,8,0.1024591024156507,214,214,1.0
mmke-visual,smolvlm-1.7b,M_dot,8,0.00028858139474484753,9,0.061756418475397375,214,214,1.0
mmke-visual,smolvlm-1.7b,M_dot,9,0.00021899754946092857,10,0.046865475584638716,214,214,1.0
mmke-visual,smolvlm-1.7b,M_dot,10,0.00016138399324740167,11,0.034536174554943955,214,214,1.0
mmke-visual,smolvlm-1.7b,M_dot,11,0.00011240764027559499,12,0.024055235018977328,214,214,1.0
mmke-visual,smolvlm-1.7b,M_dot,12,6.639531812215736e-05,13,0.014208598078141677,214,214,1.0
mmke-visual,smolvlm-1.7b,M_dot,13,5.290325880174928e-05,14,0.011321297383574347,214,214,1.0
mmke-visual,smolvlm-1.7b,M_dot,14,4.125391282714116e-05,15,0.008828337345008208,214,214,1.0
mmke-visual,smolvlm-1.7b,M_dot,15,4.5517539264136055e-06,16,0.0009740753402525115,214,214,1.0
mmke-visual,smolvlm-1.7b,M_dot,16,3.985903721424501e-06,17,0.0008529833963848432,214,214,1.0
mmke-visual,smolvlm-1.7b,M_dot,18,1.949069351654792e-06,18,0.0004171008412541255,214,214,1.0
mmke-visual,smolvlm-1.7b,M_dot,17,1.3419989406342398e-06,19,0.0002871877732957273,214,214,1.0
mmke-visual,smolvlm-1.7b,M_dot,19,8.13039736935265e-07,20,0.0001739905037041467,214,214,1.0
mmke-visual,smolvlm-1.7b,M_dot,20,5.722116743466202e-07,21,0.0001224532983101767,214,214,1.0
mmke-visual,smolvlm-1.7b,M_dot,21,4.0981892864117173e-07,22,8.770125072921076e-05,214,214,1.0
mmke-visual,smolvlm-1.7b,M_dot,22,1.4333525436135222e-08,23,3.0673744433329375e-06,214,214,1.0
mmke-visual,smolvlm-1.7b,M_abscos_x_newn,0,0.0069197424207589715,1,,214,214,1.0
mmke-visual,smolvlm-1.7b,M_abscos_x_newn,1,0.0066214255878570575,2,,214,214,1.0
mmke-visual,smolvlm-1.7b,M_abscos_x_newn,2,0.006545214954026154,3,,214,214,1.0
mmke-visual,smolvlm-1.7b,M_abscos_x_newn,3,0.00654416592684655,4,,214,214,1.0
mmke-visual,smolvlm-1.7b,M_abscos_x_newn,4,0.0062823593225502464,5,,214,214,1.0
mmke-visual,smolvlm-1.7b,M_abscos_x_newn,5,0.005854920208029649,6,,214,214,1.0
mmke-visual,smolvlm-1.7b,M_abscos_x_newn,6,0.005293107982431611,7,,214,214,1.0
mmke-visual,smolvlm-1.7b,M_abscos_x_newn,7,0.004600046340349501,8,,214,214,1.0
mmke-visual,smolvlm-1.7b,M_abscos_x_newn,8,0.0033960541199318747,9,,214,214,1.0
mmke-visual,smolvlm-1.7b,M_abscos_x_newn,9,0.0028852274163166866,10,,214,214,1.0
mmke-visual,smolvlm-1.7b,M_abscos_x_newn,10,0.0024696989091863367,11,,214,214,1.0
mmke-visual,smolvlm-1.7b,M_abscos_x_newn,11,0.0018329887976419059,12,,214,214,1.0
mmke-visual,smolvlm-1.7b,M_abscos_x_newn,12,0.0011992774615876872,13,,214,214,1.0
mmke-visual,smolvlm-1.7b,M_abscos_x_newn,13,0.0010228959129686655,14,,214,214,1.0
mmke-visual,smolvlm-1.7b,M_abscos_x_newn,14,0.0007438794806563765,15,,214,214,1.0
mmke-visual,smolvlm-1.7b,M_abscos_x_newn,16,0.00022839097033057004,16,,214,214,1.0
mmke-visual,smolvlm-1.7b,M_abscos_x_newn,15,0.00022505171173583125,17,,214,214,1.0
mmke-visual,smolvlm-1.7b,M_abscos_x_newn,17,0.00015985598507814647,18,,214,214,1.0
mmke-visual,smolvlm-1.7b,M_abscos_x_newn,18,0.0001554778257704599,19,,214,214,1.0
mmke-visual,smolvlm-1.7b,M_abscos_x_newn,19,8.832134015715458e-05,20,,214,214,1.0
mmke-visual,smolvlm-1.7b,M_abscos_x_newn,21,6.233284612171929e-05,21,,214,214,1.0
mmke-visual,smolvlm-1.7b,M_abscos_x_newn,20,5.630415563810486e-05,22,,214,214,1.0
mmke-visual,smolvlm-1.7b,M_abscos_x_newn,22,7.141935188486437e-06,23,,214,214,1.0
