profile,formula,baseline,k,n,complete_on_entire_cohort,cohort_size,best,baseline_best,delta_best,mean,delta_mean,wins,ties,losses,wins_ge_half,losses_ge_half,median_delta,worst_delta,max_delta,hit,groups
clean,M_dot,M_abscos_x_newn,1,15,False,21,68.5196,68.25253333333333,0.2670666666666672,68.5196,0.2670666666666672,3,10,2,3,2,0.0,-14.100000000000001,9.474000000000004,0.2,evqa-pilot500/blip2-opt-2.7b;evqa-pilot500/instructblip-vicuna-7b;evqa-pilot500/llava-v1.5-7b;evqa-pilot500/minigpt-4-vicuna-7b;evqa-pilot500/paligemma-3b;evqa-pilot500/smolvlm-1.7b;mmke-entity/blip2-opt-2.7b;mmke-entity/instructblip-vicuna-7b;mmke-entity/paligemma-3b;mmke-entity/qwen2.5-vl-3b;mmke-entity/smolvlm-1.7b;mmke-visual/blip2-opt-2.7b;mmke-visual/instructblip-vicuna-7b;mmke-visual/qwen2.5-vl-3b;mmke-visual/smolvlm-1.7b
clean,M_dot,M_abscos_x_newn,3,13,False,21,70.50276923076923,71.174,-0.6712307692307686,67.68553846153847,-0.1854871794871788,1,11,1,1,1,0.0,-12.82,4.094000000000008,0.38461538461538464,evqa-pilot500/blip2-opt-2.7b;evqa-pilot500/instructblip-vicuna-7b;evqa-pilot500/minigpt-4-vicuna-7b;evqa-pilot500/paligemma-3b;evqa-pilot500/smolvlm-1.7b;mmke-entity/instructblip-vicuna-7b;mmke-entity/paligemma-3b;mmke-entity/qwen2.5-vl-3b;mmke-entity/smolvlm-1.7b;mmke-visual/blip2-opt-2.7b;mmke-visual/instructblip-vicuna-7b;mmke-visual/qwen2.5-vl-3b;mmke-visual/smolvlm-1.7b
clean,M_dot,M_new_norm,1,15,False,21,68.5196,68.1372,0.38240000000000074,68.5196,0.38240000000000074,3,10,2,3,2,0.0,-14.100000000000001,11.204000000000008,0.2,evqa-pilot500/blip2-opt-2.7b;evqa-pilot500/instructblip-vicuna-7b;evqa-pilot500/llava-v1.5-7b;evqa-pilot500/minigpt-4-vicuna-7b;evqa-pilot500/paligemma-3b;evqa-pilot500/smolvlm-1.7b;mmke-entity/blip2-opt-2.7b;mmke-entity/instructblip-vicuna-7b;mmke-entity/paligemma-3b;mmke-entity/qwen2.5-vl-3b;mmke-entity/smolvlm-1.7b;mmke-visual/blip2-opt-2.7b;mmke-visual/instructblip-vicuna-7b;mmke-visual/qwen2.5-vl-3b;mmke-visual/smolvlm-1.7b
clean,M_dot,M_new_norm,3,12,False,21,71.83883333333334,73.07966666666667,-1.2408333333333328,68.99377777777778,-0.46627777777777685,0,10,2,0,2,0.0,-12.82,0.0,0.3333333333333333,evqa-pilot500/blip2-opt-2.7b;evqa-pilot500/minigpt-4-vicuna-7b;evqa-pilot500/paligemma-3b;evqa-pilot500/smolvlm-1.7b;mmke-entity/instructblip-vicuna-7b;mmke-entity/paligemma-3b;mmke-entity/qwen2.5-vl-3b;mmke-entity/smolvlm-1.7b;mmke-visual/blip2-opt-2.7b;mmke-visual/instructblip-vicuna-7b;mmke-visual/qwen2.5-vl-3b;mmke-visual/smolvlm-1.7b
clean,M_cos,M_abscos_x_newn,1,14,False,21,64.63414285714286,69.049,-4.4148571428571435,64.63414285714286,-4.4148571428571435,2,5,7,1,6,-0.24399999999999977,-23.53,0.5799999999999983,0.14285714285714285,evqa-pilot500/blip2-opt-2.7b;evqa-pilot500/instructblip-vicuna-7b;evqa-pilot500/minigpt-4-vicuna-7b;evqa-pilot500/qwen2.5-vl-3b;evqa-pilot500/smolvlm-1.7b;mmke-entity/blip2-opt-2.7b;mmke-entity/instructblip-vicuna-7b;mmke-entity/minigpt-4-vicuna-7b;mmke-entity/paligemma-3b;mmke-entity/smolvlm-1.7b;mmke-visual/instructblip-vicuna-7b;mmke-visual/minigpt-4-vicuna-7b;mmke-visual/qwen2.5-vl-3b;mmke-visual/smolvlm-1.7b
clean,M_cos,M_abscos_x_newn,3,7,False,21,65.35485714285714,70.62714285714286,-5.272285714285718,64.31942857142857,-3.615619047619051,0,2,5,0,4,-0.5900000000000034,-22.24000000000001,0.0,0.14285714285714285,evqa-pilot500/blip2-opt-2.7b;evqa-pilot500/smolvlm-1.7b;mmke-entity/blip2-opt-2.7b;mmke-entity/instructblip-vicuna-7b;mmke-entity/minigpt-4-vicuna-7b;mmke-visual/minigpt-4-vicuna-7b;mmke-visual/smolvlm-1.7b
clean,M_cos,M_new_norm,1,14,False,21,64.63414285714286,68.77485714285714,-4.140714285714287,64.63414285714286,-4.140714285714287,3,6,5,2,4,0.0,-23.53,1.730000000000004,0.14285714285714285,evqa-pilot500/blip2-opt-2.7b;evqa-pilot500/instructblip-vicuna-7b;evqa-pilot500/minigpt-4-vicuna-7b;evqa-pilot500/qwen2.5-vl-3b;evqa-pilot500/smolvlm-1.7b;mmke-entity/blip2-opt-2.7b;mmke-entity/instructblip-vicuna-7b;mmke-entity/minigpt-4-vicuna-7b;mmke-entity/paligemma-3b;mmke-entity/smolvlm-1.7b;mmke-visual/instructblip-vicuna-7b;mmke-visual/minigpt-4-vicuna-7b;mmke-visual/qwen2.5-vl-3b;mmke-visual/smolvlm-1.7b
clean,M_cos,M_new_norm,3,7,False,21,65.35485714285714,70.44771428571428,-5.092857142857144,64.31942857142857,-3.440476190476192,0,4,3,0,3,0.0,-22.24000000000001,0.0,0.14285714285714285,evqa-pilot500/blip2-opt-2.7b;evqa-pilot500/smolvlm-1.7b;mmke-entity/blip2-opt-2.7b;mmke-entity/instructblip-vicuna-7b;mmke-entity/minigpt-4-vicuna-7b;mmke-visual/minigpt-4-vicuna-7b;mmke-visual/smolvlm-1.7b
clean,M_new_norm,M_abscos_x_newn,1,18,False,21,68.672,68.88522222222223,-0.21322222222222229,68.672,-0.21322222222222229,0,14,4,0,3,0.0,-1.730000000000004,0.0,0.2222222222222222,evqa-pilot500/blip2-opt-2.7b;evqa-pilot500/instructblip-vicuna-7b;evqa-pilot500/llava-v1.5-7b;evqa-pilot500/minigpt-4-vicuna-7b;evqa-pilot500/paligemma-3b;evqa-pilot500/qwen2.5-vl-3b;evqa-pilot500/smolvlm-1.7b;mmke-entity/blip2-opt-2.7b;mmke-entity/instructblip-vicuna-7b;mmke-entity/minigpt-4-vicuna-7b;mmke-entity/paligemma-3b;mmke-entity/qwen2.5-vl-3b;mmke-entity/smolvlm-1.7b;mmke-visual/blip2-opt-2.7b;mmke-visual/instructblip-vicuna-7b;mmke-visual/minigpt-4-vicuna-7b;mmke-visual/qwen2.5-vl-3b;mmke-visual/smolvlm-1.7b
clean,M_new_norm,M_abscos_x_newn,3,16,False,21,72.74775,72.494125,0.2536249999999991,69.80404166666666,0.06091666666666562,1,12,3,1,2,0.0,-0.8500000000000014,6.1640000000000015,0.375,evqa-pilot500/blip2-opt-2.7b;evqa-pilot500/minigpt-4-vicuna-7b;evqa-pilot500/paligemma-3b;evqa-pilot500/qwen2.5-vl-3b;evqa-pilot500/smolvlm-1.7b;mmke-entity/blip2-opt-2.7b;mmke-entity/instructblip-vicuna-7b;mmke-entity/minigpt-4-vicuna-7b;mmke-entity/paligemma-3b;mmke-entity/qwen2.5-vl-3b;mmke-entity/smolvlm-1.7b;mmke-visual/blip2-opt-2.7b;mmke-visual/instructblip-vicuna-7b;mmke-visual/minigpt-4-vicuna-7b;mmke-visual/qwen2.5-vl-3b;mmke-visual/smolvlm-1.7b
clean,M_new_norm,M_new_norm,1,19,False,21,70.26957894736842,70.26957894736842,0.0,70.26957894736842,0.0,0,19,0,0,0,0.0,0.0,0.0,0.21052631578947367,evqa-pilot500/blip2-opt-2.7b;evqa-pilot500/instructblip-vicuna-7b;evqa-pilot500/llava-v1.5-7b;evqa-pilot500/minigpt-4-vicuna-7b;evqa-pilot500/paligemma-3b;evqa-pilot500/qwen2.5-vl-3b;evqa-pilot500/smolvlm-1.7b;mmke-entity/blip2-opt-2.7b;mmke-entity/instructblip-vicuna-7b;mmke-entity/minigpt-4-vicuna-7b;mmke-entity/paligemma-3b;mmke-entity/qwen2.5-vl-3b;mmke-entity/smolvlm-1.7b;mmke-visual/blip2-opt-2.7b;mmke-visual/instructblip-vicuna-7b;mmke-visual/minigpt-4-vicuna-7b;mmke-visual/paligemma-3b;mmke-visual/qwen2.5-vl-3b;mmke-visual/smolvlm-1.7b
clean,M_new_norm,M_new_norm,3,16,False,21,72.74775,72.74775,0.0,69.80404166666666,0.0,0,16,0,0,0,0.0,0.0,0.0,0.375,evqa-pilot500/blip2-opt-2.7b;evqa-pilot500/minigpt-4-vicuna-7b;evqa-pilot500/paligemma-3b;evqa-pilot500/qwen2.5-vl-3b;evqa-pilot500/smolvlm-1.7b;mmke-entity/blip2-opt-2.7b;mmke-entity/instructblip-vicuna-7b;mmke-entity/minigpt-4-vicuna-7b;mmke-entity/paligemma-3b;mmke-entity/qwen2.5-vl-3b;mmke-entity/smolvlm-1.7b;mmke-visual/blip2-opt-2.7b;mmke-visual/instructblip-vicuna-7b;mmke-visual/minigpt-4-vicuna-7b;mmke-visual/qwen2.5-vl-3b;mmke-visual/smolvlm-1.7b
clean,M_pos_ratio,M_abscos_x_newn,1,12,False,21,69.253,70.268,-1.015,69.253,-1.015,2,1,9,2,7,-0.7549999999999955,-13.600000000000001,6.6440000000000055,0.16666666666666666,evqa-pilot500/minigpt-4-vicuna-7b;evqa-pilot500/paligemma-3b;evqa-pilot500/qwen2.5-vl-3b;evqa-pilot500/smolvlm-1.7b;mmke-entity/blip2-opt-2.7b;mmke-entity/instructblip-vicuna-7b;mmke-entity/minigpt-4-vicuna-7b;mmke-entity/qwen2.5-vl-3b;mmke-entity/smolvlm-1.7b;mmke-visual/instructblip-vicuna-7b;mmke-visual/minigpt-4-vicuna-7b;mmke-visual/smolvlm-1.7b
clean,M_pos_ratio,M_abscos_x_newn,3,6,False,21,70.28966666666666,72.63566666666667,-2.3460000000000023,67.35344444444445,-1.5637777777777788,0,3,3,0,2,-0.24500000000000455,-12.82,0.0,0.5,evqa-pilot500/smolvlm-1.7b;mmke-entity/blip2-opt-2.7b;mmke-entity/instructblip-vicuna-7b;mmke-entity/minigpt-4-vicuna-7b;mmke-visual/instructblip-vicuna-7b;mmke-visual/minigpt-4-vicuna-7b
clean,M_pos_ratio,M_new_norm,1,13,False,21,70.94815384615384,72.18492307692307,-1.23676923076923,70.94815384615384,-1.23676923076923,3,3,7,3,6,-0.1700000000000017,-13.600000000000001,6.6440000000000055,0.15384615384615385,evqa-pilot500/minigpt-4-vicuna-7b;evqa-pilot500/paligemma-3b;evqa-pilot500/qwen2.5-vl-3b;evqa-pilot500/smolvlm-1.7b;mmke-entity/blip2-opt-2.7b;mmke-entity/instructblip-vicuna-7b;mmke-entity/minigpt-4-vicuna-7b;mmke-entity/qwen2.5-vl-3b;mmke-entity/smolvlm-1.7b;mmke-visual/instructblip-vicuna-7b;mmke-visual/minigpt-4-vicuna-7b;mmke-visual/paligemma-3b;mmke-visual/smolvlm-1.7b
clean,M_pos_ratio,M_new_norm,3,6,False,21,70.28966666666666,72.42633333333333,-2.1366666666666667,67.35344444444445,-1.3594444444444431,0,5,1,0,1,0.0,-12.82,0.0,0.5,evqa-pilot500/smolvlm-1.7b;mmke-entity/blip2-opt-2.7b;mmke-entity/instructblip-vicuna-7b;mmke-entity/minigpt-4-vicuna-7b;mmke-visual/instructblip-vicuna-7b;mmke-visual/minigpt-4-vicuna-7b
clean,M_conflict,M_abscos_x_newn,1,10,False,21,59.969,65.619,-5.65,59.969,-5.65,0,4,6,0,6,-1.5399999999999991,-23.53,0.0,0.1,evqa-pilot500/blip2-opt-2.7b;evqa-pilot500/llava-v1.5-7b;evqa-pilot500/minigpt-4-vicuna-7b;evqa-pilot500/qwen2.5-vl-3b;evqa-pilot500/smolvlm-1.7b;mmke-entity/blip2-opt-2.7b;mmke-entity/instructblip-vicuna-7b;mmke-visual/blip2-opt-2.7b;mmke-visual/instructblip-vicuna-7b;mmke-visual/minigpt-4-vicuna-7b
clean,M_conflict,M_abscos_x_newn,3,4,False,21,64.7585,70.381,-5.622500000000004,61.726166666666664,-4.297500000000003,0,2,2,0,1,-0.09000000000000341,-22.31000000000001,0.0,0.5,evqa-pilot500/smolvlm-1.7b;mmke-entity/blip2-opt-2.7b;mmke-entity/instructblip-vicuna-7b;mmke-visual/blip2-opt-2.7b
clean,M_conflict,M_new_norm,1,10,False,21,59.969,65.284,-5.315,59.969,-5.315,1,3,6,1,4,-0.24999999999999645,-23.53,0.769999999999996,0.1,evqa-pilot500/blip2-opt-2.7b;evqa-pilot500/llava-v1.5-7b;evqa-pilot500/minigpt-4-vicuna-7b;evqa-pilot500/qwen2.5-vl-3b;evqa-pilot500/smolvlm-1.7b;mmke-entity/blip2-opt-2.7b;mmke-entity/instructblip-vicuna-7b;mmke-visual/blip2-opt-2.7b;mmke-visual/instructblip-vicuna-7b;mmke-visual/minigpt-4-vicuna-7b
clean,M_conflict,M_new_norm,3,4,False,21,64.7585,70.381,-5.622500000000004,61.726166666666664,-4.297500000000003,0,2,2,0,1,-0.09000000000000341,-22.31000000000001,0.0,0.5,evqa-pilot500/smolvlm-1.7b;mmke-entity/blip2-opt-2.7b;mmke-entity/instructblip-vicuna-7b;mmke-visual/blip2-opt-2.7b
clean,M_newn_x_1mcos,M_abscos_x_newn,1,19,False,21,66.90842105263158,69.21536842105263,-2.3069473684210537,66.90842105263158,-2.3069473684210537,1,11,7,1,6,0.0,-19.160000000000004,5.325999999999993,0.15789473684210525,evqa-pilot500/blip2-opt-2.7b;evqa-pilot500/instructblip-vicuna-7b;evqa-pilot500/llava-v1.5-7b;evqa-pilot500/minigpt-4-vicuna-7b;evqa-pilot500/paligemma-3b;evqa-pilot500/qwen2.5-vl-3b;evqa-pilot500/smolvlm-1.7b;mmke-entity/blip2-opt-2.7b;mmke-entity/instructblip-vicuna-7b;mmke-entity/minigpt-4-vicuna-7b;mmke-entity/paligemma-3b;mmke-entity/qwen2.5-vl-3b;mmke-entity/smolvlm-1.7b;mmke-visual/blip2-opt-2.7b;mmke-visual/instructblip-vicuna-7b;mmke-visual/llava-v1.5-7b;mmke-visual/minigpt-4-vicuna-7b;mmke-visual/qwen2.5-vl-3b;mmke-visual/smolvlm-1.7b
clean,M_newn_x_1mcos,M_abscos_x_newn,3,16,False,21,70.292125,72.494125,-2.2020000000000017,68.107375,-1.6357500000000016,1,10,5,1,4,0.0,-20.13000000000001,6.1640000000000015,0.25,evqa-pilot500/blip2-opt-2.7b;evqa-pilot500/minigpt-4-vicuna-7b;evqa-pilot500/paligemma-3b;evqa-pilot500/qwen2.5-vl-3b;evqa-pilot500/smolvlm-1.7b;mmke-entity/blip2-opt-2.7b;mmke-entity/instructblip-vicuna-7b;mmke-entity/minigpt-4-vicuna-7b;mmke-entity/paligemma-3b;mmke-entity/qwen2.5-vl-3b;mmke-entity/smolvlm-1.7b;mmke-visual/blip2-opt-2.7b;mmke-visual/instructblip-vicuna-7b;mmke-visual/minigpt-4-vicuna-7b;mmke-visual/qwen2.5-vl-3b;mmke-visual/smolvlm-1.7b
clean,M_newn_x_1mcos,M_new_norm,1,19,False,21,68.16463157894736,70.26957894736842,-2.104947368421054,68.16463157894736,-2.104947368421054,1,15,3,1,3,0.0,-19.160000000000004,5.325999999999993,0.15789473684210525,evqa-pilot500/blip2-opt-2.7b;evqa-pilot500/instructblip-vicuna-7b;evqa-pilot500/llava-v1.5-7b;evqa-pilot500/minigpt-4-vicuna-7b;evqa-pilot500/paligemma-3b;evqa-pilot500/qwen2.5-vl-3b;evqa-pilot500/smolvlm-1.7b;mmke-entity/blip2-opt-2.7b;mmke-entity/instructblip-vicuna-7b;mmke-entity/minigpt-4-vicuna-7b;mmke-entity/paligemma-3b;mmke-entity/qwen2.5-vl-3b;mmke-entity/smolvlm-1.7b;mmke-visual/blip2-opt-2.7b;mmke-visual/instructblip-vicuna-7b;mmke-visual/minigpt-4-vicuna-7b;mmke-visual/paligemma-3b;mmke-visual/qwen2.5-vl-3b;mmke-visual/smolvlm-1.7b
clean,M_newn_x_1mcos,M_new_norm,3,16,False,21,70.292125,72.74775,-2.455625000000001,68.107375,-1.6966666666666672,0,14,2,0,2,0.0,-20.13000000000001,0.0,0.25,evqa-pilot500/blip2-opt-2.7b;evqa-pilot500/minigpt-4-vicuna-7b;evqa-pilot500/paligemma-3b;evqa-pilot500/qwen2.5-vl-3b;evqa-pilot500/smolvlm-1.7b;mmke-entity/blip2-opt-2.7b;mmke-entity/instructblip-vicuna-7b;mmke-entity/minigpt-4-vicuna-7b;mmke-entity/paligemma-3b;mmke-entity/qwen2.5-vl-3b;mmke-entity/smolvlm-1.7b;mmke-visual/blip2-opt-2.7b;mmke-visual/instructblip-vicuna-7b;mmke-visual/minigpt-4-vicuna-7b;mmke-visual/qwen2.5-vl-3b;mmke-visual/smolvlm-1.7b
clean,M_abscos_x_newn,M_abscos_x_newn,1,19,False,21,69.21536842105263,69.21536842105263,0.0,69.21536842105263,0.0,0,19,0,0,0,0.0,0.0,0.0,0.2631578947368421,evqa-pilot500/blip2-opt-2.7b;evqa-pilot500/instructblip-vicuna-7b;evqa-pilot500/llava-v1.5-7b;evqa-pilot500/minigpt-4-vicuna-7b;evqa-pilot500/paligemma-3b;evqa-pilot500/qwen2.5-vl-3b;evqa-pilot500/smolvlm-1.7b;mmke-entity/blip2-opt-2.7b;mmke-entity/instructblip-vicuna-7b;mmke-entity/minigpt-4-vicuna-7b;mmke-entity/paligemma-3b;mmke-entity/qwen2.5-vl-3b;mmke-entity/smolvlm-1.7b;mmke-visual/blip2-opt-2.7b;mmke-visual/instructblip-vicuna-7b;mmke-visual/llava-v1.5-7b;mmke-visual/minigpt-4-vicuna-7b;mmke-visual/qwen2.5-vl-3b;mmke-visual/smolvlm-1.7b
clean,M_abscos_x_newn,M_abscos_x_newn,3,18,False,21,71.6978888888889,71.6978888888889,0.0,69.08544444444445,0.0,0,18,0,0,0,0.0,0.0,0.0,0.4444444444444444,evqa-pilot500/blip2-opt-2.7b;evqa-pilot500/instructblip-vicuna-7b;evqa-pilot500/minigpt-4-vicuna-7b;evqa-pilot500/paligemma-3b;evqa-pilot500/qwen2.5-vl-3b;evqa-pilot500/smolvlm-1.7b;mmke-entity/blip2-opt-2.7b;mmke-entity/instructblip-vicuna-7b;mmke-entity/minigpt-4-vicuna-7b;mmke-entity/paligemma-3b;mmke-entity/qwen2.5-vl-3b;mmke-entity/smolvlm-1.7b;mmke-visual/blip2-opt-2.7b;mmke-visual/instructblip-vicuna-7b;mmke-visual/llava-v1.5-7b;mmke-visual/minigpt-4-vicuna-7b;mmke-visual/qwen2.5-vl-3b;mmke-visual/smolvlm-1.7b
clean,M_abscos_x_newn,M_new_norm,1,18,False,21,68.88522222222223,68.672,0.21322222222222229,68.88522222222223,0.21322222222222229,4,14,0,3,0,0.0,0.0,1.730000000000004,0.2777777777777778,evqa-pilot500/blip2-opt-2.7b;evqa-pilot500/instructblip-vicuna-7b;evqa-pilot500/llava-v1.5-7b;evqa-pilot500/minigpt-4-vicuna-7b;evqa-pilot500/paligemma-3b;evqa-pilot500/qwen2.5-vl-3b;evqa-pilot500/smolvlm-1.7b;mmke-entity/blip2-opt-2.7b;mmke-entity/instructblip-vicuna-7b;mmke-entity/minigpt-4-vicuna-7b;mmke-entity/paligemma-3b;mmke-entity/qwen2.5-vl-3b;mmke-entity/smolvlm-1.7b;mmke-visual/blip2-opt-2.7b;mmke-visual/instructblip-vicuna-7b;mmke-visual/minigpt-4-vicuna-7b;mmke-visual/qwen2.5-vl-3b;mmke-visual/smolvlm-1.7b
clean,M_abscos_x_newn,M_new_norm,3,16,False,21,72.494125,72.74775,-0.2536249999999991,69.743125,-0.06091666666666562,3,12,1,2,1,0.0,-6.1640000000000015,0.8500000000000014,0.4375,evqa-pilot500/blip2-opt-2.7b;evqa-pilot500/minigpt-4-vicuna-7b;evqa-pilot500/paligemma-3b;evqa-pilot500/qwen2.5-vl-3b;evqa-pilot500/smolvlm-1.7b;mmke-entity/blip2-opt-2.7b;mmke-entity/instructblip-vicuna-7b;mmke-entity/minigpt-4-vicuna-7b;mmke-entity/paligemma-3b;mmke-entity/qwen2.5-vl-3b;mmke-entity/smolvlm-1.7b;mmke-visual/blip2-opt-2.7b;mmke-visual/instructblip-vicuna-7b;mmke-visual/minigpt-4-vicuna-7b;mmke-visual/qwen2.5-vl-3b;mmke-visual/smolvlm-1.7b
clean,Ours-Direct-Conflict,M_abscos_x_newn,1,7,False,21,67.88885714285715,67.70085714285715,0.1880000000000024,67.88885714285715,0.1880000000000024,3,0,4,2,4,-0.9699999999999989,-3.3159999999999883,4.769999999999996,0,evqa-pilot500/minigpt-4-vicuna-7b;evqa-pilot500/qwen2.5-vl-3b;evqa-pilot500/smolvlm-1.7b;mmke-entity/blip2-opt-2.7b;mmke-entity/minigpt-4-vicuna-7b;mmke-visual/blip2-opt-2.7b;mmke-visual/minigpt-4-vicuna-7b
clean,Ours-Direct-Conflict,M_abscos_x_newn,3,4,False,21,67.954,71.061,-3.107000000000001,66.44683333333333,-1.532666666666664,0,0,4,0,4,-2.132000000000005,-6.413999999999994,-1.75,0,evqa-pilot500/minigpt-4-vicuna-7b;evqa-pilot500/smolvlm-1.7b;mmke-entity/blip2-opt-2.7b;mmke-visual/minigpt-4-vicuna-7b
clean,Ours-Direct-Conflict,M_new_norm,1,7,False,21,67.88885714285715,67.15257142857143,0.7362857142857168,67.88885714285715,0.7362857142857168,4,0,3,4,2,0.6960000000000051,-2.5459999999999923,4.769999999999996,0,evqa-pilot500/minigpt-4-vicuna-7b;evqa-pilot500/qwen2.5-vl-3b;evqa-pilot500/smolvlm-1.7b;mmke-entity/blip2-opt-2.7b;mmke-entity/minigpt-4-vicuna-7b;mmke-visual/blip2-opt-2.7b;mmke-visual/minigpt-4-vicuna-7b
clean,Ours-Direct-Conflict,M_new_norm,3,4,False,21,67.954,72.4105,-4.4565,66.44683333333333,-2.1334999999999944,0,0,4,0,4,-1.8120000000000047,-12.577999999999996,-1.6239999999999952,0,evqa-pilot500/minigpt-4-vicuna-7b;evqa-pilot500/smolvlm-1.7b;mmke-entity/blip2-opt-2.7b;mmke-visual/minigpt-4-vicuna-7b
clean,Ours-AbsDirection-Direct,M_abscos_x_newn,1,15,False,21,69.4024,71.02773333333333,-1.6253333333333315,69.4024,-1.6253333333333315,5,0,10,3,9,-0.9200000000000017,-22.24000000000001,15.64,0,evqa-pilot500/blip2-opt-2.7b;evqa-pilot500/paligemma-3b;evqa-pilot500/qwen2.5-vl-3b;evqa-pilot500/smolvlm-1.7b;mmke-entity/blip2-opt-2.7b;mmke-entity/instructblip-vicuna-7b;mmke-entity/minigpt-4-vicuna-7b;mmke-entity/paligemma-3b;mmke-entity/qwen2.5-vl-3b;mmke-entity/smolvlm-1.7b;mmke-visual/blip2-opt-2.7b;mmke-visual/instructblip-vicuna-7b;mmke-visual/minigpt-4-vicuna-7b;mmke-visual/qwen2.5-vl-3b;mmke-visual/smolvlm-1.7b
clean,Ours-AbsDirection-Direct,M_abscos_x_newn,3,14,False,21,70.25071428571428,72.78042857142857,-2.5297142857142876,68.68752380952381,-1.2507619047619076,4,1,9,3,9,-0.7850000000000037,-21.60000000000001,17.093999999999994,0.21428571428571427,evqa-pilot500/blip2-opt-2.7b;evqa-pilot500/paligemma-3b;evqa-pilot500/qwen2.5-vl-3b;evqa-pilot500/smolvlm-1.7b;mmke-entity/blip2-opt-2.7b;mmke-entity/instructblip-vicuna-7b;mmke-entity/paligemma-3b;mmke-entity/qwen2.5-vl-3b;mmke-entity/smolvlm-1.7b;mmke-visual/blip2-opt-2.7b;mmke-visual/instructblip-vicuna-7b;mmke-visual/minigpt-4-vicuna-7b;mmke-visual/qwen2.5-vl-3b;mmke-visual/smolvlm-1.7b
clean,Ours-AbsDirection-Direct,M_new_norm,1,15,False,21,69.4024,70.8872,-1.4847999999999986,69.4024,-1.4847999999999986,5,0,10,4,8,-0.6899999999999977,-22.24000000000001,15.64,0,evqa-pilot500/blip2-opt-2.7b;evqa-pilot500/paligemma-3b;evqa-pilot500/qwen2.5-vl-3b;evqa-pilot500/smolvlm-1.7b;mmke-entity/blip2-opt-2.7b;mmke-entity/instructblip-vicuna-7b;mmke-entity/minigpt-4-vicuna-7b;mmke-entity/paligemma-3b;mmke-entity/qwen2.5-vl-3b;mmke-entity/smolvlm-1.7b;mmke-visual/blip2-opt-2.7b;mmke-visual/instructblip-vicuna-7b;mmke-visual/minigpt-4-vicuna-7b;mmke-visual/qwen2.5-vl-3b;mmke-visual/smolvlm-1.7b
clean,Ours-AbsDirection-Direct,M_new_norm,3,14,False,21,70.25071428571428,72.665,-2.4142857142857155,68.68752380952381,-1.124761904761907,5,0,9,4,9,-0.7850000000000037,-21.60000000000001,17.093999999999994,0.21428571428571427,evqa-pilot500/blip2-opt-2.7b;evqa-pilot500/paligemma-3b;evqa-pilot500/qwen2.5-vl-3b;evqa-pilot500/smolvlm-1.7b;mmke-entity/blip2-opt-2.7b;mmke-entity/instructblip-vicuna-7b;mmke-entity/paligemma-3b;mmke-entity/qwen2.5-vl-3b;mmke-entity/smolvlm-1.7b;mmke-visual/blip2-opt-2.7b;mmke-visual/instructblip-vicuna-7b;mmke-visual/minigpt-4-vicuna-7b;mmke-visual/qwen2.5-vl-3b;mmke-visual/smolvlm-1.7b
clean,Ours-NoDirection-Direct,M_abscos_x_newn,1,16,False,21,68.799875,70.311,-1.511124999999999,68.799875,-1.511124999999999,3,1,12,3,11,-0.963000000000001,-22.24000000000001,17.439999999999998,0.0625,evqa-pilot500/blip2-opt-2.7b;evqa-pilot500/minigpt-4-vicuna-7b;evqa-pilot500/paligemma-3b;evqa-pilot500/qwen2.5-vl-3b;evqa-pilot500/smolvlm-1.7b;mmke-entity/blip2-opt-2.7b;mmke-entity/instructblip-vicuna-7b;mmke-entity/minigpt-4-vicuna-7b;mmke-entity/paligemma-3b;mmke-entity/qwen2.5-vl-3b;mmke-entity/smolvlm-1.7b;mmke-visual/blip2-opt-2.7b;mmke-visual/instructblip-vicuna-7b;mmke-visual/minigpt-4-vicuna-7b;mmke-visual/qwen2.5-vl-3b;mmke-visual/smolvlm-1.7b
clean,Ours-NoDirection-Direct,M_abscos_x_newn,3,14,False,21,69.79428571428572,72.089,-2.2947142857142877,68.91128571428571,-0.8451904761904798,4,1,9,2,8,-0.740000000000002,-21.60000000000001,17.093999999999994,0.07142857142857142,evqa-pilot500/blip2-opt-2.7b;evqa-pilot500/qwen2.5-vl-3b;evqa-pilot500/smolvlm-1.7b;mmke-entity/blip2-opt-2.7b;mmke-entity/instructblip-vicuna-7b;mmke-entity/minigpt-4-vicuna-7b;mmke-entity/paligemma-3b;mmke-entity/qwen2.5-vl-3b;mmke-entity/smolvlm-1.7b;mmke-visual/blip2-opt-2.7b;mmke-visual/instructblip-vicuna-7b;mmke-visual/minigpt-4-vicuna-7b;mmke-visual/qwen2.5-vl-3b;mmke-visual/smolvlm-1.7b
clean,Ours-NoDirection-Direct,M_new_norm,1,16,False,21,68.799875,70.071125,-1.2712499999999989,68.799875,-1.2712499999999989,5,0,11,4,10,-0.8500000000000014,-22.24000000000001,17.439999999999998,0.0625,evqa-pilot500/blip2-opt-2.7b;evqa-pilot500/minigpt-4-vicuna-7b;evqa-pilot500/paligemma-3b;evqa-pilot500/qwen2.5-vl-3b;evqa-pilot500/smolvlm-1.7b;mmke-entity/blip2-opt-2.7b;mmke-entity/instructblip-vicuna-7b;mmke-entity/minigpt-4-vicuna-7b;mmke-entity/paligemma-3b;mmke-entity/qwen2.5-vl-3b;mmke-entity/smolvlm-1.7b;mmke-visual/blip2-opt-2.7b;mmke-visual/instructblip-vicuna-7b;mmke-visual/minigpt-4-vicuna-7b;mmke-visual/qwen2.5-vl-3b;mmke-visual/smolvlm-1.7b
clean,Ours-NoDirection-Direct,M_new_norm,3,14,False,21,69.79428571428572,71.93857142857144,-2.144285714285715,68.91128571428571,-0.687380952380955,6,0,8,3,8,-0.740000000000002,-21.60000000000001,17.093999999999994,0.07142857142857142,evqa-pilot500/blip2-opt-2.7b;evqa-pilot500/qwen2.5-vl-3b;evqa-pilot500/smolvlm-1.7b;mmke-entity/blip2-opt-2.7b;mmke-entity/instructblip-vicuna-7b;mmke-entity/minigpt-4-vicuna-7b;mmke-entity/paligemma-3b;mmke-entity/qwen2.5-vl-3b;mmke-entity/smolvlm-1.7b;mmke-visual/blip2-opt-2.7b;mmke-visual/instructblip-vicuna-7b;mmke-visual/minigpt-4-vicuna-7b;mmke-visual/qwen2.5-vl-3b;mmke-visual/smolvlm-1.7b
clean,Ours-1MinusCos-Direct,M_abscos_x_newn,1,16,False,21,68.524875,70.311,-1.7861249999999989,68.524875,-1.7861249999999989,3,1,12,3,11,-1.355000000000004,-21.050000000000004,12.620000000000005,0,evqa-pilot500/blip2-opt-2.7b;evqa-pilot500/minigpt-4-vicuna-7b;evqa-pilot500/paligemma-3b;evqa-pilot500/qwen2.5-vl-3b;evqa-pilot500/smolvlm-1.7b;mmke-entity/blip2-opt-2.7b;mmke-entity/instructblip-vicuna-7b;mmke-entity/minigpt-4-vicuna-7b;mmke-entity/paligemma-3b;mmke-entity/qwen2.5-vl-3b;mmke-entity/smolvlm-1.7b;mmke-visual/blip2-opt-2.7b;mmke-visual/instructblip-vicuna-7b;mmke-visual/minigpt-4-vicuna-7b;mmke-visual/qwen2.5-vl-3b;mmke-visual/smolvlm-1.7b
clean,Ours-1MinusCos-Direct,M_abscos_x_newn,3,14,False,21,69.77571428571429,72.089,-2.3132857142857155,68.35809523809525,-1.398380952380954,4,1,9,2,8,-1.0249999999999986,-20.85000000000001,16.343999999999994,0.07142857142857142,evqa-pilot500/blip2-opt-2.7b;evqa-pilot500/qwen2.5-vl-3b;evqa-pilot500/smolvlm-1.7b;mmke-entity/blip2-opt-2.7b;mmke-entity/instructblip-vicuna-7b;mmke-entity/minigpt-4-vicuna-7b;mmke-entity/paligemma-3b;mmke-entity/qwen2.5-vl-3b;mmke-entity/smolvlm-1.7b;mmke-visual/blip2-opt-2.7b;mmke-visual/instructblip-vicuna-7b;mmke-visual/minigpt-4-vicuna-7b;mmke-visual/qwen2.5-vl-3b;mmke-visual/smolvlm-1.7b
clean,Ours-1MinusCos-Direct,M_new_norm,1,16,False,21,68.524875,70.071125,-1.5462499999999988,68.524875,-1.5462499999999988,5,0,11,4,10,-0.9650000000000034,-21.050000000000004,12.620000000000005,0,evqa-pilot500/blip2-opt-2.7b;evqa-pilot500/minigpt-4-vicuna-7b;evqa-pilot500/paligemma-3b;evqa-pilot500/qwen2.5-vl-3b;evqa-pilot500/smolvlm-1.7b;mmke-entity/blip2-opt-2.7b;mmke-entity/instructblip-vicuna-7b;mmke-entity/minigpt-4-vicuna-7b;mmke-entity/paligemma-3b;mmke-entity/qwen2.5-vl-3b;mmke-entity/smolvlm-1.7b;mmke-visual/blip2-opt-2.7b;mmke-visual/instructblip-vicuna-7b;mmke-visual/minigpt-4-vicuna-7b;mmke-visual/qwen2.5-vl-3b;mmke-visual/smolvlm-1.7b
clean,Ours-1MinusCos-Direct,M_new_norm,3,14,False,21,69.77571428571429,71.93857142857144,-2.162857142857143,68.35809523809525,-1.2405714285714293,6,0,8,3,8,-1.0249999999999986,-20.85000000000001,16.343999999999994,0.07142857142857142,evqa-pilot500/blip2-opt-2.7b;evqa-pilot500/qwen2.5-vl-3b;evqa-pilot500/smolvlm-1.7b;mmke-entity/blip2-opt-2.7b;mmke-entity/instructblip-vicuna-7b;mmke-entity/minigpt-4-vicuna-7b;mmke-entity/paligemma-3b;mmke-entity/qwen2.5-vl-3b;mmke-entity/smolvlm-1.7b;mmke-visual/blip2-opt-2.7b;mmke-visual/instructblip-vicuna-7b;mmke-visual/minigpt-4-vicuna-7b;mmke-visual/qwen2.5-vl-3b;mmke-visual/smolvlm-1.7b
clean,abs_cos_only,M_abscos_x_newn,1,14,False,21,63.88328571428571,67.95357142857142,-4.070285714285714,63.88328571428571,-4.070285714285714,2,4,8,1,8,-0.7700000000000031,-23.53,0.5799999999999983,0.14285714285714285,evqa-pilot500/blip2-opt-2.7b;evqa-pilot500/instructblip-vicuna-7b;evqa-pilot500/llava-v1.5-7b;evqa-pilot500/minigpt-4-vicuna-7b;evqa-pilot500/qwen2.5-vl-3b;evqa-pilot500/smolvlm-1.7b;mmke-entity/blip2-opt-2.7b;mmke-entity/instructblip-vicuna-7b;mmke-entity/paligemma-3b;mmke-entity/smolvlm-1.7b;mmke-visual/instructblip-vicuna-7b;mmke-visual/minigpt-4-vicuna-7b;mmke-visual/qwen2.5-vl-3b;mmke-visual/smolvlm-1.7b
clean,abs_cos_only,M_abscos_x_newn,3,6,False,21,62.75,67.74333333333334,-4.993333333333335,60.727555555555554,-3.2773333333333334,0,2,4,0,4,-1.1700000000000017,-22.24000000000001,0.0,0.16666666666666666,evqa-pilot500/blip2-opt-2.7b;evqa-pilot500/minigpt-4-vicuna-7b;evqa-pilot500/smolvlm-1.7b;mmke-entity/blip2-opt-2.7b;mmke-entity/instructblip-vicuna-7b;mmke-visual/smolvlm-1.7b
clean,abs_cos_only,M_new_norm,1,14,False,21,63.88328571428571,67.71428571428571,-3.831,63.88328571428571,-3.831,3,4,7,1,6,-0.05000000000000071,-23.53,0.5799999999999983,0.14285714285714285,evqa-pilot500/blip2-opt-2.7b;evqa-pilot500/instructblip-vicuna-7b;evqa-pilot500/llava-v1.5-7b;evqa-pilot500/minigpt-4-vicuna-7b;evqa-pilot500/qwen2.5-vl-3b;evqa-pilot500/smolvlm-1.7b;mmke-entity/blip2-opt-2.7b;mmke-entity/instructblip-vicuna-7b;mmke-entity/paligemma-3b;mmke-entity/smolvlm-1.7b;mmke-visual/instructblip-vicuna-7b;mmke-visual/minigpt-4-vicuna-7b;mmke-visual/qwen2.5-vl-3b;mmke-visual/smolvlm-1.7b
clean,abs_cos_only,M_new_norm,3,6,False,21,62.75,68.77066666666667,-6.020666666666668,60.727555555555554,-3.808,0,2,4,0,4,-1.1700000000000017,-22.24000000000001,0.0,0.16666666666666666,evqa-pilot500/blip2-opt-2.7b;evqa-pilot500/minigpt-4-vicuna-7b;evqa-pilot500/smolvlm-1.7b;mmke-entity/blip2-opt-2.7b;mmke-entity/instructblip-vicuna-7b;mmke-visual/smolvlm-1.7b
clean,signed_cos_new_norm,M_abscos_x_newn,1,17,False,21,67.38329411764705,68.43247058823529,-1.0491764705882352,67.38329411764705,-1.0491764705882352,0,14,3,0,2,0.0,-14.100000000000001,0.0,0.23529411764705882,evqa-pilot500/blip2-opt-2.7b;evqa-pilot500/instructblip-vicuna-7b;evqa-pilot500/llava-v1.5-7b;evqa-pilot500/minigpt-4-vicuna-7b;evqa-pilot500/paligemma-3b;evqa-pilot500/qwen2.5-vl-3b;evqa-pilot500/smolvlm-1.7b;mmke-entity/blip2-opt-2.7b;mmke-entity/instructblip-vicuna-7b;mmke-entity/minigpt-4-vicuna-7b;mmke-entity/paligemma-3b;mmke-entity/qwen2.5-vl-3b;mmke-entity/smolvlm-1.7b;mmke-visual/blip2-opt-2.7b;mmke-visual/instructblip-vicuna-7b;mmke-visual/qwen2.5-vl-3b;mmke-visual/smolvlm-1.7b
clean,signed_cos_new_norm,M_abscos_x_newn,3,15,False,21,69.9124,70.76706666666666,-0.8546666666666667,67.16542222222222,-0.5279999999999997,0,14,1,0,1,0.0,-12.82,0.0,0.4666666666666667,evqa-pilot500/blip2-opt-2.7b;evqa-pilot500/instructblip-vicuna-7b;evqa-pilot500/minigpt-4-vicuna-7b;evqa-pilot500/paligemma-3b;evqa-pilot500/qwen2.5-vl-3b;evqa-pilot500/smolvlm-1.7b;mmke-entity/blip2-opt-2.7b;mmke-entity/instructblip-vicuna-7b;mmke-entity/paligemma-3b;mmke-entity/qwen2.5-vl-3b;mmke-entity/smolvlm-1.7b;mmke-visual/blip2-opt-2.7b;mmke-visual/instructblip-vicuna-7b;mmke-visual/qwen2.5-vl-3b;mmke-visual/smolvlm-1.7b
clean,signed_cos_new_norm,M_new_norm,1,17,False,21,67.38329411764705,68.252,-0.8687058823529408,67.38329411764705,-0.8687058823529408,2,13,2,2,2,0.0,-14.100000000000001,1.730000000000004,0.23529411764705882,evqa-pilot500/blip2-opt-2.7b;evqa-pilot500/instructblip-vicuna-7b;evqa-pilot500/llava-v1.5-7b;evqa-pilot500/minigpt-4-vicuna-7b;evqa-pilot500/paligemma-3b;evqa-pilot500/qwen2.5-vl-3b;evqa-pilot500/smolvlm-1.7b;mmke-entity/blip2-opt-2.7b;mmke-entity/instructblip-vicuna-7b;mmke-entity/minigpt-4-vicuna-7b;mmke-entity/paligemma-3b;mmke-entity/qwen2.5-vl-3b;mmke-entity/smolvlm-1.7b;mmke-visual/blip2-opt-2.7b;mmke-visual/instructblip-vicuna-7b;mmke-visual/qwen2.5-vl-3b;mmke-visual/smolvlm-1.7b
clean,signed_cos_new_norm,M_new_norm,3,14,False,21,71.01542857142857,72.31071428571428,-1.2952857142857144,68.24961904761905,-0.7229047619047613,1,11,2,1,2,0.0,-12.82,0.8500000000000014,0.42857142857142855,evqa-pilot500/blip2-opt-2.7b;evqa-pilot500/minigpt-4-vicuna-7b;evqa-pilot500/paligemma-3b;evqa-pilot500/qwen2.5-vl-3b;evqa-pilot500/smolvlm-1.7b;mmke-entity/blip2-opt-2.7b;mmke-entity/instructblip-vicuna-7b;mmke-entity/paligemma-3b;mmke-entity/qwen2.5-vl-3b;mmke-entity/smolvlm-1.7b;mmke-visual/blip2-opt-2.7b;mmke-visual/instructblip-vicuna-7b;mmke-visual/qwen2.5-vl-3b;mmke-visual/smolvlm-1.7b
clean,negative_cos_new_norm,M_abscos_x_newn,1,9,False,21,68.26355555555556,67.728,0.5355555555555556,68.26355555555556,0.5355555555555556,2,5,2,2,2,0.0,-1.2000000000000028,3.5900000000000034,0.1111111111111111,evqa-pilot500/llava-v1.5-7b;evqa-pilot500/minigpt-4-vicuna-7b;evqa-pilot500/qwen2.5-vl-3b;evqa-pilot500/smolvlm-1.7b;mmke-entity/blip2-opt-2.7b;mmke-entity/minigpt-4-vicuna-7b;mmke-visual/blip2-opt-2.7b;mmke-visual/llava-v1.5-7b;mmke-visual/minigpt-4-vicuna-7b
clean,negative_cos_new_norm,M_abscos_x_newn,3,6,False,21,71.302,72.745,-1.442999999999999,70.10977777777778,-0.4525555555555532,0,4,2,0,2,0.0,-6.413999999999994,0.0,0.16666666666666666,evqa-pilot500/minigpt-4-vicuna-7b;evqa-pilot500/smolvlm-1.7b;mmke-entity/blip2-opt-2.7b;mmke-entity/minigpt-4-vicuna-7b;mmke-visual/llava-v1.5-7b;mmke-visual/minigpt-4-vicuna-7b
clean,negative_cos_new_norm,M_new_norm,1,8,False,21,67.40174999999999,66.3195,1.0822500000000002,67.40174999999999,1.0822500000000002,5,2,1,4,0,0.5090000000000003,-0.11999999999999744,3.5900000000000034,0.125,evqa-pilot500/llava-v1.5-7b;evqa-pilot500/minigpt-4-vicuna-7b;evqa-pilot500/qwen2.5-vl-3b;evqa-pilot500/smolvlm-1.7b;mmke-entity/blip2-opt-2.7b;mmke-entity/minigpt-4-vicuna-7b;mmke-visual/blip2-opt-2.7b;mmke-visual/minigpt-4-vicuna-7b
clean,negative_cos_new_norm,M_new_norm,3,5,False,21,70.3252,73.0384,-2.713199999999996,68.99946666666666,-0.9346666666666608,2,1,2,1,2,0.0,-12.577999999999996,0.7660000000000053,0.2,evqa-pilot500/minigpt-4-vicuna-7b;evqa-pilot500/smolvlm-1.7b;mmke-entity/blip2-opt-2.7b;mmke-entity/minigpt-4-vicuna-7b;mmke-visual/minigpt-4-vicuna-7b
clean,old_norm_only,M_abscos_x_newn,1,18,False,21,69.42211111111111,68.88522222222223,0.5368888888888882,69.42211111111111,0.5368888888888882,2,12,4,2,3,0.0,-2.280000000000001,9.605999999999995,0.2777777777777778,evqa-pilot500/blip2-opt-2.7b;evqa-pilot500/instructblip-vicuna-7b;evqa-pilot500/llava-v1.5-7b;evqa-pilot500/minigpt-4-vicuna-7b;evqa-pilot500/paligemma-3b;evqa-pilot500/qwen2.5-vl-3b;evqa-pilot500/smolvlm-1.7b;mmke-entity/blip2-opt-2.7b;mmke-entity/instructblip-vicuna-7b;mmke-entity/minigpt-4-vicuna-7b;mmke-entity/paligemma-3b;mmke-entity/qwen2.5-vl-3b;mmke-entity/smolvlm-1.7b;mmke-visual/blip2-opt-2.7b;mmke-visual/instructblip-vicuna-7b;mmke-visual/minigpt-4-vicuna-7b;mmke-visual/qwen2.5-vl-3b;mmke-visual/smolvlm-1.7b
clean,old_norm_only,M_abscos_x_newn,3,15,False,21,72.84493333333333,72.5744,0.27053333333333235,70.17475555555555,0.06497777777777666,1,11,3,1,2,0.0,-0.8500000000000014,6.1640000000000015,0.3333333333333333,evqa-pilot500/blip2-opt-2.7b;evqa-pilot500/minigpt-4-vicuna-7b;evqa-pilot500/paligemma-3b;evqa-pilot500/qwen2.5-vl-3b;evqa-pilot500/smolvlm-1.7b;mmke-entity/blip2-opt-2.7b;mmke-entity/instructblip-vicuna-7b;mmke-entity/minigpt-4-vicuna-7b;mmke-entity/paligemma-3b;mmke-entity/qwen2.5-vl-3b;mmke-entity/smolvlm-1.7b;mmke-visual/blip2-opt-2.7b;mmke-visual/minigpt-4-vicuna-7b;mmke-visual/qwen2.5-vl-3b;mmke-visual/smolvlm-1.7b
clean,old_norm_only,M_new_norm,1,19,False,21,70.98021052631579,70.26957894736842,0.7106315789473678,70.98021052631579,0.7106315789473678,2,16,1,2,1,0.0,-1.4299999999999997,9.605999999999995,0.2631578947368421,evqa-pilot500/blip2-opt-2.7b;evqa-pilot500/instructblip-vicuna-7b;evqa-pilot500/llava-v1.5-7b;evqa-pilot500/minigpt-4-vicuna-7b;evqa-pilot500/paligemma-3b;evqa-pilot500/qwen2.5-vl-3b;evqa-pilot500/smolvlm-1.7b;mmke-entity/blip2-opt-2.7b;mmke-entity/instructblip-vicuna-7b;mmke-entity/minigpt-4-vicuna-7b;mmke-entity/paligemma-3b;mmke-entity/qwen2.5-vl-3b;mmke-entity/smolvlm-1.7b;mmke-visual/blip2-opt-2.7b;mmke-visual/instructblip-vicuna-7b;mmke-visual/minigpt-4-vicuna-7b;mmke-visual/paligemma-3b;mmke-visual/qwen2.5-vl-3b;mmke-visual/smolvlm-1.7b
clean,old_norm_only,M_new_norm,3,15,False,21,72.84493333333333,72.84493333333333,0.0,70.17475555555555,0.0,0,15,0,0,0,0.0,0.0,0.0,0.3333333333333333,evqa-pilot500/blip2-opt-2.7b;evqa-pilot500/minigpt-4-vicuna-7b;evqa-pilot500/paligemma-3b;evqa-pilot500/qwen2.5-vl-3b;evqa-pilot500/smolvlm-1.7b;mmke-entity/blip2-opt-2.7b;mmke-entity/instructblip-vicuna-7b;mmke-entity/minigpt-4-vicuna-7b;mmke-entity/paligemma-3b;mmke-entity/qwen2.5-vl-3b;mmke-entity/smolvlm-1.7b;mmke-visual/blip2-opt-2.7b;mmke-visual/minigpt-4-vicuna-7b;mmke-visual/qwen2.5-vl-3b;mmke-visual/smolvlm-1.7b
clean,power_a0_b-1_g-1,M_abscos_x_newn,1,17,False,21,67.07105882352941,67.41835294117647,-0.3472941176470594,67.07105882352941,-0.3472941176470594,1,10,6,1,5,0.0,-2.216000000000001,1.0100000000000051,0.17647058823529413,evqa-pilot500/blip2-opt-2.7b;evqa-pilot500/instructblip-vicuna-7b;evqa-pilot500/llava-v1.5-7b;evqa-pilot500/minigpt-4-vicuna-7b;evqa-pilot500/qwen2.5-vl-3b;evqa-pilot500/smolvlm-1.7b;mmke-entity/blip2-opt-2.7b;mmke-entity/instructblip-vicuna-7b;mmke-entity/minigpt-4-vicuna-7b;mmke-entity/qwen2.5-vl-3b;mmke-entity/smolvlm-1.7b;mmke-visual/blip2-opt-2.7b;mmke-visual/instructblip-vicuna-7b;mmke-visual/llava-v1.5-7b;mmke-visual/minigpt-4-vicuna-7b;mmke-visual/qwen2.5-vl-3b;mmke-visual/smolvlm-1.7b
clean,power_a0_b-1_g-1,M_abscos_x_newn,3,16,False,21,69.58525,69.29412500000001,0.29112499999999875,67.06683333333334,0.07354166666666595,2,11,3,2,2,0.0,-0.8500000000000014,6.1640000000000015,0.375,evqa-pilot500/blip2-opt-2.7b;evqa-pilot500/instructblip-vicuna-7b;evqa-pilot500/minigpt-4-vicuna-7b;evqa-pilot500/qwen2.5-vl-3b;evqa-pilot500/smolvlm-1.7b;mmke-entity/blip2-opt-2.7b;mmke-entity/instructblip-vicuna-7b;mmke-entity/minigpt-4-vicuna-7b;mmke-entity/qwen2.5-vl-3b;mmke-entity/smolvlm-1.7b;mmke-visual/blip2-opt-2.7b;mmke-visual/instructblip-vicuna-7b;mmke-visual/llava-v1.5-7b;mmke-visual/minigpt-4-vicuna-7b;mmke-visual/qwen2.5-vl-3b;mmke-visual/smolvlm-1.7b
clean,power_a0_b-1_g-1,M_new_norm,1,16,False,21,66.565625,66.69475,-0.1291250000000006,66.565625,-0.1291250000000006,1,13,2,1,2,0.0,-2.216000000000001,1.0100000000000051,0.1875,evqa-pilot500/blip2-opt-2.7b;evqa-pilot500/instructblip-vicuna-7b;evqa-pilot500/llava-v1.5-7b;evqa-pilot500/minigpt-4-vicuna-7b;evqa-pilot500/qwen2.5-vl-3b;evqa-pilot500/smolvlm-1.7b;mmke-entity/blip2-opt-2.7b;mmke-entity/instructblip-vicuna-7b;mmke-entity/minigpt-4-vicuna-7b;mmke-entity/qwen2.5-vl-3b;mmke-entity/smolvlm-1.7b;mmke-visual/blip2-opt-2.7b;mmke-visual/instructblip-vicuna-7b;mmke-visual/minigpt-4-vicuna-7b;mmke-visual/qwen2.5-vl-3b;mmke-visual/smolvlm-1.7b
clean,power_a0_b-1_g-1,M_new_norm,3,14,False,21,70.15057142857142,70.15057142857142,0.0,67.4987619047619,-0.016904761904761756,0,14,0,0,0,0.0,0.0,0.0,0.35714285714285715,evqa-pilot500/blip2-opt-2.7b;evqa-pilot500/minigpt-4-vicuna-7b;evqa-pilot500/qwen2.5-vl-3b;evqa-pilot500/smolvlm-1.7b;mmke-entity/blip2-opt-2.7b;mmke-entity/instructblip-vicuna-7b;mmke-entity/minigpt-4-vicuna-7b;mmke-entity/qwen2.5-vl-3b;mmke-entity/smolvlm-1.7b;mmke-visual/blip2-opt-2.7b;mmke-visual/instructblip-vicuna-7b;mmke-visual/minigpt-4-vicuna-7b;mmke-visual/qwen2.5-vl-3b;mmke-visual/smolvlm-1.7b
clean,power_a0_b-1_g0,M_abscos_x_newn,1,13,False,21,62.52384615384615,65.988,-3.464153846153846,62.52384615384615,-3.464153846153846,4,1,8,2,8,-1.2199999999999989,-22.24000000000001,17.50999999999999,0.07692307692307693,evqa-pilot500/blip2-opt-2.7b;evqa-pilot500/instructblip-vicuna-7b;evqa-pilot500/llava-v1.5-7b;evqa-pilot500/minigpt-4-vicuna-7b;evqa-pilot500/qwen2.5-vl-3b;evqa-pilot500/smolvlm-1.7b;mmke-entity/blip2-opt-2.7b;mmke-entity/instructblip-vicuna-7b;mmke-entity/minigpt-4-vicuna-7b;mmke-visual/blip2-opt-2.7b;mmke-visual/instructblip-vicuna-7b;mmke-visual/minigpt-4-vicuna-7b;mmke-visual/smolvlm-1.7b
clean,power_a0_b-1_g0,M_abscos_x_newn,3,7,False,21,67.30685714285714,70.45771428571429,-3.1508571428571455,65.196,-2.4329523809523823,1,2,4,1,4,-0.6900000000000048,-21.660000000000004,12.129999999999995,0.2857142857142857,evqa-pilot500/minigpt-4-vicuna-7b;evqa-pilot500/qwen2.5-vl-3b;evqa-pilot500/smolvlm-1.7b;mmke-entity/blip2-opt-2.7b;mmke-entity/instructblip-vicuna-7b;mmke-entity/minigpt-4-vicuna-7b;mmke-visual/minigpt-4-vicuna-7b
clean,power_a0_b-1_g0,M_new_norm,1,13,False,21,62.52384615384615,65.69276923076923,-3.1689230769230767,62.52384615384615,-3.1689230769230767,5,1,7,3,6,-0.36999999999999744,-22.24000000000001,19.239999999999995,0.07692307692307693,evqa-pilot500/blip2-opt-2.7b;evqa-pilot500/instructblip-vicuna-7b;evqa-pilot500/llava-v1.5-7b;evqa-pilot500/minigpt-4-vicuna-7b;evqa-pilot500/qwen2.5-vl-3b;evqa-pilot500/smolvlm-1.7b;mmke-entity/blip2-opt-2.7b;mmke-entity/instructblip-vicuna-7b;mmke-entity/minigpt-4-vicuna-7b;mmke-visual/blip2-opt-2.7b;mmke-visual/instructblip-vicuna-7b;mmke-visual/minigpt-4-vicuna-7b;mmke-visual/smolvlm-1.7b
clean,power_a0_b-1_g0,M_new_norm,3,7,False,21,67.30685714285714,71.03742857142858,-3.7305714285714293,65.196,-2.572190476190475,3,2,2,1,2,0.0,-21.660000000000004,5.965999999999994,0.2857142857142857,evqa-pilot500/minigpt-4-vicuna-7b;evqa-pilot500/qwen2.5-vl-3b;evqa-pilot500/smolvlm-1.7b;mmke-entity/blip2-opt-2.7b;mmke-entity/instructblip-vicuna-7b;mmke-entity/minigpt-4-vicuna-7b;mmke-visual/minigpt-4-vicuna-7b
clean,power_a0_b-1_g0.5,M_abscos_x_newn,1,12,False,21,61.530833333333334,66.94783333333334,-5.416999999999999,61.530833333333334,-5.416999999999999,3,0,9,2,9,-2.8199999999999967,-22.24000000000001,5.280000000000001,0,evqa-pilot500/blip2-opt-2.7b;evqa-pilot500/llava-v1.5-7b;evqa-pilot500/minigpt-4-vicuna-7b;evqa-pilot500/qwen2.5-vl-3b;evqa-pilot500/smolvlm-1.7b;mmke-entity/blip2-opt-2.7b;mmke-entity/instructblip-vicuna-7b;mmke-entity/minigpt-4-vicuna-7b;mmke-visual/blip2-opt-2.7b;mmke-visual/instructblip-vicuna-7b;mmke-visual/minigpt-4-vicuna-7b;mmke-visual/smolvlm-1.7b
clean,power_a0_b-1_g0.5,M_abscos_x_newn,3,3,False,21,60.290000000000006,71.73,-11.44,59.788222222222224,-7.773333333333331,0,1,2,0,2,-12.659999999999997,-21.660000000000004,0.0,0,evqa-pilot500/smolvlm-1.7b;mmke-entity/instructblip-vicuna-7b;mmke-entity/minigpt-4-vicuna-7b
clean,power_a0_b-1_g0.5,M_new_norm,1,12,False,21,61.530833333333334,66.628,-5.0971666666666655,61.530833333333334,-5.0971666666666655,3,0,9,3,8,-2.4349999999999987,-22.24000000000001,5.280000000000001,0,evqa-pilot500/blip2-opt-2.7b;evqa-pilot500/llava-v1.5-7b;evqa-pilot500/minigpt-4-vicuna-7b;evqa-pilot500/qwen2.5-vl-3b;evqa-pilot500/smolvlm-1.7b;mmke-entity/blip2-opt-2.7b;mmke-entity/instructblip-vicuna-7b;mmke-entity/minigpt-4-vicuna-7b;mmke-visual/blip2-opt-2.7b;mmke-visual/instructblip-vicuna-7b;mmke-visual/minigpt-4-vicuna-7b;mmke-visual/smolvlm-1.7b
clean,power_a0_b-1_g0.5,M_new_norm,3,3,False,21,60.290000000000006,71.56666666666666,-11.276666666666664,59.788222222222224,-7.6248888888888855,1,0,2,0,2,-12.659999999999997,-21.660000000000004,0.4900000000000091,0,evqa-pilot500/smolvlm-1.7b;mmke-entity/instructblip-vicuna-7b;mmke-entity/minigpt-4-vicuna-7b
clean,power_a0_b-1_g1,M_abscos_x_newn,1,9,False,21,60.48777777777778,67.05466666666666,-6.566888888888888,60.48777777777778,-6.566888888888888,3,0,6,2,6,-4.200000000000003,-22.24000000000001,5.280000000000001,0,evqa-pilot500/blip2-opt-2.7b;evqa-pilot500/llava-v1.5-7b;evqa-pilot500/smolvlm-1.7b;mmke-entity/blip2-opt-2.7b;mmke-entity/instructblip-vicuna-7b;mmke-entity/minigpt-4-vicuna-7b;mmke-visual/blip2-opt-2.7b;mmke-visual/instructblip-vicuna-7b;mmke-visual/smolvlm-1.7b
clean,power_a0_b-1_g1,M_abscos_x_newn,3,2,False,21,52.335,69.575,-17.240000000000002,51.75833333333333,-11.686666666666664,0,0,2,0,2,-17.240000000000002,-21.660000000000004,-12.82,0,evqa-pilot500/smolvlm-1.7b;mmke-entity/instructblip-vicuna-7b
clean,power_a0_b-1_g1,M_new_norm,1,9,False,21,60.48777777777778,67.00044444444444,-6.512666666666666,60.48777777777778,-6.512666666666666,3,0,6,3,6,-4.200000000000003,-22.24000000000001,5.280000000000001,0,evqa-pilot500/blip2-opt-2.7b;evqa-pilot500/llava-v1.5-7b;evqa-pilot500/smolvlm-1.7b;mmke-entity/blip2-opt-2.7b;mmke-entity/instructblip-vicuna-7b;mmke-entity/minigpt-4-vicuna-7b;mmke-visual/blip2-opt-2.7b;mmke-visual/instructblip-vicuna-7b;mmke-visual/smolvlm-1.7b
clean,power_a0_b-1_g1,M_new_norm,3,2,False,21,52.335,69.575,-17.240000000000002,51.75833333333333,-11.686666666666664,0,0,2,0,2,-17.240000000000002,-21.660000000000004,-12.82,0,evqa-pilot500/smolvlm-1.7b;mmke-entity/instructblip-vicuna-7b
clean,power_a0_b-1_g2,M_abscos_x_newn,1,7,False,21,58.31428571428572,63.65542857142857,-5.341142857142857,58.31428571428572,-5.341142857142857,2,0,5,2,5,-3.2479999999999976,-22.480000000000004,5.280000000000001,0,evqa-pilot500/blip2-opt-2.7b;evqa-pilot500/llava-v1.5-7b;evqa-pilot500/minigpt-4-vicuna-7b;evqa-pilot500/smolvlm-1.7b;mmke-entity/blip2-opt-2.7b;mmke-entity/instructblip-vicuna-7b;mmke-visual/blip2-opt-2.7b
clean,power_a0_b-1_g2,M_abscos_x_newn,3,2,False,21,52.045,69.575,-17.530000000000005,51.584999999999994,-11.86,0,0,2,0,2,-17.530000000000005,-22.24000000000001,-12.82,0,evqa-pilot500/smolvlm-1.7b;mmke-entity/instructblip-vicuna-7b
clean,power_a0_b-1_g2,M_new_norm,1,7,False,21,58.31428571428572,63.40828571428571,-5.093999999999999,58.31428571428572,-5.093999999999999,3,0,4,2,4,-3.2479999999999976,-22.480000000000004,5.280000000000001,0,evqa-pilot500/blip2-opt-2.7b;evqa-pilot500/llava-v1.5-7b;evqa-pilot500/minigpt-4-vicuna-7b;evqa-pilot500/smolvlm-1.7b;mmke-entity/blip2-opt-2.7b;mmke-entity/instructblip-vicuna-7b;mmke-visual/blip2-opt-2.7b
clean,power_a0_b-1_g2,M_new_norm,3,2,False,21,52.045,69.575,-17.530000000000005,51.584999999999994,-11.86,0,0,2,0,2,-17.530000000000005,-22.24000000000001,-12.82,0,evqa-pilot500/smolvlm-1.7b;mmke-entity/instructblip-vicuna-7b
clean,power_a0_b-0.5_g-1,M_abscos_x_newn,1,17,False,21,67.07105882352941,67.41835294117647,-0.3472941176470594,67.07105882352941,-0.3472941176470594,1,10,6,1,5,0.0,-2.216000000000001,1.0100000000000051,0.17647058823529413,evqa-pilot500/blip2-opt-2.7b;evqa-pilot500/instructblip-vicuna-7b;evqa-pilot500/llava-v1.5-7b;evqa-pilot500/minigpt-4-vicuna-7b;evqa-pilot500/qwen2.5-vl-3b;evqa-pilot500/smolvlm-1.7b;mmke-entity/blip2-opt-2.7b;mmke-entity/instructblip-vicuna-7b;mmke-entity/minigpt-4-vicuna-7b;mmke-entity/qwen2.5-vl-3b;mmke-entity/smolvlm-1.7b;mmke-visual/blip2-opt-2.7b;mmke-visual/instructblip-vicuna-7b;mmke-visual/llava-v1.5-7b;mmke-visual/minigpt-4-vicuna-7b;mmke-visual/qwen2.5-vl-3b;mmke-visual/smolvlm-1.7b
clean,power_a0_b-0.5_g-1,M_abscos_x_newn,3,16,False,21,69.58525,69.29412500000001,0.29112499999999875,67.06683333333334,0.07354166666666595,2,11,3,2,2,0.0,-0.8500000000000014,6.1640000000000015,0.375,evqa-pilot500/blip2-opt-2.7b;evqa-pilot500/instructblip-vicuna-7b;evqa-pilot500/minigpt-4-vicuna-7b;evqa-pilot500/qwen2.5-vl-3b;evqa-pilot500/smolvlm-1.7b;mmke-entity/blip2-opt-2.7b;mmke-entity/instructblip-vicuna-7b;mmke-entity/minigpt-4-vicuna-7b;mmke-entity/qwen2.5-vl-3b;mmke-entity/smolvlm-1.7b;mmke-visual/blip2-opt-2.7b;mmke-visual/instructblip-vicuna-7b;mmke-visual/llava-v1.5-7b;mmke-visual/minigpt-4-vicuna-7b;mmke-visual/qwen2.5-vl-3b;mmke-visual/smolvlm-1.7b
clean,power_a0_b-0.5_g-1,M_new_norm,1,16,False,21,66.565625,66.69475,-0.1291250000000006,66.565625,-0.1291250000000006,1,13,2,1,2,0.0,-2.216000000000001,1.0100000000000051,0.1875,evqa-pilot500/blip2-opt-2.7b;evqa-pilot500/instructblip-vicuna-7b;evqa-pilot500/llava-v1.5-7b;evqa-pilot500/minigpt-4-vicuna-7b;evqa-pilot500/qwen2.5-vl-3b;evqa-pilot500/smolvlm-1.7b;mmke-entity/blip2-opt-2.7b;mmke-entity/instructblip-vicuna-7b;mmke-entity/minigpt-4-vicuna-7b;mmke-entity/qwen2.5-vl-3b;mmke-entity/smolvlm-1.7b;mmke-visual/blip2-opt-2.7b;mmke-visual/instructblip-vicuna-7b;mmke-visual/minigpt-4-vicuna-7b;mmke-visual/qwen2.5-vl-3b;mmke-visual/smolvlm-1.7b
clean,power_a0_b-0.5_g-1,M_new_norm,3,14,False,21,70.15057142857142,70.15057142857142,0.0,67.4987619047619,-0.016904761904761756,0,14,0,0,0,0.0,0.0,0.0,0.35714285714285715,evqa-pilot500/blip2-opt-2.7b;evqa-pilot500/minigpt-4-vicuna-7b;evqa-pilot500/qwen2.5-vl-3b;evqa-pilot500/smolvlm-1.7b;mmke-entity/blip2-opt-2.7b;mmke-entity/instructblip-vicuna-7b;mmke-entity/minigpt-4-vicuna-7b;mmke-entity/qwen2.5-vl-3b;mmke-entity/smolvlm-1.7b;mmke-visual/blip2-opt-2.7b;mmke-visual/instructblip-vicuna-7b;mmke-visual/minigpt-4-vicuna-7b;mmke-visual/qwen2.5-vl-3b;mmke-visual/smolvlm-1.7b
clean,power_a0_b-0.5_g0,M_abscos_x_newn,1,19,False,21,67.69726315789474,69.21536842105263,-1.518105263157895,67.69726315789474,-1.518105263157895,1,13,5,1,4,0.0,-19.160000000000004,11.543999999999997,0.15789473684210525,evqa-pilot500/blip2-opt-2.7b;evqa-pilot500/instructblip-vicuna-7b;evqa-pilot500/llava-v1.5-7b;evqa-pilot500/minigpt-4-vicuna-7b;evqa-pilot500/paligemma-3b;evqa-pilot500/qwen2.5-vl-3b;evqa-pilot500/smolvlm-1.7b;mmke-entity/blip2-opt-2.7b;mmke-entity/instructblip-vicuna-7b;mmke-entity/minigpt-4-vicuna-7b;mmke-entity/paligemma-3b;mmke-entity/qwen2.5-vl-3b;mmke-entity/smolvlm-1.7b;mmke-visual/blip2-opt-2.7b;mmke-visual/instructblip-vicuna-7b;mmke-visual/llava-v1.5-7b;mmke-visual/minigpt-4-vicuna-7b;mmke-visual/qwen2.5-vl-3b;mmke-visual/smolvlm-1.7b
clean,power_a0_b-0.5_g0,M_abscos_x_newn,3,16,False,21,71.489625,72.494125,-1.0045000000000015,68.92945833333333,-0.8136666666666681,1,11,4,1,3,0.0,-20.13000000000001,6.1640000000000015,0.3125,evqa-pilot500/blip2-opt-2.7b;evqa-pilot500/minigpt-4-vicuna-7b;evqa-pilot500/paligemma-3b;evqa-pilot500/qwen2.5-vl-3b;evqa-pilot500/smolvlm-1.7b;mmke-entity/blip2-opt-2.7b;mmke-entity/instructblip-vicuna-7b;mmke-entity/minigpt-4-vicuna-7b;mmke-entity/paligemma-3b;mmke-entity/qwen2.5-vl-3b;mmke-entity/smolvlm-1.7b;mmke-visual/blip2-opt-2.7b;mmke-visual/instructblip-vicuna-7b;mmke-visual/minigpt-4-vicuna-7b;mmke-visual/qwen2.5-vl-3b;mmke-visual/smolvlm-1.7b
clean,power_a0_b-0.5_g0,M_new_norm,1,18,False,21,67.28277777777778,68.672,-1.3892222222222226,67.28277777777778,-1.3892222222222226,1,15,2,1,2,0.0,-19.160000000000004,13.274000000000001,0.16666666666666666,evqa-pilot500/blip2-opt-2.7b;evqa-pilot500/instructblip-vicuna-7b;evqa-pilot500/llava-v1.5-7b;evqa-pilot500/minigpt-4-vicuna-7b;evqa-pilot500/paligemma-3b;evqa-pilot500/qwen2.5-vl-3b;evqa-pilot500/smolvlm-1.7b;mmke-entity/blip2-opt-2.7b;mmke-entity/instructblip-vicuna-7b;mmke-entity/minigpt-4-vicuna-7b;mmke-entity/paligemma-3b;mmke-entity/qwen2.5-vl-3b;mmke-entity/smolvlm-1.7b;mmke-visual/blip2-opt-2.7b;mmke-visual/instructblip-vicuna-7b;mmke-visual/minigpt-4-vicuna-7b;mmke-visual/qwen2.5-vl-3b;mmke-visual/smolvlm-1.7b
clean,power_a0_b-0.5_g0,M_new_norm,3,16,False,21,71.489625,72.74775,-1.2581250000000006,68.92945833333333,-0.8745833333333337,0,15,1,0,1,0.0,-20.13000000000001,0.0,0.3125,evqa-pilot500/blip2-opt-2.7b;evqa-pilot500/minigpt-4-vicuna-7b;evqa-pilot500/paligemma-3b;evqa-pilot500/qwen2.5-vl-3b;evqa-pilot500/smolvlm-1.7b;mmke-entity/blip2-opt-2.7b;mmke-entity/instructblip-vicuna-7b;mmke-entity/minigpt-4-vicuna-7b;mmke-entity/paligemma-3b;mmke-entity/qwen2.5-vl-3b;mmke-entity/smolvlm-1.7b;mmke-visual/blip2-opt-2.7b;mmke-visual/instructblip-vicuna-7b;mmke-visual/minigpt-4-vicuna-7b;mmke-visual/qwen2.5-vl-3b;mmke-visual/smolvlm-1.7b
clean,power_a0_b-0.5_g0.5,M_abscos_x_newn,1,15,False,21,68.76866666666666,69.89293333333333,-1.124266666666667,68.76866666666666,-1.124266666666667,6,1,8,5,7,-0.19000000000000483,-22.24000000000001,14.88000000000001,0.06666666666666667,evqa-pilot500/blip2-opt-2.7b;evqa-pilot500/minigpt-4-vicuna-7b;evqa-pilot500/paligemma-3b;evqa-pilot500/qwen2.5-vl-3b;evqa-pilot500/smolvlm-1.7b;mmke-entity/blip2-opt-2.7b;mmke-entity/instructblip-vicuna-7b;mmke-entity/minigpt-4-vicuna-7b;mmke-entity/paligemma-3b;mmke-entity/qwen2.5-vl-3b;mmke-entity/smolvlm-1.7b;mmke-visual/blip2-opt-2.7b;mmke-visual/instructblip-vicuna-7b;mmke-visual/qwen2.5-vl-3b;mmke-visual/smolvlm-1.7b
clean,power_a0_b-0.5_g0.5,M_abscos_x_newn,3,10,False,21,69.0758,72.5656,-3.4898000000000033,67.75173333333333,-1.338066666666672,1,2,7,1,5,-0.4270000000000067,-21.60000000000001,16.685999999999993,0,evqa-pilot500/blip2-opt-2.7b;evqa-pilot500/minigpt-4-vicuna-7b;evqa-pilot500/paligemma-3b;evqa-pilot500/qwen2.5-vl-3b;mmke-entity/blip2-opt-2.7b;mmke-entity/instructblip-vicuna-7b;mmke-entity/paligemma-3b;mmke-entity/qwen2.5-vl-3b;mmke-visual/instructblip-vicuna-7b;mmke-visual/smolvlm-1.7b
clean,power_a0_b-0.5_g0.5,M_new_norm,1,15,False,21,68.76866666666666,69.6884,-0.9197333333333333,68.76866666666666,-0.9197333333333333,7,1,7,6,6,0.0,-22.24000000000001,14.88000000000001,0.06666666666666667,evqa-pilot500/blip2-opt-2.7b;evqa-pilot500/minigpt-4-vicuna-7b;evqa-pilot500/paligemma-3b;evqa-pilot500/qwen2.5-vl-3b;evqa-pilot500/smolvlm-1.7b;mmke-entity/blip2-opt-2.7b;mmke-entity/instructblip-vicuna-7b;mmke-entity/minigpt-4-vicuna-7b;mmke-entity/paligemma-3b;mmke-entity/qwen2.5-vl-3b;mmke-entity/smolvlm-1.7b;mmke-visual/blip2-opt-2.7b;mmke-visual/instructblip-vicuna-7b;mmke-visual/qwen2.5-vl-3b;mmke-visual/smolvlm-1.7b
clean,power_a0_b-0.5_g0.5,M_new_norm,3,10,False,21,69.0758,73.09700000000001,-4.021200000000003,67.75173333333333,-1.5581333333333383,2,1,7,2,6,-0.6400000000000006,-21.60000000000001,16.685999999999993,0,evqa-pilot500/blip2-opt-2.7b;evqa-pilot500/minigpt-4-vicuna-7b;evqa-pilot500/paligemma-3b;evqa-pilot500/qwen2.5-vl-3b;mmke-entity/blip2-opt-2.7b;mmke-entity/instructblip-vicuna-7b;mmke-entity/paligemma-3b;mmke-entity/qwen2.5-vl-3b;mmke-visual/instructblip-vicuna-7b;mmke-visual/smolvlm-1.7b
clean,power_a0_b-0.5_g1,M_abscos_x_newn,1,14,False,21,68.47414285714285,71.19614285714286,-2.722,68.47414285714285,-2.722,2,1,11,1,11,-1.3180000000000014,-22.24000000000001,17.439999999999998,0.07142857142857142,evqa-pilot500/blip2-opt-2.7b;evqa-pilot500/minigpt-4-vicuna-7b;evqa-pilot500/paligemma-3b;evqa-pilot500/qwen2.5-vl-3b;evqa-pilot500/smolvlm-1.7b;mmke-entity/instructblip-vicuna-7b;mmke-entity/minigpt-4-vicuna-7b;mmke-entity/paligemma-3b;mmke-entity/qwen2.5-vl-3b;mmke-entity/smolvlm-1.7b;mmke-visual/instructblip-vicuna-7b;mmke-visual/minigpt-4-vicuna-7b;mmke-visual/qwen2.5-vl-3b;mmke-visual/smolvlm-1.7b
clean,power_a0_b-0.5_g1,M_abscos_x_newn,3,12,False,21,69.58916666666667,72.23933333333333,-2.6501666666666677,68.60038888888889,-1.348444444444448,3,1,8,2,7,-0.740000000000002,-21.60000000000001,17.093999999999994,0.16666666666666666,evqa-pilot500/blip2-opt-2.7b;evqa-pilot500/qwen2.5-vl-3b;evqa-pilot500/smolvlm-1.7b;mmke-entity/instructblip-vicuna-7b;mmke-entity/minigpt-4-vicuna-7b;mmke-entity/paligemma-3b;mmke-entity/qwen2.5-vl-3b;mmke-entity/smolvlm-1.7b;mmke-visual/instructblip-vicuna-7b;mmke-visual/minigpt-4-vicuna-7b;mmke-visual/qwen2.5-vl-3b;mmke-visual/smolvlm-1.7b
clean,power_a0_b-0.5_g1,M_new_norm,1,14,False,21,68.47414285714285,70.922,-2.4478571428571425,68.47414285714285,-2.4478571428571425,4,0,10,2,10,-0.9200000000000017,-22.24000000000001,17.439999999999998,0.07142857142857142,evqa-pilot500/blip2-opt-2.7b;evqa-pilot500/minigpt-4-vicuna-7b;evqa-pilot500/paligemma-3b;evqa-pilot500/qwen2.5-vl-3b;evqa-pilot500/smolvlm-1.7b;mmke-entity/instructblip-vicuna-7b;mmke-entity/minigpt-4-vicuna-7b;mmke-entity/paligemma-3b;mmke-entity/qwen2.5-vl-3b;mmke-entity/smolvlm-1.7b;mmke-visual/instructblip-vicuna-7b;mmke-visual/minigpt-4-vicuna-7b;mmke-visual/qwen2.5-vl-3b;mmke-visual/smolvlm-1.7b
clean,power_a0_b-0.5_g1,M_new_norm,3,12,False,21,69.58916666666667,72.06383333333333,-2.4746666666666663,68.60038888888889,-1.1643333333333359,5,0,7,3,7,-0.740000000000002,-21.60000000000001,17.093999999999994,0.16666666666666666,evqa-pilot500/blip2-opt-2.7b;evqa-pilot500/qwen2.5-vl-3b;evqa-pilot500/smolvlm-1.7b;mmke-entity/instructblip-vicuna-7b;mmke-entity/minigpt-4-vicuna-7b;mmke-entity/paligemma-3b;mmke-entity/qwen2.5-vl-3b;mmke-entity/smolvlm-1.7b;mmke-visual/instructblip-vicuna-7b;mmke-visual/minigpt-4-vicuna-7b;mmke-visual/qwen2.5-vl-3b;mmke-visual/smolvlm-1.7b
clean,power_a0_b-0.5_g2,M_abscos_x_newn,1,15,False,21,64.40013333333333,68.21693333333333,-3.8167999999999993,64.40013333333333,-3.8167999999999993,4,0,11,2,11,-2.0700000000000074,-22.24000000000001,5.060000000000002,0.06666666666666667,evqa-pilot500/blip2-opt-2.7b;evqa-pilot500/instructblip-vicuna-7b;evqa-pilot500/minigpt-4-vicuna-7b;evqa-pilot500/qwen2.5-vl-3b;evqa-pilot500/smolvlm-1.7b;mmke-entity/blip2-opt-2.7b;mmke-entity/instructblip-vicuna-7b;mmke-entity/minigpt-4-vicuna-7b;mmke-entity/qwen2.5-vl-3b;mmke-entity/smolvlm-1.7b;mmke-visual/instructblip-vicuna-7b;mmke-visual/llava-v1.5-7b;mmke-visual/minigpt-4-vicuna-7b;mmke-visual/qwen2.5-vl-3b;mmke-visual/smolvlm-1.7b
clean,power_a0_b-0.5_g2,M_abscos_x_newn,3,7,False,21,66.35285714285715,70.64,-4.287142857142859,65.01219047619048,-3.6308571428571432,2,0,5,0,5,-1.75,-21.660000000000004,0.3499999999999943,0.14285714285714285,evqa-pilot500/qwen2.5-vl-3b;evqa-pilot500/smolvlm-1.7b;mmke-entity/instructblip-vicuna-7b;mmke-entity/qwen2.5-vl-3b;mmke-entity/smolvlm-1.7b;mmke-visual/minigpt-4-vicuna-7b;mmke-visual/smolvlm-1.7b
clean,power_a0_b-0.5_g2,M_new_norm,1,15,False,21,65.5264,69.55226666666667,-4.025866666666665,65.5264,-4.025866666666665,4,0,11,3,11,-2.0700000000000074,-22.24000000000001,5.060000000000002,0.06666666666666667,evqa-pilot500/blip2-opt-2.7b;evqa-pilot500/instructblip-vicuna-7b;evqa-pilot500/minigpt-4-vicuna-7b;evqa-pilot500/qwen2.5-vl-3b;evqa-pilot500/smolvlm-1.7b;mmke-entity/blip2-opt-2.7b;mmke-entity/instructblip-vicuna-7b;mmke-entity/minigpt-4-vicuna-7b;mmke-entity/qwen2.5-vl-3b;mmke-entity/smolvlm-1.7b;mmke-visual/instructblip-vicuna-7b;mmke-visual/minigpt-4-vicuna-7b;mmke-visual/paligemma-3b;mmke-visual/qwen2.5-vl-3b;mmke-visual/smolvlm-1.7b
clean,power_a0_b-0.5_g2,M_new_norm,3,7,False,21,66.35285714285715,70.40914285714285,-4.056285714285715,65.01219047619048,-3.378857142857142,2,0,5,0,4,-1.6239999999999952,-21.660000000000004,0.3499999999999943,0.14285714285714285,evqa-pilot500/qwen2.5-vl-3b;evqa-pilot500/smolvlm-1.7b;mmke-entity/instructblip-vicuna-7b;mmke-entity/qwen2.5-vl-3b;mmke-entity/smolvlm-1.7b;mmke-visual/minigpt-4-vicuna-7b;mmke-visual/smolvlm-1.7b
clean,power_a0_b0_g-1,M_abscos_x_newn,1,17,False,21,67.07105882352941,67.41835294117647,-0.3472941176470594,67.07105882352941,-0.3472941176470594,1,10,6,1,5,0.0,-2.216000000000001,1.0100000000000051,0.17647058823529413,evqa-pilot500/blip2-opt-2.7b;evqa-pilot500/instructblip-vicuna-7b;evqa-pilot500/llava-v1.5-7b;evqa-pilot500/minigpt-4-vicuna-7b;evqa-pilot500/qwen2.5-vl-3b;evqa-pilot500/smolvlm-1.7b;mmke-entity/blip2-opt-2.7b;mmke-entity/instructblip-vicuna-7b;mmke-entity/minigpt-4-vicuna-7b;mmke-entity/qwen2.5-vl-3b;mmke-entity/smolvlm-1.7b;mmke-visual/blip2-opt-2.7b;mmke-visual/instructblip-vicuna-7b;mmke-visual/llava-v1.5-7b;mmke-visual/minigpt-4-vicuna-7b;mmke-visual/qwen2.5-vl-3b;mmke-visual/smolvlm-1.7b
clean,power_a0_b0_g-1,M_abscos_x_newn,3,16,False,21,69.58525,69.29412500000001,0.29112499999999875,67.06683333333334,0.07354166666666595,2,11,3,2,2,0.0,-0.8500000000000014,6.1640000000000015,0.375,evqa-pilot500/blip2-opt-2.7b;evqa-pilot500/instructblip-vicuna-7b;evqa-pilot500/minigpt-4-vicuna-7b;evqa-pilot500/qwen2.5-vl-3b;evqa-pilot500/smolvlm-1.7b;mmke-entity/blip2-opt-2.7b;mmke-entity/instructblip-vicuna-7b;mmke-entity/minigpt-4-vicuna-7b;mmke-entity/qwen2.5-vl-3b;mmke-entity/smolvlm-1.7b;mmke-visual/blip2-opt-2.7b;mmke-visual/instructblip-vicuna-7b;mmke-visual/llava-v1.5-7b;mmke-visual/minigpt-4-vicuna-7b;mmke-visual/qwen2.5-vl-3b;mmke-visual/smolvlm-1.7b
clean,power_a0_b0_g-1,M_new_norm,1,16,False,21,66.565625,66.69475,-0.1291250000000006,66.565625,-0.1291250000000006,1,13,2,1,2,0.0,-2.216000000000001,1.0100000000000051,0.1875,evqa-pilot500/blip2-opt-2.7b;evqa-pilot500/instructblip-vicuna-7b;evqa-pilot500/llava-v1.5-7b;evqa-pilot500/minigpt-4-vicuna-7b;evqa-pilot500/qwen2.5-vl-3b;evqa-pilot500/smolvlm-1.7b;mmke-entity/blip2-opt-2.7b;mmke-entity/instructblip-vicuna-7b;mmke-entity/minigpt-4-vicuna-7b;mmke-entity/qwen2.5-vl-3b;mmke-entity/smolvlm-1.7b;mmke-visual/blip2-opt-2.7b;mmke-visual/instructblip-vicuna-7b;mmke-visual/minigpt-4-vicuna-7b;mmke-visual/qwen2.5-vl-3b;mmke-visual/smolvlm-1.7b
clean,power_a0_b0_g-1,M_new_norm,3,14,False,21,70.15057142857142,70.15057142857142,0.0,67.4987619047619,-0.016904761904761756,0,14,0,0,0,0.0,0.0,0.0,0.35714285714285715,evqa-pilot500/blip2-opt-2.7b;evqa-pilot500/minigpt-4-vicuna-7b;evqa-pilot500/qwen2.5-vl-3b;evqa-pilot500/smolvlm-1.7b;mmke-entity/blip2-opt-2.7b;mmke-entity/instructblip-vicuna-7b;mmke-entity/minigpt-4-vicuna-7b;mmke-entity/qwen2.5-vl-3b;mmke-entity/smolvlm-1.7b;mmke-visual/blip2-opt-2.7b;mmke-visual/instructblip-vicuna-7b;mmke-visual/minigpt-4-vicuna-7b;mmke-visual/qwen2.5-vl-3b;mmke-visual/smolvlm-1.7b
clean,power_a0_b0_g0,M_abscos_x_newn,1,18,False,21,68.672,68.88522222222223,-0.21322222222222229,68.672,-0.21322222222222229,0,14,4,0,3,0.0,-1.730000000000004,0.0,0.2222222222222222,evqa-pilot500/blip2-opt-2.7b;evqa-pilot500/instructblip-vicuna-7b;evqa-pilot500/llava-v1.5-7b;evqa-pilot500/minigpt-4-vicuna-7b;evqa-pilot500/paligemma-3b;evqa-pilot500/qwen2.5-vl-3b;evqa-pilot500/smolvlm-1.7b;mmke-entity/blip2-opt-2.7b;mmke-entity/instructblip-vicuna-7b;mmke-entity/minigpt-4-vicuna-7b;mmke-entity/paligemma-3b;mmke-entity/qwen2.5-vl-3b;mmke-entity/smolvlm-1.7b;mmke-visual/blip2-opt-2.7b;mmke-visual/instructblip-vicuna-7b;mmke-visual/minigpt-4-vicuna-7b;mmke-visual/qwen2.5-vl-3b;mmke-visual/smolvlm-1.7b
clean,power_a0_b0_g0,M_abscos_x_newn,3,16,False,21,72.74775,72.494125,0.2536249999999991,69.80404166666666,0.06091666666666562,1,12,3,1,2,0.0,-0.8500000000000014,6.1640000000000015,0.375,evqa-pilot500/blip2-opt-2.7b;evqa-pilot500/minigpt-4-vicuna-7b;evqa-pilot500/paligemma-3b;evqa-pilot500/qwen2.5-vl-3b;evqa-pilot500/smolvlm-1.7b;mmke-entity/blip2-opt-2.7b;mmke-entity/instructblip-vicuna-7b;mmke-entity/minigpt-4-vicuna-7b;mmke-entity/paligemma-3b;mmke-entity/qwen2.5-vl-3b;mmke-entity/smolvlm-1.7b;mmke-visual/blip2-opt-2.7b;mmke-visual/instructblip-vicuna-7b;mmke-visual/minigpt-4-vicuna-7b;mmke-visual/qwen2.5-vl-3b;mmke-visual/smolvlm-1.7b
clean,power_a0_b0_g0,M_new_norm,1,19,False,21,70.26957894736842,70.26957894736842,0.0,70.26957894736842,0.0,0,19,0,0,0,0.0,0.0,0.0,0.21052631578947367,evqa-pilot500/blip2-opt-2.7b;evqa-pilot500/instructblip-vicuna-7b;evqa-pilot500/llava-v1.5-7b;evqa-pilot500/minigpt-4-vicuna-7b;evqa-pilot500/paligemma-3b;evqa-pilot500/qwen2.5-vl-3b;evqa-pilot500/smolvlm-1.7b;mmke-entity/blip2-opt-2.7b;mmke-entity/instructblip-vicuna-7b;mmke-entity/minigpt-4-vicuna-7b;mmke-entity/paligemma-3b;mmke-entity/qwen2.5-vl-3b;mmke-entity/smolvlm-1.7b;mmke-visual/blip2-opt-2.7b;mmke-visual/instructblip-vicuna-7b;mmke-visual/minigpt-4-vicuna-7b;mmke-visual/paligemma-3b;mmke-visual/qwen2.5-vl-3b;mmke-visual/smolvlm-1.7b
clean,power_a0_b0_g0,M_new_norm,3,16,False,21,72.74775,72.74775,0.0,69.80404166666666,0.0,0,16,0,0,0,0.0,0.0,0.0,0.375,evqa-pilot500/blip2-opt-2.7b;evqa-pilot500/minigpt-4-vicuna-7b;evqa-pilot500/paligemma-3b;evqa-pilot500/qwen2.5-vl-3b;evqa-pilot500/smolvlm-1.7b;mmke-entity/blip2-opt-2.7b;mmke-entity/instructblip-vicuna-7b;mmke-entity/minigpt-4-vicuna-7b;mmke-entity/paligemma-3b;mmke-entity/qwen2.5-vl-3b;mmke-entity/smolvlm-1.7b;mmke-visual/blip2-opt-2.7b;mmke-visual/instructblip-vicuna-7b;mmke-visual/minigpt-4-vicuna-7b;mmke-visual/qwen2.5-vl-3b;mmke-visual/smolvlm-1.7b
clean,power_a0_b0_g0.5,M_abscos_x_newn,1,13,False,21,67.97107692307692,69.65676923076923,-1.6856923076923067,67.97107692307692,-1.6856923076923067,4,4,5,4,4,0.0,-20.540000000000006,14.930000000000007,0,evqa-pilot500/blip2-opt-2.7b;evqa-pilot500/minigpt-4-vicuna-7b;evqa-pilot500/paligemma-3b;evqa-pilot500/qwen2.5-vl-3b;mmke-entity/blip2-opt-2.7b;mmke-entity/instructblip-vicuna-7b;mmke-entity/paligemma-3b;mmke-entity/smolvlm-1.7b;mmke-visual/blip2-opt-2.7b;mmke-visual/instructblip-vicuna-7b;mmke-visual/llava-v1.5-7b;mmke-visual/qwen2.5-vl-3b;mmke-visual/smolvlm-1.7b
clean,power_a0_b0_g0.5,M_abscos_x_newn,3,6,False,21,76.093,77.35933333333334,-1.2663333333333366,74.01666666666667,-0.5991111111111115,1,2,3,1,2,-0.09500000000000242,-7.549999999999997,0.8219999999999885,0.3333333333333333,evqa-pilot500/paligemma-3b;evqa-pilot500/qwen2.5-vl-3b;mmke-entity/blip2-opt-2.7b;mmke-entity/paligemma-3b;mmke-visual/blip2-opt-2.7b;mmke-visual/llava-v1.5-7b
clean,power_a0_b0_g0.5,M_new_norm,1,12,False,21,67.256,68.98333333333333,-1.7273333333333323,67.256,-1.7273333333333323,4,4,4,4,4,0.0,-20.540000000000006,14.930000000000007,0,evqa-pilot500/blip2-opt-2.7b;evqa-pilot500/minigpt-4-vicuna-7b;evqa-pilot500/paligemma-3b;evqa-pilot500/qwen2.5-vl-3b;mmke-entity/blip2-opt-2.7b;mmke-entity/instructblip-vicuna-7b;mmke-entity/paligemma-3b;mmke-entity/smolvlm-1.7b;mmke-visual/blip2-opt-2.7b;mmke-visual/instructblip-vicuna-7b;mmke-visual/qwen2.5-vl-3b;mmke-visual/smolvlm-1.7b
clean,power_a0_b0_g0.5,M_new_norm,3,5,False,21,75.91,77.424,-1.5140000000000016,73.45533333333333,-0.7546666666666682,1,2,2,1,2,0.0,-7.549999999999997,0.6599999999999966,0.2,evqa-pilot500/paligemma-3b;evqa-pilot500/qwen2.5-vl-3b;mmke-entity/blip2-opt-2.7b;mmke-entity/paligemma-3b;mmke-visual/blip2-opt-2.7b
clean,power_a0_b0_g1,M_abscos_x_newn,1,15,False,21,68.81933333333333,69.89293333333333,-1.0735999999999999,68.81933333333333,-1.0735999999999999,4,1,10,4,8,-0.6099999999999994,-20.460000000000008,14.88000000000001,0,evqa-pilot500/blip2-opt-2.7b;evqa-pilot500/minigpt-4-vicuna-7b;evqa-pilot500/paligemma-3b;evqa-pilot500/qwen2.5-vl-3b;evqa-pilot500/smolvlm-1.7b;mmke-entity/blip2-opt-2.7b;mmke-entity/instructblip-vicuna-7b;mmke-entity/minigpt-4-vicuna-7b;mmke-entity/paligemma-3b;mmke-entity/qwen2.5-vl-3b;mmke-entity/smolvlm-1.7b;mmke-visual/blip2-opt-2.7b;mmke-visual/instructblip-vicuna-7b;mmke-visual/qwen2.5-vl-3b;mmke-visual/smolvlm-1.7b
clean,power_a0_b0_g1,M_abscos_x_newn,3,12,False,21,69.42399999999999,72.16216666666666,-2.73816666666667,67.97605555555556,-1.03655555555556,3,1,8,2,6,-0.4270000000000067,-20.56000000000001,16.685999999999993,0,evqa-pilot500/blip2-opt-2.7b;evqa-pilot500/minigpt-4-vicuna-7b;evqa-pilot500/paligemma-3b;evqa-pilot500/qwen2.5-vl-3b;mmke-entity/blip2-opt-2.7b;mmke-entity/instructblip-vicuna-7b;mmke-entity/paligemma-3b;mmke-entity/qwen2.5-vl-3b;mmke-visual/blip2-opt-2.7b;mmke-visual/instructblip-vicuna-7b;mmke-visual/qwen2.5-vl-3b;mmke-visual/smolvlm-1.7b
clean,power_a0_b0_g1,M_new_norm,1,15,False,21,68.81933333333333,69.6884,-0.8690666666666663,68.81933333333333,-0.8690666666666663,5,1,9,5,7,-0.35599999999999454,-20.460000000000008,14.88000000000001,0,evqa-pilot500/blip2-opt-2.7b;evqa-pilot500/minigpt-4-vicuna-7b;evqa-pilot500/paligemma-3b;evqa-pilot500/qwen2.5-vl-3b;evqa-pilot500/smolvlm-1.7b;mmke-entity/blip2-opt-2.7b;mmke-entity/instructblip-vicuna-7b;mmke-entity/minigpt-4-vicuna-7b;mmke-entity/paligemma-3b;mmke-entity/qwen2.5-vl-3b;mmke-entity/smolvlm-1.7b;mmke-visual/blip2-opt-2.7b;mmke-visual/instructblip-vicuna-7b;mmke-visual/qwen2.5-vl-3b;mmke-visual/smolvlm-1.7b
clean,power_a0_b0_g1,M_new_norm,3,12,False,21,69.42399999999999,72.605,-3.181000000000003,67.97605555555556,-1.2199444444444485,4,1,7,3,6,-0.4270000000000067,-20.56000000000001,16.685999999999993,0,evqa-pilot500/blip2-opt-2.7b;evqa-pilot500/minigpt-4-vicuna-7b;evqa-pilot500/paligemma-3b;evqa-pilot500/qwen2.5-vl-3b;mmke-entity/blip2-opt-2.7b;mmke-entity/instructblip-vicuna-7b;mmke-entity/paligemma-3b;mmke-entity/qwen2.5-vl-3b;mmke-visual/blip2-opt-2.7b;mmke-visual/instructblip-vicuna-7b;mmke-visual/qwen2.5-vl-3b;mmke-visual/smolvlm-1.7b
clean,power_a0_b0_g2,M_abscos_x_newn,1,16,False,21,68.799875,70.311,-1.511124999999999,68.799875,-1.511124999999999,3,1,12,3,11,-0.963000000000001,-22.24000000000001,17.439999999999998,0.0625,evqa-pilot500/blip2-opt-2.7b;evqa-pilot500/minigpt-4-vicuna-7b;evqa-pilot500/paligemma-3b;evqa-pilot500/qwen2.5-vl-3b;evqa-pilot500/smolvlm-1.7b;mmke-entity/blip2-opt-2.7b;mmke-entity/instructblip-vicuna-7b;mmke-entity/minigpt-4-vicuna-7b;mmke-entity/paligemma-3b;mmke-entity/qwen2.5-vl-3b;mmke-entity/smolvlm-1.7b;mmke-visual/blip2-opt-2.7b;mmke-visual/instructblip-vicuna-7b;mmke-visual/minigpt-4-vicuna-7b;mmke-visual/qwen2.5-vl-3b;mmke-visual/smolvlm-1.7b
clean,power_a0_b0_g2,M_abscos_x_newn,3,14,False,21,69.79428571428572,72.089,-2.2947142857142877,68.91128571428571,-0.8451904761904798,4,1,9,2,8,-0.740000000000002,-21.60000000000001,17.093999999999994,0.07142857142857142,evqa-pilot500/blip2-opt-2.7b;evqa-pilot500/qwen2.5-vl-3b;evqa-pilot500/smolvlm-1.7b;mmke-entity/blip2-opt-2.7b;mmke-entity/instructblip-vicuna-7b;mmke-entity/minigpt-4-vicuna-7b;mmke-entity/paligemma-3b;mmke-entity/qwen2.5-vl-3b;mmke-entity/smolvlm-1.7b;mmke-visual/blip2-opt-2.7b;mmke-visual/instructblip-vicuna-7b;mmke-visual/minigpt-4-vicuna-7b;mmke-visual/qwen2.5-vl-3b;mmke-visual/smolvlm-1.7b
clean,power_a0_b0_g2,M_new_norm,1,16,False,21,68.799875,70.071125,-1.2712499999999989,68.799875,-1.2712499999999989,5,0,11,4,10,-0.8500000000000014,-22.24000000000001,17.439999999999998,0.0625,evqa-pilot500/blip2-opt-2.7b;evqa-pilot500/minigpt-4-vicuna-7b;evqa-pilot500/paligemma-3b;evqa-pilot500/qwen2.5-vl-3b;evqa-pilot500/smolvlm-1.7b;mmke-entity/blip2-opt-2.7b;mmke-entity/instructblip-vicuna-7b;mmke-entity/minigpt-4-vicuna-7b;mmke-entity/paligemma-3b;mmke-entity/qwen2.5-vl-3b;mmke-entity/smolvlm-1.7b;mmke-visual/blip2-opt-2.7b;mmke-visual/instructblip-vicuna-7b;mmke-visual/minigpt-4-vicuna-7b;mmke-visual/qwen2.5-vl-3b;mmke-visual/smolvlm-1.7b
clean,power_a0_b0_g2,M_new_norm,3,14,False,21,69.79428571428572,71.93857142857144,-2.144285714285715,68.91128571428571,-0.687380952380955,6,0,8,3,8,-0.740000000000002,-21.60000000000001,17.093999999999994,0.07142857142857142,evqa-pilot500/blip2-opt-2.7b;evqa-pilot500/qwen2.5-vl-3b;evqa-pilot500/smolvlm-1.7b;mmke-entity/blip2-opt-2.7b;mmke-entity/instructblip-vicuna-7b;mmke-entity/minigpt-4-vicuna-7b;mmke-entity/paligemma-3b;mmke-entity/qwen2.5-vl-3b;mmke-entity/smolvlm-1.7b;mmke-visual/blip2-opt-2.7b;mmke-visual/instructblip-vicuna-7b;mmke-visual/minigpt-4-vicuna-7b;mmke-visual/qwen2.5-vl-3b;mmke-visual/smolvlm-1.7b
clean,power_a0_b0.5_g-1,M_abscos_x_newn,1,17,False,21,67.07105882352941,67.41835294117647,-0.3472941176470594,67.07105882352941,-0.3472941176470594,1,10,6,1,5,0.0,-2.216000000000001,1.0100000000000051,0.17647058823529413,evqa-pilot500/blip2-opt-2.7b;evqa-pilot500/instructblip-vicuna-7b;evqa-pilot500/llava-v1.5-7b;evqa-pilot500/minigpt-4-vicuna-7b;evqa-pilot500/qwen2.5-vl-3b;evqa-pilot500/smolvlm-1.7b;mmke-entity/blip2-opt-2.7b;mmke-entity/instructblip-vicuna-7b;mmke-entity/minigpt-4-vicuna-7b;mmke-entity/qwen2.5-vl-3b;mmke-entity/smolvlm-1.7b;mmke-visual/blip2-opt-2.7b;mmke-visual/instructblip-vicuna-7b;mmke-visual/llava-v1.5-7b;mmke-visual/minigpt-4-vicuna-7b;mmke-visual/qwen2.5-vl-3b;mmke-visual/smolvlm-1.7b
clean,power_a0_b0.5_g-1,M_abscos_x_newn,3,16,False,21,69.58525,69.29412500000001,0.29112499999999875,67.06683333333334,0.07354166666666595,2,11,3,2,2,0.0,-0.8500000000000014,6.1640000000000015,0.375,evqa-pilot500/blip2-opt-2.7b;evqa-pilot500/instructblip-vicuna-7b;evqa-pilot500/minigpt-4-vicuna-7b;evqa-pilot500/qwen2.5-vl-3b;evqa-pilot500/smolvlm-1.7b;mmke-entity/blip2-opt-2.7b;mmke-entity/instructblip-vicuna-7b;mmke-entity/minigpt-4-vicuna-7b;mmke-entity/qwen2.5-vl-3b;mmke-entity/smolvlm-1.7b;mmke-visual/blip2-opt-2.7b;mmke-visual/instructblip-vicuna-7b;mmke-visual/llava-v1.5-7b;mmke-visual/minigpt-4-vicuna-7b;mmke-visual/qwen2.5-vl-3b;mmke-visual/smolvlm-1.7b
clean,power_a0_b0.5_g-1,M_new_norm,1,16,False,21,66.565625,66.69475,-0.1291250000000006,66.565625,-0.1291250000000006,1,13,2,1,2,0.0,-2.216000000000001,1.0100000000000051,0.1875,evqa-pilot500/blip2-opt-2.7b;evqa-pilot500/instructblip-vicuna-7b;evqa-pilot500/llava-v1.5-7b;evqa-pilot500/minigpt-4-vicuna-7b;evqa-pilot500/qwen2.5-vl-3b;evqa-pilot500/smolvlm-1.7b;mmke-entity/blip2-opt-2.7b;mmke-entity/instructblip-vicuna-7b;mmke-entity/minigpt-4-vicuna-7b;mmke-entity/qwen2.5-vl-3b;mmke-entity/smolvlm-1.7b;mmke-visual/blip2-opt-2.7b;mmke-visual/instructblip-vicuna-7b;mmke-visual/minigpt-4-vicuna-7b;mmke-visual/qwen2.5-vl-3b;mmke-visual/smolvlm-1.7b
clean,power_a0_b0.5_g-1,M_new_norm,3,14,False,21,70.15057142857142,70.15057142857142,0.0,67.4987619047619,-0.016904761904761756,0,14,0,0,0,0.0,0.0,0.0,0.35714285714285715,evqa-pilot500/blip2-opt-2.7b;evqa-pilot500/minigpt-4-vicuna-7b;evqa-pilot500/qwen2.5-vl-3b;evqa-pilot500/smolvlm-1.7b;mmke-entity/blip2-opt-2.7b;mmke-entity/instructblip-vicuna-7b;mmke-entity/minigpt-4-vicuna-7b;mmke-entity/qwen2.5-vl-3b;mmke-entity/smolvlm-1.7b;mmke-visual/blip2-opt-2.7b;mmke-visual/instructblip-vicuna-7b;mmke-visual/minigpt-4-vicuna-7b;mmke-visual/qwen2.5-vl-3b;mmke-visual/smolvlm-1.7b
clean,power_a0_b0.5_g0,M_abscos_x_newn,1,18,False,21,68.672,68.88522222222223,-0.21322222222222229,68.672,-0.21322222222222229,0,14,4,0,3,0.0,-1.730000000000004,0.0,0.2222222222222222,evqa-pilot500/blip2-opt-2.7b;evqa-pilot500/instructblip-vicuna-7b;evqa-pilot500/llava-v1.5-7b;evqa-pilot500/minigpt-4-vicuna-7b;evqa-pilot500/paligemma-3b;evqa-pilot500/qwen2.5-vl-3b;evqa-pilot500/smolvlm-1.7b;mmke-entity/blip2-opt-2.7b;mmke-entity/instructblip-vicuna-7b;mmke-entity/minigpt-4-vicuna-7b;mmke-entity/paligemma-3b;mmke-entity/qwen2.5-vl-3b;mmke-entity/smolvlm-1.7b;mmke-visual/blip2-opt-2.7b;mmke-visual/instructblip-vicuna-7b;mmke-visual/minigpt-4-vicuna-7b;mmke-visual/qwen2.5-vl-3b;mmke-visual/smolvlm-1.7b
clean,power_a0_b0.5_g0,M_abscos_x_newn,3,16,False,21,72.74775,72.494125,0.2536249999999991,69.80404166666666,0.06091666666666562,1,12,3,1,2,0.0,-0.8500000000000014,6.1640000000000015,0.375,evqa-pilot500/blip2-opt-2.7b;evqa-pilot500/minigpt-4-vicuna-7b;evqa-pilot500/paligemma-3b;evqa-pilot500/qwen2.5-vl-3b;evqa-pilot500/smolvlm-1.7b;mmke-entity/blip2-opt-2.7b;mmke-entity/instructblip-vicuna-7b;mmke-entity/minigpt-4-vicuna-7b;mmke-entity/paligemma-3b;mmke-entity/qwen2.5-vl-3b;mmke-entity/smolvlm-1.7b;mmke-visual/blip2-opt-2.7b;mmke-visual/instructblip-vicuna-7b;mmke-visual/minigpt-4-vicuna-7b;mmke-visual/qwen2.5-vl-3b;mmke-visual/smolvlm-1.7b
clean,power_a0_b0.5_g0,M_new_norm,1,19,False,21,70.26957894736842,70.26957894736842,0.0,70.26957894736842,0.0,0,19,0,0,0,0.0,0.0,0.0,0.21052631578947367,evqa-pilot500/blip2-opt-2.7b;evqa-pilot500/instructblip-vicuna-7b;evqa-pilot500/llava-v1.5-7b;evqa-pilot500/minigpt-4-vicuna-7b;evqa-pilot500/paligemma-3b;evqa-pilot500/qwen2.5-vl-3b;evqa-pilot500/smolvlm-1.7b;mmke-entity/blip2-opt-2.7b;mmke-entity/instructblip-vicuna-7b;mmke-entity/minigpt-4-vicuna-7b;mmke-entity/paligemma-3b;mmke-entity/qwen2.5-vl-3b;mmke-entity/smolvlm-1.7b;mmke-visual/blip2-opt-2.7b;mmke-visual/instructblip-vicuna-7b;mmke-visual/minigpt-4-vicuna-7b;mmke-visual/paligemma-3b;mmke-visual/qwen2.5-vl-3b;mmke-visual/smolvlm-1.7b
clean,power_a0_b0.5_g0,M_new_norm,3,16,False,21,72.74775,72.74775,0.0,69.80404166666666,0.0,0,16,0,0,0,0.0,0.0,0.0,0.375,evqa-pilot500/blip2-opt-2.7b;evqa-pilot500/minigpt-4-vicuna-7b;evqa-pilot500/paligemma-3b;evqa-pilot500/qwen2.5-vl-3b;evqa-pilot500/smolvlm-1.7b;mmke-entity/blip2-opt-2.7b;mmke-entity/instructblip-vicuna-7b;mmke-entity/minigpt-4-vicuna-7b;mmke-entity/paligemma-3b;mmke-entity/qwen2.5-vl-3b;mmke-entity/smolvlm-1.7b;mmke-visual/blip2-opt-2.7b;mmke-visual/instructblip-vicuna-7b;mmke-visual/minigpt-4-vicuna-7b;mmke-visual/qwen2.5-vl-3b;mmke-visual/smolvlm-1.7b
clean,power_a0_b0.5_g0.5,M_abscos_x_newn,1,14,False,21,69.575,69.50842857142857,0.06657142857143025,69.575,0.06657142857143025,5,4,5,3,5,0.0,-5.560000000000002,9.474000000000004,0,evqa-pilot500/blip2-opt-2.7b;evqa-pilot500/llava-v1.5-7b;evqa-pilot500/minigpt-4-vicuna-7b;evqa-pilot500/paligemma-3b;evqa-pilot500/qwen2.5-vl-3b;evqa-pilot500/smolvlm-1.7b;mmke-entity/blip2-opt-2.7b;mmke-entity/paligemma-3b;mmke-entity/smolvlm-1.7b;mmke-visual/blip2-opt-2.7b;mmke-visual/llava-v1.5-7b;mmke-visual/minigpt-4-vicuna-7b;mmke-visual/qwen2.5-vl-3b;mmke-visual/smolvlm-1.7b
clean,power_a0_b0.5_g0.5,M_abscos_x_newn,3,7,False,21,73.76571428571428,74.73228571428571,-0.9665714285714283,70.74914285714286,-0.5043809523809516,2,2,3,1,2,0.0,-7.549999999999997,3.9540000000000006,0.14285714285714285,evqa-pilot500/blip2-opt-2.7b;evqa-pilot500/paligemma-3b;evqa-pilot500/smolvlm-1.7b;mmke-entity/blip2-opt-2.7b;mmke-entity/paligemma-3b;mmke-visual/blip2-opt-2.7b;mmke-visual/qwen2.5-vl-3b
clean,power_a0_b0.5_g0.5,M_new_norm,1,13,False,21,69.0383076923077,68.81615384615384,0.22215384615384764,69.0383076923077,0.22215384615384764,4,4,5,3,4,0.0,-5.560000000000002,11.204000000000008,0,evqa-pilot500/blip2-opt-2.7b;evqa-pilot500/llava-v1.5-7b;evqa-pilot500/minigpt-4-vicuna-7b;evqa-pilot500/paligemma-3b;evqa-pilot500/qwen2.5-vl-3b;evqa-pilot500/smolvlm-1.7b;mmke-entity/blip2-opt-2.7b;mmke-entity/paligemma-3b;mmke-entity/smolvlm-1.7b;mmke-visual/blip2-opt-2.7b;mmke-visual/minigpt-4-vicuna-7b;mmke-visual/qwen2.5-vl-3b;mmke-visual/smolvlm-1.7b
clean,power_a0_b0.5_g0.5,M_new_norm,3,7,False,21,73.76571428571428,74.73228571428571,-0.9665714285714283,70.74914285714286,-0.5043809523809516,2,2,3,1,2,0.0,-7.549999999999997,3.9540000000000006,0.14285714285714285,evqa-pilot500/blip2-opt-2.7b;evqa-pilot500/paligemma-3b;evqa-pilot500/smolvlm-1.7b;mmke-entity/blip2-opt-2.7b;mmke-entity/paligemma-3b;mmke-visual/blip2-opt-2.7b;mmke-visual/qwen2.5-vl-3b
clean,power_a0_b0.5_g1,M_abscos_x_newn,1,12,False,21,68.96916666666667,69.59316666666666,-0.6240000000000011,68.96916666666667,-0.6240000000000011,6,2,4,5,4,0.00999999999999801,-20.540000000000006,14.88000000000001,0.08333333333333333,evqa-pilot500/blip2-opt-2.7b;evqa-pilot500/minigpt-4-vicuna-7b;evqa-pilot500/paligemma-3b;evqa-pilot500/qwen2.5-vl-3b;mmke-entity/blip2-opt-2.7b;mmke-entity/instructblip-vicuna-7b;mmke-entity/paligemma-3b;mmke-entity/smolvlm-1.7b;mmke-visual/blip2-opt-2.7b;mmke-visual/instructblip-vicuna-7b;mmke-visual/llava-v1.5-7b;mmke-visual/smolvlm-1.7b
clean,power_a0_b0.5_g1,M_abscos_x_newn,3,9,False,21,71.42488888888889,74.63844444444445,-3.2135555555555593,70.10037037037037,-1.4090370370370404,1,2,6,1,3,-0.19000000000000483,-20.730000000000004,0.8219999999999885,0.1111111111111111,evqa-pilot500/minigpt-4-vicuna-7b;evqa-pilot500/paligemma-3b;evqa-pilot500/qwen2.5-vl-3b;mmke-entity/blip2-opt-2.7b;mmke-entity/paligemma-3b;mmke-visual/blip2-opt-2.7b;mmke-visual/instructblip-vicuna-7b;mmke-visual/llava-v1.5-7b;mmke-visual/smolvlm-1.7b
clean,power_a0_b0.5_g1,M_new_norm,1,11,False,21,68.23836363636363,68.85272727272728,-0.6143636363636366,68.23836363636363,-0.6143636363636366,5,2,4,4,3,0.0,-20.540000000000006,14.88000000000001,0,evqa-pilot500/blip2-opt-2.7b;evqa-pilot500/minigpt-4-vicuna-7b;evqa-pilot500/paligemma-3b;evqa-pilot500/qwen2.5-vl-3b;mmke-entity/blip2-opt-2.7b;mmke-entity/instructblip-vicuna-7b;mmke-entity/paligemma-3b;mmke-entity/smolvlm-1.7b;mmke-visual/blip2-opt-2.7b;mmke-visual/instructblip-vicuna-7b;mmke-visual/smolvlm-1.7b
clean,power_a0_b0.5_g1,M_new_norm,3,8,False,21,70.727,75.10925,-4.382250000000003,69.26,-2.005500000000004,1,1,6,1,4,-0.5470000000000041,-20.730000000000004,0.6599999999999966,0,evqa-pilot500/minigpt-4-vicuna-7b;evqa-pilot500/paligemma-3b;evqa-pilot500/qwen2.5-vl-3b;mmke-entity/blip2-opt-2.7b;mmke-entity/paligemma-3b;mmke-visual/blip2-opt-2.7b;mmke-visual/instructblip-vicuna-7b;mmke-visual/smolvlm-1.7b
clean,power_a0_b0.5_g2,M_abscos_x_newn,1,15,False,21,67.49186666666667,69.5536,-2.061733333333333,67.49186666666667,-2.061733333333333,4,0,11,3,9,-0.8439999999999941,-21.050000000000004,15.64,0,evqa-pilot500/blip2-opt-2.7b;evqa-pilot500/instructblip-vicuna-7b;evqa-pilot500/paligemma-3b;evqa-pilot500/qwen2.5-vl-3b;evqa-pilot500/smolvlm-1.7b;mmke-entity/blip2-opt-2.7b;mmke-entity/instructblip-vicuna-7b;mmke-entity/minigpt-4-vicuna-7b;mmke-entity/paligemma-3b;mmke-entity/qwen2.5-vl-3b;mmke-entity/smolvlm-1.7b;mmke-visual/blip2-opt-2.7b;mmke-visual/instructblip-vicuna-7b;mmke-visual/qwen2.5-vl-3b;mmke-visual/smolvlm-1.7b
clean,power_a0_b0.5_g2,M_abscos_x_newn,3,10,False,21,73.904,73.0506,0.8533999999999999,72.43566666666666,1.95313333333333,4,0,6,3,4,-0.1750000000000007,-7.549999999999997,17.093999999999994,0.2,evqa-pilot500/blip2-opt-2.7b;evqa-pilot500/paligemma-3b;evqa-pilot500/qwen2.5-vl-3b;evqa-pilot500/smolvlm-1.7b;mmke-entity/blip2-opt-2.7b;mmke-entity/paligemma-3b;mmke-entity/qwen2.5-vl-3b;mmke-visual/blip2-opt-2.7b;mmke-visual/qwen2.5-vl-3b;mmke-visual/smolvlm-1.7b
clean,power_a0_b0.5_g2,M_new_norm,1,15,False,21,67.49186666666667,69.4644,-1.972533333333333,67.49186666666667,-1.972533333333333,5,0,10,4,8,-0.6899999999999977,-21.050000000000004,15.64,0,evqa-pilot500/blip2-opt-2.7b;evqa-pilot500/instructblip-vicuna-7b;evqa-pilot500/paligemma-3b;evqa-pilot500/qwen2.5-vl-3b;evqa-pilot500/smolvlm-1.7b;mmke-entity/blip2-opt-2.7b;mmke-entity/instructblip-vicuna-7b;mmke-entity/minigpt-4-vicuna-7b;mmke-entity/paligemma-3b;mmke-entity/qwen2.5-vl-3b;mmke-entity/smolvlm-1.7b;mmke-visual/blip2-opt-2.7b;mmke-visual/instructblip-vicuna-7b;mmke-visual/qwen2.5-vl-3b;mmke-visual/smolvlm-1.7b
clean,power_a0_b0.5_g2,M_new_norm,3,10,False,21,73.904,72.9656,0.9384,72.43566666666666,2.0514666666666637,5,0,5,4,4,0.035000000000003695,-7.549999999999997,17.093999999999994,0.2,evqa-pilot500/blip2-opt-2.7b;evqa-pilot500/paligemma-3b;evqa-pilot500/qwen2.5-vl-3b;evqa-pilot500/smolvlm-1.7b;mmke-entity/blip2-opt-2.7b;mmke-entity/paligemma-3b;mmke-entity/qwen2.5-vl-3b;mmke-visual/blip2-opt-2.7b;mmke-visual/qwen2.5-vl-3b;mmke-visual/smolvlm-1.7b
clean,power_a0_b1_g-1,M_abscos_x_newn,1,17,False,21,67.07105882352941,67.41835294117647,-0.3472941176470594,67.07105882352941,-0.3472941176470594,1,10,6,1,5,0.0,-2.216000000000001,1.0100000000000051,0.17647058823529413,evqa-pilot500/blip2-opt-2.7b;evqa-pilot500/instructblip-vicuna-7b;evqa-pilot500/llava-v1.5-7b;evqa-pilot500/minigpt-4-vicuna-7b;evqa-pilot500/qwen2.5-vl-3b;evqa-pilot500/smolvlm-1.7b;mmke-entity/blip2-opt-2.7b;mmke-entity/instructblip-vicuna-7b;mmke-entity/minigpt-4-vicuna-7b;mmke-entity/qwen2.5-vl-3b;mmke-entity/smolvlm-1.7b;mmke-visual/blip2-opt-2.7b;mmke-visual/instructblip-vicuna-7b;mmke-visual/llava-v1.5-7b;mmke-visual/minigpt-4-vicuna-7b;mmke-visual/qwen2.5-vl-3b;mmke-visual/smolvlm-1.7b
clean,power_a0_b1_g-1,M_abscos_x_newn,3,16,False,21,69.58525,69.29412500000001,0.29112499999999875,67.06683333333334,0.07354166666666595,2,11,3,2,2,0.0,-0.8500000000000014,6.1640000000000015,0.375,evqa-pilot500/blip2-opt-2.7b;evqa-pilot500/instructblip-vicuna-7b;evqa-pilot500/minigpt-4-vicuna-7b;evqa-pilot500/qwen2.5-vl-3b;evqa-pilot500/smolvlm-1.7b;mmke-entity/blip2-opt-2.7b;mmke-entity/instructblip-vicuna-7b;mmke-entity/minigpt-4-vicuna-7b;mmke-entity/qwen2.5-vl-3b;mmke-entity/smolvlm-1.7b;mmke-visual/blip2-opt-2.7b;mmke-visual/instructblip-vicuna-7b;mmke-visual/llava-v1.5-7b;mmke-visual/minigpt-4-vicuna-7b;mmke-visual/qwen2.5-vl-3b;mmke-visual/smolvlm-1.7b
clean,power_a0_b1_g-1,M_new_norm,1,16,False,21,66.565625,66.69475,-0.1291250000000006,66.565625,-0.1291250000000006,1,13,2,1,2,0.0,-2.216000000000001,1.0100000000000051,0.1875,evqa-pilot500/blip2-opt-2.7b;evqa-pilot500/instructblip-vicuna-7b;evqa-pilot500/llava-v1.5-7b;evqa-pilot500/minigpt-4-vicuna-7b;evqa-pilot500/qwen2.5-vl-3b;evqa-pilot500/smolvlm-1.7b;mmke-entity/blip2-opt-2.7b;mmke-entity/instructblip-vicuna-7b;mmke-entity/minigpt-4-vicuna-7b;mmke-entity/qwen2.5-vl-3b;mmke-entity/smolvlm-1.7b;mmke-visual/blip2-opt-2.7b;mmke-visual/instructblip-vicuna-7b;mmke-visual/minigpt-4-vicuna-7b;mmke-visual/qwen2.5-vl-3b;mmke-visual/smolvlm-1.7b
clean,power_a0_b1_g-1,M_new_norm,3,14,False,21,70.15057142857142,70.15057142857142,0.0,67.4987619047619,-0.016904761904761756,0,14,0,0,0,0.0,0.0,0.0,0.35714285714285715,evqa-pilot500/blip2-opt-2.7b;evqa-pilot500/minigpt-4-vicuna-7b;evqa-pilot500/qwen2.5-vl-3b;evqa-pilot500/smolvlm-1.7b;mmke-entity/blip2-opt-2.7b;mmke-entity/instructblip-vicuna-7b;mmke-entity/minigpt-4-vicuna-7b;mmke-entity/qwen2.5-vl-3b;mmke-entity/smolvlm-1.7b;mmke-visual/blip2-opt-2.7b;mmke-visual/instructblip-vicuna-7b;mmke-visual/minigpt-4-vicuna-7b;mmke-visual/qwen2.5-vl-3b;mmke-visual/smolvlm-1.7b
clean,power_a0_b1_g0,M_abscos_x_newn,1,18,False,21,68.9678888888889,68.88522222222223,0.08266666666666625,68.9678888888889,0.08266666666666625,1,13,4,1,3,0.0,-1.730000000000004,5.325999999999993,0.2222222222222222,evqa-pilot500/blip2-opt-2.7b;evqa-pilot500/instructblip-vicuna-7b;evqa-pilot500/llava-v1.5-7b;evqa-pilot500/minigpt-4-vicuna-7b;evqa-pilot500/paligemma-3b;evqa-pilot500/qwen2.5-vl-3b;evqa-pilot500/smolvlm-1.7b;mmke-entity/blip2-opt-2.7b;mmke-entity/instructblip-vicuna-7b;mmke-entity/minigpt-4-vicuna-7b;mmke-entity/paligemma-3b;mmke-entity/qwen2.5-vl-3b;mmke-entity/smolvlm-1.7b;mmke-visual/blip2-opt-2.7b;mmke-visual/instructblip-vicuna-7b;mmke-visual/minigpt-4-vicuna-7b;mmke-visual/qwen2.5-vl-3b;mmke-visual/smolvlm-1.7b
clean,power_a0_b1_g0,M_abscos_x_newn,3,16,False,21,72.74775,72.494125,0.2536249999999991,69.80404166666666,0.06091666666666562,1,12,3,1,2,0.0,-0.8500000000000014,6.1640000000000015,0.375,evqa-pilot500/blip2-opt-2.7b;evqa-pilot500/minigpt-4-vicuna-7b;evqa-pilot500/paligemma-3b;evqa-pilot500/qwen2.5-vl-3b;evqa-pilot500/smolvlm-1.7b;mmke-entity/blip2-opt-2.7b;mmke-entity/instructblip-vicuna-7b;mmke-entity/minigpt-4-vicuna-7b;mmke-entity/paligemma-3b;mmke-entity/qwen2.5-vl-3b;mmke-entity/smolvlm-1.7b;mmke-visual/blip2-opt-2.7b;mmke-visual/instructblip-vicuna-7b;mmke-visual/minigpt-4-vicuna-7b;mmke-visual/qwen2.5-vl-3b;mmke-visual/smolvlm-1.7b
clean,power_a0_b1_g0,M_new_norm,1,19,False,21,70.5498947368421,70.26957894736842,0.28031578947368385,70.5498947368421,0.28031578947368385,1,18,0,1,0,0.0,0.0,5.325999999999993,0.21052631578947367,evqa-pilot500/blip2-opt-2.7b;evqa-pilot500/instructblip-vicuna-7b;evqa-pilot500/llava-v1.5-7b;evqa-pilot500/minigpt-4-vicuna-7b;evqa-pilot500/paligemma-3b;evqa-pilot500/qwen2.5-vl-3b;evqa-pilot500/smolvlm-1.7b;mmke-entity/blip2-opt-2.7b;mmke-entity/instructblip-vicuna-7b;mmke-entity/minigpt-4-vicuna-7b;mmke-entity/paligemma-3b;mmke-entity/qwen2.5-vl-3b;mmke-entity/smolvlm-1.7b;mmke-visual/blip2-opt-2.7b;mmke-visual/instructblip-vicuna-7b;mmke-visual/minigpt-4-vicuna-7b;mmke-visual/paligemma-3b;mmke-visual/qwen2.5-vl-3b;mmke-visual/smolvlm-1.7b
clean,power_a0_b1_g0,M_new_norm,3,16,False,21,72.74775,72.74775,0.0,69.80404166666666,0.0,0,16,0,0,0,0.0,0.0,0.0,0.375,evqa-pilot500/blip2-opt-2.7b;evqa-pilot500/minigpt-4-vicuna-7b;evqa-pilot500/paligemma-3b;evqa-pilot500/qwen2.5-vl-3b;evqa-pilot500/smolvlm-1.7b;mmke-entity/blip2-opt-2.7b;mmke-entity/instructblip-vicuna-7b;mmke-entity/minigpt-4-vicuna-7b;mmke-entity/paligemma-3b;mmke-entity/qwen2.5-vl-3b;mmke-entity/smolvlm-1.7b;mmke-visual/blip2-opt-2.7b;mmke-visual/instructblip-vicuna-7b;mmke-visual/minigpt-4-vicuna-7b;mmke-visual/qwen2.5-vl-3b;mmke-visual/smolvlm-1.7b
clean,power_a0_b1_g0.5,M_abscos_x_newn,1,12,False,21,70.09166666666667,70.81816666666667,-0.7264999999999979,70.09166666666667,-0.7264999999999979,5,4,3,3,3,0.0,-11.199999999999996,4.300000000000004,0,evqa-pilot500/blip2-opt-2.7b;evqa-pilot500/llava-v1.5-7b;evqa-pilot500/paligemma-3b;evqa-pilot500/smolvlm-1.7b;mmke-entity/blip2-opt-2.7b;mmke-entity/paligemma-3b;mmke-entity/smolvlm-1.7b;mmke-visual/blip2-opt-2.7b;mmke-visual/llava-v1.5-7b;mmke-visual/minigpt-4-vicuna-7b;mmke-visual/qwen2.5-vl-3b;mmke-visual/smolvlm-1.7b
clean,power_a0_b1_g0.5,M_abscos_x_newn,3,8,False,21,73.88375,74.28075,-0.39699999999999935,70.91516666666666,-0.29166666666666874,2,5,1,1,1,0.0,-7.549999999999997,3.9540000000000006,0.25,evqa-pilot500/blip2-opt-2.7b;evqa-pilot500/paligemma-3b;evqa-pilot500/smolvlm-1.7b;mmke-entity/blip2-opt-2.7b;mmke-entity/paligemma-3b;mmke-entity/smolvlm-1.7b;mmke-visual/blip2-opt-2.7b;mmke-visual/qwen2.5-vl-3b
clean,power_a0_b1_g0.5,M_new_norm,1,11,False,21,69.50436363636364,70.35363636363637,-0.8492727272727258,69.50436363636364,-0.8492727272727258,4,4,3,3,3,0.0,-11.199999999999996,4.300000000000004,0,evqa-pilot500/blip2-opt-2.7b;evqa-pilot500/llava-v1.5-7b;evqa-pilot500/paligemma-3b;evqa-pilot500/smolvlm-1.7b;mmke-entity/blip2-opt-2.7b;mmke-entity/paligemma-3b;mmke-entity/smolvlm-1.7b;mmke-visual/blip2-opt-2.7b;mmke-visual/minigpt-4-vicuna-7b;mmke-visual/qwen2.5-vl-3b;mmke-visual/smolvlm-1.7b
clean,power_a0_b1_g0.5,M_new_norm,3,8,False,21,73.88375,74.28075,-0.39699999999999935,70.91516666666666,-0.29166666666666874,2,5,1,1,1,0.0,-7.549999999999997,3.9540000000000006,0.25,evqa-pilot500/blip2-opt-2.7b;evqa-pilot500/paligemma-3b;evqa-pilot500/smolvlm-1.7b;mmke-entity/blip2-opt-2.7b;mmke-entity/paligemma-3b;mmke-entity/smolvlm-1.7b;mmke-visual/blip2-opt-2.7b;mmke-visual/qwen2.5-vl-3b
clean,power_a0_b1_g1,M_abscos_x_newn,1,14,False,21,67.72828571428572,69.67914285714286,-1.9508571428571422,67.72828571428572,-1.9508571428571422,4,4,6,4,6,0.0,-20.540000000000006,14.930000000000007,0,evqa-pilot500/blip2-opt-2.7b;evqa-pilot500/minigpt-4-vicuna-7b;evqa-pilot500/paligemma-3b;evqa-pilot500/qwen2.5-vl-3b;evqa-pilot500/smolvlm-1.7b;mmke-entity/blip2-opt-2.7b;mmke-entity/instructblip-vicuna-7b;mmke-entity/paligemma-3b;mmke-entity/smolvlm-1.7b;mmke-visual/blip2-opt-2.7b;mmke-visual/instructblip-vicuna-7b;mmke-visual/llava-v1.5-7b;mmke-visual/qwen2.5-vl-3b;mmke-visual/smolvlm-1.7b
clean,power_a0_b1_g1,M_abscos_x_newn,3,6,False,21,74.121,75.485,-1.3640000000000032,71.86244444444445,-0.303000000000002,0,2,4,0,1,-0.18500000000000583,-7.549999999999997,0.0,0,evqa-pilot500/minigpt-4-vicuna-7b;evqa-pilot500/paligemma-3b;evqa-pilot500/qwen2.5-vl-3b;mmke-entity/blip2-opt-2.7b;mmke-entity/paligemma-3b;mmke-visual/blip2-opt-2.7b
clean,power_a0_b1_g1,M_new_norm,1,13,False,21,67.04953846153846,69.05923076923077,-2.009692307692307,67.04953846153846,-2.009692307692307,3,4,6,3,5,0.0,-20.540000000000006,14.930000000000007,0,evqa-pilot500/blip2-opt-2.7b;evqa-pilot500/minigpt-4-vicuna-7b;evqa-pilot500/paligemma-3b;evqa-pilot500/qwen2.5-vl-3b;evqa-pilot500/smolvlm-1.7b;mmke-entity/blip2-opt-2.7b;mmke-entity/instructblip-vicuna-7b;mmke-entity/paligemma-3b;mmke-entity/smolvlm-1.7b;mmke-visual/blip2-opt-2.7b;mmke-visual/instructblip-vicuna-7b;mmke-visual/qwen2.5-vl-3b;mmke-visual/smolvlm-1.7b
clean,power_a0_b1_g1,M_new_norm,3,6,False,21,74.121,76.37066666666666,-2.24966666666667,71.86244444444445,-0.6697777777777792,1,1,4,1,2,-0.2220000000000084,-7.549999999999997,0.6599999999999966,0,evqa-pilot500/minigpt-4-vicuna-7b;evqa-pilot500/paligemma-3b;evqa-pilot500/qwen2.5-vl-3b;mmke-entity/blip2-opt-2.7b;mmke-entity/paligemma-3b;mmke-visual/blip2-opt-2.7b
clean,power_a0_b1_g2,M_abscos_x_newn,1,16,False,21,68.929875,70.222,-1.292125,68.929875,-1.292125,4,1,11,4,10,-0.7369999999999948,-20.460000000000008,14.88000000000001,0,evqa-pilot500/blip2-opt-2.7b;evqa-pilot500/minigpt-4-vicuna-7b;evqa-pilot500/paligemma-3b;evqa-pilot500/qwen2.5-vl-3b;evqa-pilot500/smolvlm-1.7b;mmke-entity/blip2-opt-2.7b;mmke-entity/instructblip-vicuna-7b;mmke-entity/minigpt-4-vicuna-7b;mmke-entity/paligemma-3b;mmke-entity/qwen2.5-vl-3b;mmke-entity/smolvlm-1.7b;mmke-visual/blip2-opt-2.7b;mmke-visual/instructblip-vicuna-7b;mmke-visual/llava-v1.5-7b;mmke-visual/qwen2.5-vl-3b;mmke-visual/smolvlm-1.7b
clean,power_a0_b1_g2,M_abscos_x_newn,3,12,False,21,69.5085,72.16216666666666,-2.6536666666666693,67.9888888888889,-1.0237222222222264,4,0,8,3,6,-0.4270000000000067,-20.56000000000001,16.685999999999993,0.08333333333333333,evqa-pilot500/blip2-opt-2.7b;evqa-pilot500/minigpt-4-vicuna-7b;evqa-pilot500/paligemma-3b;evqa-pilot500/qwen2.5-vl-3b;mmke-entity/blip2-opt-2.7b;mmke-entity/instructblip-vicuna-7b;mmke-entity/paligemma-3b;mmke-entity/qwen2.5-vl-3b;mmke-visual/blip2-opt-2.7b;mmke-visual/instructblip-vicuna-7b;mmke-visual/qwen2.5-vl-3b;mmke-visual/smolvlm-1.7b
clean,power_a0_b1_g2,M_new_norm,1,15,False,21,68.39786666666667,69.6884,-1.2905333333333326,68.39786666666667,-1.2905333333333326,4,1,10,4,7,-0.35599999999999454,-20.460000000000008,14.88000000000001,0,evqa-pilot500/blip2-opt-2.7b;evqa-pilot500/minigpt-4-vicuna-7b;evqa-pilot500/paligemma-3b;evqa-pilot500/qwen2.5-vl-3b;evqa-pilot500/smolvlm-1.7b;mmke-entity/blip2-opt-2.7b;mmke-entity/instructblip-vicuna-7b;mmke-entity/minigpt-4-vicuna-7b;mmke-entity/paligemma-3b;mmke-entity/qwen2.5-vl-3b;mmke-entity/smolvlm-1.7b;mmke-visual/blip2-opt-2.7b;mmke-visual/instructblip-vicuna-7b;mmke-visual/qwen2.5-vl-3b;mmke-visual/smolvlm-1.7b
clean,power_a0_b1_g2,M_new_norm,3,12,False,21,69.5085,72.605,-3.0965000000000025,67.9888888888889,-1.207111111111115,5,0,7,4,6,-0.4270000000000067,-20.56000000000001,16.685999999999993,0.08333333333333333,evqa-pilot500/blip2-opt-2.7b;evqa-pilot500/minigpt-4-vicuna-7b;evqa-pilot500/paligemma-3b;evqa-pilot500/qwen2.5-vl-3b;mmke-entity/blip2-opt-2.7b;mmke-entity/instructblip-vicuna-7b;mmke-entity/paligemma-3b;mmke-entity/qwen2.5-vl-3b;mmke-visual/blip2-opt-2.7b;mmke-visual/instructblip-vicuna-7b;mmke-visual/qwen2.5-vl-3b;mmke-visual/smolvlm-1.7b
clean,power_a0.25_b-1_g-1,M_abscos_x_newn,1,17,False,21,67.07105882352941,67.41835294117647,-0.3472941176470594,67.07105882352941,-0.3472941176470594,1,10,6,1,5,0.0,-2.216000000000001,1.0100000000000051,0.17647058823529413,evqa-pilot500/blip2-opt-2.7b;evqa-pilot500/instructblip-vicuna-7b;evqa-pilot500/llava-v1.5-7b;evqa-pilot500/minigpt-4-vicuna-7b;evqa-pilot500/qwen2.5-vl-3b;evqa-pilot500/smolvlm-1.7b;mmke-entity/blip2-opt-2.7b;mmke-entity/instructblip-vicuna-7b;mmke-entity/minigpt-4-vicuna-7b;mmke-entity/qwen2.5-vl-3b;mmke-entity/smolvlm-1.7b;mmke-visual/blip2-opt-2.7b;mmke-visual/instructblip-vicuna-7b;mmke-visual/llava-v1.5-7b;mmke-visual/minigpt-4-vicuna-7b;mmke-visual/qwen2.5-vl-3b;mmke-visual/smolvlm-1.7b
clean,power_a0.25_b-1_g-1,M_abscos_x_newn,3,16,False,21,69.58525,69.29412500000001,0.29112499999999875,67.06683333333334,0.07354166666666595,2,11,3,2,2,0.0,-0.8500000000000014,6.1640000000000015,0.375,evqa-pilot500/blip2-opt-2.7b;evqa-pilot500/instructblip-vicuna-7b;evqa-pilot500/minigpt-4-vicuna-7b;evqa-pilot500/qwen2.5-vl-3b;evqa-pilot500/smolvlm-1.7b;mmke-entity/blip2-opt-2.7b;mmke-entity/instructblip-vicuna-7b;mmke-entity/minigpt-4-vicuna-7b;mmke-entity/qwen2.5-vl-3b;mmke-entity/smolvlm-1.7b;mmke-visual/blip2-opt-2.7b;mmke-visual/instructblip-vicuna-7b;mmke-visual/llava-v1.5-7b;mmke-visual/minigpt-4-vicuna-7b;mmke-visual/qwen2.5-vl-3b;mmke-visual/smolvlm-1.7b
clean,power_a0.25_b-1_g-1,M_new_norm,1,16,False,21,66.565625,66.69475,-0.1291250000000006,66.565625,-0.1291250000000006,1,13,2,1,2,0.0,-2.216000000000001,1.0100000000000051,0.1875,evqa-pilot500/blip2-opt-2.7b;evqa-pilot500/instructblip-vicuna-7b;evqa-pilot500/llava-v1.5-7b;evqa-pilot500/minigpt-4-vicuna-7b;evqa-pilot500/qwen2.5-vl-3b;evqa-pilot500/smolvlm-1.7b;mmke-entity/blip2-opt-2.7b;mmke-entity/instructblip-vicuna-7b;mmke-entity/minigpt-4-vicuna-7b;mmke-entity/qwen2.5-vl-3b;mmke-entity/smolvlm-1.7b;mmke-visual/blip2-opt-2.7b;mmke-visual/instructblip-vicuna-7b;mmke-visual/minigpt-4-vicuna-7b;mmke-visual/qwen2.5-vl-3b;mmke-visual/smolvlm-1.7b
clean,power_a0.25_b-1_g-1,M_new_norm,3,14,False,21,70.15057142857142,70.15057142857142,0.0,67.4987619047619,-0.016904761904761756,0,14,0,0,0,0.0,0.0,0.0,0.35714285714285715,evqa-pilot500/blip2-opt-2.7b;evqa-pilot500/minigpt-4-vicuna-7b;evqa-pilot500/qwen2.5-vl-3b;evqa-pilot500/smolvlm-1.7b;mmke-entity/blip2-opt-2.7b;mmke-entity/instructblip-vicuna-7b;mmke-entity/minigpt-4-vicuna-7b;mmke-entity/qwen2.5-vl-3b;mmke-entity/smolvlm-1.7b;mmke-visual/blip2-opt-2.7b;mmke-visual/instructblip-vicuna-7b;mmke-visual/minigpt-4-vicuna-7b;mmke-visual/qwen2.5-vl-3b;mmke-visual/smolvlm-1.7b
clean,power_a0.25_b-1_g0,M_abscos_x_newn,1,13,False,21,63.561076923076925,67.21876923076923,-3.6576923076923076,63.561076923076925,-3.6576923076923076,2,4,7,1,7,-1.0379999999999967,-22.24000000000001,6.82,0,evqa-pilot500/blip2-opt-2.7b;evqa-pilot500/llava-v1.5-7b;evqa-pilot500/minigpt-4-vicuna-7b;evqa-pilot500/qwen2.5-vl-3b;evqa-pilot500/smolvlm-1.7b;mmke-entity/blip2-opt-2.7b;mmke-entity/instructblip-vicuna-7b;mmke-entity/minigpt-4-vicuna-7b;mmke-entity/smolvlm-1.7b;mmke-visual/blip2-opt-2.7b;mmke-visual/instructblip-vicuna-7b;mmke-visual/minigpt-4-vicuna-7b;mmke-visual/smolvlm-1.7b
clean,power_a0.25_b-1_g0,M_abscos_x_newn,3,8,False,21,66.85125000000001,70.06,-3.208750000000001,65.54341666666667,-2.3317500000000013,0,4,4,0,4,-0.2950000000000017,-21.660000000000004,0.0,0.125,evqa-pilot500/blip2-opt-2.7b;evqa-pilot500/minigpt-4-vicuna-7b;mmke-entity/blip2-opt-2.7b;mmke-entity/instructblip-vicuna-7b;mmke-entity/minigpt-4-vicuna-7b;mmke-entity/smolvlm-1.7b;mmke-visual/minigpt-4-vicuna-7b;mmke-visual/smolvlm-1.7b
clean,power_a0.25_b-1_g0,M_new_norm,1,13,False,21,63.561076923076925,66.92353846153846,-3.362461538461538,63.561076923076925,-3.362461538461538,3,3,7,3,7,-0.5200000000000031,-22.24000000000001,6.82,0,evqa-pilot500/blip2-opt-2.7b;evqa-pilot500/llava-v1.5-7b;evqa-pilot500/minigpt-4-vicuna-7b;evqa-pilot500/qwen2.5-vl-3b;evqa-pilot500/smolvlm-1.7b;mmke-entity/blip2-opt-2.7b;mmke-entity/instructblip-vicuna-7b;mmke-entity/minigpt-4-vicuna-7b;mmke-entity/smolvlm-1.7b;mmke-visual/blip2-opt-2.7b;mmke-visual/instructblip-vicuna-7b;mmke-visual/minigpt-4-vicuna-7b;mmke-visual/smolvlm-1.7b
clean,power_a0.25_b-1_g0,M_new_norm,3,8,False,21,66.85125000000001,70.6735,-3.8222499999999995,65.54341666666667,-2.5764999999999993,1,3,4,0,4,-0.2950000000000017,-21.660000000000004,0.4900000000000091,0.125,evqa-pilot500/blip2-opt-2.7b;evqa-pilot500/minigpt-4-vicuna-7b;mmke-entity/blip2-opt-2.7b;mmke-entity/instructblip-vicuna-7b;mmke-entity/minigpt-4-vicuna-7b;mmke-entity/smolvlm-1.7b;mmke-visual/minigpt-4-vicuna-7b;mmke-visual/smolvlm-1.7b
clean,power_a0.25_b-1_g0.5,M_abscos_x_newn,1,11,False,21,62.47636363636364,67.364,-4.887636363636364,62.47636363636364,-4.887636363636364,2,0,9,1,9,-2.141999999999996,-22.24000000000001,6.3799999999999955,0,evqa-pilot500/blip2-opt-2.7b;evqa-pilot500/llava-v1.5-7b;evqa-pilot500/minigpt-4-vicuna-7b;evqa-pilot500/qwen2.5-vl-3b;evqa-pilot500/smolvlm-1.7b;mmke-entity/blip2-opt-2.7b;mmke-entity/instructblip-vicuna-7b;mmke-entity/minigpt-4-vicuna-7b;mmke-visual/instructblip-vicuna-7b;mmke-visual/minigpt-4-vicuna-7b;mmke-visual/smolvlm-1.7b
clean,power_a0.25_b-1_g0.5,M_abscos_x_newn,3,7,False,21,64.62857142857143,69.78914285714286,-5.16057142857143,63.213142857142856,-3.6861904761904754,0,0,7,0,6,-2.3900000000000006,-21.660000000000004,-0.26400000000001,0,evqa-pilot500/minigpt-4-vicuna-7b;evqa-pilot500/qwen2.5-vl-3b;evqa-pilot500/smolvlm-1.7b;mmke-entity/blip2-opt-2.7b;mmke-entity/instructblip-vicuna-7b;mmke-visual/minigpt-4-vicuna-7b;mmke-visual/smolvlm-1.7b
clean,power_a0.25_b-1_g0.5,M_new_norm,1,11,False,21,62.47636363636364,67.01509090909092,-4.5387272727272725,62.47636363636364,-4.5387272727272725,3,0,8,3,8,-1.75,-22.24000000000001,6.3799999999999955,0,evqa-pilot500/blip2-opt-2.7b;evqa-pilot500/llava-v1.5-7b;evqa-pilot500/minigpt-4-vicuna-7b;evqa-pilot500/qwen2.5-vl-3b;evqa-pilot500/smolvlm-1.7b;mmke-entity/blip2-opt-2.7b;mmke-entity/instructblip-vicuna-7b;mmke-entity/minigpt-4-vicuna-7b;mmke-visual/instructblip-vicuna-7b;mmke-visual/minigpt-4-vicuna-7b;mmke-visual/smolvlm-1.7b
clean,power_a0.25_b-1_g0.5,M_new_norm,3,7,False,21,64.62857142857143,70.43885714285715,-5.8102857142857145,63.213142857142856,-3.8890476190476164,0,0,7,0,5,-1.75,-21.660000000000004,-0.26400000000001,0,evqa-pilot500/minigpt-4-vicuna-7b;evqa-pilot500/qwen2.5-vl-3b;evqa-pilot500/smolvlm-1.7b;mmke-entity/blip2-opt-2.7b;mmke-entity/instructblip-vicuna-7b;mmke-visual/minigpt-4-vicuna-7b;mmke-visual/smolvlm-1.7b
clean,power_a0.25_b-1_g1,M_abscos_x_newn,1,10,False,21,59.883,66.4422,-6.5592,59.883,-6.5592,2,0,8,1,8,-3.724,-22.24000000000001,5.280000000000001,0,evqa-pilot500/blip2-opt-2.7b;evqa-pilot500/llava-v1.5-7b;evqa-pilot500/minigpt-4-vicuna-7b;evqa-pilot500/qwen2.5-vl-3b;evqa-pilot500/smolvlm-1.7b;mmke-entity/blip2-opt-2.7b;mmke-entity/instructblip-vicuna-7b;mmke-entity/minigpt-4-vicuna-7b;mmke-visual/instructblip-vicuna-7b;mmke-visual/smolvlm-1.7b
clean,power_a0.25_b-1_g1,M_abscos_x_newn,3,4,False,21,56.3265,66.9575,-10.631,56.04966666666667,-6.708499999999999,0,0,4,0,4,-9.536999999999995,-22.24000000000001,-1.2100000000000009,0,evqa-pilot500/minigpt-4-vicuna-7b;evqa-pilot500/qwen2.5-vl-3b;evqa-pilot500/smolvlm-1.7b;mmke-entity/instructblip-vicuna-7b
clean,power_a0.25_b-1_g1,M_new_norm,1,10,False,21,59.883,66.1354,-6.2524,59.883,-6.2524,3,0,7,2,7,-3.724,-22.24000000000001,5.280000000000001,0,evqa-pilot500/blip2-opt-2.7b;evqa-pilot500/llava-v1.5-7b;evqa-pilot500/minigpt-4-vicuna-7b;evqa-pilot500/qwen2.5-vl-3b;evqa-pilot500/smolvlm-1.7b;mmke-entity/blip2-opt-2.7b;mmke-entity/instructblip-vicuna-7b;mmke-entity/minigpt-4-vicuna-7b;mmke-visual/instructblip-vicuna-7b;mmke-visual/smolvlm-1.7b
clean,power_a0.25_b-1_g1,M_new_norm,3,4,False,21,56.3265,68.286,-11.9595,56.04966666666667,-7.258666666666665,0,0,4,0,3,-12.618999999999996,-22.24000000000001,-0.35999999999999943,0,evqa-pilot500/minigpt-4-vicuna-7b;evqa-pilot500/qwen2.5-vl-3b;evqa-pilot500/smolvlm-1.7b;mmke-entity/instructblip-vicuna-7b
clean,power_a0.25_b-1_g2,M_abscos_x_newn,1,9,False,21,59.74777777777778,64.52088888888889,-4.7731111111111115,59.74777777777778,-4.7731111111111115,2,0,7,2,7,-3.2479999999999976,-22.480000000000004,5.280000000000001,0,evqa-pilot500/blip2-opt-2.7b;evqa-pilot500/llava-v1.5-7b;evqa-pilot500/minigpt-4-vicuna-7b;evqa-pilot500/qwen2.5-vl-3b;evqa-pilot500/smolvlm-1.7b;mmke-entity/blip2-opt-2.7b;mmke-entity/instructblip-vicuna-7b;mmke-visual/blip2-opt-2.7b;mmke-visual/smolvlm-1.7b
clean,power_a0.25_b-1_g2,M_abscos_x_newn,3,4,False,21,56.3265,66.9575,-10.631,55.98466666666667,-6.7734999999999985,0,0,4,0,4,-9.536999999999995,-22.24000000000001,-1.2100000000000009,0,evqa-pilot500/minigpt-4-vicuna-7b;evqa-pilot500/qwen2.5-vl-3b;evqa-pilot500/smolvlm-1.7b;mmke-entity/instructblip-vicuna-7b
clean,power_a0.25_b-1_g2,M_new_norm,1,9,False,21,59.74777777777778,64.23422222222223,-4.4864444444444445,59.74777777777778,-4.4864444444444445,3,0,6,2,6,-3.2479999999999976,-22.480000000000004,5.280000000000001,0,evqa-pilot500/blip2-opt-2.7b;evqa-pilot500/llava-v1.5-7b;evqa-pilot500/minigpt-4-vicuna-7b;evqa-pilot500/qwen2.5-vl-3b;evqa-pilot500/smolvlm-1.7b;mmke-entity/blip2-opt-2.7b;mmke-entity/instructblip-vicuna-7b;mmke-visual/blip2-opt-2.7b;mmke-visual/smolvlm-1.7b
clean,power_a0.25_b-1_g2,M_new_norm,3,4,False,21,56.3265,68.286,-11.9595,55.98466666666667,-7.323666666666664,0,0,4,0,3,-12.618999999999996,-22.24000000000001,-0.35999999999999943,0,evqa-pilot500/minigpt-4-vicuna-7b;evqa-pilot500/qwen2.5-vl-3b;evqa-pilot500/smolvlm-1.7b;mmke-entity/instructblip-vicuna-7b
clean,power_a0.25_b-0.5_g-1,M_abscos_x_newn,1,17,False,21,67.07105882352941,67.41835294117647,-0.3472941176470594,67.07105882352941,-0.3472941176470594,1,10,6,1,5,0.0,-2.216000000000001,1.0100000000000051,0.17647058823529413,evqa-pilot500/blip2-opt-2.7b;evqa-pilot500/instructblip-vicuna-7b;evqa-pilot500/llava-v1.5-7b;evqa-pilot500/minigpt-4-vicuna-7b;evqa-pilot500/qwen2.5-vl-3b;evqa-pilot500/smolvlm-1.7b;mmke-entity/blip2-opt-2.7b;mmke-entity/instructblip-vicuna-7b;mmke-entity/minigpt-4-vicuna-7b;mmke-entity/qwen2.5-vl-3b;mmke-entity/smolvlm-1.7b;mmke-visual/blip2-opt-2.7b;mmke-visual/instructblip-vicuna-7b;mmke-visual/llava-v1.5-7b;mmke-visual/minigpt-4-vicuna-7b;mmke-visual/qwen2.5-vl-3b;mmke-visual/smolvlm-1.7b
clean,power_a0.25_b-0.5_g-1,M_abscos_x_newn,3,16,False,21,69.58525,69.29412500000001,0.29112499999999875,67.06683333333334,0.07354166666666595,2,11,3,2,2,0.0,-0.8500000000000014,6.1640000000000015,0.375,evqa-pilot500/blip2-opt-2.7b;evqa-pilot500/instructblip-vicuna-7b;evqa-pilot500/minigpt-4-vicuna-7b;evqa-pilot500/qwen2.5-vl-3b;evqa-pilot500/smolvlm-1.7b;mmke-entity/blip2-opt-2.7b;mmke-entity/instructblip-vicuna-7b;mmke-entity/minigpt-4-vicuna-7b;mmke-entity/qwen2.5-vl-3b;mmke-entity/smolvlm-1.7b;mmke-visual/blip2-opt-2.7b;mmke-visual/instructblip-vicuna-7b;mmke-visual/llava-v1.5-7b;mmke-visual/minigpt-4-vicuna-7b;mmke-visual/qwen2.5-vl-3b;mmke-visual/smolvlm-1.7b
clean,power_a0.25_b-0.5_g-1,M_new_norm,1,16,False,21,66.565625,66.69475,-0.1291250000000006,66.565625,-0.1291250000000006,1,13,2,1,2,0.0,-2.216000000000001,1.0100000000000051,0.1875,evqa-pilot500/blip2-opt-2.7b;evqa-pilot500/instructblip-vicuna-7b;evqa-pilot500/llava-v1.5-7b;evqa-pilot500/minigpt-4-vicuna-7b;evqa-pilot500/qwen2.5-vl-3b;evqa-pilot500/smolvlm-1.7b;mmke-entity/blip2-opt-2.7b;mmke-entity/instructblip-vicuna-7b;mmke-entity/minigpt-4-vicuna-7b;mmke-entity/qwen2.5-vl-3b;mmke-entity/smolvlm-1.7b;mmke-visual/blip2-opt-2.7b;mmke-visual/instructblip-vicuna-7b;mmke-visual/minigpt-4-vicuna-7b;mmke-visual/qwen2.5-vl-3b;mmke-visual/smolvlm-1.7b
clean,power_a0.25_b-0.5_g-1,M_new_norm,3,14,False,21,70.15057142857142,70.15057142857142,0.0,67.4987619047619,-0.016904761904761756,0,14,0,0,0,0.0,0.0,0.0,0.35714285714285715,evqa-pilot500/blip2-opt-2.7b;evqa-pilot500/minigpt-4-vicuna-7b;evqa-pilot500/qwen2.5-vl-3b;evqa-pilot500/smolvlm-1.7b;mmke-entity/blip2-opt-2.7b;mmke-entity/instructblip-vicuna-7b;mmke-entity/minigpt-4-vicuna-7b;mmke-entity/qwen2.5-vl-3b;mmke-entity/smolvlm-1.7b;mmke-visual/blip2-opt-2.7b;mmke-visual/instructblip-vicuna-7b;mmke-visual/minigpt-4-vicuna-7b;mmke-visual/qwen2.5-vl-3b;mmke-visual/smolvlm-1.7b
clean,power_a0.25_b-0.5_g0,M_abscos_x_newn,1,19,False,21,68.61336842105263,69.21536842105263,-0.6019999999999998,68.61336842105263,-0.6019999999999998,1,14,4,1,3,0.0,-19.120000000000005,9.474000000000004,0.21052631578947367,evqa-pilot500/blip2-opt-2.7b;evqa-pilot500/instructblip-vicuna-7b;evqa-pilot500/llava-v1.5-7b;evqa-pilot500/minigpt-4-vicuna-7b;evqa-pilot500/paligemma-3b;evqa-pilot500/qwen2.5-vl-3b;evqa-pilot500/smolvlm-1.7b;mmke-entity/blip2-opt-2.7b;mmke-entity/instructblip-vicuna-7b;mmke-entity/minigpt-4-vicuna-7b;mmke-entity/paligemma-3b;mmke-entity/qwen2.5-vl-3b;mmke-entity/smolvlm-1.7b;mmke-visual/blip2-opt-2.7b;mmke-visual/instructblip-vicuna-7b;mmke-visual/llava-v1.5-7b;mmke-visual/minigpt-4-vicuna-7b;mmke-visual/qwen2.5-vl-3b;mmke-visual/smolvlm-1.7b
clean,power_a0.25_b-0.5_g0,M_abscos_x_newn,3,17,False,21,71.55705882352942,71.4424705882353,0.11458823529411684,68.47427450980392,-0.2165098039215699,1,12,4,1,2,0.0,-1.0100000000000051,4.094000000000008,0.35294117647058826,evqa-pilot500/blip2-opt-2.7b;evqa-pilot500/instructblip-vicuna-7b;evqa-pilot500/minigpt-4-vicuna-7b;evqa-pilot500/paligemma-3b;evqa-pilot500/qwen2.5-vl-3b;evqa-pilot500/smolvlm-1.7b;mmke-entity/blip2-opt-2.7b;mmke-entity/instructblip-vicuna-7b;mmke-entity/paligemma-3b;mmke-entity/qwen2.5-vl-3b;mmke-entity/smolvlm-1.7b;mmke-visual/blip2-opt-2.7b;mmke-visual/instructblip-vicuna-7b;mmke-visual/llava-v1.5-7b;mmke-visual/minigpt-4-vicuna-7b;mmke-visual/qwen2.5-vl-3b;mmke-visual/smolvlm-1.7b
clean,power_a0.25_b-0.5_g0,M_new_norm,1,18,False,21,68.24977777777778,68.672,-0.4222222222222219,68.24977777777778,-0.4222222222222219,3,13,2,2,1,0.0,-19.120000000000005,11.204000000000008,0.2222222222222222,evqa-pilot500/blip2-opt-2.7b;evqa-pilot500/instructblip-vicuna-7b;evqa-pilot500/llava-v1.5-7b;evqa-pilot500/minigpt-4-vicuna-7b;evqa-pilot500/paligemma-3b;evqa-pilot500/qwen2.5-vl-3b;evqa-pilot500/smolvlm-1.7b;mmke-entity/blip2-opt-2.7b;mmke-entity/instructblip-vicuna-7b;mmke-entity/minigpt-4-vicuna-7b;mmke-entity/paligemma-3b;mmke-entity/qwen2.5-vl-3b;mmke-entity/smolvlm-1.7b;mmke-visual/blip2-opt-2.7b;mmke-visual/instructblip-vicuna-7b;mmke-visual/minigpt-4-vicuna-7b;mmke-visual/qwen2.5-vl-3b;mmke-visual/smolvlm-1.7b
clean,power_a0.25_b-0.5_g0,M_new_norm,3,15,False,21,72.3876,72.56093333333334,-0.1733333333333339,69.09431111111111,-0.3400444444444451,1,11,3,1,2,0.0,-2.069999999999993,0.6599999999999966,0.3333333333333333,evqa-pilot500/blip2-opt-2.7b;evqa-pilot500/minigpt-4-vicuna-7b;evqa-pilot500/paligemma-3b;evqa-pilot500/qwen2.5-vl-3b;evqa-pilot500/smolvlm-1.7b;mmke-entity/blip2-opt-2.7b;mmke-entity/instructblip-vicuna-7b;mmke-entity/paligemma-3b;mmke-entity/qwen2.5-vl-3b;mmke-entity/smolvlm-1.7b;mmke-visual/blip2-opt-2.7b;mmke-visual/instructblip-vicuna-7b;mmke-visual/minigpt-4-vicuna-7b;mmke-visual/qwen2.5-vl-3b;mmke-visual/smolvlm-1.7b
clean,power_a0.25_b-0.5_g0.5,M_abscos_x_newn,1,17,False,21,68.86141176470588,70.03835294117647,-1.1769411764705884,68.86141176470588,-1.1769411764705884,7,3,7,5,7,0.0,-22.24000000000001,14.88000000000001,0.058823529411764705,evqa-pilot500/blip2-opt-2.7b;evqa-pilot500/llava-v1.5-7b;evqa-pilot500/minigpt-4-vicuna-7b;evqa-pilot500/paligemma-3b;evqa-pilot500/qwen2.5-vl-3b;mmke-entity/blip2-opt-2.7b;mmke-entity/instructblip-vicuna-7b;mmke-entity/minigpt-4-vicuna-7b;mmke-entity/paligemma-3b;mmke-entity/qwen2.5-vl-3b;mmke-entity/smolvlm-1.7b;mmke-visual/blip2-opt-2.7b;mmke-visual/instructblip-vicuna-7b;mmke-visual/llava-v1.5-7b;mmke-visual/minigpt-4-vicuna-7b;mmke-visual/qwen2.5-vl-3b;mmke-visual/smolvlm-1.7b
clean,power_a0.25_b-0.5_g0.5,M_abscos_x_newn,3,10,False,21,69.4368,72.94160000000001,-3.504800000000003,67.69706666666667,-1.754200000000003,1,3,6,1,5,-0.4270000000000067,-21.60000000000001,16.685999999999993,0.1,evqa-pilot500/blip2-opt-2.7b;evqa-pilot500/minigpt-4-vicuna-7b;evqa-pilot500/paligemma-3b;evqa-pilot500/qwen2.5-vl-3b;mmke-entity/blip2-opt-2.7b;mmke-entity/instructblip-vicuna-7b;mmke-entity/minigpt-4-vicuna-7b;mmke-entity/paligemma-3b;mmke-visual/instructblip-vicuna-7b;mmke-visual/smolvlm-1.7b
clean,power_a0.25_b-0.5_g0.5,M_new_norm,1,16,False,21,68.358375,69.4785,-1.1201249999999998,68.358375,-1.1201249999999998,8,1,7,5,7,0.00999999999999801,-22.24000000000001,14.88000000000001,0.0625,evqa-pilot500/blip2-opt-2.7b;evqa-pilot500/llava-v1.5-7b;evqa-pilot500/minigpt-4-vicuna-7b;evqa-pilot500/paligemma-3b;evqa-pilot500/qwen2.5-vl-3b;mmke-entity/blip2-opt-2.7b;mmke-entity/instructblip-vicuna-7b;mmke-entity/minigpt-4-vicuna-7b;mmke-entity/paligemma-3b;mmke-entity/qwen2.5-vl-3b;mmke-entity/smolvlm-1.7b;mmke-visual/blip2-opt-2.7b;mmke-visual/instructblip-vicuna-7b;mmke-visual/minigpt-4-vicuna-7b;mmke-visual/qwen2.5-vl-3b;mmke-visual/smolvlm-1.7b
clean,power_a0.25_b-0.5_g0.5,M_new_norm,3,10,False,21,69.4368,73.424,-3.9872000000000023,67.69706666666667,-1.9297333333333355,3,1,6,2,5,-0.4270000000000067,-21.60000000000001,16.685999999999993,0.1,evqa-pilot500/blip2-opt-2.7b;evqa-pilot500/minigpt-4-vicuna-7b;evqa-pilot500/paligemma-3b;evqa-pilot500/qwen2.5-vl-3b;mmke-entity/blip2-opt-2.7b;mmke-entity/instructblip-vicuna-7b;mmke-entity/minigpt-4-vicuna-7b;mmke-entity/paligemma-3b;mmke-visual/instructblip-vicuna-7b;mmke-visual/smolvlm-1.7b
clean,power_a0.25_b-0.5_g1,M_abscos_x_newn,1,16,False,21,69.09025,70.311,-1.2207500000000002,69.09025,-1.2207500000000002,4,4,8,3,8,-0.4100000000000037,-22.24000000000001,17.439999999999998,0.125,evqa-pilot500/blip2-opt-2.7b;evqa-pilot500/minigpt-4-vicuna-7b;evqa-pilot500/paligemma-3b;evqa-pilot500/qwen2.5-vl-3b;evqa-pilot500/smolvlm-1.7b;mmke-entity/blip2-opt-2.7b;mmke-entity/instructblip-vicuna-7b;mmke-entity/minigpt-4-vicuna-7b;mmke-entity/paligemma-3b;mmke-entity/qwen2.5-vl-3b;mmke-entity/smolvlm-1.7b;mmke-visual/blip2-opt-2.7b;mmke-visual/instructblip-vicuna-7b;mmke-visual/minigpt-4-vicuna-7b;mmke-visual/qwen2.5-vl-3b;mmke-visual/smolvlm-1.7b
clean,power_a0.25_b-0.5_g1,M_abscos_x_newn,3,14,False,21,70.55071428571429,73.033,-2.482285714285715,69.20880952380952,-1.150904761904766,4,2,8,3,8,-0.740000000000002,-21.60000000000001,17.093999999999994,0.21428571428571427,evqa-pilot500/blip2-opt-2.7b;evqa-pilot500/paligemma-3b;evqa-pilot500/qwen2.5-vl-3b;evqa-pilot500/smolvlm-1.7b;mmke-entity/instructblip-vicuna-7b;mmke-entity/minigpt-4-vicuna-7b;mmke-entity/paligemma-3b;mmke-entity/qwen2.5-vl-3b;mmke-entity/smolvlm-1.7b;mmke-visual/blip2-opt-2.7b;mmke-visual/instructblip-vicuna-7b;mmke-visual/minigpt-4-vicuna-7b;mmke-visual/qwen2.5-vl-3b;mmke-visual/smolvlm-1.7b
clean,power_a0.25_b-0.5_g1,M_new_norm,1,16,False,21,69.09025,70.071125,-0.9808750000000002,69.09025,-0.9808750000000002,7,1,8,5,8,-0.4100000000000037,-22.24000000000001,17.439999999999998,0.125,evqa-pilot500/blip2-opt-2.7b;evqa-pilot500/minigpt-4-vicuna-7b;evqa-pilot500/paligemma-3b;evqa-pilot500/qwen2.5-vl-3b;evqa-pilot500/smolvlm-1.7b;mmke-entity/blip2-opt-2.7b;mmke-entity/instructblip-vicuna-7b;mmke-entity/minigpt-4-vicuna-7b;mmke-entity/paligemma-3b;mmke-entity/qwen2.5-vl-3b;mmke-entity/smolvlm-1.7b;mmke-visual/blip2-opt-2.7b;mmke-visual/instructblip-vicuna-7b;mmke-visual/minigpt-4-vicuna-7b;mmke-visual/qwen2.5-vl-3b;mmke-visual/smolvlm-1.7b
clean,power_a0.25_b-0.5_g1,M_new_norm,3,14,False,21,70.55071428571429,72.88257142857142,-2.3318571428571424,69.20880952380952,-0.9930952380952414,6,0,8,4,8,-0.740000000000002,-21.60000000000001,17.093999999999994,0.21428571428571427,evqa-pilot500/blip2-opt-2.7b;evqa-pilot500/paligemma-3b;evqa-pilot500/qwen2.5-vl-3b;evqa-pilot500/smolvlm-1.7b;mmke-entity/instructblip-vicuna-7b;mmke-entity/minigpt-4-vicuna-7b;mmke-entity/paligemma-3b;mmke-entity/qwen2.5-vl-3b;mmke-entity/smolvlm-1.7b;mmke-visual/blip2-opt-2.7b;mmke-visual/instructblip-vicuna-7b;mmke-visual/minigpt-4-vicuna-7b;mmke-visual/qwen2.5-vl-3b;mmke-visual/smolvlm-1.7b
clean,power_a0.25_b-0.5_g2,M_abscos_x_newn,1,12,False,21,65.896,70.47433333333333,-4.578333333333333,65.896,-4.578333333333333,2,0,10,0,9,-1.5800000000000018,-22.24000000000001,0.3620000000000019,0,evqa-pilot500/llava-v1.5-7b;evqa-pilot500/qwen2.5-vl-3b;evqa-pilot500/smolvlm-1.7b;mmke-entity/instructblip-vicuna-7b;mmke-entity/minigpt-4-vicuna-7b;mmke-entity/qwen2.5-vl-3b;mmke-entity/smolvlm-1.7b;mmke-visual/instructblip-vicuna-7b;mmke-visual/llava-v1.5-7b;mmke-visual/minigpt-4-vicuna-7b;mmke-visual/qwen2.5-vl-3b;mmke-visual/smolvlm-1.7b
clean,power_a0.25_b-0.5_g2,M_abscos_x_newn,3,6,False,21,67.06833333333333,71.79,-4.721666666666668,65.77755555555555,-3.775444444444446,0,0,6,0,5,-1.6400000000000006,-21.660000000000004,-0.46999999999999886,0,evqa-pilot500/smolvlm-1.7b;mmke-entity/instructblip-vicuna-7b;mmke-entity/qwen2.5-vl-3b;mmke-entity/smolvlm-1.7b;mmke-visual/minigpt-4-vicuna-7b;mmke-visual/smolvlm-1.7b
clean,power_a0.25_b-0.5_g2,M_new_norm,1,11,False,21,65.12327272727273,69.85690909090908,-4.733636363636363,65.12327272727273,-4.733636363636363,2,0,9,1,8,-1.75,-22.24000000000001,0.7040000000000077,0,evqa-pilot500/llava-v1.5-7b;evqa-pilot500/qwen2.5-vl-3b;evqa-pilot500/smolvlm-1.7b;mmke-entity/instructblip-vicuna-7b;mmke-entity/minigpt-4-vicuna-7b;mmke-entity/qwen2.5-vl-3b;mmke-entity/smolvlm-1.7b;mmke-visual/instructblip-vicuna-7b;mmke-visual/minigpt-4-vicuna-7b;mmke-visual/qwen2.5-vl-3b;mmke-visual/smolvlm-1.7b
clean,power_a0.25_b-0.5_g2,M_new_norm,3,6,False,21,67.06833333333333,71.66233333333334,-4.594,65.77755555555555,-3.6453333333333333,0,0,6,0,5,-1.5769999999999982,-21.660000000000004,-0.46999999999999886,0,evqa-pilot500/smolvlm-1.7b;mmke-entity/instructblip-vicuna-7b;mmke-entity/qwen2.5-vl-3b;mmke-entity/smolvlm-1.7b;mmke-visual/minigpt-4-vicuna-7b;mmke-visual/smolvlm-1.7b
clean,power_a0.25_b0_g-1,M_abscos_x_newn,1,17,False,21,67.07105882352941,67.41835294117647,-0.3472941176470594,67.07105882352941,-0.3472941176470594,1,10,6,1,5,0.0,-2.216000000000001,1.0100000000000051,0.17647058823529413,evqa-pilot500/blip2-opt-2.7b;evqa-pilot500/instructblip-vicuna-7b;evqa-pilot500/llava-v1.5-7b;evqa-pilot500/minigpt-4-vicuna-7b;evqa-pilot500/qwen2.5-vl-3b;evqa-pilot500/smolvlm-1.7b;mmke-entity/blip2-opt-2.7b;mmke-entity/instructblip-vicuna-7b;mmke-entity/minigpt-4-vicuna-7b;mmke-entity/qwen2.5-vl-3b;mmke-entity/smolvlm-1.7b;mmke-visual/blip2-opt-2.7b;mmke-visual/instructblip-vicuna-7b;mmke-visual/llava-v1.5-7b;mmke-visual/minigpt-4-vicuna-7b;mmke-visual/qwen2.5-vl-3b;mmke-visual/smolvlm-1.7b
clean,power_a0.25_b0_g-1,M_abscos_x_newn,3,16,False,21,69.58525,69.29412500000001,0.29112499999999875,67.06683333333334,0.07354166666666595,2,11,3,2,2,0.0,-0.8500000000000014,6.1640000000000015,0.375,evqa-pilot500/blip2-opt-2.7b;evqa-pilot500/instructblip-vicuna-7b;evqa-pilot500/minigpt-4-vicuna-7b;evqa-pilot500/qwen2.5-vl-3b;evqa-pilot500/smolvlm-1.7b;mmke-entity/blip2-opt-2.7b;mmke-entity/instructblip-vicuna-7b;mmke-entity/minigpt-4-vicuna-7b;mmke-entity/qwen2.5-vl-3b;mmke-entity/smolvlm-1.7b;mmke-visual/blip2-opt-2.7b;mmke-visual/instructblip-vicuna-7b;mmke-visual/llava-v1.5-7b;mmke-visual/minigpt-4-vicuna-7b;mmke-visual/qwen2.5-vl-3b;mmke-visual/smolvlm-1.7b
clean,power_a0.25_b0_g-1,M_new_norm,1,16,False,21,66.565625,66.69475,-0.1291250000000006,66.565625,-0.1291250000000006,1,13,2,1,2,0.0,-2.216000000000001,1.0100000000000051,0.1875,evqa-pilot500/blip2-opt-2.7b;evqa-pilot500/instructblip-vicuna-7b;evqa-pilot500/llava-v1.5-7b;evqa-pilot500/minigpt-4-vicuna-7b;evqa-pilot500/qwen2.5-vl-3b;evqa-pilot500/smolvlm-1.7b;mmke-entity/blip2-opt-2.7b;mmke-entity/instructblip-vicuna-7b;mmke-entity/minigpt-4-vicuna-7b;mmke-entity/qwen2.5-vl-3b;mmke-entity/smolvlm-1.7b;mmke-visual/blip2-opt-2.7b;mmke-visual/instructblip-vicuna-7b;mmke-visual/minigpt-4-vicuna-7b;mmke-visual/qwen2.5-vl-3b;mmke-visual/smolvlm-1.7b
clean,power_a0.25_b0_g-1,M_new_norm,3,14,False,21,70.15057142857142,70.15057142857142,0.0,67.4987619047619,-0.016904761904761756,0,14,0,0,0,0.0,0.0,0.0,0.35714285714285715,evqa-pilot500/blip2-opt-2.7b;evqa-pilot500/minigpt-4-vicuna-7b;evqa-pilot500/qwen2.5-vl-3b;evqa-pilot500/smolvlm-1.7b;mmke-entity/blip2-opt-2.7b;mmke-entity/instructblip-vicuna-7b;mmke-entity/minigpt-4-vicuna-7b;mmke-entity/qwen2.5-vl-3b;mmke-entity/smolvlm-1.7b;mmke-visual/blip2-opt-2.7b;mmke-visual/instructblip-vicuna-7b;mmke-visual/minigpt-4-vicuna-7b;mmke-visual/qwen2.5-vl-3b;mmke-visual/smolvlm-1.7b
clean,power_a0.25_b0_g0,M_abscos_x_newn,1,19,False,21,69.712,69.21536842105263,0.4966315789473684,69.712,0.4966315789473684,1,15,3,1,2,0.0,-0.8500000000000014,11.543999999999997,0.21052631578947367,evqa-pilot500/blip2-opt-2.7b;evqa-pilot500/instructblip-vicuna-7b;evqa-pilot500/llava-v1.5-7b;evqa-pilot500/minigpt-4-vicuna-7b;evqa-pilot500/paligemma-3b;evqa-pilot500/qwen2.5-vl-3b;evqa-pilot500/smolvlm-1.7b;mmke-entity/blip2-opt-2.7b;mmke-entity/instructblip-vicuna-7b;mmke-entity/minigpt-4-vicuna-7b;mmke-entity/paligemma-3b;mmke-entity/qwen2.5-vl-3b;mmke-entity/smolvlm-1.7b;mmke-visual/blip2-opt-2.7b;mmke-visual/instructblip-vicuna-7b;mmke-visual/llava-v1.5-7b;mmke-visual/minigpt-4-vicuna-7b;mmke-visual/qwen2.5-vl-3b;mmke-visual/smolvlm-1.7b
clean,power_a0.25_b0_g0,M_abscos_x_newn,3,17,False,21,71.67258823529411,71.43388235294118,0.23870588235294032,68.82592156862745,0.12729411764705809,1,13,3,1,2,0.0,-0.8500000000000014,6.1640000000000015,0.4117647058823529,evqa-pilot500/blip2-opt-2.7b;evqa-pilot500/instructblip-vicuna-7b;evqa-pilot500/minigpt-4-vicuna-7b;evqa-pilot500/paligemma-3b;evqa-pilot500/qwen2.5-vl-3b;evqa-pilot500/smolvlm-1.7b;mmke-entity/blip2-opt-2.7b;mmke-entity/instructblip-vicuna-7b;mmke-entity/minigpt-4-vicuna-7b;mmke-entity/paligemma-3b;mmke-entity/qwen2.5-vl-3b;mmke-entity/smolvlm-1.7b;mmke-visual/blip2-opt-2.7b;mmke-visual/instructblip-vicuna-7b;mmke-visual/minigpt-4-vicuna-7b;mmke-visual/qwen2.5-vl-3b;mmke-visual/smolvlm-1.7b
clean,power_a0.25_b0_g0,M_new_norm,1,18,False,21,69.40944444444445,68.672,0.7374444444444445,69.40944444444445,0.7374444444444445,1,17,0,1,0,0.0,0.0,13.274000000000001,0.2222222222222222,evqa-pilot500/blip2-opt-2.7b;evqa-pilot500/instructblip-vicuna-7b;evqa-pilot500/llava-v1.5-7b;evqa-pilot500/minigpt-4-vicuna-7b;evqa-pilot500/paligemma-3b;evqa-pilot500/qwen2.5-vl-3b;evqa-pilot500/smolvlm-1.7b;mmke-entity/blip2-opt-2.7b;mmke-entity/instructblip-vicuna-7b;mmke-entity/minigpt-4-vicuna-7b;mmke-entity/paligemma-3b;mmke-entity/qwen2.5-vl-3b;mmke-entity/smolvlm-1.7b;mmke-visual/blip2-opt-2.7b;mmke-visual/instructblip-vicuna-7b;mmke-visual/minigpt-4-vicuna-7b;mmke-visual/qwen2.5-vl-3b;mmke-visual/smolvlm-1.7b
clean,power_a0.25_b0_g0,M_new_norm,3,16,False,21,72.74775,72.74775,0.0,69.878375,0.07433333333333358,0,16,0,0,0,0.0,0.0,0.0,0.375,evqa-pilot500/blip2-opt-2.7b;evqa-pilot500/minigpt-4-vicuna-7b;evqa-pilot500/paligemma-3b;evqa-pilot500/qwen2.5-vl-3b;evqa-pilot500/smolvlm-1.7b;mmke-entity/blip2-opt-2.7b;mmke-entity/instructblip-vicuna-7b;mmke-entity/minigpt-4-vicuna-7b;mmke-entity/paligemma-3b;mmke-entity/qwen2.5-vl-3b;mmke-entity/smolvlm-1.7b;mmke-visual/blip2-opt-2.7b;mmke-visual/instructblip-vicuna-7b;mmke-visual/minigpt-4-vicuna-7b;mmke-visual/qwen2.5-vl-3b;mmke-visual/smolvlm-1.7b
clean,power_a0.25_b0_g0.5,M_abscos_x_newn,1,13,False,21,68.28338461538462,70.0923076923077,-1.8089230769230769,68.28338461538462,-1.8089230769230769,3,4,6,3,4,0.0,-20.540000000000006,14.930000000000007,0,evqa-pilot500/blip2-opt-2.7b;evqa-pilot500/minigpt-4-vicuna-7b;evqa-pilot500/paligemma-3b;evqa-pilot500/qwen2.5-vl-3b;evqa-pilot500/smolvlm-1.7b;mmke-entity/blip2-opt-2.7b;mmke-entity/instructblip-vicuna-7b;mmke-entity/paligemma-3b;mmke-visual/blip2-opt-2.7b;mmke-visual/instructblip-vicuna-7b;mmke-visual/llava-v1.5-7b;mmke-visual/minigpt-4-vicuna-7b;mmke-visual/smolvlm-1.7b
clean,power_a0.25_b0_g0.5,M_abscos_x_newn,3,7,False,21,74.49971428571429,75.58514285714286,-1.0854285714285743,72.37761904761905,-0.28723809523809507,1,3,3,1,2,0.0,-7.549999999999997,0.8219999999999885,0.2857142857142857,evqa-pilot500/minigpt-4-vicuna-7b;evqa-pilot500/paligemma-3b;evqa-pilot500/qwen2.5-vl-3b;mmke-entity/blip2-opt-2.7b;mmke-entity/paligemma-3b;mmke-visual/blip2-opt-2.7b;mmke-visual/llava-v1.5-7b
clean,power_a0.25_b0_g0.5,M_new_norm,1,12,False,21,67.59433333333334,69.391,-1.7966666666666669,67.59433333333334,-1.7966666666666669,5,3,4,5,4,0.0,-20.540000000000006,14.930000000000007,0,evqa-pilot500/blip2-opt-2.7b;evqa-pilot500/minigpt-4-vicuna-7b;evqa-pilot500/paligemma-3b;evqa-pilot500/qwen2.5-vl-3b;evqa-pilot500/smolvlm-1.7b;mmke-entity/blip2-opt-2.7b;mmke-entity/instructblip-vicuna-7b;mmke-entity/paligemma-3b;mmke-visual/blip2-opt-2.7b;mmke-visual/instructblip-vicuna-7b;mmke-visual/minigpt-4-vicuna-7b;mmke-visual/smolvlm-1.7b
clean,power_a0.25_b0_g0.5,M_new_norm,3,6,False,21,74.08166666666666,76.37066666666666,-2.2890000000000015,71.63666666666667,-0.8955555555555558,1,2,3,1,3,-0.3400000000000034,-7.549999999999997,0.6599999999999966,0.16666666666666666,evqa-pilot500/minigpt-4-vicuna-7b;evqa-pilot500/paligemma-3b;evqa-pilot500/qwen2.5-vl-3b;mmke-entity/blip2-opt-2.7b;mmke-entity/paligemma-3b;mmke-visual/blip2-opt-2.7b
clean,power_a0.25_b0_g1,M_abscos_x_newn,1,16,False,21,69.080875,70.222,-1.1411250000000006,69.080875,-1.1411250000000006,6,3,7,5,6,0.0,-22.24000000000001,14.88000000000001,0.0625,evqa-pilot500/blip2-opt-2.7b;evqa-pilot500/minigpt-4-vicuna-7b;evqa-pilot500/paligemma-3b;evqa-pilot500/qwen2.5-vl-3b;evqa-pilot500/smolvlm-1.7b;mmke-entity/blip2-opt-2.7b;mmke-entity/instructblip-vicuna-7b;mmke-entity/minigpt-4-vicuna-7b;mmke-entity/paligemma-3b;mmke-entity/qwen2.5-vl-3b;mmke-entity/smolvlm-1.7b;mmke-visual/blip2-opt-2.7b;mmke-visual/instructblip-vicuna-7b;mmke-visual/llava-v1.5-7b;mmke-visual/qwen2.5-vl-3b;mmke-visual/smolvlm-1.7b
clean,power_a0.25_b0_g1,M_abscos_x_newn,3,12,False,21,69.70766666666667,72.4755,-2.767833333333338,68.21366666666667,-1.1001666666666712,3,1,8,3,5,-0.2400000000000091,-21.60000000000001,16.685999999999993,0.08333333333333333,evqa-pilot500/blip2-opt-2.7b;evqa-pilot500/minigpt-4-vicuna-7b;evqa-pilot500/paligemma-3b;evqa-pilot500/qwen2.5-vl-3b;mmke-entity/blip2-opt-2.7b;mmke-entity/instructblip-vicuna-7b;mmke-entity/minigpt-4-vicuna-7b;mmke-entity/paligemma-3b;mmke-visual/blip2-opt-2.7b;mmke-visual/instructblip-vicuna-7b;mmke-visual/qwen2.5-vl-3b;mmke-visual/smolvlm-1.7b
clean,power_a0.25_b0_g1,M_new_norm,1,15,False,21,68.55893333333333,69.6884,-1.1294666666666666,68.55893333333333,-1.1294666666666666,8,1,6,6,6,0.01999999999999602,-22.24000000000001,14.88000000000001,0.06666666666666667,evqa-pilot500/blip2-opt-2.7b;evqa-pilot500/minigpt-4-vicuna-7b;evqa-pilot500/paligemma-3b;evqa-pilot500/qwen2.5-vl-3b;evqa-pilot500/smolvlm-1.7b;mmke-entity/blip2-opt-2.7b;mmke-entity/instructblip-vicuna-7b;mmke-entity/minigpt-4-vicuna-7b;mmke-entity/paligemma-3b;mmke-entity/qwen2.5-vl-3b;mmke-entity/smolvlm-1.7b;mmke-visual/blip2-opt-2.7b;mmke-visual/instructblip-vicuna-7b;mmke-visual/qwen2.5-vl-3b;mmke-visual/smolvlm-1.7b
clean,power_a0.25_b0_g1,M_new_norm,3,12,False,21,69.70766666666667,72.8775,-3.169833333333337,68.21366666666667,-1.2464444444444485,5,1,6,4,5,-0.132000000000005,-21.60000000000001,16.685999999999993,0.08333333333333333,evqa-pilot500/blip2-opt-2.7b;evqa-pilot500/minigpt-4-vicuna-7b;evqa-pilot500/paligemma-3b;evqa-pilot500/qwen2.5-vl-3b;mmke-entity/blip2-opt-2.7b;mmke-entity/instructblip-vicuna-7b;mmke-entity/minigpt-4-vicuna-7b;mmke-entity/paligemma-3b;mmke-visual/blip2-opt-2.7b;mmke-visual/instructblip-vicuna-7b;mmke-visual/qwen2.5-vl-3b;mmke-visual/smolvlm-1.7b
clean,power_a0.25_b0_g2,M_abscos_x_newn,1,17,False,21,68.53858823529411,69.73317647058823,-1.1945882352941173,68.53858823529411,-1.1945882352941173,4,1,12,4,11,-0.9200000000000017,-22.24000000000001,17.439999999999998,0.058823529411764705,evqa-pilot500/blip2-opt-2.7b;evqa-pilot500/llava-v1.5-7b;evqa-pilot500/minigpt-4-vicuna-7b;evqa-pilot500/paligemma-3b;evqa-pilot500/qwen2.5-vl-3b;evqa-pilot500/smolvlm-1.7b;mmke-entity/blip2-opt-2.7b;mmke-entity/instructblip-vicuna-7b;mmke-entity/minigpt-4-vicuna-7b;mmke-entity/paligemma-3b;mmke-entity/qwen2.5-vl-3b;mmke-entity/smolvlm-1.7b;mmke-visual/blip2-opt-2.7b;mmke-visual/instructblip-vicuna-7b;mmke-visual/minigpt-4-vicuna-7b;mmke-visual/qwen2.5-vl-3b;mmke-visual/smolvlm-1.7b
clean,power_a0.25_b0_g2,M_abscos_x_newn,3,14,False,21,69.75857142857143,72.089,-2.330428571428573,68.86238095238095,-0.8940952380952416,4,2,8,2,8,-0.740000000000002,-21.60000000000001,17.093999999999994,0.14285714285714285,evqa-pilot500/blip2-opt-2.7b;evqa-pilot500/qwen2.5-vl-3b;evqa-pilot500/smolvlm-1.7b;mmke-entity/blip2-opt-2.7b;mmke-entity/instructblip-vicuna-7b;mmke-entity/minigpt-4-vicuna-7b;mmke-entity/paligemma-3b;mmke-entity/qwen2.5-vl-3b;mmke-entity/smolvlm-1.7b;mmke-visual/blip2-opt-2.7b;mmke-visual/instructblip-vicuna-7b;mmke-visual/minigpt-4-vicuna-7b;mmke-visual/qwen2.5-vl-3b;mmke-visual/smolvlm-1.7b
clean,power_a0.25_b0_g2,M_new_norm,1,17,False,21,68.53858823529411,69.50741176470588,-0.9688235294117642,68.53858823529411,-0.9688235294117642,6,0,11,5,10,-0.7800000000000011,-22.24000000000001,17.439999999999998,0.058823529411764705,evqa-pilot500/blip2-opt-2.7b;evqa-pilot500/llava-v1.5-7b;evqa-pilot500/minigpt-4-vicuna-7b;evqa-pilot500/paligemma-3b;evqa-pilot500/qwen2.5-vl-3b;evqa-pilot500/smolvlm-1.7b;mmke-entity/blip2-opt-2.7b;mmke-entity/instructblip-vicuna-7b;mmke-entity/minigpt-4-vicuna-7b;mmke-entity/paligemma-3b;mmke-entity/qwen2.5-vl-3b;mmke-entity/smolvlm-1.7b;mmke-visual/blip2-opt-2.7b;mmke-visual/instructblip-vicuna-7b;mmke-visual/minigpt-4-vicuna-7b;mmke-visual/qwen2.5-vl-3b;mmke-visual/smolvlm-1.7b
clean,power_a0.25_b0_g2,M_new_norm,3,14,False,21,69.75857142857143,71.93857142857144,-2.18,68.86238095238095,-0.7362857142857168,6,0,8,3,8,-0.740000000000002,-21.60000000000001,17.093999999999994,0.14285714285714285,evqa-pilot500/blip2-opt-2.7b;evqa-pilot500/qwen2.5-vl-3b;evqa-pilot500/smolvlm-1.7b;mmke-entity/blip2-opt-2.7b;mmke-entity/instructblip-vicuna-7b;mmke-entity/minigpt-4-vicuna-7b;mmke-entity/paligemma-3b;mmke-entity/qwen2.5-vl-3b;mmke-entity/smolvlm-1.7b;mmke-visual/blip2-opt-2.7b;mmke-visual/instructblip-vicuna-7b;mmke-visual/minigpt-4-vicuna-7b;mmke-visual/qwen2.5-vl-3b;mmke-visual/smolvlm-1.7b
clean,power_a0.25_b0.5_g-1,M_abscos_x_newn,1,17,False,21,67.07105882352941,67.41835294117647,-0.3472941176470594,67.07105882352941,-0.3472941176470594,1,10,6,1,5,0.0,-2.216000000000001,1.0100000000000051,0.17647058823529413,evqa-pilot500/blip2-opt-2.7b;evqa-pilot500/instructblip-vicuna-7b;evqa-pilot500/llava-v1.5-7b;evqa-pilot500/minigpt-4-vicuna-7b;evqa-pilot500/qwen2.5-vl-3b;evqa-pilot500/smolvlm-1.7b;mmke-entity/blip2-opt-2.7b;mmke-entity/instructblip-vicuna-7b;mmke-entity/minigpt-4-vicuna-7b;mmke-entity/qwen2.5-vl-3b;mmke-entity/smolvlm-1.7b;mmke-visual/blip2-opt-2.7b;mmke-visual/instructblip-vicuna-7b;mmke-visual/llava-v1.5-7b;mmke-visual/minigpt-4-vicuna-7b;mmke-visual/qwen2.5-vl-3b;mmke-visual/smolvlm-1.7b
clean,power_a0.25_b0.5_g-1,M_abscos_x_newn,3,16,False,21,69.58525,69.29412500000001,0.29112499999999875,67.06683333333334,0.07354166666666595,2,11,3,2,2,0.0,-0.8500000000000014,6.1640000000000015,0.375,evqa-pilot500/blip2-opt-2.7b;evqa-pilot500/instructblip-vicuna-7b;evqa-pilot500/minigpt-4-vicuna-7b;evqa-pilot500/qwen2.5-vl-3b;evqa-pilot500/smolvlm-1.7b;mmke-entity/blip2-opt-2.7b;mmke-entity/instructblip-vicuna-7b;mmke-entity/minigpt-4-vicuna-7b;mmke-entity/qwen2.5-vl-3b;mmke-entity/smolvlm-1.7b;mmke-visual/blip2-opt-2.7b;mmke-visual/instructblip-vicuna-7b;mmke-visual/llava-v1.5-7b;mmke-visual/minigpt-4-vicuna-7b;mmke-visual/qwen2.5-vl-3b;mmke-visual/smolvlm-1.7b
clean,power_a0.25_b0.5_g-1,M_new_norm,1,16,False,21,66.565625,66.69475,-0.1291250000000006,66.565625,-0.1291250000000006,1,13,2,1,2,0.0,-2.216000000000001,1.0100000000000051,0.1875,evqa-pilot500/blip2-opt-2.7b;evqa-pilot500/instructblip-vicuna-7b;evqa-pilot500/llava-v1.5-7b;evqa-pilot500/minigpt-4-vicuna-7b;evqa-pilot500/qwen2.5-vl-3b;evqa-pilot500/smolvlm-1.7b;mmke-entity/blip2-opt-2.7b;mmke-entity/instructblip-vicuna-7b;mmke-entity/minigpt-4-vicuna-7b;mmke-entity/qwen2.5-vl-3b;mmke-entity/smolvlm-1.7b;mmke-visual/blip2-opt-2.7b;mmke-visual/instructblip-vicuna-7b;mmke-visual/minigpt-4-vicuna-7b;mmke-visual/qwen2.5-vl-3b;mmke-visual/smolvlm-1.7b
clean,power_a0.25_b0.5_g-1,M_new_norm,3,14,False,21,70.15057142857142,70.15057142857142,0.0,67.4987619047619,-0.016904761904761756,0,14,0,0,0,0.0,0.0,0.0,0.35714285714285715,evqa-pilot500/blip2-opt-2.7b;evqa-pilot500/minigpt-4-vicuna-7b;evqa-pilot500/qwen2.5-vl-3b;evqa-pilot500/smolvlm-1.7b;mmke-entity/blip2-opt-2.7b;mmke-entity/instructblip-vicuna-7b;mmke-entity/minigpt-4-vicuna-7b;mmke-entity/qwen2.5-vl-3b;mmke-entity/smolvlm-1.7b;mmke-visual/blip2-opt-2.7b;mmke-visual/instructblip-vicuna-7b;mmke-visual/minigpt-4-vicuna-7b;mmke-visual/qwen2.5-vl-3b;mmke-visual/smolvlm-1.7b
clean,power_a0.25_b0.5_g0,M_abscos_x_newn,1,18,False,21,68.672,68.88522222222223,-0.21322222222222229,68.672,-0.21322222222222229,0,14,4,0,3,0.0,-1.730000000000004,0.0,0.2222222222222222,evqa-pilot500/blip2-opt-2.7b;evqa-pilot500/instructblip-vicuna-7b;evqa-pilot500/llava-v1.5-7b;evqa-pilot500/minigpt-4-vicuna-7b;evqa-pilot500/paligemma-3b;evqa-pilot500/qwen2.5-vl-3b;evqa-pilot500/smolvlm-1.7b;mmke-entity/blip2-opt-2.7b;mmke-entity/instructblip-vicuna-7b;mmke-entity/minigpt-4-vicuna-7b;mmke-entity/paligemma-3b;mmke-entity/qwen2.5-vl-3b;mmke-entity/smolvlm-1.7b;mmke-visual/blip2-opt-2.7b;mmke-visual/instructblip-vicuna-7b;mmke-visual/minigpt-4-vicuna-7b;mmke-visual/qwen2.5-vl-3b;mmke-visual/smolvlm-1.7b
clean,power_a0.25_b0.5_g0,M_abscos_x_newn,3,17,False,21,71.67258823529411,71.43388235294118,0.23870588235294032,68.75596078431373,0.05733333333333235,1,13,3,1,2,0.0,-0.8500000000000014,6.1640000000000015,0.4117647058823529,evqa-pilot500/blip2-opt-2.7b;evqa-pilot500/instructblip-vicuna-7b;evqa-pilot500/minigpt-4-vicuna-7b;evqa-pilot500/paligemma-3b;evqa-pilot500/qwen2.5-vl-3b;evqa-pilot500/smolvlm-1.7b;mmke-entity/blip2-opt-2.7b;mmke-entity/instructblip-vicuna-7b;mmke-entity/minigpt-4-vicuna-7b;mmke-entity/paligemma-3b;mmke-entity/qwen2.5-vl-3b;mmke-entity/smolvlm-1.7b;mmke-visual/blip2-opt-2.7b;mmke-visual/instructblip-vicuna-7b;mmke-visual/minigpt-4-vicuna-7b;mmke-visual/qwen2.5-vl-3b;mmke-visual/smolvlm-1.7b
clean,power_a0.25_b0.5_g0,M_new_norm,1,19,False,21,70.26957894736842,70.26957894736842,0.0,70.26957894736842,0.0,0,19,0,0,0,0.0,0.0,0.0,0.21052631578947367,evqa-pilot500/blip2-opt-2.7b;evqa-pilot500/instructblip-vicuna-7b;evqa-pilot500/llava-v1.5-7b;evqa-pilot500/minigpt-4-vicuna-7b;evqa-pilot500/paligemma-3b;evqa-pilot500/qwen2.5-vl-3b;evqa-pilot500/smolvlm-1.7b;mmke-entity/blip2-opt-2.7b;mmke-entity/instructblip-vicuna-7b;mmke-entity/minigpt-4-vicuna-7b;mmke-entity/paligemma-3b;mmke-entity/qwen2.5-vl-3b;mmke-entity/smolvlm-1.7b;mmke-visual/blip2-opt-2.7b;mmke-visual/instructblip-vicuna-7b;mmke-visual/minigpt-4-vicuna-7b;mmke-visual/paligemma-3b;mmke-visual/qwen2.5-vl-3b;mmke-visual/smolvlm-1.7b
clean,power_a0.25_b0.5_g0,M_new_norm,3,16,False,21,72.74775,72.74775,0.0,69.80404166666666,0.0,0,16,0,0,0,0.0,0.0,0.0,0.375,evqa-pilot500/blip2-opt-2.7b;evqa-pilot500/minigpt-4-vicuna-7b;evqa-pilot500/paligemma-3b;evqa-pilot500/qwen2.5-vl-3b;evqa-pilot500/smolvlm-1.7b;mmke-entity/blip2-opt-2.7b;mmke-entity/instructblip-vicuna-7b;mmke-entity/minigpt-4-vicuna-7b;mmke-entity/paligemma-3b;mmke-entity/qwen2.5-vl-3b;mmke-entity/smolvlm-1.7b;mmke-visual/blip2-opt-2.7b;mmke-visual/instructblip-vicuna-7b;mmke-visual/minigpt-4-vicuna-7b;mmke-visual/qwen2.5-vl-3b;mmke-visual/smolvlm-1.7b
clean,power_a0.25_b0.5_g0.5,M_abscos_x_newn,1,13,False,21,69.18661538461538,69.366,-0.17938461538461545,69.18661538461538,-0.17938461538461545,4,5,4,3,4,0.0,-5.560000000000002,5.3799999999999955,0,evqa-pilot500/blip2-opt-2.7b;evqa-pilot500/llava-v1.5-7b;evqa-pilot500/minigpt-4-vicuna-7b;evqa-pilot500/paligemma-3b;evqa-pilot500/qwen2.5-vl-3b;evqa-pilot500/smolvlm-1.7b;mmke-entity/blip2-opt-2.7b;mmke-entity/paligemma-3b;mmke-entity/smolvlm-1.7b;mmke-visual/blip2-opt-2.7b;mmke-visual/llava-v1.5-7b;mmke-visual/minigpt-4-vicuna-7b;mmke-visual/qwen2.5-vl-3b
clean,power_a0.25_b0.5_g0.5,M_abscos_x_newn,3,10,False,21,72.5774,72.8636,-0.28619999999999945,69.93926666666667,-0.02053333333333285,3,3,4,2,2,0.0,-7.549999999999997,4.094000000000008,0.1,evqa-pilot500/blip2-opt-2.7b;evqa-pilot500/minigpt-4-vicuna-7b;evqa-pilot500/paligemma-3b;evqa-pilot500/qwen2.5-vl-3b;evqa-pilot500/smolvlm-1.7b;mmke-entity/blip2-opt-2.7b;mmke-entity/paligemma-3b;mmke-visual/blip2-opt-2.7b;mmke-visual/minigpt-4-vicuna-7b;mmke-visual/qwen2.5-vl-3b
clean,power_a0.25_b0.5_g0.5,M_new_norm,1,12,False,21,68.57283333333334,68.60416666666667,-0.031333333333333734,68.57283333333334,-0.031333333333333734,4,4,4,3,3,0.0,-5.560000000000002,7.109999999999999,0,evqa-pilot500/blip2-opt-2.7b;evqa-pilot500/llava-v1.5-7b;evqa-pilot500/minigpt-4-vicuna-7b;evqa-pilot500/paligemma-3b;evqa-pilot500/qwen2.5-vl-3b;evqa-pilot500/smolvlm-1.7b;mmke-entity/blip2-opt-2.7b;mmke-entity/paligemma-3b;mmke-entity/smolvlm-1.7b;mmke-visual/blip2-opt-2.7b;mmke-visual/minigpt-4-vicuna-7b;mmke-visual/qwen2.5-vl-3b
clean,power_a0.25_b0.5_g0.5,M_new_norm,3,10,False,21,72.5774,73.3184,-0.740999999999999,69.93926666666667,-0.1625333333333316,4,2,4,3,3,0.0,-7.549999999999997,3.9540000000000006,0.1,evqa-pilot500/blip2-opt-2.7b;evqa-pilot500/minigpt-4-vicuna-7b;evqa-pilot500/paligemma-3b;evqa-pilot500/qwen2.5-vl-3b;evqa-pilot500/smolvlm-1.7b;mmke-entity/blip2-opt-2.7b;mmke-entity/paligemma-3b;mmke-visual/blip2-opt-2.7b;mmke-visual/minigpt-4-vicuna-7b;mmke-visual/qwen2.5-vl-3b
clean,power_a0.25_b0.5_g1,M_abscos_x_newn,1,14,False,21,69.63214285714285,70.53742857142858,-0.9052857142857152,69.63214285714285,-0.9052857142857152,5,3,6,4,3,0.0,-20.540000000000006,14.88000000000001,0.07142857142857142,evqa-pilot500/blip2-opt-2.7b;evqa-pilot500/minigpt-4-vicuna-7b;evqa-pilot500/paligemma-3b;evqa-pilot500/qwen2.5-vl-3b;mmke-entity/blip2-opt-2.7b;mmke-entity/instructblip-vicuna-7b;mmke-entity/minigpt-4-vicuna-7b;mmke-entity/paligemma-3b;mmke-entity/smolvlm-1.7b;mmke-visual/blip2-opt-2.7b;mmke-visual/instructblip-vicuna-7b;mmke-visual/llava-v1.5-7b;mmke-visual/minigpt-4-vicuna-7b;mmke-visual/smolvlm-1.7b
clean,power_a0.25_b0.5_g1,M_abscos_x_newn,3,11,False,21,69.81945454545455,74.34145454545455,-4.522000000000004,68.58660606060606,-2.5744848484848504,1,2,8,1,4,-0.26400000000001,-20.730000000000004,0.8219999999999885,0.09090909090909091,evqa-pilot500/minigpt-4-vicuna-7b;evqa-pilot500/paligemma-3b;evqa-pilot500/qwen2.5-vl-3b;mmke-entity/blip2-opt-2.7b;mmke-entity/instructblip-vicuna-7b;mmke-entity/paligemma-3b;mmke-visual/blip2-opt-2.7b;mmke-visual/instructblip-vicuna-7b;mmke-visual/llava-v1.5-7b;mmke-visual/minigpt-4-vicuna-7b;mmke-visual/smolvlm-1.7b
clean,power_a0.25_b0.5_g1,M_new_norm,1,13,False,21,69.06476923076923,69.88676923076923,-0.8220000000000005,69.06476923076923,-0.8220000000000005,8,2,3,5,3,0.2879999999999967,-20.540000000000006,14.88000000000001,0,evqa-pilot500/blip2-opt-2.7b;evqa-pilot500/minigpt-4-vicuna-7b;evqa-pilot500/paligemma-3b;evqa-pilot500/qwen2.5-vl-3b;mmke-entity/blip2-opt-2.7b;mmke-entity/instructblip-vicuna-7b;mmke-entity/minigpt-4-vicuna-7b;mmke-entity/paligemma-3b;mmke-entity/smolvlm-1.7b;mmke-visual/blip2-opt-2.7b;mmke-visual/instructblip-vicuna-7b;mmke-visual/minigpt-4-vicuna-7b;mmke-visual/smolvlm-1.7b
clean,power_a0.25_b0.5_g1,M_new_norm,3,10,False,21,69.1006,74.6118,-5.511200000000002,67.76293333333334,-3.090133333333335,2,1,7,1,5,-0.5470000000000041,-20.730000000000004,0.6599999999999966,0,evqa-pilot500/minigpt-4-vicuna-7b;evqa-pilot500/paligemma-3b;evqa-pilot500/qwen2.5-vl-3b;mmke-entity/blip2-opt-2.7b;mmke-entity/instructblip-vicuna-7b;mmke-entity/paligemma-3b;mmke-visual/blip2-opt-2.7b;mmke-visual/instructblip-vicuna-7b;mmke-visual/minigpt-4-vicuna-7b;mmke-visual/smolvlm-1.7b
clean,power_a0.25_b0.5_g2,M_abscos_x_newn,1,16,False,21,68.0295,69.992875,-1.9633749999999996,68.0295,-1.9633749999999996,4,2,10,3,8,-0.3900000000000041,-21.910000000000004,15.64,0,evqa-pilot500/blip2-opt-2.7b;evqa-pilot500/instructblip-vicuna-7b;evqa-pilot500/paligemma-3b;evqa-pilot500/qwen2.5-vl-3b;evqa-pilot500/smolvlm-1.7b;mmke-entity/blip2-opt-2.7b;mmke-entity/instructblip-vicuna-7b;mmke-entity/minigpt-4-vicuna-7b;mmke-entity/paligemma-3b;mmke-entity/qwen2.5-vl-3b;mmke-entity/smolvlm-1.7b;mmke-visual/blip2-opt-2.7b;mmke-visual/instructblip-vicuna-7b;mmke-visual/minigpt-4-vicuna-7b;mmke-visual/qwen2.5-vl-3b;mmke-visual/smolvlm-1.7b
clean,power_a0.25_b0.5_g2,M_abscos_x_newn,3,12,False,21,71.9245,72.97716666666666,-1.0526666666666682,70.63677777777778,0.37622222222221896,4,0,8,3,5,-0.2030000000000065,-21.050000000000004,17.093999999999994,0.16666666666666666,evqa-pilot500/blip2-opt-2.7b;evqa-pilot500/paligemma-3b;evqa-pilot500/qwen2.5-vl-3b;evqa-pilot500/smolvlm-1.7b;mmke-entity/blip2-opt-2.7b;mmke-entity/instructblip-vicuna-7b;mmke-entity/minigpt-4-vicuna-7b;mmke-entity/paligemma-3b;mmke-entity/qwen2.5-vl-3b;mmke-visual/blip2-opt-2.7b;mmke-visual/qwen2.5-vl-3b;mmke-visual/smolvlm-1.7b
clean,power_a0.25_b0.5_g2,M_new_norm,1,16,False,21,68.0295,69.861125,-1.8316249999999998,68.0295,-1.8316249999999998,6,1,9,4,8,-0.3100000000000023,-21.910000000000004,15.64,0,evqa-pilot500/blip2-opt-2.7b;evqa-pilot500/instructblip-vicuna-7b;evqa-pilot500/paligemma-3b;evqa-pilot500/qwen2.5-vl-3b;evqa-pilot500/smolvlm-1.7b;mmke-entity/blip2-opt-2.7b;mmke-entity/instructblip-vicuna-7b;mmke-entity/minigpt-4-vicuna-7b;mmke-entity/paligemma-3b;mmke-entity/qwen2.5-vl-3b;mmke-entity/smolvlm-1.7b;mmke-visual/blip2-opt-2.7b;mmke-visual/instructblip-vicuna-7b;mmke-visual/minigpt-4-vicuna-7b;mmke-visual/qwen2.5-vl-3b;mmke-visual/smolvlm-1.7b
clean,power_a0.25_b0.5_g2,M_new_norm,3,12,False,21,71.9245,72.8655,-0.9410000000000007,70.63677777777778,0.495277777777775,6,0,6,4,5,0.035000000000003695,-21.050000000000004,17.093999999999994,0.16666666666666666,evqa-pilot500/blip2-opt-2.7b;evqa-pilot500/paligemma-3b;evqa-pilot500/qwen2.5-vl-3b;evqa-pilot500/smolvlm-1.7b;mmke-entity/blip2-opt-2.7b;mmke-entity/instructblip-vicuna-7b;mmke-entity/minigpt-4-vicuna-7b;mmke-entity/paligemma-3b;mmke-entity/qwen2.5-vl-3b;mmke-visual/blip2-opt-2.7b;mmke-visual/qwen2.5-vl-3b;mmke-visual/smolvlm-1.7b
clean,power_a0.25_b1_g-1,M_abscos_x_newn,1,17,False,21,67.07105882352941,67.41835294117647,-0.3472941176470594,67.07105882352941,-0.3472941176470594,1,10,6,1,5,0.0,-2.216000000000001,1.0100000000000051,0.17647058823529413,evqa-pilot500/blip2-opt-2.7b;evqa-pilot500/instructblip-vicuna-7b;evqa-pilot500/llava-v1.5-7b;evqa-pilot500/minigpt-4-vicuna-7b;evqa-pilot500/qwen2.5-vl-3b;evqa-pilot500/smolvlm-1.7b;mmke-entity/blip2-opt-2.7b;mmke-entity/instructblip-vicuna-7b;mmke-entity/minigpt-4-vicuna-7b;mmke-entity/qwen2.5-vl-3b;mmke-entity/smolvlm-1.7b;mmke-visual/blip2-opt-2.7b;mmke-visual/instructblip-vicuna-7b;mmke-visual/llava-v1.5-7b;mmke-visual/minigpt-4-vicuna-7b;mmke-visual/qwen2.5-vl-3b;mmke-visual/smolvlm-1.7b
clean,power_a0.25_b1_g-1,M_abscos_x_newn,3,16,False,21,69.58525,69.29412500000001,0.29112499999999875,67.06683333333334,0.07354166666666595,2,11,3,2,2,0.0,-0.8500000000000014,6.1640000000000015,0.375,evqa-pilot500/blip2-opt-2.7b;evqa-pilot500/instructblip-vicuna-7b;evqa-pilot500/minigpt-4-vicuna-7b;evqa-pilot500/qwen2.5-vl-3b;evqa-pilot500/smolvlm-1.7b;mmke-entity/blip2-opt-2.7b;mmke-entity/instructblip-vicuna-7b;mmke-entity/minigpt-4-vicuna-7b;mmke-entity/qwen2.5-vl-3b;mmke-entity/smolvlm-1.7b;mmke-visual/blip2-opt-2.7b;mmke-visual/instructblip-vicuna-7b;mmke-visual/llava-v1.5-7b;mmke-visual/minigpt-4-vicuna-7b;mmke-visual/qwen2.5-vl-3b;mmke-visual/smolvlm-1.7b
clean,power_a0.25_b1_g-1,M_new_norm,1,16,False,21,66.565625,66.69475,-0.1291250000000006,66.565625,-0.1291250000000006,1,13,2,1,2,0.0,-2.216000000000001,1.0100000000000051,0.1875,evqa-pilot500/blip2-opt-2.7b;evqa-pilot500/instructblip-vicuna-7b;evqa-pilot500/llava-v1.5-7b;evqa-pilot500/minigpt-4-vicuna-7b;evqa-pilot500/qwen2.5-vl-3b;evqa-pilot500/smolvlm-1.7b;mmke-entity/blip2-opt-2.7b;mmke-entity/instructblip-vicuna-7b;mmke-entity/minigpt-4-vicuna-7b;mmke-entity/qwen2.5-vl-3b;mmke-entity/smolvlm-1.7b;mmke-visual/blip2-opt-2.7b;mmke-visual/instructblip-vicuna-7b;mmke-visual/minigpt-4-vicuna-7b;mmke-visual/qwen2.5-vl-3b;mmke-visual/smolvlm-1.7b
clean,power_a0.25_b1_g-1,M_new_norm,3,14,False,21,70.15057142857142,70.15057142857142,0.0,67.4987619047619,-0.016904761904761756,0,14,0,0,0,0.0,0.0,0.0,0.35714285714285715,evqa-pilot500/blip2-opt-2.7b;evqa-pilot500/minigpt-4-vicuna-7b;evqa-pilot500/qwen2.5-vl-3b;evqa-pilot500/smolvlm-1.7b;mmke-entity/blip2-opt-2.7b;mmke-entity/instructblip-vicuna-7b;mmke-entity/minigpt-4-vicuna-7b;mmke-entity/qwen2.5-vl-3b;mmke-entity/smolvlm-1.7b;mmke-visual/blip2-opt-2.7b;mmke-visual/instructblip-vicuna-7b;mmke-visual/minigpt-4-vicuna-7b;mmke-visual/qwen2.5-vl-3b;mmke-visual/smolvlm-1.7b
clean,power_a0.25_b1_g0,M_abscos_x_newn,1,18,False,21,68.672,68.88522222222223,-0.21322222222222229,68.672,-0.21322222222222229,0,14,4,0,3,0.0,-1.730000000000004,0.0,0.2222222222222222,evqa-pilot500/blip2-opt-2.7b;evqa-pilot500/instructblip-vicuna-7b;evqa-pilot500/llava-v1.5-7b;evqa-pilot500/minigpt-4-vicuna-7b;evqa-pilot500/paligemma-3b;evqa-pilot500/qwen2.5-vl-3b;evqa-pilot500/smolvlm-1.7b;mmke-entity/blip2-opt-2.7b;mmke-entity/instructblip-vicuna-7b;mmke-entity/minigpt-4-vicuna-7b;mmke-entity/paligemma-3b;mmke-entity/qwen2.5-vl-3b;mmke-entity/smolvlm-1.7b;mmke-visual/blip2-opt-2.7b;mmke-visual/instructblip-vicuna-7b;mmke-visual/minigpt-4-vicuna-7b;mmke-visual/qwen2.5-vl-3b;mmke-visual/smolvlm-1.7b
clean,power_a0.25_b1_g0,M_abscos_x_newn,3,17,False,21,71.67258823529411,71.43388235294118,0.23870588235294032,68.75596078431373,0.05733333333333235,1,13,3,1,2,0.0,-0.8500000000000014,6.1640000000000015,0.4117647058823529,evqa-pilot500/blip2-opt-2.7b;evqa-pilot500/instructblip-vicuna-7b;evqa-pilot500/minigpt-4-vicuna-7b;evqa-pilot500/paligemma-3b;evqa-pilot500/qwen2.5-vl-3b;evqa-pilot500/smolvlm-1.7b;mmke-entity/blip2-opt-2.7b;mmke-entity/instructblip-vicuna-7b;mmke-entity/minigpt-4-vicuna-7b;mmke-entity/paligemma-3b;mmke-entity/qwen2.5-vl-3b;mmke-entity/smolvlm-1.7b;mmke-visual/blip2-opt-2.7b;mmke-visual/instructblip-vicuna-7b;mmke-visual/minigpt-4-vicuna-7b;mmke-visual/qwen2.5-vl-3b;mmke-visual/smolvlm-1.7b
clean,power_a0.25_b1_g0,M_new_norm,1,19,False,21,70.26957894736842,70.26957894736842,0.0,70.26957894736842,0.0,0,19,0,0,0,0.0,0.0,0.0,0.21052631578947367,evqa-pilot500/blip2-opt-2.7b;evqa-pilot500/instructblip-vicuna-7b;evqa-pilot500/llava-v1.5-7b;evqa-pilot500/minigpt-4-vicuna-7b;evqa-pilot500/paligemma-3b;evqa-pilot500/qwen2.5-vl-3b;evqa-pilot500/smolvlm-1.7b;mmke-entity/blip2-opt-2.7b;mmke-entity/instructblip-vicuna-7b;mmke-entity/minigpt-4-vicuna-7b;mmke-entity/paligemma-3b;mmke-entity/qwen2.5-vl-3b;mmke-entity/smolvlm-1.7b;mmke-visual/blip2-opt-2.7b;mmke-visual/instructblip-vicuna-7b;mmke-visual/minigpt-4-vicuna-7b;mmke-visual/paligemma-3b;mmke-visual/qwen2.5-vl-3b;mmke-visual/smolvlm-1.7b
clean,power_a0.25_b1_g0,M_new_norm,3,16,False,21,72.74775,72.74775,0.0,69.80404166666666,0.0,0,16,0,0,0,0.0,0.0,0.0,0.375,evqa-pilot500/blip2-opt-2.7b;evqa-pilot500/minigpt-4-vicuna-7b;evqa-pilot500/paligemma-3b;evqa-pilot500/qwen2.5-vl-3b;evqa-pilot500/smolvlm-1.7b;mmke-entity/blip2-opt-2.7b;mmke-entity/instructblip-vicuna-7b;mmke-entity/minigpt-4-vicuna-7b;mmke-entity/paligemma-3b;mmke-entity/qwen2.5-vl-3b;mmke-entity/smolvlm-1.7b;mmke-visual/blip2-opt-2.7b;mmke-visual/instructblip-vicuna-7b;mmke-visual/minigpt-4-vicuna-7b;mmke-visual/qwen2.5-vl-3b;mmke-visual/smolvlm-1.7b
clean,power_a0.25_b1_g0.5,M_abscos_x_newn,1,14,False,21,69.51685714285715,69.50842857142857,0.008428571428573102,69.51685714285715,0.008428571428573102,6,4,4,4,4,0.0,-11.199999999999996,9.474000000000004,0,evqa-pilot500/blip2-opt-2.7b;evqa-pilot500/llava-v1.5-7b;evqa-pilot500/minigpt-4-vicuna-7b;evqa-pilot500/paligemma-3b;evqa-pilot500/qwen2.5-vl-3b;evqa-pilot500/smolvlm-1.7b;mmke-entity/blip2-opt-2.7b;mmke-entity/paligemma-3b;mmke-entity/smolvlm-1.7b;mmke-visual/blip2-opt-2.7b;mmke-visual/llava-v1.5-7b;mmke-visual/minigpt-4-vicuna-7b;mmke-visual/qwen2.5-vl-3b;mmke-visual/smolvlm-1.7b
clean,power_a0.25_b1_g0.5,M_abscos_x_newn,3,10,False,21,72.3494,72.29260000000001,0.056800000000001204,69.84246666666667,0.46273333333333255,3,5,2,2,1,0.0,-7.549999999999997,4.094000000000008,0.2,evqa-pilot500/blip2-opt-2.7b;evqa-pilot500/minigpt-4-vicuna-7b;evqa-pilot500/paligemma-3b;evqa-pilot500/qwen2.5-vl-3b;evqa-pilot500/smolvlm-1.7b;mmke-entity/blip2-opt-2.7b;mmke-entity/paligemma-3b;mmke-entity/smolvlm-1.7b;mmke-visual/blip2-opt-2.7b;mmke-visual/qwen2.5-vl-3b
clean,power_a0.25_b1_g0.5,M_new_norm,1,13,False,21,68.97569230769231,68.81615384615384,0.15953846153846302,68.97569230769231,0.15953846153846302,5,4,4,4,3,0.0,-11.199999999999996,11.204000000000008,0,evqa-pilot500/blip2-opt-2.7b;evqa-pilot500/llava-v1.5-7b;evqa-pilot500/minigpt-4-vicuna-7b;evqa-pilot500/paligemma-3b;evqa-pilot500/qwen2.5-vl-3b;evqa-pilot500/smolvlm-1.7b;mmke-entity/blip2-opt-2.7b;mmke-entity/paligemma-3b;mmke-entity/smolvlm-1.7b;mmke-visual/blip2-opt-2.7b;mmke-visual/minigpt-4-vicuna-7b;mmke-visual/qwen2.5-vl-3b;mmke-visual/smolvlm-1.7b
clean,power_a0.25_b1_g0.5,M_new_norm,3,10,False,21,72.3494,72.824,-0.4745999999999988,69.84246666666667,0.24266666666666623,3,5,2,2,2,0.0,-7.549999999999997,3.9540000000000006,0.2,evqa-pilot500/blip2-opt-2.7b;evqa-pilot500/minigpt-4-vicuna-7b;evqa-pilot500/paligemma-3b;evqa-pilot500/qwen2.5-vl-3b;evqa-pilot500/smolvlm-1.7b;mmke-entity/blip2-opt-2.7b;mmke-entity/paligemma-3b;mmke-entity/smolvlm-1.7b;mmke-visual/blip2-opt-2.7b;mmke-visual/qwen2.5-vl-3b
clean,power_a0.25_b1_g1,M_abscos_x_newn,1,13,False,21,67.16953846153847,69.6183076923077,-2.4487692307692304,67.16953846153847,-2.4487692307692304,2,5,6,2,6,0.0,-20.540000000000006,14.930000000000007,0,evqa-pilot500/blip2-opt-2.7b;evqa-pilot500/minigpt-4-vicuna-7b;evqa-pilot500/paligemma-3b;evqa-pilot500/qwen2.5-vl-3b;evqa-pilot500/smolvlm-1.7b;mmke-entity/blip2-opt-2.7b;mmke-entity/instructblip-vicuna-7b;mmke-entity/paligemma-3b;mmke-visual/blip2-opt-2.7b;mmke-visual/instructblip-vicuna-7b;mmke-visual/llava-v1.5-7b;mmke-visual/qwen2.5-vl-3b;mmke-visual/smolvlm-1.7b
clean,power_a0.25_b1_g1,M_abscos_x_newn,3,6,False,21,74.121,75.485,-1.3640000000000032,71.64977777777777,-0.5156666666666693,0,2,4,0,1,-0.18500000000000583,-7.549999999999997,0.0,0,evqa-pilot500/minigpt-4-vicuna-7b;evqa-pilot500/paligemma-3b;evqa-pilot500/qwen2.5-vl-3b;mmke-entity/blip2-opt-2.7b;mmke-entity/paligemma-3b;mmke-visual/blip2-opt-2.7b
clean,power_a0.25_b1_g1,M_new_norm,1,12,False,21,66.38766666666666,68.94166666666666,-2.554,66.38766666666666,-2.554,2,4,6,2,5,-0.06500000000000128,-20.540000000000006,14.930000000000007,0,evqa-pilot500/blip2-opt-2.7b;evqa-pilot500/minigpt-4-vicuna-7b;evqa-pilot500/paligemma-3b;evqa-pilot500/qwen2.5-vl-3b;evqa-pilot500/smolvlm-1.7b;mmke-entity/blip2-opt-2.7b;mmke-entity/instructblip-vicuna-7b;mmke-entity/paligemma-3b;mmke-visual/blip2-opt-2.7b;mmke-visual/instructblip-vicuna-7b;mmke-visual/qwen2.5-vl-3b;mmke-visual/smolvlm-1.7b
clean,power_a0.25_b1_g1,M_new_norm,3,6,False,21,74.121,76.37066666666666,-2.24966666666667,71.64977777777777,-0.8824444444444465,1,1,4,1,2,-0.2220000000000084,-7.549999999999997,0.6599999999999966,0,evqa-pilot500/minigpt-4-vicuna-7b;evqa-pilot500/paligemma-3b;evqa-pilot500/qwen2.5-vl-3b;mmke-entity/blip2-opt-2.7b;mmke-entity/paligemma-3b;mmke-visual/blip2-opt-2.7b
clean,power_a0.25_b1_g2,M_abscos_x_newn,1,16,False,21,69.053125,70.222,-1.1688749999999999,69.053125,-1.1688749999999999,4,2,10,4,8,-0.40000000000000213,-20.460000000000008,14.88000000000001,0,evqa-pilot500/blip2-opt-2.7b;evqa-pilot500/minigpt-4-vicuna-7b;evqa-pilot500/paligemma-3b;evqa-pilot500/qwen2.5-vl-3b;evqa-pilot500/smolvlm-1.7b;mmke-entity/blip2-opt-2.7b;mmke-entity/instructblip-vicuna-7b;mmke-entity/minigpt-4-vicuna-7b;mmke-entity/paligemma-3b;mmke-entity/qwen2.5-vl-3b;mmke-entity/smolvlm-1.7b;mmke-visual/blip2-opt-2.7b;mmke-visual/instructblip-vicuna-7b;mmke-visual/llava-v1.5-7b;mmke-visual/qwen2.5-vl-3b;mmke-visual/smolvlm-1.7b
clean,power_a0.25_b1_g2,M_abscos_x_newn,3,11,False,21,70.01745454545454,72.81872727272727,-2.80127272727273,68.6519393939394,-1.0927878787878824,4,0,7,3,5,-0.26400000000001,-20.56000000000001,16.685999999999993,0.09090909090909091,evqa-pilot500/blip2-opt-2.7b;evqa-pilot500/paligemma-3b;evqa-pilot500/qwen2.5-vl-3b;mmke-entity/blip2-opt-2.7b;mmke-entity/instructblip-vicuna-7b;mmke-entity/paligemma-3b;mmke-entity/qwen2.5-vl-3b;mmke-visual/blip2-opt-2.7b;mmke-visual/instructblip-vicuna-7b;mmke-visual/qwen2.5-vl-3b;mmke-visual/smolvlm-1.7b
clean,power_a0.25_b1_g2,M_new_norm,1,15,False,21,68.52933333333334,69.6884,-1.1590666666666658,68.52933333333334,-1.1590666666666658,5,1,9,5,7,-0.35599999999999454,-20.460000000000008,14.88000000000001,0,evqa-pilot500/blip2-opt-2.7b;evqa-pilot500/minigpt-4-vicuna-7b;evqa-pilot500/paligemma-3b;evqa-pilot500/qwen2.5-vl-3b;evqa-pilot500/smolvlm-1.7b;mmke-entity/blip2-opt-2.7b;mmke-entity/instructblip-vicuna-7b;mmke-entity/minigpt-4-vicuna-7b;mmke-entity/paligemma-3b;mmke-entity/qwen2.5-vl-3b;mmke-entity/smolvlm-1.7b;mmke-visual/blip2-opt-2.7b;mmke-visual/instructblip-vicuna-7b;mmke-visual/qwen2.5-vl-3b;mmke-visual/smolvlm-1.7b
clean,power_a0.25_b1_g2,M_new_norm,3,11,False,21,70.01745454545454,72.74145454545454,-2.7240000000000024,68.6519393939394,-1.0033939393939428,5,0,6,4,5,-0.26400000000001,-20.56000000000001,16.685999999999993,0.09090909090909091,evqa-pilot500/blip2-opt-2.7b;evqa-pilot500/paligemma-3b;evqa-pilot500/qwen2.5-vl-3b;mmke-entity/blip2-opt-2.7b;mmke-entity/instructblip-vicuna-7b;mmke-entity/paligemma-3b;mmke-entity/qwen2.5-vl-3b;mmke-visual/blip2-opt-2.7b;mmke-visual/instructblip-vicuna-7b;mmke-visual/qwen2.5-vl-3b;mmke-visual/smolvlm-1.7b
clean,power_a0.5_b-1_g-1,M_abscos_x_newn,1,17,False,21,67.07105882352941,67.41835294117647,-0.3472941176470594,67.07105882352941,-0.3472941176470594,1,10,6,1,5,0.0,-2.216000000000001,1.0100000000000051,0.17647058823529413,evqa-pilot500/blip2-opt-2.7b;evqa-pilot500/instructblip-vicuna-7b;evqa-pilot500/llava-v1.5-7b;evqa-pilot500/minigpt-4-vicuna-7b;evqa-pilot500/qwen2.5-vl-3b;evqa-pilot500/smolvlm-1.7b;mmke-entity/blip2-opt-2.7b;mmke-entity/instructblip-vicuna-7b;mmke-entity/minigpt-4-vicuna-7b;mmke-entity/qwen2.5-vl-3b;mmke-entity/smolvlm-1.7b;mmke-visual/blip2-opt-2.7b;mmke-visual/instructblip-vicuna-7b;mmke-visual/llava-v1.5-7b;mmke-visual/minigpt-4-vicuna-7b;mmke-visual/qwen2.5-vl-3b;mmke-visual/smolvlm-1.7b
clean,power_a0.5_b-1_g-1,M_abscos_x_newn,3,16,False,21,69.58525,69.29412500000001,0.29112499999999875,67.06683333333334,0.07354166666666595,2,11,3,2,2,0.0,-0.8500000000000014,6.1640000000000015,0.375,evqa-pilot500/blip2-opt-2.7b;evqa-pilot500/instructblip-vicuna-7b;evqa-pilot500/minigpt-4-vicuna-7b;evqa-pilot500/qwen2.5-vl-3b;evqa-pilot500/smolvlm-1.7b;mmke-entity/blip2-opt-2.7b;mmke-entity/instructblip-vicuna-7b;mmke-entity/minigpt-4-vicuna-7b;mmke-entity/qwen2.5-vl-3b;mmke-entity/smolvlm-1.7b;mmke-visual/blip2-opt-2.7b;mmke-visual/instructblip-vicuna-7b;mmke-visual/llava-v1.5-7b;mmke-visual/minigpt-4-vicuna-7b;mmke-visual/qwen2.5-vl-3b;mmke-visual/smolvlm-1.7b
clean,power_a0.5_b-1_g-1,M_new_norm,1,16,False,21,66.565625,66.69475,-0.1291250000000006,66.565625,-0.1291250000000006,1,13,2,1,2,0.0,-2.216000000000001,1.0100000000000051,0.1875,evqa-pilot500/blip2-opt-2.7b;evqa-pilot500/instructblip-vicuna-7b;evqa-pilot500/llava-v1.5-7b;evqa-pilot500/minigpt-4-vicuna-7b;evqa-pilot500/qwen2.5-vl-3b;evqa-pilot500/smolvlm-1.7b;mmke-entity/blip2-opt-2.7b;mmke-entity/instructblip-vicuna-7b;mmke-entity/minigpt-4-vicuna-7b;mmke-entity/qwen2.5-vl-3b;mmke-entity/smolvlm-1.7b;mmke-visual/blip2-opt-2.7b;mmke-visual/instructblip-vicuna-7b;mmke-visual/minigpt-4-vicuna-7b;mmke-visual/qwen2.5-vl-3b;mmke-visual/smolvlm-1.7b
clean,power_a0.5_b-1_g-1,M_new_norm,3,14,False,21,70.15057142857142,70.15057142857142,0.0,67.4987619047619,-0.016904761904761756,0,14,0,0,0,0.0,0.0,0.0,0.35714285714285715,evqa-pilot500/blip2-opt-2.7b;evqa-pilot500/minigpt-4-vicuna-7b;evqa-pilot500/qwen2.5-vl-3b;evqa-pilot500/smolvlm-1.7b;mmke-entity/blip2-opt-2.7b;mmke-entity/instructblip-vicuna-7b;mmke-entity/minigpt-4-vicuna-7b;mmke-entity/qwen2.5-vl-3b;mmke-entity/smolvlm-1.7b;mmke-visual/blip2-opt-2.7b;mmke-visual/instructblip-vicuna-7b;mmke-visual/minigpt-4-vicuna-7b;mmke-visual/qwen2.5-vl-3b;mmke-visual/smolvlm-1.7b
clean,power_a0.5_b-1_g0,M_abscos_x_newn,1,13,False,21,63.862307692307695,67.35338461538461,-3.491076923076923,63.862307692307695,-3.491076923076923,2,3,8,1,8,-0.9500000000000028,-22.24000000000001,6.82,0,evqa-pilot500/blip2-opt-2.7b;evqa-pilot500/llava-v1.5-7b;evqa-pilot500/minigpt-4-vicuna-7b;evqa-pilot500/qwen2.5-vl-3b;evqa-pilot500/smolvlm-1.7b;mmke-entity/blip2-opt-2.7b;mmke-entity/instructblip-vicuna-7b;mmke-entity/minigpt-4-vicuna-7b;mmke-entity/qwen2.5-vl-3b;mmke-visual/blip2-opt-2.7b;mmke-visual/instructblip-vicuna-7b;mmke-visual/minigpt-4-vicuna-7b;mmke-visual/smolvlm-1.7b
clean,power_a0.5_b-1_g0,M_abscos_x_newn,3,6,False,21,64.60833333333333,68.88666666666667,-4.278333333333335,62.90855555555555,-3.1458888888888907,0,2,4,0,4,-0.8100000000000023,-21.660000000000004,0.0,0.16666666666666666,evqa-pilot500/blip2-opt-2.7b;evqa-pilot500/minigpt-4-vicuna-7b;mmke-entity/blip2-opt-2.7b;mmke-entity/instructblip-vicuna-7b;mmke-visual/minigpt-4-vicuna-7b;mmke-visual/smolvlm-1.7b
clean,power_a0.5_b-1_g0,M_new_norm,1,13,False,21,63.862307692307695,67.05815384615384,-3.195846153846154,63.862307692307695,-3.195846153846154,3,2,8,3,7,-0.9200000000000017,-22.24000000000001,6.82,0,evqa-pilot500/blip2-opt-2.7b;evqa-pilot500/llava-v1.5-7b;evqa-pilot500/minigpt-4-vicuna-7b;evqa-pilot500/qwen2.5-vl-3b;evqa-pilot500/smolvlm-1.7b;mmke-entity/blip2-opt-2.7b;mmke-entity/instructblip-vicuna-7b;mmke-entity/minigpt-4-vicuna-7b;mmke-entity/qwen2.5-vl-3b;mmke-visual/blip2-opt-2.7b;mmke-visual/instructblip-vicuna-7b;mmke-visual/minigpt-4-vicuna-7b;mmke-visual/smolvlm-1.7b
clean,power_a0.5_b-1_g0,M_new_norm,3,6,False,21,64.60833333333333,69.78633333333333,-5.178000000000001,62.90855555555555,-3.5464444444444445,0,2,4,0,4,-1.1069999999999993,-21.660000000000004,0.0,0.16666666666666666,evqa-pilot500/blip2-opt-2.7b;evqa-pilot500/minigpt-4-vicuna-7b;mmke-entity/blip2-opt-2.7b;mmke-entity/instructblip-vicuna-7b;mmke-visual/minigpt-4-vicuna-7b;mmke-visual/smolvlm-1.7b
clean,power_a0.5_b-1_g0.5,M_abscos_x_newn,1,12,False,21,63.063833333333335,66.94783333333334,-3.883999999999999,63.063833333333335,-3.883999999999999,3,0,9,2,9,-2.4989999999999988,-22.24000000000001,8.850000000000001,0,evqa-pilot500/blip2-opt-2.7b;evqa-pilot500/llava-v1.5-7b;evqa-pilot500/minigpt-4-vicuna-7b;evqa-pilot500/qwen2.5-vl-3b;evqa-pilot500/smolvlm-1.7b;mmke-entity/blip2-opt-2.7b;mmke-entity/instructblip-vicuna-7b;mmke-entity/minigpt-4-vicuna-7b;mmke-visual/blip2-opt-2.7b;mmke-visual/instructblip-vicuna-7b;mmke-visual/minigpt-4-vicuna-7b;mmke-visual/smolvlm-1.7b
clean,power_a0.5_b-1_g0.5,M_abscos_x_newn,3,7,False,21,64.268,68.79485714285714,-4.5268571428571445,63.178380952380955,-2.3822857142857146,1,0,6,1,5,-1.75,-21.660000000000004,1.519999999999996,0,evqa-pilot500/minigpt-4-vicuna-7b;evqa-pilot500/qwen2.5-vl-3b;evqa-pilot500/smolvlm-1.7b;mmke-entity/blip2-opt-2.7b;mmke-entity/instructblip-vicuna-7b;mmke-visual/blip2-opt-2.7b;mmke-visual/smolvlm-1.7b
clean,power_a0.5_b-1_g0.5,M_new_norm,1,12,False,21,63.063833333333335,66.628,-3.5641666666666656,63.063833333333335,-3.5641666666666656,4,0,8,3,8,-2.147999999999996,-22.24000000000001,8.850000000000001,0,evqa-pilot500/blip2-opt-2.7b;evqa-pilot500/llava-v1.5-7b;evqa-pilot500/minigpt-4-vicuna-7b;evqa-pilot500/qwen2.5-vl-3b;evqa-pilot500/smolvlm-1.7b;mmke-entity/blip2-opt-2.7b;mmke-entity/instructblip-vicuna-7b;mmke-entity/minigpt-4-vicuna-7b;mmke-visual/blip2-opt-2.7b;mmke-visual/instructblip-vicuna-7b;mmke-visual/minigpt-4-vicuna-7b;mmke-visual/smolvlm-1.7b
clean,power_a0.5_b-1_g0.5,M_new_norm,3,7,False,21,64.268,69.554,-5.286000000000001,63.178380952380955,-2.6966666666666663,1,0,6,1,4,-1.75,-21.660000000000004,1.519999999999996,0,evqa-pilot500/minigpt-4-vicuna-7b;evqa-pilot500/qwen2.5-vl-3b;evqa-pilot500/smolvlm-1.7b;mmke-entity/blip2-opt-2.7b;mmke-entity/instructblip-vicuna-7b;mmke-visual/blip2-opt-2.7b;mmke-visual/smolvlm-1.7b
clean,power_a0.5_b-1_g1,M_abscos_x_newn,1,10,False,21,61.330600000000004,67.5144,-6.183799999999999,61.330600000000004,-6.183799999999999,1,0,9,0,9,-3.281999999999993,-22.24000000000001,0.21600000000000819,0,evqa-pilot500/blip2-opt-2.7b;evqa-pilot500/llava-v1.5-7b;evqa-pilot500/minigpt-4-vicuna-7b;evqa-pilot500/qwen2.5-vl-3b;evqa-pilot500/smolvlm-1.7b;mmke-entity/instructblip-vicuna-7b;mmke-entity/minigpt-4-vicuna-7b;mmke-visual/instructblip-vicuna-7b;mmke-visual/minigpt-4-vicuna-7b;mmke-visual/smolvlm-1.7b
clean,power_a0.5_b-1_g1,M_abscos_x_newn,3,5,False,21,61.111200000000004,67.838,-6.7268,59.403733333333335,-4.940266666666668,0,0,5,0,5,-2.019999999999996,-22.24000000000001,-1.2100000000000009,0,evqa-pilot500/minigpt-4-vicuna-7b;evqa-pilot500/qwen2.5-vl-3b;evqa-pilot500/smolvlm-1.7b;mmke-entity/instructblip-vicuna-7b;mmke-visual/smolvlm-1.7b
clean,power_a0.5_b-1_g1,M_new_norm,1,10,False,21,61.330600000000004,67.1306,-5.799999999999999,61.330600000000004,-5.799999999999999,2,0,8,1,8,-2.896999999999995,-22.24000000000001,0.7040000000000077,0,evqa-pilot500/blip2-opt-2.7b;evqa-pilot500/llava-v1.5-7b;evqa-pilot500/minigpt-4-vicuna-7b;evqa-pilot500/qwen2.5-vl-3b;evqa-pilot500/smolvlm-1.7b;mmke-entity/instructblip-vicuna-7b;mmke-entity/minigpt-4-vicuna-7b;mmke-visual/instructblip-vicuna-7b;mmke-visual/minigpt-4-vicuna-7b;mmke-visual/smolvlm-1.7b
clean,power_a0.5_b-1_g1,M_new_norm,3,5,False,21,61.111200000000004,68.9008,-7.7896,59.403733333333335,-5.3804,0,0,5,0,4,-2.019999999999996,-22.24000000000001,-0.35999999999999943,0,evqa-pilot500/minigpt-4-vicuna-7b;evqa-pilot500/qwen2.5-vl-3b;evqa-pilot500/smolvlm-1.7b;mmke-entity/instructblip-vicuna-7b;mmke-visual/smolvlm-1.7b
clean,power_a0.5_b-1_g2,M_abscos_x_newn,1,7,False,21,57.26,64.63685714285714,-7.376857142857143,57.26,-7.376857142857143,0,0,7,0,7,-4.200000000000003,-22.480000000000004,-1.3700000000000045,0,evqa-pilot500/blip2-opt-2.7b;evqa-pilot500/llava-v1.5-7b;evqa-pilot500/minigpt-4-vicuna-7b;evqa-pilot500/qwen2.5-vl-3b;evqa-pilot500/smolvlm-1.7b;mmke-entity/instructblip-vicuna-7b;mmke-visual/smolvlm-1.7b
clean,power_a0.5_b-1_g2,M_abscos_x_newn,3,5,False,21,58.6392,67.838,-9.1988,58.29773333333333,-6.046266666666668,0,0,5,0,5,-6.413999999999994,-22.24000000000001,-1.2100000000000009,0,evqa-pilot500/minigpt-4-vicuna-7b;evqa-pilot500/qwen2.5-vl-3b;evqa-pilot500/smolvlm-1.7b;mmke-entity/instructblip-vicuna-7b;mmke-visual/smolvlm-1.7b
clean,power_a0.5_b-1_g2,M_new_norm,1,7,False,21,57.26,64.26828571428571,-7.008285714285714,57.26,-7.008285714285714,1,0,6,0,6,-4.200000000000003,-22.480000000000004,0.010000000000005116,0,evqa-pilot500/blip2-opt-2.7b;evqa-pilot500/llava-v1.5-7b;evqa-pilot500/minigpt-4-vicuna-7b;evqa-pilot500/qwen2.5-vl-3b;evqa-pilot500/smolvlm-1.7b;mmke-entity/instructblip-vicuna-7b;mmke-visual/smolvlm-1.7b
clean,power_a0.5_b-1_g2,M_new_norm,3,5,False,21,58.6392,68.9008,-10.2616,58.29773333333333,-6.486400000000001,0,0,5,0,4,-12.577999999999996,-22.24000000000001,-0.35999999999999943,0,evqa-pilot500/minigpt-4-vicuna-7b;evqa-pilot500/qwen2.5-vl-3b;evqa-pilot500/smolvlm-1.7b;mmke-entity/instructblip-vicuna-7b;mmke-visual/smolvlm-1.7b
clean,power_a0.5_b-0.5_g-1,M_abscos_x_newn,1,17,False,21,67.07105882352941,67.41835294117647,-0.3472941176470594,67.07105882352941,-0.3472941176470594,1,10,6,1,5,0.0,-2.216000000000001,1.0100000000000051,0.17647058823529413,evqa-pilot500/blip2-opt-2.7b;evqa-pilot500/instructblip-vicuna-7b;evqa-pilot500/llava-v1.5-7b;evqa-pilot500/minigpt-4-vicuna-7b;evqa-pilot500/qwen2.5-vl-3b;evqa-pilot500/smolvlm-1.7b;mmke-entity/blip2-opt-2.7b;mmke-entity/instructblip-vicuna-7b;mmke-entity/minigpt-4-vicuna-7b;mmke-entity/qwen2.5-vl-3b;mmke-entity/smolvlm-1.7b;mmke-visual/blip2-opt-2.7b;mmke-visual/instructblip-vicuna-7b;mmke-visual/llava-v1.5-7b;mmke-visual/minigpt-4-vicuna-7b;mmke-visual/qwen2.5-vl-3b;mmke-visual/smolvlm-1.7b
clean,power_a0.5_b-0.5_g-1,M_abscos_x_newn,3,16,False,21,69.58525,69.29412500000001,0.29112499999999875,67.06683333333334,0.07354166666666595,2,11,3,2,2,0.0,-0.8500000000000014,6.1640000000000015,0.375,evqa-pilot500/blip2-opt-2.7b;evqa-pilot500/instructblip-vicuna-7b;evqa-pilot500/minigpt-4-vicuna-7b;evqa-pilot500/qwen2.5-vl-3b;evqa-pilot500/smolvlm-1.7b;mmke-entity/blip2-opt-2.7b;mmke-entity/instructblip-vicuna-7b;mmke-entity/minigpt-4-vicuna-7b;mmke-entity/qwen2.5-vl-3b;mmke-entity/smolvlm-1.7b;mmke-visual/blip2-opt-2.7b;mmke-visual/instructblip-vicuna-7b;mmke-visual/llava-v1.5-7b;mmke-visual/minigpt-4-vicuna-7b;mmke-visual/qwen2.5-vl-3b;mmke-visual/smolvlm-1.7b
clean,power_a0.5_b-0.5_g-1,M_new_norm,1,16,False,21,66.565625,66.69475,-0.1291250000000006,66.565625,-0.1291250000000006,1,13,2,1,2,0.0,-2.216000000000001,1.0100000000000051,0.1875,evqa-pilot500/blip2-opt-2.7b;evqa-pilot500/instructblip-vicuna-7b;evqa-pilot500/llava-v1.5-7b;evqa-pilot500/minigpt-4-vicuna-7b;evqa-pilot500/qwen2.5-vl-3b;evqa-pilot500/smolvlm-1.7b;mmke-entity/blip2-opt-2.7b;mmke-entity/instructblip-vicuna-7b;mmke-entity/minigpt-4-vicuna-7b;mmke-entity/qwen2.5-vl-3b;mmke-entity/smolvlm-1.7b;mmke-visual/blip2-opt-2.7b;mmke-visual/instructblip-vicuna-7b;mmke-visual/minigpt-4-vicuna-7b;mmke-visual/qwen2.5-vl-3b;mmke-visual/smolvlm-1.7b
clean,power_a0.5_b-0.5_g-1,M_new_norm,3,14,False,21,70.15057142857142,70.15057142857142,0.0,67.4987619047619,-0.016904761904761756,0,14,0,0,0,0.0,0.0,0.0,0.35714285714285715,evqa-pilot500/blip2-opt-2.7b;evqa-pilot500/minigpt-4-vicuna-7b;evqa-pilot500/qwen2.5-vl-3b;evqa-pilot500/smolvlm-1.7b;mmke-entity/blip2-opt-2.7b;mmke-entity/instructblip-vicuna-7b;mmke-entity/minigpt-4-vicuna-7b;mmke-entity/qwen2.5-vl-3b;mmke-entity/smolvlm-1.7b;mmke-visual/blip2-opt-2.7b;mmke-visual/instructblip-vicuna-7b;mmke-visual/minigpt-4-vicuna-7b;mmke-visual/qwen2.5-vl-3b;mmke-visual/smolvlm-1.7b
clean,power_a0.5_b-0.5_g0,M_abscos_x_newn,1,19,False,21,69.21536842105263,69.21536842105263,0.0,69.21536842105263,0.0,0,19,0,0,0,0.0,0.0,0.0,0.2631578947368421,evqa-pilot500/blip2-opt-2.7b;evqa-pilot500/instructblip-vicuna-7b;evqa-pilot500/llava-v1.5-7b;evqa-pilot500/minigpt-4-vicuna-7b;evqa-pilot500/paligemma-3b;evqa-pilot500/qwen2.5-vl-3b;evqa-pilot500/smolvlm-1.7b;mmke-entity/blip2-opt-2.7b;mmke-entity/instructblip-vicuna-7b;mmke-entity/minigpt-4-vicuna-7b;mmke-entity/paligemma-3b;mmke-entity/qwen2.5-vl-3b;mmke-entity/smolvlm-1.7b;mmke-visual/blip2-opt-2.7b;mmke-visual/instructblip-vicuna-7b;mmke-visual/llava-v1.5-7b;mmke-visual/minigpt-4-vicuna-7b;mmke-visual/qwen2.5-vl-3b;mmke-visual/smolvlm-1.7b
clean,power_a0.5_b-0.5_g0,M_abscos_x_newn,3,17,False,21,71.70717647058824,71.71776470588236,-0.010588235294118049,69.07674509803921,0.0855294117647055,0,16,1,0,0,0.0,-0.18000000000000682,0.0,0.4117647058823529,evqa-pilot500/blip2-opt-2.7b;evqa-pilot500/instructblip-vicuna-7b;evqa-pilot500/minigpt-4-vicuna-7b;evqa-pilot500/paligemma-3b;evqa-pilot500/qwen2.5-vl-3b;evqa-pilot500/smolvlm-1.7b;mmke-entity/blip2-opt-2.7b;mmke-entity/instructblip-vicuna-7b;mmke-entity/minigpt-4-vicuna-7b;mmke-entity/paligemma-3b;mmke-entity/qwen2.5-vl-3b;mmke-entity/smolvlm-1.7b;mmke-visual/blip2-opt-2.7b;mmke-visual/instructblip-vicuna-7b;mmke-visual/llava-v1.5-7b;mmke-visual/minigpt-4-vicuna-7b;mmke-visual/qwen2.5-vl-3b
clean,power_a0.5_b-0.5_g0,M_new_norm,1,18,False,21,68.88522222222223,68.672,0.21322222222222229,68.88522222222223,0.21322222222222229,4,14,0,3,0,0.0,0.0,1.730000000000004,0.2777777777777778,evqa-pilot500/blip2-opt-2.7b;evqa-pilot500/instructblip-vicuna-7b;evqa-pilot500/llava-v1.5-7b;evqa-pilot500/minigpt-4-vicuna-7b;evqa-pilot500/paligemma-3b;evqa-pilot500/qwen2.5-vl-3b;evqa-pilot500/smolvlm-1.7b;mmke-entity/blip2-opt-2.7b;mmke-entity/instructblip-vicuna-7b;mmke-entity/minigpt-4-vicuna-7b;mmke-entity/paligemma-3b;mmke-entity/qwen2.5-vl-3b;mmke-entity/smolvlm-1.7b;mmke-visual/blip2-opt-2.7b;mmke-visual/instructblip-vicuna-7b;mmke-visual/minigpt-4-vicuna-7b;mmke-visual/qwen2.5-vl-3b;mmke-visual/smolvlm-1.7b
clean,power_a0.5_b-0.5_g0,M_new_norm,3,15,False,21,72.55773333333333,72.84026666666666,-0.2825333333333328,69.77711111111111,0.03195555555555624,3,10,2,2,1,0.0,-6.1640000000000015,0.8500000000000014,0.4,evqa-pilot500/blip2-opt-2.7b;evqa-pilot500/minigpt-4-vicuna-7b;evqa-pilot500/paligemma-3b;evqa-pilot500/qwen2.5-vl-3b;evqa-pilot500/smolvlm-1.7b;mmke-entity/blip2-opt-2.7b;mmke-entity/instructblip-vicuna-7b;mmke-entity/minigpt-4-vicuna-7b;mmke-entity/paligemma-3b;mmke-entity/qwen2.5-vl-3b;mmke-entity/smolvlm-1.7b;mmke-visual/blip2-opt-2.7b;mmke-visual/instructblip-vicuna-7b;mmke-visual/minigpt-4-vicuna-7b;mmke-visual/qwen2.5-vl-3b
clean,power_a0.5_b-0.5_g0.5,M_abscos_x_newn,1,16,False,21,68.4075,69.902,-1.4944999999999995,68.4075,-1.4944999999999995,7,4,5,4,5,0.0,-22.24000000000001,14.88000000000001,0.125,evqa-pilot500/blip2-opt-2.7b;evqa-pilot500/llava-v1.5-7b;evqa-pilot500/minigpt-4-vicuna-7b;evqa-pilot500/paligemma-3b;evqa-pilot500/qwen2.5-vl-3b;mmke-entity/blip2-opt-2.7b;mmke-entity/instructblip-vicuna-7b;mmke-entity/minigpt-4-vicuna-7b;mmke-entity/paligemma-3b;mmke-entity/smolvlm-1.7b;mmke-visual/blip2-opt-2.7b;mmke-visual/instructblip-vicuna-7b;mmke-visual/llava-v1.5-7b;mmke-visual/minigpt-4-vicuna-7b;mmke-visual/qwen2.5-vl-3b;mmke-visual/smolvlm-1.7b
clean,power_a0.5_b-0.5_g0.5,M_abscos_x_newn,3,10,False,21,70.4898,74.1306,-3.640800000000003,69.03033333333333,-1.9930666666666697,1,3,6,1,5,-0.4270000000000067,-21.60000000000001,16.685999999999993,0.1,evqa-pilot500/blip2-opt-2.7b;evqa-pilot500/paligemma-3b;evqa-pilot500/qwen2.5-vl-3b;mmke-entity/blip2-opt-2.7b;mmke-entity/instructblip-vicuna-7b;mmke-entity/minigpt-4-vicuna-7b;mmke-entity/paligemma-3b;mmke-visual/instructblip-vicuna-7b;mmke-visual/minigpt-4-vicuna-7b;mmke-visual/smolvlm-1.7b
clean,power_a0.5_b-0.5_g0.5,M_new_norm,1,15,False,21,67.84066666666666,69.29573333333333,-1.4550666666666658,67.84066666666666,-1.4550666666666658,8,2,5,6,5,0.01999999999999602,-22.24000000000001,14.88000000000001,0.13333333333333333,evqa-pilot500/blip2-opt-2.7b;evqa-pilot500/llava-v1.5-7b;evqa-pilot500/minigpt-4-vicuna-7b;evqa-pilot500/paligemma-3b;evqa-pilot500/qwen2.5-vl-3b;mmke-entity/blip2-opt-2.7b;mmke-entity/instructblip-vicuna-7b;mmke-entity/minigpt-4-vicuna-7b;mmke-entity/paligemma-3b;mmke-entity/smolvlm-1.7b;mmke-visual/blip2-opt-2.7b;mmke-visual/instructblip-vicuna-7b;mmke-visual/minigpt-4-vicuna-7b;mmke-visual/qwen2.5-vl-3b;mmke-visual/smolvlm-1.7b
clean,power_a0.5_b-0.5_g0.5,M_new_norm,3,10,False,21,70.4898,73.92,-3.4302000000000015,69.03033333333333,-1.772133333333335,3,1,6,2,5,-0.4270000000000067,-21.60000000000001,16.685999999999993,0.1,evqa-pilot500/blip2-opt-2.7b;evqa-pilot500/paligemma-3b;evqa-pilot500/qwen2.5-vl-3b;mmke-entity/blip2-opt-2.7b;mmke-entity/instructblip-vicuna-7b;mmke-entity/minigpt-4-vicuna-7b;mmke-entity/paligemma-3b;mmke-visual/instructblip-vicuna-7b;mmke-visual/minigpt-4-vicuna-7b;mmke-visual/smolvlm-1.7b
clean,power_a0.5_b-0.5_g1,M_abscos_x_newn,1,16,False,21,69.06,70.311,-1.251,69.06,-1.251,5,2,9,3,9,-0.8700000000000045,-22.24000000000001,17.439999999999998,0.0625,evqa-pilot500/blip2-opt-2.7b;evqa-pilot500/minigpt-4-vicuna-7b;evqa-pilot500/paligemma-3b;evqa-pilot500/qwen2.5-vl-3b;evqa-pilot500/smolvlm-1.7b;mmke-entity/blip2-opt-2.7b;mmke-entity/instructblip-vicuna-7b;mmke-entity/minigpt-4-vicuna-7b;mmke-entity/paligemma-3b;mmke-entity/qwen2.5-vl-3b;mmke-entity/smolvlm-1.7b;mmke-visual/blip2-opt-2.7b;mmke-visual/instructblip-vicuna-7b;mmke-visual/minigpt-4-vicuna-7b;mmke-visual/qwen2.5-vl-3b;mmke-visual/smolvlm-1.7b
clean,power_a0.5_b-0.5_g1,M_abscos_x_newn,3,14,False,21,70.36571428571429,72.78042857142857,-2.4147142857142874,68.75657142857143,-1.1817142857142895,4,1,9,3,8,-0.5450000000000017,-21.60000000000001,17.093999999999994,0.21428571428571427,evqa-pilot500/blip2-opt-2.7b;evqa-pilot500/paligemma-3b;evqa-pilot500/qwen2.5-vl-3b;evqa-pilot500/smolvlm-1.7b;mmke-entity/blip2-opt-2.7b;mmke-entity/instructblip-vicuna-7b;mmke-entity/paligemma-3b;mmke-entity/qwen2.5-vl-3b;mmke-entity/smolvlm-1.7b;mmke-visual/blip2-opt-2.7b;mmke-visual/instructblip-vicuna-7b;mmke-visual/minigpt-4-vicuna-7b;mmke-visual/qwen2.5-vl-3b;mmke-visual/smolvlm-1.7b
clean,power_a0.5_b-0.5_g1,M_new_norm,1,16,False,21,69.06,70.071125,-1.0111249999999998,69.06,-1.0111249999999998,6,1,9,5,8,-0.4600000000000044,-22.24000000000001,17.439999999999998,0.0625,evqa-pilot500/blip2-opt-2.7b;evqa-pilot500/minigpt-4-vicuna-7b;evqa-pilot500/paligemma-3b;evqa-pilot500/qwen2.5-vl-3b;evqa-pilot500/smolvlm-1.7b;mmke-entity/blip2-opt-2.7b;mmke-entity/instructblip-vicuna-7b;mmke-entity/minigpt-4-vicuna-7b;mmke-entity/paligemma-3b;mmke-entity/qwen2.5-vl-3b;mmke-entity/smolvlm-1.7b;mmke-visual/blip2-opt-2.7b;mmke-visual/instructblip-vicuna-7b;mmke-visual/minigpt-4-vicuna-7b;mmke-visual/qwen2.5-vl-3b;mmke-visual/smolvlm-1.7b
clean,power_a0.5_b-0.5_g1,M_new_norm,3,14,False,21,70.36571428571429,72.665,-2.2992857142857157,68.75657142857143,-1.055714285714289,5,0,9,4,8,-0.5450000000000017,-21.60000000000001,17.093999999999994,0.21428571428571427,evqa-pilot500/blip2-opt-2.7b;evqa-pilot500/paligemma-3b;evqa-pilot500/qwen2.5-vl-3b;evqa-pilot500/smolvlm-1.7b;mmke-entity/blip2-opt-2.7b;mmke-entity/instructblip-vicuna-7b;mmke-entity/paligemma-3b;mmke-entity/qwen2.5-vl-3b;mmke-entity/smolvlm-1.7b;mmke-visual/blip2-opt-2.7b;mmke-visual/instructblip-vicuna-7b;mmke-visual/minigpt-4-vicuna-7b;mmke-visual/qwen2.5-vl-3b;mmke-visual/smolvlm-1.7b
clean,power_a0.5_b-0.5_g2,M_abscos_x_newn,1,13,False,21,65.19569230769231,68.65107692307693,-3.455384615384615,65.19569230769231,-3.455384615384615,3,0,10,1,9,-1.4100000000000037,-22.24000000000001,9.440000000000005,0,evqa-pilot500/llava-v1.5-7b;evqa-pilot500/minigpt-4-vicuna-7b;evqa-pilot500/qwen2.5-vl-3b;evqa-pilot500/smolvlm-1.7b;mmke-entity/instructblip-vicuna-7b;mmke-entity/minigpt-4-vicuna-7b;mmke-entity/qwen2.5-vl-3b;mmke-entity/smolvlm-1.7b;mmke-visual/blip2-opt-2.7b;mmke-visual/instructblip-vicuna-7b;mmke-visual/minigpt-4-vicuna-7b;mmke-visual/qwen2.5-vl-3b;mmke-visual/smolvlm-1.7b
clean,power_a0.5_b-0.5_g2,M_abscos_x_newn,3,7,False,21,65.71371428571429,70.46714285714286,-4.753428571428572,64.71485714285714,-2.9147619047619053,1,0,6,1,6,-1.75,-21.660000000000004,1.9399999999999977,0,evqa-pilot500/minigpt-4-vicuna-7b;evqa-pilot500/smolvlm-1.7b;mmke-entity/instructblip-vicuna-7b;mmke-entity/smolvlm-1.7b;mmke-visual/blip2-opt-2.7b;mmke-visual/minigpt-4-vicuna-7b;mmke-visual/smolvlm-1.7b
clean,power_a0.5_b-0.5_g2,M_new_norm,1,13,False,21,65.19569230769231,68.35584615384616,-3.160153846153846,65.19569230769231,-3.160153846153846,4,0,9,3,8,-1.1500000000000057,-22.24000000000001,9.440000000000005,0,evqa-pilot500/llava-v1.5-7b;evqa-pilot500/minigpt-4-vicuna-7b;evqa-pilot500/qwen2.5-vl-3b;evqa-pilot500/smolvlm-1.7b;mmke-entity/instructblip-vicuna-7b;mmke-entity/minigpt-4-vicuna-7b;mmke-entity/qwen2.5-vl-3b;mmke-entity/smolvlm-1.7b;mmke-visual/blip2-opt-2.7b;mmke-visual/instructblip-vicuna-7b;mmke-visual/minigpt-4-vicuna-7b;mmke-visual/qwen2.5-vl-3b;mmke-visual/smolvlm-1.7b
clean,power_a0.5_b-0.5_g2,M_new_norm,3,7,False,21,65.71371428571429,71.23828571428571,-5.524571428571428,64.71485714285714,-3.258095238095237,1,0,6,1,6,-1.6239999999999952,-21.660000000000004,1.9399999999999977,0,evqa-pilot500/minigpt-4-vicuna-7b;evqa-pilot500/smolvlm-1.7b;mmke-entity/instructblip-vicuna-7b;mmke-entity/smolvlm-1.7b;mmke-visual/blip2-opt-2.7b;mmke-visual/minigpt-4-vicuna-7b;mmke-visual/smolvlm-1.7b
clean,power_a0.5_b0_g-1,M_abscos_x_newn,1,17,False,21,67.07105882352941,67.41835294117647,-0.3472941176470594,67.07105882352941,-0.3472941176470594,1,10,6,1,5,0.0,-2.216000000000001,1.0100000000000051,0.17647058823529413,evqa-pilot500/blip2-opt-2.7b;evqa-pilot500/instructblip-vicuna-7b;evqa-pilot500/llava-v1.5-7b;evqa-pilot500/minigpt-4-vicuna-7b;evqa-pilot500/qwen2.5-vl-3b;evqa-pilot500/smolvlm-1.7b;mmke-entity/blip2-opt-2.7b;mmke-entity/instructblip-vicuna-7b;mmke-entity/minigpt-4-vicuna-7b;mmke-entity/qwen2.5-vl-3b;mmke-entity/smolvlm-1.7b;mmke-visual/blip2-opt-2.7b;mmke-visual/instructblip-vicuna-7b;mmke-visual/llava-v1.5-7b;mmke-visual/minigpt-4-vicuna-7b;mmke-visual/qwen2.5-vl-3b;mmke-visual/smolvlm-1.7b
clean,power_a0.5_b0_g-1,M_abscos_x_newn,3,16,False,21,69.58525,69.29412500000001,0.29112499999999875,67.06683333333334,0.07354166666666595,2,11,3,2,2,0.0,-0.8500000000000014,6.1640000000000015,0.375,evqa-pilot500/blip2-opt-2.7b;evqa-pilot500/instructblip-vicuna-7b;evqa-pilot500/minigpt-4-vicuna-7b;evqa-pilot500/qwen2.5-vl-3b;evqa-pilot500/smolvlm-1.7b;mmke-entity/blip2-opt-2.7b;mmke-entity/instructblip-vicuna-7b;mmke-entity/minigpt-4-vicuna-7b;mmke-entity/qwen2.5-vl-3b;mmke-entity/smolvlm-1.7b;mmke-visual/blip2-opt-2.7b;mmke-visual/instructblip-vicuna-7b;mmke-visual/llava-v1.5-7b;mmke-visual/minigpt-4-vicuna-7b;mmke-visual/qwen2.5-vl-3b;mmke-visual/smolvlm-1.7b
clean,power_a0.5_b0_g-1,M_new_norm,1,16,False,21,66.565625,66.69475,-0.1291250000000006,66.565625,-0.1291250000000006,1,13,2,1,2,0.0,-2.216000000000001,1.0100000000000051,0.1875,evqa-pilot500/blip2-opt-2.7b;evqa-pilot500/instructblip-vicuna-7b;evqa-pilot500/llava-v1.5-7b;evqa-pilot500/minigpt-4-vicuna-7b;evqa-pilot500/qwen2.5-vl-3b;evqa-pilot500/smolvlm-1.7b;mmke-entity/blip2-opt-2.7b;mmke-entity/instructblip-vicuna-7b;mmke-entity/minigpt-4-vicuna-7b;mmke-entity/qwen2.5-vl-3b;mmke-entity/smolvlm-1.7b;mmke-visual/blip2-opt-2.7b;mmke-visual/instructblip-vicuna-7b;mmke-visual/minigpt-4-vicuna-7b;mmke-visual/qwen2.5-vl-3b;mmke-visual/smolvlm-1.7b
clean,power_a0.5_b0_g-1,M_new_norm,3,14,False,21,70.15057142857142,70.15057142857142,0.0,67.4987619047619,-0.016904761904761756,0,14,0,0,0,0.0,0.0,0.0,0.35714285714285715,evqa-pilot500/blip2-opt-2.7b;evqa-pilot500/minigpt-4-vicuna-7b;evqa-pilot500/qwen2.5-vl-3b;evqa-pilot500/smolvlm-1.7b;mmke-entity/blip2-opt-2.7b;mmke-entity/instructblip-vicuna-7b;mmke-entity/minigpt-4-vicuna-7b;mmke-entity/qwen2.5-vl-3b;mmke-entity/smolvlm-1.7b;mmke-visual/blip2-opt-2.7b;mmke-visual/instructblip-vicuna-7b;mmke-visual/minigpt-4-vicuna-7b;mmke-visual/qwen2.5-vl-3b;mmke-visual/smolvlm-1.7b
clean,power_a0.5_b0_g0,M_abscos_x_newn,1,18,False,21,69.26911111111112,68.84822222222222,0.4208888888888893,69.26911111111112,0.4208888888888893,1,15,2,1,2,0.0,-1.1400000000000006,9.474000000000004,0.2222222222222222,evqa-pilot500/blip2-opt-2.7b;evqa-pilot500/instructblip-vicuna-7b;evqa-pilot500/llava-v1.5-7b;evqa-pilot500/minigpt-4-vicuna-7b;evqa-pilot500/paligemma-3b;evqa-pilot500/qwen2.5-vl-3b;evqa-pilot500/smolvlm-1.7b;mmke-entity/blip2-opt-2.7b;mmke-entity/instructblip-vicuna-7b;mmke-entity/paligemma-3b;mmke-entity/qwen2.5-vl-3b;mmke-entity/smolvlm-1.7b;mmke-visual/blip2-opt-2.7b;mmke-visual/instructblip-vicuna-7b;mmke-visual/llava-v1.5-7b;mmke-visual/minigpt-4-vicuna-7b;mmke-visual/qwen2.5-vl-3b;mmke-visual/smolvlm-1.7b
clean,power_a0.5_b0_g0,M_abscos_x_newn,3,17,False,21,71.65752941176471,71.4424705882353,0.2150588235294117,68.90188235294117,0.21109803921568596,1,14,2,1,0,0.0,-0.24800000000000466,4.094000000000008,0.4117647058823529,evqa-pilot500/blip2-opt-2.7b;evqa-pilot500/instructblip-vicuna-7b;evqa-pilot500/minigpt-4-vicuna-7b;evqa-pilot500/paligemma-3b;evqa-pilot500/qwen2.5-vl-3b;evqa-pilot500/smolvlm-1.7b;mmke-entity/blip2-opt-2.7b;mmke-entity/instructblip-vicuna-7b;mmke-entity/paligemma-3b;mmke-entity/qwen2.5-vl-3b;mmke-entity/smolvlm-1.7b;mmke-visual/blip2-opt-2.7b;mmke-visual/instructblip-vicuna-7b;mmke-visual/llava-v1.5-7b;mmke-visual/minigpt-4-vicuna-7b;mmke-visual/qwen2.5-vl-3b;mmke-visual/smolvlm-1.7b
clean,power_a0.5_b0_g0,M_new_norm,1,17,False,21,68.92270588235294,68.28,0.6427058823529417,68.92270588235294,0.6427058823529417,2,14,1,1,0,0.0,-0.28999999999999915,11.204000000000008,0.23529411764705882,evqa-pilot500/blip2-opt-2.7b;evqa-pilot500/instructblip-vicuna-7b;evqa-pilot500/llava-v1.5-7b;evqa-pilot500/minigpt-4-vicuna-7b;evqa-pilot500/paligemma-3b;evqa-pilot500/qwen2.5-vl-3b;evqa-pilot500/smolvlm-1.7b;mmke-entity/blip2-opt-2.7b;mmke-entity/instructblip-vicuna-7b;mmke-entity/paligemma-3b;mmke-entity/qwen2.5-vl-3b;mmke-entity/smolvlm-1.7b;mmke-visual/blip2-opt-2.7b;mmke-visual/instructblip-vicuna-7b;mmke-visual/minigpt-4-vicuna-7b;mmke-visual/qwen2.5-vl-3b;mmke-visual/smolvlm-1.7b
clean,power_a0.5_b0_g0,M_new_norm,3,15,False,21,72.50146666666667,72.56093333333334,-0.0594666666666664,69.57893333333334,0.14457777777777825,2,12,1,2,1,0.0,-2.069999999999993,0.6599999999999966,0.4,evqa-pilot500/blip2-opt-2.7b;evqa-pilot500/minigpt-4-vicuna-7b;evqa-pilot500/paligemma-3b;evqa-pilot500/qwen2.5-vl-3b;evqa-pilot500/smolvlm-1.7b;mmke-entity/blip2-opt-2.7b;mmke-entity/instructblip-vicuna-7b;mmke-entity/paligemma-3b;mmke-entity/qwen2.5-vl-3b;mmke-entity/smolvlm-1.7b;mmke-visual/blip2-opt-2.7b;mmke-visual/instructblip-vicuna-7b;mmke-visual/minigpt-4-vicuna-7b;mmke-visual/qwen2.5-vl-3b;mmke-visual/smolvlm-1.7b
clean,power_a0.5_b0_g0.5,M_abscos_x_newn,1,13,False,21,68.22692307692307,70.034,-1.8070769230769228,68.22692307692307,-1.8070769230769228,3,5,5,3,4,0.0,-20.540000000000006,14.930000000000007,0,evqa-pilot500/blip2-opt-2.7b;evqa-pilot500/minigpt-4-vicuna-7b;evqa-pilot500/paligemma-3b;evqa-pilot500/qwen2.5-vl-3b;evqa-pilot500/smolvlm-1.7b;mmke-entity/blip2-opt-2.7b;mmke-entity/instructblip-vicuna-7b;mmke-entity/minigpt-4-vicuna-7b;mmke-entity/paligemma-3b;mmke-visual/blip2-opt-2.7b;mmke-visual/instructblip-vicuna-7b;mmke-visual/llava-v1.5-7b;mmke-visual/smolvlm-1.7b
clean,power_a0.5_b0_g0.5,M_abscos_x_newn,3,9,False,21,74.09133333333334,75.16622222222222,-1.074888888888892,72.23792592592592,-0.5549629629629647,1,2,6,1,4,-0.21600000000000819,-7.549999999999997,0.8219999999999885,0.2222222222222222,evqa-pilot500/minigpt-4-vicuna-7b;evqa-pilot500/paligemma-3b;evqa-pilot500/qwen2.5-vl-3b;mmke-entity/blip2-opt-2.7b;mmke-entity/minigpt-4-vicuna-7b;mmke-entity/paligemma-3b;mmke-visual/blip2-opt-2.7b;mmke-visual/llava-v1.5-7b;mmke-visual/smolvlm-1.7b
clean,power_a0.5_b0_g0.5,M_new_norm,1,12,False,21,67.53316666666667,69.35133333333333,-1.8181666666666665,67.53316666666667,-1.8181666666666665,5,3,4,4,4,0.0,-20.540000000000006,14.930000000000007,0,evqa-pilot500/blip2-opt-2.7b;evqa-pilot500/minigpt-4-vicuna-7b;evqa-pilot500/paligemma-3b;evqa-pilot500/qwen2.5-vl-3b;evqa-pilot500/smolvlm-1.7b;mmke-entity/blip2-opt-2.7b;mmke-entity/instructblip-vicuna-7b;mmke-entity/minigpt-4-vicuna-7b;mmke-entity/paligemma-3b;mmke-visual/blip2-opt-2.7b;mmke-visual/instructblip-vicuna-7b;mmke-visual/smolvlm-1.7b
clean,power_a0.5_b0_g0.5,M_new_norm,3,8,False,21,73.72675,75.64175,-1.915000000000001,71.66475,-0.9890000000000017,2,2,4,1,4,-0.3400000000000034,-7.549999999999997,0.6599999999999966,0.125,evqa-pilot500/minigpt-4-vicuna-7b;evqa-pilot500/paligemma-3b;evqa-pilot500/qwen2.5-vl-3b;mmke-entity/blip2-opt-2.7b;mmke-entity/minigpt-4-vicuna-7b;mmke-entity/paligemma-3b;mmke-visual/blip2-opt-2.7b;mmke-visual/smolvlm-1.7b
clean,power_a0.5_b0_g1,M_abscos_x_newn,1,16,False,21,68.654625,69.902,-1.2473750000000008,68.654625,-1.2473750000000008,7,3,6,5,6,0.0,-22.24000000000001,14.88000000000001,0.0625,evqa-pilot500/blip2-opt-2.7b;evqa-pilot500/llava-v1.5-7b;evqa-pilot500/minigpt-4-vicuna-7b;evqa-pilot500/paligemma-3b;evqa-pilot500/qwen2.5-vl-3b;mmke-entity/blip2-opt-2.7b;mmke-entity/instructblip-vicuna-7b;mmke-entity/minigpt-4-vicuna-7b;mmke-entity/paligemma-3b;mmke-entity/smolvlm-1.7b;mmke-visual/blip2-opt-2.7b;mmke-visual/instructblip-vicuna-7b;mmke-visual/llava-v1.5-7b;mmke-visual/minigpt-4-vicuna-7b;mmke-visual/qwen2.5-vl-3b;mmke-visual/smolvlm-1.7b
clean,power_a0.5_b0_g1,M_abscos_x_newn,3,11,False,21,70.43436363636363,73.74327272727272,-3.3089090909090952,69.22890909090908,-1.4569090909090952,2,2,7,1,5,-0.26400000000001,-21.60000000000001,16.685999999999993,0,evqa-pilot500/blip2-opt-2.7b;evqa-pilot500/paligemma-3b;evqa-pilot500/qwen2.5-vl-3b;mmke-entity/blip2-opt-2.7b;mmke-entity/instructblip-vicuna-7b;mmke-entity/minigpt-4-vicuna-7b;mmke-entity/paligemma-3b;mmke-visual/blip2-opt-2.7b;mmke-visual/instructblip-vicuna-7b;mmke-visual/minigpt-4-vicuna-7b;mmke-visual/smolvlm-1.7b
clean,power_a0.5_b0_g1,M_new_norm,1,15,False,21,68.10426666666666,69.29573333333333,-1.1914666666666671,68.10426666666666,-1.1914666666666671,8,1,6,5,6,0.01999999999999602,-22.24000000000001,14.88000000000001,0.06666666666666667,evqa-pilot500/blip2-opt-2.7b;evqa-pilot500/llava-v1.5-7b;evqa-pilot500/minigpt-4-vicuna-7b;evqa-pilot500/paligemma-3b;evqa-pilot500/qwen2.5-vl-3b;mmke-entity/blip2-opt-2.7b;mmke-entity/instructblip-vicuna-7b;mmke-entity/minigpt-4-vicuna-7b;mmke-entity/paligemma-3b;mmke-entity/smolvlm-1.7b;mmke-visual/blip2-opt-2.7b;mmke-visual/instructblip-vicuna-7b;mmke-visual/minigpt-4-vicuna-7b;mmke-visual/qwen2.5-vl-3b;mmke-visual/smolvlm-1.7b
clean,power_a0.5_b0_g1,M_new_norm,3,11,False,21,70.43436363636363,73.55181818181818,-3.117454545454548,69.22890909090908,-1.256060606060609,4,1,6,2,5,-0.26400000000001,-21.60000000000001,16.685999999999993,0,evqa-pilot500/blip2-opt-2.7b;evqa-pilot500/paligemma-3b;evqa-pilot500/qwen2.5-vl-3b;mmke-entity/blip2-opt-2.7b;mmke-entity/instructblip-vicuna-7b;mmke-entity/minigpt-4-vicuna-7b;mmke-entity/paligemma-3b;mmke-visual/blip2-opt-2.7b;mmke-visual/instructblip-vicuna-7b;mmke-visual/minigpt-4-vicuna-7b;mmke-visual/smolvlm-1.7b
clean,power_a0.5_b0_g2,M_abscos_x_newn,1,15,False,21,69.56400000000001,71.02773333333333,-1.4637333333333322,69.56400000000001,-1.4637333333333322,4,2,9,3,8,-0.6899999999999977,-22.24000000000001,17.439999999999998,0.13333333333333333,evqa-pilot500/blip2-opt-2.7b;evqa-pilot500/paligemma-3b;evqa-pilot500/qwen2.5-vl-3b;evqa-pilot500/smolvlm-1.7b;mmke-entity/blip2-opt-2.7b;mmke-entity/instructblip-vicuna-7b;mmke-entity/minigpt-4-vicuna-7b;mmke-entity/paligemma-3b;mmke-entity/qwen2.5-vl-3b;mmke-entity/smolvlm-1.7b;mmke-visual/blip2-opt-2.7b;mmke-visual/instructblip-vicuna-7b;mmke-visual/minigpt-4-vicuna-7b;mmke-visual/qwen2.5-vl-3b;mmke-visual/smolvlm-1.7b
clean,power_a0.5_b0_g2,M_abscos_x_newn,3,13,False,21,69.28307692307692,71.78507692307693,-2.502000000000002,68.23528205128206,-1.056717948717953,4,1,8,2,8,-0.980000000000004,-21.60000000000001,17.093999999999994,0.15384615384615385,evqa-pilot500/blip2-opt-2.7b;evqa-pilot500/qwen2.5-vl-3b;evqa-pilot500/smolvlm-1.7b;mmke-entity/blip2-opt-2.7b;mmke-entity/instructblip-vicuna-7b;mmke-entity/paligemma-3b;mmke-entity/qwen2.5-vl-3b;mmke-entity/smolvlm-1.7b;mmke-visual/blip2-opt-2.7b;mmke-visual/instructblip-vicuna-7b;mmke-visual/minigpt-4-vicuna-7b;mmke-visual/qwen2.5-vl-3b;mmke-visual/smolvlm-1.7b
clean,power_a0.5_b0_g2,M_new_norm,1,15,False,21,69.56400000000001,70.8872,-1.323199999999999,69.56400000000001,-1.323199999999999,6,0,9,4,8,-0.6899999999999977,-22.24000000000001,17.439999999999998,0.13333333333333333,evqa-pilot500/blip2-opt-2.7b;evqa-pilot500/paligemma-3b;evqa-pilot500/qwen2.5-vl-3b;evqa-pilot500/smolvlm-1.7b;mmke-entity/blip2-opt-2.7b;mmke-entity/instructblip-vicuna-7b;mmke-entity/minigpt-4-vicuna-7b;mmke-entity/paligemma-3b;mmke-entity/qwen2.5-vl-3b;mmke-entity/smolvlm-1.7b;mmke-visual/blip2-opt-2.7b;mmke-visual/instructblip-vicuna-7b;mmke-visual/minigpt-4-vicuna-7b;mmke-visual/qwen2.5-vl-3b;mmke-visual/smolvlm-1.7b
clean,power_a0.5_b0_g2,M_new_norm,3,13,False,21,69.28307692307692,71.66076923076923,-2.377692307692309,68.23528205128206,-0.9210256410256445,5,0,8,3,8,-0.980000000000004,-21.60000000000001,17.093999999999994,0.15384615384615385,evqa-pilot500/blip2-opt-2.7b;evqa-pilot500/qwen2.5-vl-3b;evqa-pilot500/smolvlm-1.7b;mmke-entity/blip2-opt-2.7b;mmke-entity/instructblip-vicuna-7b;mmke-entity/paligemma-3b;mmke-entity/qwen2.5-vl-3b;mmke-entity/smolvlm-1.7b;mmke-visual/blip2-opt-2.7b;mmke-visual/instructblip-vicuna-7b;mmke-visual/minigpt-4-vicuna-7b;mmke-visual/qwen2.5-vl-3b;mmke-visual/smolvlm-1.7b
clean,power_a0.5_b0.5_g-1,M_abscos_x_newn,1,17,False,21,67.07105882352941,67.41835294117647,-0.3472941176470594,67.07105882352941,-0.3472941176470594,1,10,6,1,5,0.0,-2.216000000000001,1.0100000000000051,0.17647058823529413,evqa-pilot500/blip2-opt-2.7b;evqa-pilot500/instructblip-vicuna-7b;evqa-pilot500/llava-v1.5-7b;evqa-pilot500/minigpt-4-vicuna-7b;evqa-pilot500/qwen2.5-vl-3b;evqa-pilot500/smolvlm-1.7b;mmke-entity/blip2-opt-2.7b;mmke-entity/instructblip-vicuna-7b;mmke-entity/minigpt-4-vicuna-7b;mmke-entity/qwen2.5-vl-3b;mmke-entity/smolvlm-1.7b;mmke-visual/blip2-opt-2.7b;mmke-visual/instructblip-vicuna-7b;mmke-visual/llava-v1.5-7b;mmke-visual/minigpt-4-vicuna-7b;mmke-visual/qwen2.5-vl-3b;mmke-visual/smolvlm-1.7b
clean,power_a0.5_b0.5_g-1,M_abscos_x_newn,3,16,False,21,69.58525,69.29412500000001,0.29112499999999875,67.06683333333334,0.07354166666666595,2,11,3,2,2,0.0,-0.8500000000000014,6.1640000000000015,0.375,evqa-pilot500/blip2-opt-2.7b;evqa-pilot500/instructblip-vicuna-7b;evqa-pilot500/minigpt-4-vicuna-7b;evqa-pilot500/qwen2.5-vl-3b;evqa-pilot500/smolvlm-1.7b;mmke-entity/blip2-opt-2.7b;mmke-entity/instructblip-vicuna-7b;mmke-entity/minigpt-4-vicuna-7b;mmke-entity/qwen2.5-vl-3b;mmke-entity/smolvlm-1.7b;mmke-visual/blip2-opt-2.7b;mmke-visual/instructblip-vicuna-7b;mmke-visual/llava-v1.5-7b;mmke-visual/minigpt-4-vicuna-7b;mmke-visual/qwen2.5-vl-3b;mmke-visual/smolvlm-1.7b
clean,power_a0.5_b0.5_g-1,M_new_norm,1,16,False,21,66.565625,66.69475,-0.1291250000000006,66.565625,-0.1291250000000006,1,13,2,1,2,0.0,-2.216000000000001,1.0100000000000051,0.1875,evqa-pilot500/blip2-opt-2.7b;evqa-pilot500/instructblip-vicuna-7b;evqa-pilot500/llava-v1.5-7b;evqa-pilot500/minigpt-4-vicuna-7b;evqa-pilot500/qwen2.5-vl-3b;evqa-pilot500/smolvlm-1.7b;mmke-entity/blip2-opt-2.7b;mmke-entity/instructblip-vicuna-7b;mmke-entity/minigpt-4-vicuna-7b;mmke-entity/qwen2.5-vl-3b;mmke-entity/smolvlm-1.7b;mmke-visual/blip2-opt-2.7b;mmke-visual/instructblip-vicuna-7b;mmke-visual/minigpt-4-vicuna-7b;mmke-visual/qwen2.5-vl-3b;mmke-visual/smolvlm-1.7b
clean,power_a0.5_b0.5_g-1,M_new_norm,3,14,False,21,70.15057142857142,70.15057142857142,0.0,67.4987619047619,-0.016904761904761756,0,14,0,0,0,0.0,0.0,0.0,0.35714285714285715,evqa-pilot500/blip2-opt-2.7b;evqa-pilot500/minigpt-4-vicuna-7b;evqa-pilot500/qwen2.5-vl-3b;evqa-pilot500/smolvlm-1.7b;mmke-entity/blip2-opt-2.7b;mmke-entity/instructblip-vicuna-7b;mmke-entity/minigpt-4-vicuna-7b;mmke-entity/qwen2.5-vl-3b;mmke-entity/smolvlm-1.7b;mmke-visual/blip2-opt-2.7b;mmke-visual/instructblip-vicuna-7b;mmke-visual/minigpt-4-vicuna-7b;mmke-visual/qwen2.5-vl-3b;mmke-visual/smolvlm-1.7b
clean,power_a0.5_b0.5_g0,M_abscos_x_newn,1,19,False,21,69.59747368421053,69.21536842105263,0.3821052631578954,69.59747368421053,0.3821052631578954,1,15,3,1,3,0.0,-0.8500000000000014,9.474000000000004,0.21052631578947367,evqa-pilot500/blip2-opt-2.7b;evqa-pilot500/instructblip-vicuna-7b;evqa-pilot500/llava-v1.5-7b;evqa-pilot500/minigpt-4-vicuna-7b;evqa-pilot500/paligemma-3b;evqa-pilot500/qwen2.5-vl-3b;evqa-pilot500/smolvlm-1.7b;mmke-entity/blip2-opt-2.7b;mmke-entity/instructblip-vicuna-7b;mmke-entity/minigpt-4-vicuna-7b;mmke-entity/paligemma-3b;mmke-entity/qwen2.5-vl-3b;mmke-entity/smolvlm-1.7b;mmke-visual/blip2-opt-2.7b;mmke-visual/instructblip-vicuna-7b;mmke-visual/llava-v1.5-7b;mmke-visual/minigpt-4-vicuna-7b;mmke-visual/qwen2.5-vl-3b;mmke-visual/smolvlm-1.7b
clean,power_a0.5_b0.5_g0,M_abscos_x_newn,3,17,False,21,71.66,71.43388235294118,0.22611764705882276,69.06168627450981,0.36305882352941077,1,13,3,1,3,0.0,-0.8500000000000014,6.1640000000000015,0.4117647058823529,evqa-pilot500/blip2-opt-2.7b;evqa-pilot500/instructblip-vicuna-7b;evqa-pilot500/minigpt-4-vicuna-7b;evqa-pilot500/paligemma-3b;evqa-pilot500/qwen2.5-vl-3b;evqa-pilot500/smolvlm-1.7b;mmke-entity/blip2-opt-2.7b;mmke-entity/instructblip-vicuna-7b;mmke-entity/minigpt-4-vicuna-7b;mmke-entity/paligemma-3b;mmke-entity/qwen2.5-vl-3b;mmke-entity/smolvlm-1.7b;mmke-visual/blip2-opt-2.7b;mmke-visual/instructblip-vicuna-7b;mmke-visual/minigpt-4-vicuna-7b;mmke-visual/qwen2.5-vl-3b;mmke-visual/smolvlm-1.7b
clean,power_a0.5_b0.5_g0,M_new_norm,1,19,False,21,70.85368421052631,70.26957894736842,0.5841052631578955,70.85368421052631,0.5841052631578955,1,17,1,1,0,0.0,-0.10599999999999454,11.204000000000008,0.21052631578947367,evqa-pilot500/blip2-opt-2.7b;evqa-pilot500/instructblip-vicuna-7b;evqa-pilot500/llava-v1.5-7b;evqa-pilot500/minigpt-4-vicuna-7b;evqa-pilot500/paligemma-3b;evqa-pilot500/qwen2.5-vl-3b;evqa-pilot500/smolvlm-1.7b;mmke-entity/blip2-opt-2.7b;mmke-entity/instructblip-vicuna-7b;mmke-entity/minigpt-4-vicuna-7b;mmke-entity/paligemma-3b;mmke-entity/qwen2.5-vl-3b;mmke-entity/smolvlm-1.7b;mmke-visual/blip2-opt-2.7b;mmke-visual/instructblip-vicuna-7b;mmke-visual/minigpt-4-vicuna-7b;mmke-visual/paligemma-3b;mmke-visual/qwen2.5-vl-3b;mmke-visual/smolvlm-1.7b
clean,power_a0.5_b0.5_g0,M_new_norm,3,16,False,21,72.734375,72.74775,-0.013374999999999915,70.12887500000001,0.3248333333333333,0,15,1,0,0,0.0,-0.21399999999999864,0.0,0.375,evqa-pilot500/blip2-opt-2.7b;evqa-pilot500/minigpt-4-vicuna-7b;evqa-pilot500/paligemma-3b;evqa-pilot500/qwen2.5-vl-3b;evqa-pilot500/smolvlm-1.7b;mmke-entity/blip2-opt-2.7b;mmke-entity/instructblip-vicuna-7b;mmke-entity/minigpt-4-vicuna-7b;mmke-entity/paligemma-3b;mmke-entity/qwen2.5-vl-3b;mmke-entity/smolvlm-1.7b;mmke-visual/blip2-opt-2.7b;mmke-visual/instructblip-vicuna-7b;mmke-visual/minigpt-4-vicuna-7b;mmke-visual/qwen2.5-vl-3b;mmke-visual/smolvlm-1.7b
clean,power_a0.5_b0.5_g0.5,M_abscos_x_newn,1,14,False,21,69.633,69.82728571428571,-0.1942857142857137,69.633,-0.1942857142857137,4,6,4,3,3,0.0,-5.560000000000002,4.300000000000004,0,evqa-pilot500/blip2-opt-2.7b;evqa-pilot500/llava-v1.5-7b;evqa-pilot500/minigpt-4-vicuna-7b;evqa-pilot500/paligemma-3b;evqa-pilot500/qwen2.5-vl-3b;evqa-pilot500/smolvlm-1.7b;mmke-entity/blip2-opt-2.7b;mmke-entity/minigpt-4-vicuna-7b;mmke-entity/paligemma-3b;mmke-entity/smolvlm-1.7b;mmke-visual/blip2-opt-2.7b;mmke-visual/llava-v1.5-7b;mmke-visual/minigpt-4-vicuna-7b;mmke-visual/qwen2.5-vl-3b
clean,power_a0.5_b0.5_g0.5,M_abscos_x_newn,3,10,False,21,72.168,72.8636,-0.6956000000000003,69.6898,-0.270000000000001,2,4,4,1,2,0.0,-7.549999999999997,3.9540000000000006,0.1,evqa-pilot500/blip2-opt-2.7b;evqa-pilot500/minigpt-4-vicuna-7b;evqa-pilot500/paligemma-3b;evqa-pilot500/qwen2.5-vl-3b;evqa-pilot500/smolvlm-1.7b;mmke-entity/blip2-opt-2.7b;mmke-entity/paligemma-3b;mmke-visual/blip2-opt-2.7b;mmke-visual/minigpt-4-vicuna-7b;mmke-visual/qwen2.5-vl-3b
clean,power_a0.5_b0.5_g0.5,M_new_norm,1,13,False,21,69.10076923076923,69.122,-0.021230769230768942,69.10076923076923,-0.021230769230768942,6,4,3,4,2,0.0,-5.560000000000002,4.300000000000004,0,evqa-pilot500/blip2-opt-2.7b;evqa-pilot500/llava-v1.5-7b;evqa-pilot500/minigpt-4-vicuna-7b;evqa-pilot500/paligemma-3b;evqa-pilot500/qwen2.5-vl-3b;evqa-pilot500/smolvlm-1.7b;mmke-entity/blip2-opt-2.7b;mmke-entity/minigpt-4-vicuna-7b;mmke-entity/paligemma-3b;mmke-entity/smolvlm-1.7b;mmke-visual/blip2-opt-2.7b;mmke-visual/minigpt-4-vicuna-7b;mmke-visual/qwen2.5-vl-3b
clean,power_a0.5_b0.5_g0.5,M_new_norm,3,10,False,21,72.168,73.3184,-1.1503999999999999,69.6898,-0.41199999999999976,4,2,4,3,3,0.0,-7.549999999999997,3.9540000000000006,0.1,evqa-pilot500/blip2-opt-2.7b;evqa-pilot500/minigpt-4-vicuna-7b;evqa-pilot500/paligemma-3b;evqa-pilot500/qwen2.5-vl-3b;evqa-pilot500/smolvlm-1.7b;mmke-entity/blip2-opt-2.7b;mmke-entity/paligemma-3b;mmke-visual/blip2-opt-2.7b;mmke-visual/minigpt-4-vicuna-7b;mmke-visual/qwen2.5-vl-3b
clean,power_a0.5_b0.5_g1,M_abscos_x_newn,1,13,False,21,69.07846153846154,70.07246153846154,-0.9940000000000003,69.07846153846154,-0.9940000000000003,5,3,5,4,4,0.0,-20.540000000000006,14.88000000000001,0.07692307692307693,evqa-pilot500/blip2-opt-2.7b;evqa-pilot500/minigpt-4-vicuna-7b;evqa-pilot500/paligemma-3b;evqa-pilot500/qwen2.5-vl-3b;mmke-entity/blip2-opt-2.7b;mmke-entity/instructblip-vicuna-7b;mmke-entity/minigpt-4-vicuna-7b;mmke-entity/paligemma-3b;mmke-entity/smolvlm-1.7b;mmke-visual/blip2-opt-2.7b;mmke-visual/instructblip-vicuna-7b;mmke-visual/llava-v1.5-7b;mmke-visual/smolvlm-1.7b
clean,power_a0.5_b0.5_g1,M_abscos_x_newn,3,10,False,21,69.0634,74.0926,-5.029200000000004,67.44886666666667,-3.1602666666666686,1,1,8,1,5,-0.5470000000000041,-20.730000000000004,0.8219999999999885,0.1,evqa-pilot500/minigpt-4-vicuna-7b;evqa-pilot500/paligemma-3b;evqa-pilot500/qwen2.5-vl-3b;mmke-entity/blip2-opt-2.7b;mmke-entity/instructblip-vicuna-7b;mmke-entity/paligemma-3b;mmke-visual/blip2-opt-2.7b;mmke-visual/instructblip-vicuna-7b;mmke-visual/llava-v1.5-7b;mmke-visual/smolvlm-1.7b
clean,power_a0.5_b0.5_g1,M_new_norm,1,12,False,21,68.41766666666666,69.393,-0.9753333333333328,68.41766666666666,-0.9753333333333328,6,2,4,5,3,0.00999999999999801,-20.540000000000006,14.88000000000001,0,evqa-pilot500/blip2-opt-2.7b;evqa-pilot500/minigpt-4-vicuna-7b;evqa-pilot500/paligemma-3b;evqa-pilot500/qwen2.5-vl-3b;mmke-entity/blip2-opt-2.7b;mmke-entity/instructblip-vicuna-7b;mmke-entity/minigpt-4-vicuna-7b;mmke-entity/paligemma-3b;mmke-entity/smolvlm-1.7b;mmke-visual/blip2-opt-2.7b;mmke-visual/instructblip-vicuna-7b;mmke-visual/smolvlm-1.7b
clean,power_a0.5_b0.5_g1,M_new_norm,3,9,False,21,68.18066666666667,74.45044444444444,-6.26977777777778,66.40725925925926,-3.8850370370370393,1,1,7,1,5,-0.8299999999999983,-20.730000000000004,0.6599999999999966,0,evqa-pilot500/minigpt-4-vicuna-7b;evqa-pilot500/paligemma-3b;evqa-pilot500/qwen2.5-vl-3b;mmke-entity/blip2-opt-2.7b;mmke-entity/instructblip-vicuna-7b;mmke-entity/paligemma-3b;mmke-visual/blip2-opt-2.7b;mmke-visual/instructblip-vicuna-7b;mmke-visual/smolvlm-1.7b
clean,power_a0.5_b0.5_g2,M_abscos_x_newn,1,17,False,21,67.37541176470589,69.37917647058823,-2.0037647058823533,67.37541176470589,-2.0037647058823533,3,3,11,3,10,-0.7399999999999949,-22.24000000000001,15.64,0,evqa-pilot500/blip2-opt-2.7b;evqa-pilot500/instructblip-vicuna-7b;evqa-pilot500/minigpt-4-vicuna-7b;evqa-pilot500/paligemma-3b;evqa-pilot500/qwen2.5-vl-3b;evqa-pilot500/smolvlm-1.7b;mmke-entity/blip2-opt-2.7b;mmke-entity/instructblip-vicuna-7b;mmke-entity/minigpt-4-vicuna-7b;mmke-entity/paligemma-3b;mmke-entity/qwen2.5-vl-3b;mmke-entity/smolvlm-1.7b;mmke-visual/blip2-opt-2.7b;mmke-visual/instructblip-vicuna-7b;mmke-visual/minigpt-4-vicuna-7b;mmke-visual/qwen2.5-vl-3b;mmke-visual/smolvlm-1.7b
clean,power_a0.5_b0.5_g2,M_abscos_x_newn,3,13,False,21,72.0923076923077,73.27353846153846,-1.1812307692307704,70.9185641025641,0.16415384615384346,4,1,8,3,6,-0.19000000000000483,-21.60000000000001,17.093999999999994,0.15384615384615385,evqa-pilot500/blip2-opt-2.7b;evqa-pilot500/paligemma-3b;evqa-pilot500/qwen2.5-vl-3b;evqa-pilot500/smolvlm-1.7b;mmke-entity/blip2-opt-2.7b;mmke-entity/instructblip-vicuna-7b;mmke-entity/minigpt-4-vicuna-7b;mmke-entity/paligemma-3b;mmke-entity/qwen2.5-vl-3b;mmke-visual/blip2-opt-2.7b;mmke-visual/minigpt-4-vicuna-7b;mmke-visual/qwen2.5-vl-3b;mmke-visual/smolvlm-1.7b
clean,power_a0.5_b0.5_g2,M_new_norm,1,17,False,21,67.37541176470589,69.15341176470588,-1.7780000000000005,67.37541176470589,-1.7780000000000005,5,1,11,4,10,-0.7399999999999949,-22.24000000000001,15.64,0,evqa-pilot500/blip2-opt-2.7b;evqa-pilot500/instructblip-vicuna-7b;evqa-pilot500/minigpt-4-vicuna-7b;evqa-pilot500/paligemma-3b;evqa-pilot500/qwen2.5-vl-3b;evqa-pilot500/smolvlm-1.7b;mmke-entity/blip2-opt-2.7b;mmke-entity/instructblip-vicuna-7b;mmke-entity/minigpt-4-vicuna-7b;mmke-entity/paligemma-3b;mmke-entity/qwen2.5-vl-3b;mmke-entity/smolvlm-1.7b;mmke-visual/blip2-opt-2.7b;mmke-visual/instructblip-vicuna-7b;mmke-visual/minigpt-4-vicuna-7b;mmke-visual/qwen2.5-vl-3b;mmke-visual/smolvlm-1.7b
clean,power_a0.5_b0.5_g2,M_new_norm,3,13,False,21,72.0923076923077,73.11153846153846,-1.0192307692307692,70.9185641025641,0.3341025641025625,6,0,7,4,6,-0.1599999999999966,-21.60000000000001,17.093999999999994,0.15384615384615385,evqa-pilot500/blip2-opt-2.7b;evqa-pilot500/paligemma-3b;evqa-pilot500/qwen2.5-vl-3b;evqa-pilot500/smolvlm-1.7b;mmke-entity/blip2-opt-2.7b;mmke-entity/instructblip-vicuna-7b;mmke-entity/minigpt-4-vicuna-7b;mmke-entity/paligemma-3b;mmke-entity/qwen2.5-vl-3b;mmke-visual/blip2-opt-2.7b;mmke-visual/minigpt-4-vicuna-7b;mmke-visual/qwen2.5-vl-3b;mmke-visual/smolvlm-1.7b
clean,power_a0.5_b1_g-1,M_abscos_x_newn,1,17,False,21,67.07105882352941,67.41835294117647,-0.3472941176470594,67.07105882352941,-0.3472941176470594,1,10,6,1,5,0.0,-2.216000000000001,1.0100000000000051,0.17647058823529413,evqa-pilot500/blip2-opt-2.7b;evqa-pilot500/instructblip-vicuna-7b;evqa-pilot500/llava-v1.5-7b;evqa-pilot500/minigpt-4-vicuna-7b;evqa-pilot500/qwen2.5-vl-3b;evqa-pilot500/smolvlm-1.7b;mmke-entity/blip2-opt-2.7b;mmke-entity/instructblip-vicuna-7b;mmke-entity/minigpt-4-vicuna-7b;mmke-entity/qwen2.5-vl-3b;mmke-entity/smolvlm-1.7b;mmke-visual/blip2-opt-2.7b;mmke-visual/instructblip-vicuna-7b;mmke-visual/llava-v1.5-7b;mmke-visual/minigpt-4-vicuna-7b;mmke-visual/qwen2.5-vl-3b;mmke-visual/smolvlm-1.7b
clean,power_a0.5_b1_g-1,M_abscos_x_newn,3,16,False,21,69.58525,69.29412500000001,0.29112499999999875,67.06683333333334,0.07354166666666595,2,11,3,2,2,0.0,-0.8500000000000014,6.1640000000000015,0.375,evqa-pilot500/blip2-opt-2.7b;evqa-pilot500/instructblip-vicuna-7b;evqa-pilot500/minigpt-4-vicuna-7b;evqa-pilot500/qwen2.5-vl-3b;evqa-pilot500/smolvlm-1.7b;mmke-entity/blip2-opt-2.7b;mmke-entity/instructblip-vicuna-7b;mmke-entity/minigpt-4-vicuna-7b;mmke-entity/qwen2.5-vl-3b;mmke-entity/smolvlm-1.7b;mmke-visual/blip2-opt-2.7b;mmke-visual/instructblip-vicuna-7b;mmke-visual/llava-v1.5-7b;mmke-visual/minigpt-4-vicuna-7b;mmke-visual/qwen2.5-vl-3b;mmke-visual/smolvlm-1.7b
clean,power_a0.5_b1_g-1,M_new_norm,1,16,False,21,66.565625,66.69475,-0.1291250000000006,66.565625,-0.1291250000000006,1,13,2,1,2,0.0,-2.216000000000001,1.0100000000000051,0.1875,evqa-pilot500/blip2-opt-2.7b;evqa-pilot500/instructblip-vicuna-7b;evqa-pilot500/llava-v1.5-7b;evqa-pilot500/minigpt-4-vicuna-7b;evqa-pilot500/qwen2.5-vl-3b;evqa-pilot500/smolvlm-1.7b;mmke-entity/blip2-opt-2.7b;mmke-entity/instructblip-vicuna-7b;mmke-entity/minigpt-4-vicuna-7b;mmke-entity/qwen2.5-vl-3b;mmke-entity/smolvlm-1.7b;mmke-visual/blip2-opt-2.7b;mmke-visual/instructblip-vicuna-7b;mmke-visual/minigpt-4-vicuna-7b;mmke-visual/qwen2.5-vl-3b;mmke-visual/smolvlm-1.7b
clean,power_a0.5_b1_g-1,M_new_norm,3,14,False,21,70.15057142857142,70.15057142857142,0.0,67.4987619047619,-0.016904761904761756,0,14,0,0,0,0.0,0.0,0.0,0.35714285714285715,evqa-pilot500/blip2-opt-2.7b;evqa-pilot500/minigpt-4-vicuna-7b;evqa-pilot500/qwen2.5-vl-3b;evqa-pilot500/smolvlm-1.7b;mmke-entity/blip2-opt-2.7b;mmke-entity/instructblip-vicuna-7b;mmke-entity/minigpt-4-vicuna-7b;mmke-entity/qwen2.5-vl-3b;mmke-entity/smolvlm-1.7b;mmke-visual/blip2-opt-2.7b;mmke-visual/instructblip-vicuna-7b;mmke-visual/minigpt-4-vicuna-7b;mmke-visual/qwen2.5-vl-3b;mmke-visual/smolvlm-1.7b
clean,power_a0.5_b1_g0,M_abscos_x_newn,1,19,False,21,69.712,69.21536842105263,0.4966315789473684,69.712,0.4966315789473684,1,15,3,1,2,0.0,-0.8500000000000014,11.543999999999997,0.21052631578947367,evqa-pilot500/blip2-opt-2.7b;evqa-pilot500/instructblip-vicuna-7b;evqa-pilot500/llava-v1.5-7b;evqa-pilot500/minigpt-4-vicuna-7b;evqa-pilot500/paligemma-3b;evqa-pilot500/qwen2.5-vl-3b;evqa-pilot500/smolvlm-1.7b;mmke-entity/blip2-opt-2.7b;mmke-entity/instructblip-vicuna-7b;mmke-entity/minigpt-4-vicuna-7b;mmke-entity/paligemma-3b;mmke-entity/qwen2.5-vl-3b;mmke-entity/smolvlm-1.7b;mmke-visual/blip2-opt-2.7b;mmke-visual/instructblip-vicuna-7b;mmke-visual/llava-v1.5-7b;mmke-visual/minigpt-4-vicuna-7b;mmke-visual/qwen2.5-vl-3b;mmke-visual/smolvlm-1.7b
clean,power_a0.5_b1_g0,M_abscos_x_newn,3,17,False,21,71.67258823529411,71.43388235294118,0.23870588235294032,68.75596078431373,0.05733333333333235,1,13,3,1,2,0.0,-0.8500000000000014,6.1640000000000015,0.4117647058823529,evqa-pilot500/blip2-opt-2.7b;evqa-pilot500/instructblip-vicuna-7b;evqa-pilot500/minigpt-4-vicuna-7b;evqa-pilot500/paligemma-3b;evqa-pilot500/qwen2.5-vl-3b;evqa-pilot500/smolvlm-1.7b;mmke-entity/blip2-opt-2.7b;mmke-entity/instructblip-vicuna-7b;mmke-entity/minigpt-4-vicuna-7b;mmke-entity/paligemma-3b;mmke-entity/qwen2.5-vl-3b;mmke-entity/smolvlm-1.7b;mmke-visual/blip2-opt-2.7b;mmke-visual/instructblip-vicuna-7b;mmke-visual/minigpt-4-vicuna-7b;mmke-visual/qwen2.5-vl-3b;mmke-visual/smolvlm-1.7b
clean,power_a0.5_b1_g0,M_new_norm,1,19,False,21,70.96821052631579,70.26957894736842,0.6986315789473685,70.96821052631579,0.6986315789473685,1,18,0,1,0,0.0,0.0,13.274000000000001,0.21052631578947367,evqa-pilot500/blip2-opt-2.7b;evqa-pilot500/instructblip-vicuna-7b;evqa-pilot500/llava-v1.5-7b;evqa-pilot500/minigpt-4-vicuna-7b;evqa-pilot500/paligemma-3b;evqa-pilot500/qwen2.5-vl-3b;evqa-pilot500/smolvlm-1.7b;mmke-entity/blip2-opt-2.7b;mmke-entity/instructblip-vicuna-7b;mmke-entity/minigpt-4-vicuna-7b;mmke-entity/paligemma-3b;mmke-entity/qwen2.5-vl-3b;mmke-entity/smolvlm-1.7b;mmke-visual/blip2-opt-2.7b;mmke-visual/instructblip-vicuna-7b;mmke-visual/minigpt-4-vicuna-7b;mmke-visual/paligemma-3b;mmke-visual/qwen2.5-vl-3b;mmke-visual/smolvlm-1.7b
clean,power_a0.5_b1_g0,M_new_norm,3,16,False,21,72.74775,72.74775,0.0,69.80404166666666,0.0,0,16,0,0,0,0.0,0.0,0.0,0.375,evqa-pilot500/blip2-opt-2.7b;evqa-pilot500/minigpt-4-vicuna-7b;evqa-pilot500/paligemma-3b;evqa-pilot500/qwen2.5-vl-3b;evqa-pilot500/smolvlm-1.7b;mmke-entity/blip2-opt-2.7b;mmke-entity/instructblip-vicuna-7b;mmke-entity/minigpt-4-vicuna-7b;mmke-entity/paligemma-3b;mmke-entity/qwen2.5-vl-3b;mmke-entity/smolvlm-1.7b;mmke-visual/blip2-opt-2.7b;mmke-visual/instructblip-vicuna-7b;mmke-visual/minigpt-4-vicuna-7b;mmke-visual/qwen2.5-vl-3b;mmke-visual/smolvlm-1.7b
clean,power_a0.5_b1_g0.5,M_abscos_x_newn,1,14,False,21,68.83957142857143,69.50842857142857,-0.6688571428571422,68.83957142857143,-0.6688571428571422,4,6,4,3,4,0.0,-11.199999999999996,4.300000000000004,0,evqa-pilot500/blip2-opt-2.7b;evqa-pilot500/llava-v1.5-7b;evqa-pilot500/minigpt-4-vicuna-7b;evqa-pilot500/paligemma-3b;evqa-pilot500/qwen2.5-vl-3b;evqa-pilot500/smolvlm-1.7b;mmke-entity/blip2-opt-2.7b;mmke-entity/paligemma-3b;mmke-entity/smolvlm-1.7b;mmke-visual/blip2-opt-2.7b;mmke-visual/llava-v1.5-7b;mmke-visual/minigpt-4-vicuna-7b;mmke-visual/qwen2.5-vl-3b;mmke-visual/smolvlm-1.7b
clean,power_a0.5_b1_g0.5,M_abscos_x_newn,3,11,False,21,72.46127272727273,72.70509090909091,-0.2438181818181807,70.30242424242424,0.25896969696969696,3,5,3,2,2,0.0,-7.549999999999997,4.094000000000008,0.09090909090909091,evqa-pilot500/blip2-opt-2.7b;evqa-pilot500/minigpt-4-vicuna-7b;evqa-pilot500/paligemma-3b;evqa-pilot500/qwen2.5-vl-3b;evqa-pilot500/smolvlm-1.7b;mmke-entity/blip2-opt-2.7b;mmke-entity/paligemma-3b;mmke-entity/smolvlm-1.7b;mmke-visual/blip2-opt-2.7b;mmke-visual/minigpt-4-vicuna-7b;mmke-visual/qwen2.5-vl-3b
clean,power_a0.5_b1_g0.5,M_new_norm,1,13,False,21,68.2463076923077,68.81615384615384,-0.5698461538461534,68.2463076923077,-0.5698461538461534,5,4,4,4,3,0.0,-11.199999999999996,4.300000000000004,0,evqa-pilot500/blip2-opt-2.7b;evqa-pilot500/llava-v1.5-7b;evqa-pilot500/minigpt-4-vicuna-7b;evqa-pilot500/paligemma-3b;evqa-pilot500/qwen2.5-vl-3b;evqa-pilot500/smolvlm-1.7b;mmke-entity/blip2-opt-2.7b;mmke-entity/paligemma-3b;mmke-entity/smolvlm-1.7b;mmke-visual/blip2-opt-2.7b;mmke-visual/minigpt-4-vicuna-7b;mmke-visual/qwen2.5-vl-3b;mmke-visual/smolvlm-1.7b
clean,power_a0.5_b1_g0.5,M_new_norm,3,11,False,21,72.46127272727273,73.11854545454545,-0.6572727272727257,70.30242424242424,0.129878787878789,4,4,3,3,3,0.0,-7.549999999999997,3.9540000000000006,0.09090909090909091,evqa-pilot500/blip2-opt-2.7b;evqa-pilot500/minigpt-4-vicuna-7b;evqa-pilot500/paligemma-3b;evqa-pilot500/qwen2.5-vl-3b;evqa-pilot500/smolvlm-1.7b;mmke-entity/blip2-opt-2.7b;mmke-entity/paligemma-3b;mmke-entity/smolvlm-1.7b;mmke-visual/blip2-opt-2.7b;mmke-visual/minigpt-4-vicuna-7b;mmke-visual/qwen2.5-vl-3b
clean,power_a0.5_b1_g1,M_abscos_x_newn,1,14,False,21,68.32671428571429,70.50171428571429,-2.1750000000000003,68.32671428571429,-2.1750000000000003,2,5,7,2,4,-0.05700000000000216,-20.540000000000006,14.930000000000007,0,evqa-pilot500/blip2-opt-2.7b;evqa-pilot500/minigpt-4-vicuna-7b;evqa-pilot500/paligemma-3b;evqa-pilot500/qwen2.5-vl-3b;evqa-pilot500/smolvlm-1.7b;mmke-entity/blip2-opt-2.7b;mmke-entity/instructblip-vicuna-7b;mmke-entity/minigpt-4-vicuna-7b;mmke-entity/paligemma-3b;mmke-visual/blip2-opt-2.7b;mmke-visual/instructblip-vicuna-7b;mmke-visual/llava-v1.5-7b;mmke-visual/minigpt-4-vicuna-7b;mmke-visual/smolvlm-1.7b
clean,power_a0.5_b1_g1,M_abscos_x_newn,3,8,False,21,74.7605,75.74075,-0.9802500000000043,72.85358333333333,-0.3132500000000009,1,2,5,1,1,-0.18500000000000583,-7.549999999999997,0.8219999999999885,0.125,evqa-pilot500/minigpt-4-vicuna-7b;evqa-pilot500/paligemma-3b;evqa-pilot500/qwen2.5-vl-3b;mmke-entity/blip2-opt-2.7b;mmke-entity/paligemma-3b;mmke-visual/blip2-opt-2.7b;mmke-visual/llava-v1.5-7b;mmke-visual/minigpt-4-vicuna-7b
clean,power_a0.5_b1_g1,M_new_norm,1,13,False,21,67.694,69.84830769230769,-2.1543076923076927,67.694,-2.1543076923076927,5,4,4,4,4,0.0,-20.540000000000006,14.930000000000007,0,evqa-pilot500/blip2-opt-2.7b;evqa-pilot500/minigpt-4-vicuna-7b;evqa-pilot500/paligemma-3b;evqa-pilot500/qwen2.5-vl-3b;evqa-pilot500/smolvlm-1.7b;mmke-entity/blip2-opt-2.7b;mmke-entity/instructblip-vicuna-7b;mmke-entity/minigpt-4-vicuna-7b;mmke-entity/paligemma-3b;mmke-visual/blip2-opt-2.7b;mmke-visual/instructblip-vicuna-7b;mmke-visual/minigpt-4-vicuna-7b;mmke-visual/smolvlm-1.7b
clean,power_a0.5_b1_g1,M_new_norm,3,7,False,21,74.43942857142856,76.32685714285714,-1.887428571428574,72.2864761904762,-0.726857142857143,2,1,4,1,2,-0.18000000000000682,-7.549999999999997,0.6599999999999966,0,evqa-pilot500/minigpt-4-vicuna-7b;evqa-pilot500/paligemma-3b;evqa-pilot500/qwen2.5-vl-3b;mmke-entity/blip2-opt-2.7b;mmke-entity/paligemma-3b;mmke-visual/blip2-opt-2.7b;mmke-visual/minigpt-4-vicuna-7b
clean,power_a0.5_b1_g2,M_abscos_x_newn,1,16,False,21,69.105875,70.222,-1.1161250000000003,69.105875,-1.1161250000000003,4,3,9,4,7,-0.18000000000000327,-20.460000000000008,14.88000000000001,0,evqa-pilot500/blip2-opt-2.7b;evqa-pilot500/minigpt-4-vicuna-7b;evqa-pilot500/paligemma-3b;evqa-pilot500/qwen2.5-vl-3b;evqa-pilot500/smolvlm-1.7b;mmke-entity/blip2-opt-2.7b;mmke-entity/instructblip-vicuna-7b;mmke-entity/minigpt-4-vicuna-7b;mmke-entity/paligemma-3b;mmke-entity/qwen2.5-vl-3b;mmke-entity/smolvlm-1.7b;mmke-visual/blip2-opt-2.7b;mmke-visual/instructblip-vicuna-7b;mmke-visual/llava-v1.5-7b;mmke-visual/qwen2.5-vl-3b;mmke-visual/smolvlm-1.7b
clean,power_a0.5_b1_g2,M_abscos_x_newn,3,11,False,21,70.40236363636363,73.16054545454546,-2.758181818181822,69.03812121212121,-1.0352121212121248,4,0,7,3,4,-0.21600000000000819,-20.56000000000001,16.685999999999993,0.09090909090909091,evqa-pilot500/blip2-opt-2.7b;evqa-pilot500/paligemma-3b;evqa-pilot500/qwen2.5-vl-3b;mmke-entity/blip2-opt-2.7b;mmke-entity/instructblip-vicuna-7b;mmke-entity/minigpt-4-vicuna-7b;mmke-entity/paligemma-3b;mmke-visual/blip2-opt-2.7b;mmke-visual/instructblip-vicuna-7b;mmke-visual/qwen2.5-vl-3b;mmke-visual/smolvlm-1.7b
clean,power_a0.5_b1_g2,M_new_norm,1,15,False,21,68.5856,69.6884,-1.1027999999999996,68.5856,-1.1027999999999996,6,1,8,5,7,-0.1700000000000017,-20.460000000000008,14.88000000000001,0,evqa-pilot500/blip2-opt-2.7b;evqa-pilot500/minigpt-4-vicuna-7b;evqa-pilot500/paligemma-3b;evqa-pilot500/qwen2.5-vl-3b;evqa-pilot500/smolvlm-1.7b;mmke-entity/blip2-opt-2.7b;mmke-entity/instructblip-vicuna-7b;mmke-entity/minigpt-4-vicuna-7b;mmke-entity/paligemma-3b;mmke-entity/qwen2.5-vl-3b;mmke-entity/smolvlm-1.7b;mmke-visual/blip2-opt-2.7b;mmke-visual/instructblip-vicuna-7b;mmke-visual/qwen2.5-vl-3b;mmke-visual/smolvlm-1.7b
clean,power_a0.5_b1_g2,M_new_norm,3,11,False,21,70.40236363636363,73.03872727272727,-2.636363636363639,69.03812121212121,-0.9053333333333365,6,0,5,4,4,0.23000000000000398,-20.56000000000001,16.685999999999993,0.09090909090909091,evqa-pilot500/blip2-opt-2.7b;evqa-pilot500/paligemma-3b;evqa-pilot500/qwen2.5-vl-3b;mmke-entity/blip2-opt-2.7b;mmke-entity/instructblip-vicuna-7b;mmke-entity/minigpt-4-vicuna-7b;mmke-entity/paligemma-3b;mmke-visual/blip2-opt-2.7b;mmke-visual/instructblip-vicuna-7b;mmke-visual/qwen2.5-vl-3b;mmke-visual/smolvlm-1.7b
clean,power_a1_b-1_g-1,M_abscos_x_newn,1,17,False,21,67.07105882352941,67.41835294117647,-0.3472941176470594,67.07105882352941,-0.3472941176470594,1,10,6,1,5,0.0,-2.216000000000001,1.0100000000000051,0.17647058823529413,evqa-pilot500/blip2-opt-2.7b;evqa-pilot500/instructblip-vicuna-7b;evqa-pilot500/llava-v1.5-7b;evqa-pilot500/minigpt-4-vicuna-7b;evqa-pilot500/qwen2.5-vl-3b;evqa-pilot500/smolvlm-1.7b;mmke-entity/blip2-opt-2.7b;mmke-entity/instructblip-vicuna-7b;mmke-entity/minigpt-4-vicuna-7b;mmke-entity/qwen2.5-vl-3b;mmke-entity/smolvlm-1.7b;mmke-visual/blip2-opt-2.7b;mmke-visual/instructblip-vicuna-7b;mmke-visual/llava-v1.5-7b;mmke-visual/minigpt-4-vicuna-7b;mmke-visual/qwen2.5-vl-3b;mmke-visual/smolvlm-1.7b
clean,power_a1_b-1_g-1,M_abscos_x_newn,3,16,False,21,69.58525,69.29412500000001,0.29112499999999875,67.06683333333334,0.07354166666666595,2,11,3,2,2,0.0,-0.8500000000000014,6.1640000000000015,0.375,evqa-pilot500/blip2-opt-2.7b;evqa-pilot500/instructblip-vicuna-7b;evqa-pilot500/minigpt-4-vicuna-7b;evqa-pilot500/qwen2.5-vl-3b;evqa-pilot500/smolvlm-1.7b;mmke-entity/blip2-opt-2.7b;mmke-entity/instructblip-vicuna-7b;mmke-entity/minigpt-4-vicuna-7b;mmke-entity/qwen2.5-vl-3b;mmke-entity/smolvlm-1.7b;mmke-visual/blip2-opt-2.7b;mmke-visual/instructblip-vicuna-7b;mmke-visual/llava-v1.5-7b;mmke-visual/minigpt-4-vicuna-7b;mmke-visual/qwen2.5-vl-3b;mmke-visual/smolvlm-1.7b
clean,power_a1_b-1_g-1,M_new_norm,1,16,False,21,66.565625,66.69475,-0.1291250000000006,66.565625,-0.1291250000000006,1,13,2,1,2,0.0,-2.216000000000001,1.0100000000000051,0.1875,evqa-pilot500/blip2-opt-2.7b;evqa-pilot500/instructblip-vicuna-7b;evqa-pilot500/llava-v1.5-7b;evqa-pilot500/minigpt-4-vicuna-7b;evqa-pilot500/qwen2.5-vl-3b;evqa-pilot500/smolvlm-1.7b;mmke-entity/blip2-opt-2.7b;mmke-entity/instructblip-vicuna-7b;mmke-entity/minigpt-4-vicuna-7b;mmke-entity/qwen2.5-vl-3b;mmke-entity/smolvlm-1.7b;mmke-visual/blip2-opt-2.7b;mmke-visual/instructblip-vicuna-7b;mmke-visual/minigpt-4-vicuna-7b;mmke-visual/qwen2.5-vl-3b;mmke-visual/smolvlm-1.7b
clean,power_a1_b-1_g-1,M_new_norm,3,14,False,21,70.15057142857142,70.15057142857142,0.0,67.4987619047619,-0.016904761904761756,0,14,0,0,0,0.0,0.0,0.0,0.35714285714285715,evqa-pilot500/blip2-opt-2.7b;evqa-pilot500/minigpt-4-vicuna-7b;evqa-pilot500/qwen2.5-vl-3b;evqa-pilot500/smolvlm-1.7b;mmke-entity/blip2-opt-2.7b;mmke-entity/instructblip-vicuna-7b;mmke-entity/minigpt-4-vicuna-7b;mmke-entity/qwen2.5-vl-3b;mmke-entity/smolvlm-1.7b;mmke-visual/blip2-opt-2.7b;mmke-visual/instructblip-vicuna-7b;mmke-visual/minigpt-4-vicuna-7b;mmke-visual/qwen2.5-vl-3b;mmke-visual/smolvlm-1.7b
clean,power_a1_b-1_g0,M_abscos_x_newn,1,14,False,21,63.04971428571429,66.30814285714285,-3.258428571428571,63.04971428571429,-3.258428571428571,3,4,7,1,7,-0.4750000000000014,-22.24000000000001,6.82,0.07142857142857142,evqa-pilot500/blip2-opt-2.7b;evqa-pilot500/instructblip-vicuna-7b;evqa-pilot500/llava-v1.5-7b;evqa-pilot500/minigpt-4-vicuna-7b;evqa-pilot500/qwen2.5-vl-3b;evqa-pilot500/smolvlm-1.7b;mmke-entity/blip2-opt-2.7b;mmke-entity/instructblip-vicuna-7b;mmke-entity/minigpt-4-vicuna-7b;mmke-entity/smolvlm-1.7b;mmke-visual/blip2-opt-2.7b;mmke-visual/instructblip-vicuna-7b;mmke-visual/minigpt-4-vicuna-7b;mmke-visual/smolvlm-1.7b
clean,power_a1_b-1_g0,M_abscos_x_newn,3,7,False,21,64.50285714285714,69.04142857142857,-4.538571428571429,62.661142857142856,-3.154571428571429,0,2,5,0,5,-1.75,-21.660000000000004,0.0,0.14285714285714285,evqa-pilot500/blip2-opt-2.7b;evqa-pilot500/minigpt-4-vicuna-7b;evqa-pilot500/smolvlm-1.7b;mmke-entity/blip2-opt-2.7b;mmke-entity/instructblip-vicuna-7b;mmke-visual/minigpt-4-vicuna-7b;mmke-visual/smolvlm-1.7b
clean,power_a1_b-1_g0,M_new_norm,1,14,False,21,63.04971428571429,66.034,-2.984285714285714,63.04971428571429,-2.984285714285714,4,3,7,3,6,-0.05000000000000071,-22.24000000000001,6.82,0.07142857142857142,evqa-pilot500/blip2-opt-2.7b;evqa-pilot500/instructblip-vicuna-7b;evqa-pilot500/llava-v1.5-7b;evqa-pilot500/minigpt-4-vicuna-7b;evqa-pilot500/qwen2.5-vl-3b;evqa-pilot500/smolvlm-1.7b;mmke-entity/blip2-opt-2.7b;mmke-entity/instructblip-vicuna-7b;mmke-entity/minigpt-4-vicuna-7b;mmke-entity/smolvlm-1.7b;mmke-visual/blip2-opt-2.7b;mmke-visual/instructblip-vicuna-7b;mmke-visual/minigpt-4-vicuna-7b;mmke-visual/smolvlm-1.7b
clean,power_a1_b-1_g0,M_new_norm,3,7,False,21,64.50285714285714,69.81257142857143,-5.309714285714286,62.661142857142856,-3.4979047619047603,0,2,5,0,5,-1.6239999999999952,-21.660000000000004,0.0,0.14285714285714285,evqa-pilot500/blip2-opt-2.7b;evqa-pilot500/minigpt-4-vicuna-7b;evqa-pilot500/smolvlm-1.7b;mmke-entity/blip2-opt-2.7b;mmke-entity/instructblip-vicuna-7b;mmke-visual/minigpt-4-vicuna-7b;mmke-visual/smolvlm-1.7b
clean,power_a1_b-1_g0.5,M_abscos_x_newn,1,13,False,21,63.56738461538462,65.57615384615384,-2.00876923076923,63.56738461538462,-2.00876923076923,4,0,9,3,9,-1.75,-22.24000000000001,17.439999999999998,0.07692307692307693,evqa-pilot500/blip2-opt-2.7b;evqa-pilot500/instructblip-vicuna-7b;evqa-pilot500/llava-v1.5-7b;evqa-pilot500/minigpt-4-vicuna-7b;evqa-pilot500/qwen2.5-vl-3b;evqa-pilot500/smolvlm-1.7b;mmke-entity/blip2-opt-2.7b;mmke-entity/instructblip-vicuna-7b;mmke-entity/smolvlm-1.7b;mmke-visual/blip2-opt-2.7b;mmke-visual/instructblip-vicuna-7b;mmke-visual/minigpt-4-vicuna-7b;mmke-visual/smolvlm-1.7b
clean,power_a1_b-1_g0.5,M_abscos_x_newn,3,9,False,21,64.29666666666667,66.19888888888889,-1.9022222222222243,62.98451851851852,-0.3576296296296293,1,0,8,1,8,-1.1840000000000117,-21.660000000000004,17.093999999999994,0.1111111111111111,evqa-pilot500/blip2-opt-2.7b;evqa-pilot500/instructblip-vicuna-7b;evqa-pilot500/minigpt-4-vicuna-7b;evqa-pilot500/qwen2.5-vl-3b;evqa-pilot500/smolvlm-1.7b;mmke-entity/blip2-opt-2.7b;mmke-entity/instructblip-vicuna-7b;mmke-entity/smolvlm-1.7b;mmke-visual/smolvlm-1.7b
clean,power_a1_b-1_g0.5,M_new_norm,1,13,False,21,63.56738461538462,65.31846153846153,-1.7510769230769223,63.56738461538462,-1.7510769230769223,5,0,8,3,8,-0.9500000000000028,-22.24000000000001,17.439999999999998,0.07692307692307693,evqa-pilot500/blip2-opt-2.7b;evqa-pilot500/instructblip-vicuna-7b;evqa-pilot500/llava-v1.5-7b;evqa-pilot500/minigpt-4-vicuna-7b;evqa-pilot500/qwen2.5-vl-3b;evqa-pilot500/smolvlm-1.7b;mmke-entity/blip2-opt-2.7b;mmke-entity/instructblip-vicuna-7b;mmke-entity/smolvlm-1.7b;mmke-visual/blip2-opt-2.7b;mmke-visual/instructblip-vicuna-7b;mmke-visual/minigpt-4-vicuna-7b;mmke-visual/smolvlm-1.7b
clean,power_a1_b-1_g0.5,M_new_norm,3,8,False,21,65.8,68.32925,-2.529250000000003,64.38233333333334,-0.6543333333333328,1,0,7,1,6,-0.8870000000000076,-21.660000000000004,17.093999999999994,0.125,evqa-pilot500/blip2-opt-2.7b;evqa-pilot500/minigpt-4-vicuna-7b;evqa-pilot500/qwen2.5-vl-3b;evqa-pilot500/smolvlm-1.7b;mmke-entity/blip2-opt-2.7b;mmke-entity/instructblip-vicuna-7b;mmke-entity/smolvlm-1.7b;mmke-visual/smolvlm-1.7b
clean,power_a1_b-1_g1,M_abscos_x_newn,1,12,False,21,64.49883333333334,66.50166666666667,-2.0028333333333332,64.49883333333334,-2.0028333333333332,3,0,9,3,9,-1.7750000000000021,-22.24000000000001,17.439999999999998,0.08333333333333333,evqa-pilot500/blip2-opt-2.7b;evqa-pilot500/llava-v1.5-7b;evqa-pilot500/minigpt-4-vicuna-7b;evqa-pilot500/qwen2.5-vl-3b;evqa-pilot500/smolvlm-1.7b;mmke-entity/blip2-opt-2.7b;mmke-entity/instructblip-vicuna-7b;mmke-entity/smolvlm-1.7b;mmke-visual/blip2-opt-2.7b;mmke-visual/instructblip-vicuna-7b;mmke-visual/minigpt-4-vicuna-7b;mmke-visual/smolvlm-1.7b
clean,power_a1_b-1_g1,M_abscos_x_newn,3,8,False,21,65.63325,67.50875,-1.8755000000000024,64.39858333333333,0.08324999999999871,2,0,6,2,5,-1.4749999999999979,-22.24000000000001,17.093999999999994,0.125,evqa-pilot500/blip2-opt-2.7b;evqa-pilot500/minigpt-4-vicuna-7b;evqa-pilot500/qwen2.5-vl-3b;evqa-pilot500/smolvlm-1.7b;mmke-entity/blip2-opt-2.7b;mmke-entity/instructblip-vicuna-7b;mmke-visual/blip2-opt-2.7b;mmke-visual/smolvlm-1.7b
clean,power_a1_b-1_g1,M_new_norm,1,12,False,21,64.49883333333334,66.2225,-1.7236666666666665,64.49883333333334,-1.7236666666666665,4,0,8,3,8,-1.3500000000000014,-22.24000000000001,17.439999999999998,0.08333333333333333,evqa-pilot500/blip2-opt-2.7b;evqa-pilot500/llava-v1.5-7b;evqa-pilot500/minigpt-4-vicuna-7b;evqa-pilot500/qwen2.5-vl-3b;evqa-pilot500/smolvlm-1.7b;mmke-entity/blip2-opt-2.7b;mmke-entity/instructblip-vicuna-7b;mmke-entity/smolvlm-1.7b;mmke-visual/blip2-opt-2.7b;mmke-visual/instructblip-vicuna-7b;mmke-visual/minigpt-4-vicuna-7b;mmke-visual/smolvlm-1.7b
clean,power_a1_b-1_g1,M_new_norm,3,8,False,21,65.63325,68.173,-2.5397500000000024,64.39858333333333,-0.1918333333333342,2,0,6,2,4,-1.0499999999999972,-22.24000000000001,17.093999999999994,0.125,evqa-pilot500/blip2-opt-2.7b;evqa-pilot500/minigpt-4-vicuna-7b;evqa-pilot500/qwen2.5-vl-3b;evqa-pilot500/smolvlm-1.7b;mmke-entity/blip2-opt-2.7b;mmke-entity/instructblip-vicuna-7b;mmke-visual/blip2-opt-2.7b;mmke-visual/smolvlm-1.7b
clean,power_a1_b-1_g2,M_abscos_x_newn,1,10,False,21,60.4996,66.169,-5.669399999999999,60.4996,-5.669399999999999,1,0,9,1,9,-3.281999999999993,-23.53,9.440000000000005,0,evqa-pilot500/blip2-opt-2.7b;evqa-pilot500/llava-v1.5-7b;evqa-pilot500/minigpt-4-vicuna-7b;evqa-pilot500/qwen2.5-vl-3b;evqa-pilot500/smolvlm-1.7b;mmke-entity/instructblip-vicuna-7b;mmke-visual/blip2-opt-2.7b;mmke-visual/instructblip-vicuna-7b;mmke-visual/minigpt-4-vicuna-7b;mmke-visual/smolvlm-1.7b
clean,power_a1_b-1_g2,M_abscos_x_newn,3,5,False,21,61.2092,67.838,-6.628800000000001,59.4364,-4.9075999999999995,0,0,5,0,5,-1.75,-22.24000000000001,-1.2100000000000009,0,evqa-pilot500/minigpt-4-vicuna-7b;evqa-pilot500/qwen2.5-vl-3b;evqa-pilot500/smolvlm-1.7b;mmke-entity/instructblip-vicuna-7b;mmke-visual/smolvlm-1.7b
clean,power_a1_b-1_g2,M_new_norm,1,10,False,21,60.4996,65.834,-5.334399999999999,60.4996,-5.334399999999999,2,0,8,1,8,-2.896999999999995,-23.53,9.440000000000005,0,evqa-pilot500/blip2-opt-2.7b;evqa-pilot500/llava-v1.5-7b;evqa-pilot500/minigpt-4-vicuna-7b;evqa-pilot500/qwen2.5-vl-3b;evqa-pilot500/smolvlm-1.7b;mmke-entity/instructblip-vicuna-7b;mmke-visual/blip2-opt-2.7b;mmke-visual/instructblip-vicuna-7b;mmke-visual/minigpt-4-vicuna-7b;mmke-visual/smolvlm-1.7b
clean,power_a1_b-1_g2,M_new_norm,3,5,False,21,61.2092,68.9008,-7.691600000000001,59.4364,-5.347733333333332,0,0,5,0,4,-1.75,-22.24000000000001,-0.35999999999999943,0,evqa-pilot500/minigpt-4-vicuna-7b;evqa-pilot500/qwen2.5-vl-3b;evqa-pilot500/smolvlm-1.7b;mmke-entity/instructblip-vicuna-7b;mmke-visual/smolvlm-1.7b
clean,power_a1_b-0.5_g-1,M_abscos_x_newn,1,17,False,21,67.07105882352941,67.41835294117647,-0.3472941176470594,67.07105882352941,-0.3472941176470594,1,10,6,1,5,0.0,-2.216000000000001,1.0100000000000051,0.17647058823529413,evqa-pilot500/blip2-opt-2.7b;evqa-pilot500/instructblip-vicuna-7b;evqa-pilot500/llava-v1.5-7b;evqa-pilot500/minigpt-4-vicuna-7b;evqa-pilot500/qwen2.5-vl-3b;evqa-pilot500/smolvlm-1.7b;mmke-entity/blip2-opt-2.7b;mmke-entity/instructblip-vicuna-7b;mmke-entity/minigpt-4-vicuna-7b;mmke-entity/qwen2.5-vl-3b;mmke-entity/smolvlm-1.7b;mmke-visual/blip2-opt-2.7b;mmke-visual/instructblip-vicuna-7b;mmke-visual/llava-v1.5-7b;mmke-visual/minigpt-4-vicuna-7b;mmke-visual/qwen2.5-vl-3b;mmke-visual/smolvlm-1.7b
clean,power_a1_b-0.5_g-1,M_abscos_x_newn,3,16,False,21,69.58525,69.29412500000001,0.29112499999999875,67.06683333333334,0.07354166666666595,2,11,3,2,2,0.0,-0.8500000000000014,6.1640000000000015,0.375,evqa-pilot500/blip2-opt-2.7b;evqa-pilot500/instructblip-vicuna-7b;evqa-pilot500/minigpt-4-vicuna-7b;evqa-pilot500/qwen2.5-vl-3b;evqa-pilot500/smolvlm-1.7b;mmke-entity/blip2-opt-2.7b;mmke-entity/instructblip-vicuna-7b;mmke-entity/minigpt-4-vicuna-7b;mmke-entity/qwen2.5-vl-3b;mmke-entity/smolvlm-1.7b;mmke-visual/blip2-opt-2.7b;mmke-visual/instructblip-vicuna-7b;mmke-visual/llava-v1.5-7b;mmke-visual/minigpt-4-vicuna-7b;mmke-visual/qwen2.5-vl-3b;mmke-visual/smolvlm-1.7b
clean,power_a1_b-0.5_g-1,M_new_norm,1,16,False,21,66.565625,66.69475,-0.1291250000000006,66.565625,-0.1291250000000006,1,13,2,1,2,0.0,-2.216000000000001,1.0100000000000051,0.1875,evqa-pilot500/blip2-opt-2.7b;evqa-pilot500/instructblip-vicuna-7b;evqa-pilot500/llava-v1.5-7b;evqa-pilot500/minigpt-4-vicuna-7b;evqa-pilot500/qwen2.5-vl-3b;evqa-pilot500/smolvlm-1.7b;mmke-entity/blip2-opt-2.7b;mmke-entity/instructblip-vicuna-7b;mmke-entity/minigpt-4-vicuna-7b;mmke-entity/qwen2.5-vl-3b;mmke-entity/smolvlm-1.7b;mmke-visual/blip2-opt-2.7b;mmke-visual/instructblip-vicuna-7b;mmke-visual/minigpt-4-vicuna-7b;mmke-visual/qwen2.5-vl-3b;mmke-visual/smolvlm-1.7b
clean,power_a1_b-0.5_g-1,M_new_norm,3,14,False,21,70.15057142857142,70.15057142857142,0.0,67.4987619047619,-0.016904761904761756,0,14,0,0,0,0.0,0.0,0.0,0.35714285714285715,evqa-pilot500/blip2-opt-2.7b;evqa-pilot500/minigpt-4-vicuna-7b;evqa-pilot500/qwen2.5-vl-3b;evqa-pilot500/smolvlm-1.7b;mmke-entity/blip2-opt-2.7b;mmke-entity/instructblip-vicuna-7b;mmke-entity/minigpt-4-vicuna-7b;mmke-entity/qwen2.5-vl-3b;mmke-entity/smolvlm-1.7b;mmke-visual/blip2-opt-2.7b;mmke-visual/instructblip-vicuna-7b;mmke-visual/minigpt-4-vicuna-7b;mmke-visual/qwen2.5-vl-3b;mmke-visual/smolvlm-1.7b
clean,power_a1_b-0.5_g0,M_abscos_x_newn,1,19,False,21,67.89978947368421,69.21536842105263,-1.3155789473684207,67.89978947368421,-1.3155789473684207,1,15,3,0,3,0.0,-22.24000000000001,0.21600000000000819,0.15789473684210525,evqa-pilot500/blip2-opt-2.7b;evqa-pilot500/instructblip-vicuna-7b;evqa-pilot500/llava-v1.5-7b;evqa-pilot500/minigpt-4-vicuna-7b;evqa-pilot500/paligemma-3b;evqa-pilot500/qwen2.5-vl-3b;evqa-pilot500/smolvlm-1.7b;mmke-entity/blip2-opt-2.7b;mmke-entity/instructblip-vicuna-7b;mmke-entity/minigpt-4-vicuna-7b;mmke-entity/paligemma-3b;mmke-entity/qwen2.5-vl-3b;mmke-entity/smolvlm-1.7b;mmke-visual/blip2-opt-2.7b;mmke-visual/instructblip-vicuna-7b;mmke-visual/llava-v1.5-7b;mmke-visual/minigpt-4-vicuna-7b;mmke-visual/qwen2.5-vl-3b;mmke-visual/smolvlm-1.7b
clean,power_a1_b-0.5_g0,M_abscos_x_newn,3,14,False,21,69.66157142857143,71.46157142857143,-1.8000000000000012,66.88719047619047,-1.3222857142857154,0,10,4,0,3,0.0,-21.60000000000001,0.0,0.42857142857142855,evqa-pilot500/blip2-opt-2.7b;evqa-pilot500/instructblip-vicuna-7b;evqa-pilot500/minigpt-4-vicuna-7b;evqa-pilot500/paligemma-3b;evqa-pilot500/qwen2.5-vl-3b;evqa-pilot500/smolvlm-1.7b;mmke-entity/blip2-opt-2.7b;mmke-entity/instructblip-vicuna-7b;mmke-entity/paligemma-3b;mmke-entity/smolvlm-1.7b;mmke-visual/blip2-opt-2.7b;mmke-visual/instructblip-vicuna-7b;mmke-visual/llava-v1.5-7b;mmke-visual/minigpt-4-vicuna-7b
clean,power_a1_b-0.5_g0,M_new_norm,1,18,False,21,67.49655555555556,68.672,-1.175444444444444,67.49655555555556,-1.175444444444444,3,12,3,3,3,0.0,-22.24000000000001,1.730000000000004,0.16666666666666666,evqa-pilot500/blip2-opt-2.7b;evqa-pilot500/instructblip-vicuna-7b;evqa-pilot500/llava-v1.5-7b;evqa-pilot500/minigpt-4-vicuna-7b;evqa-pilot500/paligemma-3b;evqa-pilot500/qwen2.5-vl-3b;evqa-pilot500/smolvlm-1.7b;mmke-entity/blip2-opt-2.7b;mmke-entity/instructblip-vicuna-7b;mmke-entity/minigpt-4-vicuna-7b;mmke-entity/paligemma-3b;mmke-entity/qwen2.5-vl-3b;mmke-entity/smolvlm-1.7b;mmke-visual/blip2-opt-2.7b;mmke-visual/instructblip-vicuna-7b;mmke-visual/minigpt-4-vicuna-7b;mmke-visual/qwen2.5-vl-3b;mmke-visual/smolvlm-1.7b
clean,power_a1_b-0.5_g0,M_new_norm,3,12,False,21,70.38383333333333,72.86283333333333,-2.479000000000001,67.39772222222223,-1.6610000000000003,1,7,4,1,3,0.0,-21.60000000000001,0.8500000000000014,0.4166666666666667,evqa-pilot500/blip2-opt-2.7b;evqa-pilot500/minigpt-4-vicuna-7b;evqa-pilot500/paligemma-3b;evqa-pilot500/qwen2.5-vl-3b;evqa-pilot500/smolvlm-1.7b;mmke-entity/blip2-opt-2.7b;mmke-entity/instructblip-vicuna-7b;mmke-entity/paligemma-3b;mmke-entity/smolvlm-1.7b;mmke-visual/blip2-opt-2.7b;mmke-visual/instructblip-vicuna-7b;mmke-visual/minigpt-4-vicuna-7b
clean,power_a1_b-0.5_g0.5,M_abscos_x_newn,1,15,False,21,68.45306666666667,70.18373333333334,-1.7306666666666657,68.45306666666667,-1.7306666666666657,5,5,5,3,5,0.0,-22.24000000000001,14.88000000000001,0.13333333333333333,evqa-pilot500/blip2-opt-2.7b;evqa-pilot500/minigpt-4-vicuna-7b;evqa-pilot500/paligemma-3b;evqa-pilot500/qwen2.5-vl-3b;evqa-pilot500/smolvlm-1.7b;mmke-entity/blip2-opt-2.7b;mmke-entity/instructblip-vicuna-7b;mmke-entity/minigpt-4-vicuna-7b;mmke-entity/paligemma-3b;mmke-entity/smolvlm-1.7b;mmke-visual/blip2-opt-2.7b;mmke-visual/instructblip-vicuna-7b;mmke-visual/minigpt-4-vicuna-7b;mmke-visual/qwen2.5-vl-3b;mmke-visual/smolvlm-1.7b
clean,power_a1_b-0.5_g0.5,M_abscos_x_newn,3,8,False,21,69.24125,75.845,-6.603750000000002,67.57325,-4.781916666666669,0,3,5,0,5,-1.490000000000002,-21.60000000000001,0.0,0.25,evqa-pilot500/paligemma-3b;evqa-pilot500/qwen2.5-vl-3b;mmke-entity/blip2-opt-2.7b;mmke-entity/instructblip-vicuna-7b;mmke-entity/paligemma-3b;mmke-visual/instructblip-vicuna-7b;mmke-visual/minigpt-4-vicuna-7b;mmke-visual/smolvlm-1.7b
clean,power_a1_b-0.5_g0.5,M_new_norm,1,15,False,21,68.45306666666667,69.92786666666666,-1.474799999999999,68.45306666666667,-1.474799999999999,7,3,5,6,5,0.0,-22.24000000000001,14.88000000000001,0.13333333333333333,evqa-pilot500/blip2-opt-2.7b;evqa-pilot500/minigpt-4-vicuna-7b;evqa-pilot500/paligemma-3b;evqa-pilot500/qwen2.5-vl-3b;evqa-pilot500/smolvlm-1.7b;mmke-entity/blip2-opt-2.7b;mmke-entity/instructblip-vicuna-7b;mmke-entity/minigpt-4-vicuna-7b;mmke-entity/paligemma-3b;mmke-entity/smolvlm-1.7b;mmke-visual/blip2-opt-2.7b;mmke-visual/instructblip-vicuna-7b;mmke-visual/minigpt-4-vicuna-7b;mmke-visual/qwen2.5-vl-3b;mmke-visual/smolvlm-1.7b
clean,power_a1_b-0.5_g0.5,M_new_norm,3,8,False,21,69.24125,75.643,-6.401750000000001,67.57325,-4.561416666666668,1,2,5,1,5,-1.1069999999999993,-21.60000000000001,0.8500000000000014,0.25,evqa-pilot500/paligemma-3b;evqa-pilot500/qwen2.5-vl-3b;mmke-entity/blip2-opt-2.7b;mmke-entity/instructblip-vicuna-7b;mmke-entity/paligemma-3b;mmke-visual/instructblip-vicuna-7b;mmke-visual/minigpt-4-vicuna-7b;mmke-visual/smolvlm-1.7b
clean,power_a1_b-0.5_g1,M_abscos_x_newn,1,16,False,21,68.979125,70.311,-1.3318749999999997,68.979125,-1.3318749999999997,6,2,8,4,8,-0.2950000000000017,-22.24000000000001,15.64,0.0625,evqa-pilot500/blip2-opt-2.7b;evqa-pilot500/minigpt-4-vicuna-7b;evqa-pilot500/paligemma-3b;evqa-pilot500/qwen2.5-vl-3b;evqa-pilot500/smolvlm-1.7b;mmke-entity/blip2-opt-2.7b;mmke-entity/instructblip-vicuna-7b;mmke-entity/minigpt-4-vicuna-7b;mmke-entity/paligemma-3b;mmke-entity/qwen2.5-vl-3b;mmke-entity/smolvlm-1.7b;mmke-visual/blip2-opt-2.7b;mmke-visual/instructblip-vicuna-7b;mmke-visual/minigpt-4-vicuna-7b;mmke-visual/qwen2.5-vl-3b;mmke-visual/smolvlm-1.7b
clean,power_a1_b-0.5_g1,M_abscos_x_newn,3,12,False,21,70.87166666666667,73.77633333333334,-2.904666666666668,69.06933333333333,-1.6508888888888922,3,0,9,3,8,-0.6950000000000003,-21.660000000000004,17.093999999999994,0.25,evqa-pilot500/blip2-opt-2.7b;evqa-pilot500/paligemma-3b;evqa-pilot500/smolvlm-1.7b;mmke-entity/blip2-opt-2.7b;mmke-entity/instructblip-vicuna-7b;mmke-entity/paligemma-3b;mmke-entity/qwen2.5-vl-3b;mmke-entity/smolvlm-1.7b;mmke-visual/instructblip-vicuna-7b;mmke-visual/minigpt-4-vicuna-7b;mmke-visual/qwen2.5-vl-3b;mmke-visual/smolvlm-1.7b
clean,power_a1_b-0.5_g1,M_new_norm,1,16,False,21,68.979125,70.071125,-1.0919999999999996,68.979125,-1.0919999999999996,7,1,8,6,7,-0.05000000000000071,-22.24000000000001,15.64,0.0625,evqa-pilot500/blip2-opt-2.7b;evqa-pilot500/minigpt-4-vicuna-7b;evqa-pilot500/paligemma-3b;evqa-pilot500/qwen2.5-vl-3b;evqa-pilot500/smolvlm-1.7b;mmke-entity/blip2-opt-2.7b;mmke-entity/instructblip-vicuna-7b;mmke-entity/minigpt-4-vicuna-7b;mmke-entity/paligemma-3b;mmke-entity/qwen2.5-vl-3b;mmke-entity/smolvlm-1.7b;mmke-visual/blip2-opt-2.7b;mmke-visual/instructblip-vicuna-7b;mmke-visual/minigpt-4-vicuna-7b;mmke-visual/qwen2.5-vl-3b;mmke-visual/smolvlm-1.7b
clean,power_a1_b-0.5_g1,M_new_norm,3,12,False,21,70.87166666666667,73.7125,-2.840833333333334,69.06933333333333,-1.5858333333333359,3,0,9,3,8,-0.6950000000000003,-21.660000000000004,17.093999999999994,0.25,evqa-pilot500/blip2-opt-2.7b;evqa-pilot500/paligemma-3b;evqa-pilot500/smolvlm-1.7b;mmke-entity/blip2-opt-2.7b;mmke-entity/instructblip-vicuna-7b;mmke-entity/paligemma-3b;mmke-entity/qwen2.5-vl-3b;mmke-entity/smolvlm-1.7b;mmke-visual/instructblip-vicuna-7b;mmke-visual/minigpt-4-vicuna-7b;mmke-visual/qwen2.5-vl-3b;mmke-visual/smolvlm-1.7b
clean,power_a1_b-0.5_g2,M_abscos_x_newn,1,15,False,21,66.70706666666666,67.922,-1.2149333333333336,66.70706666666666,-1.2149333333333336,5,0,10,5,9,-0.9200000000000017,-22.24000000000001,17.439999999999998,0.06666666666666667,evqa-pilot500/blip2-opt-2.7b;evqa-pilot500/llava-v1.5-7b;evqa-pilot500/minigpt-4-vicuna-7b;evqa-pilot500/paligemma-3b;evqa-pilot500/qwen2.5-vl-3b;evqa-pilot500/smolvlm-1.7b;mmke-entity/blip2-opt-2.7b;mmke-entity/instructblip-vicuna-7b;mmke-entity/qwen2.5-vl-3b;mmke-entity/smolvlm-1.7b;mmke-visual/blip2-opt-2.7b;mmke-visual/instructblip-vicuna-7b;mmke-visual/minigpt-4-vicuna-7b;mmke-visual/qwen2.5-vl-3b;mmke-visual/smolvlm-1.7b
clean,power_a1_b-0.5_g2,M_abscos_x_newn,3,10,False,21,66.9356,68.802,-1.8664000000000016,65.98073333333333,-0.22760000000000175,2,0,8,2,8,-1.7449999999999974,-21.660000000000004,17.093999999999994,0.1,evqa-pilot500/blip2-opt-2.7b;evqa-pilot500/minigpt-4-vicuna-7b;evqa-pilot500/qwen2.5-vl-3b;evqa-pilot500/smolvlm-1.7b;mmke-entity/blip2-opt-2.7b;mmke-entity/instructblip-vicuna-7b;mmke-entity/smolvlm-1.7b;mmke-visual/blip2-opt-2.7b;mmke-visual/minigpt-4-vicuna-7b;mmke-visual/smolvlm-1.7b
clean,power_a1_b-0.5_g2,M_new_norm,1,15,False,21,66.70706666666666,67.69866666666667,-0.9916000000000001,66.70706666666666,-0.9916000000000001,6,0,9,5,8,-0.5600000000000023,-22.24000000000001,17.439999999999998,0.06666666666666667,evqa-pilot500/blip2-opt-2.7b;evqa-pilot500/llava-v1.5-7b;evqa-pilot500/minigpt-4-vicuna-7b;evqa-pilot500/paligemma-3b;evqa-pilot500/qwen2.5-vl-3b;evqa-pilot500/smolvlm-1.7b;mmke-entity/blip2-opt-2.7b;mmke-entity/instructblip-vicuna-7b;mmke-entity/qwen2.5-vl-3b;mmke-entity/smolvlm-1.7b;mmke-visual/blip2-opt-2.7b;mmke-visual/instructblip-vicuna-7b;mmke-visual/minigpt-4-vicuna-7b;mmke-visual/qwen2.5-vl-3b;mmke-visual/smolvlm-1.7b
clean,power_a1_b-0.5_g2,M_new_norm,3,10,False,21,66.9356,69.2568,-2.321200000000001,65.98073333333333,-0.3696000000000005,2,0,8,2,7,-1.681999999999995,-21.660000000000004,17.093999999999994,0.1,evqa-pilot500/blip2-opt-2.7b;evqa-pilot500/minigpt-4-vicuna-7b;evqa-pilot500/qwen2.5-vl-3b;evqa-pilot500/smolvlm-1.7b;mmke-entity/blip2-opt-2.7b;mmke-entity/instructblip-vicuna-7b;mmke-entity/smolvlm-1.7b;mmke-visual/blip2-opt-2.7b;mmke-visual/minigpt-4-vicuna-7b;mmke-visual/smolvlm-1.7b
clean,power_a1_b0_g-1,M_abscos_x_newn,1,17,False,21,67.07105882352941,67.41835294117647,-0.3472941176470594,67.07105882352941,-0.3472941176470594,1,10,6,1,5,0.0,-2.216000000000001,1.0100000000000051,0.17647058823529413,evqa-pilot500/blip2-opt-2.7b;evqa-pilot500/instructblip-vicuna-7b;evqa-pilot500/llava-v1.5-7b;evqa-pilot500/minigpt-4-vicuna-7b;evqa-pilot500/qwen2.5-vl-3b;evqa-pilot500/smolvlm-1.7b;mmke-entity/blip2-opt-2.7b;mmke-entity/instructblip-vicuna-7b;mmke-entity/minigpt-4-vicuna-7b;mmke-entity/qwen2.5-vl-3b;mmke-entity/smolvlm-1.7b;mmke-visual/blip2-opt-2.7b;mmke-visual/instructblip-vicuna-7b;mmke-visual/llava-v1.5-7b;mmke-visual/minigpt-4-vicuna-7b;mmke-visual/qwen2.5-vl-3b;mmke-visual/smolvlm-1.7b
clean,power_a1_b0_g-1,M_abscos_x_newn,3,16,False,21,69.58525,69.29412500000001,0.29112499999999875,67.06683333333334,0.07354166666666595,2,11,3,2,2,0.0,-0.8500000000000014,6.1640000000000015,0.375,evqa-pilot500/blip2-opt-2.7b;evqa-pilot500/instructblip-vicuna-7b;evqa-pilot500/minigpt-4-vicuna-7b;evqa-pilot500/qwen2.5-vl-3b;evqa-pilot500/smolvlm-1.7b;mmke-entity/blip2-opt-2.7b;mmke-entity/instructblip-vicuna-7b;mmke-entity/minigpt-4-vicuna-7b;mmke-entity/qwen2.5-vl-3b;mmke-entity/smolvlm-1.7b;mmke-visual/blip2-opt-2.7b;mmke-visual/instructblip-vicuna-7b;mmke-visual/llava-v1.5-7b;mmke-visual/minigpt-4-vicuna-7b;mmke-visual/qwen2.5-vl-3b;mmke-visual/smolvlm-1.7b
clean,power_a1_b0_g-1,M_new_norm,1,16,False,21,66.565625,66.69475,-0.1291250000000006,66.565625,-0.1291250000000006,1,13,2,1,2,0.0,-2.216000000000001,1.0100000000000051,0.1875,evqa-pilot500/blip2-opt-2.7b;evqa-pilot500/instructblip-vicuna-7b;evqa-pilot500/llava-v1.5-7b;evqa-pilot500/minigpt-4-vicuna-7b;evqa-pilot500/qwen2.5-vl-3b;evqa-pilot500/smolvlm-1.7b;mmke-entity/blip2-opt-2.7b;mmke-entity/instructblip-vicuna-7b;mmke-entity/minigpt-4-vicuna-7b;mmke-entity/qwen2.5-vl-3b;mmke-entity/smolvlm-1.7b;mmke-visual/blip2-opt-2.7b;mmke-visual/instructblip-vicuna-7b;mmke-visual/minigpt-4-vicuna-7b;mmke-visual/qwen2.5-vl-3b;mmke-visual/smolvlm-1.7b
clean,power_a1_b0_g-1,M_new_norm,3,14,False,21,70.15057142857142,70.15057142857142,0.0,67.4987619047619,-0.016904761904761756,0,14,0,0,0,0.0,0.0,0.0,0.35714285714285715,evqa-pilot500/blip2-opt-2.7b;evqa-pilot500/minigpt-4-vicuna-7b;evqa-pilot500/qwen2.5-vl-3b;evqa-pilot500/smolvlm-1.7b;mmke-entity/blip2-opt-2.7b;mmke-entity/instructblip-vicuna-7b;mmke-entity/minigpt-4-vicuna-7b;mmke-entity/qwen2.5-vl-3b;mmke-entity/smolvlm-1.7b;mmke-visual/blip2-opt-2.7b;mmke-visual/instructblip-vicuna-7b;mmke-visual/minigpt-4-vicuna-7b;mmke-visual/qwen2.5-vl-3b;mmke-visual/smolvlm-1.7b
clean,power_a1_b0_g0,M_abscos_x_newn,1,19,False,21,69.21536842105263,69.21536842105263,0.0,69.21536842105263,0.0,0,19,0,0,0,0.0,0.0,0.0,0.2631578947368421,evqa-pilot500/blip2-opt-2.7b;evqa-pilot500/instructblip-vicuna-7b;evqa-pilot500/llava-v1.5-7b;evqa-pilot500/minigpt-4-vicuna-7b;evqa-pilot500/paligemma-3b;evqa-pilot500/qwen2.5-vl-3b;evqa-pilot500/smolvlm-1.7b;mmke-entity/blip2-opt-2.7b;mmke-entity/instructblip-vicuna-7b;mmke-entity/minigpt-4-vicuna-7b;mmke-entity/paligemma-3b;mmke-entity/qwen2.5-vl-3b;mmke-entity/smolvlm-1.7b;mmke-visual/blip2-opt-2.7b;mmke-visual/instructblip-vicuna-7b;mmke-visual/llava-v1.5-7b;mmke-visual/minigpt-4-vicuna-7b;mmke-visual/qwen2.5-vl-3b;mmke-visual/smolvlm-1.7b
clean,power_a1_b0_g0,M_abscos_x_newn,3,18,False,21,71.6978888888889,71.6978888888889,0.0,69.08544444444445,0.0,0,18,0,0,0,0.0,0.0,0.0,0.4444444444444444,evqa-pilot500/blip2-opt-2.7b;evqa-pilot500/instructblip-vicuna-7b;evqa-pilot500/minigpt-4-vicuna-7b;evqa-pilot500/paligemma-3b;evqa-pilot500/qwen2.5-vl-3b;evqa-pilot500/smolvlm-1.7b;mmke-entity/blip2-opt-2.7b;mmke-entity/instructblip-vicuna-7b;mmke-entity/minigpt-4-vicuna-7b;mmke-entity/paligemma-3b;mmke-entity/qwen2.5-vl-3b;mmke-entity/smolvlm-1.7b;mmke-visual/blip2-opt-2.7b;mmke-visual/instructblip-vicuna-7b;mmke-visual/llava-v1.5-7b;mmke-visual/minigpt-4-vicuna-7b;mmke-visual/qwen2.5-vl-3b;mmke-visual/smolvlm-1.7b
clean,power_a1_b0_g0,M_new_norm,1,18,False,21,68.88522222222223,68.672,0.21322222222222229,68.88522222222223,0.21322222222222229,4,14,0,3,0,0.0,0.0,1.730000000000004,0.2777777777777778,evqa-pilot500/blip2-opt-2.7b;evqa-pilot500/instructblip-vicuna-7b;evqa-pilot500/llava-v1.5-7b;evqa-pilot500/minigpt-4-vicuna-7b;evqa-pilot500/paligemma-3b;evqa-pilot500/qwen2.5-vl-3b;evqa-pilot500/smolvlm-1.7b;mmke-entity/blip2-opt-2.7b;mmke-entity/instructblip-vicuna-7b;mmke-entity/minigpt-4-vicuna-7b;mmke-entity/paligemma-3b;mmke-entity/qwen2.5-vl-3b;mmke-entity/smolvlm-1.7b;mmke-visual/blip2-opt-2.7b;mmke-visual/instructblip-vicuna-7b;mmke-visual/minigpt-4-vicuna-7b;mmke-visual/qwen2.5-vl-3b;mmke-visual/smolvlm-1.7b
clean,power_a1_b0_g0,M_new_norm,3,16,False,21,72.494125,72.74775,-0.2536249999999991,69.743125,-0.06091666666666562,3,12,1,2,1,0.0,-6.1640000000000015,0.8500000000000014,0.4375,evqa-pilot500/blip2-opt-2.7b;evqa-pilot500/minigpt-4-vicuna-7b;evqa-pilot500/paligemma-3b;evqa-pilot500/qwen2.5-vl-3b;evqa-pilot500/smolvlm-1.7b;mmke-entity/blip2-opt-2.7b;mmke-entity/instructblip-vicuna-7b;mmke-entity/minigpt-4-vicuna-7b;mmke-entity/paligemma-3b;mmke-entity/qwen2.5-vl-3b;mmke-entity/smolvlm-1.7b;mmke-visual/blip2-opt-2.7b;mmke-visual/instructblip-vicuna-7b;mmke-visual/minigpt-4-vicuna-7b;mmke-visual/qwen2.5-vl-3b;mmke-visual/smolvlm-1.7b
clean,power_a1_b0_g0.5,M_abscos_x_newn,1,15,False,21,68.01733333333334,69.83413333333333,-1.8167999999999993,68.01733333333334,-1.8167999999999993,4,6,5,3,5,0.0,-22.24000000000001,14.930000000000007,0.06666666666666667,evqa-pilot500/blip2-opt-2.7b;evqa-pilot500/llava-v1.5-7b;evqa-pilot500/minigpt-4-vicuna-7b;evqa-pilot500/paligemma-3b;evqa-pilot500/qwen2.5-vl-3b;evqa-pilot500/smolvlm-1.7b;mmke-entity/blip2-opt-2.7b;mmke-entity/instructblip-vicuna-7b;mmke-entity/minigpt-4-vicuna-7b;mmke-entity/paligemma-3b;mmke-visual/blip2-opt-2.7b;mmke-visual/instructblip-vicuna-7b;mmke-visual/llava-v1.5-7b;mmke-visual/minigpt-4-vicuna-7b;mmke-visual/smolvlm-1.7b
clean,power_a1_b0_g0.5,M_abscos_x_newn,3,10,False,21,72.5338,75.7566,-3.222800000000002,71.14306666666667,-2.193333333333335,1,4,5,1,5,-0.3400000000000034,-21.60000000000001,0.8219999999999885,0.3,evqa-pilot500/paligemma-3b;evqa-pilot500/qwen2.5-vl-3b;mmke-entity/blip2-opt-2.7b;mmke-entity/instructblip-vicuna-7b;mmke-entity/minigpt-4-vicuna-7b;mmke-entity/paligemma-3b;mmke-visual/blip2-opt-2.7b;mmke-visual/llava-v1.5-7b;mmke-visual/minigpt-4-vicuna-7b;mmke-visual/smolvlm-1.7b
clean,power_a1_b0_g0.5,M_new_norm,1,14,False,21,67.40771428571429,69.17971428571428,-1.7719999999999996,67.40771428571429,-1.7719999999999996,6,3,5,4,5,0.0,-22.24000000000001,14.930000000000007,0.07142857142857142,evqa-pilot500/blip2-opt-2.7b;evqa-pilot500/llava-v1.5-7b;evqa-pilot500/minigpt-4-vicuna-7b;evqa-pilot500/paligemma-3b;evqa-pilot500/qwen2.5-vl-3b;evqa-pilot500/smolvlm-1.7b;mmke-entity/blip2-opt-2.7b;mmke-entity/instructblip-vicuna-7b;mmke-entity/minigpt-4-vicuna-7b;mmke-entity/paligemma-3b;mmke-visual/blip2-opt-2.7b;mmke-visual/instructblip-vicuna-7b;mmke-visual/minigpt-4-vicuna-7b;mmke-visual/smolvlm-1.7b
clean,power_a1_b0_g0.5,M_new_norm,3,9,False,21,72.03666666666666,75.47488888888888,-3.4382222222222216,70.51192592592592,-2.3206666666666678,2,2,5,1,5,-0.6800000000000068,-21.60000000000001,0.8500000000000014,0.2222222222222222,evqa-pilot500/paligemma-3b;evqa-pilot500/qwen2.5-vl-3b;mmke-entity/blip2-opt-2.7b;mmke-entity/instructblip-vicuna-7b;mmke-entity/minigpt-4-vicuna-7b;mmke-entity/paligemma-3b;mmke-visual/blip2-opt-2.7b;mmke-visual/minigpt-4-vicuna-7b;mmke-visual/smolvlm-1.7b
clean,power_a1_b0_g1,M_abscos_x_newn,1,16,False,21,68.715875,69.902,-1.1861249999999997,68.715875,-1.1861249999999997,7,4,5,5,5,0.0,-22.24000000000001,14.88000000000001,0.125,evqa-pilot500/blip2-opt-2.7b;evqa-pilot500/llava-v1.5-7b;evqa-pilot500/minigpt-4-vicuna-7b;evqa-pilot500/paligemma-3b;evqa-pilot500/qwen2.5-vl-3b;mmke-entity/blip2-opt-2.7b;mmke-entity/instructblip-vicuna-7b;mmke-entity/minigpt-4-vicuna-7b;mmke-entity/paligemma-3b;mmke-entity/smolvlm-1.7b;mmke-visual/blip2-opt-2.7b;mmke-visual/instructblip-vicuna-7b;mmke-visual/llava-v1.5-7b;mmke-visual/minigpt-4-vicuna-7b;mmke-visual/qwen2.5-vl-3b;mmke-visual/smolvlm-1.7b
clean,power_a1_b0_g1,M_abscos_x_newn,3,9,False,21,69.87311111111111,73.91844444444445,-4.045333333333336,68.48096296296296,-2.0122962962963005,1,2,6,1,5,-0.5900000000000034,-21.60000000000001,16.685999999999993,0.1111111111111111,evqa-pilot500/blip2-opt-2.7b;evqa-pilot500/paligemma-3b;evqa-pilot500/qwen2.5-vl-3b;mmke-entity/blip2-opt-2.7b;mmke-entity/instructblip-vicuna-7b;mmke-entity/paligemma-3b;mmke-visual/instructblip-vicuna-7b;mmke-visual/minigpt-4-vicuna-7b;mmke-visual/smolvlm-1.7b
clean,power_a1_b0_g1,M_new_norm,1,15,False,21,68.1696,69.29573333333333,-1.1261333333333325,68.1696,-1.1261333333333325,9,1,5,6,5,0.142000000000003,-22.24000000000001,14.88000000000001,0.13333333333333333,evqa-pilot500/blip2-opt-2.7b;evqa-pilot500/llava-v1.5-7b;evqa-pilot500/minigpt-4-vicuna-7b;evqa-pilot500/paligemma-3b;evqa-pilot500/qwen2.5-vl-3b;mmke-entity/blip2-opt-2.7b;mmke-entity/instructblip-vicuna-7b;mmke-entity/minigpt-4-vicuna-7b;mmke-entity/paligemma-3b;mmke-entity/smolvlm-1.7b;mmke-visual/blip2-opt-2.7b;mmke-visual/instructblip-vicuna-7b;mmke-visual/minigpt-4-vicuna-7b;mmke-visual/qwen2.5-vl-3b;mmke-visual/smolvlm-1.7b
clean,power_a1_b0_g1,M_new_norm,3,9,False,21,69.87311111111111,73.7388888888889,-3.8657777777777804,68.48096296296296,-1.8162962962962992,2,1,6,2,5,-0.5900000000000034,-21.60000000000001,16.685999999999993,0.1111111111111111,evqa-pilot500/blip2-opt-2.7b;evqa-pilot500/paligemma-3b;evqa-pilot500/qwen2.5-vl-3b;mmke-entity/blip2-opt-2.7b;mmke-entity/instructblip-vicuna-7b;mmke-entity/paligemma-3b;mmke-visual/instructblip-vicuna-7b;mmke-visual/minigpt-4-vicuna-7b;mmke-visual/smolvlm-1.7b
clean,power_a1_b0_g2,M_abscos_x_newn,1,15,False,21,69.4024,71.02773333333333,-1.6253333333333315,69.4024,-1.6253333333333315,5,0,10,3,9,-0.9200000000000017,-22.24000000000001,15.64,0,evqa-pilot500/blip2-opt-2.7b;evqa-pilot500/paligemma-3b;evqa-pilot500/qwen2.5-vl-3b;evqa-pilot500/smolvlm-1.7b;mmke-entity/blip2-opt-2.7b;mmke-entity/instructblip-vicuna-7b;mmke-entity/minigpt-4-vicuna-7b;mmke-entity/paligemma-3b;mmke-entity/qwen2.5-vl-3b;mmke-entity/smolvlm-1.7b;mmke-visual/blip2-opt-2.7b;mmke-visual/instructblip-vicuna-7b;mmke-visual/minigpt-4-vicuna-7b;mmke-visual/qwen2.5-vl-3b;mmke-visual/smolvlm-1.7b
clean,power_a1_b0_g2,M_abscos_x_newn,3,14,False,21,70.25071428571428,72.78042857142857,-2.5297142857142876,68.68752380952381,-1.2507619047619076,4,1,9,3,9,-0.7850000000000037,-21.60000000000001,17.093999999999994,0.21428571428571427,evqa-pilot500/blip2-opt-2.7b;evqa-pilot500/paligemma-3b;evqa-pilot500/qwen2.5-vl-3b;evqa-pilot500/smolvlm-1.7b;mmke-entity/blip2-opt-2.7b;mmke-entity/instructblip-vicuna-7b;mmke-entity/paligemma-3b;mmke-entity/qwen2.5-vl-3b;mmke-entity/smolvlm-1.7b;mmke-visual/blip2-opt-2.7b;mmke-visual/instructblip-vicuna-7b;mmke-visual/minigpt-4-vicuna-7b;mmke-visual/qwen2.5-vl-3b;mmke-visual/smolvlm-1.7b
clean,power_a1_b0_g2,M_new_norm,1,15,False,21,69.4024,70.8872,-1.4847999999999986,69.4024,-1.4847999999999986,5,0,10,4,8,-0.6899999999999977,-22.24000000000001,15.64,0,evqa-pilot500/blip2-opt-2.7b;evqa-pilot500/paligemma-3b;evqa-pilot500/qwen2.5-vl-3b;evqa-pilot500/smolvlm-1.7b;mmke-entity/blip2-opt-2.7b;mmke-entity/instructblip-vicuna-7b;mmke-entity/minigpt-4-vicuna-7b;mmke-entity/paligemma-3b;mmke-entity/qwen2.5-vl-3b;mmke-entity/smolvlm-1.7b;mmke-visual/blip2-opt-2.7b;mmke-visual/instructblip-vicuna-7b;mmke-visual/minigpt-4-vicuna-7b;mmke-visual/qwen2.5-vl-3b;mmke-visual/smolvlm-1.7b
clean,power_a1_b0_g2,M_new_norm,3,14,False,21,70.25071428571428,72.665,-2.4142857142857155,68.68752380952381,-1.124761904761907,5,0,9,4,9,-0.7850000000000037,-21.60000000000001,17.093999999999994,0.21428571428571427,evqa-pilot500/blip2-opt-2.7b;evqa-pilot500/paligemma-3b;evqa-pilot500/qwen2.5-vl-3b;evqa-pilot500/smolvlm-1.7b;mmke-entity/blip2-opt-2.7b;mmke-entity/instructblip-vicuna-7b;mmke-entity/paligemma-3b;mmke-entity/qwen2.5-vl-3b;mmke-entity/smolvlm-1.7b;mmke-visual/blip2-opt-2.7b;mmke-visual/instructblip-vicuna-7b;mmke-visual/minigpt-4-vicuna-7b;mmke-visual/qwen2.5-vl-3b;mmke-visual/smolvlm-1.7b
clean,power_a1_b0.5_g-1,M_abscos_x_newn,1,17,False,21,67.07105882352941,67.41835294117647,-0.3472941176470594,67.07105882352941,-0.3472941176470594,1,10,6,1,5,0.0,-2.216000000000001,1.0100000000000051,0.17647058823529413,evqa-pilot500/blip2-opt-2.7b;evqa-pilot500/instructblip-vicuna-7b;evqa-pilot500/llava-v1.5-7b;evqa-pilot500/minigpt-4-vicuna-7b;evqa-pilot500/qwen2.5-vl-3b;evqa-pilot500/smolvlm-1.7b;mmke-entity/blip2-opt-2.7b;mmke-entity/instructblip-vicuna-7b;mmke-entity/minigpt-4-vicuna-7b;mmke-entity/qwen2.5-vl-3b;mmke-entity/smolvlm-1.7b;mmke-visual/blip2-opt-2.7b;mmke-visual/instructblip-vicuna-7b;mmke-visual/llava-v1.5-7b;mmke-visual/minigpt-4-vicuna-7b;mmke-visual/qwen2.5-vl-3b;mmke-visual/smolvlm-1.7b
clean,power_a1_b0.5_g-1,M_abscos_x_newn,3,16,False,21,69.58525,69.29412500000001,0.29112499999999875,67.06683333333334,0.07354166666666595,2,11,3,2,2,0.0,-0.8500000000000014,6.1640000000000015,0.375,evqa-pilot500/blip2-opt-2.7b;evqa-pilot500/instructblip-vicuna-7b;evqa-pilot500/minigpt-4-vicuna-7b;evqa-pilot500/qwen2.5-vl-3b;evqa-pilot500/smolvlm-1.7b;mmke-entity/blip2-opt-2.7b;mmke-entity/instructblip-vicuna-7b;mmke-entity/minigpt-4-vicuna-7b;mmke-entity/qwen2.5-vl-3b;mmke-entity/smolvlm-1.7b;mmke-visual/blip2-opt-2.7b;mmke-visual/instructblip-vicuna-7b;mmke-visual/llava-v1.5-7b;mmke-visual/minigpt-4-vicuna-7b;mmke-visual/qwen2.5-vl-3b;mmke-visual/smolvlm-1.7b
clean,power_a1_b0.5_g-1,M_new_norm,1,16,False,21,66.565625,66.69475,-0.1291250000000006,66.565625,-0.1291250000000006,1,13,2,1,2,0.0,-2.216000000000001,1.0100000000000051,0.1875,evqa-pilot500/blip2-opt-2.7b;evqa-pilot500/instructblip-vicuna-7b;evqa-pilot500/llava-v1.5-7b;evqa-pilot500/minigpt-4-vicuna-7b;evqa-pilot500/qwen2.5-vl-3b;evqa-pilot500/smolvlm-1.7b;mmke-entity/blip2-opt-2.7b;mmke-entity/instructblip-vicuna-7b;mmke-entity/minigpt-4-vicuna-7b;mmke-entity/qwen2.5-vl-3b;mmke-entity/smolvlm-1.7b;mmke-visual/blip2-opt-2.7b;mmke-visual/instructblip-vicuna-7b;mmke-visual/minigpt-4-vicuna-7b;mmke-visual/qwen2.5-vl-3b;mmke-visual/smolvlm-1.7b
clean,power_a1_b0.5_g-1,M_new_norm,3,14,False,21,70.15057142857142,70.15057142857142,0.0,67.4987619047619,-0.016904761904761756,0,14,0,0,0,0.0,0.0,0.0,0.35714285714285715,evqa-pilot500/blip2-opt-2.7b;evqa-pilot500/minigpt-4-vicuna-7b;evqa-pilot500/qwen2.5-vl-3b;evqa-pilot500/smolvlm-1.7b;mmke-entity/blip2-opt-2.7b;mmke-entity/instructblip-vicuna-7b;mmke-entity/minigpt-4-vicuna-7b;mmke-entity/qwen2.5-vl-3b;mmke-entity/smolvlm-1.7b;mmke-visual/blip2-opt-2.7b;mmke-visual/instructblip-vicuna-7b;mmke-visual/minigpt-4-vicuna-7b;mmke-visual/qwen2.5-vl-3b;mmke-visual/smolvlm-1.7b
clean,power_a1_b0.5_g0,M_abscos_x_newn,1,18,False,21,68.78488888888889,68.84822222222222,-0.06333333333333337,68.78488888888889,-0.06333333333333337,0,17,1,0,1,0.0,-1.1400000000000006,0.0,0.2222222222222222,evqa-pilot500/blip2-opt-2.7b;evqa-pilot500/instructblip-vicuna-7b;evqa-pilot500/llava-v1.5-7b;evqa-pilot500/minigpt-4-vicuna-7b;evqa-pilot500/paligemma-3b;evqa-pilot500/qwen2.5-vl-3b;evqa-pilot500/smolvlm-1.7b;mmke-entity/blip2-opt-2.7b;mmke-entity/instructblip-vicuna-7b;mmke-entity/paligemma-3b;mmke-entity/qwen2.5-vl-3b;mmke-entity/smolvlm-1.7b;mmke-visual/blip2-opt-2.7b;mmke-visual/instructblip-vicuna-7b;mmke-visual/llava-v1.5-7b;mmke-visual/minigpt-4-vicuna-7b;mmke-visual/qwen2.5-vl-3b;mmke-visual/smolvlm-1.7b
clean,power_a1_b0.5_g0,M_abscos_x_newn,3,17,False,21,71.45482352941177,71.4424705882353,0.012352941176469803,68.81329411764706,0.12250980392156872,1,14,2,1,0,0.0,-0.20000000000000284,0.5999999999999943,0.4117647058823529,evqa-pilot500/blip2-opt-2.7b;evqa-pilot500/instructblip-vicuna-7b;evqa-pilot500/minigpt-4-vicuna-7b;evqa-pilot500/paligemma-3b;evqa-pilot500/qwen2.5-vl-3b;evqa-pilot500/smolvlm-1.7b;mmke-entity/blip2-opt-2.7b;mmke-entity/instructblip-vicuna-7b;mmke-entity/paligemma-3b;mmke-entity/qwen2.5-vl-3b;mmke-entity/smolvlm-1.7b;mmke-visual/blip2-opt-2.7b;mmke-visual/instructblip-vicuna-7b;mmke-visual/llava-v1.5-7b;mmke-visual/minigpt-4-vicuna-7b;mmke-visual/qwen2.5-vl-3b;mmke-visual/smolvlm-1.7b
clean,power_a1_b0.5_g0,M_new_norm,1,17,False,21,68.41,68.28,0.13000000000000006,68.41,0.13000000000000006,2,14,1,2,0,0.0,-0.28999999999999915,1.730000000000004,0.23529411764705882,evqa-pilot500/blip2-opt-2.7b;evqa-pilot500/instructblip-vicuna-7b;evqa-pilot500/llava-v1.5-7b;evqa-pilot500/minigpt-4-vicuna-7b;evqa-pilot500/paligemma-3b;evqa-pilot500/qwen2.5-vl-3b;evqa-pilot500/smolvlm-1.7b;mmke-entity/blip2-opt-2.7b;mmke-entity/instructblip-vicuna-7b;mmke-entity/paligemma-3b;mmke-entity/qwen2.5-vl-3b;mmke-entity/smolvlm-1.7b;mmke-visual/blip2-opt-2.7b;mmke-visual/instructblip-vicuna-7b;mmke-visual/minigpt-4-vicuna-7b;mmke-visual/qwen2.5-vl-3b;mmke-visual/smolvlm-1.7b
clean,power_a1_b0.5_g0,M_new_norm,3,15,False,21,72.23173333333334,72.56093333333334,-0.32920000000000016,69.45306666666667,0.018711111111111716,2,12,1,2,1,0.0,-6.1640000000000015,0.6599999999999966,0.4,evqa-pilot500/blip2-opt-2.7b;evqa-pilot500/minigpt-4-vicuna-7b;evqa-pilot500/paligemma-3b;evqa-pilot500/qwen2.5-vl-3b;evqa-pilot500/smolvlm-1.7b;mmke-entity/blip2-opt-2.7b;mmke-entity/instructblip-vicuna-7b;mmke-entity/paligemma-3b;mmke-entity/qwen2.5-vl-3b;mmke-entity/smolvlm-1.7b;mmke-visual/blip2-opt-2.7b;mmke-visual/instructblip-vicuna-7b;mmke-visual/minigpt-4-vicuna-7b;mmke-visual/qwen2.5-vl-3b;mmke-visual/smolvlm-1.7b
clean,power_a1_b0.5_g0.5,M_abscos_x_newn,1,16,False,21,67.17275000000001,69.873875,-2.7011249999999984,67.17275000000001,-2.7011249999999984,3,6,7,3,7,0.0,-20.540000000000006,4.300000000000004,0,evqa-pilot500/blip2-opt-2.7b;evqa-pilot500/llava-v1.5-7b;evqa-pilot500/minigpt-4-vicuna-7b;evqa-pilot500/paligemma-3b;evqa-pilot500/qwen2.5-vl-3b;evqa-pilot500/smolvlm-1.7b;mmke-entity/blip2-opt-2.7b;mmke-entity/instructblip-vicuna-7b;mmke-entity/minigpt-4-vicuna-7b;mmke-entity/paligemma-3b;mmke-entity/smolvlm-1.7b;mmke-visual/blip2-opt-2.7b;mmke-visual/instructblip-vicuna-7b;mmke-visual/llava-v1.5-7b;mmke-visual/minigpt-4-vicuna-7b;mmke-visual/smolvlm-1.7b
clean,power_a1_b0.5_g0.5,M_abscos_x_newn,3,8,False,21,72.8075,73.432,-0.6245000000000012,70.05808333333333,-0.4900833333333354,1,3,4,1,2,-0.09000000000000341,-7.549999999999997,3.9540000000000006,0.125,evqa-pilot500/blip2-opt-2.7b;evqa-pilot500/minigpt-4-vicuna-7b;evqa-pilot500/paligemma-3b;evqa-pilot500/qwen2.5-vl-3b;mmke-entity/blip2-opt-2.7b;mmke-entity/minigpt-4-vicuna-7b;mmke-entity/paligemma-3b;mmke-visual/blip2-opt-2.7b
clean,power_a1_b0.5_g0.5,M_new_norm,1,15,False,21,66.54746666666666,69.26573333333333,-2.7182666666666653,66.54746666666666,-2.7182666666666653,5,4,6,3,5,0.0,-20.540000000000006,4.300000000000004,0,evqa-pilot500/blip2-opt-2.7b;evqa-pilot500/llava-v1.5-7b;evqa-pilot500/minigpt-4-vicuna-7b;evqa-pilot500/paligemma-3b;evqa-pilot500/qwen2.5-vl-3b;evqa-pilot500/smolvlm-1.7b;mmke-entity/blip2-opt-2.7b;mmke-entity/instructblip-vicuna-7b;mmke-entity/minigpt-4-vicuna-7b;mmke-entity/paligemma-3b;mmke-entity/smolvlm-1.7b;mmke-visual/blip2-opt-2.7b;mmke-visual/instructblip-vicuna-7b;mmke-visual/minigpt-4-vicuna-7b;mmke-visual/smolvlm-1.7b
clean,power_a1_b0.5_g0.5,M_new_norm,3,8,False,21,72.8075,74.035,-1.2275,70.05808333333333,-0.7095000000000011,3,2,3,2,2,0.0,-7.549999999999997,3.9540000000000006,0.125,evqa-pilot500/blip2-opt-2.7b;evqa-pilot500/minigpt-4-vicuna-7b;evqa-pilot500/paligemma-3b;evqa-pilot500/qwen2.5-vl-3b;mmke-entity/blip2-opt-2.7b;mmke-entity/minigpt-4-vicuna-7b;mmke-entity/paligemma-3b;mmke-visual/blip2-opt-2.7b
clean,power_a1_b0.5_g1,M_abscos_x_newn,1,13,False,21,68.64353846153845,71.48953846153846,-2.8460000000000005,68.64353846153845,-2.8460000000000005,3,5,5,2,5,0.0,-20.540000000000006,6.82,0,evqa-pilot500/minigpt-4-vicuna-7b;evqa-pilot500/paligemma-3b;evqa-pilot500/qwen2.5-vl-3b;mmke-entity/blip2-opt-2.7b;mmke-entity/instructblip-vicuna-7b;mmke-entity/minigpt-4-vicuna-7b;mmke-entity/paligemma-3b;mmke-entity/smolvlm-1.7b;mmke-visual/blip2-opt-2.7b;mmke-visual/instructblip-vicuna-7b;mmke-visual/llava-v1.5-7b;mmke-visual/minigpt-4-vicuna-7b;mmke-visual/smolvlm-1.7b
clean,power_a1_b0.5_g1,M_abscos_x_newn,3,11,False,21,70.67218181818181,75.35054545454545,-4.678363636363639,69.43218181818182,-3.0775757575757585,1,3,7,1,5,-0.26400000000001,-20.730000000000004,0.8219999999999885,0.18181818181818182,evqa-pilot500/paligemma-3b;evqa-pilot500/qwen2.5-vl-3b;mmke-entity/blip2-opt-2.7b;mmke-entity/instructblip-vicuna-7b;mmke-entity/minigpt-4-vicuna-7b;mmke-entity/paligemma-3b;mmke-visual/blip2-opt-2.7b;mmke-visual/instructblip-vicuna-7b;mmke-visual/llava-v1.5-7b;mmke-visual/minigpt-4-vicuna-7b;mmke-visual/smolvlm-1.7b
clean,power_a1_b0.5_g1,M_new_norm,1,12,False,21,67.9845,70.864,-2.8795000000000006,67.9845,-2.8795000000000006,5,3,4,2,4,0.0,-20.540000000000006,6.82,0,evqa-pilot500/minigpt-4-vicuna-7b;evqa-pilot500/paligemma-3b;evqa-pilot500/qwen2.5-vl-3b;mmke-entity/blip2-opt-2.7b;mmke-entity/instructblip-vicuna-7b;mmke-entity/minigpt-4-vicuna-7b;mmke-entity/paligemma-3b;mmke-entity/smolvlm-1.7b;mmke-visual/blip2-opt-2.7b;mmke-visual/instructblip-vicuna-7b;mmke-visual/minigpt-4-vicuna-7b;mmke-visual/smolvlm-1.7b
clean,power_a1_b0.5_g1,M_new_norm,3,10,False,21,70.0386,75.0564,-5.0178,68.69306666666667,-3.2806000000000006,2,1,7,1,5,-0.5470000000000041,-20.730000000000004,0.8500000000000014,0.1,evqa-pilot500/paligemma-3b;evqa-pilot500/qwen2.5-vl-3b;mmke-entity/blip2-opt-2.7b;mmke-entity/instructblip-vicuna-7b;mmke-entity/minigpt-4-vicuna-7b;mmke-entity/paligemma-3b;mmke-visual/blip2-opt-2.7b;mmke-visual/instructblip-vicuna-7b;mmke-visual/minigpt-4-vicuna-7b;mmke-visual/smolvlm-1.7b
clean,power_a1_b0.5_g2,M_abscos_x_newn,1,18,False,21,67.18844444444444,68.88522222222223,-1.696777777777778,67.18844444444444,-1.696777777777778,4,4,10,3,9,-0.3100000000000023,-22.24000000000001,14.88000000000001,0.05555555555555555,evqa-pilot500/blip2-opt-2.7b;evqa-pilot500/instructblip-vicuna-7b;evqa-pilot500/llava-v1.5-7b;evqa-pilot500/minigpt-4-vicuna-7b;evqa-pilot500/paligemma-3b;evqa-pilot500/qwen2.5-vl-3b;evqa-pilot500/smolvlm-1.7b;mmke-entity/blip2-opt-2.7b;mmke-entity/instructblip-vicuna-7b;mmke-entity/minigpt-4-vicuna-7b;mmke-entity/paligemma-3b;mmke-entity/qwen2.5-vl-3b;mmke-entity/smolvlm-1.7b;mmke-visual/blip2-opt-2.7b;mmke-visual/instructblip-vicuna-7b;mmke-visual/minigpt-4-vicuna-7b;mmke-visual/qwen2.5-vl-3b;mmke-visual/smolvlm-1.7b
clean,power_a1_b0.5_g2,M_abscos_x_newn,3,13,False,21,70.15076923076923,72.90815384615385,-2.7573846153846167,68.93528205128204,-0.9305641025641063,4,1,8,3,7,-0.5900000000000034,-21.60000000000001,17.093999999999994,0.23076923076923078,evqa-pilot500/blip2-opt-2.7b;evqa-pilot500/paligemma-3b;evqa-pilot500/qwen2.5-vl-3b;evqa-pilot500/smolvlm-1.7b;mmke-entity/blip2-opt-2.7b;mmke-entity/instructblip-vicuna-7b;mmke-entity/paligemma-3b;mmke-entity/qwen2.5-vl-3b;mmke-visual/blip2-opt-2.7b;mmke-visual/instructblip-vicuna-7b;mmke-visual/minigpt-4-vicuna-7b;mmke-visual/qwen2.5-vl-3b;mmke-visual/smolvlm-1.7b
clean,power_a1_b0.5_g2,M_new_norm,1,18,False,21,67.18844444444444,68.672,-1.4835555555555555,67.18844444444444,-1.4835555555555555,7,1,10,5,9,-0.3100000000000023,-22.24000000000001,14.88000000000001,0.05555555555555555,evqa-pilot500/blip2-opt-2.7b;evqa-pilot500/instructblip-vicuna-7b;evqa-pilot500/llava-v1.5-7b;evqa-pilot500/minigpt-4-vicuna-7b;evqa-pilot500/paligemma-3b;evqa-pilot500/qwen2.5-vl-3b;evqa-pilot500/smolvlm-1.7b;mmke-entity/blip2-opt-2.7b;mmke-entity/instructblip-vicuna-7b;mmke-entity/minigpt-4-vicuna-7b;mmke-entity/paligemma-3b;mmke-entity/qwen2.5-vl-3b;mmke-entity/smolvlm-1.7b;mmke-visual/blip2-opt-2.7b;mmke-visual/instructblip-vicuna-7b;mmke-visual/minigpt-4-vicuna-7b;mmke-visual/qwen2.5-vl-3b;mmke-visual/smolvlm-1.7b
clean,power_a1_b0.5_g2,M_new_norm,3,13,False,21,70.15076923076923,72.78384615384616,-2.6330769230769238,68.93528205128204,-0.7948717948717978,5,0,8,4,7,-0.5900000000000034,-21.60000000000001,17.093999999999994,0.23076923076923078,evqa-pilot500/blip2-opt-2.7b;evqa-pilot500/paligemma-3b;evqa-pilot500/qwen2.5-vl-3b;evqa-pilot500/smolvlm-1.7b;mmke-entity/blip2-opt-2.7b;mmke-entity/instructblip-vicuna-7b;mmke-entity/paligemma-3b;mmke-entity/qwen2.5-vl-3b;mmke-visual/blip2-opt-2.7b;mmke-visual/instructblip-vicuna-7b;mmke-visual/minigpt-4-vicuna-7b;mmke-visual/qwen2.5-vl-3b;mmke-visual/smolvlm-1.7b
clean,power_a1_b1_g-1,M_abscos_x_newn,1,17,False,21,67.07105882352941,67.41835294117647,-0.3472941176470594,67.07105882352941,-0.3472941176470594,1,10,6,1,5,0.0,-2.216000000000001,1.0100000000000051,0.17647058823529413,evqa-pilot500/blip2-opt-2.7b;evqa-pilot500/instructblip-vicuna-7b;evqa-pilot500/llava-v1.5-7b;evqa-pilot500/minigpt-4-vicuna-7b;evqa-pilot500/qwen2.5-vl-3b;evqa-pilot500/smolvlm-1.7b;mmke-entity/blip2-opt-2.7b;mmke-entity/instructblip-vicuna-7b;mmke-entity/minigpt-4-vicuna-7b;mmke-entity/qwen2.5-vl-3b;mmke-entity/smolvlm-1.7b;mmke-visual/blip2-opt-2.7b;mmke-visual/instructblip-vicuna-7b;mmke-visual/llava-v1.5-7b;mmke-visual/minigpt-4-vicuna-7b;mmke-visual/qwen2.5-vl-3b;mmke-visual/smolvlm-1.7b
clean,power_a1_b1_g-1,M_abscos_x_newn,3,16,False,21,69.58525,69.29412500000001,0.29112499999999875,67.06683333333334,0.07354166666666595,2,11,3,2,2,0.0,-0.8500000000000014,6.1640000000000015,0.375,evqa-pilot500/blip2-opt-2.7b;evqa-pilot500/instructblip-vicuna-7b;evqa-pilot500/minigpt-4-vicuna-7b;evqa-pilot500/qwen2.5-vl-3b;evqa-pilot500/smolvlm-1.7b;mmke-entity/blip2-opt-2.7b;mmke-entity/instructblip-vicuna-7b;mmke-entity/minigpt-4-vicuna-7b;mmke-entity/qwen2.5-vl-3b;mmke-entity/smolvlm-1.7b;mmke-visual/blip2-opt-2.7b;mmke-visual/instructblip-vicuna-7b;mmke-visual/llava-v1.5-7b;mmke-visual/minigpt-4-vicuna-7b;mmke-visual/qwen2.5-vl-3b;mmke-visual/smolvlm-1.7b
clean,power_a1_b1_g-1,M_new_norm,1,16,False,21,66.565625,66.69475,-0.1291250000000006,66.565625,-0.1291250000000006,1,13,2,1,2,0.0,-2.216000000000001,1.0100000000000051,0.1875,evqa-pilot500/blip2-opt-2.7b;evqa-pilot500/instructblip-vicuna-7b;evqa-pilot500/llava-v1.5-7b;evqa-pilot500/minigpt-4-vicuna-7b;evqa-pilot500/qwen2.5-vl-3b;evqa-pilot500/smolvlm-1.7b;mmke-entity/blip2-opt-2.7b;mmke-entity/instructblip-vicuna-7b;mmke-entity/minigpt-4-vicuna-7b;mmke-entity/qwen2.5-vl-3b;mmke-entity/smolvlm-1.7b;mmke-visual/blip2-opt-2.7b;mmke-visual/instructblip-vicuna-7b;mmke-visual/minigpt-4-vicuna-7b;mmke-visual/qwen2.5-vl-3b;mmke-visual/smolvlm-1.7b
clean,power_a1_b1_g-1,M_new_norm,3,14,False,21,70.15057142857142,70.15057142857142,0.0,67.4987619047619,-0.016904761904761756,0,14,0,0,0,0.0,0.0,0.0,0.35714285714285715,evqa-pilot500/blip2-opt-2.7b;evqa-pilot500/minigpt-4-vicuna-7b;evqa-pilot500/qwen2.5-vl-3b;evqa-pilot500/smolvlm-1.7b;mmke-entity/blip2-opt-2.7b;mmke-entity/instructblip-vicuna-7b;mmke-entity/minigpt-4-vicuna-7b;mmke-entity/qwen2.5-vl-3b;mmke-entity/smolvlm-1.7b;mmke-visual/blip2-opt-2.7b;mmke-visual/instructblip-vicuna-7b;mmke-visual/minigpt-4-vicuna-7b;mmke-visual/qwen2.5-vl-3b;mmke-visual/smolvlm-1.7b
clean,power_a1_b1_g0,M_abscos_x_newn,1,18,False,21,68.78488888888889,68.84822222222222,-0.06333333333333337,68.78488888888889,-0.06333333333333337,0,17,1,0,1,0.0,-1.1400000000000006,0.0,0.2222222222222222,evqa-pilot500/blip2-opt-2.7b;evqa-pilot500/instructblip-vicuna-7b;evqa-pilot500/llava-v1.5-7b;evqa-pilot500/minigpt-4-vicuna-7b;evqa-pilot500/paligemma-3b;evqa-pilot500/qwen2.5-vl-3b;evqa-pilot500/smolvlm-1.7b;mmke-entity/blip2-opt-2.7b;mmke-entity/instructblip-vicuna-7b;mmke-entity/paligemma-3b;mmke-entity/qwen2.5-vl-3b;mmke-entity/smolvlm-1.7b;mmke-visual/blip2-opt-2.7b;mmke-visual/instructblip-vicuna-7b;mmke-visual/llava-v1.5-7b;mmke-visual/minigpt-4-vicuna-7b;mmke-visual/qwen2.5-vl-3b;mmke-visual/smolvlm-1.7b
clean,power_a1_b1_g0,M_abscos_x_newn,3,15,False,21,71.02733333333333,70.76706666666666,0.2602666666666669,67.9772,0.28377777777777785,1,13,1,1,0,0.0,-0.19000000000000483,4.094000000000008,0.4666666666666667,evqa-pilot500/blip2-opt-2.7b;evqa-pilot500/instructblip-vicuna-7b;evqa-pilot500/minigpt-4-vicuna-7b;evqa-pilot500/paligemma-3b;evqa-pilot500/qwen2.5-vl-3b;evqa-pilot500/smolvlm-1.7b;mmke-entity/blip2-opt-2.7b;mmke-entity/instructblip-vicuna-7b;mmke-entity/paligemma-3b;mmke-entity/qwen2.5-vl-3b;mmke-entity/smolvlm-1.7b;mmke-visual/blip2-opt-2.7b;mmke-visual/instructblip-vicuna-7b;mmke-visual/qwen2.5-vl-3b;mmke-visual/smolvlm-1.7b
clean,power_a1_b1_g0,M_new_norm,1,17,False,21,68.41,68.28,0.13000000000000006,68.41,0.13000000000000006,2,14,1,2,0,0.0,-0.28999999999999915,1.730000000000004,0.23529411764705882,evqa-pilot500/blip2-opt-2.7b;evqa-pilot500/instructblip-vicuna-7b;evqa-pilot500/llava-v1.5-7b;evqa-pilot500/minigpt-4-vicuna-7b;evqa-pilot500/paligemma-3b;evqa-pilot500/qwen2.5-vl-3b;evqa-pilot500/smolvlm-1.7b;mmke-entity/blip2-opt-2.7b;mmke-entity/instructblip-vicuna-7b;mmke-entity/paligemma-3b;mmke-entity/qwen2.5-vl-3b;mmke-entity/smolvlm-1.7b;mmke-visual/blip2-opt-2.7b;mmke-visual/instructblip-vicuna-7b;mmke-visual/minigpt-4-vicuna-7b;mmke-visual/qwen2.5-vl-3b;mmke-visual/smolvlm-1.7b
clean,power_a1_b1_g0,M_new_norm,3,14,False,21,72.21000000000001,72.31071428571428,-0.10071428571428546,69.11938095238095,0.14685714285714319,1,12,1,1,1,0.0,-2.069999999999993,0.6599999999999966,0.42857142857142855,evqa-pilot500/blip2-opt-2.7b;evqa-pilot500/minigpt-4-vicuna-7b;evqa-pilot500/paligemma-3b;evqa-pilot500/qwen2.5-vl-3b;evqa-pilot500/smolvlm-1.7b;mmke-entity/blip2-opt-2.7b;mmke-entity/instructblip-vicuna-7b;mmke-entity/paligemma-3b;mmke-entity/qwen2.5-vl-3b;mmke-entity/smolvlm-1.7b;mmke-visual/blip2-opt-2.7b;mmke-visual/instructblip-vicuna-7b;mmke-visual/qwen2.5-vl-3b;mmke-visual/smolvlm-1.7b
clean,power_a1_b1_g0.5,M_abscos_x_newn,1,14,False,21,68.89157142857142,69.82728571428571,-0.9357142857142858,68.89157142857142,-0.9357142857142858,3,7,4,2,3,0.0,-11.199999999999996,1.3940000000000055,0,evqa-pilot500/blip2-opt-2.7b;evqa-pilot500/llava-v1.5-7b;evqa-pilot500/minigpt-4-vicuna-7b;evqa-pilot500/paligemma-3b;evqa-pilot500/qwen2.5-vl-3b;evqa-pilot500/smolvlm-1.7b;mmke-entity/blip2-opt-2.7b;mmke-entity/minigpt-4-vicuna-7b;mmke-entity/paligemma-3b;mmke-entity/smolvlm-1.7b;mmke-visual/blip2-opt-2.7b;mmke-visual/llava-v1.5-7b;mmke-visual/minigpt-4-vicuna-7b;mmke-visual/qwen2.5-vl-3b
clean,power_a1_b1_g0.5,M_abscos_x_newn,3,10,False,21,72.168,72.8636,-0.6956000000000003,70.05253333333333,0.09273333333333297,2,4,4,1,2,0.0,-7.549999999999997,3.9540000000000006,0.1,evqa-pilot500/blip2-opt-2.7b;evqa-pilot500/minigpt-4-vicuna-7b;evqa-pilot500/paligemma-3b;evqa-pilot500/qwen2.5-vl-3b;evqa-pilot500/smolvlm-1.7b;mmke-entity/blip2-opt-2.7b;mmke-entity/paligemma-3b;mmke-visual/blip2-opt-2.7b;mmke-visual/minigpt-4-vicuna-7b;mmke-visual/qwen2.5-vl-3b
clean,power_a1_b1_g0.5,M_new_norm,1,13,False,21,68.30230769230769,69.122,-0.8196923076923082,68.30230769230769,-0.8196923076923082,5,5,3,3,2,0.0,-11.199999999999996,1.730000000000004,0,evqa-pilot500/blip2-opt-2.7b;evqa-pilot500/llava-v1.5-7b;evqa-pilot500/minigpt-4-vicuna-7b;evqa-pilot500/paligemma-3b;evqa-pilot500/qwen2.5-vl-3b;evqa-pilot500/smolvlm-1.7b;mmke-entity/blip2-opt-2.7b;mmke-entity/minigpt-4-vicuna-7b;mmke-entity/paligemma-3b;mmke-entity/smolvlm-1.7b;mmke-visual/blip2-opt-2.7b;mmke-visual/minigpt-4-vicuna-7b;mmke-visual/qwen2.5-vl-3b
clean,power_a1_b1_g0.5,M_new_norm,3,10,False,21,72.168,73.3184,-1.1503999999999999,70.05253333333333,-0.04926666666666577,4,2,4,3,3,0.0,-7.549999999999997,3.9540000000000006,0.1,evqa-pilot500/blip2-opt-2.7b;evqa-pilot500/minigpt-4-vicuna-7b;evqa-pilot500/paligemma-3b;evqa-pilot500/qwen2.5-vl-3b;evqa-pilot500/smolvlm-1.7b;mmke-entity/blip2-opt-2.7b;mmke-entity/paligemma-3b;mmke-visual/blip2-opt-2.7b;mmke-visual/minigpt-4-vicuna-7b;mmke-visual/qwen2.5-vl-3b
clean,power_a1_b1_g1,M_abscos_x_newn,1,13,False,21,67.62923076923077,70.034,-2.4047692307692303,67.62923076923077,-2.4047692307692303,2,6,5,2,5,0.0,-20.540000000000006,14.930000000000007,0,evqa-pilot500/blip2-opt-2.7b;evqa-pilot500/minigpt-4-vicuna-7b;evqa-pilot500/paligemma-3b;evqa-pilot500/qwen2.5-vl-3b;evqa-pilot500/smolvlm-1.7b;mmke-entity/blip2-opt-2.7b;mmke-entity/instructblip-vicuna-7b;mmke-entity/minigpt-4-vicuna-7b;mmke-entity/paligemma-3b;mmke-visual/blip2-opt-2.7b;mmke-visual/instructblip-vicuna-7b;mmke-visual/llava-v1.5-7b;mmke-visual/smolvlm-1.7b
clean,power_a1_b1_g1,M_abscos_x_newn,3,8,False,21,73.93725,75.057,-1.1197500000000025,71.87708333333333,-0.540583333333335,1,2,5,1,3,-0.18500000000000583,-7.549999999999997,0.8219999999999885,0.25,evqa-pilot500/minigpt-4-vicuna-7b;evqa-pilot500/paligemma-3b;evqa-pilot500/qwen2.5-vl-3b;mmke-entity/blip2-opt-2.7b;mmke-entity/paligemma-3b;mmke-visual/blip2-opt-2.7b;mmke-visual/llava-v1.5-7b;mmke-visual/smolvlm-1.7b
clean,power_a1_b1_g1,M_new_norm,1,12,False,21,66.88566666666667,69.35133333333333,-2.465666666666666,66.88566666666667,-2.465666666666666,3,4,5,2,4,0.0,-20.540000000000006,14.930000000000007,0,evqa-pilot500/blip2-opt-2.7b;evqa-pilot500/minigpt-4-vicuna-7b;evqa-pilot500/paligemma-3b;evqa-pilot500/qwen2.5-vl-3b;evqa-pilot500/smolvlm-1.7b;mmke-entity/blip2-opt-2.7b;mmke-entity/instructblip-vicuna-7b;mmke-entity/minigpt-4-vicuna-7b;mmke-entity/paligemma-3b;mmke-visual/blip2-opt-2.7b;mmke-visual/instructblip-vicuna-7b;mmke-visual/smolvlm-1.7b
clean,power_a1_b1_g1,M_new_norm,3,7,False,21,73.49857142857142,75.65485714285714,-2.1562857142857155,71.1704761904762,-1.0981904761904784,1,2,4,1,3,-0.18000000000000682,-7.549999999999997,0.6599999999999966,0.14285714285714285,evqa-pilot500/minigpt-4-vicuna-7b;evqa-pilot500/paligemma-3b;evqa-pilot500/qwen2.5-vl-3b;mmke-entity/blip2-opt-2.7b;mmke-entity/paligemma-3b;mmke-visual/blip2-opt-2.7b;mmke-visual/smolvlm-1.7b
clean,power_a1_b1_g2,M_abscos_x_newn,1,15,False,21,69.36626666666666,70.5296,-1.1633333333333336,69.36626666666666,-1.1633333333333336,5,3,7,5,6,0.0,-21.050000000000004,14.88000000000001,0.06666666666666667,evqa-pilot500/blip2-opt-2.7b;evqa-pilot500/minigpt-4-vicuna-7b;evqa-pilot500/paligemma-3b;evqa-pilot500/qwen2.5-vl-3b;mmke-entity/blip2-opt-2.7b;mmke-entity/instructblip-vicuna-7b;mmke-entity/minigpt-4-vicuna-7b;mmke-entity/paligemma-3b;mmke-entity/smolvlm-1.7b;mmke-visual/blip2-opt-2.7b;mmke-visual/instructblip-vicuna-7b;mmke-visual/llava-v1.5-7b;mmke-visual/minigpt-4-vicuna-7b;mmke-visual/qwen2.5-vl-3b;mmke-visual/smolvlm-1.7b
clean,power_a1_b1_g2,M_abscos_x_newn,3,11,False,21,72.69618181818181,73.856,-1.1598181818181852,71.36545454545454,0.0035757575757548402,3,2,6,3,4,-0.19000000000000483,-20.56000000000001,16.685999999999993,0.09090909090909091,evqa-pilot500/blip2-opt-2.7b;evqa-pilot500/paligemma-3b;evqa-pilot500/qwen2.5-vl-3b;mmke-entity/blip2-opt-2.7b;mmke-entity/minigpt-4-vicuna-7b;mmke-entity/paligemma-3b;mmke-visual/blip2-opt-2.7b;mmke-visual/instructblip-vicuna-7b;mmke-visual/minigpt-4-vicuna-7b;mmke-visual/qwen2.5-vl-3b;mmke-visual/smolvlm-1.7b
clean,power_a1_b1_g2,M_new_norm,1,14,False,21,68.82742857142857,69.92485714285715,-1.0974285714285712,68.82742857142857,-1.0974285714285712,7,1,6,5,5,0.16000000000000014,-21.050000000000004,14.88000000000001,0.07142857142857142,evqa-pilot500/blip2-opt-2.7b;evqa-pilot500/minigpt-4-vicuna-7b;evqa-pilot500/paligemma-3b;evqa-pilot500/qwen2.5-vl-3b;mmke-entity/blip2-opt-2.7b;mmke-entity/instructblip-vicuna-7b;mmke-entity/minigpt-4-vicuna-7b;mmke-entity/paligemma-3b;mmke-entity/smolvlm-1.7b;mmke-visual/blip2-opt-2.7b;mmke-visual/instructblip-vicuna-7b;mmke-visual/minigpt-4-vicuna-7b;mmke-visual/qwen2.5-vl-3b;mmke-visual/smolvlm-1.7b
clean,power_a1_b1_g2,M_new_norm,3,11,False,21,72.69618181818181,73.66454545454546,-0.9683636363636384,71.36545454545454,0.20442424242424098,5,1,5,4,4,0.0,-20.56000000000001,16.685999999999993,0.09090909090909091,evqa-pilot500/blip2-opt-2.7b;evqa-pilot500/paligemma-3b;evqa-pilot500/qwen2.5-vl-3b;mmke-entity/blip2-opt-2.7b;mmke-entity/minigpt-4-vicuna-7b;mmke-entity/paligemma-3b;mmke-visual/blip2-opt-2.7b;mmke-visual/instructblip-vicuna-7b;mmke-visual/minigpt-4-vicuna-7b;mmke-visual/qwen2.5-vl-3b;mmke-visual/smolvlm-1.7b
clean,power_a2_b-1_g-1,M_abscos_x_newn,1,16,False,21,66.559375,66.934625,-0.37525000000000075,66.559375,-0.37525000000000075,1,9,6,1,5,0.0,-2.216000000000001,1.0100000000000051,0.1875,evqa-pilot500/blip2-opt-2.7b;evqa-pilot500/instructblip-vicuna-7b;evqa-pilot500/llava-v1.5-7b;evqa-pilot500/minigpt-4-vicuna-7b;evqa-pilot500/qwen2.5-vl-3b;evqa-pilot500/smolvlm-1.7b;mmke-entity/blip2-opt-2.7b;mmke-entity/instructblip-vicuna-7b;mmke-entity/minigpt-4-vicuna-7b;mmke-entity/qwen2.5-vl-3b;mmke-entity/smolvlm-1.7b;mmke-visual/blip2-opt-2.7b;mmke-visual/instructblip-vicuna-7b;mmke-visual/minigpt-4-vicuna-7b;mmke-visual/qwen2.5-vl-3b;mmke-visual/smolvlm-1.7b
clean,power_a2_b-1_g-1,M_abscos_x_newn,3,13,False,21,69.06907692307692,68.6723076923077,0.3967692307692309,65.95492307692308,0.01235897435897416,1,11,1,1,1,0.0,-1.0060000000000002,6.1640000000000015,0.46153846153846156,evqa-pilot500/blip2-opt-2.7b;evqa-pilot500/instructblip-vicuna-7b;evqa-pilot500/minigpt-4-vicuna-7b;evqa-pilot500/smolvlm-1.7b;mmke-entity/blip2-opt-2.7b;mmke-entity/instructblip-vicuna-7b;mmke-entity/qwen2.5-vl-3b;mmke-entity/smolvlm-1.7b;mmke-visual/blip2-opt-2.7b;mmke-visual/instructblip-vicuna-7b;mmke-visual/minigpt-4-vicuna-7b;mmke-visual/qwen2.5-vl-3b;mmke-visual/smolvlm-1.7b
clean,power_a2_b-1_g-1,M_new_norm,1,16,False,21,66.559375,66.69475,-0.1353750000000007,66.559375,-0.1353750000000007,1,12,3,1,2,0.0,-2.216000000000001,1.0100000000000051,0.1875,evqa-pilot500/blip2-opt-2.7b;evqa-pilot500/instructblip-vicuna-7b;evqa-pilot500/llava-v1.5-7b;evqa-pilot500/minigpt-4-vicuna-7b;evqa-pilot500/qwen2.5-vl-3b;evqa-pilot500/smolvlm-1.7b;mmke-entity/blip2-opt-2.7b;mmke-entity/instructblip-vicuna-7b;mmke-entity/minigpt-4-vicuna-7b;mmke-entity/qwen2.5-vl-3b;mmke-entity/smolvlm-1.7b;mmke-visual/blip2-opt-2.7b;mmke-visual/instructblip-vicuna-7b;mmke-visual/minigpt-4-vicuna-7b;mmke-visual/qwen2.5-vl-3b;mmke-visual/smolvlm-1.7b
clean,power_a2_b-1_g-1,M_new_norm,3,12,False,21,70.28566666666667,70.30566666666667,-0.019999999999999574,67.09905555555555,-0.20677777777777706,0,11,1,0,0,0.0,-0.23999999999999488,0.0,0.4166666666666667,evqa-pilot500/blip2-opt-2.7b;evqa-pilot500/minigpt-4-vicuna-7b;evqa-pilot500/smolvlm-1.7b;mmke-entity/blip2-opt-2.7b;mmke-entity/instructblip-vicuna-7b;mmke-entity/qwen2.5-vl-3b;mmke-entity/smolvlm-1.7b;mmke-visual/blip2-opt-2.7b;mmke-visual/instructblip-vicuna-7b;mmke-visual/minigpt-4-vicuna-7b;mmke-visual/qwen2.5-vl-3b;mmke-visual/smolvlm-1.7b
clean,power_a2_b-1_g0,M_abscos_x_newn,1,14,False,21,62.630428571428574,65.92214285714286,-3.291714285714286,62.630428571428574,-3.291714285714286,3,3,8,2,8,-0.7700000000000031,-22.24000000000001,6.82,0.14285714285714285,evqa-pilot500/blip2-opt-2.7b;evqa-pilot500/instructblip-vicuna-7b;evqa-pilot500/llava-v1.5-7b;evqa-pilot500/minigpt-4-vicuna-7b;evqa-pilot500/qwen2.5-vl-3b;evqa-pilot500/smolvlm-1.7b;mmke-entity/blip2-opt-2.7b;mmke-entity/instructblip-vicuna-7b;mmke-entity/smolvlm-1.7b;mmke-visual/blip2-opt-2.7b;mmke-visual/instructblip-vicuna-7b;mmke-visual/minigpt-4-vicuna-7b;mmke-visual/qwen2.5-vl-3b;mmke-visual/smolvlm-1.7b
clean,power_a2_b-1_g0,M_abscos_x_newn,3,7,False,21,64.50285714285714,69.04142857142857,-4.538571428571429,62.668190476190475,-3.147523809523809,0,2,5,0,5,-1.75,-21.660000000000004,0.0,0.14285714285714285,evqa-pilot500/blip2-opt-2.7b;evqa-pilot500/minigpt-4-vicuna-7b;evqa-pilot500/smolvlm-1.7b;mmke-entity/blip2-opt-2.7b;mmke-entity/instructblip-vicuna-7b;mmke-visual/minigpt-4-vicuna-7b;mmke-visual/smolvlm-1.7b
clean,power_a2_b-1_g0,M_new_norm,1,14,False,21,62.630428571428574,65.68285714285715,-3.0524285714285715,62.630428571428574,-3.0524285714285715,4,3,7,2,6,-0.05000000000000071,-22.24000000000001,6.82,0.14285714285714285,evqa-pilot500/blip2-opt-2.7b;evqa-pilot500/instructblip-vicuna-7b;evqa-pilot500/llava-v1.5-7b;evqa-pilot500/minigpt-4-vicuna-7b;evqa-pilot500/qwen2.5-vl-3b;evqa-pilot500/smolvlm-1.7b;mmke-entity/blip2-opt-2.7b;mmke-entity/instructblip-vicuna-7b;mmke-entity/smolvlm-1.7b;mmke-visual/blip2-opt-2.7b;mmke-visual/instructblip-vicuna-7b;mmke-visual/minigpt-4-vicuna-7b;mmke-visual/qwen2.5-vl-3b;mmke-visual/smolvlm-1.7b
clean,power_a2_b-1_g0,M_new_norm,3,7,False,21,64.50285714285714,69.81257142857143,-5.309714285714286,62.668190476190475,-3.490857142857141,0,2,5,0,5,-1.6239999999999952,-21.660000000000004,0.0,0.14285714285714285,evqa-pilot500/blip2-opt-2.7b;evqa-pilot500/minigpt-4-vicuna-7b;evqa-pilot500/smolvlm-1.7b;mmke-entity/blip2-opt-2.7b;mmke-entity/instructblip-vicuna-7b;mmke-visual/minigpt-4-vicuna-7b;mmke-visual/smolvlm-1.7b
clean,power_a2_b-1_g0.5,M_abscos_x_newn,1,12,False,21,64.03966666666666,67.3225,-3.282833333333332,64.03966666666666,-3.282833333333332,2,1,9,1,9,-1.3350000000000009,-22.24000000000001,14.88000000000001,0,evqa-pilot500/blip2-opt-2.7b;evqa-pilot500/llava-v1.5-7b;evqa-pilot500/minigpt-4-vicuna-7b;evqa-pilot500/qwen2.5-vl-3b;evqa-pilot500/smolvlm-1.7b;mmke-entity/blip2-opt-2.7b;mmke-entity/instructblip-vicuna-7b;mmke-entity/qwen2.5-vl-3b;mmke-entity/smolvlm-1.7b;mmke-visual/instructblip-vicuna-7b;mmke-visual/minigpt-4-vicuna-7b;mmke-visual/smolvlm-1.7b
clean,power_a2_b-1_g0.5,M_abscos_x_newn,3,7,False,21,66.258,68.22571428571429,-1.967714285714288,64.69685714285714,-0.29019047619047456,1,1,5,1,5,-0.5900000000000034,-22.24000000000001,16.685999999999993,0.14285714285714285,evqa-pilot500/blip2-opt-2.7b;evqa-pilot500/minigpt-4-vicuna-7b;evqa-pilot500/smolvlm-1.7b;mmke-entity/blip2-opt-2.7b;mmke-entity/instructblip-vicuna-7b;mmke-entity/smolvlm-1.7b;mmke-visual/smolvlm-1.7b
clean,power_a2_b-1_g0.5,M_new_norm,1,12,False,21,64.03966666666666,67.04333333333334,-3.0036666666666654,64.03966666666666,-3.0036666666666654,3,1,8,1,7,-0.7550000000000026,-22.24000000000001,14.88000000000001,0,evqa-pilot500/blip2-opt-2.7b;evqa-pilot500/llava-v1.5-7b;evqa-pilot500/minigpt-4-vicuna-7b;evqa-pilot500/qwen2.5-vl-3b;evqa-pilot500/smolvlm-1.7b;mmke-entity/blip2-opt-2.7b;mmke-entity/instructblip-vicuna-7b;mmke-entity/qwen2.5-vl-3b;mmke-entity/smolvlm-1.7b;mmke-visual/instructblip-vicuna-7b;mmke-visual/minigpt-4-vicuna-7b;mmke-visual/smolvlm-1.7b
clean,power_a2_b-1_g0.5,M_new_norm,3,7,False,21,66.258,69.10628571428572,-2.8482857142857165,64.69685714285714,-0.7450476190476171,1,1,5,1,5,-0.5900000000000034,-22.24000000000001,16.685999999999993,0.14285714285714285,evqa-pilot500/blip2-opt-2.7b;evqa-pilot500/minigpt-4-vicuna-7b;evqa-pilot500/smolvlm-1.7b;mmke-entity/blip2-opt-2.7b;mmke-entity/instructblip-vicuna-7b;mmke-entity/smolvlm-1.7b;mmke-visual/smolvlm-1.7b
clean,power_a2_b-1_g1,M_abscos_x_newn,1,14,False,21,64.11971428571428,66.05071428571429,-1.9309999999999994,64.11971428571428,-1.9309999999999994,4,0,10,3,10,-1.7349999999999994,-22.24000000000001,17.439999999999998,0.07142857142857142,evqa-pilot500/blip2-opt-2.7b;evqa-pilot500/instructblip-vicuna-7b;evqa-pilot500/llava-v1.5-7b;evqa-pilot500/minigpt-4-vicuna-7b;evqa-pilot500/qwen2.5-vl-3b;evqa-pilot500/smolvlm-1.7b;mmke-entity/blip2-opt-2.7b;mmke-entity/instructblip-vicuna-7b;mmke-entity/qwen2.5-vl-3b;mmke-entity/smolvlm-1.7b;mmke-visual/blip2-opt-2.7b;mmke-visual/instructblip-vicuna-7b;mmke-visual/minigpt-4-vicuna-7b;mmke-visual/smolvlm-1.7b
clean,power_a2_b-1_g1,M_abscos_x_newn,3,8,False,21,65.71325,67.665,-1.9517500000000032,64.55483333333333,-0.20675000000000043,1,0,7,1,6,-0.7700000000000031,-22.24000000000001,17.093999999999994,0.125,evqa-pilot500/blip2-opt-2.7b;evqa-pilot500/minigpt-4-vicuna-7b;evqa-pilot500/qwen2.5-vl-3b;evqa-pilot500/smolvlm-1.7b;mmke-entity/blip2-opt-2.7b;mmke-entity/instructblip-vicuna-7b;mmke-entity/smolvlm-1.7b;mmke-visual/smolvlm-1.7b
clean,power_a2_b-1_g1,M_new_norm,1,14,False,21,64.11971428571428,65.81142857142856,-1.691714285714285,64.11971428571428,-1.691714285714285,5,0,9,3,9,-0.9350000000000023,-22.24000000000001,17.439999999999998,0.07142857142857142,evqa-pilot500/blip2-opt-2.7b;evqa-pilot500/instructblip-vicuna-7b;evqa-pilot500/llava-v1.5-7b;evqa-pilot500/minigpt-4-vicuna-7b;evqa-pilot500/qwen2.5-vl-3b;evqa-pilot500/smolvlm-1.7b;mmke-entity/blip2-opt-2.7b;mmke-entity/instructblip-vicuna-7b;mmke-entity/qwen2.5-vl-3b;mmke-entity/smolvlm-1.7b;mmke-visual/blip2-opt-2.7b;mmke-visual/instructblip-vicuna-7b;mmke-visual/minigpt-4-vicuna-7b;mmke-visual/smolvlm-1.7b
clean,power_a2_b-1_g1,M_new_norm,3,8,False,21,65.71325,68.32925,-2.616000000000003,64.55483333333333,-0.48183333333333334,1,0,7,1,5,-0.5450000000000017,-22.24000000000001,17.093999999999994,0.125,evqa-pilot500/blip2-opt-2.7b;evqa-pilot500/minigpt-4-vicuna-7b;evqa-pilot500/qwen2.5-vl-3b;evqa-pilot500/smolvlm-1.7b;mmke-entity/blip2-opt-2.7b;mmke-entity/instructblip-vicuna-7b;mmke-entity/smolvlm-1.7b;mmke-visual/smolvlm-1.7b
clean,power_a2_b-1_g2,M_abscos_x_newn,1,12,False,21,64.02466666666666,66.50166666666667,-2.477,64.02466666666666,-2.477,3,0,9,3,9,-1.7750000000000021,-23.53,17.439999999999998,0.08333333333333333,evqa-pilot500/blip2-opt-2.7b;evqa-pilot500/llava-v1.5-7b;evqa-pilot500/minigpt-4-vicuna-7b;evqa-pilot500/qwen2.5-vl-3b;evqa-pilot500/smolvlm-1.7b;mmke-entity/blip2-opt-2.7b;mmke-entity/instructblip-vicuna-7b;mmke-entity/smolvlm-1.7b;mmke-visual/blip2-opt-2.7b;mmke-visual/instructblip-vicuna-7b;mmke-visual/minigpt-4-vicuna-7b;mmke-visual/smolvlm-1.7b
clean,power_a2_b-1_g2,M_abscos_x_newn,3,9,False,21,66.00844444444445,67.91,-1.9015555555555577,65.01355555555556,-0.03118518518518698,2,0,7,2,7,-1.7399999999999949,-22.24000000000001,17.093999999999994,0.1111111111111111,evqa-pilot500/blip2-opt-2.7b;evqa-pilot500/minigpt-4-vicuna-7b;evqa-pilot500/qwen2.5-vl-3b;evqa-pilot500/smolvlm-1.7b;mmke-entity/blip2-opt-2.7b;mmke-entity/instructblip-vicuna-7b;mmke-entity/smolvlm-1.7b;mmke-visual/blip2-opt-2.7b;mmke-visual/smolvlm-1.7b
clean,power_a2_b-1_g2,M_new_norm,1,12,False,21,64.02466666666666,66.2225,-2.197833333333333,64.02466666666666,-2.197833333333333,4,0,8,3,8,-1.3500000000000014,-23.53,17.439999999999998,0.08333333333333333,evqa-pilot500/blip2-opt-2.7b;evqa-pilot500/llava-v1.5-7b;evqa-pilot500/minigpt-4-vicuna-7b;evqa-pilot500/qwen2.5-vl-3b;evqa-pilot500/smolvlm-1.7b;mmke-entity/blip2-opt-2.7b;mmke-entity/instructblip-vicuna-7b;mmke-entity/smolvlm-1.7b;mmke-visual/blip2-opt-2.7b;mmke-visual/instructblip-vicuna-7b;mmke-visual/minigpt-4-vicuna-7b;mmke-visual/smolvlm-1.7b
clean,power_a2_b-1_g2,M_new_norm,3,9,False,21,66.00844444444445,68.50044444444444,-2.492000000000002,65.01355555555556,-0.2757037037037051,2,0,7,2,6,-1.7399999999999949,-22.24000000000001,17.093999999999994,0.1111111111111111,evqa-pilot500/blip2-opt-2.7b;evqa-pilot500/minigpt-4-vicuna-7b;evqa-pilot500/qwen2.5-vl-3b;evqa-pilot500/smolvlm-1.7b;mmke-entity/blip2-opt-2.7b;mmke-entity/instructblip-vicuna-7b;mmke-entity/smolvlm-1.7b;mmke-visual/blip2-opt-2.7b;mmke-visual/smolvlm-1.7b
clean,power_a2_b-0.5_g-1,M_abscos_x_newn,1,17,False,21,67.07105882352941,67.41835294117647,-0.3472941176470594,67.07105882352941,-0.3472941176470594,1,10,6,1,5,0.0,-2.216000000000001,1.0100000000000051,0.17647058823529413,evqa-pilot500/blip2-opt-2.7b;evqa-pilot500/instructblip-vicuna-7b;evqa-pilot500/llava-v1.5-7b;evqa-pilot500/minigpt-4-vicuna-7b;evqa-pilot500/qwen2.5-vl-3b;evqa-pilot500/smolvlm-1.7b;mmke-entity/blip2-opt-2.7b;mmke-entity/instructblip-vicuna-7b;mmke-entity/minigpt-4-vicuna-7b;mmke-entity/qwen2.5-vl-3b;mmke-entity/smolvlm-1.7b;mmke-visual/blip2-opt-2.7b;mmke-visual/instructblip-vicuna-7b;mmke-visual/llava-v1.5-7b;mmke-visual/minigpt-4-vicuna-7b;mmke-visual/qwen2.5-vl-3b;mmke-visual/smolvlm-1.7b
clean,power_a2_b-0.5_g-1,M_abscos_x_newn,3,15,False,21,69.24426666666668,68.84440000000001,0.39986666666666604,66.49053333333333,0.0839999999999994,2,12,1,2,1,0.0,-0.7660000000000053,6.1640000000000015,0.4666666666666667,evqa-pilot500/blip2-opt-2.7b;evqa-pilot500/instructblip-vicuna-7b;evqa-pilot500/minigpt-4-vicuna-7b;evqa-pilot500/qwen2.5-vl-3b;evqa-pilot500/smolvlm-1.7b;mmke-entity/blip2-opt-2.7b;mmke-entity/instructblip-vicuna-7b;mmke-entity/qwen2.5-vl-3b;mmke-entity/smolvlm-1.7b;mmke-visual/blip2-opt-2.7b;mmke-visual/instructblip-vicuna-7b;mmke-visual/llava-v1.5-7b;mmke-visual/minigpt-4-vicuna-7b;mmke-visual/qwen2.5-vl-3b;mmke-visual/smolvlm-1.7b
clean,power_a2_b-0.5_g-1,M_new_norm,1,16,False,21,66.565625,66.69475,-0.1291250000000006,66.565625,-0.1291250000000006,1,13,2,1,2,0.0,-2.216000000000001,1.0100000000000051,0.1875,evqa-pilot500/blip2-opt-2.7b;evqa-pilot500/instructblip-vicuna-7b;evqa-pilot500/llava-v1.5-7b;evqa-pilot500/minigpt-4-vicuna-7b;evqa-pilot500/qwen2.5-vl-3b;evqa-pilot500/smolvlm-1.7b;mmke-entity/blip2-opt-2.7b;mmke-entity/instructblip-vicuna-7b;mmke-entity/minigpt-4-vicuna-7b;mmke-entity/qwen2.5-vl-3b;mmke-entity/smolvlm-1.7b;mmke-visual/blip2-opt-2.7b;mmke-visual/instructblip-vicuna-7b;mmke-visual/minigpt-4-vicuna-7b;mmke-visual/qwen2.5-vl-3b;mmke-visual/smolvlm-1.7b
clean,power_a2_b-0.5_g-1,M_new_norm,3,13,False,21,69.80061538461538,69.73523076923077,0.0653846153846155,66.86702564102565,-0.04605128205128203,1,12,0,1,0,0.0,0.0,0.8500000000000014,0.46153846153846156,evqa-pilot500/blip2-opt-2.7b;evqa-pilot500/minigpt-4-vicuna-7b;evqa-pilot500/qwen2.5-vl-3b;evqa-pilot500/smolvlm-1.7b;mmke-entity/blip2-opt-2.7b;mmke-entity/instructblip-vicuna-7b;mmke-entity/qwen2.5-vl-3b;mmke-entity/smolvlm-1.7b;mmke-visual/blip2-opt-2.7b;mmke-visual/instructblip-vicuna-7b;mmke-visual/minigpt-4-vicuna-7b;mmke-visual/qwen2.5-vl-3b;mmke-visual/smolvlm-1.7b
clean,power_a2_b-0.5_g0,M_abscos_x_newn,1,12,False,21,64.44233333333334,68.3785,-3.9361666666666664,64.44233333333334,-3.9361666666666664,0,7,5,0,5,0.0,-22.24000000000001,0.0,0.08333333333333333,evqa-pilot500/blip2-opt-2.7b;evqa-pilot500/instructblip-vicuna-7b;evqa-pilot500/minigpt-4-vicuna-7b;evqa-pilot500/paligemma-3b;evqa-pilot500/qwen2.5-vl-3b;mmke-entity/blip2-opt-2.7b;mmke-entity/instructblip-vicuna-7b;mmke-entity/paligemma-3b;mmke-visual/blip2-opt-2.7b;mmke-visual/instructblip-vicuna-7b;mmke-visual/minigpt-4-vicuna-7b;mmke-visual/smolvlm-1.7b
clean,power_a2_b-0.5_g0,M_abscos_x_newn,3,11,False,21,69.41236363636364,71.78236363636364,-2.3700000000000014,66.13945454545454,-2.3820000000000023,0,6,5,0,4,0.0,-21.660000000000004,0.0,0.36363636363636365,evqa-pilot500/blip2-opt-2.7b;evqa-pilot500/instructblip-vicuna-7b;evqa-pilot500/paligemma-3b;evqa-pilot500/qwen2.5-vl-3b;mmke-entity/blip2-opt-2.7b;mmke-entity/instructblip-vicuna-7b;mmke-entity/paligemma-3b;mmke-visual/blip2-opt-2.7b;mmke-visual/instructblip-vicuna-7b;mmke-visual/minigpt-4-vicuna-7b;mmke-visual/smolvlm-1.7b
clean,power_a2_b-0.5_g0,M_new_norm,1,12,False,21,64.44233333333334,68.09933333333333,-3.6569999999999996,64.44233333333334,-3.6569999999999996,1,6,5,1,4,0.0,-22.24000000000001,1.730000000000004,0.08333333333333333,evqa-pilot500/blip2-opt-2.7b;evqa-pilot500/instructblip-vicuna-7b;evqa-pilot500/minigpt-4-vicuna-7b;evqa-pilot500/paligemma-3b;evqa-pilot500/qwen2.5-vl-3b;mmke-entity/blip2-opt-2.7b;mmke-entity/instructblip-vicuna-7b;mmke-entity/paligemma-3b;mmke-visual/blip2-opt-2.7b;mmke-visual/instructblip-vicuna-7b;mmke-visual/minigpt-4-vicuna-7b;mmke-visual/smolvlm-1.7b
clean,power_a2_b-0.5_g0,M_new_norm,3,10,False,21,70.9066,73.352,-2.4454000000000007,67.55473333333333,-2.4438000000000017,1,4,5,1,4,-0.09000000000000341,-21.660000000000004,0.8500000000000014,0.3,evqa-pilot500/blip2-opt-2.7b;evqa-pilot500/paligemma-3b;evqa-pilot500/qwen2.5-vl-3b;mmke-entity/blip2-opt-2.7b;mmke-entity/instructblip-vicuna-7b;mmke-entity/paligemma-3b;mmke-visual/blip2-opt-2.7b;mmke-visual/instructblip-vicuna-7b;mmke-visual/minigpt-4-vicuna-7b;mmke-visual/smolvlm-1.7b
clean,power_a2_b-0.5_g0.5,M_abscos_x_newn,1,14,False,21,67.12542857142857,69.94714285714286,-2.821714285714286,67.12542857142857,-2.821714285714286,4,4,6,3,6,0.0,-22.24000000000001,6.82,0.07142857142857142,evqa-pilot500/llava-v1.5-7b;evqa-pilot500/minigpt-4-vicuna-7b;evqa-pilot500/paligemma-3b;evqa-pilot500/qwen2.5-vl-3b;evqa-pilot500/smolvlm-1.7b;mmke-entity/blip2-opt-2.7b;mmke-entity/instructblip-vicuna-7b;mmke-entity/paligemma-3b;mmke-entity/smolvlm-1.7b;mmke-visual/blip2-opt-2.7b;mmke-visual/instructblip-vicuna-7b;mmke-visual/minigpt-4-vicuna-7b;mmke-visual/qwen2.5-vl-3b;mmke-visual/smolvlm-1.7b
clean,power_a2_b-0.5_g0.5,M_abscos_x_newn,3,7,False,21,70.01857142857143,77.57428571428572,-7.555714285714287,68.1827619047619,-5.4826666666666695,0,2,5,0,5,-2.3900000000000006,-21.660000000000004,0.0,0.14285714285714285,evqa-pilot500/paligemma-3b;mmke-entity/blip2-opt-2.7b;mmke-entity/instructblip-vicuna-7b;mmke-entity/paligemma-3b;mmke-visual/instructblip-vicuna-7b;mmke-visual/minigpt-4-vicuna-7b;mmke-visual/smolvlm-1.7b
clean,power_a2_b-0.5_g0.5,M_new_norm,1,14,False,21,67.12542857142857,69.70785714285714,-2.5824285714285717,67.12542857142857,-2.5824285714285717,5,3,6,4,5,0.0,-22.24000000000001,6.82,0.07142857142857142,evqa-pilot500/llava-v1.5-7b;evqa-pilot500/minigpt-4-vicuna-7b;evqa-pilot500/paligemma-3b;evqa-pilot500/qwen2.5-vl-3b;evqa-pilot500/smolvlm-1.7b;mmke-entity/blip2-opt-2.7b;mmke-entity/instructblip-vicuna-7b;mmke-entity/paligemma-3b;mmke-entity/smolvlm-1.7b;mmke-visual/blip2-opt-2.7b;mmke-visual/instructblip-vicuna-7b;mmke-visual/minigpt-4-vicuna-7b;mmke-visual/qwen2.5-vl-3b;mmke-visual/smolvlm-1.7b
clean,power_a2_b-0.5_g0.5,M_new_norm,3,7,False,21,70.01857142857143,77.46485714285714,-7.446285714285715,68.1827619047619,-5.371142857142859,0,2,5,0,5,-1.6239999999999952,-21.660000000000004,0.0,0.14285714285714285,evqa-pilot500/paligemma-3b;mmke-entity/blip2-opt-2.7b;mmke-entity/instructblip-vicuna-7b;mmke-entity/paligemma-3b;mmke-visual/instructblip-vicuna-7b;mmke-visual/minigpt-4-vicuna-7b;mmke-visual/smolvlm-1.7b
clean,power_a2_b-0.5_g1,M_abscos_x_newn,1,15,False,21,67.78506666666667,69.16133333333333,-1.3762666666666656,67.78506666666667,-1.3762666666666656,6,2,7,5,7,0.0,-22.24000000000001,14.88000000000001,0.06666666666666667,evqa-pilot500/blip2-opt-2.7b;evqa-pilot500/llava-v1.5-7b;evqa-pilot500/minigpt-4-vicuna-7b;evqa-pilot500/paligemma-3b;evqa-pilot500/qwen2.5-vl-3b;evqa-pilot500/smolvlm-1.7b;mmke-entity/blip2-opt-2.7b;mmke-entity/instructblip-vicuna-7b;mmke-entity/paligemma-3b;mmke-entity/smolvlm-1.7b;mmke-visual/blip2-opt-2.7b;mmke-visual/instructblip-vicuna-7b;mmke-visual/minigpt-4-vicuna-7b;mmke-visual/qwen2.5-vl-3b;mmke-visual/smolvlm-1.7b
clean,power_a2_b-0.5_g1,M_abscos_x_newn,3,10,False,21,72.71379999999999,74.1746,-1.4608000000000025,71.01353333333333,-0.2084000000000003,2,1,7,2,6,-0.5450000000000017,-21.660000000000004,16.685999999999993,0.1,evqa-pilot500/blip2-opt-2.7b;evqa-pilot500/paligemma-3b;evqa-pilot500/smolvlm-1.7b;mmke-entity/blip2-opt-2.7b;mmke-entity/instructblip-vicuna-7b;mmke-entity/paligemma-3b;mmke-entity/smolvlm-1.7b;mmke-visual/minigpt-4-vicuna-7b;mmke-visual/qwen2.5-vl-3b;mmke-visual/smolvlm-1.7b
clean,power_a2_b-0.5_g1,M_new_norm,1,15,False,21,67.78506666666667,68.938,-1.1529333333333323,67.78506666666667,-1.1529333333333323,7,1,7,6,6,0.0,-22.24000000000001,14.88000000000001,0.06666666666666667,evqa-pilot500/blip2-opt-2.7b;evqa-pilot500/llava-v1.5-7b;evqa-pilot500/minigpt-4-vicuna-7b;evqa-pilot500/paligemma-3b;evqa-pilot500/qwen2.5-vl-3b;evqa-pilot500/smolvlm-1.7b;mmke-entity/blip2-opt-2.7b;mmke-entity/instructblip-vicuna-7b;mmke-entity/paligemma-3b;mmke-entity/smolvlm-1.7b;mmke-visual/blip2-opt-2.7b;mmke-visual/instructblip-vicuna-7b;mmke-visual/minigpt-4-vicuna-7b;mmke-visual/qwen2.5-vl-3b;mmke-visual/smolvlm-1.7b
clean,power_a2_b-0.5_g1,M_new_norm,3,10,False,21,72.71379999999999,74.098,-1.384200000000002,71.01353333333333,-0.13033333333333275,2,1,7,2,6,-0.5450000000000017,-21.660000000000004,16.685999999999993,0.1,evqa-pilot500/blip2-opt-2.7b;evqa-pilot500/paligemma-3b;evqa-pilot500/smolvlm-1.7b;mmke-entity/blip2-opt-2.7b;mmke-entity/instructblip-vicuna-7b;mmke-entity/paligemma-3b;mmke-entity/smolvlm-1.7b;mmke-visual/minigpt-4-vicuna-7b;mmke-visual/qwen2.5-vl-3b;mmke-visual/smolvlm-1.7b
clean,power_a2_b-0.5_g2,M_abscos_x_newn,1,15,False,21,66.8204,67.922,-1.1015999999999997,66.8204,-1.1015999999999997,6,0,9,5,8,-0.9200000000000017,-22.24000000000001,17.439999999999998,0.06666666666666667,evqa-pilot500/blip2-opt-2.7b;evqa-pilot500/llava-v1.5-7b;evqa-pilot500/minigpt-4-vicuna-7b;evqa-pilot500/paligemma-3b;evqa-pilot500/qwen2.5-vl-3b;evqa-pilot500/smolvlm-1.7b;mmke-entity/blip2-opt-2.7b;mmke-entity/instructblip-vicuna-7b;mmke-entity/qwen2.5-vl-3b;mmke-entity/smolvlm-1.7b;mmke-visual/blip2-opt-2.7b;mmke-visual/instructblip-vicuna-7b;mmke-visual/minigpt-4-vicuna-7b;mmke-visual/qwen2.5-vl-3b;mmke-visual/smolvlm-1.7b
clean,power_a2_b-0.5_g2,M_abscos_x_newn,3,9,False,21,66.22955555555555,67.91,-1.680444444444447,65.14725925925926,0.10251851851851829,2,0,7,2,7,-0.9500000000000028,-21.660000000000004,17.093999999999994,0.1111111111111111,evqa-pilot500/blip2-opt-2.7b;evqa-pilot500/minigpt-4-vicuna-7b;evqa-pilot500/qwen2.5-vl-3b;evqa-pilot500/smolvlm-1.7b;mmke-entity/blip2-opt-2.7b;mmke-entity/instructblip-vicuna-7b;mmke-entity/smolvlm-1.7b;mmke-visual/blip2-opt-2.7b;mmke-visual/smolvlm-1.7b
clean,power_a2_b-0.5_g2,M_new_norm,1,15,False,21,66.8204,67.69866666666667,-0.8782666666666662,66.8204,-0.8782666666666662,7,0,8,5,6,-0.0799999999999983,-22.24000000000001,17.439999999999998,0.06666666666666667,evqa-pilot500/blip2-opt-2.7b;evqa-pilot500/llava-v1.5-7b;evqa-pilot500/minigpt-4-vicuna-7b;evqa-pilot500/paligemma-3b;evqa-pilot500/qwen2.5-vl-3b;evqa-pilot500/smolvlm-1.7b;mmke-entity/blip2-opt-2.7b;mmke-entity/instructblip-vicuna-7b;mmke-entity/qwen2.5-vl-3b;mmke-entity/smolvlm-1.7b;mmke-visual/blip2-opt-2.7b;mmke-visual/instructblip-vicuna-7b;mmke-visual/minigpt-4-vicuna-7b;mmke-visual/qwen2.5-vl-3b;mmke-visual/smolvlm-1.7b
clean,power_a2_b-0.5_g2,M_new_norm,3,9,False,21,66.22955555555555,68.50044444444444,-2.2708888888888916,65.14725925925926,-0.14199999999999985,2,0,7,2,6,-0.5900000000000034,-21.660000000000004,17.093999999999994,0.1111111111111111,evqa-pilot500/blip2-opt-2.7b;evqa-pilot500/minigpt-4-vicuna-7b;evqa-pilot500/qwen2.5-vl-3b;evqa-pilot500/smolvlm-1.7b;mmke-entity/blip2-opt-2.7b;mmke-entity/instructblip-vicuna-7b;mmke-entity/smolvlm-1.7b;mmke-visual/blip2-opt-2.7b;mmke-visual/smolvlm-1.7b
clean,power_a2_b0_g-1,M_abscos_x_newn,1,17,False,21,67.07105882352941,67.41835294117647,-0.3472941176470594,67.07105882352941,-0.3472941176470594,1,10,6,1,5,0.0,-2.216000000000001,1.0100000000000051,0.17647058823529413,evqa-pilot500/blip2-opt-2.7b;evqa-pilot500/instructblip-vicuna-7b;evqa-pilot500/llava-v1.5-7b;evqa-pilot500/minigpt-4-vicuna-7b;evqa-pilot500/qwen2.5-vl-3b;evqa-pilot500/smolvlm-1.7b;mmke-entity/blip2-opt-2.7b;mmke-entity/instructblip-vicuna-7b;mmke-entity/minigpt-4-vicuna-7b;mmke-entity/qwen2.5-vl-3b;mmke-entity/smolvlm-1.7b;mmke-visual/blip2-opt-2.7b;mmke-visual/instructblip-vicuna-7b;mmke-visual/llava-v1.5-7b;mmke-visual/minigpt-4-vicuna-7b;mmke-visual/qwen2.5-vl-3b;mmke-visual/smolvlm-1.7b
clean,power_a2_b0_g-1,M_abscos_x_newn,3,16,False,21,69.638375,69.29412500000001,0.34424999999999883,67.04420833333333,0.05091666666666583,2,12,2,2,1,0.0,-0.7660000000000053,6.1640000000000015,0.4375,evqa-pilot500/blip2-opt-2.7b;evqa-pilot500/instructblip-vicuna-7b;evqa-pilot500/minigpt-4-vicuna-7b;evqa-pilot500/qwen2.5-vl-3b;evqa-pilot500/smolvlm-1.7b;mmke-entity/blip2-opt-2.7b;mmke-entity/instructblip-vicuna-7b;mmke-entity/minigpt-4-vicuna-7b;mmke-entity/qwen2.5-vl-3b;mmke-entity/smolvlm-1.7b;mmke-visual/blip2-opt-2.7b;mmke-visual/instructblip-vicuna-7b;mmke-visual/llava-v1.5-7b;mmke-visual/minigpt-4-vicuna-7b;mmke-visual/qwen2.5-vl-3b;mmke-visual/smolvlm-1.7b
clean,power_a2_b0_g-1,M_new_norm,1,16,False,21,66.565625,66.69475,-0.1291250000000006,66.565625,-0.1291250000000006,1,13,2,1,2,0.0,-2.216000000000001,1.0100000000000051,0.1875,evqa-pilot500/blip2-opt-2.7b;evqa-pilot500/instructblip-vicuna-7b;evqa-pilot500/llava-v1.5-7b;evqa-pilot500/minigpt-4-vicuna-7b;evqa-pilot500/qwen2.5-vl-3b;evqa-pilot500/smolvlm-1.7b;mmke-entity/blip2-opt-2.7b;mmke-entity/instructblip-vicuna-7b;mmke-entity/minigpt-4-vicuna-7b;mmke-entity/qwen2.5-vl-3b;mmke-entity/smolvlm-1.7b;mmke-visual/blip2-opt-2.7b;mmke-visual/instructblip-vicuna-7b;mmke-visual/minigpt-4-vicuna-7b;mmke-visual/qwen2.5-vl-3b;mmke-visual/smolvlm-1.7b
clean,power_a2_b0_g-1,M_new_norm,3,14,False,21,70.21128571428572,70.15057142857142,0.06071428571428582,67.47290476190476,-0.042761904761904744,1,13,0,1,0,0.0,0.0,0.8500000000000014,0.42857142857142855,evqa-pilot500/blip2-opt-2.7b;evqa-pilot500/minigpt-4-vicuna-7b;evqa-pilot500/qwen2.5-vl-3b;evqa-pilot500/smolvlm-1.7b;mmke-entity/blip2-opt-2.7b;mmke-entity/instructblip-vicuna-7b;mmke-entity/minigpt-4-vicuna-7b;mmke-entity/qwen2.5-vl-3b;mmke-entity/smolvlm-1.7b;mmke-visual/blip2-opt-2.7b;mmke-visual/instructblip-vicuna-7b;mmke-visual/minigpt-4-vicuna-7b;mmke-visual/qwen2.5-vl-3b;mmke-visual/smolvlm-1.7b
clean,power_a2_b0_g0,M_abscos_x_newn,1,18,False,21,67.59455555555556,69.04844444444444,-1.4538888888888881,67.59455555555556,-1.4538888888888881,1,14,3,0,3,0.0,-22.24000000000001,0.21600000000000819,0.16666666666666666,evqa-pilot500/blip2-opt-2.7b;evqa-pilot500/instructblip-vicuna-7b;evqa-pilot500/llava-v1.5-7b;evqa-pilot500/minigpt-4-vicuna-7b;evqa-pilot500/paligemma-3b;evqa-pilot500/qwen2.5-vl-3b;evqa-pilot500/smolvlm-1.7b;mmke-entity/blip2-opt-2.7b;mmke-entity/instructblip-vicuna-7b;mmke-entity/minigpt-4-vicuna-7b;mmke-entity/paligemma-3b;mmke-entity/smolvlm-1.7b;mmke-visual/blip2-opt-2.7b;mmke-visual/instructblip-vicuna-7b;mmke-visual/llava-v1.5-7b;mmke-visual/minigpt-4-vicuna-7b;mmke-visual/qwen2.5-vl-3b;mmke-visual/smolvlm-1.7b
clean,power_a2_b0_g0,M_abscos_x_newn,3,14,False,21,71.673,71.85300000000001,-0.18000000000000074,68.08057142857143,-0.770619047619049,1,11,2,0,1,0.0,-2.3900000000000006,0.04999999999999716,0.5,evqa-pilot500/blip2-opt-2.7b;evqa-pilot500/instructblip-vicuna-7b;evqa-pilot500/paligemma-3b;evqa-pilot500/qwen2.5-vl-3b;evqa-pilot500/smolvlm-1.7b;mmke-entity/blip2-opt-2.7b;mmke-entity/instructblip-vicuna-7b;mmke-entity/paligemma-3b;mmke-entity/smolvlm-1.7b;mmke-visual/blip2-opt-2.7b;mmke-visual/instructblip-vicuna-7b;mmke-visual/llava-v1.5-7b;mmke-visual/minigpt-4-vicuna-7b;mmke-visual/qwen2.5-vl-3b
clean,power_a2_b0_g0,M_new_norm,1,17,False,21,67.14964705882353,68.46329411764705,-1.3136470588235287,67.14964705882353,-1.3136470588235287,3,11,3,3,3,0.0,-22.24000000000001,1.730000000000004,0.17647058823529413,evqa-pilot500/blip2-opt-2.7b;evqa-pilot500/instructblip-vicuna-7b;evqa-pilot500/llava-v1.5-7b;evqa-pilot500/minigpt-4-vicuna-7b;evqa-pilot500/paligemma-3b;evqa-pilot500/qwen2.5-vl-3b;evqa-pilot500/smolvlm-1.7b;mmke-entity/blip2-opt-2.7b;mmke-entity/instructblip-vicuna-7b;mmke-entity/minigpt-4-vicuna-7b;mmke-entity/paligemma-3b;mmke-entity/smolvlm-1.7b;mmke-visual/blip2-opt-2.7b;mmke-visual/instructblip-vicuna-7b;mmke-visual/minigpt-4-vicuna-7b;mmke-visual/qwen2.5-vl-3b;mmke-visual/smolvlm-1.7b
clean,power_a2_b0_g0,M_new_norm,3,12,False,21,72.7305,72.80583333333334,-0.07533333333333363,68.79,-0.7520555555555563,2,8,2,1,1,0.0,-1.6239999999999952,0.8500000000000014,0.5,evqa-pilot500/blip2-opt-2.7b;evqa-pilot500/paligemma-3b;evqa-pilot500/qwen2.5-vl-3b;evqa-pilot500/smolvlm-1.7b;mmke-entity/blip2-opt-2.7b;mmke-entity/instructblip-vicuna-7b;mmke-entity/paligemma-3b;mmke-entity/smolvlm-1.7b;mmke-visual/blip2-opt-2.7b;mmke-visual/instructblip-vicuna-7b;mmke-visual/minigpt-4-vicuna-7b;mmke-visual/qwen2.5-vl-3b
clean,power_a2_b0_g0.5,M_abscos_x_newn,1,12,False,21,67.24166666666667,69.67016666666666,-2.428499999999999,67.24166666666667,-2.428499999999999,2,5,5,2,5,0.0,-22.24000000000001,14.930000000000007,0.08333333333333333,evqa-pilot500/blip2-opt-2.7b;evqa-pilot500/minigpt-4-vicuna-7b;evqa-pilot500/paligemma-3b;evqa-pilot500/qwen2.5-vl-3b;evqa-pilot500/smolvlm-1.7b;mmke-entity/blip2-opt-2.7b;mmke-entity/instructblip-vicuna-7b;mmke-entity/paligemma-3b;mmke-visual/blip2-opt-2.7b;mmke-visual/instructblip-vicuna-7b;mmke-visual/minigpt-4-vicuna-7b;mmke-visual/smolvlm-1.7b
clean,power_a2_b0_g0.5,M_abscos_x_newn,3,9,False,21,69.26444444444445,75.18111111111111,-5.916666666666668,67.68659259259259,-4.108000000000004,0,3,6,0,5,-0.8299999999999983,-21.60000000000001,0.0,0.2222222222222222,evqa-pilot500/paligemma-3b;evqa-pilot500/qwen2.5-vl-3b;mmke-entity/blip2-opt-2.7b;mmke-entity/instructblip-vicuna-7b;mmke-entity/paligemma-3b;mmke-visual/blip2-opt-2.7b;mmke-visual/instructblip-vicuna-7b;mmke-visual/minigpt-4-vicuna-7b;mmke-visual/smolvlm-1.7b
clean,power_a2_b0_g0.5,M_new_norm,1,12,False,21,67.24166666666667,69.391,-2.1493333333333324,67.24166666666667,-2.1493333333333324,4,3,5,4,5,0.0,-22.24000000000001,14.930000000000007,0.08333333333333333,evqa-pilot500/blip2-opt-2.7b;evqa-pilot500/minigpt-4-vicuna-7b;evqa-pilot500/paligemma-3b;evqa-pilot500/qwen2.5-vl-3b;evqa-pilot500/smolvlm-1.7b;mmke-entity/blip2-opt-2.7b;mmke-entity/instructblip-vicuna-7b;mmke-entity/paligemma-3b;mmke-visual/blip2-opt-2.7b;mmke-visual/instructblip-vicuna-7b;mmke-visual/minigpt-4-vicuna-7b;mmke-visual/smolvlm-1.7b
clean,power_a2_b0_g0.5,M_new_norm,3,9,False,21,69.26444444444445,75.00155555555556,-5.737111111111112,67.68659259259259,-3.912000000000003,1,2,6,1,5,-0.8299999999999983,-21.60000000000001,0.8500000000000014,0.2222222222222222,evqa-pilot500/paligemma-3b;evqa-pilot500/qwen2.5-vl-3b;mmke-entity/blip2-opt-2.7b;mmke-entity/instructblip-vicuna-7b;mmke-entity/paligemma-3b;mmke-visual/blip2-opt-2.7b;mmke-visual/instructblip-vicuna-7b;mmke-visual/minigpt-4-vicuna-7b;mmke-visual/smolvlm-1.7b
clean,power_a2_b0_g1,M_abscos_x_newn,1,14,False,21,67.91114285714286,69.78085714285714,-1.8697142857142854,67.91114285714286,-1.8697142857142854,4,5,5,3,5,0.0,-22.24000000000001,14.88000000000001,0.14285714285714285,evqa-pilot500/blip2-opt-2.7b;evqa-pilot500/minigpt-4-vicuna-7b;evqa-pilot500/paligemma-3b;evqa-pilot500/qwen2.5-vl-3b;evqa-pilot500/smolvlm-1.7b;mmke-entity/blip2-opt-2.7b;mmke-entity/instructblip-vicuna-7b;mmke-entity/paligemma-3b;mmke-entity/smolvlm-1.7b;mmke-visual/blip2-opt-2.7b;mmke-visual/instructblip-vicuna-7b;mmke-visual/minigpt-4-vicuna-7b;mmke-visual/qwen2.5-vl-3b;mmke-visual/smolvlm-1.7b
clean,power_a2_b0_g1,M_abscos_x_newn,3,8,False,21,69.24125,75.845,-6.603750000000002,67.57325,-4.781916666666669,0,3,5,0,5,-1.490000000000002,-21.60000000000001,0.0,0.25,evqa-pilot500/paligemma-3b;evqa-pilot500/qwen2.5-vl-3b;mmke-entity/blip2-opt-2.7b;mmke-entity/instructblip-vicuna-7b;mmke-entity/paligemma-3b;mmke-visual/instructblip-vicuna-7b;mmke-visual/minigpt-4-vicuna-7b;mmke-visual/smolvlm-1.7b
clean,power_a2_b0_g1,M_new_norm,1,14,False,21,67.91114285714286,69.54157142857143,-1.630428571428571,67.91114285714286,-1.630428571428571,6,3,5,5,5,0.0,-22.24000000000001,14.88000000000001,0.14285714285714285,evqa-pilot500/blip2-opt-2.7b;evqa-pilot500/minigpt-4-vicuna-7b;evqa-pilot500/paligemma-3b;evqa-pilot500/qwen2.5-vl-3b;evqa-pilot500/smolvlm-1.7b;mmke-entity/blip2-opt-2.7b;mmke-entity/instructblip-vicuna-7b;mmke-entity/paligemma-3b;mmke-entity/smolvlm-1.7b;mmke-visual/blip2-opt-2.7b;mmke-visual/instructblip-vicuna-7b;mmke-visual/minigpt-4-vicuna-7b;mmke-visual/qwen2.5-vl-3b;mmke-visual/smolvlm-1.7b
clean,power_a2_b0_g1,M_new_norm,3,8,False,21,69.24125,75.643,-6.401750000000001,67.57325,-4.561416666666668,1,2,5,1,5,-1.1069999999999993,-21.60000000000001,0.8500000000000014,0.25,evqa-pilot500/paligemma-3b;evqa-pilot500/qwen2.5-vl-3b;mmke-entity/blip2-opt-2.7b;mmke-entity/instructblip-vicuna-7b;mmke-entity/paligemma-3b;mmke-visual/instructblip-vicuna-7b;mmke-visual/minigpt-4-vicuna-7b;mmke-visual/smolvlm-1.7b
clean,power_a2_b0_g2,M_abscos_x_newn,1,15,False,21,68.35706666666667,69.94346666666667,-1.5864,68.35706666666667,-1.5864,4,2,9,3,8,-0.5900000000000034,-22.24000000000001,15.64,0,evqa-pilot500/blip2-opt-2.7b;evqa-pilot500/minigpt-4-vicuna-7b;evqa-pilot500/paligemma-3b;evqa-pilot500/qwen2.5-vl-3b;evqa-pilot500/smolvlm-1.7b;mmke-entity/blip2-opt-2.7b;mmke-entity/instructblip-vicuna-7b;mmke-entity/paligemma-3b;mmke-entity/qwen2.5-vl-3b;mmke-entity/smolvlm-1.7b;mmke-visual/blip2-opt-2.7b;mmke-visual/instructblip-vicuna-7b;mmke-visual/minigpt-4-vicuna-7b;mmke-visual/qwen2.5-vl-3b;mmke-visual/smolvlm-1.7b
clean,power_a2_b0_g2,M_abscos_x_newn,3,12,False,21,70.87166666666667,73.77633333333334,-2.904666666666668,69.02794444444444,-1.69227777777778,3,0,9,3,8,-0.6950000000000003,-21.660000000000004,17.093999999999994,0.25,evqa-pilot500/blip2-opt-2.7b;evqa-pilot500/paligemma-3b;evqa-pilot500/smolvlm-1.7b;mmke-entity/blip2-opt-2.7b;mmke-entity/instructblip-vicuna-7b;mmke-entity/paligemma-3b;mmke-entity/qwen2.5-vl-3b;mmke-entity/smolvlm-1.7b;mmke-visual/instructblip-vicuna-7b;mmke-visual/minigpt-4-vicuna-7b;mmke-visual/qwen2.5-vl-3b;mmke-visual/smolvlm-1.7b
clean,power_a2_b0_g2,M_new_norm,1,15,False,21,68.35706666666667,69.72013333333334,-1.3630666666666664,68.35706666666667,-1.3630666666666664,5,1,9,4,7,-0.10000000000000142,-22.24000000000001,15.64,0,evqa-pilot500/blip2-opt-2.7b;evqa-pilot500/minigpt-4-vicuna-7b;evqa-pilot500/paligemma-3b;evqa-pilot500/qwen2.5-vl-3b;evqa-pilot500/smolvlm-1.7b;mmke-entity/blip2-opt-2.7b;mmke-entity/instructblip-vicuna-7b;mmke-entity/paligemma-3b;mmke-entity/qwen2.5-vl-3b;mmke-entity/smolvlm-1.7b;mmke-visual/blip2-opt-2.7b;mmke-visual/instructblip-vicuna-7b;mmke-visual/minigpt-4-vicuna-7b;mmke-visual/qwen2.5-vl-3b;mmke-visual/smolvlm-1.7b
clean,power_a2_b0_g2,M_new_norm,3,12,False,21,70.87166666666667,73.7125,-2.840833333333334,69.02794444444444,-1.6272222222222237,3,0,9,3,8,-0.6950000000000003,-21.660000000000004,17.093999999999994,0.25,evqa-pilot500/blip2-opt-2.7b;evqa-pilot500/paligemma-3b;evqa-pilot500/smolvlm-1.7b;mmke-entity/blip2-opt-2.7b;mmke-entity/instructblip-vicuna-7b;mmke-entity/paligemma-3b;mmke-entity/qwen2.5-vl-3b;mmke-entity/smolvlm-1.7b;mmke-visual/instructblip-vicuna-7b;mmke-visual/minigpt-4-vicuna-7b;mmke-visual/qwen2.5-vl-3b;mmke-visual/smolvlm-1.7b
clean,power_a2_b0.5_g-1,M_abscos_x_newn,1,17,False,21,67.07105882352941,67.41835294117647,-0.3472941176470594,67.07105882352941,-0.3472941176470594,1,10,6,1,5,0.0,-2.216000000000001,1.0100000000000051,0.17647058823529413,evqa-pilot500/blip2-opt-2.7b;evqa-pilot500/instructblip-vicuna-7b;evqa-pilot500/llava-v1.5-7b;evqa-pilot500/minigpt-4-vicuna-7b;evqa-pilot500/qwen2.5-vl-3b;evqa-pilot500/smolvlm-1.7b;mmke-entity/blip2-opt-2.7b;mmke-entity/instructblip-vicuna-7b;mmke-entity/minigpt-4-vicuna-7b;mmke-entity/qwen2.5-vl-3b;mmke-entity/smolvlm-1.7b;mmke-visual/blip2-opt-2.7b;mmke-visual/instructblip-vicuna-7b;mmke-visual/llava-v1.5-7b;mmke-visual/minigpt-4-vicuna-7b;mmke-visual/qwen2.5-vl-3b;mmke-visual/smolvlm-1.7b
clean,power_a2_b0.5_g-1,M_abscos_x_newn,3,16,False,21,69.638375,69.29412500000001,0.34424999999999883,67.11433333333333,0.12104166666666583,2,12,2,2,1,0.0,-0.7660000000000053,6.1640000000000015,0.4375,evqa-pilot500/blip2-opt-2.7b;evqa-pilot500/instructblip-vicuna-7b;evqa-pilot500/minigpt-4-vicuna-7b;evqa-pilot500/qwen2.5-vl-3b;evqa-pilot500/smolvlm-1.7b;mmke-entity/blip2-opt-2.7b;mmke-entity/instructblip-vicuna-7b;mmke-entity/minigpt-4-vicuna-7b;mmke-entity/qwen2.5-vl-3b;mmke-entity/smolvlm-1.7b;mmke-visual/blip2-opt-2.7b;mmke-visual/instructblip-vicuna-7b;mmke-visual/llava-v1.5-7b;mmke-visual/minigpt-4-vicuna-7b;mmke-visual/qwen2.5-vl-3b;mmke-visual/smolvlm-1.7b
clean,power_a2_b0.5_g-1,M_new_norm,1,16,False,21,66.565625,66.69475,-0.1291250000000006,66.565625,-0.1291250000000006,1,13,2,1,2,0.0,-2.216000000000001,1.0100000000000051,0.1875,evqa-pilot500/blip2-opt-2.7b;evqa-pilot500/instructblip-vicuna-7b;evqa-pilot500/llava-v1.5-7b;evqa-pilot500/minigpt-4-vicuna-7b;evqa-pilot500/qwen2.5-vl-3b;evqa-pilot500/smolvlm-1.7b;mmke-entity/blip2-opt-2.7b;mmke-entity/instructblip-vicuna-7b;mmke-entity/minigpt-4-vicuna-7b;mmke-entity/qwen2.5-vl-3b;mmke-entity/smolvlm-1.7b;mmke-visual/blip2-opt-2.7b;mmke-visual/instructblip-vicuna-7b;mmke-visual/minigpt-4-vicuna-7b;mmke-visual/qwen2.5-vl-3b;mmke-visual/smolvlm-1.7b
clean,power_a2_b0.5_g-1,M_new_norm,3,14,False,21,70.21128571428572,70.15057142857142,0.06071428571428582,67.55304761904762,0.03738095238095239,1,13,0,1,0,0.0,0.0,0.8500000000000014,0.42857142857142855,evqa-pilot500/blip2-opt-2.7b;evqa-pilot500/minigpt-4-vicuna-7b;evqa-pilot500/qwen2.5-vl-3b;evqa-pilot500/smolvlm-1.7b;mmke-entity/blip2-opt-2.7b;mmke-entity/instructblip-vicuna-7b;mmke-entity/minigpt-4-vicuna-7b;mmke-entity/qwen2.5-vl-3b;mmke-entity/smolvlm-1.7b;mmke-visual/blip2-opt-2.7b;mmke-visual/instructblip-vicuna-7b;mmke-visual/minigpt-4-vicuna-7b;mmke-visual/qwen2.5-vl-3b;mmke-visual/smolvlm-1.7b
clean,power_a2_b0.5_g0,M_abscos_x_newn,1,18,False,21,68.96333333333334,69.09622222222222,-0.13288888888888867,68.96333333333334,-0.13288888888888867,0,17,1,0,1,0.0,-2.391999999999996,0.0,0.2222222222222222,evqa-pilot500/blip2-opt-2.7b;evqa-pilot500/instructblip-vicuna-7b;evqa-pilot500/llava-v1.5-7b;evqa-pilot500/minigpt-4-vicuna-7b;evqa-pilot500/paligemma-3b;evqa-pilot500/qwen2.5-vl-3b;evqa-pilot500/smolvlm-1.7b;mmke-entity/blip2-opt-2.7b;mmke-entity/instructblip-vicuna-7b;mmke-entity/minigpt-4-vicuna-7b;mmke-entity/paligemma-3b;mmke-entity/qwen2.5-vl-3b;mmke-entity/smolvlm-1.7b;mmke-visual/blip2-opt-2.7b;mmke-visual/instructblip-vicuna-7b;mmke-visual/llava-v1.5-7b;mmke-visual/minigpt-4-vicuna-7b;mmke-visual/qwen2.5-vl-3b
clean,power_a2_b0.5_g0,M_abscos_x_newn,3,15,False,21,71.16413333333334,71.39213333333333,-0.22800000000000012,68.12604444444445,-0.19902222222222246,0,13,2,0,2,0.0,-2.3900000000000006,0.0,0.4666666666666667,evqa-pilot500/blip2-opt-2.7b;evqa-pilot500/instructblip-vicuna-7b;evqa-pilot500/minigpt-4-vicuna-7b;evqa-pilot500/paligemma-3b;evqa-pilot500/qwen2.5-vl-3b;evqa-pilot500/smolvlm-1.7b;mmke-entity/blip2-opt-2.7b;mmke-entity/instructblip-vicuna-7b;mmke-entity/paligemma-3b;mmke-entity/smolvlm-1.7b;mmke-visual/blip2-opt-2.7b;mmke-visual/instructblip-vicuna-7b;mmke-visual/llava-v1.5-7b;mmke-visual/minigpt-4-vicuna-7b;mmke-visual/qwen2.5-vl-3b
clean,power_a2_b0.5_g0,M_new_norm,1,17,False,21,68.59894117647059,68.51388235294118,0.08505882352941206,68.59894117647059,0.08505882352941206,3,13,1,2,1,0.0,-1.6219999999999999,1.730000000000004,0.23529411764705882,evqa-pilot500/blip2-opt-2.7b;evqa-pilot500/instructblip-vicuna-7b;evqa-pilot500/llava-v1.5-7b;evqa-pilot500/minigpt-4-vicuna-7b;evqa-pilot500/paligemma-3b;evqa-pilot500/qwen2.5-vl-3b;evqa-pilot500/smolvlm-1.7b;mmke-entity/blip2-opt-2.7b;mmke-entity/instructblip-vicuna-7b;mmke-entity/minigpt-4-vicuna-7b;mmke-entity/paligemma-3b;mmke-entity/qwen2.5-vl-3b;mmke-entity/smolvlm-1.7b;mmke-visual/blip2-opt-2.7b;mmke-visual/instructblip-vicuna-7b;mmke-visual/minigpt-4-vicuna-7b;mmke-visual/qwen2.5-vl-3b
clean,power_a2_b0.5_g0,M_new_norm,3,13,False,21,72.062,72.67492307692308,-0.6129230769230767,68.78789743589743,-0.3388717948717942,1,10,2,1,2,0.0,-7.194000000000003,0.8500000000000014,0.46153846153846156,evqa-pilot500/blip2-opt-2.7b;evqa-pilot500/minigpt-4-vicuna-7b;evqa-pilot500/paligemma-3b;evqa-pilot500/qwen2.5-vl-3b;evqa-pilot500/smolvlm-1.7b;mmke-entity/blip2-opt-2.7b;mmke-entity/instructblip-vicuna-7b;mmke-entity/paligemma-3b;mmke-entity/smolvlm-1.7b;mmke-visual/blip2-opt-2.7b;mmke-visual/instructblip-vicuna-7b;mmke-visual/minigpt-4-vicuna-7b;mmke-visual/qwen2.5-vl-3b
clean,power_a2_b0.5_g0.5,M_abscos_x_newn,1,14,False,21,66.91,69.82442857142857,-2.9144285714285694,66.91,-2.9144285714285694,4,6,4,2,4,0.0,-22.24000000000001,4.300000000000004,0.07142857142857142,evqa-pilot500/blip2-opt-2.7b;evqa-pilot500/llava-v1.5-7b;evqa-pilot500/minigpt-4-vicuna-7b;evqa-pilot500/paligemma-3b;evqa-pilot500/qwen2.5-vl-3b;mmke-entity/blip2-opt-2.7b;mmke-entity/instructblip-vicuna-7b;mmke-entity/minigpt-4-vicuna-7b;mmke-entity/paligemma-3b;mmke-visual/blip2-opt-2.7b;mmke-visual/instructblip-vicuna-7b;mmke-visual/llava-v1.5-7b;mmke-visual/minigpt-4-vicuna-7b;mmke-visual/smolvlm-1.7b
clean,power_a2_b0.5_g0.5,M_abscos_x_newn,3,9,False,21,70.58333333333333,73.76066666666667,-3.1773333333333347,68.4162962962963,-2.4177037037037064,1,3,5,1,4,-0.18000000000000682,-21.60000000000001,3.9540000000000006,0.2222222222222222,evqa-pilot500/blip2-opt-2.7b;evqa-pilot500/paligemma-3b;evqa-pilot500/qwen2.5-vl-3b;mmke-entity/blip2-opt-2.7b;mmke-entity/instructblip-vicuna-7b;mmke-entity/paligemma-3b;mmke-visual/blip2-opt-2.7b;mmke-visual/minigpt-4-vicuna-7b;mmke-visual/smolvlm-1.7b
clean,power_a2_b0.5_g0.5,M_new_norm,1,13,False,21,66.16830769230769,69.11892307692308,-2.9506153846153826,66.16830769230769,-2.9506153846153826,5,4,4,4,4,0.0,-22.24000000000001,4.300000000000004,0.07692307692307693,evqa-pilot500/blip2-opt-2.7b;evqa-pilot500/llava-v1.5-7b;evqa-pilot500/minigpt-4-vicuna-7b;evqa-pilot500/paligemma-3b;evqa-pilot500/qwen2.5-vl-3b;mmke-entity/blip2-opt-2.7b;mmke-entity/instructblip-vicuna-7b;mmke-entity/minigpt-4-vicuna-7b;mmke-entity/paligemma-3b;mmke-visual/blip2-opt-2.7b;mmke-visual/instructblip-vicuna-7b;mmke-visual/minigpt-4-vicuna-7b;mmke-visual/smolvlm-1.7b
clean,power_a2_b0.5_g0.5,M_new_norm,3,9,False,21,70.58333333333333,73.58111111111111,-2.9977777777777783,68.4162962962963,-2.2217037037037053,2,2,5,2,4,-0.18000000000000682,-21.60000000000001,3.9540000000000006,0.2222222222222222,evqa-pilot500/blip2-opt-2.7b;evqa-pilot500/paligemma-3b;evqa-pilot500/qwen2.5-vl-3b;mmke-entity/blip2-opt-2.7b;mmke-entity/instructblip-vicuna-7b;mmke-entity/paligemma-3b;mmke-visual/blip2-opt-2.7b;mmke-visual/minigpt-4-vicuna-7b;mmke-visual/smolvlm-1.7b
clean,power_a2_b0.5_g1,M_abscos_x_newn,1,14,False,21,67.93842857142857,70.70371428571428,-2.7652857142857137,67.93842857142857,-2.7652857142857137,5,5,4,2,4,0.0,-22.24000000000001,6.82,0.07142857142857142,evqa-pilot500/llava-v1.5-7b;evqa-pilot500/minigpt-4-vicuna-7b;evqa-pilot500/paligemma-3b;evqa-pilot500/qwen2.5-vl-3b;mmke-entity/blip2-opt-2.7b;mmke-entity/instructblip-vicuna-7b;mmke-entity/minigpt-4-vicuna-7b;mmke-entity/paligemma-3b;mmke-entity/smolvlm-1.7b;mmke-visual/blip2-opt-2.7b;mmke-visual/instructblip-vicuna-7b;mmke-visual/llava-v1.5-7b;mmke-visual/minigpt-4-vicuna-7b;mmke-visual/smolvlm-1.7b
clean,power_a2_b0.5_g1,M_abscos_x_newn,3,10,False,21,70.0598,75.2816,-5.2218000000000035,68.66126666666666,-3.520000000000002,1,3,6,1,5,-0.3850000000000051,-21.60000000000001,0.8219999999999885,0.3,evqa-pilot500/paligemma-3b;evqa-pilot500/qwen2.5-vl-3b;mmke-entity/blip2-opt-2.7b;mmke-entity/instructblip-vicuna-7b;mmke-entity/paligemma-3b;mmke-visual/blip2-opt-2.7b;mmke-visual/instructblip-vicuna-7b;mmke-visual/llava-v1.5-7b;mmke-visual/minigpt-4-vicuna-7b;mmke-visual/smolvlm-1.7b
clean,power_a2_b0.5_g1,M_new_norm,1,13,False,21,67.27584615384616,70.06584615384615,-2.7899999999999996,67.27584615384616,-2.7899999999999996,6,3,4,4,4,0.0,-22.24000000000001,6.82,0.07692307692307693,evqa-pilot500/llava-v1.5-7b;evqa-pilot500/minigpt-4-vicuna-7b;evqa-pilot500/paligemma-3b;evqa-pilot500/qwen2.5-vl-3b;mmke-entity/blip2-opt-2.7b;mmke-entity/instructblip-vicuna-7b;mmke-entity/minigpt-4-vicuna-7b;mmke-entity/paligemma-3b;mmke-entity/smolvlm-1.7b;mmke-visual/blip2-opt-2.7b;mmke-visual/instructblip-vicuna-7b;mmke-visual/minigpt-4-vicuna-7b;mmke-visual/smolvlm-1.7b
clean,power_a2_b0.5_g1,M_new_norm,3,9,False,21,69.28777777777778,75.00155555555556,-5.713777777777779,67.75437037037037,-3.8442222222222235,1,2,6,1,5,-0.5900000000000034,-21.60000000000001,0.8500000000000014,0.2222222222222222,evqa-pilot500/paligemma-3b;evqa-pilot500/qwen2.5-vl-3b;mmke-entity/blip2-opt-2.7b;mmke-entity/instructblip-vicuna-7b;mmke-entity/paligemma-3b;mmke-visual/blip2-opt-2.7b;mmke-visual/instructblip-vicuna-7b;mmke-visual/minigpt-4-vicuna-7b;mmke-visual/smolvlm-1.7b
clean,power_a2_b0.5_g2,M_abscos_x_newn,1,15,False,21,66.74626666666667,68.76013333333333,-2.0138666666666665,66.74626666666667,-2.0138666666666665,4,3,8,4,7,-0.030000000000001137,-22.24000000000001,14.88000000000001,0.13333333333333333,evqa-pilot500/blip2-opt-2.7b;evqa-pilot500/instructblip-vicuna-7b;evqa-pilot500/minigpt-4-vicuna-7b;evqa-pilot500/paligemma-3b;evqa-pilot500/qwen2.5-vl-3b;evqa-pilot500/smolvlm-1.7b;mmke-entity/blip2-opt-2.7b;mmke-entity/instructblip-vicuna-7b;mmke-entity/paligemma-3b;mmke-entity/smolvlm-1.7b;mmke-visual/blip2-opt-2.7b;mmke-visual/instructblip-vicuna-7b;mmke-visual/minigpt-4-vicuna-7b;mmke-visual/qwen2.5-vl-3b;mmke-visual/smolvlm-1.7b
clean,power_a2_b0.5_g2,M_abscos_x_newn,3,12,False,21,69.96183333333333,73.06466666666667,-3.102833333333335,68.605,-1.365500000000002,3,1,8,3,7,-0.5450000000000017,-21.60000000000001,16.685999999999993,0.25,evqa-pilot500/blip2-opt-2.7b;evqa-pilot500/paligemma-3b;evqa-pilot500/qwen2.5-vl-3b;evqa-pilot500/smolvlm-1.7b;mmke-entity/blip2-opt-2.7b;mmke-entity/instructblip-vicuna-7b;mmke-entity/paligemma-3b;mmke-entity/smolvlm-1.7b;mmke-visual/instructblip-vicuna-7b;mmke-visual/minigpt-4-vicuna-7b;mmke-visual/qwen2.5-vl-3b;mmke-visual/smolvlm-1.7b
clean,power_a2_b0.5_g2,M_new_norm,1,15,False,21,66.74626666666667,68.5368,-1.790533333333333,66.74626666666667,-1.790533333333333,6,1,8,6,7,-0.030000000000001137,-22.24000000000001,14.88000000000001,0.13333333333333333,evqa-pilot500/blip2-opt-2.7b;evqa-pilot500/instructblip-vicuna-7b;evqa-pilot500/minigpt-4-vicuna-7b;evqa-pilot500/paligemma-3b;evqa-pilot500/qwen2.5-vl-3b;evqa-pilot500/smolvlm-1.7b;mmke-entity/blip2-opt-2.7b;mmke-entity/instructblip-vicuna-7b;mmke-entity/paligemma-3b;mmke-entity/smolvlm-1.7b;mmke-visual/blip2-opt-2.7b;mmke-visual/instructblip-vicuna-7b;mmke-visual/minigpt-4-vicuna-7b;mmke-visual/qwen2.5-vl-3b;mmke-visual/smolvlm-1.7b
clean,power_a2_b0.5_g2,M_new_norm,3,12,False,21,69.96183333333333,72.93,-2.968166666666668,68.605,-1.2185000000000012,4,0,8,4,7,-0.5450000000000017,-21.60000000000001,16.685999999999993,0.25,evqa-pilot500/blip2-opt-2.7b;evqa-pilot500/paligemma-3b;evqa-pilot500/qwen2.5-vl-3b;evqa-pilot500/smolvlm-1.7b;mmke-entity/blip2-opt-2.7b;mmke-entity/instructblip-vicuna-7b;mmke-entity/paligemma-3b;mmke-entity/smolvlm-1.7b;mmke-visual/instructblip-vicuna-7b;mmke-visual/minigpt-4-vicuna-7b;mmke-visual/qwen2.5-vl-3b;mmke-visual/smolvlm-1.7b
clean,power_a2_b1_g-1,M_abscos_x_newn,1,17,False,21,67.07105882352941,67.41835294117647,-0.3472941176470594,67.07105882352941,-0.3472941176470594,1,10,6,1,5,0.0,-2.216000000000001,1.0100000000000051,0.17647058823529413,evqa-pilot500/blip2-opt-2.7b;evqa-pilot500/instructblip-vicuna-7b;evqa-pilot500/llava-v1.5-7b;evqa-pilot500/minigpt-4-vicuna-7b;evqa-pilot500/qwen2.5-vl-3b;evqa-pilot500/smolvlm-1.7b;mmke-entity/blip2-opt-2.7b;mmke-entity/instructblip-vicuna-7b;mmke-entity/minigpt-4-vicuna-7b;mmke-entity/qwen2.5-vl-3b;mmke-entity/smolvlm-1.7b;mmke-visual/blip2-opt-2.7b;mmke-visual/instructblip-vicuna-7b;mmke-visual/llava-v1.5-7b;mmke-visual/minigpt-4-vicuna-7b;mmke-visual/qwen2.5-vl-3b;mmke-visual/smolvlm-1.7b
clean,power_a2_b1_g-1,M_abscos_x_newn,3,16,False,21,69.58525,69.29412500000001,0.29112499999999875,67.06683333333334,0.07354166666666595,2,11,3,2,2,0.0,-0.8500000000000014,6.1640000000000015,0.375,evqa-pilot500/blip2-opt-2.7b;evqa-pilot500/instructblip-vicuna-7b;evqa-pilot500/minigpt-4-vicuna-7b;evqa-pilot500/qwen2.5-vl-3b;evqa-pilot500/smolvlm-1.7b;mmke-entity/blip2-opt-2.7b;mmke-entity/instructblip-vicuna-7b;mmke-entity/minigpt-4-vicuna-7b;mmke-entity/qwen2.5-vl-3b;mmke-entity/smolvlm-1.7b;mmke-visual/blip2-opt-2.7b;mmke-visual/instructblip-vicuna-7b;mmke-visual/llava-v1.5-7b;mmke-visual/minigpt-4-vicuna-7b;mmke-visual/qwen2.5-vl-3b;mmke-visual/smolvlm-1.7b
clean,power_a2_b1_g-1,M_new_norm,1,16,False,21,66.565625,66.69475,-0.1291250000000006,66.565625,-0.1291250000000006,1,13,2,1,2,0.0,-2.216000000000001,1.0100000000000051,0.1875,evqa-pilot500/blip2-opt-2.7b;evqa-pilot500/instructblip-vicuna-7b;evqa-pilot500/llava-v1.5-7b;evqa-pilot500/minigpt-4-vicuna-7b;evqa-pilot500/qwen2.5-vl-3b;evqa-pilot500/smolvlm-1.7b;mmke-entity/blip2-opt-2.7b;mmke-entity/instructblip-vicuna-7b;mmke-entity/minigpt-4-vicuna-7b;mmke-entity/qwen2.5-vl-3b;mmke-entity/smolvlm-1.7b;mmke-visual/blip2-opt-2.7b;mmke-visual/instructblip-vicuna-7b;mmke-visual/minigpt-4-vicuna-7b;mmke-visual/qwen2.5-vl-3b;mmke-visual/smolvlm-1.7b
clean,power_a2_b1_g-1,M_new_norm,3,14,False,21,70.15057142857142,70.15057142857142,0.0,67.4987619047619,-0.016904761904761756,0,14,0,0,0,0.0,0.0,0.0,0.35714285714285715,evqa-pilot500/blip2-opt-2.7b;evqa-pilot500/minigpt-4-vicuna-7b;evqa-pilot500/qwen2.5-vl-3b;evqa-pilot500/smolvlm-1.7b;mmke-entity/blip2-opt-2.7b;mmke-entity/instructblip-vicuna-7b;mmke-entity/minigpt-4-vicuna-7b;mmke-entity/qwen2.5-vl-3b;mmke-entity/smolvlm-1.7b;mmke-visual/blip2-opt-2.7b;mmke-visual/instructblip-vicuna-7b;mmke-visual/minigpt-4-vicuna-7b;mmke-visual/qwen2.5-vl-3b;mmke-visual/smolvlm-1.7b
clean,power_a2_b1_g0,M_abscos_x_newn,1,19,False,21,69.21536842105263,69.21536842105263,0.0,69.21536842105263,0.0,0,19,0,0,0,0.0,0.0,0.0,0.2631578947368421,evqa-pilot500/blip2-opt-2.7b;evqa-pilot500/instructblip-vicuna-7b;evqa-pilot500/llava-v1.5-7b;evqa-pilot500/minigpt-4-vicuna-7b;evqa-pilot500/paligemma-3b;evqa-pilot500/qwen2.5-vl-3b;evqa-pilot500/smolvlm-1.7b;mmke-entity/blip2-opt-2.7b;mmke-entity/instructblip-vicuna-7b;mmke-entity/minigpt-4-vicuna-7b;mmke-entity/paligemma-3b;mmke-entity/qwen2.5-vl-3b;mmke-entity/smolvlm-1.7b;mmke-visual/blip2-opt-2.7b;mmke-visual/instructblip-vicuna-7b;mmke-visual/llava-v1.5-7b;mmke-visual/minigpt-4-vicuna-7b;mmke-visual/qwen2.5-vl-3b;mmke-visual/smolvlm-1.7b
clean,power_a2_b1_g0,M_abscos_x_newn,3,18,False,21,71.73122222222223,71.6978888888889,0.03333333333333302,69.10666666666667,0.0212222222222225,1,17,0,1,0,0.0,0.0,0.5999999999999943,0.4444444444444444,evqa-pilot500/blip2-opt-2.7b;evqa-pilot500/instructblip-vicuna-7b;evqa-pilot500/minigpt-4-vicuna-7b;evqa-pilot500/paligemma-3b;evqa-pilot500/qwen2.5-vl-3b;evqa-pilot500/smolvlm-1.7b;mmke-entity/blip2-opt-2.7b;mmke-entity/instructblip-vicuna-7b;mmke-entity/minigpt-4-vicuna-7b;mmke-entity/paligemma-3b;mmke-entity/qwen2.5-vl-3b;mmke-entity/smolvlm-1.7b;mmke-visual/blip2-opt-2.7b;mmke-visual/instructblip-vicuna-7b;mmke-visual/llava-v1.5-7b;mmke-visual/minigpt-4-vicuna-7b;mmke-visual/qwen2.5-vl-3b;mmke-visual/smolvlm-1.7b
clean,power_a2_b1_g0,M_new_norm,1,18,False,21,68.88522222222223,68.672,0.21322222222222229,68.88522222222223,0.21322222222222229,4,14,0,3,0,0.0,0.0,1.730000000000004,0.2777777777777778,evqa-pilot500/blip2-opt-2.7b;evqa-pilot500/instructblip-vicuna-7b;evqa-pilot500/llava-v1.5-7b;evqa-pilot500/minigpt-4-vicuna-7b;evqa-pilot500/paligemma-3b;evqa-pilot500/qwen2.5-vl-3b;evqa-pilot500/smolvlm-1.7b;mmke-entity/blip2-opt-2.7b;mmke-entity/instructblip-vicuna-7b;mmke-entity/minigpt-4-vicuna-7b;mmke-entity/paligemma-3b;mmke-entity/qwen2.5-vl-3b;mmke-entity/smolvlm-1.7b;mmke-visual/blip2-opt-2.7b;mmke-visual/instructblip-vicuna-7b;mmke-visual/minigpt-4-vicuna-7b;mmke-visual/qwen2.5-vl-3b;mmke-visual/smolvlm-1.7b
clean,power_a2_b1_g0,M_new_norm,3,16,False,21,72.494125,72.74775,-0.2536249999999991,69.743125,-0.06091666666666562,3,12,1,2,1,0.0,-6.1640000000000015,0.8500000000000014,0.4375,evqa-pilot500/blip2-opt-2.7b;evqa-pilot500/minigpt-4-vicuna-7b;evqa-pilot500/paligemma-3b;evqa-pilot500/qwen2.5-vl-3b;evqa-pilot500/smolvlm-1.7b;mmke-entity/blip2-opt-2.7b;mmke-entity/instructblip-vicuna-7b;mmke-entity/minigpt-4-vicuna-7b;mmke-entity/paligemma-3b;mmke-entity/qwen2.5-vl-3b;mmke-entity/smolvlm-1.7b;mmke-visual/blip2-opt-2.7b;mmke-visual/instructblip-vicuna-7b;mmke-visual/minigpt-4-vicuna-7b;mmke-visual/qwen2.5-vl-3b;mmke-visual/smolvlm-1.7b
clean,power_a2_b1_g0.5,M_abscos_x_newn,1,14,False,21,68.72042857142857,70.51528571428571,-1.7948571428571418,68.72042857142857,-1.7948571428571418,2,8,4,2,4,0.0,-20.540000000000006,1.3940000000000055,0.07142857142857142,evqa-pilot500/blip2-opt-2.7b;evqa-pilot500/minigpt-4-vicuna-7b;evqa-pilot500/paligemma-3b;evqa-pilot500/qwen2.5-vl-3b;evqa-pilot500/smolvlm-1.7b;mmke-entity/blip2-opt-2.7b;mmke-entity/instructblip-vicuna-7b;mmke-entity/minigpt-4-vicuna-7b;mmke-entity/paligemma-3b;mmke-entity/smolvlm-1.7b;mmke-visual/blip2-opt-2.7b;mmke-visual/llava-v1.5-7b;mmke-visual/minigpt-4-vicuna-7b;mmke-visual/smolvlm-1.7b
clean,power_a2_b1_g0.5,M_abscos_x_newn,3,8,False,21,74.14750000000001,74.91825,-0.7707500000000005,72.249,-0.26433333333333486,1,4,3,1,2,0.0,-7.549999999999997,3.9540000000000006,0.25,evqa-pilot500/blip2-opt-2.7b;evqa-pilot500/paligemma-3b;evqa-pilot500/qwen2.5-vl-3b;mmke-entity/blip2-opt-2.7b;mmke-entity/minigpt-4-vicuna-7b;mmke-entity/paligemma-3b;mmke-visual/blip2-opt-2.7b;mmke-visual/minigpt-4-vicuna-7b
clean,power_a2_b1_g0.5,M_new_norm,1,13,False,21,68.118,69.86292307692308,-1.7449230769230761,68.118,-1.7449230769230761,4,5,4,3,4,0.0,-20.540000000000006,1.730000000000004,0.07692307692307693,evqa-pilot500/blip2-opt-2.7b;evqa-pilot500/minigpt-4-vicuna-7b;evqa-pilot500/paligemma-3b;evqa-pilot500/qwen2.5-vl-3b;evqa-pilot500/smolvlm-1.7b;mmke-entity/blip2-opt-2.7b;mmke-entity/instructblip-vicuna-7b;mmke-entity/minigpt-4-vicuna-7b;mmke-entity/paligemma-3b;mmke-entity/smolvlm-1.7b;mmke-visual/blip2-opt-2.7b;mmke-visual/minigpt-4-vicuna-7b;mmke-visual/smolvlm-1.7b
clean,power_a2_b1_g0.5,M_new_norm,3,8,False,21,74.14750000000001,74.655,-0.5074999999999985,72.249,0.011833333333333584,3,2,3,2,2,0.0,-7.549999999999997,3.9540000000000006,0.25,evqa-pilot500/blip2-opt-2.7b;evqa-pilot500/paligemma-3b;evqa-pilot500/qwen2.5-vl-3b;mmke-entity/blip2-opt-2.7b;mmke-entity/minigpt-4-vicuna-7b;mmke-entity/paligemma-3b;mmke-visual/blip2-opt-2.7b;mmke-visual/minigpt-4-vicuna-7b
clean,power_a2_b1_g1,M_abscos_x_newn,1,15,False,21,68.164,69.83413333333333,-1.6701333333333324,68.164,-1.6701333333333324,4,6,5,3,5,0.0,-20.540000000000006,14.930000000000007,0.06666666666666667,evqa-pilot500/blip2-opt-2.7b;evqa-pilot500/llava-v1.5-7b;evqa-pilot500/minigpt-4-vicuna-7b;evqa-pilot500/paligemma-3b;evqa-pilot500/qwen2.5-vl-3b;evqa-pilot500/smolvlm-1.7b;mmke-entity/blip2-opt-2.7b;mmke-entity/instructblip-vicuna-7b;mmke-entity/minigpt-4-vicuna-7b;mmke-entity/paligemma-3b;mmke-visual/blip2-opt-2.7b;mmke-visual/instructblip-vicuna-7b;mmke-visual/llava-v1.5-7b;mmke-visual/minigpt-4-vicuna-7b;mmke-visual/smolvlm-1.7b
clean,power_a2_b1_g1,M_abscos_x_newn,3,9,False,21,72.33977777777778,75.72511111111112,-3.3853333333333353,70.804,-2.2592592592592604,1,3,5,1,4,-0.18000000000000682,-20.340000000000003,0.8219999999999885,0.3333333333333333,evqa-pilot500/paligemma-3b;evqa-pilot500/qwen2.5-vl-3b;mmke-entity/blip2-opt-2.7b;mmke-entity/instructblip-vicuna-7b;mmke-entity/paligemma-3b;mmke-visual/blip2-opt-2.7b;mmke-visual/llava-v1.5-7b;mmke-visual/minigpt-4-vicuna-7b;mmke-visual/smolvlm-1.7b
clean,power_a2_b1_g1,M_new_norm,1,14,False,21,67.56485714285715,69.17971428571428,-1.614857142857142,67.56485714285715,-1.614857142857142,6,3,5,4,5,0.0,-20.540000000000006,14.930000000000007,0.07142857142857142,evqa-pilot500/blip2-opt-2.7b;evqa-pilot500/llava-v1.5-7b;evqa-pilot500/minigpt-4-vicuna-7b;evqa-pilot500/paligemma-3b;evqa-pilot500/qwen2.5-vl-3b;evqa-pilot500/smolvlm-1.7b;mmke-entity/blip2-opt-2.7b;mmke-entity/instructblip-vicuna-7b;mmke-entity/minigpt-4-vicuna-7b;mmke-entity/paligemma-3b;mmke-visual/blip2-opt-2.7b;mmke-visual/instructblip-vicuna-7b;mmke-visual/minigpt-4-vicuna-7b;mmke-visual/smolvlm-1.7b
clean,power_a2_b1_g1,M_new_norm,3,8,False,21,71.75625,75.4655,-3.70925,70.05158333333334,-2.4664166666666674,1,2,5,1,4,-0.5050000000000026,-20.340000000000003,0.8500000000000014,0.25,evqa-pilot500/paligemma-3b;evqa-pilot500/qwen2.5-vl-3b;mmke-entity/blip2-opt-2.7b;mmke-entity/instructblip-vicuna-7b;mmke-entity/paligemma-3b;mmke-visual/blip2-opt-2.7b;mmke-visual/minigpt-4-vicuna-7b;mmke-visual/smolvlm-1.7b
clean,power_a2_b1_g2,M_abscos_x_newn,1,16,False,21,68.621875,69.902,-1.2801249999999995,68.621875,-1.2801249999999995,7,4,5,5,5,0.0,-22.24000000000001,14.88000000000001,0.125,evqa-pilot500/blip2-opt-2.7b;evqa-pilot500/llava-v1.5-7b;evqa-pilot500/minigpt-4-vicuna-7b;evqa-pilot500/paligemma-3b;evqa-pilot500/qwen2.5-vl-3b;mmke-entity/blip2-opt-2.7b;mmke-entity/instructblip-vicuna-7b;mmke-entity/minigpt-4-vicuna-7b;mmke-entity/paligemma-3b;mmke-entity/smolvlm-1.7b;mmke-visual/blip2-opt-2.7b;mmke-visual/instructblip-vicuna-7b;mmke-visual/llava-v1.5-7b;mmke-visual/minigpt-4-vicuna-7b;mmke-visual/qwen2.5-vl-3b;mmke-visual/smolvlm-1.7b
clean,power_a2_b1_g2,M_abscos_x_newn,3,8,False,21,72.2835,74.247,-1.9635000000000034,70.78483333333334,-0.48966666666667,1,2,5,1,4,-0.4270000000000067,-21.60000000000001,16.685999999999993,0.125,evqa-pilot500/blip2-opt-2.7b;evqa-pilot500/paligemma-3b;evqa-pilot500/qwen2.5-vl-3b;mmke-entity/blip2-opt-2.7b;mmke-entity/instructblip-vicuna-7b;mmke-entity/paligemma-3b;mmke-visual/minigpt-4-vicuna-7b;mmke-visual/smolvlm-1.7b
clean,power_a2_b1_g2,M_new_norm,1,15,False,21,68.06933333333333,69.29573333333333,-1.226399999999999,68.06933333333333,-1.226399999999999,9,1,5,6,5,0.142000000000003,-22.24000000000001,14.88000000000001,0.13333333333333333,evqa-pilot500/blip2-opt-2.7b;evqa-pilot500/llava-v1.5-7b;evqa-pilot500/minigpt-4-vicuna-7b;evqa-pilot500/paligemma-3b;evqa-pilot500/qwen2.5-vl-3b;mmke-entity/blip2-opt-2.7b;mmke-entity/instructblip-vicuna-7b;mmke-entity/minigpt-4-vicuna-7b;mmke-entity/paligemma-3b;mmke-entity/smolvlm-1.7b;mmke-visual/blip2-opt-2.7b;mmke-visual/instructblip-vicuna-7b;mmke-visual/minigpt-4-vicuna-7b;mmke-visual/qwen2.5-vl-3b;mmke-visual/smolvlm-1.7b
clean,power_a2_b1_g2,M_new_norm,3,8,False,21,72.2835,74.045,-1.7615000000000025,70.78483333333334,-0.2691666666666688,2,1,5,2,4,-0.4270000000000067,-21.60000000000001,16.685999999999993,0.125,evqa-pilot500/blip2-opt-2.7b;evqa-pilot500/paligemma-3b;evqa-pilot500/qwen2.5-vl-3b;mmke-entity/blip2-opt-2.7b;mmke-entity/instructblip-vicuna-7b;mmke-entity/paligemma-3b;mmke-visual/minigpt-4-vicuna-7b;mmke-visual/smolvlm-1.7b
clean,soft_direction_0.25,M_abscos_x_newn,1,18,False,21,68.672,68.88522222222223,-0.21322222222222229,68.672,-0.21322222222222229,0,14,4,0,3,0.0,-1.730000000000004,0.0,0.2222222222222222,evqa-pilot500/blip2-opt-2.7b;evqa-pilot500/instructblip-vicuna-7b;evqa-pilot500/llava-v1.5-7b;evqa-pilot500/minigpt-4-vicuna-7b;evqa-pilot500/paligemma-3b;evqa-pilot500/qwen2.5-vl-3b;evqa-pilot500/smolvlm-1.7b;mmke-entity/blip2-opt-2.7b;mmke-entity/instructblip-vicuna-7b;mmke-entity/minigpt-4-vicuna-7b;mmke-entity/paligemma-3b;mmke-entity/qwen2.5-vl-3b;mmke-entity/smolvlm-1.7b;mmke-visual/blip2-opt-2.7b;mmke-visual/instructblip-vicuna-7b;mmke-visual/minigpt-4-vicuna-7b;mmke-visual/qwen2.5-vl-3b;mmke-visual/smolvlm-1.7b
clean,soft_direction_0.25,M_abscos_x_newn,3,17,False,21,71.67258823529411,71.43388235294118,0.23870588235294032,68.75596078431373,0.05733333333333235,1,13,3,1,2,0.0,-0.8500000000000014,6.1640000000000015,0.4117647058823529,evqa-pilot500/blip2-opt-2.7b;evqa-pilot500/instructblip-vicuna-7b;evqa-pilot500/minigpt-4-vicuna-7b;evqa-pilot500/paligemma-3b;evqa-pilot500/qwen2.5-vl-3b;evqa-pilot500/smolvlm-1.7b;mmke-entity/blip2-opt-2.7b;mmke-entity/instructblip-vicuna-7b;mmke-entity/minigpt-4-vicuna-7b;mmke-entity/paligemma-3b;mmke-entity/qwen2.5-vl-3b;mmke-entity/smolvlm-1.7b;mmke-visual/blip2-opt-2.7b;mmke-visual/instructblip-vicuna-7b;mmke-visual/minigpt-4-vicuna-7b;mmke-visual/qwen2.5-vl-3b;mmke-visual/smolvlm-1.7b
clean,soft_direction_0.25,M_new_norm,1,19,False,21,70.26957894736842,70.26957894736842,0.0,70.26957894736842,0.0,0,19,0,0,0,0.0,0.0,0.0,0.21052631578947367,evqa-pilot500/blip2-opt-2.7b;evqa-pilot500/instructblip-vicuna-7b;evqa-pilot500/llava-v1.5-7b;evqa-pilot500/minigpt-4-vicuna-7b;evqa-pilot500/paligemma-3b;evqa-pilot500/qwen2.5-vl-3b;evqa-pilot500/smolvlm-1.7b;mmke-entity/blip2-opt-2.7b;mmke-entity/instructblip-vicuna-7b;mmke-entity/minigpt-4-vicuna-7b;mmke-entity/paligemma-3b;mmke-entity/qwen2.5-vl-3b;mmke-entity/smolvlm-1.7b;mmke-visual/blip2-opt-2.7b;mmke-visual/instructblip-vicuna-7b;mmke-visual/minigpt-4-vicuna-7b;mmke-visual/paligemma-3b;mmke-visual/qwen2.5-vl-3b;mmke-visual/smolvlm-1.7b
clean,soft_direction_0.25,M_new_norm,3,16,False,21,72.74775,72.74775,0.0,69.80404166666666,0.0,0,16,0,0,0,0.0,0.0,0.0,0.375,evqa-pilot500/blip2-opt-2.7b;evqa-pilot500/minigpt-4-vicuna-7b;evqa-pilot500/paligemma-3b;evqa-pilot500/qwen2.5-vl-3b;evqa-pilot500/smolvlm-1.7b;mmke-entity/blip2-opt-2.7b;mmke-entity/instructblip-vicuna-7b;mmke-entity/minigpt-4-vicuna-7b;mmke-entity/paligemma-3b;mmke-entity/qwen2.5-vl-3b;mmke-entity/smolvlm-1.7b;mmke-visual/blip2-opt-2.7b;mmke-visual/instructblip-vicuna-7b;mmke-visual/minigpt-4-vicuna-7b;mmke-visual/qwen2.5-vl-3b;mmke-visual/smolvlm-1.7b
clean,soft_direction_0.5,M_abscos_x_newn,1,18,False,21,68.672,68.88522222222223,-0.21322222222222229,68.672,-0.21322222222222229,0,14,4,0,3,0.0,-1.730000000000004,0.0,0.2222222222222222,evqa-pilot500/blip2-opt-2.7b;evqa-pilot500/instructblip-vicuna-7b;evqa-pilot500/llava-v1.5-7b;evqa-pilot500/minigpt-4-vicuna-7b;evqa-pilot500/paligemma-3b;evqa-pilot500/qwen2.5-vl-3b;evqa-pilot500/smolvlm-1.7b;mmke-entity/blip2-opt-2.7b;mmke-entity/instructblip-vicuna-7b;mmke-entity/minigpt-4-vicuna-7b;mmke-entity/paligemma-3b;mmke-entity/qwen2.5-vl-3b;mmke-entity/smolvlm-1.7b;mmke-visual/blip2-opt-2.7b;mmke-visual/instructblip-vicuna-7b;mmke-visual/minigpt-4-vicuna-7b;mmke-visual/qwen2.5-vl-3b;mmke-visual/smolvlm-1.7b
clean,soft_direction_0.5,M_abscos_x_newn,3,17,False,21,71.67258823529411,71.43388235294118,0.23870588235294032,68.75596078431373,0.05733333333333235,1,13,3,1,2,0.0,-0.8500000000000014,6.1640000000000015,0.4117647058823529,evqa-pilot500/blip2-opt-2.7b;evqa-pilot500/instructblip-vicuna-7b;evqa-pilot500/minigpt-4-vicuna-7b;evqa-pilot500/paligemma-3b;evqa-pilot500/qwen2.5-vl-3b;evqa-pilot500/smolvlm-1.7b;mmke-entity/blip2-opt-2.7b;mmke-entity/instructblip-vicuna-7b;mmke-entity/minigpt-4-vicuna-7b;mmke-entity/paligemma-3b;mmke-entity/qwen2.5-vl-3b;mmke-entity/smolvlm-1.7b;mmke-visual/blip2-opt-2.7b;mmke-visual/instructblip-vicuna-7b;mmke-visual/minigpt-4-vicuna-7b;mmke-visual/qwen2.5-vl-3b;mmke-visual/smolvlm-1.7b
clean,soft_direction_0.5,M_new_norm,1,19,False,21,70.26957894736842,70.26957894736842,0.0,70.26957894736842,0.0,0,19,0,0,0,0.0,0.0,0.0,0.21052631578947367,evqa-pilot500/blip2-opt-2.7b;evqa-pilot500/instructblip-vicuna-7b;evqa-pilot500/llava-v1.5-7b;evqa-pilot500/minigpt-4-vicuna-7b;evqa-pilot500/paligemma-3b;evqa-pilot500/qwen2.5-vl-3b;evqa-pilot500/smolvlm-1.7b;mmke-entity/blip2-opt-2.7b;mmke-entity/instructblip-vicuna-7b;mmke-entity/minigpt-4-vicuna-7b;mmke-entity/paligemma-3b;mmke-entity/qwen2.5-vl-3b;mmke-entity/smolvlm-1.7b;mmke-visual/blip2-opt-2.7b;mmke-visual/instructblip-vicuna-7b;mmke-visual/minigpt-4-vicuna-7b;mmke-visual/paligemma-3b;mmke-visual/qwen2.5-vl-3b;mmke-visual/smolvlm-1.7b
clean,soft_direction_0.5,M_new_norm,3,16,False,21,72.74775,72.74775,0.0,69.80404166666666,0.0,0,16,0,0,0,0.0,0.0,0.0,0.375,evqa-pilot500/blip2-opt-2.7b;evqa-pilot500/minigpt-4-vicuna-7b;evqa-pilot500/paligemma-3b;evqa-pilot500/qwen2.5-vl-3b;evqa-pilot500/smolvlm-1.7b;mmke-entity/blip2-opt-2.7b;mmke-entity/instructblip-vicuna-7b;mmke-entity/minigpt-4-vicuna-7b;mmke-entity/paligemma-3b;mmke-entity/qwen2.5-vl-3b;mmke-entity/smolvlm-1.7b;mmke-visual/blip2-opt-2.7b;mmke-visual/instructblip-vicuna-7b;mmke-visual/minigpt-4-vicuna-7b;mmke-visual/qwen2.5-vl-3b;mmke-visual/smolvlm-1.7b
clean,soft_direction_1,M_abscos_x_newn,1,19,False,21,69.01336842105263,69.21536842105263,-0.20200000000000004,69.01336842105263,-0.20200000000000004,0,15,4,0,3,0.0,-1.730000000000004,0.0,0.21052631578947367,evqa-pilot500/blip2-opt-2.7b;evqa-pilot500/instructblip-vicuna-7b;evqa-pilot500/llava-v1.5-7b;evqa-pilot500/minigpt-4-vicuna-7b;evqa-pilot500/paligemma-3b;evqa-pilot500/qwen2.5-vl-3b;evqa-pilot500/smolvlm-1.7b;mmke-entity/blip2-opt-2.7b;mmke-entity/instructblip-vicuna-7b;mmke-entity/minigpt-4-vicuna-7b;mmke-entity/paligemma-3b;mmke-entity/qwen2.5-vl-3b;mmke-entity/smolvlm-1.7b;mmke-visual/blip2-opt-2.7b;mmke-visual/instructblip-vicuna-7b;mmke-visual/llava-v1.5-7b;mmke-visual/minigpt-4-vicuna-7b;mmke-visual/qwen2.5-vl-3b;mmke-visual/smolvlm-1.7b
clean,soft_direction_1,M_abscos_x_newn,3,17,False,21,71.67258823529411,71.43388235294118,0.23870588235294032,68.75596078431373,0.05733333333333235,1,13,3,1,2,0.0,-0.8500000000000014,6.1640000000000015,0.4117647058823529,evqa-pilot500/blip2-opt-2.7b;evqa-pilot500/instructblip-vicuna-7b;evqa-pilot500/minigpt-4-vicuna-7b;evqa-pilot500/paligemma-3b;evqa-pilot500/qwen2.5-vl-3b;evqa-pilot500/smolvlm-1.7b;mmke-entity/blip2-opt-2.7b;mmke-entity/instructblip-vicuna-7b;mmke-entity/minigpt-4-vicuna-7b;mmke-entity/paligemma-3b;mmke-entity/qwen2.5-vl-3b;mmke-entity/smolvlm-1.7b;mmke-visual/blip2-opt-2.7b;mmke-visual/instructblip-vicuna-7b;mmke-visual/minigpt-4-vicuna-7b;mmke-visual/qwen2.5-vl-3b;mmke-visual/smolvlm-1.7b
clean,soft_direction_1,M_new_norm,1,18,False,21,68.672,68.672,0.0,68.672,0.0,0,18,0,0,0,0.0,0.0,0.0,0.2222222222222222,evqa-pilot500/blip2-opt-2.7b;evqa-pilot500/instructblip-vicuna-7b;evqa-pilot500/llava-v1.5-7b;evqa-pilot500/minigpt-4-vicuna-7b;evqa-pilot500/paligemma-3b;evqa-pilot500/qwen2.5-vl-3b;evqa-pilot500/smolvlm-1.7b;mmke-entity/blip2-opt-2.7b;mmke-entity/instructblip-vicuna-7b;mmke-entity/minigpt-4-vicuna-7b;mmke-entity/paligemma-3b;mmke-entity/qwen2.5-vl-3b;mmke-entity/smolvlm-1.7b;mmke-visual/blip2-opt-2.7b;mmke-visual/instructblip-vicuna-7b;mmke-visual/minigpt-4-vicuna-7b;mmke-visual/qwen2.5-vl-3b;mmke-visual/smolvlm-1.7b
clean,soft_direction_1,M_new_norm,3,16,False,21,72.74775,72.74775,0.0,69.80404166666666,0.0,0,16,0,0,0,0.0,0.0,0.0,0.375,evqa-pilot500/blip2-opt-2.7b;evqa-pilot500/minigpt-4-vicuna-7b;evqa-pilot500/paligemma-3b;evqa-pilot500/qwen2.5-vl-3b;evqa-pilot500/smolvlm-1.7b;mmke-entity/blip2-opt-2.7b;mmke-entity/instructblip-vicuna-7b;mmke-entity/minigpt-4-vicuna-7b;mmke-entity/paligemma-3b;mmke-entity/qwen2.5-vl-3b;mmke-entity/smolvlm-1.7b;mmke-visual/blip2-opt-2.7b;mmke-visual/instructblip-vicuna-7b;mmke-visual/minigpt-4-vicuna-7b;mmke-visual/qwen2.5-vl-3b;mmke-visual/smolvlm-1.7b
clean,soft_direction_2,M_abscos_x_newn,1,19,False,21,69.01336842105263,69.21536842105263,-0.20200000000000004,69.01336842105263,-0.20200000000000004,0,15,4,0,3,0.0,-1.730000000000004,0.0,0.21052631578947367,evqa-pilot500/blip2-opt-2.7b;evqa-pilot500/instructblip-vicuna-7b;evqa-pilot500/llava-v1.5-7b;evqa-pilot500/minigpt-4-vicuna-7b;evqa-pilot500/paligemma-3b;evqa-pilot500/qwen2.5-vl-3b;evqa-pilot500/smolvlm-1.7b;mmke-entity/blip2-opt-2.7b;mmke-entity/instructblip-vicuna-7b;mmke-entity/minigpt-4-vicuna-7b;mmke-entity/paligemma-3b;mmke-entity/qwen2.5-vl-3b;mmke-entity/smolvlm-1.7b;mmke-visual/blip2-opt-2.7b;mmke-visual/instructblip-vicuna-7b;mmke-visual/llava-v1.5-7b;mmke-visual/minigpt-4-vicuna-7b;mmke-visual/qwen2.5-vl-3b;mmke-visual/smolvlm-1.7b
clean,soft_direction_2,M_abscos_x_newn,3,17,False,21,71.67258823529411,71.43388235294118,0.23870588235294032,68.75596078431373,0.05733333333333235,1,13,3,1,2,0.0,-0.8500000000000014,6.1640000000000015,0.4117647058823529,evqa-pilot500/blip2-opt-2.7b;evqa-pilot500/instructblip-vicuna-7b;evqa-pilot500/minigpt-4-vicuna-7b;evqa-pilot500/paligemma-3b;evqa-pilot500/qwen2.5-vl-3b;evqa-pilot500/smolvlm-1.7b;mmke-entity/blip2-opt-2.7b;mmke-entity/instructblip-vicuna-7b;mmke-entity/minigpt-4-vicuna-7b;mmke-entity/paligemma-3b;mmke-entity/qwen2.5-vl-3b;mmke-entity/smolvlm-1.7b;mmke-visual/blip2-opt-2.7b;mmke-visual/instructblip-vicuna-7b;mmke-visual/minigpt-4-vicuna-7b;mmke-visual/qwen2.5-vl-3b;mmke-visual/smolvlm-1.7b
clean,soft_direction_2,M_new_norm,1,18,False,21,68.672,68.672,0.0,68.672,0.0,0,18,0,0,0,0.0,0.0,0.0,0.2222222222222222,evqa-pilot500/blip2-opt-2.7b;evqa-pilot500/instructblip-vicuna-7b;evqa-pilot500/llava-v1.5-7b;evqa-pilot500/minigpt-4-vicuna-7b;evqa-pilot500/paligemma-3b;evqa-pilot500/qwen2.5-vl-3b;evqa-pilot500/smolvlm-1.7b;mmke-entity/blip2-opt-2.7b;mmke-entity/instructblip-vicuna-7b;mmke-entity/minigpt-4-vicuna-7b;mmke-entity/paligemma-3b;mmke-entity/qwen2.5-vl-3b;mmke-entity/smolvlm-1.7b;mmke-visual/blip2-opt-2.7b;mmke-visual/instructblip-vicuna-7b;mmke-visual/minigpt-4-vicuna-7b;mmke-visual/qwen2.5-vl-3b;mmke-visual/smolvlm-1.7b
clean,soft_direction_2,M_new_norm,3,16,False,21,72.74775,72.74775,0.0,69.80404166666666,0.0,0,16,0,0,0,0.0,0.0,0.0,0.375,evqa-pilot500/blip2-opt-2.7b;evqa-pilot500/minigpt-4-vicuna-7b;evqa-pilot500/paligemma-3b;evqa-pilot500/qwen2.5-vl-3b;evqa-pilot500/smolvlm-1.7b;mmke-entity/blip2-opt-2.7b;mmke-entity/instructblip-vicuna-7b;mmke-entity/minigpt-4-vicuna-7b;mmke-entity/paligemma-3b;mmke-entity/qwen2.5-vl-3b;mmke-entity/smolvlm-1.7b;mmke-visual/blip2-opt-2.7b;mmke-visual/instructblip-vicuna-7b;mmke-visual/minigpt-4-vicuna-7b;mmke-visual/qwen2.5-vl-3b;mmke-visual/smolvlm-1.7b
clean,soft_direction_4,M_abscos_x_newn,1,19,False,21,69.01336842105263,69.21536842105263,-0.20200000000000004,69.01336842105263,-0.20200000000000004,0,15,4,0,3,0.0,-1.730000000000004,0.0,0.21052631578947367,evqa-pilot500/blip2-opt-2.7b;evqa-pilot500/instructblip-vicuna-7b;evqa-pilot500/llava-v1.5-7b;evqa-pilot500/minigpt-4-vicuna-7b;evqa-pilot500/paligemma-3b;evqa-pilot500/qwen2.5-vl-3b;evqa-pilot500/smolvlm-1.7b;mmke-entity/blip2-opt-2.7b;mmke-entity/instructblip-vicuna-7b;mmke-entity/minigpt-4-vicuna-7b;mmke-entity/paligemma-3b;mmke-entity/qwen2.5-vl-3b;mmke-entity/smolvlm-1.7b;mmke-visual/blip2-opt-2.7b;mmke-visual/instructblip-vicuna-7b;mmke-visual/llava-v1.5-7b;mmke-visual/minigpt-4-vicuna-7b;mmke-visual/qwen2.5-vl-3b;mmke-visual/smolvlm-1.7b
clean,soft_direction_4,M_abscos_x_newn,3,17,False,21,71.67258823529411,71.43388235294118,0.23870588235294032,68.75596078431373,0.05733333333333235,1,13,3,1,2,0.0,-0.8500000000000014,6.1640000000000015,0.4117647058823529,evqa-pilot500/blip2-opt-2.7b;evqa-pilot500/instructblip-vicuna-7b;evqa-pilot500/minigpt-4-vicuna-7b;evqa-pilot500/paligemma-3b;evqa-pilot500/qwen2.5-vl-3b;evqa-pilot500/smolvlm-1.7b;mmke-entity/blip2-opt-2.7b;mmke-entity/instructblip-vicuna-7b;mmke-entity/minigpt-4-vicuna-7b;mmke-entity/paligemma-3b;mmke-entity/qwen2.5-vl-3b;mmke-entity/smolvlm-1.7b;mmke-visual/blip2-opt-2.7b;mmke-visual/instructblip-vicuna-7b;mmke-visual/minigpt-4-vicuna-7b;mmke-visual/qwen2.5-vl-3b;mmke-visual/smolvlm-1.7b
clean,soft_direction_4,M_new_norm,1,18,False,21,68.672,68.672,0.0,68.672,0.0,0,18,0,0,0,0.0,0.0,0.0,0.2222222222222222,evqa-pilot500/blip2-opt-2.7b;evqa-pilot500/instructblip-vicuna-7b;evqa-pilot500/llava-v1.5-7b;evqa-pilot500/minigpt-4-vicuna-7b;evqa-pilot500/paligemma-3b;evqa-pilot500/qwen2.5-vl-3b;evqa-pilot500/smolvlm-1.7b;mmke-entity/blip2-opt-2.7b;mmke-entity/instructblip-vicuna-7b;mmke-entity/minigpt-4-vicuna-7b;mmke-entity/paligemma-3b;mmke-entity/qwen2.5-vl-3b;mmke-entity/smolvlm-1.7b;mmke-visual/blip2-opt-2.7b;mmke-visual/instructblip-vicuna-7b;mmke-visual/minigpt-4-vicuna-7b;mmke-visual/qwen2.5-vl-3b;mmke-visual/smolvlm-1.7b
clean,soft_direction_4,M_new_norm,3,16,False,21,72.74775,72.74775,0.0,69.80404166666666,0.0,0,16,0,0,0,0.0,0.0,0.0,0.375,evqa-pilot500/blip2-opt-2.7b;evqa-pilot500/minigpt-4-vicuna-7b;evqa-pilot500/paligemma-3b;evqa-pilot500/qwen2.5-vl-3b;evqa-pilot500/smolvlm-1.7b;mmke-entity/blip2-opt-2.7b;mmke-entity/instructblip-vicuna-7b;mmke-entity/minigpt-4-vicuna-7b;mmke-entity/paligemma-3b;mmke-entity/qwen2.5-vl-3b;mmke-entity/smolvlm-1.7b;mmke-visual/blip2-opt-2.7b;mmke-visual/instructblip-vicuna-7b;mmke-visual/minigpt-4-vicuna-7b;mmke-visual/qwen2.5-vl-3b;mmke-visual/smolvlm-1.7b
clean,soft_direction_8,M_abscos_x_newn,1,18,False,21,68.66211111111112,68.84822222222222,-0.1861111111111112,68.66211111111112,-0.1861111111111112,0,15,3,0,3,0.0,-1.730000000000004,0.0,0.2222222222222222,evqa-pilot500/blip2-opt-2.7b;evqa-pilot500/instructblip-vicuna-7b;evqa-pilot500/llava-v1.5-7b;evqa-pilot500/minigpt-4-vicuna-7b;evqa-pilot500/paligemma-3b;evqa-pilot500/qwen2.5-vl-3b;evqa-pilot500/smolvlm-1.7b;mmke-entity/blip2-opt-2.7b;mmke-entity/instructblip-vicuna-7b;mmke-entity/paligemma-3b;mmke-entity/qwen2.5-vl-3b;mmke-entity/smolvlm-1.7b;mmke-visual/blip2-opt-2.7b;mmke-visual/instructblip-vicuna-7b;mmke-visual/llava-v1.5-7b;mmke-visual/minigpt-4-vicuna-7b;mmke-visual/qwen2.5-vl-3b;mmke-visual/smolvlm-1.7b
clean,soft_direction_8,M_abscos_x_newn,3,16,False,21,71.43025,71.146,0.28424999999999967,68.343875,0.08874999999999922,1,13,2,1,2,0.0,-0.8500000000000014,6.1640000000000015,0.4375,evqa-pilot500/blip2-opt-2.7b;evqa-pilot500/instructblip-vicuna-7b;evqa-pilot500/minigpt-4-vicuna-7b;evqa-pilot500/paligemma-3b;evqa-pilot500/qwen2.5-vl-3b;evqa-pilot500/smolvlm-1.7b;mmke-entity/blip2-opt-2.7b;mmke-entity/instructblip-vicuna-7b;mmke-entity/paligemma-3b;mmke-entity/qwen2.5-vl-3b;mmke-entity/smolvlm-1.7b;mmke-visual/blip2-opt-2.7b;mmke-visual/instructblip-vicuna-7b;mmke-visual/minigpt-4-vicuna-7b;mmke-visual/qwen2.5-vl-3b;mmke-visual/smolvlm-1.7b
clean,soft_direction_8,M_new_norm,1,17,False,21,68.28,68.28,0.0,68.28,0.0,0,17,0,0,0,0.0,0.0,0.0,0.23529411764705882,evqa-pilot500/blip2-opt-2.7b;evqa-pilot500/instructblip-vicuna-7b;evqa-pilot500/llava-v1.5-7b;evqa-pilot500/minigpt-4-vicuna-7b;evqa-pilot500/paligemma-3b;evqa-pilot500/qwen2.5-vl-3b;evqa-pilot500/smolvlm-1.7b;mmke-entity/blip2-opt-2.7b;mmke-entity/instructblip-vicuna-7b;mmke-entity/paligemma-3b;mmke-entity/qwen2.5-vl-3b;mmke-entity/smolvlm-1.7b;mmke-visual/blip2-opt-2.7b;mmke-visual/instructblip-vicuna-7b;mmke-visual/minigpt-4-vicuna-7b;mmke-visual/qwen2.5-vl-3b;mmke-visual/smolvlm-1.7b
clean,soft_direction_8,M_new_norm,3,15,False,21,72.56093333333334,72.56093333333334,0.0,69.43435555555556,0.0,0,15,0,0,0,0.0,0.0,0.0,0.4,evqa-pilot500/blip2-opt-2.7b;evqa-pilot500/minigpt-4-vicuna-7b;evqa-pilot500/paligemma-3b;evqa-pilot500/qwen2.5-vl-3b;evqa-pilot500/smolvlm-1.7b;mmke-entity/blip2-opt-2.7b;mmke-entity/instructblip-vicuna-7b;mmke-entity/paligemma-3b;mmke-entity/qwen2.5-vl-3b;mmke-entity/smolvlm-1.7b;mmke-visual/blip2-opt-2.7b;mmke-visual/instructblip-vicuna-7b;mmke-visual/minigpt-4-vicuna-7b;mmke-visual/qwen2.5-vl-3b;mmke-visual/smolvlm-1.7b
clean,rrf_w0.25_t0,M_abscos_x_newn,1,18,False,21,68.672,68.88522222222223,-0.21322222222222229,68.672,-0.21322222222222229,0,14,4,0,3,0.0,-1.730000000000004,0.0,0.2222222222222222,evqa-pilot500/blip2-opt-2.7b;evqa-pilot500/instructblip-vicuna-7b;evqa-pilot500/llava-v1.5-7b;evqa-pilot500/minigpt-4-vicuna-7b;evqa-pilot500/paligemma-3b;evqa-pilot500/qwen2.5-vl-3b;evqa-pilot500/smolvlm-1.7b;mmke-entity/blip2-opt-2.7b;mmke-entity/instructblip-vicuna-7b;mmke-entity/minigpt-4-vicuna-7b;mmke-entity/paligemma-3b;mmke-entity/qwen2.5-vl-3b;mmke-entity/smolvlm-1.7b;mmke-visual/blip2-opt-2.7b;mmke-visual/instructblip-vicuna-7b;mmke-visual/minigpt-4-vicuna-7b;mmke-visual/qwen2.5-vl-3b;mmke-visual/smolvlm-1.7b
clean,rrf_w0.25_t0,M_abscos_x_newn,3,16,False,21,72.780125,72.494125,0.28599999999999914,69.81483333333334,0.0717083333333326,1,12,3,1,1,0.0,-0.8500000000000014,6.1640000000000015,0.375,evqa-pilot500/blip2-opt-2.7b;evqa-pilot500/minigpt-4-vicuna-7b;evqa-pilot500/paligemma-3b;evqa-pilot500/qwen2.5-vl-3b;evqa-pilot500/smolvlm-1.7b;mmke-entity/blip2-opt-2.7b;mmke-entity/instructblip-vicuna-7b;mmke-entity/minigpt-4-vicuna-7b;mmke-entity/paligemma-3b;mmke-entity/qwen2.5-vl-3b;mmke-entity/smolvlm-1.7b;mmke-visual/blip2-opt-2.7b;mmke-visual/instructblip-vicuna-7b;mmke-visual/minigpt-4-vicuna-7b;mmke-visual/qwen2.5-vl-3b;mmke-visual/smolvlm-1.7b
clean,rrf_w0.25_t0,M_new_norm,1,19,False,21,70.26957894736842,70.26957894736842,0.0,70.26957894736842,0.0,0,19,0,0,0,0.0,0.0,0.0,0.21052631578947367,evqa-pilot500/blip2-opt-2.7b;evqa-pilot500/instructblip-vicuna-7b;evqa-pilot500/llava-v1.5-7b;evqa-pilot500/minigpt-4-vicuna-7b;evqa-pilot500/paligemma-3b;evqa-pilot500/qwen2.5-vl-3b;evqa-pilot500/smolvlm-1.7b;mmke-entity/blip2-opt-2.7b;mmke-entity/instructblip-vicuna-7b;mmke-entity/minigpt-4-vicuna-7b;mmke-entity/paligemma-3b;mmke-entity/qwen2.5-vl-3b;mmke-entity/smolvlm-1.7b;mmke-visual/blip2-opt-2.7b;mmke-visual/instructblip-vicuna-7b;mmke-visual/minigpt-4-vicuna-7b;mmke-visual/paligemma-3b;mmke-visual/qwen2.5-vl-3b;mmke-visual/smolvlm-1.7b
clean,rrf_w0.25_t0,M_new_norm,3,16,False,21,72.780125,72.74775,0.03237500000000004,69.81483333333334,0.010791666666666977,1,15,0,1,0,0.0,0.0,0.5180000000000007,0.375,evqa-pilot500/blip2-opt-2.7b;evqa-pilot500/minigpt-4-vicuna-7b;evqa-pilot500/paligemma-3b;evqa-pilot500/qwen2.5-vl-3b;evqa-pilot500/smolvlm-1.7b;mmke-entity/blip2-opt-2.7b;mmke-entity/instructblip-vicuna-7b;mmke-entity/minigpt-4-vicuna-7b;mmke-entity/paligemma-3b;mmke-entity/qwen2.5-vl-3b;mmke-entity/smolvlm-1.7b;mmke-visual/blip2-opt-2.7b;mmke-visual/instructblip-vicuna-7b;mmke-visual/minigpt-4-vicuna-7b;mmke-visual/qwen2.5-vl-3b;mmke-visual/smolvlm-1.7b
clean,rrf_w0.25_t1,M_abscos_x_newn,1,18,False,21,68.672,68.88522222222223,-0.21322222222222229,68.672,-0.21322222222222229,0,14,4,0,3,0.0,-1.730000000000004,0.0,0.2222222222222222,evqa-pilot500/blip2-opt-2.7b;evqa-pilot500/instructblip-vicuna-7b;evqa-pilot500/llava-v1.5-7b;evqa-pilot500/minigpt-4-vicuna-7b;evqa-pilot500/paligemma-3b;evqa-pilot500/qwen2.5-vl-3b;evqa-pilot500/smolvlm-1.7b;mmke-entity/blip2-opt-2.7b;mmke-entity/instructblip-vicuna-7b;mmke-entity/minigpt-4-vicuna-7b;mmke-entity/paligemma-3b;mmke-entity/qwen2.5-vl-3b;mmke-entity/smolvlm-1.7b;mmke-visual/blip2-opt-2.7b;mmke-visual/instructblip-vicuna-7b;mmke-visual/minigpt-4-vicuna-7b;mmke-visual/qwen2.5-vl-3b;mmke-visual/smolvlm-1.7b
clean,rrf_w0.25_t1,M_abscos_x_newn,3,16,False,21,72.74775,72.494125,0.2536249999999991,69.80404166666666,0.06091666666666562,1,12,3,1,2,0.0,-0.8500000000000014,6.1640000000000015,0.375,evqa-pilot500/blip2-opt-2.7b;evqa-pilot500/minigpt-4-vicuna-7b;evqa-pilot500/paligemma-3b;evqa-pilot500/qwen2.5-vl-3b;evqa-pilot500/smolvlm-1.7b;mmke-entity/blip2-opt-2.7b;mmke-entity/instructblip-vicuna-7b;mmke-entity/minigpt-4-vicuna-7b;mmke-entity/paligemma-3b;mmke-entity/qwen2.5-vl-3b;mmke-entity/smolvlm-1.7b;mmke-visual/blip2-opt-2.7b;mmke-visual/instructblip-vicuna-7b;mmke-visual/minigpt-4-vicuna-7b;mmke-visual/qwen2.5-vl-3b;mmke-visual/smolvlm-1.7b
clean,rrf_w0.25_t1,M_new_norm,1,19,False,21,70.26957894736842,70.26957894736842,0.0,70.26957894736842,0.0,0,19,0,0,0,0.0,0.0,0.0,0.21052631578947367,evqa-pilot500/blip2-opt-2.7b;evqa-pilot500/instructblip-vicuna-7b;evqa-pilot500/llava-v1.5-7b;evqa-pilot500/minigpt-4-vicuna-7b;evqa-pilot500/paligemma-3b;evqa-pilot500/qwen2.5-vl-3b;evqa-pilot500/smolvlm-1.7b;mmke-entity/blip2-opt-2.7b;mmke-entity/instructblip-vicuna-7b;mmke-entity/minigpt-4-vicuna-7b;mmke-entity/paligemma-3b;mmke-entity/qwen2.5-vl-3b;mmke-entity/smolvlm-1.7b;mmke-visual/blip2-opt-2.7b;mmke-visual/instructblip-vicuna-7b;mmke-visual/minigpt-4-vicuna-7b;mmke-visual/paligemma-3b;mmke-visual/qwen2.5-vl-3b;mmke-visual/smolvlm-1.7b
clean,rrf_w0.25_t1,M_new_norm,3,16,False,21,72.74775,72.74775,0.0,69.80404166666666,0.0,0,16,0,0,0,0.0,0.0,0.0,0.375,evqa-pilot500/blip2-opt-2.7b;evqa-pilot500/minigpt-4-vicuna-7b;evqa-pilot500/paligemma-3b;evqa-pilot500/qwen2.5-vl-3b;evqa-pilot500/smolvlm-1.7b;mmke-entity/blip2-opt-2.7b;mmke-entity/instructblip-vicuna-7b;mmke-entity/minigpt-4-vicuna-7b;mmke-entity/paligemma-3b;mmke-entity/qwen2.5-vl-3b;mmke-entity/smolvlm-1.7b;mmke-visual/blip2-opt-2.7b;mmke-visual/instructblip-vicuna-7b;mmke-visual/minigpt-4-vicuna-7b;mmke-visual/qwen2.5-vl-3b;mmke-visual/smolvlm-1.7b
clean,rrf_w0.25_t5,M_abscos_x_newn,1,18,False,21,68.672,68.88522222222223,-0.21322222222222229,68.672,-0.21322222222222229,0,14,4,0,3,0.0,-1.730000000000004,0.0,0.2222222222222222,evqa-pilot500/blip2-opt-2.7b;evqa-pilot500/instructblip-vicuna-7b;evqa-pilot500/llava-v1.5-7b;evqa-pilot500/minigpt-4-vicuna-7b;evqa-pilot500/paligemma-3b;evqa-pilot500/qwen2.5-vl-3b;evqa-pilot500/smolvlm-1.7b;mmke-entity/blip2-opt-2.7b;mmke-entity/instructblip-vicuna-7b;mmke-entity/minigpt-4-vicuna-7b;mmke-entity/paligemma-3b;mmke-entity/qwen2.5-vl-3b;mmke-entity/smolvlm-1.7b;mmke-visual/blip2-opt-2.7b;mmke-visual/instructblip-vicuna-7b;mmke-visual/minigpt-4-vicuna-7b;mmke-visual/qwen2.5-vl-3b;mmke-visual/smolvlm-1.7b
clean,rrf_w0.25_t5,M_abscos_x_newn,3,16,False,21,72.74775,72.494125,0.2536249999999991,69.80404166666666,0.06091666666666562,1,12,3,1,2,0.0,-0.8500000000000014,6.1640000000000015,0.375,evqa-pilot500/blip2-opt-2.7b;evqa-pilot500/minigpt-4-vicuna-7b;evqa-pilot500/paligemma-3b;evqa-pilot500/qwen2.5-vl-3b;evqa-pilot500/smolvlm-1.7b;mmke-entity/blip2-opt-2.7b;mmke-entity/instructblip-vicuna-7b;mmke-entity/minigpt-4-vicuna-7b;mmke-entity/paligemma-3b;mmke-entity/qwen2.5-vl-3b;mmke-entity/smolvlm-1.7b;mmke-visual/blip2-opt-2.7b;mmke-visual/instructblip-vicuna-7b;mmke-visual/minigpt-4-vicuna-7b;mmke-visual/qwen2.5-vl-3b;mmke-visual/smolvlm-1.7b
clean,rrf_w0.25_t5,M_new_norm,1,19,False,21,70.26957894736842,70.26957894736842,0.0,70.26957894736842,0.0,0,19,0,0,0,0.0,0.0,0.0,0.21052631578947367,evqa-pilot500/blip2-opt-2.7b;evqa-pilot500/instructblip-vicuna-7b;evqa-pilot500/llava-v1.5-7b;evqa-pilot500/minigpt-4-vicuna-7b;evqa-pilot500/paligemma-3b;evqa-pilot500/qwen2.5-vl-3b;evqa-pilot500/smolvlm-1.7b;mmke-entity/blip2-opt-2.7b;mmke-entity/instructblip-vicuna-7b;mmke-entity/minigpt-4-vicuna-7b;mmke-entity/paligemma-3b;mmke-entity/qwen2.5-vl-3b;mmke-entity/smolvlm-1.7b;mmke-visual/blip2-opt-2.7b;mmke-visual/instructblip-vicuna-7b;mmke-visual/minigpt-4-vicuna-7b;mmke-visual/paligemma-3b;mmke-visual/qwen2.5-vl-3b;mmke-visual/smolvlm-1.7b
clean,rrf_w0.25_t5,M_new_norm,3,16,False,21,72.74775,72.74775,0.0,69.80404166666666,0.0,0,16,0,0,0,0.0,0.0,0.0,0.375,evqa-pilot500/blip2-opt-2.7b;evqa-pilot500/minigpt-4-vicuna-7b;evqa-pilot500/paligemma-3b;evqa-pilot500/qwen2.5-vl-3b;evqa-pilot500/smolvlm-1.7b;mmke-entity/blip2-opt-2.7b;mmke-entity/instructblip-vicuna-7b;mmke-entity/minigpt-4-vicuna-7b;mmke-entity/paligemma-3b;mmke-entity/qwen2.5-vl-3b;mmke-entity/smolvlm-1.7b;mmke-visual/blip2-opt-2.7b;mmke-visual/instructblip-vicuna-7b;mmke-visual/minigpt-4-vicuna-7b;mmke-visual/qwen2.5-vl-3b;mmke-visual/smolvlm-1.7b
clean,rrf_w0.5_t0,M_abscos_x_newn,1,18,False,21,68.672,68.88522222222223,-0.21322222222222229,68.672,-0.21322222222222229,0,14,4,0,3,0.0,-1.730000000000004,0.0,0.2222222222222222,evqa-pilot500/blip2-opt-2.7b;evqa-pilot500/instructblip-vicuna-7b;evqa-pilot500/llava-v1.5-7b;evqa-pilot500/minigpt-4-vicuna-7b;evqa-pilot500/paligemma-3b;evqa-pilot500/qwen2.5-vl-3b;evqa-pilot500/smolvlm-1.7b;mmke-entity/blip2-opt-2.7b;mmke-entity/instructblip-vicuna-7b;mmke-entity/minigpt-4-vicuna-7b;mmke-entity/paligemma-3b;mmke-entity/qwen2.5-vl-3b;mmke-entity/smolvlm-1.7b;mmke-visual/blip2-opt-2.7b;mmke-visual/instructblip-vicuna-7b;mmke-visual/minigpt-4-vicuna-7b;mmke-visual/qwen2.5-vl-3b;mmke-visual/smolvlm-1.7b
clean,rrf_w0.5_t0,M_abscos_x_newn,3,16,False,21,72.850375,72.494125,0.3562499999999993,69.76958333333333,0.026458333333332806,1,13,2,1,0,0.0,-0.24800000000000466,6.1640000000000015,0.4375,evqa-pilot500/blip2-opt-2.7b;evqa-pilot500/minigpt-4-vicuna-7b;evqa-pilot500/paligemma-3b;evqa-pilot500/qwen2.5-vl-3b;evqa-pilot500/smolvlm-1.7b;mmke-entity/blip2-opt-2.7b;mmke-entity/instructblip-vicuna-7b;mmke-entity/minigpt-4-vicuna-7b;mmke-entity/paligemma-3b;mmke-entity/qwen2.5-vl-3b;mmke-entity/smolvlm-1.7b;mmke-visual/blip2-opt-2.7b;mmke-visual/instructblip-vicuna-7b;mmke-visual/minigpt-4-vicuna-7b;mmke-visual/qwen2.5-vl-3b;mmke-visual/smolvlm-1.7b
clean,rrf_w0.5_t0,M_new_norm,1,19,False,21,70.26957894736842,70.26957894736842,0.0,70.26957894736842,0.0,0,19,0,0,0,0.0,0.0,0.0,0.21052631578947367,evqa-pilot500/blip2-opt-2.7b;evqa-pilot500/instructblip-vicuna-7b;evqa-pilot500/llava-v1.5-7b;evqa-pilot500/minigpt-4-vicuna-7b;evqa-pilot500/paligemma-3b;evqa-pilot500/qwen2.5-vl-3b;evqa-pilot500/smolvlm-1.7b;mmke-entity/blip2-opt-2.7b;mmke-entity/instructblip-vicuna-7b;mmke-entity/minigpt-4-vicuna-7b;mmke-entity/paligemma-3b;mmke-entity/qwen2.5-vl-3b;mmke-entity/smolvlm-1.7b;mmke-visual/blip2-opt-2.7b;mmke-visual/instructblip-vicuna-7b;mmke-visual/minigpt-4-vicuna-7b;mmke-visual/paligemma-3b;mmke-visual/qwen2.5-vl-3b;mmke-visual/smolvlm-1.7b
clean,rrf_w0.5_t0,M_new_norm,3,16,False,21,72.850375,72.74775,0.10262500000000019,69.76958333333333,-0.03445833333333281,3,13,0,2,0,0.0,0.0,0.8500000000000014,0.4375,evqa-pilot500/blip2-opt-2.7b;evqa-pilot500/minigpt-4-vicuna-7b;evqa-pilot500/paligemma-3b;evqa-pilot500/qwen2.5-vl-3b;evqa-pilot500/smolvlm-1.7b;mmke-entity/blip2-opt-2.7b;mmke-entity/instructblip-vicuna-7b;mmke-entity/minigpt-4-vicuna-7b;mmke-entity/paligemma-3b;mmke-entity/qwen2.5-vl-3b;mmke-entity/smolvlm-1.7b;mmke-visual/blip2-opt-2.7b;mmke-visual/instructblip-vicuna-7b;mmke-visual/minigpt-4-vicuna-7b;mmke-visual/qwen2.5-vl-3b;mmke-visual/smolvlm-1.7b
clean,rrf_w0.5_t1,M_abscos_x_newn,1,18,False,21,68.672,68.88522222222223,-0.21322222222222229,68.672,-0.21322222222222229,0,14,4,0,3,0.0,-1.730000000000004,0.0,0.2222222222222222,evqa-pilot500/blip2-opt-2.7b;evqa-pilot500/instructblip-vicuna-7b;evqa-pilot500/llava-v1.5-7b;evqa-pilot500/minigpt-4-vicuna-7b;evqa-pilot500/paligemma-3b;evqa-pilot500/qwen2.5-vl-3b;evqa-pilot500/smolvlm-1.7b;mmke-entity/blip2-opt-2.7b;mmke-entity/instructblip-vicuna-7b;mmke-entity/minigpt-4-vicuna-7b;mmke-entity/paligemma-3b;mmke-entity/qwen2.5-vl-3b;mmke-entity/smolvlm-1.7b;mmke-visual/blip2-opt-2.7b;mmke-visual/instructblip-vicuna-7b;mmke-visual/minigpt-4-vicuna-7b;mmke-visual/qwen2.5-vl-3b;mmke-visual/smolvlm-1.7b
clean,rrf_w0.5_t1,M_abscos_x_newn,3,16,False,21,72.850375,72.494125,0.3562499999999993,69.76958333333333,0.026458333333332806,1,13,2,1,0,0.0,-0.24800000000000466,6.1640000000000015,0.4375,evqa-pilot500/blip2-opt-2.7b;evqa-pilot500/minigpt-4-vicuna-7b;evqa-pilot500/paligemma-3b;evqa-pilot500/qwen2.5-vl-3b;evqa-pilot500/smolvlm-1.7b;mmke-entity/blip2-opt-2.7b;mmke-entity/instructblip-vicuna-7b;mmke-entity/minigpt-4-vicuna-7b;mmke-entity/paligemma-3b;mmke-entity/qwen2.5-vl-3b;mmke-entity/smolvlm-1.7b;mmke-visual/blip2-opt-2.7b;mmke-visual/instructblip-vicuna-7b;mmke-visual/minigpt-4-vicuna-7b;mmke-visual/qwen2.5-vl-3b;mmke-visual/smolvlm-1.7b
clean,rrf_w0.5_t1,M_new_norm,1,19,False,21,70.26957894736842,70.26957894736842,0.0,70.26957894736842,0.0,0,19,0,0,0,0.0,0.0,0.0,0.21052631578947367,evqa-pilot500/blip2-opt-2.7b;evqa-pilot500/instructblip-vicuna-7b;evqa-pilot500/llava-v1.5-7b;evqa-pilot500/minigpt-4-vicuna-7b;evqa-pilot500/paligemma-3b;evqa-pilot500/qwen2.5-vl-3b;evqa-pilot500/smolvlm-1.7b;mmke-entity/blip2-opt-2.7b;mmke-entity/instructblip-vicuna-7b;mmke-entity/minigpt-4-vicuna-7b;mmke-entity/paligemma-3b;mmke-entity/qwen2.5-vl-3b;mmke-entity/smolvlm-1.7b;mmke-visual/blip2-opt-2.7b;mmke-visual/instructblip-vicuna-7b;mmke-visual/minigpt-4-vicuna-7b;mmke-visual/paligemma-3b;mmke-visual/qwen2.5-vl-3b;mmke-visual/smolvlm-1.7b
clean,rrf_w0.5_t1,M_new_norm,3,16,False,21,72.850375,72.74775,0.10262500000000019,69.76958333333333,-0.03445833333333281,3,13,0,2,0,0.0,0.0,0.8500000000000014,0.4375,evqa-pilot500/blip2-opt-2.7b;evqa-pilot500/minigpt-4-vicuna-7b;evqa-pilot500/paligemma-3b;evqa-pilot500/qwen2.5-vl-3b;evqa-pilot500/smolvlm-1.7b;mmke-entity/blip2-opt-2.7b;mmke-entity/instructblip-vicuna-7b;mmke-entity/minigpt-4-vicuna-7b;mmke-entity/paligemma-3b;mmke-entity/qwen2.5-vl-3b;mmke-entity/smolvlm-1.7b;mmke-visual/blip2-opt-2.7b;mmke-visual/instructblip-vicuna-7b;mmke-visual/minigpt-4-vicuna-7b;mmke-visual/qwen2.5-vl-3b;mmke-visual/smolvlm-1.7b
clean,rrf_w0.5_t5,M_abscos_x_newn,1,19,False,21,69.01336842105263,69.21536842105263,-0.20200000000000004,69.01336842105263,-0.20200000000000004,0,15,4,0,3,0.0,-1.730000000000004,0.0,0.21052631578947367,evqa-pilot500/blip2-opt-2.7b;evqa-pilot500/instructblip-vicuna-7b;evqa-pilot500/llava-v1.5-7b;evqa-pilot500/minigpt-4-vicuna-7b;evqa-pilot500/paligemma-3b;evqa-pilot500/qwen2.5-vl-3b;evqa-pilot500/smolvlm-1.7b;mmke-entity/blip2-opt-2.7b;mmke-entity/instructblip-vicuna-7b;mmke-entity/minigpt-4-vicuna-7b;mmke-entity/paligemma-3b;mmke-entity/qwen2.5-vl-3b;mmke-entity/smolvlm-1.7b;mmke-visual/blip2-opt-2.7b;mmke-visual/instructblip-vicuna-7b;mmke-visual/llava-v1.5-7b;mmke-visual/minigpt-4-vicuna-7b;mmke-visual/qwen2.5-vl-3b;mmke-visual/smolvlm-1.7b
clean,rrf_w0.5_t5,M_abscos_x_newn,3,16,False,21,72.780125,72.494125,0.28599999999999914,69.81483333333334,0.0717083333333326,1,12,3,1,1,0.0,-0.8500000000000014,6.1640000000000015,0.375,evqa-pilot500/blip2-opt-2.7b;evqa-pilot500/minigpt-4-vicuna-7b;evqa-pilot500/paligemma-3b;evqa-pilot500/qwen2.5-vl-3b;evqa-pilot500/smolvlm-1.7b;mmke-entity/blip2-opt-2.7b;mmke-entity/instructblip-vicuna-7b;mmke-entity/minigpt-4-vicuna-7b;mmke-entity/paligemma-3b;mmke-entity/qwen2.5-vl-3b;mmke-entity/smolvlm-1.7b;mmke-visual/blip2-opt-2.7b;mmke-visual/instructblip-vicuna-7b;mmke-visual/minigpt-4-vicuna-7b;mmke-visual/qwen2.5-vl-3b;mmke-visual/smolvlm-1.7b
clean,rrf_w0.5_t5,M_new_norm,1,19,False,21,70.26957894736842,70.26957894736842,0.0,70.26957894736842,0.0,0,19,0,0,0,0.0,0.0,0.0,0.21052631578947367,evqa-pilot500/blip2-opt-2.7b;evqa-pilot500/instructblip-vicuna-7b;evqa-pilot500/llava-v1.5-7b;evqa-pilot500/minigpt-4-vicuna-7b;evqa-pilot500/paligemma-3b;evqa-pilot500/qwen2.5-vl-3b;evqa-pilot500/smolvlm-1.7b;mmke-entity/blip2-opt-2.7b;mmke-entity/instructblip-vicuna-7b;mmke-entity/minigpt-4-vicuna-7b;mmke-entity/paligemma-3b;mmke-entity/qwen2.5-vl-3b;mmke-entity/smolvlm-1.7b;mmke-visual/blip2-opt-2.7b;mmke-visual/instructblip-vicuna-7b;mmke-visual/minigpt-4-vicuna-7b;mmke-visual/paligemma-3b;mmke-visual/qwen2.5-vl-3b;mmke-visual/smolvlm-1.7b
clean,rrf_w0.5_t5,M_new_norm,3,16,False,21,72.780125,72.74775,0.03237500000000004,69.81483333333334,0.010791666666666977,1,15,0,1,0,0.0,0.0,0.5180000000000007,0.375,evqa-pilot500/blip2-opt-2.7b;evqa-pilot500/minigpt-4-vicuna-7b;evqa-pilot500/paligemma-3b;evqa-pilot500/qwen2.5-vl-3b;evqa-pilot500/smolvlm-1.7b;mmke-entity/blip2-opt-2.7b;mmke-entity/instructblip-vicuna-7b;mmke-entity/minigpt-4-vicuna-7b;mmke-entity/paligemma-3b;mmke-entity/qwen2.5-vl-3b;mmke-entity/smolvlm-1.7b;mmke-visual/blip2-opt-2.7b;mmke-visual/instructblip-vicuna-7b;mmke-visual/minigpt-4-vicuna-7b;mmke-visual/qwen2.5-vl-3b;mmke-visual/smolvlm-1.7b
clean,rrf_w1_t0,M_abscos_x_newn,1,19,False,21,69.07957894736842,69.21536842105263,-0.13578947368421082,69.07957894736842,-0.13578947368421082,0,17,2,0,2,0.0,-1.730000000000004,0.0,0.21052631578947367,evqa-pilot500/blip2-opt-2.7b;evqa-pilot500/instructblip-vicuna-7b;evqa-pilot500/llava-v1.5-7b;evqa-pilot500/minigpt-4-vicuna-7b;evqa-pilot500/paligemma-3b;evqa-pilot500/qwen2.5-vl-3b;evqa-pilot500/smolvlm-1.7b;mmke-entity/blip2-opt-2.7b;mmke-entity/instructblip-vicuna-7b;mmke-entity/minigpt-4-vicuna-7b;mmke-entity/paligemma-3b;mmke-entity/qwen2.5-vl-3b;mmke-entity/smolvlm-1.7b;mmke-visual/blip2-opt-2.7b;mmke-visual/instructblip-vicuna-7b;mmke-visual/llava-v1.5-7b;mmke-visual/minigpt-4-vicuna-7b;mmke-visual/qwen2.5-vl-3b;mmke-visual/smolvlm-1.7b
clean,rrf_w1_t0,M_abscos_x_newn,3,16,False,21,72.86687500000001,72.494125,0.3727499999999999,69.80466666666666,0.061541666666665495,1,14,1,1,0,0.0,-0.20000000000000284,6.1640000000000015,0.4375,evqa-pilot500/blip2-opt-2.7b;evqa-pilot500/minigpt-4-vicuna-7b;evqa-pilot500/paligemma-3b;evqa-pilot500/qwen2.5-vl-3b;evqa-pilot500/smolvlm-1.7b;mmke-entity/blip2-opt-2.7b;mmke-entity/instructblip-vicuna-7b;mmke-entity/minigpt-4-vicuna-7b;mmke-entity/paligemma-3b;mmke-entity/qwen2.5-vl-3b;mmke-entity/smolvlm-1.7b;mmke-visual/blip2-opt-2.7b;mmke-visual/instructblip-vicuna-7b;mmke-visual/minigpt-4-vicuna-7b;mmke-visual/qwen2.5-vl-3b;mmke-visual/smolvlm-1.7b
clean,rrf_w1_t0,M_new_norm,1,19,False,21,70.33578947368422,70.26957894736842,0.06621052631578923,70.33578947368422,0.06621052631578923,2,17,0,1,0,0.0,0.0,0.769999999999996,0.21052631578947367,evqa-pilot500/blip2-opt-2.7b;evqa-pilot500/instructblip-vicuna-7b;evqa-pilot500/llava-v1.5-7b;evqa-pilot500/minigpt-4-vicuna-7b;evqa-pilot500/paligemma-3b;evqa-pilot500/qwen2.5-vl-3b;evqa-pilot500/smolvlm-1.7b;mmke-entity/blip2-opt-2.7b;mmke-entity/instructblip-vicuna-7b;mmke-entity/minigpt-4-vicuna-7b;mmke-entity/paligemma-3b;mmke-entity/qwen2.5-vl-3b;mmke-entity/smolvlm-1.7b;mmke-visual/blip2-opt-2.7b;mmke-visual/instructblip-vicuna-7b;mmke-visual/minigpt-4-vicuna-7b;mmke-visual/paligemma-3b;mmke-visual/qwen2.5-vl-3b;mmke-visual/smolvlm-1.7b
clean,rrf_w1_t0,M_new_norm,3,16,False,21,72.86687500000001,72.74775,0.11912500000000081,69.80466666666666,0.0006249999999998757,3,13,0,2,0,0.0,0.0,0.8500000000000014,0.4375,evqa-pilot500/blip2-opt-2.7b;evqa-pilot500/minigpt-4-vicuna-7b;evqa-pilot500/paligemma-3b;evqa-pilot500/qwen2.5-vl-3b;evqa-pilot500/smolvlm-1.7b;mmke-entity/blip2-opt-2.7b;mmke-entity/instructblip-vicuna-7b;mmke-entity/minigpt-4-vicuna-7b;mmke-entity/paligemma-3b;mmke-entity/qwen2.5-vl-3b;mmke-entity/smolvlm-1.7b;mmke-visual/blip2-opt-2.7b;mmke-visual/instructblip-vicuna-7b;mmke-visual/minigpt-4-vicuna-7b;mmke-visual/qwen2.5-vl-3b;mmke-visual/smolvlm-1.7b
clean,rrf_w1_t1,M_abscos_x_newn,1,19,False,21,69.07957894736842,69.21536842105263,-0.13578947368421082,69.07957894736842,-0.13578947368421082,0,17,2,0,2,0.0,-1.730000000000004,0.0,0.21052631578947367,evqa-pilot500/blip2-opt-2.7b;evqa-pilot500/instructblip-vicuna-7b;evqa-pilot500/llava-v1.5-7b;evqa-pilot500/minigpt-4-vicuna-7b;evqa-pilot500/paligemma-3b;evqa-pilot500/qwen2.5-vl-3b;evqa-pilot500/smolvlm-1.7b;mmke-entity/blip2-opt-2.7b;mmke-entity/instructblip-vicuna-7b;mmke-entity/minigpt-4-vicuna-7b;mmke-entity/paligemma-3b;mmke-entity/qwen2.5-vl-3b;mmke-entity/smolvlm-1.7b;mmke-visual/blip2-opt-2.7b;mmke-visual/instructblip-vicuna-7b;mmke-visual/llava-v1.5-7b;mmke-visual/minigpt-4-vicuna-7b;mmke-visual/qwen2.5-vl-3b;mmke-visual/smolvlm-1.7b
clean,rrf_w1_t1,M_abscos_x_newn,3,16,False,21,72.86687500000001,72.494125,0.3727499999999999,69.80466666666666,0.061541666666665495,1,14,1,1,0,0.0,-0.20000000000000284,6.1640000000000015,0.4375,evqa-pilot500/blip2-opt-2.7b;evqa-pilot500/minigpt-4-vicuna-7b;evqa-pilot500/paligemma-3b;evqa-pilot500/qwen2.5-vl-3b;evqa-pilot500/smolvlm-1.7b;mmke-entity/blip2-opt-2.7b;mmke-entity/instructblip-vicuna-7b;mmke-entity/minigpt-4-vicuna-7b;mmke-entity/paligemma-3b;mmke-entity/qwen2.5-vl-3b;mmke-entity/smolvlm-1.7b;mmke-visual/blip2-opt-2.7b;mmke-visual/instructblip-vicuna-7b;mmke-visual/minigpt-4-vicuna-7b;mmke-visual/qwen2.5-vl-3b;mmke-visual/smolvlm-1.7b
clean,rrf_w1_t1,M_new_norm,1,19,False,21,70.33578947368422,70.26957894736842,0.06621052631578923,70.33578947368422,0.06621052631578923,2,17,0,1,0,0.0,0.0,0.769999999999996,0.21052631578947367,evqa-pilot500/blip2-opt-2.7b;evqa-pilot500/instructblip-vicuna-7b;evqa-pilot500/llava-v1.5-7b;evqa-pilot500/minigpt-4-vicuna-7b;evqa-pilot500/paligemma-3b;evqa-pilot500/qwen2.5-vl-3b;evqa-pilot500/smolvlm-1.7b;mmke-entity/blip2-opt-2.7b;mmke-entity/instructblip-vicuna-7b;mmke-entity/minigpt-4-vicuna-7b;mmke-entity/paligemma-3b;mmke-entity/qwen2.5-vl-3b;mmke-entity/smolvlm-1.7b;mmke-visual/blip2-opt-2.7b;mmke-visual/instructblip-vicuna-7b;mmke-visual/minigpt-4-vicuna-7b;mmke-visual/paligemma-3b;mmke-visual/qwen2.5-vl-3b;mmke-visual/smolvlm-1.7b
clean,rrf_w1_t1,M_new_norm,3,16,False,21,72.86687500000001,72.74775,0.11912500000000081,69.80466666666666,0.0006249999999998757,3,13,0,2,0,0.0,0.0,0.8500000000000014,0.4375,evqa-pilot500/blip2-opt-2.7b;evqa-pilot500/minigpt-4-vicuna-7b;evqa-pilot500/paligemma-3b;evqa-pilot500/qwen2.5-vl-3b;evqa-pilot500/smolvlm-1.7b;mmke-entity/blip2-opt-2.7b;mmke-entity/instructblip-vicuna-7b;mmke-entity/minigpt-4-vicuna-7b;mmke-entity/paligemma-3b;mmke-entity/qwen2.5-vl-3b;mmke-entity/smolvlm-1.7b;mmke-visual/blip2-opt-2.7b;mmke-visual/instructblip-vicuna-7b;mmke-visual/minigpt-4-vicuna-7b;mmke-visual/qwen2.5-vl-3b;mmke-visual/smolvlm-1.7b
clean,rrf_w1_t5,M_abscos_x_newn,1,19,False,21,69.07957894736842,69.21536842105263,-0.13578947368421082,69.07957894736842,-0.13578947368421082,0,17,2,0,2,0.0,-1.730000000000004,0.0,0.21052631578947367,evqa-pilot500/blip2-opt-2.7b;evqa-pilot500/instructblip-vicuna-7b;evqa-pilot500/llava-v1.5-7b;evqa-pilot500/minigpt-4-vicuna-7b;evqa-pilot500/paligemma-3b;evqa-pilot500/qwen2.5-vl-3b;evqa-pilot500/smolvlm-1.7b;mmke-entity/blip2-opt-2.7b;mmke-entity/instructblip-vicuna-7b;mmke-entity/minigpt-4-vicuna-7b;mmke-entity/paligemma-3b;mmke-entity/qwen2.5-vl-3b;mmke-entity/smolvlm-1.7b;mmke-visual/blip2-opt-2.7b;mmke-visual/instructblip-vicuna-7b;mmke-visual/llava-v1.5-7b;mmke-visual/minigpt-4-vicuna-7b;mmke-visual/qwen2.5-vl-3b;mmke-visual/smolvlm-1.7b
clean,rrf_w1_t5,M_abscos_x_newn,3,16,False,21,72.86687500000001,72.494125,0.3727499999999999,69.80466666666666,0.061541666666665495,1,14,1,1,0,0.0,-0.20000000000000284,6.1640000000000015,0.4375,evqa-pilot500/blip2-opt-2.7b;evqa-pilot500/minigpt-4-vicuna-7b;evqa-pilot500/paligemma-3b;evqa-pilot500/qwen2.5-vl-3b;evqa-pilot500/smolvlm-1.7b;mmke-entity/blip2-opt-2.7b;mmke-entity/instructblip-vicuna-7b;mmke-entity/minigpt-4-vicuna-7b;mmke-entity/paligemma-3b;mmke-entity/qwen2.5-vl-3b;mmke-entity/smolvlm-1.7b;mmke-visual/blip2-opt-2.7b;mmke-visual/instructblip-vicuna-7b;mmke-visual/minigpt-4-vicuna-7b;mmke-visual/qwen2.5-vl-3b;mmke-visual/smolvlm-1.7b
clean,rrf_w1_t5,M_new_norm,1,19,False,21,70.33578947368422,70.26957894736842,0.06621052631578923,70.33578947368422,0.06621052631578923,2,17,0,1,0,0.0,0.0,0.769999999999996,0.21052631578947367,evqa-pilot500/blip2-opt-2.7b;evqa-pilot500/instructblip-vicuna-7b;evqa-pilot500/llava-v1.5-7b;evqa-pilot500/minigpt-4-vicuna-7b;evqa-pilot500/paligemma-3b;evqa-pilot500/qwen2.5-vl-3b;evqa-pilot500/smolvlm-1.7b;mmke-entity/blip2-opt-2.7b;mmke-entity/instructblip-vicuna-7b;mmke-entity/minigpt-4-vicuna-7b;mmke-entity/paligemma-3b;mmke-entity/qwen2.5-vl-3b;mmke-entity/smolvlm-1.7b;mmke-visual/blip2-opt-2.7b;mmke-visual/instructblip-vicuna-7b;mmke-visual/minigpt-4-vicuna-7b;mmke-visual/paligemma-3b;mmke-visual/qwen2.5-vl-3b;mmke-visual/smolvlm-1.7b
clean,rrf_w1_t5,M_new_norm,3,16,False,21,72.86687500000001,72.74775,0.11912500000000081,69.80466666666666,0.0006249999999998757,3,13,0,2,0,0.0,0.0,0.8500000000000014,0.4375,evqa-pilot500/blip2-opt-2.7b;evqa-pilot500/minigpt-4-vicuna-7b;evqa-pilot500/paligemma-3b;evqa-pilot500/qwen2.5-vl-3b;evqa-pilot500/smolvlm-1.7b;mmke-entity/blip2-opt-2.7b;mmke-entity/instructblip-vicuna-7b;mmke-entity/minigpt-4-vicuna-7b;mmke-entity/paligemma-3b;mmke-entity/qwen2.5-vl-3b;mmke-entity/smolvlm-1.7b;mmke-visual/blip2-opt-2.7b;mmke-visual/instructblip-vicuna-7b;mmke-visual/minigpt-4-vicuna-7b;mmke-visual/qwen2.5-vl-3b;mmke-visual/smolvlm-1.7b
clean,rrf_w2_t0,M_abscos_x_newn,1,19,False,21,69.21536842105263,69.21536842105263,0.0,69.21536842105263,0.0,0,19,0,0,0,0.0,0.0,0.0,0.2631578947368421,evqa-pilot500/blip2-opt-2.7b;evqa-pilot500/instructblip-vicuna-7b;evqa-pilot500/llava-v1.5-7b;evqa-pilot500/minigpt-4-vicuna-7b;evqa-pilot500/paligemma-3b;evqa-pilot500/qwen2.5-vl-3b;evqa-pilot500/smolvlm-1.7b;mmke-entity/blip2-opt-2.7b;mmke-entity/instructblip-vicuna-7b;mmke-entity/minigpt-4-vicuna-7b;mmke-entity/paligemma-3b;mmke-entity/qwen2.5-vl-3b;mmke-entity/smolvlm-1.7b;mmke-visual/blip2-opt-2.7b;mmke-visual/instructblip-vicuna-7b;mmke-visual/llava-v1.5-7b;mmke-visual/minigpt-4-vicuna-7b;mmke-visual/qwen2.5-vl-3b;mmke-visual/smolvlm-1.7b
clean,rrf_w2_t0,M_abscos_x_newn,3,17,False,21,71.10564705882354,71.43388235294118,-0.32823529411764696,68.54133333333334,-0.15729411764705964,0,15,2,0,1,0.0,-5.3799999999999955,0.0,0.47058823529411764,evqa-pilot500/blip2-opt-2.7b;evqa-pilot500/instructblip-vicuna-7b;evqa-pilot500/minigpt-4-vicuna-7b;evqa-pilot500/paligemma-3b;evqa-pilot500/qwen2.5-vl-3b;evqa-pilot500/smolvlm-1.7b;mmke-entity/blip2-opt-2.7b;mmke-entity/instructblip-vicuna-7b;mmke-entity/minigpt-4-vicuna-7b;mmke-entity/paligemma-3b;mmke-entity/qwen2.5-vl-3b;mmke-entity/smolvlm-1.7b;mmke-visual/blip2-opt-2.7b;mmke-visual/instructblip-vicuna-7b;mmke-visual/minigpt-4-vicuna-7b;mmke-visual/qwen2.5-vl-3b;mmke-visual/smolvlm-1.7b
clean,rrf_w2_t0,M_new_norm,1,18,False,21,68.88522222222223,68.672,0.21322222222222229,68.88522222222223,0.21322222222222229,4,14,0,3,0,0.0,0.0,1.730000000000004,0.2777777777777778,evqa-pilot500/blip2-opt-2.7b;evqa-pilot500/instructblip-vicuna-7b;evqa-pilot500/llava-v1.5-7b;evqa-pilot500/minigpt-4-vicuna-7b;evqa-pilot500/paligemma-3b;evqa-pilot500/qwen2.5-vl-3b;evqa-pilot500/smolvlm-1.7b;mmke-entity/blip2-opt-2.7b;mmke-entity/instructblip-vicuna-7b;mmke-entity/minigpt-4-vicuna-7b;mmke-entity/paligemma-3b;mmke-entity/qwen2.5-vl-3b;mmke-entity/smolvlm-1.7b;mmke-visual/blip2-opt-2.7b;mmke-visual/instructblip-vicuna-7b;mmke-visual/minigpt-4-vicuna-7b;mmke-visual/qwen2.5-vl-3b;mmke-visual/smolvlm-1.7b
clean,rrf_w2_t0,M_new_norm,3,16,False,21,72.145375,72.74775,-0.602374999999999,69.57600000000001,-0.22804166666666648,3,12,1,2,1,0.0,-11.543999999999997,0.8500000000000014,0.4375,evqa-pilot500/blip2-opt-2.7b;evqa-pilot500/minigpt-4-vicuna-7b;evqa-pilot500/paligemma-3b;evqa-pilot500/qwen2.5-vl-3b;evqa-pilot500/smolvlm-1.7b;mmke-entity/blip2-opt-2.7b;mmke-entity/instructblip-vicuna-7b;mmke-entity/minigpt-4-vicuna-7b;mmke-entity/paligemma-3b;mmke-entity/qwen2.5-vl-3b;mmke-entity/smolvlm-1.7b;mmke-visual/blip2-opt-2.7b;mmke-visual/instructblip-vicuna-7b;mmke-visual/minigpt-4-vicuna-7b;mmke-visual/qwen2.5-vl-3b;mmke-visual/smolvlm-1.7b
clean,rrf_w2_t1,M_abscos_x_newn,1,19,False,21,69.21536842105263,69.21536842105263,0.0,69.21536842105263,0.0,0,19,0,0,0,0.0,0.0,0.0,0.2631578947368421,evqa-pilot500/blip2-opt-2.7b;evqa-pilot500/instructblip-vicuna-7b;evqa-pilot500/llava-v1.5-7b;evqa-pilot500/minigpt-4-vicuna-7b;evqa-pilot500/paligemma-3b;evqa-pilot500/qwen2.5-vl-3b;evqa-pilot500/smolvlm-1.7b;mmke-entity/blip2-opt-2.7b;mmke-entity/instructblip-vicuna-7b;mmke-entity/minigpt-4-vicuna-7b;mmke-entity/paligemma-3b;mmke-entity/qwen2.5-vl-3b;mmke-entity/smolvlm-1.7b;mmke-visual/blip2-opt-2.7b;mmke-visual/instructblip-vicuna-7b;mmke-visual/llava-v1.5-7b;mmke-visual/minigpt-4-vicuna-7b;mmke-visual/qwen2.5-vl-3b;mmke-visual/smolvlm-1.7b
clean,rrf_w2_t1,M_abscos_x_newn,3,17,False,21,71.11741176470588,71.43388235294118,-0.31647058823529384,68.56129411764707,-0.13733333333333356,0,16,1,0,1,0.0,-5.3799999999999955,0.0,0.47058823529411764,evqa-pilot500/blip2-opt-2.7b;evqa-pilot500/instructblip-vicuna-7b;evqa-pilot500/minigpt-4-vicuna-7b;evqa-pilot500/paligemma-3b;evqa-pilot500/qwen2.5-vl-3b;evqa-pilot500/smolvlm-1.7b;mmke-entity/blip2-opt-2.7b;mmke-entity/instructblip-vicuna-7b;mmke-entity/minigpt-4-vicuna-7b;mmke-entity/paligemma-3b;mmke-entity/qwen2.5-vl-3b;mmke-entity/smolvlm-1.7b;mmke-visual/blip2-opt-2.7b;mmke-visual/instructblip-vicuna-7b;mmke-visual/minigpt-4-vicuna-7b;mmke-visual/qwen2.5-vl-3b;mmke-visual/smolvlm-1.7b
clean,rrf_w2_t1,M_new_norm,1,18,False,21,68.88522222222223,68.672,0.21322222222222229,68.88522222222223,0.21322222222222229,4,14,0,3,0,0.0,0.0,1.730000000000004,0.2777777777777778,evqa-pilot500/blip2-opt-2.7b;evqa-pilot500/instructblip-vicuna-7b;evqa-pilot500/llava-v1.5-7b;evqa-pilot500/minigpt-4-vicuna-7b;evqa-pilot500/paligemma-3b;evqa-pilot500/qwen2.5-vl-3b;evqa-pilot500/smolvlm-1.7b;mmke-entity/blip2-opt-2.7b;mmke-entity/instructblip-vicuna-7b;mmke-entity/minigpt-4-vicuna-7b;mmke-entity/paligemma-3b;mmke-entity/qwen2.5-vl-3b;mmke-entity/smolvlm-1.7b;mmke-visual/blip2-opt-2.7b;mmke-visual/instructblip-vicuna-7b;mmke-visual/minigpt-4-vicuna-7b;mmke-visual/qwen2.5-vl-3b;mmke-visual/smolvlm-1.7b
clean,rrf_w2_t1,M_new_norm,3,16,False,21,72.157875,72.74775,-0.5898749999999988,69.59720833333334,-0.20683333333333254,3,12,1,2,1,0.0,-11.543999999999997,0.8500000000000014,0.4375,evqa-pilot500/blip2-opt-2.7b;evqa-pilot500/minigpt-4-vicuna-7b;evqa-pilot500/paligemma-3b;evqa-pilot500/qwen2.5-vl-3b;evqa-pilot500/smolvlm-1.7b;mmke-entity/blip2-opt-2.7b;mmke-entity/instructblip-vicuna-7b;mmke-entity/minigpt-4-vicuna-7b;mmke-entity/paligemma-3b;mmke-entity/qwen2.5-vl-3b;mmke-entity/smolvlm-1.7b;mmke-visual/blip2-opt-2.7b;mmke-visual/instructblip-vicuna-7b;mmke-visual/minigpt-4-vicuna-7b;mmke-visual/qwen2.5-vl-3b;mmke-visual/smolvlm-1.7b
clean,rrf_w2_t5,M_abscos_x_newn,1,19,False,21,69.21536842105263,69.21536842105263,0.0,69.21536842105263,0.0,0,19,0,0,0,0.0,0.0,0.0,0.2631578947368421,evqa-pilot500/blip2-opt-2.7b;evqa-pilot500/instructblip-vicuna-7b;evqa-pilot500/llava-v1.5-7b;evqa-pilot500/minigpt-4-vicuna-7b;evqa-pilot500/paligemma-3b;evqa-pilot500/qwen2.5-vl-3b;evqa-pilot500/smolvlm-1.7b;mmke-entity/blip2-opt-2.7b;mmke-entity/instructblip-vicuna-7b;mmke-entity/minigpt-4-vicuna-7b;mmke-entity/paligemma-3b;mmke-entity/qwen2.5-vl-3b;mmke-entity/smolvlm-1.7b;mmke-visual/blip2-opt-2.7b;mmke-visual/instructblip-vicuna-7b;mmke-visual/llava-v1.5-7b;mmke-visual/minigpt-4-vicuna-7b;mmke-visual/qwen2.5-vl-3b;mmke-visual/smolvlm-1.7b
clean,rrf_w2_t5,M_abscos_x_newn,3,17,False,21,71.43388235294118,71.43388235294118,0.0,68.6986274509804,0.0,0,17,0,0,0,0.0,0.0,0.0,0.47058823529411764,evqa-pilot500/blip2-opt-2.7b;evqa-pilot500/instructblip-vicuna-7b;evqa-pilot500/minigpt-4-vicuna-7b;evqa-pilot500/paligemma-3b;evqa-pilot500/qwen2.5-vl-3b;evqa-pilot500/smolvlm-1.7b;mmke-entity/blip2-opt-2.7b;mmke-entity/instructblip-vicuna-7b;mmke-entity/minigpt-4-vicuna-7b;mmke-entity/paligemma-3b;mmke-entity/qwen2.5-vl-3b;mmke-entity/smolvlm-1.7b;mmke-visual/blip2-opt-2.7b;mmke-visual/instructblip-vicuna-7b;mmke-visual/minigpt-4-vicuna-7b;mmke-visual/qwen2.5-vl-3b;mmke-visual/smolvlm-1.7b
clean,rrf_w2_t5,M_new_norm,1,18,False,21,68.88522222222223,68.672,0.21322222222222229,68.88522222222223,0.21322222222222229,4,14,0,3,0,0.0,0.0,1.730000000000004,0.2777777777777778,evqa-pilot500/blip2-opt-2.7b;evqa-pilot500/instructblip-vicuna-7b;evqa-pilot500/llava-v1.5-7b;evqa-pilot500/minigpt-4-vicuna-7b;evqa-pilot500/paligemma-3b;evqa-pilot500/qwen2.5-vl-3b;evqa-pilot500/smolvlm-1.7b;mmke-entity/blip2-opt-2.7b;mmke-entity/instructblip-vicuna-7b;mmke-entity/minigpt-4-vicuna-7b;mmke-entity/paligemma-3b;mmke-entity/qwen2.5-vl-3b;mmke-entity/smolvlm-1.7b;mmke-visual/blip2-opt-2.7b;mmke-visual/instructblip-vicuna-7b;mmke-visual/minigpt-4-vicuna-7b;mmke-visual/qwen2.5-vl-3b;mmke-visual/smolvlm-1.7b
clean,rrf_w2_t5,M_new_norm,3,16,False,21,72.494125,72.74775,-0.2536249999999991,69.743125,-0.06091666666666562,3,12,1,2,1,0.0,-6.1640000000000015,0.8500000000000014,0.4375,evqa-pilot500/blip2-opt-2.7b;evqa-pilot500/minigpt-4-vicuna-7b;evqa-pilot500/paligemma-3b;evqa-pilot500/qwen2.5-vl-3b;evqa-pilot500/smolvlm-1.7b;mmke-entity/blip2-opt-2.7b;mmke-entity/instructblip-vicuna-7b;mmke-entity/minigpt-4-vicuna-7b;mmke-entity/paligemma-3b;mmke-entity/qwen2.5-vl-3b;mmke-entity/smolvlm-1.7b;mmke-visual/blip2-opt-2.7b;mmke-visual/instructblip-vicuna-7b;mmke-visual/minigpt-4-vicuna-7b;mmke-visual/qwen2.5-vl-3b;mmke-visual/smolvlm-1.7b
clean,rrf_w4_t0,M_abscos_x_newn,1,19,False,21,69.21536842105263,69.21536842105263,0.0,69.21536842105263,0.0,0,19,0,0,0,0.0,0.0,0.0,0.2631578947368421,evqa-pilot500/blip2-opt-2.7b;evqa-pilot500/instructblip-vicuna-7b;evqa-pilot500/llava-v1.5-7b;evqa-pilot500/minigpt-4-vicuna-7b;evqa-pilot500/paligemma-3b;evqa-pilot500/qwen2.5-vl-3b;evqa-pilot500/smolvlm-1.7b;mmke-entity/blip2-opt-2.7b;mmke-entity/instructblip-vicuna-7b;mmke-entity/minigpt-4-vicuna-7b;mmke-entity/paligemma-3b;mmke-entity/qwen2.5-vl-3b;mmke-entity/smolvlm-1.7b;mmke-visual/blip2-opt-2.7b;mmke-visual/instructblip-vicuna-7b;mmke-visual/llava-v1.5-7b;mmke-visual/minigpt-4-vicuna-7b;mmke-visual/qwen2.5-vl-3b;mmke-visual/smolvlm-1.7b
clean,rrf_w4_t0,M_abscos_x_newn,3,17,False,21,71.43388235294118,71.43388235294118,0.0,68.6986274509804,0.0,0,17,0,0,0,0.0,0.0,0.0,0.47058823529411764,evqa-pilot500/blip2-opt-2.7b;evqa-pilot500/instructblip-vicuna-7b;evqa-pilot500/minigpt-4-vicuna-7b;evqa-pilot500/paligemma-3b;evqa-pilot500/qwen2.5-vl-3b;evqa-pilot500/smolvlm-1.7b;mmke-entity/blip2-opt-2.7b;mmke-entity/instructblip-vicuna-7b;mmke-entity/minigpt-4-vicuna-7b;mmke-entity/paligemma-3b;mmke-entity/qwen2.5-vl-3b;mmke-entity/smolvlm-1.7b;mmke-visual/blip2-opt-2.7b;mmke-visual/instructblip-vicuna-7b;mmke-visual/minigpt-4-vicuna-7b;mmke-visual/qwen2.5-vl-3b;mmke-visual/smolvlm-1.7b
clean,rrf_w4_t0,M_new_norm,1,18,False,21,68.88522222222223,68.672,0.21322222222222229,68.88522222222223,0.21322222222222229,4,14,0,3,0,0.0,0.0,1.730000000000004,0.2777777777777778,evqa-pilot500/blip2-opt-2.7b;evqa-pilot500/instructblip-vicuna-7b;evqa-pilot500/llava-v1.5-7b;evqa-pilot500/minigpt-4-vicuna-7b;evqa-pilot500/paligemma-3b;evqa-pilot500/qwen2.5-vl-3b;evqa-pilot500/smolvlm-1.7b;mmke-entity/blip2-opt-2.7b;mmke-entity/instructblip-vicuna-7b;mmke-entity/minigpt-4-vicuna-7b;mmke-entity/paligemma-3b;mmke-entity/qwen2.5-vl-3b;mmke-entity/smolvlm-1.7b;mmke-visual/blip2-opt-2.7b;mmke-visual/instructblip-vicuna-7b;mmke-visual/minigpt-4-vicuna-7b;mmke-visual/qwen2.5-vl-3b;mmke-visual/smolvlm-1.7b
clean,rrf_w4_t0,M_new_norm,3,16,False,21,72.494125,72.74775,-0.2536249999999991,69.743125,-0.06091666666666562,3,12,1,2,1,0.0,-6.1640000000000015,0.8500000000000014,0.4375,evqa-pilot500/blip2-opt-2.7b;evqa-pilot500/minigpt-4-vicuna-7b;evqa-pilot500/paligemma-3b;evqa-pilot500/qwen2.5-vl-3b;evqa-pilot500/smolvlm-1.7b;mmke-entity/blip2-opt-2.7b;mmke-entity/instructblip-vicuna-7b;mmke-entity/minigpt-4-vicuna-7b;mmke-entity/paligemma-3b;mmke-entity/qwen2.5-vl-3b;mmke-entity/smolvlm-1.7b;mmke-visual/blip2-opt-2.7b;mmke-visual/instructblip-vicuna-7b;mmke-visual/minigpt-4-vicuna-7b;mmke-visual/qwen2.5-vl-3b;mmke-visual/smolvlm-1.7b
clean,rrf_w4_t1,M_abscos_x_newn,1,19,False,21,69.21536842105263,69.21536842105263,0.0,69.21536842105263,0.0,0,19,0,0,0,0.0,0.0,0.0,0.2631578947368421,evqa-pilot500/blip2-opt-2.7b;evqa-pilot500/instructblip-vicuna-7b;evqa-pilot500/llava-v1.5-7b;evqa-pilot500/minigpt-4-vicuna-7b;evqa-pilot500/paligemma-3b;evqa-pilot500/qwen2.5-vl-3b;evqa-pilot500/smolvlm-1.7b;mmke-entity/blip2-opt-2.7b;mmke-entity/instructblip-vicuna-7b;mmke-entity/minigpt-4-vicuna-7b;mmke-entity/paligemma-3b;mmke-entity/qwen2.5-vl-3b;mmke-entity/smolvlm-1.7b;mmke-visual/blip2-opt-2.7b;mmke-visual/instructblip-vicuna-7b;mmke-visual/llava-v1.5-7b;mmke-visual/minigpt-4-vicuna-7b;mmke-visual/qwen2.5-vl-3b;mmke-visual/smolvlm-1.7b
clean,rrf_w4_t1,M_abscos_x_newn,3,17,False,21,71.43388235294118,71.43388235294118,0.0,68.6986274509804,0.0,0,17,0,0,0,0.0,0.0,0.0,0.47058823529411764,evqa-pilot500/blip2-opt-2.7b;evqa-pilot500/instructblip-vicuna-7b;evqa-pilot500/minigpt-4-vicuna-7b;evqa-pilot500/paligemma-3b;evqa-pilot500/qwen2.5-vl-3b;evqa-pilot500/smolvlm-1.7b;mmke-entity/blip2-opt-2.7b;mmke-entity/instructblip-vicuna-7b;mmke-entity/minigpt-4-vicuna-7b;mmke-entity/paligemma-3b;mmke-entity/qwen2.5-vl-3b;mmke-entity/smolvlm-1.7b;mmke-visual/blip2-opt-2.7b;mmke-visual/instructblip-vicuna-7b;mmke-visual/minigpt-4-vicuna-7b;mmke-visual/qwen2.5-vl-3b;mmke-visual/smolvlm-1.7b
clean,rrf_w4_t1,M_new_norm,1,18,False,21,68.88522222222223,68.672,0.21322222222222229,68.88522222222223,0.21322222222222229,4,14,0,3,0,0.0,0.0,1.730000000000004,0.2777777777777778,evqa-pilot500/blip2-opt-2.7b;evqa-pilot500/instructblip-vicuna-7b;evqa-pilot500/llava-v1.5-7b;evqa-pilot500/minigpt-4-vicuna-7b;evqa-pilot500/paligemma-3b;evqa-pilot500/qwen2.5-vl-3b;evqa-pilot500/smolvlm-1.7b;mmke-entity/blip2-opt-2.7b;mmke-entity/instructblip-vicuna-7b;mmke-entity/minigpt-4-vicuna-7b;mmke-entity/paligemma-3b;mmke-entity/qwen2.5-vl-3b;mmke-entity/smolvlm-1.7b;mmke-visual/blip2-opt-2.7b;mmke-visual/instructblip-vicuna-7b;mmke-visual/minigpt-4-vicuna-7b;mmke-visual/qwen2.5-vl-3b;mmke-visual/smolvlm-1.7b
clean,rrf_w4_t1,M_new_norm,3,16,False,21,72.494125,72.74775,-0.2536249999999991,69.743125,-0.06091666666666562,3,12,1,2,1,0.0,-6.1640000000000015,0.8500000000000014,0.4375,evqa-pilot500/blip2-opt-2.7b;evqa-pilot500/minigpt-4-vicuna-7b;evqa-pilot500/paligemma-3b;evqa-pilot500/qwen2.5-vl-3b;evqa-pilot500/smolvlm-1.7b;mmke-entity/blip2-opt-2.7b;mmke-entity/instructblip-vicuna-7b;mmke-entity/minigpt-4-vicuna-7b;mmke-entity/paligemma-3b;mmke-entity/qwen2.5-vl-3b;mmke-entity/smolvlm-1.7b;mmke-visual/blip2-opt-2.7b;mmke-visual/instructblip-vicuna-7b;mmke-visual/minigpt-4-vicuna-7b;mmke-visual/qwen2.5-vl-3b;mmke-visual/smolvlm-1.7b
clean,rrf_w4_t5,M_abscos_x_newn,1,19,False,21,69.21536842105263,69.21536842105263,0.0,69.21536842105263,0.0,0,19,0,0,0,0.0,0.0,0.0,0.2631578947368421,evqa-pilot500/blip2-opt-2.7b;evqa-pilot500/instructblip-vicuna-7b;evqa-pilot500/llava-v1.5-7b;evqa-pilot500/minigpt-4-vicuna-7b;evqa-pilot500/paligemma-3b;evqa-pilot500/qwen2.5-vl-3b;evqa-pilot500/smolvlm-1.7b;mmke-entity/blip2-opt-2.7b;mmke-entity/instructblip-vicuna-7b;mmke-entity/minigpt-4-vicuna-7b;mmke-entity/paligemma-3b;mmke-entity/qwen2.5-vl-3b;mmke-entity/smolvlm-1.7b;mmke-visual/blip2-opt-2.7b;mmke-visual/instructblip-vicuna-7b;mmke-visual/llava-v1.5-7b;mmke-visual/minigpt-4-vicuna-7b;mmke-visual/qwen2.5-vl-3b;mmke-visual/smolvlm-1.7b
clean,rrf_w4_t5,M_abscos_x_newn,3,18,False,21,71.6978888888889,71.6978888888889,0.0,69.08544444444445,0.0,0,18,0,0,0,0.0,0.0,0.0,0.4444444444444444,evqa-pilot500/blip2-opt-2.7b;evqa-pilot500/instructblip-vicuna-7b;evqa-pilot500/minigpt-4-vicuna-7b;evqa-pilot500/paligemma-3b;evqa-pilot500/qwen2.5-vl-3b;evqa-pilot500/smolvlm-1.7b;mmke-entity/blip2-opt-2.7b;mmke-entity/instructblip-vicuna-7b;mmke-entity/minigpt-4-vicuna-7b;mmke-entity/paligemma-3b;mmke-entity/qwen2.5-vl-3b;mmke-entity/smolvlm-1.7b;mmke-visual/blip2-opt-2.7b;mmke-visual/instructblip-vicuna-7b;mmke-visual/llava-v1.5-7b;mmke-visual/minigpt-4-vicuna-7b;mmke-visual/qwen2.5-vl-3b;mmke-visual/smolvlm-1.7b
clean,rrf_w4_t5,M_new_norm,1,18,False,21,68.88522222222223,68.672,0.21322222222222229,68.88522222222223,0.21322222222222229,4,14,0,3,0,0.0,0.0,1.730000000000004,0.2777777777777778,evqa-pilot500/blip2-opt-2.7b;evqa-pilot500/instructblip-vicuna-7b;evqa-pilot500/llava-v1.5-7b;evqa-pilot500/minigpt-4-vicuna-7b;evqa-pilot500/paligemma-3b;evqa-pilot500/qwen2.5-vl-3b;evqa-pilot500/smolvlm-1.7b;mmke-entity/blip2-opt-2.7b;mmke-entity/instructblip-vicuna-7b;mmke-entity/minigpt-4-vicuna-7b;mmke-entity/paligemma-3b;mmke-entity/qwen2.5-vl-3b;mmke-entity/smolvlm-1.7b;mmke-visual/blip2-opt-2.7b;mmke-visual/instructblip-vicuna-7b;mmke-visual/minigpt-4-vicuna-7b;mmke-visual/qwen2.5-vl-3b;mmke-visual/smolvlm-1.7b
clean,rrf_w4_t5,M_new_norm,3,16,False,21,72.494125,72.74775,-0.2536249999999991,69.743125,-0.06091666666666562,3,12,1,2,1,0.0,-6.1640000000000015,0.8500000000000014,0.4375,evqa-pilot500/blip2-opt-2.7b;evqa-pilot500/minigpt-4-vicuna-7b;evqa-pilot500/paligemma-3b;evqa-pilot500/qwen2.5-vl-3b;evqa-pilot500/smolvlm-1.7b;mmke-entity/blip2-opt-2.7b;mmke-entity/instructblip-vicuna-7b;mmke-entity/minigpt-4-vicuna-7b;mmke-entity/paligemma-3b;mmke-entity/qwen2.5-vl-3b;mmke-entity/smolvlm-1.7b;mmke-visual/blip2-opt-2.7b;mmke-visual/instructblip-vicuna-7b;mmke-visual/minigpt-4-vicuna-7b;mmke-visual/qwen2.5-vl-3b;mmke-visual/smolvlm-1.7b
clean,rank_max_w0.5,M_abscos_x_newn,1,18,False,21,68.672,68.88522222222223,-0.21322222222222229,68.672,-0.21322222222222229,0,14,4,0,3,0.0,-1.730000000000004,0.0,0.2222222222222222,evqa-pilot500/blip2-opt-2.7b;evqa-pilot500/instructblip-vicuna-7b;evqa-pilot500/llava-v1.5-7b;evqa-pilot500/minigpt-4-vicuna-7b;evqa-pilot500/paligemma-3b;evqa-pilot500/qwen2.5-vl-3b;evqa-pilot500/smolvlm-1.7b;mmke-entity/blip2-opt-2.7b;mmke-entity/instructblip-vicuna-7b;mmke-entity/minigpt-4-vicuna-7b;mmke-entity/paligemma-3b;mmke-entity/qwen2.5-vl-3b;mmke-entity/smolvlm-1.7b;mmke-visual/blip2-opt-2.7b;mmke-visual/instructblip-vicuna-7b;mmke-visual/minigpt-4-vicuna-7b;mmke-visual/qwen2.5-vl-3b;mmke-visual/smolvlm-1.7b
clean,rank_max_w0.5,M_abscos_x_newn,3,16,False,21,72.850375,72.494125,0.3562499999999993,69.76958333333333,0.026458333333332806,1,13,2,1,0,0.0,-0.24800000000000466,6.1640000000000015,0.4375,evqa-pilot500/blip2-opt-2.7b;evqa-pilot500/minigpt-4-vicuna-7b;evqa-pilot500/paligemma-3b;evqa-pilot500/qwen2.5-vl-3b;evqa-pilot500/smolvlm-1.7b;mmke-entity/blip2-opt-2.7b;mmke-entity/instructblip-vicuna-7b;mmke-entity/minigpt-4-vicuna-7b;mmke-entity/paligemma-3b;mmke-entity/qwen2.5-vl-3b;mmke-entity/smolvlm-1.7b;mmke-visual/blip2-opt-2.7b;mmke-visual/instructblip-vicuna-7b;mmke-visual/minigpt-4-vicuna-7b;mmke-visual/qwen2.5-vl-3b;mmke-visual/smolvlm-1.7b
clean,rank_max_w0.5,M_new_norm,1,19,False,21,70.26957894736842,70.26957894736842,0.0,70.26957894736842,0.0,0,19,0,0,0,0.0,0.0,0.0,0.21052631578947367,evqa-pilot500/blip2-opt-2.7b;evqa-pilot500/instructblip-vicuna-7b;evqa-pilot500/llava-v1.5-7b;evqa-pilot500/minigpt-4-vicuna-7b;evqa-pilot500/paligemma-3b;evqa-pilot500/qwen2.5-vl-3b;evqa-pilot500/smolvlm-1.7b;mmke-entity/blip2-opt-2.7b;mmke-entity/instructblip-vicuna-7b;mmke-entity/minigpt-4-vicuna-7b;mmke-entity/paligemma-3b;mmke-entity/qwen2.5-vl-3b;mmke-entity/smolvlm-1.7b;mmke-visual/blip2-opt-2.7b;mmke-visual/instructblip-vicuna-7b;mmke-visual/minigpt-4-vicuna-7b;mmke-visual/paligemma-3b;mmke-visual/qwen2.5-vl-3b;mmke-visual/smolvlm-1.7b
clean,rank_max_w0.5,M_new_norm,3,16,False,21,72.850375,72.74775,0.10262500000000019,69.76958333333333,-0.03445833333333281,3,13,0,2,0,0.0,0.0,0.8500000000000014,0.4375,evqa-pilot500/blip2-opt-2.7b;evqa-pilot500/minigpt-4-vicuna-7b;evqa-pilot500/paligemma-3b;evqa-pilot500/qwen2.5-vl-3b;evqa-pilot500/smolvlm-1.7b;mmke-entity/blip2-opt-2.7b;mmke-entity/instructblip-vicuna-7b;mmke-entity/minigpt-4-vicuna-7b;mmke-entity/paligemma-3b;mmke-entity/qwen2.5-vl-3b;mmke-entity/smolvlm-1.7b;mmke-visual/blip2-opt-2.7b;mmke-visual/instructblip-vicuna-7b;mmke-visual/minigpt-4-vicuna-7b;mmke-visual/qwen2.5-vl-3b;mmke-visual/smolvlm-1.7b
clean,rank_max_w0.75,M_abscos_x_newn,1,18,False,21,68.672,68.88522222222223,-0.21322222222222229,68.672,-0.21322222222222229,0,14,4,0,3,0.0,-1.730000000000004,0.0,0.2222222222222222,evqa-pilot500/blip2-opt-2.7b;evqa-pilot500/instructblip-vicuna-7b;evqa-pilot500/llava-v1.5-7b;evqa-pilot500/minigpt-4-vicuna-7b;evqa-pilot500/paligemma-3b;evqa-pilot500/qwen2.5-vl-3b;evqa-pilot500/smolvlm-1.7b;mmke-entity/blip2-opt-2.7b;mmke-entity/instructblip-vicuna-7b;mmke-entity/minigpt-4-vicuna-7b;mmke-entity/paligemma-3b;mmke-entity/qwen2.5-vl-3b;mmke-entity/smolvlm-1.7b;mmke-visual/blip2-opt-2.7b;mmke-visual/instructblip-vicuna-7b;mmke-visual/minigpt-4-vicuna-7b;mmke-visual/qwen2.5-vl-3b;mmke-visual/smolvlm-1.7b
clean,rank_max_w0.75,M_abscos_x_newn,3,16,False,21,72.850375,72.494125,0.3562499999999993,69.76958333333333,0.026458333333332806,1,13,2,1,0,0.0,-0.24800000000000466,6.1640000000000015,0.4375,evqa-pilot500/blip2-opt-2.7b;evqa-pilot500/minigpt-4-vicuna-7b;evqa-pilot500/paligemma-3b;evqa-pilot500/qwen2.5-vl-3b;evqa-pilot500/smolvlm-1.7b;mmke-entity/blip2-opt-2.7b;mmke-entity/instructblip-vicuna-7b;mmke-entity/minigpt-4-vicuna-7b;mmke-entity/paligemma-3b;mmke-entity/qwen2.5-vl-3b;mmke-entity/smolvlm-1.7b;mmke-visual/blip2-opt-2.7b;mmke-visual/instructblip-vicuna-7b;mmke-visual/minigpt-4-vicuna-7b;mmke-visual/qwen2.5-vl-3b;mmke-visual/smolvlm-1.7b
clean,rank_max_w0.75,M_new_norm,1,19,False,21,70.26957894736842,70.26957894736842,0.0,70.26957894736842,0.0,0,19,0,0,0,0.0,0.0,0.0,0.21052631578947367,evqa-pilot500/blip2-opt-2.7b;evqa-pilot500/instructblip-vicuna-7b;evqa-pilot500/llava-v1.5-7b;evqa-pilot500/minigpt-4-vicuna-7b;evqa-pilot500/paligemma-3b;evqa-pilot500/qwen2.5-vl-3b;evqa-pilot500/smolvlm-1.7b;mmke-entity/blip2-opt-2.7b;mmke-entity/instructblip-vicuna-7b;mmke-entity/minigpt-4-vicuna-7b;mmke-entity/paligemma-3b;mmke-entity/qwen2.5-vl-3b;mmke-entity/smolvlm-1.7b;mmke-visual/blip2-opt-2.7b;mmke-visual/instructblip-vicuna-7b;mmke-visual/minigpt-4-vicuna-7b;mmke-visual/paligemma-3b;mmke-visual/qwen2.5-vl-3b;mmke-visual/smolvlm-1.7b
clean,rank_max_w0.75,M_new_norm,3,16,False,21,72.850375,72.74775,0.10262500000000019,69.76958333333333,-0.03445833333333281,3,13,0,2,0,0.0,0.0,0.8500000000000014,0.4375,evqa-pilot500/blip2-opt-2.7b;evqa-pilot500/minigpt-4-vicuna-7b;evqa-pilot500/paligemma-3b;evqa-pilot500/qwen2.5-vl-3b;evqa-pilot500/smolvlm-1.7b;mmke-entity/blip2-opt-2.7b;mmke-entity/instructblip-vicuna-7b;mmke-entity/minigpt-4-vicuna-7b;mmke-entity/paligemma-3b;mmke-entity/qwen2.5-vl-3b;mmke-entity/smolvlm-1.7b;mmke-visual/blip2-opt-2.7b;mmke-visual/instructblip-vicuna-7b;mmke-visual/minigpt-4-vicuna-7b;mmke-visual/qwen2.5-vl-3b;mmke-visual/smolvlm-1.7b
clean,rank_max_w1,M_abscos_x_newn,1,19,False,21,69.01336842105263,69.21536842105263,-0.20200000000000004,69.01336842105263,-0.20200000000000004,0,15,4,0,3,0.0,-1.730000000000004,0.0,0.21052631578947367,evqa-pilot500/blip2-opt-2.7b;evqa-pilot500/instructblip-vicuna-7b;evqa-pilot500/llava-v1.5-7b;evqa-pilot500/minigpt-4-vicuna-7b;evqa-pilot500/paligemma-3b;evqa-pilot500/qwen2.5-vl-3b;evqa-pilot500/smolvlm-1.7b;mmke-entity/blip2-opt-2.7b;mmke-entity/instructblip-vicuna-7b;mmke-entity/minigpt-4-vicuna-7b;mmke-entity/paligemma-3b;mmke-entity/qwen2.5-vl-3b;mmke-entity/smolvlm-1.7b;mmke-visual/blip2-opt-2.7b;mmke-visual/instructblip-vicuna-7b;mmke-visual/llava-v1.5-7b;mmke-visual/minigpt-4-vicuna-7b;mmke-visual/qwen2.5-vl-3b;mmke-visual/smolvlm-1.7b
clean,rank_max_w1,M_abscos_x_newn,3,16,False,21,72.850375,72.494125,0.3562499999999993,69.76958333333333,0.026458333333332806,1,13,2,1,0,0.0,-0.24800000000000466,6.1640000000000015,0.4375,evqa-pilot500/blip2-opt-2.7b;evqa-pilot500/minigpt-4-vicuna-7b;evqa-pilot500/paligemma-3b;evqa-pilot500/qwen2.5-vl-3b;evqa-pilot500/smolvlm-1.7b;mmke-entity/blip2-opt-2.7b;mmke-entity/instructblip-vicuna-7b;mmke-entity/minigpt-4-vicuna-7b;mmke-entity/paligemma-3b;mmke-entity/qwen2.5-vl-3b;mmke-entity/smolvlm-1.7b;mmke-visual/blip2-opt-2.7b;mmke-visual/instructblip-vicuna-7b;mmke-visual/minigpt-4-vicuna-7b;mmke-visual/qwen2.5-vl-3b;mmke-visual/smolvlm-1.7b
clean,rank_max_w1,M_new_norm,1,19,False,21,70.26957894736842,70.26957894736842,0.0,70.26957894736842,0.0,0,19,0,0,0,0.0,0.0,0.0,0.21052631578947367,evqa-pilot500/blip2-opt-2.7b;evqa-pilot500/instructblip-vicuna-7b;evqa-pilot500/llava-v1.5-7b;evqa-pilot500/minigpt-4-vicuna-7b;evqa-pilot500/paligemma-3b;evqa-pilot500/qwen2.5-vl-3b;evqa-pilot500/smolvlm-1.7b;mmke-entity/blip2-opt-2.7b;mmke-entity/instructblip-vicuna-7b;mmke-entity/minigpt-4-vicuna-7b;mmke-entity/paligemma-3b;mmke-entity/qwen2.5-vl-3b;mmke-entity/smolvlm-1.7b;mmke-visual/blip2-opt-2.7b;mmke-visual/instructblip-vicuna-7b;mmke-visual/minigpt-4-vicuna-7b;mmke-visual/paligemma-3b;mmke-visual/qwen2.5-vl-3b;mmke-visual/smolvlm-1.7b
clean,rank_max_w1,M_new_norm,3,16,False,21,72.850375,72.74775,0.10262500000000019,69.76958333333333,-0.03445833333333281,3,13,0,2,0,0.0,0.0,0.8500000000000014,0.4375,evqa-pilot500/blip2-opt-2.7b;evqa-pilot500/minigpt-4-vicuna-7b;evqa-pilot500/paligemma-3b;evqa-pilot500/qwen2.5-vl-3b;evqa-pilot500/smolvlm-1.7b;mmke-entity/blip2-opt-2.7b;mmke-entity/instructblip-vicuna-7b;mmke-entity/minigpt-4-vicuna-7b;mmke-entity/paligemma-3b;mmke-entity/qwen2.5-vl-3b;mmke-entity/smolvlm-1.7b;mmke-visual/blip2-opt-2.7b;mmke-visual/instructblip-vicuna-7b;mmke-visual/minigpt-4-vicuna-7b;mmke-visual/qwen2.5-vl-3b;mmke-visual/smolvlm-1.7b
clean,rank_max_w1.25,M_abscos_x_newn,1,19,False,21,69.21536842105263,69.21536842105263,0.0,69.21536842105263,0.0,0,19,0,0,0,0.0,0.0,0.0,0.2631578947368421,evqa-pilot500/blip2-opt-2.7b;evqa-pilot500/instructblip-vicuna-7b;evqa-pilot500/llava-v1.5-7b;evqa-pilot500/minigpt-4-vicuna-7b;evqa-pilot500/paligemma-3b;evqa-pilot500/qwen2.5-vl-3b;evqa-pilot500/smolvlm-1.7b;mmke-entity/blip2-opt-2.7b;mmke-entity/instructblip-vicuna-7b;mmke-entity/minigpt-4-vicuna-7b;mmke-entity/paligemma-3b;mmke-entity/qwen2.5-vl-3b;mmke-entity/smolvlm-1.7b;mmke-visual/blip2-opt-2.7b;mmke-visual/instructblip-vicuna-7b;mmke-visual/llava-v1.5-7b;mmke-visual/minigpt-4-vicuna-7b;mmke-visual/qwen2.5-vl-3b;mmke-visual/smolvlm-1.7b
clean,rank_max_w1.25,M_abscos_x_newn,3,17,False,21,71.10564705882354,71.43388235294118,-0.32823529411764696,68.54133333333334,-0.15729411764705964,0,15,2,0,1,0.0,-5.3799999999999955,0.0,0.47058823529411764,evqa-pilot500/blip2-opt-2.7b;evqa-pilot500/instructblip-vicuna-7b;evqa-pilot500/minigpt-4-vicuna-7b;evqa-pilot500/paligemma-3b;evqa-pilot500/qwen2.5-vl-3b;evqa-pilot500/smolvlm-1.7b;mmke-entity/blip2-opt-2.7b;mmke-entity/instructblip-vicuna-7b;mmke-entity/minigpt-4-vicuna-7b;mmke-entity/paligemma-3b;mmke-entity/qwen2.5-vl-3b;mmke-entity/smolvlm-1.7b;mmke-visual/blip2-opt-2.7b;mmke-visual/instructblip-vicuna-7b;mmke-visual/minigpt-4-vicuna-7b;mmke-visual/qwen2.5-vl-3b;mmke-visual/smolvlm-1.7b
clean,rank_max_w1.25,M_new_norm,1,18,False,21,68.88522222222223,68.672,0.21322222222222229,68.88522222222223,0.21322222222222229,4,14,0,3,0,0.0,0.0,1.730000000000004,0.2777777777777778,evqa-pilot500/blip2-opt-2.7b;evqa-pilot500/instructblip-vicuna-7b;evqa-pilot500/llava-v1.5-7b;evqa-pilot500/minigpt-4-vicuna-7b;evqa-pilot500/paligemma-3b;evqa-pilot500/qwen2.5-vl-3b;evqa-pilot500/smolvlm-1.7b;mmke-entity/blip2-opt-2.7b;mmke-entity/instructblip-vicuna-7b;mmke-entity/minigpt-4-vicuna-7b;mmke-entity/paligemma-3b;mmke-entity/qwen2.5-vl-3b;mmke-entity/smolvlm-1.7b;mmke-visual/blip2-opt-2.7b;mmke-visual/instructblip-vicuna-7b;mmke-visual/minigpt-4-vicuna-7b;mmke-visual/qwen2.5-vl-3b;mmke-visual/smolvlm-1.7b
clean,rank_max_w1.25,M_new_norm,3,16,False,21,72.145375,72.74775,-0.602374999999999,69.57600000000001,-0.22804166666666648,3,12,1,2,1,0.0,-11.543999999999997,0.8500000000000014,0.4375,evqa-pilot500/blip2-opt-2.7b;evqa-pilot500/minigpt-4-vicuna-7b;evqa-pilot500/paligemma-3b;evqa-pilot500/qwen2.5-vl-3b;evqa-pilot500/smolvlm-1.7b;mmke-entity/blip2-opt-2.7b;mmke-entity/instructblip-vicuna-7b;mmke-entity/minigpt-4-vicuna-7b;mmke-entity/paligemma-3b;mmke-entity/qwen2.5-vl-3b;mmke-entity/smolvlm-1.7b;mmke-visual/blip2-opt-2.7b;mmke-visual/instructblip-vicuna-7b;mmke-visual/minigpt-4-vicuna-7b;mmke-visual/qwen2.5-vl-3b;mmke-visual/smolvlm-1.7b
clean,rank_max_w2,M_abscos_x_newn,1,19,False,21,69.21536842105263,69.21536842105263,0.0,69.21536842105263,0.0,0,19,0,0,0,0.0,0.0,0.0,0.2631578947368421,evqa-pilot500/blip2-opt-2.7b;evqa-pilot500/instructblip-vicuna-7b;evqa-pilot500/llava-v1.5-7b;evqa-pilot500/minigpt-4-vicuna-7b;evqa-pilot500/paligemma-3b;evqa-pilot500/qwen2.5-vl-3b;evqa-pilot500/smolvlm-1.7b;mmke-entity/blip2-opt-2.7b;mmke-entity/instructblip-vicuna-7b;mmke-entity/minigpt-4-vicuna-7b;mmke-entity/paligemma-3b;mmke-entity/qwen2.5-vl-3b;mmke-entity/smolvlm-1.7b;mmke-visual/blip2-opt-2.7b;mmke-visual/instructblip-vicuna-7b;mmke-visual/llava-v1.5-7b;mmke-visual/minigpt-4-vicuna-7b;mmke-visual/qwen2.5-vl-3b;mmke-visual/smolvlm-1.7b
clean,rank_max_w2,M_abscos_x_newn,3,17,False,21,71.10564705882354,71.43388235294118,-0.32823529411764696,68.54133333333334,-0.15729411764705964,0,15,2,0,1,0.0,-5.3799999999999955,0.0,0.47058823529411764,evqa-pilot500/blip2-opt-2.7b;evqa-pilot500/instructblip-vicuna-7b;evqa-pilot500/minigpt-4-vicuna-7b;evqa-pilot500/paligemma-3b;evqa-pilot500/qwen2.5-vl-3b;evqa-pilot500/smolvlm-1.7b;mmke-entity/blip2-opt-2.7b;mmke-entity/instructblip-vicuna-7b;mmke-entity/minigpt-4-vicuna-7b;mmke-entity/paligemma-3b;mmke-entity/qwen2.5-vl-3b;mmke-entity/smolvlm-1.7b;mmke-visual/blip2-opt-2.7b;mmke-visual/instructblip-vicuna-7b;mmke-visual/minigpt-4-vicuna-7b;mmke-visual/qwen2.5-vl-3b;mmke-visual/smolvlm-1.7b
clean,rank_max_w2,M_new_norm,1,18,False,21,68.88522222222223,68.672,0.21322222222222229,68.88522222222223,0.21322222222222229,4,14,0,3,0,0.0,0.0,1.730000000000004,0.2777777777777778,evqa-pilot500/blip2-opt-2.7b;evqa-pilot500/instructblip-vicuna-7b;evqa-pilot500/llava-v1.5-7b;evqa-pilot500/minigpt-4-vicuna-7b;evqa-pilot500/paligemma-3b;evqa-pilot500/qwen2.5-vl-3b;evqa-pilot500/smolvlm-1.7b;mmke-entity/blip2-opt-2.7b;mmke-entity/instructblip-vicuna-7b;mmke-entity/minigpt-4-vicuna-7b;mmke-entity/paligemma-3b;mmke-entity/qwen2.5-vl-3b;mmke-entity/smolvlm-1.7b;mmke-visual/blip2-opt-2.7b;mmke-visual/instructblip-vicuna-7b;mmke-visual/minigpt-4-vicuna-7b;mmke-visual/qwen2.5-vl-3b;mmke-visual/smolvlm-1.7b
clean,rank_max_w2,M_new_norm,3,16,False,21,72.145375,72.74775,-0.602374999999999,69.57600000000001,-0.22804166666666648,3,12,1,2,1,0.0,-11.543999999999997,0.8500000000000014,0.4375,evqa-pilot500/blip2-opt-2.7b;evqa-pilot500/minigpt-4-vicuna-7b;evqa-pilot500/paligemma-3b;evqa-pilot500/qwen2.5-vl-3b;evqa-pilot500/smolvlm-1.7b;mmke-entity/blip2-opt-2.7b;mmke-entity/instructblip-vicuna-7b;mmke-entity/minigpt-4-vicuna-7b;mmke-entity/paligemma-3b;mmke-entity/qwen2.5-vl-3b;mmke-entity/smolvlm-1.7b;mmke-visual/blip2-opt-2.7b;mmke-visual/instructblip-vicuna-7b;mmke-visual/minigpt-4-vicuna-7b;mmke-visual/qwen2.5-vl-3b;mmke-visual/smolvlm-1.7b
recorded,M_dot,M_abscos_x_newn,1,16,False,21,70.398375,70.148,0.25037500000000046,70.398375,0.25037500000000046,3,11,2,3,2,0.0,-14.100000000000001,9.474000000000004,0.1875,evqa-pilot500/blip2-opt-2.7b;evqa-pilot500/instructblip-vicuna-7b;evqa-pilot500/llava-v1.5-7b;evqa-pilot500/minigpt-4-vicuna-7b;evqa-pilot500/paligemma-3b;evqa-pilot500/smolvlm-1.7b;mmke-entity/blip2-opt-2.7b;mmke-entity/instructblip-vicuna-7b;mmke-entity/paligemma-3b;mmke-entity/qwen2.5-vl-3b;mmke-entity/smolvlm-1.7b;mmke-visual/blip2-opt-2.7b;mmke-visual/instructblip-vicuna-7b;mmke-visual/paligemma-3b;mmke-visual/qwen2.5-vl-3b;mmke-visual/smolvlm-1.7b
recorded,M_dot,M_abscos_x_newn,3,14,False,21,72.54014285714285,73.16342857142857,-0.6232857142857137,69.88671428571429,-0.1722380952380946,1,12,1,1,1,0.0,-12.82,4.094000000000008,0.35714285714285715,evqa-pilot500/blip2-opt-2.7b;evqa-pilot500/instructblip-vicuna-7b;evqa-pilot500/minigpt-4-vicuna-7b;evqa-pilot500/paligemma-3b;evqa-pilot500/smolvlm-1.7b;mmke-entity/instructblip-vicuna-7b;mmke-entity/paligemma-3b;mmke-entity/qwen2.5-vl-3b;mmke-entity/smolvlm-1.7b;mmke-visual/blip2-opt-2.7b;mmke-visual/instructblip-vicuna-7b;mmke-visual/paligemma-3b;mmke-visual/qwen2.5-vl-3b;mmke-visual/smolvlm-1.7b
recorded,M_dot,M_new_norm,1,16,False,21,70.398375,70.06775,0.33062500000000083,70.398375,0.33062500000000083,3,10,3,3,2,0.0,-14.100000000000001,11.204000000000008,0.1875,evqa-pilot500/blip2-opt-2.7b;evqa-pilot500/instructblip-vicuna-7b;evqa-pilot500/llava-v1.5-7b;evqa-pilot500/minigpt-4-vicuna-7b;evqa-pilot500/paligemma-3b;evqa-pilot500/smolvlm-1.7b;mmke-entity/blip2-opt-2.7b;mmke-entity/instructblip-vicuna-7b;mmke-entity/paligemma-3b;mmke-entity/qwen2.5-vl-3b;mmke-entity/smolvlm-1.7b;mmke-visual/blip2-opt-2.7b;mmke-visual/instructblip-vicuna-7b;mmke-visual/paligemma-3b;mmke-visual/qwen2.5-vl-3b;mmke-visual/smolvlm-1.7b
recorded,M_dot,M_new_norm,3,13,False,21,73.93015384615384,75.07553846153846,-1.1453846153846148,71.26364102564102,-0.43041025641025554,0,11,2,0,2,0.0,-12.82,0.0,0.3076923076923077,evqa-pilot500/blip2-opt-2.7b;evqa-pilot500/minigpt-4-vicuna-7b;evqa-pilot500/paligemma-3b;evqa-pilot500/smolvlm-1.7b;mmke-entity/instructblip-vicuna-7b;mmke-entity/paligemma-3b;mmke-entity/qwen2.5-vl-3b;mmke-entity/smolvlm-1.7b;mmke-visual/blip2-opt-2.7b;mmke-visual/instructblip-vicuna-7b;mmke-visual/paligemma-3b;mmke-visual/qwen2.5-vl-3b;mmke-visual/smolvlm-1.7b
recorded,M_cos,M_abscos_x_newn,1,15,False,21,66.8972,71.01773333333334,-4.120533333333334,66.8972,-4.120533333333334,2,6,7,1,6,0.0,-23.53,0.5799999999999983,0.13333333333333333,evqa-pilot500/blip2-opt-2.7b;evqa-pilot500/instructblip-vicuna-7b;evqa-pilot500/minigpt-4-vicuna-7b;evqa-pilot500/qwen2.5-vl-3b;evqa-pilot500/smolvlm-1.7b;mmke-entity/blip2-opt-2.7b;mmke-entity/instructblip-vicuna-7b;mmke-entity/minigpt-4-vicuna-7b;mmke-entity/paligemma-3b;mmke-entity/smolvlm-1.7b;mmke-visual/instructblip-vicuna-7b;mmke-visual/minigpt-4-vicuna-7b;mmke-visual/paligemma-3b;mmke-visual/qwen2.5-vl-3b;mmke-visual/smolvlm-1.7b
recorded,M_cos,M_abscos_x_newn,3,8,False,21,69.2025,73.81575000000001,-4.613250000000003,66.02891666666666,-5.07741666666667,0,3,5,0,4,-0.5400000000000063,-22.24000000000001,0.0,0.125,evqa-pilot500/blip2-opt-2.7b;evqa-pilot500/smolvlm-1.7b;mmke-entity/blip2-opt-2.7b;mmke-entity/instructblip-vicuna-7b;mmke-entity/minigpt-4-vicuna-7b;mmke-entity/paligemma-3b;mmke-visual/minigpt-4-vicuna-7b;mmke-visual/smolvlm-1.7b
recorded,M_cos,M_new_norm,1,15,False,21,66.8972,70.7916,-3.8944000000000005,66.8972,-3.8944000000000005,3,6,6,2,4,0.0,-23.53,1.730000000000004,0.13333333333333333,evqa-pilot500/blip2-opt-2.7b;evqa-pilot500/instructblip-vicuna-7b;evqa-pilot500/minigpt-4-vicuna-7b;evqa-pilot500/qwen2.5-vl-3b;evqa-pilot500/smolvlm-1.7b;mmke-entity/blip2-opt-2.7b;mmke-entity/instructblip-vicuna-7b;mmke-entity/minigpt-4-vicuna-7b;mmke-entity/paligemma-3b;mmke-entity/smolvlm-1.7b;mmke-visual/instructblip-vicuna-7b;mmke-visual/minigpt-4-vicuna-7b;mmke-visual/paligemma-3b;mmke-visual/qwen2.5-vl-3b;mmke-visual/smolvlm-1.7b
recorded,M_cos,M_new_norm,3,8,False,21,69.2025,73.65875,-4.456250000000002,66.02891666666666,-4.924166666666668,0,5,3,0,3,0.0,-22.24000000000001,0.0,0.125,evqa-pilot500/blip2-opt-2.7b;evqa-pilot500/smolvlm-1.7b;mmke-entity/blip2-opt-2.7b;mmke-entity/instructblip-vicuna-7b;mmke-entity/minigpt-4-vicuna-7b;mmke-entity/paligemma-3b;mmke-visual/minigpt-4-vicuna-7b;mmke-visual/smolvlm-1.7b
recorded,M_new_norm,M_abscos_x_newn,1,19,False,21,70.26957894736842,70.4481052631579,-0.17852631578947384,70.26957894736842,-0.17852631578947384,1,14,4,0,3,0.0,-1.730000000000004,0.44599999999999795,0.21052631578947367,evqa-pilot500/blip2-opt-2.7b;evqa-pilot500/instructblip-vicuna-7b;evqa-pilot500/llava-v1.5-7b;evqa-pilot500/minigpt-4-vicuna-7b;evqa-pilot500/paligemma-3b;evqa-pilot500/qwen2.5-vl-3b;evqa-pilot500/smolvlm-1.7b;mmke-entity/blip2-opt-2.7b;mmke-entity/instructblip-vicuna-7b;mmke-entity/minigpt-4-vicuna-7b;mmke-entity/paligemma-3b;mmke-entity/qwen2.5-vl-3b;mmke-entity/smolvlm-1.7b;mmke-visual/blip2-opt-2.7b;mmke-visual/instructblip-vicuna-7b;mmke-visual/minigpt-4-vicuna-7b;mmke-visual/paligemma-3b;mmke-visual/qwen2.5-vl-3b;mmke-visual/smolvlm-1.7b
recorded,M_new_norm,M_abscos_x_newn,3,17,False,21,74.29352941176471,74.05482352941176,0.23870588235294032,71.4921568627451,0.05733333333333235,1,13,3,1,2,0.0,-0.8500000000000014,6.1640000000000015,0.35294117647058826,evqa-pilot500/blip2-opt-2.7b;evqa-pilot500/minigpt-4-vicuna-7b;evqa-pilot500/paligemma-3b;evqa-pilot500/qwen2.5-vl-3b;evqa-pilot500/smolvlm-1.7b;mmke-entity/blip2-opt-2.7b;mmke-entity/instructblip-vicuna-7b;mmke-entity/minigpt-4-vicuna-7b;mmke-entity/paligemma-3b;mmke-entity/qwen2.5-vl-3b;mmke-entity/smolvlm-1.7b;mmke-visual/blip2-opt-2.7b;mmke-visual/instructblip-vicuna-7b;mmke-visual/minigpt-4-vicuna-7b;mmke-visual/paligemma-3b;mmke-visual/qwen2.5-vl-3b;mmke-visual/smolvlm-1.7b
recorded,M_new_norm,M_new_norm,1,19,False,21,70.26957894736842,70.26957894736842,0.0,70.26957894736842,0.0,0,19,0,0,0,0.0,0.0,0.0,0.21052631578947367,evqa-pilot500/blip2-opt-2.7b;evqa-pilot500/instructblip-vicuna-7b;evqa-pilot500/llava-v1.5-7b;evqa-pilot500/minigpt-4-vicuna-7b;evqa-pilot500/paligemma-3b;evqa-pilot500/qwen2.5-vl-3b;evqa-pilot500/smolvlm-1.7b;mmke-entity/blip2-opt-2.7b;mmke-entity/instructblip-vicuna-7b;mmke-entity/minigpt-4-vicuna-7b;mmke-entity/paligemma-3b;mmke-entity/qwen2.5-vl-3b;mmke-entity/smolvlm-1.7b;mmke-visual/blip2-opt-2.7b;mmke-visual/instructblip-vicuna-7b;mmke-visual/minigpt-4-vicuna-7b;mmke-visual/paligemma-3b;mmke-visual/qwen2.5-vl-3b;mmke-visual/smolvlm-1.7b
recorded,M_new_norm,M_new_norm,3,17,False,21,74.29352941176471,74.29352941176471,0.0,71.4921568627451,0.0,0,17,0,0,0,0.0,0.0,0.0,0.35294117647058826,evqa-pilot500/blip2-opt-2.7b;evqa-pilot500/minigpt-4-vicuna-7b;evqa-pilot500/paligemma-3b;evqa-pilot500/qwen2.5-vl-3b;evqa-pilot500/smolvlm-1.7b;mmke-entity/blip2-opt-2.7b;mmke-entity/instructblip-vicuna-7b;mmke-entity/minigpt-4-vicuna-7b;mmke-entity/paligemma-3b;mmke-entity/qwen2.5-vl-3b;mmke-entity/smolvlm-1.7b;mmke-visual/blip2-opt-2.7b;mmke-visual/instructblip-vicuna-7b;mmke-visual/minigpt-4-vicuna-7b;mmke-visual/paligemma-3b;mmke-visual/qwen2.5-vl-3b;mmke-visual/smolvlm-1.7b
recorded,M_pos_ratio,M_abscos_x_newn,1,14,False,21,69.24042857142857,73.75757142857142,-4.517142857142857,69.24042857142857,-4.517142857142857,2,1,11,2,9,-0.7999999999999972,-43.77,6.6440000000000055,0.14285714285714285,evqa-pilot500/minigpt-4-vicuna-7b;evqa-pilot500/paligemma-3b;evqa-pilot500/qwen2.5-vl-3b;evqa-pilot500/smolvlm-1.7b;mmke-entity/blip2-opt-2.7b;mmke-entity/instructblip-vicuna-7b;mmke-entity/minigpt-4-vicuna-7b;mmke-entity/paligemma-3b;mmke-entity/qwen2.5-vl-3b;mmke-entity/smolvlm-1.7b;mmke-visual/instructblip-vicuna-7b;mmke-visual/minigpt-4-vicuna-7b;mmke-visual/paligemma-3b;mmke-visual/smolvlm-1.7b
recorded,M_pos_ratio,M_abscos_x_newn,3,8,False,21,77.05475,78.872,-1.8172500000000005,72.22841666666666,-3.4354166666666677,1,3,4,0,3,-0.24500000000000455,-12.82,0.16400000000000148,0.375,evqa-pilot500/smolvlm-1.7b;mmke-entity/blip2-opt-2.7b;mmke-entity/instructblip-vicuna-7b;mmke-entity/minigpt-4-vicuna-7b;mmke-entity/paligemma-3b;mmke-visual/instructblip-vicuna-7b;mmke-visual/minigpt-4-vicuna-7b;mmke-visual/paligemma-3b
recorded,M_pos_ratio,M_new_norm,1,14,False,21,69.24042857142857,73.51528571428571,-4.274857142857142,69.24042857142857,-4.274857142857142,3,3,8,3,7,-0.3450000000000024,-43.77,6.6440000000000055,0.14285714285714285,evqa-pilot500/minigpt-4-vicuna-7b;evqa-pilot500/paligemma-3b;evqa-pilot500/qwen2.5-vl-3b;evqa-pilot500/smolvlm-1.7b;mmke-entity/blip2-opt-2.7b;mmke-entity/instructblip-vicuna-7b;mmke-entity/minigpt-4-vicuna-7b;mmke-entity/paligemma-3b;mmke-entity/qwen2.5-vl-3b;mmke-entity/smolvlm-1.7b;mmke-visual/instructblip-vicuna-7b;mmke-visual/minigpt-4-vicuna-7b;mmke-visual/paligemma-3b;mmke-visual/smolvlm-1.7b
recorded,M_pos_ratio,M_new_norm,3,8,False,21,77.05475,78.715,-1.6602499999999987,72.22841666666666,-3.282166666666666,1,5,2,0,2,0.0,-12.82,0.16400000000000148,0.375,evqa-pilot500/smolvlm-1.7b;mmke-entity/blip2-opt-2.7b;mmke-entity/instructblip-vicuna-7b;mmke-entity/minigpt-4-vicuna-7b;mmke-entity/paligemma-3b;mmke-visual/instructblip-vicuna-7b;mmke-visual/minigpt-4-vicuna-7b;mmke-visual/paligemma-3b
recorded,M_conflict,M_abscos_x_newn,1,11,False,21,58.79363636363636,67.9090909090909,-9.115454545454547,58.79363636363636,-9.115454545454547,0,4,7,0,7,-1.8599999999999994,-43.77,0.0,0.09090909090909091,evqa-pilot500/blip2-opt-2.7b;evqa-pilot500/llava-v1.5-7b;evqa-pilot500/minigpt-4-vicuna-7b;evqa-pilot500/qwen2.5-vl-3b;evqa-pilot500/smolvlm-1.7b;mmke-entity/blip2-opt-2.7b;mmke-entity/instructblip-vicuna-7b;mmke-entity/paligemma-3b;mmke-visual/blip2-opt-2.7b;mmke-visual/instructblip-vicuna-7b;mmke-visual/minigpt-4-vicuna-7b
recorded,M_conflict,M_abscos_x_newn,3,4,False,21,64.7585,70.381,-5.622500000000004,61.726166666666664,-4.297500000000003,0,2,2,0,1,-0.09000000000000341,-22.31000000000001,0.0,0.5,evqa-pilot500/smolvlm-1.7b;mmke-entity/blip2-opt-2.7b;mmke-entity/instructblip-vicuna-7b;mmke-visual/blip2-opt-2.7b
recorded,M_conflict,M_new_norm,1,11,False,21,58.79363636363636,67.60454545454546,-8.810909090909092,58.79363636363636,-8.810909090909092,1,3,7,1,5,-0.36999999999999744,-43.77,0.769999999999996,0.09090909090909091,evqa-pilot500/blip2-opt-2.7b;evqa-pilot500/llava-v1.5-7b;evqa-pilot500/minigpt-4-vicuna-7b;evqa-pilot500/qwen2.5-vl-3b;evqa-pilot500/smolvlm-1.7b;mmke-entity/blip2-opt-2.7b;mmke-entity/instructblip-vicuna-7b;mmke-entity/paligemma-3b;mmke-visual/blip2-opt-2.7b;mmke-visual/instructblip-vicuna-7b;mmke-visual/minigpt-4-vicuna-7b
recorded,M_conflict,M_new_norm,3,4,False,21,64.7585,70.381,-5.622500000000004,61.726166666666664,-4.297500000000003,0,2,2,0,1,-0.09000000000000341,-22.31000000000001,0.0,0.5,evqa-pilot500/smolvlm-1.7b;mmke-entity/blip2-opt-2.7b;mmke-entity/instructblip-vicuna-7b;mmke-visual/blip2-opt-2.7b
recorded,M_newn_x_1mcos,M_abscos_x_newn,1,20,False,21,68.51429999999999,70.6836,-2.169300000000001,68.51429999999999,-2.169300000000001,2,11,7,1,6,0.0,-19.160000000000004,5.325999999999993,0.15,evqa-pilot500/blip2-opt-2.7b;evqa-pilot500/instructblip-vicuna-7b;evqa-pilot500/llava-v1.5-7b;evqa-pilot500/minigpt-4-vicuna-7b;evqa-pilot500/paligemma-3b;evqa-pilot500/qwen2.5-vl-3b;evqa-pilot500/smolvlm-1.7b;mmke-entity/blip2-opt-2.7b;mmke-entity/instructblip-vicuna-7b;mmke-entity/minigpt-4-vicuna-7b;mmke-entity/paligemma-3b;mmke-entity/qwen2.5-vl-3b;mmke-entity/smolvlm-1.7b;mmke-visual/blip2-opt-2.7b;mmke-visual/instructblip-vicuna-7b;mmke-visual/llava-v1.5-7b;mmke-visual/minigpt-4-vicuna-7b;mmke-visual/paligemma-3b;mmke-visual/qwen2.5-vl-3b;mmke-visual/smolvlm-1.7b
recorded,M_newn_x_1mcos,M_abscos_x_newn,3,17,False,21,71.98235294117647,74.05482352941176,-2.0724705882352956,69.89529411764705,-1.5395294117647074,1,11,5,1,4,0.0,-20.13000000000001,6.1640000000000015,0.23529411764705882,evqa-pilot500/blip2-opt-2.7b;evqa-pilot500/minigpt-4-vicuna-7b;evqa-pilot500/paligemma-3b;evqa-pilot500/qwen2.5-vl-3b;evqa-pilot500/smolvlm-1.7b;mmke-entity/blip2-opt-2.7b;mmke-entity/instructblip-vicuna-7b;mmke-entity/minigpt-4-vicuna-7b;mmke-entity/paligemma-3b;mmke-entity/qwen2.5-vl-3b;mmke-entity/smolvlm-1.7b;mmke-visual/blip2-opt-2.7b;mmke-visual/instructblip-vicuna-7b;mmke-visual/minigpt-4-vicuna-7b;mmke-visual/paligemma-3b;mmke-visual/qwen2.5-vl-3b;mmke-visual/smolvlm-1.7b
recorded,M_newn_x_1mcos,M_new_norm,1,19,False,21,68.16463157894736,70.26957894736842,-2.104947368421054,68.16463157894736,-2.104947368421054,1,15,3,1,3,0.0,-19.160000000000004,5.325999999999993,0.15789473684210525,evqa-pilot500/blip2-opt-2.7b;evqa-pilot500/instructblip-vicuna-7b;evqa-pilot500/llava-v1.5-7b;evqa-pilot500/minigpt-4-vicuna-7b;evqa-pilot500/paligemma-3b;evqa-pilot500/qwen2.5-vl-3b;evqa-pilot500/smolvlm-1.7b;mmke-entity/blip2-opt-2.7b;mmke-entity/instructblip-vicuna-7b;mmke-entity/minigpt-4-vicuna-7b;mmke-entity/paligemma-3b;mmke-entity/qwen2.5-vl-3b;mmke-entity/smolvlm-1.7b;mmke-visual/blip2-opt-2.7b;mmke-visual/instructblip-vicuna-7b;mmke-visual/minigpt-4-vicuna-7b;mmke-visual/paligemma-3b;mmke-visual/qwen2.5-vl-3b;mmke-visual/smolvlm-1.7b
recorded,M_newn_x_1mcos,M_new_norm,3,17,False,21,71.98235294117647,74.29352941176471,-2.311176470588236,69.89529411764705,-1.5968627450980397,0,15,2,0,2,0.0,-20.13000000000001,0.0,0.23529411764705882,evqa-pilot500/blip2-opt-2.7b;evqa-pilot500/minigpt-4-vicuna-7b;evqa-pilot500/paligemma-3b;evqa-pilot500/qwen2.5-vl-3b;evqa-pilot500/smolvlm-1.7b;mmke-entity/blip2-opt-2.7b;mmke-entity/instructblip-vicuna-7b;mmke-entity/minigpt-4-vicuna-7b;mmke-entity/paligemma-3b;mmke-entity/qwen2.5-vl-3b;mmke-entity/smolvlm-1.7b;mmke-visual/blip2-opt-2.7b;mmke-visual/instructblip-vicuna-7b;mmke-visual/minigpt-4-vicuna-7b;mmke-visual/paligemma-3b;mmke-visual/qwen2.5-vl-3b;mmke-visual/smolvlm-1.7b
recorded,M_abscos_x_newn,M_abscos_x_newn,1,20,False,21,70.6836,70.6836,0.0,70.6836,0.0,0,20,0,0,0,0.0,0.0,0.0,0.25,evqa-pilot500/blip2-opt-2.7b;evqa-pilot500/instructblip-vicuna-7b;evqa-pilot500/llava-v1.5-7b;evqa-pilot500/minigpt-4-vicuna-7b;evqa-pilot500/paligemma-3b;evqa-pilot500/qwen2.5-vl-3b;evqa-pilot500/smolvlm-1.7b;mmke-entity/blip2-opt-2.7b;mmke-entity/instructblip-vicuna-7b;mmke-entity/minigpt-4-vicuna-7b;mmke-entity/paligemma-3b;mmke-entity/qwen2.5-vl-3b;mmke-entity/smolvlm-1.7b;mmke-visual/blip2-opt-2.7b;mmke-visual/instructblip-vicuna-7b;mmke-visual/llava-v1.5-7b;mmke-visual/minigpt-4-vicuna-7b;mmke-visual/paligemma-3b;mmke-visual/qwen2.5-vl-3b;mmke-visual/smolvlm-1.7b
recorded,M_abscos_x_newn,M_abscos_x_newn,3,19,False,21,73.13621052631579,73.13621052631579,0.0,70.63368421052631,0.0,0,19,0,0,0,0.0,0.0,0.0,0.42105263157894735,evqa-pilot500/blip2-opt-2.7b;evqa-pilot500/instructblip-vicuna-7b;evqa-pilot500/minigpt-4-vicuna-7b;evqa-pilot500/paligemma-3b;evqa-pilot500/qwen2.5-vl-3b;evqa-pilot500/smolvlm-1.7b;mmke-entity/blip2-opt-2.7b;mmke-entity/instructblip-vicuna-7b;mmke-entity/minigpt-4-vicuna-7b;mmke-entity/paligemma-3b;mmke-entity/qwen2.5-vl-3b;mmke-entity/smolvlm-1.7b;mmke-visual/blip2-opt-2.7b;mmke-visual/instructblip-vicuna-7b;mmke-visual/llava-v1.5-7b;mmke-visual/minigpt-4-vicuna-7b;mmke-visual/paligemma-3b;mmke-visual/qwen2.5-vl-3b;mmke-visual/smolvlm-1.7b
recorded,M_abscos_x_newn,M_new_norm,1,19,False,21,70.4481052631579,70.26957894736842,0.17852631578947384,70.4481052631579,0.17852631578947384,4,14,1,3,0,0.0,-0.44599999999999795,1.730000000000004,0.2631578947368421,evqa-pilot500/blip2-opt-2.7b;evqa-pilot500/instructblip-vicuna-7b;evqa-pilot500/llava-v1.5-7b;evqa-pilot500/minigpt-4-vicuna-7b;evqa-pilot500/paligemma-3b;evqa-pilot500/qwen2.5-vl-3b;evqa-pilot500/smolvlm-1.7b;mmke-entity/blip2-opt-2.7b;mmke-entity/instructblip-vicuna-7b;mmke-entity/minigpt-4-vicuna-7b;mmke-entity/paligemma-3b;mmke-entity/qwen2.5-vl-3b;mmke-entity/smolvlm-1.7b;mmke-visual/blip2-opt-2.7b;mmke-visual/instructblip-vicuna-7b;mmke-visual/minigpt-4-vicuna-7b;mmke-visual/paligemma-3b;mmke-visual/qwen2.5-vl-3b;mmke-visual/smolvlm-1.7b
recorded,M_abscos_x_newn,M_new_norm,3,17,False,21,74.05482352941176,74.29352941176471,-0.23870588235294032,71.43482352941177,-0.05733333333333235,3,13,1,2,1,0.0,-6.1640000000000015,0.8500000000000014,0.4117647058823529,evqa-pilot500/blip2-opt-2.7b;evqa-pilot500/minigpt-4-vicuna-7b;evqa-pilot500/paligemma-3b;evqa-pilot500/qwen2.5-vl-3b;evqa-pilot500/smolvlm-1.7b;mmke-entity/blip2-opt-2.7b;mmke-entity/instructblip-vicuna-7b;mmke-entity/minigpt-4-vicuna-7b;mmke-entity/paligemma-3b;mmke-entity/qwen2.5-vl-3b;mmke-entity/smolvlm-1.7b;mmke-visual/blip2-opt-2.7b;mmke-visual/instructblip-vicuna-7b;mmke-visual/minigpt-4-vicuna-7b;mmke-visual/paligemma-3b;mmke-visual/qwen2.5-vl-3b;mmke-visual/smolvlm-1.7b
recorded,Ours-Direct-Conflict,M_abscos_x_newn,1,7,False,21,67.88885714285715,67.70085714285715,0.1880000000000024,67.88885714285715,0.1880000000000024,3,0,4,2,4,-0.9699999999999989,-3.3159999999999883,4.769999999999996,0,evqa-pilot500/minigpt-4-vicuna-7b;evqa-pilot500/qwen2.5-vl-3b;evqa-pilot500/smolvlm-1.7b;mmke-entity/blip2-opt-2.7b;mmke-entity/minigpt-4-vicuna-7b;mmke-visual/blip2-opt-2.7b;mmke-visual/minigpt-4-vicuna-7b
recorded,Ours-Direct-Conflict,M_abscos_x_newn,3,4,False,21,67.954,71.061,-3.107000000000001,66.44683333333333,-1.532666666666664,0,0,4,0,4,-2.132000000000005,-6.413999999999994,-1.75,0,evqa-pilot500/minigpt-4-vicuna-7b;evqa-pilot500/smolvlm-1.7b;mmke-entity/blip2-opt-2.7b;mmke-visual/minigpt-4-vicuna-7b
recorded,Ours-Direct-Conflict,M_new_norm,1,7,False,21,67.88885714285715,67.15257142857143,0.7362857142857168,67.88885714285715,0.7362857142857168,4,0,3,4,2,0.6960000000000051,-2.5459999999999923,4.769999999999996,0,evqa-pilot500/minigpt-4-vicuna-7b;evqa-pilot500/qwen2.5-vl-3b;evqa-pilot500/smolvlm-1.7b;mmke-entity/blip2-opt-2.7b;mmke-entity/minigpt-4-vicuna-7b;mmke-visual/blip2-opt-2.7b;mmke-visual/minigpt-4-vicuna-7b
recorded,Ours-Direct-Conflict,M_new_norm,3,4,False,21,67.954,72.4105,-4.4565,66.44683333333333,-2.1334999999999944,0,0,4,0,4,-1.8120000000000047,-12.577999999999996,-1.6239999999999952,0,evqa-pilot500/minigpt-4-vicuna-7b;evqa-pilot500/smolvlm-1.7b;mmke-entity/blip2-opt-2.7b;mmke-visual/minigpt-4-vicuna-7b
recorded,Ours-AbsDirection-Direct,M_abscos_x_newn,1,16,False,21,71.226,72.74975,-1.5237499999999984,71.226,-1.5237499999999984,5,1,10,3,9,-0.8049999999999997,-22.24000000000001,15.64,0,evqa-pilot500/blip2-opt-2.7b;evqa-pilot500/paligemma-3b;evqa-pilot500/qwen2.5-vl-3b;evqa-pilot500/smolvlm-1.7b;mmke-entity/blip2-opt-2.7b;mmke-entity/instructblip-vicuna-7b;mmke-entity/minigpt-4-vicuna-7b;mmke-entity/paligemma-3b;mmke-entity/qwen2.5-vl-3b;mmke-entity/smolvlm-1.7b;mmke-visual/blip2-opt-2.7b;mmke-visual/instructblip-vicuna-7b;mmke-visual/minigpt-4-vicuna-7b;mmke-visual/paligemma-3b;mmke-visual/qwen2.5-vl-3b;mmke-visual/smolvlm-1.7b
recorded,Ours-AbsDirection-Direct,M_abscos_x_newn,3,15,False,21,72.13933333333333,74.53013333333334,-2.3908000000000014,70.51435555555555,-1.32817777777778,4,1,10,3,9,-0.5900000000000034,-21.60000000000001,17.093999999999994,0.2,evqa-pilot500/blip2-opt-2.7b;evqa-pilot500/paligemma-3b;evqa-pilot500/qwen2.5-vl-3b;evqa-pilot500/smolvlm-1.7b;mmke-entity/blip2-opt-2.7b;mmke-entity/instructblip-vicuna-7b;mmke-entity/paligemma-3b;mmke-entity/qwen2.5-vl-3b;mmke-entity/smolvlm-1.7b;mmke-visual/blip2-opt-2.7b;mmke-visual/instructblip-vicuna-7b;mmke-visual/minigpt-4-vicuna-7b;mmke-visual/paligemma-3b;mmke-visual/qwen2.5-vl-3b;mmke-visual/smolvlm-1.7b
recorded,Ours-AbsDirection-Direct,M_new_norm,1,16,False,21,71.226,72.645875,-1.4198749999999984,71.226,-1.4198749999999984,5,0,11,4,8,-0.5679999999999978,-22.24000000000001,15.64,0,evqa-pilot500/blip2-opt-2.7b;evqa-pilot500/paligemma-3b;evqa-pilot500/qwen2.5-vl-3b;evqa-pilot500/smolvlm-1.7b;mmke-entity/blip2-opt-2.7b;mmke-entity/instructblip-vicuna-7b;mmke-entity/minigpt-4-vicuna-7b;mmke-entity/paligemma-3b;mmke-entity/qwen2.5-vl-3b;mmke-entity/smolvlm-1.7b;mmke-visual/blip2-opt-2.7b;mmke-visual/instructblip-vicuna-7b;mmke-visual/minigpt-4-vicuna-7b;mmke-visual/paligemma-3b;mmke-visual/qwen2.5-vl-3b;mmke-visual/smolvlm-1.7b
recorded,Ours-AbsDirection-Direct,M_new_norm,3,15,False,21,72.13933333333333,74.4224,-2.283066666666668,70.51435555555555,-1.2105777777777793,5,0,10,4,9,-0.5900000000000034,-21.60000000000001,17.093999999999994,0.2,evqa-pilot500/blip2-opt-2.7b;evqa-pilot500/paligemma-3b;evqa-pilot500/qwen2.5-vl-3b;evqa-pilot500/smolvlm-1.7b;mmke-entity/blip2-opt-2.7b;mmke-entity/instructblip-vicuna-7b;mmke-entity/paligemma-3b;mmke-entity/qwen2.5-vl-3b;mmke-entity/smolvlm-1.7b;mmke-visual/blip2-opt-2.7b;mmke-visual/instructblip-vicuna-7b;mmke-visual/minigpt-4-vicuna-7b;mmke-visual/paligemma-3b;mmke-visual/qwen2.5-vl-3b;mmke-visual/smolvlm-1.7b
recorded,Ours-NoDirection-Direct,M_abscos_x_newn,1,17,False,21,70.54105882352941,71.97388235294117,-1.4328235294117633,70.54105882352941,-1.4328235294117633,3,1,13,3,11,-0.9200000000000017,-22.24000000000001,17.439999999999998,0.058823529411764705,evqa-pilot500/blip2-opt-2.7b;evqa-pilot500/minigpt-4-vicuna-7b;evqa-pilot500/paligemma-3b;evqa-pilot500/qwen2.5-vl-3b;evqa-pilot500/smolvlm-1.7b;mmke-entity/blip2-opt-2.7b;mmke-entity/instructblip-vicuna-7b;mmke-entity/minigpt-4-vicuna-7b;mmke-entity/paligemma-3b;mmke-entity/qwen2.5-vl-3b;mmke-entity/smolvlm-1.7b;mmke-visual/blip2-opt-2.7b;mmke-visual/instructblip-vicuna-7b;mmke-visual/minigpt-4-vicuna-7b;mmke-visual/paligemma-3b;mmke-visual/qwen2.5-vl-3b;mmke-visual/smolvlm-1.7b
recorded,Ours-NoDirection-Direct,M_abscos_x_newn,3,16,False,21,72.29375,74.6245,-2.3307500000000014,70.319875,-1.7696666666666698,4,1,11,2,9,-0.740000000000002,-21.60000000000001,17.093999999999994,0.0625,evqa-pilot500/blip2-opt-2.7b;evqa-pilot500/paligemma-3b;evqa-pilot500/qwen2.5-vl-3b;evqa-pilot500/smolvlm-1.7b;mmke-entity/blip2-opt-2.7b;mmke-entity/instructblip-vicuna-7b;mmke-entity/minigpt-4-vicuna-7b;mmke-entity/paligemma-3b;mmke-entity/qwen2.5-vl-3b;mmke-entity/smolvlm-1.7b;mmke-visual/blip2-opt-2.7b;mmke-visual/instructblip-vicuna-7b;mmke-visual/minigpt-4-vicuna-7b;mmke-visual/paligemma-3b;mmke-visual/qwen2.5-vl-3b;mmke-visual/smolvlm-1.7b
recorded,Ours-NoDirection-Direct,M_new_norm,1,17,False,21,70.54105882352941,71.77435294117647,-1.2332941176470573,70.54105882352941,-1.2332941176470573,5,0,12,4,11,-0.7800000000000011,-22.24000000000001,17.439999999999998,0.058823529411764705,evqa-pilot500/blip2-opt-2.7b;evqa-pilot500/minigpt-4-vicuna-7b;evqa-pilot500/paligemma-3b;evqa-pilot500/qwen2.5-vl-3b;evqa-pilot500/smolvlm-1.7b;mmke-entity/blip2-opt-2.7b;mmke-entity/instructblip-vicuna-7b;mmke-entity/minigpt-4-vicuna-7b;mmke-entity/paligemma-3b;mmke-entity/qwen2.5-vl-3b;mmke-entity/smolvlm-1.7b;mmke-visual/blip2-opt-2.7b;mmke-visual/instructblip-vicuna-7b;mmke-visual/minigpt-4-vicuna-7b;mmke-visual/paligemma-3b;mmke-visual/qwen2.5-vl-3b;mmke-visual/smolvlm-1.7b
recorded,Ours-NoDirection-Direct,M_new_norm,3,16,False,21,72.29375,74.492875,-2.1991250000000004,70.319875,-1.6315833333333356,6,0,10,3,9,-0.740000000000002,-21.60000000000001,17.093999999999994,0.0625,evqa-pilot500/blip2-opt-2.7b;evqa-pilot500/paligemma-3b;evqa-pilot500/qwen2.5-vl-3b;evqa-pilot500/smolvlm-1.7b;mmke-entity/blip2-opt-2.7b;mmke-entity/instructblip-vicuna-7b;mmke-entity/minigpt-4-vicuna-7b;mmke-entity/paligemma-3b;mmke-entity/qwen2.5-vl-3b;mmke-entity/smolvlm-1.7b;mmke-visual/blip2-opt-2.7b;mmke-visual/instructblip-vicuna-7b;mmke-visual/minigpt-4-vicuna-7b;mmke-visual/paligemma-3b;mmke-visual/qwen2.5-vl-3b;mmke-visual/smolvlm-1.7b
recorded,Ours-1MinusCos-Direct,M_abscos_x_newn,1,17,False,21,70.28223529411765,71.97388235294117,-1.691647058823528,70.28223529411765,-1.691647058823528,3,1,13,3,11,-1.1500000000000057,-21.050000000000004,12.620000000000005,0,evqa-pilot500/blip2-opt-2.7b;evqa-pilot500/minigpt-4-vicuna-7b;evqa-pilot500/paligemma-3b;evqa-pilot500/qwen2.5-vl-3b;evqa-pilot500/smolvlm-1.7b;mmke-entity/blip2-opt-2.7b;mmke-entity/instructblip-vicuna-7b;mmke-entity/minigpt-4-vicuna-7b;mmke-entity/paligemma-3b;mmke-entity/qwen2.5-vl-3b;mmke-entity/smolvlm-1.7b;mmke-visual/blip2-opt-2.7b;mmke-visual/instructblip-vicuna-7b;mmke-visual/minigpt-4-vicuna-7b;mmke-visual/paligemma-3b;mmke-visual/qwen2.5-vl-3b;mmke-visual/smolvlm-1.7b
recorded,Ours-1MinusCos-Direct,M_abscos_x_newn,3,16,False,21,72.2775,74.6245,-2.347000000000001,69.83583333333334,-2.2537083333333348,4,1,11,2,9,-1.0249999999999986,-20.85000000000001,16.343999999999994,0.0625,evqa-pilot500/blip2-opt-2.7b;evqa-pilot500/paligemma-3b;evqa-pilot500/qwen2.5-vl-3b;evqa-pilot500/smolvlm-1.7b;mmke-entity/blip2-opt-2.7b;mmke-entity/instructblip-vicuna-7b;mmke-entity/minigpt-4-vicuna-7b;mmke-entity/paligemma-3b;mmke-entity/qwen2.5-vl-3b;mmke-entity/smolvlm-1.7b;mmke-visual/blip2-opt-2.7b;mmke-visual/instructblip-vicuna-7b;mmke-visual/minigpt-4-vicuna-7b;mmke-visual/paligemma-3b;mmke-visual/qwen2.5-vl-3b;mmke-visual/smolvlm-1.7b
recorded,Ours-1MinusCos-Direct,M_new_norm,1,17,False,21,70.28223529411765,71.77435294117647,-1.4921176470588218,70.28223529411765,-1.4921176470588218,5,0,12,4,11,-0.7800000000000011,-21.050000000000004,12.620000000000005,0,evqa-pilot500/blip2-opt-2.7b;evqa-pilot500/minigpt-4-vicuna-7b;evqa-pilot500/paligemma-3b;evqa-pilot500/qwen2.5-vl-3b;evqa-pilot500/smolvlm-1.7b;mmke-entity/blip2-opt-2.7b;mmke-entity/instructblip-vicuna-7b;mmke-entity/minigpt-4-vicuna-7b;mmke-entity/paligemma-3b;mmke-entity/qwen2.5-vl-3b;mmke-entity/smolvlm-1.7b;mmke-visual/blip2-opt-2.7b;mmke-visual/instructblip-vicuna-7b;mmke-visual/minigpt-4-vicuna-7b;mmke-visual/paligemma-3b;mmke-visual/qwen2.5-vl-3b;mmke-visual/smolvlm-1.7b
recorded,Ours-1MinusCos-Direct,M_new_norm,3,16,False,21,72.2775,74.492875,-2.215375,69.83583333333334,-2.1156250000000005,6,0,10,3,9,-1.0249999999999986,-20.85000000000001,16.343999999999994,0.0625,evqa-pilot500/blip2-opt-2.7b;evqa-pilot500/paligemma-3b;evqa-pilot500/qwen2.5-vl-3b;evqa-pilot500/smolvlm-1.7b;mmke-entity/blip2-opt-2.7b;mmke-entity/instructblip-vicuna-7b;mmke-entity/minigpt-4-vicuna-7b;mmke-entity/paligemma-3b;mmke-entity/qwen2.5-vl-3b;mmke-entity/smolvlm-1.7b;mmke-visual/blip2-opt-2.7b;mmke-visual/instructblip-vicuna-7b;mmke-visual/minigpt-4-vicuna-7b;mmke-visual/paligemma-3b;mmke-visual/qwen2.5-vl-3b;mmke-visual/smolvlm-1.7b
recorded,abs_cos_only,M_abscos_x_newn,1,15,False,21,66.1964,69.99533333333333,-3.7989333333333333,66.1964,-3.7989333333333333,2,5,8,1,8,-0.5900000000000034,-23.53,0.5799999999999983,0.13333333333333333,evqa-pilot500/blip2-opt-2.7b;evqa-pilot500/instructblip-vicuna-7b;evqa-pilot500/llava-v1.5-7b;evqa-pilot500/minigpt-4-vicuna-7b;evqa-pilot500/qwen2.5-vl-3b;evqa-pilot500/smolvlm-1.7b;mmke-entity/blip2-opt-2.7b;mmke-entity/instructblip-vicuna-7b;mmke-entity/paligemma-3b;mmke-entity/smolvlm-1.7b;mmke-visual/instructblip-vicuna-7b;mmke-visual/minigpt-4-vicuna-7b;mmke-visual/paligemma-3b;mmke-visual/qwen2.5-vl-3b;mmke-visual/smolvlm-1.7b
recorded,abs_cos_only,M_abscos_x_newn,3,7,False,21,67.51942857142858,71.79942857142858,-4.280000000000001,63.19438095238095,-4.996285714285714,0,3,4,0,4,-0.5900000000000034,-22.24000000000001,0.0,0.14285714285714285,evqa-pilot500/blip2-opt-2.7b;evqa-pilot500/minigpt-4-vicuna-7b;evqa-pilot500/smolvlm-1.7b;mmke-entity/blip2-opt-2.7b;mmke-entity/instructblip-vicuna-7b;mmke-entity/paligemma-3b;mmke-visual/smolvlm-1.7b
recorded,abs_cos_only,M_new_norm,1,15,False,21,66.1964,69.80173333333333,-3.6053333333333333,66.1964,-3.6053333333333333,3,4,8,1,6,-0.10000000000000142,-23.53,0.5799999999999983,0.13333333333333333,evqa-pilot500/blip2-opt-2.7b;evqa-pilot500/instructblip-vicuna-7b;evqa-pilot500/llava-v1.5-7b;evqa-pilot500/minigpt-4-vicuna-7b;evqa-pilot500/qwen2.5-vl-3b;evqa-pilot500/smolvlm-1.7b;mmke-entity/blip2-opt-2.7b;mmke-entity/instructblip-vicuna-7b;mmke-entity/paligemma-3b;mmke-entity/smolvlm-1.7b;mmke-visual/instructblip-vicuna-7b;mmke-visual/minigpt-4-vicuna-7b;mmke-visual/paligemma-3b;mmke-visual/qwen2.5-vl-3b;mmke-visual/smolvlm-1.7b
recorded,abs_cos_only,M_new_norm,3,7,False,21,67.51942857142858,72.68,-5.16057142857143,63.19438095238095,-5.451142857142857,0,3,4,0,4,-0.5900000000000034,-22.24000000000001,0.0,0.14285714285714285,evqa-pilot500/blip2-opt-2.7b;evqa-pilot500/minigpt-4-vicuna-7b;evqa-pilot500/smolvlm-1.7b;mmke-entity/blip2-opt-2.7b;mmke-entity/instructblip-vicuna-7b;mmke-entity/paligemma-3b;mmke-visual/smolvlm-1.7b
recorded,signed_cos_new_norm,M_abscos_x_newn,1,18,False,21,69.11644444444444,70.10733333333333,-0.9908888888888888,69.11644444444444,-0.9908888888888888,0,15,3,0,2,0.0,-14.100000000000001,0.0,0.2222222222222222,evqa-pilot500/blip2-opt-2.7b;evqa-pilot500/instructblip-vicuna-7b;evqa-pilot500/llava-v1.5-7b;evqa-pilot500/minigpt-4-vicuna-7b;evqa-pilot500/paligemma-3b;evqa-pilot500/qwen2.5-vl-3b;evqa-pilot500/smolvlm-1.7b;mmke-entity/blip2-opt-2.7b;mmke-entity/instructblip-vicuna-7b;mmke-entity/minigpt-4-vicuna-7b;mmke-entity/paligemma-3b;mmke-entity/qwen2.5-vl-3b;mmke-entity/smolvlm-1.7b;mmke-visual/blip2-opt-2.7b;mmke-visual/instructblip-vicuna-7b;mmke-visual/paligemma-3b;mmke-visual/qwen2.5-vl-3b;mmke-visual/smolvlm-1.7b
recorded,signed_cos_new_norm,M_abscos_x_newn,3,16,False,21,71.732,72.53325,-0.80125,69.12395833333333,-0.49499999999999966,0,15,1,0,1,0.0,-12.82,0.0,0.4375,evqa-pilot500/blip2-opt-2.7b;evqa-pilot500/instructblip-vicuna-7b;evqa-pilot500/minigpt-4-vicuna-7b;evqa-pilot500/paligemma-3b;evqa-pilot500/qwen2.5-vl-3b;evqa-pilot500/smolvlm-1.7b;mmke-entity/blip2-opt-2.7b;mmke-entity/instructblip-vicuna-7b;mmke-entity/paligemma-3b;mmke-entity/qwen2.5-vl-3b;mmke-entity/smolvlm-1.7b;mmke-visual/blip2-opt-2.7b;mmke-visual/instructblip-vicuna-7b;mmke-visual/paligemma-3b;mmke-visual/qwen2.5-vl-3b;mmke-visual/smolvlm-1.7b
recorded,signed_cos_new_norm,M_new_norm,1,18,False,21,69.11644444444444,69.96166666666667,-0.8452222222222218,69.11644444444444,-0.8452222222222218,2,13,3,2,2,0.0,-14.100000000000001,1.730000000000004,0.2222222222222222,evqa-pilot500/blip2-opt-2.7b;evqa-pilot500/instructblip-vicuna-7b;evqa-pilot500/llava-v1.5-7b;evqa-pilot500/minigpt-4-vicuna-7b;evqa-pilot500/paligemma-3b;evqa-pilot500/qwen2.5-vl-3b;evqa-pilot500/smolvlm-1.7b;mmke-entity/blip2-opt-2.7b;mmke-entity/instructblip-vicuna-7b;mmke-entity/minigpt-4-vicuna-7b;mmke-entity/paligemma-3b;mmke-entity/qwen2.5-vl-3b;mmke-entity/smolvlm-1.7b;mmke-visual/blip2-opt-2.7b;mmke-visual/instructblip-vicuna-7b;mmke-visual/paligemma-3b;mmke-visual/qwen2.5-vl-3b;mmke-visual/smolvlm-1.7b
recorded,signed_cos_new_norm,M_new_norm,3,15,False,21,72.8828,74.09173333333334,-1.2089333333333334,70.26644444444445,-0.6747111111111105,1,12,2,1,2,0.0,-12.82,0.8500000000000014,0.4,evqa-pilot500/blip2-opt-2.7b;evqa-pilot500/minigpt-4-vicuna-7b;evqa-pilot500/paligemma-3b;evqa-pilot500/qwen2.5-vl-3b;evqa-pilot500/smolvlm-1.7b;mmke-entity/blip2-opt-2.7b;mmke-entity/instructblip-vicuna-7b;mmke-entity/paligemma-3b;mmke-entity/qwen2.5-vl-3b;mmke-entity/smolvlm-1.7b;mmke-visual/blip2-opt-2.7b;mmke-visual/instructblip-vicuna-7b;mmke-visual/paligemma-3b;mmke-visual/qwen2.5-vl-3b;mmke-visual/smolvlm-1.7b
recorded,negative_cos_new_norm,M_abscos_x_newn,1,9,False,21,68.26355555555556,67.728,0.5355555555555556,68.26355555555556,0.5355555555555556,2,5,2,2,2,0.0,-1.2000000000000028,3.5900000000000034,0.1111111111111111,evqa-pilot500/llava-v1.5-7b;evqa-pilot500/minigpt-4-vicuna-7b;evqa-pilot500/qwen2.5-vl-3b;evqa-pilot500/smolvlm-1.7b;mmke-entity/blip2-opt-2.7b;mmke-entity/minigpt-4-vicuna-7b;mmke-visual/blip2-opt-2.7b;mmke-visual/llava-v1.5-7b;mmke-visual/minigpt-4-vicuna-7b
recorded,negative_cos_new_norm,M_abscos_x_newn,3,6,False,21,71.302,72.745,-1.442999999999999,70.10977777777778,-0.4525555555555532,0,4,2,0,2,0.0,-6.413999999999994,0.0,0.16666666666666666,evqa-pilot500/minigpt-4-vicuna-7b;evqa-pilot500/smolvlm-1.7b;mmke-entity/blip2-opt-2.7b;mmke-entity/minigpt-4-vicuna-7b;mmke-visual/llava-v1.5-7b;mmke-visual/minigpt-4-vicuna-7b
recorded,negative_cos_new_norm,M_new_norm,1,8,False,21,67.40174999999999,66.3195,1.0822500000000002,67.40174999999999,1.0822500000000002,5,2,1,4,0,0.5090000000000003,-0.11999999999999744,3.5900000000000034,0.125,evqa-pilot500/llava-v1.5-7b;evqa-pilot500/minigpt-4-vicuna-7b;evqa-pilot500/qwen2.5-vl-3b;evqa-pilot500/smolvlm-1.7b;mmke-entity/blip2-opt-2.7b;mmke-entity/minigpt-4-vicuna-7b;mmke-visual/blip2-opt-2.7b;mmke-visual/minigpt-4-vicuna-7b
recorded,negative_cos_new_norm,M_new_norm,3,5,False,21,70.3252,73.0384,-2.713199999999996,68.99946666666666,-0.9346666666666608,2,1,2,1,2,0.0,-12.577999999999996,0.7660000000000053,0.2,evqa-pilot500/minigpt-4-vicuna-7b;evqa-pilot500/smolvlm-1.7b;mmke-entity/blip2-opt-2.7b;mmke-entity/minigpt-4-vicuna-7b;mmke-visual/minigpt-4-vicuna-7b
recorded,old_norm_only,M_abscos_x_newn,1,19,False,21,70.98021052631579,70.4481052631579,0.532105263157894,70.98021052631579,0.532105263157894,3,12,4,2,3,0.0,-2.280000000000001,9.605999999999995,0.2631578947368421,evqa-pilot500/blip2-opt-2.7b;evqa-pilot500/instructblip-vicuna-7b;evqa-pilot500/llava-v1.5-7b;evqa-pilot500/minigpt-4-vicuna-7b;evqa-pilot500/paligemma-3b;evqa-pilot500/qwen2.5-vl-3b;evqa-pilot500/smolvlm-1.7b;mmke-entity/blip2-opt-2.7b;mmke-entity/instructblip-vicuna-7b;mmke-entity/minigpt-4-vicuna-7b;mmke-entity/paligemma-3b;mmke-entity/qwen2.5-vl-3b;mmke-entity/smolvlm-1.7b;mmke-visual/blip2-opt-2.7b;mmke-visual/instructblip-vicuna-7b;mmke-visual/minigpt-4-vicuna-7b;mmke-visual/paligemma-3b;mmke-visual/qwen2.5-vl-3b;mmke-visual/smolvlm-1.7b
recorded,old_norm_only,M_abscos_x_newn,3,16,False,21,74.48125,74.227625,0.2536249999999991,71.94520833333334,0.06091666666666562,1,12,3,1,2,0.0,-0.8500000000000014,6.1640000000000015,0.3125,evqa-pilot500/blip2-opt-2.7b;evqa-pilot500/minigpt-4-vicuna-7b;evqa-pilot500/paligemma-3b;evqa-pilot500/qwen2.5-vl-3b;evqa-pilot500/smolvlm-1.7b;mmke-entity/blip2-opt-2.7b;mmke-entity/instructblip-vicuna-7b;mmke-entity/minigpt-4-vicuna-7b;mmke-entity/paligemma-3b;mmke-entity/qwen2.5-vl-3b;mmke-entity/smolvlm-1.7b;mmke-visual/blip2-opt-2.7b;mmke-visual/minigpt-4-vicuna-7b;mmke-visual/paligemma-3b;mmke-visual/qwen2.5-vl-3b;mmke-visual/smolvlm-1.7b
recorded,old_norm_only,M_new_norm,1,19,False,21,70.98021052631579,70.26957894736842,0.7106315789473678,70.98021052631579,0.7106315789473678,2,16,1,2,1,0.0,-1.4299999999999997,9.605999999999995,0.2631578947368421,evqa-pilot500/blip2-opt-2.7b;evqa-pilot500/instructblip-vicuna-7b;evqa-pilot500/llava-v1.5-7b;evqa-pilot500/minigpt-4-vicuna-7b;evqa-pilot500/paligemma-3b;evqa-pilot500/qwen2.5-vl-3b;evqa-pilot500/smolvlm-1.7b;mmke-entity/blip2-opt-2.7b;mmke-entity/instructblip-vicuna-7b;mmke-entity/minigpt-4-vicuna-7b;mmke-entity/paligemma-3b;mmke-entity/qwen2.5-vl-3b;mmke-entity/smolvlm-1.7b;mmke-visual/blip2-opt-2.7b;mmke-visual/instructblip-vicuna-7b;mmke-visual/minigpt-4-vicuna-7b;mmke-visual/paligemma-3b;mmke-visual/qwen2.5-vl-3b;mmke-visual/smolvlm-1.7b
recorded,old_norm_only,M_new_norm,3,16,False,21,74.48125,74.48125,0.0,71.94520833333334,0.0,0,16,0,0,0,0.0,0.0,0.0,0.3125,evqa-pilot500/blip2-opt-2.7b;evqa-pilot500/minigpt-4-vicuna-7b;evqa-pilot500/paligemma-3b;evqa-pilot500/qwen2.5-vl-3b;evqa-pilot500/smolvlm-1.7b;mmke-entity/blip2-opt-2.7b;mmke-entity/instructblip-vicuna-7b;mmke-entity/minigpt-4-vicuna-7b;mmke-entity/paligemma-3b;mmke-entity/qwen2.5-vl-3b;mmke-entity/smolvlm-1.7b;mmke-visual/blip2-opt-2.7b;mmke-visual/minigpt-4-vicuna-7b;mmke-visual/paligemma-3b;mmke-visual/qwen2.5-vl-3b;mmke-visual/smolvlm-1.7b
recorded,power_a0_b-1_g-1,M_abscos_x_newn,1,18,False,21,64.456,68.7178888888889,-4.2618888888888895,64.456,-4.2618888888888895,1,10,7,1,6,0.0,-70.81,1.0100000000000051,0.16666666666666666,evqa-pilot500/blip2-opt-2.7b;evqa-pilot500/instructblip-vicuna-7b;evqa-pilot500/llava-v1.5-7b;evqa-pilot500/minigpt-4-vicuna-7b;evqa-pilot500/qwen2.5-vl-3b;evqa-pilot500/smolvlm-1.7b;mmke-entity/blip2-opt-2.7b;mmke-entity/instructblip-vicuna-7b;mmke-entity/minigpt-4-vicuna-7b;mmke-entity/paligemma-3b;mmke-entity/qwen2.5-vl-3b;mmke-entity/smolvlm-1.7b;mmke-visual/blip2-opt-2.7b;mmke-visual/instructblip-vicuna-7b;mmke-visual/llava-v1.5-7b;mmke-visual/minigpt-4-vicuna-7b;mmke-visual/qwen2.5-vl-3b;mmke-visual/smolvlm-1.7b
recorded,power_a0_b-1_g-1,M_abscos_x_newn,3,17,False,21,70.71905882352941,70.87305882352942,-0.15400000000000097,66.86486274509804,-1.6761960784313734,2,11,4,2,3,0.0,-7.275999999999996,6.1640000000000015,0.35294117647058826,evqa-pilot500/blip2-opt-2.7b;evqa-pilot500/instructblip-vicuna-7b;evqa-pilot500/minigpt-4-vicuna-7b;evqa-pilot500/qwen2.5-vl-3b;evqa-pilot500/smolvlm-1.7b;mmke-entity/blip2-opt-2.7b;mmke-entity/instructblip-vicuna-7b;mmke-entity/minigpt-4-vicuna-7b;mmke-entity/paligemma-3b;mmke-entity/qwen2.5-vl-3b;mmke-entity/smolvlm-1.7b;mmke-visual/blip2-opt-2.7b;mmke-visual/instructblip-vicuna-7b;mmke-visual/llava-v1.5-7b;mmke-visual/minigpt-4-vicuna-7b;mmke-visual/qwen2.5-vl-3b;mmke-visual/smolvlm-1.7b
recorded,power_a0_b-1_g-1,M_new_norm,1,17,False,21,63.826470588235296,68.11329411764706,-4.286823529411765,63.826470588235296,-4.286823529411765,1,13,3,1,3,0.0,-70.81,1.0100000000000051,0.17647058823529413,evqa-pilot500/blip2-opt-2.7b;evqa-pilot500/instructblip-vicuna-7b;evqa-pilot500/llava-v1.5-7b;evqa-pilot500/minigpt-4-vicuna-7b;evqa-pilot500/qwen2.5-vl-3b;evqa-pilot500/smolvlm-1.7b;mmke-entity/blip2-opt-2.7b;mmke-entity/instructblip-vicuna-7b;mmke-entity/minigpt-4-vicuna-7b;mmke-entity/paligemma-3b;mmke-entity/qwen2.5-vl-3b;mmke-entity/smolvlm-1.7b;mmke-visual/blip2-opt-2.7b;mmke-visual/instructblip-vicuna-7b;mmke-visual/minigpt-4-vicuna-7b;mmke-visual/qwen2.5-vl-3b;mmke-visual/smolvlm-1.7b
recorded,power_a0_b-1_g-1,M_new_norm,3,15,False,21,71.39786666666667,71.88293333333334,-0.4850666666666664,67.24106666666667,-1.9939111111111112,0,14,1,0,1,0.0,-7.275999999999996,0.0,0.3333333333333333,evqa-pilot500/blip2-opt-2.7b;evqa-pilot500/minigpt-4-vicuna-7b;evqa-pilot500/qwen2.5-vl-3b;evqa-pilot500/smolvlm-1.7b;mmke-entity/blip2-opt-2.7b;mmke-entity/instructblip-vicuna-7b;mmke-entity/minigpt-4-vicuna-7b;mmke-entity/paligemma-3b;mmke-entity/qwen2.5-vl-3b;mmke-entity/smolvlm-1.7b;mmke-visual/blip2-opt-2.7b;mmke-visual/instructblip-vicuna-7b;mmke-visual/minigpt-4-vicuna-7b;mmke-visual/qwen2.5-vl-3b;mmke-visual/smolvlm-1.7b
recorded,power_a0_b-1_g0,M_abscos_x_newn,1,14,False,21,61.417857142857144,67.761,-6.343142857142857,61.417857142857144,-6.343142857142857,4,1,9,2,9,-1.9969999999999999,-43.77,17.50999999999999,0.07142857142857142,evqa-pilot500/blip2-opt-2.7b;evqa-pilot500/instructblip-vicuna-7b;evqa-pilot500/llava-v1.5-7b;evqa-pilot500/minigpt-4-vicuna-7b;evqa-pilot500/qwen2.5-vl-3b;evqa-pilot500/smolvlm-1.7b;mmke-entity/blip2-opt-2.7b;mmke-entity/instructblip-vicuna-7b;mmke-entity/minigpt-4-vicuna-7b;mmke-entity/paligemma-3b;mmke-visual/blip2-opt-2.7b;mmke-visual/instructblip-vicuna-7b;mmke-visual/minigpt-4-vicuna-7b;mmke-visual/smolvlm-1.7b
recorded,power_a0_b-1_g0,M_abscos_x_newn,3,8,False,21,70.9105,73.6675,-2.7570000000000023,66.79591666666667,-4.042583333333335,1,3,4,1,4,-0.3450000000000024,-21.660000000000004,12.129999999999995,0.25,evqa-pilot500/minigpt-4-vicuna-7b;evqa-pilot500/qwen2.5-vl-3b;evqa-pilot500/smolvlm-1.7b;mmke-entity/blip2-opt-2.7b;mmke-entity/instructblip-vicuna-7b;mmke-entity/minigpt-4-vicuna-7b;mmke-entity/paligemma-3b;mmke-visual/minigpt-4-vicuna-7b
recorded,power_a0_b-1_g0,M_new_norm,1,14,False,21,61.417857142857144,67.48685714285715,-6.069,61.417857142857144,-6.069,5,1,8,3,7,-1.5719999999999992,-43.77,19.239999999999995,0.07142857142857142,evqa-pilot500/blip2-opt-2.7b;evqa-pilot500/instructblip-vicuna-7b;evqa-pilot500/llava-v1.5-7b;evqa-pilot500/minigpt-4-vicuna-7b;evqa-pilot500/qwen2.5-vl-3b;evqa-pilot500/smolvlm-1.7b;mmke-entity/blip2-opt-2.7b;mmke-entity/instructblip-vicuna-7b;mmke-entity/minigpt-4-vicuna-7b;mmke-entity/paligemma-3b;mmke-visual/blip2-opt-2.7b;mmke-visual/instructblip-vicuna-7b;mmke-visual/minigpt-4-vicuna-7b;mmke-visual/smolvlm-1.7b
recorded,power_a0_b-1_g0,M_new_norm,3,8,False,21,70.9105,74.17475,-3.2642500000000005,66.79591666666667,-4.164416666666666,3,3,2,1,2,0.0,-21.660000000000004,5.965999999999994,0.25,evqa-pilot500/minigpt-4-vicuna-7b;evqa-pilot500/qwen2.5-vl-3b;evqa-pilot500/smolvlm-1.7b;mmke-entity/blip2-opt-2.7b;mmke-entity/instructblip-vicuna-7b;mmke-entity/minigpt-4-vicuna-7b;mmke-entity/paligemma-3b;mmke-visual/minigpt-4-vicuna-7b
recorded,power_a0_b-1_g0.5,M_abscos_x_newn,1,13,False,21,60.41615384615385,68.78338461538462,-8.367230769230769,60.41615384615385,-8.367230769230769,3,0,10,2,10,-3.2479999999999976,-43.77,5.280000000000001,0,evqa-pilot500/blip2-opt-2.7b;evqa-pilot500/llava-v1.5-7b;evqa-pilot500/minigpt-4-vicuna-7b;evqa-pilot500/qwen2.5-vl-3b;evqa-pilot500/smolvlm-1.7b;mmke-entity/blip2-opt-2.7b;mmke-entity/instructblip-vicuna-7b;mmke-entity/minigpt-4-vicuna-7b;mmke-entity/paligemma-3b;mmke-visual/blip2-opt-2.7b;mmke-visual/instructblip-vicuna-7b;mmke-visual/minigpt-4-vicuna-7b;mmke-visual/smolvlm-1.7b
recorded,power_a0_b-1_g0.5,M_abscos_x_newn,3,3,False,21,60.290000000000006,71.73,-11.44,59.788222222222224,-7.773333333333331,0,1,2,0,2,-12.659999999999997,-21.660000000000004,0.0,0,evqa-pilot500/smolvlm-1.7b;mmke-entity/instructblip-vicuna-7b;mmke-entity/minigpt-4-vicuna-7b
recorded,power_a0_b-1_g0.5,M_new_norm,1,13,False,21,60.41615384615385,68.48815384615385,-8.072,60.41615384615385,-8.072,3,0,10,3,9,-3.2479999999999976,-43.77,5.280000000000001,0,evqa-pilot500/blip2-opt-2.7b;evqa-pilot500/llava-v1.5-7b;evqa-pilot500/minigpt-4-vicuna-7b;evqa-pilot500/qwen2.5-vl-3b;evqa-pilot500/smolvlm-1.7b;mmke-entity/blip2-opt-2.7b;mmke-entity/instructblip-vicuna-7b;mmke-entity/minigpt-4-vicuna-7b;mmke-entity/paligemma-3b;mmke-visual/blip2-opt-2.7b;mmke-visual/instructblip-vicuna-7b;mmke-visual/minigpt-4-vicuna-7b;mmke-visual/smolvlm-1.7b
recorded,power_a0_b-1_g0.5,M_new_norm,3,3,False,21,60.290000000000006,71.56666666666666,-11.276666666666664,59.788222222222224,-7.6248888888888855,1,0,2,0,2,-12.659999999999997,-21.660000000000004,0.4900000000000091,0,evqa-pilot500/smolvlm-1.7b;mmke-entity/instructblip-vicuna-7b;mmke-entity/minigpt-4-vicuna-7b
recorded,power_a0_b-1_g1,M_abscos_x_newn,1,10,False,21,59.143,69.4302,-10.2872,59.143,-10.2872,3,0,7,2,7,-4.359999999999999,-43.77,5.280000000000001,0,evqa-pilot500/blip2-opt-2.7b;evqa-pilot500/llava-v1.5-7b;evqa-pilot500/smolvlm-1.7b;mmke-entity/blip2-opt-2.7b;mmke-entity/instructblip-vicuna-7b;mmke-entity/minigpt-4-vicuna-7b;mmke-entity/paligemma-3b;mmke-visual/blip2-opt-2.7b;mmke-visual/instructblip-vicuna-7b;mmke-visual/smolvlm-1.7b
recorded,power_a0_b-1_g1,M_abscos_x_newn,3,2,False,21,52.335,69.575,-17.240000000000002,51.75833333333333,-11.686666666666664,0,0,2,0,2,-17.240000000000002,-21.660000000000004,-12.82,0,evqa-pilot500/smolvlm-1.7b;mmke-entity/instructblip-vicuna-7b
recorded,power_a0_b-1_g1,M_new_norm,1,10,False,21,59.143,69.3814,-10.2384,59.143,-10.2384,3,0,7,3,7,-4.359999999999999,-43.77,5.280000000000001,0,evqa-pilot500/blip2-opt-2.7b;evqa-pilot500/llava-v1.5-7b;evqa-pilot500/smolvlm-1.7b;mmke-entity/blip2-opt-2.7b;mmke-entity/instructblip-vicuna-7b;mmke-entity/minigpt-4-vicuna-7b;mmke-entity/paligemma-3b;mmke-visual/blip2-opt-2.7b;mmke-visual/instructblip-vicuna-7b;mmke-visual/smolvlm-1.7b
recorded,power_a0_b-1_g1,M_new_norm,3,2,False,21,52.335,69.575,-17.240000000000002,51.75833333333333,-11.686666666666664,0,0,2,0,2,-17.240000000000002,-21.660000000000004,-12.82,0,evqa-pilot500/smolvlm-1.7b;mmke-entity/instructblip-vicuna-7b
recorded,power_a0_b-1_g2,M_abscos_x_newn,1,8,False,21,56.905,67.04975,-10.14475,56.905,-10.14475,2,0,6,2,6,-3.883999999999997,-43.77,5.280000000000001,0,evqa-pilot500/blip2-opt-2.7b;evqa-pilot500/llava-v1.5-7b;evqa-pilot500/minigpt-4-vicuna-7b;evqa-pilot500/smolvlm-1.7b;mmke-entity/blip2-opt-2.7b;mmke-entity/instructblip-vicuna-7b;mmke-entity/paligemma-3b;mmke-visual/blip2-opt-2.7b
recorded,power_a0_b-1_g2,M_abscos_x_newn,3,2,False,21,52.045,69.575,-17.530000000000005,51.584999999999994,-11.86,0,0,2,0,2,-17.530000000000005,-22.24000000000001,-12.82,0,evqa-pilot500/smolvlm-1.7b;mmke-entity/instructblip-vicuna-7b
recorded,power_a0_b-1_g2,M_new_norm,1,8,False,21,56.905,66.8335,-9.9285,56.905,-9.9285,3,0,5,2,5,-3.883999999999997,-43.77,5.280000000000001,0,evqa-pilot500/blip2-opt-2.7b;evqa-pilot500/llava-v1.5-7b;evqa-pilot500/minigpt-4-vicuna-7b;evqa-pilot500/smolvlm-1.7b;mmke-entity/blip2-opt-2.7b;mmke-entity/instructblip-vicuna-7b;mmke-entity/paligemma-3b;mmke-visual/blip2-opt-2.7b
recorded,power_a0_b-1_g2,M_new_norm,3,2,False,21,52.045,69.575,-17.530000000000005,51.584999999999994,-11.86,0,0,2,0,2,-17.530000000000005,-22.24000000000001,-12.82,0,evqa-pilot500/smolvlm-1.7b;mmke-entity/instructblip-vicuna-7b
recorded,power_a0_b-0.5_g-1,M_abscos_x_newn,1,18,False,21,64.456,68.7178888888889,-4.2618888888888895,64.456,-4.2618888888888895,1,10,7,1,6,0.0,-70.81,1.0100000000000051,0.16666666666666666,evqa-pilot500/blip2-opt-2.7b;evqa-pilot500/instructblip-vicuna-7b;evqa-pilot500/llava-v1.5-7b;evqa-pilot500/minigpt-4-vicuna-7b;evqa-pilot500/qwen2.5-vl-3b;evqa-pilot500/smolvlm-1.7b;mmke-entity/blip2-opt-2.7b;mmke-entity/instructblip-vicuna-7b;mmke-entity/minigpt-4-vicuna-7b;mmke-entity/paligemma-3b;mmke-entity/qwen2.5-vl-3b;mmke-entity/smolvlm-1.7b;mmke-visual/blip2-opt-2.7b;mmke-visual/instructblip-vicuna-7b;mmke-visual/llava-v1.5-7b;mmke-visual/minigpt-4-vicuna-7b;mmke-visual/qwen2.5-vl-3b;mmke-visual/smolvlm-1.7b
recorded,power_a0_b-0.5_g-1,M_abscos_x_newn,3,17,False,21,70.71905882352941,70.87305882352942,-0.15400000000000097,66.86486274509804,-1.6761960784313734,2,11,4,2,3,0.0,-7.275999999999996,6.1640000000000015,0.35294117647058826,evqa-pilot500/blip2-opt-2.7b;evqa-pilot500/instructblip-vicuna-7b;evqa-pilot500/minigpt-4-vicuna-7b;evqa-pilot500/qwen2.5-vl-3b;evqa-pilot500/smolvlm-1.7b;mmke-entity/blip2-opt-2.7b;mmke-entity/instructblip-vicuna-7b;mmke-entity/minigpt-4-vicuna-7b;mmke-entity/paligemma-3b;mmke-entity/qwen2.5-vl-3b;mmke-entity/smolvlm-1.7b;mmke-visual/blip2-opt-2.7b;mmke-visual/instructblip-vicuna-7b;mmke-visual/llava-v1.5-7b;mmke-visual/minigpt-4-vicuna-7b;mmke-visual/qwen2.5-vl-3b;mmke-visual/smolvlm-1.7b
recorded,power_a0_b-0.5_g-1,M_new_norm,1,17,False,21,63.826470588235296,68.11329411764706,-4.286823529411765,63.826470588235296,-4.286823529411765,1,13,3,1,3,0.0,-70.81,1.0100000000000051,0.17647058823529413,evqa-pilot500/blip2-opt-2.7b;evqa-pilot500/instructblip-vicuna-7b;evqa-pilot500/llava-v1.5-7b;evqa-pilot500/minigpt-4-vicuna-7b;evqa-pilot500/qwen2.5-vl-3b;evqa-pilot500/smolvlm-1.7b;mmke-entity/blip2-opt-2.7b;mmke-entity/instructblip-vicuna-7b;mmke-entity/minigpt-4-vicuna-7b;mmke-entity/paligemma-3b;mmke-entity/qwen2.5-vl-3b;mmke-entity/smolvlm-1.7b;mmke-visual/blip2-opt-2.7b;mmke-visual/instructblip-vicuna-7b;mmke-visual/minigpt-4-vicuna-7b;mmke-visual/qwen2.5-vl-3b;mmke-visual/smolvlm-1.7b
recorded,power_a0_b-0.5_g-1,M_new_norm,3,15,False,21,71.39786666666667,71.88293333333334,-0.4850666666666664,67.24106666666667,-1.9939111111111112,0,14,1,0,1,0.0,-7.275999999999996,0.0,0.3333333333333333,evqa-pilot500/blip2-opt-2.7b;evqa-pilot500/minigpt-4-vicuna-7b;evqa-pilot500/qwen2.5-vl-3b;evqa-pilot500/smolvlm-1.7b;mmke-entity/blip2-opt-2.7b;mmke-entity/instructblip-vicuna-7b;mmke-entity/minigpt-4-vicuna-7b;mmke-entity/paligemma-3b;mmke-entity/qwen2.5-vl-3b;mmke-entity/smolvlm-1.7b;mmke-visual/blip2-opt-2.7b;mmke-visual/instructblip-vicuna-7b;mmke-visual/minigpt-4-vicuna-7b;mmke-visual/qwen2.5-vl-3b;mmke-visual/smolvlm-1.7b
recorded,power_a0_b-0.5_g0,M_abscos_x_newn,1,20,False,21,69.2414,70.6836,-1.4422000000000004,69.2414,-1.4422000000000004,1,14,5,1,4,0.0,-19.160000000000004,11.543999999999997,0.15,evqa-pilot500/blip2-opt-2.7b;evqa-pilot500/instructblip-vicuna-7b;evqa-pilot500/llava-v1.5-7b;evqa-pilot500/minigpt-4-vicuna-7b;evqa-pilot500/paligemma-3b;evqa-pilot500/qwen2.5-vl-3b;evqa-pilot500/smolvlm-1.7b;mmke-entity/blip2-opt-2.7b;mmke-entity/instructblip-vicuna-7b;mmke-entity/minigpt-4-vicuna-7b;mmke-entity/paligemma-3b;mmke-entity/qwen2.5-vl-3b;mmke-entity/smolvlm-1.7b;mmke-visual/blip2-opt-2.7b;mmke-visual/instructblip-vicuna-7b;mmke-visual/llava-v1.5-7b;mmke-visual/minigpt-4-vicuna-7b;mmke-visual/paligemma-3b;mmke-visual/qwen2.5-vl-3b;mmke-visual/smolvlm-1.7b
recorded,power_a0_b-0.5_g0,M_abscos_x_newn,3,17,False,21,73.10941176470588,74.05482352941176,-0.9454117647058837,70.66901960784314,-0.7658039215686288,1,12,4,1,3,0.0,-20.13000000000001,6.1640000000000015,0.29411764705882354,evqa-pilot500/blip2-opt-2.7b;evqa-pilot500/minigpt-4-vicuna-7b;evqa-pilot500/paligemma-3b;evqa-pilot500/qwen2.5-vl-3b;evqa-pilot500/smolvlm-1.7b;mmke-entity/blip2-opt-2.7b;mmke-entity/instructblip-vicuna-7b;mmke-entity/minigpt-4-vicuna-7b;mmke-entity/paligemma-3b;mmke-entity/qwen2.5-vl-3b;mmke-entity/smolvlm-1.7b;mmke-visual/blip2-opt-2.7b;mmke-visual/instructblip-vicuna-7b;mmke-visual/minigpt-4-vicuna-7b;mmke-visual/paligemma-3b;mmke-visual/qwen2.5-vl-3b;mmke-visual/smolvlm-1.7b
recorded,power_a0_b-0.5_g0,M_new_norm,1,19,False,21,68.92999999999999,70.26957894736842,-1.3395789473684214,68.92999999999999,-1.3395789473684214,1,15,3,1,2,0.0,-19.160000000000004,13.274000000000001,0.15789473684210525,evqa-pilot500/blip2-opt-2.7b;evqa-pilot500/instructblip-vicuna-7b;evqa-pilot500/llava-v1.5-7b;evqa-pilot500/minigpt-4-vicuna-7b;evqa-pilot500/paligemma-3b;evqa-pilot500/qwen2.5-vl-3b;evqa-pilot500/smolvlm-1.7b;mmke-entity/blip2-opt-2.7b;mmke-entity/instructblip-vicuna-7b;mmke-entity/minigpt-4-vicuna-7b;mmke-entity/paligemma-3b;mmke-entity/qwen2.5-vl-3b;mmke-entity/smolvlm-1.7b;mmke-visual/blip2-opt-2.7b;mmke-visual/instructblip-vicuna-7b;mmke-visual/minigpt-4-vicuna-7b;mmke-visual/paligemma-3b;mmke-visual/qwen2.5-vl-3b;mmke-visual/smolvlm-1.7b
recorded,power_a0_b-0.5_g0,M_new_norm,3,17,False,21,73.10941176470588,74.29352941176471,-1.1841176470588242,70.66901960784314,-0.8231372549019611,0,16,1,0,1,0.0,-20.13000000000001,0.0,0.29411764705882354,evqa-pilot500/blip2-opt-2.7b;evqa-pilot500/minigpt-4-vicuna-7b;evqa-pilot500/paligemma-3b;evqa-pilot500/qwen2.5-vl-3b;evqa-pilot500/smolvlm-1.7b;mmke-entity/blip2-opt-2.7b;mmke-entity/instructblip-vicuna-7b;mmke-entity/minigpt-4-vicuna-7b;mmke-entity/paligemma-3b;mmke-entity/qwen2.5-vl-3b;mmke-entity/smolvlm-1.7b;mmke-visual/blip2-opt-2.7b;mmke-visual/instructblip-vicuna-7b;mmke-visual/minigpt-4-vicuna-7b;mmke-visual/paligemma-3b;mmke-visual/qwen2.5-vl-3b;mmke-visual/smolvlm-1.7b
recorded,power_a0_b-0.5_g0.5,M_abscos_x_newn,1,16,False,21,70.631875,71.685875,-1.0540000000000003,70.631875,-1.0540000000000003,6,2,8,5,7,-0.09500000000000242,-22.24000000000001,14.88000000000001,0.0625,evqa-pilot500/blip2-opt-2.7b;evqa-pilot500/minigpt-4-vicuna-7b;evqa-pilot500/paligemma-3b;evqa-pilot500/qwen2.5-vl-3b;evqa-pilot500/smolvlm-1.7b;mmke-entity/blip2-opt-2.7b;mmke-entity/instructblip-vicuna-7b;mmke-entity/minigpt-4-vicuna-7b;mmke-entity/paligemma-3b;mmke-entity/qwen2.5-vl-3b;mmke-entity/smolvlm-1.7b;mmke-visual/blip2-opt-2.7b;mmke-visual/instructblip-vicuna-7b;mmke-visual/paligemma-3b;mmke-visual/qwen2.5-vl-3b;mmke-visual/smolvlm-1.7b
recorded,power_a0_b-0.5_g0.5,M_abscos_x_newn,3,11,False,21,71.79854545454545,74.9710909090909,-3.172545454545457,70.56236363636363,-1.2012727272727317,1,3,7,1,5,-0.26400000000001,-21.60000000000001,16.685999999999993,0,evqa-pilot500/blip2-opt-2.7b;evqa-pilot500/minigpt-4-vicuna-7b;evqa-pilot500/paligemma-3b;evqa-pilot500/qwen2.5-vl-3b;mmke-entity/blip2-opt-2.7b;mmke-entity/instructblip-vicuna-7b;mmke-entity/paligemma-3b;mmke-entity/qwen2.5-vl-3b;mmke-visual/instructblip-vicuna-7b;mmke-visual/paligemma-3b;mmke-visual/smolvlm-1.7b
recorded,power_a0_b-0.5_g0.5,M_new_norm,1,16,False,21,70.631875,71.522,-0.8901249999999998,70.631875,-0.8901249999999998,7,1,8,6,6,-0.17799999999999727,-22.24000000000001,14.88000000000001,0.0625,evqa-pilot500/blip2-opt-2.7b;evqa-pilot500/minigpt-4-vicuna-7b;evqa-pilot500/paligemma-3b;evqa-pilot500/qwen2.5-vl-3b;evqa-pilot500/smolvlm-1.7b;mmke-entity/blip2-opt-2.7b;mmke-entity/instructblip-vicuna-7b;mmke-entity/minigpt-4-vicuna-7b;mmke-entity/paligemma-3b;mmke-entity/qwen2.5-vl-3b;mmke-entity/smolvlm-1.7b;mmke-visual/blip2-opt-2.7b;mmke-visual/instructblip-vicuna-7b;mmke-visual/paligemma-3b;mmke-visual/qwen2.5-vl-3b;mmke-visual/smolvlm-1.7b
recorded,power_a0_b-0.5_g0.5,M_new_norm,3,11,False,21,71.79854545454545,75.45418181818182,-3.6556363636363667,70.56236363636363,-1.4013333333333373,2,2,7,2,6,-0.5900000000000034,-21.60000000000001,16.685999999999993,0,evqa-pilot500/blip2-opt-2.7b;evqa-pilot500/minigpt-4-vicuna-7b;evqa-pilot500/paligemma-3b;evqa-pilot500/qwen2.5-vl-3b;mmke-entity/blip2-opt-2.7b;mmke-entity/instructblip-vicuna-7b;mmke-entity/paligemma-3b;mmke-entity/qwen2.5-vl-3b;mmke-visual/instructblip-vicuna-7b;mmke-visual/paligemma-3b;mmke-visual/smolvlm-1.7b
recorded,power_a0_b-0.5_g1,M_abscos_x_newn,1,15,False,21,70.4692,73.02173333333333,-2.5525333333333324,70.4692,-2.5525333333333324,2,1,12,1,11,-1.0060000000000002,-22.24000000000001,17.439999999999998,0.06666666666666667,evqa-pilot500/blip2-opt-2.7b;evqa-pilot500/minigpt-4-vicuna-7b;evqa-pilot500/paligemma-3b;evqa-pilot500/qwen2.5-vl-3b;evqa-pilot500/smolvlm-1.7b;mmke-entity/instructblip-vicuna-7b;mmke-entity/minigpt-4-vicuna-7b;mmke-entity/paligemma-3b;mmke-entity/qwen2.5-vl-3b;mmke-entity/smolvlm-1.7b;mmke-visual/instructblip-vicuna-7b;mmke-visual/minigpt-4-vicuna-7b;mmke-visual/paligemma-3b;mmke-visual/qwen2.5-vl-3b;mmke-visual/smolvlm-1.7b
recorded,power_a0_b-0.5_g1,M_abscos_x_newn,3,14,False,21,72.475,75.11557142857143,-2.6405714285714295,70.25461904761904,-2.333095238095241,3,1,10,2,8,-0.740000000000002,-21.60000000000001,17.093999999999994,0.14285714285714285,evqa-pilot500/blip2-opt-2.7b;evqa-pilot500/paligemma-3b;evqa-pilot500/qwen2.5-vl-3b;evqa-pilot500/smolvlm-1.7b;mmke-entity/instructblip-vicuna-7b;mmke-entity/minigpt-4-vicuna-7b;mmke-entity/paligemma-3b;mmke-entity/qwen2.5-vl-3b;mmke-entity/smolvlm-1.7b;mmke-visual/instructblip-vicuna-7b;mmke-visual/minigpt-4-vicuna-7b;mmke-visual/paligemma-3b;mmke-visual/qwen2.5-vl-3b;mmke-visual/smolvlm-1.7b
recorded,power_a0_b-0.5_g1,M_new_norm,1,15,False,21,70.4692,72.7956,-2.326399999999999,70.4692,-2.326399999999999,4,0,11,2,11,-0.9200000000000017,-22.24000000000001,17.439999999999998,0.06666666666666667,evqa-pilot500/blip2-opt-2.7b;evqa-pilot500/minigpt-4-vicuna-7b;evqa-pilot500/paligemma-3b;evqa-pilot500/qwen2.5-vl-3b;evqa-pilot500/smolvlm-1.7b;mmke-entity/instructblip-vicuna-7b;mmke-entity/minigpt-4-vicuna-7b;mmke-entity/paligemma-3b;mmke-entity/qwen2.5-vl-3b;mmke-entity/smolvlm-1.7b;mmke-visual/instructblip-vicuna-7b;mmke-visual/minigpt-4-vicuna-7b;mmke-visual/paligemma-3b;mmke-visual/qwen2.5-vl-3b;mmke-visual/smolvlm-1.7b
recorded,power_a0_b-0.5_g1,M_new_norm,3,14,False,21,72.475,74.96514285714285,-2.4901428571428568,70.25461904761904,-2.1752857142857165,5,0,9,3,8,-0.740000000000002,-21.60000000000001,17.093999999999994,0.14285714285714285,evqa-pilot500/blip2-opt-2.7b;evqa-pilot500/paligemma-3b;evqa-pilot500/qwen2.5-vl-3b;evqa-pilot500/smolvlm-1.7b;mmke-entity/instructblip-vicuna-7b;mmke-entity/minigpt-4-vicuna-7b;mmke-entity/paligemma-3b;mmke-entity/qwen2.5-vl-3b;mmke-entity/smolvlm-1.7b;mmke-visual/instructblip-vicuna-7b;mmke-visual/minigpt-4-vicuna-7b;mmke-visual/paligemma-3b;mmke-visual/qwen2.5-vl-3b;mmke-visual/smolvlm-1.7b
recorded,power_a0_b-0.5_g2,M_abscos_x_newn,1,18,False,21,63.36066666666667,71.7118888888889,-8.351222222222221,63.36066666666667,-8.351222222222221,4,0,14,2,14,-2.2449999999999974,-43.77,5.060000000000002,0.05555555555555555,evqa-pilot500/blip2-opt-2.7b;evqa-pilot500/instructblip-vicuna-7b;evqa-pilot500/minigpt-4-vicuna-7b;evqa-pilot500/paligemma-3b;evqa-pilot500/qwen2.5-vl-3b;evqa-pilot500/smolvlm-1.7b;mmke-entity/blip2-opt-2.7b;mmke-entity/instructblip-vicuna-7b;mmke-entity/minigpt-4-vicuna-7b;mmke-entity/paligemma-3b;mmke-entity/qwen2.5-vl-3b;mmke-entity/smolvlm-1.7b;mmke-visual/instructblip-vicuna-7b;mmke-visual/llava-v1.5-7b;mmke-visual/minigpt-4-vicuna-7b;mmke-visual/paligemma-3b;mmke-visual/qwen2.5-vl-3b;mmke-visual/smolvlm-1.7b
recorded,power_a0_b-0.5_g2,M_abscos_x_newn,3,10,False,21,74.016,77.5362,-3.5202000000000004,69.13886666666667,-5.926,3,0,7,0,7,-1.4849999999999994,-21.660000000000004,0.3499999999999943,0.1,evqa-pilot500/paligemma-3b;evqa-pilot500/qwen2.5-vl-3b;evqa-pilot500/smolvlm-1.7b;mmke-entity/instructblip-vicuna-7b;mmke-entity/paligemma-3b;mmke-entity/qwen2.5-vl-3b;mmke-entity/smolvlm-1.7b;mmke-visual/minigpt-4-vicuna-7b;mmke-visual/paligemma-3b;mmke-visual/smolvlm-1.7b
recorded,power_a0_b-0.5_g2,M_new_norm,1,17,False,21,62.71152941176471,71.30964705882353,-8.598117647058823,62.71152941176471,-8.598117647058823,4,0,13,3,13,-2.1999999999999957,-43.77,5.060000000000002,0.058823529411764705,evqa-pilot500/blip2-opt-2.7b;evqa-pilot500/instructblip-vicuna-7b;evqa-pilot500/minigpt-4-vicuna-7b;evqa-pilot500/paligemma-3b;evqa-pilot500/qwen2.5-vl-3b;evqa-pilot500/smolvlm-1.7b;mmke-entity/blip2-opt-2.7b;mmke-entity/instructblip-vicuna-7b;mmke-entity/minigpt-4-vicuna-7b;mmke-entity/paligemma-3b;mmke-entity/qwen2.5-vl-3b;mmke-entity/smolvlm-1.7b;mmke-visual/instructblip-vicuna-7b;mmke-visual/minigpt-4-vicuna-7b;mmke-visual/paligemma-3b;mmke-visual/qwen2.5-vl-3b;mmke-visual/smolvlm-1.7b
recorded,power_a0_b-0.5_g2,M_new_norm,3,10,False,21,74.016,77.3746,-3.3586,69.13886666666667,-5.749599999999999,3,0,7,0,6,-1.124999999999993,-21.660000000000004,0.3499999999999943,0.1,evqa-pilot500/paligemma-3b;evqa-pilot500/qwen2.5-vl-3b;evqa-pilot500/smolvlm-1.7b;mmke-entity/instructblip-vicuna-7b;mmke-entity/paligemma-3b;mmke-entity/qwen2.5-vl-3b;mmke-entity/smolvlm-1.7b;mmke-visual/minigpt-4-vicuna-7b;mmke-visual/paligemma-3b;mmke-visual/smolvlm-1.7b
recorded,power_a0_b0_g-1,M_abscos_x_newn,1,18,False,21,64.456,68.7178888888889,-4.2618888888888895,64.456,-4.2618888888888895,1,10,7,1,6,0.0,-70.81,1.0100000000000051,0.16666666666666666,evqa-pilot500/blip2-opt-2.7b;evqa-pilot500/instructblip-vicuna-7b;evqa-pilot500/llava-v1.5-7b;evqa-pilot500/minigpt-4-vicuna-7b;evqa-pilot500/qwen2.5-vl-3b;evqa-pilot500/smolvlm-1.7b;mmke-entity/blip2-opt-2.7b;mmke-entity/instructblip-vicuna-7b;mmke-entity/minigpt-4-vicuna-7b;mmke-entity/paligemma-3b;mmke-entity/qwen2.5-vl-3b;mmke-entity/smolvlm-1.7b;mmke-visual/blip2-opt-2.7b;mmke-visual/instructblip-vicuna-7b;mmke-visual/llava-v1.5-7b;mmke-visual/minigpt-4-vicuna-7b;mmke-visual/qwen2.5-vl-3b;mmke-visual/smolvlm-1.7b
recorded,power_a0_b0_g-1,M_abscos_x_newn,3,17,False,21,70.71905882352941,70.87305882352942,-0.15400000000000097,66.86486274509804,-1.6761960784313734,2,11,4,2,3,0.0,-7.275999999999996,6.1640000000000015,0.35294117647058826,evqa-pilot500/blip2-opt-2.7b;evqa-pilot500/instructblip-vicuna-7b;evqa-pilot500/minigpt-4-vicuna-7b;evqa-pilot500/qwen2.5-vl-3b;evqa-pilot500/smolvlm-1.7b;mmke-entity/blip2-opt-2.7b;mmke-entity/instructblip-vicuna-7b;mmke-entity/minigpt-4-vicuna-7b;mmke-entity/paligemma-3b;mmke-entity/qwen2.5-vl-3b;mmke-entity/smolvlm-1.7b;mmke-visual/blip2-opt-2.7b;mmke-visual/instructblip-vicuna-7b;mmke-visual/llava-v1.5-7b;mmke-visual/minigpt-4-vicuna-7b;mmke-visual/qwen2.5-vl-3b;mmke-visual/smolvlm-1.7b
recorded,power_a0_b0_g-1,M_new_norm,1,17,False,21,63.826470588235296,68.11329411764706,-4.286823529411765,63.826470588235296,-4.286823529411765,1,13,3,1,3,0.0,-70.81,1.0100000000000051,0.17647058823529413,evqa-pilot500/blip2-opt-2.7b;evqa-pilot500/instructblip-vicuna-7b;evqa-pilot500/llava-v1.5-7b;evqa-pilot500/minigpt-4-vicuna-7b;evqa-pilot500/qwen2.5-vl-3b;evqa-pilot500/smolvlm-1.7b;mmke-entity/blip2-opt-2.7b;mmke-entity/instructblip-vicuna-7b;mmke-entity/minigpt-4-vicuna-7b;mmke-entity/paligemma-3b;mmke-entity/qwen2.5-vl-3b;mmke-entity/smolvlm-1.7b;mmke-visual/blip2-opt-2.7b;mmke-visual/instructblip-vicuna-7b;mmke-visual/minigpt-4-vicuna-7b;mmke-visual/qwen2.5-vl-3b;mmke-visual/smolvlm-1.7b
recorded,power_a0_b0_g-1,M_new_norm,3,15,False,21,71.39786666666667,71.88293333333334,-0.4850666666666664,67.24106666666667,-1.9939111111111112,0,14,1,0,1,0.0,-7.275999999999996,0.0,0.3333333333333333,evqa-pilot500/blip2-opt-2.7b;evqa-pilot500/minigpt-4-vicuna-7b;evqa-pilot500/qwen2.5-vl-3b;evqa-pilot500/smolvlm-1.7b;mmke-entity/blip2-opt-2.7b;mmke-entity/instructblip-vicuna-7b;mmke-entity/minigpt-4-vicuna-7b;mmke-entity/paligemma-3b;mmke-entity/qwen2.5-vl-3b;mmke-entity/smolvlm-1.7b;mmke-visual/blip2-opt-2.7b;mmke-visual/instructblip-vicuna-7b;mmke-visual/minigpt-4-vicuna-7b;mmke-visual/qwen2.5-vl-3b;mmke-visual/smolvlm-1.7b
recorded,power_a0_b0_g0,M_abscos_x_newn,1,19,False,21,70.26957894736842,70.4481052631579,-0.17852631578947384,70.26957894736842,-0.17852631578947384,1,14,4,0,3,0.0,-1.730000000000004,0.44599999999999795,0.21052631578947367,evqa-pilot500/blip2-opt-2.7b;evqa-pilot500/instructblip-vicuna-7b;evqa-pilot500/llava-v1.5-7b;evqa-pilot500/minigpt-4-vicuna-7b;evqa-pilot500/paligemma-3b;evqa-pilot500/qwen2.5-vl-3b;evqa-pilot500/smolvlm-1.7b;mmke-entity/blip2-opt-2.7b;mmke-entity/instructblip-vicuna-7b;mmke-entity/minigpt-4-vicuna-7b;mmke-entity/paligemma-3b;mmke-entity/qwen2.5-vl-3b;mmke-entity/smolvlm-1.7b;mmke-visual/blip2-opt-2.7b;mmke-visual/instructblip-vicuna-7b;mmke-visual/minigpt-4-vicuna-7b;mmke-visual/paligemma-3b;mmke-visual/qwen2.5-vl-3b;mmke-visual/smolvlm-1.7b
recorded,power_a0_b0_g0,M_abscos_x_newn,3,17,False,21,74.29352941176471,74.05482352941176,0.23870588235294032,71.4921568627451,0.05733333333333235,1,13,3,1,2,0.0,-0.8500000000000014,6.1640000000000015,0.35294117647058826,evqa-pilot500/blip2-opt-2.7b;evqa-pilot500/minigpt-4-vicuna-7b;evqa-pilot500/paligemma-3b;evqa-pilot500/qwen2.5-vl-3b;evqa-pilot500/smolvlm-1.7b;mmke-entity/blip2-opt-2.7b;mmke-entity/instructblip-vicuna-7b;mmke-entity/minigpt-4-vicuna-7b;mmke-entity/paligemma-3b;mmke-entity/qwen2.5-vl-3b;mmke-entity/smolvlm-1.7b;mmke-visual/blip2-opt-2.7b;mmke-visual/instructblip-vicuna-7b;mmke-visual/minigpt-4-vicuna-7b;mmke-visual/paligemma-3b;mmke-visual/qwen2.5-vl-3b;mmke-visual/smolvlm-1.7b
recorded,power_a0_b0_g0,M_new_norm,1,19,False,21,70.26957894736842,70.26957894736842,0.0,70.26957894736842,0.0,0,19,0,0,0,0.0,0.0,0.0,0.21052631578947367,evqa-pilot500/blip2-opt-2.7b;evqa-pilot500/instructblip-vicuna-7b;evqa-pilot500/llava-v1.5-7b;evqa-pilot500/minigpt-4-vicuna-7b;evqa-pilot500/paligemma-3b;evqa-pilot500/qwen2.5-vl-3b;evqa-pilot500/smolvlm-1.7b;mmke-entity/blip2-opt-2.7b;mmke-entity/instructblip-vicuna-7b;mmke-entity/minigpt-4-vicuna-7b;mmke-entity/paligemma-3b;mmke-entity/qwen2.5-vl-3b;mmke-entity/smolvlm-1.7b;mmke-visual/blip2-opt-2.7b;mmke-visual/instructblip-vicuna-7b;mmke-visual/minigpt-4-vicuna-7b;mmke-visual/paligemma-3b;mmke-visual/qwen2.5-vl-3b;mmke-visual/smolvlm-1.7b
recorded,power_a0_b0_g0,M_new_norm,3,17,False,21,74.29352941176471,74.29352941176471,0.0,71.4921568627451,0.0,0,17,0,0,0,0.0,0.0,0.0,0.35294117647058826,evqa-pilot500/blip2-opt-2.7b;evqa-pilot500/minigpt-4-vicuna-7b;evqa-pilot500/paligemma-3b;evqa-pilot500/qwen2.5-vl-3b;evqa-pilot500/smolvlm-1.7b;mmke-entity/blip2-opt-2.7b;mmke-entity/instructblip-vicuna-7b;mmke-entity/minigpt-4-vicuna-7b;mmke-entity/paligemma-3b;mmke-entity/qwen2.5-vl-3b;mmke-entity/smolvlm-1.7b;mmke-visual/blip2-opt-2.7b;mmke-visual/instructblip-vicuna-7b;mmke-visual/minigpt-4-vicuna-7b;mmke-visual/paligemma-3b;mmke-visual/qwen2.5-vl-3b;mmke-visual/smolvlm-1.7b
recorded,power_a0_b0_g0.5,M_abscos_x_newn,1,15,False,21,68.80760000000001,70.57253333333334,-1.7649333333333326,68.80760000000001,-1.7649333333333326,4,5,6,4,5,0.0,-20.540000000000006,14.930000000000007,0,evqa-pilot500/blip2-opt-2.7b;evqa-pilot500/instructblip-vicuna-7b;evqa-pilot500/minigpt-4-vicuna-7b;evqa-pilot500/paligemma-3b;evqa-pilot500/qwen2.5-vl-3b;mmke-entity/blip2-opt-2.7b;mmke-entity/instructblip-vicuna-7b;mmke-entity/paligemma-3b;mmke-entity/smolvlm-1.7b;mmke-visual/blip2-opt-2.7b;mmke-visual/instructblip-vicuna-7b;mmke-visual/llava-v1.5-7b;mmke-visual/paligemma-3b;mmke-visual/qwen2.5-vl-3b;mmke-visual/smolvlm-1.7b
recorded,power_a0_b0_g0.5,M_abscos_x_newn,3,7,False,21,79.36914285714286,80.45457142857143,-1.0854285714285743,77.51457142857143,-0.5135238095238098,1,3,3,1,2,0.0,-7.549999999999997,0.8219999999999885,0.2857142857142857,evqa-pilot500/paligemma-3b;evqa-pilot500/qwen2.5-vl-3b;mmke-entity/blip2-opt-2.7b;mmke-entity/paligemma-3b;mmke-visual/blip2-opt-2.7b;mmke-visual/llava-v1.5-7b;mmke-visual/paligemma-3b
recorded,power_a0_b0_g0.5,M_new_norm,1,14,False,21,68.25442857142858,70.09257142857143,-1.8381428571428562,68.25442857142858,-1.8381428571428562,4,4,6,4,5,0.0,-20.540000000000006,14.930000000000007,0,evqa-pilot500/blip2-opt-2.7b;evqa-pilot500/instructblip-vicuna-7b;evqa-pilot500/minigpt-4-vicuna-7b;evqa-pilot500/paligemma-3b;evqa-pilot500/qwen2.5-vl-3b;mmke-entity/blip2-opt-2.7b;mmke-entity/instructblip-vicuna-7b;mmke-entity/paligemma-3b;mmke-entity/smolvlm-1.7b;mmke-visual/blip2-opt-2.7b;mmke-visual/instructblip-vicuna-7b;mmke-visual/paligemma-3b;mmke-visual/qwen2.5-vl-3b;mmke-visual/smolvlm-1.7b
recorded,power_a0_b0_g0.5,M_new_norm,3,6,False,21,79.76266666666666,81.02433333333333,-1.2616666666666678,77.62977777777778,-0.62888888888889,1,3,2,1,2,0.0,-7.549999999999997,0.6599999999999966,0.16666666666666666,evqa-pilot500/paligemma-3b;evqa-pilot500/qwen2.5-vl-3b;mmke-entity/blip2-opt-2.7b;mmke-entity/paligemma-3b;mmke-visual/blip2-opt-2.7b;mmke-visual/paligemma-3b
recorded,power_a0_b0_g1,M_abscos_x_newn,1,16,False,21,70.679375,71.685875,-1.0065,70.679375,-1.0065,4,2,10,4,8,-0.40000000000000213,-20.460000000000008,14.88000000000001,0,evqa-pilot500/blip2-opt-2.7b;evqa-pilot500/minigpt-4-vicuna-7b;evqa-pilot500/paligemma-3b;evqa-pilot500/qwen2.5-vl-3b;evqa-pilot500/smolvlm-1.7b;mmke-entity/blip2-opt-2.7b;mmke-entity/instructblip-vicuna-7b;mmke-entity/minigpt-4-vicuna-7b;mmke-entity/paligemma-3b;mmke-entity/qwen2.5-vl-3b;mmke-entity/smolvlm-1.7b;mmke-visual/blip2-opt-2.7b;mmke-visual/instructblip-vicuna-7b;mmke-visual/paligemma-3b;mmke-visual/qwen2.5-vl-3b;mmke-visual/smolvlm-1.7b
recorded,power_a0_b0_g1,M_abscos_x_newn,3,13,False,21,71.70107692307693,74.22861538461538,-2.5275384615384646,70.33702564102563,-0.9440000000000037,3,2,8,2,6,-0.26400000000001,-20.56000000000001,16.685999999999993,0,evqa-pilot500/blip2-opt-2.7b;evqa-pilot500/minigpt-4-vicuna-7b;evqa-pilot500/paligemma-3b;evqa-pilot500/qwen2.5-vl-3b;mmke-entity/blip2-opt-2.7b;mmke-entity/instructblip-vicuna-7b;mmke-entity/paligemma-3b;mmke-entity/qwen2.5-vl-3b;mmke-visual/blip2-opt-2.7b;mmke-visual/instructblip-vicuna-7b;mmke-visual/paligemma-3b;mmke-visual/qwen2.5-vl-3b;mmke-visual/smolvlm-1.7b
recorded,power_a0_b0_g1,M_new_norm,1,16,False,21,70.679375,71.522,-0.8426249999999995,70.679375,-0.8426249999999995,5,1,10,5,7,-0.40099999999999625,-20.460000000000008,14.88000000000001,0,evqa-pilot500/blip2-opt-2.7b;evqa-pilot500/minigpt-4-vicuna-7b;evqa-pilot500/paligemma-3b;evqa-pilot500/qwen2.5-vl-3b;evqa-pilot500/smolvlm-1.7b;mmke-entity/blip2-opt-2.7b;mmke-entity/instructblip-vicuna-7b;mmke-entity/minigpt-4-vicuna-7b;mmke-entity/paligemma-3b;mmke-entity/qwen2.5-vl-3b;mmke-entity/smolvlm-1.7b;mmke-visual/blip2-opt-2.7b;mmke-visual/instructblip-vicuna-7b;mmke-visual/paligemma-3b;mmke-visual/qwen2.5-vl-3b;mmke-visual/smolvlm-1.7b
recorded,power_a0_b0_g1,M_new_norm,3,13,False,21,71.70107692307693,74.63738461538462,-2.9363076923076954,70.33702564102563,-1.1132820512820547,4,2,7,3,6,-0.26400000000001,-20.56000000000001,16.685999999999993,0,evqa-pilot500/blip2-opt-2.7b;evqa-pilot500/minigpt-4-vicuna-7b;evqa-pilot500/paligemma-3b;evqa-pilot500/qwen2.5-vl-3b;mmke-entity/blip2-opt-2.7b;mmke-entity/instructblip-vicuna-7b;mmke-entity/paligemma-3b;mmke-entity/qwen2.5-vl-3b;mmke-visual/blip2-opt-2.7b;mmke-visual/instructblip-vicuna-7b;mmke-visual/paligemma-3b;mmke-visual/qwen2.5-vl-3b;mmke-visual/smolvlm-1.7b
recorded,power_a0_b0_g2,M_abscos_x_newn,1,17,False,21,70.54105882352941,71.97388235294117,-1.4328235294117633,70.54105882352941,-1.4328235294117633,3,1,13,3,11,-0.9200000000000017,-22.24000000000001,17.439999999999998,0.058823529411764705,evqa-pilot500/blip2-opt-2.7b;evqa-pilot500/minigpt-4-vicuna-7b;evqa-pilot500/paligemma-3b;evqa-pilot500/qwen2.5-vl-3b;evqa-pilot500/smolvlm-1.7b;mmke-entity/blip2-opt-2.7b;mmke-entity/instructblip-vicuna-7b;mmke-entity/minigpt-4-vicuna-7b;mmke-entity/paligemma-3b;mmke-entity/qwen2.5-vl-3b;mmke-entity/smolvlm-1.7b;mmke-visual/blip2-opt-2.7b;mmke-visual/instructblip-vicuna-7b;mmke-visual/minigpt-4-vicuna-7b;mmke-visual/paligemma-3b;mmke-visual/qwen2.5-vl-3b;mmke-visual/smolvlm-1.7b
recorded,power_a0_b0_g2,M_abscos_x_newn,3,16,False,21,72.29375,74.6245,-2.3307500000000014,70.319875,-1.7696666666666698,4,1,11,2,9,-0.740000000000002,-21.60000000000001,17.093999999999994,0.0625,evqa-pilot500/blip2-opt-2.7b;evqa-pilot500/paligemma-3b;evqa-pilot500/qwen2.5-vl-3b;evqa-pilot500/smolvlm-1.7b;mmke-entity/blip2-opt-2.7b;mmke-entity/instructblip-vicuna-7b;mmke-entity/minigpt-4-vicuna-7b;mmke-entity/paligemma-3b;mmke-entity/qwen2.5-vl-3b;mmke-entity/smolvlm-1.7b;mmke-visual/blip2-opt-2.7b;mmke-visual/instructblip-vicuna-7b;mmke-visual/minigpt-4-vicuna-7b;mmke-visual/paligemma-3b;mmke-visual/qwen2.5-vl-3b;mmke-visual/smolvlm-1.7b
recorded,power_a0_b0_g2,M_new_norm,1,17,False,21,70.54105882352941,71.77435294117647,-1.2332941176470573,70.54105882352941,-1.2332941176470573,5,0,12,4,11,-0.7800000000000011,-22.24000000000001,17.439999999999998,0.058823529411764705,evqa-pilot500/blip2-opt-2.7b;evqa-pilot500/minigpt-4-vicuna-7b;evqa-pilot500/paligemma-3b;evqa-pilot500/qwen2.5-vl-3b;evqa-pilot500/smolvlm-1.7b;mmke-entity/blip2-opt-2.7b;mmke-entity/instructblip-vicuna-7b;mmke-entity/minigpt-4-vicuna-7b;mmke-entity/paligemma-3b;mmke-entity/qwen2.5-vl-3b;mmke-entity/smolvlm-1.7b;mmke-visual/blip2-opt-2.7b;mmke-visual/instructblip-vicuna-7b;mmke-visual/minigpt-4-vicuna-7b;mmke-visual/paligemma-3b;mmke-visual/qwen2.5-vl-3b;mmke-visual/smolvlm-1.7b
recorded,power_a0_b0_g2,M_new_norm,3,16,False,21,72.29375,74.492875,-2.1991250000000004,70.319875,-1.6315833333333356,6,0,10,3,9,-0.740000000000002,-21.60000000000001,17.093999999999994,0.0625,evqa-pilot500/blip2-opt-2.7b;evqa-pilot500/paligemma-3b;evqa-pilot500/qwen2.5-vl-3b;evqa-pilot500/smolvlm-1.7b;mmke-entity/blip2-opt-2.7b;mmke-entity/instructblip-vicuna-7b;mmke-entity/minigpt-4-vicuna-7b;mmke-entity/paligemma-3b;mmke-entity/qwen2.5-vl-3b;mmke-entity/smolvlm-1.7b;mmke-visual/blip2-opt-2.7b;mmke-visual/instructblip-vicuna-7b;mmke-visual/minigpt-4-vicuna-7b;mmke-visual/paligemma-3b;mmke-visual/qwen2.5-vl-3b;mmke-visual/smolvlm-1.7b
recorded,power_a0_b0.5_g-1,M_abscos_x_newn,1,18,False,21,64.456,68.7178888888889,-4.2618888888888895,64.456,-4.2618888888888895,1,10,7,1,6,0.0,-70.81,1.0100000000000051,0.16666666666666666,evqa-pilot500/blip2-opt-2.7b;evqa-pilot500/instructblip-vicuna-7b;evqa-pilot500/llava-v1.5-7b;evqa-pilot500/minigpt-4-vicuna-7b;evqa-pilot500/qwen2.5-vl-3b;evqa-pilot500/smolvlm-1.7b;mmke-entity/blip2-opt-2.7b;mmke-entity/instructblip-vicuna-7b;mmke-entity/minigpt-4-vicuna-7b;mmke-entity/paligemma-3b;mmke-entity/qwen2.5-vl-3b;mmke-entity/smolvlm-1.7b;mmke-visual/blip2-opt-2.7b;mmke-visual/instructblip-vicuna-7b;mmke-visual/llava-v1.5-7b;mmke-visual/minigpt-4-vicuna-7b;mmke-visual/qwen2.5-vl-3b;mmke-visual/smolvlm-1.7b
recorded,power_a0_b0.5_g-1,M_abscos_x_newn,3,17,False,21,70.71905882352941,70.87305882352942,-0.15400000000000097,66.86486274509804,-1.6761960784313734,2,11,4,2,3,0.0,-7.275999999999996,6.1640000000000015,0.35294117647058826,evqa-pilot500/blip2-opt-2.7b;evqa-pilot500/instructblip-vicuna-7b;evqa-pilot500/minigpt-4-vicuna-7b;evqa-pilot500/qwen2.5-vl-3b;evqa-pilot500/smolvlm-1.7b;mmke-entity/blip2-opt-2.7b;mmke-entity/instructblip-vicuna-7b;mmke-entity/minigpt-4-vicuna-7b;mmke-entity/paligemma-3b;mmke-entity/qwen2.5-vl-3b;mmke-entity/smolvlm-1.7b;mmke-visual/blip2-opt-2.7b;mmke-visual/instructblip-vicuna-7b;mmke-visual/llava-v1.5-7b;mmke-visual/minigpt-4-vicuna-7b;mmke-visual/qwen2.5-vl-3b;mmke-visual/smolvlm-1.7b
recorded,power_a0_b0.5_g-1,M_new_norm,1,17,False,21,63.826470588235296,68.11329411764706,-4.286823529411765,63.826470588235296,-4.286823529411765,1,13,3,1,3,0.0,-70.81,1.0100000000000051,0.17647058823529413,evqa-pilot500/blip2-opt-2.7b;evqa-pilot500/instructblip-vicuna-7b;evqa-pilot500/llava-v1.5-7b;evqa-pilot500/minigpt-4-vicuna-7b;evqa-pilot500/qwen2.5-vl-3b;evqa-pilot500/smolvlm-1.7b;mmke-entity/blip2-opt-2.7b;mmke-entity/instructblip-vicuna-7b;mmke-entity/minigpt-4-vicuna-7b;mmke-entity/paligemma-3b;mmke-entity/qwen2.5-vl-3b;mmke-entity/smolvlm-1.7b;mmke-visual/blip2-opt-2.7b;mmke-visual/instructblip-vicuna-7b;mmke-visual/minigpt-4-vicuna-7b;mmke-visual/qwen2.5-vl-3b;mmke-visual/smolvlm-1.7b
recorded,power_a0_b0.5_g-1,M_new_norm,3,15,False,21,71.39786666666667,71.88293333333334,-0.4850666666666664,67.24106666666667,-1.9939111111111112,0,14,1,0,1,0.0,-7.275999999999996,0.0,0.3333333333333333,evqa-pilot500/blip2-opt-2.7b;evqa-pilot500/minigpt-4-vicuna-7b;evqa-pilot500/qwen2.5-vl-3b;evqa-pilot500/smolvlm-1.7b;mmke-entity/blip2-opt-2.7b;mmke-entity/instructblip-vicuna-7b;mmke-entity/minigpt-4-vicuna-7b;mmke-entity/paligemma-3b;mmke-entity/qwen2.5-vl-3b;mmke-entity/smolvlm-1.7b;mmke-visual/blip2-opt-2.7b;mmke-visual/instructblip-vicuna-7b;mmke-visual/minigpt-4-vicuna-7b;mmke-visual/qwen2.5-vl-3b;mmke-visual/smolvlm-1.7b
recorded,power_a0_b0.5_g0,M_abscos_x_newn,1,19,False,21,70.26957894736842,70.4481052631579,-0.17852631578947384,70.26957894736842,-0.17852631578947384,1,14,4,0,3,0.0,-1.730000000000004,0.44599999999999795,0.21052631578947367,evqa-pilot500/blip2-opt-2.7b;evqa-pilot500/instructblip-vicuna-7b;evqa-pilot500/llava-v1.5-7b;evqa-pilot500/minigpt-4-vicuna-7b;evqa-pilot500/paligemma-3b;evqa-pilot500/qwen2.5-vl-3b;evqa-pilot500/smolvlm-1.7b;mmke-entity/blip2-opt-2.7b;mmke-entity/instructblip-vicuna-7b;mmke-entity/minigpt-4-vicuna-7b;mmke-entity/paligemma-3b;mmke-entity/qwen2.5-vl-3b;mmke-entity/smolvlm-1.7b;mmke-visual/blip2-opt-2.7b;mmke-visual/instructblip-vicuna-7b;mmke-visual/minigpt-4-vicuna-7b;mmke-visual/paligemma-3b;mmke-visual/qwen2.5-vl-3b;mmke-visual/smolvlm-1.7b
recorded,power_a0_b0.5_g0,M_abscos_x_newn,3,17,False,21,74.29352941176471,74.05482352941176,0.23870588235294032,71.4921568627451,0.05733333333333235,1,13,3,1,2,0.0,-0.8500000000000014,6.1640000000000015,0.35294117647058826,evqa-pilot500/blip2-opt-2.7b;evqa-pilot500/minigpt-4-vicuna-7b;evqa-pilot500/paligemma-3b;evqa-pilot500/qwen2.5-vl-3b;evqa-pilot500/smolvlm-1.7b;mmke-entity/blip2-opt-2.7b;mmke-entity/instructblip-vicuna-7b;mmke-entity/minigpt-4-vicuna-7b;mmke-entity/paligemma-3b;mmke-entity/qwen2.5-vl-3b;mmke-entity/smolvlm-1.7b;mmke-visual/blip2-opt-2.7b;mmke-visual/instructblip-vicuna-7b;mmke-visual/minigpt-4-vicuna-7b;mmke-visual/paligemma-3b;mmke-visual/qwen2.5-vl-3b;mmke-visual/smolvlm-1.7b
recorded,power_a0_b0.5_g0,M_new_norm,1,19,False,21,70.26957894736842,70.26957894736842,0.0,70.26957894736842,0.0,0,19,0,0,0,0.0,0.0,0.0,0.21052631578947367,evqa-pilot500/blip2-opt-2.7b;evqa-pilot500/instructblip-vicuna-7b;evqa-pilot500/llava-v1.5-7b;evqa-pilot500/minigpt-4-vicuna-7b;evqa-pilot500/paligemma-3b;evqa-pilot500/qwen2.5-vl-3b;evqa-pilot500/smolvlm-1.7b;mmke-entity/blip2-opt-2.7b;mmke-entity/instructblip-vicuna-7b;mmke-entity/minigpt-4-vicuna-7b;mmke-entity/paligemma-3b;mmke-entity/qwen2.5-vl-3b;mmke-entity/smolvlm-1.7b;mmke-visual/blip2-opt-2.7b;mmke-visual/instructblip-vicuna-7b;mmke-visual/minigpt-4-vicuna-7b;mmke-visual/paligemma-3b;mmke-visual/qwen2.5-vl-3b;mmke-visual/smolvlm-1.7b
recorded,power_a0_b0.5_g0,M_new_norm,3,17,False,21,74.29352941176471,74.29352941176471,0.0,71.4921568627451,0.0,0,17,0,0,0,0.0,0.0,0.0,0.35294117647058826,evqa-pilot500/blip2-opt-2.7b;evqa-pilot500/minigpt-4-vicuna-7b;evqa-pilot500/paligemma-3b;evqa-pilot500/qwen2.5-vl-3b;evqa-pilot500/smolvlm-1.7b;mmke-entity/blip2-opt-2.7b;mmke-entity/instructblip-vicuna-7b;mmke-entity/minigpt-4-vicuna-7b;mmke-entity/paligemma-3b;mmke-entity/qwen2.5-vl-3b;mmke-entity/smolvlm-1.7b;mmke-visual/blip2-opt-2.7b;mmke-visual/instructblip-vicuna-7b;mmke-visual/minigpt-4-vicuna-7b;mmke-visual/paligemma-3b;mmke-visual/qwen2.5-vl-3b;mmke-visual/smolvlm-1.7b
recorded,power_a0_b0.5_g0.5,M_abscos_x_newn,1,16,False,21,70.15875,70.3855,-0.22674999999999867,70.15875,-0.22674999999999867,5,5,6,3,6,0.0,-5.560000000000002,9.474000000000004,0,evqa-pilot500/blip2-opt-2.7b;evqa-pilot500/instructblip-vicuna-7b;evqa-pilot500/llava-v1.5-7b;evqa-pilot500/minigpt-4-vicuna-7b;evqa-pilot500/paligemma-3b;evqa-pilot500/qwen2.5-vl-3b;evqa-pilot500/smolvlm-1.7b;mmke-entity/blip2-opt-2.7b;mmke-entity/paligemma-3b;mmke-entity/smolvlm-1.7b;mmke-visual/blip2-opt-2.7b;mmke-visual/llava-v1.5-7b;mmke-visual/minigpt-4-vicuna-7b;mmke-visual/paligemma-3b;mmke-visual/qwen2.5-vl-3b;mmke-visual/smolvlm-1.7b
recorded,power_a0_b0.5_g0.5,M_abscos_x_newn,3,8,False,21,76.92325,77.769,-0.8457499999999998,74.21825,-0.4413333333333327,2,3,3,1,2,0.0,-7.549999999999997,3.9540000000000006,0.125,evqa-pilot500/blip2-opt-2.7b;evqa-pilot500/paligemma-3b;evqa-pilot500/smolvlm-1.7b;mmke-entity/blip2-opt-2.7b;mmke-entity/paligemma-3b;mmke-visual/blip2-opt-2.7b;mmke-visual/paligemma-3b;mmke-visual/qwen2.5-vl-3b
recorded,power_a0_b0.5_g0.5,M_new_norm,1,15,False,21,69.73253333333334,69.87373333333333,-0.14119999999999872,69.73253333333334,-0.14119999999999872,4,4,7,3,5,0.0,-5.560000000000002,11.204000000000008,0,evqa-pilot500/blip2-opt-2.7b;evqa-pilot500/instructblip-vicuna-7b;evqa-pilot500/llava-v1.5-7b;evqa-pilot500/minigpt-4-vicuna-7b;evqa-pilot500/paligemma-3b;evqa-pilot500/qwen2.5-vl-3b;evqa-pilot500/smolvlm-1.7b;mmke-entity/blip2-opt-2.7b;mmke-entity/paligemma-3b;mmke-entity/smolvlm-1.7b;mmke-visual/blip2-opt-2.7b;mmke-visual/minigpt-4-vicuna-7b;mmke-visual/paligemma-3b;mmke-visual/qwen2.5-vl-3b;mmke-visual/smolvlm-1.7b
recorded,power_a0_b0.5_g0.5,M_new_norm,3,8,False,21,76.92325,77.769,-0.8457499999999998,74.21825,-0.4413333333333327,2,3,3,1,2,0.0,-7.549999999999997,3.9540000000000006,0.125,evqa-pilot500/blip2-opt-2.7b;evqa-pilot500/paligemma-3b;evqa-pilot500/smolvlm-1.7b;mmke-entity/blip2-opt-2.7b;mmke-entity/paligemma-3b;mmke-visual/blip2-opt-2.7b;mmke-visual/paligemma-3b;mmke-visual/qwen2.5-vl-3b
recorded,power_a0_b0.5_g1,M_abscos_x_newn,1,14,False,21,69.69071428571428,70.58342857142857,-0.8927142857142866,69.69071428571428,-0.8927142857142866,6,3,5,5,5,0.0,-20.540000000000006,14.88000000000001,0.07142857142857142,evqa-pilot500/blip2-opt-2.7b;evqa-pilot500/instructblip-vicuna-7b;evqa-pilot500/minigpt-4-vicuna-7b;evqa-pilot500/paligemma-3b;evqa-pilot500/qwen2.5-vl-3b;mmke-entity/blip2-opt-2.7b;mmke-entity/instructblip-vicuna-7b;mmke-entity/paligemma-3b;mmke-entity/smolvlm-1.7b;mmke-visual/blip2-opt-2.7b;mmke-visual/instructblip-vicuna-7b;mmke-visual/llava-v1.5-7b;mmke-visual/paligemma-3b;mmke-visual/smolvlm-1.7b
recorded,power_a0_b0.5_g1,M_abscos_x_newn,3,11,False,21,71.97818181818181,75.022,-3.043818181818185,70.84812121212121,-1.3403636363636382,1,3,7,1,4,-0.19000000000000483,-20.730000000000004,0.8219999999999885,0.09090909090909091,evqa-pilot500/instructblip-vicuna-7b;evqa-pilot500/minigpt-4-vicuna-7b;evqa-pilot500/paligemma-3b;evqa-pilot500/qwen2.5-vl-3b;mmke-entity/blip2-opt-2.7b;mmke-entity/paligemma-3b;mmke-visual/blip2-opt-2.7b;mmke-visual/instructblip-vicuna-7b;mmke-visual/llava-v1.5-7b;mmke-visual/paligemma-3b;mmke-visual/smolvlm-1.7b
recorded,power_a0_b0.5_g1,M_new_norm,1,13,False,21,69.12784615384615,70.06738461538461,-0.9395384615384614,69.12784615384615,-0.9395384615384614,5,2,6,4,4,0.0,-20.540000000000006,14.88000000000001,0,evqa-pilot500/blip2-opt-2.7b;evqa-pilot500/instructblip-vicuna-7b;evqa-pilot500/minigpt-4-vicuna-7b;evqa-pilot500/paligemma-3b;evqa-pilot500/qwen2.5-vl-3b;mmke-entity/blip2-opt-2.7b;mmke-entity/instructblip-vicuna-7b;mmke-entity/paligemma-3b;mmke-entity/smolvlm-1.7b;mmke-visual/blip2-opt-2.7b;mmke-visual/instructblip-vicuna-7b;mmke-visual/paligemma-3b;mmke-visual/smolvlm-1.7b
recorded,power_a0_b0.5_g1,M_new_norm,3,9,False,21,73.87133333333333,77.76666666666667,-3.8953333333333355,72.52762962962963,-1.7641481481481511,1,2,6,1,4,-0.26400000000001,-20.730000000000004,0.6599999999999966,0,evqa-pilot500/minigpt-4-vicuna-7b;evqa-pilot500/paligemma-3b;evqa-pilot500/qwen2.5-vl-3b;mmke-entity/blip2-opt-2.7b;mmke-entity/paligemma-3b;mmke-visual/blip2-opt-2.7b;mmke-visual/instructblip-vicuna-7b;mmke-visual/paligemma-3b;mmke-visual/smolvlm-1.7b
recorded,power_a0_b0.5_g2,M_abscos_x_newn,1,16,False,21,69.434875,71.36775,-1.9328749999999997,69.434875,-1.9328749999999997,4,1,11,3,9,-0.7669999999999959,-21.050000000000004,15.64,0,evqa-pilot500/blip2-opt-2.7b;evqa-pilot500/instructblip-vicuna-7b;evqa-pilot500/paligemma-3b;evqa-pilot500/qwen2.5-vl-3b;evqa-pilot500/smolvlm-1.7b;mmke-entity/blip2-opt-2.7b;mmke-entity/instructblip-vicuna-7b;mmke-entity/minigpt-4-vicuna-7b;mmke-entity/paligemma-3b;mmke-entity/qwen2.5-vl-3b;mmke-entity/smolvlm-1.7b;mmke-visual/blip2-opt-2.7b;mmke-visual/instructblip-vicuna-7b;mmke-visual/paligemma-3b;mmke-visual/qwen2.5-vl-3b;mmke-visual/smolvlm-1.7b
recorded,power_a0_b0.5_g2,M_abscos_x_newn,3,11,False,21,76.14727272727272,75.412,0.7352727272727274,74.78848484848484,1.7587272727272698,4,0,7,3,4,-0.19000000000000483,-7.549999999999997,17.093999999999994,0.18181818181818182,evqa-pilot500/blip2-opt-2.7b;evqa-pilot500/paligemma-3b;evqa-pilot500/qwen2.5-vl-3b;evqa-pilot500/smolvlm-1.7b;mmke-entity/blip2-opt-2.7b;mmke-entity/paligemma-3b;mmke-entity/qwen2.5-vl-3b;mmke-visual/blip2-opt-2.7b;mmke-visual/paligemma-3b;mmke-visual/qwen2.5-vl-3b;mmke-visual/smolvlm-1.7b
recorded,power_a0_b0.5_g2,M_new_norm,1,16,False,21,69.434875,71.312,-1.8771249999999995,69.434875,-1.8771249999999995,5,0,11,4,8,-0.5679999999999978,-21.050000000000004,15.64,0,evqa-pilot500/blip2-opt-2.7b;evqa-pilot500/instructblip-vicuna-7b;evqa-pilot500/paligemma-3b;evqa-pilot500/qwen2.5-vl-3b;evqa-pilot500/smolvlm-1.7b;mmke-entity/blip2-opt-2.7b;mmke-entity/instructblip-vicuna-7b;mmke-entity/minigpt-4-vicuna-7b;mmke-entity/paligemma-3b;mmke-entity/qwen2.5-vl-3b;mmke-entity/smolvlm-1.7b;mmke-visual/blip2-opt-2.7b;mmke-visual/instructblip-vicuna-7b;mmke-visual/paligemma-3b;mmke-visual/qwen2.5-vl-3b;mmke-visual/smolvlm-1.7b
recorded,power_a0_b0.5_g2,M_new_norm,3,11,False,21,76.14727272727272,75.33472727272728,0.8125454545454548,74.78848484848484,1.8481212121212094,5,0,6,4,4,-0.1599999999999966,-7.549999999999997,17.093999999999994,0.18181818181818182,evqa-pilot500/blip2-opt-2.7b;evqa-pilot500/paligemma-3b;evqa-pilot500/qwen2.5-vl-3b;evqa-pilot500/smolvlm-1.7b;mmke-entity/blip2-opt-2.7b;mmke-entity/paligemma-3b;mmke-entity/qwen2.5-vl-3b;mmke-visual/blip2-opt-2.7b;mmke-visual/paligemma-3b;mmke-visual/qwen2.5-vl-3b;mmke-visual/smolvlm-1.7b
recorded,power_a0_b1_g-1,M_abscos_x_newn,1,18,False,21,64.456,68.7178888888889,-4.2618888888888895,64.456,-4.2618888888888895,1,10,7,1,6,0.0,-70.81,1.0100000000000051,0.16666666666666666,evqa-pilot500/blip2-opt-2.7b;evqa-pilot500/instructblip-vicuna-7b;evqa-pilot500/llava-v1.5-7b;evqa-pilot500/minigpt-4-vicuna-7b;evqa-pilot500/qwen2.5-vl-3b;evqa-pilot500/smolvlm-1.7b;mmke-entity/blip2-opt-2.7b;mmke-entity/instructblip-vicuna-7b;mmke-entity/minigpt-4-vicuna-7b;mmke-entity/paligemma-3b;mmke-entity/qwen2.5-vl-3b;mmke-entity/smolvlm-1.7b;mmke-visual/blip2-opt-2.7b;mmke-visual/instructblip-vicuna-7b;mmke-visual/llava-v1.5-7b;mmke-visual/minigpt-4-vicuna-7b;mmke-visual/qwen2.5-vl-3b;mmke-visual/smolvlm-1.7b
recorded,power_a0_b1_g-1,M_abscos_x_newn,3,17,False,21,71.1470588235294,70.87305882352942,0.2739999999999988,67.14125490196078,-1.3998039215686287,2,12,3,2,2,0.0,-0.8500000000000014,6.1640000000000015,0.35294117647058826,evqa-pilot500/blip2-opt-2.7b;evqa-pilot500/instructblip-vicuna-7b;evqa-pilot500/minigpt-4-vicuna-7b;evqa-pilot500/qwen2.5-vl-3b;evqa-pilot500/smolvlm-1.7b;mmke-entity/blip2-opt-2.7b;mmke-entity/instructblip-vicuna-7b;mmke-entity/minigpt-4-vicuna-7b;mmke-entity/paligemma-3b;mmke-entity/qwen2.5-vl-3b;mmke-entity/smolvlm-1.7b;mmke-visual/blip2-opt-2.7b;mmke-visual/instructblip-vicuna-7b;mmke-visual/llava-v1.5-7b;mmke-visual/minigpt-4-vicuna-7b;mmke-visual/qwen2.5-vl-3b;mmke-visual/smolvlm-1.7b
recorded,power_a0_b1_g-1,M_new_norm,1,17,False,21,63.826470588235296,68.11329411764706,-4.286823529411765,63.826470588235296,-4.286823529411765,1,13,3,1,3,0.0,-70.81,1.0100000000000051,0.17647058823529413,evqa-pilot500/blip2-opt-2.7b;evqa-pilot500/instructblip-vicuna-7b;evqa-pilot500/llava-v1.5-7b;evqa-pilot500/minigpt-4-vicuna-7b;evqa-pilot500/qwen2.5-vl-3b;evqa-pilot500/smolvlm-1.7b;mmke-entity/blip2-opt-2.7b;mmke-entity/instructblip-vicuna-7b;mmke-entity/minigpt-4-vicuna-7b;mmke-entity/paligemma-3b;mmke-entity/qwen2.5-vl-3b;mmke-entity/smolvlm-1.7b;mmke-visual/blip2-opt-2.7b;mmke-visual/instructblip-vicuna-7b;mmke-visual/minigpt-4-vicuna-7b;mmke-visual/qwen2.5-vl-3b;mmke-visual/smolvlm-1.7b
recorded,power_a0_b1_g-1,M_new_norm,3,15,False,21,71.88293333333334,71.88293333333334,0.0,67.5543111111111,-1.6806666666666672,0,15,0,0,0,0.0,0.0,0.0,0.3333333333333333,evqa-pilot500/blip2-opt-2.7b;evqa-pilot500/minigpt-4-vicuna-7b;evqa-pilot500/qwen2.5-vl-3b;evqa-pilot500/smolvlm-1.7b;mmke-entity/blip2-opt-2.7b;mmke-entity/instructblip-vicuna-7b;mmke-entity/minigpt-4-vicuna-7b;mmke-entity/paligemma-3b;mmke-entity/qwen2.5-vl-3b;mmke-entity/smolvlm-1.7b;mmke-visual/blip2-opt-2.7b;mmke-visual/instructblip-vicuna-7b;mmke-visual/minigpt-4-vicuna-7b;mmke-visual/qwen2.5-vl-3b;mmke-visual/smolvlm-1.7b
recorded,power_a0_b1_g0,M_abscos_x_newn,1,19,False,21,70.5498947368421,70.4481052631579,0.10178947368421003,70.5498947368421,0.10178947368421003,2,13,4,1,3,0.0,-1.730000000000004,5.325999999999993,0.21052631578947367,evqa-pilot500/blip2-opt-2.7b;evqa-pilot500/instructblip-vicuna-7b;evqa-pilot500/llava-v1.5-7b;evqa-pilot500/minigpt-4-vicuna-7b;evqa-pilot500/paligemma-3b;evqa-pilot500/qwen2.5-vl-3b;evqa-pilot500/smolvlm-1.7b;mmke-entity/blip2-opt-2.7b;mmke-entity/instructblip-vicuna-7b;mmke-entity/minigpt-4-vicuna-7b;mmke-entity/paligemma-3b;mmke-entity/qwen2.5-vl-3b;mmke-entity/smolvlm-1.7b;mmke-visual/blip2-opt-2.7b;mmke-visual/instructblip-vicuna-7b;mmke-visual/minigpt-4-vicuna-7b;mmke-visual/paligemma-3b;mmke-visual/qwen2.5-vl-3b;mmke-visual/smolvlm-1.7b
recorded,power_a0_b1_g0,M_abscos_x_newn,3,17,False,21,74.29352941176471,74.05482352941176,0.23870588235294032,71.4921568627451,0.05733333333333235,1,13,3,1,2,0.0,-0.8500000000000014,6.1640000000000015,0.35294117647058826,evqa-pilot500/blip2-opt-2.7b;evqa-pilot500/minigpt-4-vicuna-7b;evqa-pilot500/paligemma-3b;evqa-pilot500/qwen2.5-vl-3b;evqa-pilot500/smolvlm-1.7b;mmke-entity/blip2-opt-2.7b;mmke-entity/instructblip-vicuna-7b;mmke-entity/minigpt-4-vicuna-7b;mmke-entity/paligemma-3b;mmke-entity/qwen2.5-vl-3b;mmke-entity/smolvlm-1.7b;mmke-visual/blip2-opt-2.7b;mmke-visual/instructblip-vicuna-7b;mmke-visual/minigpt-4-vicuna-7b;mmke-visual/paligemma-3b;mmke-visual/qwen2.5-vl-3b;mmke-visual/smolvlm-1.7b
recorded,power_a0_b1_g0,M_new_norm,1,19,False,21,70.5498947368421,70.26957894736842,0.28031578947368385,70.5498947368421,0.28031578947368385,1,18,0,1,0,0.0,0.0,5.325999999999993,0.21052631578947367,evqa-pilot500/blip2-opt-2.7b;evqa-pilot500/instructblip-vicuna-7b;evqa-pilot500/llava-v1.5-7b;evqa-pilot500/minigpt-4-vicuna-7b;evqa-pilot500/paligemma-3b;evqa-pilot500/qwen2.5-vl-3b;evqa-pilot500/smolvlm-1.7b;mmke-entity/blip2-opt-2.7b;mmke-entity/instructblip-vicuna-7b;mmke-entity/minigpt-4-vicuna-7b;mmke-entity/paligemma-3b;mmke-entity/qwen2.5-vl-3b;mmke-entity/smolvlm-1.7b;mmke-visual/blip2-opt-2.7b;mmke-visual/instructblip-vicuna-7b;mmke-visual/minigpt-4-vicuna-7b;mmke-visual/paligemma-3b;mmke-visual/qwen2.5-vl-3b;mmke-visual/smolvlm-1.7b
recorded,power_a0_b1_g0,M_new_norm,3,17,False,21,74.29352941176471,74.29352941176471,0.0,71.4921568627451,0.0,0,17,0,0,0,0.0,0.0,0.0,0.35294117647058826,evqa-pilot500/blip2-opt-2.7b;evqa-pilot500/minigpt-4-vicuna-7b;evqa-pilot500/paligemma-3b;evqa-pilot500/qwen2.5-vl-3b;evqa-pilot500/smolvlm-1.7b;mmke-entity/blip2-opt-2.7b;mmke-entity/instructblip-vicuna-7b;mmke-entity/minigpt-4-vicuna-7b;mmke-entity/paligemma-3b;mmke-entity/qwen2.5-vl-3b;mmke-entity/smolvlm-1.7b;mmke-visual/blip2-opt-2.7b;mmke-visual/instructblip-vicuna-7b;mmke-visual/minigpt-4-vicuna-7b;mmke-visual/paligemma-3b;mmke-visual/qwen2.5-vl-3b;mmke-visual/smolvlm-1.7b
recorded,power_a0_b1_g0.5,M_abscos_x_newn,1,13,False,21,72.28307692307692,72.95369230769231,-0.6706153846153827,72.28307692307692,-0.6706153846153827,5,5,3,3,3,0.0,-11.199999999999996,4.300000000000004,0,evqa-pilot500/blip2-opt-2.7b;evqa-pilot500/llava-v1.5-7b;evqa-pilot500/paligemma-3b;evqa-pilot500/smolvlm-1.7b;mmke-entity/blip2-opt-2.7b;mmke-entity/paligemma-3b;mmke-entity/smolvlm-1.7b;mmke-visual/blip2-opt-2.7b;mmke-visual/llava-v1.5-7b;mmke-visual/minigpt-4-vicuna-7b;mmke-visual/paligemma-3b;mmke-visual/qwen2.5-vl-3b;mmke-visual/smolvlm-1.7b
recorded,power_a0_b1_g0.5,M_abscos_x_newn,3,9,False,21,76.67733333333334,77.03022222222222,-0.3528888888888883,73.98037037037037,-0.2592592592592611,2,6,1,1,1,0.0,-7.549999999999997,3.9540000000000006,0.2222222222222222,evqa-pilot500/blip2-opt-2.7b;evqa-pilot500/paligemma-3b;evqa-pilot500/smolvlm-1.7b;mmke-entity/blip2-opt-2.7b;mmke-entity/paligemma-3b;mmke-entity/smolvlm-1.7b;mmke-visual/blip2-opt-2.7b;mmke-visual/paligemma-3b;mmke-visual/qwen2.5-vl-3b
recorded,power_a0_b1_g0.5,M_new_norm,1,12,False,21,71.92733333333334,72.743,-0.8156666666666652,71.92733333333334,-0.8156666666666652,4,4,4,3,3,0.0,-11.199999999999996,4.300000000000004,0,evqa-pilot500/blip2-opt-2.7b;evqa-pilot500/llava-v1.5-7b;evqa-pilot500/paligemma-3b;evqa-pilot500/smolvlm-1.7b;mmke-entity/blip2-opt-2.7b;mmke-entity/paligemma-3b;mmke-entity/smolvlm-1.7b;mmke-visual/blip2-opt-2.7b;mmke-visual/minigpt-4-vicuna-7b;mmke-visual/paligemma-3b;mmke-visual/qwen2.5-vl-3b;mmke-visual/smolvlm-1.7b
recorded,power_a0_b1_g0.5,M_new_norm,3,9,False,21,76.67733333333334,77.03022222222222,-0.3528888888888883,73.98037037037037,-0.2592592592592611,2,6,1,1,1,0.0,-7.549999999999997,3.9540000000000006,0.2222222222222222,evqa-pilot500/blip2-opt-2.7b;evqa-pilot500/paligemma-3b;evqa-pilot500/smolvlm-1.7b;mmke-entity/blip2-opt-2.7b;mmke-entity/paligemma-3b;mmke-entity/smolvlm-1.7b;mmke-visual/blip2-opt-2.7b;mmke-visual/paligemma-3b;mmke-visual/qwen2.5-vl-3b
recorded,power_a0_b1_g1,M_abscos_x_newn,1,16,False,21,68.542875,70.534875,-1.9919999999999995,68.542875,-1.9919999999999995,4,5,7,4,7,0.0,-20.540000000000006,14.930000000000007,0,evqa-pilot500/blip2-opt-2.7b;evqa-pilot500/instructblip-vicuna-7b;evqa-pilot500/minigpt-4-vicuna-7b;evqa-pilot500/paligemma-3b;evqa-pilot500/qwen2.5-vl-3b;evqa-pilot500/smolvlm-1.7b;mmke-entity/blip2-opt-2.7b;mmke-entity/instructblip-vicuna-7b;mmke-entity/paligemma-3b;mmke-entity/smolvlm-1.7b;mmke-visual/blip2-opt-2.7b;mmke-visual/instructblip-vicuna-7b;mmke-visual/llava-v1.5-7b;mmke-visual/paligemma-3b;mmke-visual/qwen2.5-vl-3b;mmke-visual/smolvlm-1.7b
recorded,power_a0_b1_g1,M_abscos_x_newn,3,7,False,21,77.67885714285714,78.848,-1.16914285714286,75.69190476190477,-0.23590476190476295,0,3,4,0,1,-0.18000000000000682,-7.549999999999997,0.0,0,evqa-pilot500/minigpt-4-vicuna-7b;evqa-pilot500/paligemma-3b;evqa-pilot500/qwen2.5-vl-3b;mmke-entity/blip2-opt-2.7b;mmke-entity/paligemma-3b;mmke-visual/blip2-opt-2.7b;mmke-visual/paligemma-3b
recorded,power_a0_b1_g1,M_new_norm,1,15,False,21,68.00893333333333,70.0844,-2.075466666666666,68.00893333333333,-2.075466666666666,3,4,8,3,6,-0.13000000000000256,-20.540000000000006,14.930000000000007,0,evqa-pilot500/blip2-opt-2.7b;evqa-pilot500/instructblip-vicuna-7b;evqa-pilot500/minigpt-4-vicuna-7b;evqa-pilot500/paligemma-3b;evqa-pilot500/qwen2.5-vl-3b;evqa-pilot500/smolvlm-1.7b;mmke-entity/blip2-opt-2.7b;mmke-entity/instructblip-vicuna-7b;mmke-entity/paligemma-3b;mmke-entity/smolvlm-1.7b;mmke-visual/blip2-opt-2.7b;mmke-visual/instructblip-vicuna-7b;mmke-visual/paligemma-3b;mmke-visual/qwen2.5-vl-3b;mmke-visual/smolvlm-1.7b
recorded,power_a0_b1_g1,M_new_norm,3,7,False,21,77.67885714285714,79.60714285714286,-1.928285714285717,75.69190476190477,-0.5502857142857148,1,2,4,1,2,-0.18000000000000682,-7.549999999999997,0.6599999999999966,0,evqa-pilot500/minigpt-4-vicuna-7b;evqa-pilot500/paligemma-3b;evqa-pilot500/qwen2.5-vl-3b;mmke-entity/blip2-opt-2.7b;mmke-entity/paligemma-3b;mmke-visual/blip2-opt-2.7b;mmke-visual/paligemma-3b
recorded,power_a0_b1_g2,M_abscos_x_newn,1,17,False,21,70.674,71.89011764705883,-1.2161176470588235,70.674,-1.2161176470588235,4,2,11,4,10,-0.6299999999999955,-20.460000000000008,14.88000000000001,0,evqa-pilot500/blip2-opt-2.7b;evqa-pilot500/minigpt-4-vicuna-7b;evqa-pilot500/paligemma-3b;evqa-pilot500/qwen2.5-vl-3b;evqa-pilot500/smolvlm-1.7b;mmke-entity/blip2-opt-2.7b;mmke-entity/instructblip-vicuna-7b;mmke-entity/minigpt-4-vicuna-7b;mmke-entity/paligemma-3b;mmke-entity/qwen2.5-vl-3b;mmke-entity/smolvlm-1.7b;mmke-visual/blip2-opt-2.7b;mmke-visual/instructblip-vicuna-7b;mmke-visual/llava-v1.5-7b;mmke-visual/paligemma-3b;mmke-visual/qwen2.5-vl-3b;mmke-visual/smolvlm-1.7b
recorded,power_a0_b1_g2,M_abscos_x_newn,3,13,False,21,71.77907692307693,74.22861538461538,-2.449538461538464,70.3488717948718,-0.9321538461538496,4,1,8,3,6,-0.26400000000001,-20.56000000000001,16.685999999999993,0.07692307692307693,evqa-pilot500/blip2-opt-2.7b;evqa-pilot500/minigpt-4-vicuna-7b;evqa-pilot500/paligemma-3b;evqa-pilot500/qwen2.5-vl-3b;mmke-entity/blip2-opt-2.7b;mmke-entity/instructblip-vicuna-7b;mmke-entity/paligemma-3b;mmke-entity/qwen2.5-vl-3b;mmke-visual/blip2-opt-2.7b;mmke-visual/instructblip-vicuna-7b;mmke-visual/paligemma-3b;mmke-visual/qwen2.5-vl-3b;mmke-visual/smolvlm-1.7b
recorded,power_a0_b1_g2,M_new_norm,1,16,False,21,70.28425,71.522,-1.2377499999999992,70.28425,-1.2377499999999992,4,1,11,4,7,-0.40099999999999625,-20.460000000000008,14.88000000000001,0,evqa-pilot500/blip2-opt-2.7b;evqa-pilot500/minigpt-4-vicuna-7b;evqa-pilot500/paligemma-3b;evqa-pilot500/qwen2.5-vl-3b;evqa-pilot500/smolvlm-1.7b;mmke-entity/blip2-opt-2.7b;mmke-entity/instructblip-vicuna-7b;mmke-entity/minigpt-4-vicuna-7b;mmke-entity/paligemma-3b;mmke-entity/qwen2.5-vl-3b;mmke-entity/smolvlm-1.7b;mmke-visual/blip2-opt-2.7b;mmke-visual/instructblip-vicuna-7b;mmke-visual/paligemma-3b;mmke-visual/qwen2.5-vl-3b;mmke-visual/smolvlm-1.7b
recorded,power_a0_b1_g2,M_new_norm,3,13,False,21,71.77907692307693,74.63738461538462,-2.8583076923076947,70.3488717948718,-1.1014358974359006,5,1,7,4,6,-0.26400000000001,-20.56000000000001,16.685999999999993,0.07692307692307693,evqa-pilot500/blip2-opt-2.7b;evqa-pilot500/minigpt-4-vicuna-7b;evqa-pilot500/paligemma-3b;evqa-pilot500/qwen2.5-vl-3b;mmke-entity/blip2-opt-2.7b;mmke-entity/instructblip-vicuna-7b;mmke-entity/paligemma-3b;mmke-entity/qwen2.5-vl-3b;mmke-visual/blip2-opt-2.7b;mmke-visual/instructblip-vicuna-7b;mmke-visual/paligemma-3b;mmke-visual/qwen2.5-vl-3b;mmke-visual/smolvlm-1.7b
recorded,power_a0.25_b-1_g-1,M_abscos_x_newn,1,18,False,21,64.456,68.7178888888889,-4.2618888888888895,64.456,-4.2618888888888895,1,10,7,1,6,0.0,-70.81,1.0100000000000051,0.16666666666666666,evqa-pilot500/blip2-opt-2.7b;evqa-pilot500/instructblip-vicuna-7b;evqa-pilot500/llava-v1.5-7b;evqa-pilot500/minigpt-4-vicuna-7b;evqa-pilot500/qwen2.5-vl-3b;evqa-pilot500/smolvlm-1.7b;mmke-entity/blip2-opt-2.7b;mmke-entity/instructblip-vicuna-7b;mmke-entity/minigpt-4-vicuna-7b;mmke-entity/paligemma-3b;mmke-entity/qwen2.5-vl-3b;mmke-entity/smolvlm-1.7b;mmke-visual/blip2-opt-2.7b;mmke-visual/instructblip-vicuna-7b;mmke-visual/llava-v1.5-7b;mmke-visual/minigpt-4-vicuna-7b;mmke-visual/qwen2.5-vl-3b;mmke-visual/smolvlm-1.7b
recorded,power_a0.25_b-1_g-1,M_abscos_x_newn,3,17,False,21,70.71905882352941,70.87305882352942,-0.15400000000000097,66.86486274509804,-1.6761960784313734,2,11,4,2,3,0.0,-7.275999999999996,6.1640000000000015,0.35294117647058826,evqa-pilot500/blip2-opt-2.7b;evqa-pilot500/instructblip-vicuna-7b;evqa-pilot500/minigpt-4-vicuna-7b;evqa-pilot500/qwen2.5-vl-3b;evqa-pilot500/smolvlm-1.7b;mmke-entity/blip2-opt-2.7b;mmke-entity/instructblip-vicuna-7b;mmke-entity/minigpt-4-vicuna-7b;mmke-entity/paligemma-3b;mmke-entity/qwen2.5-vl-3b;mmke-entity/smolvlm-1.7b;mmke-visual/blip2-opt-2.7b;mmke-visual/instructblip-vicuna-7b;mmke-visual/llava-v1.5-7b;mmke-visual/minigpt-4-vicuna-7b;mmke-visual/qwen2.5-vl-3b;mmke-visual/smolvlm-1.7b
recorded,power_a0.25_b-1_g-1,M_new_norm,1,17,False,21,63.826470588235296,68.11329411764706,-4.286823529411765,63.826470588235296,-4.286823529411765,1,13,3,1,3,0.0,-70.81,1.0100000000000051,0.17647058823529413,evqa-pilot500/blip2-opt-2.7b;evqa-pilot500/instructblip-vicuna-7b;evqa-pilot500/llava-v1.5-7b;evqa-pilot500/minigpt-4-vicuna-7b;evqa-pilot500/qwen2.5-vl-3b;evqa-pilot500/smolvlm-1.7b;mmke-entity/blip2-opt-2.7b;mmke-entity/instructblip-vicuna-7b;mmke-entity/minigpt-4-vicuna-7b;mmke-entity/paligemma-3b;mmke-entity/qwen2.5-vl-3b;mmke-entity/smolvlm-1.7b;mmke-visual/blip2-opt-2.7b;mmke-visual/instructblip-vicuna-7b;mmke-visual/minigpt-4-vicuna-7b;mmke-visual/qwen2.5-vl-3b;mmke-visual/smolvlm-1.7b
recorded,power_a0.25_b-1_g-1,M_new_norm,3,15,False,21,71.39786666666667,71.88293333333334,-0.4850666666666664,67.24106666666667,-1.9939111111111112,0,14,1,0,1,0.0,-7.275999999999996,0.0,0.3333333333333333,evqa-pilot500/blip2-opt-2.7b;evqa-pilot500/minigpt-4-vicuna-7b;evqa-pilot500/qwen2.5-vl-3b;evqa-pilot500/smolvlm-1.7b;mmke-entity/blip2-opt-2.7b;mmke-entity/instructblip-vicuna-7b;mmke-entity/minigpt-4-vicuna-7b;mmke-entity/paligemma-3b;mmke-entity/qwen2.5-vl-3b;mmke-entity/smolvlm-1.7b;mmke-visual/blip2-opt-2.7b;mmke-visual/instructblip-vicuna-7b;mmke-visual/minigpt-4-vicuna-7b;mmke-visual/qwen2.5-vl-3b;mmke-visual/smolvlm-1.7b
recorded,power_a0.25_b-1_g0,M_abscos_x_newn,1,14,False,21,62.381,68.90385714285715,-6.522857142857143,62.381,-6.522857142857143,2,4,8,1,8,-1.2040000000000006,-43.77,6.82,0,evqa-pilot500/blip2-opt-2.7b;evqa-pilot500/llava-v1.5-7b;evqa-pilot500/minigpt-4-vicuna-7b;evqa-pilot500/qwen2.5-vl-3b;evqa-pilot500/smolvlm-1.7b;mmke-entity/blip2-opt-2.7b;mmke-entity/instructblip-vicuna-7b;mmke-entity/minigpt-4-vicuna-7b;mmke-entity/paligemma-3b;mmke-entity/smolvlm-1.7b;mmke-visual/blip2-opt-2.7b;mmke-visual/instructblip-vicuna-7b;mmke-visual/minigpt-4-vicuna-7b;mmke-visual/smolvlm-1.7b
recorded,power_a0.25_b-1_g0,M_abscos_x_newn,3,9,False,21,70.10511111111111,72.95733333333334,-2.852222222222223,66.92696296296296,-3.773777777777779,0,5,4,0,4,0.0,-21.660000000000004,0.0,0.1111111111111111,evqa-pilot500/blip2-opt-2.7b;evqa-pilot500/minigpt-4-vicuna-7b;mmke-entity/blip2-opt-2.7b;mmke-entity/instructblip-vicuna-7b;mmke-entity/minigpt-4-vicuna-7b;mmke-entity/paligemma-3b;mmke-entity/smolvlm-1.7b;mmke-visual/minigpt-4-vicuna-7b;mmke-visual/smolvlm-1.7b
recorded,power_a0.25_b-1_g0,M_new_norm,1,14,False,21,62.381,68.62971428571429,-6.248714285714286,62.381,-6.248714285714286,3,3,8,3,8,-0.7789999999999999,-43.77,6.82,0,evqa-pilot500/blip2-opt-2.7b;evqa-pilot500/llava-v1.5-7b;evqa-pilot500/minigpt-4-vicuna-7b;evqa-pilot500/qwen2.5-vl-3b;evqa-pilot500/smolvlm-1.7b;mmke-entity/blip2-opt-2.7b;mmke-entity/instructblip-vicuna-7b;mmke-entity/minigpt-4-vicuna-7b;mmke-entity/paligemma-3b;mmke-entity/smolvlm-1.7b;mmke-visual/blip2-opt-2.7b;mmke-visual/instructblip-vicuna-7b;mmke-visual/minigpt-4-vicuna-7b;mmke-visual/smolvlm-1.7b
recorded,power_a0.25_b-1_g0,M_new_norm,3,9,False,21,70.10511111111111,73.50266666666667,-3.397555555555555,66.92696296296296,-3.991333333333333,1,4,4,0,4,0.0,-21.660000000000004,0.4900000000000091,0.1111111111111111,evqa-pilot500/blip2-opt-2.7b;evqa-pilot500/minigpt-4-vicuna-7b;mmke-entity/blip2-opt-2.7b;mmke-entity/instructblip-vicuna-7b;mmke-entity/minigpt-4-vicuna-7b;mmke-entity/paligemma-3b;mmke-entity/smolvlm-1.7b;mmke-visual/minigpt-4-vicuna-7b;mmke-visual/smolvlm-1.7b
recorded,power_a0.25_b-1_g0.5,M_abscos_x_newn,1,12,False,21,61.19,69.31783333333334,-8.127833333333333,61.19,-8.127833333333333,2,0,10,1,10,-2.6949999999999967,-43.77,6.3799999999999955,0,evqa-pilot500/blip2-opt-2.7b;evqa-pilot500/llava-v1.5-7b;evqa-pilot500/minigpt-4-vicuna-7b;evqa-pilot500/qwen2.5-vl-3b;evqa-pilot500/smolvlm-1.7b;mmke-entity/blip2-opt-2.7b;mmke-entity/instructblip-vicuna-7b;mmke-entity/minigpt-4-vicuna-7b;mmke-entity/paligemma-3b;mmke-visual/instructblip-vicuna-7b;mmke-visual/minigpt-4-vicuna-7b;mmke-visual/smolvlm-1.7b
recorded,power_a0.25_b-1_g0.5,M_abscos_x_newn,3,7,False,21,64.62857142857143,69.78914285714286,-5.16057142857143,63.213142857142856,-3.6861904761904754,0,0,7,0,6,-2.3900000000000006,-21.660000000000004,-0.26400000000001,0,evqa-pilot500/minigpt-4-vicuna-7b;evqa-pilot500/qwen2.5-vl-3b;evqa-pilot500/smolvlm-1.7b;mmke-entity/blip2-opt-2.7b;mmke-entity/instructblip-vicuna-7b;mmke-visual/minigpt-4-vicuna-7b;mmke-visual/smolvlm-1.7b
recorded,power_a0.25_b-1_g0.5,M_new_norm,1,12,False,21,61.19,68.998,-7.808000000000001,61.19,-7.808000000000001,3,0,9,3,9,-2.4989999999999988,-43.77,6.3799999999999955,0,evqa-pilot500/blip2-opt-2.7b;evqa-pilot500/llava-v1.5-7b;evqa-pilot500/minigpt-4-vicuna-7b;evqa-pilot500/qwen2.5-vl-3b;evqa-pilot500/smolvlm-1.7b;mmke-entity/blip2-opt-2.7b;mmke-entity/instructblip-vicuna-7b;mmke-entity/minigpt-4-vicuna-7b;mmke-entity/paligemma-3b;mmke-visual/instructblip-vicuna-7b;mmke-visual/minigpt-4-vicuna-7b;mmke-visual/smolvlm-1.7b
recorded,power_a0.25_b-1_g0.5,M_new_norm,3,7,False,21,64.62857142857143,70.43885714285715,-5.8102857142857145,63.213142857142856,-3.8890476190476164,0,0,7,0,5,-1.75,-21.660000000000004,-0.26400000000001,0,evqa-pilot500/minigpt-4-vicuna-7b;evqa-pilot500/qwen2.5-vl-3b;evqa-pilot500/smolvlm-1.7b;mmke-entity/blip2-opt-2.7b;mmke-entity/instructblip-vicuna-7b;mmke-visual/minigpt-4-vicuna-7b;mmke-visual/smolvlm-1.7b
recorded,power_a0.25_b-1_g1,M_abscos_x_newn,1,11,False,21,58.71545454545455,68.65745454545454,-9.942,58.71545454545455,-9.942,2,0,9,1,9,-4.200000000000003,-43.77,5.280000000000001,0,evqa-pilot500/blip2-opt-2.7b;evqa-pilot500/llava-v1.5-7b;evqa-pilot500/minigpt-4-vicuna-7b;evqa-pilot500/qwen2.5-vl-3b;evqa-pilot500/smolvlm-1.7b;mmke-entity/blip2-opt-2.7b;mmke-entity/instructblip-vicuna-7b;mmke-entity/minigpt-4-vicuna-7b;mmke-entity/paligemma-3b;mmke-visual/instructblip-vicuna-7b;mmke-visual/smolvlm-1.7b
recorded,power_a0.25_b-1_g1,M_abscos_x_newn,3,4,False,21,56.3265,66.9575,-10.631,56.04966666666667,-6.708499999999999,0,0,4,0,4,-9.536999999999995,-22.24000000000001,-1.2100000000000009,0,evqa-pilot500/minigpt-4-vicuna-7b;evqa-pilot500/qwen2.5-vl-3b;evqa-pilot500/smolvlm-1.7b;mmke-entity/instructblip-vicuna-7b
recorded,power_a0.25_b-1_g1,M_new_norm,1,11,False,21,58.71545454545455,68.37854545454546,-9.66309090909091,58.71545454545455,-9.66309090909091,3,0,8,2,8,-4.200000000000003,-43.77,5.280000000000001,0,evqa-pilot500/blip2-opt-2.7b;evqa-pilot500/llava-v1.5-7b;evqa-pilot500/minigpt-4-vicuna-7b;evqa-pilot500/qwen2.5-vl-3b;evqa-pilot500/smolvlm-1.7b;mmke-entity/blip2-opt-2.7b;mmke-entity/instructblip-vicuna-7b;mmke-entity/minigpt-4-vicuna-7b;mmke-entity/paligemma-3b;mmke-visual/instructblip-vicuna-7b;mmke-visual/smolvlm-1.7b
recorded,power_a0.25_b-1_g1,M_new_norm,3,4,False,21,56.3265,68.286,-11.9595,56.04966666666667,-7.258666666666665,0,0,4,0,3,-12.618999999999996,-22.24000000000001,-0.35999999999999943,0,evqa-pilot500/minigpt-4-vicuna-7b;evqa-pilot500/qwen2.5-vl-3b;evqa-pilot500/smolvlm-1.7b;mmke-entity/instructblip-vicuna-7b
recorded,power_a0.25_b-1_g2,M_abscos_x_newn,1,10,False,21,58.477,67.1498,-8.6728,58.477,-8.6728,2,0,8,2,8,-3.724,-43.77,5.280000000000001,0,evqa-pilot500/blip2-opt-2.7b;evqa-pilot500/llava-v1.5-7b;evqa-pilot500/minigpt-4-vicuna-7b;evqa-pilot500/qwen2.5-vl-3b;evqa-pilot500/smolvlm-1.7b;mmke-entity/blip2-opt-2.7b;mmke-entity/instructblip-vicuna-7b;mmke-entity/paligemma-3b;mmke-visual/blip2-opt-2.7b;mmke-visual/smolvlm-1.7b
recorded,power_a0.25_b-1_g2,M_abscos_x_newn,3,4,False,21,56.3265,66.9575,-10.631,55.98466666666667,-6.7734999999999985,0,0,4,0,4,-9.536999999999995,-22.24000000000001,-1.2100000000000009,0,evqa-pilot500/minigpt-4-vicuna-7b;evqa-pilot500/qwen2.5-vl-3b;evqa-pilot500/smolvlm-1.7b;mmke-entity/instructblip-vicuna-7b
recorded,power_a0.25_b-1_g2,M_new_norm,1,10,False,21,58.477,66.8918,-8.4148,58.477,-8.4148,3,0,7,2,7,-3.724,-43.77,5.280000000000001,0,evqa-pilot500/blip2-opt-2.7b;evqa-pilot500/llava-v1.5-7b;evqa-pilot500/minigpt-4-vicuna-7b;evqa-pilot500/qwen2.5-vl-3b;evqa-pilot500/smolvlm-1.7b;mmke-entity/blip2-opt-2.7b;mmke-entity/instructblip-vicuna-7b;mmke-entity/paligemma-3b;mmke-visual/blip2-opt-2.7b;mmke-visual/smolvlm-1.7b
recorded,power_a0.25_b-1_g2,M_new_norm,3,4,False,21,56.3265,68.286,-11.9595,55.98466666666667,-7.323666666666664,0,0,4,0,3,-12.618999999999996,-22.24000000000001,-0.35999999999999943,0,evqa-pilot500/minigpt-4-vicuna-7b;evqa-pilot500/qwen2.5-vl-3b;evqa-pilot500/smolvlm-1.7b;mmke-entity/instructblip-vicuna-7b
recorded,power_a0.25_b-0.5_g-1,M_abscos_x_newn,1,18,False,21,64.456,68.7178888888889,-4.2618888888888895,64.456,-4.2618888888888895,1,10,7,1,6,0.0,-70.81,1.0100000000000051,0.16666666666666666,evqa-pilot500/blip2-opt-2.7b;evqa-pilot500/instructblip-vicuna-7b;evqa-pilot500/llava-v1.5-7b;evqa-pilot500/minigpt-4-vicuna-7b;evqa-pilot500/qwen2.5-vl-3b;evqa-pilot500/smolvlm-1.7b;mmke-entity/blip2-opt-2.7b;mmke-entity/instructblip-vicuna-7b;mmke-entity/minigpt-4-vicuna-7b;mmke-entity/paligemma-3b;mmke-entity/qwen2.5-vl-3b;mmke-entity/smolvlm-1.7b;mmke-visual/blip2-opt-2.7b;mmke-visual/instructblip-vicuna-7b;mmke-visual/llava-v1.5-7b;mmke-visual/minigpt-4-vicuna-7b;mmke-visual/qwen2.5-vl-3b;mmke-visual/smolvlm-1.7b
recorded,power_a0.25_b-0.5_g-1,M_abscos_x_newn,3,17,False,21,70.71905882352941,70.87305882352942,-0.15400000000000097,66.86486274509804,-1.6761960784313734,2,11,4,2,3,0.0,-7.275999999999996,6.1640000000000015,0.35294117647058826,evqa-pilot500/blip2-opt-2.7b;evqa-pilot500/instructblip-vicuna-7b;evqa-pilot500/minigpt-4-vicuna-7b;evqa-pilot500/qwen2.5-vl-3b;evqa-pilot500/smolvlm-1.7b;mmke-entity/blip2-opt-2.7b;mmke-entity/instructblip-vicuna-7b;mmke-entity/minigpt-4-vicuna-7b;mmke-entity/paligemma-3b;mmke-entity/qwen2.5-vl-3b;mmke-entity/smolvlm-1.7b;mmke-visual/blip2-opt-2.7b;mmke-visual/instructblip-vicuna-7b;mmke-visual/llava-v1.5-7b;mmke-visual/minigpt-4-vicuna-7b;mmke-visual/qwen2.5-vl-3b;mmke-visual/smolvlm-1.7b
recorded,power_a0.25_b-0.5_g-1,M_new_norm,1,17,False,21,63.826470588235296,68.11329411764706,-4.286823529411765,63.826470588235296,-4.286823529411765,1,13,3,1,3,0.0,-70.81,1.0100000000000051,0.17647058823529413,evqa-pilot500/blip2-opt-2.7b;evqa-pilot500/instructblip-vicuna-7b;evqa-pilot500/llava-v1.5-7b;evqa-pilot500/minigpt-4-vicuna-7b;evqa-pilot500/qwen2.5-vl-3b;evqa-pilot500/smolvlm-1.7b;mmke-entity/blip2-opt-2.7b;mmke-entity/instructblip-vicuna-7b;mmke-entity/minigpt-4-vicuna-7b;mmke-entity/paligemma-3b;mmke-entity/qwen2.5-vl-3b;mmke-entity/smolvlm-1.7b;mmke-visual/blip2-opt-2.7b;mmke-visual/instructblip-vicuna-7b;mmke-visual/minigpt-4-vicuna-7b;mmke-visual/qwen2.5-vl-3b;mmke-visual/smolvlm-1.7b
recorded,power_a0.25_b-0.5_g-1,M_new_norm,3,15,False,21,71.39786666666667,71.88293333333334,-0.4850666666666664,67.24106666666667,-1.9939111111111112,0,14,1,0,1,0.0,-7.275999999999996,0.0,0.3333333333333333,evqa-pilot500/blip2-opt-2.7b;evqa-pilot500/minigpt-4-vicuna-7b;evqa-pilot500/qwen2.5-vl-3b;evqa-pilot500/smolvlm-1.7b;mmke-entity/blip2-opt-2.7b;mmke-entity/instructblip-vicuna-7b;mmke-entity/minigpt-4-vicuna-7b;mmke-entity/paligemma-3b;mmke-entity/qwen2.5-vl-3b;mmke-entity/smolvlm-1.7b;mmke-visual/blip2-opt-2.7b;mmke-visual/instructblip-vicuna-7b;mmke-visual/minigpt-4-vicuna-7b;mmke-visual/qwen2.5-vl-3b;mmke-visual/smolvlm-1.7b
recorded,power_a0.25_b-0.5_g0,M_abscos_x_newn,1,20,False,21,70.1117,70.6836,-0.5718999999999997,70.1117,-0.5718999999999997,1,15,4,1,3,0.0,-19.120000000000005,9.474000000000004,0.2,evqa-pilot500/blip2-opt-2.7b;evqa-pilot500/instructblip-vicuna-7b;evqa-pilot500/llava-v1.5-7b;evqa-pilot500/minigpt-4-vicuna-7b;evqa-pilot500/paligemma-3b;evqa-pilot500/qwen2.5-vl-3b;evqa-pilot500/smolvlm-1.7b;mmke-entity/blip2-opt-2.7b;mmke-entity/instructblip-vicuna-7b;mmke-entity/minigpt-4-vicuna-7b;mmke-entity/paligemma-3b;mmke-entity/qwen2.5-vl-3b;mmke-entity/smolvlm-1.7b;mmke-visual/blip2-opt-2.7b;mmke-visual/instructblip-vicuna-7b;mmke-visual/llava-v1.5-7b;mmke-visual/minigpt-4-vicuna-7b;mmke-visual/paligemma-3b;mmke-visual/qwen2.5-vl-3b;mmke-visual/smolvlm-1.7b
recorded,power_a0.25_b-0.5_g0,M_abscos_x_newn,3,18,False,21,73.08311111111111,72.97488888888888,0.10822222222222146,70.14248148148148,-0.2044814814814827,1,13,4,1,2,0.0,-1.0100000000000051,4.094000000000008,0.3333333333333333,evqa-pilot500/blip2-opt-2.7b;evqa-pilot500/instructblip-vicuna-7b;evqa-pilot500/minigpt-4-vicuna-7b;evqa-pilot500/paligemma-3b;evqa-pilot500/qwen2.5-vl-3b;evqa-pilot500/smolvlm-1.7b;mmke-entity/blip2-opt-2.7b;mmke-entity/instructblip-vicuna-7b;mmke-entity/paligemma-3b;mmke-entity/qwen2.5-vl-3b;mmke-entity/smolvlm-1.7b;mmke-visual/blip2-opt-2.7b;mmke-visual/instructblip-vicuna-7b;mmke-visual/llava-v1.5-7b;mmke-visual/minigpt-4-vicuna-7b;mmke-visual/paligemma-3b;mmke-visual/qwen2.5-vl-3b;mmke-visual/smolvlm-1.7b
recorded,power_a0.25_b-0.5_g0,M_new_norm,1,19,False,21,69.8461052631579,70.26957894736842,-0.4234736842105259,69.8461052631579,-0.4234736842105259,3,13,3,2,1,0.0,-19.120000000000005,11.204000000000008,0.21052631578947367,evqa-pilot500/blip2-opt-2.7b;evqa-pilot500/instructblip-vicuna-7b;evqa-pilot500/llava-v1.5-7b;evqa-pilot500/minigpt-4-vicuna-7b;evqa-pilot500/paligemma-3b;evqa-pilot500/qwen2.5-vl-3b;evqa-pilot500/smolvlm-1.7b;mmke-entity/blip2-opt-2.7b;mmke-entity/instructblip-vicuna-7b;mmke-entity/minigpt-4-vicuna-7b;mmke-entity/paligemma-3b;mmke-entity/qwen2.5-vl-3b;mmke-entity/smolvlm-1.7b;mmke-visual/blip2-opt-2.7b;mmke-visual/instructblip-vicuna-7b;mmke-visual/minigpt-4-vicuna-7b;mmke-visual/paligemma-3b;mmke-visual/qwen2.5-vl-3b;mmke-visual/smolvlm-1.7b
recorded,power_a0.25_b-0.5_g0,M_new_norm,3,16,False,21,74.0525,74.215,-0.16250000000000053,70.93229166666667,-0.31879166666666725,1,12,3,1,2,0.0,-2.069999999999993,0.6599999999999966,0.3125,evqa-pilot500/blip2-opt-2.7b;evqa-pilot500/minigpt-4-vicuna-7b;evqa-pilot500/paligemma-3b;evqa-pilot500/qwen2.5-vl-3b;evqa-pilot500/smolvlm-1.7b;mmke-entity/blip2-opt-2.7b;mmke-entity/instructblip-vicuna-7b;mmke-entity/paligemma-3b;mmke-entity/qwen2.5-vl-3b;mmke-entity/smolvlm-1.7b;mmke-visual/blip2-opt-2.7b;mmke-visual/instructblip-vicuna-7b;mmke-visual/minigpt-4-vicuna-7b;mmke-visual/paligemma-3b;mmke-visual/qwen2.5-vl-3b;mmke-visual/smolvlm-1.7b
recorded,power_a0.25_b-0.5_g0.5,M_abscos_x_newn,1,18,False,21,70.51244444444444,71.624,-1.1115555555555556,70.51244444444444,-1.1115555555555556,7,4,7,5,7,0.0,-22.24000000000001,14.88000000000001,0.05555555555555555,evqa-pilot500/blip2-opt-2.7b;evqa-pilot500/llava-v1.5-7b;evqa-pilot500/minigpt-4-vicuna-7b;evqa-pilot500/paligemma-3b;evqa-pilot500/qwen2.5-vl-3b;mmke-entity/blip2-opt-2.7b;mmke-entity/instructblip-vicuna-7b;mmke-entity/minigpt-4-vicuna-7b;mmke-entity/paligemma-3b;mmke-entity/qwen2.5-vl-3b;mmke-entity/smolvlm-1.7b;mmke-visual/blip2-opt-2.7b;mmke-visual/instructblip-vicuna-7b;mmke-visual/llava-v1.5-7b;mmke-visual/minigpt-4-vicuna-7b;mmke-visual/paligemma-3b;mmke-visual/qwen2.5-vl-3b;mmke-visual/smolvlm-1.7b
recorded,power_a0.25_b-0.5_g0.5,M_abscos_x_newn,3,11,False,21,72.12672727272727,75.31290909090909,-3.186181818181821,70.51266666666666,-1.5795757575757599,1,4,6,1,5,-0.26400000000001,-21.60000000000001,16.685999999999993,0.09090909090909091,evqa-pilot500/blip2-opt-2.7b;evqa-pilot500/minigpt-4-vicuna-7b;evqa-pilot500/paligemma-3b;evqa-pilot500/qwen2.5-vl-3b;mmke-entity/blip2-opt-2.7b;mmke-entity/instructblip-vicuna-7b;mmke-entity/minigpt-4-vicuna-7b;mmke-entity/paligemma-3b;mmke-visual/instructblip-vicuna-7b;mmke-visual/paligemma-3b;mmke-visual/smolvlm-1.7b
recorded,power_a0.25_b-0.5_g0.5,M_new_norm,1,17,False,21,70.13611764705882,71.21658823529411,-1.0804705882352938,70.13611764705882,-1.0804705882352938,8,1,8,5,7,0.0,-22.24000000000001,14.88000000000001,0.058823529411764705,evqa-pilot500/blip2-opt-2.7b;evqa-pilot500/llava-v1.5-7b;evqa-pilot500/minigpt-4-vicuna-7b;evqa-pilot500/paligemma-3b;evqa-pilot500/qwen2.5-vl-3b;mmke-entity/blip2-opt-2.7b;mmke-entity/instructblip-vicuna-7b;mmke-entity/minigpt-4-vicuna-7b;mmke-entity/paligemma-3b;mmke-entity/qwen2.5-vl-3b;mmke-entity/smolvlm-1.7b;mmke-visual/blip2-opt-2.7b;mmke-visual/instructblip-vicuna-7b;mmke-visual/minigpt-4-vicuna-7b;mmke-visual/paligemma-3b;mmke-visual/qwen2.5-vl-3b;mmke-visual/smolvlm-1.7b
recorded,power_a0.25_b-0.5_g0.5,M_new_norm,3,11,False,21,72.12672727272727,75.75145454545455,-3.6247272727272746,70.51266666666666,-1.7391515151515167,3,2,6,2,5,-0.26400000000001,-21.60000000000001,16.685999999999993,0.09090909090909091,evqa-pilot500/blip2-opt-2.7b;evqa-pilot500/minigpt-4-vicuna-7b;evqa-pilot500/paligemma-3b;evqa-pilot500/qwen2.5-vl-3b;mmke-entity/blip2-opt-2.7b;mmke-entity/instructblip-vicuna-7b;mmke-entity/minigpt-4-vicuna-7b;mmke-entity/paligemma-3b;mmke-visual/instructblip-vicuna-7b;mmke-visual/paligemma-3b;mmke-visual/smolvlm-1.7b
recorded,power_a0.25_b-0.5_g1,M_abscos_x_newn,1,17,False,21,70.82494117647059,71.97388235294117,-1.1489411764705884,70.82494117647059,-1.1489411764705884,4,5,8,3,8,0.0,-22.24000000000001,17.439999999999998,0.11764705882352941,evqa-pilot500/blip2-opt-2.7b;evqa-pilot500/minigpt-4-vicuna-7b;evqa-pilot500/paligemma-3b;evqa-pilot500/qwen2.5-vl-3b;evqa-pilot500/smolvlm-1.7b;mmke-entity/blip2-opt-2.7b;mmke-entity/instructblip-vicuna-7b;mmke-entity/minigpt-4-vicuna-7b;mmke-entity/paligemma-3b;mmke-entity/qwen2.5-vl-3b;mmke-entity/smolvlm-1.7b;mmke-visual/blip2-opt-2.7b;mmke-visual/instructblip-vicuna-7b;mmke-visual/minigpt-4-vicuna-7b;mmke-visual/paligemma-3b;mmke-visual/qwen2.5-vl-3b;mmke-visual/smolvlm-1.7b
recorded,power_a0.25_b-0.5_g1,M_abscos_x_newn,3,15,False,21,72.41933333333333,74.76586666666667,-2.346533333333334,71.00088888888888,-1.2349777777777813,4,2,9,3,8,-0.5,-21.60000000000001,17.093999999999994,0.2,evqa-pilot500/blip2-opt-2.7b;evqa-pilot500/paligemma-3b;evqa-pilot500/qwen2.5-vl-3b;evqa-pilot500/smolvlm-1.7b;mmke-entity/instructblip-vicuna-7b;mmke-entity/minigpt-4-vicuna-7b;mmke-entity/paligemma-3b;mmke-entity/qwen2.5-vl-3b;mmke-entity/smolvlm-1.7b;mmke-visual/blip2-opt-2.7b;mmke-visual/instructblip-vicuna-7b;mmke-visual/minigpt-4-vicuna-7b;mmke-visual/paligemma-3b;mmke-visual/qwen2.5-vl-3b;mmke-visual/smolvlm-1.7b
recorded,power_a0.25_b-0.5_g1,M_new_norm,1,17,False,21,70.82494117647059,71.77435294117647,-0.9494117647058824,70.82494117647059,-0.9494117647058824,7,1,9,5,8,-0.44599999999999795,-22.24000000000001,17.439999999999998,0.11764705882352941,evqa-pilot500/blip2-opt-2.7b;evqa-pilot500/minigpt-4-vicuna-7b;evqa-pilot500/paligemma-3b;evqa-pilot500/qwen2.5-vl-3b;evqa-pilot500/smolvlm-1.7b;mmke-entity/blip2-opt-2.7b;mmke-entity/instructblip-vicuna-7b;mmke-entity/minigpt-4-vicuna-7b;mmke-entity/paligemma-3b;mmke-entity/qwen2.5-vl-3b;mmke-entity/smolvlm-1.7b;mmke-visual/blip2-opt-2.7b;mmke-visual/instructblip-vicuna-7b;mmke-visual/minigpt-4-vicuna-7b;mmke-visual/paligemma-3b;mmke-visual/qwen2.5-vl-3b;mmke-visual/smolvlm-1.7b
recorded,power_a0.25_b-0.5_g1,M_new_norm,3,15,False,21,72.41933333333333,74.62546666666667,-2.206133333333333,71.00088888888888,-1.0876888888888914,6,0,9,4,8,-0.5,-21.60000000000001,17.093999999999994,0.2,evqa-pilot500/blip2-opt-2.7b;evqa-pilot500/paligemma-3b;evqa-pilot500/qwen2.5-vl-3b;evqa-pilot500/smolvlm-1.7b;mmke-entity/instructblip-vicuna-7b;mmke-entity/minigpt-4-vicuna-7b;mmke-entity/paligemma-3b;mmke-entity/qwen2.5-vl-3b;mmke-entity/smolvlm-1.7b;mmke-visual/blip2-opt-2.7b;mmke-visual/instructblip-vicuna-7b;mmke-visual/minigpt-4-vicuna-7b;mmke-visual/paligemma-3b;mmke-visual/qwen2.5-vl-3b;mmke-visual/smolvlm-1.7b
recorded,power_a0.25_b-0.5_g2,M_abscos_x_newn,1,15,False,21,64.82346666666666,74.2168,-9.393333333333333,64.82346666666666,-9.393333333333333,2,0,13,0,11,-1.75,-43.77,0.3620000000000019,0,evqa-pilot500/llava-v1.5-7b;evqa-pilot500/paligemma-3b;evqa-pilot500/qwen2.5-vl-3b;evqa-pilot500/smolvlm-1.7b;mmke-entity/instructblip-vicuna-7b;mmke-entity/minigpt-4-vicuna-7b;mmke-entity/paligemma-3b;mmke-entity/qwen2.5-vl-3b;mmke-entity/smolvlm-1.7b;mmke-visual/instructblip-vicuna-7b;mmke-visual/llava-v1.5-7b;mmke-visual/minigpt-4-vicuna-7b;mmke-visual/paligemma-3b;mmke-visual/qwen2.5-vl-3b;mmke-visual/smolvlm-1.7b
recorded,power_a0.25_b-0.5_g2,M_abscos_x_newn,3,9,False,21,75.34555555555556,79.06911111111111,-3.7235555555555546,70.108,-6.277037037037038,1,0,8,0,7,-1.5300000000000011,-21.660000000000004,0.16400000000000148,0,evqa-pilot500/paligemma-3b;evqa-pilot500/smolvlm-1.7b;mmke-entity/instructblip-vicuna-7b;mmke-entity/paligemma-3b;mmke-entity/qwen2.5-vl-3b;mmke-entity/smolvlm-1.7b;mmke-visual/minigpt-4-vicuna-7b;mmke-visual/paligemma-3b;mmke-visual/smolvlm-1.7b
recorded,power_a0.25_b-0.5_g2,M_new_norm,1,14,False,21,64.13971428571429,74.03085714285714,-9.891142857142857,64.13971428571429,-9.891142857142857,2,0,12,1,11,-1.9100000000000037,-43.77,0.7040000000000077,0,evqa-pilot500/llava-v1.5-7b;evqa-pilot500/paligemma-3b;evqa-pilot500/qwen2.5-vl-3b;evqa-pilot500/smolvlm-1.7b;mmke-entity/instructblip-vicuna-7b;mmke-entity/minigpt-4-vicuna-7b;mmke-entity/paligemma-3b;mmke-entity/qwen2.5-vl-3b;mmke-entity/smolvlm-1.7b;mmke-visual/instructblip-vicuna-7b;mmke-visual/minigpt-4-vicuna-7b;mmke-visual/paligemma-3b;mmke-visual/qwen2.5-vl-3b;mmke-visual/smolvlm-1.7b
recorded,power_a0.25_b-0.5_g2,M_new_norm,3,9,False,21,75.34555555555556,78.984,-3.6384444444444433,70.108,-6.190296296296297,1,0,8,0,7,-1.5300000000000011,-21.660000000000004,0.16400000000000148,0,evqa-pilot500/paligemma-3b;evqa-pilot500/smolvlm-1.7b;mmke-entity/instructblip-vicuna-7b;mmke-entity/paligemma-3b;mmke-entity/qwen2.5-vl-3b;mmke-entity/smolvlm-1.7b;mmke-visual/minigpt-4-vicuna-7b;mmke-visual/paligemma-3b;mmke-visual/smolvlm-1.7b
recorded,power_a0.25_b0_g-1,M_abscos_x_newn,1,18,False,21,64.456,68.7178888888889,-4.2618888888888895,64.456,-4.2618888888888895,1,10,7,1,6,0.0,-70.81,1.0100000000000051,0.16666666666666666,evqa-pilot500/blip2-opt-2.7b;evqa-pilot500/instructblip-vicuna-7b;evqa-pilot500/llava-v1.5-7b;evqa-pilot500/minigpt-4-vicuna-7b;evqa-pilot500/qwen2.5-vl-3b;evqa-pilot500/smolvlm-1.7b;mmke-entity/blip2-opt-2.7b;mmke-entity/instructblip-vicuna-7b;mmke-entity/minigpt-4-vicuna-7b;mmke-entity/paligemma-3b;mmke-entity/qwen2.5-vl-3b;mmke-entity/smolvlm-1.7b;mmke-visual/blip2-opt-2.7b;mmke-visual/instructblip-vicuna-7b;mmke-visual/llava-v1.5-7b;mmke-visual/minigpt-4-vicuna-7b;mmke-visual/qwen2.5-vl-3b;mmke-visual/smolvlm-1.7b
recorded,power_a0.25_b0_g-1,M_abscos_x_newn,3,17,False,21,70.71905882352941,70.87305882352942,-0.15400000000000097,66.86486274509804,-1.6761960784313734,2,11,4,2,3,0.0,-7.275999999999996,6.1640000000000015,0.35294117647058826,evqa-pilot500/blip2-opt-2.7b;evqa-pilot500/instructblip-vicuna-7b;evqa-pilot500/minigpt-4-vicuna-7b;evqa-pilot500/qwen2.5-vl-3b;evqa-pilot500/smolvlm-1.7b;mmke-entity/blip2-opt-2.7b;mmke-entity/instructblip-vicuna-7b;mmke-entity/minigpt-4-vicuna-7b;mmke-entity/paligemma-3b;mmke-entity/qwen2.5-vl-3b;mmke-entity/smolvlm-1.7b;mmke-visual/blip2-opt-2.7b;mmke-visual/instructblip-vicuna-7b;mmke-visual/llava-v1.5-7b;mmke-visual/minigpt-4-vicuna-7b;mmke-visual/qwen2.5-vl-3b;mmke-visual/smolvlm-1.7b
recorded,power_a0.25_b0_g-1,M_new_norm,1,17,False,21,63.826470588235296,68.11329411764706,-4.286823529411765,63.826470588235296,-4.286823529411765,1,13,3,1,3,0.0,-70.81,1.0100000000000051,0.17647058823529413,evqa-pilot500/blip2-opt-2.7b;evqa-pilot500/instructblip-vicuna-7b;evqa-pilot500/llava-v1.5-7b;evqa-pilot500/minigpt-4-vicuna-7b;evqa-pilot500/qwen2.5-vl-3b;evqa-pilot500/smolvlm-1.7b;mmke-entity/blip2-opt-2.7b;mmke-entity/instructblip-vicuna-7b;mmke-entity/minigpt-4-vicuna-7b;mmke-entity/paligemma-3b;mmke-entity/qwen2.5-vl-3b;mmke-entity/smolvlm-1.7b;mmke-visual/blip2-opt-2.7b;mmke-visual/instructblip-vicuna-7b;mmke-visual/minigpt-4-vicuna-7b;mmke-visual/qwen2.5-vl-3b;mmke-visual/smolvlm-1.7b
recorded,power_a0.25_b0_g-1,M_new_norm,3,15,False,21,71.39786666666667,71.88293333333334,-0.4850666666666664,67.24106666666667,-1.9939111111111112,0,14,1,0,1,0.0,-7.275999999999996,0.0,0.3333333333333333,evqa-pilot500/blip2-opt-2.7b;evqa-pilot500/minigpt-4-vicuna-7b;evqa-pilot500/qwen2.5-vl-3b;evqa-pilot500/smolvlm-1.7b;mmke-entity/blip2-opt-2.7b;mmke-entity/instructblip-vicuna-7b;mmke-entity/minigpt-4-vicuna-7b;mmke-entity/paligemma-3b;mmke-entity/qwen2.5-vl-3b;mmke-entity/smolvlm-1.7b;mmke-visual/blip2-opt-2.7b;mmke-visual/instructblip-vicuna-7b;mmke-visual/minigpt-4-vicuna-7b;mmke-visual/qwen2.5-vl-3b;mmke-visual/smolvlm-1.7b
recorded,power_a0.25_b0_g0,M_abscos_x_newn,1,20,False,21,71.1554,70.6836,0.4718,71.1554,0.4718,1,16,3,1,2,0.0,-0.8500000000000014,11.543999999999997,0.2,evqa-pilot500/blip2-opt-2.7b;evqa-pilot500/instructblip-vicuna-7b;evqa-pilot500/llava-v1.5-7b;evqa-pilot500/minigpt-4-vicuna-7b;evqa-pilot500/paligemma-3b;evqa-pilot500/qwen2.5-vl-3b;evqa-pilot500/smolvlm-1.7b;mmke-entity/blip2-opt-2.7b;mmke-entity/instructblip-vicuna-7b;mmke-entity/minigpt-4-vicuna-7b;mmke-entity/paligemma-3b;mmke-entity/qwen2.5-vl-3b;mmke-entity/smolvlm-1.7b;mmke-visual/blip2-opt-2.7b;mmke-visual/instructblip-vicuna-7b;mmke-visual/llava-v1.5-7b;mmke-visual/minigpt-4-vicuna-7b;mmke-visual/paligemma-3b;mmke-visual/qwen2.5-vl-3b;mmke-visual/smolvlm-1.7b
recorded,power_a0.25_b0_g0,M_abscos_x_newn,3,18,False,21,73.19222222222223,72.96677777777778,0.22544444444444364,70.4745925925926,0.12022222222222151,1,14,3,1,2,0.0,-0.8500000000000014,6.1640000000000015,0.3888888888888889,evqa-pilot500/blip2-opt-2.7b;evqa-pilot500/instructblip-vicuna-7b;evqa-pilot500/minigpt-4-vicuna-7b;evqa-pilot500/paligemma-3b;evqa-pilot500/qwen2.5-vl-3b;evqa-pilot500/smolvlm-1.7b;mmke-entity/blip2-opt-2.7b;mmke-entity/instructblip-vicuna-7b;mmke-entity/minigpt-4-vicuna-7b;mmke-entity/paligemma-3b;mmke-entity/qwen2.5-vl-3b;mmke-entity/smolvlm-1.7b;mmke-visual/blip2-opt-2.7b;mmke-visual/instructblip-vicuna-7b;mmke-visual/minigpt-4-vicuna-7b;mmke-visual/paligemma-3b;mmke-visual/qwen2.5-vl-3b;mmke-visual/smolvlm-1.7b
recorded,power_a0.25_b0_g0,M_new_norm,1,19,False,21,70.94473684210526,70.26957894736842,0.6751578947368423,70.94473684210526,0.6751578947368423,1,17,1,1,0,0.0,-0.44599999999999795,13.274000000000001,0.21052631578947367,evqa-pilot500/blip2-opt-2.7b;evqa-pilot500/instructblip-vicuna-7b;evqa-pilot500/llava-v1.5-7b;evqa-pilot500/minigpt-4-vicuna-7b;evqa-pilot500/paligemma-3b;evqa-pilot500/qwen2.5-vl-3b;evqa-pilot500/smolvlm-1.7b;mmke-entity/blip2-opt-2.7b;mmke-entity/instructblip-vicuna-7b;mmke-entity/minigpt-4-vicuna-7b;mmke-entity/paligemma-3b;mmke-entity/qwen2.5-vl-3b;mmke-entity/smolvlm-1.7b;mmke-visual/blip2-opt-2.7b;mmke-visual/instructblip-vicuna-7b;mmke-visual/minigpt-4-vicuna-7b;mmke-visual/paligemma-3b;mmke-visual/qwen2.5-vl-3b;mmke-visual/smolvlm-1.7b
recorded,power_a0.25_b0_g0,M_new_norm,3,17,False,21,74.29352941176471,74.29352941176471,0.0,71.56211764705883,0.06996078431372572,0,17,0,0,0,0.0,0.0,0.0,0.35294117647058826,evqa-pilot500/blip2-opt-2.7b;evqa-pilot500/minigpt-4-vicuna-7b;evqa-pilot500/paligemma-3b;evqa-pilot500/qwen2.5-vl-3b;evqa-pilot500/smolvlm-1.7b;mmke-entity/blip2-opt-2.7b;mmke-entity/instructblip-vicuna-7b;mmke-entity/minigpt-4-vicuna-7b;mmke-entity/paligemma-3b;mmke-entity/qwen2.5-vl-3b;mmke-entity/smolvlm-1.7b;mmke-visual/blip2-opt-2.7b;mmke-visual/instructblip-vicuna-7b;mmke-visual/minigpt-4-vicuna-7b;mmke-visual/paligemma-3b;mmke-visual/qwen2.5-vl-3b;mmke-visual/smolvlm-1.7b
recorded,power_a0.25_b0_g0.5,M_abscos_x_newn,1,15,False,21,69.07826666666666,70.95,-1.8717333333333335,69.07826666666666,-1.8717333333333335,3,5,7,3,5,0.0,-20.540000000000006,14.930000000000007,0,evqa-pilot500/blip2-opt-2.7b;evqa-pilot500/instructblip-vicuna-7b;evqa-pilot500/minigpt-4-vicuna-7b;evqa-pilot500/paligemma-3b;evqa-pilot500/qwen2.5-vl-3b;evqa-pilot500/smolvlm-1.7b;mmke-entity/blip2-opt-2.7b;mmke-entity/instructblip-vicuna-7b;mmke-entity/paligemma-3b;mmke-visual/blip2-opt-2.7b;mmke-visual/instructblip-vicuna-7b;mmke-visual/llava-v1.5-7b;mmke-visual/minigpt-4-vicuna-7b;mmke-visual/paligemma-3b;mmke-visual/smolvlm-1.7b
recorded,power_a0.25_b0_g0.5,M_abscos_x_newn,3,8,False,21,77.5655,78.51525,-0.9497500000000025,75.64316666666667,-0.2513333333333332,1,4,3,1,2,0.0,-7.549999999999997,0.8219999999999885,0.25,evqa-pilot500/minigpt-4-vicuna-7b;evqa-pilot500/paligemma-3b;evqa-pilot500/qwen2.5-vl-3b;mmke-entity/blip2-opt-2.7b;mmke-entity/paligemma-3b;mmke-visual/blip2-opt-2.7b;mmke-visual/llava-v1.5-7b;mmke-visual/paligemma-3b
recorded,power_a0.25_b0_g0.5,M_new_norm,1,14,False,21,68.54442857142857,70.442,-1.8975714285714287,68.54442857142857,-1.8975714285714287,5,3,6,5,5,0.0,-20.540000000000006,14.930000000000007,0,evqa-pilot500/blip2-opt-2.7b;evqa-pilot500/instructblip-vicuna-7b;evqa-pilot500/minigpt-4-vicuna-7b;evqa-pilot500/paligemma-3b;evqa-pilot500/qwen2.5-vl-3b;evqa-pilot500/smolvlm-1.7b;mmke-entity/blip2-opt-2.7b;mmke-entity/instructblip-vicuna-7b;mmke-entity/paligemma-3b;mmke-visual/blip2-opt-2.7b;mmke-visual/instructblip-vicuna-7b;mmke-visual/minigpt-4-vicuna-7b;mmke-visual/paligemma-3b;mmke-visual/smolvlm-1.7b
recorded,power_a0.25_b0_g0.5,M_new_norm,3,7,False,21,77.64514285714286,79.60714285714286,-1.9620000000000013,75.47457142857142,-0.7676190476190479,1,3,3,1,3,0.0,-7.549999999999997,0.6599999999999966,0.14285714285714285,evqa-pilot500/minigpt-4-vicuna-7b;evqa-pilot500/paligemma-3b;evqa-pilot500/qwen2.5-vl-3b;mmke-entity/blip2-opt-2.7b;mmke-entity/paligemma-3b;mmke-visual/blip2-opt-2.7b;mmke-visual/paligemma-3b
recorded,power_a0.25_b0_g1,M_abscos_x_newn,1,17,False,21,70.81611764705882,71.89011764705883,-1.0740000000000005,70.81611764705882,-1.0740000000000005,6,4,7,5,6,0.0,-22.24000000000001,14.88000000000001,0.058823529411764705,evqa-pilot500/blip2-opt-2.7b;evqa-pilot500/minigpt-4-vicuna-7b;evqa-pilot500/paligemma-3b;evqa-pilot500/qwen2.5-vl-3b;evqa-pilot500/smolvlm-1.7b;mmke-entity/blip2-opt-2.7b;mmke-entity/instructblip-vicuna-7b;mmke-entity/minigpt-4-vicuna-7b;mmke-entity/paligemma-3b;mmke-entity/qwen2.5-vl-3b;mmke-entity/smolvlm-1.7b;mmke-visual/blip2-opt-2.7b;mmke-visual/instructblip-vicuna-7b;mmke-visual/llava-v1.5-7b;mmke-visual/paligemma-3b;mmke-visual/qwen2.5-vl-3b;mmke-visual/smolvlm-1.7b
recorded,power_a0.25_b0_g1,M_abscos_x_newn,3,13,False,21,71.96292307692308,74.51784615384615,-2.5549230769230813,70.55635897435897,-1.0027179487179525,3,2,8,3,5,-0.21600000000000819,-21.60000000000001,16.685999999999993,0.07692307692307693,evqa-pilot500/blip2-opt-2.7b;evqa-pilot500/minigpt-4-vicuna-7b;evqa-pilot500/paligemma-3b;evqa-pilot500/qwen2.5-vl-3b;mmke-entity/blip2-opt-2.7b;mmke-entity/instructblip-vicuna-7b;mmke-entity/minigpt-4-vicuna-7b;mmke-entity/paligemma-3b;mmke-visual/blip2-opt-2.7b;mmke-visual/instructblip-vicuna-7b;mmke-visual/paligemma-3b;mmke-visual/qwen2.5-vl-3b;mmke-visual/smolvlm-1.7b
recorded,power_a0.25_b0_g1,M_new_norm,1,16,False,21,70.43525,71.522,-1.0867499999999999,70.43525,-1.0867499999999999,8,1,7,6,6,0.00999999999999801,-22.24000000000001,14.88000000000001,0.0625,evqa-pilot500/blip2-opt-2.7b;evqa-pilot500/minigpt-4-vicuna-7b;evqa-pilot500/paligemma-3b;evqa-pilot500/qwen2.5-vl-3b;evqa-pilot500/smolvlm-1.7b;mmke-entity/blip2-opt-2.7b;mmke-entity/instructblip-vicuna-7b;mmke-entity/minigpt-4-vicuna-7b;mmke-entity/paligemma-3b;mmke-entity/qwen2.5-vl-3b;mmke-entity/smolvlm-1.7b;mmke-visual/blip2-opt-2.7b;mmke-visual/instructblip-vicuna-7b;mmke-visual/paligemma-3b;mmke-visual/qwen2.5-vl-3b;mmke-visual/smolvlm-1.7b
recorded,power_a0.25_b0_g1,M_new_norm,3,13,False,21,71.96292307692308,74.88892307692308,-2.9260000000000037,70.55635897435897,-1.137743589743593,5,2,6,4,5,0.0,-21.60000000000001,16.685999999999993,0.07692307692307693,evqa-pilot500/blip2-opt-2.7b;evqa-pilot500/minigpt-4-vicuna-7b;evqa-pilot500/paligemma-3b;evqa-pilot500/qwen2.5-vl-3b;mmke-entity/blip2-opt-2.7b;mmke-entity/instructblip-vicuna-7b;mmke-entity/minigpt-4-vicuna-7b;mmke-entity/paligemma-3b;mmke-visual/blip2-opt-2.7b;mmke-visual/instructblip-vicuna-7b;mmke-visual/paligemma-3b;mmke-visual/qwen2.5-vl-3b;mmke-visual/smolvlm-1.7b
recorded,power_a0.25_b0_g2,M_abscos_x_newn,1,18,False,21,70.19755555555555,71.33577777777778,-1.1382222222222214,70.19755555555555,-1.1382222222222214,4,1,13,4,11,-0.9200000000000017,-22.24000000000001,17.439999999999998,0.05555555555555555,evqa-pilot500/blip2-opt-2.7b;evqa-pilot500/llava-v1.5-7b;evqa-pilot500/minigpt-4-vicuna-7b;evqa-pilot500/paligemma-3b;evqa-pilot500/qwen2.5-vl-3b;evqa-pilot500/smolvlm-1.7b;mmke-entity/blip2-opt-2.7b;mmke-entity/instructblip-vicuna-7b;mmke-entity/minigpt-4-vicuna-7b;mmke-entity/paligemma-3b;mmke-entity/qwen2.5-vl-3b;mmke-entity/smolvlm-1.7b;mmke-visual/blip2-opt-2.7b;mmke-visual/instructblip-vicuna-7b;mmke-visual/minigpt-4-vicuna-7b;mmke-visual/paligemma-3b;mmke-visual/qwen2.5-vl-3b;mmke-visual/smolvlm-1.7b
recorded,power_a0.25_b0_g2,M_abscos_x_newn,3,16,False,21,72.2625,74.6245,-2.362000000000001,70.27708333333334,-1.8124583333333364,4,2,10,2,9,-0.740000000000002,-21.60000000000001,17.093999999999994,0.125,evqa-pilot500/blip2-opt-2.7b;evqa-pilot500/paligemma-3b;evqa-pilot500/qwen2.5-vl-3b;evqa-pilot500/smolvlm-1.7b;mmke-entity/blip2-opt-2.7b;mmke-entity/instructblip-vicuna-7b;mmke-entity/minigpt-4-vicuna-7b;mmke-entity/paligemma-3b;mmke-entity/qwen2.5-vl-3b;mmke-entity/smolvlm-1.7b;mmke-visual/blip2-opt-2.7b;mmke-visual/instructblip-vicuna-7b;mmke-visual/minigpt-4-vicuna-7b;mmke-visual/paligemma-3b;mmke-visual/qwen2.5-vl-3b;mmke-visual/smolvlm-1.7b
recorded,power_a0.25_b0_g2,M_new_norm,1,18,False,21,70.19755555555555,71.14733333333334,-0.9497777777777768,70.19755555555555,-0.9497777777777768,6,0,12,5,11,-0.7349999999999994,-22.24000000000001,17.439999999999998,0.05555555555555555,evqa-pilot500/blip2-opt-2.7b;evqa-pilot500/llava-v1.5-7b;evqa-pilot500/minigpt-4-vicuna-7b;evqa-pilot500/paligemma-3b;evqa-pilot500/qwen2.5-vl-3b;evqa-pilot500/smolvlm-1.7b;mmke-entity/blip2-opt-2.7b;mmke-entity/instructblip-vicuna-7b;mmke-entity/minigpt-4-vicuna-7b;mmke-entity/paligemma-3b;mmke-entity/qwen2.5-vl-3b;mmke-entity/smolvlm-1.7b;mmke-visual/blip2-opt-2.7b;mmke-visual/instructblip-vicuna-7b;mmke-visual/minigpt-4-vicuna-7b;mmke-visual/paligemma-3b;mmke-visual/qwen2.5-vl-3b;mmke-visual/smolvlm-1.7b
recorded,power_a0.25_b0_g2,M_new_norm,3,16,False,21,72.2625,74.492875,-2.230375,70.27708333333334,-1.6743750000000022,6,0,10,3,9,-0.740000000000002,-21.60000000000001,17.093999999999994,0.125,evqa-pilot500/blip2-opt-2.7b;evqa-pilot500/paligemma-3b;evqa-pilot500/qwen2.5-vl-3b;evqa-pilot500/smolvlm-1.7b;mmke-entity/blip2-opt-2.7b;mmke-entity/instructblip-vicuna-7b;mmke-entity/minigpt-4-vicuna-7b;mmke-entity/paligemma-3b;mmke-entity/qwen2.5-vl-3b;mmke-entity/smolvlm-1.7b;mmke-visual/blip2-opt-2.7b;mmke-visual/instructblip-vicuna-7b;mmke-visual/minigpt-4-vicuna-7b;mmke-visual/paligemma-3b;mmke-visual/qwen2.5-vl-3b;mmke-visual/smolvlm-1.7b
recorded,power_a0.25_b0.5_g-1,M_abscos_x_newn,1,18,False,21,64.456,68.7178888888889,-4.2618888888888895,64.456,-4.2618888888888895,1,10,7,1,6,0.0,-70.81,1.0100000000000051,0.16666666666666666,evqa-pilot500/blip2-opt-2.7b;evqa-pilot500/instructblip-vicuna-7b;evqa-pilot500/llava-v1.5-7b;evqa-pilot500/minigpt-4-vicuna-7b;evqa-pilot500/qwen2.5-vl-3b;evqa-pilot500/smolvlm-1.7b;mmke-entity/blip2-opt-2.7b;mmke-entity/instructblip-vicuna-7b;mmke-entity/minigpt-4-vicuna-7b;mmke-entity/paligemma-3b;mmke-entity/qwen2.5-vl-3b;mmke-entity/smolvlm-1.7b;mmke-visual/blip2-opt-2.7b;mmke-visual/instructblip-vicuna-7b;mmke-visual/llava-v1.5-7b;mmke-visual/minigpt-4-vicuna-7b;mmke-visual/qwen2.5-vl-3b;mmke-visual/smolvlm-1.7b
recorded,power_a0.25_b0.5_g-1,M_abscos_x_newn,3,17,False,21,70.71905882352941,70.87305882352942,-0.15400000000000097,66.86486274509804,-1.6761960784313734,2,11,4,2,3,0.0,-7.275999999999996,6.1640000000000015,0.35294117647058826,evqa-pilot500/blip2-opt-2.7b;evqa-pilot500/instructblip-vicuna-7b;evqa-pilot500/minigpt-4-vicuna-7b;evqa-pilot500/qwen2.5-vl-3b;evqa-pilot500/smolvlm-1.7b;mmke-entity/blip2-opt-2.7b;mmke-entity/instructblip-vicuna-7b;mmke-entity/minigpt-4-vicuna-7b;mmke-entity/paligemma-3b;mmke-entity/qwen2.5-vl-3b;mmke-entity/smolvlm-1.7b;mmke-visual/blip2-opt-2.7b;mmke-visual/instructblip-vicuna-7b;mmke-visual/llava-v1.5-7b;mmke-visual/minigpt-4-vicuna-7b;mmke-visual/qwen2.5-vl-3b;mmke-visual/smolvlm-1.7b
recorded,power_a0.25_b0.5_g-1,M_new_norm,1,17,False,21,63.826470588235296,68.11329411764706,-4.286823529411765,63.826470588235296,-4.286823529411765,1,13,3,1,3,0.0,-70.81,1.0100000000000051,0.17647058823529413,evqa-pilot500/blip2-opt-2.7b;evqa-pilot500/instructblip-vicuna-7b;evqa-pilot500/llava-v1.5-7b;evqa-pilot500/minigpt-4-vicuna-7b;evqa-pilot500/qwen2.5-vl-3b;evqa-pilot500/smolvlm-1.7b;mmke-entity/blip2-opt-2.7b;mmke-entity/instructblip-vicuna-7b;mmke-entity/minigpt-4-vicuna-7b;mmke-entity/paligemma-3b;mmke-entity/qwen2.5-vl-3b;mmke-entity/smolvlm-1.7b;mmke-visual/blip2-opt-2.7b;mmke-visual/instructblip-vicuna-7b;mmke-visual/minigpt-4-vicuna-7b;mmke-visual/qwen2.5-vl-3b;mmke-visual/smolvlm-1.7b
recorded,power_a0.25_b0.5_g-1,M_new_norm,3,15,False,21,71.39786666666667,71.88293333333334,-0.4850666666666664,67.24106666666667,-1.9939111111111112,0,14,1,0,1,0.0,-7.275999999999996,0.0,0.3333333333333333,evqa-pilot500/blip2-opt-2.7b;evqa-pilot500/minigpt-4-vicuna-7b;evqa-pilot500/qwen2.5-vl-3b;evqa-pilot500/smolvlm-1.7b;mmke-entity/blip2-opt-2.7b;mmke-entity/instructblip-vicuna-7b;mmke-entity/minigpt-4-vicuna-7b;mmke-entity/paligemma-3b;mmke-entity/qwen2.5-vl-3b;mmke-entity/smolvlm-1.7b;mmke-visual/blip2-opt-2.7b;mmke-visual/instructblip-vicuna-7b;mmke-visual/minigpt-4-vicuna-7b;mmke-visual/qwen2.5-vl-3b;mmke-visual/smolvlm-1.7b
recorded,power_a0.25_b0.5_g0,M_abscos_x_newn,1,19,False,21,70.26957894736842,70.4481052631579,-0.17852631578947384,70.26957894736842,-0.17852631578947384,1,14,4,0,3,0.0,-1.730000000000004,0.44599999999999795,0.21052631578947367,evqa-pilot500/blip2-opt-2.7b;evqa-pilot500/instructblip-vicuna-7b;evqa-pilot500/llava-v1.5-7b;evqa-pilot500/minigpt-4-vicuna-7b;evqa-pilot500/paligemma-3b;evqa-pilot500/qwen2.5-vl-3b;evqa-pilot500/smolvlm-1.7b;mmke-entity/blip2-opt-2.7b;mmke-entity/instructblip-vicuna-7b;mmke-entity/minigpt-4-vicuna-7b;mmke-entity/paligemma-3b;mmke-entity/qwen2.5-vl-3b;mmke-entity/smolvlm-1.7b;mmke-visual/blip2-opt-2.7b;mmke-visual/instructblip-vicuna-7b;mmke-visual/minigpt-4-vicuna-7b;mmke-visual/paligemma-3b;mmke-visual/qwen2.5-vl-3b;mmke-visual/smolvlm-1.7b
recorded,power_a0.25_b0.5_g0,M_abscos_x_newn,3,18,False,21,73.19222222222223,72.96677777777778,0.22544444444444364,70.40851851851852,0.05414814814814722,1,14,3,1,2,0.0,-0.8500000000000014,6.1640000000000015,0.3888888888888889,evqa-pilot500/blip2-opt-2.7b;evqa-pilot500/instructblip-vicuna-7b;evqa-pilot500/minigpt-4-vicuna-7b;evqa-pilot500/paligemma-3b;evqa-pilot500/qwen2.5-vl-3b;evqa-pilot500/smolvlm-1.7b;mmke-entity/blip2-opt-2.7b;mmke-entity/instructblip-vicuna-7b;mmke-entity/minigpt-4-vicuna-7b;mmke-entity/paligemma-3b;mmke-entity/qwen2.5-vl-3b;mmke-entity/smolvlm-1.7b;mmke-visual/blip2-opt-2.7b;mmke-visual/instructblip-vicuna-7b;mmke-visual/minigpt-4-vicuna-7b;mmke-visual/paligemma-3b;mmke-visual/qwen2.5-vl-3b;mmke-visual/smolvlm-1.7b
recorded,power_a0.25_b0.5_g0,M_new_norm,1,19,False,21,70.26957894736842,70.26957894736842,0.0,70.26957894736842,0.0,0,19,0,0,0,0.0,0.0,0.0,0.21052631578947367,evqa-pilot500/blip2-opt-2.7b;evqa-pilot500/instructblip-vicuna-7b;evqa-pilot500/llava-v1.5-7b;evqa-pilot500/minigpt-4-vicuna-7b;evqa-pilot500/paligemma-3b;evqa-pilot500/qwen2.5-vl-3b;evqa-pilot500/smolvlm-1.7b;mmke-entity/blip2-opt-2.7b;mmke-entity/instructblip-vicuna-7b;mmke-entity/minigpt-4-vicuna-7b;mmke-entity/paligemma-3b;mmke-entity/qwen2.5-vl-3b;mmke-entity/smolvlm-1.7b;mmke-visual/blip2-opt-2.7b;mmke-visual/instructblip-vicuna-7b;mmke-visual/minigpt-4-vicuna-7b;mmke-visual/paligemma-3b;mmke-visual/qwen2.5-vl-3b;mmke-visual/smolvlm-1.7b
recorded,power_a0.25_b0.5_g0,M_new_norm,3,17,False,21,74.29352941176471,74.29352941176471,0.0,71.4921568627451,0.0,0,17,0,0,0,0.0,0.0,0.0,0.35294117647058826,evqa-pilot500/blip2-opt-2.7b;evqa-pilot500/minigpt-4-vicuna-7b;evqa-pilot500/paligemma-3b;evqa-pilot500/qwen2.5-vl-3b;evqa-pilot500/smolvlm-1.7b;mmke-entity/blip2-opt-2.7b;mmke-entity/instructblip-vicuna-7b;mmke-entity/minigpt-4-vicuna-7b;mmke-entity/paligemma-3b;mmke-entity/qwen2.5-vl-3b;mmke-entity/smolvlm-1.7b;mmke-visual/blip2-opt-2.7b;mmke-visual/instructblip-vicuna-7b;mmke-visual/minigpt-4-vicuna-7b;mmke-visual/paligemma-3b;mmke-visual/qwen2.5-vl-3b;mmke-visual/smolvlm-1.7b
recorded,power_a0.25_b0.5_g0.5,M_abscos_x_newn,1,15,False,21,69.86106666666666,70.32053333333333,-0.45946666666666686,69.86106666666666,-0.45946666666666686,4,6,5,3,5,0.0,-5.560000000000002,5.3799999999999955,0,evqa-pilot500/blip2-opt-2.7b;evqa-pilot500/instructblip-vicuna-7b;evqa-pilot500/llava-v1.5-7b;evqa-pilot500/minigpt-4-vicuna-7b;evqa-pilot500/paligemma-3b;evqa-pilot500/qwen2.5-vl-3b;evqa-pilot500/smolvlm-1.7b;mmke-entity/blip2-opt-2.7b;mmke-entity/paligemma-3b;mmke-entity/smolvlm-1.7b;mmke-visual/blip2-opt-2.7b;mmke-visual/llava-v1.5-7b;mmke-visual/minigpt-4-vicuna-7b;mmke-visual/paligemma-3b;mmke-visual/qwen2.5-vl-3b
recorded,power_a0.25_b0.5_g0.5,M_abscos_x_newn,3,11,False,21,74.98181818181818,75.242,-0.2601818181818177,72.53587878787879,-0.018666666666666224,3,4,4,2,2,0.0,-7.549999999999997,4.094000000000008,0.09090909090909091,evqa-pilot500/blip2-opt-2.7b;evqa-pilot500/minigpt-4-vicuna-7b;evqa-pilot500/paligemma-3b;evqa-pilot500/qwen2.5-vl-3b;evqa-pilot500/smolvlm-1.7b;mmke-entity/blip2-opt-2.7b;mmke-entity/paligemma-3b;mmke-visual/blip2-opt-2.7b;mmke-visual/minigpt-4-vicuna-7b;mmke-visual/paligemma-3b;mmke-visual/qwen2.5-vl-3b
recorded,power_a0.25_b0.5_g0.5,M_new_norm,1,14,False,21,69.38314285714286,69.76757142857143,-0.3844285714285718,69.38314285714286,-0.3844285714285718,4,4,6,3,4,0.0,-5.560000000000002,7.109999999999999,0,evqa-pilot500/blip2-opt-2.7b;evqa-pilot500/instructblip-vicuna-7b;evqa-pilot500/llava-v1.5-7b;evqa-pilot500/minigpt-4-vicuna-7b;evqa-pilot500/paligemma-3b;evqa-pilot500/qwen2.5-vl-3b;evqa-pilot500/smolvlm-1.7b;mmke-entity/blip2-opt-2.7b;mmke-entity/paligemma-3b;mmke-entity/smolvlm-1.7b;mmke-visual/blip2-opt-2.7b;mmke-visual/minigpt-4-vicuna-7b;mmke-visual/paligemma-3b;mmke-visual/qwen2.5-vl-3b
recorded,power_a0.25_b0.5_g0.5,M_new_norm,3,11,False,21,74.98181818181818,75.65545454545455,-0.6736363636363627,72.53587878787879,-0.14775757575757417,4,3,4,3,3,0.0,-7.549999999999997,3.9540000000000006,0.09090909090909091,evqa-pilot500/blip2-opt-2.7b;evqa-pilot500/minigpt-4-vicuna-7b;evqa-pilot500/paligemma-3b;evqa-pilot500/qwen2.5-vl-3b;evqa-pilot500/smolvlm-1.7b;mmke-entity/blip2-opt-2.7b;mmke-entity/paligemma-3b;mmke-visual/blip2-opt-2.7b;mmke-visual/minigpt-4-vicuna-7b;mmke-visual/paligemma-3b;mmke-visual/qwen2.5-vl-3b
recorded,power_a0.25_b0.5_g1,M_abscos_x_newn,1,16,False,21,70.18062499999999,71.285875,-1.1052500000000007,70.18062499999999,-1.1052500000000007,5,4,7,4,4,0.0,-20.540000000000006,14.88000000000001,0.0625,evqa-pilot500/blip2-opt-2.7b;evqa-pilot500/instructblip-vicuna-7b;evqa-pilot500/minigpt-4-vicuna-7b;evqa-pilot500/paligemma-3b;evqa-pilot500/qwen2.5-vl-3b;mmke-entity/blip2-opt-2.7b;mmke-entity/instructblip-vicuna-7b;mmke-entity/minigpt-4-vicuna-7b;mmke-entity/paligemma-3b;mmke-entity/smolvlm-1.7b;mmke-visual/blip2-opt-2.7b;mmke-visual/instructblip-vicuna-7b;mmke-visual/llava-v1.5-7b;mmke-visual/minigpt-4-vicuna-7b;mmke-visual/paligemma-3b;mmke-visual/smolvlm-1.7b
recorded,power_a0.25_b0.5_g1,M_abscos_x_newn,3,13,False,21,70.53461538461538,74.7116923076923,-4.1770769230769265,69.45220512820512,-2.337076923076924,1,3,9,1,5,-0.26400000000001,-20.730000000000004,0.8219999999999885,0.07692307692307693,evqa-pilot500/instructblip-vicuna-7b;evqa-pilot500/minigpt-4-vicuna-7b;evqa-pilot500/paligemma-3b;evqa-pilot500/qwen2.5-vl-3b;mmke-entity/blip2-opt-2.7b;mmke-entity/instructblip-vicuna-7b;mmke-entity/paligemma-3b;mmke-visual/blip2-opt-2.7b;mmke-visual/instructblip-vicuna-7b;mmke-visual/llava-v1.5-7b;mmke-visual/minigpt-4-vicuna-7b;mmke-visual/paligemma-3b;mmke-visual/smolvlm-1.7b
recorded,power_a0.25_b0.5_g1,M_new_norm,1,15,False,21,69.72546666666666,70.8016,-1.0761333333333336,69.72546666666666,-1.0761333333333336,8,2,5,5,4,0.01999999999999602,-20.540000000000006,14.88000000000001,0,evqa-pilot500/blip2-opt-2.7b;evqa-pilot500/instructblip-vicuna-7b;evqa-pilot500/minigpt-4-vicuna-7b;evqa-pilot500/paligemma-3b;evqa-pilot500/qwen2.5-vl-3b;mmke-entity/blip2-opt-2.7b;mmke-entity/instructblip-vicuna-7b;mmke-entity/minigpt-4-vicuna-7b;mmke-entity/paligemma-3b;mmke-entity/smolvlm-1.7b;mmke-visual/blip2-opt-2.7b;mmke-visual/instructblip-vicuna-7b;mmke-visual/minigpt-4-vicuna-7b;mmke-visual/paligemma-3b;mmke-visual/smolvlm-1.7b
recorded,power_a0.25_b0.5_g1,M_new_norm,3,11,False,21,71.82109090909091,76.83127272727273,-5.01018181818182,70.57254545454545,-2.794060606060607,2,2,7,1,5,-0.26400000000001,-20.730000000000004,0.6599999999999966,0,evqa-pilot500/minigpt-4-vicuna-7b;evqa-pilot500/paligemma-3b;evqa-pilot500/qwen2.5-vl-3b;mmke-entity/blip2-opt-2.7b;mmke-entity/instructblip-vicuna-7b;mmke-entity/paligemma-3b;mmke-visual/blip2-opt-2.7b;mmke-visual/instructblip-vicuna-7b;mmke-visual/minigpt-4-vicuna-7b;mmke-visual/paligemma-3b;mmke-visual/smolvlm-1.7b
recorded,power_a0.25_b0.5_g2,M_abscos_x_newn,1,17,False,21,69.82658823529411,71.6744705882353,-1.847882352941176,69.82658823529411,-1.847882352941176,4,3,10,3,8,-0.19000000000000483,-21.910000000000004,15.64,0,evqa-pilot500/blip2-opt-2.7b;evqa-pilot500/instructblip-vicuna-7b;evqa-pilot500/paligemma-3b;evqa-pilot500/qwen2.5-vl-3b;evqa-pilot500/smolvlm-1.7b;mmke-entity/blip2-opt-2.7b;mmke-entity/instructblip-vicuna-7b;mmke-entity/minigpt-4-vicuna-7b;mmke-entity/paligemma-3b;mmke-entity/qwen2.5-vl-3b;mmke-entity/smolvlm-1.7b;mmke-visual/blip2-opt-2.7b;mmke-visual/instructblip-vicuna-7b;mmke-visual/minigpt-4-vicuna-7b;mmke-visual/paligemma-3b;mmke-visual/qwen2.5-vl-3b;mmke-visual/smolvlm-1.7b
recorded,power_a0.25_b0.5_g2,M_abscos_x_newn,3,13,False,21,73.97492307692308,74.98092307692308,-1.0060000000000013,72.766,0.3330256410256381,4,0,9,3,5,-0.21600000000000819,-21.050000000000004,17.093999999999994,0.15384615384615385,evqa-pilot500/blip2-opt-2.7b;evqa-pilot500/paligemma-3b;evqa-pilot500/qwen2.5-vl-3b;evqa-pilot500/smolvlm-1.7b;mmke-entity/blip2-opt-2.7b;mmke-entity/instructblip-vicuna-7b;mmke-entity/minigpt-4-vicuna-7b;mmke-entity/paligemma-3b;mmke-entity/qwen2.5-vl-3b;mmke-visual/blip2-opt-2.7b;mmke-visual/paligemma-3b;mmke-visual/qwen2.5-vl-3b;mmke-visual/smolvlm-1.7b
recorded,power_a0.25_b0.5_g2,M_new_norm,1,17,False,21,69.82658823529411,71.57670588235294,-1.7501176470588233,69.82658823529411,-1.7501176470588233,6,1,10,4,8,-0.44599999999999795,-21.910000000000004,15.64,0,evqa-pilot500/blip2-opt-2.7b;evqa-pilot500/instructblip-vicuna-7b;evqa-pilot500/paligemma-3b;evqa-pilot500/qwen2.5-vl-3b;evqa-pilot500/smolvlm-1.7b;mmke-entity/blip2-opt-2.7b;mmke-entity/instructblip-vicuna-7b;mmke-entity/minigpt-4-vicuna-7b;mmke-entity/paligemma-3b;mmke-entity/qwen2.5-vl-3b;mmke-entity/smolvlm-1.7b;mmke-visual/blip2-opt-2.7b;mmke-visual/instructblip-vicuna-7b;mmke-visual/minigpt-4-vicuna-7b;mmke-visual/paligemma-3b;mmke-visual/qwen2.5-vl-3b;mmke-visual/smolvlm-1.7b
recorded,power_a0.25_b0.5_g2,M_new_norm,3,13,False,21,73.97492307692308,74.87784615384615,-0.9029230769230774,72.766,0.4429230769230744,6,0,7,4,5,-0.1599999999999966,-21.050000000000004,17.093999999999994,0.15384615384615385,evqa-pilot500/blip2-opt-2.7b;evqa-pilot500/paligemma-3b;evqa-pilot500/qwen2.5-vl-3b;evqa-pilot500/smolvlm-1.7b;mmke-entity/blip2-opt-2.7b;mmke-entity/instructblip-vicuna-7b;mmke-entity/minigpt-4-vicuna-7b;mmke-entity/paligemma-3b;mmke-entity/qwen2.5-vl-3b;mmke-visual/blip2-opt-2.7b;mmke-visual/paligemma-3b;mmke-visual/qwen2.5-vl-3b;mmke-visual/smolvlm-1.7b
recorded,power_a0.25_b1_g-1,M_abscos_x_newn,1,18,False,21,64.456,68.7178888888889,-4.2618888888888895,64.456,-4.2618888888888895,1,10,7,1,6,0.0,-70.81,1.0100000000000051,0.16666666666666666,evqa-pilot500/blip2-opt-2.7b;evqa-pilot500/instructblip-vicuna-7b;evqa-pilot500/llava-v1.5-7b;evqa-pilot500/minigpt-4-vicuna-7b;evqa-pilot500/qwen2.5-vl-3b;evqa-pilot500/smolvlm-1.7b;mmke-entity/blip2-opt-2.7b;mmke-entity/instructblip-vicuna-7b;mmke-entity/minigpt-4-vicuna-7b;mmke-entity/paligemma-3b;mmke-entity/qwen2.5-vl-3b;mmke-entity/smolvlm-1.7b;mmke-visual/blip2-opt-2.7b;mmke-visual/instructblip-vicuna-7b;mmke-visual/llava-v1.5-7b;mmke-visual/minigpt-4-vicuna-7b;mmke-visual/qwen2.5-vl-3b;mmke-visual/smolvlm-1.7b
recorded,power_a0.25_b1_g-1,M_abscos_x_newn,3,17,False,21,71.1470588235294,70.87305882352942,0.2739999999999988,67.14125490196078,-1.3998039215686287,2,12,3,2,2,0.0,-0.8500000000000014,6.1640000000000015,0.35294117647058826,evqa-pilot500/blip2-opt-2.7b;evqa-pilot500/instructblip-vicuna-7b;evqa-pilot500/minigpt-4-vicuna-7b;evqa-pilot500/qwen2.5-vl-3b;evqa-pilot500/smolvlm-1.7b;mmke-entity/blip2-opt-2.7b;mmke-entity/instructblip-vicuna-7b;mmke-entity/minigpt-4-vicuna-7b;mmke-entity/paligemma-3b;mmke-entity/qwen2.5-vl-3b;mmke-entity/smolvlm-1.7b;mmke-visual/blip2-opt-2.7b;mmke-visual/instructblip-vicuna-7b;mmke-visual/llava-v1.5-7b;mmke-visual/minigpt-4-vicuna-7b;mmke-visual/qwen2.5-vl-3b;mmke-visual/smolvlm-1.7b
recorded,power_a0.25_b1_g-1,M_new_norm,1,17,False,21,63.826470588235296,68.11329411764706,-4.286823529411765,63.826470588235296,-4.286823529411765,1,13,3,1,3,0.0,-70.81,1.0100000000000051,0.17647058823529413,evqa-pilot500/blip2-opt-2.7b;evqa-pilot500/instructblip-vicuna-7b;evqa-pilot500/llava-v1.5-7b;evqa-pilot500/minigpt-4-vicuna-7b;evqa-pilot500/qwen2.5-vl-3b;evqa-pilot500/smolvlm-1.7b;mmke-entity/blip2-opt-2.7b;mmke-entity/instructblip-vicuna-7b;mmke-entity/minigpt-4-vicuna-7b;mmke-entity/paligemma-3b;mmke-entity/qwen2.5-vl-3b;mmke-entity/smolvlm-1.7b;mmke-visual/blip2-opt-2.7b;mmke-visual/instructblip-vicuna-7b;mmke-visual/minigpt-4-vicuna-7b;mmke-visual/qwen2.5-vl-3b;mmke-visual/smolvlm-1.7b
recorded,power_a0.25_b1_g-1,M_new_norm,3,15,False,21,71.88293333333334,71.88293333333334,0.0,67.5543111111111,-1.6806666666666672,0,15,0,0,0,0.0,0.0,0.0,0.3333333333333333,evqa-pilot500/blip2-opt-2.7b;evqa-pilot500/minigpt-4-vicuna-7b;evqa-pilot500/qwen2.5-vl-3b;evqa-pilot500/smolvlm-1.7b;mmke-entity/blip2-opt-2.7b;mmke-entity/instructblip-vicuna-7b;mmke-entity/minigpt-4-vicuna-7b;mmke-entity/paligemma-3b;mmke-entity/qwen2.5-vl-3b;mmke-entity/smolvlm-1.7b;mmke-visual/blip2-opt-2.7b;mmke-visual/instructblip-vicuna-7b;mmke-visual/minigpt-4-vicuna-7b;mmke-visual/qwen2.5-vl-3b;mmke-visual/smolvlm-1.7b
recorded,power_a0.25_b1_g0,M_abscos_x_newn,1,19,False,21,70.26957894736842,70.4481052631579,-0.17852631578947384,70.26957894736842,-0.17852631578947384,1,14,4,0,3,0.0,-1.730000000000004,0.44599999999999795,0.21052631578947367,evqa-pilot500/blip2-opt-2.7b;evqa-pilot500/instructblip-vicuna-7b;evqa-pilot500/llava-v1.5-7b;evqa-pilot500/minigpt-4-vicuna-7b;evqa-pilot500/paligemma-3b;evqa-pilot500/qwen2.5-vl-3b;evqa-pilot500/smolvlm-1.7b;mmke-entity/blip2-opt-2.7b;mmke-entity/instructblip-vicuna-7b;mmke-entity/minigpt-4-vicuna-7b;mmke-entity/paligemma-3b;mmke-entity/qwen2.5-vl-3b;mmke-entity/smolvlm-1.7b;mmke-visual/blip2-opt-2.7b;mmke-visual/instructblip-vicuna-7b;mmke-visual/minigpt-4-vicuna-7b;mmke-visual/paligemma-3b;mmke-visual/qwen2.5-vl-3b;mmke-visual/smolvlm-1.7b
recorded,power_a0.25_b1_g0,M_abscos_x_newn,3,18,False,21,73.19222222222223,72.96677777777778,0.22544444444444364,70.40851851851852,0.05414814814814722,1,14,3,1,2,0.0,-0.8500000000000014,6.1640000000000015,0.3888888888888889,evqa-pilot500/blip2-opt-2.7b;evqa-pilot500/instructblip-vicuna-7b;evqa-pilot500/minigpt-4-vicuna-7b;evqa-pilot500/paligemma-3b;evqa-pilot500/qwen2.5-vl-3b;evqa-pilot500/smolvlm-1.7b;mmke-entity/blip2-opt-2.7b;mmke-entity/instructblip-vicuna-7b;mmke-entity/minigpt-4-vicuna-7b;mmke-entity/paligemma-3b;mmke-entity/qwen2.5-vl-3b;mmke-entity/smolvlm-1.7b;mmke-visual/blip2-opt-2.7b;mmke-visual/instructblip-vicuna-7b;mmke-visual/minigpt-4-vicuna-7b;mmke-visual/paligemma-3b;mmke-visual/qwen2.5-vl-3b;mmke-visual/smolvlm-1.7b
recorded,power_a0.25_b1_g0,M_new_norm,1,19,False,21,70.26957894736842,70.26957894736842,0.0,70.26957894736842,0.0,0,19,0,0,0,0.0,0.0,0.0,0.21052631578947367,evqa-pilot500/blip2-opt-2.7b;evqa-pilot500/instructblip-vicuna-7b;evqa-pilot500/llava-v1.5-7b;evqa-pilot500/minigpt-4-vicuna-7b;evqa-pilot500/paligemma-3b;evqa-pilot500/qwen2.5-vl-3b;evqa-pilot500/smolvlm-1.7b;mmke-entity/blip2-opt-2.7b;mmke-entity/instructblip-vicuna-7b;mmke-entity/minigpt-4-vicuna-7b;mmke-entity/paligemma-3b;mmke-entity/qwen2.5-vl-3b;mmke-entity/smolvlm-1.7b;mmke-visual/blip2-opt-2.7b;mmke-visual/instructblip-vicuna-7b;mmke-visual/minigpt-4-vicuna-7b;mmke-visual/paligemma-3b;mmke-visual/qwen2.5-vl-3b;mmke-visual/smolvlm-1.7b
recorded,power_a0.25_b1_g0,M_new_norm,3,17,False,21,74.29352941176471,74.29352941176471,0.0,71.4921568627451,0.0,0,17,0,0,0,0.0,0.0,0.0,0.35294117647058826,evqa-pilot500/blip2-opt-2.7b;evqa-pilot500/minigpt-4-vicuna-7b;evqa-pilot500/paligemma-3b;evqa-pilot500/qwen2.5-vl-3b;evqa-pilot500/smolvlm-1.7b;mmke-entity/blip2-opt-2.7b;mmke-entity/instructblip-vicuna-7b;mmke-entity/minigpt-4-vicuna-7b;mmke-entity/paligemma-3b;mmke-entity/qwen2.5-vl-3b;mmke-entity/smolvlm-1.7b;mmke-visual/blip2-opt-2.7b;mmke-visual/instructblip-vicuna-7b;mmke-visual/minigpt-4-vicuna-7b;mmke-visual/paligemma-3b;mmke-visual/qwen2.5-vl-3b;mmke-visual/smolvlm-1.7b
recorded,power_a0.25_b1_g0.5,M_abscos_x_newn,1,15,False,21,71.4544,71.44653333333333,0.007866666666668227,71.4544,0.007866666666668227,6,5,4,4,4,0.0,-11.199999999999996,9.474000000000004,0,evqa-pilot500/blip2-opt-2.7b;evqa-pilot500/llava-v1.5-7b;evqa-pilot500/minigpt-4-vicuna-7b;evqa-pilot500/paligemma-3b;evqa-pilot500/qwen2.5-vl-3b;evqa-pilot500/smolvlm-1.7b;mmke-entity/blip2-opt-2.7b;mmke-entity/paligemma-3b;mmke-entity/smolvlm-1.7b;mmke-visual/blip2-opt-2.7b;mmke-visual/llava-v1.5-7b;mmke-visual/minigpt-4-vicuna-7b;mmke-visual/paligemma-3b;mmke-visual/qwen2.5-vl-3b;mmke-visual/smolvlm-1.7b
recorded,power_a0.25_b1_g0.5,M_abscos_x_newn,3,11,False,21,74.77454545454546,74.7229090909091,0.05163636363636473,72.44787878787879,0.42066666666666597,3,6,2,2,1,0.0,-7.549999999999997,4.094000000000008,0.18181818181818182,evqa-pilot500/blip2-opt-2.7b;evqa-pilot500/minigpt-4-vicuna-7b;evqa-pilot500/paligemma-3b;evqa-pilot500/qwen2.5-vl-3b;evqa-pilot500/smolvlm-1.7b;mmke-entity/blip2-opt-2.7b;mmke-entity/paligemma-3b;mmke-entity/smolvlm-1.7b;mmke-visual/blip2-opt-2.7b;mmke-visual/paligemma-3b;mmke-visual/qwen2.5-vl-3b
recorded,power_a0.25_b1_g0.5,M_new_norm,1,14,False,21,71.09028571428571,70.974,0.11628571428571581,71.09028571428571,0.11628571428571581,5,4,5,4,3,0.0,-11.199999999999996,11.204000000000008,0,evqa-pilot500/blip2-opt-2.7b;evqa-pilot500/llava-v1.5-7b;evqa-pilot500/minigpt-4-vicuna-7b;evqa-pilot500/paligemma-3b;evqa-pilot500/qwen2.5-vl-3b;evqa-pilot500/smolvlm-1.7b;mmke-entity/blip2-opt-2.7b;mmke-entity/paligemma-3b;mmke-entity/smolvlm-1.7b;mmke-visual/blip2-opt-2.7b;mmke-visual/minigpt-4-vicuna-7b;mmke-visual/paligemma-3b;mmke-visual/qwen2.5-vl-3b;mmke-visual/smolvlm-1.7b
recorded,power_a0.25_b1_g0.5,M_new_norm,3,11,False,21,74.77454545454546,75.206,-0.43145454545454437,72.44787878787879,0.22060606060606022,3,6,2,2,2,0.0,-7.549999999999997,3.9540000000000006,0.18181818181818182,evqa-pilot500/blip2-opt-2.7b;evqa-pilot500/minigpt-4-vicuna-7b;evqa-pilot500/paligemma-3b;evqa-pilot500/qwen2.5-vl-3b;evqa-pilot500/smolvlm-1.7b;mmke-entity/blip2-opt-2.7b;mmke-entity/paligemma-3b;mmke-entity/smolvlm-1.7b;mmke-visual/blip2-opt-2.7b;mmke-visual/paligemma-3b;mmke-visual/qwen2.5-vl-3b
recorded,power_a0.25_b1_g1,M_abscos_x_newn,1,15,False,21,68.11293333333333,70.5392,-2.4262666666666663,68.11293333333333,-2.4262666666666663,2,6,7,2,7,0.0,-20.540000000000006,14.930000000000007,0,evqa-pilot500/blip2-opt-2.7b;evqa-pilot500/instructblip-vicuna-7b;evqa-pilot500/minigpt-4-vicuna-7b;evqa-pilot500/paligemma-3b;evqa-pilot500/qwen2.5-vl-3b;evqa-pilot500/smolvlm-1.7b;mmke-entity/blip2-opt-2.7b;mmke-entity/instructblip-vicuna-7b;mmke-entity/paligemma-3b;mmke-visual/blip2-opt-2.7b;mmke-visual/instructblip-vicuna-7b;mmke-visual/llava-v1.5-7b;mmke-visual/paligemma-3b;mmke-visual/qwen2.5-vl-3b;mmke-visual/smolvlm-1.7b
recorded,power_a0.25_b1_g1,M_abscos_x_newn,3,7,False,21,77.67885714285714,78.848,-1.16914285714286,75.50961904761905,-0.4181904761904777,0,3,4,0,1,-0.18000000000000682,-7.549999999999997,0.0,0,evqa-pilot500/minigpt-4-vicuna-7b;evqa-pilot500/paligemma-3b;evqa-pilot500/qwen2.5-vl-3b;mmke-entity/blip2-opt-2.7b;mmke-entity/paligemma-3b;mmke-visual/blip2-opt-2.7b;mmke-visual/paligemma-3b
recorded,power_a0.25_b1_g1,M_new_norm,1,14,False,21,67.51014285714285,70.05685714285714,-2.5467142857142853,67.51014285714285,-2.5467142857142853,2,4,8,2,6,-0.28800000000000026,-20.540000000000006,14.930000000000007,0,evqa-pilot500/blip2-opt-2.7b;evqa-pilot500/instructblip-vicuna-7b;evqa-pilot500/minigpt-4-vicuna-7b;evqa-pilot500/paligemma-3b;evqa-pilot500/qwen2.5-vl-3b;evqa-pilot500/smolvlm-1.7b;mmke-entity/blip2-opt-2.7b;mmke-entity/instructblip-vicuna-7b;mmke-entity/paligemma-3b;mmke-visual/blip2-opt-2.7b;mmke-visual/instructblip-vicuna-7b;mmke-visual/paligemma-3b;mmke-visual/qwen2.5-vl-3b;mmke-visual/smolvlm-1.7b
recorded,power_a0.25_b1_g1,M_new_norm,3,7,False,21,77.67885714285714,79.60714285714286,-1.928285714285717,75.50961904761905,-0.7325714285714297,1,2,4,1,2,-0.18000000000000682,-7.549999999999997,0.6599999999999966,0,evqa-pilot500/minigpt-4-vicuna-7b;evqa-pilot500/paligemma-3b;evqa-pilot500/qwen2.5-vl-3b;mmke-entity/blip2-opt-2.7b;mmke-entity/paligemma-3b;mmke-visual/blip2-opt-2.7b;mmke-visual/paligemma-3b
recorded,power_a0.25_b1_g2,M_abscos_x_newn,1,17,False,21,70.79,71.89011764705883,-1.1001176470588234,70.79,-1.1001176470588234,4,3,10,4,8,-0.19000000000000483,-20.460000000000008,14.88000000000001,0,evqa-pilot500/blip2-opt-2.7b;evqa-pilot500/minigpt-4-vicuna-7b;evqa-pilot500/paligemma-3b;evqa-pilot500/qwen2.5-vl-3b;evqa-pilot500/smolvlm-1.7b;mmke-entity/blip2-opt-2.7b;mmke-entity/instructblip-vicuna-7b;mmke-entity/minigpt-4-vicuna-7b;mmke-entity/paligemma-3b;mmke-entity/qwen2.5-vl-3b;mmke-entity/smolvlm-1.7b;mmke-visual/blip2-opt-2.7b;mmke-visual/instructblip-vicuna-7b;mmke-visual/llava-v1.5-7b;mmke-visual/paligemma-3b;mmke-visual/qwen2.5-vl-3b;mmke-visual/smolvlm-1.7b
recorded,power_a0.25_b1_g2,M_abscos_x_newn,3,12,False,21,72.43483333333333,75.00266666666667,-2.567833333333336,71.15333333333334,-0.9878333333333362,4,1,7,3,5,-0.22700000000000742,-20.56000000000001,16.685999999999993,0.08333333333333333,evqa-pilot500/blip2-opt-2.7b;evqa-pilot500/paligemma-3b;evqa-pilot500/qwen2.5-vl-3b;mmke-entity/blip2-opt-2.7b;mmke-entity/instructblip-vicuna-7b;mmke-entity/paligemma-3b;mmke-entity/qwen2.5-vl-3b;mmke-visual/blip2-opt-2.7b;mmke-visual/instructblip-vicuna-7b;mmke-visual/paligemma-3b;mmke-visual/qwen2.5-vl-3b;mmke-visual/smolvlm-1.7b
recorded,power_a0.25_b1_g2,M_new_norm,1,16,False,21,70.4075,71.522,-1.1144999999999992,70.4075,-1.1144999999999992,5,1,10,5,7,-0.40099999999999625,-20.460000000000008,14.88000000000001,0,evqa-pilot500/blip2-opt-2.7b;evqa-pilot500/minigpt-4-vicuna-7b;evqa-pilot500/paligemma-3b;evqa-pilot500/qwen2.5-vl-3b;evqa-pilot500/smolvlm-1.7b;mmke-entity/blip2-opt-2.7b;mmke-entity/instructblip-vicuna-7b;mmke-entity/minigpt-4-vicuna-7b;mmke-entity/paligemma-3b;mmke-entity/qwen2.5-vl-3b;mmke-entity/smolvlm-1.7b;mmke-visual/blip2-opt-2.7b;mmke-visual/instructblip-vicuna-7b;mmke-visual/paligemma-3b;mmke-visual/qwen2.5-vl-3b;mmke-visual/smolvlm-1.7b
recorded,power_a0.25_b1_g2,M_new_norm,3,12,False,21,72.43483333333333,74.93183333333333,-2.497000000000002,71.15333333333334,-0.9058888888888917,5,1,6,4,5,-0.132000000000005,-20.56000000000001,16.685999999999993,0.08333333333333333,evqa-pilot500/blip2-opt-2.7b;evqa-pilot500/paligemma-3b;evqa-pilot500/qwen2.5-vl-3b;mmke-entity/blip2-opt-2.7b;mmke-entity/instructblip-vicuna-7b;mmke-entity/paligemma-3b;mmke-entity/qwen2.5-vl-3b;mmke-visual/blip2-opt-2.7b;mmke-visual/instructblip-vicuna-7b;mmke-visual/paligemma-3b;mmke-visual/qwen2.5-vl-3b;mmke-visual/smolvlm-1.7b
recorded,power_a0.5_b-1_g-1,M_abscos_x_newn,1,18,False,21,64.456,68.7178888888889,-4.2618888888888895,64.456,-4.2618888888888895,1,10,7,1,6,0.0,-70.81,1.0100000000000051,0.16666666666666666,evqa-pilot500/blip2-opt-2.7b;evqa-pilot500/instructblip-vicuna-7b;evqa-pilot500/llava-v1.5-7b;evqa-pilot500/minigpt-4-vicuna-7b;evqa-pilot500/qwen2.5-vl-3b;evqa-pilot500/smolvlm-1.7b;mmke-entity/blip2-opt-2.7b;mmke-entity/instructblip-vicuna-7b;mmke-entity/minigpt-4-vicuna-7b;mmke-entity/paligemma-3b;mmke-entity/qwen2.5-vl-3b;mmke-entity/smolvlm-1.7b;mmke-visual/blip2-opt-2.7b;mmke-visual/instructblip-vicuna-7b;mmke-visual/llava-v1.5-7b;mmke-visual/minigpt-4-vicuna-7b;mmke-visual/qwen2.5-vl-3b;mmke-visual/smolvlm-1.7b
recorded,power_a0.5_b-1_g-1,M_abscos_x_newn,3,17,False,21,70.71905882352941,70.87305882352942,-0.15400000000000097,66.86486274509804,-1.6761960784313734,2,11,4,2,3,0.0,-7.275999999999996,6.1640000000000015,0.35294117647058826,evqa-pilot500/blip2-opt-2.7b;evqa-pilot500/instructblip-vicuna-7b;evqa-pilot500/minigpt-4-vicuna-7b;evqa-pilot500/qwen2.5-vl-3b;evqa-pilot500/smolvlm-1.7b;mmke-entity/blip2-opt-2.7b;mmke-entity/instructblip-vicuna-7b;mmke-entity/minigpt-4-vicuna-7b;mmke-entity/paligemma-3b;mmke-entity/qwen2.5-vl-3b;mmke-entity/smolvlm-1.7b;mmke-visual/blip2-opt-2.7b;mmke-visual/instructblip-vicuna-7b;mmke-visual/llava-v1.5-7b;mmke-visual/minigpt-4-vicuna-7b;mmke-visual/qwen2.5-vl-3b;mmke-visual/smolvlm-1.7b
recorded,power_a0.5_b-1_g-1,M_new_norm,1,17,False,21,63.826470588235296,68.11329411764706,-4.286823529411765,63.826470588235296,-4.286823529411765,1,13,3,1,3,0.0,-70.81,1.0100000000000051,0.17647058823529413,evqa-pilot500/blip2-opt-2.7b;evqa-pilot500/instructblip-vicuna-7b;evqa-pilot500/llava-v1.5-7b;evqa-pilot500/minigpt-4-vicuna-7b;evqa-pilot500/qwen2.5-vl-3b;evqa-pilot500/smolvlm-1.7b;mmke-entity/blip2-opt-2.7b;mmke-entity/instructblip-vicuna-7b;mmke-entity/minigpt-4-vicuna-7b;mmke-entity/paligemma-3b;mmke-entity/qwen2.5-vl-3b;mmke-entity/smolvlm-1.7b;mmke-visual/blip2-opt-2.7b;mmke-visual/instructblip-vicuna-7b;mmke-visual/minigpt-4-vicuna-7b;mmke-visual/qwen2.5-vl-3b;mmke-visual/smolvlm-1.7b
recorded,power_a0.5_b-1_g-1,M_new_norm,3,15,False,21,71.39786666666667,71.88293333333334,-0.4850666666666664,67.24106666666667,-1.9939111111111112,0,14,1,0,1,0.0,-7.275999999999996,0.0,0.3333333333333333,evqa-pilot500/blip2-opt-2.7b;evqa-pilot500/minigpt-4-vicuna-7b;evqa-pilot500/qwen2.5-vl-3b;evqa-pilot500/smolvlm-1.7b;mmke-entity/blip2-opt-2.7b;mmke-entity/instructblip-vicuna-7b;mmke-entity/minigpt-4-vicuna-7b;mmke-entity/paligemma-3b;mmke-entity/qwen2.5-vl-3b;mmke-entity/smolvlm-1.7b;mmke-visual/blip2-opt-2.7b;mmke-visual/instructblip-vicuna-7b;mmke-visual/minigpt-4-vicuna-7b;mmke-visual/qwen2.5-vl-3b;mmke-visual/smolvlm-1.7b
recorded,power_a0.5_b-1_g0,M_abscos_x_newn,1,14,False,21,62.660714285714285,69.02885714285715,-6.368142857142858,62.660714285714285,-6.368142857142858,2,3,9,1,9,-1.2150000000000034,-43.77,6.82,0,evqa-pilot500/blip2-opt-2.7b;evqa-pilot500/llava-v1.5-7b;evqa-pilot500/minigpt-4-vicuna-7b;evqa-pilot500/qwen2.5-vl-3b;evqa-pilot500/smolvlm-1.7b;mmke-entity/blip2-opt-2.7b;mmke-entity/instructblip-vicuna-7b;mmke-entity/minigpt-4-vicuna-7b;mmke-entity/paligemma-3b;mmke-entity/qwen2.5-vl-3b;mmke-visual/blip2-opt-2.7b;mmke-visual/instructblip-vicuna-7b;mmke-visual/minigpt-4-vicuna-7b;mmke-visual/smolvlm-1.7b
recorded,power_a0.5_b-1_g0,M_abscos_x_newn,3,7,False,21,69.11228571428572,72.77942857142857,-3.6671428571428586,65.06380952380952,-4.8836190476190495,0,3,4,0,4,-0.5900000000000034,-21.660000000000004,0.0,0.14285714285714285,evqa-pilot500/blip2-opt-2.7b;evqa-pilot500/minigpt-4-vicuna-7b;mmke-entity/blip2-opt-2.7b;mmke-entity/instructblip-vicuna-7b;mmke-entity/paligemma-3b;mmke-visual/minigpt-4-vicuna-7b;mmke-visual/smolvlm-1.7b
recorded,power_a0.5_b-1_g0,M_new_norm,1,14,False,21,62.660714285714285,68.75471428571429,-6.094,62.660714285714285,-6.094,3,2,9,3,8,-1.1460000000000008,-43.77,6.82,0,evqa-pilot500/blip2-opt-2.7b;evqa-pilot500/llava-v1.5-7b;evqa-pilot500/minigpt-4-vicuna-7b;evqa-pilot500/qwen2.5-vl-3b;evqa-pilot500/smolvlm-1.7b;mmke-entity/blip2-opt-2.7b;mmke-entity/instructblip-vicuna-7b;mmke-entity/minigpt-4-vicuna-7b;mmke-entity/paligemma-3b;mmke-entity/qwen2.5-vl-3b;mmke-visual/blip2-opt-2.7b;mmke-visual/instructblip-vicuna-7b;mmke-visual/minigpt-4-vicuna-7b;mmke-visual/smolvlm-1.7b
recorded,power_a0.5_b-1_g0,M_new_norm,3,7,False,21,69.11228571428572,73.55057142857143,-4.438285714285715,65.06380952380952,-5.2269523809523815,0,3,4,0,4,-0.5900000000000034,-21.660000000000004,0.0,0.14285714285714285,evqa-pilot500/blip2-opt-2.7b;evqa-pilot500/minigpt-4-vicuna-7b;mmke-entity/blip2-opt-2.7b;mmke-entity/instructblip-vicuna-7b;mmke-entity/paligemma-3b;mmke-visual/minigpt-4-vicuna-7b;mmke-visual/smolvlm-1.7b
recorded,power_a0.5_b-1_g0.5,M_abscos_x_newn,1,13,False,21,61.83123076923077,68.78338461538462,-6.952153846153846,61.83123076923077,-6.952153846153846,3,0,10,2,10,-3.2479999999999976,-43.77,8.850000000000001,0,evqa-pilot500/blip2-opt-2.7b;evqa-pilot500/llava-v1.5-7b;evqa-pilot500/minigpt-4-vicuna-7b;evqa-pilot500/qwen2.5-vl-3b;evqa-pilot500/smolvlm-1.7b;mmke-entity/blip2-opt-2.7b;mmke-entity/instructblip-vicuna-7b;mmke-entity/minigpt-4-vicuna-7b;mmke-entity/paligemma-3b;mmke-visual/blip2-opt-2.7b;mmke-visual/instructblip-vicuna-7b;mmke-visual/minigpt-4-vicuna-7b;mmke-visual/smolvlm-1.7b
recorded,power_a0.5_b-1_g0.5,M_abscos_x_newn,3,7,False,21,64.268,68.79485714285714,-4.5268571428571445,63.178380952380955,-2.3822857142857146,1,0,6,1,5,-1.75,-21.660000000000004,1.519999999999996,0,evqa-pilot500/minigpt-4-vicuna-7b;evqa-pilot500/qwen2.5-vl-3b;evqa-pilot500/smolvlm-1.7b;mmke-entity/blip2-opt-2.7b;mmke-entity/instructblip-vicuna-7b;mmke-visual/blip2-opt-2.7b;mmke-visual/smolvlm-1.7b
recorded,power_a0.5_b-1_g0.5,M_new_norm,1,13,False,21,61.83123076923077,68.48815384615385,-6.656923076923077,61.83123076923077,-6.656923076923077,4,0,9,3,9,-2.5459999999999923,-43.77,8.850000000000001,0,evqa-pilot500/blip2-opt-2.7b;evqa-pilot500/llava-v1.5-7b;evqa-pilot500/minigpt-4-vicuna-7b;evqa-pilot500/qwen2.5-vl-3b;evqa-pilot500/smolvlm-1.7b;mmke-entity/blip2-opt-2.7b;mmke-entity/instructblip-vicuna-7b;mmke-entity/minigpt-4-vicuna-7b;mmke-entity/paligemma-3b;mmke-visual/blip2-opt-2.7b;mmke-visual/instructblip-vicuna-7b;mmke-visual/minigpt-4-vicuna-7b;mmke-visual/smolvlm-1.7b
recorded,power_a0.5_b-1_g0.5,M_new_norm,3,7,False,21,64.268,69.554,-5.286000000000001,63.178380952380955,-2.6966666666666663,1,0,6,1,4,-1.75,-21.660000000000004,1.519999999999996,0,evqa-pilot500/minigpt-4-vicuna-7b;evqa-pilot500/qwen2.5-vl-3b;evqa-pilot500/smolvlm-1.7b;mmke-entity/blip2-opt-2.7b;mmke-entity/instructblip-vicuna-7b;mmke-visual/blip2-opt-2.7b;mmke-visual/smolvlm-1.7b
recorded,power_a0.5_b-1_g1,M_abscos_x_newn,1,11,False,21,60.031454545454544,69.63218181818182,-9.600727272727271,60.031454545454544,-9.600727272727271,1,0,10,0,10,-3.3159999999999883,-43.77,0.21600000000000819,0,evqa-pilot500/blip2-opt-2.7b;evqa-pilot500/llava-v1.5-7b;evqa-pilot500/minigpt-4-vicuna-7b;evqa-pilot500/qwen2.5-vl-3b;evqa-pilot500/smolvlm-1.7b;mmke-entity/instructblip-vicuna-7b;mmke-entity/minigpt-4-vicuna-7b;mmke-entity/paligemma-3b;mmke-visual/instructblip-vicuna-7b;mmke-visual/minigpt-4-vicuna-7b;mmke-visual/smolvlm-1.7b
recorded,power_a0.5_b-1_g1,M_abscos_x_newn,3,5,False,21,61.111200000000004,67.838,-6.7268,59.403733333333335,-4.940266666666668,0,0,5,0,5,-2.019999999999996,-22.24000000000001,-1.2100000000000009,0,evqa-pilot500/minigpt-4-vicuna-7b;evqa-pilot500/qwen2.5-vl-3b;evqa-pilot500/smolvlm-1.7b;mmke-entity/instructblip-vicuna-7b;mmke-visual/smolvlm-1.7b
recorded,power_a0.5_b-1_g1,M_new_norm,1,11,False,21,60.031454545454544,69.28327272727273,-9.25181818181818,60.031454545454544,-9.25181818181818,2,0,9,1,9,-3.2479999999999976,-43.77,0.7040000000000077,0,evqa-pilot500/blip2-opt-2.7b;evqa-pilot500/llava-v1.5-7b;evqa-pilot500/minigpt-4-vicuna-7b;evqa-pilot500/qwen2.5-vl-3b;evqa-pilot500/smolvlm-1.7b;mmke-entity/instructblip-vicuna-7b;mmke-entity/minigpt-4-vicuna-7b;mmke-entity/paligemma-3b;mmke-visual/instructblip-vicuna-7b;mmke-visual/minigpt-4-vicuna-7b;mmke-visual/smolvlm-1.7b
recorded,power_a0.5_b-1_g1,M_new_norm,3,5,False,21,61.111200000000004,68.9008,-7.7896,59.403733333333335,-5.3804,0,0,5,0,4,-2.019999999999996,-22.24000000000001,-0.35999999999999943,0,evqa-pilot500/minigpt-4-vicuna-7b;evqa-pilot500/qwen2.5-vl-3b;evqa-pilot500/smolvlm-1.7b;mmke-entity/instructblip-vicuna-7b;mmke-visual/smolvlm-1.7b
recorded,power_a0.5_b-1_g2,M_abscos_x_newn,1,8,False,21,55.9825,67.9085,-11.926000000000002,55.9825,-11.926000000000002,0,0,8,0,8,-4.359999999999999,-43.77,-1.3700000000000045,0,evqa-pilot500/blip2-opt-2.7b;evqa-pilot500/llava-v1.5-7b;evqa-pilot500/minigpt-4-vicuna-7b;evqa-pilot500/qwen2.5-vl-3b;evqa-pilot500/smolvlm-1.7b;mmke-entity/instructblip-vicuna-7b;mmke-entity/paligemma-3b;mmke-visual/smolvlm-1.7b
recorded,power_a0.5_b-1_g2,M_abscos_x_newn,3,5,False,21,58.6392,67.838,-9.1988,58.29773333333333,-6.046266666666668,0,0,5,0,5,-6.413999999999994,-22.24000000000001,-1.2100000000000009,0,evqa-pilot500/minigpt-4-vicuna-7b;evqa-pilot500/qwen2.5-vl-3b;evqa-pilot500/smolvlm-1.7b;mmke-entity/instructblip-vicuna-7b;mmke-visual/smolvlm-1.7b
recorded,power_a0.5_b-1_g2,M_new_norm,1,8,False,21,55.9825,67.586,-11.6035,55.9825,-11.6035,1,0,7,0,7,-4.359999999999999,-43.77,0.010000000000005116,0,evqa-pilot500/blip2-opt-2.7b;evqa-pilot500/llava-v1.5-7b;evqa-pilot500/minigpt-4-vicuna-7b;evqa-pilot500/qwen2.5-vl-3b;evqa-pilot500/smolvlm-1.7b;mmke-entity/instructblip-vicuna-7b;mmke-entity/paligemma-3b;mmke-visual/smolvlm-1.7b
recorded,power_a0.5_b-1_g2,M_new_norm,3,5,False,21,58.6392,68.9008,-10.2616,58.29773333333333,-6.486400000000001,0,0,5,0,4,-12.577999999999996,-22.24000000000001,-0.35999999999999943,0,evqa-pilot500/minigpt-4-vicuna-7b;evqa-pilot500/qwen2.5-vl-3b;evqa-pilot500/smolvlm-1.7b;mmke-entity/instructblip-vicuna-7b;mmke-visual/smolvlm-1.7b
recorded,power_a0.5_b-0.5_g-1,M_abscos_x_newn,1,18,False,21,64.456,68.7178888888889,-4.2618888888888895,64.456,-4.2618888888888895,1,10,7,1,6,0.0,-70.81,1.0100000000000051,0.16666666666666666,evqa-pilot500/blip2-opt-2.7b;evqa-pilot500/instructblip-vicuna-7b;evqa-pilot500/llava-v1.5-7b;evqa-pilot500/minigpt-4-vicuna-7b;evqa-pilot500/qwen2.5-vl-3b;evqa-pilot500/smolvlm-1.7b;mmke-entity/blip2-opt-2.7b;mmke-entity/instructblip-vicuna-7b;mmke-entity/minigpt-4-vicuna-7b;mmke-entity/paligemma-3b;mmke-entity/qwen2.5-vl-3b;mmke-entity/smolvlm-1.7b;mmke-visual/blip2-opt-2.7b;mmke-visual/instructblip-vicuna-7b;mmke-visual/llava-v1.5-7b;mmke-visual/minigpt-4-vicuna-7b;mmke-visual/qwen2.5-vl-3b;mmke-visual/smolvlm-1.7b
recorded,power_a0.5_b-0.5_g-1,M_abscos_x_newn,3,17,False,21,70.71905882352941,70.87305882352942,-0.15400000000000097,66.86486274509804,-1.6761960784313734,2,11,4,2,3,0.0,-7.275999999999996,6.1640000000000015,0.35294117647058826,evqa-pilot500/blip2-opt-2.7b;evqa-pilot500/instructblip-vicuna-7b;evqa-pilot500/minigpt-4-vicuna-7b;evqa-pilot500/qwen2.5-vl-3b;evqa-pilot500/smolvlm-1.7b;mmke-entity/blip2-opt-2.7b;mmke-entity/instructblip-vicuna-7b;mmke-entity/minigpt-4-vicuna-7b;mmke-entity/paligemma-3b;mmke-entity/qwen2.5-vl-3b;mmke-entity/smolvlm-1.7b;mmke-visual/blip2-opt-2.7b;mmke-visual/instructblip-vicuna-7b;mmke-visual/llava-v1.5-7b;mmke-visual/minigpt-4-vicuna-7b;mmke-visual/qwen2.5-vl-3b;mmke-visual/smolvlm-1.7b
recorded,power_a0.5_b-0.5_g-1,M_new_norm,1,17,False,21,63.826470588235296,68.11329411764706,-4.286823529411765,63.826470588235296,-4.286823529411765,1,13,3,1,3,0.0,-70.81,1.0100000000000051,0.17647058823529413,evqa-pilot500/blip2-opt-2.7b;evqa-pilot500/instructblip-vicuna-7b;evqa-pilot500/llava-v1.5-7b;evqa-pilot500/minigpt-4-vicuna-7b;evqa-pilot500/qwen2.5-vl-3b;evqa-pilot500/smolvlm-1.7b;mmke-entity/blip2-opt-2.7b;mmke-entity/instructblip-vicuna-7b;mmke-entity/minigpt-4-vicuna-7b;mmke-entity/paligemma-3b;mmke-entity/qwen2.5-vl-3b;mmke-entity/smolvlm-1.7b;mmke-visual/blip2-opt-2.7b;mmke-visual/instructblip-vicuna-7b;mmke-visual/minigpt-4-vicuna-7b;mmke-visual/qwen2.5-vl-3b;mmke-visual/smolvlm-1.7b
recorded,power_a0.5_b-0.5_g-1,M_new_norm,3,15,False,21,71.39786666666667,71.88293333333334,-0.4850666666666664,67.24106666666667,-1.9939111111111112,0,14,1,0,1,0.0,-7.275999999999996,0.0,0.3333333333333333,evqa-pilot500/blip2-opt-2.7b;evqa-pilot500/minigpt-4-vicuna-7b;evqa-pilot500/qwen2.5-vl-3b;evqa-pilot500/smolvlm-1.7b;mmke-entity/blip2-opt-2.7b;mmke-entity/instructblip-vicuna-7b;mmke-entity/minigpt-4-vicuna-7b;mmke-entity/paligemma-3b;mmke-entity/qwen2.5-vl-3b;mmke-entity/smolvlm-1.7b;mmke-visual/blip2-opt-2.7b;mmke-visual/instructblip-vicuna-7b;mmke-visual/minigpt-4-vicuna-7b;mmke-visual/qwen2.5-vl-3b;mmke-visual/smolvlm-1.7b
recorded,power_a0.5_b-0.5_g0,M_abscos_x_newn,1,20,False,21,70.6836,70.6836,0.0,70.6836,0.0,0,20,0,0,0,0.0,0.0,0.0,0.25,evqa-pilot500/blip2-opt-2.7b;evqa-pilot500/instructblip-vicuna-7b;evqa-pilot500/llava-v1.5-7b;evqa-pilot500/minigpt-4-vicuna-7b;evqa-pilot500/paligemma-3b;evqa-pilot500/qwen2.5-vl-3b;evqa-pilot500/smolvlm-1.7b;mmke-entity/blip2-opt-2.7b;mmke-entity/instructblip-vicuna-7b;mmke-entity/minigpt-4-vicuna-7b;mmke-entity/paligemma-3b;mmke-entity/qwen2.5-vl-3b;mmke-entity/smolvlm-1.7b;mmke-visual/blip2-opt-2.7b;mmke-visual/instructblip-vicuna-7b;mmke-visual/llava-v1.5-7b;mmke-visual/minigpt-4-vicuna-7b;mmke-visual/paligemma-3b;mmke-visual/qwen2.5-vl-3b;mmke-visual/smolvlm-1.7b
recorded,power_a0.5_b-0.5_g0,M_abscos_x_newn,3,18,False,21,73.22488888888888,73.23488888888889,-0.010000000000000378,70.71148148148148,0.08077777777777742,0,17,1,0,0,0.0,-0.18000000000000682,0.0,0.3888888888888889,evqa-pilot500/blip2-opt-2.7b;evqa-pilot500/instructblip-vicuna-7b;evqa-pilot500/minigpt-4-vicuna-7b;evqa-pilot500/paligemma-3b;evqa-pilot500/qwen2.5-vl-3b;evqa-pilot500/smolvlm-1.7b;mmke-entity/blip2-opt-2.7b;mmke-entity/instructblip-vicuna-7b;mmke-entity/minigpt-4-vicuna-7b;mmke-entity/paligemma-3b;mmke-entity/qwen2.5-vl-3b;mmke-entity/smolvlm-1.7b;mmke-visual/blip2-opt-2.7b;mmke-visual/instructblip-vicuna-7b;mmke-visual/llava-v1.5-7b;mmke-visual/minigpt-4-vicuna-7b;mmke-visual/paligemma-3b;mmke-visual/qwen2.5-vl-3b
recorded,power_a0.5_b-0.5_g0,M_new_norm,1,19,False,21,70.4481052631579,70.26957894736842,0.17852631578947384,70.4481052631579,0.17852631578947384,4,14,1,3,0,0.0,-0.44599999999999795,1.730000000000004,0.2631578947368421,evqa-pilot500/blip2-opt-2.7b;evqa-pilot500/instructblip-vicuna-7b;evqa-pilot500/llava-v1.5-7b;evqa-pilot500/minigpt-4-vicuna-7b;evqa-pilot500/paligemma-3b;evqa-pilot500/qwen2.5-vl-3b;evqa-pilot500/smolvlm-1.7b;mmke-entity/blip2-opt-2.7b;mmke-entity/instructblip-vicuna-7b;mmke-entity/minigpt-4-vicuna-7b;mmke-entity/paligemma-3b;mmke-entity/qwen2.5-vl-3b;mmke-entity/smolvlm-1.7b;mmke-visual/blip2-opt-2.7b;mmke-visual/instructblip-vicuna-7b;mmke-visual/minigpt-4-vicuna-7b;mmke-visual/paligemma-3b;mmke-visual/qwen2.5-vl-3b;mmke-visual/smolvlm-1.7b
recorded,power_a0.5_b-0.5_g0,M_new_norm,3,16,False,21,74.212,74.476875,-0.2648749999999995,71.57241666666667,0.029958333333333975,3,11,2,2,1,0.0,-6.1640000000000015,0.8500000000000014,0.375,evqa-pilot500/blip2-opt-2.7b;evqa-pilot500/minigpt-4-vicuna-7b;evqa-pilot500/paligemma-3b;evqa-pilot500/qwen2.5-vl-3b;evqa-pilot500/smolvlm-1.7b;mmke-entity/blip2-opt-2.7b;mmke-entity/instructblip-vicuna-7b;mmke-entity/minigpt-4-vicuna-7b;mmke-entity/paligemma-3b;mmke-entity/qwen2.5-vl-3b;mmke-entity/smolvlm-1.7b;mmke-visual/blip2-opt-2.7b;mmke-visual/instructblip-vicuna-7b;mmke-visual/minigpt-4-vicuna-7b;mmke-visual/paligemma-3b;mmke-visual/qwen2.5-vl-3b
recorded,power_a0.5_b-0.5_g0.5,M_abscos_x_newn,1,17,False,21,70.18235294117648,71.58894117647058,-1.4065882352941173,70.18235294117648,-1.4065882352941173,7,5,5,4,5,0.0,-22.24000000000001,14.88000000000001,0.11764705882352941,evqa-pilot500/blip2-opt-2.7b;evqa-pilot500/llava-v1.5-7b;evqa-pilot500/minigpt-4-vicuna-7b;evqa-pilot500/paligemma-3b;evqa-pilot500/qwen2.5-vl-3b;mmke-entity/blip2-opt-2.7b;mmke-entity/instructblip-vicuna-7b;mmke-entity/minigpt-4-vicuna-7b;mmke-entity/paligemma-3b;mmke-entity/smolvlm-1.7b;mmke-visual/blip2-opt-2.7b;mmke-visual/instructblip-vicuna-7b;mmke-visual/llava-v1.5-7b;mmke-visual/minigpt-4-vicuna-7b;mmke-visual/paligemma-3b;mmke-visual/qwen2.5-vl-3b;mmke-visual/smolvlm-1.7b
recorded,power_a0.5_b-0.5_g0.5,M_abscos_x_newn,3,11,False,21,73.084,76.39381818181818,-3.3098181818181844,71.72472727272728,-1.796727272727275,1,4,6,1,5,-0.26400000000001,-21.60000000000001,16.685999999999993,0.09090909090909091,evqa-pilot500/blip2-opt-2.7b;evqa-pilot500/paligemma-3b;evqa-pilot500/qwen2.5-vl-3b;mmke-entity/blip2-opt-2.7b;mmke-entity/instructblip-vicuna-7b;mmke-entity/minigpt-4-vicuna-7b;mmke-entity/paligemma-3b;mmke-visual/instructblip-vicuna-7b;mmke-visual/minigpt-4-vicuna-7b;mmke-visual/paligemma-3b;mmke-visual/smolvlm-1.7b
recorded,power_a0.5_b-0.5_g0.5,M_new_norm,1,16,False,21,69.761875,71.153875,-1.391999999999999,69.761875,-1.391999999999999,8,2,6,6,5,0.00999999999999801,-22.24000000000001,14.88000000000001,0.125,evqa-pilot500/blip2-opt-2.7b;evqa-pilot500/llava-v1.5-7b;evqa-pilot500/minigpt-4-vicuna-7b;evqa-pilot500/paligemma-3b;evqa-pilot500/qwen2.5-vl-3b;mmke-entity/blip2-opt-2.7b;mmke-entity/instructblip-vicuna-7b;mmke-entity/minigpt-4-vicuna-7b;mmke-entity/paligemma-3b;mmke-entity/smolvlm-1.7b;mmke-visual/blip2-opt-2.7b;mmke-visual/instructblip-vicuna-7b;mmke-visual/minigpt-4-vicuna-7b;mmke-visual/paligemma-3b;mmke-visual/qwen2.5-vl-3b;mmke-visual/smolvlm-1.7b
recorded,power_a0.5_b-0.5_g0.5,M_new_norm,3,11,False,21,73.084,76.20236363636364,-3.118363636363638,71.72472727272728,-1.5958787878787888,3,2,6,2,5,-0.26400000000001,-21.60000000000001,16.685999999999993,0.09090909090909091,evqa-pilot500/blip2-opt-2.7b;evqa-pilot500/paligemma-3b;evqa-pilot500/qwen2.5-vl-3b;mmke-entity/blip2-opt-2.7b;mmke-entity/instructblip-vicuna-7b;mmke-entity/minigpt-4-vicuna-7b;mmke-entity/paligemma-3b;mmke-visual/instructblip-vicuna-7b;mmke-visual/minigpt-4-vicuna-7b;mmke-visual/paligemma-3b;mmke-visual/smolvlm-1.7b
recorded,power_a0.5_b-0.5_g1,M_abscos_x_newn,1,17,False,21,70.7964705882353,71.97388235294117,-1.1774117647058822,70.7964705882353,-1.1774117647058822,5,3,9,3,9,-0.8200000000000074,-22.24000000000001,17.439999999999998,0.058823529411764705,evqa-pilot500/blip2-opt-2.7b;evqa-pilot500/minigpt-4-vicuna-7b;evqa-pilot500/paligemma-3b;evqa-pilot500/qwen2.5-vl-3b;evqa-pilot500/smolvlm-1.7b;mmke-entity/blip2-opt-2.7b;mmke-entity/instructblip-vicuna-7b;mmke-entity/minigpt-4-vicuna-7b;mmke-entity/paligemma-3b;mmke-entity/qwen2.5-vl-3b;mmke-entity/smolvlm-1.7b;mmke-visual/blip2-opt-2.7b;mmke-visual/instructblip-vicuna-7b;mmke-visual/minigpt-4-vicuna-7b;mmke-visual/paligemma-3b;mmke-visual/qwen2.5-vl-3b;mmke-visual/smolvlm-1.7b
recorded,power_a0.5_b-0.5_g1,M_abscos_x_newn,3,15,False,21,72.24666666666667,74.53013333333334,-2.2834666666666683,70.72724444444444,-1.1152888888888923,4,1,10,3,8,-0.5,-21.60000000000001,17.093999999999994,0.2,evqa-pilot500/blip2-opt-2.7b;evqa-pilot500/paligemma-3b;evqa-pilot500/qwen2.5-vl-3b;evqa-pilot500/smolvlm-1.7b;mmke-entity/blip2-opt-2.7b;mmke-entity/instructblip-vicuna-7b;mmke-entity/paligemma-3b;mmke-entity/qwen2.5-vl-3b;mmke-entity/smolvlm-1.7b;mmke-visual/blip2-opt-2.7b;mmke-visual/instructblip-vicuna-7b;mmke-visual/minigpt-4-vicuna-7b;mmke-visual/paligemma-3b;mmke-visual/qwen2.5-vl-3b;mmke-visual/smolvlm-1.7b
recorded,power_a0.5_b-0.5_g1,M_new_norm,1,17,False,21,70.7964705882353,71.77435294117647,-0.9778823529411762,70.7964705882353,-0.9778823529411762,6,1,10,5,8,-0.44599999999999795,-22.24000000000001,17.439999999999998,0.058823529411764705,evqa-pilot500/blip2-opt-2.7b;evqa-pilot500/minigpt-4-vicuna-7b;evqa-pilot500/paligemma-3b;evqa-pilot500/qwen2.5-vl-3b;evqa-pilot500/smolvlm-1.7b;mmke-entity/blip2-opt-2.7b;mmke-entity/instructblip-vicuna-7b;mmke-entity/minigpt-4-vicuna-7b;mmke-entity/paligemma-3b;mmke-entity/qwen2.5-vl-3b;mmke-entity/smolvlm-1.7b;mmke-visual/blip2-opt-2.7b;mmke-visual/instructblip-vicuna-7b;mmke-visual/minigpt-4-vicuna-7b;mmke-visual/paligemma-3b;mmke-visual/qwen2.5-vl-3b;mmke-visual/smolvlm-1.7b
recorded,power_a0.5_b-0.5_g1,M_new_norm,3,15,False,21,72.24666666666667,74.4224,-2.1757333333333344,70.72724444444444,-0.9976888888888917,5,0,10,4,8,-0.5,-21.60000000000001,17.093999999999994,0.2,evqa-pilot500/blip2-opt-2.7b;evqa-pilot500/paligemma-3b;evqa-pilot500/qwen2.5-vl-3b;evqa-pilot500/smolvlm-1.7b;mmke-entity/blip2-opt-2.7b;mmke-entity/instructblip-vicuna-7b;mmke-entity/paligemma-3b;mmke-entity/qwen2.5-vl-3b;mmke-entity/smolvlm-1.7b;mmke-visual/blip2-opt-2.7b;mmke-visual/instructblip-vicuna-7b;mmke-visual/minigpt-4-vicuna-7b;mmke-visual/paligemma-3b;mmke-visual/qwen2.5-vl-3b;mmke-visual/smolvlm-1.7b
recorded,power_a0.5_b-0.5_g2,M_abscos_x_newn,1,16,False,21,64.3215,72.5015,-8.18,64.3215,-8.18,3,0,13,1,11,-1.5749999999999993,-43.77,9.440000000000005,0,evqa-pilot500/llava-v1.5-7b;evqa-pilot500/minigpt-4-vicuna-7b;evqa-pilot500/paligemma-3b;evqa-pilot500/qwen2.5-vl-3b;evqa-pilot500/smolvlm-1.7b;mmke-entity/instructblip-vicuna-7b;mmke-entity/minigpt-4-vicuna-7b;mmke-entity/paligemma-3b;mmke-entity/qwen2.5-vl-3b;mmke-entity/smolvlm-1.7b;mmke-visual/blip2-opt-2.7b;mmke-visual/instructblip-vicuna-7b;mmke-visual/minigpt-4-vicuna-7b;mmke-visual/paligemma-3b;mmke-visual/qwen2.5-vl-3b;mmke-visual/smolvlm-1.7b
recorded,power_a0.5_b-0.5_g2,M_abscos_x_newn,3,9,False,21,70.81066666666666,75.014,-4.203333333333333,65.93155555555555,-5.740962962962965,2,0,7,1,7,-1.75,-21.660000000000004,1.9399999999999977,0,evqa-pilot500/minigpt-4-vicuna-7b;evqa-pilot500/paligemma-3b;evqa-pilot500/smolvlm-1.7b;mmke-entity/instructblip-vicuna-7b;mmke-entity/paligemma-3b;mmke-entity/smolvlm-1.7b;mmke-visual/blip2-opt-2.7b;mmke-visual/minigpt-4-vicuna-7b;mmke-visual/smolvlm-1.7b
recorded,power_a0.5_b-0.5_g2,M_new_norm,1,16,False,21,64.3215,72.2895,-7.968,64.3215,-7.968,4,0,12,3,11,-1.4450000000000003,-43.77,9.440000000000005,0,evqa-pilot500/llava-v1.5-7b;evqa-pilot500/minigpt-4-vicuna-7b;evqa-pilot500/paligemma-3b;evqa-pilot500/qwen2.5-vl-3b;evqa-pilot500/smolvlm-1.7b;mmke-entity/instructblip-vicuna-7b;mmke-entity/minigpt-4-vicuna-7b;mmke-entity/paligemma-3b;mmke-entity/qwen2.5-vl-3b;mmke-entity/smolvlm-1.7b;mmke-visual/blip2-opt-2.7b;mmke-visual/instructblip-vicuna-7b;mmke-visual/minigpt-4-vicuna-7b;mmke-visual/paligemma-3b;mmke-visual/qwen2.5-vl-3b;mmke-visual/smolvlm-1.7b
recorded,power_a0.5_b-0.5_g2,M_new_norm,3,9,False,21,70.81066666666666,75.61377777777778,-4.803111111111111,65.93155555555555,-6.008000000000001,2,0,7,1,7,-1.6239999999999952,-21.660000000000004,1.9399999999999977,0,evqa-pilot500/minigpt-4-vicuna-7b;evqa-pilot500/paligemma-3b;evqa-pilot500/smolvlm-1.7b;mmke-entity/instructblip-vicuna-7b;mmke-entity/paligemma-3b;mmke-entity/smolvlm-1.7b;mmke-visual/blip2-opt-2.7b;mmke-visual/minigpt-4-vicuna-7b;mmke-visual/smolvlm-1.7b
recorded,power_a0.5_b0_g-1,M_abscos_x_newn,1,18,False,21,64.456,68.7178888888889,-4.2618888888888895,64.456,-4.2618888888888895,1,10,7,1,6,0.0,-70.81,1.0100000000000051,0.16666666666666666,evqa-pilot500/blip2-opt-2.7b;evqa-pilot500/instructblip-vicuna-7b;evqa-pilot500/llava-v1.5-7b;evqa-pilot500/minigpt-4-vicuna-7b;evqa-pilot500/qwen2.5-vl-3b;evqa-pilot500/smolvlm-1.7b;mmke-entity/blip2-opt-2.7b;mmke-entity/instructblip-vicuna-7b;mmke-entity/minigpt-4-vicuna-7b;mmke-entity/paligemma-3b;mmke-entity/qwen2.5-vl-3b;mmke-entity/smolvlm-1.7b;mmke-visual/blip2-opt-2.7b;mmke-visual/instructblip-vicuna-7b;mmke-visual/llava-v1.5-7b;mmke-visual/minigpt-4-vicuna-7b;mmke-visual/qwen2.5-vl-3b;mmke-visual/smolvlm-1.7b
recorded,power_a0.5_b0_g-1,M_abscos_x_newn,3,17,False,21,70.71905882352941,70.87305882352942,-0.15400000000000097,66.86486274509804,-1.6761960784313734,2,11,4,2,3,0.0,-7.275999999999996,6.1640000000000015,0.35294117647058826,evqa-pilot500/blip2-opt-2.7b;evqa-pilot500/instructblip-vicuna-7b;evqa-pilot500/minigpt-4-vicuna-7b;evqa-pilot500/qwen2.5-vl-3b;evqa-pilot500/smolvlm-1.7b;mmke-entity/blip2-opt-2.7b;mmke-entity/instructblip-vicuna-7b;mmke-entity/minigpt-4-vicuna-7b;mmke-entity/paligemma-3b;mmke-entity/qwen2.5-vl-3b;mmke-entity/smolvlm-1.7b;mmke-visual/blip2-opt-2.7b;mmke-visual/instructblip-vicuna-7b;mmke-visual/llava-v1.5-7b;mmke-visual/minigpt-4-vicuna-7b;mmke-visual/qwen2.5-vl-3b;mmke-visual/smolvlm-1.7b
recorded,power_a0.5_b0_g-1,M_new_norm,1,17,False,21,63.826470588235296,68.11329411764706,-4.286823529411765,63.826470588235296,-4.286823529411765,1,13,3,1,3,0.0,-70.81,1.0100000000000051,0.17647058823529413,evqa-pilot500/blip2-opt-2.7b;evqa-pilot500/instructblip-vicuna-7b;evqa-pilot500/llava-v1.5-7b;evqa-pilot500/minigpt-4-vicuna-7b;evqa-pilot500/qwen2.5-vl-3b;evqa-pilot500/smolvlm-1.7b;mmke-entity/blip2-opt-2.7b;mmke-entity/instructblip-vicuna-7b;mmke-entity/minigpt-4-vicuna-7b;mmke-entity/paligemma-3b;mmke-entity/qwen2.5-vl-3b;mmke-entity/smolvlm-1.7b;mmke-visual/blip2-opt-2.7b;mmke-visual/instructblip-vicuna-7b;mmke-visual/minigpt-4-vicuna-7b;mmke-visual/qwen2.5-vl-3b;mmke-visual/smolvlm-1.7b
recorded,power_a0.5_b0_g-1,M_new_norm,3,15,False,21,71.39786666666667,71.88293333333334,-0.4850666666666664,67.24106666666667,-1.9939111111111112,0,14,1,0,1,0.0,-7.275999999999996,0.0,0.3333333333333333,evqa-pilot500/blip2-opt-2.7b;evqa-pilot500/minigpt-4-vicuna-7b;evqa-pilot500/qwen2.5-vl-3b;evqa-pilot500/smolvlm-1.7b;mmke-entity/blip2-opt-2.7b;mmke-entity/instructblip-vicuna-7b;mmke-entity/minigpt-4-vicuna-7b;mmke-entity/paligemma-3b;mmke-entity/qwen2.5-vl-3b;mmke-entity/smolvlm-1.7b;mmke-visual/blip2-opt-2.7b;mmke-visual/instructblip-vicuna-7b;mmke-visual/minigpt-4-vicuna-7b;mmke-visual/qwen2.5-vl-3b;mmke-visual/smolvlm-1.7b
recorded,power_a0.5_b0_g0,M_abscos_x_newn,1,19,False,21,70.81178947368421,70.41305263157895,0.39873684210526356,70.81178947368421,0.39873684210526356,1,16,2,1,2,0.0,-1.1400000000000006,9.474000000000004,0.21052631578947367,evqa-pilot500/blip2-opt-2.7b;evqa-pilot500/instructblip-vicuna-7b;evqa-pilot500/llava-v1.5-7b;evqa-pilot500/minigpt-4-vicuna-7b;evqa-pilot500/paligemma-3b;evqa-pilot500/qwen2.5-vl-3b;evqa-pilot500/smolvlm-1.7b;mmke-entity/blip2-opt-2.7b;mmke-entity/instructblip-vicuna-7b;mmke-entity/paligemma-3b;mmke-entity/qwen2.5-vl-3b;mmke-entity/smolvlm-1.7b;mmke-visual/blip2-opt-2.7b;mmke-visual/instructblip-vicuna-7b;mmke-visual/llava-v1.5-7b;mmke-visual/minigpt-4-vicuna-7b;mmke-visual/paligemma-3b;mmke-visual/qwen2.5-vl-3b;mmke-visual/smolvlm-1.7b
recorded,power_a0.5_b0_g0,M_abscos_x_newn,3,18,False,21,73.178,72.97488888888888,0.20311111111111105,70.54633333333334,0.1993703703703701,1,15,2,1,0,0.0,-0.24800000000000466,4.094000000000008,0.3888888888888889,evqa-pilot500/blip2-opt-2.7b;evqa-pilot500/instructblip-vicuna-7b;evqa-pilot500/minigpt-4-vicuna-7b;evqa-pilot500/paligemma-3b;evqa-pilot500/qwen2.5-vl-3b;evqa-pilot500/smolvlm-1.7b;mmke-entity/blip2-opt-2.7b;mmke-entity/instructblip-vicuna-7b;mmke-entity/paligemma-3b;mmke-entity/qwen2.5-vl-3b;mmke-entity/smolvlm-1.7b;mmke-visual/blip2-opt-2.7b;mmke-visual/instructblip-vicuna-7b;mmke-visual/llava-v1.5-7b;mmke-visual/minigpt-4-vicuna-7b;mmke-visual/paligemma-3b;mmke-visual/qwen2.5-vl-3b;mmke-visual/smolvlm-1.7b
recorded,power_a0.5_b0_g0,M_new_norm,1,18,False,21,70.57033333333334,69.98811111111111,0.5822222222222229,70.57033333333334,0.5822222222222229,2,14,2,1,0,0.0,-0.44599999999999795,11.204000000000008,0.2222222222222222,evqa-pilot500/blip2-opt-2.7b;evqa-pilot500/instructblip-vicuna-7b;evqa-pilot500/llava-v1.5-7b;evqa-pilot500/minigpt-4-vicuna-7b;evqa-pilot500/paligemma-3b;evqa-pilot500/qwen2.5-vl-3b;evqa-pilot500/smolvlm-1.7b;mmke-entity/blip2-opt-2.7b;mmke-entity/instructblip-vicuna-7b;mmke-entity/paligemma-3b;mmke-entity/qwen2.5-vl-3b;mmke-entity/smolvlm-1.7b;mmke-visual/blip2-opt-2.7b;mmke-visual/instructblip-vicuna-7b;mmke-visual/minigpt-4-vicuna-7b;mmke-visual/paligemma-3b;mmke-visual/qwen2.5-vl-3b;mmke-visual/smolvlm-1.7b
recorded,power_a0.5_b0_g0,M_new_norm,3,16,False,21,74.15925,74.215,-0.055749999999999744,71.386625,0.13554166666666712,2,13,1,2,1,0.0,-2.069999999999993,0.6599999999999966,0.375,evqa-pilot500/blip2-opt-2.7b;evqa-pilot500/minigpt-4-vicuna-7b;evqa-pilot500/paligemma-3b;evqa-pilot500/qwen2.5-vl-3b;evqa-pilot500/smolvlm-1.7b;mmke-entity/blip2-opt-2.7b;mmke-entity/instructblip-vicuna-7b;mmke-entity/paligemma-3b;mmke-entity/qwen2.5-vl-3b;mmke-entity/smolvlm-1.7b;mmke-visual/blip2-opt-2.7b;mmke-visual/instructblip-vicuna-7b;mmke-visual/minigpt-4-vicuna-7b;mmke-visual/paligemma-3b;mmke-visual/qwen2.5-vl-3b;mmke-visual/smolvlm-1.7b
recorded,power_a0.5_b0_g0.5,M_abscos_x_newn,1,15,False,21,69.02933333333334,70.89946666666667,-1.8701333333333332,69.02933333333334,-1.8701333333333332,3,6,6,3,5,0.0,-20.540000000000006,14.930000000000007,0,evqa-pilot500/blip2-opt-2.7b;evqa-pilot500/instructblip-vicuna-7b;evqa-pilot500/minigpt-4-vicuna-7b;evqa-pilot500/paligemma-3b;evqa-pilot500/qwen2.5-vl-3b;evqa-pilot500/smolvlm-1.7b;mmke-entity/blip2-opt-2.7b;mmke-entity/instructblip-vicuna-7b;mmke-entity/minigpt-4-vicuna-7b;mmke-entity/paligemma-3b;mmke-visual/blip2-opt-2.7b;mmke-visual/instructblip-vicuna-7b;mmke-visual/llava-v1.5-7b;mmke-visual/paligemma-3b;mmke-visual/smolvlm-1.7b
recorded,power_a0.5_b0_g0.5,M_abscos_x_newn,3,10,False,21,76.5848,77.5522,-0.9674000000000028,74.86433333333333,-0.49946666666666817,1,3,6,1,4,-0.2030000000000065,-7.549999999999997,0.8219999999999885,0.2,evqa-pilot500/minigpt-4-vicuna-7b;evqa-pilot500/paligemma-3b;evqa-pilot500/qwen2.5-vl-3b;mmke-entity/blip2-opt-2.7b;mmke-entity/minigpt-4-vicuna-7b;mmke-entity/paligemma-3b;mmke-visual/blip2-opt-2.7b;mmke-visual/llava-v1.5-7b;mmke-visual/paligemma-3b;mmke-visual/smolvlm-1.7b
recorded,power_a0.5_b0_g0.5,M_new_norm,1,14,False,21,68.492,70.408,-1.916,68.492,-1.916,5,3,6,4,5,0.0,-20.540000000000006,14.930000000000007,0,evqa-pilot500/blip2-opt-2.7b;evqa-pilot500/instructblip-vicuna-7b;evqa-pilot500/minigpt-4-vicuna-7b;evqa-pilot500/paligemma-3b;evqa-pilot500/qwen2.5-vl-3b;evqa-pilot500/smolvlm-1.7b;mmke-entity/blip2-opt-2.7b;mmke-entity/instructblip-vicuna-7b;mmke-entity/minigpt-4-vicuna-7b;mmke-entity/paligemma-3b;mmke-visual/blip2-opt-2.7b;mmke-visual/instructblip-vicuna-7b;mmke-visual/paligemma-3b;mmke-visual/smolvlm-1.7b
recorded,power_a0.5_b0_g0.5,M_new_norm,3,9,False,21,76.53777777777778,78.24,-1.702222222222223,74.64666666666666,-0.8791111111111126,2,3,4,1,4,0.0,-7.549999999999997,0.6599999999999966,0.1111111111111111,evqa-pilot500/minigpt-4-vicuna-7b;evqa-pilot500/paligemma-3b;evqa-pilot500/qwen2.5-vl-3b;mmke-entity/blip2-opt-2.7b;mmke-entity/minigpt-4-vicuna-7b;mmke-entity/paligemma-3b;mmke-visual/blip2-opt-2.7b;mmke-visual/paligemma-3b;mmke-visual/smolvlm-1.7b
recorded,power_a0.5_b0_g1,M_abscos_x_newn,1,17,False,21,70.41494117647059,71.58894117647058,-1.1740000000000008,70.41494117647059,-1.1740000000000008,7,4,6,5,6,0.0,-22.24000000000001,14.88000000000001,0.058823529411764705,evqa-pilot500/blip2-opt-2.7b;evqa-pilot500/llava-v1.5-7b;evqa-pilot500/minigpt-4-vicuna-7b;evqa-pilot500/paligemma-3b;evqa-pilot500/qwen2.5-vl-3b;mmke-entity/blip2-opt-2.7b;mmke-entity/instructblip-vicuna-7b;mmke-entity/minigpt-4-vicuna-7b;mmke-entity/paligemma-3b;mmke-entity/smolvlm-1.7b;mmke-visual/blip2-opt-2.7b;mmke-visual/instructblip-vicuna-7b;mmke-visual/llava-v1.5-7b;mmke-visual/minigpt-4-vicuna-7b;mmke-visual/paligemma-3b;mmke-visual/qwen2.5-vl-3b;mmke-visual/smolvlm-1.7b
recorded,power_a0.5_b0_g1,M_abscos_x_newn,3,12,False,21,72.817,75.85016666666667,-3.0331666666666703,71.68222222222222,-1.3216111111111146,2,3,7,1,5,-0.22700000000000742,-21.60000000000001,16.685999999999993,0,evqa-pilot500/blip2-opt-2.7b;evqa-pilot500/paligemma-3b;evqa-pilot500/qwen2.5-vl-3b;mmke-entity/blip2-opt-2.7b;mmke-entity/instructblip-vicuna-7b;mmke-entity/minigpt-4-vicuna-7b;mmke-entity/paligemma-3b;mmke-visual/blip2-opt-2.7b;mmke-visual/instructblip-vicuna-7b;mmke-visual/minigpt-4-vicuna-7b;mmke-visual/paligemma-3b;mmke-visual/smolvlm-1.7b
recorded,power_a0.5_b0_g1,M_new_norm,1,16,False,21,70.009,71.153875,-1.1448750000000003,70.009,-1.1448750000000003,8,1,7,5,6,0.00999999999999801,-22.24000000000001,14.88000000000001,0.0625,evqa-pilot500/blip2-opt-2.7b;evqa-pilot500/llava-v1.5-7b;evqa-pilot500/minigpt-4-vicuna-7b;evqa-pilot500/paligemma-3b;evqa-pilot500/qwen2.5-vl-3b;mmke-entity/blip2-opt-2.7b;mmke-entity/instructblip-vicuna-7b;mmke-entity/minigpt-4-vicuna-7b;mmke-entity/paligemma-3b;mmke-entity/smolvlm-1.7b;mmke-visual/blip2-opt-2.7b;mmke-visual/instructblip-vicuna-7b;mmke-visual/minigpt-4-vicuna-7b;mmke-visual/paligemma-3b;mmke-visual/qwen2.5-vl-3b;mmke-visual/smolvlm-1.7b
recorded,power_a0.5_b0_g1,M_new_norm,3,12,False,21,72.817,75.67466666666667,-2.857666666666669,71.68222222222222,-1.1375000000000022,4,2,6,2,5,-0.132000000000005,-21.60000000000001,16.685999999999993,0,evqa-pilot500/blip2-opt-2.7b;evqa-pilot500/paligemma-3b;evqa-pilot500/qwen2.5-vl-3b;mmke-entity/blip2-opt-2.7b;mmke-entity/instructblip-vicuna-7b;mmke-entity/minigpt-4-vicuna-7b;mmke-entity/paligemma-3b;mmke-visual/blip2-opt-2.7b;mmke-visual/instructblip-vicuna-7b;mmke-visual/minigpt-4-vicuna-7b;mmke-visual/paligemma-3b;mmke-visual/smolvlm-1.7b
recorded,power_a0.5_b0_g2,M_abscos_x_newn,1,16,False,21,71.36625000000001,72.74975,-1.3834999999999984,71.36625000000001,-1.3834999999999984,4,2,10,3,8,-0.43499999999999517,-22.24000000000001,17.439999999999998,0.125,evqa-pilot500/blip2-opt-2.7b;evqa-pilot500/paligemma-3b;evqa-pilot500/qwen2.5-vl-3b;evqa-pilot500/smolvlm-1.7b;mmke-entity/blip2-opt-2.7b;mmke-entity/instructblip-vicuna-7b;mmke-entity/minigpt-4-vicuna-7b;mmke-entity/paligemma-3b;mmke-entity/qwen2.5-vl-3b;mmke-entity/smolvlm-1.7b;mmke-visual/blip2-opt-2.7b;mmke-visual/instructblip-vicuna-7b;mmke-visual/minigpt-4-vicuna-7b;mmke-visual/paligemma-3b;mmke-visual/qwen2.5-vl-3b;mmke-visual/smolvlm-1.7b
recorded,power_a0.5_b0_g2,M_abscos_x_newn,3,15,False,21,72.01733333333334,74.53013333333334,-2.5128000000000013,69.8279111111111,-2.014622222222226,4,1,10,2,9,-0.980000000000004,-21.60000000000001,17.093999999999994,0.13333333333333333,evqa-pilot500/blip2-opt-2.7b;evqa-pilot500/paligemma-3b;evqa-pilot500/qwen2.5-vl-3b;evqa-pilot500/smolvlm-1.7b;mmke-entity/blip2-opt-2.7b;mmke-entity/instructblip-vicuna-7b;mmke-entity/paligemma-3b;mmke-entity/qwen2.5-vl-3b;mmke-entity/smolvlm-1.7b;mmke-visual/blip2-opt-2.7b;mmke-visual/instructblip-vicuna-7b;mmke-visual/minigpt-4-vicuna-7b;mmke-visual/paligemma-3b;mmke-visual/qwen2.5-vl-3b;mmke-visual/smolvlm-1.7b
recorded,power_a0.5_b0_g2,M_new_norm,1,16,False,21,71.36625000000001,72.645875,-1.2796249999999985,71.36625000000001,-1.2796249999999985,6,0,10,4,9,-0.6579999999999941,-22.24000000000001,17.439999999999998,0.125,evqa-pilot500/blip2-opt-2.7b;evqa-pilot500/paligemma-3b;evqa-pilot500/qwen2.5-vl-3b;evqa-pilot500/smolvlm-1.7b;mmke-entity/blip2-opt-2.7b;mmke-entity/instructblip-vicuna-7b;mmke-entity/minigpt-4-vicuna-7b;mmke-entity/paligemma-3b;mmke-entity/qwen2.5-vl-3b;mmke-entity/smolvlm-1.7b;mmke-visual/blip2-opt-2.7b;mmke-visual/instructblip-vicuna-7b;mmke-visual/minigpt-4-vicuna-7b;mmke-visual/paligemma-3b;mmke-visual/qwen2.5-vl-3b;mmke-visual/smolvlm-1.7b
recorded,power_a0.5_b0_g2,M_new_norm,3,15,False,21,72.01733333333334,74.4224,-2.405066666666668,69.8279111111111,-1.8970222222222253,5,0,10,3,9,-0.980000000000004,-21.60000000000001,17.093999999999994,0.13333333333333333,evqa-pilot500/blip2-opt-2.7b;evqa-pilot500/paligemma-3b;evqa-pilot500/qwen2.5-vl-3b;evqa-pilot500/smolvlm-1.7b;mmke-entity/blip2-opt-2.7b;mmke-entity/instructblip-vicuna-7b;mmke-entity/paligemma-3b;mmke-entity/qwen2.5-vl-3b;mmke-entity/smolvlm-1.7b;mmke-visual/blip2-opt-2.7b;mmke-visual/instructblip-vicuna-7b;mmke-visual/minigpt-4-vicuna-7b;mmke-visual/paligemma-3b;mmke-visual/qwen2.5-vl-3b;mmke-visual/smolvlm-1.7b
recorded,power_a0.5_b0.5_g-1,M_abscos_x_newn,1,18,False,21,64.456,68.7178888888889,-4.2618888888888895,64.456,-4.2618888888888895,1,10,7,1,6,0.0,-70.81,1.0100000000000051,0.16666666666666666,evqa-pilot500/blip2-opt-2.7b;evqa-pilot500/instructblip-vicuna-7b;evqa-pilot500/llava-v1.5-7b;evqa-pilot500/minigpt-4-vicuna-7b;evqa-pilot500/qwen2.5-vl-3b;evqa-pilot500/smolvlm-1.7b;mmke-entity/blip2-opt-2.7b;mmke-entity/instructblip-vicuna-7b;mmke-entity/minigpt-4-vicuna-7b;mmke-entity/paligemma-3b;mmke-entity/qwen2.5-vl-3b;mmke-entity/smolvlm-1.7b;mmke-visual/blip2-opt-2.7b;mmke-visual/instructblip-vicuna-7b;mmke-visual/llava-v1.5-7b;mmke-visual/minigpt-4-vicuna-7b;mmke-visual/qwen2.5-vl-3b;mmke-visual/smolvlm-1.7b
recorded,power_a0.5_b0.5_g-1,M_abscos_x_newn,3,17,False,21,70.71905882352941,70.87305882352942,-0.15400000000000097,66.86486274509804,-1.6761960784313734,2,11,4,2,3,0.0,-7.275999999999996,6.1640000000000015,0.35294117647058826,evqa-pilot500/blip2-opt-2.7b;evqa-pilot500/instructblip-vicuna-7b;evqa-pilot500/minigpt-4-vicuna-7b;evqa-pilot500/qwen2.5-vl-3b;evqa-pilot500/smolvlm-1.7b;mmke-entity/blip2-opt-2.7b;mmke-entity/instructblip-vicuna-7b;mmke-entity/minigpt-4-vicuna-7b;mmke-entity/paligemma-3b;mmke-entity/qwen2.5-vl-3b;mmke-entity/smolvlm-1.7b;mmke-visual/blip2-opt-2.7b;mmke-visual/instructblip-vicuna-7b;mmke-visual/llava-v1.5-7b;mmke-visual/minigpt-4-vicuna-7b;mmke-visual/qwen2.5-vl-3b;mmke-visual/smolvlm-1.7b
recorded,power_a0.5_b0.5_g-1,M_new_norm,1,17,False,21,63.826470588235296,68.11329411764706,-4.286823529411765,63.826470588235296,-4.286823529411765,1,13,3,1,3,0.0,-70.81,1.0100000000000051,0.17647058823529413,evqa-pilot500/blip2-opt-2.7b;evqa-pilot500/instructblip-vicuna-7b;evqa-pilot500/llava-v1.5-7b;evqa-pilot500/minigpt-4-vicuna-7b;evqa-pilot500/qwen2.5-vl-3b;evqa-pilot500/smolvlm-1.7b;mmke-entity/blip2-opt-2.7b;mmke-entity/instructblip-vicuna-7b;mmke-entity/minigpt-4-vicuna-7b;mmke-entity/paligemma-3b;mmke-entity/qwen2.5-vl-3b;mmke-entity/smolvlm-1.7b;mmke-visual/blip2-opt-2.7b;mmke-visual/instructblip-vicuna-7b;mmke-visual/minigpt-4-vicuna-7b;mmke-visual/qwen2.5-vl-3b;mmke-visual/smolvlm-1.7b
recorded,power_a0.5_b0.5_g-1,M_new_norm,3,15,False,21,71.39786666666667,71.88293333333334,-0.4850666666666664,67.24106666666667,-1.9939111111111112,0,14,1,0,1,0.0,-7.275999999999996,0.0,0.3333333333333333,evqa-pilot500/blip2-opt-2.7b;evqa-pilot500/minigpt-4-vicuna-7b;evqa-pilot500/qwen2.5-vl-3b;evqa-pilot500/smolvlm-1.7b;mmke-entity/blip2-opt-2.7b;mmke-entity/instructblip-vicuna-7b;mmke-entity/minigpt-4-vicuna-7b;mmke-entity/paligemma-3b;mmke-entity/qwen2.5-vl-3b;mmke-entity/smolvlm-1.7b;mmke-visual/blip2-opt-2.7b;mmke-visual/instructblip-vicuna-7b;mmke-visual/minigpt-4-vicuna-7b;mmke-visual/qwen2.5-vl-3b;mmke-visual/smolvlm-1.7b
recorded,power_a0.5_b0.5_g0,M_abscos_x_newn,1,20,False,21,71.0689,70.6836,0.38530000000000053,71.0689,0.38530000000000053,2,15,3,1,3,0.0,-0.8500000000000014,9.474000000000004,0.2,evqa-pilot500/blip2-opt-2.7b;evqa-pilot500/instructblip-vicuna-7b;evqa-pilot500/llava-v1.5-7b;evqa-pilot500/minigpt-4-vicuna-7b;evqa-pilot500/paligemma-3b;evqa-pilot500/qwen2.5-vl-3b;evqa-pilot500/smolvlm-1.7b;mmke-entity/blip2-opt-2.7b;mmke-entity/instructblip-vicuna-7b;mmke-entity/minigpt-4-vicuna-7b;mmke-entity/paligemma-3b;mmke-entity/qwen2.5-vl-3b;mmke-entity/smolvlm-1.7b;mmke-visual/blip2-opt-2.7b;mmke-visual/instructblip-vicuna-7b;mmke-visual/llava-v1.5-7b;mmke-visual/minigpt-4-vicuna-7b;mmke-visual/paligemma-3b;mmke-visual/qwen2.5-vl-3b;mmke-visual/smolvlm-1.7b
recorded,power_a0.5_b0.5_g0,M_abscos_x_newn,3,18,False,21,73.18033333333334,72.96677777777778,0.21355555555555483,70.69725925925925,0.3428888888888879,1,14,3,1,3,0.0,-0.8500000000000014,6.1640000000000015,0.3888888888888889,evqa-pilot500/blip2-opt-2.7b;evqa-pilot500/instructblip-vicuna-7b;evqa-pilot500/minigpt-4-vicuna-7b;evqa-pilot500/paligemma-3b;evqa-pilot500/qwen2.5-vl-3b;evqa-pilot500/smolvlm-1.7b;mmke-entity/blip2-opt-2.7b;mmke-entity/instructblip-vicuna-7b;mmke-entity/minigpt-4-vicuna-7b;mmke-entity/paligemma-3b;mmke-entity/qwen2.5-vl-3b;mmke-entity/smolvlm-1.7b;mmke-visual/blip2-opt-2.7b;mmke-visual/instructblip-vicuna-7b;mmke-visual/minigpt-4-vicuna-7b;mmke-visual/paligemma-3b;mmke-visual/qwen2.5-vl-3b;mmke-visual/smolvlm-1.7b
recorded,power_a0.5_b0.5_g0,M_new_norm,1,19,False,21,70.85368421052631,70.26957894736842,0.5841052631578955,70.85368421052631,0.5841052631578955,1,17,1,1,0,0.0,-0.10599999999999454,11.204000000000008,0.21052631578947367,evqa-pilot500/blip2-opt-2.7b;evqa-pilot500/instructblip-vicuna-7b;evqa-pilot500/llava-v1.5-7b;evqa-pilot500/minigpt-4-vicuna-7b;evqa-pilot500/paligemma-3b;evqa-pilot500/qwen2.5-vl-3b;evqa-pilot500/smolvlm-1.7b;mmke-entity/blip2-opt-2.7b;mmke-entity/instructblip-vicuna-7b;mmke-entity/minigpt-4-vicuna-7b;mmke-entity/paligemma-3b;mmke-entity/qwen2.5-vl-3b;mmke-entity/smolvlm-1.7b;mmke-visual/blip2-opt-2.7b;mmke-visual/instructblip-vicuna-7b;mmke-visual/minigpt-4-vicuna-7b;mmke-visual/paligemma-3b;mmke-visual/qwen2.5-vl-3b;mmke-visual/smolvlm-1.7b
recorded,power_a0.5_b0.5_g0,M_new_norm,3,17,False,21,74.28094117647059,74.29352941176471,-0.012588235294117567,71.79788235294117,0.3057254901960784,0,16,1,0,0,0.0,-0.21399999999999864,0.0,0.35294117647058826,evqa-pilot500/blip2-opt-2.7b;evqa-pilot500/minigpt-4-vicuna-7b;evqa-pilot500/paligemma-3b;evqa-pilot500/qwen2.5-vl-3b;evqa-pilot500/smolvlm-1.7b;mmke-entity/blip2-opt-2.7b;mmke-entity/instructblip-vicuna-7b;mmke-entity/minigpt-4-vicuna-7b;mmke-entity/paligemma-3b;mmke-entity/qwen2.5-vl-3b;mmke-entity/smolvlm-1.7b;mmke-visual/blip2-opt-2.7b;mmke-visual/instructblip-vicuna-7b;mmke-visual/minigpt-4-vicuna-7b;mmke-visual/paligemma-3b;mmke-visual/qwen2.5-vl-3b;mmke-visual/smolvlm-1.7b
recorded,power_a0.5_b0.5_g0.5,M_abscos_x_newn,1,16,False,21,70.2095,70.6645,-0.4549999999999996,70.2095,-0.4549999999999996,4,7,5,3,4,0.0,-5.560000000000002,4.300000000000004,0,evqa-pilot500/blip2-opt-2.7b;evqa-pilot500/instructblip-vicuna-7b;evqa-pilot500/llava-v1.5-7b;evqa-pilot500/minigpt-4-vicuna-7b;evqa-pilot500/paligemma-3b;evqa-pilot500/qwen2.5-vl-3b;evqa-pilot500/smolvlm-1.7b;mmke-entity/blip2-opt-2.7b;mmke-entity/minigpt-4-vicuna-7b;mmke-entity/paligemma-3b;mmke-entity/smolvlm-1.7b;mmke-visual/blip2-opt-2.7b;mmke-visual/llava-v1.5-7b;mmke-visual/minigpt-4-vicuna-7b;mmke-visual/paligemma-3b;mmke-visual/qwen2.5-vl-3b
recorded,power_a0.5_b0.5_g0.5,M_abscos_x_newn,3,11,False,21,74.60963636363637,75.242,-0.6323636363636367,72.30909090909091,-0.24545454545454637,2,5,4,1,2,0.0,-7.549999999999997,3.9540000000000006,0.09090909090909091,evqa-pilot500/blip2-opt-2.7b;evqa-pilot500/minigpt-4-vicuna-7b;evqa-pilot500/paligemma-3b;evqa-pilot500/qwen2.5-vl-3b;evqa-pilot500/smolvlm-1.7b;mmke-entity/blip2-opt-2.7b;mmke-entity/paligemma-3b;mmke-visual/blip2-opt-2.7b;mmke-visual/minigpt-4-vicuna-7b;mmke-visual/paligemma-3b;mmke-visual/qwen2.5-vl-3b
recorded,power_a0.5_b0.5_g0.5,M_new_norm,1,15,False,21,69.78666666666666,70.1388,-0.3521333333333331,69.78666666666666,-0.3521333333333331,6,4,5,4,3,0.0,-5.560000000000002,4.300000000000004,0,evqa-pilot500/blip2-opt-2.7b;evqa-pilot500/instructblip-vicuna-7b;evqa-pilot500/llava-v1.5-7b;evqa-pilot500/minigpt-4-vicuna-7b;evqa-pilot500/paligemma-3b;evqa-pilot500/qwen2.5-vl-3b;evqa-pilot500/smolvlm-1.7b;mmke-entity/blip2-opt-2.7b;mmke-entity/minigpt-4-vicuna-7b;mmke-entity/paligemma-3b;mmke-entity/smolvlm-1.7b;mmke-visual/blip2-opt-2.7b;mmke-visual/minigpt-4-vicuna-7b;mmke-visual/paligemma-3b;mmke-visual/qwen2.5-vl-3b
recorded,power_a0.5_b0.5_g0.5,M_new_norm,3,11,False,21,74.60963636363637,75.65545454545455,-1.0458181818181815,72.30909090909091,-0.3745454545454543,4,3,4,3,3,0.0,-7.549999999999997,3.9540000000000006,0.09090909090909091,evqa-pilot500/blip2-opt-2.7b;evqa-pilot500/minigpt-4-vicuna-7b;evqa-pilot500/paligemma-3b;evqa-pilot500/qwen2.5-vl-3b;evqa-pilot500/smolvlm-1.7b;mmke-entity/blip2-opt-2.7b;mmke-entity/paligemma-3b;mmke-visual/blip2-opt-2.7b;mmke-visual/minigpt-4-vicuna-7b;mmke-visual/paligemma-3b;mmke-visual/qwen2.5-vl-3b
recorded,power_a0.5_b0.5_g1,M_abscos_x_newn,1,15,False,21,69.73733333333334,70.9328,-1.195466666666667,69.73733333333334,-1.195466666666667,5,4,6,4,5,0.0,-20.540000000000006,14.88000000000001,0.06666666666666667,evqa-pilot500/blip2-opt-2.7b;evqa-pilot500/instructblip-vicuna-7b;evqa-pilot500/minigpt-4-vicuna-7b;evqa-pilot500/paligemma-3b;evqa-pilot500/qwen2.5-vl-3b;mmke-entity/blip2-opt-2.7b;mmke-entity/instructblip-vicuna-7b;mmke-entity/minigpt-4-vicuna-7b;mmke-entity/paligemma-3b;mmke-entity/smolvlm-1.7b;mmke-visual/blip2-opt-2.7b;mmke-visual/instructblip-vicuna-7b;mmke-visual/llava-v1.5-7b;mmke-visual/paligemma-3b;mmke-visual/smolvlm-1.7b
recorded,power_a0.5_b0.5_g1,M_abscos_x_newn,3,12,False,21,69.96416666666667,74.53516666666667,-4.571000000000003,68.57622222222223,-2.8054444444444453,1,2,9,1,6,-0.5470000000000041,-20.730000000000004,0.8219999999999885,0.08333333333333333,evqa-pilot500/instructblip-vicuna-7b;evqa-pilot500/minigpt-4-vicuna-7b;evqa-pilot500/paligemma-3b;evqa-pilot500/qwen2.5-vl-3b;mmke-entity/blip2-opt-2.7b;mmke-entity/instructblip-vicuna-7b;mmke-entity/paligemma-3b;mmke-visual/blip2-opt-2.7b;mmke-visual/instructblip-vicuna-7b;mmke-visual/llava-v1.5-7b;mmke-visual/paligemma-3b;mmke-visual/smolvlm-1.7b
recorded,power_a0.5_b0.5_g1,M_new_norm,1,14,False,21,69.218,70.44371428571428,-1.2257142857142849,69.218,-1.2257142857142849,6,2,6,5,4,0.0,-20.540000000000006,14.88000000000001,0,evqa-pilot500/blip2-opt-2.7b;evqa-pilot500/instructblip-vicuna-7b;evqa-pilot500/minigpt-4-vicuna-7b;evqa-pilot500/paligemma-3b;evqa-pilot500/qwen2.5-vl-3b;mmke-entity/blip2-opt-2.7b;mmke-entity/instructblip-vicuna-7b;mmke-entity/minigpt-4-vicuna-7b;mmke-entity/paligemma-3b;mmke-entity/smolvlm-1.7b;mmke-visual/blip2-opt-2.7b;mmke-visual/instructblip-vicuna-7b;mmke-visual/paligemma-3b;mmke-visual/smolvlm-1.7b
recorded,power_a0.5_b0.5_g1,M_new_norm,3,10,False,21,71.2652,76.908,-5.642800000000003,69.6334,-3.4798666666666684,1,2,7,1,5,-0.5470000000000041,-20.730000000000004,0.6599999999999966,0,evqa-pilot500/minigpt-4-vicuna-7b;evqa-pilot500/paligemma-3b;evqa-pilot500/qwen2.5-vl-3b;mmke-entity/blip2-opt-2.7b;mmke-entity/instructblip-vicuna-7b;mmke-entity/paligemma-3b;mmke-visual/blip2-opt-2.7b;mmke-visual/instructblip-vicuna-7b;mmke-visual/paligemma-3b;mmke-visual/smolvlm-1.7b
recorded,power_a0.5_b0.5_g2,M_abscos_x_newn,1,18,False,21,69.109,71.00144444444445,-1.8924444444444448,69.109,-1.8924444444444448,3,4,11,3,10,-0.6649999999999991,-22.24000000000001,15.64,0,evqa-pilot500/blip2-opt-2.7b;evqa-pilot500/instructblip-vicuna-7b;evqa-pilot500/minigpt-4-vicuna-7b;evqa-pilot500/paligemma-3b;evqa-pilot500/qwen2.5-vl-3b;evqa-pilot500/smolvlm-1.7b;mmke-entity/blip2-opt-2.7b;mmke-entity/instructblip-vicuna-7b;mmke-entity/minigpt-4-vicuna-7b;mmke-entity/paligemma-3b;mmke-entity/qwen2.5-vl-3b;mmke-entity/smolvlm-1.7b;mmke-visual/blip2-opt-2.7b;mmke-visual/instructblip-vicuna-7b;mmke-visual/minigpt-4-vicuna-7b;mmke-visual/paligemma-3b;mmke-visual/qwen2.5-vl-3b;mmke-visual/smolvlm-1.7b
recorded,power_a0.5_b0.5_g2,M_abscos_x_newn,3,14,False,21,73.98428571428572,75.113,-1.1287142857142867,72.87557142857143,0.13919047619047373,4,1,9,3,6,-0.3180000000000014,-21.60000000000001,17.093999999999994,0.14285714285714285,evqa-pilot500/blip2-opt-2.7b;evqa-pilot500/paligemma-3b;evqa-pilot500/qwen2.5-vl-3b;evqa-pilot500/smolvlm-1.7b;mmke-entity/blip2-opt-2.7b;mmke-entity/instructblip-vicuna-7b;mmke-entity/minigpt-4-vicuna-7b;mmke-entity/paligemma-3b;mmke-entity/qwen2.5-vl-3b;mmke-visual/blip2-opt-2.7b;mmke-visual/minigpt-4-vicuna-7b;mmke-visual/paligemma-3b;mmke-visual/qwen2.5-vl-3b;mmke-visual/smolvlm-1.7b
recorded,power_a0.5_b0.5_g2,M_new_norm,1,18,False,21,69.109,70.813,-1.7040000000000002,69.109,-1.7040000000000002,5,1,12,4,10,-0.6649999999999991,-22.24000000000001,15.64,0,evqa-pilot500/blip2-opt-2.7b;evqa-pilot500/instructblip-vicuna-7b;evqa-pilot500/minigpt-4-vicuna-7b;evqa-pilot500/paligemma-3b;evqa-pilot500/qwen2.5-vl-3b;evqa-pilot500/smolvlm-1.7b;mmke-entity/blip2-opt-2.7b;mmke-entity/instructblip-vicuna-7b;mmke-entity/minigpt-4-vicuna-7b;mmke-entity/paligemma-3b;mmke-entity/qwen2.5-vl-3b;mmke-entity/smolvlm-1.7b;mmke-visual/blip2-opt-2.7b;mmke-visual/instructblip-vicuna-7b;mmke-visual/minigpt-4-vicuna-7b;mmke-visual/paligemma-3b;mmke-visual/qwen2.5-vl-3b;mmke-visual/smolvlm-1.7b
recorded,power_a0.5_b0.5_g2,M_new_norm,3,14,False,21,73.98428571428572,74.96257142857142,-0.9782857142857141,72.87557142857143,0.29699999999999854,6,0,8,4,6,-0.30299999999999727,-21.60000000000001,17.093999999999994,0.14285714285714285,evqa-pilot500/blip2-opt-2.7b;evqa-pilot500/paligemma-3b;evqa-pilot500/qwen2.5-vl-3b;evqa-pilot500/smolvlm-1.7b;mmke-entity/blip2-opt-2.7b;mmke-entity/instructblip-vicuna-7b;mmke-entity/minigpt-4-vicuna-7b;mmke-entity/paligemma-3b;mmke-entity/qwen2.5-vl-3b;mmke-visual/blip2-opt-2.7b;mmke-visual/minigpt-4-vicuna-7b;mmke-visual/paligemma-3b;mmke-visual/qwen2.5-vl-3b;mmke-visual/smolvlm-1.7b
recorded,power_a0.5_b1_g-1,M_abscos_x_newn,1,18,False,21,64.456,68.7178888888889,-4.2618888888888895,64.456,-4.2618888888888895,1,10,7,1,6,0.0,-70.81,1.0100000000000051,0.16666666666666666,evqa-pilot500/blip2-opt-2.7b;evqa-pilot500/instructblip-vicuna-7b;evqa-pilot500/llava-v1.5-7b;evqa-pilot500/minigpt-4-vicuna-7b;evqa-pilot500/qwen2.5-vl-3b;evqa-pilot500/smolvlm-1.7b;mmke-entity/blip2-opt-2.7b;mmke-entity/instructblip-vicuna-7b;mmke-entity/minigpt-4-vicuna-7b;mmke-entity/paligemma-3b;mmke-entity/qwen2.5-vl-3b;mmke-entity/smolvlm-1.7b;mmke-visual/blip2-opt-2.7b;mmke-visual/instructblip-vicuna-7b;mmke-visual/llava-v1.5-7b;mmke-visual/minigpt-4-vicuna-7b;mmke-visual/qwen2.5-vl-3b;mmke-visual/smolvlm-1.7b
recorded,power_a0.5_b1_g-1,M_abscos_x_newn,3,17,False,21,71.1470588235294,70.87305882352942,0.2739999999999988,67.14125490196078,-1.3998039215686287,2,12,3,2,2,0.0,-0.8500000000000014,6.1640000000000015,0.35294117647058826,evqa-pilot500/blip2-opt-2.7b;evqa-pilot500/instructblip-vicuna-7b;evqa-pilot500/minigpt-4-vicuna-7b;evqa-pilot500/qwen2.5-vl-3b;evqa-pilot500/smolvlm-1.7b;mmke-entity/blip2-opt-2.7b;mmke-entity/instructblip-vicuna-7b;mmke-entity/minigpt-4-vicuna-7b;mmke-entity/paligemma-3b;mmke-entity/qwen2.5-vl-3b;mmke-entity/smolvlm-1.7b;mmke-visual/blip2-opt-2.7b;mmke-visual/instructblip-vicuna-7b;mmke-visual/llava-v1.5-7b;mmke-visual/minigpt-4-vicuna-7b;mmke-visual/qwen2.5-vl-3b;mmke-visual/smolvlm-1.7b
recorded,power_a0.5_b1_g-1,M_new_norm,1,17,False,21,63.826470588235296,68.11329411764706,-4.286823529411765,63.826470588235296,-4.286823529411765,1,13,3,1,3,0.0,-70.81,1.0100000000000051,0.17647058823529413,evqa-pilot500/blip2-opt-2.7b;evqa-pilot500/instructblip-vicuna-7b;evqa-pilot500/llava-v1.5-7b;evqa-pilot500/minigpt-4-vicuna-7b;evqa-pilot500/qwen2.5-vl-3b;evqa-pilot500/smolvlm-1.7b;mmke-entity/blip2-opt-2.7b;mmke-entity/instructblip-vicuna-7b;mmke-entity/minigpt-4-vicuna-7b;mmke-entity/paligemma-3b;mmke-entity/qwen2.5-vl-3b;mmke-entity/smolvlm-1.7b;mmke-visual/blip2-opt-2.7b;mmke-visual/instructblip-vicuna-7b;mmke-visual/minigpt-4-vicuna-7b;mmke-visual/qwen2.5-vl-3b;mmke-visual/smolvlm-1.7b
recorded,power_a0.5_b1_g-1,M_new_norm,3,15,False,21,71.88293333333334,71.88293333333334,0.0,67.5543111111111,-1.6806666666666672,0,15,0,0,0,0.0,0.0,0.0,0.3333333333333333,evqa-pilot500/blip2-opt-2.7b;evqa-pilot500/minigpt-4-vicuna-7b;evqa-pilot500/qwen2.5-vl-3b;evqa-pilot500/smolvlm-1.7b;mmke-entity/blip2-opt-2.7b;mmke-entity/instructblip-vicuna-7b;mmke-entity/minigpt-4-vicuna-7b;mmke-entity/paligemma-3b;mmke-entity/qwen2.5-vl-3b;mmke-entity/smolvlm-1.7b;mmke-visual/blip2-opt-2.7b;mmke-visual/instructblip-vicuna-7b;mmke-visual/minigpt-4-vicuna-7b;mmke-visual/qwen2.5-vl-3b;mmke-visual/smolvlm-1.7b
recorded,power_a0.5_b1_g0,M_abscos_x_newn,1,20,False,21,71.1777,70.6836,0.4940999999999999,71.1777,0.4940999999999999,2,15,3,1,2,0.0,-0.8500000000000014,11.543999999999997,0.2,evqa-pilot500/blip2-opt-2.7b;evqa-pilot500/instructblip-vicuna-7b;evqa-pilot500/llava-v1.5-7b;evqa-pilot500/minigpt-4-vicuna-7b;evqa-pilot500/paligemma-3b;evqa-pilot500/qwen2.5-vl-3b;evqa-pilot500/smolvlm-1.7b;mmke-entity/blip2-opt-2.7b;mmke-entity/instructblip-vicuna-7b;mmke-entity/minigpt-4-vicuna-7b;mmke-entity/paligemma-3b;mmke-entity/qwen2.5-vl-3b;mmke-entity/smolvlm-1.7b;mmke-visual/blip2-opt-2.7b;mmke-visual/instructblip-vicuna-7b;mmke-visual/llava-v1.5-7b;mmke-visual/minigpt-4-vicuna-7b;mmke-visual/paligemma-3b;mmke-visual/qwen2.5-vl-3b;mmke-visual/smolvlm-1.7b
recorded,power_a0.5_b1_g0,M_abscos_x_newn,3,18,False,21,73.19222222222223,72.96677777777778,0.22544444444444364,70.40851851851852,0.05414814814814722,1,14,3,1,2,0.0,-0.8500000000000014,6.1640000000000015,0.3888888888888889,evqa-pilot500/blip2-opt-2.7b;evqa-pilot500/instructblip-vicuna-7b;evqa-pilot500/minigpt-4-vicuna-7b;evqa-pilot500/paligemma-3b;evqa-pilot500/qwen2.5-vl-3b;evqa-pilot500/smolvlm-1.7b;mmke-entity/blip2-opt-2.7b;mmke-entity/instructblip-vicuna-7b;mmke-entity/minigpt-4-vicuna-7b;mmke-entity/paligemma-3b;mmke-entity/qwen2.5-vl-3b;mmke-entity/smolvlm-1.7b;mmke-visual/blip2-opt-2.7b;mmke-visual/instructblip-vicuna-7b;mmke-visual/minigpt-4-vicuna-7b;mmke-visual/paligemma-3b;mmke-visual/qwen2.5-vl-3b;mmke-visual/smolvlm-1.7b
recorded,power_a0.5_b1_g0,M_new_norm,1,19,False,21,70.96821052631579,70.26957894736842,0.6986315789473685,70.96821052631579,0.6986315789473685,1,18,0,1,0,0.0,0.0,13.274000000000001,0.21052631578947367,evqa-pilot500/blip2-opt-2.7b;evqa-pilot500/instructblip-vicuna-7b;evqa-pilot500/llava-v1.5-7b;evqa-pilot500/minigpt-4-vicuna-7b;evqa-pilot500/paligemma-3b;evqa-pilot500/qwen2.5-vl-3b;evqa-pilot500/smolvlm-1.7b;mmke-entity/blip2-opt-2.7b;mmke-entity/instructblip-vicuna-7b;mmke-entity/minigpt-4-vicuna-7b;mmke-entity/paligemma-3b;mmke-entity/qwen2.5-vl-3b;mmke-entity/smolvlm-1.7b;mmke-visual/blip2-opt-2.7b;mmke-visual/instructblip-vicuna-7b;mmke-visual/minigpt-4-vicuna-7b;mmke-visual/paligemma-3b;mmke-visual/qwen2.5-vl-3b;mmke-visual/smolvlm-1.7b
recorded,power_a0.5_b1_g0,M_new_norm,3,17,False,21,74.29352941176471,74.29352941176471,0.0,71.4921568627451,0.0,0,17,0,0,0,0.0,0.0,0.0,0.35294117647058826,evqa-pilot500/blip2-opt-2.7b;evqa-pilot500/minigpt-4-vicuna-7b;evqa-pilot500/paligemma-3b;evqa-pilot500/qwen2.5-vl-3b;evqa-pilot500/smolvlm-1.7b;mmke-entity/blip2-opt-2.7b;mmke-entity/instructblip-vicuna-7b;mmke-entity/minigpt-4-vicuna-7b;mmke-entity/paligemma-3b;mmke-entity/qwen2.5-vl-3b;mmke-entity/smolvlm-1.7b;mmke-visual/blip2-opt-2.7b;mmke-visual/instructblip-vicuna-7b;mmke-visual/minigpt-4-vicuna-7b;mmke-visual/paligemma-3b;mmke-visual/qwen2.5-vl-3b;mmke-visual/smolvlm-1.7b
recorded,power_a0.5_b1_g0.5,M_abscos_x_newn,1,15,False,21,70.82226666666666,71.44653333333333,-0.624266666666666,70.82226666666666,-0.624266666666666,4,7,4,3,4,0.0,-11.199999999999996,4.300000000000004,0,evqa-pilot500/blip2-opt-2.7b;evqa-pilot500/llava-v1.5-7b;evqa-pilot500/minigpt-4-vicuna-7b;evqa-pilot500/paligemma-3b;evqa-pilot500/qwen2.5-vl-3b;evqa-pilot500/smolvlm-1.7b;mmke-entity/blip2-opt-2.7b;mmke-entity/paligemma-3b;mmke-entity/smolvlm-1.7b;mmke-visual/blip2-opt-2.7b;mmke-visual/llava-v1.5-7b;mmke-visual/minigpt-4-vicuna-7b;mmke-visual/paligemma-3b;mmke-visual/qwen2.5-vl-3b;mmke-visual/smolvlm-1.7b
recorded,power_a0.5_b1_g0.5,M_abscos_x_newn,3,12,False,21,74.675,74.8985,-0.223499999999999,72.6523888888889,0.23738888888888887,3,6,3,2,2,0.0,-7.549999999999997,4.094000000000008,0.08333333333333333,evqa-pilot500/blip2-opt-2.7b;evqa-pilot500/minigpt-4-vicuna-7b;evqa-pilot500/paligemma-3b;evqa-pilot500/qwen2.5-vl-3b;evqa-pilot500/smolvlm-1.7b;mmke-entity/blip2-opt-2.7b;mmke-entity/paligemma-3b;mmke-entity/smolvlm-1.7b;mmke-visual/blip2-opt-2.7b;mmke-visual/minigpt-4-vicuna-7b;mmke-visual/paligemma-3b;mmke-visual/qwen2.5-vl-3b
recorded,power_a0.5_b1_g0.5,M_new_norm,1,14,False,21,70.413,70.974,-0.5609999999999994,70.413,-0.5609999999999994,5,4,5,4,3,0.0,-11.199999999999996,4.300000000000004,0,evqa-pilot500/blip2-opt-2.7b;evqa-pilot500/llava-v1.5-7b;evqa-pilot500/minigpt-4-vicuna-7b;evqa-pilot500/paligemma-3b;evqa-pilot500/qwen2.5-vl-3b;evqa-pilot500/smolvlm-1.7b;mmke-entity/blip2-opt-2.7b;mmke-entity/paligemma-3b;mmke-entity/smolvlm-1.7b;mmke-visual/blip2-opt-2.7b;mmke-visual/minigpt-4-vicuna-7b;mmke-visual/paligemma-3b;mmke-visual/qwen2.5-vl-3b;mmke-visual/smolvlm-1.7b
recorded,power_a0.5_b1_g0.5,M_new_norm,3,12,False,21,74.675,75.2775,-0.6024999999999986,72.6523888888889,0.11905555555555658,4,5,3,3,3,0.0,-7.549999999999997,3.9540000000000006,0.08333333333333333,evqa-pilot500/blip2-opt-2.7b;evqa-pilot500/minigpt-4-vicuna-7b;evqa-pilot500/paligemma-3b;evqa-pilot500/qwen2.5-vl-3b;evqa-pilot500/smolvlm-1.7b;mmke-entity/blip2-opt-2.7b;mmke-entity/paligemma-3b;mmke-entity/smolvlm-1.7b;mmke-visual/blip2-opt-2.7b;mmke-visual/minigpt-4-vicuna-7b;mmke-visual/paligemma-3b;mmke-visual/qwen2.5-vl-3b
recorded,power_a0.5_b1_g1,M_abscos_x_newn,1,16,False,21,69.0665,71.254625,-2.1881250000000003,69.0665,-2.1881250000000003,2,6,8,2,5,-0.05700000000000216,-20.540000000000006,14.930000000000007,0,evqa-pilot500/blip2-opt-2.7b;evqa-pilot500/instructblip-vicuna-7b;evqa-pilot500/minigpt-4-vicuna-7b;evqa-pilot500/paligemma-3b;evqa-pilot500/qwen2.5-vl-3b;evqa-pilot500/smolvlm-1.7b;mmke-entity/blip2-opt-2.7b;mmke-entity/instructblip-vicuna-7b;mmke-entity/minigpt-4-vicuna-7b;mmke-entity/paligemma-3b;mmke-visual/blip2-opt-2.7b;mmke-visual/instructblip-vicuna-7b;mmke-visual/llava-v1.5-7b;mmke-visual/minigpt-4-vicuna-7b;mmke-visual/paligemma-3b;mmke-visual/smolvlm-1.7b
recorded,power_a0.5_b1_g1,M_abscos_x_newn,3,9,False,21,77.45666666666666,78.328,-0.8713333333333372,75.72192592592593,-0.2599259259259262,1,3,5,1,1,-0.18000000000000682,-7.549999999999997,0.8219999999999885,0.1111111111111111,evqa-pilot500/minigpt-4-vicuna-7b;evqa-pilot500/paligemma-3b;evqa-pilot500/qwen2.5-vl-3b;mmke-entity/blip2-opt-2.7b;mmke-entity/paligemma-3b;mmke-visual/blip2-opt-2.7b;mmke-visual/llava-v1.5-7b;mmke-visual/minigpt-4-vicuna-7b;mmke-visual/paligemma-3b
recorded,power_a0.5_b1_g1,M_new_norm,1,15,False,21,68.56746666666666,70.76826666666666,-2.2008000000000005,68.56746666666666,-2.2008000000000005,5,4,6,4,5,0.0,-20.540000000000006,14.930000000000007,0,evqa-pilot500/blip2-opt-2.7b;evqa-pilot500/instructblip-vicuna-7b;evqa-pilot500/minigpt-4-vicuna-7b;evqa-pilot500/paligemma-3b;evqa-pilot500/qwen2.5-vl-3b;evqa-pilot500/smolvlm-1.7b;mmke-entity/blip2-opt-2.7b;mmke-entity/instructblip-vicuna-7b;mmke-entity/minigpt-4-vicuna-7b;mmke-entity/paligemma-3b;mmke-visual/blip2-opt-2.7b;mmke-visual/instructblip-vicuna-7b;mmke-visual/minigpt-4-vicuna-7b;mmke-visual/paligemma-3b;mmke-visual/smolvlm-1.7b
recorded,power_a0.5_b1_g1,M_new_norm,3,8,False,21,77.51275,79.16425,-1.6515000000000022,75.58425,-0.6151666666666662,2,2,4,1,2,-0.09000000000000341,-7.549999999999997,0.6599999999999966,0,evqa-pilot500/minigpt-4-vicuna-7b;evqa-pilot500/paligemma-3b;evqa-pilot500/qwen2.5-vl-3b;mmke-entity/blip2-opt-2.7b;mmke-entity/paligemma-3b;mmke-visual/blip2-opt-2.7b;mmke-visual/minigpt-4-vicuna-7b;mmke-visual/paligemma-3b
recorded,power_a0.5_b1_g2,M_abscos_x_newn,1,17,False,21,70.83964705882353,71.89011764705883,-1.0504705882352943,70.83964705882353,-1.0504705882352943,4,4,9,4,7,-0.1700000000000017,-20.460000000000008,14.88000000000001,0,evqa-pilot500/blip2-opt-2.7b;evqa-pilot500/minigpt-4-vicuna-7b;evqa-pilot500/paligemma-3b;evqa-pilot500/qwen2.5-vl-3b;evqa-pilot500/smolvlm-1.7b;mmke-entity/blip2-opt-2.7b;mmke-entity/instructblip-vicuna-7b;mmke-entity/minigpt-4-vicuna-7b;mmke-entity/paligemma-3b;mmke-entity/qwen2.5-vl-3b;mmke-entity/smolvlm-1.7b;mmke-visual/blip2-opt-2.7b;mmke-visual/instructblip-vicuna-7b;mmke-visual/llava-v1.5-7b;mmke-visual/paligemma-3b;mmke-visual/qwen2.5-vl-3b;mmke-visual/smolvlm-1.7b
recorded,power_a0.5_b1_g2,M_abscos_x_newn,3,12,False,21,72.78766666666667,75.316,-2.5283333333333364,71.50733333333334,-0.9350555555555585,4,1,7,3,4,-0.2030000000000065,-20.56000000000001,16.685999999999993,0.08333333333333333,evqa-pilot500/blip2-opt-2.7b;evqa-pilot500/paligemma-3b;evqa-pilot500/qwen2.5-vl-3b;mmke-entity/blip2-opt-2.7b;mmke-entity/instructblip-vicuna-7b;mmke-entity/minigpt-4-vicuna-7b;mmke-entity/paligemma-3b;mmke-visual/blip2-opt-2.7b;mmke-visual/instructblip-vicuna-7b;mmke-visual/paligemma-3b;mmke-visual/qwen2.5-vl-3b;mmke-visual/smolvlm-1.7b
recorded,power_a0.5_b1_g2,M_new_norm,1,16,False,21,70.46025,71.522,-1.0617499999999995,70.46025,-1.0617499999999995,6,1,9,5,7,-0.30799999999999983,-20.460000000000008,14.88000000000001,0,evqa-pilot500/blip2-opt-2.7b;evqa-pilot500/minigpt-4-vicuna-7b;evqa-pilot500/paligemma-3b;evqa-pilot500/qwen2.5-vl-3b;evqa-pilot500/smolvlm-1.7b;mmke-entity/blip2-opt-2.7b;mmke-entity/instructblip-vicuna-7b;mmke-entity/minigpt-4-vicuna-7b;mmke-entity/paligemma-3b;mmke-entity/qwen2.5-vl-3b;mmke-entity/smolvlm-1.7b;mmke-visual/blip2-opt-2.7b;mmke-visual/instructblip-vicuna-7b;mmke-visual/paligemma-3b;mmke-visual/qwen2.5-vl-3b;mmke-visual/smolvlm-1.7b
recorded,power_a0.5_b1_g2,M_new_norm,3,12,False,21,72.78766666666667,75.20433333333334,-2.416666666666669,71.50733333333334,-0.8160000000000025,6,1,5,4,4,0.11500000000000199,-20.56000000000001,16.685999999999993,0.08333333333333333,evqa-pilot500/blip2-opt-2.7b;evqa-pilot500/paligemma-3b;evqa-pilot500/qwen2.5-vl-3b;mmke-entity/blip2-opt-2.7b;mmke-entity/instructblip-vicuna-7b;mmke-entity/minigpt-4-vicuna-7b;mmke-entity/paligemma-3b;mmke-visual/blip2-opt-2.7b;mmke-visual/instructblip-vicuna-7b;mmke-visual/paligemma-3b;mmke-visual/qwen2.5-vl-3b;mmke-visual/smolvlm-1.7b
recorded,power_a1_b-1_g-1,M_abscos_x_newn,1,18,False,21,64.456,68.7178888888889,-4.2618888888888895,64.456,-4.2618888888888895,1,10,7,1,6,0.0,-70.81,1.0100000000000051,0.16666666666666666,evqa-pilot500/blip2-opt-2.7b;evqa-pilot500/instructblip-vicuna-7b;evqa-pilot500/llava-v1.5-7b;evqa-pilot500/minigpt-4-vicuna-7b;evqa-pilot500/qwen2.5-vl-3b;evqa-pilot500/smolvlm-1.7b;mmke-entity/blip2-opt-2.7b;mmke-entity/instructblip-vicuna-7b;mmke-entity/minigpt-4-vicuna-7b;mmke-entity/paligemma-3b;mmke-entity/qwen2.5-vl-3b;mmke-entity/smolvlm-1.7b;mmke-visual/blip2-opt-2.7b;mmke-visual/instructblip-vicuna-7b;mmke-visual/llava-v1.5-7b;mmke-visual/minigpt-4-vicuna-7b;mmke-visual/qwen2.5-vl-3b;mmke-visual/smolvlm-1.7b
recorded,power_a1_b-1_g-1,M_abscos_x_newn,3,17,False,21,70.71905882352941,70.87305882352942,-0.15400000000000097,66.86486274509804,-1.6761960784313734,2,11,4,2,3,0.0,-7.275999999999996,6.1640000000000015,0.35294117647058826,evqa-pilot500/blip2-opt-2.7b;evqa-pilot500/instructblip-vicuna-7b;evqa-pilot500/minigpt-4-vicuna-7b;evqa-pilot500/qwen2.5-vl-3b;evqa-pilot500/smolvlm-1.7b;mmke-entity/blip2-opt-2.7b;mmke-entity/instructblip-vicuna-7b;mmke-entity/minigpt-4-vicuna-7b;mmke-entity/paligemma-3b;mmke-entity/qwen2.5-vl-3b;mmke-entity/smolvlm-1.7b;mmke-visual/blip2-opt-2.7b;mmke-visual/instructblip-vicuna-7b;mmke-visual/llava-v1.5-7b;mmke-visual/minigpt-4-vicuna-7b;mmke-visual/qwen2.5-vl-3b;mmke-visual/smolvlm-1.7b
recorded,power_a1_b-1_g-1,M_new_norm,1,17,False,21,63.826470588235296,68.11329411764706,-4.286823529411765,63.826470588235296,-4.286823529411765,1,13,3,1,3,0.0,-70.81,1.0100000000000051,0.17647058823529413,evqa-pilot500/blip2-opt-2.7b;evqa-pilot500/instructblip-vicuna-7b;evqa-pilot500/llava-v1.5-7b;evqa-pilot500/minigpt-4-vicuna-7b;evqa-pilot500/qwen2.5-vl-3b;evqa-pilot500/smolvlm-1.7b;mmke-entity/blip2-opt-2.7b;mmke-entity/instructblip-vicuna-7b;mmke-entity/minigpt-4-vicuna-7b;mmke-entity/paligemma-3b;mmke-entity/qwen2.5-vl-3b;mmke-entity/smolvlm-1.7b;mmke-visual/blip2-opt-2.7b;mmke-visual/instructblip-vicuna-7b;mmke-visual/minigpt-4-vicuna-7b;mmke-visual/qwen2.5-vl-3b;mmke-visual/smolvlm-1.7b
recorded,power_a1_b-1_g-1,M_new_norm,3,15,False,21,71.39786666666667,71.88293333333334,-0.4850666666666664,67.24106666666667,-1.9939111111111112,0,14,1,0,1,0.0,-7.275999999999996,0.0,0.3333333333333333,evqa-pilot500/blip2-opt-2.7b;evqa-pilot500/minigpt-4-vicuna-7b;evqa-pilot500/qwen2.5-vl-3b;evqa-pilot500/smolvlm-1.7b;mmke-entity/blip2-opt-2.7b;mmke-entity/instructblip-vicuna-7b;mmke-entity/minigpt-4-vicuna-7b;mmke-entity/paligemma-3b;mmke-entity/qwen2.5-vl-3b;mmke-entity/smolvlm-1.7b;mmke-visual/blip2-opt-2.7b;mmke-visual/instructblip-vicuna-7b;mmke-visual/minigpt-4-vicuna-7b;mmke-visual/qwen2.5-vl-3b;mmke-visual/smolvlm-1.7b
recorded,power_a1_b-1_g0,M_abscos_x_newn,1,15,False,21,61.9824,67.9416,-5.9592,61.9824,-5.9592,3,4,8,1,8,-0.9500000000000028,-43.77,6.82,0.06666666666666667,evqa-pilot500/blip2-opt-2.7b;evqa-pilot500/instructblip-vicuna-7b;evqa-pilot500/llava-v1.5-7b;evqa-pilot500/minigpt-4-vicuna-7b;evqa-pilot500/qwen2.5-vl-3b;evqa-pilot500/smolvlm-1.7b;mmke-entity/blip2-opt-2.7b;mmke-entity/instructblip-vicuna-7b;mmke-entity/minigpt-4-vicuna-7b;mmke-entity/paligemma-3b;mmke-entity/smolvlm-1.7b;mmke-visual/blip2-opt-2.7b;mmke-visual/instructblip-vicuna-7b;mmke-visual/minigpt-4-vicuna-7b;mmke-visual/smolvlm-1.7b
recorded,power_a1_b-1_g0,M_abscos_x_newn,3,8,False,21,68.457,72.42825,-3.9712500000000004,64.57791666666667,-4.674,0,3,5,0,5,-1.1700000000000017,-21.660000000000004,0.0,0.125,evqa-pilot500/blip2-opt-2.7b;evqa-pilot500/minigpt-4-vicuna-7b;evqa-pilot500/smolvlm-1.7b;mmke-entity/blip2-opt-2.7b;mmke-entity/instructblip-vicuna-7b;mmke-entity/paligemma-3b;mmke-visual/minigpt-4-vicuna-7b;mmke-visual/smolvlm-1.7b
recorded,power_a1_b-1_g0,M_new_norm,1,15,False,21,61.9824,67.68573333333333,-5.703333333333333,61.9824,-5.703333333333333,4,3,8,3,7,-0.10000000000000142,-43.77,6.82,0.06666666666666667,evqa-pilot500/blip2-opt-2.7b;evqa-pilot500/instructblip-vicuna-7b;evqa-pilot500/llava-v1.5-7b;evqa-pilot500/minigpt-4-vicuna-7b;evqa-pilot500/qwen2.5-vl-3b;evqa-pilot500/smolvlm-1.7b;mmke-entity/blip2-opt-2.7b;mmke-entity/instructblip-vicuna-7b;mmke-entity/minigpt-4-vicuna-7b;mmke-entity/paligemma-3b;mmke-entity/smolvlm-1.7b;mmke-visual/blip2-opt-2.7b;mmke-visual/instructblip-vicuna-7b;mmke-visual/minigpt-4-vicuna-7b;mmke-visual/smolvlm-1.7b
recorded,power_a1_b-1_g0,M_new_norm,3,8,False,21,68.457,73.103,-4.646,64.57791666666667,-4.974416666666666,0,3,5,0,5,-1.1069999999999993,-21.660000000000004,0.0,0.125,evqa-pilot500/blip2-opt-2.7b;evqa-pilot500/minigpt-4-vicuna-7b;evqa-pilot500/smolvlm-1.7b;mmke-entity/blip2-opt-2.7b;mmke-entity/instructblip-vicuna-7b;mmke-entity/paligemma-3b;mmke-visual/minigpt-4-vicuna-7b;mmke-visual/smolvlm-1.7b
recorded,power_a1_b-1_g0.5,M_abscos_x_newn,1,14,False,21,62.386857142857146,67.37857142857143,-4.991714285714285,62.386857142857146,-4.991714285714285,4,0,10,3,10,-1.7750000000000021,-43.77,17.439999999999998,0.07142857142857142,evqa-pilot500/blip2-opt-2.7b;evqa-pilot500/instructblip-vicuna-7b;evqa-pilot500/llava-v1.5-7b;evqa-pilot500/minigpt-4-vicuna-7b;evqa-pilot500/qwen2.5-vl-3b;evqa-pilot500/smolvlm-1.7b;mmke-entity/blip2-opt-2.7b;mmke-entity/instructblip-vicuna-7b;mmke-entity/paligemma-3b;mmke-entity/smolvlm-1.7b;mmke-visual/blip2-opt-2.7b;mmke-visual/instructblip-vicuna-7b;mmke-visual/minigpt-4-vicuna-7b;mmke-visual/smolvlm-1.7b
recorded,power_a1_b-1_g0.5,M_abscos_x_newn,3,10,False,21,66.948,69.1926,-2.244600000000001,64.28506666666667,-2.053399999999999,1,0,9,1,9,-1.4670000000000059,-21.660000000000004,17.093999999999994,0.1,evqa-pilot500/blip2-opt-2.7b;evqa-pilot500/instructblip-vicuna-7b;evqa-pilot500/minigpt-4-vicuna-7b;evqa-pilot500/qwen2.5-vl-3b;evqa-pilot500/smolvlm-1.7b;mmke-entity/blip2-opt-2.7b;mmke-entity/instructblip-vicuna-7b;mmke-entity/paligemma-3b;mmke-entity/smolvlm-1.7b;mmke-visual/smolvlm-1.7b
recorded,power_a1_b-1_g0.5,M_new_norm,1,14,False,21,62.386857142857146,67.13928571428572,-4.752428571428571,62.386857142857146,-4.752428571428571,5,0,9,3,9,-1.3500000000000014,-43.77,17.439999999999998,0.07142857142857142,evqa-pilot500/blip2-opt-2.7b;evqa-pilot500/instructblip-vicuna-7b;evqa-pilot500/llava-v1.5-7b;evqa-pilot500/minigpt-4-vicuna-7b;evqa-pilot500/qwen2.5-vl-3b;evqa-pilot500/smolvlm-1.7b;mmke-entity/blip2-opt-2.7b;mmke-entity/instructblip-vicuna-7b;mmke-entity/paligemma-3b;mmke-entity/smolvlm-1.7b;mmke-visual/blip2-opt-2.7b;mmke-visual/instructblip-vicuna-7b;mmke-visual/minigpt-4-vicuna-7b;mmke-visual/smolvlm-1.7b
recorded,power_a1_b-1_g0.5,M_new_norm,3,9,False,21,68.57888888888888,71.41888888888889,-2.8400000000000016,65.67207407407408,-2.5055555555555546,1,0,8,1,7,-1.1840000000000117,-21.660000000000004,17.093999999999994,0.1111111111111111,evqa-pilot500/blip2-opt-2.7b;evqa-pilot500/minigpt-4-vicuna-7b;evqa-pilot500/qwen2.5-vl-3b;evqa-pilot500/smolvlm-1.7b;mmke-entity/blip2-opt-2.7b;mmke-entity/instructblip-vicuna-7b;mmke-entity/paligemma-3b;mmke-entity/smolvlm-1.7b;mmke-visual/smolvlm-1.7b
recorded,power_a1_b-1_g1,M_abscos_x_newn,1,13,False,21,63.155846153846156,68.37153846153846,-5.215692307692308,63.155846153846156,-5.215692307692308,3,0,10,3,10,-1.8000000000000043,-43.77,17.439999999999998,0.07692307692307693,evqa-pilot500/blip2-opt-2.7b;evqa-pilot500/llava-v1.5-7b;evqa-pilot500/minigpt-4-vicuna-7b;evqa-pilot500/qwen2.5-vl-3b;evqa-pilot500/smolvlm-1.7b;mmke-entity/blip2-opt-2.7b;mmke-entity/instructblip-vicuna-7b;mmke-entity/paligemma-3b;mmke-entity/smolvlm-1.7b;mmke-visual/blip2-opt-2.7b;mmke-visual/instructblip-vicuna-7b;mmke-visual/minigpt-4-vicuna-7b;mmke-visual/smolvlm-1.7b
recorded,power_a1_b-1_g1,M_abscos_x_newn,3,8,False,21,65.63325,67.50875,-1.8755000000000024,64.39858333333333,0.08324999999999871,2,0,6,2,5,-1.4749999999999979,-22.24000000000001,17.093999999999994,0.125,evqa-pilot500/blip2-opt-2.7b;evqa-pilot500/minigpt-4-vicuna-7b;evqa-pilot500/qwen2.5-vl-3b;evqa-pilot500/smolvlm-1.7b;mmke-entity/blip2-opt-2.7b;mmke-entity/instructblip-vicuna-7b;mmke-visual/blip2-opt-2.7b;mmke-visual/smolvlm-1.7b
recorded,power_a1_b-1_g1,M_new_norm,1,13,False,21,63.155846153846156,68.11384615384615,-4.958,63.155846153846156,-4.958,4,0,9,3,9,-1.75,-43.77,17.439999999999998,0.07692307692307693,evqa-pilot500/blip2-opt-2.7b;evqa-pilot500/llava-v1.5-7b;evqa-pilot500/minigpt-4-vicuna-7b;evqa-pilot500/qwen2.5-vl-3b;evqa-pilot500/smolvlm-1.7b;mmke-entity/blip2-opt-2.7b;mmke-entity/instructblip-vicuna-7b;mmke-entity/paligemma-3b;mmke-entity/smolvlm-1.7b;mmke-visual/blip2-opt-2.7b;mmke-visual/instructblip-vicuna-7b;mmke-visual/minigpt-4-vicuna-7b;mmke-visual/smolvlm-1.7b
recorded,power_a1_b-1_g1,M_new_norm,3,8,False,21,65.63325,68.173,-2.5397500000000024,64.39858333333333,-0.1918333333333342,2,0,6,2,4,-1.0499999999999972,-22.24000000000001,17.093999999999994,0.125,evqa-pilot500/blip2-opt-2.7b;evqa-pilot500/minigpt-4-vicuna-7b;evqa-pilot500/qwen2.5-vl-3b;evqa-pilot500/smolvlm-1.7b;mmke-entity/blip2-opt-2.7b;mmke-entity/instructblip-vicuna-7b;mmke-visual/blip2-opt-2.7b;mmke-visual/smolvlm-1.7b
recorded,power_a1_b-1_g2,M_abscos_x_newn,1,11,False,21,59.276,68.4090909090909,-9.133090909090908,59.276,-9.133090909090908,1,0,10,1,10,-3.3159999999999883,-43.77,9.440000000000005,0,evqa-pilot500/blip2-opt-2.7b;evqa-pilot500/llava-v1.5-7b;evqa-pilot500/minigpt-4-vicuna-7b;evqa-pilot500/qwen2.5-vl-3b;evqa-pilot500/smolvlm-1.7b;mmke-entity/instructblip-vicuna-7b;mmke-entity/paligemma-3b;mmke-visual/blip2-opt-2.7b;mmke-visual/instructblip-vicuna-7b;mmke-visual/minigpt-4-vicuna-7b;mmke-visual/smolvlm-1.7b
recorded,power_a1_b-1_g2,M_abscos_x_newn,3,5,False,21,61.2092,67.838,-6.628800000000001,59.4364,-4.9075999999999995,0,0,5,0,5,-1.75,-22.24000000000001,-1.2100000000000009,0,evqa-pilot500/minigpt-4-vicuna-7b;evqa-pilot500/qwen2.5-vl-3b;evqa-pilot500/smolvlm-1.7b;mmke-entity/instructblip-vicuna-7b;mmke-visual/smolvlm-1.7b
recorded,power_a1_b-1_g2,M_new_norm,1,11,False,21,59.276,68.10454545454546,-8.828545454545454,59.276,-8.828545454545454,2,0,9,1,9,-3.2479999999999976,-43.77,9.440000000000005,0,evqa-pilot500/blip2-opt-2.7b;evqa-pilot500/llava-v1.5-7b;evqa-pilot500/minigpt-4-vicuna-7b;evqa-pilot500/qwen2.5-vl-3b;evqa-pilot500/smolvlm-1.7b;mmke-entity/instructblip-vicuna-7b;mmke-entity/paligemma-3b;mmke-visual/blip2-opt-2.7b;mmke-visual/instructblip-vicuna-7b;mmke-visual/minigpt-4-vicuna-7b;mmke-visual/smolvlm-1.7b
recorded,power_a1_b-1_g2,M_new_norm,3,5,False,21,61.2092,68.9008,-7.691600000000001,59.4364,-5.347733333333332,0,0,5,0,4,-1.75,-22.24000000000001,-0.35999999999999943,0,evqa-pilot500/minigpt-4-vicuna-7b;evqa-pilot500/qwen2.5-vl-3b;evqa-pilot500/smolvlm-1.7b;mmke-entity/instructblip-vicuna-7b;mmke-visual/smolvlm-1.7b
recorded,power_a1_b-0.5_g-1,M_abscos_x_newn,1,18,False,21,64.456,68.7178888888889,-4.2618888888888895,64.456,-4.2618888888888895,1,10,7,1,6,0.0,-70.81,1.0100000000000051,0.16666666666666666,evqa-pilot500/blip2-opt-2.7b;evqa-pilot500/instructblip-vicuna-7b;evqa-pilot500/llava-v1.5-7b;evqa-pilot500/minigpt-4-vicuna-7b;evqa-pilot500/qwen2.5-vl-3b;evqa-pilot500/smolvlm-1.7b;mmke-entity/blip2-opt-2.7b;mmke-entity/instructblip-vicuna-7b;mmke-entity/minigpt-4-vicuna-7b;mmke-entity/paligemma-3b;mmke-entity/qwen2.5-vl-3b;mmke-entity/smolvlm-1.7b;mmke-visual/blip2-opt-2.7b;mmke-visual/instructblip-vicuna-7b;mmke-visual/llava-v1.5-7b;mmke-visual/minigpt-4-vicuna-7b;mmke-visual/qwen2.5-vl-3b;mmke-visual/smolvlm-1.7b
recorded,power_a1_b-0.5_g-1,M_abscos_x_newn,3,17,False,21,70.71905882352941,70.87305882352942,-0.15400000000000097,66.86486274509804,-1.6761960784313734,2,11,4,2,3,0.0,-7.275999999999996,6.1640000000000015,0.35294117647058826,evqa-pilot500/blip2-opt-2.7b;evqa-pilot500/instructblip-vicuna-7b;evqa-pilot500/minigpt-4-vicuna-7b;evqa-pilot500/qwen2.5-vl-3b;evqa-pilot500/smolvlm-1.7b;mmke-entity/blip2-opt-2.7b;mmke-entity/instructblip-vicuna-7b;mmke-entity/minigpt-4-vicuna-7b;mmke-entity/paligemma-3b;mmke-entity/qwen2.5-vl-3b;mmke-entity/smolvlm-1.7b;mmke-visual/blip2-opt-2.7b;mmke-visual/instructblip-vicuna-7b;mmke-visual/llava-v1.5-7b;mmke-visual/minigpt-4-vicuna-7b;mmke-visual/qwen2.5-vl-3b;mmke-visual/smolvlm-1.7b
recorded,power_a1_b-0.5_g-1,M_new_norm,1,17,False,21,63.826470588235296,68.11329411764706,-4.286823529411765,63.826470588235296,-4.286823529411765,1,13,3,1,3,0.0,-70.81,1.0100000000000051,0.17647058823529413,evqa-pilot500/blip2-opt-2.7b;evqa-pilot500/instructblip-vicuna-7b;evqa-pilot500/llava-v1.5-7b;evqa-pilot500/minigpt-4-vicuna-7b;evqa-pilot500/qwen2.5-vl-3b;evqa-pilot500/smolvlm-1.7b;mmke-entity/blip2-opt-2.7b;mmke-entity/instructblip-vicuna-7b;mmke-entity/minigpt-4-vicuna-7b;mmke-entity/paligemma-3b;mmke-entity/qwen2.5-vl-3b;mmke-entity/smolvlm-1.7b;mmke-visual/blip2-opt-2.7b;mmke-visual/instructblip-vicuna-7b;mmke-visual/minigpt-4-vicuna-7b;mmke-visual/qwen2.5-vl-3b;mmke-visual/smolvlm-1.7b
recorded,power_a1_b-0.5_g-1,M_new_norm,3,15,False,21,71.39786666666667,71.88293333333334,-0.4850666666666664,67.24106666666667,-1.9939111111111112,0,14,1,0,1,0.0,-7.275999999999996,0.0,0.3333333333333333,evqa-pilot500/blip2-opt-2.7b;evqa-pilot500/minigpt-4-vicuna-7b;evqa-pilot500/qwen2.5-vl-3b;evqa-pilot500/smolvlm-1.7b;mmke-entity/blip2-opt-2.7b;mmke-entity/instructblip-vicuna-7b;mmke-entity/minigpt-4-vicuna-7b;mmke-entity/paligemma-3b;mmke-entity/qwen2.5-vl-3b;mmke-entity/smolvlm-1.7b;mmke-visual/blip2-opt-2.7b;mmke-visual/instructblip-vicuna-7b;mmke-visual/minigpt-4-vicuna-7b;mmke-visual/qwen2.5-vl-3b;mmke-visual/smolvlm-1.7b
recorded,power_a1_b-0.5_g0,M_abscos_x_newn,1,20,False,21,69.4338,70.6836,-1.2497999999999998,69.4338,-1.2497999999999998,1,16,3,0,3,0.0,-22.24000000000001,0.21600000000000819,0.15,evqa-pilot500/blip2-opt-2.7b;evqa-pilot500/instructblip-vicuna-7b;evqa-pilot500/llava-v1.5-7b;evqa-pilot500/minigpt-4-vicuna-7b;evqa-pilot500/paligemma-3b;evqa-pilot500/qwen2.5-vl-3b;evqa-pilot500/smolvlm-1.7b;mmke-entity/blip2-opt-2.7b;mmke-entity/instructblip-vicuna-7b;mmke-entity/minigpt-4-vicuna-7b;mmke-entity/paligemma-3b;mmke-entity/qwen2.5-vl-3b;mmke-entity/smolvlm-1.7b;mmke-visual/blip2-opt-2.7b;mmke-visual/instructblip-vicuna-7b;mmke-visual/llava-v1.5-7b;mmke-visual/minigpt-4-vicuna-7b;mmke-visual/paligemma-3b;mmke-visual/qwen2.5-vl-3b;mmke-visual/smolvlm-1.7b
recorded,power_a1_b-0.5_g0,M_abscos_x_newn,3,15,False,21,71.6192,73.2992,-1.680000000000001,68.99484444444444,-1.2341333333333344,0,11,4,0,3,0.0,-21.60000000000001,0.0,0.4,evqa-pilot500/blip2-opt-2.7b;evqa-pilot500/instructblip-vicuna-7b;evqa-pilot500/minigpt-4-vicuna-7b;evqa-pilot500/paligemma-3b;evqa-pilot500/qwen2.5-vl-3b;evqa-pilot500/smolvlm-1.7b;mmke-entity/blip2-opt-2.7b;mmke-entity/instructblip-vicuna-7b;mmke-entity/paligemma-3b;mmke-entity/smolvlm-1.7b;mmke-visual/blip2-opt-2.7b;mmke-visual/instructblip-vicuna-7b;mmke-visual/llava-v1.5-7b;mmke-visual/minigpt-4-vicuna-7b;mmke-visual/paligemma-3b
recorded,power_a1_b-0.5_g0,M_new_norm,1,19,False,21,69.13252631578948,70.26957894736842,-1.1370526315789469,69.13252631578948,-1.1370526315789469,3,12,4,3,3,0.0,-22.24000000000001,1.730000000000004,0.15789473684210525,evqa-pilot500/blip2-opt-2.7b;evqa-pilot500/instructblip-vicuna-7b;evqa-pilot500/llava-v1.5-7b;evqa-pilot500/minigpt-4-vicuna-7b;evqa-pilot500/paligemma-3b;evqa-pilot500/qwen2.5-vl-3b;evqa-pilot500/smolvlm-1.7b;mmke-entity/blip2-opt-2.7b;mmke-entity/instructblip-vicuna-7b;mmke-entity/minigpt-4-vicuna-7b;mmke-entity/paligemma-3b;mmke-entity/qwen2.5-vl-3b;mmke-entity/smolvlm-1.7b;mmke-visual/blip2-opt-2.7b;mmke-visual/instructblip-vicuna-7b;mmke-visual/minigpt-4-vicuna-7b;mmke-visual/paligemma-3b;mmke-visual/qwen2.5-vl-3b;mmke-visual/smolvlm-1.7b
recorded,power_a1_b-0.5_g0,M_new_norm,3,13,False,21,72.58707692307692,74.87538461538462,-2.288307692307693,69.79035897435898,-1.5332307692307694,1,8,4,1,3,0.0,-21.60000000000001,0.8500000000000014,0.38461538461538464,evqa-pilot500/blip2-opt-2.7b;evqa-pilot500/minigpt-4-vicuna-7b;evqa-pilot500/paligemma-3b;evqa-pilot500/qwen2.5-vl-3b;evqa-pilot500/smolvlm-1.7b;mmke-entity/blip2-opt-2.7b;mmke-entity/instructblip-vicuna-7b;mmke-entity/paligemma-3b;mmke-entity/smolvlm-1.7b;mmke-visual/blip2-opt-2.7b;mmke-visual/instructblip-vicuna-7b;mmke-visual/minigpt-4-vicuna-7b;mmke-visual/paligemma-3b
recorded,power_a1_b-0.5_g0.5,M_abscos_x_newn,1,16,False,21,70.336,71.9585,-1.6224999999999992,70.336,-1.6224999999999992,5,6,5,3,5,0.0,-22.24000000000001,14.88000000000001,0.125,evqa-pilot500/blip2-opt-2.7b;evqa-pilot500/minigpt-4-vicuna-7b;evqa-pilot500/paligemma-3b;evqa-pilot500/qwen2.5-vl-3b;evqa-pilot500/smolvlm-1.7b;mmke-entity/blip2-opt-2.7b;mmke-entity/instructblip-vicuna-7b;mmke-entity/minigpt-4-vicuna-7b;mmke-entity/paligemma-3b;mmke-entity/smolvlm-1.7b;mmke-visual/blip2-opt-2.7b;mmke-visual/instructblip-vicuna-7b;mmke-visual/minigpt-4-vicuna-7b;mmke-visual/paligemma-3b;mmke-visual/qwen2.5-vl-3b;mmke-visual/smolvlm-1.7b
recorded,power_a1_b-0.5_g0.5,M_abscos_x_newn,3,9,False,21,72.55066666666667,78.42066666666666,-5.870000000000001,71.0282962962963,-4.232074074074076,0,4,5,0,5,-0.5900000000000034,-21.60000000000001,0.0,0.2222222222222222,evqa-pilot500/paligemma-3b;evqa-pilot500/qwen2.5-vl-3b;mmke-entity/blip2-opt-2.7b;mmke-entity/instructblip-vicuna-7b;mmke-entity/paligemma-3b;mmke-visual/instructblip-vicuna-7b;mmke-visual/minigpt-4-vicuna-7b;mmke-visual/paligemma-3b;mmke-visual/smolvlm-1.7b
recorded,power_a1_b-0.5_g0.5,M_new_norm,1,16,False,21,70.336,71.7465,-1.410499999999999,70.336,-1.410499999999999,7,3,6,6,5,0.0,-22.24000000000001,14.88000000000001,0.125,evqa-pilot500/blip2-opt-2.7b;evqa-pilot500/minigpt-4-vicuna-7b;evqa-pilot500/paligemma-3b;evqa-pilot500/qwen2.5-vl-3b;evqa-pilot500/smolvlm-1.7b;mmke-entity/blip2-opt-2.7b;mmke-entity/instructblip-vicuna-7b;mmke-entity/minigpt-4-vicuna-7b;mmke-entity/paligemma-3b;mmke-entity/smolvlm-1.7b;mmke-visual/blip2-opt-2.7b;mmke-visual/instructblip-vicuna-7b;mmke-visual/minigpt-4-vicuna-7b;mmke-visual/paligemma-3b;mmke-visual/qwen2.5-vl-3b;mmke-visual/smolvlm-1.7b
recorded,power_a1_b-0.5_g0.5,M_new_norm,3,9,False,21,72.55066666666667,78.24111111111111,-5.690444444444445,71.0282962962963,-4.036074074074075,1,3,5,1,5,-0.5900000000000034,-21.60000000000001,0.8500000000000014,0.2222222222222222,evqa-pilot500/paligemma-3b;evqa-pilot500/qwen2.5-vl-3b;mmke-entity/blip2-opt-2.7b;mmke-entity/instructblip-vicuna-7b;mmke-entity/paligemma-3b;mmke-visual/instructblip-vicuna-7b;mmke-visual/minigpt-4-vicuna-7b;mmke-visual/paligemma-3b;mmke-visual/smolvlm-1.7b
recorded,power_a1_b-0.5_g1,M_abscos_x_newn,1,17,False,21,70.72035294117647,71.97388235294117,-1.2535294117647056,70.72035294117647,-1.2535294117647056,6,3,8,4,8,0.0,-22.24000000000001,15.64,0.058823529411764705,evqa-pilot500/blip2-opt-2.7b;evqa-pilot500/minigpt-4-vicuna-7b;evqa-pilot500/paligemma-3b;evqa-pilot500/qwen2.5-vl-3b;evqa-pilot500/smolvlm-1.7b;mmke-entity/blip2-opt-2.7b;mmke-entity/instructblip-vicuna-7b;mmke-entity/minigpt-4-vicuna-7b;mmke-entity/paligemma-3b;mmke-entity/qwen2.5-vl-3b;mmke-entity/smolvlm-1.7b;mmke-visual/blip2-opt-2.7b;mmke-visual/instructblip-vicuna-7b;mmke-visual/minigpt-4-vicuna-7b;mmke-visual/paligemma-3b;mmke-visual/qwen2.5-vl-3b;mmke-visual/smolvlm-1.7b
recorded,power_a1_b-0.5_g1,M_abscos_x_newn,3,13,False,21,73.03738461538461,75.71861538461539,-2.6812307692307704,71.34620512820513,-1.5110769230769256,3,1,9,3,8,-0.5900000000000034,-21.660000000000004,17.093999999999994,0.23076923076923078,evqa-pilot500/blip2-opt-2.7b;evqa-pilot500/paligemma-3b;evqa-pilot500/smolvlm-1.7b;mmke-entity/blip2-opt-2.7b;mmke-entity/instructblip-vicuna-7b;mmke-entity/paligemma-3b;mmke-entity/qwen2.5-vl-3b;mmke-entity/smolvlm-1.7b;mmke-visual/instructblip-vicuna-7b;mmke-visual/minigpt-4-vicuna-7b;mmke-visual/paligemma-3b;mmke-visual/qwen2.5-vl-3b;mmke-visual/smolvlm-1.7b
recorded,power_a1_b-0.5_g1,M_new_norm,1,17,False,21,70.72035294117647,71.77435294117647,-1.0539999999999996,70.72035294117647,-1.0539999999999996,7,1,9,6,7,-0.10000000000000142,-22.24000000000001,15.64,0.058823529411764705,evqa-pilot500/blip2-opt-2.7b;evqa-pilot500/minigpt-4-vicuna-7b;evqa-pilot500/paligemma-3b;evqa-pilot500/qwen2.5-vl-3b;evqa-pilot500/smolvlm-1.7b;mmke-entity/blip2-opt-2.7b;mmke-entity/instructblip-vicuna-7b;mmke-entity/minigpt-4-vicuna-7b;mmke-entity/paligemma-3b;mmke-entity/qwen2.5-vl-3b;mmke-entity/smolvlm-1.7b;mmke-visual/blip2-opt-2.7b;mmke-visual/instructblip-vicuna-7b;mmke-visual/minigpt-4-vicuna-7b;mmke-visual/paligemma-3b;mmke-visual/qwen2.5-vl-3b;mmke-visual/smolvlm-1.7b
recorded,power_a1_b-0.5_g1,M_new_norm,3,13,False,21,73.03738461538461,75.65969230769231,-2.622307692307693,71.34620512820513,-1.451025641025643,3,1,9,3,8,-0.5900000000000034,-21.660000000000004,17.093999999999994,0.23076923076923078,evqa-pilot500/blip2-opt-2.7b;evqa-pilot500/paligemma-3b;evqa-pilot500/smolvlm-1.7b;mmke-entity/blip2-opt-2.7b;mmke-entity/instructblip-vicuna-7b;mmke-entity/paligemma-3b;mmke-entity/qwen2.5-vl-3b;mmke-entity/smolvlm-1.7b;mmke-visual/instructblip-vicuna-7b;mmke-visual/minigpt-4-vicuna-7b;mmke-visual/paligemma-3b;mmke-visual/qwen2.5-vl-3b;mmke-visual/smolvlm-1.7b
recorded,power_a1_b-0.5_g2,M_abscos_x_newn,1,17,False,21,67.41447058823529,71.07176470588236,-3.6572941176470586,67.41447058823529,-3.6572941176470586,5,0,12,5,10,-0.9200000000000017,-43.77,17.439999999999998,0.058823529411764705,evqa-pilot500/blip2-opt-2.7b;evqa-pilot500/llava-v1.5-7b;evqa-pilot500/minigpt-4-vicuna-7b;evqa-pilot500/paligemma-3b;evqa-pilot500/qwen2.5-vl-3b;evqa-pilot500/smolvlm-1.7b;mmke-entity/blip2-opt-2.7b;mmke-entity/instructblip-vicuna-7b;mmke-entity/paligemma-3b;mmke-entity/qwen2.5-vl-3b;mmke-entity/smolvlm-1.7b;mmke-visual/blip2-opt-2.7b;mmke-visual/instructblip-vicuna-7b;mmke-visual/minigpt-4-vicuna-7b;mmke-visual/paligemma-3b;mmke-visual/qwen2.5-vl-3b;mmke-visual/smolvlm-1.7b
recorded,power_a1_b-0.5_g2,M_abscos_x_newn,3,12,False,21,70.55466666666666,72.48966666666666,-1.9350000000000012,66.82477777777777,-2.652611111111114,3,0,9,2,9,-1.7449999999999974,-21.660000000000004,17.093999999999994,0.08333333333333333,evqa-pilot500/blip2-opt-2.7b;evqa-pilot500/minigpt-4-vicuna-7b;evqa-pilot500/paligemma-3b;evqa-pilot500/qwen2.5-vl-3b;evqa-pilot500/smolvlm-1.7b;mmke-entity/blip2-opt-2.7b;mmke-entity/instructblip-vicuna-7b;mmke-entity/paligemma-3b;mmke-entity/smolvlm-1.7b;mmke-visual/blip2-opt-2.7b;mmke-visual/minigpt-4-vicuna-7b;mmke-visual/smolvlm-1.7b
recorded,power_a1_b-0.5_g2,M_new_norm,1,17,False,21,67.41447058823529,70.90094117647058,-3.486470588235294,67.41447058823529,-3.486470588235294,6,0,11,5,10,-0.6259999999999906,-43.77,17.439999999999998,0.058823529411764705,evqa-pilot500/blip2-opt-2.7b;evqa-pilot500/llava-v1.5-7b;evqa-pilot500/minigpt-4-vicuna-7b;evqa-pilot500/paligemma-3b;evqa-pilot500/qwen2.5-vl-3b;evqa-pilot500/smolvlm-1.7b;mmke-entity/blip2-opt-2.7b;mmke-entity/instructblip-vicuna-7b;mmke-entity/paligemma-3b;mmke-entity/qwen2.5-vl-3b;mmke-entity/smolvlm-1.7b;mmke-visual/blip2-opt-2.7b;mmke-visual/instructblip-vicuna-7b;mmke-visual/minigpt-4-vicuna-7b;mmke-visual/paligemma-3b;mmke-visual/qwen2.5-vl-3b;mmke-visual/smolvlm-1.7b
recorded,power_a1_b-0.5_g2,M_new_norm,3,12,False,21,70.55466666666666,72.86866666666667,-2.3140000000000005,66.82477777777777,-2.770944444444446,3,0,9,2,8,-1.681999999999995,-21.660000000000004,17.093999999999994,0.08333333333333333,evqa-pilot500/blip2-opt-2.7b;evqa-pilot500/minigpt-4-vicuna-7b;evqa-pilot500/paligemma-3b;evqa-pilot500/qwen2.5-vl-3b;evqa-pilot500/smolvlm-1.7b;mmke-entity/blip2-opt-2.7b;mmke-entity/instructblip-vicuna-7b;mmke-entity/paligemma-3b;mmke-entity/smolvlm-1.7b;mmke-visual/blip2-opt-2.7b;mmke-visual/minigpt-4-vicuna-7b;mmke-visual/smolvlm-1.7b
recorded,power_a1_b0_g-1,M_abscos_x_newn,1,18,False,21,64.456,68.7178888888889,-4.2618888888888895,64.456,-4.2618888888888895,1,10,7,1,6,0.0,-70.81,1.0100000000000051,0.16666666666666666,evqa-pilot500/blip2-opt-2.7b;evqa-pilot500/instructblip-vicuna-7b;evqa-pilot500/llava-v1.5-7b;evqa-pilot500/minigpt-4-vicuna-7b;evqa-pilot500/qwen2.5-vl-3b;evqa-pilot500/smolvlm-1.7b;mmke-entity/blip2-opt-2.7b;mmke-entity/instructblip-vicuna-7b;mmke-entity/minigpt-4-vicuna-7b;mmke-entity/paligemma-3b;mmke-entity/qwen2.5-vl-3b;mmke-entity/smolvlm-1.7b;mmke-visual/blip2-opt-2.7b;mmke-visual/instructblip-vicuna-7b;mmke-visual/llava-v1.5-7b;mmke-visual/minigpt-4-vicuna-7b;mmke-visual/qwen2.5-vl-3b;mmke-visual/smolvlm-1.7b
recorded,power_a1_b0_g-1,M_abscos_x_newn,3,17,False,21,70.71905882352941,70.87305882352942,-0.15400000000000097,66.86486274509804,-1.6761960784313734,2,11,4,2,3,0.0,-7.275999999999996,6.1640000000000015,0.35294117647058826,evqa-pilot500/blip2-opt-2.7b;evqa-pilot500/instructblip-vicuna-7b;evqa-pilot500/minigpt-4-vicuna-7b;evqa-pilot500/qwen2.5-vl-3b;evqa-pilot500/smolvlm-1.7b;mmke-entity/blip2-opt-2.7b;mmke-entity/instructblip-vicuna-7b;mmke-entity/minigpt-4-vicuna-7b;mmke-entity/paligemma-3b;mmke-entity/qwen2.5-vl-3b;mmke-entity/smolvlm-1.7b;mmke-visual/blip2-opt-2.7b;mmke-visual/instructblip-vicuna-7b;mmke-visual/llava-v1.5-7b;mmke-visual/minigpt-4-vicuna-7b;mmke-visual/qwen2.5-vl-3b;mmke-visual/smolvlm-1.7b
recorded,power_a1_b0_g-1,M_new_norm,1,17,False,21,63.826470588235296,68.11329411764706,-4.286823529411765,63.826470588235296,-4.286823529411765,1,13,3,1,3,0.0,-70.81,1.0100000000000051,0.17647058823529413,evqa-pilot500/blip2-opt-2.7b;evqa-pilot500/instructblip-vicuna-7b;evqa-pilot500/llava-v1.5-7b;evqa-pilot500/minigpt-4-vicuna-7b;evqa-pilot500/qwen2.5-vl-3b;evqa-pilot500/smolvlm-1.7b;mmke-entity/blip2-opt-2.7b;mmke-entity/instructblip-vicuna-7b;mmke-entity/minigpt-4-vicuna-7b;mmke-entity/paligemma-3b;mmke-entity/qwen2.5-vl-3b;mmke-entity/smolvlm-1.7b;mmke-visual/blip2-opt-2.7b;mmke-visual/instructblip-vicuna-7b;mmke-visual/minigpt-4-vicuna-7b;mmke-visual/qwen2.5-vl-3b;mmke-visual/smolvlm-1.7b
recorded,power_a1_b0_g-1,M_new_norm,3,15,False,21,71.39786666666667,71.88293333333334,-0.4850666666666664,67.24106666666667,-1.9939111111111112,0,14,1,0,1,0.0,-7.275999999999996,0.0,0.3333333333333333,evqa-pilot500/blip2-opt-2.7b;evqa-pilot500/minigpt-4-vicuna-7b;evqa-pilot500/qwen2.5-vl-3b;evqa-pilot500/smolvlm-1.7b;mmke-entity/blip2-opt-2.7b;mmke-entity/instructblip-vicuna-7b;mmke-entity/minigpt-4-vicuna-7b;mmke-entity/paligemma-3b;mmke-entity/qwen2.5-vl-3b;mmke-entity/smolvlm-1.7b;mmke-visual/blip2-opt-2.7b;mmke-visual/instructblip-vicuna-7b;mmke-visual/minigpt-4-vicuna-7b;mmke-visual/qwen2.5-vl-3b;mmke-visual/smolvlm-1.7b
recorded,power_a1_b0_g0,M_abscos_x_newn,1,20,False,21,70.6836,70.6836,0.0,70.6836,0.0,0,20,0,0,0,0.0,0.0,0.0,0.25,evqa-pilot500/blip2-opt-2.7b;evqa-pilot500/instructblip-vicuna-7b;evqa-pilot500/llava-v1.5-7b;evqa-pilot500/minigpt-4-vicuna-7b;evqa-pilot500/paligemma-3b;evqa-pilot500/qwen2.5-vl-3b;evqa-pilot500/smolvlm-1.7b;mmke-entity/blip2-opt-2.7b;mmke-entity/instructblip-vicuna-7b;mmke-entity/minigpt-4-vicuna-7b;mmke-entity/paligemma-3b;mmke-entity/qwen2.5-vl-3b;mmke-entity/smolvlm-1.7b;mmke-visual/blip2-opt-2.7b;mmke-visual/instructblip-vicuna-7b;mmke-visual/llava-v1.5-7b;mmke-visual/minigpt-4-vicuna-7b;mmke-visual/paligemma-3b;mmke-visual/qwen2.5-vl-3b;mmke-visual/smolvlm-1.7b
recorded,power_a1_b0_g0,M_abscos_x_newn,3,19,False,21,73.13621052631579,73.13621052631579,0.0,70.63368421052631,0.0,0,19,0,0,0,0.0,0.0,0.0,0.42105263157894735,evqa-pilot500/blip2-opt-2.7b;evqa-pilot500/instructblip-vicuna-7b;evqa-pilot500/minigpt-4-vicuna-7b;evqa-pilot500/paligemma-3b;evqa-pilot500/qwen2.5-vl-3b;evqa-pilot500/smolvlm-1.7b;mmke-entity/blip2-opt-2.7b;mmke-entity/instructblip-vicuna-7b;mmke-entity/minigpt-4-vicuna-7b;mmke-entity/paligemma-3b;mmke-entity/qwen2.5-vl-3b;mmke-entity/smolvlm-1.7b;mmke-visual/blip2-opt-2.7b;mmke-visual/instructblip-vicuna-7b;mmke-visual/llava-v1.5-7b;mmke-visual/minigpt-4-vicuna-7b;mmke-visual/paligemma-3b;mmke-visual/qwen2.5-vl-3b;mmke-visual/smolvlm-1.7b
recorded,power_a1_b0_g0,M_new_norm,1,19,False,21,70.4481052631579,70.26957894736842,0.17852631578947384,70.4481052631579,0.17852631578947384,4,14,1,3,0,0.0,-0.44599999999999795,1.730000000000004,0.2631578947368421,evqa-pilot500/blip2-opt-2.7b;evqa-pilot500/instructblip-vicuna-7b;evqa-pilot500/llava-v1.5-7b;evqa-pilot500/minigpt-4-vicuna-7b;evqa-pilot500/paligemma-3b;evqa-pilot500/qwen2.5-vl-3b;evqa-pilot500/smolvlm-1.7b;mmke-entity/blip2-opt-2.7b;mmke-entity/instructblip-vicuna-7b;mmke-entity/minigpt-4-vicuna-7b;mmke-entity/paligemma-3b;mmke-entity/qwen2.5-vl-3b;mmke-entity/smolvlm-1.7b;mmke-visual/blip2-opt-2.7b;mmke-visual/instructblip-vicuna-7b;mmke-visual/minigpt-4-vicuna-7b;mmke-visual/paligemma-3b;mmke-visual/qwen2.5-vl-3b;mmke-visual/smolvlm-1.7b
recorded,power_a1_b0_g0,M_new_norm,3,17,False,21,74.05482352941176,74.29352941176471,-0.23870588235294032,71.43482352941177,-0.05733333333333235,3,13,1,2,1,0.0,-6.1640000000000015,0.8500000000000014,0.4117647058823529,evqa-pilot500/blip2-opt-2.7b;evqa-pilot500/minigpt-4-vicuna-7b;evqa-pilot500/paligemma-3b;evqa-pilot500/qwen2.5-vl-3b;evqa-pilot500/smolvlm-1.7b;mmke-entity/blip2-opt-2.7b;mmke-entity/instructblip-vicuna-7b;mmke-entity/minigpt-4-vicuna-7b;mmke-entity/paligemma-3b;mmke-entity/qwen2.5-vl-3b;mmke-entity/smolvlm-1.7b;mmke-visual/blip2-opt-2.7b;mmke-visual/instructblip-vicuna-7b;mmke-visual/minigpt-4-vicuna-7b;mmke-visual/paligemma-3b;mmke-visual/qwen2.5-vl-3b;mmke-visual/smolvlm-1.7b
recorded,power_a1_b0_g0.5,M_abscos_x_newn,1,17,False,21,68.75,70.62129411764705,-1.8712941176470583,68.75,-1.8712941176470583,4,7,6,3,6,0.0,-22.24000000000001,14.930000000000007,0.058823529411764705,evqa-pilot500/blip2-opt-2.7b;evqa-pilot500/instructblip-vicuna-7b;evqa-pilot500/llava-v1.5-7b;evqa-pilot500/minigpt-4-vicuna-7b;evqa-pilot500/paligemma-3b;evqa-pilot500/qwen2.5-vl-3b;evqa-pilot500/smolvlm-1.7b;mmke-entity/blip2-opt-2.7b;mmke-entity/instructblip-vicuna-7b;mmke-entity/minigpt-4-vicuna-7b;mmke-entity/paligemma-3b;mmke-visual/blip2-opt-2.7b;mmke-visual/instructblip-vicuna-7b;mmke-visual/llava-v1.5-7b;mmke-visual/minigpt-4-vicuna-7b;mmke-visual/paligemma-3b;mmke-visual/smolvlm-1.7b
recorded,power_a1_b0_g0.5,M_abscos_x_newn,3,11,False,21,74.94218181818182,77.872,-2.929818181818184,73.63024242424243,-1.9939393939393957,1,5,5,1,5,0.0,-21.60000000000001,0.8219999999999885,0.2727272727272727,evqa-pilot500/paligemma-3b;evqa-pilot500/qwen2.5-vl-3b;mmke-entity/blip2-opt-2.7b;mmke-entity/instructblip-vicuna-7b;mmke-entity/minigpt-4-vicuna-7b;mmke-entity/paligemma-3b;mmke-visual/blip2-opt-2.7b;mmke-visual/llava-v1.5-7b;mmke-visual/minigpt-4-vicuna-7b;mmke-visual/paligemma-3b;mmke-visual/smolvlm-1.7b
recorded,power_a1_b0_g0.5,M_new_norm,1,16,False,21,68.262375,70.12575,-1.8633749999999996,68.262375,-1.8633749999999996,6,3,7,4,6,0.0,-22.24000000000001,14.930000000000007,0.0625,evqa-pilot500/blip2-opt-2.7b;evqa-pilot500/instructblip-vicuna-7b;evqa-pilot500/llava-v1.5-7b;evqa-pilot500/minigpt-4-vicuna-7b;evqa-pilot500/paligemma-3b;evqa-pilot500/qwen2.5-vl-3b;evqa-pilot500/smolvlm-1.7b;mmke-entity/blip2-opt-2.7b;mmke-entity/instructblip-vicuna-7b;mmke-entity/minigpt-4-vicuna-7b;mmke-entity/paligemma-3b;mmke-visual/blip2-opt-2.7b;mmke-visual/instructblip-vicuna-7b;mmke-visual/minigpt-4-vicuna-7b;mmke-visual/paligemma-3b;mmke-visual/smolvlm-1.7b
recorded,power_a1_b0_g0.5,M_new_norm,3,10,False,21,74.7356,77.83,-3.0943999999999994,73.31093333333334,-2.088600000000001,2,3,5,1,5,-0.3400000000000034,-21.60000000000001,0.8500000000000014,0.2,evqa-pilot500/paligemma-3b;evqa-pilot500/qwen2.5-vl-3b;mmke-entity/blip2-opt-2.7b;mmke-entity/instructblip-vicuna-7b;mmke-entity/minigpt-4-vicuna-7b;mmke-entity/paligemma-3b;mmke-visual/blip2-opt-2.7b;mmke-visual/minigpt-4-vicuna-7b;mmke-visual/paligemma-3b;mmke-visual/smolvlm-1.7b
recorded,power_a1_b0_g1,M_abscos_x_newn,1,17,False,21,70.47258823529411,71.58894117647058,-1.1163529411764703,70.47258823529411,-1.1163529411764703,7,5,5,5,5,0.0,-22.24000000000001,14.88000000000001,0.11764705882352941,evqa-pilot500/blip2-opt-2.7b;evqa-pilot500/llava-v1.5-7b;evqa-pilot500/minigpt-4-vicuna-7b;evqa-pilot500/paligemma-3b;evqa-pilot500/qwen2.5-vl-3b;mmke-entity/blip2-opt-2.7b;mmke-entity/instructblip-vicuna-7b;mmke-entity/minigpt-4-vicuna-7b;mmke-entity/paligemma-3b;mmke-entity/smolvlm-1.7b;mmke-visual/blip2-opt-2.7b;mmke-visual/instructblip-vicuna-7b;mmke-visual/llava-v1.5-7b;mmke-visual/minigpt-4-vicuna-7b;mmke-visual/paligemma-3b;mmke-visual/qwen2.5-vl-3b;mmke-visual/smolvlm-1.7b
recorded,power_a1_b0_g1,M_abscos_x_newn,3,10,False,21,72.7884,76.4292,-3.640800000000003,71.49973333333334,-1.794400000000003,1,3,6,1,5,-0.4270000000000067,-21.60000000000001,16.685999999999993,0.1,evqa-pilot500/blip2-opt-2.7b;evqa-pilot500/paligemma-3b;evqa-pilot500/qwen2.5-vl-3b;mmke-entity/blip2-opt-2.7b;mmke-entity/instructblip-vicuna-7b;mmke-entity/paligemma-3b;mmke-visual/instructblip-vicuna-7b;mmke-visual/minigpt-4-vicuna-7b;mmke-visual/paligemma-3b;mmke-visual/smolvlm-1.7b
recorded,power_a1_b0_g1,M_new_norm,1,16,False,21,70.07025,71.153875,-1.0836249999999992,70.07025,-1.0836249999999992,9,1,6,6,5,0.08099999999999952,-22.24000000000001,14.88000000000001,0.125,evqa-pilot500/blip2-opt-2.7b;evqa-pilot500/llava-v1.5-7b;evqa-pilot500/minigpt-4-vicuna-7b;evqa-pilot500/paligemma-3b;evqa-pilot500/qwen2.5-vl-3b;mmke-entity/blip2-opt-2.7b;mmke-entity/instructblip-vicuna-7b;mmke-entity/minigpt-4-vicuna-7b;mmke-entity/paligemma-3b;mmke-entity/smolvlm-1.7b;mmke-visual/blip2-opt-2.7b;mmke-visual/instructblip-vicuna-7b;mmke-visual/minigpt-4-vicuna-7b;mmke-visual/paligemma-3b;mmke-visual/qwen2.5-vl-3b;mmke-visual/smolvlm-1.7b
recorded,power_a1_b0_g1,M_new_norm,3,10,False,21,72.7884,76.2676,-3.4792000000000023,71.49973333333334,-1.618000000000002,2,2,6,2,5,-0.4270000000000067,-21.60000000000001,16.685999999999993,0.1,evqa-pilot500/blip2-opt-2.7b;evqa-pilot500/paligemma-3b;evqa-pilot500/qwen2.5-vl-3b;mmke-entity/blip2-opt-2.7b;mmke-entity/instructblip-vicuna-7b;mmke-entity/paligemma-3b;mmke-visual/instructblip-vicuna-7b;mmke-visual/minigpt-4-vicuna-7b;mmke-visual/paligemma-3b;mmke-visual/smolvlm-1.7b
recorded,power_a1_b0_g2,M_abscos_x_newn,1,16,False,21,71.226,72.74975,-1.5237499999999984,71.226,-1.5237499999999984,5,1,10,3,9,-0.8049999999999997,-22.24000000000001,15.64,0,evqa-pilot500/blip2-opt-2.7b;evqa-pilot500/paligemma-3b;evqa-pilot500/qwen2.5-vl-3b;evqa-pilot500/smolvlm-1.7b;mmke-entity/blip2-opt-2.7b;mmke-entity/instructblip-vicuna-7b;mmke-entity/minigpt-4-vicuna-7b;mmke-entity/paligemma-3b;mmke-entity/qwen2.5-vl-3b;mmke-entity/smolvlm-1.7b;mmke-visual/blip2-opt-2.7b;mmke-visual/instructblip-vicuna-7b;mmke-visual/minigpt-4-vicuna-7b;mmke-visual/paligemma-3b;mmke-visual/qwen2.5-vl-3b;mmke-visual/smolvlm-1.7b
recorded,power_a1_b0_g2,M_abscos_x_newn,3,15,False,21,72.13933333333333,74.53013333333334,-2.3908000000000014,70.51435555555555,-1.32817777777778,4,1,10,3,9,-0.5900000000000034,-21.60000000000001,17.093999999999994,0.2,evqa-pilot500/blip2-opt-2.7b;evqa-pilot500/paligemma-3b;evqa-pilot500/qwen2.5-vl-3b;evqa-pilot500/smolvlm-1.7b;mmke-entity/blip2-opt-2.7b;mmke-entity/instructblip-vicuna-7b;mmke-entity/paligemma-3b;mmke-entity/qwen2.5-vl-3b;mmke-entity/smolvlm-1.7b;mmke-visual/blip2-opt-2.7b;mmke-visual/instructblip-vicuna-7b;mmke-visual/minigpt-4-vicuna-7b;mmke-visual/paligemma-3b;mmke-visual/qwen2.5-vl-3b;mmke-visual/smolvlm-1.7b
recorded,power_a1_b0_g2,M_new_norm,1,16,False,21,71.226,72.645875,-1.4198749999999984,71.226,-1.4198749999999984,5,0,11,4,8,-0.5679999999999978,-22.24000000000001,15.64,0,evqa-pilot500/blip2-opt-2.7b;evqa-pilot500/paligemma-3b;evqa-pilot500/qwen2.5-vl-3b;evqa-pilot500/smolvlm-1.7b;mmke-entity/blip2-opt-2.7b;mmke-entity/instructblip-vicuna-7b;mmke-entity/minigpt-4-vicuna-7b;mmke-entity/paligemma-3b;mmke-entity/qwen2.5-vl-3b;mmke-entity/smolvlm-1.7b;mmke-visual/blip2-opt-2.7b;mmke-visual/instructblip-vicuna-7b;mmke-visual/minigpt-4-vicuna-7b;mmke-visual/paligemma-3b;mmke-visual/qwen2.5-vl-3b;mmke-visual/smolvlm-1.7b
recorded,power_a1_b0_g2,M_new_norm,3,15,False,21,72.13933333333333,74.4224,-2.283066666666668,70.51435555555555,-1.2105777777777793,5,0,10,4,9,-0.5900000000000034,-21.60000000000001,17.093999999999994,0.2,evqa-pilot500/blip2-opt-2.7b;evqa-pilot500/paligemma-3b;evqa-pilot500/qwen2.5-vl-3b;evqa-pilot500/smolvlm-1.7b;mmke-entity/blip2-opt-2.7b;mmke-entity/instructblip-vicuna-7b;mmke-entity/paligemma-3b;mmke-entity/qwen2.5-vl-3b;mmke-entity/smolvlm-1.7b;mmke-visual/blip2-opt-2.7b;mmke-visual/instructblip-vicuna-7b;mmke-visual/minigpt-4-vicuna-7b;mmke-visual/paligemma-3b;mmke-visual/qwen2.5-vl-3b;mmke-visual/smolvlm-1.7b
recorded,power_a1_b0.5_g-1,M_abscos_x_newn,1,18,False,21,64.456,68.7178888888889,-4.2618888888888895,64.456,-4.2618888888888895,1,10,7,1,6,0.0,-70.81,1.0100000000000051,0.16666666666666666,evqa-pilot500/blip2-opt-2.7b;evqa-pilot500/instructblip-vicuna-7b;evqa-pilot500/llava-v1.5-7b;evqa-pilot500/minigpt-4-vicuna-7b;evqa-pilot500/qwen2.5-vl-3b;evqa-pilot500/smolvlm-1.7b;mmke-entity/blip2-opt-2.7b;mmke-entity/instructblip-vicuna-7b;mmke-entity/minigpt-4-vicuna-7b;mmke-entity/paligemma-3b;mmke-entity/qwen2.5-vl-3b;mmke-entity/smolvlm-1.7b;mmke-visual/blip2-opt-2.7b;mmke-visual/instructblip-vicuna-7b;mmke-visual/llava-v1.5-7b;mmke-visual/minigpt-4-vicuna-7b;mmke-visual/qwen2.5-vl-3b;mmke-visual/smolvlm-1.7b
recorded,power_a1_b0.5_g-1,M_abscos_x_newn,3,17,False,21,71.1470588235294,70.87305882352942,0.2739999999999988,67.14125490196078,-1.3998039215686287,2,12,3,2,2,0.0,-0.8500000000000014,6.1640000000000015,0.35294117647058826,evqa-pilot500/blip2-opt-2.7b;evqa-pilot500/instructblip-vicuna-7b;evqa-pilot500/minigpt-4-vicuna-7b;evqa-pilot500/qwen2.5-vl-3b;evqa-pilot500/smolvlm-1.7b;mmke-entity/blip2-opt-2.7b;mmke-entity/instructblip-vicuna-7b;mmke-entity/minigpt-4-vicuna-7b;mmke-entity/paligemma-3b;mmke-entity/qwen2.5-vl-3b;mmke-entity/smolvlm-1.7b;mmke-visual/blip2-opt-2.7b;mmke-visual/instructblip-vicuna-7b;mmke-visual/llava-v1.5-7b;mmke-visual/minigpt-4-vicuna-7b;mmke-visual/qwen2.5-vl-3b;mmke-visual/smolvlm-1.7b
recorded,power_a1_b0.5_g-1,M_new_norm,1,17,False,21,63.826470588235296,68.11329411764706,-4.286823529411765,63.826470588235296,-4.286823529411765,1,13,3,1,3,0.0,-70.81,1.0100000000000051,0.17647058823529413,evqa-pilot500/blip2-opt-2.7b;evqa-pilot500/instructblip-vicuna-7b;evqa-pilot500/llava-v1.5-7b;evqa-pilot500/minigpt-4-vicuna-7b;evqa-pilot500/qwen2.5-vl-3b;evqa-pilot500/smolvlm-1.7b;mmke-entity/blip2-opt-2.7b;mmke-entity/instructblip-vicuna-7b;mmke-entity/minigpt-4-vicuna-7b;mmke-entity/paligemma-3b;mmke-entity/qwen2.5-vl-3b;mmke-entity/smolvlm-1.7b;mmke-visual/blip2-opt-2.7b;mmke-visual/instructblip-vicuna-7b;mmke-visual/minigpt-4-vicuna-7b;mmke-visual/qwen2.5-vl-3b;mmke-visual/smolvlm-1.7b
recorded,power_a1_b0.5_g-1,M_new_norm,3,15,False,21,71.88293333333334,71.88293333333334,0.0,67.5543111111111,-1.6806666666666672,0,15,0,0,0,0.0,0.0,0.0,0.3333333333333333,evqa-pilot500/blip2-opt-2.7b;evqa-pilot500/minigpt-4-vicuna-7b;evqa-pilot500/qwen2.5-vl-3b;evqa-pilot500/smolvlm-1.7b;mmke-entity/blip2-opt-2.7b;mmke-entity/instructblip-vicuna-7b;mmke-entity/minigpt-4-vicuna-7b;mmke-entity/paligemma-3b;mmke-entity/qwen2.5-vl-3b;mmke-entity/smolvlm-1.7b;mmke-visual/blip2-opt-2.7b;mmke-visual/instructblip-vicuna-7b;mmke-visual/minigpt-4-vicuna-7b;mmke-visual/qwen2.5-vl-3b;mmke-visual/smolvlm-1.7b
recorded,power_a1_b0.5_g0,M_abscos_x_newn,1,19,False,21,70.35305263157895,70.41305263157895,-0.06000000000000003,70.35305263157895,-0.06000000000000003,0,18,1,0,1,0.0,-1.1400000000000006,0.0,0.21052631578947367,evqa-pilot500/blip2-opt-2.7b;evqa-pilot500/instructblip-vicuna-7b;evqa-pilot500/llava-v1.5-7b;evqa-pilot500/minigpt-4-vicuna-7b;evqa-pilot500/paligemma-3b;evqa-pilot500/qwen2.5-vl-3b;evqa-pilot500/smolvlm-1.7b;mmke-entity/blip2-opt-2.7b;mmke-entity/instructblip-vicuna-7b;mmke-entity/paligemma-3b;mmke-entity/qwen2.5-vl-3b;mmke-entity/smolvlm-1.7b;mmke-visual/blip2-opt-2.7b;mmke-visual/instructblip-vicuna-7b;mmke-visual/llava-v1.5-7b;mmke-visual/minigpt-4-vicuna-7b;mmke-visual/paligemma-3b;mmke-visual/qwen2.5-vl-3b;mmke-visual/smolvlm-1.7b
recorded,power_a1_b0.5_g0,M_abscos_x_newn,3,18,False,21,72.98655555555555,72.97488888888888,0.011666666666665925,70.46266666666666,0.1157037037037038,1,15,2,1,0,0.0,-0.20000000000000284,0.5999999999999943,0.3888888888888889,evqa-pilot500/blip2-opt-2.7b;evqa-pilot500/instructblip-vicuna-7b;evqa-pilot500/minigpt-4-vicuna-7b;evqa-pilot500/paligemma-3b;evqa-pilot500/qwen2.5-vl-3b;evqa-pilot500/smolvlm-1.7b;mmke-entity/blip2-opt-2.7b;mmke-entity/instructblip-vicuna-7b;mmke-entity/paligemma-3b;mmke-entity/qwen2.5-vl-3b;mmke-entity/smolvlm-1.7b;mmke-visual/blip2-opt-2.7b;mmke-visual/instructblip-vicuna-7b;mmke-visual/llava-v1.5-7b;mmke-visual/minigpt-4-vicuna-7b;mmke-visual/paligemma-3b;mmke-visual/qwen2.5-vl-3b;mmke-visual/smolvlm-1.7b
recorded,power_a1_b0.5_g0,M_new_norm,1,18,False,21,70.08611111111111,69.98811111111111,0.09800000000000016,70.08611111111111,0.09800000000000016,2,14,2,2,0,0.0,-0.44599999999999795,1.730000000000004,0.2222222222222222,evqa-pilot500/blip2-opt-2.7b;evqa-pilot500/instructblip-vicuna-7b;evqa-pilot500/llava-v1.5-7b;evqa-pilot500/minigpt-4-vicuna-7b;evqa-pilot500/paligemma-3b;evqa-pilot500/qwen2.5-vl-3b;evqa-pilot500/smolvlm-1.7b;mmke-entity/blip2-opt-2.7b;mmke-entity/instructblip-vicuna-7b;mmke-entity/paligemma-3b;mmke-entity/qwen2.5-vl-3b;mmke-entity/smolvlm-1.7b;mmke-visual/blip2-opt-2.7b;mmke-visual/instructblip-vicuna-7b;mmke-visual/minigpt-4-vicuna-7b;mmke-visual/paligemma-3b;mmke-visual/qwen2.5-vl-3b;mmke-visual/smolvlm-1.7b
recorded,power_a1_b0.5_g0,M_new_norm,3,16,False,21,73.906375,74.215,-0.30862500000000015,71.268625,0.017541666666667233,2,13,1,2,1,0.0,-6.1640000000000015,0.6599999999999966,0.375,evqa-pilot500/blip2-opt-2.7b;evqa-pilot500/minigpt-4-vicuna-7b;evqa-pilot500/paligemma-3b;evqa-pilot500/qwen2.5-vl-3b;evqa-pilot500/smolvlm-1.7b;mmke-entity/blip2-opt-2.7b;mmke-entity/instructblip-vicuna-7b;mmke-entity/paligemma-3b;mmke-entity/qwen2.5-vl-3b;mmke-entity/smolvlm-1.7b;mmke-visual/blip2-opt-2.7b;mmke-visual/instructblip-vicuna-7b;mmke-visual/minigpt-4-vicuna-7b;mmke-visual/paligemma-3b;mmke-visual/qwen2.5-vl-3b;mmke-visual/smolvlm-1.7b
recorded,power_a1_b0.5_g0.5,M_abscos_x_newn,1,18,False,21,67.95855555555556,70.61288888888889,-2.654333333333332,67.95855555555556,-2.654333333333332,3,7,8,3,8,0.0,-20.540000000000006,4.300000000000004,0,evqa-pilot500/blip2-opt-2.7b;evqa-pilot500/instructblip-vicuna-7b;evqa-pilot500/llava-v1.5-7b;evqa-pilot500/minigpt-4-vicuna-7b;evqa-pilot500/paligemma-3b;evqa-pilot500/qwen2.5-vl-3b;evqa-pilot500/smolvlm-1.7b;mmke-entity/blip2-opt-2.7b;mmke-entity/instructblip-vicuna-7b;mmke-entity/minigpt-4-vicuna-7b;mmke-entity/paligemma-3b;mmke-entity/smolvlm-1.7b;mmke-visual/blip2-opt-2.7b;mmke-visual/instructblip-vicuna-7b;mmke-visual/llava-v1.5-7b;mmke-visual/minigpt-4-vicuna-7b;mmke-visual/paligemma-3b;mmke-visual/smolvlm-1.7b
recorded,power_a1_b0.5_g0.5,M_abscos_x_newn,3,9,False,21,75.72066666666666,76.27577777777778,-0.5551111111111121,73.21851851851852,-0.4356296296296315,1,4,4,1,2,0.0,-7.549999999999997,3.9540000000000006,0.1111111111111111,evqa-pilot500/blip2-opt-2.7b;evqa-pilot500/minigpt-4-vicuna-7b;evqa-pilot500/paligemma-3b;evqa-pilot500/qwen2.5-vl-3b;mmke-entity/blip2-opt-2.7b;mmke-entity/minigpt-4-vicuna-7b;mmke-entity/paligemma-3b;mmke-visual/blip2-opt-2.7b;mmke-visual/paligemma-3b
recorded,power_a1_b0.5_g0.5,M_new_norm,1,17,False,21,67.45305882352942,70.146,-2.692941176470587,67.45305882352942,-2.692941176470587,5,4,8,3,6,0.0,-20.540000000000006,4.300000000000004,0,evqa-pilot500/blip2-opt-2.7b;evqa-pilot500/instructblip-vicuna-7b;evqa-pilot500/llava-v1.5-7b;evqa-pilot500/minigpt-4-vicuna-7b;evqa-pilot500/paligemma-3b;evqa-pilot500/qwen2.5-vl-3b;evqa-pilot500/smolvlm-1.7b;mmke-entity/blip2-opt-2.7b;mmke-entity/instructblip-vicuna-7b;mmke-entity/minigpt-4-vicuna-7b;mmke-entity/paligemma-3b;mmke-entity/smolvlm-1.7b;mmke-visual/blip2-opt-2.7b;mmke-visual/instructblip-vicuna-7b;mmke-visual/minigpt-4-vicuna-7b;mmke-visual/paligemma-3b;mmke-visual/smolvlm-1.7b
recorded,power_a1_b0.5_g0.5,M_new_norm,3,9,False,21,75.72066666666666,76.81177777777778,-1.0911111111111111,73.21851851851852,-0.6306666666666677,3,3,3,2,2,0.0,-7.549999999999997,3.9540000000000006,0.1111111111111111,evqa-pilot500/blip2-opt-2.7b;evqa-pilot500/minigpt-4-vicuna-7b;evqa-pilot500/paligemma-3b;evqa-pilot500/qwen2.5-vl-3b;mmke-entity/blip2-opt-2.7b;mmke-entity/minigpt-4-vicuna-7b;mmke-entity/paligemma-3b;mmke-visual/blip2-opt-2.7b;mmke-visual/paligemma-3b
recorded,power_a1_b0.5_g1,M_abscos_x_newn,1,15,False,21,69.3604,72.16093333333333,-2.8005333333333335,69.3604,-2.8005333333333335,3,6,6,2,6,0.0,-20.540000000000006,6.82,0,evqa-pilot500/instructblip-vicuna-7b;evqa-pilot500/minigpt-4-vicuna-7b;evqa-pilot500/paligemma-3b;evqa-pilot500/qwen2.5-vl-3b;mmke-entity/blip2-opt-2.7b;mmke-entity/instructblip-vicuna-7b;mmke-entity/minigpt-4-vicuna-7b;mmke-entity/paligemma-3b;mmke-entity/smolvlm-1.7b;mmke-visual/blip2-opt-2.7b;mmke-visual/instructblip-vicuna-7b;mmke-visual/llava-v1.5-7b;mmke-visual/minigpt-4-vicuna-7b;mmke-visual/paligemma-3b;mmke-visual/smolvlm-1.7b
recorded,power_a1_b0.5_g1,M_abscos_x_newn,3,13,False,21,71.25615384615385,75.56553846153847,-4.309384615384618,70.1676923076923,-2.762769230769231,1,4,8,1,6,-0.26400000000001,-20.730000000000004,0.8219999999999885,0.15384615384615385,evqa-pilot500/instructblip-vicuna-7b;evqa-pilot500/paligemma-3b;evqa-pilot500/qwen2.5-vl-3b;mmke-entity/blip2-opt-2.7b;mmke-entity/instructblip-vicuna-7b;mmke-entity/minigpt-4-vicuna-7b;mmke-entity/paligemma-3b;mmke-visual/blip2-opt-2.7b;mmke-visual/instructblip-vicuna-7b;mmke-visual/llava-v1.5-7b;mmke-visual/minigpt-4-vicuna-7b;mmke-visual/paligemma-3b;mmke-visual/smolvlm-1.7b
recorded,power_a1_b0.5_g1,M_new_norm,1,14,False,21,68.84671428571428,71.70457142857143,-2.857857142857143,68.84671428571428,-2.857857142857143,5,3,6,2,5,0.0,-20.540000000000006,6.82,0,evqa-pilot500/instructblip-vicuna-7b;evqa-pilot500/minigpt-4-vicuna-7b;evqa-pilot500/paligemma-3b;evqa-pilot500/qwen2.5-vl-3b;mmke-entity/blip2-opt-2.7b;mmke-entity/instructblip-vicuna-7b;mmke-entity/minigpt-4-vicuna-7b;mmke-entity/paligemma-3b;mmke-entity/smolvlm-1.7b;mmke-visual/blip2-opt-2.7b;mmke-visual/instructblip-vicuna-7b;mmke-visual/minigpt-4-vicuna-7b;mmke-visual/paligemma-3b;mmke-visual/smolvlm-1.7b
recorded,power_a1_b0.5_g1,M_new_norm,3,11,False,21,72.67381818181818,77.23545454545454,-4.561636363636364,71.4181212121212,-2.967212121212121,2,2,7,1,5,-0.26400000000001,-20.730000000000004,0.8500000000000014,0.09090909090909091,evqa-pilot500/paligemma-3b;evqa-pilot500/qwen2.5-vl-3b;mmke-entity/blip2-opt-2.7b;mmke-entity/instructblip-vicuna-7b;mmke-entity/minigpt-4-vicuna-7b;mmke-entity/paligemma-3b;mmke-visual/blip2-opt-2.7b;mmke-visual/instructblip-vicuna-7b;mmke-visual/minigpt-4-vicuna-7b;mmke-visual/paligemma-3b;mmke-visual/smolvlm-1.7b
recorded,power_a1_b0.5_g2,M_abscos_x_newn,1,19,False,21,68.84063157894737,70.4481052631579,-1.6074736842105264,68.84063157894737,-1.6074736842105264,4,5,10,3,9,-0.030000000000001137,-22.24000000000001,14.88000000000001,0.05263157894736842,evqa-pilot500/blip2-opt-2.7b;evqa-pilot500/instructblip-vicuna-7b;evqa-pilot500/llava-v1.5-7b;evqa-pilot500/minigpt-4-vicuna-7b;evqa-pilot500/paligemma-3b;evqa-pilot500/qwen2.5-vl-3b;evqa-pilot500/smolvlm-1.7b;mmke-entity/blip2-opt-2.7b;mmke-entity/instructblip-vicuna-7b;mmke-entity/minigpt-4-vicuna-7b;mmke-entity/paligemma-3b;mmke-entity/qwen2.5-vl-3b;mmke-entity/smolvlm-1.7b;mmke-visual/blip2-opt-2.7b;mmke-visual/instructblip-vicuna-7b;mmke-visual/minigpt-4-vicuna-7b;mmke-visual/paligemma-3b;mmke-visual/qwen2.5-vl-3b;mmke-visual/smolvlm-1.7b
recorded,power_a1_b0.5_g2,M_abscos_x_newn,3,14,False,21,72.21328571428572,74.77371428571429,-2.560428571428573,71.05909523809524,-0.8521904761904793,4,2,8,3,7,-0.4270000000000067,-21.60000000000001,17.093999999999994,0.21428571428571427,evqa-pilot500/blip2-opt-2.7b;evqa-pilot500/paligemma-3b;evqa-pilot500/qwen2.5-vl-3b;evqa-pilot500/smolvlm-1.7b;mmke-entity/blip2-opt-2.7b;mmke-entity/instructblip-vicuna-7b;mmke-entity/paligemma-3b;mmke-entity/qwen2.5-vl-3b;mmke-visual/blip2-opt-2.7b;mmke-visual/instructblip-vicuna-7b;mmke-visual/minigpt-4-vicuna-7b;mmke-visual/paligemma-3b;mmke-visual/qwen2.5-vl-3b;mmke-visual/smolvlm-1.7b
recorded,power_a1_b0.5_g2,M_new_norm,1,19,False,21,68.84063157894737,70.26957894736842,-1.4289473684210525,68.84063157894737,-1.4289473684210525,7,1,11,5,9,-0.44599999999999795,-22.24000000000001,14.88000000000001,0.05263157894736842,evqa-pilot500/blip2-opt-2.7b;evqa-pilot500/instructblip-vicuna-7b;evqa-pilot500/llava-v1.5-7b;evqa-pilot500/minigpt-4-vicuna-7b;evqa-pilot500/paligemma-3b;evqa-pilot500/qwen2.5-vl-3b;evqa-pilot500/smolvlm-1.7b;mmke-entity/blip2-opt-2.7b;mmke-entity/instructblip-vicuna-7b;mmke-entity/minigpt-4-vicuna-7b;mmke-entity/paligemma-3b;mmke-entity/qwen2.5-vl-3b;mmke-entity/smolvlm-1.7b;mmke-visual/blip2-opt-2.7b;mmke-visual/instructblip-vicuna-7b;mmke-visual/minigpt-4-vicuna-7b;mmke-visual/paligemma-3b;mmke-visual/qwen2.5-vl-3b;mmke-visual/smolvlm-1.7b
recorded,power_a1_b0.5_g2,M_new_norm,3,14,False,21,72.21328571428572,74.65828571428571,-2.4450000000000007,71.05909523809524,-0.7261904761904786,5,1,8,4,7,-0.4270000000000067,-21.60000000000001,17.093999999999994,0.21428571428571427,evqa-pilot500/blip2-opt-2.7b;evqa-pilot500/paligemma-3b;evqa-pilot500/qwen2.5-vl-3b;evqa-pilot500/smolvlm-1.7b;mmke-entity/blip2-opt-2.7b;mmke-entity/instructblip-vicuna-7b;mmke-entity/paligemma-3b;mmke-entity/qwen2.5-vl-3b;mmke-visual/blip2-opt-2.7b;mmke-visual/instructblip-vicuna-7b;mmke-visual/minigpt-4-vicuna-7b;mmke-visual/paligemma-3b;mmke-visual/qwen2.5-vl-3b;mmke-visual/smolvlm-1.7b
recorded,power_a1_b1_g-1,M_abscos_x_newn,1,18,False,21,64.456,68.7178888888889,-4.2618888888888895,64.456,-4.2618888888888895,1,10,7,1,6,0.0,-70.81,1.0100000000000051,0.16666666666666666,evqa-pilot500/blip2-opt-2.7b;evqa-pilot500/instructblip-vicuna-7b;evqa-pilot500/llava-v1.5-7b;evqa-pilot500/minigpt-4-vicuna-7b;evqa-pilot500/qwen2.5-vl-3b;evqa-pilot500/smolvlm-1.7b;mmke-entity/blip2-opt-2.7b;mmke-entity/instructblip-vicuna-7b;mmke-entity/minigpt-4-vicuna-7b;mmke-entity/paligemma-3b;mmke-entity/qwen2.5-vl-3b;mmke-entity/smolvlm-1.7b;mmke-visual/blip2-opt-2.7b;mmke-visual/instructblip-vicuna-7b;mmke-visual/llava-v1.5-7b;mmke-visual/minigpt-4-vicuna-7b;mmke-visual/qwen2.5-vl-3b;mmke-visual/smolvlm-1.7b
recorded,power_a1_b1_g-1,M_abscos_x_newn,3,17,False,21,71.1470588235294,70.87305882352942,0.2739999999999988,67.14125490196078,-1.3998039215686287,2,12,3,2,2,0.0,-0.8500000000000014,6.1640000000000015,0.35294117647058826,evqa-pilot500/blip2-opt-2.7b;evqa-pilot500/instructblip-vicuna-7b;evqa-pilot500/minigpt-4-vicuna-7b;evqa-pilot500/qwen2.5-vl-3b;evqa-pilot500/smolvlm-1.7b;mmke-entity/blip2-opt-2.7b;mmke-entity/instructblip-vicuna-7b;mmke-entity/minigpt-4-vicuna-7b;mmke-entity/paligemma-3b;mmke-entity/qwen2.5-vl-3b;mmke-entity/smolvlm-1.7b;mmke-visual/blip2-opt-2.7b;mmke-visual/instructblip-vicuna-7b;mmke-visual/llava-v1.5-7b;mmke-visual/minigpt-4-vicuna-7b;mmke-visual/qwen2.5-vl-3b;mmke-visual/smolvlm-1.7b
recorded,power_a1_b1_g-1,M_new_norm,1,17,False,21,63.826470588235296,68.11329411764706,-4.286823529411765,63.826470588235296,-4.286823529411765,1,13,3,1,3,0.0,-70.81,1.0100000000000051,0.17647058823529413,evqa-pilot500/blip2-opt-2.7b;evqa-pilot500/instructblip-vicuna-7b;evqa-pilot500/llava-v1.5-7b;evqa-pilot500/minigpt-4-vicuna-7b;evqa-pilot500/qwen2.5-vl-3b;evqa-pilot500/smolvlm-1.7b;mmke-entity/blip2-opt-2.7b;mmke-entity/instructblip-vicuna-7b;mmke-entity/minigpt-4-vicuna-7b;mmke-entity/paligemma-3b;mmke-entity/qwen2.5-vl-3b;mmke-entity/smolvlm-1.7b;mmke-visual/blip2-opt-2.7b;mmke-visual/instructblip-vicuna-7b;mmke-visual/minigpt-4-vicuna-7b;mmke-visual/qwen2.5-vl-3b;mmke-visual/smolvlm-1.7b
recorded,power_a1_b1_g-1,M_new_norm,3,15,False,21,71.88293333333334,71.88293333333334,0.0,67.5543111111111,-1.6806666666666672,0,15,0,0,0,0.0,0.0,0.0,0.3333333333333333,evqa-pilot500/blip2-opt-2.7b;evqa-pilot500/minigpt-4-vicuna-7b;evqa-pilot500/qwen2.5-vl-3b;evqa-pilot500/smolvlm-1.7b;mmke-entity/blip2-opt-2.7b;mmke-entity/instructblip-vicuna-7b;mmke-entity/minigpt-4-vicuna-7b;mmke-entity/paligemma-3b;mmke-entity/qwen2.5-vl-3b;mmke-entity/smolvlm-1.7b;mmke-visual/blip2-opt-2.7b;mmke-visual/instructblip-vicuna-7b;mmke-visual/minigpt-4-vicuna-7b;mmke-visual/qwen2.5-vl-3b;mmke-visual/smolvlm-1.7b
recorded,power_a1_b1_g0,M_abscos_x_newn,1,19,False,21,70.35305263157895,70.41305263157895,-0.06000000000000003,70.35305263157895,-0.06000000000000003,0,18,1,0,1,0.0,-1.1400000000000006,0.0,0.21052631578947367,evqa-pilot500/blip2-opt-2.7b;evqa-pilot500/instructblip-vicuna-7b;evqa-pilot500/llava-v1.5-7b;evqa-pilot500/minigpt-4-vicuna-7b;evqa-pilot500/paligemma-3b;evqa-pilot500/qwen2.5-vl-3b;evqa-pilot500/smolvlm-1.7b;mmke-entity/blip2-opt-2.7b;mmke-entity/instructblip-vicuna-7b;mmke-entity/paligemma-3b;mmke-entity/qwen2.5-vl-3b;mmke-entity/smolvlm-1.7b;mmke-visual/blip2-opt-2.7b;mmke-visual/instructblip-vicuna-7b;mmke-visual/llava-v1.5-7b;mmke-visual/minigpt-4-vicuna-7b;mmke-visual/paligemma-3b;mmke-visual/qwen2.5-vl-3b;mmke-visual/smolvlm-1.7b
recorded,power_a1_b1_g0,M_abscos_x_newn,3,16,False,21,72.77725,72.53325,0.24400000000000022,69.885,0.26604166666666673,1,14,1,1,0,0.0,-0.19000000000000483,4.094000000000008,0.4375,evqa-pilot500/blip2-opt-2.7b;evqa-pilot500/instructblip-vicuna-7b;evqa-pilot500/minigpt-4-vicuna-7b;evqa-pilot500/paligemma-3b;evqa-pilot500/qwen2.5-vl-3b;evqa-pilot500/smolvlm-1.7b;mmke-entity/blip2-opt-2.7b;mmke-entity/instructblip-vicuna-7b;mmke-entity/paligemma-3b;mmke-entity/qwen2.5-vl-3b;mmke-entity/smolvlm-1.7b;mmke-visual/blip2-opt-2.7b;mmke-visual/instructblip-vicuna-7b;mmke-visual/paligemma-3b;mmke-visual/qwen2.5-vl-3b;mmke-visual/smolvlm-1.7b
recorded,power_a1_b1_g0,M_new_norm,1,18,False,21,70.08611111111111,69.98811111111111,0.09800000000000016,70.08611111111111,0.09800000000000016,2,14,2,2,0,0.0,-0.44599999999999795,1.730000000000004,0.2222222222222222,evqa-pilot500/blip2-opt-2.7b;evqa-pilot500/instructblip-vicuna-7b;evqa-pilot500/llava-v1.5-7b;evqa-pilot500/minigpt-4-vicuna-7b;evqa-pilot500/paligemma-3b;evqa-pilot500/qwen2.5-vl-3b;evqa-pilot500/smolvlm-1.7b;mmke-entity/blip2-opt-2.7b;mmke-entity/instructblip-vicuna-7b;mmke-entity/paligemma-3b;mmke-entity/qwen2.5-vl-3b;mmke-entity/smolvlm-1.7b;mmke-visual/blip2-opt-2.7b;mmke-visual/instructblip-vicuna-7b;mmke-visual/minigpt-4-vicuna-7b;mmke-visual/paligemma-3b;mmke-visual/qwen2.5-vl-3b;mmke-visual/smolvlm-1.7b
recorded,power_a1_b1_g0,M_new_norm,3,15,False,21,73.99773333333333,74.09173333333334,-0.09399999999999978,71.07822222222222,0.13706666666666698,1,13,1,1,1,0.0,-2.069999999999993,0.6599999999999966,0.4,evqa-pilot500/blip2-opt-2.7b;evqa-pilot500/minigpt-4-vicuna-7b;evqa-pilot500/paligemma-3b;evqa-pilot500/qwen2.5-vl-3b;evqa-pilot500/smolvlm-1.7b;mmke-entity/blip2-opt-2.7b;mmke-entity/instructblip-vicuna-7b;mmke-entity/paligemma-3b;mmke-entity/qwen2.5-vl-3b;mmke-entity/smolvlm-1.7b;mmke-visual/blip2-opt-2.7b;mmke-visual/instructblip-vicuna-7b;mmke-visual/paligemma-3b;mmke-visual/qwen2.5-vl-3b;mmke-visual/smolvlm-1.7b
recorded,power_a1_b1_g0.5,M_abscos_x_newn,1,15,False,21,70.8708,71.74413333333334,-0.8733333333333334,70.8708,-0.8733333333333334,3,8,4,2,3,0.0,-11.199999999999996,1.3940000000000055,0,evqa-pilot500/blip2-opt-2.7b;evqa-pilot500/llava-v1.5-7b;evqa-pilot500/minigpt-4-vicuna-7b;evqa-pilot500/paligemma-3b;evqa-pilot500/qwen2.5-vl-3b;evqa-pilot500/smolvlm-1.7b;mmke-entity/blip2-opt-2.7b;mmke-entity/minigpt-4-vicuna-7b;mmke-entity/paligemma-3b;mmke-entity/smolvlm-1.7b;mmke-visual/blip2-opt-2.7b;mmke-visual/llava-v1.5-7b;mmke-visual/minigpt-4-vicuna-7b;mmke-visual/paligemma-3b;mmke-visual/qwen2.5-vl-3b
recorded,power_a1_b1_g0.5,M_abscos_x_newn,3,11,False,21,74.60963636363637,75.242,-0.6323636363636367,72.63884848484848,0.08430303030302998,2,5,4,1,2,0.0,-7.549999999999997,3.9540000000000006,0.09090909090909091,evqa-pilot500/blip2-opt-2.7b;evqa-pilot500/minigpt-4-vicuna-7b;evqa-pilot500/paligemma-3b;evqa-pilot500/qwen2.5-vl-3b;evqa-pilot500/smolvlm-1.7b;mmke-entity/blip2-opt-2.7b;mmke-entity/paligemma-3b;mmke-visual/blip2-opt-2.7b;mmke-visual/minigpt-4-vicuna-7b;mmke-visual/paligemma-3b;mmke-visual/qwen2.5-vl-3b
recorded,power_a1_b1_g0.5,M_new_norm,1,14,False,21,70.465,71.258,-0.7930000000000003,70.465,-0.7930000000000003,5,5,4,3,2,0.0,-11.199999999999996,1.730000000000004,0,evqa-pilot500/blip2-opt-2.7b;evqa-pilot500/llava-v1.5-7b;evqa-pilot500/minigpt-4-vicuna-7b;evqa-pilot500/paligemma-3b;evqa-pilot500/qwen2.5-vl-3b;evqa-pilot500/smolvlm-1.7b;mmke-entity/blip2-opt-2.7b;mmke-entity/minigpt-4-vicuna-7b;mmke-entity/paligemma-3b;mmke-entity/smolvlm-1.7b;mmke-visual/blip2-opt-2.7b;mmke-visual/minigpt-4-vicuna-7b;mmke-visual/paligemma-3b;mmke-visual/qwen2.5-vl-3b
recorded,power_a1_b1_g0.5,M_new_norm,3,11,False,21,74.60963636363637,75.65545454545455,-1.0458181818181815,72.63884848484848,-0.044787878787877974,4,3,4,3,3,0.0,-7.549999999999997,3.9540000000000006,0.09090909090909091,evqa-pilot500/blip2-opt-2.7b;evqa-pilot500/minigpt-4-vicuna-7b;evqa-pilot500/paligemma-3b;evqa-pilot500/qwen2.5-vl-3b;evqa-pilot500/smolvlm-1.7b;mmke-entity/blip2-opt-2.7b;mmke-entity/paligemma-3b;mmke-visual/blip2-opt-2.7b;mmke-visual/minigpt-4-vicuna-7b;mmke-visual/paligemma-3b;mmke-visual/qwen2.5-vl-3b
recorded,power_a1_b1_g1,M_abscos_x_newn,1,15,False,21,68.51133333333334,70.89946666666667,-2.388133333333333,68.51133333333334,-2.388133333333333,2,7,6,2,6,0.0,-20.540000000000006,14.930000000000007,0,evqa-pilot500/blip2-opt-2.7b;evqa-pilot500/instructblip-vicuna-7b;evqa-pilot500/minigpt-4-vicuna-7b;evqa-pilot500/paligemma-3b;evqa-pilot500/qwen2.5-vl-3b;evqa-pilot500/smolvlm-1.7b;mmke-entity/blip2-opt-2.7b;mmke-entity/instructblip-vicuna-7b;mmke-entity/minigpt-4-vicuna-7b;mmke-entity/paligemma-3b;mmke-visual/blip2-opt-2.7b;mmke-visual/instructblip-vicuna-7b;mmke-visual/llava-v1.5-7b;mmke-visual/paligemma-3b;mmke-visual/smolvlm-1.7b
recorded,power_a1_b1_g1,M_abscos_x_newn,3,9,False,21,76.72488888888888,77.72022222222222,-0.9953333333333355,74.8354074074074,-0.48051851851851995,1,3,5,1,3,-0.18000000000000682,-7.549999999999997,0.8219999999999885,0.2222222222222222,evqa-pilot500/minigpt-4-vicuna-7b;evqa-pilot500/paligemma-3b;evqa-pilot500/qwen2.5-vl-3b;mmke-entity/blip2-opt-2.7b;mmke-entity/paligemma-3b;mmke-visual/blip2-opt-2.7b;mmke-visual/llava-v1.5-7b;mmke-visual/paligemma-3b;mmke-visual/smolvlm-1.7b
recorded,power_a1_b1_g1,M_new_norm,1,14,False,21,67.937,70.408,-2.4709999999999996,67.937,-2.4709999999999996,3,4,7,2,5,-0.14499999999999957,-20.540000000000006,14.930000000000007,0,evqa-pilot500/blip2-opt-2.7b;evqa-pilot500/instructblip-vicuna-7b;evqa-pilot500/minigpt-4-vicuna-7b;evqa-pilot500/paligemma-3b;evqa-pilot500/qwen2.5-vl-3b;evqa-pilot500/smolvlm-1.7b;mmke-entity/blip2-opt-2.7b;mmke-entity/instructblip-vicuna-7b;mmke-entity/minigpt-4-vicuna-7b;mmke-entity/paligemma-3b;mmke-visual/blip2-opt-2.7b;mmke-visual/instructblip-vicuna-7b;mmke-visual/paligemma-3b;mmke-visual/smolvlm-1.7b
recorded,power_a1_b1_g1,M_new_norm,3,8,False,21,76.6895,78.57625,-1.886750000000001,74.58691666666667,-0.9609166666666686,1,3,4,1,3,-0.09000000000000341,-7.549999999999997,0.6599999999999966,0.125,evqa-pilot500/minigpt-4-vicuna-7b;evqa-pilot500/paligemma-3b;evqa-pilot500/qwen2.5-vl-3b;mmke-entity/blip2-opt-2.7b;mmke-entity/paligemma-3b;mmke-visual/blip2-opt-2.7b;mmke-visual/paligemma-3b;mmke-visual/smolvlm-1.7b
recorded,power_a1_b1_g2,M_abscos_x_newn,1,16,False,21,71.192125,72.28275,-1.0906250000000002,71.192125,-1.0906250000000002,5,4,7,5,6,0.0,-21.050000000000004,14.88000000000001,0.0625,evqa-pilot500/blip2-opt-2.7b;evqa-pilot500/minigpt-4-vicuna-7b;evqa-pilot500/paligemma-3b;evqa-pilot500/qwen2.5-vl-3b;mmke-entity/blip2-opt-2.7b;mmke-entity/instructblip-vicuna-7b;mmke-entity/minigpt-4-vicuna-7b;mmke-entity/paligemma-3b;mmke-entity/smolvlm-1.7b;mmke-visual/blip2-opt-2.7b;mmke-visual/instructblip-vicuna-7b;mmke-visual/llava-v1.5-7b;mmke-visual/minigpt-4-vicuna-7b;mmke-visual/paligemma-3b;mmke-visual/qwen2.5-vl-3b;mmke-visual/smolvlm-1.7b
recorded,power_a1_b1_g2,M_abscos_x_newn,3,12,False,21,74.89033333333333,75.9535,-1.06316666666667,73.64072222222222,0.017166666666664554,3,3,6,3,4,-0.09500000000000242,-20.56000000000001,16.685999999999993,0.08333333333333333,evqa-pilot500/blip2-opt-2.7b;evqa-pilot500/paligemma-3b;evqa-pilot500/qwen2.5-vl-3b;mmke-entity/blip2-opt-2.7b;mmke-entity/minigpt-4-vicuna-7b;mmke-entity/paligemma-3b;mmke-visual/blip2-opt-2.7b;mmke-visual/instructblip-vicuna-7b;mmke-visual/minigpt-4-vicuna-7b;mmke-visual/paligemma-3b;mmke-visual/qwen2.5-vl-3b;mmke-visual/smolvlm-1.7b
recorded,power_a1_b1_g2,M_new_norm,1,15,False,21,70.81093333333334,71.86493333333334,-1.0539999999999996,70.81093333333334,-1.0539999999999996,7,1,7,5,5,0.0,-21.050000000000004,14.88000000000001,0.06666666666666667,evqa-pilot500/blip2-opt-2.7b;evqa-pilot500/minigpt-4-vicuna-7b;evqa-pilot500/paligemma-3b;evqa-pilot500/qwen2.5-vl-3b;mmke-entity/blip2-opt-2.7b;mmke-entity/instructblip-vicuna-7b;mmke-entity/minigpt-4-vicuna-7b;mmke-entity/paligemma-3b;mmke-entity/smolvlm-1.7b;mmke-visual/blip2-opt-2.7b;mmke-visual/instructblip-vicuna-7b;mmke-visual/minigpt-4-vicuna-7b;mmke-visual/paligemma-3b;mmke-visual/qwen2.5-vl-3b;mmke-visual/smolvlm-1.7b
recorded,power_a1_b1_g2,M_new_norm,3,12,False,21,74.89033333333333,75.778,-0.8876666666666685,73.64072222222222,0.20127777777777686,5,2,5,4,4,0.0,-20.56000000000001,16.685999999999993,0.08333333333333333,evqa-pilot500/blip2-opt-2.7b;evqa-pilot500/paligemma-3b;evqa-pilot500/qwen2.5-vl-3b;mmke-entity/blip2-opt-2.7b;mmke-entity/minigpt-4-vicuna-7b;mmke-entity/paligemma-3b;mmke-visual/blip2-opt-2.7b;mmke-visual/instructblip-vicuna-7b;mmke-visual/minigpt-4-vicuna-7b;mmke-visual/paligemma-3b;mmke-visual/qwen2.5-vl-3b;mmke-visual/smolvlm-1.7b
recorded,power_a2_b-1_g-1,M_abscos_x_newn,1,17,False,21,63.82058823529412,68.33905882352941,-4.518470588235295,63.82058823529412,-4.518470588235295,1,9,7,1,6,0.0,-70.81,1.0100000000000051,0.17647058823529413,evqa-pilot500/blip2-opt-2.7b;evqa-pilot500/instructblip-vicuna-7b;evqa-pilot500/llava-v1.5-7b;evqa-pilot500/minigpt-4-vicuna-7b;evqa-pilot500/qwen2.5-vl-3b;evqa-pilot500/smolvlm-1.7b;mmke-entity/blip2-opt-2.7b;mmke-entity/instructblip-vicuna-7b;mmke-entity/minigpt-4-vicuna-7b;mmke-entity/paligemma-3b;mmke-entity/qwen2.5-vl-3b;mmke-entity/smolvlm-1.7b;mmke-visual/blip2-opt-2.7b;mmke-visual/instructblip-vicuna-7b;mmke-visual/minigpt-4-vicuna-7b;mmke-visual/qwen2.5-vl-3b;mmke-visual/smolvlm-1.7b
recorded,power_a2_b-1_g-1,M_abscos_x_newn,3,14,False,21,70.48271428571428,70.634,-0.15128571428571394,65.78909523809524,-2.1079523809523812,1,11,2,1,2,0.0,-7.275999999999996,6.1640000000000015,0.42857142857142855,evqa-pilot500/blip2-opt-2.7b;evqa-pilot500/instructblip-vicuna-7b;evqa-pilot500/minigpt-4-vicuna-7b;evqa-pilot500/smolvlm-1.7b;mmke-entity/blip2-opt-2.7b;mmke-entity/instructblip-vicuna-7b;mmke-entity/paligemma-3b;mmke-entity/qwen2.5-vl-3b;mmke-entity/smolvlm-1.7b;mmke-visual/blip2-opt-2.7b;mmke-visual/instructblip-vicuna-7b;mmke-visual/minigpt-4-vicuna-7b;mmke-visual/qwen2.5-vl-3b;mmke-visual/smolvlm-1.7b
recorded,power_a2_b-1_g-1,M_new_norm,1,17,False,21,63.82058823529412,68.11329411764706,-4.292705882352942,63.82058823529412,-4.292705882352942,1,12,4,1,3,0.0,-70.81,1.0100000000000051,0.17647058823529413,evqa-pilot500/blip2-opt-2.7b;evqa-pilot500/instructblip-vicuna-7b;evqa-pilot500/llava-v1.5-7b;evqa-pilot500/minigpt-4-vicuna-7b;evqa-pilot500/qwen2.5-vl-3b;evqa-pilot500/smolvlm-1.7b;mmke-entity/blip2-opt-2.7b;mmke-entity/instructblip-vicuna-7b;mmke-entity/minigpt-4-vicuna-7b;mmke-entity/paligemma-3b;mmke-entity/qwen2.5-vl-3b;mmke-entity/smolvlm-1.7b;mmke-visual/blip2-opt-2.7b;mmke-visual/instructblip-vicuna-7b;mmke-visual/minigpt-4-vicuna-7b;mmke-visual/qwen2.5-vl-3b;mmke-visual/smolvlm-1.7b
recorded,power_a2_b-1_g-1,M_new_norm,3,13,False,21,71.71446153846153,72.29261538461539,-0.5781538461538455,66.83246153846154,-2.473333333333333,0,11,2,0,1,0.0,-7.275999999999996,0.0,0.38461538461538464,evqa-pilot500/blip2-opt-2.7b;evqa-pilot500/minigpt-4-vicuna-7b;evqa-pilot500/smolvlm-1.7b;mmke-entity/blip2-opt-2.7b;mmke-entity/instructblip-vicuna-7b;mmke-entity/paligemma-3b;mmke-entity/qwen2.5-vl-3b;mmke-entity/smolvlm-1.7b;mmke-visual/blip2-opt-2.7b;mmke-visual/instructblip-vicuna-7b;mmke-visual/minigpt-4-vicuna-7b;mmke-visual/qwen2.5-vl-3b;mmke-visual/smolvlm-1.7b
recorded,power_a2_b-1_g0,M_abscos_x_newn,1,15,False,21,61.59106666666666,67.58133333333333,-5.990266666666667,61.59106666666666,-5.990266666666667,3,3,9,2,9,-0.9500000000000028,-43.77,6.82,0.13333333333333333,evqa-pilot500/blip2-opt-2.7b;evqa-pilot500/instructblip-vicuna-7b;evqa-pilot500/llava-v1.5-7b;evqa-pilot500/minigpt-4-vicuna-7b;evqa-pilot500/qwen2.5-vl-3b;evqa-pilot500/smolvlm-1.7b;mmke-entity/blip2-opt-2.7b;mmke-entity/instructblip-vicuna-7b;mmke-entity/paligemma-3b;mmke-entity/smolvlm-1.7b;mmke-visual/blip2-opt-2.7b;mmke-visual/instructblip-vicuna-7b;mmke-visual/minigpt-4-vicuna-7b;mmke-visual/qwen2.5-vl-3b;mmke-visual/smolvlm-1.7b
recorded,power_a2_b-1_g0,M_abscos_x_newn,3,8,False,21,68.457,72.42825,-3.9712500000000004,64.58408333333334,-4.667833333333333,0,3,5,0,5,-1.1700000000000017,-21.660000000000004,0.0,0.125,evqa-pilot500/blip2-opt-2.7b;evqa-pilot500/minigpt-4-vicuna-7b;evqa-pilot500/smolvlm-1.7b;mmke-entity/blip2-opt-2.7b;mmke-entity/instructblip-vicuna-7b;mmke-entity/paligemma-3b;mmke-visual/minigpt-4-vicuna-7b;mmke-visual/smolvlm-1.7b
recorded,power_a2_b-1_g0,M_new_norm,1,15,False,21,61.59106666666666,67.358,-5.766933333333333,61.59106666666666,-5.766933333333333,4,3,8,2,7,-0.10000000000000142,-43.77,6.82,0.13333333333333333,evqa-pilot500/blip2-opt-2.7b;evqa-pilot500/instructblip-vicuna-7b;evqa-pilot500/llava-v1.5-7b;evqa-pilot500/minigpt-4-vicuna-7b;evqa-pilot500/qwen2.5-vl-3b;evqa-pilot500/smolvlm-1.7b;mmke-entity/blip2-opt-2.7b;mmke-entity/instructblip-vicuna-7b;mmke-entity/paligemma-3b;mmke-entity/smolvlm-1.7b;mmke-visual/blip2-opt-2.7b;mmke-visual/instructblip-vicuna-7b;mmke-visual/minigpt-4-vicuna-7b;mmke-visual/qwen2.5-vl-3b;mmke-visual/smolvlm-1.7b
recorded,power_a2_b-1_g0,M_new_norm,3,8,False,21,68.457,73.103,-4.646,64.58408333333334,-4.9682499999999985,0,3,5,0,5,-1.1069999999999993,-21.660000000000004,0.0,0.125,evqa-pilot500/blip2-opt-2.7b;evqa-pilot500/minigpt-4-vicuna-7b;evqa-pilot500/smolvlm-1.7b;mmke-entity/blip2-opt-2.7b;mmke-entity/instructblip-vicuna-7b;mmke-entity/paligemma-3b;mmke-visual/minigpt-4-vicuna-7b;mmke-visual/smolvlm-1.7b
recorded,power_a2_b-1_g0.5,M_abscos_x_newn,1,13,False,21,62.732,69.12923076923077,-6.397230769230768,62.732,-6.397230769230768,2,1,10,1,10,-1.7199999999999989,-43.77,14.88000000000001,0,evqa-pilot500/blip2-opt-2.7b;evqa-pilot500/llava-v1.5-7b;evqa-pilot500/minigpt-4-vicuna-7b;evqa-pilot500/qwen2.5-vl-3b;evqa-pilot500/smolvlm-1.7b;mmke-entity/blip2-opt-2.7b;mmke-entity/instructblip-vicuna-7b;mmke-entity/paligemma-3b;mmke-entity/qwen2.5-vl-3b;mmke-entity/smolvlm-1.7b;mmke-visual/instructblip-vicuna-7b;mmke-visual/minigpt-4-vicuna-7b;mmke-visual/smolvlm-1.7b
recorded,power_a2_b-1_g0.5,M_abscos_x_newn,3,8,False,21,69.327,71.7145,-2.387500000000001,66.1085,-2.4183333333333312,1,1,6,1,6,-1.1700000000000017,-22.24000000000001,16.685999999999993,0.125,evqa-pilot500/blip2-opt-2.7b;evqa-pilot500/minigpt-4-vicuna-7b;evqa-pilot500/smolvlm-1.7b;mmke-entity/blip2-opt-2.7b;mmke-entity/instructblip-vicuna-7b;mmke-entity/paligemma-3b;mmke-entity/smolvlm-1.7b;mmke-visual/smolvlm-1.7b
recorded,power_a2_b-1_g0.5,M_new_norm,1,13,False,21,62.732,68.87153846153846,-6.139538461538461,62.732,-6.139538461538461,3,1,9,1,8,-0.9200000000000017,-43.77,14.88000000000001,0,evqa-pilot500/blip2-opt-2.7b;evqa-pilot500/llava-v1.5-7b;evqa-pilot500/minigpt-4-vicuna-7b;evqa-pilot500/qwen2.5-vl-3b;evqa-pilot500/smolvlm-1.7b;mmke-entity/blip2-opt-2.7b;mmke-entity/instructblip-vicuna-7b;mmke-entity/paligemma-3b;mmke-entity/qwen2.5-vl-3b;mmke-entity/smolvlm-1.7b;mmke-visual/instructblip-vicuna-7b;mmke-visual/minigpt-4-vicuna-7b;mmke-visual/smolvlm-1.7b
recorded,power_a2_b-1_g0.5,M_new_norm,3,8,False,21,69.327,72.485,-3.1580000000000013,66.1085,-2.816333333333331,1,1,6,1,6,-1.1700000000000017,-22.24000000000001,16.685999999999993,0.125,evqa-pilot500/blip2-opt-2.7b;evqa-pilot500/minigpt-4-vicuna-7b;evqa-pilot500/smolvlm-1.7b;mmke-entity/blip2-opt-2.7b;mmke-entity/instructblip-vicuna-7b;mmke-entity/paligemma-3b;mmke-entity/smolvlm-1.7b;mmke-visual/smolvlm-1.7b
recorded,power_a2_b-1_g1,M_abscos_x_newn,1,15,False,21,62.98106666666666,67.70133333333334,-4.720266666666666,62.98106666666666,-4.720266666666666,4,0,11,3,11,-1.75,-43.77,17.439999999999998,0.06666666666666667,evqa-pilot500/blip2-opt-2.7b;evqa-pilot500/instructblip-vicuna-7b;evqa-pilot500/llava-v1.5-7b;evqa-pilot500/minigpt-4-vicuna-7b;evqa-pilot500/qwen2.5-vl-3b;evqa-pilot500/smolvlm-1.7b;mmke-entity/blip2-opt-2.7b;mmke-entity/instructblip-vicuna-7b;mmke-entity/paligemma-3b;mmke-entity/qwen2.5-vl-3b;mmke-entity/smolvlm-1.7b;mmke-visual/blip2-opt-2.7b;mmke-visual/instructblip-vicuna-7b;mmke-visual/minigpt-4-vicuna-7b;mmke-visual/smolvlm-1.7b
recorded,power_a2_b-1_g1,M_abscos_x_newn,3,9,False,21,68.50177777777778,70.82844444444444,-2.326666666666669,65.82540740740741,-2.1077037037037036,1,0,8,1,7,-0.9500000000000028,-22.24000000000001,17.093999999999994,0.1111111111111111,evqa-pilot500/blip2-opt-2.7b;evqa-pilot500/minigpt-4-vicuna-7b;evqa-pilot500/qwen2.5-vl-3b;evqa-pilot500/smolvlm-1.7b;mmke-entity/blip2-opt-2.7b;mmke-entity/instructblip-vicuna-7b;mmke-entity/paligemma-3b;mmke-entity/smolvlm-1.7b;mmke-visual/smolvlm-1.7b
recorded,power_a2_b-1_g1,M_new_norm,1,15,False,21,62.98106666666666,67.478,-4.496933333333333,62.98106666666666,-4.496933333333333,5,0,10,3,10,-0.9500000000000028,-43.77,17.439999999999998,0.06666666666666667,evqa-pilot500/blip2-opt-2.7b;evqa-pilot500/instructblip-vicuna-7b;evqa-pilot500/llava-v1.5-7b;evqa-pilot500/minigpt-4-vicuna-7b;evqa-pilot500/qwen2.5-vl-3b;evqa-pilot500/smolvlm-1.7b;mmke-entity/blip2-opt-2.7b;mmke-entity/instructblip-vicuna-7b;mmke-entity/paligemma-3b;mmke-entity/qwen2.5-vl-3b;mmke-entity/smolvlm-1.7b;mmke-visual/blip2-opt-2.7b;mmke-visual/instructblip-vicuna-7b;mmke-visual/minigpt-4-vicuna-7b;mmke-visual/smolvlm-1.7b
recorded,power_a2_b-1_g1,M_new_norm,3,9,False,21,68.50177777777778,71.41888888888889,-2.9171111111111134,65.82540740740741,-2.3522222222222218,1,0,8,1,6,-0.5900000000000034,-22.24000000000001,17.093999999999994,0.1111111111111111,evqa-pilot500/blip2-opt-2.7b;evqa-pilot500/minigpt-4-vicuna-7b;evqa-pilot500/qwen2.5-vl-3b;evqa-pilot500/smolvlm-1.7b;mmke-entity/blip2-opt-2.7b;mmke-entity/instructblip-vicuna-7b;mmke-entity/paligemma-3b;mmke-entity/smolvlm-1.7b;mmke-visual/smolvlm-1.7b
recorded,power_a2_b-1_g2,M_abscos_x_newn,1,13,False,21,62.71815384615385,68.37153846153846,-5.653384615384615,62.71815384615385,-5.653384615384615,3,0,10,3,10,-1.8000000000000043,-43.77,17.439999999999998,0.07692307692307693,evqa-pilot500/blip2-opt-2.7b;evqa-pilot500/llava-v1.5-7b;evqa-pilot500/minigpt-4-vicuna-7b;evqa-pilot500/qwen2.5-vl-3b;evqa-pilot500/smolvlm-1.7b;mmke-entity/blip2-opt-2.7b;mmke-entity/instructblip-vicuna-7b;mmke-entity/paligemma-3b;mmke-entity/smolvlm-1.7b;mmke-visual/blip2-opt-2.7b;mmke-visual/instructblip-vicuna-7b;mmke-visual/minigpt-4-vicuna-7b;mmke-visual/smolvlm-1.7b
recorded,power_a2_b-1_g2,M_abscos_x_newn,3,9,False,21,66.00844444444445,67.91,-1.9015555555555577,65.01355555555556,-0.03118518518518698,2,0,7,2,7,-1.7399999999999949,-22.24000000000001,17.093999999999994,0.1111111111111111,evqa-pilot500/blip2-opt-2.7b;evqa-pilot500/minigpt-4-vicuna-7b;evqa-pilot500/qwen2.5-vl-3b;evqa-pilot500/smolvlm-1.7b;mmke-entity/blip2-opt-2.7b;mmke-entity/instructblip-vicuna-7b;mmke-entity/smolvlm-1.7b;mmke-visual/blip2-opt-2.7b;mmke-visual/smolvlm-1.7b
recorded,power_a2_b-1_g2,M_new_norm,1,13,False,21,62.71815384615385,68.11384615384615,-5.395692307692308,62.71815384615385,-5.395692307692308,4,0,9,3,9,-1.75,-43.77,17.439999999999998,0.07692307692307693,evqa-pilot500/blip2-opt-2.7b;evqa-pilot500/llava-v1.5-7b;evqa-pilot500/minigpt-4-vicuna-7b;evqa-pilot500/qwen2.5-vl-3b;evqa-pilot500/smolvlm-1.7b;mmke-entity/blip2-opt-2.7b;mmke-entity/instructblip-vicuna-7b;mmke-entity/paligemma-3b;mmke-entity/smolvlm-1.7b;mmke-visual/blip2-opt-2.7b;mmke-visual/instructblip-vicuna-7b;mmke-visual/minigpt-4-vicuna-7b;mmke-visual/smolvlm-1.7b
recorded,power_a2_b-1_g2,M_new_norm,3,9,False,21,66.00844444444445,68.50044444444444,-2.492000000000002,65.01355555555556,-0.2757037037037051,2,0,7,2,6,-1.7399999999999949,-22.24000000000001,17.093999999999994,0.1111111111111111,evqa-pilot500/blip2-opt-2.7b;evqa-pilot500/minigpt-4-vicuna-7b;evqa-pilot500/qwen2.5-vl-3b;evqa-pilot500/smolvlm-1.7b;mmke-entity/blip2-opt-2.7b;mmke-entity/instructblip-vicuna-7b;mmke-entity/smolvlm-1.7b;mmke-visual/blip2-opt-2.7b;mmke-visual/smolvlm-1.7b
recorded,power_a2_b-0.5_g-1,M_abscos_x_newn,1,18,False,21,64.456,68.7178888888889,-4.2618888888888895,64.456,-4.2618888888888895,1,10,7,1,6,0.0,-70.81,1.0100000000000051,0.16666666666666666,evqa-pilot500/blip2-opt-2.7b;evqa-pilot500/instructblip-vicuna-7b;evqa-pilot500/llava-v1.5-7b;evqa-pilot500/minigpt-4-vicuna-7b;evqa-pilot500/qwen2.5-vl-3b;evqa-pilot500/smolvlm-1.7b;mmke-entity/blip2-opt-2.7b;mmke-entity/instructblip-vicuna-7b;mmke-entity/minigpt-4-vicuna-7b;mmke-entity/paligemma-3b;mmke-entity/qwen2.5-vl-3b;mmke-entity/smolvlm-1.7b;mmke-visual/blip2-opt-2.7b;mmke-visual/instructblip-vicuna-7b;mmke-visual/llava-v1.5-7b;mmke-visual/minigpt-4-vicuna-7b;mmke-visual/qwen2.5-vl-3b;mmke-visual/smolvlm-1.7b
recorded,power_a2_b-0.5_g-1,M_abscos_x_newn,3,16,False,21,70.47025000000001,70.55012500000001,-0.07987500000000036,66.31195833333334,-1.7757500000000008,2,12,2,2,2,0.0,-7.275999999999996,6.1640000000000015,0.4375,evqa-pilot500/blip2-opt-2.7b;evqa-pilot500/instructblip-vicuna-7b;evqa-pilot500/minigpt-4-vicuna-7b;evqa-pilot500/qwen2.5-vl-3b;evqa-pilot500/smolvlm-1.7b;mmke-entity/blip2-opt-2.7b;mmke-entity/instructblip-vicuna-7b;mmke-entity/paligemma-3b;mmke-entity/qwen2.5-vl-3b;mmke-entity/smolvlm-1.7b;mmke-visual/blip2-opt-2.7b;mmke-visual/instructblip-vicuna-7b;mmke-visual/llava-v1.5-7b;mmke-visual/minigpt-4-vicuna-7b;mmke-visual/qwen2.5-vl-3b;mmke-visual/smolvlm-1.7b
recorded,power_a2_b-0.5_g-1,M_new_norm,1,17,False,21,63.826470588235296,68.11329411764706,-4.286823529411765,63.826470588235296,-4.286823529411765,1,13,3,1,3,0.0,-70.81,1.0100000000000051,0.17647058823529413,evqa-pilot500/blip2-opt-2.7b;evqa-pilot500/instructblip-vicuna-7b;evqa-pilot500/llava-v1.5-7b;evqa-pilot500/minigpt-4-vicuna-7b;evqa-pilot500/qwen2.5-vl-3b;evqa-pilot500/smolvlm-1.7b;mmke-entity/blip2-opt-2.7b;mmke-entity/instructblip-vicuna-7b;mmke-entity/minigpt-4-vicuna-7b;mmke-entity/paligemma-3b;mmke-entity/qwen2.5-vl-3b;mmke-entity/smolvlm-1.7b;mmke-visual/blip2-opt-2.7b;mmke-visual/instructblip-vicuna-7b;mmke-visual/minigpt-4-vicuna-7b;mmke-visual/qwen2.5-vl-3b;mmke-visual/smolvlm-1.7b
recorded,power_a2_b-0.5_g-1,M_new_norm,3,14,False,21,71.162,71.621,-0.45899999999999963,66.63604761904762,-2.1621904761904767,1,12,1,1,1,0.0,-7.275999999999996,0.8500000000000014,0.42857142857142855,evqa-pilot500/blip2-opt-2.7b;evqa-pilot500/minigpt-4-vicuna-7b;evqa-pilot500/qwen2.5-vl-3b;evqa-pilot500/smolvlm-1.7b;mmke-entity/blip2-opt-2.7b;mmke-entity/instructblip-vicuna-7b;mmke-entity/paligemma-3b;mmke-entity/qwen2.5-vl-3b;mmke-entity/smolvlm-1.7b;mmke-visual/blip2-opt-2.7b;mmke-visual/instructblip-vicuna-7b;mmke-visual/minigpt-4-vicuna-7b;mmke-visual/qwen2.5-vl-3b;mmke-visual/smolvlm-1.7b
recorded,power_a2_b-0.5_g0,M_abscos_x_newn,1,13,False,21,67.0683076923077,70.70169230769231,-3.6333846153846148,67.0683076923077,-3.6333846153846148,0,8,5,0,5,0.0,-22.24000000000001,0.0,0.07692307692307693,evqa-pilot500/blip2-opt-2.7b;evqa-pilot500/instructblip-vicuna-7b;evqa-pilot500/minigpt-4-vicuna-7b;evqa-pilot500/paligemma-3b;evqa-pilot500/qwen2.5-vl-3b;mmke-entity/blip2-opt-2.7b;mmke-entity/instructblip-vicuna-7b;mmke-entity/paligemma-3b;mmke-visual/blip2-opt-2.7b;mmke-visual/instructblip-vicuna-7b;mmke-visual/minigpt-4-vicuna-7b;mmke-visual/paligemma-3b;mmke-visual/smolvlm-1.7b
recorded,power_a2_b-0.5_g0,M_abscos_x_newn,3,12,False,21,71.88016666666667,74.05266666666667,-2.172500000000001,68.83633333333333,-2.183500000000002,0,7,5,0,4,0.0,-21.660000000000004,0.0,0.3333333333333333,evqa-pilot500/blip2-opt-2.7b;evqa-pilot500/instructblip-vicuna-7b;evqa-pilot500/paligemma-3b;evqa-pilot500/qwen2.5-vl-3b;mmke-entity/blip2-opt-2.7b;mmke-entity/instructblip-vicuna-7b;mmke-entity/paligemma-3b;mmke-visual/blip2-opt-2.7b;mmke-visual/instructblip-vicuna-7b;mmke-visual/minigpt-4-vicuna-7b;mmke-visual/paligemma-3b;mmke-visual/smolvlm-1.7b
recorded,power_a2_b-0.5_g0,M_new_norm,1,13,False,21,67.0683076923077,70.4783076923077,-3.4099999999999993,67.0683076923077,-3.4099999999999993,1,6,6,1,4,0.0,-22.24000000000001,1.730000000000004,0.07692307692307693,evqa-pilot500/blip2-opt-2.7b;evqa-pilot500/instructblip-vicuna-7b;evqa-pilot500/minigpt-4-vicuna-7b;evqa-pilot500/paligemma-3b;evqa-pilot500/qwen2.5-vl-3b;mmke-entity/blip2-opt-2.7b;mmke-entity/instructblip-vicuna-7b;mmke-entity/paligemma-3b;mmke-visual/blip2-opt-2.7b;mmke-visual/instructblip-vicuna-7b;mmke-visual/minigpt-4-vicuna-7b;mmke-visual/paligemma-3b;mmke-visual/smolvlm-1.7b
recorded,power_a2_b-0.5_g0,M_new_norm,3,11,False,21,73.4629090909091,75.686,-2.2230909090909097,70.36812121212121,-2.221636363636365,1,5,5,1,4,0.0,-21.660000000000004,0.8500000000000014,0.2727272727272727,evqa-pilot500/blip2-opt-2.7b;evqa-pilot500/paligemma-3b;evqa-pilot500/qwen2.5-vl-3b;mmke-entity/blip2-opt-2.7b;mmke-entity/instructblip-vicuna-7b;mmke-entity/paligemma-3b;mmke-visual/blip2-opt-2.7b;mmke-visual/instructblip-vicuna-7b;mmke-visual/minigpt-4-vicuna-7b;mmke-visual/paligemma-3b;mmke-visual/smolvlm-1.7b
recorded,power_a2_b-0.5_g0.5,M_abscos_x_newn,1,15,False,21,69.2224,71.856,-2.6336000000000004,69.2224,-2.6336000000000004,4,5,6,3,6,0.0,-22.24000000000001,6.82,0.06666666666666667,evqa-pilot500/llava-v1.5-7b;evqa-pilot500/minigpt-4-vicuna-7b;evqa-pilot500/paligemma-3b;evqa-pilot500/qwen2.5-vl-3b;evqa-pilot500/smolvlm-1.7b;mmke-entity/blip2-opt-2.7b;mmke-entity/instructblip-vicuna-7b;mmke-entity/paligemma-3b;mmke-entity/smolvlm-1.7b;mmke-visual/blip2-opt-2.7b;mmke-visual/instructblip-vicuna-7b;mmke-visual/minigpt-4-vicuna-7b;mmke-visual/paligemma-3b;mmke-visual/qwen2.5-vl-3b;mmke-visual/smolvlm-1.7b
recorded,power_a2_b-0.5_g0.5,M_abscos_x_newn,3,8,False,21,73.6445,80.25575,-6.611250000000001,71.9935,-4.776500000000002,0,3,5,0,5,-1.490000000000002,-21.660000000000004,0.0,0.125,evqa-pilot500/paligemma-3b;mmke-entity/blip2-opt-2.7b;mmke-entity/instructblip-vicuna-7b;mmke-entity/paligemma-3b;mmke-visual/instructblip-vicuna-7b;mmke-visual/minigpt-4-vicuna-7b;mmke-visual/paligemma-3b;mmke-visual/smolvlm-1.7b
recorded,power_a2_b-0.5_g0.5,M_new_norm,1,15,False,21,69.2224,71.6624,-2.44,69.2224,-2.44,5,3,7,4,5,0.0,-22.24000000000001,6.82,0.06666666666666667,evqa-pilot500/llava-v1.5-7b;evqa-pilot500/minigpt-4-vicuna-7b;evqa-pilot500/paligemma-3b;evqa-pilot500/qwen2.5-vl-3b;evqa-pilot500/smolvlm-1.7b;mmke-entity/blip2-opt-2.7b;mmke-entity/instructblip-vicuna-7b;mmke-entity/paligemma-3b;mmke-entity/smolvlm-1.7b;mmke-visual/blip2-opt-2.7b;mmke-visual/instructblip-vicuna-7b;mmke-visual/minigpt-4-vicuna-7b;mmke-visual/paligemma-3b;mmke-visual/qwen2.5-vl-3b;mmke-visual/smolvlm-1.7b
recorded,power_a2_b-0.5_g0.5,M_new_norm,3,8,False,21,73.6445,80.16,-6.5155,71.9935,-4.678916666666668,0,3,5,0,5,-1.1069999999999993,-21.660000000000004,0.0,0.125,evqa-pilot500/paligemma-3b;mmke-entity/blip2-opt-2.7b;mmke-entity/instructblip-vicuna-7b;mmke-entity/paligemma-3b;mmke-visual/instructblip-vicuna-7b;mmke-visual/minigpt-4-vicuna-7b;mmke-visual/paligemma-3b;mmke-visual/smolvlm-1.7b
recorded,power_a2_b-0.5_g1,M_abscos_x_newn,1,16,False,21,69.70975,71.0,-1.290249999999999,69.70975,-1.290249999999999,6,3,7,5,7,0.0,-22.24000000000001,14.88000000000001,0.0625,evqa-pilot500/blip2-opt-2.7b;evqa-pilot500/llava-v1.5-7b;evqa-pilot500/minigpt-4-vicuna-7b;evqa-pilot500/paligemma-3b;evqa-pilot500/qwen2.5-vl-3b;evqa-pilot500/smolvlm-1.7b;mmke-entity/blip2-opt-2.7b;mmke-entity/instructblip-vicuna-7b;mmke-entity/paligemma-3b;mmke-entity/smolvlm-1.7b;mmke-visual/blip2-opt-2.7b;mmke-visual/instructblip-vicuna-7b;mmke-visual/minigpt-4-vicuna-7b;mmke-visual/paligemma-3b;mmke-visual/qwen2.5-vl-3b;mmke-visual/smolvlm-1.7b
recorded,power_a2_b-0.5_g1,M_abscos_x_newn,3,11,False,21,75.10581818181818,76.43381818181818,-1.3280000000000023,73.52763636363636,-0.17430303030303015,2,2,7,2,6,-0.5,-21.660000000000004,16.685999999999993,0.09090909090909091,evqa-pilot500/blip2-opt-2.7b;evqa-pilot500/paligemma-3b;evqa-pilot500/smolvlm-1.7b;mmke-entity/blip2-opt-2.7b;mmke-entity/instructblip-vicuna-7b;mmke-entity/paligemma-3b;mmke-entity/smolvlm-1.7b;mmke-visual/minigpt-4-vicuna-7b;mmke-visual/paligemma-3b;mmke-visual/qwen2.5-vl-3b;mmke-visual/smolvlm-1.7b
recorded,power_a2_b-0.5_g1,M_new_norm,1,16,False,21,69.70975,70.8185,-1.1087499999999988,69.70975,-1.1087499999999988,7,1,8,6,6,-0.05000000000000071,-22.24000000000001,14.88000000000001,0.0625,evqa-pilot500/blip2-opt-2.7b;evqa-pilot500/llava-v1.5-7b;evqa-pilot500/minigpt-4-vicuna-7b;evqa-pilot500/paligemma-3b;evqa-pilot500/qwen2.5-vl-3b;evqa-pilot500/smolvlm-1.7b;mmke-entity/blip2-opt-2.7b;mmke-entity/instructblip-vicuna-7b;mmke-entity/paligemma-3b;mmke-entity/smolvlm-1.7b;mmke-visual/blip2-opt-2.7b;mmke-visual/instructblip-vicuna-7b;mmke-visual/minigpt-4-vicuna-7b;mmke-visual/paligemma-3b;mmke-visual/qwen2.5-vl-3b;mmke-visual/smolvlm-1.7b
recorded,power_a2_b-0.5_g1,M_new_norm,3,11,False,21,75.10581818181818,76.36418181818182,-1.2583636363636381,73.52763636363636,-0.10333333333333238,2,2,7,2,6,-0.5,-21.660000000000004,16.685999999999993,0.09090909090909091,evqa-pilot500/blip2-opt-2.7b;evqa-pilot500/paligemma-3b;evqa-pilot500/smolvlm-1.7b;mmke-entity/blip2-opt-2.7b;mmke-entity/instructblip-vicuna-7b;mmke-entity/paligemma-3b;mmke-entity/smolvlm-1.7b;mmke-visual/minigpt-4-vicuna-7b;mmke-visual/paligemma-3b;mmke-visual/qwen2.5-vl-3b;mmke-visual/smolvlm-1.7b
recorded,power_a2_b-0.5_g2,M_abscos_x_newn,1,17,False,21,67.5144705882353,71.07176470588236,-3.557294117647058,67.5144705882353,-3.557294117647058,6,0,11,5,9,-0.9200000000000017,-43.77,17.439999999999998,0.058823529411764705,evqa-pilot500/blip2-opt-2.7b;evqa-pilot500/llava-v1.5-7b;evqa-pilot500/minigpt-4-vicuna-7b;evqa-pilot500/paligemma-3b;evqa-pilot500/qwen2.5-vl-3b;evqa-pilot500/smolvlm-1.7b;mmke-entity/blip2-opt-2.7b;mmke-entity/instructblip-vicuna-7b;mmke-entity/paligemma-3b;mmke-entity/qwen2.5-vl-3b;mmke-entity/smolvlm-1.7b;mmke-visual/blip2-opt-2.7b;mmke-visual/instructblip-vicuna-7b;mmke-visual/minigpt-4-vicuna-7b;mmke-visual/paligemma-3b;mmke-visual/qwen2.5-vl-3b;mmke-visual/smolvlm-1.7b
recorded,power_a2_b-0.5_g2,M_abscos_x_newn,3,12,False,21,72.20466666666667,74.33933333333333,-2.134666666666668,68.55627777777778,-2.739555555555555,2,0,10,2,9,-1.3500000000000014,-21.660000000000004,17.093999999999994,0.08333333333333333,evqa-pilot500/blip2-opt-2.7b;evqa-pilot500/minigpt-4-vicuna-7b;evqa-pilot500/paligemma-3b;evqa-pilot500/qwen2.5-vl-3b;evqa-pilot500/smolvlm-1.7b;mmke-entity/blip2-opt-2.7b;mmke-entity/instructblip-vicuna-7b;mmke-entity/paligemma-3b;mmke-entity/smolvlm-1.7b;mmke-visual/blip2-opt-2.7b;mmke-visual/paligemma-3b;mmke-visual/smolvlm-1.7b
recorded,power_a2_b-0.5_g2,M_new_norm,1,17,False,21,67.5144705882353,70.90094117647058,-3.3864705882352935,67.5144705882353,-3.3864705882352935,7,0,10,5,8,-0.10000000000000142,-43.77,17.439999999999998,0.058823529411764705,evqa-pilot500/blip2-opt-2.7b;evqa-pilot500/llava-v1.5-7b;evqa-pilot500/minigpt-4-vicuna-7b;evqa-pilot500/paligemma-3b;evqa-pilot500/qwen2.5-vl-3b;evqa-pilot500/smolvlm-1.7b;mmke-entity/blip2-opt-2.7b;mmke-entity/instructblip-vicuna-7b;mmke-entity/paligemma-3b;mmke-entity/qwen2.5-vl-3b;mmke-entity/smolvlm-1.7b;mmke-visual/blip2-opt-2.7b;mmke-visual/instructblip-vicuna-7b;mmke-visual/minigpt-4-vicuna-7b;mmke-visual/paligemma-3b;mmke-visual/qwen2.5-vl-3b;mmke-visual/smolvlm-1.7b
recorded,power_a2_b-0.5_g2,M_new_norm,3,12,False,21,72.20466666666667,74.78216666666667,-2.577500000000001,68.55627777777778,-2.9229444444444437,2,0,10,2,8,-1.1700000000000017,-21.660000000000004,17.093999999999994,0.08333333333333333,evqa-pilot500/blip2-opt-2.7b;evqa-pilot500/minigpt-4-vicuna-7b;evqa-pilot500/paligemma-3b;evqa-pilot500/qwen2.5-vl-3b;evqa-pilot500/smolvlm-1.7b;mmke-entity/blip2-opt-2.7b;mmke-entity/instructblip-vicuna-7b;mmke-entity/paligemma-3b;mmke-entity/smolvlm-1.7b;mmke-visual/blip2-opt-2.7b;mmke-visual/paligemma-3b;mmke-visual/smolvlm-1.7b
recorded,power_a2_b0_g-1,M_abscos_x_newn,1,18,False,21,64.456,68.7178888888889,-4.2618888888888895,64.456,-4.2618888888888895,1,10,7,1,6,0.0,-70.81,1.0100000000000051,0.16666666666666666,evqa-pilot500/blip2-opt-2.7b;evqa-pilot500/instructblip-vicuna-7b;evqa-pilot500/llava-v1.5-7b;evqa-pilot500/minigpt-4-vicuna-7b;evqa-pilot500/qwen2.5-vl-3b;evqa-pilot500/smolvlm-1.7b;mmke-entity/blip2-opt-2.7b;mmke-entity/instructblip-vicuna-7b;mmke-entity/minigpt-4-vicuna-7b;mmke-entity/paligemma-3b;mmke-entity/qwen2.5-vl-3b;mmke-entity/smolvlm-1.7b;mmke-visual/blip2-opt-2.7b;mmke-visual/instructblip-vicuna-7b;mmke-visual/llava-v1.5-7b;mmke-visual/minigpt-4-vicuna-7b;mmke-visual/qwen2.5-vl-3b;mmke-visual/smolvlm-1.7b
recorded,power_a2_b0_g-1,M_abscos_x_newn,3,17,False,21,71.19705882352942,70.87305882352942,0.3239999999999989,67.11996078431372,-1.4210980392156876,2,13,2,2,1,0.0,-0.7660000000000053,6.1640000000000015,0.4117647058823529,evqa-pilot500/blip2-opt-2.7b;evqa-pilot500/instructblip-vicuna-7b;evqa-pilot500/minigpt-4-vicuna-7b;evqa-pilot500/qwen2.5-vl-3b;evqa-pilot500/smolvlm-1.7b;mmke-entity/blip2-opt-2.7b;mmke-entity/instructblip-vicuna-7b;mmke-entity/minigpt-4-vicuna-7b;mmke-entity/paligemma-3b;mmke-entity/qwen2.5-vl-3b;mmke-entity/smolvlm-1.7b;mmke-visual/blip2-opt-2.7b;mmke-visual/instructblip-vicuna-7b;mmke-visual/llava-v1.5-7b;mmke-visual/minigpt-4-vicuna-7b;mmke-visual/qwen2.5-vl-3b;mmke-visual/smolvlm-1.7b
recorded,power_a2_b0_g-1,M_new_norm,1,17,False,21,63.826470588235296,68.11329411764706,-4.286823529411765,63.826470588235296,-4.286823529411765,1,13,3,1,3,0.0,-70.81,1.0100000000000051,0.17647058823529413,evqa-pilot500/blip2-opt-2.7b;evqa-pilot500/instructblip-vicuna-7b;evqa-pilot500/llava-v1.5-7b;evqa-pilot500/minigpt-4-vicuna-7b;evqa-pilot500/qwen2.5-vl-3b;evqa-pilot500/smolvlm-1.7b;mmke-entity/blip2-opt-2.7b;mmke-entity/instructblip-vicuna-7b;mmke-entity/minigpt-4-vicuna-7b;mmke-entity/paligemma-3b;mmke-entity/qwen2.5-vl-3b;mmke-entity/smolvlm-1.7b;mmke-visual/blip2-opt-2.7b;mmke-visual/instructblip-vicuna-7b;mmke-visual/minigpt-4-vicuna-7b;mmke-visual/qwen2.5-vl-3b;mmke-visual/smolvlm-1.7b
recorded,power_a2_b0_g-1,M_new_norm,3,15,False,21,71.9396,71.88293333333334,0.05666666666666676,67.53017777777778,-1.7048000000000008,1,14,0,1,0,0.0,0.0,0.8500000000000014,0.4,evqa-pilot500/blip2-opt-2.7b;evqa-pilot500/minigpt-4-vicuna-7b;evqa-pilot500/qwen2.5-vl-3b;evqa-pilot500/smolvlm-1.7b;mmke-entity/blip2-opt-2.7b;mmke-entity/instructblip-vicuna-7b;mmke-entity/minigpt-4-vicuna-7b;mmke-entity/paligemma-3b;mmke-entity/qwen2.5-vl-3b;mmke-entity/smolvlm-1.7b;mmke-visual/blip2-opt-2.7b;mmke-visual/instructblip-vicuna-7b;mmke-visual/minigpt-4-vicuna-7b;mmke-visual/qwen2.5-vl-3b;mmke-visual/smolvlm-1.7b
recorded,power_a2_b0_g0,M_abscos_x_newn,1,19,False,21,69.22536842105264,70.60273684210526,-1.377368421052631,69.22536842105264,-1.377368421052631,1,15,3,0,3,0.0,-22.24000000000001,0.21600000000000819,0.15789473684210525,evqa-pilot500/blip2-opt-2.7b;evqa-pilot500/instructblip-vicuna-7b;evqa-pilot500/llava-v1.5-7b;evqa-pilot500/minigpt-4-vicuna-7b;evqa-pilot500/paligemma-3b;evqa-pilot500/qwen2.5-vl-3b;evqa-pilot500/smolvlm-1.7b;mmke-entity/blip2-opt-2.7b;mmke-entity/instructblip-vicuna-7b;mmke-entity/minigpt-4-vicuna-7b;mmke-entity/paligemma-3b;mmke-entity/smolvlm-1.7b;mmke-visual/blip2-opt-2.7b;mmke-visual/instructblip-vicuna-7b;mmke-visual/llava-v1.5-7b;mmke-visual/minigpt-4-vicuna-7b;mmke-visual/paligemma-3b;mmke-visual/qwen2.5-vl-3b;mmke-visual/smolvlm-1.7b
recorded,power_a2_b0_g0,M_abscos_x_newn,3,15,False,21,73.49653333333333,73.66453333333334,-0.16800000000000068,70.10866666666666,-0.7192444444444457,1,12,2,0,1,0.0,-2.3900000000000006,0.04999999999999716,0.4666666666666667,evqa-pilot500/blip2-opt-2.7b;evqa-pilot500/instructblip-vicuna-7b;evqa-pilot500/paligemma-3b;evqa-pilot500/qwen2.5-vl-3b;evqa-pilot500/smolvlm-1.7b;mmke-entity/blip2-opt-2.7b;mmke-entity/instructblip-vicuna-7b;mmke-entity/paligemma-3b;mmke-entity/smolvlm-1.7b;mmke-visual/blip2-opt-2.7b;mmke-visual/instructblip-vicuna-7b;mmke-visual/llava-v1.5-7b;mmke-visual/minigpt-4-vicuna-7b;mmke-visual/paligemma-3b;mmke-visual/qwen2.5-vl-3b
recorded,power_a2_b0_g0,M_new_norm,1,18,False,21,68.89577777777778,70.16122222222222,-1.2654444444444435,68.89577777777778,-1.2654444444444435,3,11,4,3,3,0.0,-22.24000000000001,1.730000000000004,0.16666666666666666,evqa-pilot500/blip2-opt-2.7b;evqa-pilot500/instructblip-vicuna-7b;evqa-pilot500/llava-v1.5-7b;evqa-pilot500/minigpt-4-vicuna-7b;evqa-pilot500/paligemma-3b;evqa-pilot500/qwen2.5-vl-3b;evqa-pilot500/smolvlm-1.7b;mmke-entity/blip2-opt-2.7b;mmke-entity/instructblip-vicuna-7b;mmke-entity/minigpt-4-vicuna-7b;mmke-entity/paligemma-3b;mmke-entity/smolvlm-1.7b;mmke-visual/blip2-opt-2.7b;mmke-visual/instructblip-vicuna-7b;mmke-visual/minigpt-4-vicuna-7b;mmke-visual/paligemma-3b;mmke-visual/qwen2.5-vl-3b;mmke-visual/smolvlm-1.7b
recorded,power_a2_b0_g0,M_new_norm,3,13,False,21,74.75323076923077,74.82276923076923,-0.0695384615384618,71.07553846153846,-0.6942051282051289,2,9,2,1,1,0.0,-1.6239999999999952,0.8500000000000014,0.46153846153846156,evqa-pilot500/blip2-opt-2.7b;evqa-pilot500/paligemma-3b;evqa-pilot500/qwen2.5-vl-3b;evqa-pilot500/smolvlm-1.7b;mmke-entity/blip2-opt-2.7b;mmke-entity/instructblip-vicuna-7b;mmke-entity/paligemma-3b;mmke-entity/smolvlm-1.7b;mmke-visual/blip2-opt-2.7b;mmke-visual/instructblip-vicuna-7b;mmke-visual/minigpt-4-vicuna-7b;mmke-visual/paligemma-3b;mmke-visual/qwen2.5-vl-3b
recorded,power_a2_b0_g0.5,M_abscos_x_newn,1,14,False,21,68.24214285714285,70.64942857142857,-2.4072857142857136,68.24214285714285,-2.4072857142857136,2,6,6,2,6,0.0,-22.24000000000001,14.930000000000007,0.07142857142857142,evqa-pilot500/blip2-opt-2.7b;evqa-pilot500/instructblip-vicuna-7b;evqa-pilot500/minigpt-4-vicuna-7b;evqa-pilot500/paligemma-3b;evqa-pilot500/qwen2.5-vl-3b;evqa-pilot500/smolvlm-1.7b;mmke-entity/blip2-opt-2.7b;mmke-entity/instructblip-vicuna-7b;mmke-entity/paligemma-3b;mmke-visual/blip2-opt-2.7b;mmke-visual/instructblip-vicuna-7b;mmke-visual/minigpt-4-vicuna-7b;mmke-visual/paligemma-3b;mmke-visual/smolvlm-1.7b
recorded,power_a2_b0_g0.5,M_abscos_x_newn,3,10,False,21,72.2406,77.5656,-5.325000000000001,70.76813333333334,-3.6972000000000036,0,4,6,0,5,-0.5050000000000026,-21.60000000000001,0.0,0.2,evqa-pilot500/paligemma-3b;evqa-pilot500/qwen2.5-vl-3b;mmke-entity/blip2-opt-2.7b;mmke-entity/instructblip-vicuna-7b;mmke-entity/paligemma-3b;mmke-visual/blip2-opt-2.7b;mmke-visual/instructblip-vicuna-7b;mmke-visual/minigpt-4-vicuna-7b;mmke-visual/paligemma-3b;mmke-visual/smolvlm-1.7b
recorded,power_a2_b0_g0.5,M_new_norm,1,14,False,21,68.24214285714285,70.442,-2.199857142857142,68.24214285714285,-2.199857142857142,4,3,7,4,6,-0.22299999999999898,-22.24000000000001,14.930000000000007,0.07142857142857142,evqa-pilot500/blip2-opt-2.7b;evqa-pilot500/instructblip-vicuna-7b;evqa-pilot500/minigpt-4-vicuna-7b;evqa-pilot500/paligemma-3b;evqa-pilot500/qwen2.5-vl-3b;evqa-pilot500/smolvlm-1.7b;mmke-entity/blip2-opt-2.7b;mmke-entity/instructblip-vicuna-7b;mmke-entity/paligemma-3b;mmke-visual/blip2-opt-2.7b;mmke-visual/instructblip-vicuna-7b;mmke-visual/minigpt-4-vicuna-7b;mmke-visual/paligemma-3b;mmke-visual/smolvlm-1.7b
recorded,power_a2_b0_g0.5,M_new_norm,3,10,False,21,72.2406,77.404,-5.163400000000001,70.76813333333334,-3.5208000000000026,1,3,6,1,5,-0.5050000000000026,-21.60000000000001,0.8500000000000014,0.2,evqa-pilot500/paligemma-3b;evqa-pilot500/qwen2.5-vl-3b;mmke-entity/blip2-opt-2.7b;mmke-entity/instructblip-vicuna-7b;mmke-entity/paligemma-3b;mmke-visual/blip2-opt-2.7b;mmke-visual/instructblip-vicuna-7b;mmke-visual/minigpt-4-vicuna-7b;mmke-visual/paligemma-3b;mmke-visual/smolvlm-1.7b
recorded,power_a2_b0_g1,M_abscos_x_newn,1,15,False,21,69.95573333333333,71.7008,-1.7450666666666663,69.95573333333333,-1.7450666666666663,4,6,5,3,5,0.0,-22.24000000000001,14.88000000000001,0.13333333333333333,evqa-pilot500/blip2-opt-2.7b;evqa-pilot500/minigpt-4-vicuna-7b;evqa-pilot500/paligemma-3b;evqa-pilot500/qwen2.5-vl-3b;evqa-pilot500/smolvlm-1.7b;mmke-entity/blip2-opt-2.7b;mmke-entity/instructblip-vicuna-7b;mmke-entity/paligemma-3b;mmke-entity/smolvlm-1.7b;mmke-visual/blip2-opt-2.7b;mmke-visual/instructblip-vicuna-7b;mmke-visual/minigpt-4-vicuna-7b;mmke-visual/paligemma-3b;mmke-visual/qwen2.5-vl-3b;mmke-visual/smolvlm-1.7b
recorded,power_a2_b0_g1,M_abscos_x_newn,3,9,False,21,72.55066666666667,78.42066666666666,-5.870000000000001,71.0282962962963,-4.232074074074076,0,4,5,0,5,-0.5900000000000034,-21.60000000000001,0.0,0.2222222222222222,evqa-pilot500/paligemma-3b;evqa-pilot500/qwen2.5-vl-3b;mmke-entity/blip2-opt-2.7b;mmke-entity/instructblip-vicuna-7b;mmke-entity/paligemma-3b;mmke-visual/instructblip-vicuna-7b;mmke-visual/minigpt-4-vicuna-7b;mmke-visual/paligemma-3b;mmke-visual/smolvlm-1.7b
recorded,power_a2_b0_g1,M_new_norm,1,15,False,21,69.95573333333333,71.5072,-1.551466666666666,69.95573333333333,-1.551466666666666,6,3,6,5,5,0.0,-22.24000000000001,14.88000000000001,0.13333333333333333,evqa-pilot500/blip2-opt-2.7b;evqa-pilot500/minigpt-4-vicuna-7b;evqa-pilot500/paligemma-3b;evqa-pilot500/qwen2.5-vl-3b;evqa-pilot500/smolvlm-1.7b;mmke-entity/blip2-opt-2.7b;mmke-entity/instructblip-vicuna-7b;mmke-entity/paligemma-3b;mmke-entity/smolvlm-1.7b;mmke-visual/blip2-opt-2.7b;mmke-visual/instructblip-vicuna-7b;mmke-visual/minigpt-4-vicuna-7b;mmke-visual/paligemma-3b;mmke-visual/qwen2.5-vl-3b;mmke-visual/smolvlm-1.7b
recorded,power_a2_b0_g1,M_new_norm,3,9,False,21,72.55066666666667,78.24111111111111,-5.690444444444445,71.0282962962963,-4.036074074074075,1,3,5,1,5,-0.5900000000000034,-21.60000000000001,0.8500000000000014,0.2222222222222222,evqa-pilot500/paligemma-3b;evqa-pilot500/qwen2.5-vl-3b;mmke-entity/blip2-opt-2.7b;mmke-entity/instructblip-vicuna-7b;mmke-entity/paligemma-3b;mmke-visual/instructblip-vicuna-7b;mmke-visual/minigpt-4-vicuna-7b;mmke-visual/paligemma-3b;mmke-visual/smolvlm-1.7b
recorded,power_a2_b0_g2,M_abscos_x_newn,1,16,False,21,70.246,71.73325,-1.48725,70.246,-1.48725,4,3,9,3,8,-0.33500000000000085,-22.24000000000001,15.64,0,evqa-pilot500/blip2-opt-2.7b;evqa-pilot500/minigpt-4-vicuna-7b;evqa-pilot500/paligemma-3b;evqa-pilot500/qwen2.5-vl-3b;evqa-pilot500/smolvlm-1.7b;mmke-entity/blip2-opt-2.7b;mmke-entity/instructblip-vicuna-7b;mmke-entity/paligemma-3b;mmke-entity/qwen2.5-vl-3b;mmke-entity/smolvlm-1.7b;mmke-visual/blip2-opt-2.7b;mmke-visual/instructblip-vicuna-7b;mmke-visual/minigpt-4-vicuna-7b;mmke-visual/paligemma-3b;mmke-visual/qwen2.5-vl-3b;mmke-visual/smolvlm-1.7b
recorded,power_a2_b0_g2,M_abscos_x_newn,3,13,False,21,73.00307692307692,75.71861538461539,-2.7155384615384626,71.10964102564103,-1.747641025641027,3,0,10,3,8,-0.5900000000000034,-21.660000000000004,17.093999999999994,0.23076923076923078,evqa-pilot500/blip2-opt-2.7b;evqa-pilot500/paligemma-3b;evqa-pilot500/smolvlm-1.7b;mmke-entity/blip2-opt-2.7b;mmke-entity/instructblip-vicuna-7b;mmke-entity/paligemma-3b;mmke-entity/qwen2.5-vl-3b;mmke-entity/smolvlm-1.7b;mmke-visual/instructblip-vicuna-7b;mmke-visual/minigpt-4-vicuna-7b;mmke-visual/paligemma-3b;mmke-visual/qwen2.5-vl-3b;mmke-visual/smolvlm-1.7b
recorded,power_a2_b0_g2,M_new_norm,1,16,False,21,70.246,71.55175,-1.3057499999999997,70.246,-1.3057499999999997,5,1,10,4,7,-0.2729999999999997,-22.24000000000001,15.64,0,evqa-pilot500/blip2-opt-2.7b;evqa-pilot500/minigpt-4-vicuna-7b;evqa-pilot500/paligemma-3b;evqa-pilot500/qwen2.5-vl-3b;evqa-pilot500/smolvlm-1.7b;mmke-entity/blip2-opt-2.7b;mmke-entity/instructblip-vicuna-7b;mmke-entity/paligemma-3b;mmke-entity/qwen2.5-vl-3b;mmke-entity/smolvlm-1.7b;mmke-visual/blip2-opt-2.7b;mmke-visual/instructblip-vicuna-7b;mmke-visual/minigpt-4-vicuna-7b;mmke-visual/paligemma-3b;mmke-visual/qwen2.5-vl-3b;mmke-visual/smolvlm-1.7b
recorded,power_a2_b0_g2,M_new_norm,3,13,False,21,73.00307692307692,75.65969230769231,-2.6566153846153853,71.10964102564103,-1.6875897435897445,3,0,10,3,8,-0.5900000000000034,-21.660000000000004,17.093999999999994,0.23076923076923078,evqa-pilot500/blip2-opt-2.7b;evqa-pilot500/paligemma-3b;evqa-pilot500/smolvlm-1.7b;mmke-entity/blip2-opt-2.7b;mmke-entity/instructblip-vicuna-7b;mmke-entity/paligemma-3b;mmke-entity/qwen2.5-vl-3b;mmke-entity/smolvlm-1.7b;mmke-visual/instructblip-vicuna-7b;mmke-visual/minigpt-4-vicuna-7b;mmke-visual/paligemma-3b;mmke-visual/qwen2.5-vl-3b;mmke-visual/smolvlm-1.7b
recorded,power_a2_b0.5_g-1,M_abscos_x_newn,1,18,False,21,64.456,68.7178888888889,-4.2618888888888895,64.456,-4.2618888888888895,1,10,7,1,6,0.0,-70.81,1.0100000000000051,0.16666666666666666,evqa-pilot500/blip2-opt-2.7b;evqa-pilot500/instructblip-vicuna-7b;evqa-pilot500/llava-v1.5-7b;evqa-pilot500/minigpt-4-vicuna-7b;evqa-pilot500/qwen2.5-vl-3b;evqa-pilot500/smolvlm-1.7b;mmke-entity/blip2-opt-2.7b;mmke-entity/instructblip-vicuna-7b;mmke-entity/minigpt-4-vicuna-7b;mmke-entity/paligemma-3b;mmke-entity/qwen2.5-vl-3b;mmke-entity/smolvlm-1.7b;mmke-visual/blip2-opt-2.7b;mmke-visual/instructblip-vicuna-7b;mmke-visual/llava-v1.5-7b;mmke-visual/minigpt-4-vicuna-7b;mmke-visual/qwen2.5-vl-3b;mmke-visual/smolvlm-1.7b
recorded,power_a2_b0.5_g-1,M_abscos_x_newn,3,17,False,21,71.19705882352942,70.87305882352942,0.3239999999999989,67.18596078431372,-1.3550980392156877,2,13,2,2,1,0.0,-0.7660000000000053,6.1640000000000015,0.4117647058823529,evqa-pilot500/blip2-opt-2.7b;evqa-pilot500/instructblip-vicuna-7b;evqa-pilot500/minigpt-4-vicuna-7b;evqa-pilot500/qwen2.5-vl-3b;evqa-pilot500/smolvlm-1.7b;mmke-entity/blip2-opt-2.7b;mmke-entity/instructblip-vicuna-7b;mmke-entity/minigpt-4-vicuna-7b;mmke-entity/paligemma-3b;mmke-entity/qwen2.5-vl-3b;mmke-entity/smolvlm-1.7b;mmke-visual/blip2-opt-2.7b;mmke-visual/instructblip-vicuna-7b;mmke-visual/llava-v1.5-7b;mmke-visual/minigpt-4-vicuna-7b;mmke-visual/qwen2.5-vl-3b;mmke-visual/smolvlm-1.7b
recorded,power_a2_b0.5_g-1,M_new_norm,1,17,False,21,63.826470588235296,68.11329411764706,-4.286823529411765,63.826470588235296,-4.286823529411765,1,13,3,1,3,0.0,-70.81,1.0100000000000051,0.17647058823529413,evqa-pilot500/blip2-opt-2.7b;evqa-pilot500/instructblip-vicuna-7b;evqa-pilot500/llava-v1.5-7b;evqa-pilot500/minigpt-4-vicuna-7b;evqa-pilot500/qwen2.5-vl-3b;evqa-pilot500/smolvlm-1.7b;mmke-entity/blip2-opt-2.7b;mmke-entity/instructblip-vicuna-7b;mmke-entity/minigpt-4-vicuna-7b;mmke-entity/paligemma-3b;mmke-entity/qwen2.5-vl-3b;mmke-entity/smolvlm-1.7b;mmke-visual/blip2-opt-2.7b;mmke-visual/instructblip-vicuna-7b;mmke-visual/minigpt-4-vicuna-7b;mmke-visual/qwen2.5-vl-3b;mmke-visual/smolvlm-1.7b
recorded,power_a2_b0.5_g-1,M_new_norm,3,15,False,21,71.9396,71.88293333333334,0.05666666666666676,67.60497777777778,-1.6300000000000006,1,14,0,1,0,0.0,0.0,0.8500000000000014,0.4,evqa-pilot500/blip2-opt-2.7b;evqa-pilot500/minigpt-4-vicuna-7b;evqa-pilot500/qwen2.5-vl-3b;evqa-pilot500/smolvlm-1.7b;mmke-entity/blip2-opt-2.7b;mmke-entity/instructblip-vicuna-7b;mmke-entity/minigpt-4-vicuna-7b;mmke-entity/paligemma-3b;mmke-entity/qwen2.5-vl-3b;mmke-entity/smolvlm-1.7b;mmke-visual/blip2-opt-2.7b;mmke-visual/instructblip-vicuna-7b;mmke-visual/minigpt-4-vicuna-7b;mmke-visual/qwen2.5-vl-3b;mmke-visual/smolvlm-1.7b
recorded,power_a2_b0.5_g0,M_abscos_x_newn,1,19,False,21,70.5221052631579,70.648,-0.12589473684210506,70.5221052631579,-0.12589473684210506,0,18,1,0,1,0.0,-2.391999999999996,0.0,0.21052631578947367,evqa-pilot500/blip2-opt-2.7b;evqa-pilot500/instructblip-vicuna-7b;evqa-pilot500/llava-v1.5-7b;evqa-pilot500/minigpt-4-vicuna-7b;evqa-pilot500/paligemma-3b;evqa-pilot500/qwen2.5-vl-3b;evqa-pilot500/smolvlm-1.7b;mmke-entity/blip2-opt-2.7b;mmke-entity/instructblip-vicuna-7b;mmke-entity/minigpt-4-vicuna-7b;mmke-entity/paligemma-3b;mmke-entity/qwen2.5-vl-3b;mmke-entity/smolvlm-1.7b;mmke-visual/blip2-opt-2.7b;mmke-visual/instructblip-vicuna-7b;mmke-visual/llava-v1.5-7b;mmke-visual/minigpt-4-vicuna-7b;mmke-visual/paligemma-3b;mmke-visual/qwen2.5-vl-3b
recorded,power_a2_b0.5_g0,M_abscos_x_newn,3,16,False,21,72.9055,73.11925000000001,-0.2137500000000001,70.02454166666666,-0.18658333333333355,0,14,2,0,2,0.0,-2.3900000000000006,0.0,0.4375,evqa-pilot500/blip2-opt-2.7b;evqa-pilot500/instructblip-vicuna-7b;evqa-pilot500/minigpt-4-vicuna-7b;evqa-pilot500/paligemma-3b;evqa-pilot500/qwen2.5-vl-3b;evqa-pilot500/smolvlm-1.7b;mmke-entity/blip2-opt-2.7b;mmke-entity/instructblip-vicuna-7b;mmke-entity/paligemma-3b;mmke-entity/smolvlm-1.7b;mmke-visual/blip2-opt-2.7b;mmke-visual/instructblip-vicuna-7b;mmke-visual/llava-v1.5-7b;mmke-visual/minigpt-4-vicuna-7b;mmke-visual/paligemma-3b;mmke-visual/qwen2.5-vl-3b
recorded,power_a2_b0.5_g0,M_new_norm,1,18,False,21,70.26455555555556,70.209,0.05555555555555595,70.26455555555556,0.05555555555555595,3,13,2,2,1,0.0,-1.6219999999999999,1.730000000000004,0.2222222222222222,evqa-pilot500/blip2-opt-2.7b;evqa-pilot500/instructblip-vicuna-7b;evqa-pilot500/llava-v1.5-7b;evqa-pilot500/minigpt-4-vicuna-7b;evqa-pilot500/paligemma-3b;evqa-pilot500/qwen2.5-vl-3b;evqa-pilot500/smolvlm-1.7b;mmke-entity/blip2-opt-2.7b;mmke-entity/instructblip-vicuna-7b;mmke-entity/minigpt-4-vicuna-7b;mmke-entity/paligemma-3b;mmke-entity/qwen2.5-vl-3b;mmke-entity/smolvlm-1.7b;mmke-visual/blip2-opt-2.7b;mmke-visual/instructblip-vicuna-7b;mmke-visual/minigpt-4-vicuna-7b;mmke-visual/paligemma-3b;mmke-visual/qwen2.5-vl-3b
recorded,power_a2_b0.5_g0,M_new_norm,3,14,False,21,73.988,74.55714285714286,-0.5691428571428568,70.91033333333334,-0.31466666666666604,1,11,2,1,2,0.0,-7.194000000000003,0.8500000000000014,0.42857142857142855,evqa-pilot500/blip2-opt-2.7b;evqa-pilot500/minigpt-4-vicuna-7b;evqa-pilot500/paligemma-3b;evqa-pilot500/qwen2.5-vl-3b;evqa-pilot500/smolvlm-1.7b;mmke-entity/blip2-opt-2.7b;mmke-entity/instructblip-vicuna-7b;mmke-entity/paligemma-3b;mmke-entity/smolvlm-1.7b;mmke-visual/blip2-opt-2.7b;mmke-visual/instructblip-vicuna-7b;mmke-visual/minigpt-4-vicuna-7b;mmke-visual/paligemma-3b;mmke-visual/qwen2.5-vl-3b
recorded,power_a2_b0.5_g0.5,M_abscos_x_newn,1,16,False,21,67.826875,70.662,-2.8351249999999983,67.826875,-2.8351249999999983,4,7,5,2,5,0.0,-22.24000000000001,4.300000000000004,0.0625,evqa-pilot500/blip2-opt-2.7b;evqa-pilot500/instructblip-vicuna-7b;evqa-pilot500/llava-v1.5-7b;evqa-pilot500/minigpt-4-vicuna-7b;evqa-pilot500/paligemma-3b;evqa-pilot500/qwen2.5-vl-3b;mmke-entity/blip2-opt-2.7b;mmke-entity/instructblip-vicuna-7b;mmke-entity/minigpt-4-vicuna-7b;mmke-entity/paligemma-3b;mmke-visual/blip2-opt-2.7b;mmke-visual/instructblip-vicuna-7b;mmke-visual/llava-v1.5-7b;mmke-visual/minigpt-4-vicuna-7b;mmke-visual/paligemma-3b;mmke-visual/smolvlm-1.7b
recorded,power_a2_b0.5_g0.5,M_abscos_x_newn,3,10,False,21,73.4276,76.2872,-2.8596000000000013,71.42486666666666,-2.1759333333333357,1,4,5,1,4,-0.09000000000000341,-21.60000000000001,3.9540000000000006,0.2,evqa-pilot500/blip2-opt-2.7b;evqa-pilot500/paligemma-3b;evqa-pilot500/qwen2.5-vl-3b;mmke-entity/blip2-opt-2.7b;mmke-entity/instructblip-vicuna-7b;mmke-entity/paligemma-3b;mmke-visual/blip2-opt-2.7b;mmke-visual/minigpt-4-vicuna-7b;mmke-visual/paligemma-3b;mmke-visual/smolvlm-1.7b
recorded,power_a2_b0.5_g0.5,M_new_norm,1,15,False,21,67.2452,70.13613333333333,-2.8909333333333316,67.2452,-2.8909333333333316,5,4,6,4,5,0.0,-22.24000000000001,4.300000000000004,0.06666666666666667,evqa-pilot500/blip2-opt-2.7b;evqa-pilot500/instructblip-vicuna-7b;evqa-pilot500/llava-v1.5-7b;evqa-pilot500/minigpt-4-vicuna-7b;evqa-pilot500/paligemma-3b;evqa-pilot500/qwen2.5-vl-3b;mmke-entity/blip2-opt-2.7b;mmke-entity/instructblip-vicuna-7b;mmke-entity/minigpt-4-vicuna-7b;mmke-entity/paligemma-3b;mmke-visual/blip2-opt-2.7b;mmke-visual/instructblip-vicuna-7b;mmke-visual/minigpt-4-vicuna-7b;mmke-visual/paligemma-3b;mmke-visual/smolvlm-1.7b
recorded,power_a2_b0.5_g0.5,M_new_norm,3,10,False,21,73.4276,76.1256,-2.6980000000000004,71.42486666666666,-1.999533333333335,2,3,5,2,4,-0.09000000000000341,-21.60000000000001,3.9540000000000006,0.2,evqa-pilot500/blip2-opt-2.7b;evqa-pilot500/paligemma-3b;evqa-pilot500/qwen2.5-vl-3b;mmke-entity/blip2-opt-2.7b;mmke-entity/instructblip-vicuna-7b;mmke-entity/paligemma-3b;mmke-visual/blip2-opt-2.7b;mmke-visual/minigpt-4-vicuna-7b;mmke-visual/paligemma-3b;mmke-visual/smolvlm-1.7b
recorded,power_a2_b0.5_g1,M_abscos_x_newn,1,16,False,21,68.698625,71.431375,-2.7327499999999993,68.698625,-2.7327499999999993,5,6,5,2,5,0.0,-22.24000000000001,6.82,0.0625,evqa-pilot500/instructblip-vicuna-7b;evqa-pilot500/llava-v1.5-7b;evqa-pilot500/minigpt-4-vicuna-7b;evqa-pilot500/paligemma-3b;evqa-pilot500/qwen2.5-vl-3b;mmke-entity/blip2-opt-2.7b;mmke-entity/instructblip-vicuna-7b;mmke-entity/minigpt-4-vicuna-7b;mmke-entity/paligemma-3b;mmke-entity/smolvlm-1.7b;mmke-visual/blip2-opt-2.7b;mmke-visual/instructblip-vicuna-7b;mmke-visual/llava-v1.5-7b;mmke-visual/minigpt-4-vicuna-7b;mmke-visual/paligemma-3b;mmke-visual/smolvlm-1.7b
recorded,power_a2_b0.5_g1,M_abscos_x_newn,3,12,False,21,70.7945,75.526,-4.731500000000003,69.58655555555556,-3.1052222222222228,1,4,7,1,6,-0.3850000000000051,-21.60000000000001,0.8219999999999885,0.25,evqa-pilot500/instructblip-vicuna-7b;evqa-pilot500/paligemma-3b;evqa-pilot500/qwen2.5-vl-3b;mmke-entity/blip2-opt-2.7b;mmke-entity/instructblip-vicuna-7b;mmke-entity/paligemma-3b;mmke-visual/blip2-opt-2.7b;mmke-visual/instructblip-vicuna-7b;mmke-visual/llava-v1.5-7b;mmke-visual/minigpt-4-vicuna-7b;mmke-visual/paligemma-3b;mmke-visual/smolvlm-1.7b
recorded,power_a2_b0.5_g1,M_new_norm,1,15,False,21,68.17506666666667,70.9568,-2.781733333333333,68.17506666666667,-2.781733333333333,6,3,6,4,5,0.0,-22.24000000000001,6.82,0.06666666666666667,evqa-pilot500/instructblip-vicuna-7b;evqa-pilot500/llava-v1.5-7b;evqa-pilot500/minigpt-4-vicuna-7b;evqa-pilot500/paligemma-3b;evqa-pilot500/qwen2.5-vl-3b;mmke-entity/blip2-opt-2.7b;mmke-entity/instructblip-vicuna-7b;mmke-entity/minigpt-4-vicuna-7b;mmke-entity/paligemma-3b;mmke-entity/smolvlm-1.7b;mmke-visual/blip2-opt-2.7b;mmke-visual/instructblip-vicuna-7b;mmke-visual/minigpt-4-vicuna-7b;mmke-visual/paligemma-3b;mmke-visual/smolvlm-1.7b
recorded,power_a2_b0.5_g1,M_new_norm,3,10,False,21,72.2616,77.404,-5.142400000000001,70.8458,-3.4431333333333343,1,3,6,1,5,-0.3850000000000051,-21.60000000000001,0.8500000000000014,0.2,evqa-pilot500/paligemma-3b;evqa-pilot500/qwen2.5-vl-3b;mmke-entity/blip2-opt-2.7b;mmke-entity/instructblip-vicuna-7b;mmke-entity/paligemma-3b;mmke-visual/blip2-opt-2.7b;mmke-visual/instructblip-vicuna-7b;mmke-visual/minigpt-4-vicuna-7b;mmke-visual/paligemma-3b;mmke-visual/smolvlm-1.7b
recorded,power_a2_b0.5_g2,M_abscos_x_newn,1,16,False,21,68.735875,70.623875,-1.888,68.735875,-1.888,4,4,8,4,7,-0.015000000000000568,-22.24000000000001,14.88000000000001,0.125,evqa-pilot500/blip2-opt-2.7b;evqa-pilot500/instructblip-vicuna-7b;evqa-pilot500/minigpt-4-vicuna-7b;evqa-pilot500/paligemma-3b;evqa-pilot500/qwen2.5-vl-3b;evqa-pilot500/smolvlm-1.7b;mmke-entity/blip2-opt-2.7b;mmke-entity/instructblip-vicuna-7b;mmke-entity/paligemma-3b;mmke-entity/smolvlm-1.7b;mmke-visual/blip2-opt-2.7b;mmke-visual/instructblip-vicuna-7b;mmke-visual/minigpt-4-vicuna-7b;mmke-visual/paligemma-3b;mmke-visual/qwen2.5-vl-3b;mmke-visual/smolvlm-1.7b
recorded,power_a2_b0.5_g2,M_abscos_x_newn,3,13,False,21,72.19753846153846,75.06169230769231,-2.864153846153848,70.91758974358974,-1.247641025641027,3,2,8,3,7,-0.5,-21.60000000000001,16.685999999999993,0.23076923076923078,evqa-pilot500/blip2-opt-2.7b;evqa-pilot500/paligemma-3b;evqa-pilot500/qwen2.5-vl-3b;evqa-pilot500/smolvlm-1.7b;mmke-entity/blip2-opt-2.7b;mmke-entity/instructblip-vicuna-7b;mmke-entity/paligemma-3b;mmke-entity/smolvlm-1.7b;mmke-visual/instructblip-vicuna-7b;mmke-visual/minigpt-4-vicuna-7b;mmke-visual/paligemma-3b;mmke-visual/qwen2.5-vl-3b;mmke-visual/smolvlm-1.7b
recorded,power_a2_b0.5_g2,M_new_norm,1,16,False,21,68.735875,70.442375,-1.7064999999999997,68.735875,-1.7064999999999997,6,1,9,6,7,-0.23799999999999955,-22.24000000000001,14.88000000000001,0.125,evqa-pilot500/blip2-opt-2.7b;evqa-pilot500/instructblip-vicuna-7b;evqa-pilot500/minigpt-4-vicuna-7b;evqa-pilot500/paligemma-3b;evqa-pilot500/qwen2.5-vl-3b;evqa-pilot500/smolvlm-1.7b;mmke-entity/blip2-opt-2.7b;mmke-entity/instructblip-vicuna-7b;mmke-entity/paligemma-3b;mmke-entity/smolvlm-1.7b;mmke-visual/blip2-opt-2.7b;mmke-visual/instructblip-vicuna-7b;mmke-visual/minigpt-4-vicuna-7b;mmke-visual/paligemma-3b;mmke-visual/qwen2.5-vl-3b;mmke-visual/smolvlm-1.7b
recorded,power_a2_b0.5_g2,M_new_norm,3,13,False,21,72.19753846153846,74.93738461538462,-2.739846153846155,70.91758974358974,-1.1119487179487186,4,1,8,4,7,-0.5,-21.60000000000001,16.685999999999993,0.23076923076923078,evqa-pilot500/blip2-opt-2.7b;evqa-pilot500/paligemma-3b;evqa-pilot500/qwen2.5-vl-3b;evqa-pilot500/smolvlm-1.7b;mmke-entity/blip2-opt-2.7b;mmke-entity/instructblip-vicuna-7b;mmke-entity/paligemma-3b;mmke-entity/smolvlm-1.7b;mmke-visual/instructblip-vicuna-7b;mmke-visual/minigpt-4-vicuna-7b;mmke-visual/paligemma-3b;mmke-visual/qwen2.5-vl-3b;mmke-visual/smolvlm-1.7b
recorded,power_a2_b1_g-1,M_abscos_x_newn,1,18,False,21,64.456,68.7178888888889,-4.2618888888888895,64.456,-4.2618888888888895,1,10,7,1,6,0.0,-70.81,1.0100000000000051,0.16666666666666666,evqa-pilot500/blip2-opt-2.7b;evqa-pilot500/instructblip-vicuna-7b;evqa-pilot500/llava-v1.5-7b;evqa-pilot500/minigpt-4-vicuna-7b;evqa-pilot500/qwen2.5-vl-3b;evqa-pilot500/smolvlm-1.7b;mmke-entity/blip2-opt-2.7b;mmke-entity/instructblip-vicuna-7b;mmke-entity/minigpt-4-vicuna-7b;mmke-entity/paligemma-3b;mmke-entity/qwen2.5-vl-3b;mmke-entity/smolvlm-1.7b;mmke-visual/blip2-opt-2.7b;mmke-visual/instructblip-vicuna-7b;mmke-visual/llava-v1.5-7b;mmke-visual/minigpt-4-vicuna-7b;mmke-visual/qwen2.5-vl-3b;mmke-visual/smolvlm-1.7b
recorded,power_a2_b1_g-1,M_abscos_x_newn,3,17,False,21,71.1470588235294,70.87305882352942,0.2739999999999988,67.17949019607843,-1.3615686274509813,2,12,3,2,2,0.0,-0.8500000000000014,6.1640000000000015,0.35294117647058826,evqa-pilot500/blip2-opt-2.7b;evqa-pilot500/instructblip-vicuna-7b;evqa-pilot500/minigpt-4-vicuna-7b;evqa-pilot500/qwen2.5-vl-3b;evqa-pilot500/smolvlm-1.7b;mmke-entity/blip2-opt-2.7b;mmke-entity/instructblip-vicuna-7b;mmke-entity/minigpt-4-vicuna-7b;mmke-entity/paligemma-3b;mmke-entity/qwen2.5-vl-3b;mmke-entity/smolvlm-1.7b;mmke-visual/blip2-opt-2.7b;mmke-visual/instructblip-vicuna-7b;mmke-visual/llava-v1.5-7b;mmke-visual/minigpt-4-vicuna-7b;mmke-visual/qwen2.5-vl-3b;mmke-visual/smolvlm-1.7b
recorded,power_a2_b1_g-1,M_new_norm,1,17,False,21,63.826470588235296,68.11329411764706,-4.286823529411765,63.826470588235296,-4.286823529411765,1,13,3,1,3,0.0,-70.81,1.0100000000000051,0.17647058823529413,evqa-pilot500/blip2-opt-2.7b;evqa-pilot500/instructblip-vicuna-7b;evqa-pilot500/llava-v1.5-7b;evqa-pilot500/minigpt-4-vicuna-7b;evqa-pilot500/qwen2.5-vl-3b;evqa-pilot500/smolvlm-1.7b;mmke-entity/blip2-opt-2.7b;mmke-entity/instructblip-vicuna-7b;mmke-entity/minigpt-4-vicuna-7b;mmke-entity/paligemma-3b;mmke-entity/qwen2.5-vl-3b;mmke-entity/smolvlm-1.7b;mmke-visual/blip2-opt-2.7b;mmke-visual/instructblip-vicuna-7b;mmke-visual/minigpt-4-vicuna-7b;mmke-visual/qwen2.5-vl-3b;mmke-visual/smolvlm-1.7b
recorded,power_a2_b1_g-1,M_new_norm,3,15,False,21,71.88293333333334,71.88293333333334,0.0,67.59764444444444,-1.6373333333333335,0,15,0,0,0,0.0,0.0,0.0,0.3333333333333333,evqa-pilot500/blip2-opt-2.7b;evqa-pilot500/minigpt-4-vicuna-7b;evqa-pilot500/qwen2.5-vl-3b;evqa-pilot500/smolvlm-1.7b;mmke-entity/blip2-opt-2.7b;mmke-entity/instructblip-vicuna-7b;mmke-entity/minigpt-4-vicuna-7b;mmke-entity/paligemma-3b;mmke-entity/qwen2.5-vl-3b;mmke-entity/smolvlm-1.7b;mmke-visual/blip2-opt-2.7b;mmke-visual/instructblip-vicuna-7b;mmke-visual/minigpt-4-vicuna-7b;mmke-visual/qwen2.5-vl-3b;mmke-visual/smolvlm-1.7b
recorded,power_a2_b1_g0,M_abscos_x_newn,1,20,False,21,70.6836,70.6836,0.0,70.6836,0.0,0,20,0,0,0,0.0,0.0,0.0,0.25,evqa-pilot500/blip2-opt-2.7b;evqa-pilot500/instructblip-vicuna-7b;evqa-pilot500/llava-v1.5-7b;evqa-pilot500/minigpt-4-vicuna-7b;evqa-pilot500/paligemma-3b;evqa-pilot500/qwen2.5-vl-3b;evqa-pilot500/smolvlm-1.7b;mmke-entity/blip2-opt-2.7b;mmke-entity/instructblip-vicuna-7b;mmke-entity/minigpt-4-vicuna-7b;mmke-entity/paligemma-3b;mmke-entity/qwen2.5-vl-3b;mmke-entity/smolvlm-1.7b;mmke-visual/blip2-opt-2.7b;mmke-visual/instructblip-vicuna-7b;mmke-visual/llava-v1.5-7b;mmke-visual/minigpt-4-vicuna-7b;mmke-visual/paligemma-3b;mmke-visual/qwen2.5-vl-3b;mmke-visual/smolvlm-1.7b
recorded,power_a2_b1_g0,M_abscos_x_newn,3,19,False,21,73.16778947368421,73.13621052631579,0.031578947368420755,70.65378947368421,0.020105263157895,1,18,0,1,0,0.0,0.0,0.5999999999999943,0.42105263157894735,evqa-pilot500/blip2-opt-2.7b;evqa-pilot500/instructblip-vicuna-7b;evqa-pilot500/minigpt-4-vicuna-7b;evqa-pilot500/paligemma-3b;evqa-pilot500/qwen2.5-vl-3b;evqa-pilot500/smolvlm-1.7b;mmke-entity/blip2-opt-2.7b;mmke-entity/instructblip-vicuna-7b;mmke-entity/minigpt-4-vicuna-7b;mmke-entity/paligemma-3b;mmke-entity/qwen2.5-vl-3b;mmke-entity/smolvlm-1.7b;mmke-visual/blip2-opt-2.7b;mmke-visual/instructblip-vicuna-7b;mmke-visual/llava-v1.5-7b;mmke-visual/minigpt-4-vicuna-7b;mmke-visual/paligemma-3b;mmke-visual/qwen2.5-vl-3b;mmke-visual/smolvlm-1.7b
recorded,power_a2_b1_g0,M_new_norm,1,19,False,21,70.4481052631579,70.26957894736842,0.17852631578947384,70.4481052631579,0.17852631578947384,4,14,1,3,0,0.0,-0.44599999999999795,1.730000000000004,0.2631578947368421,evqa-pilot500/blip2-opt-2.7b;evqa-pilot500/instructblip-vicuna-7b;evqa-pilot500/llava-v1.5-7b;evqa-pilot500/minigpt-4-vicuna-7b;evqa-pilot500/paligemma-3b;evqa-pilot500/qwen2.5-vl-3b;evqa-pilot500/smolvlm-1.7b;mmke-entity/blip2-opt-2.7b;mmke-entity/instructblip-vicuna-7b;mmke-entity/minigpt-4-vicuna-7b;mmke-entity/paligemma-3b;mmke-entity/qwen2.5-vl-3b;mmke-entity/smolvlm-1.7b;mmke-visual/blip2-opt-2.7b;mmke-visual/instructblip-vicuna-7b;mmke-visual/minigpt-4-vicuna-7b;mmke-visual/paligemma-3b;mmke-visual/qwen2.5-vl-3b;mmke-visual/smolvlm-1.7b
recorded,power_a2_b1_g0,M_new_norm,3,17,False,21,74.05482352941176,74.29352941176471,-0.23870588235294032,71.43482352941177,-0.05733333333333235,3,13,1,2,1,0.0,-6.1640000000000015,0.8500000000000014,0.4117647058823529,evqa-pilot500/blip2-opt-2.7b;evqa-pilot500/minigpt-4-vicuna-7b;evqa-pilot500/paligemma-3b;evqa-pilot500/qwen2.5-vl-3b;evqa-pilot500/smolvlm-1.7b;mmke-entity/blip2-opt-2.7b;mmke-entity/instructblip-vicuna-7b;mmke-entity/minigpt-4-vicuna-7b;mmke-entity/paligemma-3b;mmke-entity/qwen2.5-vl-3b;mmke-entity/smolvlm-1.7b;mmke-visual/blip2-opt-2.7b;mmke-visual/instructblip-vicuna-7b;mmke-visual/minigpt-4-vicuna-7b;mmke-visual/paligemma-3b;mmke-visual/qwen2.5-vl-3b;mmke-visual/smolvlm-1.7b
recorded,power_a2_b1_g0.5,M_abscos_x_newn,1,15,False,21,70.71106666666667,72.38626666666667,-1.6751999999999991,70.71106666666667,-1.6751999999999991,2,9,4,2,4,0.0,-20.540000000000006,1.3940000000000055,0.06666666666666667,evqa-pilot500/blip2-opt-2.7b;evqa-pilot500/minigpt-4-vicuna-7b;evqa-pilot500/paligemma-3b;evqa-pilot500/qwen2.5-vl-3b;evqa-pilot500/smolvlm-1.7b;mmke-entity/blip2-opt-2.7b;mmke-entity/instructblip-vicuna-7b;mmke-entity/minigpt-4-vicuna-7b;mmke-entity/paligemma-3b;mmke-entity/smolvlm-1.7b;mmke-visual/blip2-opt-2.7b;mmke-visual/llava-v1.5-7b;mmke-visual/minigpt-4-vicuna-7b;mmke-visual/paligemma-3b;mmke-visual/smolvlm-1.7b
recorded,power_a2_b1_g0.5,M_abscos_x_newn,3,9,False,21,76.91177777777777,77.59688888888888,-0.6851111111111116,75.166,-0.23496296296296432,1,5,3,1,2,0.0,-7.549999999999997,3.9540000000000006,0.2222222222222222,evqa-pilot500/blip2-opt-2.7b;evqa-pilot500/paligemma-3b;evqa-pilot500/qwen2.5-vl-3b;mmke-entity/blip2-opt-2.7b;mmke-entity/minigpt-4-vicuna-7b;mmke-entity/paligemma-3b;mmke-visual/blip2-opt-2.7b;mmke-visual/minigpt-4-vicuna-7b;mmke-visual/paligemma-3b
recorded,power_a2_b1_g0.5,M_new_norm,1,14,False,21,70.29385714285715,71.946,-1.6521428571428562,70.29385714285715,-1.6521428571428562,4,5,5,3,4,0.0,-20.540000000000006,1.730000000000004,0.07142857142857142,evqa-pilot500/blip2-opt-2.7b;evqa-pilot500/minigpt-4-vicuna-7b;evqa-pilot500/paligemma-3b;evqa-pilot500/qwen2.5-vl-3b;evqa-pilot500/smolvlm-1.7b;mmke-entity/blip2-opt-2.7b;mmke-entity/instructblip-vicuna-7b;mmke-entity/minigpt-4-vicuna-7b;mmke-entity/paligemma-3b;mmke-entity/smolvlm-1.7b;mmke-visual/blip2-opt-2.7b;mmke-visual/minigpt-4-vicuna-7b;mmke-visual/paligemma-3b;mmke-visual/smolvlm-1.7b
recorded,power_a2_b1_g0.5,M_new_norm,3,9,False,21,76.91177777777777,77.36288888888889,-0.4511111111111098,75.166,0.010518518518518741,3,3,3,2,2,0.0,-7.549999999999997,3.9540000000000006,0.2222222222222222,evqa-pilot500/blip2-opt-2.7b;evqa-pilot500/paligemma-3b;evqa-pilot500/qwen2.5-vl-3b;mmke-entity/blip2-opt-2.7b;mmke-entity/minigpt-4-vicuna-7b;mmke-entity/paligemma-3b;mmke-visual/blip2-opt-2.7b;mmke-visual/minigpt-4-vicuna-7b;mmke-visual/paligemma-3b
recorded,power_a2_b1_g1,M_abscos_x_newn,1,17,False,21,68.87941176470588,70.62129411764705,-1.7418823529411758,68.87941176470588,-1.7418823529411758,4,7,6,3,6,0.0,-20.540000000000006,14.930000000000007,0.058823529411764705,evqa-pilot500/blip2-opt-2.7b;evqa-pilot500/instructblip-vicuna-7b;evqa-pilot500/llava-v1.5-7b;evqa-pilot500/minigpt-4-vicuna-7b;evqa-pilot500/paligemma-3b;evqa-pilot500/qwen2.5-vl-3b;evqa-pilot500/smolvlm-1.7b;mmke-entity/blip2-opt-2.7b;mmke-entity/instructblip-vicuna-7b;mmke-entity/minigpt-4-vicuna-7b;mmke-entity/paligemma-3b;mmke-visual/blip2-opt-2.7b;mmke-visual/instructblip-vicuna-7b;mmke-visual/llava-v1.5-7b;mmke-visual/minigpt-4-vicuna-7b;mmke-visual/paligemma-3b;mmke-visual/smolvlm-1.7b
recorded,power_a2_b1_g1,M_abscos_x_newn,3,10,False,21,75.0084,78.0552,-3.046800000000002,73.5738,-2.033333333333334,1,4,5,1,4,-0.09000000000000341,-20.340000000000003,0.8219999999999885,0.3,evqa-pilot500/paligemma-3b;evqa-pilot500/qwen2.5-vl-3b;mmke-entity/blip2-opt-2.7b;mmke-entity/instructblip-vicuna-7b;mmke-entity/paligemma-3b;mmke-visual/blip2-opt-2.7b;mmke-visual/llava-v1.5-7b;mmke-visual/minigpt-4-vicuna-7b;mmke-visual/paligemma-3b;mmke-visual/smolvlm-1.7b
recorded,power_a2_b1_g1,M_new_norm,1,16,False,21,68.399875,70.12575,-1.7258749999999994,68.399875,-1.7258749999999994,6,3,7,4,6,0.0,-20.540000000000006,14.930000000000007,0.0625,evqa-pilot500/blip2-opt-2.7b;evqa-pilot500/instructblip-vicuna-7b;evqa-pilot500/llava-v1.5-7b;evqa-pilot500/minigpt-4-vicuna-7b;evqa-pilot500/paligemma-3b;evqa-pilot500/qwen2.5-vl-3b;evqa-pilot500/smolvlm-1.7b;mmke-entity/blip2-opt-2.7b;mmke-entity/instructblip-vicuna-7b;mmke-entity/minigpt-4-vicuna-7b;mmke-entity/paligemma-3b;mmke-visual/blip2-opt-2.7b;mmke-visual/instructblip-vicuna-7b;mmke-visual/minigpt-4-vicuna-7b;mmke-visual/paligemma-3b;mmke-visual/smolvlm-1.7b
recorded,power_a2_b1_g1,M_new_norm,3,9,False,21,74.78622222222222,78.08333333333333,-3.297111111111111,73.21274074074074,-2.192370370370371,1,3,5,1,4,-0.18000000000000682,-20.340000000000003,0.8500000000000014,0.2222222222222222,evqa-pilot500/paligemma-3b;evqa-pilot500/qwen2.5-vl-3b;mmke-entity/blip2-opt-2.7b;mmke-entity/instructblip-vicuna-7b;mmke-entity/paligemma-3b;mmke-visual/blip2-opt-2.7b;mmke-visual/minigpt-4-vicuna-7b;mmke-visual/paligemma-3b;mmke-visual/smolvlm-1.7b
recorded,power_a2_b1_g2,M_abscos_x_newn,1,17,False,21,70.38411764705883,71.58894117647058,-1.2048235294117642,70.38411764705883,-1.2048235294117642,7,5,5,5,5,0.0,-22.24000000000001,14.88000000000001,0.11764705882352941,evqa-pilot500/blip2-opt-2.7b;evqa-pilot500/llava-v1.5-7b;evqa-pilot500/minigpt-4-vicuna-7b;evqa-pilot500/paligemma-3b;evqa-pilot500/qwen2.5-vl-3b;mmke-entity/blip2-opt-2.7b;mmke-entity/instructblip-vicuna-7b;mmke-entity/minigpt-4-vicuna-7b;mmke-entity/paligemma-3b;mmke-entity/smolvlm-1.7b;mmke-visual/blip2-opt-2.7b;mmke-visual/instructblip-vicuna-7b;mmke-visual/llava-v1.5-7b;mmke-visual/minigpt-4-vicuna-7b;mmke-visual/paligemma-3b;mmke-visual/qwen2.5-vl-3b;mmke-visual/smolvlm-1.7b
recorded,power_a2_b1_g2,M_abscos_x_newn,3,9,False,21,75.25488888888889,77.00022222222222,-1.7453333333333363,73.88303703703704,-0.4167407407407432,1,3,5,1,4,-0.26400000000001,-21.60000000000001,16.685999999999993,0.1111111111111111,evqa-pilot500/blip2-opt-2.7b;evqa-pilot500/paligemma-3b;evqa-pilot500/qwen2.5-vl-3b;mmke-entity/blip2-opt-2.7b;mmke-entity/instructblip-vicuna-7b;mmke-entity/paligemma-3b;mmke-visual/minigpt-4-vicuna-7b;mmke-visual/paligemma-3b;mmke-visual/smolvlm-1.7b
recorded,power_a2_b1_g2,M_new_norm,1,16,False,21,69.97625000000001,71.153875,-1.177624999999999,69.97625000000001,-1.177624999999999,9,1,6,6,5,0.08099999999999952,-22.24000000000001,14.88000000000001,0.125,evqa-pilot500/blip2-opt-2.7b;evqa-pilot500/llava-v1.5-7b;evqa-pilot500/minigpt-4-vicuna-7b;evqa-pilot500/paligemma-3b;evqa-pilot500/qwen2.5-vl-3b;mmke-entity/blip2-opt-2.7b;mmke-entity/instructblip-vicuna-7b;mmke-entity/minigpt-4-vicuna-7b;mmke-entity/paligemma-3b;mmke-entity/smolvlm-1.7b;mmke-visual/blip2-opt-2.7b;mmke-visual/instructblip-vicuna-7b;mmke-visual/minigpt-4-vicuna-7b;mmke-visual/paligemma-3b;mmke-visual/qwen2.5-vl-3b;mmke-visual/smolvlm-1.7b
recorded,power_a2_b1_g2,M_new_norm,3,9,False,21,75.25488888888889,76.82066666666667,-1.56577777777778,73.88303703703704,-0.2207407407407421,2,2,5,2,4,-0.26400000000001,-21.60000000000001,16.685999999999993,0.1111111111111111,evqa-pilot500/blip2-opt-2.7b;evqa-pilot500/paligemma-3b;evqa-pilot500/qwen2.5-vl-3b;mmke-entity/blip2-opt-2.7b;mmke-entity/instructblip-vicuna-7b;mmke-entity/paligemma-3b;mmke-visual/minigpt-4-vicuna-7b;mmke-visual/paligemma-3b;mmke-visual/smolvlm-1.7b
recorded,soft_direction_0.25,M_abscos_x_newn,1,19,False,21,70.26957894736842,70.4481052631579,-0.17852631578947384,70.26957894736842,-0.17852631578947384,1,14,4,0,3,0.0,-1.730000000000004,0.44599999999999795,0.21052631578947367,evqa-pilot500/blip2-opt-2.7b;evqa-pilot500/instructblip-vicuna-7b;evqa-pilot500/llava-v1.5-7b;evqa-pilot500/minigpt-4-vicuna-7b;evqa-pilot500/paligemma-3b;evqa-pilot500/qwen2.5-vl-3b;evqa-pilot500/smolvlm-1.7b;mmke-entity/blip2-opt-2.7b;mmke-entity/instructblip-vicuna-7b;mmke-entity/minigpt-4-vicuna-7b;mmke-entity/paligemma-3b;mmke-entity/qwen2.5-vl-3b;mmke-entity/smolvlm-1.7b;mmke-visual/blip2-opt-2.7b;mmke-visual/instructblip-vicuna-7b;mmke-visual/minigpt-4-vicuna-7b;mmke-visual/paligemma-3b;mmke-visual/qwen2.5-vl-3b;mmke-visual/smolvlm-1.7b
recorded,soft_direction_0.25,M_abscos_x_newn,3,18,False,21,73.19222222222223,72.96677777777778,0.22544444444444364,70.40851851851852,0.05414814814814722,1,14,3,1,2,0.0,-0.8500000000000014,6.1640000000000015,0.3888888888888889,evqa-pilot500/blip2-opt-2.7b;evqa-pilot500/instructblip-vicuna-7b;evqa-pilot500/minigpt-4-vicuna-7b;evqa-pilot500/paligemma-3b;evqa-pilot500/qwen2.5-vl-3b;evqa-pilot500/smolvlm-1.7b;mmke-entity/blip2-opt-2.7b;mmke-entity/instructblip-vicuna-7b;mmke-entity/minigpt-4-vicuna-7b;mmke-entity/paligemma-3b;mmke-entity/qwen2.5-vl-3b;mmke-entity/smolvlm-1.7b;mmke-visual/blip2-opt-2.7b;mmke-visual/instructblip-vicuna-7b;mmke-visual/minigpt-4-vicuna-7b;mmke-visual/paligemma-3b;mmke-visual/qwen2.5-vl-3b;mmke-visual/smolvlm-1.7b
recorded,soft_direction_0.25,M_new_norm,1,19,False,21,70.26957894736842,70.26957894736842,0.0,70.26957894736842,0.0,0,19,0,0,0,0.0,0.0,0.0,0.21052631578947367,evqa-pilot500/blip2-opt-2.7b;evqa-pilot500/instructblip-vicuna-7b;evqa-pilot500/llava-v1.5-7b;evqa-pilot500/minigpt-4-vicuna-7b;evqa-pilot500/paligemma-3b;evqa-pilot500/qwen2.5-vl-3b;evqa-pilot500/smolvlm-1.7b;mmke-entity/blip2-opt-2.7b;mmke-entity/instructblip-vicuna-7b;mmke-entity/minigpt-4-vicuna-7b;mmke-entity/paligemma-3b;mmke-entity/qwen2.5-vl-3b;mmke-entity/smolvlm-1.7b;mmke-visual/blip2-opt-2.7b;mmke-visual/instructblip-vicuna-7b;mmke-visual/minigpt-4-vicuna-7b;mmke-visual/paligemma-3b;mmke-visual/qwen2.5-vl-3b;mmke-visual/smolvlm-1.7b
recorded,soft_direction_0.25,M_new_norm,3,17,False,21,74.29352941176471,74.29352941176471,0.0,71.4921568627451,0.0,0,17,0,0,0,0.0,0.0,0.0,0.35294117647058826,evqa-pilot500/blip2-opt-2.7b;evqa-pilot500/minigpt-4-vicuna-7b;evqa-pilot500/paligemma-3b;evqa-pilot500/qwen2.5-vl-3b;evqa-pilot500/smolvlm-1.7b;mmke-entity/blip2-opt-2.7b;mmke-entity/instructblip-vicuna-7b;mmke-entity/minigpt-4-vicuna-7b;mmke-entity/paligemma-3b;mmke-entity/qwen2.5-vl-3b;mmke-entity/smolvlm-1.7b;mmke-visual/blip2-opt-2.7b;mmke-visual/instructblip-vicuna-7b;mmke-visual/minigpt-4-vicuna-7b;mmke-visual/paligemma-3b;mmke-visual/qwen2.5-vl-3b;mmke-visual/smolvlm-1.7b
recorded,soft_direction_0.5,M_abscos_x_newn,1,19,False,21,70.26957894736842,70.4481052631579,-0.17852631578947384,70.26957894736842,-0.17852631578947384,1,14,4,0,3,0.0,-1.730000000000004,0.44599999999999795,0.21052631578947367,evqa-pilot500/blip2-opt-2.7b;evqa-pilot500/instructblip-vicuna-7b;evqa-pilot500/llava-v1.5-7b;evqa-pilot500/minigpt-4-vicuna-7b;evqa-pilot500/paligemma-3b;evqa-pilot500/qwen2.5-vl-3b;evqa-pilot500/smolvlm-1.7b;mmke-entity/blip2-opt-2.7b;mmke-entity/instructblip-vicuna-7b;mmke-entity/minigpt-4-vicuna-7b;mmke-entity/paligemma-3b;mmke-entity/qwen2.5-vl-3b;mmke-entity/smolvlm-1.7b;mmke-visual/blip2-opt-2.7b;mmke-visual/instructblip-vicuna-7b;mmke-visual/minigpt-4-vicuna-7b;mmke-visual/paligemma-3b;mmke-visual/qwen2.5-vl-3b;mmke-visual/smolvlm-1.7b
recorded,soft_direction_0.5,M_abscos_x_newn,3,18,False,21,73.19222222222223,72.96677777777778,0.22544444444444364,70.40851851851852,0.05414814814814722,1,14,3,1,2,0.0,-0.8500000000000014,6.1640000000000015,0.3888888888888889,evqa-pilot500/blip2-opt-2.7b;evqa-pilot500/instructblip-vicuna-7b;evqa-pilot500/minigpt-4-vicuna-7b;evqa-pilot500/paligemma-3b;evqa-pilot500/qwen2.5-vl-3b;evqa-pilot500/smolvlm-1.7b;mmke-entity/blip2-opt-2.7b;mmke-entity/instructblip-vicuna-7b;mmke-entity/minigpt-4-vicuna-7b;mmke-entity/paligemma-3b;mmke-entity/qwen2.5-vl-3b;mmke-entity/smolvlm-1.7b;mmke-visual/blip2-opt-2.7b;mmke-visual/instructblip-vicuna-7b;mmke-visual/minigpt-4-vicuna-7b;mmke-visual/paligemma-3b;mmke-visual/qwen2.5-vl-3b;mmke-visual/smolvlm-1.7b
recorded,soft_direction_0.5,M_new_norm,1,19,False,21,70.26957894736842,70.26957894736842,0.0,70.26957894736842,0.0,0,19,0,0,0,0.0,0.0,0.0,0.21052631578947367,evqa-pilot500/blip2-opt-2.7b;evqa-pilot500/instructblip-vicuna-7b;evqa-pilot500/llava-v1.5-7b;evqa-pilot500/minigpt-4-vicuna-7b;evqa-pilot500/paligemma-3b;evqa-pilot500/qwen2.5-vl-3b;evqa-pilot500/smolvlm-1.7b;mmke-entity/blip2-opt-2.7b;mmke-entity/instructblip-vicuna-7b;mmke-entity/minigpt-4-vicuna-7b;mmke-entity/paligemma-3b;mmke-entity/qwen2.5-vl-3b;mmke-entity/smolvlm-1.7b;mmke-visual/blip2-opt-2.7b;mmke-visual/instructblip-vicuna-7b;mmke-visual/minigpt-4-vicuna-7b;mmke-visual/paligemma-3b;mmke-visual/qwen2.5-vl-3b;mmke-visual/smolvlm-1.7b
recorded,soft_direction_0.5,M_new_norm,3,17,False,21,74.29352941176471,74.29352941176471,0.0,71.4921568627451,0.0,0,17,0,0,0,0.0,0.0,0.0,0.35294117647058826,evqa-pilot500/blip2-opt-2.7b;evqa-pilot500/minigpt-4-vicuna-7b;evqa-pilot500/paligemma-3b;evqa-pilot500/qwen2.5-vl-3b;evqa-pilot500/smolvlm-1.7b;mmke-entity/blip2-opt-2.7b;mmke-entity/instructblip-vicuna-7b;mmke-entity/minigpt-4-vicuna-7b;mmke-entity/paligemma-3b;mmke-entity/qwen2.5-vl-3b;mmke-entity/smolvlm-1.7b;mmke-visual/blip2-opt-2.7b;mmke-visual/instructblip-vicuna-7b;mmke-visual/minigpt-4-vicuna-7b;mmke-visual/paligemma-3b;mmke-visual/qwen2.5-vl-3b;mmke-visual/smolvlm-1.7b
recorded,soft_direction_1,M_abscos_x_newn,1,20,False,21,70.4917,70.6836,-0.19190000000000004,70.4917,-0.19190000000000004,0,16,4,0,3,0.0,-1.730000000000004,0.0,0.2,evqa-pilot500/blip2-opt-2.7b;evqa-pilot500/instructblip-vicuna-7b;evqa-pilot500/llava-v1.5-7b;evqa-pilot500/minigpt-4-vicuna-7b;evqa-pilot500/paligemma-3b;evqa-pilot500/qwen2.5-vl-3b;evqa-pilot500/smolvlm-1.7b;mmke-entity/blip2-opt-2.7b;mmke-entity/instructblip-vicuna-7b;mmke-entity/minigpt-4-vicuna-7b;mmke-entity/paligemma-3b;mmke-entity/qwen2.5-vl-3b;mmke-entity/smolvlm-1.7b;mmke-visual/blip2-opt-2.7b;mmke-visual/instructblip-vicuna-7b;mmke-visual/llava-v1.5-7b;mmke-visual/minigpt-4-vicuna-7b;mmke-visual/paligemma-3b;mmke-visual/qwen2.5-vl-3b;mmke-visual/smolvlm-1.7b
recorded,soft_direction_1,M_abscos_x_newn,3,18,False,21,73.19222222222223,72.96677777777778,0.22544444444444364,70.40851851851852,0.05414814814814722,1,14,3,1,2,0.0,-0.8500000000000014,6.1640000000000015,0.3888888888888889,evqa-pilot500/blip2-opt-2.7b;evqa-pilot500/instructblip-vicuna-7b;evqa-pilot500/minigpt-4-vicuna-7b;evqa-pilot500/paligemma-3b;evqa-pilot500/qwen2.5-vl-3b;evqa-pilot500/smolvlm-1.7b;mmke-entity/blip2-opt-2.7b;mmke-entity/instructblip-vicuna-7b;mmke-entity/minigpt-4-vicuna-7b;mmke-entity/paligemma-3b;mmke-entity/qwen2.5-vl-3b;mmke-entity/smolvlm-1.7b;mmke-visual/blip2-opt-2.7b;mmke-visual/instructblip-vicuna-7b;mmke-visual/minigpt-4-vicuna-7b;mmke-visual/paligemma-3b;mmke-visual/qwen2.5-vl-3b;mmke-visual/smolvlm-1.7b
recorded,soft_direction_1,M_new_norm,1,19,False,21,70.2461052631579,70.26957894736842,-0.02347368421052621,70.2461052631579,-0.02347368421052621,0,18,1,0,0,0.0,-0.44599999999999795,0.0,0.21052631578947367,evqa-pilot500/blip2-opt-2.7b;evqa-pilot500/instructblip-vicuna-7b;evqa-pilot500/llava-v1.5-7b;evqa-pilot500/minigpt-4-vicuna-7b;evqa-pilot500/paligemma-3b;evqa-pilot500/qwen2.5-vl-3b;evqa-pilot500/smolvlm-1.7b;mmke-entity/blip2-opt-2.7b;mmke-entity/instructblip-vicuna-7b;mmke-entity/minigpt-4-vicuna-7b;mmke-entity/paligemma-3b;mmke-entity/qwen2.5-vl-3b;mmke-entity/smolvlm-1.7b;mmke-visual/blip2-opt-2.7b;mmke-visual/instructblip-vicuna-7b;mmke-visual/minigpt-4-vicuna-7b;mmke-visual/paligemma-3b;mmke-visual/qwen2.5-vl-3b;mmke-visual/smolvlm-1.7b
recorded,soft_direction_1,M_new_norm,3,17,False,21,74.29352941176471,74.29352941176471,0.0,71.4921568627451,0.0,0,17,0,0,0,0.0,0.0,0.0,0.35294117647058826,evqa-pilot500/blip2-opt-2.7b;evqa-pilot500/minigpt-4-vicuna-7b;evqa-pilot500/paligemma-3b;evqa-pilot500/qwen2.5-vl-3b;evqa-pilot500/smolvlm-1.7b;mmke-entity/blip2-opt-2.7b;mmke-entity/instructblip-vicuna-7b;mmke-entity/minigpt-4-vicuna-7b;mmke-entity/paligemma-3b;mmke-entity/qwen2.5-vl-3b;mmke-entity/smolvlm-1.7b;mmke-visual/blip2-opt-2.7b;mmke-visual/instructblip-vicuna-7b;mmke-visual/minigpt-4-vicuna-7b;mmke-visual/paligemma-3b;mmke-visual/qwen2.5-vl-3b;mmke-visual/smolvlm-1.7b
recorded,soft_direction_2,M_abscos_x_newn,1,20,False,21,70.4917,70.6836,-0.19190000000000004,70.4917,-0.19190000000000004,0,16,4,0,3,0.0,-1.730000000000004,0.0,0.2,evqa-pilot500/blip2-opt-2.7b;evqa-pilot500/instructblip-vicuna-7b;evqa-pilot500/llava-v1.5-7b;evqa-pilot500/minigpt-4-vicuna-7b;evqa-pilot500/paligemma-3b;evqa-pilot500/qwen2.5-vl-3b;evqa-pilot500/smolvlm-1.7b;mmke-entity/blip2-opt-2.7b;mmke-entity/instructblip-vicuna-7b;mmke-entity/minigpt-4-vicuna-7b;mmke-entity/paligemma-3b;mmke-entity/qwen2.5-vl-3b;mmke-entity/smolvlm-1.7b;mmke-visual/blip2-opt-2.7b;mmke-visual/instructblip-vicuna-7b;mmke-visual/llava-v1.5-7b;mmke-visual/minigpt-4-vicuna-7b;mmke-visual/paligemma-3b;mmke-visual/qwen2.5-vl-3b;mmke-visual/smolvlm-1.7b
recorded,soft_direction_2,M_abscos_x_newn,3,18,False,21,73.19222222222223,72.96677777777778,0.22544444444444364,70.40851851851852,0.05414814814814722,1,14,3,1,2,0.0,-0.8500000000000014,6.1640000000000015,0.3888888888888889,evqa-pilot500/blip2-opt-2.7b;evqa-pilot500/instructblip-vicuna-7b;evqa-pilot500/minigpt-4-vicuna-7b;evqa-pilot500/paligemma-3b;evqa-pilot500/qwen2.5-vl-3b;evqa-pilot500/smolvlm-1.7b;mmke-entity/blip2-opt-2.7b;mmke-entity/instructblip-vicuna-7b;mmke-entity/minigpt-4-vicuna-7b;mmke-entity/paligemma-3b;mmke-entity/qwen2.5-vl-3b;mmke-entity/smolvlm-1.7b;mmke-visual/blip2-opt-2.7b;mmke-visual/instructblip-vicuna-7b;mmke-visual/minigpt-4-vicuna-7b;mmke-visual/paligemma-3b;mmke-visual/qwen2.5-vl-3b;mmke-visual/smolvlm-1.7b
recorded,soft_direction_2,M_new_norm,1,19,False,21,70.2461052631579,70.26957894736842,-0.02347368421052621,70.2461052631579,-0.02347368421052621,0,18,1,0,0,0.0,-0.44599999999999795,0.0,0.21052631578947367,evqa-pilot500/blip2-opt-2.7b;evqa-pilot500/instructblip-vicuna-7b;evqa-pilot500/llava-v1.5-7b;evqa-pilot500/minigpt-4-vicuna-7b;evqa-pilot500/paligemma-3b;evqa-pilot500/qwen2.5-vl-3b;evqa-pilot500/smolvlm-1.7b;mmke-entity/blip2-opt-2.7b;mmke-entity/instructblip-vicuna-7b;mmke-entity/minigpt-4-vicuna-7b;mmke-entity/paligemma-3b;mmke-entity/qwen2.5-vl-3b;mmke-entity/smolvlm-1.7b;mmke-visual/blip2-opt-2.7b;mmke-visual/instructblip-vicuna-7b;mmke-visual/minigpt-4-vicuna-7b;mmke-visual/paligemma-3b;mmke-visual/qwen2.5-vl-3b;mmke-visual/smolvlm-1.7b
recorded,soft_direction_2,M_new_norm,3,17,False,21,74.29352941176471,74.29352941176471,0.0,71.4921568627451,0.0,0,17,0,0,0,0.0,0.0,0.0,0.35294117647058826,evqa-pilot500/blip2-opt-2.7b;evqa-pilot500/minigpt-4-vicuna-7b;evqa-pilot500/paligemma-3b;evqa-pilot500/qwen2.5-vl-3b;evqa-pilot500/smolvlm-1.7b;mmke-entity/blip2-opt-2.7b;mmke-entity/instructblip-vicuna-7b;mmke-entity/minigpt-4-vicuna-7b;mmke-entity/paligemma-3b;mmke-entity/qwen2.5-vl-3b;mmke-entity/smolvlm-1.7b;mmke-visual/blip2-opt-2.7b;mmke-visual/instructblip-vicuna-7b;mmke-visual/minigpt-4-vicuna-7b;mmke-visual/paligemma-3b;mmke-visual/qwen2.5-vl-3b;mmke-visual/smolvlm-1.7b
recorded,soft_direction_4,M_abscos_x_newn,1,20,False,21,70.4917,70.6836,-0.19190000000000004,70.4917,-0.19190000000000004,0,16,4,0,3,0.0,-1.730000000000004,0.0,0.2,evqa-pilot500/blip2-opt-2.7b;evqa-pilot500/instructblip-vicuna-7b;evqa-pilot500/llava-v1.5-7b;evqa-pilot500/minigpt-4-vicuna-7b;evqa-pilot500/paligemma-3b;evqa-pilot500/qwen2.5-vl-3b;evqa-pilot500/smolvlm-1.7b;mmke-entity/blip2-opt-2.7b;mmke-entity/instructblip-vicuna-7b;mmke-entity/minigpt-4-vicuna-7b;mmke-entity/paligemma-3b;mmke-entity/qwen2.5-vl-3b;mmke-entity/smolvlm-1.7b;mmke-visual/blip2-opt-2.7b;mmke-visual/instructblip-vicuna-7b;mmke-visual/llava-v1.5-7b;mmke-visual/minigpt-4-vicuna-7b;mmke-visual/paligemma-3b;mmke-visual/qwen2.5-vl-3b;mmke-visual/smolvlm-1.7b
recorded,soft_direction_4,M_abscos_x_newn,3,18,False,21,73.19222222222223,72.96677777777778,0.22544444444444364,70.40851851851852,0.05414814814814722,1,14,3,1,2,0.0,-0.8500000000000014,6.1640000000000015,0.3888888888888889,evqa-pilot500/blip2-opt-2.7b;evqa-pilot500/instructblip-vicuna-7b;evqa-pilot500/minigpt-4-vicuna-7b;evqa-pilot500/paligemma-3b;evqa-pilot500/qwen2.5-vl-3b;evqa-pilot500/smolvlm-1.7b;mmke-entity/blip2-opt-2.7b;mmke-entity/instructblip-vicuna-7b;mmke-entity/minigpt-4-vicuna-7b;mmke-entity/paligemma-3b;mmke-entity/qwen2.5-vl-3b;mmke-entity/smolvlm-1.7b;mmke-visual/blip2-opt-2.7b;mmke-visual/instructblip-vicuna-7b;mmke-visual/minigpt-4-vicuna-7b;mmke-visual/paligemma-3b;mmke-visual/qwen2.5-vl-3b;mmke-visual/smolvlm-1.7b
recorded,soft_direction_4,M_new_norm,1,19,False,21,70.2461052631579,70.26957894736842,-0.02347368421052621,70.2461052631579,-0.02347368421052621,0,18,1,0,0,0.0,-0.44599999999999795,0.0,0.21052631578947367,evqa-pilot500/blip2-opt-2.7b;evqa-pilot500/instructblip-vicuna-7b;evqa-pilot500/llava-v1.5-7b;evqa-pilot500/minigpt-4-vicuna-7b;evqa-pilot500/paligemma-3b;evqa-pilot500/qwen2.5-vl-3b;evqa-pilot500/smolvlm-1.7b;mmke-entity/blip2-opt-2.7b;mmke-entity/instructblip-vicuna-7b;mmke-entity/minigpt-4-vicuna-7b;mmke-entity/paligemma-3b;mmke-entity/qwen2.5-vl-3b;mmke-entity/smolvlm-1.7b;mmke-visual/blip2-opt-2.7b;mmke-visual/instructblip-vicuna-7b;mmke-visual/minigpt-4-vicuna-7b;mmke-visual/paligemma-3b;mmke-visual/qwen2.5-vl-3b;mmke-visual/smolvlm-1.7b
recorded,soft_direction_4,M_new_norm,3,17,False,21,74.29352941176471,74.29352941176471,0.0,71.4921568627451,0.0,0,17,0,0,0,0.0,0.0,0.0,0.35294117647058826,evqa-pilot500/blip2-opt-2.7b;evqa-pilot500/minigpt-4-vicuna-7b;evqa-pilot500/paligemma-3b;evqa-pilot500/qwen2.5-vl-3b;evqa-pilot500/smolvlm-1.7b;mmke-entity/blip2-opt-2.7b;mmke-entity/instructblip-vicuna-7b;mmke-entity/minigpt-4-vicuna-7b;mmke-entity/paligemma-3b;mmke-entity/qwen2.5-vl-3b;mmke-entity/smolvlm-1.7b;mmke-visual/blip2-opt-2.7b;mmke-visual/instructblip-vicuna-7b;mmke-visual/minigpt-4-vicuna-7b;mmke-visual/paligemma-3b;mmke-visual/qwen2.5-vl-3b;mmke-visual/smolvlm-1.7b
recorded,soft_direction_8,M_abscos_x_newn,1,19,False,21,70.23673684210526,70.41305263157895,-0.1763157894736843,70.23673684210526,-0.1763157894736843,0,16,3,0,3,0.0,-1.730000000000004,0.0,0.21052631578947367,evqa-pilot500/blip2-opt-2.7b;evqa-pilot500/instructblip-vicuna-7b;evqa-pilot500/llava-v1.5-7b;evqa-pilot500/minigpt-4-vicuna-7b;evqa-pilot500/paligemma-3b;evqa-pilot500/qwen2.5-vl-3b;evqa-pilot500/smolvlm-1.7b;mmke-entity/blip2-opt-2.7b;mmke-entity/instructblip-vicuna-7b;mmke-entity/paligemma-3b;mmke-entity/qwen2.5-vl-3b;mmke-entity/smolvlm-1.7b;mmke-visual/blip2-opt-2.7b;mmke-visual/instructblip-vicuna-7b;mmke-visual/llava-v1.5-7b;mmke-visual/minigpt-4-vicuna-7b;mmke-visual/paligemma-3b;mmke-visual/qwen2.5-vl-3b;mmke-visual/smolvlm-1.7b
recorded,soft_direction_8,M_abscos_x_newn,3,17,False,21,73.0535294117647,72.786,0.26752941176470557,70.11788235294118,0.08352941176470514,1,14,2,1,2,0.0,-0.8500000000000014,6.1640000000000015,0.4117647058823529,evqa-pilot500/blip2-opt-2.7b;evqa-pilot500/instructblip-vicuna-7b;evqa-pilot500/minigpt-4-vicuna-7b;evqa-pilot500/paligemma-3b;evqa-pilot500/qwen2.5-vl-3b;evqa-pilot500/smolvlm-1.7b;mmke-entity/blip2-opt-2.7b;mmke-entity/instructblip-vicuna-7b;mmke-entity/paligemma-3b;mmke-entity/qwen2.5-vl-3b;mmke-entity/smolvlm-1.7b;mmke-visual/blip2-opt-2.7b;mmke-visual/instructblip-vicuna-7b;mmke-visual/minigpt-4-vicuna-7b;mmke-visual/paligemma-3b;mmke-visual/qwen2.5-vl-3b;mmke-visual/smolvlm-1.7b
recorded,soft_direction_8,M_new_norm,1,18,False,21,69.96333333333334,69.98811111111111,-0.024777777777777663,69.96333333333334,-0.024777777777777663,0,17,1,0,0,0.0,-0.44599999999999795,0.0,0.2222222222222222,evqa-pilot500/blip2-opt-2.7b;evqa-pilot500/instructblip-vicuna-7b;evqa-pilot500/llava-v1.5-7b;evqa-pilot500/minigpt-4-vicuna-7b;evqa-pilot500/paligemma-3b;evqa-pilot500/qwen2.5-vl-3b;evqa-pilot500/smolvlm-1.7b;mmke-entity/blip2-opt-2.7b;mmke-entity/instructblip-vicuna-7b;mmke-entity/paligemma-3b;mmke-entity/qwen2.5-vl-3b;mmke-entity/smolvlm-1.7b;mmke-visual/blip2-opt-2.7b;mmke-visual/instructblip-vicuna-7b;mmke-visual/minigpt-4-vicuna-7b;mmke-visual/paligemma-3b;mmke-visual/qwen2.5-vl-3b;mmke-visual/smolvlm-1.7b
recorded,soft_direction_8,M_new_norm,3,16,False,21,74.215,74.215,0.0,71.25108333333334,0.0,0,16,0,0,0,0.0,0.0,0.0,0.375,evqa-pilot500/blip2-opt-2.7b;evqa-pilot500/minigpt-4-vicuna-7b;evqa-pilot500/paligemma-3b;evqa-pilot500/qwen2.5-vl-3b;evqa-pilot500/smolvlm-1.7b;mmke-entity/blip2-opt-2.7b;mmke-entity/instructblip-vicuna-7b;mmke-entity/paligemma-3b;mmke-entity/qwen2.5-vl-3b;mmke-entity/smolvlm-1.7b;mmke-visual/blip2-opt-2.7b;mmke-visual/instructblip-vicuna-7b;mmke-visual/minigpt-4-vicuna-7b;mmke-visual/paligemma-3b;mmke-visual/qwen2.5-vl-3b;mmke-visual/smolvlm-1.7b
recorded,rrf_w0.25_t0,M_abscos_x_newn,1,19,False,21,70.26957894736842,70.4481052631579,-0.17852631578947384,70.26957894736842,-0.17852631578947384,1,14,4,0,3,0.0,-1.730000000000004,0.44599999999999795,0.21052631578947367,evqa-pilot500/blip2-opt-2.7b;evqa-pilot500/instructblip-vicuna-7b;evqa-pilot500/llava-v1.5-7b;evqa-pilot500/minigpt-4-vicuna-7b;evqa-pilot500/paligemma-3b;evqa-pilot500/qwen2.5-vl-3b;evqa-pilot500/smolvlm-1.7b;mmke-entity/blip2-opt-2.7b;mmke-entity/instructblip-vicuna-7b;mmke-entity/minigpt-4-vicuna-7b;mmke-entity/paligemma-3b;mmke-entity/qwen2.5-vl-3b;mmke-entity/smolvlm-1.7b;mmke-visual/blip2-opt-2.7b;mmke-visual/instructblip-vicuna-7b;mmke-visual/minigpt-4-vicuna-7b;mmke-visual/paligemma-3b;mmke-visual/qwen2.5-vl-3b;mmke-visual/smolvlm-1.7b
recorded,rrf_w0.25_t0,M_abscos_x_newn,3,17,False,21,74.324,74.05482352941176,0.26917647058823446,71.5023137254902,0.06749019607843068,1,13,3,1,1,0.0,-0.8500000000000014,6.1640000000000015,0.35294117647058826,evqa-pilot500/blip2-opt-2.7b;evqa-pilot500/minigpt-4-vicuna-7b;evqa-pilot500/paligemma-3b;evqa-pilot500/qwen2.5-vl-3b;evqa-pilot500/smolvlm-1.7b;mmke-entity/blip2-opt-2.7b;mmke-entity/instructblip-vicuna-7b;mmke-entity/minigpt-4-vicuna-7b;mmke-entity/paligemma-3b;mmke-entity/qwen2.5-vl-3b;mmke-entity/smolvlm-1.7b;mmke-visual/blip2-opt-2.7b;mmke-visual/instructblip-vicuna-7b;mmke-visual/minigpt-4-vicuna-7b;mmke-visual/paligemma-3b;mmke-visual/qwen2.5-vl-3b;mmke-visual/smolvlm-1.7b
recorded,rrf_w0.25_t0,M_new_norm,1,19,False,21,70.26957894736842,70.26957894736842,0.0,70.26957894736842,0.0,0,19,0,0,0,0.0,0.0,0.0,0.21052631578947367,evqa-pilot500/blip2-opt-2.7b;evqa-pilot500/instructblip-vicuna-7b;evqa-pilot500/llava-v1.5-7b;evqa-pilot500/minigpt-4-vicuna-7b;evqa-pilot500/paligemma-3b;evqa-pilot500/qwen2.5-vl-3b;evqa-pilot500/smolvlm-1.7b;mmke-entity/blip2-opt-2.7b;mmke-entity/instructblip-vicuna-7b;mmke-entity/minigpt-4-vicuna-7b;mmke-entity/paligemma-3b;mmke-entity/qwen2.5-vl-3b;mmke-entity/smolvlm-1.7b;mmke-visual/blip2-opt-2.7b;mmke-visual/instructblip-vicuna-7b;mmke-visual/minigpt-4-vicuna-7b;mmke-visual/paligemma-3b;mmke-visual/qwen2.5-vl-3b;mmke-visual/smolvlm-1.7b
recorded,rrf_w0.25_t0,M_new_norm,3,17,False,21,74.324,74.29352941176471,0.03047058823529416,71.5023137254902,0.010156862745098331,1,16,0,1,0,0.0,0.0,0.5180000000000007,0.35294117647058826,evqa-pilot500/blip2-opt-2.7b;evqa-pilot500/minigpt-4-vicuna-7b;evqa-pilot500/paligemma-3b;evqa-pilot500/qwen2.5-vl-3b;evqa-pilot500/smolvlm-1.7b;mmke-entity/blip2-opt-2.7b;mmke-entity/instructblip-vicuna-7b;mmke-entity/minigpt-4-vicuna-7b;mmke-entity/paligemma-3b;mmke-entity/qwen2.5-vl-3b;mmke-entity/smolvlm-1.7b;mmke-visual/blip2-opt-2.7b;mmke-visual/instructblip-vicuna-7b;mmke-visual/minigpt-4-vicuna-7b;mmke-visual/paligemma-3b;mmke-visual/qwen2.5-vl-3b;mmke-visual/smolvlm-1.7b
recorded,rrf_w0.25_t1,M_abscos_x_newn,1,19,False,21,70.26957894736842,70.4481052631579,-0.17852631578947384,70.26957894736842,-0.17852631578947384,1,14,4,0,3,0.0,-1.730000000000004,0.44599999999999795,0.21052631578947367,evqa-pilot500/blip2-opt-2.7b;evqa-pilot500/instructblip-vicuna-7b;evqa-pilot500/llava-v1.5-7b;evqa-pilot500/minigpt-4-vicuna-7b;evqa-pilot500/paligemma-3b;evqa-pilot500/qwen2.5-vl-3b;evqa-pilot500/smolvlm-1.7b;mmke-entity/blip2-opt-2.7b;mmke-entity/instructblip-vicuna-7b;mmke-entity/minigpt-4-vicuna-7b;mmke-entity/paligemma-3b;mmke-entity/qwen2.5-vl-3b;mmke-entity/smolvlm-1.7b;mmke-visual/blip2-opt-2.7b;mmke-visual/instructblip-vicuna-7b;mmke-visual/minigpt-4-vicuna-7b;mmke-visual/paligemma-3b;mmke-visual/qwen2.5-vl-3b;mmke-visual/smolvlm-1.7b
recorded,rrf_w0.25_t1,M_abscos_x_newn,3,17,False,21,74.29352941176471,74.05482352941176,0.23870588235294032,71.4921568627451,0.05733333333333235,1,13,3,1,2,0.0,-0.8500000000000014,6.1640000000000015,0.35294117647058826,evqa-pilot500/blip2-opt-2.7b;evqa-pilot500/minigpt-4-vicuna-7b;evqa-pilot500/paligemma-3b;evqa-pilot500/qwen2.5-vl-3b;evqa-pilot500/smolvlm-1.7b;mmke-entity/blip2-opt-2.7b;mmke-entity/instructblip-vicuna-7b;mmke-entity/minigpt-4-vicuna-7b;mmke-entity/paligemma-3b;mmke-entity/qwen2.5-vl-3b;mmke-entity/smolvlm-1.7b;mmke-visual/blip2-opt-2.7b;mmke-visual/instructblip-vicuna-7b;mmke-visual/minigpt-4-vicuna-7b;mmke-visual/paligemma-3b;mmke-visual/qwen2.5-vl-3b;mmke-visual/smolvlm-1.7b
recorded,rrf_w0.25_t1,M_new_norm,1,19,False,21,70.26957894736842,70.26957894736842,0.0,70.26957894736842,0.0,0,19,0,0,0,0.0,0.0,0.0,0.21052631578947367,evqa-pilot500/blip2-opt-2.7b;evqa-pilot500/instructblip-vicuna-7b;evqa-pilot500/llava-v1.5-7b;evqa-pilot500/minigpt-4-vicuna-7b;evqa-pilot500/paligemma-3b;evqa-pilot500/qwen2.5-vl-3b;evqa-pilot500/smolvlm-1.7b;mmke-entity/blip2-opt-2.7b;mmke-entity/instructblip-vicuna-7b;mmke-entity/minigpt-4-vicuna-7b;mmke-entity/paligemma-3b;mmke-entity/qwen2.5-vl-3b;mmke-entity/smolvlm-1.7b;mmke-visual/blip2-opt-2.7b;mmke-visual/instructblip-vicuna-7b;mmke-visual/minigpt-4-vicuna-7b;mmke-visual/paligemma-3b;mmke-visual/qwen2.5-vl-3b;mmke-visual/smolvlm-1.7b
recorded,rrf_w0.25_t1,M_new_norm,3,17,False,21,74.29352941176471,74.29352941176471,0.0,71.4921568627451,0.0,0,17,0,0,0,0.0,0.0,0.0,0.35294117647058826,evqa-pilot500/blip2-opt-2.7b;evqa-pilot500/minigpt-4-vicuna-7b;evqa-pilot500/paligemma-3b;evqa-pilot500/qwen2.5-vl-3b;evqa-pilot500/smolvlm-1.7b;mmke-entity/blip2-opt-2.7b;mmke-entity/instructblip-vicuna-7b;mmke-entity/minigpt-4-vicuna-7b;mmke-entity/paligemma-3b;mmke-entity/qwen2.5-vl-3b;mmke-entity/smolvlm-1.7b;mmke-visual/blip2-opt-2.7b;mmke-visual/instructblip-vicuna-7b;mmke-visual/minigpt-4-vicuna-7b;mmke-visual/paligemma-3b;mmke-visual/qwen2.5-vl-3b;mmke-visual/smolvlm-1.7b
recorded,rrf_w0.25_t5,M_abscos_x_newn,1,19,False,21,70.26957894736842,70.4481052631579,-0.17852631578947384,70.26957894736842,-0.17852631578947384,1,14,4,0,3,0.0,-1.730000000000004,0.44599999999999795,0.21052631578947367,evqa-pilot500/blip2-opt-2.7b;evqa-pilot500/instructblip-vicuna-7b;evqa-pilot500/llava-v1.5-7b;evqa-pilot500/minigpt-4-vicuna-7b;evqa-pilot500/paligemma-3b;evqa-pilot500/qwen2.5-vl-3b;evqa-pilot500/smolvlm-1.7b;mmke-entity/blip2-opt-2.7b;mmke-entity/instructblip-vicuna-7b;mmke-entity/minigpt-4-vicuna-7b;mmke-entity/paligemma-3b;mmke-entity/qwen2.5-vl-3b;mmke-entity/smolvlm-1.7b;mmke-visual/blip2-opt-2.7b;mmke-visual/instructblip-vicuna-7b;mmke-visual/minigpt-4-vicuna-7b;mmke-visual/paligemma-3b;mmke-visual/qwen2.5-vl-3b;mmke-visual/smolvlm-1.7b
recorded,rrf_w0.25_t5,M_abscos_x_newn,3,17,False,21,74.29352941176471,74.05482352941176,0.23870588235294032,71.4921568627451,0.05733333333333235,1,13,3,1,2,0.0,-0.8500000000000014,6.1640000000000015,0.35294117647058826,evqa-pilot500/blip2-opt-2.7b;evqa-pilot500/minigpt-4-vicuna-7b;evqa-pilot500/paligemma-3b;evqa-pilot500/qwen2.5-vl-3b;evqa-pilot500/smolvlm-1.7b;mmke-entity/blip2-opt-2.7b;mmke-entity/instructblip-vicuna-7b;mmke-entity/minigpt-4-vicuna-7b;mmke-entity/paligemma-3b;mmke-entity/qwen2.5-vl-3b;mmke-entity/smolvlm-1.7b;mmke-visual/blip2-opt-2.7b;mmke-visual/instructblip-vicuna-7b;mmke-visual/minigpt-4-vicuna-7b;mmke-visual/paligemma-3b;mmke-visual/qwen2.5-vl-3b;mmke-visual/smolvlm-1.7b
recorded,rrf_w0.25_t5,M_new_norm,1,19,False,21,70.26957894736842,70.26957894736842,0.0,70.26957894736842,0.0,0,19,0,0,0,0.0,0.0,0.0,0.21052631578947367,evqa-pilot500/blip2-opt-2.7b;evqa-pilot500/instructblip-vicuna-7b;evqa-pilot500/llava-v1.5-7b;evqa-pilot500/minigpt-4-vicuna-7b;evqa-pilot500/paligemma-3b;evqa-pilot500/qwen2.5-vl-3b;evqa-pilot500/smolvlm-1.7b;mmke-entity/blip2-opt-2.7b;mmke-entity/instructblip-vicuna-7b;mmke-entity/minigpt-4-vicuna-7b;mmke-entity/paligemma-3b;mmke-entity/qwen2.5-vl-3b;mmke-entity/smolvlm-1.7b;mmke-visual/blip2-opt-2.7b;mmke-visual/instructblip-vicuna-7b;mmke-visual/minigpt-4-vicuna-7b;mmke-visual/paligemma-3b;mmke-visual/qwen2.5-vl-3b;mmke-visual/smolvlm-1.7b
recorded,rrf_w0.25_t5,M_new_norm,3,17,False,21,74.29352941176471,74.29352941176471,0.0,71.4921568627451,0.0,0,17,0,0,0,0.0,0.0,0.0,0.35294117647058826,evqa-pilot500/blip2-opt-2.7b;evqa-pilot500/minigpt-4-vicuna-7b;evqa-pilot500/paligemma-3b;evqa-pilot500/qwen2.5-vl-3b;evqa-pilot500/smolvlm-1.7b;mmke-entity/blip2-opt-2.7b;mmke-entity/instructblip-vicuna-7b;mmke-entity/minigpt-4-vicuna-7b;mmke-entity/paligemma-3b;mmke-entity/qwen2.5-vl-3b;mmke-entity/smolvlm-1.7b;mmke-visual/blip2-opt-2.7b;mmke-visual/instructblip-vicuna-7b;mmke-visual/minigpt-4-vicuna-7b;mmke-visual/paligemma-3b;mmke-visual/qwen2.5-vl-3b;mmke-visual/smolvlm-1.7b
recorded,rrf_w0.5_t0,M_abscos_x_newn,1,19,False,21,70.26957894736842,70.4481052631579,-0.17852631578947384,70.26957894736842,-0.17852631578947384,1,14,4,0,3,0.0,-1.730000000000004,0.44599999999999795,0.21052631578947367,evqa-pilot500/blip2-opt-2.7b;evqa-pilot500/instructblip-vicuna-7b;evqa-pilot500/llava-v1.5-7b;evqa-pilot500/minigpt-4-vicuna-7b;evqa-pilot500/paligemma-3b;evqa-pilot500/qwen2.5-vl-3b;evqa-pilot500/smolvlm-1.7b;mmke-entity/blip2-opt-2.7b;mmke-entity/instructblip-vicuna-7b;mmke-entity/minigpt-4-vicuna-7b;mmke-entity/paligemma-3b;mmke-entity/qwen2.5-vl-3b;mmke-entity/smolvlm-1.7b;mmke-visual/blip2-opt-2.7b;mmke-visual/instructblip-vicuna-7b;mmke-visual/minigpt-4-vicuna-7b;mmke-visual/paligemma-3b;mmke-visual/qwen2.5-vl-3b;mmke-visual/smolvlm-1.7b
recorded,rrf_w0.5_t0,M_abscos_x_newn,3,17,False,21,74.39011764705883,74.05482352941176,0.33529411764705813,71.45972549019608,0.02490196078431323,1,14,2,1,0,0.0,-0.24800000000000466,6.1640000000000015,0.4117647058823529,evqa-pilot500/blip2-opt-2.7b;evqa-pilot500/minigpt-4-vicuna-7b;evqa-pilot500/paligemma-3b;evqa-pilot500/qwen2.5-vl-3b;evqa-pilot500/smolvlm-1.7b;mmke-entity/blip2-opt-2.7b;mmke-entity/instructblip-vicuna-7b;mmke-entity/minigpt-4-vicuna-7b;mmke-entity/paligemma-3b;mmke-entity/qwen2.5-vl-3b;mmke-entity/smolvlm-1.7b;mmke-visual/blip2-opt-2.7b;mmke-visual/instructblip-vicuna-7b;mmke-visual/minigpt-4-vicuna-7b;mmke-visual/paligemma-3b;mmke-visual/qwen2.5-vl-3b;mmke-visual/smolvlm-1.7b
recorded,rrf_w0.5_t0,M_new_norm,1,19,False,21,70.26957894736842,70.26957894736842,0.0,70.26957894736842,0.0,0,19,0,0,0,0.0,0.0,0.0,0.21052631578947367,evqa-pilot500/blip2-opt-2.7b;evqa-pilot500/instructblip-vicuna-7b;evqa-pilot500/llava-v1.5-7b;evqa-pilot500/minigpt-4-vicuna-7b;evqa-pilot500/paligemma-3b;evqa-pilot500/qwen2.5-vl-3b;evqa-pilot500/smolvlm-1.7b;mmke-entity/blip2-opt-2.7b;mmke-entity/instructblip-vicuna-7b;mmke-entity/minigpt-4-vicuna-7b;mmke-entity/paligemma-3b;mmke-entity/qwen2.5-vl-3b;mmke-entity/smolvlm-1.7b;mmke-visual/blip2-opt-2.7b;mmke-visual/instructblip-vicuna-7b;mmke-visual/minigpt-4-vicuna-7b;mmke-visual/paligemma-3b;mmke-visual/qwen2.5-vl-3b;mmke-visual/smolvlm-1.7b
recorded,rrf_w0.5_t0,M_new_norm,3,17,False,21,74.39011764705883,74.29352941176471,0.09658823529411782,71.45972549019608,-0.03243137254901912,3,14,0,2,0,0.0,0.0,0.8500000000000014,0.4117647058823529,evqa-pilot500/blip2-opt-2.7b;evqa-pilot500/minigpt-4-vicuna-7b;evqa-pilot500/paligemma-3b;evqa-pilot500/qwen2.5-vl-3b;evqa-pilot500/smolvlm-1.7b;mmke-entity/blip2-opt-2.7b;mmke-entity/instructblip-vicuna-7b;mmke-entity/minigpt-4-vicuna-7b;mmke-entity/paligemma-3b;mmke-entity/qwen2.5-vl-3b;mmke-entity/smolvlm-1.7b;mmke-visual/blip2-opt-2.7b;mmke-visual/instructblip-vicuna-7b;mmke-visual/minigpt-4-vicuna-7b;mmke-visual/paligemma-3b;mmke-visual/qwen2.5-vl-3b;mmke-visual/smolvlm-1.7b
recorded,rrf_w0.5_t1,M_abscos_x_newn,1,19,False,21,70.26957894736842,70.4481052631579,-0.17852631578947384,70.26957894736842,-0.17852631578947384,1,14,4,0,3,0.0,-1.730000000000004,0.44599999999999795,0.21052631578947367,evqa-pilot500/blip2-opt-2.7b;evqa-pilot500/instructblip-vicuna-7b;evqa-pilot500/llava-v1.5-7b;evqa-pilot500/minigpt-4-vicuna-7b;evqa-pilot500/paligemma-3b;evqa-pilot500/qwen2.5-vl-3b;evqa-pilot500/smolvlm-1.7b;mmke-entity/blip2-opt-2.7b;mmke-entity/instructblip-vicuna-7b;mmke-entity/minigpt-4-vicuna-7b;mmke-entity/paligemma-3b;mmke-entity/qwen2.5-vl-3b;mmke-entity/smolvlm-1.7b;mmke-visual/blip2-opt-2.7b;mmke-visual/instructblip-vicuna-7b;mmke-visual/minigpt-4-vicuna-7b;mmke-visual/paligemma-3b;mmke-visual/qwen2.5-vl-3b;mmke-visual/smolvlm-1.7b
recorded,rrf_w0.5_t1,M_abscos_x_newn,3,17,False,21,74.39011764705883,74.05482352941176,0.33529411764705813,71.45972549019608,0.02490196078431323,1,14,2,1,0,0.0,-0.24800000000000466,6.1640000000000015,0.4117647058823529,evqa-pilot500/blip2-opt-2.7b;evqa-pilot500/minigpt-4-vicuna-7b;evqa-pilot500/paligemma-3b;evqa-pilot500/qwen2.5-vl-3b;evqa-pilot500/smolvlm-1.7b;mmke-entity/blip2-opt-2.7b;mmke-entity/instructblip-vicuna-7b;mmke-entity/minigpt-4-vicuna-7b;mmke-entity/paligemma-3b;mmke-entity/qwen2.5-vl-3b;mmke-entity/smolvlm-1.7b;mmke-visual/blip2-opt-2.7b;mmke-visual/instructblip-vicuna-7b;mmke-visual/minigpt-4-vicuna-7b;mmke-visual/paligemma-3b;mmke-visual/qwen2.5-vl-3b;mmke-visual/smolvlm-1.7b
recorded,rrf_w0.5_t1,M_new_norm,1,19,False,21,70.26957894736842,70.26957894736842,0.0,70.26957894736842,0.0,0,19,0,0,0,0.0,0.0,0.0,0.21052631578947367,evqa-pilot500/blip2-opt-2.7b;evqa-pilot500/instructblip-vicuna-7b;evqa-pilot500/llava-v1.5-7b;evqa-pilot500/minigpt-4-vicuna-7b;evqa-pilot500/paligemma-3b;evqa-pilot500/qwen2.5-vl-3b;evqa-pilot500/smolvlm-1.7b;mmke-entity/blip2-opt-2.7b;mmke-entity/instructblip-vicuna-7b;mmke-entity/minigpt-4-vicuna-7b;mmke-entity/paligemma-3b;mmke-entity/qwen2.5-vl-3b;mmke-entity/smolvlm-1.7b;mmke-visual/blip2-opt-2.7b;mmke-visual/instructblip-vicuna-7b;mmke-visual/minigpt-4-vicuna-7b;mmke-visual/paligemma-3b;mmke-visual/qwen2.5-vl-3b;mmke-visual/smolvlm-1.7b
recorded,rrf_w0.5_t1,M_new_norm,3,17,False,21,74.39011764705883,74.29352941176471,0.09658823529411782,71.45972549019608,-0.03243137254901912,3,14,0,2,0,0.0,0.0,0.8500000000000014,0.4117647058823529,evqa-pilot500/blip2-opt-2.7b;evqa-pilot500/minigpt-4-vicuna-7b;evqa-pilot500/paligemma-3b;evqa-pilot500/qwen2.5-vl-3b;evqa-pilot500/smolvlm-1.7b;mmke-entity/blip2-opt-2.7b;mmke-entity/instructblip-vicuna-7b;mmke-entity/minigpt-4-vicuna-7b;mmke-entity/paligemma-3b;mmke-entity/qwen2.5-vl-3b;mmke-entity/smolvlm-1.7b;mmke-visual/blip2-opt-2.7b;mmke-visual/instructblip-vicuna-7b;mmke-visual/minigpt-4-vicuna-7b;mmke-visual/paligemma-3b;mmke-visual/qwen2.5-vl-3b;mmke-visual/smolvlm-1.7b
recorded,rrf_w0.5_t5,M_abscos_x_newn,1,20,False,21,70.514,70.6836,-0.16960000000000014,70.514,-0.16960000000000014,1,15,4,0,3,0.0,-1.730000000000004,0.44599999999999795,0.2,evqa-pilot500/blip2-opt-2.7b;evqa-pilot500/instructblip-vicuna-7b;evqa-pilot500/llava-v1.5-7b;evqa-pilot500/minigpt-4-vicuna-7b;evqa-pilot500/paligemma-3b;evqa-pilot500/qwen2.5-vl-3b;evqa-pilot500/smolvlm-1.7b;mmke-entity/blip2-opt-2.7b;mmke-entity/instructblip-vicuna-7b;mmke-entity/minigpt-4-vicuna-7b;mmke-entity/paligemma-3b;mmke-entity/qwen2.5-vl-3b;mmke-entity/smolvlm-1.7b;mmke-visual/blip2-opt-2.7b;mmke-visual/instructblip-vicuna-7b;mmke-visual/llava-v1.5-7b;mmke-visual/minigpt-4-vicuna-7b;mmke-visual/paligemma-3b;mmke-visual/qwen2.5-vl-3b;mmke-visual/smolvlm-1.7b
recorded,rrf_w0.5_t5,M_abscos_x_newn,3,17,False,21,74.324,74.05482352941176,0.26917647058823446,71.5023137254902,0.06749019607843068,1,13,3,1,1,0.0,-0.8500000000000014,6.1640000000000015,0.35294117647058826,evqa-pilot500/blip2-opt-2.7b;evqa-pilot500/minigpt-4-vicuna-7b;evqa-pilot500/paligemma-3b;evqa-pilot500/qwen2.5-vl-3b;evqa-pilot500/smolvlm-1.7b;mmke-entity/blip2-opt-2.7b;mmke-entity/instructblip-vicuna-7b;mmke-entity/minigpt-4-vicuna-7b;mmke-entity/paligemma-3b;mmke-entity/qwen2.5-vl-3b;mmke-entity/smolvlm-1.7b;mmke-visual/blip2-opt-2.7b;mmke-visual/instructblip-vicuna-7b;mmke-visual/minigpt-4-vicuna-7b;mmke-visual/paligemma-3b;mmke-visual/qwen2.5-vl-3b;mmke-visual/smolvlm-1.7b
recorded,rrf_w0.5_t5,M_new_norm,1,19,False,21,70.26957894736842,70.26957894736842,0.0,70.26957894736842,0.0,0,19,0,0,0,0.0,0.0,0.0,0.21052631578947367,evqa-pilot500/blip2-opt-2.7b;evqa-pilot500/instructblip-vicuna-7b;evqa-pilot500/llava-v1.5-7b;evqa-pilot500/minigpt-4-vicuna-7b;evqa-pilot500/paligemma-3b;evqa-pilot500/qwen2.5-vl-3b;evqa-pilot500/smolvlm-1.7b;mmke-entity/blip2-opt-2.7b;mmke-entity/instructblip-vicuna-7b;mmke-entity/minigpt-4-vicuna-7b;mmke-entity/paligemma-3b;mmke-entity/qwen2.5-vl-3b;mmke-entity/smolvlm-1.7b;mmke-visual/blip2-opt-2.7b;mmke-visual/instructblip-vicuna-7b;mmke-visual/minigpt-4-vicuna-7b;mmke-visual/paligemma-3b;mmke-visual/qwen2.5-vl-3b;mmke-visual/smolvlm-1.7b
recorded,rrf_w0.5_t5,M_new_norm,3,17,False,21,74.324,74.29352941176471,0.03047058823529416,71.5023137254902,0.010156862745098331,1,16,0,1,0,0.0,0.0,0.5180000000000007,0.35294117647058826,evqa-pilot500/blip2-opt-2.7b;evqa-pilot500/minigpt-4-vicuna-7b;evqa-pilot500/paligemma-3b;evqa-pilot500/qwen2.5-vl-3b;evqa-pilot500/smolvlm-1.7b;mmke-entity/blip2-opt-2.7b;mmke-entity/instructblip-vicuna-7b;mmke-entity/minigpt-4-vicuna-7b;mmke-entity/paligemma-3b;mmke-entity/qwen2.5-vl-3b;mmke-entity/smolvlm-1.7b;mmke-visual/blip2-opt-2.7b;mmke-visual/instructblip-vicuna-7b;mmke-visual/minigpt-4-vicuna-7b;mmke-visual/paligemma-3b;mmke-visual/qwen2.5-vl-3b;mmke-visual/smolvlm-1.7b
recorded,rrf_w1_t0,M_abscos_x_newn,1,20,False,21,70.5769,70.6836,-0.10670000000000038,70.5769,-0.10670000000000038,1,17,2,0,2,0.0,-1.730000000000004,0.44599999999999795,0.2,evqa-pilot500/blip2-opt-2.7b;evqa-pilot500/instructblip-vicuna-7b;evqa-pilot500/llava-v1.5-7b;evqa-pilot500/minigpt-4-vicuna-7b;evqa-pilot500/paligemma-3b;evqa-pilot500/qwen2.5-vl-3b;evqa-pilot500/smolvlm-1.7b;mmke-entity/blip2-opt-2.7b;mmke-entity/instructblip-vicuna-7b;mmke-entity/minigpt-4-vicuna-7b;mmke-entity/paligemma-3b;mmke-entity/qwen2.5-vl-3b;mmke-entity/smolvlm-1.7b;mmke-visual/blip2-opt-2.7b;mmke-visual/instructblip-vicuna-7b;mmke-visual/llava-v1.5-7b;mmke-visual/minigpt-4-vicuna-7b;mmke-visual/paligemma-3b;mmke-visual/qwen2.5-vl-3b;mmke-visual/smolvlm-1.7b
recorded,rrf_w1_t0,M_abscos_x_newn,3,17,False,21,74.40564705882353,74.05482352941176,0.35082352941176465,71.49274509803922,0.057921568627449876,1,15,1,1,0,0.0,-0.20000000000000284,6.1640000000000015,0.4117647058823529,evqa-pilot500/blip2-opt-2.7b;evqa-pilot500/minigpt-4-vicuna-7b;evqa-pilot500/paligemma-3b;evqa-pilot500/qwen2.5-vl-3b;evqa-pilot500/smolvlm-1.7b;mmke-entity/blip2-opt-2.7b;mmke-entity/instructblip-vicuna-7b;mmke-entity/minigpt-4-vicuna-7b;mmke-entity/paligemma-3b;mmke-entity/qwen2.5-vl-3b;mmke-entity/smolvlm-1.7b;mmke-visual/blip2-opt-2.7b;mmke-visual/instructblip-vicuna-7b;mmke-visual/minigpt-4-vicuna-7b;mmke-visual/paligemma-3b;mmke-visual/qwen2.5-vl-3b;mmke-visual/smolvlm-1.7b
recorded,rrf_w1_t0,M_new_norm,1,19,False,21,70.33578947368422,70.26957894736842,0.06621052631578923,70.33578947368422,0.06621052631578923,2,17,0,1,0,0.0,0.0,0.769999999999996,0.21052631578947367,evqa-pilot500/blip2-opt-2.7b;evqa-pilot500/instructblip-vicuna-7b;evqa-pilot500/llava-v1.5-7b;evqa-pilot500/minigpt-4-vicuna-7b;evqa-pilot500/paligemma-3b;evqa-pilot500/qwen2.5-vl-3b;evqa-pilot500/smolvlm-1.7b;mmke-entity/blip2-opt-2.7b;mmke-entity/instructblip-vicuna-7b;mmke-entity/minigpt-4-vicuna-7b;mmke-entity/paligemma-3b;mmke-entity/qwen2.5-vl-3b;mmke-entity/smolvlm-1.7b;mmke-visual/blip2-opt-2.7b;mmke-visual/instructblip-vicuna-7b;mmke-visual/minigpt-4-vicuna-7b;mmke-visual/paligemma-3b;mmke-visual/qwen2.5-vl-3b;mmke-visual/smolvlm-1.7b
recorded,rrf_w1_t0,M_new_norm,3,17,False,21,74.40564705882353,74.29352941176471,0.1121176470588243,71.49274509803922,0.00058823529411753,3,14,0,2,0,0.0,0.0,0.8500000000000014,0.4117647058823529,evqa-pilot500/blip2-opt-2.7b;evqa-pilot500/minigpt-4-vicuna-7b;evqa-pilot500/paligemma-3b;evqa-pilot500/qwen2.5-vl-3b;evqa-pilot500/smolvlm-1.7b;mmke-entity/blip2-opt-2.7b;mmke-entity/instructblip-vicuna-7b;mmke-entity/minigpt-4-vicuna-7b;mmke-entity/paligemma-3b;mmke-entity/qwen2.5-vl-3b;mmke-entity/smolvlm-1.7b;mmke-visual/blip2-opt-2.7b;mmke-visual/instructblip-vicuna-7b;mmke-visual/minigpt-4-vicuna-7b;mmke-visual/paligemma-3b;mmke-visual/qwen2.5-vl-3b;mmke-visual/smolvlm-1.7b
recorded,rrf_w1_t1,M_abscos_x_newn,1,20,False,21,70.5769,70.6836,-0.10670000000000038,70.5769,-0.10670000000000038,1,17,2,0,2,0.0,-1.730000000000004,0.44599999999999795,0.2,evqa-pilot500/blip2-opt-2.7b;evqa-pilot500/instructblip-vicuna-7b;evqa-pilot500/llava-v1.5-7b;evqa-pilot500/minigpt-4-vicuna-7b;evqa-pilot500/paligemma-3b;evqa-pilot500/qwen2.5-vl-3b;evqa-pilot500/smolvlm-1.7b;mmke-entity/blip2-opt-2.7b;mmke-entity/instructblip-vicuna-7b;mmke-entity/minigpt-4-vicuna-7b;mmke-entity/paligemma-3b;mmke-entity/qwen2.5-vl-3b;mmke-entity/smolvlm-1.7b;mmke-visual/blip2-opt-2.7b;mmke-visual/instructblip-vicuna-7b;mmke-visual/llava-v1.5-7b;mmke-visual/minigpt-4-vicuna-7b;mmke-visual/paligemma-3b;mmke-visual/qwen2.5-vl-3b;mmke-visual/smolvlm-1.7b
recorded,rrf_w1_t1,M_abscos_x_newn,3,17,False,21,74.40564705882353,74.05482352941176,0.35082352941176465,71.49274509803922,0.057921568627449876,1,15,1,1,0,0.0,-0.20000000000000284,6.1640000000000015,0.4117647058823529,evqa-pilot500/blip2-opt-2.7b;evqa-pilot500/minigpt-4-vicuna-7b;evqa-pilot500/paligemma-3b;evqa-pilot500/qwen2.5-vl-3b;evqa-pilot500/smolvlm-1.7b;mmke-entity/blip2-opt-2.7b;mmke-entity/instructblip-vicuna-7b;mmke-entity/minigpt-4-vicuna-7b;mmke-entity/paligemma-3b;mmke-entity/qwen2.5-vl-3b;mmke-entity/smolvlm-1.7b;mmke-visual/blip2-opt-2.7b;mmke-visual/instructblip-vicuna-7b;mmke-visual/minigpt-4-vicuna-7b;mmke-visual/paligemma-3b;mmke-visual/qwen2.5-vl-3b;mmke-visual/smolvlm-1.7b
recorded,rrf_w1_t1,M_new_norm,1,19,False,21,70.33578947368422,70.26957894736842,0.06621052631578923,70.33578947368422,0.06621052631578923,2,17,0,1,0,0.0,0.0,0.769999999999996,0.21052631578947367,evqa-pilot500/blip2-opt-2.7b;evqa-pilot500/instructblip-vicuna-7b;evqa-pilot500/llava-v1.5-7b;evqa-pilot500/minigpt-4-vicuna-7b;evqa-pilot500/paligemma-3b;evqa-pilot500/qwen2.5-vl-3b;evqa-pilot500/smolvlm-1.7b;mmke-entity/blip2-opt-2.7b;mmke-entity/instructblip-vicuna-7b;mmke-entity/minigpt-4-vicuna-7b;mmke-entity/paligemma-3b;mmke-entity/qwen2.5-vl-3b;mmke-entity/smolvlm-1.7b;mmke-visual/blip2-opt-2.7b;mmke-visual/instructblip-vicuna-7b;mmke-visual/minigpt-4-vicuna-7b;mmke-visual/paligemma-3b;mmke-visual/qwen2.5-vl-3b;mmke-visual/smolvlm-1.7b
recorded,rrf_w1_t1,M_new_norm,3,17,False,21,74.40564705882353,74.29352941176471,0.1121176470588243,71.49274509803922,0.00058823529411753,3,14,0,2,0,0.0,0.0,0.8500000000000014,0.4117647058823529,evqa-pilot500/blip2-opt-2.7b;evqa-pilot500/minigpt-4-vicuna-7b;evqa-pilot500/paligemma-3b;evqa-pilot500/qwen2.5-vl-3b;evqa-pilot500/smolvlm-1.7b;mmke-entity/blip2-opt-2.7b;mmke-entity/instructblip-vicuna-7b;mmke-entity/minigpt-4-vicuna-7b;mmke-entity/paligemma-3b;mmke-entity/qwen2.5-vl-3b;mmke-entity/smolvlm-1.7b;mmke-visual/blip2-opt-2.7b;mmke-visual/instructblip-vicuna-7b;mmke-visual/minigpt-4-vicuna-7b;mmke-visual/paligemma-3b;mmke-visual/qwen2.5-vl-3b;mmke-visual/smolvlm-1.7b
recorded,rrf_w1_t5,M_abscos_x_newn,1,20,False,21,70.5769,70.6836,-0.10670000000000038,70.5769,-0.10670000000000038,1,17,2,0,2,0.0,-1.730000000000004,0.44599999999999795,0.2,evqa-pilot500/blip2-opt-2.7b;evqa-pilot500/instructblip-vicuna-7b;evqa-pilot500/llava-v1.5-7b;evqa-pilot500/minigpt-4-vicuna-7b;evqa-pilot500/paligemma-3b;evqa-pilot500/qwen2.5-vl-3b;evqa-pilot500/smolvlm-1.7b;mmke-entity/blip2-opt-2.7b;mmke-entity/instructblip-vicuna-7b;mmke-entity/minigpt-4-vicuna-7b;mmke-entity/paligemma-3b;mmke-entity/qwen2.5-vl-3b;mmke-entity/smolvlm-1.7b;mmke-visual/blip2-opt-2.7b;mmke-visual/instructblip-vicuna-7b;mmke-visual/llava-v1.5-7b;mmke-visual/minigpt-4-vicuna-7b;mmke-visual/paligemma-3b;mmke-visual/qwen2.5-vl-3b;mmke-visual/smolvlm-1.7b
recorded,rrf_w1_t5,M_abscos_x_newn,3,17,False,21,74.40564705882353,74.05482352941176,0.35082352941176465,71.49274509803922,0.057921568627449876,1,15,1,1,0,0.0,-0.20000000000000284,6.1640000000000015,0.4117647058823529,evqa-pilot500/blip2-opt-2.7b;evqa-pilot500/minigpt-4-vicuna-7b;evqa-pilot500/paligemma-3b;evqa-pilot500/qwen2.5-vl-3b;evqa-pilot500/smolvlm-1.7b;mmke-entity/blip2-opt-2.7b;mmke-entity/instructblip-vicuna-7b;mmke-entity/minigpt-4-vicuna-7b;mmke-entity/paligemma-3b;mmke-entity/qwen2.5-vl-3b;mmke-entity/smolvlm-1.7b;mmke-visual/blip2-opt-2.7b;mmke-visual/instructblip-vicuna-7b;mmke-visual/minigpt-4-vicuna-7b;mmke-visual/paligemma-3b;mmke-visual/qwen2.5-vl-3b;mmke-visual/smolvlm-1.7b
recorded,rrf_w1_t5,M_new_norm,1,19,False,21,70.33578947368422,70.26957894736842,0.06621052631578923,70.33578947368422,0.06621052631578923,2,17,0,1,0,0.0,0.0,0.769999999999996,0.21052631578947367,evqa-pilot500/blip2-opt-2.7b;evqa-pilot500/instructblip-vicuna-7b;evqa-pilot500/llava-v1.5-7b;evqa-pilot500/minigpt-4-vicuna-7b;evqa-pilot500/paligemma-3b;evqa-pilot500/qwen2.5-vl-3b;evqa-pilot500/smolvlm-1.7b;mmke-entity/blip2-opt-2.7b;mmke-entity/instructblip-vicuna-7b;mmke-entity/minigpt-4-vicuna-7b;mmke-entity/paligemma-3b;mmke-entity/qwen2.5-vl-3b;mmke-entity/smolvlm-1.7b;mmke-visual/blip2-opt-2.7b;mmke-visual/instructblip-vicuna-7b;mmke-visual/minigpt-4-vicuna-7b;mmke-visual/paligemma-3b;mmke-visual/qwen2.5-vl-3b;mmke-visual/smolvlm-1.7b
recorded,rrf_w1_t5,M_new_norm,3,17,False,21,74.40564705882353,74.29352941176471,0.1121176470588243,71.49274509803922,0.00058823529411753,3,14,0,2,0,0.0,0.0,0.8500000000000014,0.4117647058823529,evqa-pilot500/blip2-opt-2.7b;evqa-pilot500/minigpt-4-vicuna-7b;evqa-pilot500/paligemma-3b;evqa-pilot500/qwen2.5-vl-3b;evqa-pilot500/smolvlm-1.7b;mmke-entity/blip2-opt-2.7b;mmke-entity/instructblip-vicuna-7b;mmke-entity/minigpt-4-vicuna-7b;mmke-entity/paligemma-3b;mmke-entity/qwen2.5-vl-3b;mmke-entity/smolvlm-1.7b;mmke-visual/blip2-opt-2.7b;mmke-visual/instructblip-vicuna-7b;mmke-visual/minigpt-4-vicuna-7b;mmke-visual/paligemma-3b;mmke-visual/qwen2.5-vl-3b;mmke-visual/smolvlm-1.7b
recorded,rrf_w2_t0,M_abscos_x_newn,1,20,False,21,70.6836,70.6836,0.0,70.6836,0.0,0,20,0,0,0,0.0,0.0,0.0,0.25,evqa-pilot500/blip2-opt-2.7b;evqa-pilot500/instructblip-vicuna-7b;evqa-pilot500/llava-v1.5-7b;evqa-pilot500/minigpt-4-vicuna-7b;evqa-pilot500/paligemma-3b;evqa-pilot500/qwen2.5-vl-3b;evqa-pilot500/smolvlm-1.7b;mmke-entity/blip2-opt-2.7b;mmke-entity/instructblip-vicuna-7b;mmke-entity/minigpt-4-vicuna-7b;mmke-entity/paligemma-3b;mmke-entity/qwen2.5-vl-3b;mmke-entity/smolvlm-1.7b;mmke-visual/blip2-opt-2.7b;mmke-visual/instructblip-vicuna-7b;mmke-visual/llava-v1.5-7b;mmke-visual/minigpt-4-vicuna-7b;mmke-visual/paligemma-3b;mmke-visual/qwen2.5-vl-3b;mmke-visual/smolvlm-1.7b
recorded,rrf_w2_t0,M_abscos_x_newn,3,18,False,21,72.65677777777778,72.96677777777778,-0.3099999999999999,70.20581481481481,-0.14855555555555633,0,16,2,0,1,0.0,-5.3799999999999955,0.0,0.4444444444444444,evqa-pilot500/blip2-opt-2.7b;evqa-pilot500/instructblip-vicuna-7b;evqa-pilot500/minigpt-4-vicuna-7b;evqa-pilot500/paligemma-3b;evqa-pilot500/qwen2.5-vl-3b;evqa-pilot500/smolvlm-1.7b;mmke-entity/blip2-opt-2.7b;mmke-entity/instructblip-vicuna-7b;mmke-entity/minigpt-4-vicuna-7b;mmke-entity/paligemma-3b;mmke-entity/qwen2.5-vl-3b;mmke-entity/smolvlm-1.7b;mmke-visual/blip2-opt-2.7b;mmke-visual/instructblip-vicuna-7b;mmke-visual/minigpt-4-vicuna-7b;mmke-visual/paligemma-3b;mmke-visual/qwen2.5-vl-3b;mmke-visual/smolvlm-1.7b
recorded,rrf_w2_t0,M_new_norm,1,19,False,21,70.4481052631579,70.26957894736842,0.17852631578947384,70.4481052631579,0.17852631578947384,4,14,1,3,0,0.0,-0.44599999999999795,1.730000000000004,0.2631578947368421,evqa-pilot500/blip2-opt-2.7b;evqa-pilot500/instructblip-vicuna-7b;evqa-pilot500/llava-v1.5-7b;evqa-pilot500/minigpt-4-vicuna-7b;evqa-pilot500/paligemma-3b;evqa-pilot500/qwen2.5-vl-3b;evqa-pilot500/smolvlm-1.7b;mmke-entity/blip2-opt-2.7b;mmke-entity/instructblip-vicuna-7b;mmke-entity/minigpt-4-vicuna-7b;mmke-entity/paligemma-3b;mmke-entity/qwen2.5-vl-3b;mmke-entity/smolvlm-1.7b;mmke-visual/blip2-opt-2.7b;mmke-visual/instructblip-vicuna-7b;mmke-visual/minigpt-4-vicuna-7b;mmke-visual/paligemma-3b;mmke-visual/qwen2.5-vl-3b;mmke-visual/smolvlm-1.7b
recorded,rrf_w2_t0,M_new_norm,3,17,False,21,73.72658823529412,74.29352941176471,-0.5669411764705873,71.2775294117647,-0.214627450980392,3,13,1,2,1,0.0,-11.543999999999997,0.8500000000000014,0.4117647058823529,evqa-pilot500/blip2-opt-2.7b;evqa-pilot500/minigpt-4-vicuna-7b;evqa-pilot500/paligemma-3b;evqa-pilot500/qwen2.5-vl-3b;evqa-pilot500/smolvlm-1.7b;mmke-entity/blip2-opt-2.7b;mmke-entity/instructblip-vicuna-7b;mmke-entity/minigpt-4-vicuna-7b;mmke-entity/paligemma-3b;mmke-entity/qwen2.5-vl-3b;mmke-entity/smolvlm-1.7b;mmke-visual/blip2-opt-2.7b;mmke-visual/instructblip-vicuna-7b;mmke-visual/minigpt-4-vicuna-7b;mmke-visual/paligemma-3b;mmke-visual/qwen2.5-vl-3b;mmke-visual/smolvlm-1.7b
recorded,rrf_w2_t1,M_abscos_x_newn,1,20,False,21,70.6836,70.6836,0.0,70.6836,0.0,0,20,0,0,0,0.0,0.0,0.0,0.25,evqa-pilot500/blip2-opt-2.7b;evqa-pilot500/instructblip-vicuna-7b;evqa-pilot500/llava-v1.5-7b;evqa-pilot500/minigpt-4-vicuna-7b;evqa-pilot500/paligemma-3b;evqa-pilot500/qwen2.5-vl-3b;evqa-pilot500/smolvlm-1.7b;mmke-entity/blip2-opt-2.7b;mmke-entity/instructblip-vicuna-7b;mmke-entity/minigpt-4-vicuna-7b;mmke-entity/paligemma-3b;mmke-entity/qwen2.5-vl-3b;mmke-entity/smolvlm-1.7b;mmke-visual/blip2-opt-2.7b;mmke-visual/instructblip-vicuna-7b;mmke-visual/llava-v1.5-7b;mmke-visual/minigpt-4-vicuna-7b;mmke-visual/paligemma-3b;mmke-visual/qwen2.5-vl-3b;mmke-visual/smolvlm-1.7b
recorded,rrf_w2_t1,M_abscos_x_newn,3,18,False,21,72.6678888888889,72.96677777777778,-0.29888888888888865,70.22466666666666,-0.12970370370370393,0,17,1,0,1,0.0,-5.3799999999999955,0.0,0.4444444444444444,evqa-pilot500/blip2-opt-2.7b;evqa-pilot500/instructblip-vicuna-7b;evqa-pilot500/minigpt-4-vicuna-7b;evqa-pilot500/paligemma-3b;evqa-pilot500/qwen2.5-vl-3b;evqa-pilot500/smolvlm-1.7b;mmke-entity/blip2-opt-2.7b;mmke-entity/instructblip-vicuna-7b;mmke-entity/minigpt-4-vicuna-7b;mmke-entity/paligemma-3b;mmke-entity/qwen2.5-vl-3b;mmke-entity/smolvlm-1.7b;mmke-visual/blip2-opt-2.7b;mmke-visual/instructblip-vicuna-7b;mmke-visual/minigpt-4-vicuna-7b;mmke-visual/paligemma-3b;mmke-visual/qwen2.5-vl-3b;mmke-visual/smolvlm-1.7b
recorded,rrf_w2_t1,M_new_norm,1,19,False,21,70.4481052631579,70.26957894736842,0.17852631578947384,70.4481052631579,0.17852631578947384,4,14,1,3,0,0.0,-0.44599999999999795,1.730000000000004,0.2631578947368421,evqa-pilot500/blip2-opt-2.7b;evqa-pilot500/instructblip-vicuna-7b;evqa-pilot500/llava-v1.5-7b;evqa-pilot500/minigpt-4-vicuna-7b;evqa-pilot500/paligemma-3b;evqa-pilot500/qwen2.5-vl-3b;evqa-pilot500/smolvlm-1.7b;mmke-entity/blip2-opt-2.7b;mmke-entity/instructblip-vicuna-7b;mmke-entity/minigpt-4-vicuna-7b;mmke-entity/paligemma-3b;mmke-entity/qwen2.5-vl-3b;mmke-entity/smolvlm-1.7b;mmke-visual/blip2-opt-2.7b;mmke-visual/instructblip-vicuna-7b;mmke-visual/minigpt-4-vicuna-7b;mmke-visual/paligemma-3b;mmke-visual/qwen2.5-vl-3b;mmke-visual/smolvlm-1.7b
recorded,rrf_w2_t1,M_new_norm,3,17,False,21,73.73835294117647,74.29352941176471,-0.5551764705882342,71.29749019607843,-0.1946666666666659,3,13,1,2,1,0.0,-11.543999999999997,0.8500000000000014,0.4117647058823529,evqa-pilot500/blip2-opt-2.7b;evqa-pilot500/minigpt-4-vicuna-7b;evqa-pilot500/paligemma-3b;evqa-pilot500/qwen2.5-vl-3b;evqa-pilot500/smolvlm-1.7b;mmke-entity/blip2-opt-2.7b;mmke-entity/instructblip-vicuna-7b;mmke-entity/minigpt-4-vicuna-7b;mmke-entity/paligemma-3b;mmke-entity/qwen2.5-vl-3b;mmke-entity/smolvlm-1.7b;mmke-visual/blip2-opt-2.7b;mmke-visual/instructblip-vicuna-7b;mmke-visual/minigpt-4-vicuna-7b;mmke-visual/paligemma-3b;mmke-visual/qwen2.5-vl-3b;mmke-visual/smolvlm-1.7b
recorded,rrf_w2_t5,M_abscos_x_newn,1,20,False,21,70.6836,70.6836,0.0,70.6836,0.0,0,20,0,0,0,0.0,0.0,0.0,0.25,evqa-pilot500/blip2-opt-2.7b;evqa-pilot500/instructblip-vicuna-7b;evqa-pilot500/llava-v1.5-7b;evqa-pilot500/minigpt-4-vicuna-7b;evqa-pilot500/paligemma-3b;evqa-pilot500/qwen2.5-vl-3b;evqa-pilot500/smolvlm-1.7b;mmke-entity/blip2-opt-2.7b;mmke-entity/instructblip-vicuna-7b;mmke-entity/minigpt-4-vicuna-7b;mmke-entity/paligemma-3b;mmke-entity/qwen2.5-vl-3b;mmke-entity/smolvlm-1.7b;mmke-visual/blip2-opt-2.7b;mmke-visual/instructblip-vicuna-7b;mmke-visual/llava-v1.5-7b;mmke-visual/minigpt-4-vicuna-7b;mmke-visual/paligemma-3b;mmke-visual/qwen2.5-vl-3b;mmke-visual/smolvlm-1.7b
recorded,rrf_w2_t5,M_abscos_x_newn,3,18,False,21,72.96677777777778,72.96677777777778,0.0,70.35437037037038,0.0,0,18,0,0,0,0.0,0.0,0.0,0.4444444444444444,evqa-pilot500/blip2-opt-2.7b;evqa-pilot500/instructblip-vicuna-7b;evqa-pilot500/minigpt-4-vicuna-7b;evqa-pilot500/paligemma-3b;evqa-pilot500/qwen2.5-vl-3b;evqa-pilot500/smolvlm-1.7b;mmke-entity/blip2-opt-2.7b;mmke-entity/instructblip-vicuna-7b;mmke-entity/minigpt-4-vicuna-7b;mmke-entity/paligemma-3b;mmke-entity/qwen2.5-vl-3b;mmke-entity/smolvlm-1.7b;mmke-visual/blip2-opt-2.7b;mmke-visual/instructblip-vicuna-7b;mmke-visual/minigpt-4-vicuna-7b;mmke-visual/paligemma-3b;mmke-visual/qwen2.5-vl-3b;mmke-visual/smolvlm-1.7b
recorded,rrf_w2_t5,M_new_norm,1,19,False,21,70.4481052631579,70.26957894736842,0.17852631578947384,70.4481052631579,0.17852631578947384,4,14,1,3,0,0.0,-0.44599999999999795,1.730000000000004,0.2631578947368421,evqa-pilot500/blip2-opt-2.7b;evqa-pilot500/instructblip-vicuna-7b;evqa-pilot500/llava-v1.5-7b;evqa-pilot500/minigpt-4-vicuna-7b;evqa-pilot500/paligemma-3b;evqa-pilot500/qwen2.5-vl-3b;evqa-pilot500/smolvlm-1.7b;mmke-entity/blip2-opt-2.7b;mmke-entity/instructblip-vicuna-7b;mmke-entity/minigpt-4-vicuna-7b;mmke-entity/paligemma-3b;mmke-entity/qwen2.5-vl-3b;mmke-entity/smolvlm-1.7b;mmke-visual/blip2-opt-2.7b;mmke-visual/instructblip-vicuna-7b;mmke-visual/minigpt-4-vicuna-7b;mmke-visual/paligemma-3b;mmke-visual/qwen2.5-vl-3b;mmke-visual/smolvlm-1.7b
recorded,rrf_w2_t5,M_new_norm,3,17,False,21,74.05482352941176,74.29352941176471,-0.23870588235294032,71.43482352941177,-0.05733333333333235,3,13,1,2,1,0.0,-6.1640000000000015,0.8500000000000014,0.4117647058823529,evqa-pilot500/blip2-opt-2.7b;evqa-pilot500/minigpt-4-vicuna-7b;evqa-pilot500/paligemma-3b;evqa-pilot500/qwen2.5-vl-3b;evqa-pilot500/smolvlm-1.7b;mmke-entity/blip2-opt-2.7b;mmke-entity/instructblip-vicuna-7b;mmke-entity/minigpt-4-vicuna-7b;mmke-entity/paligemma-3b;mmke-entity/qwen2.5-vl-3b;mmke-entity/smolvlm-1.7b;mmke-visual/blip2-opt-2.7b;mmke-visual/instructblip-vicuna-7b;mmke-visual/minigpt-4-vicuna-7b;mmke-visual/paligemma-3b;mmke-visual/qwen2.5-vl-3b;mmke-visual/smolvlm-1.7b
recorded,rrf_w4_t0,M_abscos_x_newn,1,20,False,21,70.6836,70.6836,0.0,70.6836,0.0,0,20,0,0,0,0.0,0.0,0.0,0.25,evqa-pilot500/blip2-opt-2.7b;evqa-pilot500/instructblip-vicuna-7b;evqa-pilot500/llava-v1.5-7b;evqa-pilot500/minigpt-4-vicuna-7b;evqa-pilot500/paligemma-3b;evqa-pilot500/qwen2.5-vl-3b;evqa-pilot500/smolvlm-1.7b;mmke-entity/blip2-opt-2.7b;mmke-entity/instructblip-vicuna-7b;mmke-entity/minigpt-4-vicuna-7b;mmke-entity/paligemma-3b;mmke-entity/qwen2.5-vl-3b;mmke-entity/smolvlm-1.7b;mmke-visual/blip2-opt-2.7b;mmke-visual/instructblip-vicuna-7b;mmke-visual/llava-v1.5-7b;mmke-visual/minigpt-4-vicuna-7b;mmke-visual/paligemma-3b;mmke-visual/qwen2.5-vl-3b;mmke-visual/smolvlm-1.7b
recorded,rrf_w4_t0,M_abscos_x_newn,3,18,False,21,72.96677777777778,72.96677777777778,0.0,70.35437037037038,0.0,0,18,0,0,0,0.0,0.0,0.0,0.4444444444444444,evqa-pilot500/blip2-opt-2.7b;evqa-pilot500/instructblip-vicuna-7b;evqa-pilot500/minigpt-4-vicuna-7b;evqa-pilot500/paligemma-3b;evqa-pilot500/qwen2.5-vl-3b;evqa-pilot500/smolvlm-1.7b;mmke-entity/blip2-opt-2.7b;mmke-entity/instructblip-vicuna-7b;mmke-entity/minigpt-4-vicuna-7b;mmke-entity/paligemma-3b;mmke-entity/qwen2.5-vl-3b;mmke-entity/smolvlm-1.7b;mmke-visual/blip2-opt-2.7b;mmke-visual/instructblip-vicuna-7b;mmke-visual/minigpt-4-vicuna-7b;mmke-visual/paligemma-3b;mmke-visual/qwen2.5-vl-3b;mmke-visual/smolvlm-1.7b
recorded,rrf_w4_t0,M_new_norm,1,19,False,21,70.4481052631579,70.26957894736842,0.17852631578947384,70.4481052631579,0.17852631578947384,4,14,1,3,0,0.0,-0.44599999999999795,1.730000000000004,0.2631578947368421,evqa-pilot500/blip2-opt-2.7b;evqa-pilot500/instructblip-vicuna-7b;evqa-pilot500/llava-v1.5-7b;evqa-pilot500/minigpt-4-vicuna-7b;evqa-pilot500/paligemma-3b;evqa-pilot500/qwen2.5-vl-3b;evqa-pilot500/smolvlm-1.7b;mmke-entity/blip2-opt-2.7b;mmke-entity/instructblip-vicuna-7b;mmke-entity/minigpt-4-vicuna-7b;mmke-entity/paligemma-3b;mmke-entity/qwen2.5-vl-3b;mmke-entity/smolvlm-1.7b;mmke-visual/blip2-opt-2.7b;mmke-visual/instructblip-vicuna-7b;mmke-visual/minigpt-4-vicuna-7b;mmke-visual/paligemma-3b;mmke-visual/qwen2.5-vl-3b;mmke-visual/smolvlm-1.7b
recorded,rrf_w4_t0,M_new_norm,3,17,False,21,74.05482352941176,74.29352941176471,-0.23870588235294032,71.43482352941177,-0.05733333333333235,3,13,1,2,1,0.0,-6.1640000000000015,0.8500000000000014,0.4117647058823529,evqa-pilot500/blip2-opt-2.7b;evqa-pilot500/minigpt-4-vicuna-7b;evqa-pilot500/paligemma-3b;evqa-pilot500/qwen2.5-vl-3b;evqa-pilot500/smolvlm-1.7b;mmke-entity/blip2-opt-2.7b;mmke-entity/instructblip-vicuna-7b;mmke-entity/minigpt-4-vicuna-7b;mmke-entity/paligemma-3b;mmke-entity/qwen2.5-vl-3b;mmke-entity/smolvlm-1.7b;mmke-visual/blip2-opt-2.7b;mmke-visual/instructblip-vicuna-7b;mmke-visual/minigpt-4-vicuna-7b;mmke-visual/paligemma-3b;mmke-visual/qwen2.5-vl-3b;mmke-visual/smolvlm-1.7b
recorded,rrf_w4_t1,M_abscos_x_newn,1,20,False,21,70.6836,70.6836,0.0,70.6836,0.0,0,20,0,0,0,0.0,0.0,0.0,0.25,evqa-pilot500/blip2-opt-2.7b;evqa-pilot500/instructblip-vicuna-7b;evqa-pilot500/llava-v1.5-7b;evqa-pilot500/minigpt-4-vicuna-7b;evqa-pilot500/paligemma-3b;evqa-pilot500/qwen2.5-vl-3b;evqa-pilot500/smolvlm-1.7b;mmke-entity/blip2-opt-2.7b;mmke-entity/instructblip-vicuna-7b;mmke-entity/minigpt-4-vicuna-7b;mmke-entity/paligemma-3b;mmke-entity/qwen2.5-vl-3b;mmke-entity/smolvlm-1.7b;mmke-visual/blip2-opt-2.7b;mmke-visual/instructblip-vicuna-7b;mmke-visual/llava-v1.5-7b;mmke-visual/minigpt-4-vicuna-7b;mmke-visual/paligemma-3b;mmke-visual/qwen2.5-vl-3b;mmke-visual/smolvlm-1.7b
recorded,rrf_w4_t1,M_abscos_x_newn,3,18,False,21,72.96677777777778,72.96677777777778,0.0,70.35437037037038,0.0,0,18,0,0,0,0.0,0.0,0.0,0.4444444444444444,evqa-pilot500/blip2-opt-2.7b;evqa-pilot500/instructblip-vicuna-7b;evqa-pilot500/minigpt-4-vicuna-7b;evqa-pilot500/paligemma-3b;evqa-pilot500/qwen2.5-vl-3b;evqa-pilot500/smolvlm-1.7b;mmke-entity/blip2-opt-2.7b;mmke-entity/instructblip-vicuna-7b;mmke-entity/minigpt-4-vicuna-7b;mmke-entity/paligemma-3b;mmke-entity/qwen2.5-vl-3b;mmke-entity/smolvlm-1.7b;mmke-visual/blip2-opt-2.7b;mmke-visual/instructblip-vicuna-7b;mmke-visual/minigpt-4-vicuna-7b;mmke-visual/paligemma-3b;mmke-visual/qwen2.5-vl-3b;mmke-visual/smolvlm-1.7b
recorded,rrf_w4_t1,M_new_norm,1,19,False,21,70.4481052631579,70.26957894736842,0.17852631578947384,70.4481052631579,0.17852631578947384,4,14,1,3,0,0.0,-0.44599999999999795,1.730000000000004,0.2631578947368421,evqa-pilot500/blip2-opt-2.7b;evqa-pilot500/instructblip-vicuna-7b;evqa-pilot500/llava-v1.5-7b;evqa-pilot500/minigpt-4-vicuna-7b;evqa-pilot500/paligemma-3b;evqa-pilot500/qwen2.5-vl-3b;evqa-pilot500/smolvlm-1.7b;mmke-entity/blip2-opt-2.7b;mmke-entity/instructblip-vicuna-7b;mmke-entity/minigpt-4-vicuna-7b;mmke-entity/paligemma-3b;mmke-entity/qwen2.5-vl-3b;mmke-entity/smolvlm-1.7b;mmke-visual/blip2-opt-2.7b;mmke-visual/instructblip-vicuna-7b;mmke-visual/minigpt-4-vicuna-7b;mmke-visual/paligemma-3b;mmke-visual/qwen2.5-vl-3b;mmke-visual/smolvlm-1.7b
recorded,rrf_w4_t1,M_new_norm,3,17,False,21,74.05482352941176,74.29352941176471,-0.23870588235294032,71.43482352941177,-0.05733333333333235,3,13,1,2,1,0.0,-6.1640000000000015,0.8500000000000014,0.4117647058823529,evqa-pilot500/blip2-opt-2.7b;evqa-pilot500/minigpt-4-vicuna-7b;evqa-pilot500/paligemma-3b;evqa-pilot500/qwen2.5-vl-3b;evqa-pilot500/smolvlm-1.7b;mmke-entity/blip2-opt-2.7b;mmke-entity/instructblip-vicuna-7b;mmke-entity/minigpt-4-vicuna-7b;mmke-entity/paligemma-3b;mmke-entity/qwen2.5-vl-3b;mmke-entity/smolvlm-1.7b;mmke-visual/blip2-opt-2.7b;mmke-visual/instructblip-vicuna-7b;mmke-visual/minigpt-4-vicuna-7b;mmke-visual/paligemma-3b;mmke-visual/qwen2.5-vl-3b;mmke-visual/smolvlm-1.7b
recorded,rrf_w4_t5,M_abscos_x_newn,1,20,False,21,70.6836,70.6836,0.0,70.6836,0.0,0,20,0,0,0,0.0,0.0,0.0,0.25,evqa-pilot500/blip2-opt-2.7b;evqa-pilot500/instructblip-vicuna-7b;evqa-pilot500/llava-v1.5-7b;evqa-pilot500/minigpt-4-vicuna-7b;evqa-pilot500/paligemma-3b;evqa-pilot500/qwen2.5-vl-3b;evqa-pilot500/smolvlm-1.7b;mmke-entity/blip2-opt-2.7b;mmke-entity/instructblip-vicuna-7b;mmke-entity/minigpt-4-vicuna-7b;mmke-entity/paligemma-3b;mmke-entity/qwen2.5-vl-3b;mmke-entity/smolvlm-1.7b;mmke-visual/blip2-opt-2.7b;mmke-visual/instructblip-vicuna-7b;mmke-visual/llava-v1.5-7b;mmke-visual/minigpt-4-vicuna-7b;mmke-visual/paligemma-3b;mmke-visual/qwen2.5-vl-3b;mmke-visual/smolvlm-1.7b
recorded,rrf_w4_t5,M_abscos_x_newn,3,19,False,21,73.13621052631579,73.13621052631579,0.0,70.63368421052631,0.0,0,19,0,0,0,0.0,0.0,0.0,0.42105263157894735,evqa-pilot500/blip2-opt-2.7b;evqa-pilot500/instructblip-vicuna-7b;evqa-pilot500/minigpt-4-vicuna-7b;evqa-pilot500/paligemma-3b;evqa-pilot500/qwen2.5-vl-3b;evqa-pilot500/smolvlm-1.7b;mmke-entity/blip2-opt-2.7b;mmke-entity/instructblip-vicuna-7b;mmke-entity/minigpt-4-vicuna-7b;mmke-entity/paligemma-3b;mmke-entity/qwen2.5-vl-3b;mmke-entity/smolvlm-1.7b;mmke-visual/blip2-opt-2.7b;mmke-visual/instructblip-vicuna-7b;mmke-visual/llava-v1.5-7b;mmke-visual/minigpt-4-vicuna-7b;mmke-visual/paligemma-3b;mmke-visual/qwen2.5-vl-3b;mmke-visual/smolvlm-1.7b
recorded,rrf_w4_t5,M_new_norm,1,19,False,21,70.4481052631579,70.26957894736842,0.17852631578947384,70.4481052631579,0.17852631578947384,4,14,1,3,0,0.0,-0.44599999999999795,1.730000000000004,0.2631578947368421,evqa-pilot500/blip2-opt-2.7b;evqa-pilot500/instructblip-vicuna-7b;evqa-pilot500/llava-v1.5-7b;evqa-pilot500/minigpt-4-vicuna-7b;evqa-pilot500/paligemma-3b;evqa-pilot500/qwen2.5-vl-3b;evqa-pilot500/smolvlm-1.7b;mmke-entity/blip2-opt-2.7b;mmke-entity/instructblip-vicuna-7b;mmke-entity/minigpt-4-vicuna-7b;mmke-entity/paligemma-3b;mmke-entity/qwen2.5-vl-3b;mmke-entity/smolvlm-1.7b;mmke-visual/blip2-opt-2.7b;mmke-visual/instructblip-vicuna-7b;mmke-visual/minigpt-4-vicuna-7b;mmke-visual/paligemma-3b;mmke-visual/qwen2.5-vl-3b;mmke-visual/smolvlm-1.7b
recorded,rrf_w4_t5,M_new_norm,3,17,False,21,74.05482352941176,74.29352941176471,-0.23870588235294032,71.43482352941177,-0.05733333333333235,3,13,1,2,1,0.0,-6.1640000000000015,0.8500000000000014,0.4117647058823529,evqa-pilot500/blip2-opt-2.7b;evqa-pilot500/minigpt-4-vicuna-7b;evqa-pilot500/paligemma-3b;evqa-pilot500/qwen2.5-vl-3b;evqa-pilot500/smolvlm-1.7b;mmke-entity/blip2-opt-2.7b;mmke-entity/instructblip-vicuna-7b;mmke-entity/minigpt-4-vicuna-7b;mmke-entity/paligemma-3b;mmke-entity/qwen2.5-vl-3b;mmke-entity/smolvlm-1.7b;mmke-visual/blip2-opt-2.7b;mmke-visual/instructblip-vicuna-7b;mmke-visual/minigpt-4-vicuna-7b;mmke-visual/paligemma-3b;mmke-visual/qwen2.5-vl-3b;mmke-visual/smolvlm-1.7b
recorded,rank_max_w0.5,M_abscos_x_newn,1,19,False,21,70.26957894736842,70.4481052631579,-0.17852631578947384,70.26957894736842,-0.17852631578947384,1,14,4,0,3,0.0,-1.730000000000004,0.44599999999999795,0.21052631578947367,evqa-pilot500/blip2-opt-2.7b;evqa-pilot500/instructblip-vicuna-7b;evqa-pilot500/llava-v1.5-7b;evqa-pilot500/minigpt-4-vicuna-7b;evqa-pilot500/paligemma-3b;evqa-pilot500/qwen2.5-vl-3b;evqa-pilot500/smolvlm-1.7b;mmke-entity/blip2-opt-2.7b;mmke-entity/instructblip-vicuna-7b;mmke-entity/minigpt-4-vicuna-7b;mmke-entity/paligemma-3b;mmke-entity/qwen2.5-vl-3b;mmke-entity/smolvlm-1.7b;mmke-visual/blip2-opt-2.7b;mmke-visual/instructblip-vicuna-7b;mmke-visual/minigpt-4-vicuna-7b;mmke-visual/paligemma-3b;mmke-visual/qwen2.5-vl-3b;mmke-visual/smolvlm-1.7b
recorded,rank_max_w0.5,M_abscos_x_newn,3,17,False,21,74.39011764705883,74.05482352941176,0.33529411764705813,71.45972549019608,0.02490196078431323,1,14,2,1,0,0.0,-0.24800000000000466,6.1640000000000015,0.4117647058823529,evqa-pilot500/blip2-opt-2.7b;evqa-pilot500/minigpt-4-vicuna-7b;evqa-pilot500/paligemma-3b;evqa-pilot500/qwen2.5-vl-3b;evqa-pilot500/smolvlm-1.7b;mmke-entity/blip2-opt-2.7b;mmke-entity/instructblip-vicuna-7b;mmke-entity/minigpt-4-vicuna-7b;mmke-entity/paligemma-3b;mmke-entity/qwen2.5-vl-3b;mmke-entity/smolvlm-1.7b;mmke-visual/blip2-opt-2.7b;mmke-visual/instructblip-vicuna-7b;mmke-visual/minigpt-4-vicuna-7b;mmke-visual/paligemma-3b;mmke-visual/qwen2.5-vl-3b;mmke-visual/smolvlm-1.7b
recorded,rank_max_w0.5,M_new_norm,1,19,False,21,70.26957894736842,70.26957894736842,0.0,70.26957894736842,0.0,0,19,0,0,0,0.0,0.0,0.0,0.21052631578947367,evqa-pilot500/blip2-opt-2.7b;evqa-pilot500/instructblip-vicuna-7b;evqa-pilot500/llava-v1.5-7b;evqa-pilot500/minigpt-4-vicuna-7b;evqa-pilot500/paligemma-3b;evqa-pilot500/qwen2.5-vl-3b;evqa-pilot500/smolvlm-1.7b;mmke-entity/blip2-opt-2.7b;mmke-entity/instructblip-vicuna-7b;mmke-entity/minigpt-4-vicuna-7b;mmke-entity/paligemma-3b;mmke-entity/qwen2.5-vl-3b;mmke-entity/smolvlm-1.7b;mmke-visual/blip2-opt-2.7b;mmke-visual/instructblip-vicuna-7b;mmke-visual/minigpt-4-vicuna-7b;mmke-visual/paligemma-3b;mmke-visual/qwen2.5-vl-3b;mmke-visual/smolvlm-1.7b
recorded,rank_max_w0.5,M_new_norm,3,17,False,21,74.39011764705883,74.29352941176471,0.09658823529411782,71.45972549019608,-0.03243137254901912,3,14,0,2,0,0.0,0.0,0.8500000000000014,0.4117647058823529,evqa-pilot500/blip2-opt-2.7b;evqa-pilot500/minigpt-4-vicuna-7b;evqa-pilot500/paligemma-3b;evqa-pilot500/qwen2.5-vl-3b;evqa-pilot500/smolvlm-1.7b;mmke-entity/blip2-opt-2.7b;mmke-entity/instructblip-vicuna-7b;mmke-entity/minigpt-4-vicuna-7b;mmke-entity/paligemma-3b;mmke-entity/qwen2.5-vl-3b;mmke-entity/smolvlm-1.7b;mmke-visual/blip2-opt-2.7b;mmke-visual/instructblip-vicuna-7b;mmke-visual/minigpt-4-vicuna-7b;mmke-visual/paligemma-3b;mmke-visual/qwen2.5-vl-3b;mmke-visual/smolvlm-1.7b
recorded,rank_max_w0.75,M_abscos_x_newn,1,19,False,21,70.26957894736842,70.4481052631579,-0.17852631578947384,70.26957894736842,-0.17852631578947384,1,14,4,0,3,0.0,-1.730000000000004,0.44599999999999795,0.21052631578947367,evqa-pilot500/blip2-opt-2.7b;evqa-pilot500/instructblip-vicuna-7b;evqa-pilot500/llava-v1.5-7b;evqa-pilot500/minigpt-4-vicuna-7b;evqa-pilot500/paligemma-3b;evqa-pilot500/qwen2.5-vl-3b;evqa-pilot500/smolvlm-1.7b;mmke-entity/blip2-opt-2.7b;mmke-entity/instructblip-vicuna-7b;mmke-entity/minigpt-4-vicuna-7b;mmke-entity/paligemma-3b;mmke-entity/qwen2.5-vl-3b;mmke-entity/smolvlm-1.7b;mmke-visual/blip2-opt-2.7b;mmke-visual/instructblip-vicuna-7b;mmke-visual/minigpt-4-vicuna-7b;mmke-visual/paligemma-3b;mmke-visual/qwen2.5-vl-3b;mmke-visual/smolvlm-1.7b
recorded,rank_max_w0.75,M_abscos_x_newn,3,17,False,21,74.39011764705883,74.05482352941176,0.33529411764705813,71.45972549019608,0.02490196078431323,1,14,2,1,0,0.0,-0.24800000000000466,6.1640000000000015,0.4117647058823529,evqa-pilot500/blip2-opt-2.7b;evqa-pilot500/minigpt-4-vicuna-7b;evqa-pilot500/paligemma-3b;evqa-pilot500/qwen2.5-vl-3b;evqa-pilot500/smolvlm-1.7b;mmke-entity/blip2-opt-2.7b;mmke-entity/instructblip-vicuna-7b;mmke-entity/minigpt-4-vicuna-7b;mmke-entity/paligemma-3b;mmke-entity/qwen2.5-vl-3b;mmke-entity/smolvlm-1.7b;mmke-visual/blip2-opt-2.7b;mmke-visual/instructblip-vicuna-7b;mmke-visual/minigpt-4-vicuna-7b;mmke-visual/paligemma-3b;mmke-visual/qwen2.5-vl-3b;mmke-visual/smolvlm-1.7b
recorded,rank_max_w0.75,M_new_norm,1,19,False,21,70.26957894736842,70.26957894736842,0.0,70.26957894736842,0.0,0,19,0,0,0,0.0,0.0,0.0,0.21052631578947367,evqa-pilot500/blip2-opt-2.7b;evqa-pilot500/instructblip-vicuna-7b;evqa-pilot500/llava-v1.5-7b;evqa-pilot500/minigpt-4-vicuna-7b;evqa-pilot500/paligemma-3b;evqa-pilot500/qwen2.5-vl-3b;evqa-pilot500/smolvlm-1.7b;mmke-entity/blip2-opt-2.7b;mmke-entity/instructblip-vicuna-7b;mmke-entity/minigpt-4-vicuna-7b;mmke-entity/paligemma-3b;mmke-entity/qwen2.5-vl-3b;mmke-entity/smolvlm-1.7b;mmke-visual/blip2-opt-2.7b;mmke-visual/instructblip-vicuna-7b;mmke-visual/minigpt-4-vicuna-7b;mmke-visual/paligemma-3b;mmke-visual/qwen2.5-vl-3b;mmke-visual/smolvlm-1.7b
recorded,rank_max_w0.75,M_new_norm,3,17,False,21,74.39011764705883,74.29352941176471,0.09658823529411782,71.45972549019608,-0.03243137254901912,3,14,0,2,0,0.0,0.0,0.8500000000000014,0.4117647058823529,evqa-pilot500/blip2-opt-2.7b;evqa-pilot500/minigpt-4-vicuna-7b;evqa-pilot500/paligemma-3b;evqa-pilot500/qwen2.5-vl-3b;evqa-pilot500/smolvlm-1.7b;mmke-entity/blip2-opt-2.7b;mmke-entity/instructblip-vicuna-7b;mmke-entity/minigpt-4-vicuna-7b;mmke-entity/paligemma-3b;mmke-entity/qwen2.5-vl-3b;mmke-entity/smolvlm-1.7b;mmke-visual/blip2-opt-2.7b;mmke-visual/instructblip-vicuna-7b;mmke-visual/minigpt-4-vicuna-7b;mmke-visual/paligemma-3b;mmke-visual/qwen2.5-vl-3b;mmke-visual/smolvlm-1.7b
recorded,rank_max_w1,M_abscos_x_newn,1,20,False,21,70.514,70.6836,-0.16960000000000014,70.514,-0.16960000000000014,1,15,4,0,3,0.0,-1.730000000000004,0.44599999999999795,0.2,evqa-pilot500/blip2-opt-2.7b;evqa-pilot500/instructblip-vicuna-7b;evqa-pilot500/llava-v1.5-7b;evqa-pilot500/minigpt-4-vicuna-7b;evqa-pilot500/paligemma-3b;evqa-pilot500/qwen2.5-vl-3b;evqa-pilot500/smolvlm-1.7b;mmke-entity/blip2-opt-2.7b;mmke-entity/instructblip-vicuna-7b;mmke-entity/minigpt-4-vicuna-7b;mmke-entity/paligemma-3b;mmke-entity/qwen2.5-vl-3b;mmke-entity/smolvlm-1.7b;mmke-visual/blip2-opt-2.7b;mmke-visual/instructblip-vicuna-7b;mmke-visual/llava-v1.5-7b;mmke-visual/minigpt-4-vicuna-7b;mmke-visual/paligemma-3b;mmke-visual/qwen2.5-vl-3b;mmke-visual/smolvlm-1.7b
recorded,rank_max_w1,M_abscos_x_newn,3,17,False,21,74.39011764705883,74.05482352941176,0.33529411764705813,71.45972549019608,0.02490196078431323,1,14,2,1,0,0.0,-0.24800000000000466,6.1640000000000015,0.4117647058823529,evqa-pilot500/blip2-opt-2.7b;evqa-pilot500/minigpt-4-vicuna-7b;evqa-pilot500/paligemma-3b;evqa-pilot500/qwen2.5-vl-3b;evqa-pilot500/smolvlm-1.7b;mmke-entity/blip2-opt-2.7b;mmke-entity/instructblip-vicuna-7b;mmke-entity/minigpt-4-vicuna-7b;mmke-entity/paligemma-3b;mmke-entity/qwen2.5-vl-3b;mmke-entity/smolvlm-1.7b;mmke-visual/blip2-opt-2.7b;mmke-visual/instructblip-vicuna-7b;mmke-visual/minigpt-4-vicuna-7b;mmke-visual/paligemma-3b;mmke-visual/qwen2.5-vl-3b;mmke-visual/smolvlm-1.7b
recorded,rank_max_w1,M_new_norm,1,19,False,21,70.26957894736842,70.26957894736842,0.0,70.26957894736842,0.0,0,19,0,0,0,0.0,0.0,0.0,0.21052631578947367,evqa-pilot500/blip2-opt-2.7b;evqa-pilot500/instructblip-vicuna-7b;evqa-pilot500/llava-v1.5-7b;evqa-pilot500/minigpt-4-vicuna-7b;evqa-pilot500/paligemma-3b;evqa-pilot500/qwen2.5-vl-3b;evqa-pilot500/smolvlm-1.7b;mmke-entity/blip2-opt-2.7b;mmke-entity/instructblip-vicuna-7b;mmke-entity/minigpt-4-vicuna-7b;mmke-entity/paligemma-3b;mmke-entity/qwen2.5-vl-3b;mmke-entity/smolvlm-1.7b;mmke-visual/blip2-opt-2.7b;mmke-visual/instructblip-vicuna-7b;mmke-visual/minigpt-4-vicuna-7b;mmke-visual/paligemma-3b;mmke-visual/qwen2.5-vl-3b;mmke-visual/smolvlm-1.7b
recorded,rank_max_w1,M_new_norm,3,17,False,21,74.39011764705883,74.29352941176471,0.09658823529411782,71.45972549019608,-0.03243137254901912,3,14,0,2,0,0.0,0.0,0.8500000000000014,0.4117647058823529,evqa-pilot500/blip2-opt-2.7b;evqa-pilot500/minigpt-4-vicuna-7b;evqa-pilot500/paligemma-3b;evqa-pilot500/qwen2.5-vl-3b;evqa-pilot500/smolvlm-1.7b;mmke-entity/blip2-opt-2.7b;mmke-entity/instructblip-vicuna-7b;mmke-entity/minigpt-4-vicuna-7b;mmke-entity/paligemma-3b;mmke-entity/qwen2.5-vl-3b;mmke-entity/smolvlm-1.7b;mmke-visual/blip2-opt-2.7b;mmke-visual/instructblip-vicuna-7b;mmke-visual/minigpt-4-vicuna-7b;mmke-visual/paligemma-3b;mmke-visual/qwen2.5-vl-3b;mmke-visual/smolvlm-1.7b
recorded,rank_max_w1.25,M_abscos_x_newn,1,20,False,21,70.6836,70.6836,0.0,70.6836,0.0,0,20,0,0,0,0.0,0.0,0.0,0.25,evqa-pilot500/blip2-opt-2.7b;evqa-pilot500/instructblip-vicuna-7b;evqa-pilot500/llava-v1.5-7b;evqa-pilot500/minigpt-4-vicuna-7b;evqa-pilot500/paligemma-3b;evqa-pilot500/qwen2.5-vl-3b;evqa-pilot500/smolvlm-1.7b;mmke-entity/blip2-opt-2.7b;mmke-entity/instructblip-vicuna-7b;mmke-entity/minigpt-4-vicuna-7b;mmke-entity/paligemma-3b;mmke-entity/qwen2.5-vl-3b;mmke-entity/smolvlm-1.7b;mmke-visual/blip2-opt-2.7b;mmke-visual/instructblip-vicuna-7b;mmke-visual/llava-v1.5-7b;mmke-visual/minigpt-4-vicuna-7b;mmke-visual/paligemma-3b;mmke-visual/qwen2.5-vl-3b;mmke-visual/smolvlm-1.7b
recorded,rank_max_w1.25,M_abscos_x_newn,3,18,False,21,72.65677777777778,72.96677777777778,-0.3099999999999999,70.20581481481481,-0.14855555555555633,0,16,2,0,1,0.0,-5.3799999999999955,0.0,0.4444444444444444,evqa-pilot500/blip2-opt-2.7b;evqa-pilot500/instructblip-vicuna-7b;evqa-pilot500/minigpt-4-vicuna-7b;evqa-pilot500/paligemma-3b;evqa-pilot500/qwen2.5-vl-3b;evqa-pilot500/smolvlm-1.7b;mmke-entity/blip2-opt-2.7b;mmke-entity/instructblip-vicuna-7b;mmke-entity/minigpt-4-vicuna-7b;mmke-entity/paligemma-3b;mmke-entity/qwen2.5-vl-3b;mmke-entity/smolvlm-1.7b;mmke-visual/blip2-opt-2.7b;mmke-visual/instructblip-vicuna-7b;mmke-visual/minigpt-4-vicuna-7b;mmke-visual/paligemma-3b;mmke-visual/qwen2.5-vl-3b;mmke-visual/smolvlm-1.7b
recorded,rank_max_w1.25,M_new_norm,1,19,False,21,70.4481052631579,70.26957894736842,0.17852631578947384,70.4481052631579,0.17852631578947384,4,14,1,3,0,0.0,-0.44599999999999795,1.730000000000004,0.2631578947368421,evqa-pilot500/blip2-opt-2.7b;evqa-pilot500/instructblip-vicuna-7b;evqa-pilot500/llava-v1.5-7b;evqa-pilot500/minigpt-4-vicuna-7b;evqa-pilot500/paligemma-3b;evqa-pilot500/qwen2.5-vl-3b;evqa-pilot500/smolvlm-1.7b;mmke-entity/blip2-opt-2.7b;mmke-entity/instructblip-vicuna-7b;mmke-entity/minigpt-4-vicuna-7b;mmke-entity/paligemma-3b;mmke-entity/qwen2.5-vl-3b;mmke-entity/smolvlm-1.7b;mmke-visual/blip2-opt-2.7b;mmke-visual/instructblip-vicuna-7b;mmke-visual/minigpt-4-vicuna-7b;mmke-visual/paligemma-3b;mmke-visual/qwen2.5-vl-3b;mmke-visual/smolvlm-1.7b
recorded,rank_max_w1.25,M_new_norm,3,17,False,21,73.72658823529412,74.29352941176471,-0.5669411764705873,71.2775294117647,-0.214627450980392,3,13,1,2,1,0.0,-11.543999999999997,0.8500000000000014,0.4117647058823529,evqa-pilot500/blip2-opt-2.7b;evqa-pilot500/minigpt-4-vicuna-7b;evqa-pilot500/paligemma-3b;evqa-pilot500/qwen2.5-vl-3b;evqa-pilot500/smolvlm-1.7b;mmke-entity/blip2-opt-2.7b;mmke-entity/instructblip-vicuna-7b;mmke-entity/minigpt-4-vicuna-7b;mmke-entity/paligemma-3b;mmke-entity/qwen2.5-vl-3b;mmke-entity/smolvlm-1.7b;mmke-visual/blip2-opt-2.7b;mmke-visual/instructblip-vicuna-7b;mmke-visual/minigpt-4-vicuna-7b;mmke-visual/paligemma-3b;mmke-visual/qwen2.5-vl-3b;mmke-visual/smolvlm-1.7b
recorded,rank_max_w2,M_abscos_x_newn,1,20,False,21,70.6836,70.6836,0.0,70.6836,0.0,0,20,0,0,0,0.0,0.0,0.0,0.25,evqa-pilot500/blip2-opt-2.7b;evqa-pilot500/instructblip-vicuna-7b;evqa-pilot500/llava-v1.5-7b;evqa-pilot500/minigpt-4-vicuna-7b;evqa-pilot500/paligemma-3b;evqa-pilot500/qwen2.5-vl-3b;evqa-pilot500/smolvlm-1.7b;mmke-entity/blip2-opt-2.7b;mmke-entity/instructblip-vicuna-7b;mmke-entity/minigpt-4-vicuna-7b;mmke-entity/paligemma-3b;mmke-entity/qwen2.5-vl-3b;mmke-entity/smolvlm-1.7b;mmke-visual/blip2-opt-2.7b;mmke-visual/instructblip-vicuna-7b;mmke-visual/llava-v1.5-7b;mmke-visual/minigpt-4-vicuna-7b;mmke-visual/paligemma-3b;mmke-visual/qwen2.5-vl-3b;mmke-visual/smolvlm-1.7b
recorded,rank_max_w2,M_abscos_x_newn,3,18,False,21,72.65677777777778,72.96677777777778,-0.3099999999999999,70.20581481481481,-0.14855555555555633,0,16,2,0,1,0.0,-5.3799999999999955,0.0,0.4444444444444444,evqa-pilot500/blip2-opt-2.7b;evqa-pilot500/instructblip-vicuna-7b;evqa-pilot500/minigpt-4-vicuna-7b;evqa-pilot500/paligemma-3b;evqa-pilot500/qwen2.5-vl-3b;evqa-pilot500/smolvlm-1.7b;mmke-entity/blip2-opt-2.7b;mmke-entity/instructblip-vicuna-7b;mmke-entity/minigpt-4-vicuna-7b;mmke-entity/paligemma-3b;mmke-entity/qwen2.5-vl-3b;mmke-entity/smolvlm-1.7b;mmke-visual/blip2-opt-2.7b;mmke-visual/instructblip-vicuna-7b;mmke-visual/minigpt-4-vicuna-7b;mmke-visual/paligemma-3b;mmke-visual/qwen2.5-vl-3b;mmke-visual/smolvlm-1.7b
recorded,rank_max_w2,M_new_norm,1,19,False,21,70.4481052631579,70.26957894736842,0.17852631578947384,70.4481052631579,0.17852631578947384,4,14,1,3,0,0.0,-0.44599999999999795,1.730000000000004,0.2631578947368421,evqa-pilot500/blip2-opt-2.7b;evqa-pilot500/instructblip-vicuna-7b;evqa-pilot500/llava-v1.5-7b;evqa-pilot500/minigpt-4-vicuna-7b;evqa-pilot500/paligemma-3b;evqa-pilot500/qwen2.5-vl-3b;evqa-pilot500/smolvlm-1.7b;mmke-entity/blip2-opt-2.7b;mmke-entity/instructblip-vicuna-7b;mmke-entity/minigpt-4-vicuna-7b;mmke-entity/paligemma-3b;mmke-entity/qwen2.5-vl-3b;mmke-entity/smolvlm-1.7b;mmke-visual/blip2-opt-2.7b;mmke-visual/instructblip-vicuna-7b;mmke-visual/minigpt-4-vicuna-7b;mmke-visual/paligemma-3b;mmke-visual/qwen2.5-vl-3b;mmke-visual/smolvlm-1.7b
recorded,rank_max_w2,M_new_norm,3,17,False,21,73.72658823529412,74.29352941176471,-0.5669411764705873,71.2775294117647,-0.214627450980392,3,13,1,2,1,0.0,-11.543999999999997,0.8500000000000014,0.4117647058823529,evqa-pilot500/blip2-opt-2.7b;evqa-pilot500/minigpt-4-vicuna-7b;evqa-pilot500/paligemma-3b;evqa-pilot500/qwen2.5-vl-3b;evqa-pilot500/smolvlm-1.7b;mmke-entity/blip2-opt-2.7b;mmke-entity/instructblip-vicuna-7b;mmke-entity/minigpt-4-vicuna-7b;mmke-entity/paligemma-3b;mmke-entity/qwen2.5-vl-3b;mmke-entity/smolvlm-1.7b;mmke-visual/blip2-opt-2.7b;mmke-visual/instructblip-vicuna-7b;mmke-visual/minigpt-4-vicuna-7b;mmke-visual/paligemma-3b;mmke-visual/qwen2.5-vl-3b;mmke-visual/smolvlm-1.7b
