profile,formula,baseline,k,n,complete_on_entire_cohort,cohort_size,best,baseline_best,delta_best,mean,delta_mean,wins,ties,losses,wins_ge_half,losses_ge_half,median_delta,worst_delta,max_delta,hit,groups
clean,M_dot,M_abscos_x_newn,1,13,False,16,70.468,69.91,0.5580000000000004,70.468,0.5580000000000004,3,9,1,3,1,0.0,-14.100000000000001,9.474000000000004,0.15384615384615385,evqa-pilot500/blip2-opt-2.7b;evqa-pilot500/minigpt-4-vicuna-7b;evqa-pilot500/paligemma-3b;evqa-pilot500/smolvlm-1.7b;mmke-entity/blip2-opt-2.7b;mmke-entity/instructblip-vicuna-7b;mmke-entity/paligemma-3b;mmke-entity/qwen2.5-vl-3b;mmke-entity/smolvlm-1.7b;mmke-visual/blip2-opt-2.7b;mmke-visual/instructblip-vicuna-7b;mmke-visual/qwen2.5-vl-3b;mmke-visual/smolvlm-1.7b
clean,M_dot,M_abscos_x_newn,3,12,False,16,71.83883333333334,72.566,-0.727166666666666,68.99377777777778,-0.2009444444444437,1,10,1,1,1,0.0,-12.82,4.094000000000008,0.3333333333333333,evqa-pilot500/blip2-opt-2.7b;evqa-pilot500/minigpt-4-vicuna-7b;evqa-pilot500/paligemma-3b;evqa-pilot500/smolvlm-1.7b;mmke-entity/instructblip-vicuna-7b;mmke-entity/paligemma-3b;mmke-entity/qwen2.5-vl-3b;mmke-entity/smolvlm-1.7b;mmke-visual/blip2-opt-2.7b;mmke-visual/instructblip-vicuna-7b;mmke-visual/qwen2.5-vl-3b;mmke-visual/smolvlm-1.7b
clean,M_dot,M_new_norm,1,13,False,16,70.468,69.77692307692308,0.6910769230769238,70.468,0.6910769230769238,3,9,1,3,1,0.0,-14.100000000000001,11.204000000000008,0.15384615384615385,evqa-pilot500/blip2-opt-2.7b;evqa-pilot500/minigpt-4-vicuna-7b;evqa-pilot500/paligemma-3b;evqa-pilot500/smolvlm-1.7b;mmke-entity/blip2-opt-2.7b;mmke-entity/instructblip-vicuna-7b;mmke-entity/paligemma-3b;mmke-entity/qwen2.5-vl-3b;mmke-entity/smolvlm-1.7b;mmke-visual/blip2-opt-2.7b;mmke-visual/instructblip-vicuna-7b;mmke-visual/qwen2.5-vl-3b;mmke-visual/smolvlm-1.7b
clean,M_dot,M_new_norm,3,12,False,16,71.83883333333334,73.07966666666667,-1.2408333333333328,68.99377777777778,-0.46627777777777685,0,10,2,0,2,0.0,-12.82,0.0,0.3333333333333333,evqa-pilot500/blip2-opt-2.7b;evqa-pilot500/minigpt-4-vicuna-7b;evqa-pilot500/paligemma-3b;evqa-pilot500/smolvlm-1.7b;mmke-entity/instructblip-vicuna-7b;mmke-entity/paligemma-3b;mmke-entity/qwen2.5-vl-3b;mmke-entity/smolvlm-1.7b;mmke-visual/blip2-opt-2.7b;mmke-visual/instructblip-vicuna-7b;mmke-visual/qwen2.5-vl-3b;mmke-visual/smolvlm-1.7b
clean,M_cos,M_abscos_x_newn,1,13,False,16,65.416,70.17046153846154,-4.754461538461539,65.416,-4.754461538461539,2,4,7,1,6,-0.48799999999999955,-23.53,0.5799999999999983,0.07692307692307693,evqa-pilot500/blip2-opt-2.7b;evqa-pilot500/minigpt-4-vicuna-7b;evqa-pilot500/qwen2.5-vl-3b;evqa-pilot500/smolvlm-1.7b;mmke-entity/blip2-opt-2.7b;mmke-entity/instructblip-vicuna-7b;mmke-entity/minigpt-4-vicuna-7b;mmke-entity/paligemma-3b;mmke-entity/smolvlm-1.7b;mmke-visual/instructblip-vicuna-7b;mmke-visual/minigpt-4-vicuna-7b;mmke-visual/qwen2.5-vl-3b;mmke-visual/smolvlm-1.7b
clean,M_cos,M_abscos_x_newn,3,7,False,16,65.35485714285714,70.62714285714286,-5.272285714285718,64.31942857142857,-3.615619047619051,0,2,5,0,4,-0.5900000000000034,-22.24000000000001,0.0,0.14285714285714285,evqa-pilot500/blip2-opt-2.7b;evqa-pilot500/smolvlm-1.7b;mmke-entity/blip2-opt-2.7b;mmke-entity/instructblip-vicuna-7b;mmke-entity/minigpt-4-vicuna-7b;mmke-visual/minigpt-4-vicuna-7b;mmke-visual/smolvlm-1.7b
clean,M_cos,M_new_norm,1,13,False,16,65.416,69.87523076923077,-4.45923076923077,65.416,-4.45923076923077,3,5,5,2,4,0.0,-23.53,1.730000000000004,0.07692307692307693,evqa-pilot500/blip2-opt-2.7b;evqa-pilot500/minigpt-4-vicuna-7b;evqa-pilot500/qwen2.5-vl-3b;evqa-pilot500/smolvlm-1.7b;mmke-entity/blip2-opt-2.7b;mmke-entity/instructblip-vicuna-7b;mmke-entity/minigpt-4-vicuna-7b;mmke-entity/paligemma-3b;mmke-entity/smolvlm-1.7b;mmke-visual/instructblip-vicuna-7b;mmke-visual/minigpt-4-vicuna-7b;mmke-visual/qwen2.5-vl-3b;mmke-visual/smolvlm-1.7b
clean,M_cos,M_new_norm,3,7,False,16,65.35485714285714,70.44771428571428,-5.092857142857144,64.31942857142857,-3.440476190476192,0,4,3,0,3,0.0,-22.24000000000001,0.0,0.14285714285714285,evqa-pilot500/blip2-opt-2.7b;evqa-pilot500/smolvlm-1.7b;mmke-entity/blip2-opt-2.7b;mmke-entity/instructblip-vicuna-7b;mmke-entity/minigpt-4-vicuna-7b;mmke-visual/minigpt-4-vicuna-7b;mmke-visual/smolvlm-1.7b
clean,M_new_norm,M_abscos_x_newn,1,16,True,16,70.071125,70.311,-0.23987500000000006,70.071125,-0.23987500000000006,0,12,4,0,3,0.0,-1.730000000000004,0.0,0.1875,evqa-pilot500/blip2-opt-2.7b;evqa-pilot500/minigpt-4-vicuna-7b;evqa-pilot500/paligemma-3b;evqa-pilot500/qwen2.5-vl-3b;evqa-pilot500/smolvlm-1.7b;mmke-entity/blip2-opt-2.7b;mmke-entity/instructblip-vicuna-7b;mmke-entity/minigpt-4-vicuna-7b;mmke-entity/paligemma-3b;mmke-entity/qwen2.5-vl-3b;mmke-entity/smolvlm-1.7b;mmke-visual/blip2-opt-2.7b;mmke-visual/instructblip-vicuna-7b;mmke-visual/minigpt-4-vicuna-7b;mmke-visual/qwen2.5-vl-3b;mmke-visual/smolvlm-1.7b
clean,M_new_norm,M_abscos_x_newn,3,16,True,16,72.74775,72.494125,0.2536249999999991,69.80404166666666,0.06091666666666562,1,12,3,1,2,0.0,-0.8500000000000014,6.1640000000000015,0.375,evqa-pilot500/blip2-opt-2.7b;evqa-pilot500/minigpt-4-vicuna-7b;evqa-pilot500/paligemma-3b;evqa-pilot500/qwen2.5-vl-3b;evqa-pilot500/smolvlm-1.7b;mmke-entity/blip2-opt-2.7b;mmke-entity/instructblip-vicuna-7b;mmke-entity/minigpt-4-vicuna-7b;mmke-entity/paligemma-3b;mmke-entity/qwen2.5-vl-3b;mmke-entity/smolvlm-1.7b;mmke-visual/blip2-opt-2.7b;mmke-visual/instructblip-vicuna-7b;mmke-visual/minigpt-4-vicuna-7b;mmke-visual/qwen2.5-vl-3b;mmke-visual/smolvlm-1.7b
clean,M_new_norm,M_new_norm,1,16,True,16,70.071125,70.071125,0.0,70.071125,0.0,0,16,0,0,0,0.0,0.0,0.0,0.1875,evqa-pilot500/blip2-opt-2.7b;evqa-pilot500/minigpt-4-vicuna-7b;evqa-pilot500/paligemma-3b;evqa-pilot500/qwen2.5-vl-3b;evqa-pilot500/smolvlm-1.7b;mmke-entity/blip2-opt-2.7b;mmke-entity/instructblip-vicuna-7b;mmke-entity/minigpt-4-vicuna-7b;mmke-entity/paligemma-3b;mmke-entity/qwen2.5-vl-3b;mmke-entity/smolvlm-1.7b;mmke-visual/blip2-opt-2.7b;mmke-visual/instructblip-vicuna-7b;mmke-visual/minigpt-4-vicuna-7b;mmke-visual/qwen2.5-vl-3b;mmke-visual/smolvlm-1.7b
clean,M_new_norm,M_new_norm,3,16,True,16,72.74775,72.74775,0.0,69.80404166666666,0.0,0,16,0,0,0,0.0,0.0,0.0,0.375,evqa-pilot500/blip2-opt-2.7b;evqa-pilot500/minigpt-4-vicuna-7b;evqa-pilot500/paligemma-3b;evqa-pilot500/qwen2.5-vl-3b;evqa-pilot500/smolvlm-1.7b;mmke-entity/blip2-opt-2.7b;mmke-entity/instructblip-vicuna-7b;mmke-entity/minigpt-4-vicuna-7b;mmke-entity/paligemma-3b;mmke-entity/qwen2.5-vl-3b;mmke-entity/smolvlm-1.7b;mmke-visual/blip2-opt-2.7b;mmke-visual/instructblip-vicuna-7b;mmke-visual/minigpt-4-vicuna-7b;mmke-visual/qwen2.5-vl-3b;mmke-visual/smolvlm-1.7b
clean,M_pos_ratio,M_abscos_x_newn,1,12,False,16,69.253,70.268,-1.015,69.253,-1.015,2,1,9,2,7,-0.7549999999999955,-13.600000000000001,6.6440000000000055,0.16666666666666666,evqa-pilot500/minigpt-4-vicuna-7b;evqa-pilot500/paligemma-3b;evqa-pilot500/qwen2.5-vl-3b;evqa-pilot500/smolvlm-1.7b;mmke-entity/blip2-opt-2.7b;mmke-entity/instructblip-vicuna-7b;mmke-entity/minigpt-4-vicuna-7b;mmke-entity/qwen2.5-vl-3b;mmke-entity/smolvlm-1.7b;mmke-visual/instructblip-vicuna-7b;mmke-visual/minigpt-4-vicuna-7b;mmke-visual/smolvlm-1.7b
clean,M_pos_ratio,M_abscos_x_newn,3,6,False,16,70.28966666666666,72.63566666666667,-2.3460000000000023,67.35344444444445,-1.5637777777777788,0,3,3,0,2,-0.24500000000000455,-12.82,0.0,0.5,evqa-pilot500/smolvlm-1.7b;mmke-entity/blip2-opt-2.7b;mmke-entity/instructblip-vicuna-7b;mmke-entity/minigpt-4-vicuna-7b;mmke-visual/instructblip-vicuna-7b;mmke-visual/minigpt-4-vicuna-7b
clean,M_pos_ratio,M_new_norm,1,12,False,16,69.253,69.94816666666667,-0.6951666666666666,69.253,-0.6951666666666666,3,3,6,3,5,-0.08500000000000085,-13.600000000000001,6.6440000000000055,0.16666666666666666,evqa-pilot500/minigpt-4-vicuna-7b;evqa-pilot500/paligemma-3b;evqa-pilot500/qwen2.5-vl-3b;evqa-pilot500/smolvlm-1.7b;mmke-entity/blip2-opt-2.7b;mmke-entity/instructblip-vicuna-7b;mmke-entity/minigpt-4-vicuna-7b;mmke-entity/qwen2.5-vl-3b;mmke-entity/smolvlm-1.7b;mmke-visual/instructblip-vicuna-7b;mmke-visual/minigpt-4-vicuna-7b;mmke-visual/smolvlm-1.7b
clean,M_pos_ratio,M_new_norm,3,6,False,16,70.28966666666666,72.42633333333333,-2.1366666666666667,67.35344444444445,-1.3594444444444431,0,5,1,0,1,0.0,-12.82,0.0,0.5,evqa-pilot500/smolvlm-1.7b;mmke-entity/blip2-opt-2.7b;mmke-entity/instructblip-vicuna-7b;mmke-entity/minigpt-4-vicuna-7b;mmke-visual/instructblip-vicuna-7b;mmke-visual/minigpt-4-vicuna-7b
clean,M_conflict,M_abscos_x_newn,1,9,False,16,60.208,66.18911111111112,-5.981111111111112,60.208,-5.981111111111112,0,4,5,0,5,-1.2199999999999989,-23.53,0.0,0.1111111111111111,evqa-pilot500/blip2-opt-2.7b;evqa-pilot500/minigpt-4-vicuna-7b;evqa-pilot500/qwen2.5-vl-3b;evqa-pilot500/smolvlm-1.7b;mmke-entity/blip2-opt-2.7b;mmke-entity/instructblip-vicuna-7b;mmke-visual/blip2-opt-2.7b;mmke-visual/instructblip-vicuna-7b;mmke-visual/minigpt-4-vicuna-7b
clean,M_conflict,M_abscos_x_newn,3,4,False,16,64.7585,70.381,-5.622500000000004,61.726166666666664,-4.297500000000003,0,2,2,0,1,-0.09000000000000341,-22.31000000000001,0.0,0.5,evqa-pilot500/smolvlm-1.7b;mmke-entity/blip2-opt-2.7b;mmke-entity/instructblip-vicuna-7b;mmke-visual/blip2-opt-2.7b
clean,M_conflict,M_new_norm,1,9,False,16,60.208,65.81688888888888,-5.608888888888889,60.208,-5.608888888888889,1,3,5,1,3,-0.12999999999999545,-23.53,0.769999999999996,0.1111111111111111,evqa-pilot500/blip2-opt-2.7b;evqa-pilot500/minigpt-4-vicuna-7b;evqa-pilot500/qwen2.5-vl-3b;evqa-pilot500/smolvlm-1.7b;mmke-entity/blip2-opt-2.7b;mmke-entity/instructblip-vicuna-7b;mmke-visual/blip2-opt-2.7b;mmke-visual/instructblip-vicuna-7b;mmke-visual/minigpt-4-vicuna-7b
clean,M_conflict,M_new_norm,3,4,False,16,64.7585,70.381,-5.622500000000004,61.726166666666664,-4.297500000000003,0,2,2,0,1,-0.09000000000000341,-22.31000000000001,0.0,0.5,evqa-pilot500/smolvlm-1.7b;mmke-entity/blip2-opt-2.7b;mmke-entity/instructblip-vicuna-7b;mmke-visual/blip2-opt-2.7b
clean,M_newn_x_1mcos,M_abscos_x_newn,1,16,True,16,67.5715,70.311,-2.7395000000000014,67.5715,-2.7395000000000014,1,8,7,1,6,0.0,-19.160000000000004,5.325999999999993,0.125,evqa-pilot500/blip2-opt-2.7b;evqa-pilot500/minigpt-4-vicuna-7b;evqa-pilot500/paligemma-3b;evqa-pilot500/qwen2.5-vl-3b;evqa-pilot500/smolvlm-1.7b;mmke-entity/blip2-opt-2.7b;mmke-entity/instructblip-vicuna-7b;mmke-entity/minigpt-4-vicuna-7b;mmke-entity/paligemma-3b;mmke-entity/qwen2.5-vl-3b;mmke-entity/smolvlm-1.7b;mmke-visual/blip2-opt-2.7b;mmke-visual/instructblip-vicuna-7b;mmke-visual/minigpt-4-vicuna-7b;mmke-visual/qwen2.5-vl-3b;mmke-visual/smolvlm-1.7b
clean,M_newn_x_1mcos,M_abscos_x_newn,3,16,True,16,70.292125,72.494125,-2.2020000000000017,68.107375,-1.6357500000000016,1,10,5,1,4,0.0,-20.13000000000001,6.1640000000000015,0.25,evqa-pilot500/blip2-opt-2.7b;evqa-pilot500/minigpt-4-vicuna-7b;evqa-pilot500/paligemma-3b;evqa-pilot500/qwen2.5-vl-3b;evqa-pilot500/smolvlm-1.7b;mmke-entity/blip2-opt-2.7b;mmke-entity/instructblip-vicuna-7b;mmke-entity/minigpt-4-vicuna-7b;mmke-entity/paligemma-3b;mmke-entity/qwen2.5-vl-3b;mmke-entity/smolvlm-1.7b;mmke-visual/blip2-opt-2.7b;mmke-visual/instructblip-vicuna-7b;mmke-visual/minigpt-4-vicuna-7b;mmke-visual/qwen2.5-vl-3b;mmke-visual/smolvlm-1.7b
clean,M_newn_x_1mcos,M_new_norm,1,16,True,16,67.5715,70.071125,-2.4996250000000013,67.5715,-2.4996250000000013,1,12,3,1,3,0.0,-19.160000000000004,5.325999999999993,0.125,evqa-pilot500/blip2-opt-2.7b;evqa-pilot500/minigpt-4-vicuna-7b;evqa-pilot500/paligemma-3b;evqa-pilot500/qwen2.5-vl-3b;evqa-pilot500/smolvlm-1.7b;mmke-entity/blip2-opt-2.7b;mmke-entity/instructblip-vicuna-7b;mmke-entity/minigpt-4-vicuna-7b;mmke-entity/paligemma-3b;mmke-entity/qwen2.5-vl-3b;mmke-entity/smolvlm-1.7b;mmke-visual/blip2-opt-2.7b;mmke-visual/instructblip-vicuna-7b;mmke-visual/minigpt-4-vicuna-7b;mmke-visual/qwen2.5-vl-3b;mmke-visual/smolvlm-1.7b
clean,M_newn_x_1mcos,M_new_norm,3,16,True,16,70.292125,72.74775,-2.455625000000001,68.107375,-1.6966666666666672,0,14,2,0,2,0.0,-20.13000000000001,0.0,0.25,evqa-pilot500/blip2-opt-2.7b;evqa-pilot500/minigpt-4-vicuna-7b;evqa-pilot500/paligemma-3b;evqa-pilot500/qwen2.5-vl-3b;evqa-pilot500/smolvlm-1.7b;mmke-entity/blip2-opt-2.7b;mmke-entity/instructblip-vicuna-7b;mmke-entity/minigpt-4-vicuna-7b;mmke-entity/paligemma-3b;mmke-entity/qwen2.5-vl-3b;mmke-entity/smolvlm-1.7b;mmke-visual/blip2-opt-2.7b;mmke-visual/instructblip-vicuna-7b;mmke-visual/minigpt-4-vicuna-7b;mmke-visual/qwen2.5-vl-3b;mmke-visual/smolvlm-1.7b
clean,M_abscos_x_newn,M_abscos_x_newn,1,16,True,16,70.311,70.311,0.0,70.311,0.0,0,16,0,0,0,0.0,0.0,0.0,0.25,evqa-pilot500/blip2-opt-2.7b;evqa-pilot500/minigpt-4-vicuna-7b;evqa-pilot500/paligemma-3b;evqa-pilot500/qwen2.5-vl-3b;evqa-pilot500/smolvlm-1.7b;mmke-entity/blip2-opt-2.7b;mmke-entity/instructblip-vicuna-7b;mmke-entity/minigpt-4-vicuna-7b;mmke-entity/paligemma-3b;mmke-entity/qwen2.5-vl-3b;mmke-entity/smolvlm-1.7b;mmke-visual/blip2-opt-2.7b;mmke-visual/instructblip-vicuna-7b;mmke-visual/minigpt-4-vicuna-7b;mmke-visual/qwen2.5-vl-3b;mmke-visual/smolvlm-1.7b
clean,M_abscos_x_newn,M_abscos_x_newn,3,16,True,16,72.494125,72.494125,0.0,69.743125,0.0,0,16,0,0,0,0.0,0.0,0.0,0.4375,evqa-pilot500/blip2-opt-2.7b;evqa-pilot500/minigpt-4-vicuna-7b;evqa-pilot500/paligemma-3b;evqa-pilot500/qwen2.5-vl-3b;evqa-pilot500/smolvlm-1.7b;mmke-entity/blip2-opt-2.7b;mmke-entity/instructblip-vicuna-7b;mmke-entity/minigpt-4-vicuna-7b;mmke-entity/paligemma-3b;mmke-entity/qwen2.5-vl-3b;mmke-entity/smolvlm-1.7b;mmke-visual/blip2-opt-2.7b;mmke-visual/instructblip-vicuna-7b;mmke-visual/minigpt-4-vicuna-7b;mmke-visual/qwen2.5-vl-3b;mmke-visual/smolvlm-1.7b
clean,M_abscos_x_newn,M_new_norm,1,16,True,16,70.311,70.071125,0.23987500000000006,70.311,0.23987500000000006,4,12,0,3,0,0.0,0.0,1.730000000000004,0.25,evqa-pilot500/blip2-opt-2.7b;evqa-pilot500/minigpt-4-vicuna-7b;evqa-pilot500/paligemma-3b;evqa-pilot500/qwen2.5-vl-3b;evqa-pilot500/smolvlm-1.7b;mmke-entity/blip2-opt-2.7b;mmke-entity/instructblip-vicuna-7b;mmke-entity/minigpt-4-vicuna-7b;mmke-entity/paligemma-3b;mmke-entity/qwen2.5-vl-3b;mmke-entity/smolvlm-1.7b;mmke-visual/blip2-opt-2.7b;mmke-visual/instructblip-vicuna-7b;mmke-visual/minigpt-4-vicuna-7b;mmke-visual/qwen2.5-vl-3b;mmke-visual/smolvlm-1.7b
clean,M_abscos_x_newn,M_new_norm,3,16,True,16,72.494125,72.74775,-0.2536249999999991,69.743125,-0.06091666666666562,3,12,1,2,1,0.0,-6.1640000000000015,0.8500000000000014,0.4375,evqa-pilot500/blip2-opt-2.7b;evqa-pilot500/minigpt-4-vicuna-7b;evqa-pilot500/paligemma-3b;evqa-pilot500/qwen2.5-vl-3b;evqa-pilot500/smolvlm-1.7b;mmke-entity/blip2-opt-2.7b;mmke-entity/instructblip-vicuna-7b;mmke-entity/minigpt-4-vicuna-7b;mmke-entity/paligemma-3b;mmke-entity/qwen2.5-vl-3b;mmke-entity/smolvlm-1.7b;mmke-visual/blip2-opt-2.7b;mmke-visual/instructblip-vicuna-7b;mmke-visual/minigpt-4-vicuna-7b;mmke-visual/qwen2.5-vl-3b;mmke-visual/smolvlm-1.7b
clean,Ours-Direct-Conflict,M_abscos_x_newn,1,7,False,16,67.88885714285715,67.70085714285715,0.1880000000000024,67.88885714285715,0.1880000000000024,3,0,4,2,4,-0.9699999999999989,-3.3159999999999883,4.769999999999996,0,evqa-pilot500/minigpt-4-vicuna-7b;evqa-pilot500/qwen2.5-vl-3b;evqa-pilot500/smolvlm-1.7b;mmke-entity/blip2-opt-2.7b;mmke-entity/minigpt-4-vicuna-7b;mmke-visual/blip2-opt-2.7b;mmke-visual/minigpt-4-vicuna-7b
clean,Ours-Direct-Conflict,M_abscos_x_newn,3,4,False,16,67.954,71.061,-3.107000000000001,66.44683333333333,-1.532666666666664,0,0,4,0,4,-2.132000000000005,-6.413999999999994,-1.75,0,evqa-pilot500/minigpt-4-vicuna-7b;evqa-pilot500/smolvlm-1.7b;mmke-entity/blip2-opt-2.7b;mmke-visual/minigpt-4-vicuna-7b
clean,Ours-Direct-Conflict,M_new_norm,1,7,False,16,67.88885714285715,67.15257142857143,0.7362857142857168,67.88885714285715,0.7362857142857168,4,0,3,4,2,0.6960000000000051,-2.5459999999999923,4.769999999999996,0,evqa-pilot500/minigpt-4-vicuna-7b;evqa-pilot500/qwen2.5-vl-3b;evqa-pilot500/smolvlm-1.7b;mmke-entity/blip2-opt-2.7b;mmke-entity/minigpt-4-vicuna-7b;mmke-visual/blip2-opt-2.7b;mmke-visual/minigpt-4-vicuna-7b
clean,Ours-Direct-Conflict,M_new_norm,3,4,False,16,67.954,72.4105,-4.4565,66.44683333333333,-2.1334999999999944,0,0,4,0,4,-1.8120000000000047,-12.577999999999996,-1.6239999999999952,0,evqa-pilot500/minigpt-4-vicuna-7b;evqa-pilot500/smolvlm-1.7b;mmke-entity/blip2-opt-2.7b;mmke-visual/minigpt-4-vicuna-7b
clean,Ours-AbsDirection-Direct,M_abscos_x_newn,1,15,False,16,69.4024,71.02773333333333,-1.6253333333333315,69.4024,-1.6253333333333315,5,0,10,3,9,-0.9200000000000017,-22.24000000000001,15.64,0,evqa-pilot500/blip2-opt-2.7b;evqa-pilot500/paligemma-3b;evqa-pilot500/qwen2.5-vl-3b;evqa-pilot500/smolvlm-1.7b;mmke-entity/blip2-opt-2.7b;mmke-entity/instructblip-vicuna-7b;mmke-entity/minigpt-4-vicuna-7b;mmke-entity/paligemma-3b;mmke-entity/qwen2.5-vl-3b;mmke-entity/smolvlm-1.7b;mmke-visual/blip2-opt-2.7b;mmke-visual/instructblip-vicuna-7b;mmke-visual/minigpt-4-vicuna-7b;mmke-visual/qwen2.5-vl-3b;mmke-visual/smolvlm-1.7b
clean,Ours-AbsDirection-Direct,M_abscos_x_newn,3,14,False,16,70.25071428571428,72.78042857142857,-2.5297142857142876,68.68752380952381,-1.2507619047619076,4,1,9,3,9,-0.7850000000000037,-21.60000000000001,17.093999999999994,0.21428571428571427,evqa-pilot500/blip2-opt-2.7b;evqa-pilot500/paligemma-3b;evqa-pilot500/qwen2.5-vl-3b;evqa-pilot500/smolvlm-1.7b;mmke-entity/blip2-opt-2.7b;mmke-entity/instructblip-vicuna-7b;mmke-entity/paligemma-3b;mmke-entity/qwen2.5-vl-3b;mmke-entity/smolvlm-1.7b;mmke-visual/blip2-opt-2.7b;mmke-visual/instructblip-vicuna-7b;mmke-visual/minigpt-4-vicuna-7b;mmke-visual/qwen2.5-vl-3b;mmke-visual/smolvlm-1.7b
clean,Ours-AbsDirection-Direct,M_new_norm,1,15,False,16,69.4024,70.8872,-1.4847999999999986,69.4024,-1.4847999999999986,5,0,10,4,8,-0.6899999999999977,-22.24000000000001,15.64,0,evqa-pilot500/blip2-opt-2.7b;evqa-pilot500/paligemma-3b;evqa-pilot500/qwen2.5-vl-3b;evqa-pilot500/smolvlm-1.7b;mmke-entity/blip2-opt-2.7b;mmke-entity/instructblip-vicuna-7b;mmke-entity/minigpt-4-vicuna-7b;mmke-entity/paligemma-3b;mmke-entity/qwen2.5-vl-3b;mmke-entity/smolvlm-1.7b;mmke-visual/blip2-opt-2.7b;mmke-visual/instructblip-vicuna-7b;mmke-visual/minigpt-4-vicuna-7b;mmke-visual/qwen2.5-vl-3b;mmke-visual/smolvlm-1.7b
clean,Ours-AbsDirection-Direct,M_new_norm,3,14,False,16,70.25071428571428,72.665,-2.4142857142857155,68.68752380952381,-1.124761904761907,5,0,9,4,9,-0.7850000000000037,-21.60000000000001,17.093999999999994,0.21428571428571427,evqa-pilot500/blip2-opt-2.7b;evqa-pilot500/paligemma-3b;evqa-pilot500/qwen2.5-vl-3b;evqa-pilot500/smolvlm-1.7b;mmke-entity/blip2-opt-2.7b;mmke-entity/instructblip-vicuna-7b;mmke-entity/paligemma-3b;mmke-entity/qwen2.5-vl-3b;mmke-entity/smolvlm-1.7b;mmke-visual/blip2-opt-2.7b;mmke-visual/instructblip-vicuna-7b;mmke-visual/minigpt-4-vicuna-7b;mmke-visual/qwen2.5-vl-3b;mmke-visual/smolvlm-1.7b
clean,Ours-NoDirection-Direct,M_abscos_x_newn,1,16,True,16,68.799875,70.311,-1.511124999999999,68.799875,-1.511124999999999,3,1,12,3,11,-0.963000000000001,-22.24000000000001,17.439999999999998,0.0625,evqa-pilot500/blip2-opt-2.7b;evqa-pilot500/minigpt-4-vicuna-7b;evqa-pilot500/paligemma-3b;evqa-pilot500/qwen2.5-vl-3b;evqa-pilot500/smolvlm-1.7b;mmke-entity/blip2-opt-2.7b;mmke-entity/instructblip-vicuna-7b;mmke-entity/minigpt-4-vicuna-7b;mmke-entity/paligemma-3b;mmke-entity/qwen2.5-vl-3b;mmke-entity/smolvlm-1.7b;mmke-visual/blip2-opt-2.7b;mmke-visual/instructblip-vicuna-7b;mmke-visual/minigpt-4-vicuna-7b;mmke-visual/qwen2.5-vl-3b;mmke-visual/smolvlm-1.7b
clean,Ours-NoDirection-Direct,M_abscos_x_newn,3,14,False,16,69.79428571428572,72.089,-2.2947142857142877,68.91128571428571,-0.8451904761904798,4,1,9,2,8,-0.740000000000002,-21.60000000000001,17.093999999999994,0.07142857142857142,evqa-pilot500/blip2-opt-2.7b;evqa-pilot500/qwen2.5-vl-3b;evqa-pilot500/smolvlm-1.7b;mmke-entity/blip2-opt-2.7b;mmke-entity/instructblip-vicuna-7b;mmke-entity/minigpt-4-vicuna-7b;mmke-entity/paligemma-3b;mmke-entity/qwen2.5-vl-3b;mmke-entity/smolvlm-1.7b;mmke-visual/blip2-opt-2.7b;mmke-visual/instructblip-vicuna-7b;mmke-visual/minigpt-4-vicuna-7b;mmke-visual/qwen2.5-vl-3b;mmke-visual/smolvlm-1.7b
clean,Ours-NoDirection-Direct,M_new_norm,1,16,True,16,68.799875,70.071125,-1.2712499999999989,68.799875,-1.2712499999999989,5,0,11,4,10,-0.8500000000000014,-22.24000000000001,17.439999999999998,0.0625,evqa-pilot500/blip2-opt-2.7b;evqa-pilot500/minigpt-4-vicuna-7b;evqa-pilot500/paligemma-3b;evqa-pilot500/qwen2.5-vl-3b;evqa-pilot500/smolvlm-1.7b;mmke-entity/blip2-opt-2.7b;mmke-entity/instructblip-vicuna-7b;mmke-entity/minigpt-4-vicuna-7b;mmke-entity/paligemma-3b;mmke-entity/qwen2.5-vl-3b;mmke-entity/smolvlm-1.7b;mmke-visual/blip2-opt-2.7b;mmke-visual/instructblip-vicuna-7b;mmke-visual/minigpt-4-vicuna-7b;mmke-visual/qwen2.5-vl-3b;mmke-visual/smolvlm-1.7b
clean,Ours-NoDirection-Direct,M_new_norm,3,14,False,16,69.79428571428572,71.93857142857144,-2.144285714285715,68.91128571428571,-0.687380952380955,6,0,8,3,8,-0.740000000000002,-21.60000000000001,17.093999999999994,0.07142857142857142,evqa-pilot500/blip2-opt-2.7b;evqa-pilot500/qwen2.5-vl-3b;evqa-pilot500/smolvlm-1.7b;mmke-entity/blip2-opt-2.7b;mmke-entity/instructblip-vicuna-7b;mmke-entity/minigpt-4-vicuna-7b;mmke-entity/paligemma-3b;mmke-entity/qwen2.5-vl-3b;mmke-entity/smolvlm-1.7b;mmke-visual/blip2-opt-2.7b;mmke-visual/instructblip-vicuna-7b;mmke-visual/minigpt-4-vicuna-7b;mmke-visual/qwen2.5-vl-3b;mmke-visual/smolvlm-1.7b
clean,Ours-1MinusCos-Direct,M_abscos_x_newn,1,16,True,16,68.524875,70.311,-1.7861249999999989,68.524875,-1.7861249999999989,3,1,12,3,11,-1.355000000000004,-21.050000000000004,12.620000000000005,0,evqa-pilot500/blip2-opt-2.7b;evqa-pilot500/minigpt-4-vicuna-7b;evqa-pilot500/paligemma-3b;evqa-pilot500/qwen2.5-vl-3b;evqa-pilot500/smolvlm-1.7b;mmke-entity/blip2-opt-2.7b;mmke-entity/instructblip-vicuna-7b;mmke-entity/minigpt-4-vicuna-7b;mmke-entity/paligemma-3b;mmke-entity/qwen2.5-vl-3b;mmke-entity/smolvlm-1.7b;mmke-visual/blip2-opt-2.7b;mmke-visual/instructblip-vicuna-7b;mmke-visual/minigpt-4-vicuna-7b;mmke-visual/qwen2.5-vl-3b;mmke-visual/smolvlm-1.7b
clean,Ours-1MinusCos-Direct,M_abscos_x_newn,3,14,False,16,69.77571428571429,72.089,-2.3132857142857155,68.35809523809525,-1.398380952380954,4,1,9,2,8,-1.0249999999999986,-20.85000000000001,16.343999999999994,0.07142857142857142,evqa-pilot500/blip2-opt-2.7b;evqa-pilot500/qwen2.5-vl-3b;evqa-pilot500/smolvlm-1.7b;mmke-entity/blip2-opt-2.7b;mmke-entity/instructblip-vicuna-7b;mmke-entity/minigpt-4-vicuna-7b;mmke-entity/paligemma-3b;mmke-entity/qwen2.5-vl-3b;mmke-entity/smolvlm-1.7b;mmke-visual/blip2-opt-2.7b;mmke-visual/instructblip-vicuna-7b;mmke-visual/minigpt-4-vicuna-7b;mmke-visual/qwen2.5-vl-3b;mmke-visual/smolvlm-1.7b
clean,Ours-1MinusCos-Direct,M_new_norm,1,16,True,16,68.524875,70.071125,-1.5462499999999988,68.524875,-1.5462499999999988,5,0,11,4,10,-0.9650000000000034,-21.050000000000004,12.620000000000005,0,evqa-pilot500/blip2-opt-2.7b;evqa-pilot500/minigpt-4-vicuna-7b;evqa-pilot500/paligemma-3b;evqa-pilot500/qwen2.5-vl-3b;evqa-pilot500/smolvlm-1.7b;mmke-entity/blip2-opt-2.7b;mmke-entity/instructblip-vicuna-7b;mmke-entity/minigpt-4-vicuna-7b;mmke-entity/paligemma-3b;mmke-entity/qwen2.5-vl-3b;mmke-entity/smolvlm-1.7b;mmke-visual/blip2-opt-2.7b;mmke-visual/instructblip-vicuna-7b;mmke-visual/minigpt-4-vicuna-7b;mmke-visual/qwen2.5-vl-3b;mmke-visual/smolvlm-1.7b
clean,Ours-1MinusCos-Direct,M_new_norm,3,14,False,16,69.77571428571429,71.93857142857144,-2.162857142857143,68.35809523809525,-1.2405714285714293,6,0,8,3,8,-1.0249999999999986,-20.85000000000001,16.343999999999994,0.07142857142857142,evqa-pilot500/blip2-opt-2.7b;evqa-pilot500/qwen2.5-vl-3b;evqa-pilot500/smolvlm-1.7b;mmke-entity/blip2-opt-2.7b;mmke-entity/instructblip-vicuna-7b;mmke-entity/minigpt-4-vicuna-7b;mmke-entity/paligemma-3b;mmke-entity/qwen2.5-vl-3b;mmke-entity/smolvlm-1.7b;mmke-visual/blip2-opt-2.7b;mmke-visual/instructblip-vicuna-7b;mmke-visual/minigpt-4-vicuna-7b;mmke-visual/qwen2.5-vl-3b;mmke-visual/smolvlm-1.7b
clean,abs_cos_only,M_abscos_x_newn,1,12,False,16,65.22133333333333,69.69933333333333,-4.478000000000001,65.22133333333333,-4.478000000000001,2,3,7,1,7,-0.7700000000000031,-23.53,0.5799999999999983,0.08333333333333333,evqa-pilot500/blip2-opt-2.7b;evqa-pilot500/minigpt-4-vicuna-7b;evqa-pilot500/qwen2.5-vl-3b;evqa-pilot500/smolvlm-1.7b;mmke-entity/blip2-opt-2.7b;mmke-entity/instructblip-vicuna-7b;mmke-entity/paligemma-3b;mmke-entity/smolvlm-1.7b;mmke-visual/instructblip-vicuna-7b;mmke-visual/minigpt-4-vicuna-7b;mmke-visual/qwen2.5-vl-3b;mmke-visual/smolvlm-1.7b
clean,abs_cos_only,M_abscos_x_newn,3,6,False,16,62.75,67.74333333333334,-4.993333333333335,60.727555555555554,-3.2773333333333334,0,2,4,0,4,-1.1700000000000017,-22.24000000000001,0.0,0.16666666666666666,evqa-pilot500/blip2-opt-2.7b;evqa-pilot500/minigpt-4-vicuna-7b;evqa-pilot500/smolvlm-1.7b;mmke-entity/blip2-opt-2.7b;mmke-entity/instructblip-vicuna-7b;mmke-visual/smolvlm-1.7b
clean,abs_cos_only,M_new_norm,1,12,False,16,65.22133333333333,69.42016666666666,-4.198833333333334,65.22133333333333,-4.198833333333334,3,3,6,1,5,-0.05000000000000071,-23.53,0.5799999999999983,0.08333333333333333,evqa-pilot500/blip2-opt-2.7b;evqa-pilot500/minigpt-4-vicuna-7b;evqa-pilot500/qwen2.5-vl-3b;evqa-pilot500/smolvlm-1.7b;mmke-entity/blip2-opt-2.7b;mmke-entity/instructblip-vicuna-7b;mmke-entity/paligemma-3b;mmke-entity/smolvlm-1.7b;mmke-visual/instructblip-vicuna-7b;mmke-visual/minigpt-4-vicuna-7b;mmke-visual/qwen2.5-vl-3b;mmke-visual/smolvlm-1.7b
clean,abs_cos_only,M_new_norm,3,6,False,16,62.75,68.77066666666667,-6.020666666666668,60.727555555555554,-3.808,0,2,4,0,4,-1.1700000000000017,-22.24000000000001,0.0,0.16666666666666666,evqa-pilot500/blip2-opt-2.7b;evqa-pilot500/minigpt-4-vicuna-7b;evqa-pilot500/smolvlm-1.7b;mmke-entity/blip2-opt-2.7b;mmke-entity/instructblip-vicuna-7b;mmke-visual/smolvlm-1.7b
clean,signed_cos_new_norm,M_abscos_x_newn,1,15,False,16,68.9204,69.89293333333333,-0.9725333333333334,68.9204,-0.9725333333333334,0,13,2,0,1,0.0,-14.100000000000001,0.0,0.2,evqa-pilot500/blip2-opt-2.7b;evqa-pilot500/minigpt-4-vicuna-7b;evqa-pilot500/paligemma-3b;evqa-pilot500/qwen2.5-vl-3b;evqa-pilot500/smolvlm-1.7b;mmke-entity/blip2-opt-2.7b;mmke-entity/instructblip-vicuna-7b;mmke-entity/minigpt-4-vicuna-7b;mmke-entity/paligemma-3b;mmke-entity/qwen2.5-vl-3b;mmke-entity/smolvlm-1.7b;mmke-visual/blip2-opt-2.7b;mmke-visual/instructblip-vicuna-7b;mmke-visual/qwen2.5-vl-3b;mmke-visual/smolvlm-1.7b
clean,signed_cos_new_norm,M_abscos_x_newn,3,14,False,16,71.01542857142857,71.93114285714286,-0.9157142857142857,68.24961904761905,-0.5657142857142853,0,13,1,0,1,0.0,-12.82,0.0,0.42857142857142855,evqa-pilot500/blip2-opt-2.7b;evqa-pilot500/minigpt-4-vicuna-7b;evqa-pilot500/paligemma-3b;evqa-pilot500/qwen2.5-vl-3b;evqa-pilot500/smolvlm-1.7b;mmke-entity/blip2-opt-2.7b;mmke-entity/instructblip-vicuna-7b;mmke-entity/paligemma-3b;mmke-entity/qwen2.5-vl-3b;mmke-entity/smolvlm-1.7b;mmke-visual/blip2-opt-2.7b;mmke-visual/instructblip-vicuna-7b;mmke-visual/qwen2.5-vl-3b;mmke-visual/smolvlm-1.7b
clean,signed_cos_new_norm,M_new_norm,1,15,False,16,68.9204,69.6884,-0.7679999999999997,68.9204,-0.7679999999999997,2,12,1,2,1,0.0,-14.100000000000001,1.730000000000004,0.2,evqa-pilot500/blip2-opt-2.7b;evqa-pilot500/minigpt-4-vicuna-7b;evqa-pilot500/paligemma-3b;evqa-pilot500/qwen2.5-vl-3b;evqa-pilot500/smolvlm-1.7b;mmke-entity/blip2-opt-2.7b;mmke-entity/instructblip-vicuna-7b;mmke-entity/minigpt-4-vicuna-7b;mmke-entity/paligemma-3b;mmke-entity/qwen2.5-vl-3b;mmke-entity/smolvlm-1.7b;mmke-visual/blip2-opt-2.7b;mmke-visual/instructblip-vicuna-7b;mmke-visual/qwen2.5-vl-3b;mmke-visual/smolvlm-1.7b
clean,signed_cos_new_norm,M_new_norm,3,14,False,16,71.01542857142857,72.31071428571428,-1.2952857142857144,68.24961904761905,-0.7229047619047613,1,11,2,1,2,0.0,-12.82,0.8500000000000014,0.42857142857142855,evqa-pilot500/blip2-opt-2.7b;evqa-pilot500/minigpt-4-vicuna-7b;evqa-pilot500/paligemma-3b;evqa-pilot500/qwen2.5-vl-3b;evqa-pilot500/smolvlm-1.7b;mmke-entity/blip2-opt-2.7b;mmke-entity/instructblip-vicuna-7b;mmke-entity/paligemma-3b;mmke-entity/qwen2.5-vl-3b;mmke-entity/smolvlm-1.7b;mmke-visual/blip2-opt-2.7b;mmke-visual/instructblip-vicuna-7b;mmke-visual/qwen2.5-vl-3b;mmke-visual/smolvlm-1.7b
clean,negative_cos_new_norm,M_abscos_x_newn,1,7,False,16,68.38942857142857,67.70085714285715,0.6885714285714286,68.38942857142857,0.6885714285714286,2,3,2,2,2,0.0,-1.2000000000000028,3.5900000000000034,0.14285714285714285,evqa-pilot500/minigpt-4-vicuna-7b;evqa-pilot500/qwen2.5-vl-3b;evqa-pilot500/smolvlm-1.7b;mmke-entity/blip2-opt-2.7b;mmke-entity/minigpt-4-vicuna-7b;mmke-visual/blip2-opt-2.7b;mmke-visual/minigpt-4-vicuna-7b
clean,negative_cos_new_norm,M_abscos_x_newn,3,5,False,16,70.3252,72.0568,-1.731599999999999,68.99946666666666,-0.5430666666666639,0,3,2,0,2,0.0,-6.413999999999994,0.0,0.2,evqa-pilot500/minigpt-4-vicuna-7b;evqa-pilot500/smolvlm-1.7b;mmke-entity/blip2-opt-2.7b;mmke-entity/minigpt-4-vicuna-7b;mmke-visual/minigpt-4-vicuna-7b
clean,negative_cos_new_norm,M_new_norm,1,7,False,16,68.38942857142857,67.15257142857143,1.236857142857143,68.38942857142857,1.236857142857143,5,1,1,4,0,0.5300000000000011,-0.11999999999999744,3.5900000000000034,0.14285714285714285,evqa-pilot500/minigpt-4-vicuna-7b;evqa-pilot500/qwen2.5-vl-3b;evqa-pilot500/smolvlm-1.7b;mmke-entity/blip2-opt-2.7b;mmke-entity/minigpt-4-vicuna-7b;mmke-visual/blip2-opt-2.7b;mmke-visual/minigpt-4-vicuna-7b
clean,negative_cos_new_norm,M_new_norm,3,5,False,16,70.3252,73.0384,-2.713199999999996,68.99946666666666,-0.9346666666666608,2,1,2,1,2,0.0,-12.577999999999996,0.7660000000000053,0.2,evqa-pilot500/minigpt-4-vicuna-7b;evqa-pilot500/smolvlm-1.7b;mmke-entity/blip2-opt-2.7b;mmke-entity/minigpt-4-vicuna-7b;mmke-visual/minigpt-4-vicuna-7b
clean,old_norm_only,M_abscos_x_newn,1,16,True,16,70.314625,70.311,0.0036249999999995453,70.314625,0.0036249999999995453,1,11,4,1,3,0.0,-2.280000000000001,5.325999999999993,0.1875,evqa-pilot500/blip2-opt-2.7b;evqa-pilot500/minigpt-4-vicuna-7b;evqa-pilot500/paligemma-3b;evqa-pilot500/qwen2.5-vl-3b;evqa-pilot500/smolvlm-1.7b;mmke-entity/blip2-opt-2.7b;mmke-entity/instructblip-vicuna-7b;mmke-entity/minigpt-4-vicuna-7b;mmke-entity/paligemma-3b;mmke-entity/qwen2.5-vl-3b;mmke-entity/smolvlm-1.7b;mmke-visual/blip2-opt-2.7b;mmke-visual/instructblip-vicuna-7b;mmke-visual/minigpt-4-vicuna-7b;mmke-visual/qwen2.5-vl-3b;mmke-visual/smolvlm-1.7b
clean,old_norm_only,M_abscos_x_newn,3,15,False,16,72.84493333333333,72.5744,0.27053333333333235,70.17475555555555,0.06497777777777666,1,11,3,1,2,0.0,-0.8500000000000014,6.1640000000000015,0.3333333333333333,evqa-pilot500/blip2-opt-2.7b;evqa-pilot500/minigpt-4-vicuna-7b;evqa-pilot500/paligemma-3b;evqa-pilot500/qwen2.5-vl-3b;evqa-pilot500/smolvlm-1.7b;mmke-entity/blip2-opt-2.7b;mmke-entity/instructblip-vicuna-7b;mmke-entity/minigpt-4-vicuna-7b;mmke-entity/paligemma-3b;mmke-entity/qwen2.5-vl-3b;mmke-entity/smolvlm-1.7b;mmke-visual/blip2-opt-2.7b;mmke-visual/minigpt-4-vicuna-7b;mmke-visual/qwen2.5-vl-3b;mmke-visual/smolvlm-1.7b
clean,old_norm_only,M_new_norm,1,16,True,16,70.314625,70.071125,0.2434999999999996,70.314625,0.2434999999999996,1,14,1,1,1,0.0,-1.4299999999999997,5.325999999999993,0.1875,evqa-pilot500/blip2-opt-2.7b;evqa-pilot500/minigpt-4-vicuna-7b;evqa-pilot500/paligemma-3b;evqa-pilot500/qwen2.5-vl-3b;evqa-pilot500/smolvlm-1.7b;mmke-entity/blip2-opt-2.7b;mmke-entity/instructblip-vicuna-7b;mmke-entity/minigpt-4-vicuna-7b;mmke-entity/paligemma-3b;mmke-entity/qwen2.5-vl-3b;mmke-entity/smolvlm-1.7b;mmke-visual/blip2-opt-2.7b;mmke-visual/instructblip-vicuna-7b;mmke-visual/minigpt-4-vicuna-7b;mmke-visual/qwen2.5-vl-3b;mmke-visual/smolvlm-1.7b
clean,old_norm_only,M_new_norm,3,15,False,16,72.84493333333333,72.84493333333333,0.0,70.17475555555555,0.0,0,15,0,0,0,0.0,0.0,0.0,0.3333333333333333,evqa-pilot500/blip2-opt-2.7b;evqa-pilot500/minigpt-4-vicuna-7b;evqa-pilot500/paligemma-3b;evqa-pilot500/qwen2.5-vl-3b;evqa-pilot500/smolvlm-1.7b;mmke-entity/blip2-opt-2.7b;mmke-entity/instructblip-vicuna-7b;mmke-entity/minigpt-4-vicuna-7b;mmke-entity/paligemma-3b;mmke-entity/qwen2.5-vl-3b;mmke-entity/smolvlm-1.7b;mmke-visual/blip2-opt-2.7b;mmke-visual/minigpt-4-vicuna-7b;mmke-visual/qwen2.5-vl-3b;mmke-visual/smolvlm-1.7b
clean,power_a0_b-1_g-1,M_abscos_x_newn,1,14,False,16,68.022,68.28542857142857,-0.2634285714285721,68.022,-0.2634285714285721,1,8,5,1,4,0.0,-1.730000000000004,1.0100000000000051,0.21428571428571427,evqa-pilot500/blip2-opt-2.7b;evqa-pilot500/minigpt-4-vicuna-7b;evqa-pilot500/qwen2.5-vl-3b;evqa-pilot500/smolvlm-1.7b;mmke-entity/blip2-opt-2.7b;mmke-entity/instructblip-vicuna-7b;mmke-entity/minigpt-4-vicuna-7b;mmke-entity/qwen2.5-vl-3b;mmke-entity/smolvlm-1.7b;mmke-visual/blip2-opt-2.7b;mmke-visual/instructblip-vicuna-7b;mmke-visual/minigpt-4-vicuna-7b;mmke-visual/qwen2.5-vl-3b;mmke-visual/smolvlm-1.7b
clean,power_a0_b-1_g-1,M_abscos_x_newn,3,14,False,16,70.15057142857142,69.8607142857143,0.2898571428571418,67.4987619047619,0.052714285714284666,1,10,3,1,2,0.0,-0.8500000000000014,6.1640000000000015,0.35714285714285715,evqa-pilot500/blip2-opt-2.7b;evqa-pilot500/minigpt-4-vicuna-7b;evqa-pilot500/qwen2.5-vl-3b;evqa-pilot500/smolvlm-1.7b;mmke-entity/blip2-opt-2.7b;mmke-entity/instructblip-vicuna-7b;mmke-entity/minigpt-4-vicuna-7b;mmke-entity/qwen2.5-vl-3b;mmke-entity/smolvlm-1.7b;mmke-visual/blip2-opt-2.7b;mmke-visual/instructblip-vicuna-7b;mmke-visual/minigpt-4-vicuna-7b;mmke-visual/qwen2.5-vl-3b;mmke-visual/smolvlm-1.7b
clean,power_a0_b-1_g-1,M_new_norm,1,14,False,16,68.022,68.01128571428572,0.010714285714285105,68.022,0.010714285714285105,1,12,1,1,1,0.0,-0.8600000000000136,1.0100000000000051,0.21428571428571427,evqa-pilot500/blip2-opt-2.7b;evqa-pilot500/minigpt-4-vicuna-7b;evqa-pilot500/qwen2.5-vl-3b;evqa-pilot500/smolvlm-1.7b;mmke-entity/blip2-opt-2.7b;mmke-entity/instructblip-vicuna-7b;mmke-entity/minigpt-4-vicuna-7b;mmke-entity/qwen2.5-vl-3b;mmke-entity/smolvlm-1.7b;mmke-visual/blip2-opt-2.7b;mmke-visual/instructblip-vicuna-7b;mmke-visual/minigpt-4-vicuna-7b;mmke-visual/qwen2.5-vl-3b;mmke-visual/smolvlm-1.7b
clean,power_a0_b-1_g-1,M_new_norm,3,14,False,16,70.15057142857142,70.15057142857142,0.0,67.4987619047619,-0.016904761904761756,0,14,0,0,0,0.0,0.0,0.0,0.35714285714285715,evqa-pilot500/blip2-opt-2.7b;evqa-pilot500/minigpt-4-vicuna-7b;evqa-pilot500/qwen2.5-vl-3b;evqa-pilot500/smolvlm-1.7b;mmke-entity/blip2-opt-2.7b;mmke-entity/instructblip-vicuna-7b;mmke-entity/minigpt-4-vicuna-7b;mmke-entity/qwen2.5-vl-3b;mmke-entity/smolvlm-1.7b;mmke-visual/blip2-opt-2.7b;mmke-visual/instructblip-vicuna-7b;mmke-visual/minigpt-4-vicuna-7b;mmke-visual/qwen2.5-vl-3b;mmke-visual/smolvlm-1.7b
clean,power_a0_b-1_g0,M_abscos_x_newn,1,11,False,16,63.660363636363634,67.53509090909091,-3.874727272727273,63.660363636363634,-3.874727272727273,3,1,7,2,7,-1.2199999999999989,-22.24000000000001,17.50999999999999,0.09090909090909091,evqa-pilot500/blip2-opt-2.7b;evqa-pilot500/minigpt-4-vicuna-7b;evqa-pilot500/qwen2.5-vl-3b;evqa-pilot500/smolvlm-1.7b;mmke-entity/blip2-opt-2.7b;mmke-entity/instructblip-vicuna-7b;mmke-entity/minigpt-4-vicuna-7b;mmke-visual/blip2-opt-2.7b;mmke-visual/instructblip-vicuna-7b;mmke-visual/minigpt-4-vicuna-7b;mmke-visual/smolvlm-1.7b
clean,power_a0_b-1_g0,M_abscos_x_newn,3,7,False,16,67.30685714285714,70.45771428571429,-3.1508571428571455,65.196,-2.4329523809523823,1,2,4,1,4,-0.6900000000000048,-21.660000000000004,12.129999999999995,0.2857142857142857,evqa-pilot500/minigpt-4-vicuna-7b;evqa-pilot500/qwen2.5-vl-3b;evqa-pilot500/smolvlm-1.7b;mmke-entity/blip2-opt-2.7b;mmke-entity/instructblip-vicuna-7b;mmke-entity/minigpt-4-vicuna-7b;mmke-visual/minigpt-4-vicuna-7b
clean,power_a0_b-1_g0,M_new_norm,1,11,False,16,63.660363636363634,67.18618181818182,-3.5258181818181815,63.660363636363634,-3.5258181818181815,4,1,6,3,5,-0.36999999999999744,-22.24000000000001,19.239999999999995,0.09090909090909091,evqa-pilot500/blip2-opt-2.7b;evqa-pilot500/minigpt-4-vicuna-7b;evqa-pilot500/qwen2.5-vl-3b;evqa-pilot500/smolvlm-1.7b;mmke-entity/blip2-opt-2.7b;mmke-entity/instructblip-vicuna-7b;mmke-entity/minigpt-4-vicuna-7b;mmke-visual/blip2-opt-2.7b;mmke-visual/instructblip-vicuna-7b;mmke-visual/minigpt-4-vicuna-7b;mmke-visual/smolvlm-1.7b
clean,power_a0_b-1_g0,M_new_norm,3,7,False,16,67.30685714285714,71.03742857142858,-3.7305714285714293,65.196,-2.572190476190475,3,2,2,1,2,0.0,-21.660000000000004,5.965999999999994,0.2857142857142857,evqa-pilot500/minigpt-4-vicuna-7b;evqa-pilot500/qwen2.5-vl-3b;evqa-pilot500/smolvlm-1.7b;mmke-entity/blip2-opt-2.7b;mmke-entity/instructblip-vicuna-7b;mmke-entity/minigpt-4-vicuna-7b;mmke-visual/minigpt-4-vicuna-7b
clean,power_a0_b-1_g0.5,M_abscos_x_newn,1,11,False,16,61.92090909090909,67.53509090909091,-5.614181818181818,61.92090909090909,-5.614181818181818,3,0,8,2,8,-2.391999999999996,-22.24000000000001,5.280000000000001,0,evqa-pilot500/blip2-opt-2.7b;evqa-pilot500/minigpt-4-vicuna-7b;evqa-pilot500/qwen2.5-vl-3b;evqa-pilot500/smolvlm-1.7b;mmke-entity/blip2-opt-2.7b;mmke-entity/instructblip-vicuna-7b;mmke-entity/minigpt-4-vicuna-7b;mmke-visual/blip2-opt-2.7b;mmke-visual/instructblip-vicuna-7b;mmke-visual/minigpt-4-vicuna-7b;mmke-visual/smolvlm-1.7b
clean,power_a0_b-1_g0.5,M_abscos_x_newn,3,3,False,16,60.290000000000006,71.73,-11.44,59.788222222222224,-7.773333333333331,0,1,2,0,2,-12.659999999999997,-21.660000000000004,0.0,0,evqa-pilot500/smolvlm-1.7b;mmke-entity/instructblip-vicuna-7b;mmke-entity/minigpt-4-vicuna-7b
clean,power_a0_b-1_g0.5,M_new_norm,1,11,False,16,61.92090909090909,67.18618181818182,-5.265272727272727,61.92090909090909,-5.265272727272727,3,0,8,3,7,-1.6219999999999999,-22.24000000000001,5.280000000000001,0,evqa-pilot500/blip2-opt-2.7b;evqa-pilot500/minigpt-4-vicuna-7b;evqa-pilot500/qwen2.5-vl-3b;evqa-pilot500/smolvlm-1.7b;mmke-entity/blip2-opt-2.7b;mmke-entity/instructblip-vicuna-7b;mmke-entity/minigpt-4-vicuna-7b;mmke-visual/blip2-opt-2.7b;mmke-visual/instructblip-vicuna-7b;mmke-visual/minigpt-4-vicuna-7b;mmke-visual/smolvlm-1.7b
clean,power_a0_b-1_g0.5,M_new_norm,3,3,False,16,60.290000000000006,71.56666666666666,-11.276666666666664,59.788222222222224,-7.6248888888888855,1,0,2,0,2,-12.659999999999997,-21.660000000000004,0.4900000000000091,0,evqa-pilot500/smolvlm-1.7b;mmke-entity/instructblip-vicuna-7b;mmke-entity/minigpt-4-vicuna-7b
clean,power_a0_b-1_g1,M_abscos_x_newn,1,8,False,16,60.89375,67.8755,-6.98175,60.89375,-6.98175,3,0,5,2,5,-4.359999999999999,-22.24000000000001,5.280000000000001,0,evqa-pilot500/blip2-opt-2.7b;evqa-pilot500/smolvlm-1.7b;mmke-entity/blip2-opt-2.7b;mmke-entity/instructblip-vicuna-7b;mmke-entity/minigpt-4-vicuna-7b;mmke-visual/blip2-opt-2.7b;mmke-visual/instructblip-vicuna-7b;mmke-visual/smolvlm-1.7b
clean,power_a0_b-1_g1,M_abscos_x_newn,3,2,False,16,52.335,69.575,-17.240000000000002,51.75833333333333,-11.686666666666664,0,0,2,0,2,-17.240000000000002,-21.660000000000004,-12.82,0,evqa-pilot500/smolvlm-1.7b;mmke-entity/instructblip-vicuna-7b
clean,power_a0_b-1_g1,M_new_norm,1,8,False,16,60.89375,67.8145,-6.92075,60.89375,-6.92075,3,0,5,3,5,-4.359999999999999,-22.24000000000001,5.280000000000001,0,evqa-pilot500/blip2-opt-2.7b;evqa-pilot500/smolvlm-1.7b;mmke-entity/blip2-opt-2.7b;mmke-entity/instructblip-vicuna-7b;mmke-entity/minigpt-4-vicuna-7b;mmke-visual/blip2-opt-2.7b;mmke-visual/instructblip-vicuna-7b;mmke-visual/smolvlm-1.7b
clean,power_a0_b-1_g1,M_new_norm,3,2,False,16,52.335,69.575,-17.240000000000002,51.75833333333333,-11.686666666666664,0,0,2,0,2,-17.240000000000002,-21.660000000000004,-12.82,0,evqa-pilot500/smolvlm-1.7b;mmke-entity/instructblip-vicuna-7b
clean,power_a0_b-1_g2,M_abscos_x_newn,1,6,False,16,58.49333333333333,64.18333333333334,-5.69,58.49333333333333,-5.69,2,0,4,2,4,-3.1199999999999974,-22.480000000000004,5.280000000000001,0,evqa-pilot500/blip2-opt-2.7b;evqa-pilot500/minigpt-4-vicuna-7b;evqa-pilot500/smolvlm-1.7b;mmke-entity/blip2-opt-2.7b;mmke-entity/instructblip-vicuna-7b;mmke-visual/blip2-opt-2.7b
clean,power_a0_b-1_g2,M_abscos_x_newn,3,2,False,16,52.045,69.575,-17.530000000000005,51.584999999999994,-11.86,0,0,2,0,2,-17.530000000000005,-22.24000000000001,-12.82,0,evqa-pilot500/smolvlm-1.7b;mmke-entity/instructblip-vicuna-7b
clean,power_a0_b-1_g2,M_new_norm,1,6,False,16,58.49333333333333,63.894999999999996,-5.401666666666666,58.49333333333333,-5.401666666666666,3,0,3,2,3,-2.2549999999999955,-22.480000000000004,5.280000000000001,0,evqa-pilot500/blip2-opt-2.7b;evqa-pilot500/minigpt-4-vicuna-7b;evqa-pilot500/smolvlm-1.7b;mmke-entity/blip2-opt-2.7b;mmke-entity/instructblip-vicuna-7b;mmke-visual/blip2-opt-2.7b
clean,power_a0_b-1_g2,M_new_norm,3,2,False,16,52.045,69.575,-17.530000000000005,51.584999999999994,-11.86,0,0,2,0,2,-17.530000000000005,-22.24000000000001,-12.82,0,evqa-pilot500/smolvlm-1.7b;mmke-entity/instructblip-vicuna-7b
clean,power_a0_b-0.5_g-1,M_abscos_x_newn,1,14,False,16,68.022,68.28542857142857,-0.2634285714285721,68.022,-0.2634285714285721,1,8,5,1,4,0.0,-1.730000000000004,1.0100000000000051,0.21428571428571427,evqa-pilot500/blip2-opt-2.7b;evqa-pilot500/minigpt-4-vicuna-7b;evqa-pilot500/qwen2.5-vl-3b;evqa-pilot500/smolvlm-1.7b;mmke-entity/blip2-opt-2.7b;mmke-entity/instructblip-vicuna-7b;mmke-entity/minigpt-4-vicuna-7b;mmke-entity/qwen2.5-vl-3b;mmke-entity/smolvlm-1.7b;mmke-visual/blip2-opt-2.7b;mmke-visual/instructblip-vicuna-7b;mmke-visual/minigpt-4-vicuna-7b;mmke-visual/qwen2.5-vl-3b;mmke-visual/smolvlm-1.7b
clean,power_a0_b-0.5_g-1,M_abscos_x_newn,3,14,False,16,70.15057142857142,69.8607142857143,0.2898571428571418,67.4987619047619,0.052714285714284666,1,10,3,1,2,0.0,-0.8500000000000014,6.1640000000000015,0.35714285714285715,evqa-pilot500/blip2-opt-2.7b;evqa-pilot500/minigpt-4-vicuna-7b;evqa-pilot500/qwen2.5-vl-3b;evqa-pilot500/smolvlm-1.7b;mmke-entity/blip2-opt-2.7b;mmke-entity/instructblip-vicuna-7b;mmke-entity/minigpt-4-vicuna-7b;mmke-entity/qwen2.5-vl-3b;mmke-entity/smolvlm-1.7b;mmke-visual/blip2-opt-2.7b;mmke-visual/instructblip-vicuna-7b;mmke-visual/minigpt-4-vicuna-7b;mmke-visual/qwen2.5-vl-3b;mmke-visual/smolvlm-1.7b
clean,power_a0_b-0.5_g-1,M_new_norm,1,14,False,16,68.022,68.01128571428572,0.010714285714285105,68.022,0.010714285714285105,1,12,1,1,1,0.0,-0.8600000000000136,1.0100000000000051,0.21428571428571427,evqa-pilot500/blip2-opt-2.7b;evqa-pilot500/minigpt-4-vicuna-7b;evqa-pilot500/qwen2.5-vl-3b;evqa-pilot500/smolvlm-1.7b;mmke-entity/blip2-opt-2.7b;mmke-entity/instructblip-vicuna-7b;mmke-entity/minigpt-4-vicuna-7b;mmke-entity/qwen2.5-vl-3b;mmke-entity/smolvlm-1.7b;mmke-visual/blip2-opt-2.7b;mmke-visual/instructblip-vicuna-7b;mmke-visual/minigpt-4-vicuna-7b;mmke-visual/qwen2.5-vl-3b;mmke-visual/smolvlm-1.7b
clean,power_a0_b-0.5_g-1,M_new_norm,3,14,False,16,70.15057142857142,70.15057142857142,0.0,67.4987619047619,-0.016904761904761756,0,14,0,0,0,0.0,0.0,0.0,0.35714285714285715,evqa-pilot500/blip2-opt-2.7b;evqa-pilot500/minigpt-4-vicuna-7b;evqa-pilot500/qwen2.5-vl-3b;evqa-pilot500/smolvlm-1.7b;mmke-entity/blip2-opt-2.7b;mmke-entity/instructblip-vicuna-7b;mmke-entity/minigpt-4-vicuna-7b;mmke-entity/qwen2.5-vl-3b;mmke-entity/smolvlm-1.7b;mmke-visual/blip2-opt-2.7b;mmke-visual/instructblip-vicuna-7b;mmke-visual/minigpt-4-vicuna-7b;mmke-visual/qwen2.5-vl-3b;mmke-visual/smolvlm-1.7b
clean,power_a0_b-0.5_g0,M_abscos_x_newn,1,16,True,16,68.50825,70.311,-1.8027500000000005,68.50825,-1.8027500000000005,1,10,5,1,4,0.0,-19.160000000000004,11.543999999999997,0.125,evqa-pilot500/blip2-opt-2.7b;evqa-pilot500/minigpt-4-vicuna-7b;evqa-pilot500/paligemma-3b;evqa-pilot500/qwen2.5-vl-3b;evqa-pilot500/smolvlm-1.7b;mmke-entity/blip2-opt-2.7b;mmke-entity/instructblip-vicuna-7b;mmke-entity/minigpt-4-vicuna-7b;mmke-entity/paligemma-3b;mmke-entity/qwen2.5-vl-3b;mmke-entity/smolvlm-1.7b;mmke-visual/blip2-opt-2.7b;mmke-visual/instructblip-vicuna-7b;mmke-visual/minigpt-4-vicuna-7b;mmke-visual/qwen2.5-vl-3b;mmke-visual/smolvlm-1.7b
clean,power_a0_b-0.5_g0,M_abscos_x_newn,3,16,True,16,71.489625,72.494125,-1.0045000000000015,68.92945833333333,-0.8136666666666681,1,11,4,1,3,0.0,-20.13000000000001,6.1640000000000015,0.3125,evqa-pilot500/blip2-opt-2.7b;evqa-pilot500/minigpt-4-vicuna-7b;evqa-pilot500/paligemma-3b;evqa-pilot500/qwen2.5-vl-3b;evqa-pilot500/smolvlm-1.7b;mmke-entity/blip2-opt-2.7b;mmke-entity/instructblip-vicuna-7b;mmke-entity/minigpt-4-vicuna-7b;mmke-entity/paligemma-3b;mmke-entity/qwen2.5-vl-3b;mmke-entity/smolvlm-1.7b;mmke-visual/blip2-opt-2.7b;mmke-visual/instructblip-vicuna-7b;mmke-visual/minigpt-4-vicuna-7b;mmke-visual/qwen2.5-vl-3b;mmke-visual/smolvlm-1.7b
clean,power_a0_b-0.5_g0,M_new_norm,1,16,True,16,68.50825,70.071125,-1.5628750000000005,68.50825,-1.5628750000000005,1,13,2,1,2,0.0,-19.160000000000004,13.274000000000001,0.125,evqa-pilot500/blip2-opt-2.7b;evqa-pilot500/minigpt-4-vicuna-7b;evqa-pilot500/paligemma-3b;evqa-pilot500/qwen2.5-vl-3b;evqa-pilot500/smolvlm-1.7b;mmke-entity/blip2-opt-2.7b;mmke-entity/instructblip-vicuna-7b;mmke-entity/minigpt-4-vicuna-7b;mmke-entity/paligemma-3b;mmke-entity/qwen2.5-vl-3b;mmke-entity/smolvlm-1.7b;mmke-visual/blip2-opt-2.7b;mmke-visual/instructblip-vicuna-7b;mmke-visual/minigpt-4-vicuna-7b;mmke-visual/qwen2.5-vl-3b;mmke-visual/smolvlm-1.7b
clean,power_a0_b-0.5_g0,M_new_norm,3,16,True,16,71.489625,72.74775,-1.2581250000000006,68.92945833333333,-0.8745833333333337,0,15,1,0,1,0.0,-20.13000000000001,0.0,0.3125,evqa-pilot500/blip2-opt-2.7b;evqa-pilot500/minigpt-4-vicuna-7b;evqa-pilot500/paligemma-3b;evqa-pilot500/qwen2.5-vl-3b;evqa-pilot500/smolvlm-1.7b;mmke-entity/blip2-opt-2.7b;mmke-entity/instructblip-vicuna-7b;mmke-entity/minigpt-4-vicuna-7b;mmke-entity/paligemma-3b;mmke-entity/qwen2.5-vl-3b;mmke-entity/smolvlm-1.7b;mmke-visual/blip2-opt-2.7b;mmke-visual/instructblip-vicuna-7b;mmke-visual/minigpt-4-vicuna-7b;mmke-visual/qwen2.5-vl-3b;mmke-visual/smolvlm-1.7b
clean,power_a0_b-0.5_g0.5,M_abscos_x_newn,1,15,False,16,68.76866666666666,69.89293333333333,-1.124266666666667,68.76866666666666,-1.124266666666667,6,1,8,5,7,-0.19000000000000483,-22.24000000000001,14.88000000000001,0.06666666666666667,evqa-pilot500/blip2-opt-2.7b;evqa-pilot500/minigpt-4-vicuna-7b;evqa-pilot500/paligemma-3b;evqa-pilot500/qwen2.5-vl-3b;evqa-pilot500/smolvlm-1.7b;mmke-entity/blip2-opt-2.7b;mmke-entity/instructblip-vicuna-7b;mmke-entity/minigpt-4-vicuna-7b;mmke-entity/paligemma-3b;mmke-entity/qwen2.5-vl-3b;mmke-entity/smolvlm-1.7b;mmke-visual/blip2-opt-2.7b;mmke-visual/instructblip-vicuna-7b;mmke-visual/qwen2.5-vl-3b;mmke-visual/smolvlm-1.7b
clean,power_a0_b-0.5_g0.5,M_abscos_x_newn,3,10,False,16,69.0758,72.5656,-3.4898000000000033,67.75173333333333,-1.338066666666672,1,2,7,1,5,-0.4270000000000067,-21.60000000000001,16.685999999999993,0,evqa-pilot500/blip2-opt-2.7b;evqa-pilot500/minigpt-4-vicuna-7b;evqa-pilot500/paligemma-3b;evqa-pilot500/qwen2.5-vl-3b;mmke-entity/blip2-opt-2.7b;mmke-entity/instructblip-vicuna-7b;mmke-entity/paligemma-3b;mmke-entity/qwen2.5-vl-3b;mmke-visual/instructblip-vicuna-7b;mmke-visual/smolvlm-1.7b
clean,power_a0_b-0.5_g0.5,M_new_norm,1,15,False,16,68.76866666666666,69.6884,-0.9197333333333333,68.76866666666666,-0.9197333333333333,7,1,7,6,6,0.0,-22.24000000000001,14.88000000000001,0.06666666666666667,evqa-pilot500/blip2-opt-2.7b;evqa-pilot500/minigpt-4-vicuna-7b;evqa-pilot500/paligemma-3b;evqa-pilot500/qwen2.5-vl-3b;evqa-pilot500/smolvlm-1.7b;mmke-entity/blip2-opt-2.7b;mmke-entity/instructblip-vicuna-7b;mmke-entity/minigpt-4-vicuna-7b;mmke-entity/paligemma-3b;mmke-entity/qwen2.5-vl-3b;mmke-entity/smolvlm-1.7b;mmke-visual/blip2-opt-2.7b;mmke-visual/instructblip-vicuna-7b;mmke-visual/qwen2.5-vl-3b;mmke-visual/smolvlm-1.7b
clean,power_a0_b-0.5_g0.5,M_new_norm,3,10,False,16,69.0758,73.09700000000001,-4.021200000000003,67.75173333333333,-1.5581333333333383,2,1,7,2,6,-0.6400000000000006,-21.60000000000001,16.685999999999993,0,evqa-pilot500/blip2-opt-2.7b;evqa-pilot500/minigpt-4-vicuna-7b;evqa-pilot500/paligemma-3b;evqa-pilot500/qwen2.5-vl-3b;mmke-entity/blip2-opt-2.7b;mmke-entity/instructblip-vicuna-7b;mmke-entity/paligemma-3b;mmke-entity/qwen2.5-vl-3b;mmke-visual/instructblip-vicuna-7b;mmke-visual/smolvlm-1.7b
clean,power_a0_b-0.5_g1,M_abscos_x_newn,1,14,False,16,68.47414285714285,71.19614285714286,-2.722,68.47414285714285,-2.722,2,1,11,1,11,-1.3180000000000014,-22.24000000000001,17.439999999999998,0.07142857142857142,evqa-pilot500/blip2-opt-2.7b;evqa-pilot500/minigpt-4-vicuna-7b;evqa-pilot500/paligemma-3b;evqa-pilot500/qwen2.5-vl-3b;evqa-pilot500/smolvlm-1.7b;mmke-entity/instructblip-vicuna-7b;mmke-entity/minigpt-4-vicuna-7b;mmke-entity/paligemma-3b;mmke-entity/qwen2.5-vl-3b;mmke-entity/smolvlm-1.7b;mmke-visual/instructblip-vicuna-7b;mmke-visual/minigpt-4-vicuna-7b;mmke-visual/qwen2.5-vl-3b;mmke-visual/smolvlm-1.7b
clean,power_a0_b-0.5_g1,M_abscos_x_newn,3,12,False,16,69.58916666666667,72.23933333333333,-2.6501666666666677,68.60038888888889,-1.348444444444448,3,1,8,2,7,-0.740000000000002,-21.60000000000001,17.093999999999994,0.16666666666666666,evqa-pilot500/blip2-opt-2.7b;evqa-pilot500/qwen2.5-vl-3b;evqa-pilot500/smolvlm-1.7b;mmke-entity/instructblip-vicuna-7b;mmke-entity/minigpt-4-vicuna-7b;mmke-entity/paligemma-3b;mmke-entity/qwen2.5-vl-3b;mmke-entity/smolvlm-1.7b;mmke-visual/instructblip-vicuna-7b;mmke-visual/minigpt-4-vicuna-7b;mmke-visual/qwen2.5-vl-3b;mmke-visual/smolvlm-1.7b
clean,power_a0_b-0.5_g1,M_new_norm,1,14,False,16,68.47414285714285,70.922,-2.4478571428571425,68.47414285714285,-2.4478571428571425,4,0,10,2,10,-0.9200000000000017,-22.24000000000001,17.439999999999998,0.07142857142857142,evqa-pilot500/blip2-opt-2.7b;evqa-pilot500/minigpt-4-vicuna-7b;evqa-pilot500/paligemma-3b;evqa-pilot500/qwen2.5-vl-3b;evqa-pilot500/smolvlm-1.7b;mmke-entity/instructblip-vicuna-7b;mmke-entity/minigpt-4-vicuna-7b;mmke-entity/paligemma-3b;mmke-entity/qwen2.5-vl-3b;mmke-entity/smolvlm-1.7b;mmke-visual/instructblip-vicuna-7b;mmke-visual/minigpt-4-vicuna-7b;mmke-visual/qwen2.5-vl-3b;mmke-visual/smolvlm-1.7b
clean,power_a0_b-0.5_g1,M_new_norm,3,12,False,16,69.58916666666667,72.06383333333333,-2.4746666666666663,68.60038888888889,-1.1643333333333359,5,0,7,3,7,-0.740000000000002,-21.60000000000001,17.093999999999994,0.16666666666666666,evqa-pilot500/blip2-opt-2.7b;evqa-pilot500/qwen2.5-vl-3b;evqa-pilot500/smolvlm-1.7b;mmke-entity/instructblip-vicuna-7b;mmke-entity/minigpt-4-vicuna-7b;mmke-entity/paligemma-3b;mmke-entity/qwen2.5-vl-3b;mmke-entity/smolvlm-1.7b;mmke-visual/instructblip-vicuna-7b;mmke-visual/minigpt-4-vicuna-7b;mmke-visual/qwen2.5-vl-3b;mmke-visual/smolvlm-1.7b
clean,power_a0_b-0.5_g2,M_abscos_x_newn,1,13,False,16,64.5643076923077,68.74046153846155,-4.176153846153846,64.5643076923077,-4.176153846153846,4,0,9,2,9,-2.0700000000000074,-22.24000000000001,5.060000000000002,0.07692307692307693,evqa-pilot500/blip2-opt-2.7b;evqa-pilot500/minigpt-4-vicuna-7b;evqa-pilot500/qwen2.5-vl-3b;evqa-pilot500/smolvlm-1.7b;mmke-entity/blip2-opt-2.7b;mmke-entity/instructblip-vicuna-7b;mmke-entity/minigpt-4-vicuna-7b;mmke-entity/qwen2.5-vl-3b;mmke-entity/smolvlm-1.7b;mmke-visual/instructblip-vicuna-7b;mmke-visual/minigpt-4-vicuna-7b;mmke-visual/qwen2.5-vl-3b;mmke-visual/smolvlm-1.7b
clean,power_a0_b-0.5_g2,M_abscos_x_newn,3,7,False,16,66.35285714285715,70.64,-4.287142857142859,65.01219047619048,-3.6308571428571432,2,0,5,0,5,-1.75,-21.660000000000004,0.3499999999999943,0.14285714285714285,evqa-pilot500/qwen2.5-vl-3b;evqa-pilot500/smolvlm-1.7b;mmke-entity/instructblip-vicuna-7b;mmke-entity/qwen2.5-vl-3b;mmke-entity/smolvlm-1.7b;mmke-visual/minigpt-4-vicuna-7b;mmke-visual/smolvlm-1.7b
clean,power_a0_b-0.5_g2,M_new_norm,1,13,False,16,64.5643076923077,68.44523076923078,-3.880923076923076,64.5643076923077,-3.880923076923076,4,0,9,3,9,-1.75,-22.24000000000001,5.060000000000002,0.07692307692307693,evqa-pilot500/blip2-opt-2.7b;evqa-pilot500/minigpt-4-vicuna-7b;evqa-pilot500/qwen2.5-vl-3b;evqa-pilot500/smolvlm-1.7b;mmke-entity/blip2-opt-2.7b;mmke-entity/instructblip-vicuna-7b;mmke-entity/minigpt-4-vicuna-7b;mmke-entity/qwen2.5-vl-3b;mmke-entity/smolvlm-1.7b;mmke-visual/instructblip-vicuna-7b;mmke-visual/minigpt-4-vicuna-7b;mmke-visual/qwen2.5-vl-3b;mmke-visual/smolvlm-1.7b
clean,power_a0_b-0.5_g2,M_new_norm,3,7,False,16,66.35285714285715,70.40914285714285,-4.056285714285715,65.01219047619048,-3.378857142857142,2,0,5,0,4,-1.6239999999999952,-21.660000000000004,0.3499999999999943,0.14285714285714285,evqa-pilot500/qwen2.5-vl-3b;evqa-pilot500/smolvlm-1.7b;mmke-entity/instructblip-vicuna-7b;mmke-entity/qwen2.5-vl-3b;mmke-entity/smolvlm-1.7b;mmke-visual/minigpt-4-vicuna-7b;mmke-visual/smolvlm-1.7b
clean,power_a0_b0_g-1,M_abscos_x_newn,1,14,False,16,68.022,68.28542857142857,-0.2634285714285721,68.022,-0.2634285714285721,1,8,5,1,4,0.0,-1.730000000000004,1.0100000000000051,0.21428571428571427,evqa-pilot500/blip2-opt-2.7b;evqa-pilot500/minigpt-4-vicuna-7b;evqa-pilot500/qwen2.5-vl-3b;evqa-pilot500/smolvlm-1.7b;mmke-entity/blip2-opt-2.7b;mmke-entity/instructblip-vicuna-7b;mmke-entity/minigpt-4-vicuna-7b;mmke-entity/qwen2.5-vl-3b;mmke-entity/smolvlm-1.7b;mmke-visual/blip2-opt-2.7b;mmke-visual/instructblip-vicuna-7b;mmke-visual/minigpt-4-vicuna-7b;mmke-visual/qwen2.5-vl-3b;mmke-visual/smolvlm-1.7b
clean,power_a0_b0_g-1,M_abscos_x_newn,3,14,False,16,70.15057142857142,69.8607142857143,0.2898571428571418,67.4987619047619,0.052714285714284666,1,10,3,1,2,0.0,-0.8500000000000014,6.1640000000000015,0.35714285714285715,evqa-pilot500/blip2-opt-2.7b;evqa-pilot500/minigpt-4-vicuna-7b;evqa-pilot500/qwen2.5-vl-3b;evqa-pilot500/smolvlm-1.7b;mmke-entity/blip2-opt-2.7b;mmke-entity/instructblip-vicuna-7b;mmke-entity/minigpt-4-vicuna-7b;mmke-entity/qwen2.5-vl-3b;mmke-entity/smolvlm-1.7b;mmke-visual/blip2-opt-2.7b;mmke-visual/instructblip-vicuna-7b;mmke-visual/minigpt-4-vicuna-7b;mmke-visual/qwen2.5-vl-3b;mmke-visual/smolvlm-1.7b
clean,power_a0_b0_g-1,M_new_norm,1,14,False,16,68.022,68.01128571428572,0.010714285714285105,68.022,0.010714285714285105,1,12,1,1,1,0.0,-0.8600000000000136,1.0100000000000051,0.21428571428571427,evqa-pilot500/blip2-opt-2.7b;evqa-pilot500/minigpt-4-vicuna-7b;evqa-pilot500/qwen2.5-vl-3b;evqa-pilot500/smolvlm-1.7b;mmke-entity/blip2-opt-2.7b;mmke-entity/instructblip-vicuna-7b;mmke-entity/minigpt-4-vicuna-7b;mmke-entity/qwen2.5-vl-3b;mmke-entity/smolvlm-1.7b;mmke-visual/blip2-opt-2.7b;mmke-visual/instructblip-vicuna-7b;mmke-visual/minigpt-4-vicuna-7b;mmke-visual/qwen2.5-vl-3b;mmke-visual/smolvlm-1.7b
clean,power_a0_b0_g-1,M_new_norm,3,14,False,16,70.15057142857142,70.15057142857142,0.0,67.4987619047619,-0.016904761904761756,0,14,0,0,0,0.0,0.0,0.0,0.35714285714285715,evqa-pilot500/blip2-opt-2.7b;evqa-pilot500/minigpt-4-vicuna-7b;evqa-pilot500/qwen2.5-vl-3b;evqa-pilot500/smolvlm-1.7b;mmke-entity/blip2-opt-2.7b;mmke-entity/instructblip-vicuna-7b;mmke-entity/minigpt-4-vicuna-7b;mmke-entity/qwen2.5-vl-3b;mmke-entity/smolvlm-1.7b;mmke-visual/blip2-opt-2.7b;mmke-visual/instructblip-vicuna-7b;mmke-visual/minigpt-4-vicuna-7b;mmke-visual/qwen2.5-vl-3b;mmke-visual/smolvlm-1.7b
clean,power_a0_b0_g0,M_abscos_x_newn,1,16,True,16,70.071125,70.311,-0.23987500000000006,70.071125,-0.23987500000000006,0,12,4,0,3,0.0,-1.730000000000004,0.0,0.1875,evqa-pilot500/blip2-opt-2.7b;evqa-pilot500/minigpt-4-vicuna-7b;evqa-pilot500/paligemma-3b;evqa-pilot500/qwen2.5-vl-3b;evqa-pilot500/smolvlm-1.7b;mmke-entity/blip2-opt-2.7b;mmke-entity/instructblip-vicuna-7b;mmke-entity/minigpt-4-vicuna-7b;mmke-entity/paligemma-3b;mmke-entity/qwen2.5-vl-3b;mmke-entity/smolvlm-1.7b;mmke-visual/blip2-opt-2.7b;mmke-visual/instructblip-vicuna-7b;mmke-visual/minigpt-4-vicuna-7b;mmke-visual/qwen2.5-vl-3b;mmke-visual/smolvlm-1.7b
clean,power_a0_b0_g0,M_abscos_x_newn,3,16,True,16,72.74775,72.494125,0.2536249999999991,69.80404166666666,0.06091666666666562,1,12,3,1,2,0.0,-0.8500000000000014,6.1640000000000015,0.375,evqa-pilot500/blip2-opt-2.7b;evqa-pilot500/minigpt-4-vicuna-7b;evqa-pilot500/paligemma-3b;evqa-pilot500/qwen2.5-vl-3b;evqa-pilot500/smolvlm-1.7b;mmke-entity/blip2-opt-2.7b;mmke-entity/instructblip-vicuna-7b;mmke-entity/minigpt-4-vicuna-7b;mmke-entity/paligemma-3b;mmke-entity/qwen2.5-vl-3b;mmke-entity/smolvlm-1.7b;mmke-visual/blip2-opt-2.7b;mmke-visual/instructblip-vicuna-7b;mmke-visual/minigpt-4-vicuna-7b;mmke-visual/qwen2.5-vl-3b;mmke-visual/smolvlm-1.7b
clean,power_a0_b0_g0,M_new_norm,1,16,True,16,70.071125,70.071125,0.0,70.071125,0.0,0,16,0,0,0,0.0,0.0,0.0,0.1875,evqa-pilot500/blip2-opt-2.7b;evqa-pilot500/minigpt-4-vicuna-7b;evqa-pilot500/paligemma-3b;evqa-pilot500/qwen2.5-vl-3b;evqa-pilot500/smolvlm-1.7b;mmke-entity/blip2-opt-2.7b;mmke-entity/instructblip-vicuna-7b;mmke-entity/minigpt-4-vicuna-7b;mmke-entity/paligemma-3b;mmke-entity/qwen2.5-vl-3b;mmke-entity/smolvlm-1.7b;mmke-visual/blip2-opt-2.7b;mmke-visual/instructblip-vicuna-7b;mmke-visual/minigpt-4-vicuna-7b;mmke-visual/qwen2.5-vl-3b;mmke-visual/smolvlm-1.7b
clean,power_a0_b0_g0,M_new_norm,3,16,True,16,72.74775,72.74775,0.0,69.80404166666666,0.0,0,16,0,0,0,0.0,0.0,0.0,0.375,evqa-pilot500/blip2-opt-2.7b;evqa-pilot500/minigpt-4-vicuna-7b;evqa-pilot500/paligemma-3b;evqa-pilot500/qwen2.5-vl-3b;evqa-pilot500/smolvlm-1.7b;mmke-entity/blip2-opt-2.7b;mmke-entity/instructblip-vicuna-7b;mmke-entity/minigpt-4-vicuna-7b;mmke-entity/paligemma-3b;mmke-entity/qwen2.5-vl-3b;mmke-entity/smolvlm-1.7b;mmke-visual/blip2-opt-2.7b;mmke-visual/instructblip-vicuna-7b;mmke-visual/minigpt-4-vicuna-7b;mmke-visual/qwen2.5-vl-3b;mmke-visual/smolvlm-1.7b
clean,power_a0_b0_g0.5,M_abscos_x_newn,1,12,False,16,67.256,69.19833333333334,-1.9423333333333328,67.256,-1.9423333333333328,3,4,5,3,4,0.0,-20.540000000000006,14.930000000000007,0,evqa-pilot500/blip2-opt-2.7b;evqa-pilot500/minigpt-4-vicuna-7b;evqa-pilot500/paligemma-3b;evqa-pilot500/qwen2.5-vl-3b;mmke-entity/blip2-opt-2.7b;mmke-entity/instructblip-vicuna-7b;mmke-entity/paligemma-3b;mmke-entity/smolvlm-1.7b;mmke-visual/blip2-opt-2.7b;mmke-visual/instructblip-vicuna-7b;mmke-visual/qwen2.5-vl-3b;mmke-visual/smolvlm-1.7b
clean,power_a0_b0_g0.5,M_abscos_x_newn,3,5,False,16,75.91,77.594,-1.6840000000000017,73.45533333333333,-0.9513333333333349,0,2,3,0,2,-0.19000000000000483,-7.549999999999997,0.0,0.2,evqa-pilot500/paligemma-3b;evqa-pilot500/qwen2.5-vl-3b;mmke-entity/blip2-opt-2.7b;mmke-entity/paligemma-3b;mmke-visual/blip2-opt-2.7b
clean,power_a0_b0_g0.5,M_new_norm,1,12,False,16,67.256,68.98333333333333,-1.7273333333333323,67.256,-1.7273333333333323,4,4,4,4,4,0.0,-20.540000000000006,14.930000000000007,0,evqa-pilot500/blip2-opt-2.7b;evqa-pilot500/minigpt-4-vicuna-7b;evqa-pilot500/paligemma-3b;evqa-pilot500/qwen2.5-vl-3b;mmke-entity/blip2-opt-2.7b;mmke-entity/instructblip-vicuna-7b;mmke-entity/paligemma-3b;mmke-entity/smolvlm-1.7b;mmke-visual/blip2-opt-2.7b;mmke-visual/instructblip-vicuna-7b;mmke-visual/qwen2.5-vl-3b;mmke-visual/smolvlm-1.7b
clean,power_a0_b0_g0.5,M_new_norm,3,5,False,16,75.91,77.424,-1.5140000000000016,73.45533333333333,-0.7546666666666682,1,2,2,1,2,0.0,-7.549999999999997,0.6599999999999966,0.2,evqa-pilot500/paligemma-3b;evqa-pilot500/qwen2.5-vl-3b;mmke-entity/blip2-opt-2.7b;mmke-entity/paligemma-3b;mmke-visual/blip2-opt-2.7b
clean,power_a0_b0_g1,M_abscos_x_newn,1,15,False,16,68.81933333333333,69.89293333333333,-1.0735999999999999,68.81933333333333,-1.0735999999999999,4,1,10,4,8,-0.6099999999999994,-20.460000000000008,14.88000000000001,0,evqa-pilot500/blip2-opt-2.7b;evqa-pilot500/minigpt-4-vicuna-7b;evqa-pilot500/paligemma-3b;evqa-pilot500/qwen2.5-vl-3b;evqa-pilot500/smolvlm-1.7b;mmke-entity/blip2-opt-2.7b;mmke-entity/instructblip-vicuna-7b;mmke-entity/minigpt-4-vicuna-7b;mmke-entity/paligemma-3b;mmke-entity/qwen2.5-vl-3b;mmke-entity/smolvlm-1.7b;mmke-visual/blip2-opt-2.7b;mmke-visual/instructblip-vicuna-7b;mmke-visual/qwen2.5-vl-3b;mmke-visual/smolvlm-1.7b
clean,power_a0_b0_g1,M_abscos_x_newn,3,12,False,16,69.42399999999999,72.16216666666666,-2.73816666666667,67.97605555555556,-1.03655555555556,3,1,8,2,6,-0.4270000000000067,-20.56000000000001,16.685999999999993,0,evqa-pilot500/blip2-opt-2.7b;evqa-pilot500/minigpt-4-vicuna-7b;evqa-pilot500/paligemma-3b;evqa-pilot500/qwen2.5-vl-3b;mmke-entity/blip2-opt-2.7b;mmke-entity/instructblip-vicuna-7b;mmke-entity/paligemma-3b;mmke-entity/qwen2.5-vl-3b;mmke-visual/blip2-opt-2.7b;mmke-visual/instructblip-vicuna-7b;mmke-visual/qwen2.5-vl-3b;mmke-visual/smolvlm-1.7b
clean,power_a0_b0_g1,M_new_norm,1,15,False,16,68.81933333333333,69.6884,-0.8690666666666663,68.81933333333333,-0.8690666666666663,5,1,9,5,7,-0.35599999999999454,-20.460000000000008,14.88000000000001,0,evqa-pilot500/blip2-opt-2.7b;evqa-pilot500/minigpt-4-vicuna-7b;evqa-pilot500/paligemma-3b;evqa-pilot500/qwen2.5-vl-3b;evqa-pilot500/smolvlm-1.7b;mmke-entity/blip2-opt-2.7b;mmke-entity/instructblip-vicuna-7b;mmke-entity/minigpt-4-vicuna-7b;mmke-entity/paligemma-3b;mmke-entity/qwen2.5-vl-3b;mmke-entity/smolvlm-1.7b;mmke-visual/blip2-opt-2.7b;mmke-visual/instructblip-vicuna-7b;mmke-visual/qwen2.5-vl-3b;mmke-visual/smolvlm-1.7b
clean,power_a0_b0_g1,M_new_norm,3,12,False,16,69.42399999999999,72.605,-3.181000000000003,67.97605555555556,-1.2199444444444485,4,1,7,3,6,-0.4270000000000067,-20.56000000000001,16.685999999999993,0,evqa-pilot500/blip2-opt-2.7b;evqa-pilot500/minigpt-4-vicuna-7b;evqa-pilot500/paligemma-3b;evqa-pilot500/qwen2.5-vl-3b;mmke-entity/blip2-opt-2.7b;mmke-entity/instructblip-vicuna-7b;mmke-entity/paligemma-3b;mmke-entity/qwen2.5-vl-3b;mmke-visual/blip2-opt-2.7b;mmke-visual/instructblip-vicuna-7b;mmke-visual/qwen2.5-vl-3b;mmke-visual/smolvlm-1.7b
clean,power_a0_b0_g2,M_abscos_x_newn,1,16,True,16,68.799875,70.311,-1.511124999999999,68.799875,-1.511124999999999,3,1,12,3,11,-0.963000000000001,-22.24000000000001,17.439999999999998,0.0625,evqa-pilot500/blip2-opt-2.7b;evqa-pilot500/minigpt-4-vicuna-7b;evqa-pilot500/paligemma-3b;evqa-pilot500/qwen2.5-vl-3b;evqa-pilot500/smolvlm-1.7b;mmke-entity/blip2-opt-2.7b;mmke-entity/instructblip-vicuna-7b;mmke-entity/minigpt-4-vicuna-7b;mmke-entity/paligemma-3b;mmke-entity/qwen2.5-vl-3b;mmke-entity/smolvlm-1.7b;mmke-visual/blip2-opt-2.7b;mmke-visual/instructblip-vicuna-7b;mmke-visual/minigpt-4-vicuna-7b;mmke-visual/qwen2.5-vl-3b;mmke-visual/smolvlm-1.7b
clean,power_a0_b0_g2,M_abscos_x_newn,3,14,False,16,69.79428571428572,72.089,-2.2947142857142877,68.91128571428571,-0.8451904761904798,4,1,9,2,8,-0.740000000000002,-21.60000000000001,17.093999999999994,0.07142857142857142,evqa-pilot500/blip2-opt-2.7b;evqa-pilot500/qwen2.5-vl-3b;evqa-pilot500/smolvlm-1.7b;mmke-entity/blip2-opt-2.7b;mmke-entity/instructblip-vicuna-7b;mmke-entity/minigpt-4-vicuna-7b;mmke-entity/paligemma-3b;mmke-entity/qwen2.5-vl-3b;mmke-entity/smolvlm-1.7b;mmke-visual/blip2-opt-2.7b;mmke-visual/instructblip-vicuna-7b;mmke-visual/minigpt-4-vicuna-7b;mmke-visual/qwen2.5-vl-3b;mmke-visual/smolvlm-1.7b
clean,power_a0_b0_g2,M_new_norm,1,16,True,16,68.799875,70.071125,-1.2712499999999989,68.799875,-1.2712499999999989,5,0,11,4,10,-0.8500000000000014,-22.24000000000001,17.439999999999998,0.0625,evqa-pilot500/blip2-opt-2.7b;evqa-pilot500/minigpt-4-vicuna-7b;evqa-pilot500/paligemma-3b;evqa-pilot500/qwen2.5-vl-3b;evqa-pilot500/smolvlm-1.7b;mmke-entity/blip2-opt-2.7b;mmke-entity/instructblip-vicuna-7b;mmke-entity/minigpt-4-vicuna-7b;mmke-entity/paligemma-3b;mmke-entity/qwen2.5-vl-3b;mmke-entity/smolvlm-1.7b;mmke-visual/blip2-opt-2.7b;mmke-visual/instructblip-vicuna-7b;mmke-visual/minigpt-4-vicuna-7b;mmke-visual/qwen2.5-vl-3b;mmke-visual/smolvlm-1.7b
clean,power_a0_b0_g2,M_new_norm,3,14,False,16,69.79428571428572,71.93857142857144,-2.144285714285715,68.91128571428571,-0.687380952380955,6,0,8,3,8,-0.740000000000002,-21.60000000000001,17.093999999999994,0.07142857142857142,evqa-pilot500/blip2-opt-2.7b;evqa-pilot500/qwen2.5-vl-3b;evqa-pilot500/smolvlm-1.7b;mmke-entity/blip2-opt-2.7b;mmke-entity/instructblip-vicuna-7b;mmke-entity/minigpt-4-vicuna-7b;mmke-entity/paligemma-3b;mmke-entity/qwen2.5-vl-3b;mmke-entity/smolvlm-1.7b;mmke-visual/blip2-opt-2.7b;mmke-visual/instructblip-vicuna-7b;mmke-visual/minigpt-4-vicuna-7b;mmke-visual/qwen2.5-vl-3b;mmke-visual/smolvlm-1.7b
clean,power_a0_b0.5_g-1,M_abscos_x_newn,1,14,False,16,68.022,68.28542857142857,-0.2634285714285721,68.022,-0.2634285714285721,1,8,5,1,4,0.0,-1.730000000000004,1.0100000000000051,0.21428571428571427,evqa-pilot500/blip2-opt-2.7b;evqa-pilot500/minigpt-4-vicuna-7b;evqa-pilot500/qwen2.5-vl-3b;evqa-pilot500/smolvlm-1.7b;mmke-entity/blip2-opt-2.7b;mmke-entity/instructblip-vicuna-7b;mmke-entity/minigpt-4-vicuna-7b;mmke-entity/qwen2.5-vl-3b;mmke-entity/smolvlm-1.7b;mmke-visual/blip2-opt-2.7b;mmke-visual/instructblip-vicuna-7b;mmke-visual/minigpt-4-vicuna-7b;mmke-visual/qwen2.5-vl-3b;mmke-visual/smolvlm-1.7b
clean,power_a0_b0.5_g-1,M_abscos_x_newn,3,14,False,16,70.15057142857142,69.8607142857143,0.2898571428571418,67.4987619047619,0.052714285714284666,1,10,3,1,2,0.0,-0.8500000000000014,6.1640000000000015,0.35714285714285715,evqa-pilot500/blip2-opt-2.7b;evqa-pilot500/minigpt-4-vicuna-7b;evqa-pilot500/qwen2.5-vl-3b;evqa-pilot500/smolvlm-1.7b;mmke-entity/blip2-opt-2.7b;mmke-entity/instructblip-vicuna-7b;mmke-entity/minigpt-4-vicuna-7b;mmke-entity/qwen2.5-vl-3b;mmke-entity/smolvlm-1.7b;mmke-visual/blip2-opt-2.7b;mmke-visual/instructblip-vicuna-7b;mmke-visual/minigpt-4-vicuna-7b;mmke-visual/qwen2.5-vl-3b;mmke-visual/smolvlm-1.7b
clean,power_a0_b0.5_g-1,M_new_norm,1,14,False,16,68.022,68.01128571428572,0.010714285714285105,68.022,0.010714285714285105,1,12,1,1,1,0.0,-0.8600000000000136,1.0100000000000051,0.21428571428571427,evqa-pilot500/blip2-opt-2.7b;evqa-pilot500/minigpt-4-vicuna-7b;evqa-pilot500/qwen2.5-vl-3b;evqa-pilot500/smolvlm-1.7b;mmke-entity/blip2-opt-2.7b;mmke-entity/instructblip-vicuna-7b;mmke-entity/minigpt-4-vicuna-7b;mmke-entity/qwen2.5-vl-3b;mmke-entity/smolvlm-1.7b;mmke-visual/blip2-opt-2.7b;mmke-visual/instructblip-vicuna-7b;mmke-visual/minigpt-4-vicuna-7b;mmke-visual/qwen2.5-vl-3b;mmke-visual/smolvlm-1.7b
clean,power_a0_b0.5_g-1,M_new_norm,3,14,False,16,70.15057142857142,70.15057142857142,0.0,67.4987619047619,-0.016904761904761756,0,14,0,0,0,0.0,0.0,0.0,0.35714285714285715,evqa-pilot500/blip2-opt-2.7b;evqa-pilot500/minigpt-4-vicuna-7b;evqa-pilot500/qwen2.5-vl-3b;evqa-pilot500/smolvlm-1.7b;mmke-entity/blip2-opt-2.7b;mmke-entity/instructblip-vicuna-7b;mmke-entity/minigpt-4-vicuna-7b;mmke-entity/qwen2.5-vl-3b;mmke-entity/smolvlm-1.7b;mmke-visual/blip2-opt-2.7b;mmke-visual/instructblip-vicuna-7b;mmke-visual/minigpt-4-vicuna-7b;mmke-visual/qwen2.5-vl-3b;mmke-visual/smolvlm-1.7b
clean,power_a0_b0.5_g0,M_abscos_x_newn,1,16,True,16,70.071125,70.311,-0.23987500000000006,70.071125,-0.23987500000000006,0,12,4,0,3,0.0,-1.730000000000004,0.0,0.1875,evqa-pilot500/blip2-opt-2.7b;evqa-pilot500/minigpt-4-vicuna-7b;evqa-pilot500/paligemma-3b;evqa-pilot500/qwen2.5-vl-3b;evqa-pilot500/smolvlm-1.7b;mmke-entity/blip2-opt-2.7b;mmke-entity/instructblip-vicuna-7b;mmke-entity/minigpt-4-vicuna-7b;mmke-entity/paligemma-3b;mmke-entity/qwen2.5-vl-3b;mmke-entity/smolvlm-1.7b;mmke-visual/blip2-opt-2.7b;mmke-visual/instructblip-vicuna-7b;mmke-visual/minigpt-4-vicuna-7b;mmke-visual/qwen2.5-vl-3b;mmke-visual/smolvlm-1.7b
clean,power_a0_b0.5_g0,M_abscos_x_newn,3,16,True,16,72.74775,72.494125,0.2536249999999991,69.80404166666666,0.06091666666666562,1,12,3,1,2,0.0,-0.8500000000000014,6.1640000000000015,0.375,evqa-pilot500/blip2-opt-2.7b;evqa-pilot500/minigpt-4-vicuna-7b;evqa-pilot500/paligemma-3b;evqa-pilot500/qwen2.5-vl-3b;evqa-pilot500/smolvlm-1.7b;mmke-entity/blip2-opt-2.7b;mmke-entity/instructblip-vicuna-7b;mmke-entity/minigpt-4-vicuna-7b;mmke-entity/paligemma-3b;mmke-entity/qwen2.5-vl-3b;mmke-entity/smolvlm-1.7b;mmke-visual/blip2-opt-2.7b;mmke-visual/instructblip-vicuna-7b;mmke-visual/minigpt-4-vicuna-7b;mmke-visual/qwen2.5-vl-3b;mmke-visual/smolvlm-1.7b
clean,power_a0_b0.5_g0,M_new_norm,1,16,True,16,70.071125,70.071125,0.0,70.071125,0.0,0,16,0,0,0,0.0,0.0,0.0,0.1875,evqa-pilot500/blip2-opt-2.7b;evqa-pilot500/minigpt-4-vicuna-7b;evqa-pilot500/paligemma-3b;evqa-pilot500/qwen2.5-vl-3b;evqa-pilot500/smolvlm-1.7b;mmke-entity/blip2-opt-2.7b;mmke-entity/instructblip-vicuna-7b;mmke-entity/minigpt-4-vicuna-7b;mmke-entity/paligemma-3b;mmke-entity/qwen2.5-vl-3b;mmke-entity/smolvlm-1.7b;mmke-visual/blip2-opt-2.7b;mmke-visual/instructblip-vicuna-7b;mmke-visual/minigpt-4-vicuna-7b;mmke-visual/qwen2.5-vl-3b;mmke-visual/smolvlm-1.7b
clean,power_a0_b0.5_g0,M_new_norm,3,16,True,16,72.74775,72.74775,0.0,69.80404166666666,0.0,0,16,0,0,0,0.0,0.0,0.0,0.375,evqa-pilot500/blip2-opt-2.7b;evqa-pilot500/minigpt-4-vicuna-7b;evqa-pilot500/paligemma-3b;evqa-pilot500/qwen2.5-vl-3b;evqa-pilot500/smolvlm-1.7b;mmke-entity/blip2-opt-2.7b;mmke-entity/instructblip-vicuna-7b;mmke-entity/minigpt-4-vicuna-7b;mmke-entity/paligemma-3b;mmke-entity/qwen2.5-vl-3b;mmke-entity/smolvlm-1.7b;mmke-visual/blip2-opt-2.7b;mmke-visual/instructblip-vicuna-7b;mmke-visual/minigpt-4-vicuna-7b;mmke-visual/qwen2.5-vl-3b;mmke-visual/smolvlm-1.7b
clean,power_a0_b0.5_g0.5,M_abscos_x_newn,1,12,False,16,69.97333333333333,69.78933333333333,0.18400000000000163,69.97333333333333,0.18400000000000163,4,4,4,2,4,0.0,-5.560000000000002,9.474000000000004,0,evqa-pilot500/blip2-opt-2.7b;evqa-pilot500/minigpt-4-vicuna-7b;evqa-pilot500/paligemma-3b;evqa-pilot500/qwen2.5-vl-3b;evqa-pilot500/smolvlm-1.7b;mmke-entity/blip2-opt-2.7b;mmke-entity/paligemma-3b;mmke-entity/smolvlm-1.7b;mmke-visual/blip2-opt-2.7b;mmke-visual/minigpt-4-vicuna-7b;mmke-visual/qwen2.5-vl-3b;mmke-visual/smolvlm-1.7b
clean,power_a0_b0.5_g0.5,M_abscos_x_newn,3,7,False,16,73.76571428571428,74.73228571428571,-0.9665714285714283,70.74914285714286,-0.5043809523809516,2,2,3,1,2,0.0,-7.549999999999997,3.9540000000000006,0.14285714285714285,evqa-pilot500/blip2-opt-2.7b;evqa-pilot500/paligemma-3b;evqa-pilot500/smolvlm-1.7b;mmke-entity/blip2-opt-2.7b;mmke-entity/paligemma-3b;mmke-visual/blip2-opt-2.7b;mmke-visual/qwen2.5-vl-3b
clean,power_a0_b0.5_g0.5,M_new_norm,1,12,False,16,69.97333333333333,69.51016666666666,0.46316666666666845,69.97333333333333,0.46316666666666845,4,4,4,3,3,0.0,-5.560000000000002,11.204000000000008,0,evqa-pilot500/blip2-opt-2.7b;evqa-pilot500/minigpt-4-vicuna-7b;evqa-pilot500/paligemma-3b;evqa-pilot500/qwen2.5-vl-3b;evqa-pilot500/smolvlm-1.7b;mmke-entity/blip2-opt-2.7b;mmke-entity/paligemma-3b;mmke-entity/smolvlm-1.7b;mmke-visual/blip2-opt-2.7b;mmke-visual/minigpt-4-vicuna-7b;mmke-visual/qwen2.5-vl-3b;mmke-visual/smolvlm-1.7b
clean,power_a0_b0.5_g0.5,M_new_norm,3,7,False,16,73.76571428571428,74.73228571428571,-0.9665714285714283,70.74914285714286,-0.5043809523809516,2,2,3,1,2,0.0,-7.549999999999997,3.9540000000000006,0.14285714285714285,evqa-pilot500/blip2-opt-2.7b;evqa-pilot500/paligemma-3b;evqa-pilot500/smolvlm-1.7b;mmke-entity/blip2-opt-2.7b;mmke-entity/paligemma-3b;mmke-visual/blip2-opt-2.7b;mmke-visual/qwen2.5-vl-3b
clean,power_a0_b0.5_g1,M_abscos_x_newn,1,11,False,16,68.23836363636363,69.08727272727273,-0.8489090909090916,68.23836363636363,-0.8489090909090916,5,2,4,4,4,0.0,-20.540000000000006,14.88000000000001,0,evqa-pilot500/blip2-opt-2.7b;evqa-pilot500/minigpt-4-vicuna-7b;evqa-pilot500/paligemma-3b;evqa-pilot500/qwen2.5-vl-3b;mmke-entity/blip2-opt-2.7b;mmke-entity/instructblip-vicuna-7b;mmke-entity/paligemma-3b;mmke-entity/smolvlm-1.7b;mmke-visual/blip2-opt-2.7b;mmke-visual/instructblip-vicuna-7b;mmke-visual/smolvlm-1.7b
clean,power_a0_b0.5_g1,M_abscos_x_newn,3,8,False,16,70.727,74.44500000000001,-3.7180000000000026,69.26,-1.7304166666666712,0,2,6,0,3,-0.22700000000000742,-20.730000000000004,0.0,0,evqa-pilot500/minigpt-4-vicuna-7b;evqa-pilot500/paligemma-3b;evqa-pilot500/qwen2.5-vl-3b;mmke-entity/blip2-opt-2.7b;mmke-entity/paligemma-3b;mmke-visual/blip2-opt-2.7b;mmke-visual/instructblip-vicuna-7b;mmke-visual/smolvlm-1.7b
clean,power_a0_b0.5_g1,M_new_norm,1,11,False,16,68.23836363636363,68.85272727272728,-0.6143636363636366,68.23836363636363,-0.6143636363636366,5,2,4,4,3,0.0,-20.540000000000006,14.88000000000001,0,evqa-pilot500/blip2-opt-2.7b;evqa-pilot500/minigpt-4-vicuna-7b;evqa-pilot500/paligemma-3b;evqa-pilot500/qwen2.5-vl-3b;mmke-entity/blip2-opt-2.7b;mmke-entity/instructblip-vicuna-7b;mmke-entity/paligemma-3b;mmke-entity/smolvlm-1.7b;mmke-visual/blip2-opt-2.7b;mmke-visual/instructblip-vicuna-7b;mmke-visual/smolvlm-1.7b
clean,power_a0_b0.5_g1,M_new_norm,3,8,False,16,70.727,75.10925,-4.382250000000003,69.26,-2.005500000000004,1,1,6,1,4,-0.5470000000000041,-20.730000000000004,0.6599999999999966,0,evqa-pilot500/minigpt-4-vicuna-7b;evqa-pilot500/paligemma-3b;evqa-pilot500/qwen2.5-vl-3b;mmke-entity/blip2-opt-2.7b;mmke-entity/paligemma-3b;mmke-visual/blip2-opt-2.7b;mmke-visual/instructblip-vicuna-7b;mmke-visual/smolvlm-1.7b
clean,power_a0_b0.5_g2,M_abscos_x_newn,1,14,False,16,69.10857142857142,70.631,-1.522428571428571,69.10857142857142,-1.522428571428571,4,0,10,3,8,-0.7669999999999959,-21.050000000000004,15.64,0,evqa-pilot500/blip2-opt-2.7b;evqa-pilot500/paligemma-3b;evqa-pilot500/qwen2.5-vl-3b;evqa-pilot500/smolvlm-1.7b;mmke-entity/blip2-opt-2.7b;mmke-entity/instructblip-vicuna-7b;mmke-entity/minigpt-4-vicuna-7b;mmke-entity/paligemma-3b;mmke-entity/qwen2.5-vl-3b;mmke-entity/smolvlm-1.7b;mmke-visual/blip2-opt-2.7b;mmke-visual/instructblip-vicuna-7b;mmke-visual/qwen2.5-vl-3b;mmke-visual/smolvlm-1.7b
clean,power_a0_b0.5_g2,M_abscos_x_newn,3,10,False,16,73.904,73.0506,0.8533999999999999,72.43566666666666,1.95313333333333,4,0,6,3,4,-0.1750000000000007,-7.549999999999997,17.093999999999994,0.2,evqa-pilot500/blip2-opt-2.7b;evqa-pilot500/paligemma-3b;evqa-pilot500/qwen2.5-vl-3b;evqa-pilot500/smolvlm-1.7b;mmke-entity/blip2-opt-2.7b;mmke-entity/paligemma-3b;mmke-entity/qwen2.5-vl-3b;mmke-visual/blip2-opt-2.7b;mmke-visual/qwen2.5-vl-3b;mmke-visual/smolvlm-1.7b
clean,power_a0_b0.5_g2,M_new_norm,1,14,False,16,69.10857142857142,70.53542857142857,-1.4268571428571424,69.10857142857142,-1.4268571428571424,5,0,9,4,7,-0.5229999999999961,-21.050000000000004,15.64,0,evqa-pilot500/blip2-opt-2.7b;evqa-pilot500/paligemma-3b;evqa-pilot500/qwen2.5-vl-3b;evqa-pilot500/smolvlm-1.7b;mmke-entity/blip2-opt-2.7b;mmke-entity/instructblip-vicuna-7b;mmke-entity/minigpt-4-vicuna-7b;mmke-entity/paligemma-3b;mmke-entity/qwen2.5-vl-3b;mmke-entity/smolvlm-1.7b;mmke-visual/blip2-opt-2.7b;mmke-visual/instructblip-vicuna-7b;mmke-visual/qwen2.5-vl-3b;mmke-visual/smolvlm-1.7b
clean,power_a0_b0.5_g2,M_new_norm,3,10,False,16,73.904,72.9656,0.9384,72.43566666666666,2.0514666666666637,5,0,5,4,4,0.035000000000003695,-7.549999999999997,17.093999999999994,0.2,evqa-pilot500/blip2-opt-2.7b;evqa-pilot500/paligemma-3b;evqa-pilot500/qwen2.5-vl-3b;evqa-pilot500/smolvlm-1.7b;mmke-entity/blip2-opt-2.7b;mmke-entity/paligemma-3b;mmke-entity/qwen2.5-vl-3b;mmke-visual/blip2-opt-2.7b;mmke-visual/qwen2.5-vl-3b;mmke-visual/smolvlm-1.7b
clean,power_a0_b1_g-1,M_abscos_x_newn,1,14,False,16,68.022,68.28542857142857,-0.2634285714285721,68.022,-0.2634285714285721,1,8,5,1,4,0.0,-1.730000000000004,1.0100000000000051,0.21428571428571427,evqa-pilot500/blip2-opt-2.7b;evqa-pilot500/minigpt-4-vicuna-7b;evqa-pilot500/qwen2.5-vl-3b;evqa-pilot500/smolvlm-1.7b;mmke-entity/blip2-opt-2.7b;mmke-entity/instructblip-vicuna-7b;mmke-entity/minigpt-4-vicuna-7b;mmke-entity/qwen2.5-vl-3b;mmke-entity/smolvlm-1.7b;mmke-visual/blip2-opt-2.7b;mmke-visual/instructblip-vicuna-7b;mmke-visual/minigpt-4-vicuna-7b;mmke-visual/qwen2.5-vl-3b;mmke-visual/smolvlm-1.7b
clean,power_a0_b1_g-1,M_abscos_x_newn,3,14,False,16,70.15057142857142,69.8607142857143,0.2898571428571418,67.4987619047619,0.052714285714284666,1,10,3,1,2,0.0,-0.8500000000000014,6.1640000000000015,0.35714285714285715,evqa-pilot500/blip2-opt-2.7b;evqa-pilot500/minigpt-4-vicuna-7b;evqa-pilot500/qwen2.5-vl-3b;evqa-pilot500/smolvlm-1.7b;mmke-entity/blip2-opt-2.7b;mmke-entity/instructblip-vicuna-7b;mmke-entity/minigpt-4-vicuna-7b;mmke-entity/qwen2.5-vl-3b;mmke-entity/smolvlm-1.7b;mmke-visual/blip2-opt-2.7b;mmke-visual/instructblip-vicuna-7b;mmke-visual/minigpt-4-vicuna-7b;mmke-visual/qwen2.5-vl-3b;mmke-visual/smolvlm-1.7b
clean,power_a0_b1_g-1,M_new_norm,1,14,False,16,68.022,68.01128571428572,0.010714285714285105,68.022,0.010714285714285105,1,12,1,1,1,0.0,-0.8600000000000136,1.0100000000000051,0.21428571428571427,evqa-pilot500/blip2-opt-2.7b;evqa-pilot500/minigpt-4-vicuna-7b;evqa-pilot500/qwen2.5-vl-3b;evqa-pilot500/smolvlm-1.7b;mmke-entity/blip2-opt-2.7b;mmke-entity/instructblip-vicuna-7b;mmke-entity/minigpt-4-vicuna-7b;mmke-entity/qwen2.5-vl-3b;mmke-entity/smolvlm-1.7b;mmke-visual/blip2-opt-2.7b;mmke-visual/instructblip-vicuna-7b;mmke-visual/minigpt-4-vicuna-7b;mmke-visual/qwen2.5-vl-3b;mmke-visual/smolvlm-1.7b
clean,power_a0_b1_g-1,M_new_norm,3,14,False,16,70.15057142857142,70.15057142857142,0.0,67.4987619047619,-0.016904761904761756,0,14,0,0,0,0.0,0.0,0.0,0.35714285714285715,evqa-pilot500/blip2-opt-2.7b;evqa-pilot500/minigpt-4-vicuna-7b;evqa-pilot500/qwen2.5-vl-3b;evqa-pilot500/smolvlm-1.7b;mmke-entity/blip2-opt-2.7b;mmke-entity/instructblip-vicuna-7b;mmke-entity/minigpt-4-vicuna-7b;mmke-entity/qwen2.5-vl-3b;mmke-entity/smolvlm-1.7b;mmke-visual/blip2-opt-2.7b;mmke-visual/instructblip-vicuna-7b;mmke-visual/minigpt-4-vicuna-7b;mmke-visual/qwen2.5-vl-3b;mmke-visual/smolvlm-1.7b
clean,power_a0_b1_g0,M_abscos_x_newn,1,16,True,16,70.404,70.311,0.09299999999999953,70.404,0.09299999999999953,1,11,4,1,3,0.0,-1.730000000000004,5.325999999999993,0.1875,evqa-pilot500/blip2-opt-2.7b;evqa-pilot500/minigpt-4-vicuna-7b;evqa-pilot500/paligemma-3b;evqa-pilot500/qwen2.5-vl-3b;evqa-pilot500/smolvlm-1.7b;mmke-entity/blip2-opt-2.7b;mmke-entity/instructblip-vicuna-7b;mmke-entity/minigpt-4-vicuna-7b;mmke-entity/paligemma-3b;mmke-entity/qwen2.5-vl-3b;mmke-entity/smolvlm-1.7b;mmke-visual/blip2-opt-2.7b;mmke-visual/instructblip-vicuna-7b;mmke-visual/minigpt-4-vicuna-7b;mmke-visual/qwen2.5-vl-3b;mmke-visual/smolvlm-1.7b
clean,power_a0_b1_g0,M_abscos_x_newn,3,16,True,16,72.74775,72.494125,0.2536249999999991,69.80404166666666,0.06091666666666562,1,12,3,1,2,0.0,-0.8500000000000014,6.1640000000000015,0.375,evqa-pilot500/blip2-opt-2.7b;evqa-pilot500/minigpt-4-vicuna-7b;evqa-pilot500/paligemma-3b;evqa-pilot500/qwen2.5-vl-3b;evqa-pilot500/smolvlm-1.7b;mmke-entity/blip2-opt-2.7b;mmke-entity/instructblip-vicuna-7b;mmke-entity/minigpt-4-vicuna-7b;mmke-entity/paligemma-3b;mmke-entity/qwen2.5-vl-3b;mmke-entity/smolvlm-1.7b;mmke-visual/blip2-opt-2.7b;mmke-visual/instructblip-vicuna-7b;mmke-visual/minigpt-4-vicuna-7b;mmke-visual/qwen2.5-vl-3b;mmke-visual/smolvlm-1.7b
clean,power_a0_b1_g0,M_new_norm,1,16,True,16,70.404,70.071125,0.3328749999999996,70.404,0.3328749999999996,1,15,0,1,0,0.0,0.0,5.325999999999993,0.1875,evqa-pilot500/blip2-opt-2.7b;evqa-pilot500/minigpt-4-vicuna-7b;evqa-pilot500/paligemma-3b;evqa-pilot500/qwen2.5-vl-3b;evqa-pilot500/smolvlm-1.7b;mmke-entity/blip2-opt-2.7b;mmke-entity/instructblip-vicuna-7b;mmke-entity/minigpt-4-vicuna-7b;mmke-entity/paligemma-3b;mmke-entity/qwen2.5-vl-3b;mmke-entity/smolvlm-1.7b;mmke-visual/blip2-opt-2.7b;mmke-visual/instructblip-vicuna-7b;mmke-visual/minigpt-4-vicuna-7b;mmke-visual/qwen2.5-vl-3b;mmke-visual/smolvlm-1.7b
clean,power_a0_b1_g0,M_new_norm,3,16,True,16,72.74775,72.74775,0.0,69.80404166666666,0.0,0,16,0,0,0,0.0,0.0,0.0,0.375,evqa-pilot500/blip2-opt-2.7b;evqa-pilot500/minigpt-4-vicuna-7b;evqa-pilot500/paligemma-3b;evqa-pilot500/qwen2.5-vl-3b;evqa-pilot500/smolvlm-1.7b;mmke-entity/blip2-opt-2.7b;mmke-entity/instructblip-vicuna-7b;mmke-entity/minigpt-4-vicuna-7b;mmke-entity/paligemma-3b;mmke-entity/qwen2.5-vl-3b;mmke-entity/smolvlm-1.7b;mmke-visual/blip2-opt-2.7b;mmke-visual/instructblip-vicuna-7b;mmke-visual/minigpt-4-vicuna-7b;mmke-visual/qwen2.5-vl-3b;mmke-visual/smolvlm-1.7b
clean,power_a0_b1_g0.5,M_abscos_x_newn,1,10,False,16,70.673,71.4172,-0.7441999999999979,70.673,-0.7441999999999979,4,4,2,2,2,0.0,-11.199999999999996,4.300000000000004,0,evqa-pilot500/blip2-opt-2.7b;evqa-pilot500/paligemma-3b;evqa-pilot500/smolvlm-1.7b;mmke-entity/blip2-opt-2.7b;mmke-entity/paligemma-3b;mmke-entity/smolvlm-1.7b;mmke-visual/blip2-opt-2.7b;mmke-visual/minigpt-4-vicuna-7b;mmke-visual/qwen2.5-vl-3b;mmke-visual/smolvlm-1.7b
clean,power_a0_b1_g0.5,M_abscos_x_newn,3,8,False,16,73.88375,74.28075,-0.39699999999999935,70.91516666666666,-0.29166666666666874,2,5,1,1,1,0.0,-7.549999999999997,3.9540000000000006,0.25,evqa-pilot500/blip2-opt-2.7b;evqa-pilot500/paligemma-3b;evqa-pilot500/smolvlm-1.7b;mmke-entity/blip2-opt-2.7b;mmke-entity/paligemma-3b;mmke-entity/smolvlm-1.7b;mmke-visual/blip2-opt-2.7b;mmke-visual/qwen2.5-vl-3b
clean,power_a0_b1_g0.5,M_new_norm,1,10,False,16,70.673,71.3402,-0.6671999999999982,70.673,-0.6671999999999982,4,4,2,3,2,0.0,-11.199999999999996,4.300000000000004,0,evqa-pilot500/blip2-opt-2.7b;evqa-pilot500/paligemma-3b;evqa-pilot500/smolvlm-1.7b;mmke-entity/blip2-opt-2.7b;mmke-entity/paligemma-3b;mmke-entity/smolvlm-1.7b;mmke-visual/blip2-opt-2.7b;mmke-visual/minigpt-4-vicuna-7b;mmke-visual/qwen2.5-vl-3b;mmke-visual/smolvlm-1.7b
clean,power_a0_b1_g0.5,M_new_norm,3,8,False,16,73.88375,74.28075,-0.39699999999999935,70.91516666666666,-0.29166666666666874,2,5,1,1,1,0.0,-7.549999999999997,3.9540000000000006,0.25,evqa-pilot500/blip2-opt-2.7b;evqa-pilot500/paligemma-3b;evqa-pilot500/smolvlm-1.7b;mmke-entity/blip2-opt-2.7b;mmke-entity/paligemma-3b;mmke-entity/smolvlm-1.7b;mmke-visual/blip2-opt-2.7b;mmke-visual/qwen2.5-vl-3b
clean,power_a0_b1_g1,M_abscos_x_newn,1,13,False,16,67.04953846153846,69.25769230769231,-2.208153846153846,67.04953846153846,-2.208153846153846,3,4,6,3,6,0.0,-20.540000000000006,14.930000000000007,0,evqa-pilot500/blip2-opt-2.7b;evqa-pilot500/minigpt-4-vicuna-7b;evqa-pilot500/paligemma-3b;evqa-pilot500/qwen2.5-vl-3b;evqa-pilot500/smolvlm-1.7b;mmke-entity/blip2-opt-2.7b;mmke-entity/instructblip-vicuna-7b;mmke-entity/paligemma-3b;mmke-entity/smolvlm-1.7b;mmke-visual/blip2-opt-2.7b;mmke-visual/instructblip-vicuna-7b;mmke-visual/qwen2.5-vl-3b;mmke-visual/smolvlm-1.7b
clean,power_a0_b1_g1,M_abscos_x_newn,3,6,False,16,74.121,75.485,-1.3640000000000032,71.86244444444445,-0.303000000000002,0,2,4,0,1,-0.18500000000000583,-7.549999999999997,0.0,0,evqa-pilot500/minigpt-4-vicuna-7b;evqa-pilot500/paligemma-3b;evqa-pilot500/qwen2.5-vl-3b;mmke-entity/blip2-opt-2.7b;mmke-entity/paligemma-3b;mmke-visual/blip2-opt-2.7b
clean,power_a0_b1_g1,M_new_norm,1,13,False,16,67.04953846153846,69.05923076923077,-2.009692307692307,67.04953846153846,-2.009692307692307,3,4,6,3,5,0.0,-20.540000000000006,14.930000000000007,0,evqa-pilot500/blip2-opt-2.7b;evqa-pilot500/minigpt-4-vicuna-7b;evqa-pilot500/paligemma-3b;evqa-pilot500/qwen2.5-vl-3b;evqa-pilot500/smolvlm-1.7b;mmke-entity/blip2-opt-2.7b;mmke-entity/instructblip-vicuna-7b;mmke-entity/paligemma-3b;mmke-entity/smolvlm-1.7b;mmke-visual/blip2-opt-2.7b;mmke-visual/instructblip-vicuna-7b;mmke-visual/qwen2.5-vl-3b;mmke-visual/smolvlm-1.7b
clean,power_a0_b1_g1,M_new_norm,3,6,False,16,74.121,76.37066666666666,-2.24966666666667,71.86244444444445,-0.6697777777777792,1,1,4,1,2,-0.2220000000000084,-7.549999999999997,0.6599999999999966,0,evqa-pilot500/minigpt-4-vicuna-7b;evqa-pilot500/paligemma-3b;evqa-pilot500/qwen2.5-vl-3b;mmke-entity/blip2-opt-2.7b;mmke-entity/paligemma-3b;mmke-visual/blip2-opt-2.7b
clean,power_a0_b1_g2,M_abscos_x_newn,1,15,False,16,68.39786666666667,69.89293333333333,-1.4950666666666663,68.39786666666667,-1.4950666666666663,3,1,11,3,10,-0.8439999999999941,-20.460000000000008,14.88000000000001,0,evqa-pilot500/blip2-opt-2.7b;evqa-pilot500/minigpt-4-vicuna-7b;evqa-pilot500/paligemma-3b;evqa-pilot500/qwen2.5-vl-3b;evqa-pilot500/smolvlm-1.7b;mmke-entity/blip2-opt-2.7b;mmke-entity/instructblip-vicuna-7b;mmke-entity/minigpt-4-vicuna-7b;mmke-entity/paligemma-3b;mmke-entity/qwen2.5-vl-3b;mmke-entity/smolvlm-1.7b;mmke-visual/blip2-opt-2.7b;mmke-visual/instructblip-vicuna-7b;mmke-visual/qwen2.5-vl-3b;mmke-visual/smolvlm-1.7b
clean,power_a0_b1_g2,M_abscos_x_newn,3,12,False,16,69.5085,72.16216666666666,-2.6536666666666693,67.9888888888889,-1.0237222222222264,4,0,8,3,6,-0.4270000000000067,-20.56000000000001,16.685999999999993,0.08333333333333333,evqa-pilot500/blip2-opt-2.7b;evqa-pilot500/minigpt-4-vicuna-7b;evqa-pilot500/paligemma-3b;evqa-pilot500/qwen2.5-vl-3b;mmke-entity/blip2-opt-2.7b;mmke-entity/instructblip-vicuna-7b;mmke-entity/paligemma-3b;mmke-entity/qwen2.5-vl-3b;mmke-visual/blip2-opt-2.7b;mmke-visual/instructblip-vicuna-7b;mmke-visual/qwen2.5-vl-3b;mmke-visual/smolvlm-1.7b
clean,power_a0_b1_g2,M_new_norm,1,15,False,16,68.39786666666667,69.6884,-1.2905333333333326,68.39786666666667,-1.2905333333333326,4,1,10,4,7,-0.35599999999999454,-20.460000000000008,14.88000000000001,0,evqa-pilot500/blip2-opt-2.7b;evqa-pilot500/minigpt-4-vicuna-7b;evqa-pilot500/paligemma-3b;evqa-pilot500/qwen2.5-vl-3b;evqa-pilot500/smolvlm-1.7b;mmke-entity/blip2-opt-2.7b;mmke-entity/instructblip-vicuna-7b;mmke-entity/minigpt-4-vicuna-7b;mmke-entity/paligemma-3b;mmke-entity/qwen2.5-vl-3b;mmke-entity/smolvlm-1.7b;mmke-visual/blip2-opt-2.7b;mmke-visual/instructblip-vicuna-7b;mmke-visual/qwen2.5-vl-3b;mmke-visual/smolvlm-1.7b
clean,power_a0_b1_g2,M_new_norm,3,12,False,16,69.5085,72.605,-3.0965000000000025,67.9888888888889,-1.207111111111115,5,0,7,4,6,-0.4270000000000067,-20.56000000000001,16.685999999999993,0.08333333333333333,evqa-pilot500/blip2-opt-2.7b;evqa-pilot500/minigpt-4-vicuna-7b;evqa-pilot500/paligemma-3b;evqa-pilot500/qwen2.5-vl-3b;mmke-entity/blip2-opt-2.7b;mmke-entity/instructblip-vicuna-7b;mmke-entity/paligemma-3b;mmke-entity/qwen2.5-vl-3b;mmke-visual/blip2-opt-2.7b;mmke-visual/instructblip-vicuna-7b;mmke-visual/qwen2.5-vl-3b;mmke-visual/smolvlm-1.7b
clean,power_a0.25_b-1_g-1,M_abscos_x_newn,1,14,False,16,68.022,68.28542857142857,-0.2634285714285721,68.022,-0.2634285714285721,1,8,5,1,4,0.0,-1.730000000000004,1.0100000000000051,0.21428571428571427,evqa-pilot500/blip2-opt-2.7b;evqa-pilot500/minigpt-4-vicuna-7b;evqa-pilot500/qwen2.5-vl-3b;evqa-pilot500/smolvlm-1.7b;mmke-entity/blip2-opt-2.7b;mmke-entity/instructblip-vicuna-7b;mmke-entity/minigpt-4-vicuna-7b;mmke-entity/qwen2.5-vl-3b;mmke-entity/smolvlm-1.7b;mmke-visual/blip2-opt-2.7b;mmke-visual/instructblip-vicuna-7b;mmke-visual/minigpt-4-vicuna-7b;mmke-visual/qwen2.5-vl-3b;mmke-visual/smolvlm-1.7b
clean,power_a0.25_b-1_g-1,M_abscos_x_newn,3,14,False,16,70.15057142857142,69.8607142857143,0.2898571428571418,67.4987619047619,0.052714285714284666,1,10,3,1,2,0.0,-0.8500000000000014,6.1640000000000015,0.35714285714285715,evqa-pilot500/blip2-opt-2.7b;evqa-pilot500/minigpt-4-vicuna-7b;evqa-pilot500/qwen2.5-vl-3b;evqa-pilot500/smolvlm-1.7b;mmke-entity/blip2-opt-2.7b;mmke-entity/instructblip-vicuna-7b;mmke-entity/minigpt-4-vicuna-7b;mmke-entity/qwen2.5-vl-3b;mmke-entity/smolvlm-1.7b;mmke-visual/blip2-opt-2.7b;mmke-visual/instructblip-vicuna-7b;mmke-visual/minigpt-4-vicuna-7b;mmke-visual/qwen2.5-vl-3b;mmke-visual/smolvlm-1.7b
clean,power_a0.25_b-1_g-1,M_new_norm,1,14,False,16,68.022,68.01128571428572,0.010714285714285105,68.022,0.010714285714285105,1,12,1,1,1,0.0,-0.8600000000000136,1.0100000000000051,0.21428571428571427,evqa-pilot500/blip2-opt-2.7b;evqa-pilot500/minigpt-4-vicuna-7b;evqa-pilot500/qwen2.5-vl-3b;evqa-pilot500/smolvlm-1.7b;mmke-entity/blip2-opt-2.7b;mmke-entity/instructblip-vicuna-7b;mmke-entity/minigpt-4-vicuna-7b;mmke-entity/qwen2.5-vl-3b;mmke-entity/smolvlm-1.7b;mmke-visual/blip2-opt-2.7b;mmke-visual/instructblip-vicuna-7b;mmke-visual/minigpt-4-vicuna-7b;mmke-visual/qwen2.5-vl-3b;mmke-visual/smolvlm-1.7b
clean,power_a0.25_b-1_g-1,M_new_norm,3,14,False,16,70.15057142857142,70.15057142857142,0.0,67.4987619047619,-0.016904761904761756,0,14,0,0,0,0.0,0.0,0.0,0.35714285714285715,evqa-pilot500/blip2-opt-2.7b;evqa-pilot500/minigpt-4-vicuna-7b;evqa-pilot500/qwen2.5-vl-3b;evqa-pilot500/smolvlm-1.7b;mmke-entity/blip2-opt-2.7b;mmke-entity/instructblip-vicuna-7b;mmke-entity/minigpt-4-vicuna-7b;mmke-entity/qwen2.5-vl-3b;mmke-entity/smolvlm-1.7b;mmke-visual/blip2-opt-2.7b;mmke-visual/instructblip-vicuna-7b;mmke-visual/minigpt-4-vicuna-7b;mmke-visual/qwen2.5-vl-3b;mmke-visual/smolvlm-1.7b
clean,power_a0.25_b-1_g0,M_abscos_x_newn,1,12,False,16,64.08783333333334,67.77966666666667,-3.6918333333333333,64.08783333333334,-3.6918333333333333,2,4,6,1,6,-0.5189999999999984,-22.24000000000001,6.82,0,evqa-pilot500/blip2-opt-2.7b;evqa-pilot500/minigpt-4-vicuna-7b;evqa-pilot500/qwen2.5-vl-3b;evqa-pilot500/smolvlm-1.7b;mmke-entity/blip2-opt-2.7b;mmke-entity/instructblip-vicuna-7b;mmke-entity/minigpt-4-vicuna-7b;mmke-entity/smolvlm-1.7b;mmke-visual/blip2-opt-2.7b;mmke-visual/instructblip-vicuna-7b;mmke-visual/minigpt-4-vicuna-7b;mmke-visual/smolvlm-1.7b
clean,power_a0.25_b-1_g0,M_abscos_x_newn,3,8,False,16,66.85125000000001,70.06,-3.208750000000001,65.54341666666667,-2.3317500000000013,0,4,4,0,4,-0.2950000000000017,-21.660000000000004,0.0,0.125,evqa-pilot500/blip2-opt-2.7b;evqa-pilot500/minigpt-4-vicuna-7b;mmke-entity/blip2-opt-2.7b;mmke-entity/instructblip-vicuna-7b;mmke-entity/minigpt-4-vicuna-7b;mmke-entity/smolvlm-1.7b;mmke-visual/minigpt-4-vicuna-7b;mmke-visual/smolvlm-1.7b
clean,power_a0.25_b-1_g0,M_new_norm,1,12,False,16,64.08783333333334,67.45983333333334,-3.372,64.08783333333334,-3.372,3,3,6,3,6,-0.26000000000000156,-22.24000000000001,6.82,0,evqa-pilot500/blip2-opt-2.7b;evqa-pilot500/minigpt-4-vicuna-7b;evqa-pilot500/qwen2.5-vl-3b;evqa-pilot500/smolvlm-1.7b;mmke-entity/blip2-opt-2.7b;mmke-entity/instructblip-vicuna-7b;mmke-entity/minigpt-4-vicuna-7b;mmke-entity/smolvlm-1.7b;mmke-visual/blip2-opt-2.7b;mmke-visual/instructblip-vicuna-7b;mmke-visual/minigpt-4-vicuna-7b;mmke-visual/smolvlm-1.7b
clean,power_a0.25_b-1_g0,M_new_norm,3,8,False,16,66.85125000000001,70.6735,-3.8222499999999995,65.54341666666667,-2.5764999999999993,1,3,4,0,4,-0.2950000000000017,-21.660000000000004,0.4900000000000091,0.125,evqa-pilot500/blip2-opt-2.7b;evqa-pilot500/minigpt-4-vicuna-7b;mmke-entity/blip2-opt-2.7b;mmke-entity/instructblip-vicuna-7b;mmke-entity/minigpt-4-vicuna-7b;mmke-entity/smolvlm-1.7b;mmke-visual/minigpt-4-vicuna-7b;mmke-visual/smolvlm-1.7b
clean,power_a0.25_b-1_g0.5,M_abscos_x_newn,1,10,False,16,63.0,68.0516,-5.0516000000000005,63.0,-5.0516000000000005,2,0,8,1,8,-1.945999999999998,-22.24000000000001,6.3799999999999955,0,evqa-pilot500/blip2-opt-2.7b;evqa-pilot500/minigpt-4-vicuna-7b;evqa-pilot500/qwen2.5-vl-3b;evqa-pilot500/smolvlm-1.7b;mmke-entity/blip2-opt-2.7b;mmke-entity/instructblip-vicuna-7b;mmke-entity/minigpt-4-vicuna-7b;mmke-visual/instructblip-vicuna-7b;mmke-visual/minigpt-4-vicuna-7b;mmke-visual/smolvlm-1.7b
clean,power_a0.25_b-1_g0.5,M_abscos_x_newn,3,7,False,16,64.62857142857143,69.78914285714286,-5.16057142857143,63.213142857142856,-3.6861904761904754,0,0,7,0,6,-2.3900000000000006,-21.660000000000004,-0.26400000000001,0,evqa-pilot500/minigpt-4-vicuna-7b;evqa-pilot500/qwen2.5-vl-3b;evqa-pilot500/smolvlm-1.7b;mmke-entity/blip2-opt-2.7b;mmke-entity/instructblip-vicuna-7b;mmke-visual/minigpt-4-vicuna-7b;mmke-visual/smolvlm-1.7b
clean,power_a0.25_b-1_g0.5,M_new_norm,1,10,False,16,63.0,67.6678,-4.667800000000001,63.0,-4.667800000000001,3,0,7,3,7,-1.561,-22.24000000000001,6.3799999999999955,0,evqa-pilot500/blip2-opt-2.7b;evqa-pilot500/minigpt-4-vicuna-7b;evqa-pilot500/qwen2.5-vl-3b;evqa-pilot500/smolvlm-1.7b;mmke-entity/blip2-opt-2.7b;mmke-entity/instructblip-vicuna-7b;mmke-entity/minigpt-4-vicuna-7b;mmke-visual/instructblip-vicuna-7b;mmke-visual/minigpt-4-vicuna-7b;mmke-visual/smolvlm-1.7b
clean,power_a0.25_b-1_g0.5,M_new_norm,3,7,False,16,64.62857142857143,70.43885714285715,-5.8102857142857145,63.213142857142856,-3.8890476190476164,0,0,7,0,5,-1.75,-21.660000000000004,-0.26400000000001,0,evqa-pilot500/minigpt-4-vicuna-7b;evqa-pilot500/qwen2.5-vl-3b;evqa-pilot500/smolvlm-1.7b;mmke-entity/blip2-opt-2.7b;mmke-entity/instructblip-vicuna-7b;mmke-visual/minigpt-4-vicuna-7b;mmke-visual/smolvlm-1.7b
clean,power_a0.25_b-1_g1,M_abscos_x_newn,1,9,False,16,60.17666666666667,67.10377777777778,-6.927111111111111,60.17666666666667,-6.927111111111111,2,0,7,1,7,-4.200000000000003,-22.24000000000001,5.280000000000001,0,evqa-pilot500/blip2-opt-2.7b;evqa-pilot500/minigpt-4-vicuna-7b;evqa-pilot500/qwen2.5-vl-3b;evqa-pilot500/smolvlm-1.7b;mmke-entity/blip2-opt-2.7b;mmke-entity/instructblip-vicuna-7b;mmke-entity/minigpt-4-vicuna-7b;mmke-visual/instructblip-vicuna-7b;mmke-visual/smolvlm-1.7b
clean,power_a0.25_b-1_g1,M_abscos_x_newn,3,4,False,16,56.3265,66.9575,-10.631,56.04966666666667,-6.708499999999999,0,0,4,0,4,-9.536999999999995,-22.24000000000001,-1.2100000000000009,0,evqa-pilot500/minigpt-4-vicuna-7b;evqa-pilot500/qwen2.5-vl-3b;evqa-pilot500/smolvlm-1.7b;mmke-entity/instructblip-vicuna-7b
clean,power_a0.25_b-1_g1,M_new_norm,1,9,False,16,60.17666666666667,66.7628888888889,-6.586222222222222,60.17666666666667,-6.586222222222222,3,0,6,2,6,-4.200000000000003,-22.24000000000001,5.280000000000001,0,evqa-pilot500/blip2-opt-2.7b;evqa-pilot500/minigpt-4-vicuna-7b;evqa-pilot500/qwen2.5-vl-3b;evqa-pilot500/smolvlm-1.7b;mmke-entity/blip2-opt-2.7b;mmke-entity/instructblip-vicuna-7b;mmke-entity/minigpt-4-vicuna-7b;mmke-visual/instructblip-vicuna-7b;mmke-visual/smolvlm-1.7b
clean,power_a0.25_b-1_g1,M_new_norm,3,4,False,16,56.3265,68.286,-11.9595,56.04966666666667,-7.258666666666665,0,0,4,0,3,-12.618999999999996,-22.24000000000001,-0.35999999999999943,0,evqa-pilot500/minigpt-4-vicuna-7b;evqa-pilot500/qwen2.5-vl-3b;evqa-pilot500/smolvlm-1.7b;mmke-entity/instructblip-vicuna-7b
clean,power_a0.25_b-1_g2,M_abscos_x_newn,1,8,False,16,60.06125,65.025,-4.963750000000001,60.06125,-4.963750000000001,2,0,6,2,6,-2.960000000000001,-22.480000000000004,5.280000000000001,0,evqa-pilot500/blip2-opt-2.7b;evqa-pilot500/minigpt-4-vicuna-7b;evqa-pilot500/qwen2.5-vl-3b;evqa-pilot500/smolvlm-1.7b;mmke-entity/blip2-opt-2.7b;mmke-entity/instructblip-vicuna-7b;mmke-visual/blip2-opt-2.7b;mmke-visual/smolvlm-1.7b
clean,power_a0.25_b-1_g2,M_abscos_x_newn,3,4,False,16,56.3265,66.9575,-10.631,55.98466666666667,-6.7734999999999985,0,0,4,0,4,-9.536999999999995,-22.24000000000001,-1.2100000000000009,0,evqa-pilot500/minigpt-4-vicuna-7b;evqa-pilot500/qwen2.5-vl-3b;evqa-pilot500/smolvlm-1.7b;mmke-entity/instructblip-vicuna-7b
clean,power_a0.25_b-1_g2,M_new_norm,1,8,False,16,60.06125,64.7025,-4.64125,60.06125,-4.64125,3,0,5,2,5,-2.360000000000003,-22.480000000000004,5.280000000000001,0,evqa-pilot500/blip2-opt-2.7b;evqa-pilot500/minigpt-4-vicuna-7b;evqa-pilot500/qwen2.5-vl-3b;evqa-pilot500/smolvlm-1.7b;mmke-entity/blip2-opt-2.7b;mmke-entity/instructblip-vicuna-7b;mmke-visual/blip2-opt-2.7b;mmke-visual/smolvlm-1.7b
clean,power_a0.25_b-1_g2,M_new_norm,3,4,False,16,56.3265,68.286,-11.9595,55.98466666666667,-7.323666666666664,0,0,4,0,3,-12.618999999999996,-22.24000000000001,-0.35999999999999943,0,evqa-pilot500/minigpt-4-vicuna-7b;evqa-pilot500/qwen2.5-vl-3b;evqa-pilot500/smolvlm-1.7b;mmke-entity/instructblip-vicuna-7b
clean,power_a0.25_b-0.5_g-1,M_abscos_x_newn,1,14,False,16,68.022,68.28542857142857,-0.2634285714285721,68.022,-0.2634285714285721,1,8,5,1,4,0.0,-1.730000000000004,1.0100000000000051,0.21428571428571427,evqa-pilot500/blip2-opt-2.7b;evqa-pilot500/minigpt-4-vicuna-7b;evqa-pilot500/qwen2.5-vl-3b;evqa-pilot500/smolvlm-1.7b;mmke-entity/blip2-opt-2.7b;mmke-entity/instructblip-vicuna-7b;mmke-entity/minigpt-4-vicuna-7b;mmke-entity/qwen2.5-vl-3b;mmke-entity/smolvlm-1.7b;mmke-visual/blip2-opt-2.7b;mmke-visual/instructblip-vicuna-7b;mmke-visual/minigpt-4-vicuna-7b;mmke-visual/qwen2.5-vl-3b;mmke-visual/smolvlm-1.7b
clean,power_a0.25_b-0.5_g-1,M_abscos_x_newn,3,14,False,16,70.15057142857142,69.8607142857143,0.2898571428571418,67.4987619047619,0.052714285714284666,1,10,3,1,2,0.0,-0.8500000000000014,6.1640000000000015,0.35714285714285715,evqa-pilot500/blip2-opt-2.7b;evqa-pilot500/minigpt-4-vicuna-7b;evqa-pilot500/qwen2.5-vl-3b;evqa-pilot500/smolvlm-1.7b;mmke-entity/blip2-opt-2.7b;mmke-entity/instructblip-vicuna-7b;mmke-entity/minigpt-4-vicuna-7b;mmke-entity/qwen2.5-vl-3b;mmke-entity/smolvlm-1.7b;mmke-visual/blip2-opt-2.7b;mmke-visual/instructblip-vicuna-7b;mmke-visual/minigpt-4-vicuna-7b;mmke-visual/qwen2.5-vl-3b;mmke-visual/smolvlm-1.7b
clean,power_a0.25_b-0.5_g-1,M_new_norm,1,14,False,16,68.022,68.01128571428572,0.010714285714285105,68.022,0.010714285714285105,1,12,1,1,1,0.0,-0.8600000000000136,1.0100000000000051,0.21428571428571427,evqa-pilot500/blip2-opt-2.7b;evqa-pilot500/minigpt-4-vicuna-7b;evqa-pilot500/qwen2.5-vl-3b;evqa-pilot500/smolvlm-1.7b;mmke-entity/blip2-opt-2.7b;mmke-entity/instructblip-vicuna-7b;mmke-entity/minigpt-4-vicuna-7b;mmke-entity/qwen2.5-vl-3b;mmke-entity/smolvlm-1.7b;mmke-visual/blip2-opt-2.7b;mmke-visual/instructblip-vicuna-7b;mmke-visual/minigpt-4-vicuna-7b;mmke-visual/qwen2.5-vl-3b;mmke-visual/smolvlm-1.7b
clean,power_a0.25_b-0.5_g-1,M_new_norm,3,14,False,16,70.15057142857142,70.15057142857142,0.0,67.4987619047619,-0.016904761904761756,0,14,0,0,0,0.0,0.0,0.0,0.35714285714285715,evqa-pilot500/blip2-opt-2.7b;evqa-pilot500/minigpt-4-vicuna-7b;evqa-pilot500/qwen2.5-vl-3b;evqa-pilot500/smolvlm-1.7b;mmke-entity/blip2-opt-2.7b;mmke-entity/instructblip-vicuna-7b;mmke-entity/minigpt-4-vicuna-7b;mmke-entity/qwen2.5-vl-3b;mmke-entity/smolvlm-1.7b;mmke-visual/blip2-opt-2.7b;mmke-visual/instructblip-vicuna-7b;mmke-visual/minigpt-4-vicuna-7b;mmke-visual/qwen2.5-vl-3b;mmke-visual/smolvlm-1.7b
clean,power_a0.25_b-0.5_g0,M_abscos_x_newn,1,16,True,16,69.596125,70.311,-0.7148749999999997,69.596125,-0.7148749999999997,1,11,4,1,3,0.0,-19.120000000000005,9.474000000000004,0.1875,evqa-pilot500/blip2-opt-2.7b;evqa-pilot500/minigpt-4-vicuna-7b;evqa-pilot500/paligemma-3b;evqa-pilot500/qwen2.5-vl-3b;evqa-pilot500/smolvlm-1.7b;mmke-entity/blip2-opt-2.7b;mmke-entity/instructblip-vicuna-7b;mmke-entity/minigpt-4-vicuna-7b;mmke-entity/paligemma-3b;mmke-entity/qwen2.5-vl-3b;mmke-entity/smolvlm-1.7b;mmke-visual/blip2-opt-2.7b;mmke-visual/instructblip-vicuna-7b;mmke-visual/minigpt-4-vicuna-7b;mmke-visual/qwen2.5-vl-3b;mmke-visual/smolvlm-1.7b
clean,power_a0.25_b-0.5_g0,M_abscos_x_newn,3,15,False,16,72.3876,72.25773333333333,0.12986666666666574,69.09431111111111,-0.24537777777777922,1,10,4,1,2,0.0,-1.0100000000000051,4.094000000000008,0.3333333333333333,evqa-pilot500/blip2-opt-2.7b;evqa-pilot500/minigpt-4-vicuna-7b;evqa-pilot500/paligemma-3b;evqa-pilot500/qwen2.5-vl-3b;evqa-pilot500/smolvlm-1.7b;mmke-entity/blip2-opt-2.7b;mmke-entity/instructblip-vicuna-7b;mmke-entity/paligemma-3b;mmke-entity/qwen2.5-vl-3b;mmke-entity/smolvlm-1.7b;mmke-visual/blip2-opt-2.7b;mmke-visual/instructblip-vicuna-7b;mmke-visual/minigpt-4-vicuna-7b;mmke-visual/qwen2.5-vl-3b;mmke-visual/smolvlm-1.7b
clean,power_a0.25_b-0.5_g0,M_new_norm,1,16,True,16,69.596125,70.071125,-0.47499999999999964,69.596125,-0.47499999999999964,3,11,2,2,1,0.0,-19.120000000000005,11.204000000000008,0.1875,evqa-pilot500/blip2-opt-2.7b;evqa-pilot500/minigpt-4-vicuna-7b;evqa-pilot500/paligemma-3b;evqa-pilot500/qwen2.5-vl-3b;evqa-pilot500/smolvlm-1.7b;mmke-entity/blip2-opt-2.7b;mmke-entity/instructblip-vicuna-7b;mmke-entity/minigpt-4-vicuna-7b;mmke-entity/paligemma-3b;mmke-entity/qwen2.5-vl-3b;mmke-entity/smolvlm-1.7b;mmke-visual/blip2-opt-2.7b;mmke-visual/instructblip-vicuna-7b;mmke-visual/minigpt-4-vicuna-7b;mmke-visual/qwen2.5-vl-3b;mmke-visual/smolvlm-1.7b
clean,power_a0.25_b-0.5_g0,M_new_norm,3,15,False,16,72.3876,72.56093333333334,-0.1733333333333339,69.09431111111111,-0.3400444444444451,1,11,3,1,2,0.0,-2.069999999999993,0.6599999999999966,0.3333333333333333,evqa-pilot500/blip2-opt-2.7b;evqa-pilot500/minigpt-4-vicuna-7b;evqa-pilot500/paligemma-3b;evqa-pilot500/qwen2.5-vl-3b;evqa-pilot500/smolvlm-1.7b;mmke-entity/blip2-opt-2.7b;mmke-entity/instructblip-vicuna-7b;mmke-entity/paligemma-3b;mmke-entity/qwen2.5-vl-3b;mmke-entity/smolvlm-1.7b;mmke-visual/blip2-opt-2.7b;mmke-visual/instructblip-vicuna-7b;mmke-visual/minigpt-4-vicuna-7b;mmke-visual/qwen2.5-vl-3b;mmke-visual/smolvlm-1.7b
clean,power_a0.25_b-0.5_g0.5,M_abscos_x_newn,1,15,False,16,68.8736,70.33373333333333,-1.4601333333333335,68.8736,-1.4601333333333335,5,3,7,4,7,0.0,-22.24000000000001,14.88000000000001,0.06666666666666667,evqa-pilot500/blip2-opt-2.7b;evqa-pilot500/minigpt-4-vicuna-7b;evqa-pilot500/paligemma-3b;evqa-pilot500/qwen2.5-vl-3b;mmke-entity/blip2-opt-2.7b;mmke-entity/instructblip-vicuna-7b;mmke-entity/minigpt-4-vicuna-7b;mmke-entity/paligemma-3b;mmke-entity/qwen2.5-vl-3b;mmke-entity/smolvlm-1.7b;mmke-visual/blip2-opt-2.7b;mmke-visual/instructblip-vicuna-7b;mmke-visual/minigpt-4-vicuna-7b;mmke-visual/qwen2.5-vl-3b;mmke-visual/smolvlm-1.7b
clean,power_a0.25_b-0.5_g0.5,M_abscos_x_newn,3,10,False,16,69.4368,72.94160000000001,-3.504800000000003,67.69706666666667,-1.754200000000003,1,3,6,1,5,-0.4270000000000067,-21.60000000000001,16.685999999999993,0.1,evqa-pilot500/blip2-opt-2.7b;evqa-pilot500/minigpt-4-vicuna-7b;evqa-pilot500/paligemma-3b;evqa-pilot500/qwen2.5-vl-3b;mmke-entity/blip2-opt-2.7b;mmke-entity/instructblip-vicuna-7b;mmke-entity/minigpt-4-vicuna-7b;mmke-entity/paligemma-3b;mmke-visual/instructblip-vicuna-7b;mmke-visual/smolvlm-1.7b
clean,power_a0.25_b-0.5_g0.5,M_new_norm,1,15,False,16,68.8736,70.07786666666667,-1.2042666666666666,68.8736,-1.2042666666666666,7,1,7,5,7,0.0,-22.24000000000001,14.88000000000001,0.06666666666666667,evqa-pilot500/blip2-opt-2.7b;evqa-pilot500/minigpt-4-vicuna-7b;evqa-pilot500/paligemma-3b;evqa-pilot500/qwen2.5-vl-3b;mmke-entity/blip2-opt-2.7b;mmke-entity/instructblip-vicuna-7b;mmke-entity/minigpt-4-vicuna-7b;mmke-entity/paligemma-3b;mmke-entity/qwen2.5-vl-3b;mmke-entity/smolvlm-1.7b;mmke-visual/blip2-opt-2.7b;mmke-visual/instructblip-vicuna-7b;mmke-visual/minigpt-4-vicuna-7b;mmke-visual/qwen2.5-vl-3b;mmke-visual/smolvlm-1.7b
clean,power_a0.25_b-0.5_g0.5,M_new_norm,3,10,False,16,69.4368,73.424,-3.9872000000000023,67.69706666666667,-1.9297333333333355,3,1,6,2,5,-0.4270000000000067,-21.60000000000001,16.685999999999993,0.1,evqa-pilot500/blip2-opt-2.7b;evqa-pilot500/minigpt-4-vicuna-7b;evqa-pilot500/paligemma-3b;evqa-pilot500/qwen2.5-vl-3b;mmke-entity/blip2-opt-2.7b;mmke-entity/instructblip-vicuna-7b;mmke-entity/minigpt-4-vicuna-7b;mmke-entity/paligemma-3b;mmke-visual/instructblip-vicuna-7b;mmke-visual/smolvlm-1.7b
clean,power_a0.25_b-0.5_g1,M_abscos_x_newn,1,16,True,16,69.09025,70.311,-1.2207500000000002,69.09025,-1.2207500000000002,4,4,8,3,8,-0.4100000000000037,-22.24000000000001,17.439999999999998,0.125,evqa-pilot500/blip2-opt-2.7b;evqa-pilot500/minigpt-4-vicuna-7b;evqa-pilot500/paligemma-3b;evqa-pilot500/qwen2.5-vl-3b;evqa-pilot500/smolvlm-1.7b;mmke-entity/blip2-opt-2.7b;mmke-entity/instructblip-vicuna-7b;mmke-entity/minigpt-4-vicuna-7b;mmke-entity/paligemma-3b;mmke-entity/qwen2.5-vl-3b;mmke-entity/smolvlm-1.7b;mmke-visual/blip2-opt-2.7b;mmke-visual/instructblip-vicuna-7b;mmke-visual/minigpt-4-vicuna-7b;mmke-visual/qwen2.5-vl-3b;mmke-visual/smolvlm-1.7b
clean,power_a0.25_b-0.5_g1,M_abscos_x_newn,3,14,False,16,70.55071428571429,73.033,-2.482285714285715,69.20880952380952,-1.150904761904766,4,2,8,3,8,-0.740000000000002,-21.60000000000001,17.093999999999994,0.21428571428571427,evqa-pilot500/blip2-opt-2.7b;evqa-pilot500/paligemma-3b;evqa-pilot500/qwen2.5-vl-3b;evqa-pilot500/smolvlm-1.7b;mmke-entity/instructblip-vicuna-7b;mmke-entity/minigpt-4-vicuna-7b;mmke-entity/paligemma-3b;mmke-entity/qwen2.5-vl-3b;mmke-entity/smolvlm-1.7b;mmke-visual/blip2-opt-2.7b;mmke-visual/instructblip-vicuna-7b;mmke-visual/minigpt-4-vicuna-7b;mmke-visual/qwen2.5-vl-3b;mmke-visual/smolvlm-1.7b
clean,power_a0.25_b-0.5_g1,M_new_norm,1,16,True,16,69.09025,70.071125,-0.9808750000000002,69.09025,-0.9808750000000002,7,1,8,5,8,-0.4100000000000037,-22.24000000000001,17.439999999999998,0.125,evqa-pilot500/blip2-opt-2.7b;evqa-pilot500/minigpt-4-vicuna-7b;evqa-pilot500/paligemma-3b;evqa-pilot500/qwen2.5-vl-3b;evqa-pilot500/smolvlm-1.7b;mmke-entity/blip2-opt-2.7b;mmke-entity/instructblip-vicuna-7b;mmke-entity/minigpt-4-vicuna-7b;mmke-entity/paligemma-3b;mmke-entity/qwen2.5-vl-3b;mmke-entity/smolvlm-1.7b;mmke-visual/blip2-opt-2.7b;mmke-visual/instructblip-vicuna-7b;mmke-visual/minigpt-4-vicuna-7b;mmke-visual/qwen2.5-vl-3b;mmke-visual/smolvlm-1.7b
clean,power_a0.25_b-0.5_g1,M_new_norm,3,14,False,16,70.55071428571429,72.88257142857142,-2.3318571428571424,69.20880952380952,-0.9930952380952414,6,0,8,4,8,-0.740000000000002,-21.60000000000001,17.093999999999994,0.21428571428571427,evqa-pilot500/blip2-opt-2.7b;evqa-pilot500/paligemma-3b;evqa-pilot500/qwen2.5-vl-3b;evqa-pilot500/smolvlm-1.7b;mmke-entity/instructblip-vicuna-7b;mmke-entity/minigpt-4-vicuna-7b;mmke-entity/paligemma-3b;mmke-entity/qwen2.5-vl-3b;mmke-entity/smolvlm-1.7b;mmke-visual/blip2-opt-2.7b;mmke-visual/instructblip-vicuna-7b;mmke-visual/minigpt-4-vicuna-7b;mmke-visual/qwen2.5-vl-3b;mmke-visual/smolvlm-1.7b
clean,power_a0.25_b-0.5_g2,M_abscos_x_newn,1,10,False,16,65.5506,71.0046,-5.454,65.5506,-5.454,1,0,9,0,8,-1.9100000000000037,-22.24000000000001,0.21600000000000819,0,evqa-pilot500/qwen2.5-vl-3b;evqa-pilot500/smolvlm-1.7b;mmke-entity/instructblip-vicuna-7b;mmke-entity/minigpt-4-vicuna-7b;mmke-entity/qwen2.5-vl-3b;mmke-entity/smolvlm-1.7b;mmke-visual/instructblip-vicuna-7b;mmke-visual/minigpt-4-vicuna-7b;mmke-visual/qwen2.5-vl-3b;mmke-visual/smolvlm-1.7b
clean,power_a0.25_b-0.5_g2,M_abscos_x_newn,3,6,False,16,67.06833333333333,71.79,-4.721666666666668,65.77755555555555,-3.775444444444446,0,0,6,0,5,-1.6400000000000006,-21.660000000000004,-0.46999999999999886,0,evqa-pilot500/smolvlm-1.7b;mmke-entity/instructblip-vicuna-7b;mmke-entity/qwen2.5-vl-3b;mmke-entity/smolvlm-1.7b;mmke-visual/minigpt-4-vicuna-7b;mmke-visual/smolvlm-1.7b
clean,power_a0.25_b-0.5_g2,M_new_norm,1,10,False,16,65.5506,70.7938,-5.2432,65.5506,-5.2432,1,0,9,1,8,-1.9100000000000037,-22.24000000000001,0.7040000000000077,0,evqa-pilot500/qwen2.5-vl-3b;evqa-pilot500/smolvlm-1.7b;mmke-entity/instructblip-vicuna-7b;mmke-entity/minigpt-4-vicuna-7b;mmke-entity/qwen2.5-vl-3b;mmke-entity/smolvlm-1.7b;mmke-visual/instructblip-vicuna-7b;mmke-visual/minigpt-4-vicuna-7b;mmke-visual/qwen2.5-vl-3b;mmke-visual/smolvlm-1.7b
clean,power_a0.25_b-0.5_g2,M_new_norm,3,6,False,16,67.06833333333333,71.66233333333334,-4.594,65.77755555555555,-3.6453333333333333,0,0,6,0,5,-1.5769999999999982,-21.660000000000004,-0.46999999999999886,0,evqa-pilot500/smolvlm-1.7b;mmke-entity/instructblip-vicuna-7b;mmke-entity/qwen2.5-vl-3b;mmke-entity/smolvlm-1.7b;mmke-visual/minigpt-4-vicuna-7b;mmke-visual/smolvlm-1.7b
clean,power_a0.25_b0_g-1,M_abscos_x_newn,1,14,False,16,68.022,68.28542857142857,-0.2634285714285721,68.022,-0.2634285714285721,1,8,5,1,4,0.0,-1.730000000000004,1.0100000000000051,0.21428571428571427,evqa-pilot500/blip2-opt-2.7b;evqa-pilot500/minigpt-4-vicuna-7b;evqa-pilot500/qwen2.5-vl-3b;evqa-pilot500/smolvlm-1.7b;mmke-entity/blip2-opt-2.7b;mmke-entity/instructblip-vicuna-7b;mmke-entity/minigpt-4-vicuna-7b;mmke-entity/qwen2.5-vl-3b;mmke-entity/smolvlm-1.7b;mmke-visual/blip2-opt-2.7b;mmke-visual/instructblip-vicuna-7b;mmke-visual/minigpt-4-vicuna-7b;mmke-visual/qwen2.5-vl-3b;mmke-visual/smolvlm-1.7b
clean,power_a0.25_b0_g-1,M_abscos_x_newn,3,14,False,16,70.15057142857142,69.8607142857143,0.2898571428571418,67.4987619047619,0.052714285714284666,1,10,3,1,2,0.0,-0.8500000000000014,6.1640000000000015,0.35714285714285715,evqa-pilot500/blip2-opt-2.7b;evqa-pilot500/minigpt-4-vicuna-7b;evqa-pilot500/qwen2.5-vl-3b;evqa-pilot500/smolvlm-1.7b;mmke-entity/blip2-opt-2.7b;mmke-entity/instructblip-vicuna-7b;mmke-entity/minigpt-4-vicuna-7b;mmke-entity/qwen2.5-vl-3b;mmke-entity/smolvlm-1.7b;mmke-visual/blip2-opt-2.7b;mmke-visual/instructblip-vicuna-7b;mmke-visual/minigpt-4-vicuna-7b;mmke-visual/qwen2.5-vl-3b;mmke-visual/smolvlm-1.7b
clean,power_a0.25_b0_g-1,M_new_norm,1,14,False,16,68.022,68.01128571428572,0.010714285714285105,68.022,0.010714285714285105,1,12,1,1,1,0.0,-0.8600000000000136,1.0100000000000051,0.21428571428571427,evqa-pilot500/blip2-opt-2.7b;evqa-pilot500/minigpt-4-vicuna-7b;evqa-pilot500/qwen2.5-vl-3b;evqa-pilot500/smolvlm-1.7b;mmke-entity/blip2-opt-2.7b;mmke-entity/instructblip-vicuna-7b;mmke-entity/minigpt-4-vicuna-7b;mmke-entity/qwen2.5-vl-3b;mmke-entity/smolvlm-1.7b;mmke-visual/blip2-opt-2.7b;mmke-visual/instructblip-vicuna-7b;mmke-visual/minigpt-4-vicuna-7b;mmke-visual/qwen2.5-vl-3b;mmke-visual/smolvlm-1.7b
clean,power_a0.25_b0_g-1,M_new_norm,3,14,False,16,70.15057142857142,70.15057142857142,0.0,67.4987619047619,-0.016904761904761756,0,14,0,0,0,0.0,0.0,0.0,0.35714285714285715,evqa-pilot500/blip2-opt-2.7b;evqa-pilot500/minigpt-4-vicuna-7b;evqa-pilot500/qwen2.5-vl-3b;evqa-pilot500/smolvlm-1.7b;mmke-entity/blip2-opt-2.7b;mmke-entity/instructblip-vicuna-7b;mmke-entity/minigpt-4-vicuna-7b;mmke-entity/qwen2.5-vl-3b;mmke-entity/smolvlm-1.7b;mmke-visual/blip2-opt-2.7b;mmke-visual/instructblip-vicuna-7b;mmke-visual/minigpt-4-vicuna-7b;mmke-visual/qwen2.5-vl-3b;mmke-visual/smolvlm-1.7b
clean,power_a0.25_b0_g0,M_abscos_x_newn,1,16,True,16,70.90075,70.311,0.58975,70.90075,0.58975,1,12,3,1,2,0.0,-0.8500000000000014,11.543999999999997,0.1875,evqa-pilot500/blip2-opt-2.7b;evqa-pilot500/minigpt-4-vicuna-7b;evqa-pilot500/paligemma-3b;evqa-pilot500/qwen2.5-vl-3b;evqa-pilot500/smolvlm-1.7b;mmke-entity/blip2-opt-2.7b;mmke-entity/instructblip-vicuna-7b;mmke-entity/minigpt-4-vicuna-7b;mmke-entity/paligemma-3b;mmke-entity/qwen2.5-vl-3b;mmke-entity/smolvlm-1.7b;mmke-visual/blip2-opt-2.7b;mmke-visual/instructblip-vicuna-7b;mmke-visual/minigpt-4-vicuna-7b;mmke-visual/qwen2.5-vl-3b;mmke-visual/smolvlm-1.7b
clean,power_a0.25_b0_g0,M_abscos_x_newn,3,16,True,16,72.74775,72.494125,0.2536249999999991,69.878375,0.1352499999999992,1,12,3,1,2,0.0,-0.8500000000000014,6.1640000000000015,0.375,evqa-pilot500/blip2-opt-2.7b;evqa-pilot500/minigpt-4-vicuna-7b;evqa-pilot500/paligemma-3b;evqa-pilot500/qwen2.5-vl-3b;evqa-pilot500/smolvlm-1.7b;mmke-entity/blip2-opt-2.7b;mmke-entity/instructblip-vicuna-7b;mmke-entity/minigpt-4-vicuna-7b;mmke-entity/paligemma-3b;mmke-entity/qwen2.5-vl-3b;mmke-entity/smolvlm-1.7b;mmke-visual/blip2-opt-2.7b;mmke-visual/instructblip-vicuna-7b;mmke-visual/minigpt-4-vicuna-7b;mmke-visual/qwen2.5-vl-3b;mmke-visual/smolvlm-1.7b
clean,power_a0.25_b0_g0,M_new_norm,1,16,True,16,70.90075,70.071125,0.8296250000000001,70.90075,0.8296250000000001,1,15,0,1,0,0.0,0.0,13.274000000000001,0.1875,evqa-pilot500/blip2-opt-2.7b;evqa-pilot500/minigpt-4-vicuna-7b;evqa-pilot500/paligemma-3b;evqa-pilot500/qwen2.5-vl-3b;evqa-pilot500/smolvlm-1.7b;mmke-entity/blip2-opt-2.7b;mmke-entity/instructblip-vicuna-7b;mmke-entity/minigpt-4-vicuna-7b;mmke-entity/paligemma-3b;mmke-entity/qwen2.5-vl-3b;mmke-entity/smolvlm-1.7b;mmke-visual/blip2-opt-2.7b;mmke-visual/instructblip-vicuna-7b;mmke-visual/minigpt-4-vicuna-7b;mmke-visual/qwen2.5-vl-3b;mmke-visual/smolvlm-1.7b
clean,power_a0.25_b0_g0,M_new_norm,3,16,True,16,72.74775,72.74775,0.0,69.878375,0.07433333333333358,0,16,0,0,0,0.0,0.0,0.0,0.375,evqa-pilot500/blip2-opt-2.7b;evqa-pilot500/minigpt-4-vicuna-7b;evqa-pilot500/paligemma-3b;evqa-pilot500/qwen2.5-vl-3b;evqa-pilot500/smolvlm-1.7b;mmke-entity/blip2-opt-2.7b;mmke-entity/instructblip-vicuna-7b;mmke-entity/minigpt-4-vicuna-7b;mmke-entity/paligemma-3b;mmke-entity/qwen2.5-vl-3b;mmke-entity/smolvlm-1.7b;mmke-visual/blip2-opt-2.7b;mmke-visual/instructblip-vicuna-7b;mmke-visual/minigpt-4-vicuna-7b;mmke-visual/qwen2.5-vl-3b;mmke-visual/smolvlm-1.7b
clean,power_a0.25_b0_g0.5,M_abscos_x_newn,1,12,False,16,67.59433333333334,69.67016666666666,-2.0758333333333336,67.59433333333334,-2.0758333333333336,2,4,6,2,4,-0.09500000000000242,-20.540000000000006,14.930000000000007,0,evqa-pilot500/blip2-opt-2.7b;evqa-pilot500/minigpt-4-vicuna-7b;evqa-pilot500/paligemma-3b;evqa-pilot500/qwen2.5-vl-3b;evqa-pilot500/smolvlm-1.7b;mmke-entity/blip2-opt-2.7b;mmke-entity/instructblip-vicuna-7b;mmke-entity/paligemma-3b;mmke-visual/blip2-opt-2.7b;mmke-visual/instructblip-vicuna-7b;mmke-visual/minigpt-4-vicuna-7b;mmke-visual/smolvlm-1.7b
clean,power_a0.25_b0_g0.5,M_abscos_x_newn,3,6,False,16,74.08166666666666,75.485,-1.4033333333333349,71.63666666666667,-0.5287777777777786,0,3,3,0,2,-0.09500000000000242,-7.549999999999997,0.0,0.16666666666666666,evqa-pilot500/minigpt-4-vicuna-7b;evqa-pilot500/paligemma-3b;evqa-pilot500/qwen2.5-vl-3b;mmke-entity/blip2-opt-2.7b;mmke-entity/paligemma-3b;mmke-visual/blip2-opt-2.7b
clean,power_a0.25_b0_g0.5,M_new_norm,1,12,False,16,67.59433333333334,69.391,-1.7966666666666669,67.59433333333334,-1.7966666666666669,5,3,4,5,4,0.0,-20.540000000000006,14.930000000000007,0,evqa-pilot500/blip2-opt-2.7b;evqa-pilot500/minigpt-4-vicuna-7b;evqa-pilot500/paligemma-3b;evqa-pilot500/qwen2.5-vl-3b;evqa-pilot500/smolvlm-1.7b;mmke-entity/blip2-opt-2.7b;mmke-entity/instructblip-vicuna-7b;mmke-entity/paligemma-3b;mmke-visual/blip2-opt-2.7b;mmke-visual/instructblip-vicuna-7b;mmke-visual/minigpt-4-vicuna-7b;mmke-visual/smolvlm-1.7b
clean,power_a0.25_b0_g0.5,M_new_norm,3,6,False,16,74.08166666666666,76.37066666666666,-2.2890000000000015,71.63666666666667,-0.8955555555555558,1,2,3,1,3,-0.3400000000000034,-7.549999999999997,0.6599999999999966,0.16666666666666666,evqa-pilot500/minigpt-4-vicuna-7b;evqa-pilot500/paligemma-3b;evqa-pilot500/qwen2.5-vl-3b;mmke-entity/blip2-opt-2.7b;mmke-entity/paligemma-3b;mmke-visual/blip2-opt-2.7b
clean,power_a0.25_b0_g1,M_abscos_x_newn,1,15,False,16,68.55893333333333,69.89293333333333,-1.3340000000000003,68.55893333333333,-1.3340000000000003,5,3,7,4,6,0.0,-22.24000000000001,14.88000000000001,0.06666666666666667,evqa-pilot500/blip2-opt-2.7b;evqa-pilot500/minigpt-4-vicuna-7b;evqa-pilot500/paligemma-3b;evqa-pilot500/qwen2.5-vl-3b;evqa-pilot500/smolvlm-1.7b;mmke-entity/blip2-opt-2.7b;mmke-entity/instructblip-vicuna-7b;mmke-entity/minigpt-4-vicuna-7b;mmke-entity/paligemma-3b;mmke-entity/qwen2.5-vl-3b;mmke-entity/smolvlm-1.7b;mmke-visual/blip2-opt-2.7b;mmke-visual/instructblip-vicuna-7b;mmke-visual/qwen2.5-vl-3b;mmke-visual/smolvlm-1.7b
clean,power_a0.25_b0_g1,M_abscos_x_newn,3,12,False,16,69.70766666666667,72.4755,-2.767833333333338,68.21366666666667,-1.1001666666666712,3,1,8,3,5,-0.2400000000000091,-21.60000000000001,16.685999999999993,0.08333333333333333,evqa-pilot500/blip2-opt-2.7b;evqa-pilot500/minigpt-4-vicuna-7b;evqa-pilot500/paligemma-3b;evqa-pilot500/qwen2.5-vl-3b;mmke-entity/blip2-opt-2.7b;mmke-entity/instructblip-vicuna-7b;mmke-entity/minigpt-4-vicuna-7b;mmke-entity/paligemma-3b;mmke-visual/blip2-opt-2.7b;mmke-visual/instructblip-vicuna-7b;mmke-visual/qwen2.5-vl-3b;mmke-visual/smolvlm-1.7b
clean,power_a0.25_b0_g1,M_new_norm,1,15,False,16,68.55893333333333,69.6884,-1.1294666666666666,68.55893333333333,-1.1294666666666666,8,1,6,6,6,0.01999999999999602,-22.24000000000001,14.88000000000001,0.06666666666666667,evqa-pilot500/blip2-opt-2.7b;evqa-pilot500/minigpt-4-vicuna-7b;evqa-pilot500/paligemma-3b;evqa-pilot500/qwen2.5-vl-3b;evqa-pilot500/smolvlm-1.7b;mmke-entity/blip2-opt-2.7b;mmke-entity/instructblip-vicuna-7b;mmke-entity/minigpt-4-vicuna-7b;mmke-entity/paligemma-3b;mmke-entity/qwen2.5-vl-3b;mmke-entity/smolvlm-1.7b;mmke-visual/blip2-opt-2.7b;mmke-visual/instructblip-vicuna-7b;mmke-visual/qwen2.5-vl-3b;mmke-visual/smolvlm-1.7b
clean,power_a0.25_b0_g1,M_new_norm,3,12,False,16,69.70766666666667,72.8775,-3.169833333333337,68.21366666666667,-1.2464444444444485,5,1,6,4,5,-0.132000000000005,-21.60000000000001,16.685999999999993,0.08333333333333333,evqa-pilot500/blip2-opt-2.7b;evqa-pilot500/minigpt-4-vicuna-7b;evqa-pilot500/paligemma-3b;evqa-pilot500/qwen2.5-vl-3b;mmke-entity/blip2-opt-2.7b;mmke-entity/instructblip-vicuna-7b;mmke-entity/minigpt-4-vicuna-7b;mmke-entity/paligemma-3b;mmke-visual/blip2-opt-2.7b;mmke-visual/instructblip-vicuna-7b;mmke-visual/qwen2.5-vl-3b;mmke-visual/smolvlm-1.7b
clean,power_a0.25_b0_g2,M_abscos_x_newn,1,16,True,16,68.764875,70.311,-1.546125,68.764875,-1.546125,3,1,12,3,11,-0.963000000000001,-22.24000000000001,17.439999999999998,0.0625,evqa-pilot500/blip2-opt-2.7b;evqa-pilot500/minigpt-4-vicuna-7b;evqa-pilot500/paligemma-3b;evqa-pilot500/qwen2.5-vl-3b;evqa-pilot500/smolvlm-1.7b;mmke-entity/blip2-opt-2.7b;mmke-entity/instructblip-vicuna-7b;mmke-entity/minigpt-4-vicuna-7b;mmke-entity/paligemma-3b;mmke-entity/qwen2.5-vl-3b;mmke-entity/smolvlm-1.7b;mmke-visual/blip2-opt-2.7b;mmke-visual/instructblip-vicuna-7b;mmke-visual/minigpt-4-vicuna-7b;mmke-visual/qwen2.5-vl-3b;mmke-visual/smolvlm-1.7b
clean,power_a0.25_b0_g2,M_abscos_x_newn,3,14,False,16,69.75857142857143,72.089,-2.330428571428573,68.86238095238095,-0.8940952380952416,4,2,8,2,8,-0.740000000000002,-21.60000000000001,17.093999999999994,0.14285714285714285,evqa-pilot500/blip2-opt-2.7b;evqa-pilot500/qwen2.5-vl-3b;evqa-pilot500/smolvlm-1.7b;mmke-entity/blip2-opt-2.7b;mmke-entity/instructblip-vicuna-7b;mmke-entity/minigpt-4-vicuna-7b;mmke-entity/paligemma-3b;mmke-entity/qwen2.5-vl-3b;mmke-entity/smolvlm-1.7b;mmke-visual/blip2-opt-2.7b;mmke-visual/instructblip-vicuna-7b;mmke-visual/minigpt-4-vicuna-7b;mmke-visual/qwen2.5-vl-3b;mmke-visual/smolvlm-1.7b
clean,power_a0.25_b0_g2,M_new_norm,1,16,True,16,68.764875,70.071125,-1.30625,68.764875,-1.30625,5,0,11,4,10,-0.8500000000000014,-22.24000000000001,17.439999999999998,0.0625,evqa-pilot500/blip2-opt-2.7b;evqa-pilot500/minigpt-4-vicuna-7b;evqa-pilot500/paligemma-3b;evqa-pilot500/qwen2.5-vl-3b;evqa-pilot500/smolvlm-1.7b;mmke-entity/blip2-opt-2.7b;mmke-entity/instructblip-vicuna-7b;mmke-entity/minigpt-4-vicuna-7b;mmke-entity/paligemma-3b;mmke-entity/qwen2.5-vl-3b;mmke-entity/smolvlm-1.7b;mmke-visual/blip2-opt-2.7b;mmke-visual/instructblip-vicuna-7b;mmke-visual/minigpt-4-vicuna-7b;mmke-visual/qwen2.5-vl-3b;mmke-visual/smolvlm-1.7b
clean,power_a0.25_b0_g2,M_new_norm,3,14,False,16,69.75857142857143,71.93857142857144,-2.18,68.86238095238095,-0.7362857142857168,6,0,8,3,8,-0.740000000000002,-21.60000000000001,17.093999999999994,0.14285714285714285,evqa-pilot500/blip2-opt-2.7b;evqa-pilot500/qwen2.5-vl-3b;evqa-pilot500/smolvlm-1.7b;mmke-entity/blip2-opt-2.7b;mmke-entity/instructblip-vicuna-7b;mmke-entity/minigpt-4-vicuna-7b;mmke-entity/paligemma-3b;mmke-entity/qwen2.5-vl-3b;mmke-entity/smolvlm-1.7b;mmke-visual/blip2-opt-2.7b;mmke-visual/instructblip-vicuna-7b;mmke-visual/minigpt-4-vicuna-7b;mmke-visual/qwen2.5-vl-3b;mmke-visual/smolvlm-1.7b
clean,power_a0.25_b0.5_g-1,M_abscos_x_newn,1,14,False,16,68.022,68.28542857142857,-0.2634285714285721,68.022,-0.2634285714285721,1,8,5,1,4,0.0,-1.730000000000004,1.0100000000000051,0.21428571428571427,evqa-pilot500/blip2-opt-2.7b;evqa-pilot500/minigpt-4-vicuna-7b;evqa-pilot500/qwen2.5-vl-3b;evqa-pilot500/smolvlm-1.7b;mmke-entity/blip2-opt-2.7b;mmke-entity/instructblip-vicuna-7b;mmke-entity/minigpt-4-vicuna-7b;mmke-entity/qwen2.5-vl-3b;mmke-entity/smolvlm-1.7b;mmke-visual/blip2-opt-2.7b;mmke-visual/instructblip-vicuna-7b;mmke-visual/minigpt-4-vicuna-7b;mmke-visual/qwen2.5-vl-3b;mmke-visual/smolvlm-1.7b
clean,power_a0.25_b0.5_g-1,M_abscos_x_newn,3,14,False,16,70.15057142857142,69.8607142857143,0.2898571428571418,67.4987619047619,0.052714285714284666,1,10,3,1,2,0.0,-0.8500000000000014,6.1640000000000015,0.35714285714285715,evqa-pilot500/blip2-opt-2.7b;evqa-pilot500/minigpt-4-vicuna-7b;evqa-pilot500/qwen2.5-vl-3b;evqa-pilot500/smolvlm-1.7b;mmke-entity/blip2-opt-2.7b;mmke-entity/instructblip-vicuna-7b;mmke-entity/minigpt-4-vicuna-7b;mmke-entity/qwen2.5-vl-3b;mmke-entity/smolvlm-1.7b;mmke-visual/blip2-opt-2.7b;mmke-visual/instructblip-vicuna-7b;mmke-visual/minigpt-4-vicuna-7b;mmke-visual/qwen2.5-vl-3b;mmke-visual/smolvlm-1.7b
clean,power_a0.25_b0.5_g-1,M_new_norm,1,14,False,16,68.022,68.01128571428572,0.010714285714285105,68.022,0.010714285714285105,1,12,1,1,1,0.0,-0.8600000000000136,1.0100000000000051,0.21428571428571427,evqa-pilot500/blip2-opt-2.7b;evqa-pilot500/minigpt-4-vicuna-7b;evqa-pilot500/qwen2.5-vl-3b;evqa-pilot500/smolvlm-1.7b;mmke-entity/blip2-opt-2.7b;mmke-entity/instructblip-vicuna-7b;mmke-entity/minigpt-4-vicuna-7b;mmke-entity/qwen2.5-vl-3b;mmke-entity/smolvlm-1.7b;mmke-visual/blip2-opt-2.7b;mmke-visual/instructblip-vicuna-7b;mmke-visual/minigpt-4-vicuna-7b;mmke-visual/qwen2.5-vl-3b;mmke-visual/smolvlm-1.7b
clean,power_a0.25_b0.5_g-1,M_new_norm,3,14,False,16,70.15057142857142,70.15057142857142,0.0,67.4987619047619,-0.016904761904761756,0,14,0,0,0,0.0,0.0,0.0,0.35714285714285715,evqa-pilot500/blip2-opt-2.7b;evqa-pilot500/minigpt-4-vicuna-7b;evqa-pilot500/qwen2.5-vl-3b;evqa-pilot500/smolvlm-1.7b;mmke-entity/blip2-opt-2.7b;mmke-entity/instructblip-vicuna-7b;mmke-entity/minigpt-4-vicuna-7b;mmke-entity/qwen2.5-vl-3b;mmke-entity/smolvlm-1.7b;mmke-visual/blip2-opt-2.7b;mmke-visual/instructblip-vicuna-7b;mmke-visual/minigpt-4-vicuna-7b;mmke-visual/qwen2.5-vl-3b;mmke-visual/smolvlm-1.7b
clean,power_a0.25_b0.5_g0,M_abscos_x_newn,1,16,True,16,70.071125,70.311,-0.23987500000000006,70.071125,-0.23987500000000006,0,12,4,0,3,0.0,-1.730000000000004,0.0,0.1875,evqa-pilot500/blip2-opt-2.7b;evqa-pilot500/minigpt-4-vicuna-7b;evqa-pilot500/paligemma-3b;evqa-pilot500/qwen2.5-vl-3b;evqa-pilot500/smolvlm-1.7b;mmke-entity/blip2-opt-2.7b;mmke-entity/instructblip-vicuna-7b;mmke-entity/minigpt-4-vicuna-7b;mmke-entity/paligemma-3b;mmke-entity/qwen2.5-vl-3b;mmke-entity/smolvlm-1.7b;mmke-visual/blip2-opt-2.7b;mmke-visual/instructblip-vicuna-7b;mmke-visual/minigpt-4-vicuna-7b;mmke-visual/qwen2.5-vl-3b;mmke-visual/smolvlm-1.7b
clean,power_a0.25_b0.5_g0,M_abscos_x_newn,3,16,True,16,72.74775,72.494125,0.2536249999999991,69.80404166666666,0.06091666666666562,1,12,3,1,2,0.0,-0.8500000000000014,6.1640000000000015,0.375,evqa-pilot500/blip2-opt-2.7b;evqa-pilot500/minigpt-4-vicuna-7b;evqa-pilot500/paligemma-3b;evqa-pilot500/qwen2.5-vl-3b;evqa-pilot500/smolvlm-1.7b;mmke-entity/blip2-opt-2.7b;mmke-entity/instructblip-vicuna-7b;mmke-entity/minigpt-4-vicuna-7b;mmke-entity/paligemma-3b;mmke-entity/qwen2.5-vl-3b;mmke-entity/smolvlm-1.7b;mmke-visual/blip2-opt-2.7b;mmke-visual/instructblip-vicuna-7b;mmke-visual/minigpt-4-vicuna-7b;mmke-visual/qwen2.5-vl-3b;mmke-visual/smolvlm-1.7b
clean,power_a0.25_b0.5_g0,M_new_norm,1,16,True,16,70.071125,70.071125,0.0,70.071125,0.0,0,16,0,0,0,0.0,0.0,0.0,0.1875,evqa-pilot500/blip2-opt-2.7b;evqa-pilot500/minigpt-4-vicuna-7b;evqa-pilot500/paligemma-3b;evqa-pilot500/qwen2.5-vl-3b;evqa-pilot500/smolvlm-1.7b;mmke-entity/blip2-opt-2.7b;mmke-entity/instructblip-vicuna-7b;mmke-entity/minigpt-4-vicuna-7b;mmke-entity/paligemma-3b;mmke-entity/qwen2.5-vl-3b;mmke-entity/smolvlm-1.7b;mmke-visual/blip2-opt-2.7b;mmke-visual/instructblip-vicuna-7b;mmke-visual/minigpt-4-vicuna-7b;mmke-visual/qwen2.5-vl-3b;mmke-visual/smolvlm-1.7b
clean,power_a0.25_b0.5_g0,M_new_norm,3,16,True,16,72.74775,72.74775,0.0,69.80404166666666,0.0,0,16,0,0,0,0.0,0.0,0.0,0.375,evqa-pilot500/blip2-opt-2.7b;evqa-pilot500/minigpt-4-vicuna-7b;evqa-pilot500/paligemma-3b;evqa-pilot500/qwen2.5-vl-3b;evqa-pilot500/smolvlm-1.7b;mmke-entity/blip2-opt-2.7b;mmke-entity/instructblip-vicuna-7b;mmke-entity/minigpt-4-vicuna-7b;mmke-entity/paligemma-3b;mmke-entity/qwen2.5-vl-3b;mmke-entity/smolvlm-1.7b;mmke-visual/blip2-opt-2.7b;mmke-visual/instructblip-vicuna-7b;mmke-visual/minigpt-4-vicuna-7b;mmke-visual/qwen2.5-vl-3b;mmke-visual/smolvlm-1.7b
clean,power_a0.25_b0.5_g0.5,M_abscos_x_newn,1,11,False,16,69.55054545454546,69.64654545454546,-0.0960000000000004,69.55054545454546,-0.0960000000000004,3,5,3,2,3,0.0,-5.560000000000002,5.3799999999999955,0,evqa-pilot500/blip2-opt-2.7b;evqa-pilot500/minigpt-4-vicuna-7b;evqa-pilot500/paligemma-3b;evqa-pilot500/qwen2.5-vl-3b;evqa-pilot500/smolvlm-1.7b;mmke-entity/blip2-opt-2.7b;mmke-entity/paligemma-3b;mmke-entity/smolvlm-1.7b;mmke-visual/blip2-opt-2.7b;mmke-visual/minigpt-4-vicuna-7b;mmke-visual/qwen2.5-vl-3b
clean,power_a0.25_b0.5_g0.5,M_abscos_x_newn,3,10,False,16,72.5774,72.8636,-0.28619999999999945,69.93926666666667,-0.02053333333333285,3,3,4,2,2,0.0,-7.549999999999997,4.094000000000008,0.1,evqa-pilot500/blip2-opt-2.7b;evqa-pilot500/minigpt-4-vicuna-7b;evqa-pilot500/paligemma-3b;evqa-pilot500/qwen2.5-vl-3b;evqa-pilot500/smolvlm-1.7b;mmke-entity/blip2-opt-2.7b;mmke-entity/paligemma-3b;mmke-visual/blip2-opt-2.7b;mmke-visual/minigpt-4-vicuna-7b;mmke-visual/qwen2.5-vl-3b
clean,power_a0.25_b0.5_g0.5,M_new_norm,1,11,False,16,69.55054545454546,69.342,0.20854545454545426,69.55054545454546,0.20854545454545426,4,4,3,3,2,0.0,-5.560000000000002,7.109999999999999,0,evqa-pilot500/blip2-opt-2.7b;evqa-pilot500/minigpt-4-vicuna-7b;evqa-pilot500/paligemma-3b;evqa-pilot500/qwen2.5-vl-3b;evqa-pilot500/smolvlm-1.7b;mmke-entity/blip2-opt-2.7b;mmke-entity/paligemma-3b;mmke-entity/smolvlm-1.7b;mmke-visual/blip2-opt-2.7b;mmke-visual/minigpt-4-vicuna-7b;mmke-visual/qwen2.5-vl-3b
clean,power_a0.25_b0.5_g0.5,M_new_norm,3,10,False,16,72.5774,73.3184,-0.740999999999999,69.93926666666667,-0.1625333333333316,4,2,4,3,3,0.0,-7.549999999999997,3.9540000000000006,0.1,evqa-pilot500/blip2-opt-2.7b;evqa-pilot500/minigpt-4-vicuna-7b;evqa-pilot500/paligemma-3b;evqa-pilot500/qwen2.5-vl-3b;evqa-pilot500/smolvlm-1.7b;mmke-entity/blip2-opt-2.7b;mmke-entity/paligemma-3b;mmke-visual/blip2-opt-2.7b;mmke-visual/minigpt-4-vicuna-7b;mmke-visual/qwen2.5-vl-3b
clean,power_a0.25_b0.5_g1,M_abscos_x_newn,1,13,False,16,69.06476923076923,70.182,-1.11723076923077,69.06476923076923,-1.11723076923077,4,3,6,3,3,0.0,-20.540000000000006,14.88000000000001,0,evqa-pilot500/blip2-opt-2.7b;evqa-pilot500/minigpt-4-vicuna-7b;evqa-pilot500/paligemma-3b;evqa-pilot500/qwen2.5-vl-3b;mmke-entity/blip2-opt-2.7b;mmke-entity/instructblip-vicuna-7b;mmke-entity/minigpt-4-vicuna-7b;mmke-entity/paligemma-3b;mmke-entity/smolvlm-1.7b;mmke-visual/blip2-opt-2.7b;mmke-visual/instructblip-vicuna-7b;mmke-visual/minigpt-4-vicuna-7b;mmke-visual/smolvlm-1.7b
clean,power_a0.25_b0.5_g1,M_abscos_x_newn,3,10,False,16,69.1006,74.157,-5.056400000000003,67.76293333333334,-2.948133333333336,0,2,8,0,4,-0.372000000000007,-20.730000000000004,0.0,0,evqa-pilot500/minigpt-4-vicuna-7b;evqa-pilot500/paligemma-3b;evqa-pilot500/qwen2.5-vl-3b;mmke-entity/blip2-opt-2.7b;mmke-entity/instructblip-vicuna-7b;mmke-entity/paligemma-3b;mmke-visual/blip2-opt-2.7b;mmke-visual/instructblip-vicuna-7b;mmke-visual/minigpt-4-vicuna-7b;mmke-visual/smolvlm-1.7b
clean,power_a0.25_b0.5_g1,M_new_norm,1,13,False,16,69.06476923076923,69.88676923076923,-0.8220000000000005,69.06476923076923,-0.8220000000000005,8,2,3,5,3,0.2879999999999967,-20.540000000000006,14.88000000000001,0,evqa-pilot500/blip2-opt-2.7b;evqa-pilot500/minigpt-4-vicuna-7b;evqa-pilot500/paligemma-3b;evqa-pilot500/qwen2.5-vl-3b;mmke-entity/blip2-opt-2.7b;mmke-entity/instructblip-vicuna-7b;mmke-entity/minigpt-4-vicuna-7b;mmke-entity/paligemma-3b;mmke-entity/smolvlm-1.7b;mmke-visual/blip2-opt-2.7b;mmke-visual/instructblip-vicuna-7b;mmke-visual/minigpt-4-vicuna-7b;mmke-visual/smolvlm-1.7b
clean,power_a0.25_b0.5_g1,M_new_norm,3,10,False,16,69.1006,74.6118,-5.511200000000002,67.76293333333334,-3.090133333333335,2,1,7,1,5,-0.5470000000000041,-20.730000000000004,0.6599999999999966,0,evqa-pilot500/minigpt-4-vicuna-7b;evqa-pilot500/paligemma-3b;evqa-pilot500/qwen2.5-vl-3b;mmke-entity/blip2-opt-2.7b;mmke-entity/instructblip-vicuna-7b;mmke-entity/paligemma-3b;mmke-visual/blip2-opt-2.7b;mmke-visual/instructblip-vicuna-7b;mmke-visual/minigpt-4-vicuna-7b;mmke-visual/smolvlm-1.7b
clean,power_a0.25_b0.5_g2,M_abscos_x_newn,1,15,False,16,69.57426666666667,71.02773333333333,-1.4534666666666662,69.57426666666667,-1.4534666666666662,4,2,9,3,7,-0.19000000000000483,-21.910000000000004,15.64,0,evqa-pilot500/blip2-opt-2.7b;evqa-pilot500/paligemma-3b;evqa-pilot500/qwen2.5-vl-3b;evqa-pilot500/smolvlm-1.7b;mmke-entity/blip2-opt-2.7b;mmke-entity/instructblip-vicuna-7b;mmke-entity/minigpt-4-vicuna-7b;mmke-entity/paligemma-3b;mmke-entity/qwen2.5-vl-3b;mmke-entity/smolvlm-1.7b;mmke-visual/blip2-opt-2.7b;mmke-visual/instructblip-vicuna-7b;mmke-visual/minigpt-4-vicuna-7b;mmke-visual/qwen2.5-vl-3b;mmke-visual/smolvlm-1.7b
clean,power_a0.25_b0.5_g2,M_abscos_x_newn,3,12,False,16,71.9245,72.97716666666666,-1.0526666666666682,70.63677777777778,0.37622222222221896,4,0,8,3,5,-0.2030000000000065,-21.050000000000004,17.093999999999994,0.16666666666666666,evqa-pilot500/blip2-opt-2.7b;evqa-pilot500/paligemma-3b;evqa-pilot500/qwen2.5-vl-3b;evqa-pilot500/smolvlm-1.7b;mmke-entity/blip2-opt-2.7b;mmke-entity/instructblip-vicuna-7b;mmke-entity/minigpt-4-vicuna-7b;mmke-entity/paligemma-3b;mmke-entity/qwen2.5-vl-3b;mmke-visual/blip2-opt-2.7b;mmke-visual/qwen2.5-vl-3b;mmke-visual/smolvlm-1.7b
clean,power_a0.25_b0.5_g2,M_new_norm,1,15,False,16,69.57426666666667,70.8872,-1.312933333333333,69.57426666666667,-1.312933333333333,6,1,8,4,7,-0.030000000000001137,-21.910000000000004,15.64,0,evqa-pilot500/blip2-opt-2.7b;evqa-pilot500/paligemma-3b;evqa-pilot500/qwen2.5-vl-3b;evqa-pilot500/smolvlm-1.7b;mmke-entity/blip2-opt-2.7b;mmke-entity/instructblip-vicuna-7b;mmke-entity/minigpt-4-vicuna-7b;mmke-entity/paligemma-3b;mmke-entity/qwen2.5-vl-3b;mmke-entity/smolvlm-1.7b;mmke-visual/blip2-opt-2.7b;mmke-visual/instructblip-vicuna-7b;mmke-visual/minigpt-4-vicuna-7b;mmke-visual/qwen2.5-vl-3b;mmke-visual/smolvlm-1.7b
clean,power_a0.25_b0.5_g2,M_new_norm,3,12,False,16,71.9245,72.8655,-0.9410000000000007,70.63677777777778,0.495277777777775,6,0,6,4,5,0.035000000000003695,-21.050000000000004,17.093999999999994,0.16666666666666666,evqa-pilot500/blip2-opt-2.7b;evqa-pilot500/paligemma-3b;evqa-pilot500/qwen2.5-vl-3b;evqa-pilot500/smolvlm-1.7b;mmke-entity/blip2-opt-2.7b;mmke-entity/instructblip-vicuna-7b;mmke-entity/minigpt-4-vicuna-7b;mmke-entity/paligemma-3b;mmke-entity/qwen2.5-vl-3b;mmke-visual/blip2-opt-2.7b;mmke-visual/qwen2.5-vl-3b;mmke-visual/smolvlm-1.7b
clean,power_a0.25_b1_g-1,M_abscos_x_newn,1,14,False,16,68.022,68.28542857142857,-0.2634285714285721,68.022,-0.2634285714285721,1,8,5,1,4,0.0,-1.730000000000004,1.0100000000000051,0.21428571428571427,evqa-pilot500/blip2-opt-2.7b;evqa-pilot500/minigpt-4-vicuna-7b;evqa-pilot500/qwen2.5-vl-3b;evqa-pilot500/smolvlm-1.7b;mmke-entity/blip2-opt-2.7b;mmke-entity/instructblip-vicuna-7b;mmke-entity/minigpt-4-vicuna-7b;mmke-entity/qwen2.5-vl-3b;mmke-entity/smolvlm-1.7b;mmke-visual/blip2-opt-2.7b;mmke-visual/instructblip-vicuna-7b;mmke-visual/minigpt-4-vicuna-7b;mmke-visual/qwen2.5-vl-3b;mmke-visual/smolvlm-1.7b
clean,power_a0.25_b1_g-1,M_abscos_x_newn,3,14,False,16,70.15057142857142,69.8607142857143,0.2898571428571418,67.4987619047619,0.052714285714284666,1,10,3,1,2,0.0,-0.8500000000000014,6.1640000000000015,0.35714285714285715,evqa-pilot500/blip2-opt-2.7b;evqa-pilot500/minigpt-4-vicuna-7b;evqa-pilot500/qwen2.5-vl-3b;evqa-pilot500/smolvlm-1.7b;mmke-entity/blip2-opt-2.7b;mmke-entity/instructblip-vicuna-7b;mmke-entity/minigpt-4-vicuna-7b;mmke-entity/qwen2.5-vl-3b;mmke-entity/smolvlm-1.7b;mmke-visual/blip2-opt-2.7b;mmke-visual/instructblip-vicuna-7b;mmke-visual/minigpt-4-vicuna-7b;mmke-visual/qwen2.5-vl-3b;mmke-visual/smolvlm-1.7b
clean,power_a0.25_b1_g-1,M_new_norm,1,14,False,16,68.022,68.01128571428572,0.010714285714285105,68.022,0.010714285714285105,1,12,1,1,1,0.0,-0.8600000000000136,1.0100000000000051,0.21428571428571427,evqa-pilot500/blip2-opt-2.7b;evqa-pilot500/minigpt-4-vicuna-7b;evqa-pilot500/qwen2.5-vl-3b;evqa-pilot500/smolvlm-1.7b;mmke-entity/blip2-opt-2.7b;mmke-entity/instructblip-vicuna-7b;mmke-entity/minigpt-4-vicuna-7b;mmke-entity/qwen2.5-vl-3b;mmke-entity/smolvlm-1.7b;mmke-visual/blip2-opt-2.7b;mmke-visual/instructblip-vicuna-7b;mmke-visual/minigpt-4-vicuna-7b;mmke-visual/qwen2.5-vl-3b;mmke-visual/smolvlm-1.7b
clean,power_a0.25_b1_g-1,M_new_norm,3,14,False,16,70.15057142857142,70.15057142857142,0.0,67.4987619047619,-0.016904761904761756,0,14,0,0,0,0.0,0.0,0.0,0.35714285714285715,evqa-pilot500/blip2-opt-2.7b;evqa-pilot500/minigpt-4-vicuna-7b;evqa-pilot500/qwen2.5-vl-3b;evqa-pilot500/smolvlm-1.7b;mmke-entity/blip2-opt-2.7b;mmke-entity/instructblip-vicuna-7b;mmke-entity/minigpt-4-vicuna-7b;mmke-entity/qwen2.5-vl-3b;mmke-entity/smolvlm-1.7b;mmke-visual/blip2-opt-2.7b;mmke-visual/instructblip-vicuna-7b;mmke-visual/minigpt-4-vicuna-7b;mmke-visual/qwen2.5-vl-3b;mmke-visual/smolvlm-1.7b
clean,power_a0.25_b1_g0,M_abscos_x_newn,1,16,True,16,70.071125,70.311,-0.23987500000000006,70.071125,-0.23987500000000006,0,12,4,0,3,0.0,-1.730000000000004,0.0,0.1875,evqa-pilot500/blip2-opt-2.7b;evqa-pilot500/minigpt-4-vicuna-7b;evqa-pilot500/paligemma-3b;evqa-pilot500/qwen2.5-vl-3b;evqa-pilot500/smolvlm-1.7b;mmke-entity/blip2-opt-2.7b;mmke-entity/instructblip-vicuna-7b;mmke-entity/minigpt-4-vicuna-7b;mmke-entity/paligemma-3b;mmke-entity/qwen2.5-vl-3b;mmke-entity/smolvlm-1.7b;mmke-visual/blip2-opt-2.7b;mmke-visual/instructblip-vicuna-7b;mmke-visual/minigpt-4-vicuna-7b;mmke-visual/qwen2.5-vl-3b;mmke-visual/smolvlm-1.7b
clean,power_a0.25_b1_g0,M_abscos_x_newn,3,16,True,16,72.74775,72.494125,0.2536249999999991,69.80404166666666,0.06091666666666562,1,12,3,1,2,0.0,-0.8500000000000014,6.1640000000000015,0.375,evqa-pilot500/blip2-opt-2.7b;evqa-pilot500/minigpt-4-vicuna-7b;evqa-pilot500/paligemma-3b;evqa-pilot500/qwen2.5-vl-3b;evqa-pilot500/smolvlm-1.7b;mmke-entity/blip2-opt-2.7b;mmke-entity/instructblip-vicuna-7b;mmke-entity/minigpt-4-vicuna-7b;mmke-entity/paligemma-3b;mmke-entity/qwen2.5-vl-3b;mmke-entity/smolvlm-1.7b;mmke-visual/blip2-opt-2.7b;mmke-visual/instructblip-vicuna-7b;mmke-visual/minigpt-4-vicuna-7b;mmke-visual/qwen2.5-vl-3b;mmke-visual/smolvlm-1.7b
clean,power_a0.25_b1_g0,M_new_norm,1,16,True,16,70.071125,70.071125,0.0,70.071125,0.0,0,16,0,0,0,0.0,0.0,0.0,0.1875,evqa-pilot500/blip2-opt-2.7b;evqa-pilot500/minigpt-4-vicuna-7b;evqa-pilot500/paligemma-3b;evqa-pilot500/qwen2.5-vl-3b;evqa-pilot500/smolvlm-1.7b;mmke-entity/blip2-opt-2.7b;mmke-entity/instructblip-vicuna-7b;mmke-entity/minigpt-4-vicuna-7b;mmke-entity/paligemma-3b;mmke-entity/qwen2.5-vl-3b;mmke-entity/smolvlm-1.7b;mmke-visual/blip2-opt-2.7b;mmke-visual/instructblip-vicuna-7b;mmke-visual/minigpt-4-vicuna-7b;mmke-visual/qwen2.5-vl-3b;mmke-visual/smolvlm-1.7b
clean,power_a0.25_b1_g0,M_new_norm,3,16,True,16,72.74775,72.74775,0.0,69.80404166666666,0.0,0,16,0,0,0,0.0,0.0,0.0,0.375,evqa-pilot500/blip2-opt-2.7b;evqa-pilot500/minigpt-4-vicuna-7b;evqa-pilot500/paligemma-3b;evqa-pilot500/qwen2.5-vl-3b;evqa-pilot500/smolvlm-1.7b;mmke-entity/blip2-opt-2.7b;mmke-entity/instructblip-vicuna-7b;mmke-entity/minigpt-4-vicuna-7b;mmke-entity/paligemma-3b;mmke-entity/qwen2.5-vl-3b;mmke-entity/smolvlm-1.7b;mmke-visual/blip2-opt-2.7b;mmke-visual/instructblip-vicuna-7b;mmke-visual/minigpt-4-vicuna-7b;mmke-visual/qwen2.5-vl-3b;mmke-visual/smolvlm-1.7b
clean,power_a0.25_b1_g0.5,M_abscos_x_newn,1,12,False,16,69.9055,69.78933333333333,0.1161666666666683,69.9055,0.1161666666666683,5,4,3,3,3,0.0,-11.199999999999996,9.474000000000004,0,evqa-pilot500/blip2-opt-2.7b;evqa-pilot500/minigpt-4-vicuna-7b;evqa-pilot500/paligemma-3b;evqa-pilot500/qwen2.5-vl-3b;evqa-pilot500/smolvlm-1.7b;mmke-entity/blip2-opt-2.7b;mmke-entity/paligemma-3b;mmke-entity/smolvlm-1.7b;mmke-visual/blip2-opt-2.7b;mmke-visual/minigpt-4-vicuna-7b;mmke-visual/qwen2.5-vl-3b;mmke-visual/smolvlm-1.7b
clean,power_a0.25_b1_g0.5,M_abscos_x_newn,3,10,False,16,72.3494,72.29260000000001,0.056800000000001204,69.84246666666667,0.46273333333333255,3,5,2,2,1,0.0,-7.549999999999997,4.094000000000008,0.2,evqa-pilot500/blip2-opt-2.7b;evqa-pilot500/minigpt-4-vicuna-7b;evqa-pilot500/paligemma-3b;evqa-pilot500/qwen2.5-vl-3b;evqa-pilot500/smolvlm-1.7b;mmke-entity/blip2-opt-2.7b;mmke-entity/paligemma-3b;mmke-entity/smolvlm-1.7b;mmke-visual/blip2-opt-2.7b;mmke-visual/qwen2.5-vl-3b
clean,power_a0.25_b1_g0.5,M_new_norm,1,12,False,16,69.9055,69.51016666666666,0.3953333333333351,69.9055,0.3953333333333351,5,4,3,4,2,0.0,-11.199999999999996,11.204000000000008,0,evqa-pilot500/blip2-opt-2.7b;evqa-pilot500/minigpt-4-vicuna-7b;evqa-pilot500/paligemma-3b;evqa-pilot500/qwen2.5-vl-3b;evqa-pilot500/smolvlm-1.7b;mmke-entity/blip2-opt-2.7b;mmke-entity/paligemma-3b;mmke-entity/smolvlm-1.7b;mmke-visual/blip2-opt-2.7b;mmke-visual/minigpt-4-vicuna-7b;mmke-visual/qwen2.5-vl-3b;mmke-visual/smolvlm-1.7b
clean,power_a0.25_b1_g0.5,M_new_norm,3,10,False,16,72.3494,72.824,-0.4745999999999988,69.84246666666667,0.24266666666666623,3,5,2,2,2,0.0,-7.549999999999997,3.9540000000000006,0.2,evqa-pilot500/blip2-opt-2.7b;evqa-pilot500/minigpt-4-vicuna-7b;evqa-pilot500/paligemma-3b;evqa-pilot500/qwen2.5-vl-3b;evqa-pilot500/smolvlm-1.7b;mmke-entity/blip2-opt-2.7b;mmke-entity/paligemma-3b;mmke-entity/smolvlm-1.7b;mmke-visual/blip2-opt-2.7b;mmke-visual/qwen2.5-vl-3b
clean,power_a0.25_b1_g1,M_abscos_x_newn,1,12,False,16,66.38766666666666,69.15666666666667,-2.769,66.38766666666666,-2.769,1,5,6,1,6,-0.41499999999999915,-20.540000000000006,14.930000000000007,0,evqa-pilot500/blip2-opt-2.7b;evqa-pilot500/minigpt-4-vicuna-7b;evqa-pilot500/paligemma-3b;evqa-pilot500/qwen2.5-vl-3b;evqa-pilot500/smolvlm-1.7b;mmke-entity/blip2-opt-2.7b;mmke-entity/instructblip-vicuna-7b;mmke-entity/paligemma-3b;mmke-visual/blip2-opt-2.7b;mmke-visual/instructblip-vicuna-7b;mmke-visual/qwen2.5-vl-3b;mmke-visual/smolvlm-1.7b
clean,power_a0.25_b1_g1,M_abscos_x_newn,3,6,False,16,74.121,75.485,-1.3640000000000032,71.64977777777777,-0.5156666666666693,0,2,4,0,1,-0.18500000000000583,-7.549999999999997,0.0,0,evqa-pilot500/minigpt-4-vicuna-7b;evqa-pilot500/paligemma-3b;evqa-pilot500/qwen2.5-vl-3b;mmke-entity/blip2-opt-2.7b;mmke-entity/paligemma-3b;mmke-visual/blip2-opt-2.7b
clean,power_a0.25_b1_g1,M_new_norm,1,12,False,16,66.38766666666666,68.94166666666666,-2.554,66.38766666666666,-2.554,2,4,6,2,5,-0.06500000000000128,-20.540000000000006,14.930000000000007,0,evqa-pilot500/blip2-opt-2.7b;evqa-pilot500/minigpt-4-vicuna-7b;evqa-pilot500/paligemma-3b;evqa-pilot500/qwen2.5-vl-3b;evqa-pilot500/smolvlm-1.7b;mmke-entity/blip2-opt-2.7b;mmke-entity/instructblip-vicuna-7b;mmke-entity/paligemma-3b;mmke-visual/blip2-opt-2.7b;mmke-visual/instructblip-vicuna-7b;mmke-visual/qwen2.5-vl-3b;mmke-visual/smolvlm-1.7b
clean,power_a0.25_b1_g1,M_new_norm,3,6,False,16,74.121,76.37066666666666,-2.24966666666667,71.64977777777777,-0.8824444444444465,1,1,4,1,2,-0.2220000000000084,-7.549999999999997,0.6599999999999966,0,evqa-pilot500/minigpt-4-vicuna-7b;evqa-pilot500/paligemma-3b;evqa-pilot500/qwen2.5-vl-3b;mmke-entity/blip2-opt-2.7b;mmke-entity/paligemma-3b;mmke-visual/blip2-opt-2.7b
clean,power_a0.25_b1_g2,M_abscos_x_newn,1,15,False,16,68.52933333333334,69.89293333333333,-1.3635999999999995,68.52933333333334,-1.3635999999999995,3,2,10,3,8,-0.6099999999999994,-20.460000000000008,14.88000000000001,0,evqa-pilot500/blip2-opt-2.7b;evqa-pilot500/minigpt-4-vicuna-7b;evqa-pilot500/paligemma-3b;evqa-pilot500/qwen2.5-vl-3b;evqa-pilot500/smolvlm-1.7b;mmke-entity/blip2-opt-2.7b;mmke-entity/instructblip-vicuna-7b;mmke-entity/minigpt-4-vicuna-7b;mmke-entity/paligemma-3b;mmke-entity/qwen2.5-vl-3b;mmke-entity/smolvlm-1.7b;mmke-visual/blip2-opt-2.7b;mmke-visual/instructblip-vicuna-7b;mmke-visual/qwen2.5-vl-3b;mmke-visual/smolvlm-1.7b
clean,power_a0.25_b1_g2,M_abscos_x_newn,3,11,False,16,70.01745454545454,72.81872727272727,-2.80127272727273,68.6519393939394,-1.0927878787878824,4,0,7,3,5,-0.26400000000001,-20.56000000000001,16.685999999999993,0.09090909090909091,evqa-pilot500/blip2-opt-2.7b;evqa-pilot500/paligemma-3b;evqa-pilot500/qwen2.5-vl-3b;mmke-entity/blip2-opt-2.7b;mmke-entity/instructblip-vicuna-7b;mmke-entity/paligemma-3b;mmke-entity/qwen2.5-vl-3b;mmke-visual/blip2-opt-2.7b;mmke-visual/instructblip-vicuna-7b;mmke-visual/qwen2.5-vl-3b;mmke-visual/smolvlm-1.7b
clean,power_a0.25_b1_g2,M_new_norm,1,15,False,16,68.52933333333334,69.6884,-1.1590666666666658,68.52933333333334,-1.1590666666666658,5,1,9,5,7,-0.35599999999999454,-20.460000000000008,14.88000000000001,0,evqa-pilot500/blip2-opt-2.7b;evqa-pilot500/minigpt-4-vicuna-7b;evqa-pilot500/paligemma-3b;evqa-pilot500/qwen2.5-vl-3b;evqa-pilot500/smolvlm-1.7b;mmke-entity/blip2-opt-2.7b;mmke-entity/instructblip-vicuna-7b;mmke-entity/minigpt-4-vicuna-7b;mmke-entity/paligemma-3b;mmke-entity/qwen2.5-vl-3b;mmke-entity/smolvlm-1.7b;mmke-visual/blip2-opt-2.7b;mmke-visual/instructblip-vicuna-7b;mmke-visual/qwen2.5-vl-3b;mmke-visual/smolvlm-1.7b
clean,power_a0.25_b1_g2,M_new_norm,3,11,False,16,70.01745454545454,72.74145454545454,-2.7240000000000024,68.6519393939394,-1.0033939393939428,5,0,6,4,5,-0.26400000000001,-20.56000000000001,16.685999999999993,0.09090909090909091,evqa-pilot500/blip2-opt-2.7b;evqa-pilot500/paligemma-3b;evqa-pilot500/qwen2.5-vl-3b;mmke-entity/blip2-opt-2.7b;mmke-entity/instructblip-vicuna-7b;mmke-entity/paligemma-3b;mmke-entity/qwen2.5-vl-3b;mmke-visual/blip2-opt-2.7b;mmke-visual/instructblip-vicuna-7b;mmke-visual/qwen2.5-vl-3b;mmke-visual/smolvlm-1.7b
clean,power_a0.5_b-1_g-1,M_abscos_x_newn,1,14,False,16,68.022,68.28542857142857,-0.2634285714285721,68.022,-0.2634285714285721,1,8,5,1,4,0.0,-1.730000000000004,1.0100000000000051,0.21428571428571427,evqa-pilot500/blip2-opt-2.7b;evqa-pilot500/minigpt-4-vicuna-7b;evqa-pilot500/qwen2.5-vl-3b;evqa-pilot500/smolvlm-1.7b;mmke-entity/blip2-opt-2.7b;mmke-entity/instructblip-vicuna-7b;mmke-entity/minigpt-4-vicuna-7b;mmke-entity/qwen2.5-vl-3b;mmke-entity/smolvlm-1.7b;mmke-visual/blip2-opt-2.7b;mmke-visual/instructblip-vicuna-7b;mmke-visual/minigpt-4-vicuna-7b;mmke-visual/qwen2.5-vl-3b;mmke-visual/smolvlm-1.7b
clean,power_a0.5_b-1_g-1,M_abscos_x_newn,3,14,False,16,70.15057142857142,69.8607142857143,0.2898571428571418,67.4987619047619,0.052714285714284666,1,10,3,1,2,0.0,-0.8500000000000014,6.1640000000000015,0.35714285714285715,evqa-pilot500/blip2-opt-2.7b;evqa-pilot500/minigpt-4-vicuna-7b;evqa-pilot500/qwen2.5-vl-3b;evqa-pilot500/smolvlm-1.7b;mmke-entity/blip2-opt-2.7b;mmke-entity/instructblip-vicuna-7b;mmke-entity/minigpt-4-vicuna-7b;mmke-entity/qwen2.5-vl-3b;mmke-entity/smolvlm-1.7b;mmke-visual/blip2-opt-2.7b;mmke-visual/instructblip-vicuna-7b;mmke-visual/minigpt-4-vicuna-7b;mmke-visual/qwen2.5-vl-3b;mmke-visual/smolvlm-1.7b
clean,power_a0.5_b-1_g-1,M_new_norm,1,14,False,16,68.022,68.01128571428572,0.010714285714285105,68.022,0.010714285714285105,1,12,1,1,1,0.0,-0.8600000000000136,1.0100000000000051,0.21428571428571427,evqa-pilot500/blip2-opt-2.7b;evqa-pilot500/minigpt-4-vicuna-7b;evqa-pilot500/qwen2.5-vl-3b;evqa-pilot500/smolvlm-1.7b;mmke-entity/blip2-opt-2.7b;mmke-entity/instructblip-vicuna-7b;mmke-entity/minigpt-4-vicuna-7b;mmke-entity/qwen2.5-vl-3b;mmke-entity/smolvlm-1.7b;mmke-visual/blip2-opt-2.7b;mmke-visual/instructblip-vicuna-7b;mmke-visual/minigpt-4-vicuna-7b;mmke-visual/qwen2.5-vl-3b;mmke-visual/smolvlm-1.7b
clean,power_a0.5_b-1_g-1,M_new_norm,3,14,False,16,70.15057142857142,70.15057142857142,0.0,67.4987619047619,-0.016904761904761756,0,14,0,0,0,0.0,0.0,0.0,0.35714285714285715,evqa-pilot500/blip2-opt-2.7b;evqa-pilot500/minigpt-4-vicuna-7b;evqa-pilot500/qwen2.5-vl-3b;evqa-pilot500/smolvlm-1.7b;mmke-entity/blip2-opt-2.7b;mmke-entity/instructblip-vicuna-7b;mmke-entity/minigpt-4-vicuna-7b;mmke-entity/qwen2.5-vl-3b;mmke-entity/smolvlm-1.7b;mmke-visual/blip2-opt-2.7b;mmke-visual/instructblip-vicuna-7b;mmke-visual/minigpt-4-vicuna-7b;mmke-visual/qwen2.5-vl-3b;mmke-visual/smolvlm-1.7b
clean,power_a0.5_b-1_g0,M_abscos_x_newn,1,12,False,16,64.41416666666666,67.9255,-3.5113333333333334,64.41416666666666,-3.5113333333333334,2,3,7,1,7,-0.9350000000000023,-22.24000000000001,6.82,0,evqa-pilot500/blip2-opt-2.7b;evqa-pilot500/minigpt-4-vicuna-7b;evqa-pilot500/qwen2.5-vl-3b;evqa-pilot500/smolvlm-1.7b;mmke-entity/blip2-opt-2.7b;mmke-entity/instructblip-vicuna-7b;mmke-entity/minigpt-4-vicuna-7b;mmke-entity/qwen2.5-vl-3b;mmke-visual/blip2-opt-2.7b;mmke-visual/instructblip-vicuna-7b;mmke-visual/minigpt-4-vicuna-7b;mmke-visual/smolvlm-1.7b
clean,power_a0.5_b-1_g0,M_abscos_x_newn,3,6,False,16,64.60833333333333,68.88666666666667,-4.278333333333335,62.90855555555555,-3.1458888888888907,0,2,4,0,4,-0.8100000000000023,-21.660000000000004,0.0,0.16666666666666666,evqa-pilot500/blip2-opt-2.7b;evqa-pilot500/minigpt-4-vicuna-7b;mmke-entity/blip2-opt-2.7b;mmke-entity/instructblip-vicuna-7b;mmke-visual/minigpt-4-vicuna-7b;mmke-visual/smolvlm-1.7b
clean,power_a0.5_b-1_g0,M_new_norm,1,12,False,16,64.41416666666666,67.60566666666666,-3.1915,64.41416666666666,-3.1915,3,2,7,3,6,-0.5100000000000016,-22.24000000000001,6.82,0,evqa-pilot500/blip2-opt-2.7b;evqa-pilot500/minigpt-4-vicuna-7b;evqa-pilot500/qwen2.5-vl-3b;evqa-pilot500/smolvlm-1.7b;mmke-entity/blip2-opt-2.7b;mmke-entity/instructblip-vicuna-7b;mmke-entity/minigpt-4-vicuna-7b;mmke-entity/qwen2.5-vl-3b;mmke-visual/blip2-opt-2.7b;mmke-visual/instructblip-vicuna-7b;mmke-visual/minigpt-4-vicuna-7b;mmke-visual/smolvlm-1.7b
clean,power_a0.5_b-1_g0,M_new_norm,3,6,False,16,64.60833333333333,69.78633333333333,-5.178000000000001,62.90855555555555,-3.5464444444444445,0,2,4,0,4,-1.1069999999999993,-21.660000000000004,0.0,0.16666666666666666,evqa-pilot500/blip2-opt-2.7b;evqa-pilot500/minigpt-4-vicuna-7b;mmke-entity/blip2-opt-2.7b;mmke-entity/instructblip-vicuna-7b;mmke-visual/minigpt-4-vicuna-7b;mmke-visual/smolvlm-1.7b
clean,power_a0.5_b-1_g0.5,M_abscos_x_newn,1,11,False,16,63.593272727272726,67.53509090909091,-3.941818181818181,63.593272727272726,-3.941818181818181,3,0,8,2,8,-1.75,-22.24000000000001,8.850000000000001,0,evqa-pilot500/blip2-opt-2.7b;evqa-pilot500/minigpt-4-vicuna-7b;evqa-pilot500/qwen2.5-vl-3b;evqa-pilot500/smolvlm-1.7b;mmke-entity/blip2-opt-2.7b;mmke-entity/instructblip-vicuna-7b;mmke-entity/minigpt-4-vicuna-7b;mmke-visual/blip2-opt-2.7b;mmke-visual/instructblip-vicuna-7b;mmke-visual/minigpt-4-vicuna-7b;mmke-visual/smolvlm-1.7b
clean,power_a0.5_b-1_g0.5,M_abscos_x_newn,3,7,False,16,64.268,68.79485714285714,-4.5268571428571445,63.178380952380955,-2.3822857142857146,1,0,6,1,5,-1.75,-21.660000000000004,1.519999999999996,0,evqa-pilot500/minigpt-4-vicuna-7b;evqa-pilot500/qwen2.5-vl-3b;evqa-pilot500/smolvlm-1.7b;mmke-entity/blip2-opt-2.7b;mmke-entity/instructblip-vicuna-7b;mmke-visual/blip2-opt-2.7b;mmke-visual/smolvlm-1.7b
clean,power_a0.5_b-1_g0.5,M_new_norm,1,11,False,16,63.593272727272726,67.18618181818182,-3.59290909090909,63.593272727272726,-3.59290909090909,4,0,7,3,7,-1.75,-22.24000000000001,8.850000000000001,0,evqa-pilot500/blip2-opt-2.7b;evqa-pilot500/minigpt-4-vicuna-7b;evqa-pilot500/qwen2.5-vl-3b;evqa-pilot500/smolvlm-1.7b;mmke-entity/blip2-opt-2.7b;mmke-entity/instructblip-vicuna-7b;mmke-entity/minigpt-4-vicuna-7b;mmke-visual/blip2-opt-2.7b;mmke-visual/instructblip-vicuna-7b;mmke-visual/minigpt-4-vicuna-7b;mmke-visual/smolvlm-1.7b
clean,power_a0.5_b-1_g0.5,M_new_norm,3,7,False,16,64.268,69.554,-5.286000000000001,63.178380952380955,-2.6966666666666663,1,0,6,1,4,-1.75,-21.660000000000004,1.519999999999996,0,evqa-pilot500/minigpt-4-vicuna-7b;evqa-pilot500/qwen2.5-vl-3b;evqa-pilot500/smolvlm-1.7b;mmke-entity/blip2-opt-2.7b;mmke-entity/instructblip-vicuna-7b;mmke-visual/blip2-opt-2.7b;mmke-visual/smolvlm-1.7b
clean,power_a0.5_b-1_g1,M_abscos_x_newn,1,9,False,16,61.785111111111114,68.29511111111111,-6.509999999999999,61.785111111111114,-6.509999999999999,1,0,8,0,8,-3.3159999999999883,-22.24000000000001,0.21600000000000819,0,evqa-pilot500/blip2-opt-2.7b;evqa-pilot500/minigpt-4-vicuna-7b;evqa-pilot500/qwen2.5-vl-3b;evqa-pilot500/smolvlm-1.7b;mmke-entity/instructblip-vicuna-7b;mmke-entity/minigpt-4-vicuna-7b;mmke-visual/instructblip-vicuna-7b;mmke-visual/minigpt-4-vicuna-7b;mmke-visual/smolvlm-1.7b
clean,power_a0.5_b-1_g1,M_abscos_x_newn,3,5,False,16,61.111200000000004,67.838,-6.7268,59.403733333333335,-4.940266666666668,0,0,5,0,5,-2.019999999999996,-22.24000000000001,-1.2100000000000009,0,evqa-pilot500/minigpt-4-vicuna-7b;evqa-pilot500/qwen2.5-vl-3b;evqa-pilot500/smolvlm-1.7b;mmke-entity/instructblip-vicuna-7b;mmke-visual/smolvlm-1.7b
clean,power_a0.5_b-1_g1,M_new_norm,1,9,False,16,61.785111111111114,67.86866666666667,-6.083555555555554,61.785111111111114,-6.083555555555554,2,0,7,1,7,-2.5459999999999923,-22.24000000000001,0.7040000000000077,0,evqa-pilot500/blip2-opt-2.7b;evqa-pilot500/minigpt-4-vicuna-7b;evqa-pilot500/qwen2.5-vl-3b;evqa-pilot500/smolvlm-1.7b;mmke-entity/instructblip-vicuna-7b;mmke-entity/minigpt-4-vicuna-7b;mmke-visual/instructblip-vicuna-7b;mmke-visual/minigpt-4-vicuna-7b;mmke-visual/smolvlm-1.7b
clean,power_a0.5_b-1_g1,M_new_norm,3,5,False,16,61.111200000000004,68.9008,-7.7896,59.403733333333335,-5.3804,0,0,5,0,4,-2.019999999999996,-22.24000000000001,-0.35999999999999943,0,evqa-pilot500/minigpt-4-vicuna-7b;evqa-pilot500/qwen2.5-vl-3b;evqa-pilot500/smolvlm-1.7b;mmke-entity/instructblip-vicuna-7b;mmke-visual/smolvlm-1.7b
clean,power_a0.5_b-1_g2,M_abscos_x_newn,1,6,False,16,57.263333333333335,65.32833333333333,-8.065000000000001,57.263333333333335,-8.065000000000001,0,0,6,0,6,-4.359999999999999,-22.480000000000004,-1.3700000000000045,0,evqa-pilot500/blip2-opt-2.7b;evqa-pilot500/minigpt-4-vicuna-7b;evqa-pilot500/qwen2.5-vl-3b;evqa-pilot500/smolvlm-1.7b;mmke-entity/instructblip-vicuna-7b;mmke-visual/smolvlm-1.7b
clean,power_a0.5_b-1_g2,M_abscos_x_newn,3,5,False,16,58.6392,67.838,-9.1988,58.29773333333333,-6.046266666666668,0,0,5,0,5,-6.413999999999994,-22.24000000000001,-1.2100000000000009,0,evqa-pilot500/minigpt-4-vicuna-7b;evqa-pilot500/qwen2.5-vl-3b;evqa-pilot500/smolvlm-1.7b;mmke-entity/instructblip-vicuna-7b;mmke-visual/smolvlm-1.7b
clean,power_a0.5_b-1_g2,M_new_norm,1,6,False,16,57.263333333333335,64.89833333333334,-7.635000000000001,57.263333333333335,-7.635000000000001,1,0,5,0,5,-4.359999999999999,-22.480000000000004,0.010000000000005116,0,evqa-pilot500/blip2-opt-2.7b;evqa-pilot500/minigpt-4-vicuna-7b;evqa-pilot500/qwen2.5-vl-3b;evqa-pilot500/smolvlm-1.7b;mmke-entity/instructblip-vicuna-7b;mmke-visual/smolvlm-1.7b
clean,power_a0.5_b-1_g2,M_new_norm,3,5,False,16,58.6392,68.9008,-10.2616,58.29773333333333,-6.486400000000001,0,0,5,0,4,-12.577999999999996,-22.24000000000001,-0.35999999999999943,0,evqa-pilot500/minigpt-4-vicuna-7b;evqa-pilot500/qwen2.5-vl-3b;evqa-pilot500/smolvlm-1.7b;mmke-entity/instructblip-vicuna-7b;mmke-visual/smolvlm-1.7b
clean,power_a0.5_b-0.5_g-1,M_abscos_x_newn,1,14,False,16,68.022,68.28542857142857,-0.2634285714285721,68.022,-0.2634285714285721,1,8,5,1,4,0.0,-1.730000000000004,1.0100000000000051,0.21428571428571427,evqa-pilot500/blip2-opt-2.7b;evqa-pilot500/minigpt-4-vicuna-7b;evqa-pilot500/qwen2.5-vl-3b;evqa-pilot500/smolvlm-1.7b;mmke-entity/blip2-opt-2.7b;mmke-entity/instructblip-vicuna-7b;mmke-entity/minigpt-4-vicuna-7b;mmke-entity/qwen2.5-vl-3b;mmke-entity/smolvlm-1.7b;mmke-visual/blip2-opt-2.7b;mmke-visual/instructblip-vicuna-7b;mmke-visual/minigpt-4-vicuna-7b;mmke-visual/qwen2.5-vl-3b;mmke-visual/smolvlm-1.7b
clean,power_a0.5_b-0.5_g-1,M_abscos_x_newn,3,14,False,16,70.15057142857142,69.8607142857143,0.2898571428571418,67.4987619047619,0.052714285714284666,1,10,3,1,2,0.0,-0.8500000000000014,6.1640000000000015,0.35714285714285715,evqa-pilot500/blip2-opt-2.7b;evqa-pilot500/minigpt-4-vicuna-7b;evqa-pilot500/qwen2.5-vl-3b;evqa-pilot500/smolvlm-1.7b;mmke-entity/blip2-opt-2.7b;mmke-entity/instructblip-vicuna-7b;mmke-entity/minigpt-4-vicuna-7b;mmke-entity/qwen2.5-vl-3b;mmke-entity/smolvlm-1.7b;mmke-visual/blip2-opt-2.7b;mmke-visual/instructblip-vicuna-7b;mmke-visual/minigpt-4-vicuna-7b;mmke-visual/qwen2.5-vl-3b;mmke-visual/smolvlm-1.7b
clean,power_a0.5_b-0.5_g-1,M_new_norm,1,14,False,16,68.022,68.01128571428572,0.010714285714285105,68.022,0.010714285714285105,1,12,1,1,1,0.0,-0.8600000000000136,1.0100000000000051,0.21428571428571427,evqa-pilot500/blip2-opt-2.7b;evqa-pilot500/minigpt-4-vicuna-7b;evqa-pilot500/qwen2.5-vl-3b;evqa-pilot500/smolvlm-1.7b;mmke-entity/blip2-opt-2.7b;mmke-entity/instructblip-vicuna-7b;mmke-entity/minigpt-4-vicuna-7b;mmke-entity/qwen2.5-vl-3b;mmke-entity/smolvlm-1.7b;mmke-visual/blip2-opt-2.7b;mmke-visual/instructblip-vicuna-7b;mmke-visual/minigpt-4-vicuna-7b;mmke-visual/qwen2.5-vl-3b;mmke-visual/smolvlm-1.7b
clean,power_a0.5_b-0.5_g-1,M_new_norm,3,14,False,16,70.15057142857142,70.15057142857142,0.0,67.4987619047619,-0.016904761904761756,0,14,0,0,0,0.0,0.0,0.0,0.35714285714285715,evqa-pilot500/blip2-opt-2.7b;evqa-pilot500/minigpt-4-vicuna-7b;evqa-pilot500/qwen2.5-vl-3b;evqa-pilot500/smolvlm-1.7b;mmke-entity/blip2-opt-2.7b;mmke-entity/instructblip-vicuna-7b;mmke-entity/minigpt-4-vicuna-7b;mmke-entity/qwen2.5-vl-3b;mmke-entity/smolvlm-1.7b;mmke-visual/blip2-opt-2.7b;mmke-visual/instructblip-vicuna-7b;mmke-visual/minigpt-4-vicuna-7b;mmke-visual/qwen2.5-vl-3b;mmke-visual/smolvlm-1.7b
clean,power_a0.5_b-0.5_g0,M_abscos_x_newn,1,16,True,16,70.311,70.311,0.0,70.311,0.0,0,16,0,0,0,0.0,0.0,0.0,0.25,evqa-pilot500/blip2-opt-2.7b;evqa-pilot500/minigpt-4-vicuna-7b;evqa-pilot500/paligemma-3b;evqa-pilot500/qwen2.5-vl-3b;evqa-pilot500/smolvlm-1.7b;mmke-entity/blip2-opt-2.7b;mmke-entity/instructblip-vicuna-7b;mmke-entity/minigpt-4-vicuna-7b;mmke-entity/paligemma-3b;mmke-entity/qwen2.5-vl-3b;mmke-entity/smolvlm-1.7b;mmke-visual/blip2-opt-2.7b;mmke-visual/instructblip-vicuna-7b;mmke-visual/minigpt-4-vicuna-7b;mmke-visual/qwen2.5-vl-3b;mmke-visual/smolvlm-1.7b
clean,power_a0.5_b-0.5_g0,M_abscos_x_newn,3,15,False,16,72.55773333333333,72.56973333333333,-0.012000000000000455,69.77711111111111,0.0969333333333329,0,14,1,0,0,0.0,-0.18000000000000682,0.0,0.4,evqa-pilot500/blip2-opt-2.7b;evqa-pilot500/minigpt-4-vicuna-7b;evqa-pilot500/paligemma-3b;evqa-pilot500/qwen2.5-vl-3b;evqa-pilot500/smolvlm-1.7b;mmke-entity/blip2-opt-2.7b;mmke-entity/instructblip-vicuna-7b;mmke-entity/minigpt-4-vicuna-7b;mmke-entity/paligemma-3b;mmke-entity/qwen2.5-vl-3b;mmke-entity/smolvlm-1.7b;mmke-visual/blip2-opt-2.7b;mmke-visual/instructblip-vicuna-7b;mmke-visual/minigpt-4-vicuna-7b;mmke-visual/qwen2.5-vl-3b
clean,power_a0.5_b-0.5_g0,M_new_norm,1,16,True,16,70.311,70.071125,0.23987500000000006,70.311,0.23987500000000006,4,12,0,3,0,0.0,0.0,1.730000000000004,0.25,evqa-pilot500/blip2-opt-2.7b;evqa-pilot500/minigpt-4-vicuna-7b;evqa-pilot500/paligemma-3b;evqa-pilot500/qwen2.5-vl-3b;evqa-pilot500/smolvlm-1.7b;mmke-entity/blip2-opt-2.7b;mmke-entity/instructblip-vicuna-7b;mmke-entity/minigpt-4-vicuna-7b;mmke-entity/paligemma-3b;mmke-entity/qwen2.5-vl-3b;mmke-entity/smolvlm-1.7b;mmke-visual/blip2-opt-2.7b;mmke-visual/instructblip-vicuna-7b;mmke-visual/minigpt-4-vicuna-7b;mmke-visual/qwen2.5-vl-3b;mmke-visual/smolvlm-1.7b
clean,power_a0.5_b-0.5_g0,M_new_norm,3,15,False,16,72.55773333333333,72.84026666666666,-0.2825333333333328,69.77711111111111,0.03195555555555624,3,10,2,2,1,0.0,-6.1640000000000015,0.8500000000000014,0.4,evqa-pilot500/blip2-opt-2.7b;evqa-pilot500/minigpt-4-vicuna-7b;evqa-pilot500/paligemma-3b;evqa-pilot500/qwen2.5-vl-3b;evqa-pilot500/smolvlm-1.7b;mmke-entity/blip2-opt-2.7b;mmke-entity/instructblip-vicuna-7b;mmke-entity/minigpt-4-vicuna-7b;mmke-entity/paligemma-3b;mmke-entity/qwen2.5-vl-3b;mmke-entity/smolvlm-1.7b;mmke-visual/blip2-opt-2.7b;mmke-visual/instructblip-vicuna-7b;mmke-visual/minigpt-4-vicuna-7b;mmke-visual/qwen2.5-vl-3b
clean,power_a0.5_b-0.5_g0.5,M_abscos_x_newn,1,14,False,16,68.35571428571428,70.199,-1.8432857142857135,68.35571428571428,-1.8432857142857135,5,4,5,3,5,0.0,-22.24000000000001,14.88000000000001,0.14285714285714285,evqa-pilot500/blip2-opt-2.7b;evqa-pilot500/minigpt-4-vicuna-7b;evqa-pilot500/paligemma-3b;evqa-pilot500/qwen2.5-vl-3b;mmke-entity/blip2-opt-2.7b;mmke-entity/instructblip-vicuna-7b;mmke-entity/minigpt-4-vicuna-7b;mmke-entity/paligemma-3b;mmke-entity/smolvlm-1.7b;mmke-visual/blip2-opt-2.7b;mmke-visual/instructblip-vicuna-7b;mmke-visual/minigpt-4-vicuna-7b;mmke-visual/qwen2.5-vl-3b;mmke-visual/smolvlm-1.7b
clean,power_a0.5_b-0.5_g0.5,M_abscos_x_newn,3,10,False,16,70.4898,74.1306,-3.640800000000003,69.03033333333333,-1.9930666666666697,1,3,6,1,5,-0.4270000000000067,-21.60000000000001,16.685999999999993,0.1,evqa-pilot500/blip2-opt-2.7b;evqa-pilot500/paligemma-3b;evqa-pilot500/qwen2.5-vl-3b;mmke-entity/blip2-opt-2.7b;mmke-entity/instructblip-vicuna-7b;mmke-entity/minigpt-4-vicuna-7b;mmke-entity/paligemma-3b;mmke-visual/instructblip-vicuna-7b;mmke-visual/minigpt-4-vicuna-7b;mmke-visual/smolvlm-1.7b
clean,power_a0.5_b-0.5_g0.5,M_new_norm,1,14,False,16,68.35571428571428,69.92485714285715,-1.5691428571428563,68.35571428571428,-1.5691428571428563,7,2,5,6,5,0.00999999999999801,-22.24000000000001,14.88000000000001,0.14285714285714285,evqa-pilot500/blip2-opt-2.7b;evqa-pilot500/minigpt-4-vicuna-7b;evqa-pilot500/paligemma-3b;evqa-pilot500/qwen2.5-vl-3b;mmke-entity/blip2-opt-2.7b;mmke-entity/instructblip-vicuna-7b;mmke-entity/minigpt-4-vicuna-7b;mmke-entity/paligemma-3b;mmke-entity/smolvlm-1.7b;mmke-visual/blip2-opt-2.7b;mmke-visual/instructblip-vicuna-7b;mmke-visual/minigpt-4-vicuna-7b;mmke-visual/qwen2.5-vl-3b;mmke-visual/smolvlm-1.7b
clean,power_a0.5_b-0.5_g0.5,M_new_norm,3,10,False,16,70.4898,73.92,-3.4302000000000015,69.03033333333333,-1.772133333333335,3,1,6,2,5,-0.4270000000000067,-21.60000000000001,16.685999999999993,0.1,evqa-pilot500/blip2-opt-2.7b;evqa-pilot500/paligemma-3b;evqa-pilot500/qwen2.5-vl-3b;mmke-entity/blip2-opt-2.7b;mmke-entity/instructblip-vicuna-7b;mmke-entity/minigpt-4-vicuna-7b;mmke-entity/paligemma-3b;mmke-visual/instructblip-vicuna-7b;mmke-visual/minigpt-4-vicuna-7b;mmke-visual/smolvlm-1.7b
clean,power_a0.5_b-0.5_g1,M_abscos_x_newn,1,16,True,16,69.06,70.311,-1.251,69.06,-1.251,5,2,9,3,9,-0.8700000000000045,-22.24000000000001,17.439999999999998,0.0625,evqa-pilot500/blip2-opt-2.7b;evqa-pilot500/minigpt-4-vicuna-7b;evqa-pilot500/paligemma-3b;evqa-pilot500/qwen2.5-vl-3b;evqa-pilot500/smolvlm-1.7b;mmke-entity/blip2-opt-2.7b;mmke-entity/instructblip-vicuna-7b;mmke-entity/minigpt-4-vicuna-7b;mmke-entity/paligemma-3b;mmke-entity/qwen2.5-vl-3b;mmke-entity/smolvlm-1.7b;mmke-visual/blip2-opt-2.7b;mmke-visual/instructblip-vicuna-7b;mmke-visual/minigpt-4-vicuna-7b;mmke-visual/qwen2.5-vl-3b;mmke-visual/smolvlm-1.7b
clean,power_a0.5_b-0.5_g1,M_abscos_x_newn,3,14,False,16,70.36571428571429,72.78042857142857,-2.4147142857142874,68.75657142857143,-1.1817142857142895,4,1,9,3,8,-0.5450000000000017,-21.60000000000001,17.093999999999994,0.21428571428571427,evqa-pilot500/blip2-opt-2.7b;evqa-pilot500/paligemma-3b;evqa-pilot500/qwen2.5-vl-3b;evqa-pilot500/smolvlm-1.7b;mmke-entity/blip2-opt-2.7b;mmke-entity/instructblip-vicuna-7b;mmke-entity/paligemma-3b;mmke-entity/qwen2.5-vl-3b;mmke-entity/smolvlm-1.7b;mmke-visual/blip2-opt-2.7b;mmke-visual/instructblip-vicuna-7b;mmke-visual/minigpt-4-vicuna-7b;mmke-visual/qwen2.5-vl-3b;mmke-visual/smolvlm-1.7b
clean,power_a0.5_b-0.5_g1,M_new_norm,1,16,True,16,69.06,70.071125,-1.0111249999999998,69.06,-1.0111249999999998,6,1,9,5,8,-0.4600000000000044,-22.24000000000001,17.439999999999998,0.0625,evqa-pilot500/blip2-opt-2.7b;evqa-pilot500/minigpt-4-vicuna-7b;evqa-pilot500/paligemma-3b;evqa-pilot500/qwen2.5-vl-3b;evqa-pilot500/smolvlm-1.7b;mmke-entity/blip2-opt-2.7b;mmke-entity/instructblip-vicuna-7b;mmke-entity/minigpt-4-vicuna-7b;mmke-entity/paligemma-3b;mmke-entity/qwen2.5-vl-3b;mmke-entity/smolvlm-1.7b;mmke-visual/blip2-opt-2.7b;mmke-visual/instructblip-vicuna-7b;mmke-visual/minigpt-4-vicuna-7b;mmke-visual/qwen2.5-vl-3b;mmke-visual/smolvlm-1.7b
clean,power_a0.5_b-0.5_g1,M_new_norm,3,14,False,16,70.36571428571429,72.665,-2.2992857142857157,68.75657142857143,-1.055714285714289,5,0,9,4,8,-0.5450000000000017,-21.60000000000001,17.093999999999994,0.21428571428571427,evqa-pilot500/blip2-opt-2.7b;evqa-pilot500/paligemma-3b;evqa-pilot500/qwen2.5-vl-3b;evqa-pilot500/smolvlm-1.7b;mmke-entity/blip2-opt-2.7b;mmke-entity/instructblip-vicuna-7b;mmke-entity/paligemma-3b;mmke-entity/qwen2.5-vl-3b;mmke-entity/smolvlm-1.7b;mmke-visual/blip2-opt-2.7b;mmke-visual/instructblip-vicuna-7b;mmke-visual/minigpt-4-vicuna-7b;mmke-visual/qwen2.5-vl-3b;mmke-visual/smolvlm-1.7b
clean,power_a0.5_b-0.5_g2,M_abscos_x_newn,1,12,False,16,65.55466666666666,69.33133333333333,-3.776666666666666,65.55466666666666,-3.776666666666666,2,0,10,1,9,-1.5749999999999993,-22.24000000000001,9.440000000000005,0,evqa-pilot500/minigpt-4-vicuna-7b;evqa-pilot500/qwen2.5-vl-3b;evqa-pilot500/smolvlm-1.7b;mmke-entity/instructblip-vicuna-7b;mmke-entity/minigpt-4-vicuna-7b;mmke-entity/qwen2.5-vl-3b;mmke-entity/smolvlm-1.7b;mmke-visual/blip2-opt-2.7b;mmke-visual/instructblip-vicuna-7b;mmke-visual/minigpt-4-vicuna-7b;mmke-visual/qwen2.5-vl-3b;mmke-visual/smolvlm-1.7b
clean,power_a0.5_b-0.5_g2,M_abscos_x_newn,3,7,False,16,65.71371428571429,70.46714285714286,-4.753428571428572,64.71485714285714,-2.9147619047619053,1,0,6,1,6,-1.75,-21.660000000000004,1.9399999999999977,0,evqa-pilot500/minigpt-4-vicuna-7b;evqa-pilot500/smolvlm-1.7b;mmke-entity/instructblip-vicuna-7b;mmke-entity/smolvlm-1.7b;mmke-visual/blip2-opt-2.7b;mmke-visual/minigpt-4-vicuna-7b;mmke-visual/smolvlm-1.7b
clean,power_a0.5_b-0.5_g2,M_new_norm,1,12,False,16,65.55466666666666,69.0115,-3.4568333333333325,65.55466666666666,-3.4568333333333325,3,0,9,3,8,-1.4450000000000003,-22.24000000000001,9.440000000000005,0,evqa-pilot500/minigpt-4-vicuna-7b;evqa-pilot500/qwen2.5-vl-3b;evqa-pilot500/smolvlm-1.7b;mmke-entity/instructblip-vicuna-7b;mmke-entity/minigpt-4-vicuna-7b;mmke-entity/qwen2.5-vl-3b;mmke-entity/smolvlm-1.7b;mmke-visual/blip2-opt-2.7b;mmke-visual/instructblip-vicuna-7b;mmke-visual/minigpt-4-vicuna-7b;mmke-visual/qwen2.5-vl-3b;mmke-visual/smolvlm-1.7b
clean,power_a0.5_b-0.5_g2,M_new_norm,3,7,False,16,65.71371428571429,71.23828571428571,-5.524571428571428,64.71485714285714,-3.258095238095237,1,0,6,1,6,-1.6239999999999952,-21.660000000000004,1.9399999999999977,0,evqa-pilot500/minigpt-4-vicuna-7b;evqa-pilot500/smolvlm-1.7b;mmke-entity/instructblip-vicuna-7b;mmke-entity/smolvlm-1.7b;mmke-visual/blip2-opt-2.7b;mmke-visual/minigpt-4-vicuna-7b;mmke-visual/smolvlm-1.7b
clean,power_a0.5_b0_g-1,M_abscos_x_newn,1,14,False,16,68.022,68.28542857142857,-0.2634285714285721,68.022,-0.2634285714285721,1,8,5,1,4,0.0,-1.730000000000004,1.0100000000000051,0.21428571428571427,evqa-pilot500/blip2-opt-2.7b;evqa-pilot500/minigpt-4-vicuna-7b;evqa-pilot500/qwen2.5-vl-3b;evqa-pilot500/smolvlm-1.7b;mmke-entity/blip2-opt-2.7b;mmke-entity/instructblip-vicuna-7b;mmke-entity/minigpt-4-vicuna-7b;mmke-entity/qwen2.5-vl-3b;mmke-entity/smolvlm-1.7b;mmke-visual/blip2-opt-2.7b;mmke-visual/instructblip-vicuna-7b;mmke-visual/minigpt-4-vicuna-7b;mmke-visual/qwen2.5-vl-3b;mmke-visual/smolvlm-1.7b
clean,power_a0.5_b0_g-1,M_abscos_x_newn,3,14,False,16,70.15057142857142,69.8607142857143,0.2898571428571418,67.4987619047619,0.052714285714284666,1,10,3,1,2,0.0,-0.8500000000000014,6.1640000000000015,0.35714285714285715,evqa-pilot500/blip2-opt-2.7b;evqa-pilot500/minigpt-4-vicuna-7b;evqa-pilot500/qwen2.5-vl-3b;evqa-pilot500/smolvlm-1.7b;mmke-entity/blip2-opt-2.7b;mmke-entity/instructblip-vicuna-7b;mmke-entity/minigpt-4-vicuna-7b;mmke-entity/qwen2.5-vl-3b;mmke-entity/smolvlm-1.7b;mmke-visual/blip2-opt-2.7b;mmke-visual/instructblip-vicuna-7b;mmke-visual/minigpt-4-vicuna-7b;mmke-visual/qwen2.5-vl-3b;mmke-visual/smolvlm-1.7b
clean,power_a0.5_b0_g-1,M_new_norm,1,14,False,16,68.022,68.01128571428572,0.010714285714285105,68.022,0.010714285714285105,1,12,1,1,1,0.0,-0.8600000000000136,1.0100000000000051,0.21428571428571427,evqa-pilot500/blip2-opt-2.7b;evqa-pilot500/minigpt-4-vicuna-7b;evqa-pilot500/qwen2.5-vl-3b;evqa-pilot500/smolvlm-1.7b;mmke-entity/blip2-opt-2.7b;mmke-entity/instructblip-vicuna-7b;mmke-entity/minigpt-4-vicuna-7b;mmke-entity/qwen2.5-vl-3b;mmke-entity/smolvlm-1.7b;mmke-visual/blip2-opt-2.7b;mmke-visual/instructblip-vicuna-7b;mmke-visual/minigpt-4-vicuna-7b;mmke-visual/qwen2.5-vl-3b;mmke-visual/smolvlm-1.7b
clean,power_a0.5_b0_g-1,M_new_norm,3,14,False,16,70.15057142857142,70.15057142857142,0.0,67.4987619047619,-0.016904761904761756,0,14,0,0,0,0.0,0.0,0.0,0.35714285714285715,evqa-pilot500/blip2-opt-2.7b;evqa-pilot500/minigpt-4-vicuna-7b;evqa-pilot500/qwen2.5-vl-3b;evqa-pilot500/smolvlm-1.7b;mmke-entity/blip2-opt-2.7b;mmke-entity/instructblip-vicuna-7b;mmke-entity/minigpt-4-vicuna-7b;mmke-entity/qwen2.5-vl-3b;mmke-entity/smolvlm-1.7b;mmke-visual/blip2-opt-2.7b;mmke-visual/instructblip-vicuna-7b;mmke-visual/minigpt-4-vicuna-7b;mmke-visual/qwen2.5-vl-3b;mmke-visual/smolvlm-1.7b
clean,power_a0.5_b0_g0,M_abscos_x_newn,1,15,False,16,70.44853333333333,69.94346666666667,0.5050666666666672,70.44853333333333,0.5050666666666672,1,12,2,1,2,0.0,-1.1400000000000006,9.474000000000004,0.2,evqa-pilot500/blip2-opt-2.7b;evqa-pilot500/minigpt-4-vicuna-7b;evqa-pilot500/paligemma-3b;evqa-pilot500/qwen2.5-vl-3b;evqa-pilot500/smolvlm-1.7b;mmke-entity/blip2-opt-2.7b;mmke-entity/instructblip-vicuna-7b;mmke-entity/paligemma-3b;mmke-entity/qwen2.5-vl-3b;mmke-entity/smolvlm-1.7b;mmke-visual/blip2-opt-2.7b;mmke-visual/instructblip-vicuna-7b;mmke-visual/minigpt-4-vicuna-7b;mmke-visual/qwen2.5-vl-3b;mmke-visual/smolvlm-1.7b
clean,power_a0.5_b0_g0,M_abscos_x_newn,3,15,False,16,72.50146666666667,72.25773333333333,0.24373333333333325,69.57893333333334,0.2392444444444441,1,12,2,1,0,0.0,-0.24800000000000466,4.094000000000008,0.4,evqa-pilot500/blip2-opt-2.7b;evqa-pilot500/minigpt-4-vicuna-7b;evqa-pilot500/paligemma-3b;evqa-pilot500/qwen2.5-vl-3b;evqa-pilot500/smolvlm-1.7b;mmke-entity/blip2-opt-2.7b;mmke-entity/instructblip-vicuna-7b;mmke-entity/paligemma-3b;mmke-entity/qwen2.5-vl-3b;mmke-entity/smolvlm-1.7b;mmke-visual/blip2-opt-2.7b;mmke-visual/instructblip-vicuna-7b;mmke-visual/minigpt-4-vicuna-7b;mmke-visual/qwen2.5-vl-3b;mmke-visual/smolvlm-1.7b
clean,power_a0.5_b0_g0,M_new_norm,1,15,False,16,70.44853333333333,69.72013333333334,0.7284000000000006,70.44853333333333,0.7284000000000006,2,12,1,1,0,0.0,-0.28999999999999915,11.204000000000008,0.2,evqa-pilot500/blip2-opt-2.7b;evqa-pilot500/minigpt-4-vicuna-7b;evqa-pilot500/paligemma-3b;evqa-pilot500/qwen2.5-vl-3b;evqa-pilot500/smolvlm-1.7b;mmke-entity/blip2-opt-2.7b;mmke-entity/instructblip-vicuna-7b;mmke-entity/paligemma-3b;mmke-entity/qwen2.5-vl-3b;mmke-entity/smolvlm-1.7b;mmke-visual/blip2-opt-2.7b;mmke-visual/instructblip-vicuna-7b;mmke-visual/minigpt-4-vicuna-7b;mmke-visual/qwen2.5-vl-3b;mmke-visual/smolvlm-1.7b
clean,power_a0.5_b0_g0,M_new_norm,3,15,False,16,72.50146666666667,72.56093333333334,-0.0594666666666664,69.57893333333334,0.14457777777777825,2,12,1,2,1,0.0,-2.069999999999993,0.6599999999999966,0.4,evqa-pilot500/blip2-opt-2.7b;evqa-pilot500/minigpt-4-vicuna-7b;evqa-pilot500/paligemma-3b;evqa-pilot500/qwen2.5-vl-3b;evqa-pilot500/smolvlm-1.7b;mmke-entity/blip2-opt-2.7b;mmke-entity/instructblip-vicuna-7b;mmke-entity/paligemma-3b;mmke-entity/qwen2.5-vl-3b;mmke-entity/smolvlm-1.7b;mmke-visual/blip2-opt-2.7b;mmke-visual/instructblip-vicuna-7b;mmke-visual/minigpt-4-vicuna-7b;mmke-visual/qwen2.5-vl-3b;mmke-visual/smolvlm-1.7b
clean,power_a0.5_b0_g0.5,M_abscos_x_newn,1,12,False,16,67.53316666666667,69.607,-2.0738333333333334,67.53316666666667,-2.0738333333333334,2,5,5,2,4,0.0,-20.540000000000006,14.930000000000007,0,evqa-pilot500/blip2-opt-2.7b;evqa-pilot500/minigpt-4-vicuna-7b;evqa-pilot500/paligemma-3b;evqa-pilot500/qwen2.5-vl-3b;evqa-pilot500/smolvlm-1.7b;mmke-entity/blip2-opt-2.7b;mmke-entity/instructblip-vicuna-7b;mmke-entity/minigpt-4-vicuna-7b;mmke-entity/paligemma-3b;mmke-visual/blip2-opt-2.7b;mmke-visual/instructblip-vicuna-7b;mmke-visual/smolvlm-1.7b
clean,power_a0.5_b0_g0.5,M_abscos_x_newn,3,8,False,16,73.72675,75.03875000000001,-1.312000000000002,71.66475,-0.769583333333336,0,2,6,0,4,-0.4480000000000075,-7.549999999999997,0.0,0.125,evqa-pilot500/minigpt-4-vicuna-7b;evqa-pilot500/paligemma-3b;evqa-pilot500/qwen2.5-vl-3b;mmke-entity/blip2-opt-2.7b;mmke-entity/minigpt-4-vicuna-7b;mmke-entity/paligemma-3b;mmke-visual/blip2-opt-2.7b;mmke-visual/smolvlm-1.7b
clean,power_a0.5_b0_g0.5,M_new_norm,1,12,False,16,67.53316666666667,69.35133333333333,-1.8181666666666665,67.53316666666667,-1.8181666666666665,5,3,4,4,4,0.0,-20.540000000000006,14.930000000000007,0,evqa-pilot500/blip2-opt-2.7b;evqa-pilot500/minigpt-4-vicuna-7b;evqa-pilot500/paligemma-3b;evqa-pilot500/qwen2.5-vl-3b;evqa-pilot500/smolvlm-1.7b;mmke-entity/blip2-opt-2.7b;mmke-entity/instructblip-vicuna-7b;mmke-entity/minigpt-4-vicuna-7b;mmke-entity/paligemma-3b;mmke-visual/blip2-opt-2.7b;mmke-visual/instructblip-vicuna-7b;mmke-visual/smolvlm-1.7b
clean,power_a0.5_b0_g0.5,M_new_norm,3,8,False,16,73.72675,75.64175,-1.915000000000001,71.66475,-0.9890000000000017,2,2,4,1,4,-0.3400000000000034,-7.549999999999997,0.6599999999999966,0.125,evqa-pilot500/minigpt-4-vicuna-7b;evqa-pilot500/paligemma-3b;evqa-pilot500/qwen2.5-vl-3b;mmke-entity/blip2-opt-2.7b;mmke-entity/minigpt-4-vicuna-7b;mmke-entity/paligemma-3b;mmke-visual/blip2-opt-2.7b;mmke-visual/smolvlm-1.7b
clean,power_a0.5_b0_g1,M_abscos_x_newn,1,14,False,16,68.63814285714285,70.199,-1.5608571428571436,68.63814285714285,-1.5608571428571436,5,3,6,4,6,0.0,-22.24000000000001,14.88000000000001,0.07142857142857142,evqa-pilot500/blip2-opt-2.7b;evqa-pilot500/minigpt-4-vicuna-7b;evqa-pilot500/paligemma-3b;evqa-pilot500/qwen2.5-vl-3b;mmke-entity/blip2-opt-2.7b;mmke-entity/instructblip-vicuna-7b;mmke-entity/minigpt-4-vicuna-7b;mmke-entity/paligemma-3b;mmke-entity/smolvlm-1.7b;mmke-visual/blip2-opt-2.7b;mmke-visual/instructblip-vicuna-7b;mmke-visual/minigpt-4-vicuna-7b;mmke-visual/qwen2.5-vl-3b;mmke-visual/smolvlm-1.7b
clean,power_a0.5_b0_g1,M_abscos_x_newn,3,11,False,16,70.43436363636363,73.74327272727272,-3.3089090909090952,69.22890909090908,-1.4569090909090952,2,2,7,1,5,-0.26400000000001,-21.60000000000001,16.685999999999993,0,evqa-pilot500/blip2-opt-2.7b;evqa-pilot500/paligemma-3b;evqa-pilot500/qwen2.5-vl-3b;mmke-entity/blip2-opt-2.7b;mmke-entity/instructblip-vicuna-7b;mmke-entity/minigpt-4-vicuna-7b;mmke-entity/paligemma-3b;mmke-visual/blip2-opt-2.7b;mmke-visual/instructblip-vicuna-7b;mmke-visual/minigpt-4-vicuna-7b;mmke-visual/smolvlm-1.7b
clean,power_a0.5_b0_g1,M_new_norm,1,14,False,16,68.63814285714285,69.92485714285715,-1.2867142857142864,68.63814285714285,-1.2867142857142864,7,1,6,5,6,0.00999999999999801,-22.24000000000001,14.88000000000001,0.07142857142857142,evqa-pilot500/blip2-opt-2.7b;evqa-pilot500/minigpt-4-vicuna-7b;evqa-pilot500/paligemma-3b;evqa-pilot500/qwen2.5-vl-3b;mmke-entity/blip2-opt-2.7b;mmke-entity/instructblip-vicuna-7b;mmke-entity/minigpt-4-vicuna-7b;mmke-entity/paligemma-3b;mmke-entity/smolvlm-1.7b;mmke-visual/blip2-opt-2.7b;mmke-visual/instructblip-vicuna-7b;mmke-visual/minigpt-4-vicuna-7b;mmke-visual/qwen2.5-vl-3b;mmke-visual/smolvlm-1.7b
clean,power_a0.5_b0_g1,M_new_norm,3,11,False,16,70.43436363636363,73.55181818181818,-3.117454545454548,69.22890909090908,-1.256060606060609,4,1,6,2,5,-0.26400000000001,-21.60000000000001,16.685999999999993,0,evqa-pilot500/blip2-opt-2.7b;evqa-pilot500/paligemma-3b;evqa-pilot500/qwen2.5-vl-3b;mmke-entity/blip2-opt-2.7b;mmke-entity/instructblip-vicuna-7b;mmke-entity/minigpt-4-vicuna-7b;mmke-entity/paligemma-3b;mmke-visual/blip2-opt-2.7b;mmke-visual/instructblip-vicuna-7b;mmke-visual/minigpt-4-vicuna-7b;mmke-visual/smolvlm-1.7b
clean,power_a0.5_b0_g2,M_abscos_x_newn,1,15,False,16,69.56400000000001,71.02773333333333,-1.4637333333333322,69.56400000000001,-1.4637333333333322,4,2,9,3,8,-0.6899999999999977,-22.24000000000001,17.439999999999998,0.13333333333333333,evqa-pilot500/blip2-opt-2.7b;evqa-pilot500/paligemma-3b;evqa-pilot500/qwen2.5-vl-3b;evqa-pilot500/smolvlm-1.7b;mmke-entity/blip2-opt-2.7b;mmke-entity/instructblip-vicuna-7b;mmke-entity/minigpt-4-vicuna-7b;mmke-entity/paligemma-3b;mmke-entity/qwen2.5-vl-3b;mmke-entity/smolvlm-1.7b;mmke-visual/blip2-opt-2.7b;mmke-visual/instructblip-vicuna-7b;mmke-visual/minigpt-4-vicuna-7b;mmke-visual/qwen2.5-vl-3b;mmke-visual/smolvlm-1.7b
clean,power_a0.5_b0_g2,M_abscos_x_newn,3,13,False,16,69.28307692307692,71.78507692307693,-2.502000000000002,68.23528205128206,-1.056717948717953,4,1,8,2,8,-0.980000000000004,-21.60000000000001,17.093999999999994,0.15384615384615385,evqa-pilot500/blip2-opt-2.7b;evqa-pilot500/qwen2.5-vl-3b;evqa-pilot500/smolvlm-1.7b;mmke-entity/blip2-opt-2.7b;mmke-entity/instructblip-vicuna-7b;mmke-entity/paligemma-3b;mmke-entity/qwen2.5-vl-3b;mmke-entity/smolvlm-1.7b;mmke-visual/blip2-opt-2.7b;mmke-visual/instructblip-vicuna-7b;mmke-visual/minigpt-4-vicuna-7b;mmke-visual/qwen2.5-vl-3b;mmke-visual/smolvlm-1.7b
clean,power_a0.5_b0_g2,M_new_norm,1,15,False,16,69.56400000000001,70.8872,-1.323199999999999,69.56400000000001,-1.323199999999999,6,0,9,4,8,-0.6899999999999977,-22.24000000000001,17.439999999999998,0.13333333333333333,evqa-pilot500/blip2-opt-2.7b;evqa-pilot500/paligemma-3b;evqa-pilot500/qwen2.5-vl-3b;evqa-pilot500/smolvlm-1.7b;mmke-entity/blip2-opt-2.7b;mmke-entity/instructblip-vicuna-7b;mmke-entity/minigpt-4-vicuna-7b;mmke-entity/paligemma-3b;mmke-entity/qwen2.5-vl-3b;mmke-entity/smolvlm-1.7b;mmke-visual/blip2-opt-2.7b;mmke-visual/instructblip-vicuna-7b;mmke-visual/minigpt-4-vicuna-7b;mmke-visual/qwen2.5-vl-3b;mmke-visual/smolvlm-1.7b
clean,power_a0.5_b0_g2,M_new_norm,3,13,False,16,69.28307692307692,71.66076923076923,-2.377692307692309,68.23528205128206,-0.9210256410256445,5,0,8,3,8,-0.980000000000004,-21.60000000000001,17.093999999999994,0.15384615384615385,evqa-pilot500/blip2-opt-2.7b;evqa-pilot500/qwen2.5-vl-3b;evqa-pilot500/smolvlm-1.7b;mmke-entity/blip2-opt-2.7b;mmke-entity/instructblip-vicuna-7b;mmke-entity/paligemma-3b;mmke-entity/qwen2.5-vl-3b;mmke-entity/smolvlm-1.7b;mmke-visual/blip2-opt-2.7b;mmke-visual/instructblip-vicuna-7b;mmke-visual/minigpt-4-vicuna-7b;mmke-visual/qwen2.5-vl-3b;mmke-visual/smolvlm-1.7b
clean,power_a0.5_b0.5_g-1,M_abscos_x_newn,1,14,False,16,68.022,68.28542857142857,-0.2634285714285721,68.022,-0.2634285714285721,1,8,5,1,4,0.0,-1.730000000000004,1.0100000000000051,0.21428571428571427,evqa-pilot500/blip2-opt-2.7b;evqa-pilot500/minigpt-4-vicuna-7b;evqa-pilot500/qwen2.5-vl-3b;evqa-pilot500/smolvlm-1.7b;mmke-entity/blip2-opt-2.7b;mmke-entity/instructblip-vicuna-7b;mmke-entity/minigpt-4-vicuna-7b;mmke-entity/qwen2.5-vl-3b;mmke-entity/smolvlm-1.7b;mmke-visual/blip2-opt-2.7b;mmke-visual/instructblip-vicuna-7b;mmke-visual/minigpt-4-vicuna-7b;mmke-visual/qwen2.5-vl-3b;mmke-visual/smolvlm-1.7b
clean,power_a0.5_b0.5_g-1,M_abscos_x_newn,3,14,False,16,70.15057142857142,69.8607142857143,0.2898571428571418,67.4987619047619,0.052714285714284666,1,10,3,1,2,0.0,-0.8500000000000014,6.1640000000000015,0.35714285714285715,evqa-pilot500/blip2-opt-2.7b;evqa-pilot500/minigpt-4-vicuna-7b;evqa-pilot500/qwen2.5-vl-3b;evqa-pilot500/smolvlm-1.7b;mmke-entity/blip2-opt-2.7b;mmke-entity/instructblip-vicuna-7b;mmke-entity/minigpt-4-vicuna-7b;mmke-entity/qwen2.5-vl-3b;mmke-entity/smolvlm-1.7b;mmke-visual/blip2-opt-2.7b;mmke-visual/instructblip-vicuna-7b;mmke-visual/minigpt-4-vicuna-7b;mmke-visual/qwen2.5-vl-3b;mmke-visual/smolvlm-1.7b
clean,power_a0.5_b0.5_g-1,M_new_norm,1,14,False,16,68.022,68.01128571428572,0.010714285714285105,68.022,0.010714285714285105,1,12,1,1,1,0.0,-0.8600000000000136,1.0100000000000051,0.21428571428571427,evqa-pilot500/blip2-opt-2.7b;evqa-pilot500/minigpt-4-vicuna-7b;evqa-pilot500/qwen2.5-vl-3b;evqa-pilot500/smolvlm-1.7b;mmke-entity/blip2-opt-2.7b;mmke-entity/instructblip-vicuna-7b;mmke-entity/minigpt-4-vicuna-7b;mmke-entity/qwen2.5-vl-3b;mmke-entity/smolvlm-1.7b;mmke-visual/blip2-opt-2.7b;mmke-visual/instructblip-vicuna-7b;mmke-visual/minigpt-4-vicuna-7b;mmke-visual/qwen2.5-vl-3b;mmke-visual/smolvlm-1.7b
clean,power_a0.5_b0.5_g-1,M_new_norm,3,14,False,16,70.15057142857142,70.15057142857142,0.0,67.4987619047619,-0.016904761904761756,0,14,0,0,0,0.0,0.0,0.0,0.35714285714285715,evqa-pilot500/blip2-opt-2.7b;evqa-pilot500/minigpt-4-vicuna-7b;evqa-pilot500/qwen2.5-vl-3b;evqa-pilot500/smolvlm-1.7b;mmke-entity/blip2-opt-2.7b;mmke-entity/instructblip-vicuna-7b;mmke-entity/minigpt-4-vicuna-7b;mmke-entity/qwen2.5-vl-3b;mmke-entity/smolvlm-1.7b;mmke-visual/blip2-opt-2.7b;mmke-visual/instructblip-vicuna-7b;mmke-visual/minigpt-4-vicuna-7b;mmke-visual/qwen2.5-vl-3b;mmke-visual/smolvlm-1.7b
clean,power_a0.5_b0.5_g0,M_abscos_x_newn,1,16,True,16,70.76475,70.311,0.45375000000000076,70.76475,0.45375000000000076,1,12,3,1,3,0.0,-0.8500000000000014,9.474000000000004,0.1875,evqa-pilot500/blip2-opt-2.7b;evqa-pilot500/minigpt-4-vicuna-7b;evqa-pilot500/paligemma-3b;evqa-pilot500/qwen2.5-vl-3b;evqa-pilot500/smolvlm-1.7b;mmke-entity/blip2-opt-2.7b;mmke-entity/instructblip-vicuna-7b;mmke-entity/minigpt-4-vicuna-7b;mmke-entity/paligemma-3b;mmke-entity/qwen2.5-vl-3b;mmke-entity/smolvlm-1.7b;mmke-visual/blip2-opt-2.7b;mmke-visual/instructblip-vicuna-7b;mmke-visual/minigpt-4-vicuna-7b;mmke-visual/qwen2.5-vl-3b;mmke-visual/smolvlm-1.7b
clean,power_a0.5_b0.5_g0,M_abscos_x_newn,3,16,True,16,72.734375,72.494125,0.2402499999999992,70.12887500000001,0.3857499999999989,1,12,3,1,3,0.0,-0.8500000000000014,6.1640000000000015,0.375,evqa-pilot500/blip2-opt-2.7b;evqa-pilot500/minigpt-4-vicuna-7b;evqa-pilot500/paligemma-3b;evqa-pilot500/qwen2.5-vl-3b;evqa-pilot500/smolvlm-1.7b;mmke-entity/blip2-opt-2.7b;mmke-entity/instructblip-vicuna-7b;mmke-entity/minigpt-4-vicuna-7b;mmke-entity/paligemma-3b;mmke-entity/qwen2.5-vl-3b;mmke-entity/smolvlm-1.7b;mmke-visual/blip2-opt-2.7b;mmke-visual/instructblip-vicuna-7b;mmke-visual/minigpt-4-vicuna-7b;mmke-visual/qwen2.5-vl-3b;mmke-visual/smolvlm-1.7b
clean,power_a0.5_b0.5_g0,M_new_norm,1,16,True,16,70.76475,70.071125,0.6936250000000008,70.76475,0.6936250000000008,1,14,1,1,0,0.0,-0.10599999999999454,11.204000000000008,0.1875,evqa-pilot500/blip2-opt-2.7b;evqa-pilot500/minigpt-4-vicuna-7b;evqa-pilot500/paligemma-3b;evqa-pilot500/qwen2.5-vl-3b;evqa-pilot500/smolvlm-1.7b;mmke-entity/blip2-opt-2.7b;mmke-entity/instructblip-vicuna-7b;mmke-entity/minigpt-4-vicuna-7b;mmke-entity/paligemma-3b;mmke-entity/qwen2.5-vl-3b;mmke-entity/smolvlm-1.7b;mmke-visual/blip2-opt-2.7b;mmke-visual/instructblip-vicuna-7b;mmke-visual/minigpt-4-vicuna-7b;mmke-visual/qwen2.5-vl-3b;mmke-visual/smolvlm-1.7b
clean,power_a0.5_b0.5_g0,M_new_norm,3,16,True,16,72.734375,72.74775,-0.013374999999999915,70.12887500000001,0.3248333333333333,0,15,1,0,0,0.0,-0.21399999999999864,0.0,0.375,evqa-pilot500/blip2-opt-2.7b;evqa-pilot500/minigpt-4-vicuna-7b;evqa-pilot500/paligemma-3b;evqa-pilot500/qwen2.5-vl-3b;evqa-pilot500/smolvlm-1.7b;mmke-entity/blip2-opt-2.7b;mmke-entity/instructblip-vicuna-7b;mmke-entity/minigpt-4-vicuna-7b;mmke-entity/paligemma-3b;mmke-entity/qwen2.5-vl-3b;mmke-entity/smolvlm-1.7b;mmke-visual/blip2-opt-2.7b;mmke-visual/instructblip-vicuna-7b;mmke-visual/minigpt-4-vicuna-7b;mmke-visual/qwen2.5-vl-3b;mmke-visual/smolvlm-1.7b
clean,power_a0.5_b0.5_g0.5,M_abscos_x_newn,1,12,False,16,70.041,70.16133333333333,-0.12033333333333296,70.041,-0.12033333333333296,3,6,3,2,2,0.0,-5.560000000000002,4.300000000000004,0,evqa-pilot500/blip2-opt-2.7b;evqa-pilot500/minigpt-4-vicuna-7b;evqa-pilot500/paligemma-3b;evqa-pilot500/qwen2.5-vl-3b;evqa-pilot500/smolvlm-1.7b;mmke-entity/blip2-opt-2.7b;mmke-entity/minigpt-4-vicuna-7b;mmke-entity/paligemma-3b;mmke-entity/smolvlm-1.7b;mmke-visual/blip2-opt-2.7b;mmke-visual/minigpt-4-vicuna-7b;mmke-visual/qwen2.5-vl-3b
clean,power_a0.5_b0.5_g0.5,M_abscos_x_newn,3,10,False,16,72.168,72.8636,-0.6956000000000003,69.6898,-0.270000000000001,2,4,4,1,2,0.0,-7.549999999999997,3.9540000000000006,0.1,evqa-pilot500/blip2-opt-2.7b;evqa-pilot500/minigpt-4-vicuna-7b;evqa-pilot500/paligemma-3b;evqa-pilot500/qwen2.5-vl-3b;evqa-pilot500/smolvlm-1.7b;mmke-entity/blip2-opt-2.7b;mmke-entity/paligemma-3b;mmke-visual/blip2-opt-2.7b;mmke-visual/minigpt-4-vicuna-7b;mmke-visual/qwen2.5-vl-3b
clean,power_a0.5_b0.5_g0.5,M_new_norm,1,12,False,16,70.041,69.8415,0.19950000000000045,70.041,0.19950000000000045,6,4,2,4,1,0.1869999999999976,-5.560000000000002,4.300000000000004,0,evqa-pilot500/blip2-opt-2.7b;evqa-pilot500/minigpt-4-vicuna-7b;evqa-pilot500/paligemma-3b;evqa-pilot500/qwen2.5-vl-3b;evqa-pilot500/smolvlm-1.7b;mmke-entity/blip2-opt-2.7b;mmke-entity/minigpt-4-vicuna-7b;mmke-entity/paligemma-3b;mmke-entity/smolvlm-1.7b;mmke-visual/blip2-opt-2.7b;mmke-visual/minigpt-4-vicuna-7b;mmke-visual/qwen2.5-vl-3b
clean,power_a0.5_b0.5_g0.5,M_new_norm,3,10,False,16,72.168,73.3184,-1.1503999999999999,69.6898,-0.41199999999999976,4,2,4,3,3,0.0,-7.549999999999997,3.9540000000000006,0.1,evqa-pilot500/blip2-opt-2.7b;evqa-pilot500/minigpt-4-vicuna-7b;evqa-pilot500/paligemma-3b;evqa-pilot500/qwen2.5-vl-3b;evqa-pilot500/smolvlm-1.7b;mmke-entity/blip2-opt-2.7b;mmke-entity/paligemma-3b;mmke-visual/blip2-opt-2.7b;mmke-visual/minigpt-4-vicuna-7b;mmke-visual/qwen2.5-vl-3b
clean,power_a0.5_b0.5_g1,M_abscos_x_newn,1,12,False,16,68.41766666666666,69.64866666666667,-1.2309999999999999,68.41766666666666,-1.2309999999999999,4,3,5,3,4,0.0,-20.540000000000006,14.88000000000001,0,evqa-pilot500/blip2-opt-2.7b;evqa-pilot500/minigpt-4-vicuna-7b;evqa-pilot500/paligemma-3b;evqa-pilot500/qwen2.5-vl-3b;mmke-entity/blip2-opt-2.7b;mmke-entity/instructblip-vicuna-7b;mmke-entity/minigpt-4-vicuna-7b;mmke-entity/paligemma-3b;mmke-entity/smolvlm-1.7b;mmke-visual/blip2-opt-2.7b;mmke-visual/instructblip-vicuna-7b;mmke-visual/smolvlm-1.7b
clean,power_a0.5_b0.5_g1,M_abscos_x_newn,3,9,False,16,68.18066666666667,73.86,-5.679333333333336,66.40725925925926,-3.640518518518521,0,1,8,0,5,-0.8299999999999983,-20.730000000000004,0.0,0,evqa-pilot500/minigpt-4-vicuna-7b;evqa-pilot500/paligemma-3b;evqa-pilot500/qwen2.5-vl-3b;mmke-entity/blip2-opt-2.7b;mmke-entity/instructblip-vicuna-7b;mmke-entity/paligemma-3b;mmke-visual/blip2-opt-2.7b;mmke-visual/instructblip-vicuna-7b;mmke-visual/smolvlm-1.7b
clean,power_a0.5_b0.5_g1,M_new_norm,1,12,False,16,68.41766666666666,69.393,-0.9753333333333328,68.41766666666666,-0.9753333333333328,6,2,4,5,3,0.00999999999999801,-20.540000000000006,14.88000000000001,0,evqa-pilot500/blip2-opt-2.7b;evqa-pilot500/minigpt-4-vicuna-7b;evqa-pilot500/paligemma-3b;evqa-pilot500/qwen2.5-vl-3b;mmke-entity/blip2-opt-2.7b;mmke-entity/instructblip-vicuna-7b;mmke-entity/minigpt-4-vicuna-7b;mmke-entity/paligemma-3b;mmke-entity/smolvlm-1.7b;mmke-visual/blip2-opt-2.7b;mmke-visual/instructblip-vicuna-7b;mmke-visual/smolvlm-1.7b
clean,power_a0.5_b0.5_g1,M_new_norm,3,9,False,16,68.18066666666667,74.45044444444444,-6.26977777777778,66.40725925925926,-3.8850370370370393,1,1,7,1,5,-0.8299999999999983,-20.730000000000004,0.6599999999999966,0,evqa-pilot500/minigpt-4-vicuna-7b;evqa-pilot500/paligemma-3b;evqa-pilot500/qwen2.5-vl-3b;mmke-entity/blip2-opt-2.7b;mmke-entity/instructblip-vicuna-7b;mmke-entity/paligemma-3b;mmke-visual/blip2-opt-2.7b;mmke-visual/instructblip-vicuna-7b;mmke-visual/smolvlm-1.7b
clean,power_a0.5_b0.5_g2,M_abscos_x_newn,1,16,True,16,68.78275,70.311,-1.5282500000000003,68.78275,-1.5282500000000003,3,3,10,3,9,-0.6649999999999991,-22.24000000000001,15.64,0,evqa-pilot500/blip2-opt-2.7b;evqa-pilot500/minigpt-4-vicuna-7b;evqa-pilot500/paligemma-3b;evqa-pilot500/qwen2.5-vl-3b;evqa-pilot500/smolvlm-1.7b;mmke-entity/blip2-opt-2.7b;mmke-entity/instructblip-vicuna-7b;mmke-entity/minigpt-4-vicuna-7b;mmke-entity/paligemma-3b;mmke-entity/qwen2.5-vl-3b;mmke-entity/smolvlm-1.7b;mmke-visual/blip2-opt-2.7b;mmke-visual/instructblip-vicuna-7b;mmke-visual/minigpt-4-vicuna-7b;mmke-visual/qwen2.5-vl-3b;mmke-visual/smolvlm-1.7b
clean,power_a0.5_b0.5_g2,M_abscos_x_newn,3,13,False,16,72.0923076923077,73.27353846153846,-1.1812307692307704,70.9185641025641,0.16415384615384346,4,1,8,3,6,-0.19000000000000483,-21.60000000000001,17.093999999999994,0.15384615384615385,evqa-pilot500/blip2-opt-2.7b;evqa-pilot500/paligemma-3b;evqa-pilot500/qwen2.5-vl-3b;evqa-pilot500/smolvlm-1.7b;mmke-entity/blip2-opt-2.7b;mmke-entity/instructblip-vicuna-7b;mmke-entity/minigpt-4-vicuna-7b;mmke-entity/paligemma-3b;mmke-entity/qwen2.5-vl-3b;mmke-visual/blip2-opt-2.7b;mmke-visual/minigpt-4-vicuna-7b;mmke-visual/qwen2.5-vl-3b;mmke-visual/smolvlm-1.7b
clean,power_a0.5_b0.5_g2,M_new_norm,1,16,True,16,68.78275,70.071125,-1.2883750000000003,68.78275,-1.2883750000000003,5,1,10,4,9,-0.6649999999999991,-22.24000000000001,15.64,0,evqa-pilot500/blip2-opt-2.7b;evqa-pilot500/minigpt-4-vicuna-7b;evqa-pilot500/paligemma-3b;evqa-pilot500/qwen2.5-vl-3b;evqa-pilot500/smolvlm-1.7b;mmke-entity/blip2-opt-2.7b;mmke-entity/instructblip-vicuna-7b;mmke-entity/minigpt-4-vicuna-7b;mmke-entity/paligemma-3b;mmke-entity/qwen2.5-vl-3b;mmke-entity/smolvlm-1.7b;mmke-visual/blip2-opt-2.7b;mmke-visual/instructblip-vicuna-7b;mmke-visual/minigpt-4-vicuna-7b;mmke-visual/qwen2.5-vl-3b;mmke-visual/smolvlm-1.7b
clean,power_a0.5_b0.5_g2,M_new_norm,3,13,False,16,72.0923076923077,73.11153846153846,-1.0192307692307692,70.9185641025641,0.3341025641025625,6,0,7,4,6,-0.1599999999999966,-21.60000000000001,17.093999999999994,0.15384615384615385,evqa-pilot500/blip2-opt-2.7b;evqa-pilot500/paligemma-3b;evqa-pilot500/qwen2.5-vl-3b;evqa-pilot500/smolvlm-1.7b;mmke-entity/blip2-opt-2.7b;mmke-entity/instructblip-vicuna-7b;mmke-entity/minigpt-4-vicuna-7b;mmke-entity/paligemma-3b;mmke-entity/qwen2.5-vl-3b;mmke-visual/blip2-opt-2.7b;mmke-visual/minigpt-4-vicuna-7b;mmke-visual/qwen2.5-vl-3b;mmke-visual/smolvlm-1.7b
clean,power_a0.5_b1_g-1,M_abscos_x_newn,1,14,False,16,68.022,68.28542857142857,-0.2634285714285721,68.022,-0.2634285714285721,1,8,5,1,4,0.0,-1.730000000000004,1.0100000000000051,0.21428571428571427,evqa-pilot500/blip2-opt-2.7b;evqa-pilot500/minigpt-4-vicuna-7b;evqa-pilot500/qwen2.5-vl-3b;evqa-pilot500/smolvlm-1.7b;mmke-entity/blip2-opt-2.7b;mmke-entity/instructblip-vicuna-7b;mmke-entity/minigpt-4-vicuna-7b;mmke-entity/qwen2.5-vl-3b;mmke-entity/smolvlm-1.7b;mmke-visual/blip2-opt-2.7b;mmke-visual/instructblip-vicuna-7b;mmke-visual/minigpt-4-vicuna-7b;mmke-visual/qwen2.5-vl-3b;mmke-visual/smolvlm-1.7b
clean,power_a0.5_b1_g-1,M_abscos_x_newn,3,14,False,16,70.15057142857142,69.8607142857143,0.2898571428571418,67.4987619047619,0.052714285714284666,1,10,3,1,2,0.0,-0.8500000000000014,6.1640000000000015,0.35714285714285715,evqa-pilot500/blip2-opt-2.7b;evqa-pilot500/minigpt-4-vicuna-7b;evqa-pilot500/qwen2.5-vl-3b;evqa-pilot500/smolvlm-1.7b;mmke-entity/blip2-opt-2.7b;mmke-entity/instructblip-vicuna-7b;mmke-entity/minigpt-4-vicuna-7b;mmke-entity/qwen2.5-vl-3b;mmke-entity/smolvlm-1.7b;mmke-visual/blip2-opt-2.7b;mmke-visual/instructblip-vicuna-7b;mmke-visual/minigpt-4-vicuna-7b;mmke-visual/qwen2.5-vl-3b;mmke-visual/smolvlm-1.7b
clean,power_a0.5_b1_g-1,M_new_norm,1,14,False,16,68.022,68.01128571428572,0.010714285714285105,68.022,0.010714285714285105,1,12,1,1,1,0.0,-0.8600000000000136,1.0100000000000051,0.21428571428571427,evqa-pilot500/blip2-opt-2.7b;evqa-pilot500/minigpt-4-vicuna-7b;evqa-pilot500/qwen2.5-vl-3b;evqa-pilot500/smolvlm-1.7b;mmke-entity/blip2-opt-2.7b;mmke-entity/instructblip-vicuna-7b;mmke-entity/minigpt-4-vicuna-7b;mmke-entity/qwen2.5-vl-3b;mmke-entity/smolvlm-1.7b;mmke-visual/blip2-opt-2.7b;mmke-visual/instructblip-vicuna-7b;mmke-visual/minigpt-4-vicuna-7b;mmke-visual/qwen2.5-vl-3b;mmke-visual/smolvlm-1.7b
clean,power_a0.5_b1_g-1,M_new_norm,3,14,False,16,70.15057142857142,70.15057142857142,0.0,67.4987619047619,-0.016904761904761756,0,14,0,0,0,0.0,0.0,0.0,0.35714285714285715,evqa-pilot500/blip2-opt-2.7b;evqa-pilot500/minigpt-4-vicuna-7b;evqa-pilot500/qwen2.5-vl-3b;evqa-pilot500/smolvlm-1.7b;mmke-entity/blip2-opt-2.7b;mmke-entity/instructblip-vicuna-7b;mmke-entity/minigpt-4-vicuna-7b;mmke-entity/qwen2.5-vl-3b;mmke-entity/smolvlm-1.7b;mmke-visual/blip2-opt-2.7b;mmke-visual/instructblip-vicuna-7b;mmke-visual/minigpt-4-vicuna-7b;mmke-visual/qwen2.5-vl-3b;mmke-visual/smolvlm-1.7b
clean,power_a0.5_b1_g0,M_abscos_x_newn,1,16,True,16,70.90075,70.311,0.58975,70.90075,0.58975,1,12,3,1,2,0.0,-0.8500000000000014,11.543999999999997,0.1875,evqa-pilot500/blip2-opt-2.7b;evqa-pilot500/minigpt-4-vicuna-7b;evqa-pilot500/paligemma-3b;evqa-pilot500/qwen2.5-vl-3b;evqa-pilot500/smolvlm-1.7b;mmke-entity/blip2-opt-2.7b;mmke-entity/instructblip-vicuna-7b;mmke-entity/minigpt-4-vicuna-7b;mmke-entity/paligemma-3b;mmke-entity/qwen2.5-vl-3b;mmke-entity/smolvlm-1.7b;mmke-visual/blip2-opt-2.7b;mmke-visual/instructblip-vicuna-7b;mmke-visual/minigpt-4-vicuna-7b;mmke-visual/qwen2.5-vl-3b;mmke-visual/smolvlm-1.7b
clean,power_a0.5_b1_g0,M_abscos_x_newn,3,16,True,16,72.74775,72.494125,0.2536249999999991,69.80404166666666,0.06091666666666562,1,12,3,1,2,0.0,-0.8500000000000014,6.1640000000000015,0.375,evqa-pilot500/blip2-opt-2.7b;evqa-pilot500/minigpt-4-vicuna-7b;evqa-pilot500/paligemma-3b;evqa-pilot500/qwen2.5-vl-3b;evqa-pilot500/smolvlm-1.7b;mmke-entity/blip2-opt-2.7b;mmke-entity/instructblip-vicuna-7b;mmke-entity/minigpt-4-vicuna-7b;mmke-entity/paligemma-3b;mmke-entity/qwen2.5-vl-3b;mmke-entity/smolvlm-1.7b;mmke-visual/blip2-opt-2.7b;mmke-visual/instructblip-vicuna-7b;mmke-visual/minigpt-4-vicuna-7b;mmke-visual/qwen2.5-vl-3b;mmke-visual/smolvlm-1.7b
clean,power_a0.5_b1_g0,M_new_norm,1,16,True,16,70.90075,70.071125,0.8296250000000001,70.90075,0.8296250000000001,1,15,0,1,0,0.0,0.0,13.274000000000001,0.1875,evqa-pilot500/blip2-opt-2.7b;evqa-pilot500/minigpt-4-vicuna-7b;evqa-pilot500/paligemma-3b;evqa-pilot500/qwen2.5-vl-3b;evqa-pilot500/smolvlm-1.7b;mmke-entity/blip2-opt-2.7b;mmke-entity/instructblip-vicuna-7b;mmke-entity/minigpt-4-vicuna-7b;mmke-entity/paligemma-3b;mmke-entity/qwen2.5-vl-3b;mmke-entity/smolvlm-1.7b;mmke-visual/blip2-opt-2.7b;mmke-visual/instructblip-vicuna-7b;mmke-visual/minigpt-4-vicuna-7b;mmke-visual/qwen2.5-vl-3b;mmke-visual/smolvlm-1.7b
clean,power_a0.5_b1_g0,M_new_norm,3,16,True,16,72.74775,72.74775,0.0,69.80404166666666,0.0,0,16,0,0,0,0.0,0.0,0.0,0.375,evqa-pilot500/blip2-opt-2.7b;evqa-pilot500/minigpt-4-vicuna-7b;evqa-pilot500/paligemma-3b;evqa-pilot500/qwen2.5-vl-3b;evqa-pilot500/smolvlm-1.7b;mmke-entity/blip2-opt-2.7b;mmke-entity/instructblip-vicuna-7b;mmke-entity/minigpt-4-vicuna-7b;mmke-entity/paligemma-3b;mmke-entity/qwen2.5-vl-3b;mmke-entity/smolvlm-1.7b;mmke-visual/blip2-opt-2.7b;mmke-visual/instructblip-vicuna-7b;mmke-visual/minigpt-4-vicuna-7b;mmke-visual/qwen2.5-vl-3b;mmke-visual/smolvlm-1.7b
clean,power_a0.5_b1_g0.5,M_abscos_x_newn,1,12,False,16,69.11533333333334,69.78933333333333,-0.6739999999999995,69.11533333333334,-0.6739999999999995,3,6,3,2,3,0.0,-11.199999999999996,4.300000000000004,0,evqa-pilot500/blip2-opt-2.7b;evqa-pilot500/minigpt-4-vicuna-7b;evqa-pilot500/paligemma-3b;evqa-pilot500/qwen2.5-vl-3b;evqa-pilot500/smolvlm-1.7b;mmke-entity/blip2-opt-2.7b;mmke-entity/paligemma-3b;mmke-entity/smolvlm-1.7b;mmke-visual/blip2-opt-2.7b;mmke-visual/minigpt-4-vicuna-7b;mmke-visual/qwen2.5-vl-3b;mmke-visual/smolvlm-1.7b
clean,power_a0.5_b1_g0.5,M_abscos_x_newn,3,11,False,16,72.46127272727273,72.70509090909091,-0.2438181818181807,70.30242424242424,0.25896969696969696,3,5,3,2,2,0.0,-7.549999999999997,4.094000000000008,0.09090909090909091,evqa-pilot500/blip2-opt-2.7b;evqa-pilot500/minigpt-4-vicuna-7b;evqa-pilot500/paligemma-3b;evqa-pilot500/qwen2.5-vl-3b;evqa-pilot500/smolvlm-1.7b;mmke-entity/blip2-opt-2.7b;mmke-entity/paligemma-3b;mmke-entity/smolvlm-1.7b;mmke-visual/blip2-opt-2.7b;mmke-visual/minigpt-4-vicuna-7b;mmke-visual/qwen2.5-vl-3b
clean,power_a0.5_b1_g0.5,M_new_norm,1,12,False,16,69.11533333333334,69.51016666666666,-0.3948333333333327,69.11533333333334,-0.3948333333333327,5,4,3,4,2,0.0,-11.199999999999996,4.300000000000004,0,evqa-pilot500/blip2-opt-2.7b;evqa-pilot500/minigpt-4-vicuna-7b;evqa-pilot500/paligemma-3b;evqa-pilot500/qwen2.5-vl-3b;evqa-pilot500/smolvlm-1.7b;mmke-entity/blip2-opt-2.7b;mmke-entity/paligemma-3b;mmke-entity/smolvlm-1.7b;mmke-visual/blip2-opt-2.7b;mmke-visual/minigpt-4-vicuna-7b;mmke-visual/qwen2.5-vl-3b;mmke-visual/smolvlm-1.7b
clean,power_a0.5_b1_g0.5,M_new_norm,3,11,False,16,72.46127272727273,73.11854545454545,-0.6572727272727257,70.30242424242424,0.129878787878789,4,4,3,3,3,0.0,-7.549999999999997,3.9540000000000006,0.09090909090909091,evqa-pilot500/blip2-opt-2.7b;evqa-pilot500/minigpt-4-vicuna-7b;evqa-pilot500/paligemma-3b;evqa-pilot500/qwen2.5-vl-3b;evqa-pilot500/smolvlm-1.7b;mmke-entity/blip2-opt-2.7b;mmke-entity/paligemma-3b;mmke-entity/smolvlm-1.7b;mmke-visual/blip2-opt-2.7b;mmke-visual/minigpt-4-vicuna-7b;mmke-visual/qwen2.5-vl-3b
clean,power_a0.5_b1_g1,M_abscos_x_newn,1,13,False,16,67.694,70.14353846153845,-2.449538461538462,67.694,-2.449538461538462,1,5,7,1,4,-0.11400000000000432,-20.540000000000006,14.930000000000007,0,evqa-pilot500/blip2-opt-2.7b;evqa-pilot500/minigpt-4-vicuna-7b;evqa-pilot500/paligemma-3b;evqa-pilot500/qwen2.5-vl-3b;evqa-pilot500/smolvlm-1.7b;mmke-entity/blip2-opt-2.7b;mmke-entity/instructblip-vicuna-7b;mmke-entity/minigpt-4-vicuna-7b;mmke-entity/paligemma-3b;mmke-visual/blip2-opt-2.7b;mmke-visual/instructblip-vicuna-7b;mmke-visual/minigpt-4-vicuna-7b;mmke-visual/smolvlm-1.7b
clean,power_a0.5_b1_g1,M_abscos_x_newn,3,7,False,16,74.43942857142856,75.67714285714285,-1.2377142857142889,72.2864761904762,-0.5240000000000019,0,2,5,0,1,-0.19000000000000483,-7.549999999999997,0.0,0,evqa-pilot500/minigpt-4-vicuna-7b;evqa-pilot500/paligemma-3b;evqa-pilot500/qwen2.5-vl-3b;mmke-entity/blip2-opt-2.7b;mmke-entity/paligemma-3b;mmke-visual/blip2-opt-2.7b;mmke-visual/minigpt-4-vicuna-7b
clean,power_a0.5_b1_g1,M_new_norm,1,13,False,16,67.694,69.84830769230769,-2.1543076923076927,67.694,-2.1543076923076927,5,4,4,4,4,0.0,-20.540000000000006,14.930000000000007,0,evqa-pilot500/blip2-opt-2.7b;evqa-pilot500/minigpt-4-vicuna-7b;evqa-pilot500/paligemma-3b;evqa-pilot500/qwen2.5-vl-3b;evqa-pilot500/smolvlm-1.7b;mmke-entity/blip2-opt-2.7b;mmke-entity/instructblip-vicuna-7b;mmke-entity/minigpt-4-vicuna-7b;mmke-entity/paligemma-3b;mmke-visual/blip2-opt-2.7b;mmke-visual/instructblip-vicuna-7b;mmke-visual/minigpt-4-vicuna-7b;mmke-visual/smolvlm-1.7b
clean,power_a0.5_b1_g1,M_new_norm,3,7,False,16,74.43942857142856,76.32685714285714,-1.887428571428574,72.2864761904762,-0.726857142857143,2,1,4,1,2,-0.18000000000000682,-7.549999999999997,0.6599999999999966,0,evqa-pilot500/minigpt-4-vicuna-7b;evqa-pilot500/paligemma-3b;evqa-pilot500/qwen2.5-vl-3b;mmke-entity/blip2-opt-2.7b;mmke-entity/paligemma-3b;mmke-visual/blip2-opt-2.7b;mmke-visual/minigpt-4-vicuna-7b
clean,power_a0.5_b1_g2,M_abscos_x_newn,1,15,False,16,68.5856,69.89293333333333,-1.3073333333333332,68.5856,-1.3073333333333332,3,3,9,3,7,-0.19000000000000483,-20.460000000000008,14.88000000000001,0,evqa-pilot500/blip2-opt-2.7b;evqa-pilot500/minigpt-4-vicuna-7b;evqa-pilot500/paligemma-3b;evqa-pilot500/qwen2.5-vl-3b;evqa-pilot500/smolvlm-1.7b;mmke-entity/blip2-opt-2.7b;mmke-entity/instructblip-vicuna-7b;mmke-entity/minigpt-4-vicuna-7b;mmke-entity/paligemma-3b;mmke-entity/qwen2.5-vl-3b;mmke-entity/smolvlm-1.7b;mmke-visual/blip2-opt-2.7b;mmke-visual/instructblip-vicuna-7b;mmke-visual/qwen2.5-vl-3b;mmke-visual/smolvlm-1.7b
clean,power_a0.5_b1_g2,M_abscos_x_newn,3,11,False,16,70.40236363636363,73.16054545454546,-2.758181818181822,69.03812121212121,-1.0352121212121248,4,0,7,3,4,-0.21600000000000819,-20.56000000000001,16.685999999999993,0.09090909090909091,evqa-pilot500/blip2-opt-2.7b;evqa-pilot500/paligemma-3b;evqa-pilot500/qwen2.5-vl-3b;mmke-entity/blip2-opt-2.7b;mmke-entity/instructblip-vicuna-7b;mmke-entity/minigpt-4-vicuna-7b;mmke-entity/paligemma-3b;mmke-visual/blip2-opt-2.7b;mmke-visual/instructblip-vicuna-7b;mmke-visual/qwen2.5-vl-3b;mmke-visual/smolvlm-1.7b
clean,power_a0.5_b1_g2,M_new_norm,1,15,False,16,68.5856,69.6884,-1.1027999999999996,68.5856,-1.1027999999999996,6,1,8,5,7,-0.1700000000000017,-20.460000000000008,14.88000000000001,0,evqa-pilot500/blip2-opt-2.7b;evqa-pilot500/minigpt-4-vicuna-7b;evqa-pilot500/paligemma-3b;evqa-pilot500/qwen2.5-vl-3b;evqa-pilot500/smolvlm-1.7b;mmke-entity/blip2-opt-2.7b;mmke-entity/instructblip-vicuna-7b;mmke-entity/minigpt-4-vicuna-7b;mmke-entity/paligemma-3b;mmke-entity/qwen2.5-vl-3b;mmke-entity/smolvlm-1.7b;mmke-visual/blip2-opt-2.7b;mmke-visual/instructblip-vicuna-7b;mmke-visual/qwen2.5-vl-3b;mmke-visual/smolvlm-1.7b
clean,power_a0.5_b1_g2,M_new_norm,3,11,False,16,70.40236363636363,73.03872727272727,-2.636363636363639,69.03812121212121,-0.9053333333333365,6,0,5,4,4,0.23000000000000398,-20.56000000000001,16.685999999999993,0.09090909090909091,evqa-pilot500/blip2-opt-2.7b;evqa-pilot500/paligemma-3b;evqa-pilot500/qwen2.5-vl-3b;mmke-entity/blip2-opt-2.7b;mmke-entity/instructblip-vicuna-7b;mmke-entity/minigpt-4-vicuna-7b;mmke-entity/paligemma-3b;mmke-visual/blip2-opt-2.7b;mmke-visual/instructblip-vicuna-7b;mmke-visual/qwen2.5-vl-3b;mmke-visual/smolvlm-1.7b
clean,power_a1_b-1_g-1,M_abscos_x_newn,1,14,False,16,68.022,68.28542857142857,-0.2634285714285721,68.022,-0.2634285714285721,1,8,5,1,4,0.0,-1.730000000000004,1.0100000000000051,0.21428571428571427,evqa-pilot500/blip2-opt-2.7b;evqa-pilot500/minigpt-4-vicuna-7b;evqa-pilot500/qwen2.5-vl-3b;evqa-pilot500/smolvlm-1.7b;mmke-entity/blip2-opt-2.7b;mmke-entity/instructblip-vicuna-7b;mmke-entity/minigpt-4-vicuna-7b;mmke-entity/qwen2.5-vl-3b;mmke-entity/smolvlm-1.7b;mmke-visual/blip2-opt-2.7b;mmke-visual/instructblip-vicuna-7b;mmke-visual/minigpt-4-vicuna-7b;mmke-visual/qwen2.5-vl-3b;mmke-visual/smolvlm-1.7b
clean,power_a1_b-1_g-1,M_abscos_x_newn,3,14,False,16,70.15057142857142,69.8607142857143,0.2898571428571418,67.4987619047619,0.052714285714284666,1,10,3,1,2,0.0,-0.8500000000000014,6.1640000000000015,0.35714285714285715,evqa-pilot500/blip2-opt-2.7b;evqa-pilot500/minigpt-4-vicuna-7b;evqa-pilot500/qwen2.5-vl-3b;evqa-pilot500/smolvlm-1.7b;mmke-entity/blip2-opt-2.7b;mmke-entity/instructblip-vicuna-7b;mmke-entity/minigpt-4-vicuna-7b;mmke-entity/qwen2.5-vl-3b;mmke-entity/smolvlm-1.7b;mmke-visual/blip2-opt-2.7b;mmke-visual/instructblip-vicuna-7b;mmke-visual/minigpt-4-vicuna-7b;mmke-visual/qwen2.5-vl-3b;mmke-visual/smolvlm-1.7b
clean,power_a1_b-1_g-1,M_new_norm,1,14,False,16,68.022,68.01128571428572,0.010714285714285105,68.022,0.010714285714285105,1,12,1,1,1,0.0,-0.8600000000000136,1.0100000000000051,0.21428571428571427,evqa-pilot500/blip2-opt-2.7b;evqa-pilot500/minigpt-4-vicuna-7b;evqa-pilot500/qwen2.5-vl-3b;evqa-pilot500/smolvlm-1.7b;mmke-entity/blip2-opt-2.7b;mmke-entity/instructblip-vicuna-7b;mmke-entity/minigpt-4-vicuna-7b;mmke-entity/qwen2.5-vl-3b;mmke-entity/smolvlm-1.7b;mmke-visual/blip2-opt-2.7b;mmke-visual/instructblip-vicuna-7b;mmke-visual/minigpt-4-vicuna-7b;mmke-visual/qwen2.5-vl-3b;mmke-visual/smolvlm-1.7b
clean,power_a1_b-1_g-1,M_new_norm,3,14,False,16,70.15057142857142,70.15057142857142,0.0,67.4987619047619,-0.016904761904761756,0,14,0,0,0,0.0,0.0,0.0,0.35714285714285715,evqa-pilot500/blip2-opt-2.7b;evqa-pilot500/minigpt-4-vicuna-7b;evqa-pilot500/qwen2.5-vl-3b;evqa-pilot500/smolvlm-1.7b;mmke-entity/blip2-opt-2.7b;mmke-entity/instructblip-vicuna-7b;mmke-entity/minigpt-4-vicuna-7b;mmke-entity/qwen2.5-vl-3b;mmke-entity/smolvlm-1.7b;mmke-visual/blip2-opt-2.7b;mmke-visual/instructblip-vicuna-7b;mmke-visual/minigpt-4-vicuna-7b;mmke-visual/qwen2.5-vl-3b;mmke-visual/smolvlm-1.7b
clean,power_a1_b-1_g0,M_abscos_x_newn,1,12,False,16,64.24883333333334,67.77966666666667,-3.5308333333333333,64.24883333333334,-3.5308333333333333,3,3,6,1,6,-0.4750000000000014,-22.24000000000001,6.82,0,evqa-pilot500/blip2-opt-2.7b;evqa-pilot500/minigpt-4-vicuna-7b;evqa-pilot500/qwen2.5-vl-3b;evqa-pilot500/smolvlm-1.7b;mmke-entity/blip2-opt-2.7b;mmke-entity/instructblip-vicuna-7b;mmke-entity/minigpt-4-vicuna-7b;mmke-entity/smolvlm-1.7b;mmke-visual/blip2-opt-2.7b;mmke-visual/instructblip-vicuna-7b;mmke-visual/minigpt-4-vicuna-7b;mmke-visual/smolvlm-1.7b
clean,power_a1_b-1_g0,M_abscos_x_newn,3,7,False,16,64.50285714285714,69.04142857142857,-4.538571428571429,62.661142857142856,-3.154571428571429,0,2,5,0,5,-1.75,-21.660000000000004,0.0,0.14285714285714285,evqa-pilot500/blip2-opt-2.7b;evqa-pilot500/minigpt-4-vicuna-7b;evqa-pilot500/smolvlm-1.7b;mmke-entity/blip2-opt-2.7b;mmke-entity/instructblip-vicuna-7b;mmke-visual/minigpt-4-vicuna-7b;mmke-visual/smolvlm-1.7b
clean,power_a1_b-1_g0,M_new_norm,1,12,False,16,64.24883333333334,67.45983333333334,-3.211,64.24883333333334,-3.211,4,2,6,3,5,-0.05000000000000071,-22.24000000000001,6.82,0,evqa-pilot500/blip2-opt-2.7b;evqa-pilot500/minigpt-4-vicuna-7b;evqa-pilot500/qwen2.5-vl-3b;evqa-pilot500/smolvlm-1.7b;mmke-entity/blip2-opt-2.7b;mmke-entity/instructblip-vicuna-7b;mmke-entity/minigpt-4-vicuna-7b;mmke-entity/smolvlm-1.7b;mmke-visual/blip2-opt-2.7b;mmke-visual/instructblip-vicuna-7b;mmke-visual/minigpt-4-vicuna-7b;mmke-visual/smolvlm-1.7b
clean,power_a1_b-1_g0,M_new_norm,3,7,False,16,64.50285714285714,69.81257142857143,-5.309714285714286,62.661142857142856,-3.4979047619047603,0,2,5,0,5,-1.6239999999999952,-21.660000000000004,0.0,0.14285714285714285,evqa-pilot500/blip2-opt-2.7b;evqa-pilot500/minigpt-4-vicuna-7b;evqa-pilot500/smolvlm-1.7b;mmke-entity/blip2-opt-2.7b;mmke-entity/instructblip-vicuna-7b;mmke-visual/minigpt-4-vicuna-7b;mmke-visual/smolvlm-1.7b
clean,power_a1_b-1_g0.5,M_abscos_x_newn,1,11,False,16,65.16963636363636,67.04836363636363,-1.8787272727272724,65.16963636363636,-1.8787272727272724,4,0,7,3,7,-1.7199999999999989,-22.24000000000001,17.439999999999998,0.09090909090909091,evqa-pilot500/blip2-opt-2.7b;evqa-pilot500/minigpt-4-vicuna-7b;evqa-pilot500/qwen2.5-vl-3b;evqa-pilot500/smolvlm-1.7b;mmke-entity/blip2-opt-2.7b;mmke-entity/instructblip-vicuna-7b;mmke-entity/smolvlm-1.7b;mmke-visual/blip2-opt-2.7b;mmke-visual/instructblip-vicuna-7b;mmke-visual/minigpt-4-vicuna-7b;mmke-visual/smolvlm-1.7b
clean,power_a1_b-1_g0.5,M_abscos_x_newn,3,8,False,16,65.8,67.665,-1.8650000000000029,64.38233333333334,-0.37924999999999986,1,0,7,1,7,-1.0670000000000073,-21.660000000000004,17.093999999999994,0.125,evqa-pilot500/blip2-opt-2.7b;evqa-pilot500/minigpt-4-vicuna-7b;evqa-pilot500/qwen2.5-vl-3b;evqa-pilot500/smolvlm-1.7b;mmke-entity/blip2-opt-2.7b;mmke-entity/instructblip-vicuna-7b;mmke-entity/smolvlm-1.7b;mmke-visual/smolvlm-1.7b
clean,power_a1_b-1_g0.5,M_new_norm,1,11,False,16,65.16963636363636,66.74381818181818,-1.5741818181818177,65.16963636363636,-1.5741818181818177,5,0,6,3,6,-0.5900000000000034,-22.24000000000001,17.439999999999998,0.09090909090909091,evqa-pilot500/blip2-opt-2.7b;evqa-pilot500/minigpt-4-vicuna-7b;evqa-pilot500/qwen2.5-vl-3b;evqa-pilot500/smolvlm-1.7b;mmke-entity/blip2-opt-2.7b;mmke-entity/instructblip-vicuna-7b;mmke-entity/smolvlm-1.7b;mmke-visual/blip2-opt-2.7b;mmke-visual/instructblip-vicuna-7b;mmke-visual/minigpt-4-vicuna-7b;mmke-visual/smolvlm-1.7b
clean,power_a1_b-1_g0.5,M_new_norm,3,8,False,16,65.8,68.32925,-2.529250000000003,64.38233333333334,-0.6543333333333328,1,0,7,1,6,-0.8870000000000076,-21.660000000000004,17.093999999999994,0.125,evqa-pilot500/blip2-opt-2.7b;evqa-pilot500/minigpt-4-vicuna-7b;evqa-pilot500/qwen2.5-vl-3b;evqa-pilot500/smolvlm-1.7b;mmke-entity/blip2-opt-2.7b;mmke-entity/instructblip-vicuna-7b;mmke-entity/smolvlm-1.7b;mmke-visual/smolvlm-1.7b
clean,power_a1_b-1_g1,M_abscos_x_newn,1,11,False,16,65.15872727272728,67.04836363636363,-1.8896363636363638,65.15872727272728,-1.8896363636363638,3,0,8,3,8,-1.75,-22.24000000000001,17.439999999999998,0.09090909090909091,evqa-pilot500/blip2-opt-2.7b;evqa-pilot500/minigpt-4-vicuna-7b;evqa-pilot500/qwen2.5-vl-3b;evqa-pilot500/smolvlm-1.7b;mmke-entity/blip2-opt-2.7b;mmke-entity/instructblip-vicuna-7b;mmke-entity/smolvlm-1.7b;mmke-visual/blip2-opt-2.7b;mmke-visual/instructblip-vicuna-7b;mmke-visual/minigpt-4-vicuna-7b;mmke-visual/smolvlm-1.7b
clean,power_a1_b-1_g1,M_abscos_x_newn,3,8,False,16,65.63325,67.50875,-1.8755000000000024,64.39858333333333,0.08324999999999871,2,0,6,2,5,-1.4749999999999979,-22.24000000000001,17.093999999999994,0.125,evqa-pilot500/blip2-opt-2.7b;evqa-pilot500/minigpt-4-vicuna-7b;evqa-pilot500/qwen2.5-vl-3b;evqa-pilot500/smolvlm-1.7b;mmke-entity/blip2-opt-2.7b;mmke-entity/instructblip-vicuna-7b;mmke-visual/blip2-opt-2.7b;mmke-visual/smolvlm-1.7b
clean,power_a1_b-1_g1,M_new_norm,1,11,False,16,65.15872727272728,66.74381818181818,-1.585090909090909,65.15872727272728,-1.585090909090909,4,0,7,3,7,-0.9500000000000028,-22.24000000000001,17.439999999999998,0.09090909090909091,evqa-pilot500/blip2-opt-2.7b;evqa-pilot500/minigpt-4-vicuna-7b;evqa-pilot500/qwen2.5-vl-3b;evqa-pilot500/smolvlm-1.7b;mmke-entity/blip2-opt-2.7b;mmke-entity/instructblip-vicuna-7b;mmke-entity/smolvlm-1.7b;mmke-visual/blip2-opt-2.7b;mmke-visual/instructblip-vicuna-7b;mmke-visual/minigpt-4-vicuna-7b;mmke-visual/smolvlm-1.7b
clean,power_a1_b-1_g1,M_new_norm,3,8,False,16,65.63325,68.173,-2.5397500000000024,64.39858333333333,-0.1918333333333342,2,0,6,2,4,-1.0499999999999972,-22.24000000000001,17.093999999999994,0.125,evqa-pilot500/blip2-opt-2.7b;evqa-pilot500/minigpt-4-vicuna-7b;evqa-pilot500/qwen2.5-vl-3b;evqa-pilot500/smolvlm-1.7b;mmke-entity/blip2-opt-2.7b;mmke-entity/instructblip-vicuna-7b;mmke-visual/blip2-opt-2.7b;mmke-visual/smolvlm-1.7b
clean,power_a1_b-1_g2,M_abscos_x_newn,1,9,False,16,60.86177777777778,66.80022222222222,-5.9384444444444435,60.86177777777778,-5.9384444444444435,1,0,8,1,8,-3.3159999999999883,-23.53,9.440000000000005,0,evqa-pilot500/blip2-opt-2.7b;evqa-pilot500/minigpt-4-vicuna-7b;evqa-pilot500/qwen2.5-vl-3b;evqa-pilot500/smolvlm-1.7b;mmke-entity/instructblip-vicuna-7b;mmke-visual/blip2-opt-2.7b;mmke-visual/instructblip-vicuna-7b;mmke-visual/minigpt-4-vicuna-7b;mmke-visual/smolvlm-1.7b
clean,power_a1_b-1_g2,M_abscos_x_newn,3,5,False,16,61.2092,67.838,-6.628800000000001,59.4364,-4.9075999999999995,0,0,5,0,5,-1.75,-22.24000000000001,-1.2100000000000009,0,evqa-pilot500/minigpt-4-vicuna-7b;evqa-pilot500/qwen2.5-vl-3b;evqa-pilot500/smolvlm-1.7b;mmke-entity/instructblip-vicuna-7b;mmke-visual/smolvlm-1.7b
clean,power_a1_b-1_g2,M_new_norm,1,9,False,16,60.86177777777778,66.428,-5.566222222222221,60.86177777777778,-5.566222222222221,2,0,7,1,7,-2.5459999999999923,-23.53,9.440000000000005,0,evqa-pilot500/blip2-opt-2.7b;evqa-pilot500/minigpt-4-vicuna-7b;evqa-pilot500/qwen2.5-vl-3b;evqa-pilot500/smolvlm-1.7b;mmke-entity/instructblip-vicuna-7b;mmke-visual/blip2-opt-2.7b;mmke-visual/instructblip-vicuna-7b;mmke-visual/minigpt-4-vicuna-7b;mmke-visual/smolvlm-1.7b
clean,power_a1_b-1_g2,M_new_norm,3,5,False,16,61.2092,68.9008,-7.691600000000001,59.4364,-5.347733333333332,0,0,5,0,4,-1.75,-22.24000000000001,-0.35999999999999943,0,evqa-pilot500/minigpt-4-vicuna-7b;evqa-pilot500/qwen2.5-vl-3b;evqa-pilot500/smolvlm-1.7b;mmke-entity/instructblip-vicuna-7b;mmke-visual/smolvlm-1.7b
clean,power_a1_b-0.5_g-1,M_abscos_x_newn,1,14,False,16,68.022,68.28542857142857,-0.2634285714285721,68.022,-0.2634285714285721,1,8,5,1,4,0.0,-1.730000000000004,1.0100000000000051,0.21428571428571427,evqa-pilot500/blip2-opt-2.7b;evqa-pilot500/minigpt-4-vicuna-7b;evqa-pilot500/qwen2.5-vl-3b;evqa-pilot500/smolvlm-1.7b;mmke-entity/blip2-opt-2.7b;mmke-entity/instructblip-vicuna-7b;mmke-entity/minigpt-4-vicuna-7b;mmke-entity/qwen2.5-vl-3b;mmke-entity/smolvlm-1.7b;mmke-visual/blip2-opt-2.7b;mmke-visual/instructblip-vicuna-7b;mmke-visual/minigpt-4-vicuna-7b;mmke-visual/qwen2.5-vl-3b;mmke-visual/smolvlm-1.7b
clean,power_a1_b-0.5_g-1,M_abscos_x_newn,3,14,False,16,70.15057142857142,69.8607142857143,0.2898571428571418,67.4987619047619,0.052714285714284666,1,10,3,1,2,0.0,-0.8500000000000014,6.1640000000000015,0.35714285714285715,evqa-pilot500/blip2-opt-2.7b;evqa-pilot500/minigpt-4-vicuna-7b;evqa-pilot500/qwen2.5-vl-3b;evqa-pilot500/smolvlm-1.7b;mmke-entity/blip2-opt-2.7b;mmke-entity/instructblip-vicuna-7b;mmke-entity/minigpt-4-vicuna-7b;mmke-entity/qwen2.5-vl-3b;mmke-entity/smolvlm-1.7b;mmke-visual/blip2-opt-2.7b;mmke-visual/instructblip-vicuna-7b;mmke-visual/minigpt-4-vicuna-7b;mmke-visual/qwen2.5-vl-3b;mmke-visual/smolvlm-1.7b
clean,power_a1_b-0.5_g-1,M_new_norm,1,14,False,16,68.022,68.01128571428572,0.010714285714285105,68.022,0.010714285714285105,1,12,1,1,1,0.0,-0.8600000000000136,1.0100000000000051,0.21428571428571427,evqa-pilot500/blip2-opt-2.7b;evqa-pilot500/minigpt-4-vicuna-7b;evqa-pilot500/qwen2.5-vl-3b;evqa-pilot500/smolvlm-1.7b;mmke-entity/blip2-opt-2.7b;mmke-entity/instructblip-vicuna-7b;mmke-entity/minigpt-4-vicuna-7b;mmke-entity/qwen2.5-vl-3b;mmke-entity/smolvlm-1.7b;mmke-visual/blip2-opt-2.7b;mmke-visual/instructblip-vicuna-7b;mmke-visual/minigpt-4-vicuna-7b;mmke-visual/qwen2.5-vl-3b;mmke-visual/smolvlm-1.7b
clean,power_a1_b-0.5_g-1,M_new_norm,3,14,False,16,70.15057142857142,70.15057142857142,0.0,67.4987619047619,-0.016904761904761756,0,14,0,0,0,0.0,0.0,0.0,0.35714285714285715,evqa-pilot500/blip2-opt-2.7b;evqa-pilot500/minigpt-4-vicuna-7b;evqa-pilot500/qwen2.5-vl-3b;evqa-pilot500/smolvlm-1.7b;mmke-entity/blip2-opt-2.7b;mmke-entity/instructblip-vicuna-7b;mmke-entity/minigpt-4-vicuna-7b;mmke-entity/qwen2.5-vl-3b;mmke-entity/smolvlm-1.7b;mmke-visual/blip2-opt-2.7b;mmke-visual/instructblip-vicuna-7b;mmke-visual/minigpt-4-vicuna-7b;mmke-visual/qwen2.5-vl-3b;mmke-visual/smolvlm-1.7b
clean,power_a1_b-0.5_g0,M_abscos_x_newn,1,16,True,16,68.74875,70.311,-1.5622499999999997,68.74875,-1.5622499999999997,1,12,3,0,3,0.0,-22.24000000000001,0.21600000000000819,0.125,evqa-pilot500/blip2-opt-2.7b;evqa-pilot500/minigpt-4-vicuna-7b;evqa-pilot500/paligemma-3b;evqa-pilot500/qwen2.5-vl-3b;evqa-pilot500/smolvlm-1.7b;mmke-entity/blip2-opt-2.7b;mmke-entity/instructblip-vicuna-7b;mmke-entity/minigpt-4-vicuna-7b;mmke-entity/paligemma-3b;mmke-entity/qwen2.5-vl-3b;mmke-entity/smolvlm-1.7b;mmke-visual/blip2-opt-2.7b;mmke-visual/instructblip-vicuna-7b;mmke-visual/minigpt-4-vicuna-7b;mmke-visual/qwen2.5-vl-3b;mmke-visual/smolvlm-1.7b
clean,power_a1_b-0.5_g0,M_abscos_x_newn,3,12,False,16,70.38383333333333,72.48383333333334,-2.1000000000000014,67.39772222222223,-1.542666666666668,0,8,4,0,3,0.0,-21.60000000000001,0.0,0.4166666666666667,evqa-pilot500/blip2-opt-2.7b;evqa-pilot500/minigpt-4-vicuna-7b;evqa-pilot500/paligemma-3b;evqa-pilot500/qwen2.5-vl-3b;evqa-pilot500/smolvlm-1.7b;mmke-entity/blip2-opt-2.7b;mmke-entity/instructblip-vicuna-7b;mmke-entity/paligemma-3b;mmke-entity/smolvlm-1.7b;mmke-visual/blip2-opt-2.7b;mmke-visual/instructblip-vicuna-7b;mmke-visual/minigpt-4-vicuna-7b
clean,power_a1_b-0.5_g0,M_new_norm,1,16,True,16,68.74875,70.071125,-1.3223749999999996,68.74875,-1.3223749999999996,3,10,3,3,3,0.0,-22.24000000000001,1.730000000000004,0.125,evqa-pilot500/blip2-opt-2.7b;evqa-pilot500/minigpt-4-vicuna-7b;evqa-pilot500/paligemma-3b;evqa-pilot500/qwen2.5-vl-3b;evqa-pilot500/smolvlm-1.7b;mmke-entity/blip2-opt-2.7b;mmke-entity/instructblip-vicuna-7b;mmke-entity/minigpt-4-vicuna-7b;mmke-entity/paligemma-3b;mmke-entity/qwen2.5-vl-3b;mmke-entity/smolvlm-1.7b;mmke-visual/blip2-opt-2.7b;mmke-visual/instructblip-vicuna-7b;mmke-visual/minigpt-4-vicuna-7b;mmke-visual/qwen2.5-vl-3b;mmke-visual/smolvlm-1.7b
clean,power_a1_b-0.5_g0,M_new_norm,3,12,False,16,70.38383333333333,72.86283333333333,-2.479000000000001,67.39772222222223,-1.6610000000000003,1,7,4,1,3,0.0,-21.60000000000001,0.8500000000000014,0.4166666666666667,evqa-pilot500/blip2-opt-2.7b;evqa-pilot500/minigpt-4-vicuna-7b;evqa-pilot500/paligemma-3b;evqa-pilot500/qwen2.5-vl-3b;evqa-pilot500/smolvlm-1.7b;mmke-entity/blip2-opt-2.7b;mmke-entity/instructblip-vicuna-7b;mmke-entity/paligemma-3b;mmke-entity/smolvlm-1.7b;mmke-visual/blip2-opt-2.7b;mmke-visual/instructblip-vicuna-7b;mmke-visual/minigpt-4-vicuna-7b
clean,power_a1_b-0.5_g0.5,M_abscos_x_newn,1,15,False,16,68.45306666666667,70.18373333333334,-1.7306666666666657,68.45306666666667,-1.7306666666666657,5,5,5,3,5,0.0,-22.24000000000001,14.88000000000001,0.13333333333333333,evqa-pilot500/blip2-opt-2.7b;evqa-pilot500/minigpt-4-vicuna-7b;evqa-pilot500/paligemma-3b;evqa-pilot500/qwen2.5-vl-3b;evqa-pilot500/smolvlm-1.7b;mmke-entity/blip2-opt-2.7b;mmke-entity/instructblip-vicuna-7b;mmke-entity/minigpt-4-vicuna-7b;mmke-entity/paligemma-3b;mmke-entity/smolvlm-1.7b;mmke-visual/blip2-opt-2.7b;mmke-visual/instructblip-vicuna-7b;mmke-visual/minigpt-4-vicuna-7b;mmke-visual/qwen2.5-vl-3b;mmke-visual/smolvlm-1.7b
clean,power_a1_b-0.5_g0.5,M_abscos_x_newn,3,8,False,16,69.24125,75.845,-6.603750000000002,67.57325,-4.781916666666669,0,3,5,0,5,-1.490000000000002,-21.60000000000001,0.0,0.25,evqa-pilot500/paligemma-3b;evqa-pilot500/qwen2.5-vl-3b;mmke-entity/blip2-opt-2.7b;mmke-entity/instructblip-vicuna-7b;mmke-entity/paligemma-3b;mmke-visual/instructblip-vicuna-7b;mmke-visual/minigpt-4-vicuna-7b;mmke-visual/smolvlm-1.7b
clean,power_a1_b-0.5_g0.5,M_new_norm,1,15,False,16,68.45306666666667,69.92786666666666,-1.474799999999999,68.45306666666667,-1.474799999999999,7,3,5,6,5,0.0,-22.24000000000001,14.88000000000001,0.13333333333333333,evqa-pilot500/blip2-opt-2.7b;evqa-pilot500/minigpt-4-vicuna-7b;evqa-pilot500/paligemma-3b;evqa-pilot500/qwen2.5-vl-3b;evqa-pilot500/smolvlm-1.7b;mmke-entity/blip2-opt-2.7b;mmke-entity/instructblip-vicuna-7b;mmke-entity/minigpt-4-vicuna-7b;mmke-entity/paligemma-3b;mmke-entity/smolvlm-1.7b;mmke-visual/blip2-opt-2.7b;mmke-visual/instructblip-vicuna-7b;mmke-visual/minigpt-4-vicuna-7b;mmke-visual/qwen2.5-vl-3b;mmke-visual/smolvlm-1.7b
clean,power_a1_b-0.5_g0.5,M_new_norm,3,8,False,16,69.24125,75.643,-6.401750000000001,67.57325,-4.561416666666668,1,2,5,1,5,-1.1069999999999993,-21.60000000000001,0.8500000000000014,0.25,evqa-pilot500/paligemma-3b;evqa-pilot500/qwen2.5-vl-3b;mmke-entity/blip2-opt-2.7b;mmke-entity/instructblip-vicuna-7b;mmke-entity/paligemma-3b;mmke-visual/instructblip-vicuna-7b;mmke-visual/minigpt-4-vicuna-7b;mmke-visual/smolvlm-1.7b
clean,power_a1_b-0.5_g1,M_abscos_x_newn,1,16,True,16,68.979125,70.311,-1.3318749999999997,68.979125,-1.3318749999999997,6,2,8,4,8,-0.2950000000000017,-22.24000000000001,15.64,0.0625,evqa-pilot500/blip2-opt-2.7b;evqa-pilot500/minigpt-4-vicuna-7b;evqa-pilot500/paligemma-3b;evqa-pilot500/qwen2.5-vl-3b;evqa-pilot500/smolvlm-1.7b;mmke-entity/blip2-opt-2.7b;mmke-entity/instructblip-vicuna-7b;mmke-entity/minigpt-4-vicuna-7b;mmke-entity/paligemma-3b;mmke-entity/qwen2.5-vl-3b;mmke-entity/smolvlm-1.7b;mmke-visual/blip2-opt-2.7b;mmke-visual/instructblip-vicuna-7b;mmke-visual/minigpt-4-vicuna-7b;mmke-visual/qwen2.5-vl-3b;mmke-visual/smolvlm-1.7b
clean,power_a1_b-0.5_g1,M_abscos_x_newn,3,12,False,16,70.87166666666667,73.77633333333334,-2.904666666666668,69.06933333333333,-1.6508888888888922,3,0,9,3,8,-0.6950000000000003,-21.660000000000004,17.093999999999994,0.25,evqa-pilot500/blip2-opt-2.7b;evqa-pilot500/paligemma-3b;evqa-pilot500/smolvlm-1.7b;mmke-entity/blip2-opt-2.7b;mmke-entity/instructblip-vicuna-7b;mmke-entity/paligemma-3b;mmke-entity/qwen2.5-vl-3b;mmke-entity/smolvlm-1.7b;mmke-visual/instructblip-vicuna-7b;mmke-visual/minigpt-4-vicuna-7b;mmke-visual/qwen2.5-vl-3b;mmke-visual/smolvlm-1.7b
clean,power_a1_b-0.5_g1,M_new_norm,1,16,True,16,68.979125,70.071125,-1.0919999999999996,68.979125,-1.0919999999999996,7,1,8,6,7,-0.05000000000000071,-22.24000000000001,15.64,0.0625,evqa-pilot500/blip2-opt-2.7b;evqa-pilot500/minigpt-4-vicuna-7b;evqa-pilot500/paligemma-3b;evqa-pilot500/qwen2.5-vl-3b;evqa-pilot500/smolvlm-1.7b;mmke-entity/blip2-opt-2.7b;mmke-entity/instructblip-vicuna-7b;mmke-entity/minigpt-4-vicuna-7b;mmke-entity/paligemma-3b;mmke-entity/qwen2.5-vl-3b;mmke-entity/smolvlm-1.7b;mmke-visual/blip2-opt-2.7b;mmke-visual/instructblip-vicuna-7b;mmke-visual/minigpt-4-vicuna-7b;mmke-visual/qwen2.5-vl-3b;mmke-visual/smolvlm-1.7b
clean,power_a1_b-0.5_g1,M_new_norm,3,12,False,16,70.87166666666667,73.7125,-2.840833333333334,69.06933333333333,-1.5858333333333359,3,0,9,3,8,-0.6950000000000003,-21.660000000000004,17.093999999999994,0.25,evqa-pilot500/blip2-opt-2.7b;evqa-pilot500/paligemma-3b;evqa-pilot500/smolvlm-1.7b;mmke-entity/blip2-opt-2.7b;mmke-entity/instructblip-vicuna-7b;mmke-entity/paligemma-3b;mmke-entity/qwen2.5-vl-3b;mmke-entity/smolvlm-1.7b;mmke-visual/instructblip-vicuna-7b;mmke-visual/minigpt-4-vicuna-7b;mmke-visual/qwen2.5-vl-3b;mmke-visual/smolvlm-1.7b
clean,power_a1_b-0.5_g2,M_abscos_x_newn,1,14,False,16,67.01185714285714,68.453,-1.4411428571428573,67.01185714285714,-1.4411428571428573,4,0,10,4,9,-1.1650000000000027,-22.24000000000001,17.439999999999998,0.07142857142857142,evqa-pilot500/blip2-opt-2.7b;evqa-pilot500/minigpt-4-vicuna-7b;evqa-pilot500/paligemma-3b;evqa-pilot500/qwen2.5-vl-3b;evqa-pilot500/smolvlm-1.7b;mmke-entity/blip2-opt-2.7b;mmke-entity/instructblip-vicuna-7b;mmke-entity/qwen2.5-vl-3b;mmke-entity/smolvlm-1.7b;mmke-visual/blip2-opt-2.7b;mmke-visual/instructblip-vicuna-7b;mmke-visual/minigpt-4-vicuna-7b;mmke-visual/qwen2.5-vl-3b;mmke-visual/smolvlm-1.7b
clean,power_a1_b-0.5_g2,M_abscos_x_newn,3,10,False,16,66.9356,68.802,-1.8664000000000016,65.98073333333333,-0.22760000000000175,2,0,8,2,8,-1.7449999999999974,-21.660000000000004,17.093999999999994,0.1,evqa-pilot500/blip2-opt-2.7b;evqa-pilot500/minigpt-4-vicuna-7b;evqa-pilot500/qwen2.5-vl-3b;evqa-pilot500/smolvlm-1.7b;mmke-entity/blip2-opt-2.7b;mmke-entity/instructblip-vicuna-7b;mmke-entity/smolvlm-1.7b;mmke-visual/blip2-opt-2.7b;mmke-visual/minigpt-4-vicuna-7b;mmke-visual/smolvlm-1.7b
clean,power_a1_b-0.5_g2,M_new_norm,1,14,False,16,67.01185714285714,68.21371428571429,-1.201857142857143,67.01185714285714,-1.201857142857143,5,0,9,4,8,-0.740000000000002,-22.24000000000001,17.439999999999998,0.07142857142857142,evqa-pilot500/blip2-opt-2.7b;evqa-pilot500/minigpt-4-vicuna-7b;evqa-pilot500/paligemma-3b;evqa-pilot500/qwen2.5-vl-3b;evqa-pilot500/smolvlm-1.7b;mmke-entity/blip2-opt-2.7b;mmke-entity/instructblip-vicuna-7b;mmke-entity/qwen2.5-vl-3b;mmke-entity/smolvlm-1.7b;mmke-visual/blip2-opt-2.7b;mmke-visual/instructblip-vicuna-7b;mmke-visual/minigpt-4-vicuna-7b;mmke-visual/qwen2.5-vl-3b;mmke-visual/smolvlm-1.7b
clean,power_a1_b-0.5_g2,M_new_norm,3,10,False,16,66.9356,69.2568,-2.321200000000001,65.98073333333333,-0.3696000000000005,2,0,8,2,7,-1.681999999999995,-21.660000000000004,17.093999999999994,0.1,evqa-pilot500/blip2-opt-2.7b;evqa-pilot500/minigpt-4-vicuna-7b;evqa-pilot500/qwen2.5-vl-3b;evqa-pilot500/smolvlm-1.7b;mmke-entity/blip2-opt-2.7b;mmke-entity/instructblip-vicuna-7b;mmke-entity/smolvlm-1.7b;mmke-visual/blip2-opt-2.7b;mmke-visual/minigpt-4-vicuna-7b;mmke-visual/smolvlm-1.7b
clean,power_a1_b0_g-1,M_abscos_x_newn,1,14,False,16,68.022,68.28542857142857,-0.2634285714285721,68.022,-0.2634285714285721,1,8,5,1,4,0.0,-1.730000000000004,1.0100000000000051,0.21428571428571427,evqa-pilot500/blip2-opt-2.7b;evqa-pilot500/minigpt-4-vicuna-7b;evqa-pilot500/qwen2.5-vl-3b;evqa-pilot500/smolvlm-1.7b;mmke-entity/blip2-opt-2.7b;mmke-entity/instructblip-vicuna-7b;mmke-entity/minigpt-4-vicuna-7b;mmke-entity/qwen2.5-vl-3b;mmke-entity/smolvlm-1.7b;mmke-visual/blip2-opt-2.7b;mmke-visual/instructblip-vicuna-7b;mmke-visual/minigpt-4-vicuna-7b;mmke-visual/qwen2.5-vl-3b;mmke-visual/smolvlm-1.7b
clean,power_a1_b0_g-1,M_abscos_x_newn,3,14,False,16,70.15057142857142,69.8607142857143,0.2898571428571418,67.4987619047619,0.052714285714284666,1,10,3,1,2,0.0,-0.8500000000000014,6.1640000000000015,0.35714285714285715,evqa-pilot500/blip2-opt-2.7b;evqa-pilot500/minigpt-4-vicuna-7b;evqa-pilot500/qwen2.5-vl-3b;evqa-pilot500/smolvlm-1.7b;mmke-entity/blip2-opt-2.7b;mmke-entity/instructblip-vicuna-7b;mmke-entity/minigpt-4-vicuna-7b;mmke-entity/qwen2.5-vl-3b;mmke-entity/smolvlm-1.7b;mmke-visual/blip2-opt-2.7b;mmke-visual/instructblip-vicuna-7b;mmke-visual/minigpt-4-vicuna-7b;mmke-visual/qwen2.5-vl-3b;mmke-visual/smolvlm-1.7b
clean,power_a1_b0_g-1,M_new_norm,1,14,False,16,68.022,68.01128571428572,0.010714285714285105,68.022,0.010714285714285105,1,12,1,1,1,0.0,-0.8600000000000136,1.0100000000000051,0.21428571428571427,evqa-pilot500/blip2-opt-2.7b;evqa-pilot500/minigpt-4-vicuna-7b;evqa-pilot500/qwen2.5-vl-3b;evqa-pilot500/smolvlm-1.7b;mmke-entity/blip2-opt-2.7b;mmke-entity/instructblip-vicuna-7b;mmke-entity/minigpt-4-vicuna-7b;mmke-entity/qwen2.5-vl-3b;mmke-entity/smolvlm-1.7b;mmke-visual/blip2-opt-2.7b;mmke-visual/instructblip-vicuna-7b;mmke-visual/minigpt-4-vicuna-7b;mmke-visual/qwen2.5-vl-3b;mmke-visual/smolvlm-1.7b
clean,power_a1_b0_g-1,M_new_norm,3,14,False,16,70.15057142857142,70.15057142857142,0.0,67.4987619047619,-0.016904761904761756,0,14,0,0,0,0.0,0.0,0.0,0.35714285714285715,evqa-pilot500/blip2-opt-2.7b;evqa-pilot500/minigpt-4-vicuna-7b;evqa-pilot500/qwen2.5-vl-3b;evqa-pilot500/smolvlm-1.7b;mmke-entity/blip2-opt-2.7b;mmke-entity/instructblip-vicuna-7b;mmke-entity/minigpt-4-vicuna-7b;mmke-entity/qwen2.5-vl-3b;mmke-entity/smolvlm-1.7b;mmke-visual/blip2-opt-2.7b;mmke-visual/instructblip-vicuna-7b;mmke-visual/minigpt-4-vicuna-7b;mmke-visual/qwen2.5-vl-3b;mmke-visual/smolvlm-1.7b
clean,power_a1_b0_g0,M_abscos_x_newn,1,16,True,16,70.311,70.311,0.0,70.311,0.0,0,16,0,0,0,0.0,0.0,0.0,0.25,evqa-pilot500/blip2-opt-2.7b;evqa-pilot500/minigpt-4-vicuna-7b;evqa-pilot500/paligemma-3b;evqa-pilot500/qwen2.5-vl-3b;evqa-pilot500/smolvlm-1.7b;mmke-entity/blip2-opt-2.7b;mmke-entity/instructblip-vicuna-7b;mmke-entity/minigpt-4-vicuna-7b;mmke-entity/paligemma-3b;mmke-entity/qwen2.5-vl-3b;mmke-entity/smolvlm-1.7b;mmke-visual/blip2-opt-2.7b;mmke-visual/instructblip-vicuna-7b;mmke-visual/minigpt-4-vicuna-7b;mmke-visual/qwen2.5-vl-3b;mmke-visual/smolvlm-1.7b
clean,power_a1_b0_g0,M_abscos_x_newn,3,16,True,16,72.494125,72.494125,0.0,69.743125,0.0,0,16,0,0,0,0.0,0.0,0.0,0.4375,evqa-pilot500/blip2-opt-2.7b;evqa-pilot500/minigpt-4-vicuna-7b;evqa-pilot500/paligemma-3b;evqa-pilot500/qwen2.5-vl-3b;evqa-pilot500/smolvlm-1.7b;mmke-entity/blip2-opt-2.7b;mmke-entity/instructblip-vicuna-7b;mmke-entity/minigpt-4-vicuna-7b;mmke-entity/paligemma-3b;mmke-entity/qwen2.5-vl-3b;mmke-entity/smolvlm-1.7b;mmke-visual/blip2-opt-2.7b;mmke-visual/instructblip-vicuna-7b;mmke-visual/minigpt-4-vicuna-7b;mmke-visual/qwen2.5-vl-3b;mmke-visual/smolvlm-1.7b
clean,power_a1_b0_g0,M_new_norm,1,16,True,16,70.311,70.071125,0.23987500000000006,70.311,0.23987500000000006,4,12,0,3,0,0.0,0.0,1.730000000000004,0.25,evqa-pilot500/blip2-opt-2.7b;evqa-pilot500/minigpt-4-vicuna-7b;evqa-pilot500/paligemma-3b;evqa-pilot500/qwen2.5-vl-3b;evqa-pilot500/smolvlm-1.7b;mmke-entity/blip2-opt-2.7b;mmke-entity/instructblip-vicuna-7b;mmke-entity/minigpt-4-vicuna-7b;mmke-entity/paligemma-3b;mmke-entity/qwen2.5-vl-3b;mmke-entity/smolvlm-1.7b;mmke-visual/blip2-opt-2.7b;mmke-visual/instructblip-vicuna-7b;mmke-visual/minigpt-4-vicuna-7b;mmke-visual/qwen2.5-vl-3b;mmke-visual/smolvlm-1.7b
clean,power_a1_b0_g0,M_new_norm,3,16,True,16,72.494125,72.74775,-0.2536249999999991,69.743125,-0.06091666666666562,3,12,1,2,1,0.0,-6.1640000000000015,0.8500000000000014,0.4375,evqa-pilot500/blip2-opt-2.7b;evqa-pilot500/minigpt-4-vicuna-7b;evqa-pilot500/paligemma-3b;evqa-pilot500/qwen2.5-vl-3b;evqa-pilot500/smolvlm-1.7b;mmke-entity/blip2-opt-2.7b;mmke-entity/instructblip-vicuna-7b;mmke-entity/minigpt-4-vicuna-7b;mmke-entity/paligemma-3b;mmke-entity/qwen2.5-vl-3b;mmke-entity/smolvlm-1.7b;mmke-visual/blip2-opt-2.7b;mmke-visual/instructblip-vicuna-7b;mmke-visual/minigpt-4-vicuna-7b;mmke-visual/qwen2.5-vl-3b;mmke-visual/smolvlm-1.7b
clean,power_a1_b0_g0.5,M_abscos_x_newn,1,13,False,16,67.92907692307692,70.14353846153845,-2.214461538461538,67.92907692307692,-2.214461538461538,2,6,5,2,5,0.0,-22.24000000000001,14.930000000000007,0.07692307692307693,evqa-pilot500/blip2-opt-2.7b;evqa-pilot500/minigpt-4-vicuna-7b;evqa-pilot500/paligemma-3b;evqa-pilot500/qwen2.5-vl-3b;evqa-pilot500/smolvlm-1.7b;mmke-entity/blip2-opt-2.7b;mmke-entity/instructblip-vicuna-7b;mmke-entity/minigpt-4-vicuna-7b;mmke-entity/paligemma-3b;mmke-visual/blip2-opt-2.7b;mmke-visual/instructblip-vicuna-7b;mmke-visual/minigpt-4-vicuna-7b;mmke-visual/smolvlm-1.7b
clean,power_a1_b0_g0.5,M_abscos_x_newn,3,9,False,16,72.03666666666666,75.7088888888889,-3.6722222222222234,70.51192592592592,-2.5661481481481507,0,4,5,0,5,-0.6800000000000068,-21.60000000000001,0.0,0.2222222222222222,evqa-pilot500/paligemma-3b;evqa-pilot500/qwen2.5-vl-3b;mmke-entity/blip2-opt-2.7b;mmke-entity/instructblip-vicuna-7b;mmke-entity/minigpt-4-vicuna-7b;mmke-entity/paligemma-3b;mmke-visual/blip2-opt-2.7b;mmke-visual/minigpt-4-vicuna-7b;mmke-visual/smolvlm-1.7b
clean,power_a1_b0_g0.5,M_new_norm,1,13,False,16,67.92907692307692,69.84830769230769,-1.9192307692307689,67.92907692307692,-1.9192307692307689,5,3,5,4,5,0.0,-22.24000000000001,14.930000000000007,0.07692307692307693,evqa-pilot500/blip2-opt-2.7b;evqa-pilot500/minigpt-4-vicuna-7b;evqa-pilot500/paligemma-3b;evqa-pilot500/qwen2.5-vl-3b;evqa-pilot500/smolvlm-1.7b;mmke-entity/blip2-opt-2.7b;mmke-entity/instructblip-vicuna-7b;mmke-entity/minigpt-4-vicuna-7b;mmke-entity/paligemma-3b;mmke-visual/blip2-opt-2.7b;mmke-visual/instructblip-vicuna-7b;mmke-visual/minigpt-4-vicuna-7b;mmke-visual/smolvlm-1.7b
clean,power_a1_b0_g0.5,M_new_norm,3,9,False,16,72.03666666666666,75.47488888888888,-3.4382222222222216,70.51192592592592,-2.3206666666666678,2,2,5,1,5,-0.6800000000000068,-21.60000000000001,0.8500000000000014,0.2222222222222222,evqa-pilot500/paligemma-3b;evqa-pilot500/qwen2.5-vl-3b;mmke-entity/blip2-opt-2.7b;mmke-entity/instructblip-vicuna-7b;mmke-entity/minigpt-4-vicuna-7b;mmke-entity/paligemma-3b;mmke-visual/blip2-opt-2.7b;mmke-visual/minigpt-4-vicuna-7b;mmke-visual/smolvlm-1.7b
clean,power_a1_b0_g1,M_abscos_x_newn,1,14,False,16,68.70814285714286,70.199,-1.4908571428571424,68.70814285714286,-1.4908571428571424,5,4,5,4,5,0.0,-22.24000000000001,14.88000000000001,0.14285714285714285,evqa-pilot500/blip2-opt-2.7b;evqa-pilot500/minigpt-4-vicuna-7b;evqa-pilot500/paligemma-3b;evqa-pilot500/qwen2.5-vl-3b;mmke-entity/blip2-opt-2.7b;mmke-entity/instructblip-vicuna-7b;mmke-entity/minigpt-4-vicuna-7b;mmke-entity/paligemma-3b;mmke-entity/smolvlm-1.7b;mmke-visual/blip2-opt-2.7b;mmke-visual/instructblip-vicuna-7b;mmke-visual/minigpt-4-vicuna-7b;mmke-visual/qwen2.5-vl-3b;mmke-visual/smolvlm-1.7b
clean,power_a1_b0_g1,M_abscos_x_newn,3,9,False,16,69.87311111111111,73.91844444444445,-4.045333333333336,68.48096296296296,-2.0122962962963005,1,2,6,1,5,-0.5900000000000034,-21.60000000000001,16.685999999999993,0.1111111111111111,evqa-pilot500/blip2-opt-2.7b;evqa-pilot500/paligemma-3b;evqa-pilot500/qwen2.5-vl-3b;mmke-entity/blip2-opt-2.7b;mmke-entity/instructblip-vicuna-7b;mmke-entity/paligemma-3b;mmke-visual/instructblip-vicuna-7b;mmke-visual/minigpt-4-vicuna-7b;mmke-visual/smolvlm-1.7b
clean,power_a1_b0_g1,M_new_norm,1,14,False,16,68.70814285714286,69.92485714285715,-1.2167142857142852,68.70814285714286,-1.2167142857142852,8,1,5,6,5,0.2539999999999978,-22.24000000000001,14.88000000000001,0.14285714285714285,evqa-pilot500/blip2-opt-2.7b;evqa-pilot500/minigpt-4-vicuna-7b;evqa-pilot500/paligemma-3b;evqa-pilot500/qwen2.5-vl-3b;mmke-entity/blip2-opt-2.7b;mmke-entity/instructblip-vicuna-7b;mmke-entity/minigpt-4-vicuna-7b;mmke-entity/paligemma-3b;mmke-entity/smolvlm-1.7b;mmke-visual/blip2-opt-2.7b;mmke-visual/instructblip-vicuna-7b;mmke-visual/minigpt-4-vicuna-7b;mmke-visual/qwen2.5-vl-3b;mmke-visual/smolvlm-1.7b
clean,power_a1_b0_g1,M_new_norm,3,9,False,16,69.87311111111111,73.7388888888889,-3.8657777777777804,68.48096296296296,-1.8162962962962992,2,1,6,2,5,-0.5900000000000034,-21.60000000000001,16.685999999999993,0.1111111111111111,evqa-pilot500/blip2-opt-2.7b;evqa-pilot500/paligemma-3b;evqa-pilot500/qwen2.5-vl-3b;mmke-entity/blip2-opt-2.7b;mmke-entity/instructblip-vicuna-7b;mmke-entity/paligemma-3b;mmke-visual/instructblip-vicuna-7b;mmke-visual/minigpt-4-vicuna-7b;mmke-visual/smolvlm-1.7b
clean,power_a1_b0_g2,M_abscos_x_newn,1,15,False,16,69.4024,71.02773333333333,-1.6253333333333315,69.4024,-1.6253333333333315,5,0,10,3,9,-0.9200000000000017,-22.24000000000001,15.64,0,evqa-pilot500/blip2-opt-2.7b;evqa-pilot500/paligemma-3b;evqa-pilot500/qwen2.5-vl-3b;evqa-pilot500/smolvlm-1.7b;mmke-entity/blip2-opt-2.7b;mmke-entity/instructblip-vicuna-7b;mmke-entity/minigpt-4-vicuna-7b;mmke-entity/paligemma-3b;mmke-entity/qwen2.5-vl-3b;mmke-entity/smolvlm-1.7b;mmke-visual/blip2-opt-2.7b;mmke-visual/instructblip-vicuna-7b;mmke-visual/minigpt-4-vicuna-7b;mmke-visual/qwen2.5-vl-3b;mmke-visual/smolvlm-1.7b
clean,power_a1_b0_g2,M_abscos_x_newn,3,14,False,16,70.25071428571428,72.78042857142857,-2.5297142857142876,68.68752380952381,-1.2507619047619076,4,1,9,3,9,-0.7850000000000037,-21.60000000000001,17.093999999999994,0.21428571428571427,evqa-pilot500/blip2-opt-2.7b;evqa-pilot500/paligemma-3b;evqa-pilot500/qwen2.5-vl-3b;evqa-pilot500/smolvlm-1.7b;mmke-entity/blip2-opt-2.7b;mmke-entity/instructblip-vicuna-7b;mmke-entity/paligemma-3b;mmke-entity/qwen2.5-vl-3b;mmke-entity/smolvlm-1.7b;mmke-visual/blip2-opt-2.7b;mmke-visual/instructblip-vicuna-7b;mmke-visual/minigpt-4-vicuna-7b;mmke-visual/qwen2.5-vl-3b;mmke-visual/smolvlm-1.7b
clean,power_a1_b0_g2,M_new_norm,1,15,False,16,69.4024,70.8872,-1.4847999999999986,69.4024,-1.4847999999999986,5,0,10,4,8,-0.6899999999999977,-22.24000000000001,15.64,0,evqa-pilot500/blip2-opt-2.7b;evqa-pilot500/paligemma-3b;evqa-pilot500/qwen2.5-vl-3b;evqa-pilot500/smolvlm-1.7b;mmke-entity/blip2-opt-2.7b;mmke-entity/instructblip-vicuna-7b;mmke-entity/minigpt-4-vicuna-7b;mmke-entity/paligemma-3b;mmke-entity/qwen2.5-vl-3b;mmke-entity/smolvlm-1.7b;mmke-visual/blip2-opt-2.7b;mmke-visual/instructblip-vicuna-7b;mmke-visual/minigpt-4-vicuna-7b;mmke-visual/qwen2.5-vl-3b;mmke-visual/smolvlm-1.7b
clean,power_a1_b0_g2,M_new_norm,3,14,False,16,70.25071428571428,72.665,-2.4142857142857155,68.68752380952381,-1.124761904761907,5,0,9,4,9,-0.7850000000000037,-21.60000000000001,17.093999999999994,0.21428571428571427,evqa-pilot500/blip2-opt-2.7b;evqa-pilot500/paligemma-3b;evqa-pilot500/qwen2.5-vl-3b;evqa-pilot500/smolvlm-1.7b;mmke-entity/blip2-opt-2.7b;mmke-entity/instructblip-vicuna-7b;mmke-entity/paligemma-3b;mmke-entity/qwen2.5-vl-3b;mmke-entity/smolvlm-1.7b;mmke-visual/blip2-opt-2.7b;mmke-visual/instructblip-vicuna-7b;mmke-visual/minigpt-4-vicuna-7b;mmke-visual/qwen2.5-vl-3b;mmke-visual/smolvlm-1.7b
clean,power_a1_b0.5_g-1,M_abscos_x_newn,1,14,False,16,68.022,68.28542857142857,-0.2634285714285721,68.022,-0.2634285714285721,1,8,5,1,4,0.0,-1.730000000000004,1.0100000000000051,0.21428571428571427,evqa-pilot500/blip2-opt-2.7b;evqa-pilot500/minigpt-4-vicuna-7b;evqa-pilot500/qwen2.5-vl-3b;evqa-pilot500/smolvlm-1.7b;mmke-entity/blip2-opt-2.7b;mmke-entity/instructblip-vicuna-7b;mmke-entity/minigpt-4-vicuna-7b;mmke-entity/qwen2.5-vl-3b;mmke-entity/smolvlm-1.7b;mmke-visual/blip2-opt-2.7b;mmke-visual/instructblip-vicuna-7b;mmke-visual/minigpt-4-vicuna-7b;mmke-visual/qwen2.5-vl-3b;mmke-visual/smolvlm-1.7b
clean,power_a1_b0.5_g-1,M_abscos_x_newn,3,14,False,16,70.15057142857142,69.8607142857143,0.2898571428571418,67.4987619047619,0.052714285714284666,1,10,3,1,2,0.0,-0.8500000000000014,6.1640000000000015,0.35714285714285715,evqa-pilot500/blip2-opt-2.7b;evqa-pilot500/minigpt-4-vicuna-7b;evqa-pilot500/qwen2.5-vl-3b;evqa-pilot500/smolvlm-1.7b;mmke-entity/blip2-opt-2.7b;mmke-entity/instructblip-vicuna-7b;mmke-entity/minigpt-4-vicuna-7b;mmke-entity/qwen2.5-vl-3b;mmke-entity/smolvlm-1.7b;mmke-visual/blip2-opt-2.7b;mmke-visual/instructblip-vicuna-7b;mmke-visual/minigpt-4-vicuna-7b;mmke-visual/qwen2.5-vl-3b;mmke-visual/smolvlm-1.7b
clean,power_a1_b0.5_g-1,M_new_norm,1,14,False,16,68.022,68.01128571428572,0.010714285714285105,68.022,0.010714285714285105,1,12,1,1,1,0.0,-0.8600000000000136,1.0100000000000051,0.21428571428571427,evqa-pilot500/blip2-opt-2.7b;evqa-pilot500/minigpt-4-vicuna-7b;evqa-pilot500/qwen2.5-vl-3b;evqa-pilot500/smolvlm-1.7b;mmke-entity/blip2-opt-2.7b;mmke-entity/instructblip-vicuna-7b;mmke-entity/minigpt-4-vicuna-7b;mmke-entity/qwen2.5-vl-3b;mmke-entity/smolvlm-1.7b;mmke-visual/blip2-opt-2.7b;mmke-visual/instructblip-vicuna-7b;mmke-visual/minigpt-4-vicuna-7b;mmke-visual/qwen2.5-vl-3b;mmke-visual/smolvlm-1.7b
clean,power_a1_b0.5_g-1,M_new_norm,3,14,False,16,70.15057142857142,70.15057142857142,0.0,67.4987619047619,-0.016904761904761756,0,14,0,0,0,0.0,0.0,0.0,0.35714285714285715,evqa-pilot500/blip2-opt-2.7b;evqa-pilot500/minigpt-4-vicuna-7b;evqa-pilot500/qwen2.5-vl-3b;evqa-pilot500/smolvlm-1.7b;mmke-entity/blip2-opt-2.7b;mmke-entity/instructblip-vicuna-7b;mmke-entity/minigpt-4-vicuna-7b;mmke-entity/qwen2.5-vl-3b;mmke-entity/smolvlm-1.7b;mmke-visual/blip2-opt-2.7b;mmke-visual/instructblip-vicuna-7b;mmke-visual/minigpt-4-vicuna-7b;mmke-visual/qwen2.5-vl-3b;mmke-visual/smolvlm-1.7b
clean,power_a1_b0.5_g0,M_abscos_x_newn,1,15,False,16,69.86746666666667,69.94346666666667,-0.07600000000000004,69.86746666666667,-0.07600000000000004,0,14,1,0,1,0.0,-1.1400000000000006,0.0,0.2,evqa-pilot500/blip2-opt-2.7b;evqa-pilot500/minigpt-4-vicuna-7b;evqa-pilot500/paligemma-3b;evqa-pilot500/qwen2.5-vl-3b;evqa-pilot500/smolvlm-1.7b;mmke-entity/blip2-opt-2.7b;mmke-entity/instructblip-vicuna-7b;mmke-entity/paligemma-3b;mmke-entity/qwen2.5-vl-3b;mmke-entity/smolvlm-1.7b;mmke-visual/blip2-opt-2.7b;mmke-visual/instructblip-vicuna-7b;mmke-visual/minigpt-4-vicuna-7b;mmke-visual/qwen2.5-vl-3b;mmke-visual/smolvlm-1.7b
clean,power_a1_b0.5_g0,M_abscos_x_newn,3,15,False,16,72.23173333333334,72.25773333333333,-0.026000000000000512,69.45306666666667,0.11337777777777755,0,13,2,0,0,0.0,-0.20000000000000284,0.0,0.4,evqa-pilot500/blip2-opt-2.7b;evqa-pilot500/minigpt-4-vicuna-7b;evqa-pilot500/paligemma-3b;evqa-pilot500/qwen2.5-vl-3b;evqa-pilot500/smolvlm-1.7b;mmke-entity/blip2-opt-2.7b;mmke-entity/instructblip-vicuna-7b;mmke-entity/paligemma-3b;mmke-entity/qwen2.5-vl-3b;mmke-entity/smolvlm-1.7b;mmke-visual/blip2-opt-2.7b;mmke-visual/instructblip-vicuna-7b;mmke-visual/minigpt-4-vicuna-7b;mmke-visual/qwen2.5-vl-3b;mmke-visual/smolvlm-1.7b
clean,power_a1_b0.5_g0,M_new_norm,1,15,False,16,69.86746666666667,69.72013333333334,0.1473333333333334,69.86746666666667,0.1473333333333334,2,12,1,2,0,0.0,-0.28999999999999915,1.730000000000004,0.2,evqa-pilot500/blip2-opt-2.7b;evqa-pilot500/minigpt-4-vicuna-7b;evqa-pilot500/paligemma-3b;evqa-pilot500/qwen2.5-vl-3b;evqa-pilot500/smolvlm-1.7b;mmke-entity/blip2-opt-2.7b;mmke-entity/instructblip-vicuna-7b;mmke-entity/paligemma-3b;mmke-entity/qwen2.5-vl-3b;mmke-entity/smolvlm-1.7b;mmke-visual/blip2-opt-2.7b;mmke-visual/instructblip-vicuna-7b;mmke-visual/minigpt-4-vicuna-7b;mmke-visual/qwen2.5-vl-3b;mmke-visual/smolvlm-1.7b
clean,power_a1_b0.5_g0,M_new_norm,3,15,False,16,72.23173333333334,72.56093333333334,-0.32920000000000016,69.45306666666667,0.018711111111111716,2,12,1,2,1,0.0,-6.1640000000000015,0.6599999999999966,0.4,evqa-pilot500/blip2-opt-2.7b;evqa-pilot500/minigpt-4-vicuna-7b;evqa-pilot500/paligemma-3b;evqa-pilot500/qwen2.5-vl-3b;evqa-pilot500/smolvlm-1.7b;mmke-entity/blip2-opt-2.7b;mmke-entity/instructblip-vicuna-7b;mmke-entity/paligemma-3b;mmke-entity/qwen2.5-vl-3b;mmke-entity/smolvlm-1.7b;mmke-visual/blip2-opt-2.7b;mmke-visual/instructblip-vicuna-7b;mmke-visual/minigpt-4-vicuna-7b;mmke-visual/qwen2.5-vl-3b;mmke-visual/smolvlm-1.7b
clean,power_a1_b0.5_g0.5,M_abscos_x_newn,1,14,False,16,67.171,70.16685714285714,-2.995857142857141,67.171,-2.995857142857141,2,6,6,2,6,0.0,-20.540000000000006,4.300000000000004,0,evqa-pilot500/blip2-opt-2.7b;evqa-pilot500/minigpt-4-vicuna-7b;evqa-pilot500/paligemma-3b;evqa-pilot500/qwen2.5-vl-3b;evqa-pilot500/smolvlm-1.7b;mmke-entity/blip2-opt-2.7b;mmke-entity/instructblip-vicuna-7b;mmke-entity/minigpt-4-vicuna-7b;mmke-entity/paligemma-3b;mmke-entity/smolvlm-1.7b;mmke-visual/blip2-opt-2.7b;mmke-visual/instructblip-vicuna-7b;mmke-visual/minigpt-4-vicuna-7b;mmke-visual/smolvlm-1.7b
clean,power_a1_b0.5_g0.5,M_abscos_x_newn,3,8,False,16,72.8075,73.432,-0.6245000000000012,70.05808333333333,-0.4900833333333354,1,3,4,1,2,-0.09000000000000341,-7.549999999999997,3.9540000000000006,0.125,evqa-pilot500/blip2-opt-2.7b;evqa-pilot500/minigpt-4-vicuna-7b;evqa-pilot500/paligemma-3b;evqa-pilot500/qwen2.5-vl-3b;mmke-entity/blip2-opt-2.7b;mmke-entity/minigpt-4-vicuna-7b;mmke-entity/paligemma-3b;mmke-visual/blip2-opt-2.7b
clean,power_a1_b0.5_g0.5,M_new_norm,1,14,False,16,67.171,69.89271428571429,-2.721714285714284,67.171,-2.721714285714284,5,4,5,3,4,0.0,-20.540000000000006,4.300000000000004,0,evqa-pilot500/blip2-opt-2.7b;evqa-pilot500/minigpt-4-vicuna-7b;evqa-pilot500/paligemma-3b;evqa-pilot500/qwen2.5-vl-3b;evqa-pilot500/smolvlm-1.7b;mmke-entity/blip2-opt-2.7b;mmke-entity/instructblip-vicuna-7b;mmke-entity/minigpt-4-vicuna-7b;mmke-entity/paligemma-3b;mmke-entity/smolvlm-1.7b;mmke-visual/blip2-opt-2.7b;mmke-visual/instructblip-vicuna-7b;mmke-visual/minigpt-4-vicuna-7b;mmke-visual/smolvlm-1.7b
clean,power_a1_b0.5_g0.5,M_new_norm,3,8,False,16,72.8075,74.035,-1.2275,70.05808333333333,-0.7095000000000011,3,2,3,2,2,0.0,-7.549999999999997,3.9540000000000006,0.125,evqa-pilot500/blip2-opt-2.7b;evqa-pilot500/minigpt-4-vicuna-7b;evqa-pilot500/paligemma-3b;evqa-pilot500/qwen2.5-vl-3b;mmke-entity/blip2-opt-2.7b;mmke-entity/minigpt-4-vicuna-7b;mmke-entity/paligemma-3b;mmke-visual/blip2-opt-2.7b
clean,power_a1_b0.5_g1,M_abscos_x_newn,1,12,False,16,67.9845,71.18383333333334,-3.199333333333334,67.9845,-3.199333333333334,2,5,5,1,5,0.0,-20.540000000000006,6.82,0,evqa-pilot500/minigpt-4-vicuna-7b;evqa-pilot500/paligemma-3b;evqa-pilot500/qwen2.5-vl-3b;mmke-entity/blip2-opt-2.7b;mmke-entity/instructblip-vicuna-7b;mmke-entity/minigpt-4-vicuna-7b;mmke-entity/paligemma-3b;mmke-entity/smolvlm-1.7b;mmke-visual/blip2-opt-2.7b;mmke-visual/instructblip-vicuna-7b;mmke-visual/minigpt-4-vicuna-7b;mmke-visual/smolvlm-1.7b
clean,power_a1_b0.5_g1,M_abscos_x_newn,3,10,False,16,70.0386,75.267,-5.228400000000002,68.69306666666667,-3.5015333333333354,0,3,7,0,5,-0.5470000000000041,-20.730000000000004,0.0,0.1,evqa-pilot500/paligemma-3b;evqa-pilot500/qwen2.5-vl-3b;mmke-entity/blip2-opt-2.7b;mmke-entity/instructblip-vicuna-7b;mmke-entity/minigpt-4-vicuna-7b;mmke-entity/paligemma-3b;mmke-visual/blip2-opt-2.7b;mmke-visual/instructblip-vicuna-7b;mmke-visual/minigpt-4-vicuna-7b;mmke-visual/smolvlm-1.7b
clean,power_a1_b0.5_g1,M_new_norm,1,12,False,16,67.9845,70.864,-2.8795000000000006,67.9845,-2.8795000000000006,5,3,4,2,4,0.0,-20.540000000000006,6.82,0,evqa-pilot500/minigpt-4-vicuna-7b;evqa-pilot500/paligemma-3b;evqa-pilot500/qwen2.5-vl-3b;mmke-entity/blip2-opt-2.7b;mmke-entity/instructblip-vicuna-7b;mmke-entity/minigpt-4-vicuna-7b;mmke-entity/paligemma-3b;mmke-entity/smolvlm-1.7b;mmke-visual/blip2-opt-2.7b;mmke-visual/instructblip-vicuna-7b;mmke-visual/minigpt-4-vicuna-7b;mmke-visual/smolvlm-1.7b
clean,power_a1_b0.5_g1,M_new_norm,3,10,False,16,70.0386,75.0564,-5.0178,68.69306666666667,-3.2806000000000006,2,1,7,1,5,-0.5470000000000041,-20.730000000000004,0.8500000000000014,0.1,evqa-pilot500/paligemma-3b;evqa-pilot500/qwen2.5-vl-3b;mmke-entity/blip2-opt-2.7b;mmke-entity/instructblip-vicuna-7b;mmke-entity/minigpt-4-vicuna-7b;mmke-entity/paligemma-3b;mmke-visual/blip2-opt-2.7b;mmke-visual/instructblip-vicuna-7b;mmke-visual/minigpt-4-vicuna-7b;mmke-visual/smolvlm-1.7b
clean,power_a1_b0.5_g2,M_abscos_x_newn,1,16,True,16,68.994,70.311,-1.3170000000000002,68.994,-1.3170000000000002,3,4,9,3,8,-0.3100000000000023,-22.24000000000001,14.88000000000001,0.0625,evqa-pilot500/blip2-opt-2.7b;evqa-pilot500/minigpt-4-vicuna-7b;evqa-pilot500/paligemma-3b;evqa-pilot500/qwen2.5-vl-3b;evqa-pilot500/smolvlm-1.7b;mmke-entity/blip2-opt-2.7b;mmke-entity/instructblip-vicuna-7b;mmke-entity/minigpt-4-vicuna-7b;mmke-entity/paligemma-3b;mmke-entity/qwen2.5-vl-3b;mmke-entity/smolvlm-1.7b;mmke-visual/blip2-opt-2.7b;mmke-visual/instructblip-vicuna-7b;mmke-visual/minigpt-4-vicuna-7b;mmke-visual/qwen2.5-vl-3b;mmke-visual/smolvlm-1.7b
clean,power_a1_b0.5_g2,M_abscos_x_newn,3,13,False,16,70.15076923076923,72.90815384615385,-2.7573846153846167,68.93528205128204,-0.9305641025641063,4,1,8,3,7,-0.5900000000000034,-21.60000000000001,17.093999999999994,0.23076923076923078,evqa-pilot500/blip2-opt-2.7b;evqa-pilot500/paligemma-3b;evqa-pilot500/qwen2.5-vl-3b;evqa-pilot500/smolvlm-1.7b;mmke-entity/blip2-opt-2.7b;mmke-entity/instructblip-vicuna-7b;mmke-entity/paligemma-3b;mmke-entity/qwen2.5-vl-3b;mmke-visual/blip2-opt-2.7b;mmke-visual/instructblip-vicuna-7b;mmke-visual/minigpt-4-vicuna-7b;mmke-visual/qwen2.5-vl-3b;mmke-visual/smolvlm-1.7b
clean,power_a1_b0.5_g2,M_new_norm,1,16,True,16,68.994,70.071125,-1.077125,68.994,-1.077125,6,1,9,5,8,-0.3100000000000023,-22.24000000000001,14.88000000000001,0.0625,evqa-pilot500/blip2-opt-2.7b;evqa-pilot500/minigpt-4-vicuna-7b;evqa-pilot500/paligemma-3b;evqa-pilot500/qwen2.5-vl-3b;evqa-pilot500/smolvlm-1.7b;mmke-entity/blip2-opt-2.7b;mmke-entity/instructblip-vicuna-7b;mmke-entity/minigpt-4-vicuna-7b;mmke-entity/paligemma-3b;mmke-entity/qwen2.5-vl-3b;mmke-entity/smolvlm-1.7b;mmke-visual/blip2-opt-2.7b;mmke-visual/instructblip-vicuna-7b;mmke-visual/minigpt-4-vicuna-7b;mmke-visual/qwen2.5-vl-3b;mmke-visual/smolvlm-1.7b
clean,power_a1_b0.5_g2,M_new_norm,3,13,False,16,70.15076923076923,72.78384615384616,-2.6330769230769238,68.93528205128204,-0.7948717948717978,5,0,8,4,7,-0.5900000000000034,-21.60000000000001,17.093999999999994,0.23076923076923078,evqa-pilot500/blip2-opt-2.7b;evqa-pilot500/paligemma-3b;evqa-pilot500/qwen2.5-vl-3b;evqa-pilot500/smolvlm-1.7b;mmke-entity/blip2-opt-2.7b;mmke-entity/instructblip-vicuna-7b;mmke-entity/paligemma-3b;mmke-entity/qwen2.5-vl-3b;mmke-visual/blip2-opt-2.7b;mmke-visual/instructblip-vicuna-7b;mmke-visual/minigpt-4-vicuna-7b;mmke-visual/qwen2.5-vl-3b;mmke-visual/smolvlm-1.7b
clean,power_a1_b1_g-1,M_abscos_x_newn,1,14,False,16,68.022,68.28542857142857,-0.2634285714285721,68.022,-0.2634285714285721,1,8,5,1,4,0.0,-1.730000000000004,1.0100000000000051,0.21428571428571427,evqa-pilot500/blip2-opt-2.7b;evqa-pilot500/minigpt-4-vicuna-7b;evqa-pilot500/qwen2.5-vl-3b;evqa-pilot500/smolvlm-1.7b;mmke-entity/blip2-opt-2.7b;mmke-entity/instructblip-vicuna-7b;mmke-entity/minigpt-4-vicuna-7b;mmke-entity/qwen2.5-vl-3b;mmke-entity/smolvlm-1.7b;mmke-visual/blip2-opt-2.7b;mmke-visual/instructblip-vicuna-7b;mmke-visual/minigpt-4-vicuna-7b;mmke-visual/qwen2.5-vl-3b;mmke-visual/smolvlm-1.7b
clean,power_a1_b1_g-1,M_abscos_x_newn,3,14,False,16,70.15057142857142,69.8607142857143,0.2898571428571418,67.4987619047619,0.052714285714284666,1,10,3,1,2,0.0,-0.8500000000000014,6.1640000000000015,0.35714285714285715,evqa-pilot500/blip2-opt-2.7b;evqa-pilot500/minigpt-4-vicuna-7b;evqa-pilot500/qwen2.5-vl-3b;evqa-pilot500/smolvlm-1.7b;mmke-entity/blip2-opt-2.7b;mmke-entity/instructblip-vicuna-7b;mmke-entity/minigpt-4-vicuna-7b;mmke-entity/qwen2.5-vl-3b;mmke-entity/smolvlm-1.7b;mmke-visual/blip2-opt-2.7b;mmke-visual/instructblip-vicuna-7b;mmke-visual/minigpt-4-vicuna-7b;mmke-visual/qwen2.5-vl-3b;mmke-visual/smolvlm-1.7b
clean,power_a1_b1_g-1,M_new_norm,1,14,False,16,68.022,68.01128571428572,0.010714285714285105,68.022,0.010714285714285105,1,12,1,1,1,0.0,-0.8600000000000136,1.0100000000000051,0.21428571428571427,evqa-pilot500/blip2-opt-2.7b;evqa-pilot500/minigpt-4-vicuna-7b;evqa-pilot500/qwen2.5-vl-3b;evqa-pilot500/smolvlm-1.7b;mmke-entity/blip2-opt-2.7b;mmke-entity/instructblip-vicuna-7b;mmke-entity/minigpt-4-vicuna-7b;mmke-entity/qwen2.5-vl-3b;mmke-entity/smolvlm-1.7b;mmke-visual/blip2-opt-2.7b;mmke-visual/instructblip-vicuna-7b;mmke-visual/minigpt-4-vicuna-7b;mmke-visual/qwen2.5-vl-3b;mmke-visual/smolvlm-1.7b
clean,power_a1_b1_g-1,M_new_norm,3,14,False,16,70.15057142857142,70.15057142857142,0.0,67.4987619047619,-0.016904761904761756,0,14,0,0,0,0.0,0.0,0.0,0.35714285714285715,evqa-pilot500/blip2-opt-2.7b;evqa-pilot500/minigpt-4-vicuna-7b;evqa-pilot500/qwen2.5-vl-3b;evqa-pilot500/smolvlm-1.7b;mmke-entity/blip2-opt-2.7b;mmke-entity/instructblip-vicuna-7b;mmke-entity/minigpt-4-vicuna-7b;mmke-entity/qwen2.5-vl-3b;mmke-entity/smolvlm-1.7b;mmke-visual/blip2-opt-2.7b;mmke-visual/instructblip-vicuna-7b;mmke-visual/minigpt-4-vicuna-7b;mmke-visual/qwen2.5-vl-3b;mmke-visual/smolvlm-1.7b
clean,power_a1_b1_g0,M_abscos_x_newn,1,15,False,16,69.86746666666667,69.94346666666667,-0.07600000000000004,69.86746666666667,-0.07600000000000004,0,14,1,0,1,0.0,-1.1400000000000006,0.0,0.2,evqa-pilot500/blip2-opt-2.7b;evqa-pilot500/minigpt-4-vicuna-7b;evqa-pilot500/paligemma-3b;evqa-pilot500/qwen2.5-vl-3b;evqa-pilot500/smolvlm-1.7b;mmke-entity/blip2-opt-2.7b;mmke-entity/instructblip-vicuna-7b;mmke-entity/paligemma-3b;mmke-entity/qwen2.5-vl-3b;mmke-entity/smolvlm-1.7b;mmke-visual/blip2-opt-2.7b;mmke-visual/instructblip-vicuna-7b;mmke-visual/minigpt-4-vicuna-7b;mmke-visual/qwen2.5-vl-3b;mmke-visual/smolvlm-1.7b
clean,power_a1_b1_g0,M_abscos_x_newn,3,14,False,16,72.21000000000001,71.93114285714286,0.2788571428571431,69.11938095238095,0.3040476190476191,1,12,1,1,0,0.0,-0.19000000000000483,4.094000000000008,0.42857142857142855,evqa-pilot500/blip2-opt-2.7b;evqa-pilot500/minigpt-4-vicuna-7b;evqa-pilot500/paligemma-3b;evqa-pilot500/qwen2.5-vl-3b;evqa-pilot500/smolvlm-1.7b;mmke-entity/blip2-opt-2.7b;mmke-entity/instructblip-vicuna-7b;mmke-entity/paligemma-3b;mmke-entity/qwen2.5-vl-3b;mmke-entity/smolvlm-1.7b;mmke-visual/blip2-opt-2.7b;mmke-visual/instructblip-vicuna-7b;mmke-visual/qwen2.5-vl-3b;mmke-visual/smolvlm-1.7b
clean,power_a1_b1_g0,M_new_norm,1,15,False,16,69.86746666666667,69.72013333333334,0.1473333333333334,69.86746666666667,0.1473333333333334,2,12,1,2,0,0.0,-0.28999999999999915,1.730000000000004,0.2,evqa-pilot500/blip2-opt-2.7b;evqa-pilot500/minigpt-4-vicuna-7b;evqa-pilot500/paligemma-3b;evqa-pilot500/qwen2.5-vl-3b;evqa-pilot500/smolvlm-1.7b;mmke-entity/blip2-opt-2.7b;mmke-entity/instructblip-vicuna-7b;mmke-entity/paligemma-3b;mmke-entity/qwen2.5-vl-3b;mmke-entity/smolvlm-1.7b;mmke-visual/blip2-opt-2.7b;mmke-visual/instructblip-vicuna-7b;mmke-visual/minigpt-4-vicuna-7b;mmke-visual/qwen2.5-vl-3b;mmke-visual/smolvlm-1.7b
clean,power_a1_b1_g0,M_new_norm,3,14,False,16,72.21000000000001,72.31071428571428,-0.10071428571428546,69.11938095238095,0.14685714285714319,1,12,1,1,1,0.0,-2.069999999999993,0.6599999999999966,0.42857142857142855,evqa-pilot500/blip2-opt-2.7b;evqa-pilot500/minigpt-4-vicuna-7b;evqa-pilot500/paligemma-3b;evqa-pilot500/qwen2.5-vl-3b;evqa-pilot500/smolvlm-1.7b;mmke-entity/blip2-opt-2.7b;mmke-entity/instructblip-vicuna-7b;mmke-entity/paligemma-3b;mmke-entity/qwen2.5-vl-3b;mmke-entity/smolvlm-1.7b;mmke-visual/blip2-opt-2.7b;mmke-visual/instructblip-vicuna-7b;mmke-visual/qwen2.5-vl-3b;mmke-visual/smolvlm-1.7b
clean,power_a1_b1_g0.5,M_abscos_x_newn,1,12,False,16,69.176,70.16133333333333,-0.9853333333333337,69.176,-0.9853333333333337,2,7,3,1,2,0.0,-11.199999999999996,0.5799999999999983,0,evqa-pilot500/blip2-opt-2.7b;evqa-pilot500/minigpt-4-vicuna-7b;evqa-pilot500/paligemma-3b;evqa-pilot500/qwen2.5-vl-3b;evqa-pilot500/smolvlm-1.7b;mmke-entity/blip2-opt-2.7b;mmke-entity/minigpt-4-vicuna-7b;mmke-entity/paligemma-3b;mmke-entity/smolvlm-1.7b;mmke-visual/blip2-opt-2.7b;mmke-visual/minigpt-4-vicuna-7b;mmke-visual/qwen2.5-vl-3b
clean,power_a1_b1_g0.5,M_abscos_x_newn,3,10,False,16,72.168,72.8636,-0.6956000000000003,70.05253333333333,0.09273333333333297,2,4,4,1,2,0.0,-7.549999999999997,3.9540000000000006,0.1,evqa-pilot500/blip2-opt-2.7b;evqa-pilot500/minigpt-4-vicuna-7b;evqa-pilot500/paligemma-3b;evqa-pilot500/qwen2.5-vl-3b;evqa-pilot500/smolvlm-1.7b;mmke-entity/blip2-opt-2.7b;mmke-entity/paligemma-3b;mmke-visual/blip2-opt-2.7b;mmke-visual/minigpt-4-vicuna-7b;mmke-visual/qwen2.5-vl-3b
clean,power_a1_b1_g0.5,M_new_norm,1,12,False,16,69.176,69.8415,-0.6655000000000003,69.176,-0.6655000000000003,5,5,2,3,1,0.0,-11.199999999999996,1.730000000000004,0,evqa-pilot500/blip2-opt-2.7b;evqa-pilot500/minigpt-4-vicuna-7b;evqa-pilot500/paligemma-3b;evqa-pilot500/qwen2.5-vl-3b;evqa-pilot500/smolvlm-1.7b;mmke-entity/blip2-opt-2.7b;mmke-entity/minigpt-4-vicuna-7b;mmke-entity/paligemma-3b;mmke-entity/smolvlm-1.7b;mmke-visual/blip2-opt-2.7b;mmke-visual/minigpt-4-vicuna-7b;mmke-visual/qwen2.5-vl-3b
clean,power_a1_b1_g0.5,M_new_norm,3,10,False,16,72.168,73.3184,-1.1503999999999999,70.05253333333333,-0.04926666666666577,4,2,4,3,3,0.0,-7.549999999999997,3.9540000000000006,0.1,evqa-pilot500/blip2-opt-2.7b;evqa-pilot500/minigpt-4-vicuna-7b;evqa-pilot500/paligemma-3b;evqa-pilot500/qwen2.5-vl-3b;evqa-pilot500/smolvlm-1.7b;mmke-entity/blip2-opt-2.7b;mmke-entity/paligemma-3b;mmke-visual/blip2-opt-2.7b;mmke-visual/minigpt-4-vicuna-7b;mmke-visual/qwen2.5-vl-3b
clean,power_a1_b1_g1,M_abscos_x_newn,1,12,False,16,66.88566666666667,69.607,-2.7213333333333334,66.88566666666667,-2.7213333333333334,1,6,5,1,5,0.0,-20.540000000000006,14.930000000000007,0,evqa-pilot500/blip2-opt-2.7b;evqa-pilot500/minigpt-4-vicuna-7b;evqa-pilot500/paligemma-3b;evqa-pilot500/qwen2.5-vl-3b;evqa-pilot500/smolvlm-1.7b;mmke-entity/blip2-opt-2.7b;mmke-entity/instructblip-vicuna-7b;mmke-entity/minigpt-4-vicuna-7b;mmke-entity/paligemma-3b;mmke-visual/blip2-opt-2.7b;mmke-visual/instructblip-vicuna-7b;mmke-visual/smolvlm-1.7b
clean,power_a1_b1_g1,M_abscos_x_newn,3,7,False,16,73.49857142857142,74.89571428571429,-1.3971428571428584,71.1704761904762,-0.7838095238095265,0,2,5,0,3,-0.19000000000000483,-7.549999999999997,0.0,0.14285714285714285,evqa-pilot500/minigpt-4-vicuna-7b;evqa-pilot500/paligemma-3b;evqa-pilot500/qwen2.5-vl-3b;mmke-entity/blip2-opt-2.7b;mmke-entity/paligemma-3b;mmke-visual/blip2-opt-2.7b;mmke-visual/smolvlm-1.7b
clean,power_a1_b1_g1,M_new_norm,1,12,False,16,66.88566666666667,69.35133333333333,-2.465666666666666,66.88566666666667,-2.465666666666666,3,4,5,2,4,0.0,-20.540000000000006,14.930000000000007,0,evqa-pilot500/blip2-opt-2.7b;evqa-pilot500/minigpt-4-vicuna-7b;evqa-pilot500/paligemma-3b;evqa-pilot500/qwen2.5-vl-3b;evqa-pilot500/smolvlm-1.7b;mmke-entity/blip2-opt-2.7b;mmke-entity/instructblip-vicuna-7b;mmke-entity/minigpt-4-vicuna-7b;mmke-entity/paligemma-3b;mmke-visual/blip2-opt-2.7b;mmke-visual/instructblip-vicuna-7b;mmke-visual/smolvlm-1.7b
clean,power_a1_b1_g1,M_new_norm,3,7,False,16,73.49857142857142,75.65485714285714,-2.1562857142857155,71.1704761904762,-1.0981904761904784,1,2,4,1,3,-0.18000000000000682,-7.549999999999997,0.6599999999999966,0.14285714285714285,evqa-pilot500/minigpt-4-vicuna-7b;evqa-pilot500/paligemma-3b;evqa-pilot500/qwen2.5-vl-3b;mmke-entity/blip2-opt-2.7b;mmke-entity/paligemma-3b;mmke-visual/blip2-opt-2.7b;mmke-visual/smolvlm-1.7b
clean,power_a1_b1_g2,M_abscos_x_newn,1,14,False,16,68.82742857142857,70.199,-1.3715714285714284,68.82742857142857,-1.3715714285714284,4,3,7,4,6,-0.08500000000000085,-21.050000000000004,14.88000000000001,0.07142857142857142,evqa-pilot500/blip2-opt-2.7b;evqa-pilot500/minigpt-4-vicuna-7b;evqa-pilot500/paligemma-3b;evqa-pilot500/qwen2.5-vl-3b;mmke-entity/blip2-opt-2.7b;mmke-entity/instructblip-vicuna-7b;mmke-entity/minigpt-4-vicuna-7b;mmke-entity/paligemma-3b;mmke-entity/smolvlm-1.7b;mmke-visual/blip2-opt-2.7b;mmke-visual/instructblip-vicuna-7b;mmke-visual/minigpt-4-vicuna-7b;mmke-visual/qwen2.5-vl-3b;mmke-visual/smolvlm-1.7b
clean,power_a1_b1_g2,M_abscos_x_newn,3,11,False,16,72.69618181818181,73.856,-1.1598181818181852,71.36545454545454,0.0035757575757548402,3,2,6,3,4,-0.19000000000000483,-20.56000000000001,16.685999999999993,0.09090909090909091,evqa-pilot500/blip2-opt-2.7b;evqa-pilot500/paligemma-3b;evqa-pilot500/qwen2.5-vl-3b;mmke-entity/blip2-opt-2.7b;mmke-entity/minigpt-4-vicuna-7b;mmke-entity/paligemma-3b;mmke-visual/blip2-opt-2.7b;mmke-visual/instructblip-vicuna-7b;mmke-visual/minigpt-4-vicuna-7b;mmke-visual/qwen2.5-vl-3b;mmke-visual/smolvlm-1.7b
clean,power_a1_b1_g2,M_new_norm,1,14,False,16,68.82742857142857,69.92485714285715,-1.0974285714285712,68.82742857142857,-1.0974285714285712,7,1,6,5,5,0.16000000000000014,-21.050000000000004,14.88000000000001,0.07142857142857142,evqa-pilot500/blip2-opt-2.7b;evqa-pilot500/minigpt-4-vicuna-7b;evqa-pilot500/paligemma-3b;evqa-pilot500/qwen2.5-vl-3b;mmke-entity/blip2-opt-2.7b;mmke-entity/instructblip-vicuna-7b;mmke-entity/minigpt-4-vicuna-7b;mmke-entity/paligemma-3b;mmke-entity/smolvlm-1.7b;mmke-visual/blip2-opt-2.7b;mmke-visual/instructblip-vicuna-7b;mmke-visual/minigpt-4-vicuna-7b;mmke-visual/qwen2.5-vl-3b;mmke-visual/smolvlm-1.7b
clean,power_a1_b1_g2,M_new_norm,3,11,False,16,72.69618181818181,73.66454545454546,-0.9683636363636384,71.36545454545454,0.20442424242424098,5,1,5,4,4,0.0,-20.56000000000001,16.685999999999993,0.09090909090909091,evqa-pilot500/blip2-opt-2.7b;evqa-pilot500/paligemma-3b;evqa-pilot500/qwen2.5-vl-3b;mmke-entity/blip2-opt-2.7b;mmke-entity/minigpt-4-vicuna-7b;mmke-entity/paligemma-3b;mmke-visual/blip2-opt-2.7b;mmke-visual/instructblip-vicuna-7b;mmke-visual/minigpt-4-vicuna-7b;mmke-visual/qwen2.5-vl-3b;mmke-visual/smolvlm-1.7b
clean,power_a2_b-1_g-1,M_abscos_x_newn,1,14,False,16,68.01485714285714,68.28542857142857,-0.27057142857142935,68.01485714285714,-0.27057142857142935,1,8,5,1,4,0.0,-1.730000000000004,1.0100000000000051,0.21428571428571427,evqa-pilot500/blip2-opt-2.7b;evqa-pilot500/minigpt-4-vicuna-7b;evqa-pilot500/qwen2.5-vl-3b;evqa-pilot500/smolvlm-1.7b;mmke-entity/blip2-opt-2.7b;mmke-entity/instructblip-vicuna-7b;mmke-entity/minigpt-4-vicuna-7b;mmke-entity/qwen2.5-vl-3b;mmke-entity/smolvlm-1.7b;mmke-visual/blip2-opt-2.7b;mmke-visual/instructblip-vicuna-7b;mmke-visual/minigpt-4-vicuna-7b;mmke-visual/qwen2.5-vl-3b;mmke-visual/smolvlm-1.7b
clean,power_a2_b-1_g-1,M_abscos_x_newn,3,12,False,16,70.28566666666667,69.85583333333334,0.42983333333333346,67.09905555555555,-0.006500000000000246,1,10,1,1,1,0.0,-1.0060000000000002,6.1640000000000015,0.4166666666666667,evqa-pilot500/blip2-opt-2.7b;evqa-pilot500/minigpt-4-vicuna-7b;evqa-pilot500/smolvlm-1.7b;mmke-entity/blip2-opt-2.7b;mmke-entity/instructblip-vicuna-7b;mmke-entity/qwen2.5-vl-3b;mmke-entity/smolvlm-1.7b;mmke-visual/blip2-opt-2.7b;mmke-visual/instructblip-vicuna-7b;mmke-visual/minigpt-4-vicuna-7b;mmke-visual/qwen2.5-vl-3b;mmke-visual/smolvlm-1.7b
clean,power_a2_b-1_g-1,M_new_norm,1,14,False,16,68.01485714285714,68.01128571428572,0.003571428571427861,68.01485714285714,0.003571428571427861,1,11,2,1,1,0.0,-0.8600000000000136,1.0100000000000051,0.21428571428571427,evqa-pilot500/blip2-opt-2.7b;evqa-pilot500/minigpt-4-vicuna-7b;evqa-pilot500/qwen2.5-vl-3b;evqa-pilot500/smolvlm-1.7b;mmke-entity/blip2-opt-2.7b;mmke-entity/instructblip-vicuna-7b;mmke-entity/minigpt-4-vicuna-7b;mmke-entity/qwen2.5-vl-3b;mmke-entity/smolvlm-1.7b;mmke-visual/blip2-opt-2.7b;mmke-visual/instructblip-vicuna-7b;mmke-visual/minigpt-4-vicuna-7b;mmke-visual/qwen2.5-vl-3b;mmke-visual/smolvlm-1.7b
clean,power_a2_b-1_g-1,M_new_norm,3,12,False,16,70.28566666666667,70.30566666666667,-0.019999999999999574,67.09905555555555,-0.20677777777777706,0,11,1,0,0,0.0,-0.23999999999999488,0.0,0.4166666666666667,evqa-pilot500/blip2-opt-2.7b;evqa-pilot500/minigpt-4-vicuna-7b;evqa-pilot500/smolvlm-1.7b;mmke-entity/blip2-opt-2.7b;mmke-entity/instructblip-vicuna-7b;mmke-entity/qwen2.5-vl-3b;mmke-entity/smolvlm-1.7b;mmke-visual/blip2-opt-2.7b;mmke-visual/instructblip-vicuna-7b;mmke-visual/minigpt-4-vicuna-7b;mmke-visual/qwen2.5-vl-3b;mmke-visual/smolvlm-1.7b
clean,power_a2_b-1_g0,M_abscos_x_newn,1,12,False,16,63.75966666666667,67.32933333333334,-3.569666666666667,63.75966666666667,-3.569666666666667,3,2,7,2,7,-0.7700000000000031,-22.24000000000001,6.82,0.08333333333333333,evqa-pilot500/blip2-opt-2.7b;evqa-pilot500/minigpt-4-vicuna-7b;evqa-pilot500/qwen2.5-vl-3b;evqa-pilot500/smolvlm-1.7b;mmke-entity/blip2-opt-2.7b;mmke-entity/instructblip-vicuna-7b;mmke-entity/smolvlm-1.7b;mmke-visual/blip2-opt-2.7b;mmke-visual/instructblip-vicuna-7b;mmke-visual/minigpt-4-vicuna-7b;mmke-visual/qwen2.5-vl-3b;mmke-visual/smolvlm-1.7b
clean,power_a2_b-1_g0,M_abscos_x_newn,3,7,False,16,64.50285714285714,69.04142857142857,-4.538571428571429,62.668190476190475,-3.147523809523809,0,2,5,0,5,-1.75,-21.660000000000004,0.0,0.14285714285714285,evqa-pilot500/blip2-opt-2.7b;evqa-pilot500/minigpt-4-vicuna-7b;evqa-pilot500/smolvlm-1.7b;mmke-entity/blip2-opt-2.7b;mmke-entity/instructblip-vicuna-7b;mmke-visual/minigpt-4-vicuna-7b;mmke-visual/smolvlm-1.7b
clean,power_a2_b-1_g0,M_new_norm,1,12,False,16,63.75966666666667,67.05016666666667,-3.2905,63.75966666666667,-3.2905,4,2,6,2,5,-0.05000000000000071,-22.24000000000001,6.82,0.08333333333333333,evqa-pilot500/blip2-opt-2.7b;evqa-pilot500/minigpt-4-vicuna-7b;evqa-pilot500/qwen2.5-vl-3b;evqa-pilot500/smolvlm-1.7b;mmke-entity/blip2-opt-2.7b;mmke-entity/instructblip-vicuna-7b;mmke-entity/smolvlm-1.7b;mmke-visual/blip2-opt-2.7b;mmke-visual/instructblip-vicuna-7b;mmke-visual/minigpt-4-vicuna-7b;mmke-visual/qwen2.5-vl-3b;mmke-visual/smolvlm-1.7b
clean,power_a2_b-1_g0,M_new_norm,3,7,False,16,64.50285714285714,69.81257142857143,-5.309714285714286,62.668190476190475,-3.490857142857141,0,2,5,0,5,-1.6239999999999952,-21.660000000000004,0.0,0.14285714285714285,evqa-pilot500/blip2-opt-2.7b;evqa-pilot500/minigpt-4-vicuna-7b;evqa-pilot500/smolvlm-1.7b;mmke-entity/blip2-opt-2.7b;mmke-entity/instructblip-vicuna-7b;mmke-visual/minigpt-4-vicuna-7b;mmke-visual/smolvlm-1.7b
clean,power_a2_b-1_g0.5,M_abscos_x_newn,1,11,False,16,64.65781818181819,67.94381818181819,-3.2859999999999987,64.65781818181819,-3.2859999999999987,2,1,8,1,8,-0.9500000000000028,-22.24000000000001,14.88000000000001,0,evqa-pilot500/blip2-opt-2.7b;evqa-pilot500/minigpt-4-vicuna-7b;evqa-pilot500/qwen2.5-vl-3b;evqa-pilot500/smolvlm-1.7b;mmke-entity/blip2-opt-2.7b;mmke-entity/instructblip-vicuna-7b;mmke-entity/qwen2.5-vl-3b;mmke-entity/smolvlm-1.7b;mmke-visual/instructblip-vicuna-7b;mmke-visual/minigpt-4-vicuna-7b;mmke-visual/smolvlm-1.7b
clean,power_a2_b-1_g0.5,M_abscos_x_newn,3,7,False,16,66.258,68.22571428571429,-1.967714285714288,64.69685714285714,-0.29019047619047456,1,1,5,1,5,-0.5900000000000034,-22.24000000000001,16.685999999999993,0.14285714285714285,evqa-pilot500/blip2-opt-2.7b;evqa-pilot500/minigpt-4-vicuna-7b;evqa-pilot500/smolvlm-1.7b;mmke-entity/blip2-opt-2.7b;mmke-entity/instructblip-vicuna-7b;mmke-entity/smolvlm-1.7b;mmke-visual/smolvlm-1.7b
clean,power_a2_b-1_g0.5,M_new_norm,1,11,False,16,64.65781818181819,67.63927272727273,-2.981454545454544,64.65781818181819,-2.981454545454544,3,1,7,1,6,-0.5900000000000034,-22.24000000000001,14.88000000000001,0,evqa-pilot500/blip2-opt-2.7b;evqa-pilot500/minigpt-4-vicuna-7b;evqa-pilot500/qwen2.5-vl-3b;evqa-pilot500/smolvlm-1.7b;mmke-entity/blip2-opt-2.7b;mmke-entity/instructblip-vicuna-7b;mmke-entity/qwen2.5-vl-3b;mmke-entity/smolvlm-1.7b;mmke-visual/instructblip-vicuna-7b;mmke-visual/minigpt-4-vicuna-7b;mmke-visual/smolvlm-1.7b
clean,power_a2_b-1_g0.5,M_new_norm,3,7,False,16,66.258,69.10628571428572,-2.8482857142857165,64.69685714285714,-0.7450476190476171,1,1,5,1,5,-0.5900000000000034,-22.24000000000001,16.685999999999993,0.14285714285714285,evqa-pilot500/blip2-opt-2.7b;evqa-pilot500/minigpt-4-vicuna-7b;evqa-pilot500/smolvlm-1.7b;mmke-entity/blip2-opt-2.7b;mmke-entity/instructblip-vicuna-7b;mmke-entity/smolvlm-1.7b;mmke-visual/smolvlm-1.7b
clean,power_a2_b-1_g1,M_abscos_x_newn,1,12,False,16,65.6805,67.47933333333333,-1.7988333333333333,65.6805,-1.7988333333333333,4,0,8,3,8,-1.3200000000000003,-22.24000000000001,17.439999999999998,0.08333333333333333,evqa-pilot500/blip2-opt-2.7b;evqa-pilot500/minigpt-4-vicuna-7b;evqa-pilot500/qwen2.5-vl-3b;evqa-pilot500/smolvlm-1.7b;mmke-entity/blip2-opt-2.7b;mmke-entity/instructblip-vicuna-7b;mmke-entity/qwen2.5-vl-3b;mmke-entity/smolvlm-1.7b;mmke-visual/blip2-opt-2.7b;mmke-visual/instructblip-vicuna-7b;mmke-visual/minigpt-4-vicuna-7b;mmke-visual/smolvlm-1.7b
clean,power_a2_b-1_g1,M_abscos_x_newn,3,8,False,16,65.71325,67.665,-1.9517500000000032,64.55483333333333,-0.20675000000000043,1,0,7,1,6,-0.7700000000000031,-22.24000000000001,17.093999999999994,0.125,evqa-pilot500/blip2-opt-2.7b;evqa-pilot500/minigpt-4-vicuna-7b;evqa-pilot500/qwen2.5-vl-3b;evqa-pilot500/smolvlm-1.7b;mmke-entity/blip2-opt-2.7b;mmke-entity/instructblip-vicuna-7b;mmke-entity/smolvlm-1.7b;mmke-visual/smolvlm-1.7b
clean,power_a2_b-1_g1,M_new_norm,1,12,False,16,65.6805,67.20016666666666,-1.5196666666666665,65.6805,-1.5196666666666665,5,0,7,3,7,-0.7550000000000026,-22.24000000000001,17.439999999999998,0.08333333333333333,evqa-pilot500/blip2-opt-2.7b;evqa-pilot500/minigpt-4-vicuna-7b;evqa-pilot500/qwen2.5-vl-3b;evqa-pilot500/smolvlm-1.7b;mmke-entity/blip2-opt-2.7b;mmke-entity/instructblip-vicuna-7b;mmke-entity/qwen2.5-vl-3b;mmke-entity/smolvlm-1.7b;mmke-visual/blip2-opt-2.7b;mmke-visual/instructblip-vicuna-7b;mmke-visual/minigpt-4-vicuna-7b;mmke-visual/smolvlm-1.7b
clean,power_a2_b-1_g1,M_new_norm,3,8,False,16,65.71325,68.32925,-2.616000000000003,64.55483333333333,-0.48183333333333334,1,0,7,1,5,-0.5450000000000017,-22.24000000000001,17.093999999999994,0.125,evqa-pilot500/blip2-opt-2.7b;evqa-pilot500/minigpt-4-vicuna-7b;evqa-pilot500/qwen2.5-vl-3b;evqa-pilot500/smolvlm-1.7b;mmke-entity/blip2-opt-2.7b;mmke-entity/instructblip-vicuna-7b;mmke-entity/smolvlm-1.7b;mmke-visual/smolvlm-1.7b
clean,power_a2_b-1_g2,M_abscos_x_newn,1,11,False,16,64.64145454545455,67.04836363636363,-2.4069090909090907,64.64145454545455,-2.4069090909090907,3,0,8,3,8,-1.75,-23.53,17.439999999999998,0.09090909090909091,evqa-pilot500/blip2-opt-2.7b;evqa-pilot500/minigpt-4-vicuna-7b;evqa-pilot500/qwen2.5-vl-3b;evqa-pilot500/smolvlm-1.7b;mmke-entity/blip2-opt-2.7b;mmke-entity/instructblip-vicuna-7b;mmke-entity/smolvlm-1.7b;mmke-visual/blip2-opt-2.7b;mmke-visual/instructblip-vicuna-7b;mmke-visual/minigpt-4-vicuna-7b;mmke-visual/smolvlm-1.7b
clean,power_a2_b-1_g2,M_abscos_x_newn,3,9,False,16,66.00844444444445,67.91,-1.9015555555555577,65.01355555555556,-0.03118518518518698,2,0,7,2,7,-1.7399999999999949,-22.24000000000001,17.093999999999994,0.1111111111111111,evqa-pilot500/blip2-opt-2.7b;evqa-pilot500/minigpt-4-vicuna-7b;evqa-pilot500/qwen2.5-vl-3b;evqa-pilot500/smolvlm-1.7b;mmke-entity/blip2-opt-2.7b;mmke-entity/instructblip-vicuna-7b;mmke-entity/smolvlm-1.7b;mmke-visual/blip2-opt-2.7b;mmke-visual/smolvlm-1.7b
clean,power_a2_b-1_g2,M_new_norm,1,11,False,16,64.64145454545455,66.74381818181818,-2.102363636363636,64.64145454545455,-2.102363636363636,4,0,7,3,7,-0.9500000000000028,-23.53,17.439999999999998,0.09090909090909091,evqa-pilot500/blip2-opt-2.7b;evqa-pilot500/minigpt-4-vicuna-7b;evqa-pilot500/qwen2.5-vl-3b;evqa-pilot500/smolvlm-1.7b;mmke-entity/blip2-opt-2.7b;mmke-entity/instructblip-vicuna-7b;mmke-entity/smolvlm-1.7b;mmke-visual/blip2-opt-2.7b;mmke-visual/instructblip-vicuna-7b;mmke-visual/minigpt-4-vicuna-7b;mmke-visual/smolvlm-1.7b
clean,power_a2_b-1_g2,M_new_norm,3,9,False,16,66.00844444444445,68.50044444444444,-2.492000000000002,65.01355555555556,-0.2757037037037051,2,0,7,2,6,-1.7399999999999949,-22.24000000000001,17.093999999999994,0.1111111111111111,evqa-pilot500/blip2-opt-2.7b;evqa-pilot500/minigpt-4-vicuna-7b;evqa-pilot500/qwen2.5-vl-3b;evqa-pilot500/smolvlm-1.7b;mmke-entity/blip2-opt-2.7b;mmke-entity/instructblip-vicuna-7b;mmke-entity/smolvlm-1.7b;mmke-visual/blip2-opt-2.7b;mmke-visual/smolvlm-1.7b
clean,power_a2_b-0.5_g-1,M_abscos_x_newn,1,14,False,16,68.022,68.28542857142857,-0.2634285714285721,68.022,-0.2634285714285721,1,8,5,1,4,0.0,-1.730000000000004,1.0100000000000051,0.21428571428571427,evqa-pilot500/blip2-opt-2.7b;evqa-pilot500/minigpt-4-vicuna-7b;evqa-pilot500/qwen2.5-vl-3b;evqa-pilot500/smolvlm-1.7b;mmke-entity/blip2-opt-2.7b;mmke-entity/instructblip-vicuna-7b;mmke-entity/minigpt-4-vicuna-7b;mmke-entity/qwen2.5-vl-3b;mmke-entity/smolvlm-1.7b;mmke-visual/blip2-opt-2.7b;mmke-visual/instructblip-vicuna-7b;mmke-visual/minigpt-4-vicuna-7b;mmke-visual/qwen2.5-vl-3b;mmke-visual/smolvlm-1.7b
clean,power_a2_b-0.5_g-1,M_abscos_x_newn,3,13,False,16,69.80061538461538,69.38538461538462,0.41523076923076896,66.86702564102565,0.06317948717948624,1,11,1,1,1,0.0,-0.7660000000000053,6.1640000000000015,0.46153846153846156,evqa-pilot500/blip2-opt-2.7b;evqa-pilot500/minigpt-4-vicuna-7b;evqa-pilot500/qwen2.5-vl-3b;evqa-pilot500/smolvlm-1.7b;mmke-entity/blip2-opt-2.7b;mmke-entity/instructblip-vicuna-7b;mmke-entity/qwen2.5-vl-3b;mmke-entity/smolvlm-1.7b;mmke-visual/blip2-opt-2.7b;mmke-visual/instructblip-vicuna-7b;mmke-visual/minigpt-4-vicuna-7b;mmke-visual/qwen2.5-vl-3b;mmke-visual/smolvlm-1.7b
clean,power_a2_b-0.5_g-1,M_new_norm,1,14,False,16,68.022,68.01128571428572,0.010714285714285105,68.022,0.010714285714285105,1,12,1,1,1,0.0,-0.8600000000000136,1.0100000000000051,0.21428571428571427,evqa-pilot500/blip2-opt-2.7b;evqa-pilot500/minigpt-4-vicuna-7b;evqa-pilot500/qwen2.5-vl-3b;evqa-pilot500/smolvlm-1.7b;mmke-entity/blip2-opt-2.7b;mmke-entity/instructblip-vicuna-7b;mmke-entity/minigpt-4-vicuna-7b;mmke-entity/qwen2.5-vl-3b;mmke-entity/smolvlm-1.7b;mmke-visual/blip2-opt-2.7b;mmke-visual/instructblip-vicuna-7b;mmke-visual/minigpt-4-vicuna-7b;mmke-visual/qwen2.5-vl-3b;mmke-visual/smolvlm-1.7b
clean,power_a2_b-0.5_g-1,M_new_norm,3,13,False,16,69.80061538461538,69.73523076923077,0.0653846153846155,66.86702564102565,-0.04605128205128203,1,12,0,1,0,0.0,0.0,0.8500000000000014,0.46153846153846156,evqa-pilot500/blip2-opt-2.7b;evqa-pilot500/minigpt-4-vicuna-7b;evqa-pilot500/qwen2.5-vl-3b;evqa-pilot500/smolvlm-1.7b;mmke-entity/blip2-opt-2.7b;mmke-entity/instructblip-vicuna-7b;mmke-entity/qwen2.5-vl-3b;mmke-entity/smolvlm-1.7b;mmke-visual/blip2-opt-2.7b;mmke-visual/instructblip-vicuna-7b;mmke-visual/minigpt-4-vicuna-7b;mmke-visual/qwen2.5-vl-3b;mmke-visual/smolvlm-1.7b
clean,power_a2_b-0.5_g0,M_abscos_x_newn,1,11,False,16,65.34890909090909,69.64290909090909,-4.294,65.34890909090909,-4.294,0,6,5,0,5,0.0,-22.24000000000001,0.0,0,evqa-pilot500/blip2-opt-2.7b;evqa-pilot500/minigpt-4-vicuna-7b;evqa-pilot500/paligemma-3b;evqa-pilot500/qwen2.5-vl-3b;mmke-entity/blip2-opt-2.7b;mmke-entity/instructblip-vicuna-7b;mmke-entity/paligemma-3b;mmke-visual/blip2-opt-2.7b;mmke-visual/instructblip-vicuna-7b;mmke-visual/minigpt-4-vicuna-7b;mmke-visual/smolvlm-1.7b
clean,power_a2_b-0.5_g0,M_abscos_x_newn,3,10,False,16,70.9066,73.5136,-2.6070000000000015,67.55473333333333,-2.6202000000000027,0,5,5,0,4,-0.09000000000000341,-21.660000000000004,0.0,0.3,evqa-pilot500/blip2-opt-2.7b;evqa-pilot500/paligemma-3b;evqa-pilot500/qwen2.5-vl-3b;mmke-entity/blip2-opt-2.7b;mmke-entity/instructblip-vicuna-7b;mmke-entity/paligemma-3b;mmke-visual/blip2-opt-2.7b;mmke-visual/instructblip-vicuna-7b;mmke-visual/minigpt-4-vicuna-7b;mmke-visual/smolvlm-1.7b
clean,power_a2_b-0.5_g0,M_new_norm,1,11,False,16,65.34890909090909,69.33836363636364,-3.989454545454545,65.34890909090909,-3.989454545454545,1,5,5,1,4,0.0,-22.24000000000001,1.730000000000004,0,evqa-pilot500/blip2-opt-2.7b;evqa-pilot500/minigpt-4-vicuna-7b;evqa-pilot500/paligemma-3b;evqa-pilot500/qwen2.5-vl-3b;mmke-entity/blip2-opt-2.7b;mmke-entity/instructblip-vicuna-7b;mmke-entity/paligemma-3b;mmke-visual/blip2-opt-2.7b;mmke-visual/instructblip-vicuna-7b;mmke-visual/minigpt-4-vicuna-7b;mmke-visual/smolvlm-1.7b
clean,power_a2_b-0.5_g0,M_new_norm,3,10,False,16,70.9066,73.352,-2.4454000000000007,67.55473333333333,-2.4438000000000017,1,4,5,1,4,-0.09000000000000341,-21.660000000000004,0.8500000000000014,0.3,evqa-pilot500/blip2-opt-2.7b;evqa-pilot500/paligemma-3b;evqa-pilot500/qwen2.5-vl-3b;mmke-entity/blip2-opt-2.7b;mmke-entity/instructblip-vicuna-7b;mmke-entity/paligemma-3b;mmke-visual/blip2-opt-2.7b;mmke-visual/instructblip-vicuna-7b;mmke-visual/minigpt-4-vicuna-7b;mmke-visual/smolvlm-1.7b
clean,power_a2_b-0.5_g0.5,M_abscos_x_newn,1,13,False,16,67.44353846153847,70.67476923076923,-3.23123076923077,67.44353846153847,-3.23123076923077,3,4,6,2,6,0.0,-22.24000000000001,6.82,0.07692307692307693,evqa-pilot500/minigpt-4-vicuna-7b;evqa-pilot500/paligemma-3b;evqa-pilot500/qwen2.5-vl-3b;evqa-pilot500/smolvlm-1.7b;mmke-entity/blip2-opt-2.7b;mmke-entity/instructblip-vicuna-7b;mmke-entity/paligemma-3b;mmke-entity/smolvlm-1.7b;mmke-visual/blip2-opt-2.7b;mmke-visual/instructblip-vicuna-7b;mmke-visual/minigpt-4-vicuna-7b;mmke-visual/qwen2.5-vl-3b;mmke-visual/smolvlm-1.7b
clean,power_a2_b-0.5_g0.5,M_abscos_x_newn,3,7,False,16,70.01857142857143,77.57428571428572,-7.555714285714287,68.1827619047619,-5.4826666666666695,0,2,5,0,5,-2.3900000000000006,-21.660000000000004,0.0,0.14285714285714285,evqa-pilot500/paligemma-3b;mmke-entity/blip2-opt-2.7b;mmke-entity/instructblip-vicuna-7b;mmke-entity/paligemma-3b;mmke-visual/instructblip-vicuna-7b;mmke-visual/minigpt-4-vicuna-7b;mmke-visual/smolvlm-1.7b
clean,power_a2_b-0.5_g0.5,M_new_norm,1,13,False,16,67.44353846153847,70.41707692307692,-2.973538461538462,67.44353846153847,-2.973538461538462,4,3,6,3,5,0.0,-22.24000000000001,6.82,0.07692307692307693,evqa-pilot500/minigpt-4-vicuna-7b;evqa-pilot500/paligemma-3b;evqa-pilot500/qwen2.5-vl-3b;evqa-pilot500/smolvlm-1.7b;mmke-entity/blip2-opt-2.7b;mmke-entity/instructblip-vicuna-7b;mmke-entity/paligemma-3b;mmke-entity/smolvlm-1.7b;mmke-visual/blip2-opt-2.7b;mmke-visual/instructblip-vicuna-7b;mmke-visual/minigpt-4-vicuna-7b;mmke-visual/qwen2.5-vl-3b;mmke-visual/smolvlm-1.7b
clean,power_a2_b-0.5_g0.5,M_new_norm,3,7,False,16,70.01857142857143,77.46485714285714,-7.446285714285715,68.1827619047619,-5.371142857142859,0,2,5,0,5,-1.6239999999999952,-21.660000000000004,0.0,0.14285714285714285,evqa-pilot500/paligemma-3b;mmke-entity/blip2-opt-2.7b;mmke-entity/instructblip-vicuna-7b;mmke-entity/paligemma-3b;mmke-visual/instructblip-vicuna-7b;mmke-visual/minigpt-4-vicuna-7b;mmke-visual/smolvlm-1.7b
clean,power_a2_b-0.5_g1,M_abscos_x_newn,1,14,False,16,68.16685714285714,69.78085714285714,-1.6139999999999988,68.16685714285714,-1.6139999999999988,5,2,7,4,7,-0.2950000000000017,-22.24000000000001,14.88000000000001,0.07142857142857142,evqa-pilot500/blip2-opt-2.7b;evqa-pilot500/minigpt-4-vicuna-7b;evqa-pilot500/paligemma-3b;evqa-pilot500/qwen2.5-vl-3b;evqa-pilot500/smolvlm-1.7b;mmke-entity/blip2-opt-2.7b;mmke-entity/instructblip-vicuna-7b;mmke-entity/paligemma-3b;mmke-entity/smolvlm-1.7b;mmke-visual/blip2-opt-2.7b;mmke-visual/instructblip-vicuna-7b;mmke-visual/minigpt-4-vicuna-7b;mmke-visual/qwen2.5-vl-3b;mmke-visual/smolvlm-1.7b
clean,power_a2_b-0.5_g1,M_abscos_x_newn,3,10,False,16,72.71379999999999,74.1746,-1.4608000000000025,71.01353333333333,-0.2084000000000003,2,1,7,2,6,-0.5450000000000017,-21.660000000000004,16.685999999999993,0.1,evqa-pilot500/blip2-opt-2.7b;evqa-pilot500/paligemma-3b;evqa-pilot500/smolvlm-1.7b;mmke-entity/blip2-opt-2.7b;mmke-entity/instructblip-vicuna-7b;mmke-entity/paligemma-3b;mmke-entity/smolvlm-1.7b;mmke-visual/minigpt-4-vicuna-7b;mmke-visual/qwen2.5-vl-3b;mmke-visual/smolvlm-1.7b
clean,power_a2_b-0.5_g1,M_new_norm,1,14,False,16,68.16685714285714,69.54157142857143,-1.3747142857142844,68.16685714285714,-1.3747142857142844,6,1,7,5,6,-0.05000000000000071,-22.24000000000001,14.88000000000001,0.07142857142857142,evqa-pilot500/blip2-opt-2.7b;evqa-pilot500/minigpt-4-vicuna-7b;evqa-pilot500/paligemma-3b;evqa-pilot500/qwen2.5-vl-3b;evqa-pilot500/smolvlm-1.7b;mmke-entity/blip2-opt-2.7b;mmke-entity/instructblip-vicuna-7b;mmke-entity/paligemma-3b;mmke-entity/smolvlm-1.7b;mmke-visual/blip2-opt-2.7b;mmke-visual/instructblip-vicuna-7b;mmke-visual/minigpt-4-vicuna-7b;mmke-visual/qwen2.5-vl-3b;mmke-visual/smolvlm-1.7b
clean,power_a2_b-0.5_g1,M_new_norm,3,10,False,16,72.71379999999999,74.098,-1.384200000000002,71.01353333333333,-0.13033333333333275,2,1,7,2,6,-0.5450000000000017,-21.660000000000004,16.685999999999993,0.1,evqa-pilot500/blip2-opt-2.7b;evqa-pilot500/paligemma-3b;evqa-pilot500/smolvlm-1.7b;mmke-entity/blip2-opt-2.7b;mmke-entity/instructblip-vicuna-7b;mmke-entity/paligemma-3b;mmke-entity/smolvlm-1.7b;mmke-visual/minigpt-4-vicuna-7b;mmke-visual/qwen2.5-vl-3b;mmke-visual/smolvlm-1.7b
clean,power_a2_b-0.5_g2,M_abscos_x_newn,1,14,False,16,67.13328571428572,68.453,-1.3197142857142852,67.13328571428572,-1.3197142857142852,5,0,9,4,8,-0.9350000000000023,-22.24000000000001,17.439999999999998,0.07142857142857142,evqa-pilot500/blip2-opt-2.7b;evqa-pilot500/minigpt-4-vicuna-7b;evqa-pilot500/paligemma-3b;evqa-pilot500/qwen2.5-vl-3b;evqa-pilot500/smolvlm-1.7b;mmke-entity/blip2-opt-2.7b;mmke-entity/instructblip-vicuna-7b;mmke-entity/qwen2.5-vl-3b;mmke-entity/smolvlm-1.7b;mmke-visual/blip2-opt-2.7b;mmke-visual/instructblip-vicuna-7b;mmke-visual/minigpt-4-vicuna-7b;mmke-visual/qwen2.5-vl-3b;mmke-visual/smolvlm-1.7b
clean,power_a2_b-0.5_g2,M_abscos_x_newn,3,9,False,16,66.22955555555555,67.91,-1.680444444444447,65.14725925925926,0.10251851851851829,2,0,7,2,7,-0.9500000000000028,-21.660000000000004,17.093999999999994,0.1111111111111111,evqa-pilot500/blip2-opt-2.7b;evqa-pilot500/minigpt-4-vicuna-7b;evqa-pilot500/qwen2.5-vl-3b;evqa-pilot500/smolvlm-1.7b;mmke-entity/blip2-opt-2.7b;mmke-entity/instructblip-vicuna-7b;mmke-entity/smolvlm-1.7b;mmke-visual/blip2-opt-2.7b;mmke-visual/smolvlm-1.7b
clean,power_a2_b-0.5_g2,M_new_norm,1,14,False,16,67.13328571428572,68.21371428571429,-1.0804285714285708,67.13328571428572,-1.0804285714285708,6,0,8,4,6,-0.08999999999999986,-22.24000000000001,17.439999999999998,0.07142857142857142,evqa-pilot500/blip2-opt-2.7b;evqa-pilot500/minigpt-4-vicuna-7b;evqa-pilot500/paligemma-3b;evqa-pilot500/qwen2.5-vl-3b;evqa-pilot500/smolvlm-1.7b;mmke-entity/blip2-opt-2.7b;mmke-entity/instructblip-vicuna-7b;mmke-entity/qwen2.5-vl-3b;mmke-entity/smolvlm-1.7b;mmke-visual/blip2-opt-2.7b;mmke-visual/instructblip-vicuna-7b;mmke-visual/minigpt-4-vicuna-7b;mmke-visual/qwen2.5-vl-3b;mmke-visual/smolvlm-1.7b
clean,power_a2_b-0.5_g2,M_new_norm,3,9,False,16,66.22955555555555,68.50044444444444,-2.2708888888888916,65.14725925925926,-0.14199999999999985,2,0,7,2,6,-0.5900000000000034,-21.660000000000004,17.093999999999994,0.1111111111111111,evqa-pilot500/blip2-opt-2.7b;evqa-pilot500/minigpt-4-vicuna-7b;evqa-pilot500/qwen2.5-vl-3b;evqa-pilot500/smolvlm-1.7b;mmke-entity/blip2-opt-2.7b;mmke-entity/instructblip-vicuna-7b;mmke-entity/smolvlm-1.7b;mmke-visual/blip2-opt-2.7b;mmke-visual/smolvlm-1.7b
clean,power_a2_b0_g-1,M_abscos_x_newn,1,14,False,16,68.022,68.28542857142857,-0.2634285714285721,68.022,-0.2634285714285721,1,8,5,1,4,0.0,-1.730000000000004,1.0100000000000051,0.21428571428571427,evqa-pilot500/blip2-opt-2.7b;evqa-pilot500/minigpt-4-vicuna-7b;evqa-pilot500/qwen2.5-vl-3b;evqa-pilot500/smolvlm-1.7b;mmke-entity/blip2-opt-2.7b;mmke-entity/instructblip-vicuna-7b;mmke-entity/minigpt-4-vicuna-7b;mmke-entity/qwen2.5-vl-3b;mmke-entity/smolvlm-1.7b;mmke-visual/blip2-opt-2.7b;mmke-visual/instructblip-vicuna-7b;mmke-visual/minigpt-4-vicuna-7b;mmke-visual/qwen2.5-vl-3b;mmke-visual/smolvlm-1.7b
clean,power_a2_b0_g-1,M_abscos_x_newn,3,14,False,16,70.21128571428572,69.8607142857143,0.35057142857142765,67.47290476190476,0.026857142857141674,1,11,2,1,1,0.0,-0.7660000000000053,6.1640000000000015,0.42857142857142855,evqa-pilot500/blip2-opt-2.7b;evqa-pilot500/minigpt-4-vicuna-7b;evqa-pilot500/qwen2.5-vl-3b;evqa-pilot500/smolvlm-1.7b;mmke-entity/blip2-opt-2.7b;mmke-entity/instructblip-vicuna-7b;mmke-entity/minigpt-4-vicuna-7b;mmke-entity/qwen2.5-vl-3b;mmke-entity/smolvlm-1.7b;mmke-visual/blip2-opt-2.7b;mmke-visual/instructblip-vicuna-7b;mmke-visual/minigpt-4-vicuna-7b;mmke-visual/qwen2.5-vl-3b;mmke-visual/smolvlm-1.7b
clean,power_a2_b0_g-1,M_new_norm,1,14,False,16,68.022,68.01128571428572,0.010714285714285105,68.022,0.010714285714285105,1,12,1,1,1,0.0,-0.8600000000000136,1.0100000000000051,0.21428571428571427,evqa-pilot500/blip2-opt-2.7b;evqa-pilot500/minigpt-4-vicuna-7b;evqa-pilot500/qwen2.5-vl-3b;evqa-pilot500/smolvlm-1.7b;mmke-entity/blip2-opt-2.7b;mmke-entity/instructblip-vicuna-7b;mmke-entity/minigpt-4-vicuna-7b;mmke-entity/qwen2.5-vl-3b;mmke-entity/smolvlm-1.7b;mmke-visual/blip2-opt-2.7b;mmke-visual/instructblip-vicuna-7b;mmke-visual/minigpt-4-vicuna-7b;mmke-visual/qwen2.5-vl-3b;mmke-visual/smolvlm-1.7b
clean,power_a2_b0_g-1,M_new_norm,3,14,False,16,70.21128571428572,70.15057142857142,0.06071428571428582,67.47290476190476,-0.042761904761904744,1,13,0,1,0,0.0,0.0,0.8500000000000014,0.42857142857142855,evqa-pilot500/blip2-opt-2.7b;evqa-pilot500/minigpt-4-vicuna-7b;evqa-pilot500/qwen2.5-vl-3b;evqa-pilot500/smolvlm-1.7b;mmke-entity/blip2-opt-2.7b;mmke-entity/instructblip-vicuna-7b;mmke-entity/minigpt-4-vicuna-7b;mmke-entity/qwen2.5-vl-3b;mmke-entity/smolvlm-1.7b;mmke-visual/blip2-opt-2.7b;mmke-visual/instructblip-vicuna-7b;mmke-visual/minigpt-4-vicuna-7b;mmke-visual/qwen2.5-vl-3b;mmke-visual/smolvlm-1.7b
clean,power_a2_b0_g0,M_abscos_x_newn,1,15,False,16,68.43906666666666,70.18373333333334,-1.744666666666666,68.43906666666666,-1.744666666666666,1,11,3,0,3,0.0,-22.24000000000001,0.21600000000000819,0.13333333333333333,evqa-pilot500/blip2-opt-2.7b;evqa-pilot500/minigpt-4-vicuna-7b;evqa-pilot500/paligemma-3b;evqa-pilot500/qwen2.5-vl-3b;evqa-pilot500/smolvlm-1.7b;mmke-entity/blip2-opt-2.7b;mmke-entity/instructblip-vicuna-7b;mmke-entity/minigpt-4-vicuna-7b;mmke-entity/paligemma-3b;mmke-entity/smolvlm-1.7b;mmke-visual/blip2-opt-2.7b;mmke-visual/instructblip-vicuna-7b;mmke-visual/minigpt-4-vicuna-7b;mmke-visual/qwen2.5-vl-3b;mmke-visual/smolvlm-1.7b
clean,power_a2_b0_g0,M_abscos_x_newn,3,12,False,16,72.7305,72.9405,-0.21000000000000085,68.79,-0.8990555555555572,1,9,2,0,1,0.0,-2.3900000000000006,0.04999999999999716,0.5,evqa-pilot500/blip2-opt-2.7b;evqa-pilot500/paligemma-3b;evqa-pilot500/qwen2.5-vl-3b;evqa-pilot500/smolvlm-1.7b;mmke-entity/blip2-opt-2.7b;mmke-entity/instructblip-vicuna-7b;mmke-entity/paligemma-3b;mmke-entity/smolvlm-1.7b;mmke-visual/blip2-opt-2.7b;mmke-visual/instructblip-vicuna-7b;mmke-visual/minigpt-4-vicuna-7b;mmke-visual/qwen2.5-vl-3b
clean,power_a2_b0_g0,M_new_norm,1,15,False,16,68.43906666666666,69.92786666666666,-1.488799999999999,68.43906666666666,-1.488799999999999,3,9,3,3,3,0.0,-22.24000000000001,1.730000000000004,0.13333333333333333,evqa-pilot500/blip2-opt-2.7b;evqa-pilot500/minigpt-4-vicuna-7b;evqa-pilot500/paligemma-3b;evqa-pilot500/qwen2.5-vl-3b;evqa-pilot500/smolvlm-1.7b;mmke-entity/blip2-opt-2.7b;mmke-entity/instructblip-vicuna-7b;mmke-entity/minigpt-4-vicuna-7b;mmke-entity/paligemma-3b;mmke-entity/smolvlm-1.7b;mmke-visual/blip2-opt-2.7b;mmke-visual/instructblip-vicuna-7b;mmke-visual/minigpt-4-vicuna-7b;mmke-visual/qwen2.5-vl-3b;mmke-visual/smolvlm-1.7b
clean,power_a2_b0_g0,M_new_norm,3,12,False,16,72.7305,72.80583333333334,-0.07533333333333363,68.79,-0.7520555555555563,2,8,2,1,1,0.0,-1.6239999999999952,0.8500000000000014,0.5,evqa-pilot500/blip2-opt-2.7b;evqa-pilot500/paligemma-3b;evqa-pilot500/qwen2.5-vl-3b;evqa-pilot500/smolvlm-1.7b;mmke-entity/blip2-opt-2.7b;mmke-entity/instructblip-vicuna-7b;mmke-entity/paligemma-3b;mmke-entity/smolvlm-1.7b;mmke-visual/blip2-opt-2.7b;mmke-visual/instructblip-vicuna-7b;mmke-visual/minigpt-4-vicuna-7b;mmke-visual/qwen2.5-vl-3b
clean,power_a2_b0_g0.5,M_abscos_x_newn,1,12,False,16,67.24166666666667,69.67016666666666,-2.428499999999999,67.24166666666667,-2.428499999999999,2,5,5,2,5,0.0,-22.24000000000001,14.930000000000007,0.08333333333333333,evqa-pilot500/blip2-opt-2.7b;evqa-pilot500/minigpt-4-vicuna-7b;evqa-pilot500/paligemma-3b;evqa-pilot500/qwen2.5-vl-3b;evqa-pilot500/smolvlm-1.7b;mmke-entity/blip2-opt-2.7b;mmke-entity/instructblip-vicuna-7b;mmke-entity/paligemma-3b;mmke-visual/blip2-opt-2.7b;mmke-visual/instructblip-vicuna-7b;mmke-visual/minigpt-4-vicuna-7b;mmke-visual/smolvlm-1.7b
clean,power_a2_b0_g0.5,M_abscos_x_newn,3,9,False,16,69.26444444444445,75.18111111111111,-5.916666666666668,67.68659259259259,-4.108000000000004,0,3,6,0,5,-0.8299999999999983,-21.60000000000001,0.0,0.2222222222222222,evqa-pilot500/paligemma-3b;evqa-pilot500/qwen2.5-vl-3b;mmke-entity/blip2-opt-2.7b;mmke-entity/instructblip-vicuna-7b;mmke-entity/paligemma-3b;mmke-visual/blip2-opt-2.7b;mmke-visual/instructblip-vicuna-7b;mmke-visual/minigpt-4-vicuna-7b;mmke-visual/smolvlm-1.7b
clean,power_a2_b0_g0.5,M_new_norm,1,12,False,16,67.24166666666667,69.391,-2.1493333333333324,67.24166666666667,-2.1493333333333324,4,3,5,4,5,0.0,-22.24000000000001,14.930000000000007,0.08333333333333333,evqa-pilot500/blip2-opt-2.7b;evqa-pilot500/minigpt-4-vicuna-7b;evqa-pilot500/paligemma-3b;evqa-pilot500/qwen2.5-vl-3b;evqa-pilot500/smolvlm-1.7b;mmke-entity/blip2-opt-2.7b;mmke-entity/instructblip-vicuna-7b;mmke-entity/paligemma-3b;mmke-visual/blip2-opt-2.7b;mmke-visual/instructblip-vicuna-7b;mmke-visual/minigpt-4-vicuna-7b;mmke-visual/smolvlm-1.7b
clean,power_a2_b0_g0.5,M_new_norm,3,9,False,16,69.26444444444445,75.00155555555556,-5.737111111111112,67.68659259259259,-3.912000000000003,1,2,6,1,5,-0.8299999999999983,-21.60000000000001,0.8500000000000014,0.2222222222222222,evqa-pilot500/paligemma-3b;evqa-pilot500/qwen2.5-vl-3b;mmke-entity/blip2-opt-2.7b;mmke-entity/instructblip-vicuna-7b;mmke-entity/paligemma-3b;mmke-visual/blip2-opt-2.7b;mmke-visual/instructblip-vicuna-7b;mmke-visual/minigpt-4-vicuna-7b;mmke-visual/smolvlm-1.7b
clean,power_a2_b0_g1,M_abscos_x_newn,1,14,False,16,67.91114285714286,69.78085714285714,-1.8697142857142854,67.91114285714286,-1.8697142857142854,4,5,5,3,5,0.0,-22.24000000000001,14.88000000000001,0.14285714285714285,evqa-pilot500/blip2-opt-2.7b;evqa-pilot500/minigpt-4-vicuna-7b;evqa-pilot500/paligemma-3b;evqa-pilot500/qwen2.5-vl-3b;evqa-pilot500/smolvlm-1.7b;mmke-entity/blip2-opt-2.7b;mmke-entity/instructblip-vicuna-7b;mmke-entity/paligemma-3b;mmke-entity/smolvlm-1.7b;mmke-visual/blip2-opt-2.7b;mmke-visual/instructblip-vicuna-7b;mmke-visual/minigpt-4-vicuna-7b;mmke-visual/qwen2.5-vl-3b;mmke-visual/smolvlm-1.7b
clean,power_a2_b0_g1,M_abscos_x_newn,3,8,False,16,69.24125,75.845,-6.603750000000002,67.57325,-4.781916666666669,0,3,5,0,5,-1.490000000000002,-21.60000000000001,0.0,0.25,evqa-pilot500/paligemma-3b;evqa-pilot500/qwen2.5-vl-3b;mmke-entity/blip2-opt-2.7b;mmke-entity/instructblip-vicuna-7b;mmke-entity/paligemma-3b;mmke-visual/instructblip-vicuna-7b;mmke-visual/minigpt-4-vicuna-7b;mmke-visual/smolvlm-1.7b
clean,power_a2_b0_g1,M_new_norm,1,14,False,16,67.91114285714286,69.54157142857143,-1.630428571428571,67.91114285714286,-1.630428571428571,6,3,5,5,5,0.0,-22.24000000000001,14.88000000000001,0.14285714285714285,evqa-pilot500/blip2-opt-2.7b;evqa-pilot500/minigpt-4-vicuna-7b;evqa-pilot500/paligemma-3b;evqa-pilot500/qwen2.5-vl-3b;evqa-pilot500/smolvlm-1.7b;mmke-entity/blip2-opt-2.7b;mmke-entity/instructblip-vicuna-7b;mmke-entity/paligemma-3b;mmke-entity/smolvlm-1.7b;mmke-visual/blip2-opt-2.7b;mmke-visual/instructblip-vicuna-7b;mmke-visual/minigpt-4-vicuna-7b;mmke-visual/qwen2.5-vl-3b;mmke-visual/smolvlm-1.7b
clean,power_a2_b0_g1,M_new_norm,3,8,False,16,69.24125,75.643,-6.401750000000001,67.57325,-4.561416666666668,1,2,5,1,5,-1.1069999999999993,-21.60000000000001,0.8500000000000014,0.25,evqa-pilot500/paligemma-3b;evqa-pilot500/qwen2.5-vl-3b;mmke-entity/blip2-opt-2.7b;mmke-entity/instructblip-vicuna-7b;mmke-entity/paligemma-3b;mmke-visual/instructblip-vicuna-7b;mmke-visual/minigpt-4-vicuna-7b;mmke-visual/smolvlm-1.7b
clean,power_a2_b0_g2,M_abscos_x_newn,1,15,False,16,68.35706666666667,69.94346666666667,-1.5864,68.35706666666667,-1.5864,4,2,9,3,8,-0.5900000000000034,-22.24000000000001,15.64,0,evqa-pilot500/blip2-opt-2.7b;evqa-pilot500/minigpt-4-vicuna-7b;evqa-pilot500/paligemma-3b;evqa-pilot500/qwen2.5-vl-3b;evqa-pilot500/smolvlm-1.7b;mmke-entity/blip2-opt-2.7b;mmke-entity/instructblip-vicuna-7b;mmke-entity/paligemma-3b;mmke-entity/qwen2.5-vl-3b;mmke-entity/smolvlm-1.7b;mmke-visual/blip2-opt-2.7b;mmke-visual/instructblip-vicuna-7b;mmke-visual/minigpt-4-vicuna-7b;mmke-visual/qwen2.5-vl-3b;mmke-visual/smolvlm-1.7b
clean,power_a2_b0_g2,M_abscos_x_newn,3,12,False,16,70.87166666666667,73.77633333333334,-2.904666666666668,69.02794444444444,-1.69227777777778,3,0,9,3,8,-0.6950000000000003,-21.660000000000004,17.093999999999994,0.25,evqa-pilot500/blip2-opt-2.7b;evqa-pilot500/paligemma-3b;evqa-pilot500/smolvlm-1.7b;mmke-entity/blip2-opt-2.7b;mmke-entity/instructblip-vicuna-7b;mmke-entity/paligemma-3b;mmke-entity/qwen2.5-vl-3b;mmke-entity/smolvlm-1.7b;mmke-visual/instructblip-vicuna-7b;mmke-visual/minigpt-4-vicuna-7b;mmke-visual/qwen2.5-vl-3b;mmke-visual/smolvlm-1.7b
clean,power_a2_b0_g2,M_new_norm,1,15,False,16,68.35706666666667,69.72013333333334,-1.3630666666666664,68.35706666666667,-1.3630666666666664,5,1,9,4,7,-0.10000000000000142,-22.24000000000001,15.64,0,evqa-pilot500/blip2-opt-2.7b;evqa-pilot500/minigpt-4-vicuna-7b;evqa-pilot500/paligemma-3b;evqa-pilot500/qwen2.5-vl-3b;evqa-pilot500/smolvlm-1.7b;mmke-entity/blip2-opt-2.7b;mmke-entity/instructblip-vicuna-7b;mmke-entity/paligemma-3b;mmke-entity/qwen2.5-vl-3b;mmke-entity/smolvlm-1.7b;mmke-visual/blip2-opt-2.7b;mmke-visual/instructblip-vicuna-7b;mmke-visual/minigpt-4-vicuna-7b;mmke-visual/qwen2.5-vl-3b;mmke-visual/smolvlm-1.7b
clean,power_a2_b0_g2,M_new_norm,3,12,False,16,70.87166666666667,73.7125,-2.840833333333334,69.02794444444444,-1.6272222222222237,3,0,9,3,8,-0.6950000000000003,-21.660000000000004,17.093999999999994,0.25,evqa-pilot500/blip2-opt-2.7b;evqa-pilot500/paligemma-3b;evqa-pilot500/smolvlm-1.7b;mmke-entity/blip2-opt-2.7b;mmke-entity/instructblip-vicuna-7b;mmke-entity/paligemma-3b;mmke-entity/qwen2.5-vl-3b;mmke-entity/smolvlm-1.7b;mmke-visual/instructblip-vicuna-7b;mmke-visual/minigpt-4-vicuna-7b;mmke-visual/qwen2.5-vl-3b;mmke-visual/smolvlm-1.7b
clean,power_a2_b0.5_g-1,M_abscos_x_newn,1,14,False,16,68.022,68.28542857142857,-0.2634285714285721,68.022,-0.2634285714285721,1,8,5,1,4,0.0,-1.730000000000004,1.0100000000000051,0.21428571428571427,evqa-pilot500/blip2-opt-2.7b;evqa-pilot500/minigpt-4-vicuna-7b;evqa-pilot500/qwen2.5-vl-3b;evqa-pilot500/smolvlm-1.7b;mmke-entity/blip2-opt-2.7b;mmke-entity/instructblip-vicuna-7b;mmke-entity/minigpt-4-vicuna-7b;mmke-entity/qwen2.5-vl-3b;mmke-entity/smolvlm-1.7b;mmke-visual/blip2-opt-2.7b;mmke-visual/instructblip-vicuna-7b;mmke-visual/minigpt-4-vicuna-7b;mmke-visual/qwen2.5-vl-3b;mmke-visual/smolvlm-1.7b
clean,power_a2_b0.5_g-1,M_abscos_x_newn,3,14,False,16,70.21128571428572,69.8607142857143,0.35057142857142765,67.55304761904762,0.1069999999999988,1,11,2,1,1,0.0,-0.7660000000000053,6.1640000000000015,0.42857142857142855,evqa-pilot500/blip2-opt-2.7b;evqa-pilot500/minigpt-4-vicuna-7b;evqa-pilot500/qwen2.5-vl-3b;evqa-pilot500/smolvlm-1.7b;mmke-entity/blip2-opt-2.7b;mmke-entity/instructblip-vicuna-7b;mmke-entity/minigpt-4-vicuna-7b;mmke-entity/qwen2.5-vl-3b;mmke-entity/smolvlm-1.7b;mmke-visual/blip2-opt-2.7b;mmke-visual/instructblip-vicuna-7b;mmke-visual/minigpt-4-vicuna-7b;mmke-visual/qwen2.5-vl-3b;mmke-visual/smolvlm-1.7b
clean,power_a2_b0.5_g-1,M_new_norm,1,14,False,16,68.022,68.01128571428572,0.010714285714285105,68.022,0.010714285714285105,1,12,1,1,1,0.0,-0.8600000000000136,1.0100000000000051,0.21428571428571427,evqa-pilot500/blip2-opt-2.7b;evqa-pilot500/minigpt-4-vicuna-7b;evqa-pilot500/qwen2.5-vl-3b;evqa-pilot500/smolvlm-1.7b;mmke-entity/blip2-opt-2.7b;mmke-entity/instructblip-vicuna-7b;mmke-entity/minigpt-4-vicuna-7b;mmke-entity/qwen2.5-vl-3b;mmke-entity/smolvlm-1.7b;mmke-visual/blip2-opt-2.7b;mmke-visual/instructblip-vicuna-7b;mmke-visual/minigpt-4-vicuna-7b;mmke-visual/qwen2.5-vl-3b;mmke-visual/smolvlm-1.7b
clean,power_a2_b0.5_g-1,M_new_norm,3,14,False,16,70.21128571428572,70.15057142857142,0.06071428571428582,67.55304761904762,0.03738095238095239,1,13,0,1,0,0.0,0.0,0.8500000000000014,0.42857142857142855,evqa-pilot500/blip2-opt-2.7b;evqa-pilot500/minigpt-4-vicuna-7b;evqa-pilot500/qwen2.5-vl-3b;evqa-pilot500/smolvlm-1.7b;mmke-entity/blip2-opt-2.7b;mmke-entity/instructblip-vicuna-7b;mmke-entity/minigpt-4-vicuna-7b;mmke-entity/qwen2.5-vl-3b;mmke-entity/smolvlm-1.7b;mmke-visual/blip2-opt-2.7b;mmke-visual/instructblip-vicuna-7b;mmke-visual/minigpt-4-vicuna-7b;mmke-visual/qwen2.5-vl-3b;mmke-visual/smolvlm-1.7b
clean,power_a2_b0.5_g0,M_abscos_x_newn,1,15,False,16,70.0816,70.24106666666667,-0.1594666666666664,70.0816,-0.1594666666666664,0,14,1,0,1,0.0,-2.391999999999996,0.0,0.2,evqa-pilot500/blip2-opt-2.7b;evqa-pilot500/minigpt-4-vicuna-7b;evqa-pilot500/paligemma-3b;evqa-pilot500/qwen2.5-vl-3b;evqa-pilot500/smolvlm-1.7b;mmke-entity/blip2-opt-2.7b;mmke-entity/instructblip-vicuna-7b;mmke-entity/minigpt-4-vicuna-7b;mmke-entity/paligemma-3b;mmke-entity/qwen2.5-vl-3b;mmke-entity/smolvlm-1.7b;mmke-visual/blip2-opt-2.7b;mmke-visual/instructblip-vicuna-7b;mmke-visual/minigpt-4-vicuna-7b;mmke-visual/qwen2.5-vl-3b
clean,power_a2_b0.5_g0,M_abscos_x_newn,3,13,False,16,72.062,72.32507692307692,-0.2630769230769232,68.78789743589743,-0.2296410256410259,0,11,2,0,2,0.0,-2.3900000000000006,0.0,0.46153846153846156,evqa-pilot500/blip2-opt-2.7b;evqa-pilot500/minigpt-4-vicuna-7b;evqa-pilot500/paligemma-3b;evqa-pilot500/qwen2.5-vl-3b;evqa-pilot500/smolvlm-1.7b;mmke-entity/blip2-opt-2.7b;mmke-entity/instructblip-vicuna-7b;mmke-entity/paligemma-3b;mmke-entity/smolvlm-1.7b;mmke-visual/blip2-opt-2.7b;mmke-visual/instructblip-vicuna-7b;mmke-visual/minigpt-4-vicuna-7b;mmke-visual/qwen2.5-vl-3b
clean,power_a2_b0.5_g0,M_new_norm,1,15,False,16,70.0816,69.9852,0.09640000000000033,70.0816,0.09640000000000033,3,11,1,2,1,0.0,-1.6219999999999999,1.730000000000004,0.2,evqa-pilot500/blip2-opt-2.7b;evqa-pilot500/minigpt-4-vicuna-7b;evqa-pilot500/paligemma-3b;evqa-pilot500/qwen2.5-vl-3b;evqa-pilot500/smolvlm-1.7b;mmke-entity/blip2-opt-2.7b;mmke-entity/instructblip-vicuna-7b;mmke-entity/minigpt-4-vicuna-7b;mmke-entity/paligemma-3b;mmke-entity/qwen2.5-vl-3b;mmke-entity/smolvlm-1.7b;mmke-visual/blip2-opt-2.7b;mmke-visual/instructblip-vicuna-7b;mmke-visual/minigpt-4-vicuna-7b;mmke-visual/qwen2.5-vl-3b
clean,power_a2_b0.5_g0,M_new_norm,3,13,False,16,72.062,72.67492307692308,-0.6129230769230767,68.78789743589743,-0.3388717948717942,1,10,2,1,2,0.0,-7.194000000000003,0.8500000000000014,0.46153846153846156,evqa-pilot500/blip2-opt-2.7b;evqa-pilot500/minigpt-4-vicuna-7b;evqa-pilot500/paligemma-3b;evqa-pilot500/qwen2.5-vl-3b;evqa-pilot500/smolvlm-1.7b;mmke-entity/blip2-opt-2.7b;mmke-entity/instructblip-vicuna-7b;mmke-entity/paligemma-3b;mmke-entity/smolvlm-1.7b;mmke-visual/blip2-opt-2.7b;mmke-visual/instructblip-vicuna-7b;mmke-visual/minigpt-4-vicuna-7b;mmke-visual/qwen2.5-vl-3b
clean,power_a2_b0.5_g0.5,M_abscos_x_newn,1,12,False,16,66.62983333333334,70.158,-3.528166666666665,66.62983333333334,-3.528166666666665,2,6,4,1,4,0.0,-22.24000000000001,4.300000000000004,0.08333333333333333,evqa-pilot500/blip2-opt-2.7b;evqa-pilot500/minigpt-4-vicuna-7b;evqa-pilot500/paligemma-3b;evqa-pilot500/qwen2.5-vl-3b;mmke-entity/blip2-opt-2.7b;mmke-entity/instructblip-vicuna-7b;mmke-entity/minigpt-4-vicuna-7b;mmke-entity/paligemma-3b;mmke-visual/blip2-opt-2.7b;mmke-visual/instructblip-vicuna-7b;mmke-visual/minigpt-4-vicuna-7b;mmke-visual/smolvlm-1.7b
clean,power_a2_b0.5_g0.5,M_abscos_x_newn,3,9,False,16,70.58333333333333,73.76066666666667,-3.1773333333333347,68.4162962962963,-2.4177037037037064,1,3,5,1,4,-0.18000000000000682,-21.60000000000001,3.9540000000000006,0.2222222222222222,evqa-pilot500/blip2-opt-2.7b;evqa-pilot500/paligemma-3b;evqa-pilot500/qwen2.5-vl-3b;mmke-entity/blip2-opt-2.7b;mmke-entity/instructblip-vicuna-7b;mmke-entity/paligemma-3b;mmke-visual/blip2-opt-2.7b;mmke-visual/minigpt-4-vicuna-7b;mmke-visual/smolvlm-1.7b
clean,power_a2_b0.5_g0.5,M_new_norm,1,12,False,16,66.62983333333334,69.83816666666667,-3.2083333333333317,66.62983333333334,-3.2083333333333317,4,4,4,4,4,0.0,-22.24000000000001,4.300000000000004,0.08333333333333333,evqa-pilot500/blip2-opt-2.7b;evqa-pilot500/minigpt-4-vicuna-7b;evqa-pilot500/paligemma-3b;evqa-pilot500/qwen2.5-vl-3b;mmke-entity/blip2-opt-2.7b;mmke-entity/instructblip-vicuna-7b;mmke-entity/minigpt-4-vicuna-7b;mmke-entity/paligemma-3b;mmke-visual/blip2-opt-2.7b;mmke-visual/instructblip-vicuna-7b;mmke-visual/minigpt-4-vicuna-7b;mmke-visual/smolvlm-1.7b
clean,power_a2_b0.5_g0.5,M_new_norm,3,9,False,16,70.58333333333333,73.58111111111111,-2.9977777777777783,68.4162962962963,-2.2217037037037053,2,2,5,2,4,-0.18000000000000682,-21.60000000000001,3.9540000000000006,0.2222222222222222,evqa-pilot500/blip2-opt-2.7b;evqa-pilot500/paligemma-3b;evqa-pilot500/qwen2.5-vl-3b;mmke-entity/blip2-opt-2.7b;mmke-entity/instructblip-vicuna-7b;mmke-entity/paligemma-3b;mmke-visual/blip2-opt-2.7b;mmke-visual/minigpt-4-vicuna-7b;mmke-visual/smolvlm-1.7b
clean,power_a2_b0.5_g1,M_abscos_x_newn,1,12,False,16,67.82966666666667,71.18383333333334,-3.3541666666666665,67.82966666666667,-3.3541666666666665,3,5,4,1,4,0.0,-22.24000000000001,6.82,0.08333333333333333,evqa-pilot500/minigpt-4-vicuna-7b;evqa-pilot500/paligemma-3b;evqa-pilot500/qwen2.5-vl-3b;mmke-entity/blip2-opt-2.7b;mmke-entity/instructblip-vicuna-7b;mmke-entity/minigpt-4-vicuna-7b;mmke-entity/paligemma-3b;mmke-entity/smolvlm-1.7b;mmke-visual/blip2-opt-2.7b;mmke-visual/instructblip-vicuna-7b;mmke-visual/minigpt-4-vicuna-7b;mmke-visual/smolvlm-1.7b
clean,power_a2_b0.5_g1,M_abscos_x_newn,3,9,False,16,69.28777777777778,75.18111111111111,-5.893333333333335,67.75437037037037,-4.040222222222225,0,3,6,0,5,-0.5900000000000034,-21.60000000000001,0.0,0.2222222222222222,evqa-pilot500/paligemma-3b;evqa-pilot500/qwen2.5-vl-3b;mmke-entity/blip2-opt-2.7b;mmke-entity/instructblip-vicuna-7b;mmke-entity/paligemma-3b;mmke-visual/blip2-opt-2.7b;mmke-visual/instructblip-vicuna-7b;mmke-visual/minigpt-4-vicuna-7b;mmke-visual/smolvlm-1.7b
clean,power_a2_b0.5_g1,M_new_norm,1,12,False,16,67.82966666666667,70.864,-3.034333333333333,67.82966666666667,-3.034333333333333,5,3,4,4,4,0.0,-22.24000000000001,6.82,0.08333333333333333,evqa-pilot500/minigpt-4-vicuna-7b;evqa-pilot500/paligemma-3b;evqa-pilot500/qwen2.5-vl-3b;mmke-entity/blip2-opt-2.7b;mmke-entity/instructblip-vicuna-7b;mmke-entity/minigpt-4-vicuna-7b;mmke-entity/paligemma-3b;mmke-entity/smolvlm-1.7b;mmke-visual/blip2-opt-2.7b;mmke-visual/instructblip-vicuna-7b;mmke-visual/minigpt-4-vicuna-7b;mmke-visual/smolvlm-1.7b
clean,power_a2_b0.5_g1,M_new_norm,3,9,False,16,69.28777777777778,75.00155555555556,-5.713777777777779,67.75437037037037,-3.8442222222222235,1,2,6,1,5,-0.5900000000000034,-21.60000000000001,0.8500000000000014,0.2222222222222222,evqa-pilot500/paligemma-3b;evqa-pilot500/qwen2.5-vl-3b;mmke-entity/blip2-opt-2.7b;mmke-entity/instructblip-vicuna-7b;mmke-entity/paligemma-3b;mmke-visual/blip2-opt-2.7b;mmke-visual/instructblip-vicuna-7b;mmke-visual/minigpt-4-vicuna-7b;mmke-visual/smolvlm-1.7b
clean,power_a2_b0.5_g2,M_abscos_x_newn,1,14,False,16,68.30971428571429,69.78085714285714,-1.4711428571428569,68.30971428571429,-1.4711428571428569,4,3,7,4,6,-0.015000000000000568,-22.24000000000001,14.88000000000001,0.14285714285714285,evqa-pilot500/blip2-opt-2.7b;evqa-pilot500/minigpt-4-vicuna-7b;evqa-pilot500/paligemma-3b;evqa-pilot500/qwen2.5-vl-3b;evqa-pilot500/smolvlm-1.7b;mmke-entity/blip2-opt-2.7b;mmke-entity/instructblip-vicuna-7b;mmke-entity/paligemma-3b;mmke-entity/smolvlm-1.7b;mmke-visual/blip2-opt-2.7b;mmke-visual/instructblip-vicuna-7b;mmke-visual/minigpt-4-vicuna-7b;mmke-visual/qwen2.5-vl-3b;mmke-visual/smolvlm-1.7b
clean,power_a2_b0.5_g2,M_abscos_x_newn,3,12,False,16,69.96183333333333,73.06466666666667,-3.102833333333335,68.605,-1.365500000000002,3,1,8,3,7,-0.5450000000000017,-21.60000000000001,16.685999999999993,0.25,evqa-pilot500/blip2-opt-2.7b;evqa-pilot500/paligemma-3b;evqa-pilot500/qwen2.5-vl-3b;evqa-pilot500/smolvlm-1.7b;mmke-entity/blip2-opt-2.7b;mmke-entity/instructblip-vicuna-7b;mmke-entity/paligemma-3b;mmke-entity/smolvlm-1.7b;mmke-visual/instructblip-vicuna-7b;mmke-visual/minigpt-4-vicuna-7b;mmke-visual/qwen2.5-vl-3b;mmke-visual/smolvlm-1.7b
clean,power_a2_b0.5_g2,M_new_norm,1,14,False,16,68.30971428571429,69.54157142857143,-1.2318571428571425,68.30971428571429,-1.2318571428571425,6,1,7,6,6,-0.015000000000000568,-22.24000000000001,14.88000000000001,0.14285714285714285,evqa-pilot500/blip2-opt-2.7b;evqa-pilot500/minigpt-4-vicuna-7b;evqa-pilot500/paligemma-3b;evqa-pilot500/qwen2.5-vl-3b;evqa-pilot500/smolvlm-1.7b;mmke-entity/blip2-opt-2.7b;mmke-entity/instructblip-vicuna-7b;mmke-entity/paligemma-3b;mmke-entity/smolvlm-1.7b;mmke-visual/blip2-opt-2.7b;mmke-visual/instructblip-vicuna-7b;mmke-visual/minigpt-4-vicuna-7b;mmke-visual/qwen2.5-vl-3b;mmke-visual/smolvlm-1.7b
clean,power_a2_b0.5_g2,M_new_norm,3,12,False,16,69.96183333333333,72.93,-2.968166666666668,68.605,-1.2185000000000012,4,0,8,4,7,-0.5450000000000017,-21.60000000000001,16.685999999999993,0.25,evqa-pilot500/blip2-opt-2.7b;evqa-pilot500/paligemma-3b;evqa-pilot500/qwen2.5-vl-3b;evqa-pilot500/smolvlm-1.7b;mmke-entity/blip2-opt-2.7b;mmke-entity/instructblip-vicuna-7b;mmke-entity/paligemma-3b;mmke-entity/smolvlm-1.7b;mmke-visual/instructblip-vicuna-7b;mmke-visual/minigpt-4-vicuna-7b;mmke-visual/qwen2.5-vl-3b;mmke-visual/smolvlm-1.7b
clean,power_a2_b1_g-1,M_abscos_x_newn,1,14,False,16,68.022,68.28542857142857,-0.2634285714285721,68.022,-0.2634285714285721,1,8,5,1,4,0.0,-1.730000000000004,1.0100000000000051,0.21428571428571427,evqa-pilot500/blip2-opt-2.7b;evqa-pilot500/minigpt-4-vicuna-7b;evqa-pilot500/qwen2.5-vl-3b;evqa-pilot500/smolvlm-1.7b;mmke-entity/blip2-opt-2.7b;mmke-entity/instructblip-vicuna-7b;mmke-entity/minigpt-4-vicuna-7b;mmke-entity/qwen2.5-vl-3b;mmke-entity/smolvlm-1.7b;mmke-visual/blip2-opt-2.7b;mmke-visual/instructblip-vicuna-7b;mmke-visual/minigpt-4-vicuna-7b;mmke-visual/qwen2.5-vl-3b;mmke-visual/smolvlm-1.7b
clean,power_a2_b1_g-1,M_abscos_x_newn,3,14,False,16,70.15057142857142,69.8607142857143,0.2898571428571418,67.4987619047619,0.052714285714284666,1,10,3,1,2,0.0,-0.8500000000000014,6.1640000000000015,0.35714285714285715,evqa-pilot500/blip2-opt-2.7b;evqa-pilot500/minigpt-4-vicuna-7b;evqa-pilot500/qwen2.5-vl-3b;evqa-pilot500/smolvlm-1.7b;mmke-entity/blip2-opt-2.7b;mmke-entity/instructblip-vicuna-7b;mmke-entity/minigpt-4-vicuna-7b;mmke-entity/qwen2.5-vl-3b;mmke-entity/smolvlm-1.7b;mmke-visual/blip2-opt-2.7b;mmke-visual/instructblip-vicuna-7b;mmke-visual/minigpt-4-vicuna-7b;mmke-visual/qwen2.5-vl-3b;mmke-visual/smolvlm-1.7b
clean,power_a2_b1_g-1,M_new_norm,1,14,False,16,68.022,68.01128571428572,0.010714285714285105,68.022,0.010714285714285105,1,12,1,1,1,0.0,-0.8600000000000136,1.0100000000000051,0.21428571428571427,evqa-pilot500/blip2-opt-2.7b;evqa-pilot500/minigpt-4-vicuna-7b;evqa-pilot500/qwen2.5-vl-3b;evqa-pilot500/smolvlm-1.7b;mmke-entity/blip2-opt-2.7b;mmke-entity/instructblip-vicuna-7b;mmke-entity/minigpt-4-vicuna-7b;mmke-entity/qwen2.5-vl-3b;mmke-entity/smolvlm-1.7b;mmke-visual/blip2-opt-2.7b;mmke-visual/instructblip-vicuna-7b;mmke-visual/minigpt-4-vicuna-7b;mmke-visual/qwen2.5-vl-3b;mmke-visual/smolvlm-1.7b
clean,power_a2_b1_g-1,M_new_norm,3,14,False,16,70.15057142857142,70.15057142857142,0.0,67.4987619047619,-0.016904761904761756,0,14,0,0,0,0.0,0.0,0.0,0.35714285714285715,evqa-pilot500/blip2-opt-2.7b;evqa-pilot500/minigpt-4-vicuna-7b;evqa-pilot500/qwen2.5-vl-3b;evqa-pilot500/smolvlm-1.7b;mmke-entity/blip2-opt-2.7b;mmke-entity/instructblip-vicuna-7b;mmke-entity/minigpt-4-vicuna-7b;mmke-entity/qwen2.5-vl-3b;mmke-entity/smolvlm-1.7b;mmke-visual/blip2-opt-2.7b;mmke-visual/instructblip-vicuna-7b;mmke-visual/minigpt-4-vicuna-7b;mmke-visual/qwen2.5-vl-3b;mmke-visual/smolvlm-1.7b
clean,power_a2_b1_g0,M_abscos_x_newn,1,16,True,16,70.311,70.311,0.0,70.311,0.0,0,16,0,0,0,0.0,0.0,0.0,0.25,evqa-pilot500/blip2-opt-2.7b;evqa-pilot500/minigpt-4-vicuna-7b;evqa-pilot500/paligemma-3b;evqa-pilot500/qwen2.5-vl-3b;evqa-pilot500/smolvlm-1.7b;mmke-entity/blip2-opt-2.7b;mmke-entity/instructblip-vicuna-7b;mmke-entity/minigpt-4-vicuna-7b;mmke-entity/paligemma-3b;mmke-entity/qwen2.5-vl-3b;mmke-entity/smolvlm-1.7b;mmke-visual/blip2-opt-2.7b;mmke-visual/instructblip-vicuna-7b;mmke-visual/minigpt-4-vicuna-7b;mmke-visual/qwen2.5-vl-3b;mmke-visual/smolvlm-1.7b
clean,power_a2_b1_g0,M_abscos_x_newn,3,16,True,16,72.494125,72.494125,0.0,69.743125,0.0,0,16,0,0,0,0.0,0.0,0.0,0.4375,evqa-pilot500/blip2-opt-2.7b;evqa-pilot500/minigpt-4-vicuna-7b;evqa-pilot500/paligemma-3b;evqa-pilot500/qwen2.5-vl-3b;evqa-pilot500/smolvlm-1.7b;mmke-entity/blip2-opt-2.7b;mmke-entity/instructblip-vicuna-7b;mmke-entity/minigpt-4-vicuna-7b;mmke-entity/paligemma-3b;mmke-entity/qwen2.5-vl-3b;mmke-entity/smolvlm-1.7b;mmke-visual/blip2-opt-2.7b;mmke-visual/instructblip-vicuna-7b;mmke-visual/minigpt-4-vicuna-7b;mmke-visual/qwen2.5-vl-3b;mmke-visual/smolvlm-1.7b
clean,power_a2_b1_g0,M_new_norm,1,16,True,16,70.311,70.071125,0.23987500000000006,70.311,0.23987500000000006,4,12,0,3,0,0.0,0.0,1.730000000000004,0.25,evqa-pilot500/blip2-opt-2.7b;evqa-pilot500/minigpt-4-vicuna-7b;evqa-pilot500/paligemma-3b;evqa-pilot500/qwen2.5-vl-3b;evqa-pilot500/smolvlm-1.7b;mmke-entity/blip2-opt-2.7b;mmke-entity/instructblip-vicuna-7b;mmke-entity/minigpt-4-vicuna-7b;mmke-entity/paligemma-3b;mmke-entity/qwen2.5-vl-3b;mmke-entity/smolvlm-1.7b;mmke-visual/blip2-opt-2.7b;mmke-visual/instructblip-vicuna-7b;mmke-visual/minigpt-4-vicuna-7b;mmke-visual/qwen2.5-vl-3b;mmke-visual/smolvlm-1.7b
clean,power_a2_b1_g0,M_new_norm,3,16,True,16,72.494125,72.74775,-0.2536249999999991,69.743125,-0.06091666666666562,3,12,1,2,1,0.0,-6.1640000000000015,0.8500000000000014,0.4375,evqa-pilot500/blip2-opt-2.7b;evqa-pilot500/minigpt-4-vicuna-7b;evqa-pilot500/paligemma-3b;evqa-pilot500/qwen2.5-vl-3b;evqa-pilot500/smolvlm-1.7b;mmke-entity/blip2-opt-2.7b;mmke-entity/instructblip-vicuna-7b;mmke-entity/minigpt-4-vicuna-7b;mmke-entity/paligemma-3b;mmke-entity/qwen2.5-vl-3b;mmke-entity/smolvlm-1.7b;mmke-visual/blip2-opt-2.7b;mmke-visual/instructblip-vicuna-7b;mmke-visual/minigpt-4-vicuna-7b;mmke-visual/qwen2.5-vl-3b;mmke-visual/smolvlm-1.7b
clean,power_a2_b1_g0.5,M_abscos_x_newn,1,13,False,16,68.118,70.15815384615385,-2.0401538461538453,68.118,-2.0401538461538453,1,8,4,1,4,0.0,-20.540000000000006,0.6500000000000057,0.07692307692307693,evqa-pilot500/blip2-opt-2.7b;evqa-pilot500/minigpt-4-vicuna-7b;evqa-pilot500/paligemma-3b;evqa-pilot500/qwen2.5-vl-3b;evqa-pilot500/smolvlm-1.7b;mmke-entity/blip2-opt-2.7b;mmke-entity/instructblip-vicuna-7b;mmke-entity/minigpt-4-vicuna-7b;mmke-entity/paligemma-3b;mmke-entity/smolvlm-1.7b;mmke-visual/blip2-opt-2.7b;mmke-visual/minigpt-4-vicuna-7b;mmke-visual/smolvlm-1.7b
clean,power_a2_b1_g0.5,M_abscos_x_newn,3,8,False,16,74.14750000000001,74.91825,-0.7707500000000005,72.249,-0.26433333333333486,1,4,3,1,2,0.0,-7.549999999999997,3.9540000000000006,0.25,evqa-pilot500/blip2-opt-2.7b;evqa-pilot500/paligemma-3b;evqa-pilot500/qwen2.5-vl-3b;mmke-entity/blip2-opt-2.7b;mmke-entity/minigpt-4-vicuna-7b;mmke-entity/paligemma-3b;mmke-visual/blip2-opt-2.7b;mmke-visual/minigpt-4-vicuna-7b
clean,power_a2_b1_g0.5,M_new_norm,1,13,False,16,68.118,69.86292307692308,-1.7449230769230761,68.118,-1.7449230769230761,4,5,4,3,4,0.0,-20.540000000000006,1.730000000000004,0.07692307692307693,evqa-pilot500/blip2-opt-2.7b;evqa-pilot500/minigpt-4-vicuna-7b;evqa-pilot500/paligemma-3b;evqa-pilot500/qwen2.5-vl-3b;evqa-pilot500/smolvlm-1.7b;mmke-entity/blip2-opt-2.7b;mmke-entity/instructblip-vicuna-7b;mmke-entity/minigpt-4-vicuna-7b;mmke-entity/paligemma-3b;mmke-entity/smolvlm-1.7b;mmke-visual/blip2-opt-2.7b;mmke-visual/minigpt-4-vicuna-7b;mmke-visual/smolvlm-1.7b
clean,power_a2_b1_g0.5,M_new_norm,3,8,False,16,74.14750000000001,74.655,-0.5074999999999985,72.249,0.011833333333333584,3,2,3,2,2,0.0,-7.549999999999997,3.9540000000000006,0.25,evqa-pilot500/blip2-opt-2.7b;evqa-pilot500/paligemma-3b;evqa-pilot500/qwen2.5-vl-3b;mmke-entity/blip2-opt-2.7b;mmke-entity/minigpt-4-vicuna-7b;mmke-entity/paligemma-3b;mmke-visual/blip2-opt-2.7b;mmke-visual/minigpt-4-vicuna-7b
clean,power_a2_b1_g1,M_abscos_x_newn,1,13,False,16,68.0983076923077,70.14353846153845,-2.045230769230769,68.0983076923077,-2.045230769230769,2,6,5,2,5,0.0,-20.540000000000006,14.930000000000007,0.07692307692307693,evqa-pilot500/blip2-opt-2.7b;evqa-pilot500/minigpt-4-vicuna-7b;evqa-pilot500/paligemma-3b;evqa-pilot500/qwen2.5-vl-3b;evqa-pilot500/smolvlm-1.7b;mmke-entity/blip2-opt-2.7b;mmke-entity/instructblip-vicuna-7b;mmke-entity/minigpt-4-vicuna-7b;mmke-entity/paligemma-3b;mmke-visual/blip2-opt-2.7b;mmke-visual/instructblip-vicuna-7b;mmke-visual/minigpt-4-vicuna-7b;mmke-visual/smolvlm-1.7b
clean,power_a2_b1_g1,M_abscos_x_newn,3,8,False,16,71.75625,75.6675,-3.911250000000001,70.05158333333334,-2.6869166666666686,0,3,5,0,4,-0.5050000000000026,-20.340000000000003,0.0,0.25,evqa-pilot500/paligemma-3b;evqa-pilot500/qwen2.5-vl-3b;mmke-entity/blip2-opt-2.7b;mmke-entity/instructblip-vicuna-7b;mmke-entity/paligemma-3b;mmke-visual/blip2-opt-2.7b;mmke-visual/minigpt-4-vicuna-7b;mmke-visual/smolvlm-1.7b
clean,power_a2_b1_g1,M_new_norm,1,13,False,16,68.0983076923077,69.84830769230769,-1.7499999999999996,68.0983076923077,-1.7499999999999996,5,3,5,4,5,0.0,-20.540000000000006,14.930000000000007,0.07692307692307693,evqa-pilot500/blip2-opt-2.7b;evqa-pilot500/minigpt-4-vicuna-7b;evqa-pilot500/paligemma-3b;evqa-pilot500/qwen2.5-vl-3b;evqa-pilot500/smolvlm-1.7b;mmke-entity/blip2-opt-2.7b;mmke-entity/instructblip-vicuna-7b;mmke-entity/minigpt-4-vicuna-7b;mmke-entity/paligemma-3b;mmke-visual/blip2-opt-2.7b;mmke-visual/instructblip-vicuna-7b;mmke-visual/minigpt-4-vicuna-7b;mmke-visual/smolvlm-1.7b
clean,power_a2_b1_g1,M_new_norm,3,8,False,16,71.75625,75.4655,-3.70925,70.05158333333334,-2.4664166666666674,1,2,5,1,4,-0.5050000000000026,-20.340000000000003,0.8500000000000014,0.25,evqa-pilot500/paligemma-3b;evqa-pilot500/qwen2.5-vl-3b;mmke-entity/blip2-opt-2.7b;mmke-entity/instructblip-vicuna-7b;mmke-entity/paligemma-3b;mmke-visual/blip2-opt-2.7b;mmke-visual/minigpt-4-vicuna-7b;mmke-visual/smolvlm-1.7b
clean,power_a2_b1_g2,M_abscos_x_newn,1,14,False,16,68.60071428571429,70.199,-1.5982857142857136,68.60071428571429,-1.5982857142857136,5,4,5,4,5,0.0,-22.24000000000001,14.88000000000001,0.14285714285714285,evqa-pilot500/blip2-opt-2.7b;evqa-pilot500/minigpt-4-vicuna-7b;evqa-pilot500/paligemma-3b;evqa-pilot500/qwen2.5-vl-3b;mmke-entity/blip2-opt-2.7b;mmke-entity/instructblip-vicuna-7b;mmke-entity/minigpt-4-vicuna-7b;mmke-entity/paligemma-3b;mmke-entity/smolvlm-1.7b;mmke-visual/blip2-opt-2.7b;mmke-visual/instructblip-vicuna-7b;mmke-visual/minigpt-4-vicuna-7b;mmke-visual/qwen2.5-vl-3b;mmke-visual/smolvlm-1.7b
clean,power_a2_b1_g2,M_abscos_x_newn,3,8,False,16,72.2835,74.247,-1.9635000000000034,70.78483333333334,-0.48966666666667,1,2,5,1,4,-0.4270000000000067,-21.60000000000001,16.685999999999993,0.125,evqa-pilot500/blip2-opt-2.7b;evqa-pilot500/paligemma-3b;evqa-pilot500/qwen2.5-vl-3b;mmke-entity/blip2-opt-2.7b;mmke-entity/instructblip-vicuna-7b;mmke-entity/paligemma-3b;mmke-visual/minigpt-4-vicuna-7b;mmke-visual/smolvlm-1.7b
clean,power_a2_b1_g2,M_new_norm,1,14,False,16,68.60071428571429,69.92485714285715,-1.3241428571428564,68.60071428571429,-1.3241428571428564,8,1,5,6,5,0.2539999999999978,-22.24000000000001,14.88000000000001,0.14285714285714285,evqa-pilot500/blip2-opt-2.7b;evqa-pilot500/minigpt-4-vicuna-7b;evqa-pilot500/paligemma-3b;evqa-pilot500/qwen2.5-vl-3b;mmke-entity/blip2-opt-2.7b;mmke-entity/instructblip-vicuna-7b;mmke-entity/minigpt-4-vicuna-7b;mmke-entity/paligemma-3b;mmke-entity/smolvlm-1.7b;mmke-visual/blip2-opt-2.7b;mmke-visual/instructblip-vicuna-7b;mmke-visual/minigpt-4-vicuna-7b;mmke-visual/qwen2.5-vl-3b;mmke-visual/smolvlm-1.7b
clean,power_a2_b1_g2,M_new_norm,3,8,False,16,72.2835,74.045,-1.7615000000000025,70.78483333333334,-0.2691666666666688,2,1,5,2,4,-0.4270000000000067,-21.60000000000001,16.685999999999993,0.125,evqa-pilot500/blip2-opt-2.7b;evqa-pilot500/paligemma-3b;evqa-pilot500/qwen2.5-vl-3b;mmke-entity/blip2-opt-2.7b;mmke-entity/instructblip-vicuna-7b;mmke-entity/paligemma-3b;mmke-visual/minigpt-4-vicuna-7b;mmke-visual/smolvlm-1.7b
clean,soft_direction_0.25,M_abscos_x_newn,1,16,True,16,70.071125,70.311,-0.23987500000000006,70.071125,-0.23987500000000006,0,12,4,0,3,0.0,-1.730000000000004,0.0,0.1875,evqa-pilot500/blip2-opt-2.7b;evqa-pilot500/minigpt-4-vicuna-7b;evqa-pilot500/paligemma-3b;evqa-pilot500/qwen2.5-vl-3b;evqa-pilot500/smolvlm-1.7b;mmke-entity/blip2-opt-2.7b;mmke-entity/instructblip-vicuna-7b;mmke-entity/minigpt-4-vicuna-7b;mmke-entity/paligemma-3b;mmke-entity/qwen2.5-vl-3b;mmke-entity/smolvlm-1.7b;mmke-visual/blip2-opt-2.7b;mmke-visual/instructblip-vicuna-7b;mmke-visual/minigpt-4-vicuna-7b;mmke-visual/qwen2.5-vl-3b;mmke-visual/smolvlm-1.7b
clean,soft_direction_0.25,M_abscos_x_newn,3,16,True,16,72.74775,72.494125,0.2536249999999991,69.80404166666666,0.06091666666666562,1,12,3,1,2,0.0,-0.8500000000000014,6.1640000000000015,0.375,evqa-pilot500/blip2-opt-2.7b;evqa-pilot500/minigpt-4-vicuna-7b;evqa-pilot500/paligemma-3b;evqa-pilot500/qwen2.5-vl-3b;evqa-pilot500/smolvlm-1.7b;mmke-entity/blip2-opt-2.7b;mmke-entity/instructblip-vicuna-7b;mmke-entity/minigpt-4-vicuna-7b;mmke-entity/paligemma-3b;mmke-entity/qwen2.5-vl-3b;mmke-entity/smolvlm-1.7b;mmke-visual/blip2-opt-2.7b;mmke-visual/instructblip-vicuna-7b;mmke-visual/minigpt-4-vicuna-7b;mmke-visual/qwen2.5-vl-3b;mmke-visual/smolvlm-1.7b
clean,soft_direction_0.25,M_new_norm,1,16,True,16,70.071125,70.071125,0.0,70.071125,0.0,0,16,0,0,0,0.0,0.0,0.0,0.1875,evqa-pilot500/blip2-opt-2.7b;evqa-pilot500/minigpt-4-vicuna-7b;evqa-pilot500/paligemma-3b;evqa-pilot500/qwen2.5-vl-3b;evqa-pilot500/smolvlm-1.7b;mmke-entity/blip2-opt-2.7b;mmke-entity/instructblip-vicuna-7b;mmke-entity/minigpt-4-vicuna-7b;mmke-entity/paligemma-3b;mmke-entity/qwen2.5-vl-3b;mmke-entity/smolvlm-1.7b;mmke-visual/blip2-opt-2.7b;mmke-visual/instructblip-vicuna-7b;mmke-visual/minigpt-4-vicuna-7b;mmke-visual/qwen2.5-vl-3b;mmke-visual/smolvlm-1.7b
clean,soft_direction_0.25,M_new_norm,3,16,True,16,72.74775,72.74775,0.0,69.80404166666666,0.0,0,16,0,0,0,0.0,0.0,0.0,0.375,evqa-pilot500/blip2-opt-2.7b;evqa-pilot500/minigpt-4-vicuna-7b;evqa-pilot500/paligemma-3b;evqa-pilot500/qwen2.5-vl-3b;evqa-pilot500/smolvlm-1.7b;mmke-entity/blip2-opt-2.7b;mmke-entity/instructblip-vicuna-7b;mmke-entity/minigpt-4-vicuna-7b;mmke-entity/paligemma-3b;mmke-entity/qwen2.5-vl-3b;mmke-entity/smolvlm-1.7b;mmke-visual/blip2-opt-2.7b;mmke-visual/instructblip-vicuna-7b;mmke-visual/minigpt-4-vicuna-7b;mmke-visual/qwen2.5-vl-3b;mmke-visual/smolvlm-1.7b
clean,soft_direction_0.5,M_abscos_x_newn,1,16,True,16,70.071125,70.311,-0.23987500000000006,70.071125,-0.23987500000000006,0,12,4,0,3,0.0,-1.730000000000004,0.0,0.1875,evqa-pilot500/blip2-opt-2.7b;evqa-pilot500/minigpt-4-vicuna-7b;evqa-pilot500/paligemma-3b;evqa-pilot500/qwen2.5-vl-3b;evqa-pilot500/smolvlm-1.7b;mmke-entity/blip2-opt-2.7b;mmke-entity/instructblip-vicuna-7b;mmke-entity/minigpt-4-vicuna-7b;mmke-entity/paligemma-3b;mmke-entity/qwen2.5-vl-3b;mmke-entity/smolvlm-1.7b;mmke-visual/blip2-opt-2.7b;mmke-visual/instructblip-vicuna-7b;mmke-visual/minigpt-4-vicuna-7b;mmke-visual/qwen2.5-vl-3b;mmke-visual/smolvlm-1.7b
clean,soft_direction_0.5,M_abscos_x_newn,3,16,True,16,72.74775,72.494125,0.2536249999999991,69.80404166666666,0.06091666666666562,1,12,3,1,2,0.0,-0.8500000000000014,6.1640000000000015,0.375,evqa-pilot500/blip2-opt-2.7b;evqa-pilot500/minigpt-4-vicuna-7b;evqa-pilot500/paligemma-3b;evqa-pilot500/qwen2.5-vl-3b;evqa-pilot500/smolvlm-1.7b;mmke-entity/blip2-opt-2.7b;mmke-entity/instructblip-vicuna-7b;mmke-entity/minigpt-4-vicuna-7b;mmke-entity/paligemma-3b;mmke-entity/qwen2.5-vl-3b;mmke-entity/smolvlm-1.7b;mmke-visual/blip2-opt-2.7b;mmke-visual/instructblip-vicuna-7b;mmke-visual/minigpt-4-vicuna-7b;mmke-visual/qwen2.5-vl-3b;mmke-visual/smolvlm-1.7b
clean,soft_direction_0.5,M_new_norm,1,16,True,16,70.071125,70.071125,0.0,70.071125,0.0,0,16,0,0,0,0.0,0.0,0.0,0.1875,evqa-pilot500/blip2-opt-2.7b;evqa-pilot500/minigpt-4-vicuna-7b;evqa-pilot500/paligemma-3b;evqa-pilot500/qwen2.5-vl-3b;evqa-pilot500/smolvlm-1.7b;mmke-entity/blip2-opt-2.7b;mmke-entity/instructblip-vicuna-7b;mmke-entity/minigpt-4-vicuna-7b;mmke-entity/paligemma-3b;mmke-entity/qwen2.5-vl-3b;mmke-entity/smolvlm-1.7b;mmke-visual/blip2-opt-2.7b;mmke-visual/instructblip-vicuna-7b;mmke-visual/minigpt-4-vicuna-7b;mmke-visual/qwen2.5-vl-3b;mmke-visual/smolvlm-1.7b
clean,soft_direction_0.5,M_new_norm,3,16,True,16,72.74775,72.74775,0.0,69.80404166666666,0.0,0,16,0,0,0,0.0,0.0,0.0,0.375,evqa-pilot500/blip2-opt-2.7b;evqa-pilot500/minigpt-4-vicuna-7b;evqa-pilot500/paligemma-3b;evqa-pilot500/qwen2.5-vl-3b;evqa-pilot500/smolvlm-1.7b;mmke-entity/blip2-opt-2.7b;mmke-entity/instructblip-vicuna-7b;mmke-entity/minigpt-4-vicuna-7b;mmke-entity/paligemma-3b;mmke-entity/qwen2.5-vl-3b;mmke-entity/smolvlm-1.7b;mmke-visual/blip2-opt-2.7b;mmke-visual/instructblip-vicuna-7b;mmke-visual/minigpt-4-vicuna-7b;mmke-visual/qwen2.5-vl-3b;mmke-visual/smolvlm-1.7b
clean,soft_direction_1,M_abscos_x_newn,1,16,True,16,70.071125,70.311,-0.23987500000000006,70.071125,-0.23987500000000006,0,12,4,0,3,0.0,-1.730000000000004,0.0,0.1875,evqa-pilot500/blip2-opt-2.7b;evqa-pilot500/minigpt-4-vicuna-7b;evqa-pilot500/paligemma-3b;evqa-pilot500/qwen2.5-vl-3b;evqa-pilot500/smolvlm-1.7b;mmke-entity/blip2-opt-2.7b;mmke-entity/instructblip-vicuna-7b;mmke-entity/minigpt-4-vicuna-7b;mmke-entity/paligemma-3b;mmke-entity/qwen2.5-vl-3b;mmke-entity/smolvlm-1.7b;mmke-visual/blip2-opt-2.7b;mmke-visual/instructblip-vicuna-7b;mmke-visual/minigpt-4-vicuna-7b;mmke-visual/qwen2.5-vl-3b;mmke-visual/smolvlm-1.7b
clean,soft_direction_1,M_abscos_x_newn,3,16,True,16,72.74775,72.494125,0.2536249999999991,69.80404166666666,0.06091666666666562,1,12,3,1,2,0.0,-0.8500000000000014,6.1640000000000015,0.375,evqa-pilot500/blip2-opt-2.7b;evqa-pilot500/minigpt-4-vicuna-7b;evqa-pilot500/paligemma-3b;evqa-pilot500/qwen2.5-vl-3b;evqa-pilot500/smolvlm-1.7b;mmke-entity/blip2-opt-2.7b;mmke-entity/instructblip-vicuna-7b;mmke-entity/minigpt-4-vicuna-7b;mmke-entity/paligemma-3b;mmke-entity/qwen2.5-vl-3b;mmke-entity/smolvlm-1.7b;mmke-visual/blip2-opt-2.7b;mmke-visual/instructblip-vicuna-7b;mmke-visual/minigpt-4-vicuna-7b;mmke-visual/qwen2.5-vl-3b;mmke-visual/smolvlm-1.7b
clean,soft_direction_1,M_new_norm,1,16,True,16,70.071125,70.071125,0.0,70.071125,0.0,0,16,0,0,0,0.0,0.0,0.0,0.1875,evqa-pilot500/blip2-opt-2.7b;evqa-pilot500/minigpt-4-vicuna-7b;evqa-pilot500/paligemma-3b;evqa-pilot500/qwen2.5-vl-3b;evqa-pilot500/smolvlm-1.7b;mmke-entity/blip2-opt-2.7b;mmke-entity/instructblip-vicuna-7b;mmke-entity/minigpt-4-vicuna-7b;mmke-entity/paligemma-3b;mmke-entity/qwen2.5-vl-3b;mmke-entity/smolvlm-1.7b;mmke-visual/blip2-opt-2.7b;mmke-visual/instructblip-vicuna-7b;mmke-visual/minigpt-4-vicuna-7b;mmke-visual/qwen2.5-vl-3b;mmke-visual/smolvlm-1.7b
clean,soft_direction_1,M_new_norm,3,16,True,16,72.74775,72.74775,0.0,69.80404166666666,0.0,0,16,0,0,0,0.0,0.0,0.0,0.375,evqa-pilot500/blip2-opt-2.7b;evqa-pilot500/minigpt-4-vicuna-7b;evqa-pilot500/paligemma-3b;evqa-pilot500/qwen2.5-vl-3b;evqa-pilot500/smolvlm-1.7b;mmke-entity/blip2-opt-2.7b;mmke-entity/instructblip-vicuna-7b;mmke-entity/minigpt-4-vicuna-7b;mmke-entity/paligemma-3b;mmke-entity/qwen2.5-vl-3b;mmke-entity/smolvlm-1.7b;mmke-visual/blip2-opt-2.7b;mmke-visual/instructblip-vicuna-7b;mmke-visual/minigpt-4-vicuna-7b;mmke-visual/qwen2.5-vl-3b;mmke-visual/smolvlm-1.7b
clean,soft_direction_2,M_abscos_x_newn,1,16,True,16,70.071125,70.311,-0.23987500000000006,70.071125,-0.23987500000000006,0,12,4,0,3,0.0,-1.730000000000004,0.0,0.1875,evqa-pilot500/blip2-opt-2.7b;evqa-pilot500/minigpt-4-vicuna-7b;evqa-pilot500/paligemma-3b;evqa-pilot500/qwen2.5-vl-3b;evqa-pilot500/smolvlm-1.7b;mmke-entity/blip2-opt-2.7b;mmke-entity/instructblip-vicuna-7b;mmke-entity/minigpt-4-vicuna-7b;mmke-entity/paligemma-3b;mmke-entity/qwen2.5-vl-3b;mmke-entity/smolvlm-1.7b;mmke-visual/blip2-opt-2.7b;mmke-visual/instructblip-vicuna-7b;mmke-visual/minigpt-4-vicuna-7b;mmke-visual/qwen2.5-vl-3b;mmke-visual/smolvlm-1.7b
clean,soft_direction_2,M_abscos_x_newn,3,16,True,16,72.74775,72.494125,0.2536249999999991,69.80404166666666,0.06091666666666562,1,12,3,1,2,0.0,-0.8500000000000014,6.1640000000000015,0.375,evqa-pilot500/blip2-opt-2.7b;evqa-pilot500/minigpt-4-vicuna-7b;evqa-pilot500/paligemma-3b;evqa-pilot500/qwen2.5-vl-3b;evqa-pilot500/smolvlm-1.7b;mmke-entity/blip2-opt-2.7b;mmke-entity/instructblip-vicuna-7b;mmke-entity/minigpt-4-vicuna-7b;mmke-entity/paligemma-3b;mmke-entity/qwen2.5-vl-3b;mmke-entity/smolvlm-1.7b;mmke-visual/blip2-opt-2.7b;mmke-visual/instructblip-vicuna-7b;mmke-visual/minigpt-4-vicuna-7b;mmke-visual/qwen2.5-vl-3b;mmke-visual/smolvlm-1.7b
clean,soft_direction_2,M_new_norm,1,16,True,16,70.071125,70.071125,0.0,70.071125,0.0,0,16,0,0,0,0.0,0.0,0.0,0.1875,evqa-pilot500/blip2-opt-2.7b;evqa-pilot500/minigpt-4-vicuna-7b;evqa-pilot500/paligemma-3b;evqa-pilot500/qwen2.5-vl-3b;evqa-pilot500/smolvlm-1.7b;mmke-entity/blip2-opt-2.7b;mmke-entity/instructblip-vicuna-7b;mmke-entity/minigpt-4-vicuna-7b;mmke-entity/paligemma-3b;mmke-entity/qwen2.5-vl-3b;mmke-entity/smolvlm-1.7b;mmke-visual/blip2-opt-2.7b;mmke-visual/instructblip-vicuna-7b;mmke-visual/minigpt-4-vicuna-7b;mmke-visual/qwen2.5-vl-3b;mmke-visual/smolvlm-1.7b
clean,soft_direction_2,M_new_norm,3,16,True,16,72.74775,72.74775,0.0,69.80404166666666,0.0,0,16,0,0,0,0.0,0.0,0.0,0.375,evqa-pilot500/blip2-opt-2.7b;evqa-pilot500/minigpt-4-vicuna-7b;evqa-pilot500/paligemma-3b;evqa-pilot500/qwen2.5-vl-3b;evqa-pilot500/smolvlm-1.7b;mmke-entity/blip2-opt-2.7b;mmke-entity/instructblip-vicuna-7b;mmke-entity/minigpt-4-vicuna-7b;mmke-entity/paligemma-3b;mmke-entity/qwen2.5-vl-3b;mmke-entity/smolvlm-1.7b;mmke-visual/blip2-opt-2.7b;mmke-visual/instructblip-vicuna-7b;mmke-visual/minigpt-4-vicuna-7b;mmke-visual/qwen2.5-vl-3b;mmke-visual/smolvlm-1.7b
clean,soft_direction_4,M_abscos_x_newn,1,16,True,16,70.071125,70.311,-0.23987500000000006,70.071125,-0.23987500000000006,0,12,4,0,3,0.0,-1.730000000000004,0.0,0.1875,evqa-pilot500/blip2-opt-2.7b;evqa-pilot500/minigpt-4-vicuna-7b;evqa-pilot500/paligemma-3b;evqa-pilot500/qwen2.5-vl-3b;evqa-pilot500/smolvlm-1.7b;mmke-entity/blip2-opt-2.7b;mmke-entity/instructblip-vicuna-7b;mmke-entity/minigpt-4-vicuna-7b;mmke-entity/paligemma-3b;mmke-entity/qwen2.5-vl-3b;mmke-entity/smolvlm-1.7b;mmke-visual/blip2-opt-2.7b;mmke-visual/instructblip-vicuna-7b;mmke-visual/minigpt-4-vicuna-7b;mmke-visual/qwen2.5-vl-3b;mmke-visual/smolvlm-1.7b
clean,soft_direction_4,M_abscos_x_newn,3,16,True,16,72.74775,72.494125,0.2536249999999991,69.80404166666666,0.06091666666666562,1,12,3,1,2,0.0,-0.8500000000000014,6.1640000000000015,0.375,evqa-pilot500/blip2-opt-2.7b;evqa-pilot500/minigpt-4-vicuna-7b;evqa-pilot500/paligemma-3b;evqa-pilot500/qwen2.5-vl-3b;evqa-pilot500/smolvlm-1.7b;mmke-entity/blip2-opt-2.7b;mmke-entity/instructblip-vicuna-7b;mmke-entity/minigpt-4-vicuna-7b;mmke-entity/paligemma-3b;mmke-entity/qwen2.5-vl-3b;mmke-entity/smolvlm-1.7b;mmke-visual/blip2-opt-2.7b;mmke-visual/instructblip-vicuna-7b;mmke-visual/minigpt-4-vicuna-7b;mmke-visual/qwen2.5-vl-3b;mmke-visual/smolvlm-1.7b
clean,soft_direction_4,M_new_norm,1,16,True,16,70.071125,70.071125,0.0,70.071125,0.0,0,16,0,0,0,0.0,0.0,0.0,0.1875,evqa-pilot500/blip2-opt-2.7b;evqa-pilot500/minigpt-4-vicuna-7b;evqa-pilot500/paligemma-3b;evqa-pilot500/qwen2.5-vl-3b;evqa-pilot500/smolvlm-1.7b;mmke-entity/blip2-opt-2.7b;mmke-entity/instructblip-vicuna-7b;mmke-entity/minigpt-4-vicuna-7b;mmke-entity/paligemma-3b;mmke-entity/qwen2.5-vl-3b;mmke-entity/smolvlm-1.7b;mmke-visual/blip2-opt-2.7b;mmke-visual/instructblip-vicuna-7b;mmke-visual/minigpt-4-vicuna-7b;mmke-visual/qwen2.5-vl-3b;mmke-visual/smolvlm-1.7b
clean,soft_direction_4,M_new_norm,3,16,True,16,72.74775,72.74775,0.0,69.80404166666666,0.0,0,16,0,0,0,0.0,0.0,0.0,0.375,evqa-pilot500/blip2-opt-2.7b;evqa-pilot500/minigpt-4-vicuna-7b;evqa-pilot500/paligemma-3b;evqa-pilot500/qwen2.5-vl-3b;evqa-pilot500/smolvlm-1.7b;mmke-entity/blip2-opt-2.7b;mmke-entity/instructblip-vicuna-7b;mmke-entity/minigpt-4-vicuna-7b;mmke-entity/paligemma-3b;mmke-entity/qwen2.5-vl-3b;mmke-entity/smolvlm-1.7b;mmke-visual/blip2-opt-2.7b;mmke-visual/instructblip-vicuna-7b;mmke-visual/minigpt-4-vicuna-7b;mmke-visual/qwen2.5-vl-3b;mmke-visual/smolvlm-1.7b
clean,soft_direction_8,M_abscos_x_newn,1,15,False,16,69.72013333333334,69.94346666666667,-0.22333333333333344,69.72013333333334,-0.22333333333333344,0,12,3,0,3,0.0,-1.730000000000004,0.0,0.2,evqa-pilot500/blip2-opt-2.7b;evqa-pilot500/minigpt-4-vicuna-7b;evqa-pilot500/paligemma-3b;evqa-pilot500/qwen2.5-vl-3b;evqa-pilot500/smolvlm-1.7b;mmke-entity/blip2-opt-2.7b;mmke-entity/instructblip-vicuna-7b;mmke-entity/paligemma-3b;mmke-entity/qwen2.5-vl-3b;mmke-entity/smolvlm-1.7b;mmke-visual/blip2-opt-2.7b;mmke-visual/instructblip-vicuna-7b;mmke-visual/minigpt-4-vicuna-7b;mmke-visual/qwen2.5-vl-3b;mmke-visual/smolvlm-1.7b
clean,soft_direction_8,M_abscos_x_newn,3,15,False,16,72.56093333333334,72.25773333333333,0.30319999999999964,69.43435555555556,0.09466666666666583,1,12,2,1,2,0.0,-0.8500000000000014,6.1640000000000015,0.4,evqa-pilot500/blip2-opt-2.7b;evqa-pilot500/minigpt-4-vicuna-7b;evqa-pilot500/paligemma-3b;evqa-pilot500/qwen2.5-vl-3b;evqa-pilot500/smolvlm-1.7b;mmke-entity/blip2-opt-2.7b;mmke-entity/instructblip-vicuna-7b;mmke-entity/paligemma-3b;mmke-entity/qwen2.5-vl-3b;mmke-entity/smolvlm-1.7b;mmke-visual/blip2-opt-2.7b;mmke-visual/instructblip-vicuna-7b;mmke-visual/minigpt-4-vicuna-7b;mmke-visual/qwen2.5-vl-3b;mmke-visual/smolvlm-1.7b
clean,soft_direction_8,M_new_norm,1,15,False,16,69.72013333333334,69.72013333333334,0.0,69.72013333333334,0.0,0,15,0,0,0,0.0,0.0,0.0,0.2,evqa-pilot500/blip2-opt-2.7b;evqa-pilot500/minigpt-4-vicuna-7b;evqa-pilot500/paligemma-3b;evqa-pilot500/qwen2.5-vl-3b;evqa-pilot500/smolvlm-1.7b;mmke-entity/blip2-opt-2.7b;mmke-entity/instructblip-vicuna-7b;mmke-entity/paligemma-3b;mmke-entity/qwen2.5-vl-3b;mmke-entity/smolvlm-1.7b;mmke-visual/blip2-opt-2.7b;mmke-visual/instructblip-vicuna-7b;mmke-visual/minigpt-4-vicuna-7b;mmke-visual/qwen2.5-vl-3b;mmke-visual/smolvlm-1.7b
clean,soft_direction_8,M_new_norm,3,15,False,16,72.56093333333334,72.56093333333334,0.0,69.43435555555556,0.0,0,15,0,0,0,0.0,0.0,0.0,0.4,evqa-pilot500/blip2-opt-2.7b;evqa-pilot500/minigpt-4-vicuna-7b;evqa-pilot500/paligemma-3b;evqa-pilot500/qwen2.5-vl-3b;evqa-pilot500/smolvlm-1.7b;mmke-entity/blip2-opt-2.7b;mmke-entity/instructblip-vicuna-7b;mmke-entity/paligemma-3b;mmke-entity/qwen2.5-vl-3b;mmke-entity/smolvlm-1.7b;mmke-visual/blip2-opt-2.7b;mmke-visual/instructblip-vicuna-7b;mmke-visual/minigpt-4-vicuna-7b;mmke-visual/qwen2.5-vl-3b;mmke-visual/smolvlm-1.7b
clean,rrf_w0.25_t0,M_abscos_x_newn,1,16,True,16,70.071125,70.311,-0.23987500000000006,70.071125,-0.23987500000000006,0,12,4,0,3,0.0,-1.730000000000004,0.0,0.1875,evqa-pilot500/blip2-opt-2.7b;evqa-pilot500/minigpt-4-vicuna-7b;evqa-pilot500/paligemma-3b;evqa-pilot500/qwen2.5-vl-3b;evqa-pilot500/smolvlm-1.7b;mmke-entity/blip2-opt-2.7b;mmke-entity/instructblip-vicuna-7b;mmke-entity/minigpt-4-vicuna-7b;mmke-entity/paligemma-3b;mmke-entity/qwen2.5-vl-3b;mmke-entity/smolvlm-1.7b;mmke-visual/blip2-opt-2.7b;mmke-visual/instructblip-vicuna-7b;mmke-visual/minigpt-4-vicuna-7b;mmke-visual/qwen2.5-vl-3b;mmke-visual/smolvlm-1.7b
clean,rrf_w0.25_t0,M_abscos_x_newn,3,16,True,16,72.780125,72.494125,0.28599999999999914,69.81483333333334,0.0717083333333326,1,12,3,1,1,0.0,-0.8500000000000014,6.1640000000000015,0.375,evqa-pilot500/blip2-opt-2.7b;evqa-pilot500/minigpt-4-vicuna-7b;evqa-pilot500/paligemma-3b;evqa-pilot500/qwen2.5-vl-3b;evqa-pilot500/smolvlm-1.7b;mmke-entity/blip2-opt-2.7b;mmke-entity/instructblip-vicuna-7b;mmke-entity/minigpt-4-vicuna-7b;mmke-entity/paligemma-3b;mmke-entity/qwen2.5-vl-3b;mmke-entity/smolvlm-1.7b;mmke-visual/blip2-opt-2.7b;mmke-visual/instructblip-vicuna-7b;mmke-visual/minigpt-4-vicuna-7b;mmke-visual/qwen2.5-vl-3b;mmke-visual/smolvlm-1.7b
clean,rrf_w0.25_t0,M_new_norm,1,16,True,16,70.071125,70.071125,0.0,70.071125,0.0,0,16,0,0,0,0.0,0.0,0.0,0.1875,evqa-pilot500/blip2-opt-2.7b;evqa-pilot500/minigpt-4-vicuna-7b;evqa-pilot500/paligemma-3b;evqa-pilot500/qwen2.5-vl-3b;evqa-pilot500/smolvlm-1.7b;mmke-entity/blip2-opt-2.7b;mmke-entity/instructblip-vicuna-7b;mmke-entity/minigpt-4-vicuna-7b;mmke-entity/paligemma-3b;mmke-entity/qwen2.5-vl-3b;mmke-entity/smolvlm-1.7b;mmke-visual/blip2-opt-2.7b;mmke-visual/instructblip-vicuna-7b;mmke-visual/minigpt-4-vicuna-7b;mmke-visual/qwen2.5-vl-3b;mmke-visual/smolvlm-1.7b
clean,rrf_w0.25_t0,M_new_norm,3,16,True,16,72.780125,72.74775,0.03237500000000004,69.81483333333334,0.010791666666666977,1,15,0,1,0,0.0,0.0,0.5180000000000007,0.375,evqa-pilot500/blip2-opt-2.7b;evqa-pilot500/minigpt-4-vicuna-7b;evqa-pilot500/paligemma-3b;evqa-pilot500/qwen2.5-vl-3b;evqa-pilot500/smolvlm-1.7b;mmke-entity/blip2-opt-2.7b;mmke-entity/instructblip-vicuna-7b;mmke-entity/minigpt-4-vicuna-7b;mmke-entity/paligemma-3b;mmke-entity/qwen2.5-vl-3b;mmke-entity/smolvlm-1.7b;mmke-visual/blip2-opt-2.7b;mmke-visual/instructblip-vicuna-7b;mmke-visual/minigpt-4-vicuna-7b;mmke-visual/qwen2.5-vl-3b;mmke-visual/smolvlm-1.7b
clean,rrf_w0.25_t1,M_abscos_x_newn,1,16,True,16,70.071125,70.311,-0.23987500000000006,70.071125,-0.23987500000000006,0,12,4,0,3,0.0,-1.730000000000004,0.0,0.1875,evqa-pilot500/blip2-opt-2.7b;evqa-pilot500/minigpt-4-vicuna-7b;evqa-pilot500/paligemma-3b;evqa-pilot500/qwen2.5-vl-3b;evqa-pilot500/smolvlm-1.7b;mmke-entity/blip2-opt-2.7b;mmke-entity/instructblip-vicuna-7b;mmke-entity/minigpt-4-vicuna-7b;mmke-entity/paligemma-3b;mmke-entity/qwen2.5-vl-3b;mmke-entity/smolvlm-1.7b;mmke-visual/blip2-opt-2.7b;mmke-visual/instructblip-vicuna-7b;mmke-visual/minigpt-4-vicuna-7b;mmke-visual/qwen2.5-vl-3b;mmke-visual/smolvlm-1.7b
clean,rrf_w0.25_t1,M_abscos_x_newn,3,16,True,16,72.74775,72.494125,0.2536249999999991,69.80404166666666,0.06091666666666562,1,12,3,1,2,0.0,-0.8500000000000014,6.1640000000000015,0.375,evqa-pilot500/blip2-opt-2.7b;evqa-pilot500/minigpt-4-vicuna-7b;evqa-pilot500/paligemma-3b;evqa-pilot500/qwen2.5-vl-3b;evqa-pilot500/smolvlm-1.7b;mmke-entity/blip2-opt-2.7b;mmke-entity/instructblip-vicuna-7b;mmke-entity/minigpt-4-vicuna-7b;mmke-entity/paligemma-3b;mmke-entity/qwen2.5-vl-3b;mmke-entity/smolvlm-1.7b;mmke-visual/blip2-opt-2.7b;mmke-visual/instructblip-vicuna-7b;mmke-visual/minigpt-4-vicuna-7b;mmke-visual/qwen2.5-vl-3b;mmke-visual/smolvlm-1.7b
clean,rrf_w0.25_t1,M_new_norm,1,16,True,16,70.071125,70.071125,0.0,70.071125,0.0,0,16,0,0,0,0.0,0.0,0.0,0.1875,evqa-pilot500/blip2-opt-2.7b;evqa-pilot500/minigpt-4-vicuna-7b;evqa-pilot500/paligemma-3b;evqa-pilot500/qwen2.5-vl-3b;evqa-pilot500/smolvlm-1.7b;mmke-entity/blip2-opt-2.7b;mmke-entity/instructblip-vicuna-7b;mmke-entity/minigpt-4-vicuna-7b;mmke-entity/paligemma-3b;mmke-entity/qwen2.5-vl-3b;mmke-entity/smolvlm-1.7b;mmke-visual/blip2-opt-2.7b;mmke-visual/instructblip-vicuna-7b;mmke-visual/minigpt-4-vicuna-7b;mmke-visual/qwen2.5-vl-3b;mmke-visual/smolvlm-1.7b
clean,rrf_w0.25_t1,M_new_norm,3,16,True,16,72.74775,72.74775,0.0,69.80404166666666,0.0,0,16,0,0,0,0.0,0.0,0.0,0.375,evqa-pilot500/blip2-opt-2.7b;evqa-pilot500/minigpt-4-vicuna-7b;evqa-pilot500/paligemma-3b;evqa-pilot500/qwen2.5-vl-3b;evqa-pilot500/smolvlm-1.7b;mmke-entity/blip2-opt-2.7b;mmke-entity/instructblip-vicuna-7b;mmke-entity/minigpt-4-vicuna-7b;mmke-entity/paligemma-3b;mmke-entity/qwen2.5-vl-3b;mmke-entity/smolvlm-1.7b;mmke-visual/blip2-opt-2.7b;mmke-visual/instructblip-vicuna-7b;mmke-visual/minigpt-4-vicuna-7b;mmke-visual/qwen2.5-vl-3b;mmke-visual/smolvlm-1.7b
clean,rrf_w0.25_t5,M_abscos_x_newn,1,16,True,16,70.071125,70.311,-0.23987500000000006,70.071125,-0.23987500000000006,0,12,4,0,3,0.0,-1.730000000000004,0.0,0.1875,evqa-pilot500/blip2-opt-2.7b;evqa-pilot500/minigpt-4-vicuna-7b;evqa-pilot500/paligemma-3b;evqa-pilot500/qwen2.5-vl-3b;evqa-pilot500/smolvlm-1.7b;mmke-entity/blip2-opt-2.7b;mmke-entity/instructblip-vicuna-7b;mmke-entity/minigpt-4-vicuna-7b;mmke-entity/paligemma-3b;mmke-entity/qwen2.5-vl-3b;mmke-entity/smolvlm-1.7b;mmke-visual/blip2-opt-2.7b;mmke-visual/instructblip-vicuna-7b;mmke-visual/minigpt-4-vicuna-7b;mmke-visual/qwen2.5-vl-3b;mmke-visual/smolvlm-1.7b
clean,rrf_w0.25_t5,M_abscos_x_newn,3,16,True,16,72.74775,72.494125,0.2536249999999991,69.80404166666666,0.06091666666666562,1,12,3,1,2,0.0,-0.8500000000000014,6.1640000000000015,0.375,evqa-pilot500/blip2-opt-2.7b;evqa-pilot500/minigpt-4-vicuna-7b;evqa-pilot500/paligemma-3b;evqa-pilot500/qwen2.5-vl-3b;evqa-pilot500/smolvlm-1.7b;mmke-entity/blip2-opt-2.7b;mmke-entity/instructblip-vicuna-7b;mmke-entity/minigpt-4-vicuna-7b;mmke-entity/paligemma-3b;mmke-entity/qwen2.5-vl-3b;mmke-entity/smolvlm-1.7b;mmke-visual/blip2-opt-2.7b;mmke-visual/instructblip-vicuna-7b;mmke-visual/minigpt-4-vicuna-7b;mmke-visual/qwen2.5-vl-3b;mmke-visual/smolvlm-1.7b
clean,rrf_w0.25_t5,M_new_norm,1,16,True,16,70.071125,70.071125,0.0,70.071125,0.0,0,16,0,0,0,0.0,0.0,0.0,0.1875,evqa-pilot500/blip2-opt-2.7b;evqa-pilot500/minigpt-4-vicuna-7b;evqa-pilot500/paligemma-3b;evqa-pilot500/qwen2.5-vl-3b;evqa-pilot500/smolvlm-1.7b;mmke-entity/blip2-opt-2.7b;mmke-entity/instructblip-vicuna-7b;mmke-entity/minigpt-4-vicuna-7b;mmke-entity/paligemma-3b;mmke-entity/qwen2.5-vl-3b;mmke-entity/smolvlm-1.7b;mmke-visual/blip2-opt-2.7b;mmke-visual/instructblip-vicuna-7b;mmke-visual/minigpt-4-vicuna-7b;mmke-visual/qwen2.5-vl-3b;mmke-visual/smolvlm-1.7b
clean,rrf_w0.25_t5,M_new_norm,3,16,True,16,72.74775,72.74775,0.0,69.80404166666666,0.0,0,16,0,0,0,0.0,0.0,0.0,0.375,evqa-pilot500/blip2-opt-2.7b;evqa-pilot500/minigpt-4-vicuna-7b;evqa-pilot500/paligemma-3b;evqa-pilot500/qwen2.5-vl-3b;evqa-pilot500/smolvlm-1.7b;mmke-entity/blip2-opt-2.7b;mmke-entity/instructblip-vicuna-7b;mmke-entity/minigpt-4-vicuna-7b;mmke-entity/paligemma-3b;mmke-entity/qwen2.5-vl-3b;mmke-entity/smolvlm-1.7b;mmke-visual/blip2-opt-2.7b;mmke-visual/instructblip-vicuna-7b;mmke-visual/minigpt-4-vicuna-7b;mmke-visual/qwen2.5-vl-3b;mmke-visual/smolvlm-1.7b
clean,rrf_w0.5_t0,M_abscos_x_newn,1,16,True,16,70.071125,70.311,-0.23987500000000006,70.071125,-0.23987500000000006,0,12,4,0,3,0.0,-1.730000000000004,0.0,0.1875,evqa-pilot500/blip2-opt-2.7b;evqa-pilot500/minigpt-4-vicuna-7b;evqa-pilot500/paligemma-3b;evqa-pilot500/qwen2.5-vl-3b;evqa-pilot500/smolvlm-1.7b;mmke-entity/blip2-opt-2.7b;mmke-entity/instructblip-vicuna-7b;mmke-entity/minigpt-4-vicuna-7b;mmke-entity/paligemma-3b;mmke-entity/qwen2.5-vl-3b;mmke-entity/smolvlm-1.7b;mmke-visual/blip2-opt-2.7b;mmke-visual/instructblip-vicuna-7b;mmke-visual/minigpt-4-vicuna-7b;mmke-visual/qwen2.5-vl-3b;mmke-visual/smolvlm-1.7b
clean,rrf_w0.5_t0,M_abscos_x_newn,3,16,True,16,72.850375,72.494125,0.3562499999999993,69.76958333333333,0.026458333333332806,1,13,2,1,0,0.0,-0.24800000000000466,6.1640000000000015,0.4375,evqa-pilot500/blip2-opt-2.7b;evqa-pilot500/minigpt-4-vicuna-7b;evqa-pilot500/paligemma-3b;evqa-pilot500/qwen2.5-vl-3b;evqa-pilot500/smolvlm-1.7b;mmke-entity/blip2-opt-2.7b;mmke-entity/instructblip-vicuna-7b;mmke-entity/minigpt-4-vicuna-7b;mmke-entity/paligemma-3b;mmke-entity/qwen2.5-vl-3b;mmke-entity/smolvlm-1.7b;mmke-visual/blip2-opt-2.7b;mmke-visual/instructblip-vicuna-7b;mmke-visual/minigpt-4-vicuna-7b;mmke-visual/qwen2.5-vl-3b;mmke-visual/smolvlm-1.7b
clean,rrf_w0.5_t0,M_new_norm,1,16,True,16,70.071125,70.071125,0.0,70.071125,0.0,0,16,0,0,0,0.0,0.0,0.0,0.1875,evqa-pilot500/blip2-opt-2.7b;evqa-pilot500/minigpt-4-vicuna-7b;evqa-pilot500/paligemma-3b;evqa-pilot500/qwen2.5-vl-3b;evqa-pilot500/smolvlm-1.7b;mmke-entity/blip2-opt-2.7b;mmke-entity/instructblip-vicuna-7b;mmke-entity/minigpt-4-vicuna-7b;mmke-entity/paligemma-3b;mmke-entity/qwen2.5-vl-3b;mmke-entity/smolvlm-1.7b;mmke-visual/blip2-opt-2.7b;mmke-visual/instructblip-vicuna-7b;mmke-visual/minigpt-4-vicuna-7b;mmke-visual/qwen2.5-vl-3b;mmke-visual/smolvlm-1.7b
clean,rrf_w0.5_t0,M_new_norm,3,16,True,16,72.850375,72.74775,0.10262500000000019,69.76958333333333,-0.03445833333333281,3,13,0,2,0,0.0,0.0,0.8500000000000014,0.4375,evqa-pilot500/blip2-opt-2.7b;evqa-pilot500/minigpt-4-vicuna-7b;evqa-pilot500/paligemma-3b;evqa-pilot500/qwen2.5-vl-3b;evqa-pilot500/smolvlm-1.7b;mmke-entity/blip2-opt-2.7b;mmke-entity/instructblip-vicuna-7b;mmke-entity/minigpt-4-vicuna-7b;mmke-entity/paligemma-3b;mmke-entity/qwen2.5-vl-3b;mmke-entity/smolvlm-1.7b;mmke-visual/blip2-opt-2.7b;mmke-visual/instructblip-vicuna-7b;mmke-visual/minigpt-4-vicuna-7b;mmke-visual/qwen2.5-vl-3b;mmke-visual/smolvlm-1.7b
clean,rrf_w0.5_t1,M_abscos_x_newn,1,16,True,16,70.071125,70.311,-0.23987500000000006,70.071125,-0.23987500000000006,0,12,4,0,3,0.0,-1.730000000000004,0.0,0.1875,evqa-pilot500/blip2-opt-2.7b;evqa-pilot500/minigpt-4-vicuna-7b;evqa-pilot500/paligemma-3b;evqa-pilot500/qwen2.5-vl-3b;evqa-pilot500/smolvlm-1.7b;mmke-entity/blip2-opt-2.7b;mmke-entity/instructblip-vicuna-7b;mmke-entity/minigpt-4-vicuna-7b;mmke-entity/paligemma-3b;mmke-entity/qwen2.5-vl-3b;mmke-entity/smolvlm-1.7b;mmke-visual/blip2-opt-2.7b;mmke-visual/instructblip-vicuna-7b;mmke-visual/minigpt-4-vicuna-7b;mmke-visual/qwen2.5-vl-3b;mmke-visual/smolvlm-1.7b
clean,rrf_w0.5_t1,M_abscos_x_newn,3,16,True,16,72.850375,72.494125,0.3562499999999993,69.76958333333333,0.026458333333332806,1,13,2,1,0,0.0,-0.24800000000000466,6.1640000000000015,0.4375,evqa-pilot500/blip2-opt-2.7b;evqa-pilot500/minigpt-4-vicuna-7b;evqa-pilot500/paligemma-3b;evqa-pilot500/qwen2.5-vl-3b;evqa-pilot500/smolvlm-1.7b;mmke-entity/blip2-opt-2.7b;mmke-entity/instructblip-vicuna-7b;mmke-entity/minigpt-4-vicuna-7b;mmke-entity/paligemma-3b;mmke-entity/qwen2.5-vl-3b;mmke-entity/smolvlm-1.7b;mmke-visual/blip2-opt-2.7b;mmke-visual/instructblip-vicuna-7b;mmke-visual/minigpt-4-vicuna-7b;mmke-visual/qwen2.5-vl-3b;mmke-visual/smolvlm-1.7b
clean,rrf_w0.5_t1,M_new_norm,1,16,True,16,70.071125,70.071125,0.0,70.071125,0.0,0,16,0,0,0,0.0,0.0,0.0,0.1875,evqa-pilot500/blip2-opt-2.7b;evqa-pilot500/minigpt-4-vicuna-7b;evqa-pilot500/paligemma-3b;evqa-pilot500/qwen2.5-vl-3b;evqa-pilot500/smolvlm-1.7b;mmke-entity/blip2-opt-2.7b;mmke-entity/instructblip-vicuna-7b;mmke-entity/minigpt-4-vicuna-7b;mmke-entity/paligemma-3b;mmke-entity/qwen2.5-vl-3b;mmke-entity/smolvlm-1.7b;mmke-visual/blip2-opt-2.7b;mmke-visual/instructblip-vicuna-7b;mmke-visual/minigpt-4-vicuna-7b;mmke-visual/qwen2.5-vl-3b;mmke-visual/smolvlm-1.7b
clean,rrf_w0.5_t1,M_new_norm,3,16,True,16,72.850375,72.74775,0.10262500000000019,69.76958333333333,-0.03445833333333281,3,13,0,2,0,0.0,0.0,0.8500000000000014,0.4375,evqa-pilot500/blip2-opt-2.7b;evqa-pilot500/minigpt-4-vicuna-7b;evqa-pilot500/paligemma-3b;evqa-pilot500/qwen2.5-vl-3b;evqa-pilot500/smolvlm-1.7b;mmke-entity/blip2-opt-2.7b;mmke-entity/instructblip-vicuna-7b;mmke-entity/minigpt-4-vicuna-7b;mmke-entity/paligemma-3b;mmke-entity/qwen2.5-vl-3b;mmke-entity/smolvlm-1.7b;mmke-visual/blip2-opt-2.7b;mmke-visual/instructblip-vicuna-7b;mmke-visual/minigpt-4-vicuna-7b;mmke-visual/qwen2.5-vl-3b;mmke-visual/smolvlm-1.7b
clean,rrf_w0.5_t5,M_abscos_x_newn,1,16,True,16,70.071125,70.311,-0.23987500000000006,70.071125,-0.23987500000000006,0,12,4,0,3,0.0,-1.730000000000004,0.0,0.1875,evqa-pilot500/blip2-opt-2.7b;evqa-pilot500/minigpt-4-vicuna-7b;evqa-pilot500/paligemma-3b;evqa-pilot500/qwen2.5-vl-3b;evqa-pilot500/smolvlm-1.7b;mmke-entity/blip2-opt-2.7b;mmke-entity/instructblip-vicuna-7b;mmke-entity/minigpt-4-vicuna-7b;mmke-entity/paligemma-3b;mmke-entity/qwen2.5-vl-3b;mmke-entity/smolvlm-1.7b;mmke-visual/blip2-opt-2.7b;mmke-visual/instructblip-vicuna-7b;mmke-visual/minigpt-4-vicuna-7b;mmke-visual/qwen2.5-vl-3b;mmke-visual/smolvlm-1.7b
clean,rrf_w0.5_t5,M_abscos_x_newn,3,16,True,16,72.780125,72.494125,0.28599999999999914,69.81483333333334,0.0717083333333326,1,12,3,1,1,0.0,-0.8500000000000014,6.1640000000000015,0.375,evqa-pilot500/blip2-opt-2.7b;evqa-pilot500/minigpt-4-vicuna-7b;evqa-pilot500/paligemma-3b;evqa-pilot500/qwen2.5-vl-3b;evqa-pilot500/smolvlm-1.7b;mmke-entity/blip2-opt-2.7b;mmke-entity/instructblip-vicuna-7b;mmke-entity/minigpt-4-vicuna-7b;mmke-entity/paligemma-3b;mmke-entity/qwen2.5-vl-3b;mmke-entity/smolvlm-1.7b;mmke-visual/blip2-opt-2.7b;mmke-visual/instructblip-vicuna-7b;mmke-visual/minigpt-4-vicuna-7b;mmke-visual/qwen2.5-vl-3b;mmke-visual/smolvlm-1.7b
clean,rrf_w0.5_t5,M_new_norm,1,16,True,16,70.071125,70.071125,0.0,70.071125,0.0,0,16,0,0,0,0.0,0.0,0.0,0.1875,evqa-pilot500/blip2-opt-2.7b;evqa-pilot500/minigpt-4-vicuna-7b;evqa-pilot500/paligemma-3b;evqa-pilot500/qwen2.5-vl-3b;evqa-pilot500/smolvlm-1.7b;mmke-entity/blip2-opt-2.7b;mmke-entity/instructblip-vicuna-7b;mmke-entity/minigpt-4-vicuna-7b;mmke-entity/paligemma-3b;mmke-entity/qwen2.5-vl-3b;mmke-entity/smolvlm-1.7b;mmke-visual/blip2-opt-2.7b;mmke-visual/instructblip-vicuna-7b;mmke-visual/minigpt-4-vicuna-7b;mmke-visual/qwen2.5-vl-3b;mmke-visual/smolvlm-1.7b
clean,rrf_w0.5_t5,M_new_norm,3,16,True,16,72.780125,72.74775,0.03237500000000004,69.81483333333334,0.010791666666666977,1,15,0,1,0,0.0,0.0,0.5180000000000007,0.375,evqa-pilot500/blip2-opt-2.7b;evqa-pilot500/minigpt-4-vicuna-7b;evqa-pilot500/paligemma-3b;evqa-pilot500/qwen2.5-vl-3b;evqa-pilot500/smolvlm-1.7b;mmke-entity/blip2-opt-2.7b;mmke-entity/instructblip-vicuna-7b;mmke-entity/minigpt-4-vicuna-7b;mmke-entity/paligemma-3b;mmke-entity/qwen2.5-vl-3b;mmke-entity/smolvlm-1.7b;mmke-visual/blip2-opt-2.7b;mmke-visual/instructblip-vicuna-7b;mmke-visual/minigpt-4-vicuna-7b;mmke-visual/qwen2.5-vl-3b;mmke-visual/smolvlm-1.7b
clean,rrf_w1_t0,M_abscos_x_newn,1,16,True,16,70.14975,70.311,-0.16125000000000034,70.14975,-0.16125000000000034,0,14,2,0,2,0.0,-1.730000000000004,0.0,0.1875,evqa-pilot500/blip2-opt-2.7b;evqa-pilot500/minigpt-4-vicuna-7b;evqa-pilot500/paligemma-3b;evqa-pilot500/qwen2.5-vl-3b;evqa-pilot500/smolvlm-1.7b;mmke-entity/blip2-opt-2.7b;mmke-entity/instructblip-vicuna-7b;mmke-entity/minigpt-4-vicuna-7b;mmke-entity/paligemma-3b;mmke-entity/qwen2.5-vl-3b;mmke-entity/smolvlm-1.7b;mmke-visual/blip2-opt-2.7b;mmke-visual/instructblip-vicuna-7b;mmke-visual/minigpt-4-vicuna-7b;mmke-visual/qwen2.5-vl-3b;mmke-visual/smolvlm-1.7b
clean,rrf_w1_t0,M_abscos_x_newn,3,16,True,16,72.86687500000001,72.494125,0.3727499999999999,69.80466666666666,0.061541666666665495,1,14,1,1,0,0.0,-0.20000000000000284,6.1640000000000015,0.4375,evqa-pilot500/blip2-opt-2.7b;evqa-pilot500/minigpt-4-vicuna-7b;evqa-pilot500/paligemma-3b;evqa-pilot500/qwen2.5-vl-3b;evqa-pilot500/smolvlm-1.7b;mmke-entity/blip2-opt-2.7b;mmke-entity/instructblip-vicuna-7b;mmke-entity/minigpt-4-vicuna-7b;mmke-entity/paligemma-3b;mmke-entity/qwen2.5-vl-3b;mmke-entity/smolvlm-1.7b;mmke-visual/blip2-opt-2.7b;mmke-visual/instructblip-vicuna-7b;mmke-visual/minigpt-4-vicuna-7b;mmke-visual/qwen2.5-vl-3b;mmke-visual/smolvlm-1.7b
clean,rrf_w1_t0,M_new_norm,1,16,True,16,70.14975,70.071125,0.07862499999999972,70.14975,0.07862499999999972,2,14,0,1,0,0.0,0.0,0.769999999999996,0.1875,evqa-pilot500/blip2-opt-2.7b;evqa-pilot500/minigpt-4-vicuna-7b;evqa-pilot500/paligemma-3b;evqa-pilot500/qwen2.5-vl-3b;evqa-pilot500/smolvlm-1.7b;mmke-entity/blip2-opt-2.7b;mmke-entity/instructblip-vicuna-7b;mmke-entity/minigpt-4-vicuna-7b;mmke-entity/paligemma-3b;mmke-entity/qwen2.5-vl-3b;mmke-entity/smolvlm-1.7b;mmke-visual/blip2-opt-2.7b;mmke-visual/instructblip-vicuna-7b;mmke-visual/minigpt-4-vicuna-7b;mmke-visual/qwen2.5-vl-3b;mmke-visual/smolvlm-1.7b
clean,rrf_w1_t0,M_new_norm,3,16,True,16,72.86687500000001,72.74775,0.11912500000000081,69.80466666666666,0.0006249999999998757,3,13,0,2,0,0.0,0.0,0.8500000000000014,0.4375,evqa-pilot500/blip2-opt-2.7b;evqa-pilot500/minigpt-4-vicuna-7b;evqa-pilot500/paligemma-3b;evqa-pilot500/qwen2.5-vl-3b;evqa-pilot500/smolvlm-1.7b;mmke-entity/blip2-opt-2.7b;mmke-entity/instructblip-vicuna-7b;mmke-entity/minigpt-4-vicuna-7b;mmke-entity/paligemma-3b;mmke-entity/qwen2.5-vl-3b;mmke-entity/smolvlm-1.7b;mmke-visual/blip2-opt-2.7b;mmke-visual/instructblip-vicuna-7b;mmke-visual/minigpt-4-vicuna-7b;mmke-visual/qwen2.5-vl-3b;mmke-visual/smolvlm-1.7b
clean,rrf_w1_t1,M_abscos_x_newn,1,16,True,16,70.14975,70.311,-0.16125000000000034,70.14975,-0.16125000000000034,0,14,2,0,2,0.0,-1.730000000000004,0.0,0.1875,evqa-pilot500/blip2-opt-2.7b;evqa-pilot500/minigpt-4-vicuna-7b;evqa-pilot500/paligemma-3b;evqa-pilot500/qwen2.5-vl-3b;evqa-pilot500/smolvlm-1.7b;mmke-entity/blip2-opt-2.7b;mmke-entity/instructblip-vicuna-7b;mmke-entity/minigpt-4-vicuna-7b;mmke-entity/paligemma-3b;mmke-entity/qwen2.5-vl-3b;mmke-entity/smolvlm-1.7b;mmke-visual/blip2-opt-2.7b;mmke-visual/instructblip-vicuna-7b;mmke-visual/minigpt-4-vicuna-7b;mmke-visual/qwen2.5-vl-3b;mmke-visual/smolvlm-1.7b
clean,rrf_w1_t1,M_abscos_x_newn,3,16,True,16,72.86687500000001,72.494125,0.3727499999999999,69.80466666666666,0.061541666666665495,1,14,1,1,0,0.0,-0.20000000000000284,6.1640000000000015,0.4375,evqa-pilot500/blip2-opt-2.7b;evqa-pilot500/minigpt-4-vicuna-7b;evqa-pilot500/paligemma-3b;evqa-pilot500/qwen2.5-vl-3b;evqa-pilot500/smolvlm-1.7b;mmke-entity/blip2-opt-2.7b;mmke-entity/instructblip-vicuna-7b;mmke-entity/minigpt-4-vicuna-7b;mmke-entity/paligemma-3b;mmke-entity/qwen2.5-vl-3b;mmke-entity/smolvlm-1.7b;mmke-visual/blip2-opt-2.7b;mmke-visual/instructblip-vicuna-7b;mmke-visual/minigpt-4-vicuna-7b;mmke-visual/qwen2.5-vl-3b;mmke-visual/smolvlm-1.7b
clean,rrf_w1_t1,M_new_norm,1,16,True,16,70.14975,70.071125,0.07862499999999972,70.14975,0.07862499999999972,2,14,0,1,0,0.0,0.0,0.769999999999996,0.1875,evqa-pilot500/blip2-opt-2.7b;evqa-pilot500/minigpt-4-vicuna-7b;evqa-pilot500/paligemma-3b;evqa-pilot500/qwen2.5-vl-3b;evqa-pilot500/smolvlm-1.7b;mmke-entity/blip2-opt-2.7b;mmke-entity/instructblip-vicuna-7b;mmke-entity/minigpt-4-vicuna-7b;mmke-entity/paligemma-3b;mmke-entity/qwen2.5-vl-3b;mmke-entity/smolvlm-1.7b;mmke-visual/blip2-opt-2.7b;mmke-visual/instructblip-vicuna-7b;mmke-visual/minigpt-4-vicuna-7b;mmke-visual/qwen2.5-vl-3b;mmke-visual/smolvlm-1.7b
clean,rrf_w1_t1,M_new_norm,3,16,True,16,72.86687500000001,72.74775,0.11912500000000081,69.80466666666666,0.0006249999999998757,3,13,0,2,0,0.0,0.0,0.8500000000000014,0.4375,evqa-pilot500/blip2-opt-2.7b;evqa-pilot500/minigpt-4-vicuna-7b;evqa-pilot500/paligemma-3b;evqa-pilot500/qwen2.5-vl-3b;evqa-pilot500/smolvlm-1.7b;mmke-entity/blip2-opt-2.7b;mmke-entity/instructblip-vicuna-7b;mmke-entity/minigpt-4-vicuna-7b;mmke-entity/paligemma-3b;mmke-entity/qwen2.5-vl-3b;mmke-entity/smolvlm-1.7b;mmke-visual/blip2-opt-2.7b;mmke-visual/instructblip-vicuna-7b;mmke-visual/minigpt-4-vicuna-7b;mmke-visual/qwen2.5-vl-3b;mmke-visual/smolvlm-1.7b
clean,rrf_w1_t5,M_abscos_x_newn,1,16,True,16,70.14975,70.311,-0.16125000000000034,70.14975,-0.16125000000000034,0,14,2,0,2,0.0,-1.730000000000004,0.0,0.1875,evqa-pilot500/blip2-opt-2.7b;evqa-pilot500/minigpt-4-vicuna-7b;evqa-pilot500/paligemma-3b;evqa-pilot500/qwen2.5-vl-3b;evqa-pilot500/smolvlm-1.7b;mmke-entity/blip2-opt-2.7b;mmke-entity/instructblip-vicuna-7b;mmke-entity/minigpt-4-vicuna-7b;mmke-entity/paligemma-3b;mmke-entity/qwen2.5-vl-3b;mmke-entity/smolvlm-1.7b;mmke-visual/blip2-opt-2.7b;mmke-visual/instructblip-vicuna-7b;mmke-visual/minigpt-4-vicuna-7b;mmke-visual/qwen2.5-vl-3b;mmke-visual/smolvlm-1.7b
clean,rrf_w1_t5,M_abscos_x_newn,3,16,True,16,72.86687500000001,72.494125,0.3727499999999999,69.80466666666666,0.061541666666665495,1,14,1,1,0,0.0,-0.20000000000000284,6.1640000000000015,0.4375,evqa-pilot500/blip2-opt-2.7b;evqa-pilot500/minigpt-4-vicuna-7b;evqa-pilot500/paligemma-3b;evqa-pilot500/qwen2.5-vl-3b;evqa-pilot500/smolvlm-1.7b;mmke-entity/blip2-opt-2.7b;mmke-entity/instructblip-vicuna-7b;mmke-entity/minigpt-4-vicuna-7b;mmke-entity/paligemma-3b;mmke-entity/qwen2.5-vl-3b;mmke-entity/smolvlm-1.7b;mmke-visual/blip2-opt-2.7b;mmke-visual/instructblip-vicuna-7b;mmke-visual/minigpt-4-vicuna-7b;mmke-visual/qwen2.5-vl-3b;mmke-visual/smolvlm-1.7b
clean,rrf_w1_t5,M_new_norm,1,16,True,16,70.14975,70.071125,0.07862499999999972,70.14975,0.07862499999999972,2,14,0,1,0,0.0,0.0,0.769999999999996,0.1875,evqa-pilot500/blip2-opt-2.7b;evqa-pilot500/minigpt-4-vicuna-7b;evqa-pilot500/paligemma-3b;evqa-pilot500/qwen2.5-vl-3b;evqa-pilot500/smolvlm-1.7b;mmke-entity/blip2-opt-2.7b;mmke-entity/instructblip-vicuna-7b;mmke-entity/minigpt-4-vicuna-7b;mmke-entity/paligemma-3b;mmke-entity/qwen2.5-vl-3b;mmke-entity/smolvlm-1.7b;mmke-visual/blip2-opt-2.7b;mmke-visual/instructblip-vicuna-7b;mmke-visual/minigpt-4-vicuna-7b;mmke-visual/qwen2.5-vl-3b;mmke-visual/smolvlm-1.7b
clean,rrf_w1_t5,M_new_norm,3,16,True,16,72.86687500000001,72.74775,0.11912500000000081,69.80466666666666,0.0006249999999998757,3,13,0,2,0,0.0,0.0,0.8500000000000014,0.4375,evqa-pilot500/blip2-opt-2.7b;evqa-pilot500/minigpt-4-vicuna-7b;evqa-pilot500/paligemma-3b;evqa-pilot500/qwen2.5-vl-3b;evqa-pilot500/smolvlm-1.7b;mmke-entity/blip2-opt-2.7b;mmke-entity/instructblip-vicuna-7b;mmke-entity/minigpt-4-vicuna-7b;mmke-entity/paligemma-3b;mmke-entity/qwen2.5-vl-3b;mmke-entity/smolvlm-1.7b;mmke-visual/blip2-opt-2.7b;mmke-visual/instructblip-vicuna-7b;mmke-visual/minigpt-4-vicuna-7b;mmke-visual/qwen2.5-vl-3b;mmke-visual/smolvlm-1.7b
clean,rrf_w2_t0,M_abscos_x_newn,1,16,True,16,70.311,70.311,0.0,70.311,0.0,0,16,0,0,0,0.0,0.0,0.0,0.25,evqa-pilot500/blip2-opt-2.7b;evqa-pilot500/minigpt-4-vicuna-7b;evqa-pilot500/paligemma-3b;evqa-pilot500/qwen2.5-vl-3b;evqa-pilot500/smolvlm-1.7b;mmke-entity/blip2-opt-2.7b;mmke-entity/instructblip-vicuna-7b;mmke-entity/minigpt-4-vicuna-7b;mmke-entity/paligemma-3b;mmke-entity/qwen2.5-vl-3b;mmke-entity/smolvlm-1.7b;mmke-visual/blip2-opt-2.7b;mmke-visual/instructblip-vicuna-7b;mmke-visual/minigpt-4-vicuna-7b;mmke-visual/qwen2.5-vl-3b;mmke-visual/smolvlm-1.7b
clean,rrf_w2_t0,M_abscos_x_newn,3,16,True,16,72.145375,72.494125,-0.3487499999999999,69.57600000000001,-0.16712500000000086,0,14,2,0,1,0.0,-5.3799999999999955,0.0,0.4375,evqa-pilot500/blip2-opt-2.7b;evqa-pilot500/minigpt-4-vicuna-7b;evqa-pilot500/paligemma-3b;evqa-pilot500/qwen2.5-vl-3b;evqa-pilot500/smolvlm-1.7b;mmke-entity/blip2-opt-2.7b;mmke-entity/instructblip-vicuna-7b;mmke-entity/minigpt-4-vicuna-7b;mmke-entity/paligemma-3b;mmke-entity/qwen2.5-vl-3b;mmke-entity/smolvlm-1.7b;mmke-visual/blip2-opt-2.7b;mmke-visual/instructblip-vicuna-7b;mmke-visual/minigpt-4-vicuna-7b;mmke-visual/qwen2.5-vl-3b;mmke-visual/smolvlm-1.7b
clean,rrf_w2_t0,M_new_norm,1,16,True,16,70.311,70.071125,0.23987500000000006,70.311,0.23987500000000006,4,12,0,3,0,0.0,0.0,1.730000000000004,0.25,evqa-pilot500/blip2-opt-2.7b;evqa-pilot500/minigpt-4-vicuna-7b;evqa-pilot500/paligemma-3b;evqa-pilot500/qwen2.5-vl-3b;evqa-pilot500/smolvlm-1.7b;mmke-entity/blip2-opt-2.7b;mmke-entity/instructblip-vicuna-7b;mmke-entity/minigpt-4-vicuna-7b;mmke-entity/paligemma-3b;mmke-entity/qwen2.5-vl-3b;mmke-entity/smolvlm-1.7b;mmke-visual/blip2-opt-2.7b;mmke-visual/instructblip-vicuna-7b;mmke-visual/minigpt-4-vicuna-7b;mmke-visual/qwen2.5-vl-3b;mmke-visual/smolvlm-1.7b
clean,rrf_w2_t0,M_new_norm,3,16,True,16,72.145375,72.74775,-0.602374999999999,69.57600000000001,-0.22804166666666648,3,12,1,2,1,0.0,-11.543999999999997,0.8500000000000014,0.4375,evqa-pilot500/blip2-opt-2.7b;evqa-pilot500/minigpt-4-vicuna-7b;evqa-pilot500/paligemma-3b;evqa-pilot500/qwen2.5-vl-3b;evqa-pilot500/smolvlm-1.7b;mmke-entity/blip2-opt-2.7b;mmke-entity/instructblip-vicuna-7b;mmke-entity/minigpt-4-vicuna-7b;mmke-entity/paligemma-3b;mmke-entity/qwen2.5-vl-3b;mmke-entity/smolvlm-1.7b;mmke-visual/blip2-opt-2.7b;mmke-visual/instructblip-vicuna-7b;mmke-visual/minigpt-4-vicuna-7b;mmke-visual/qwen2.5-vl-3b;mmke-visual/smolvlm-1.7b
clean,rrf_w2_t1,M_abscos_x_newn,1,16,True,16,70.311,70.311,0.0,70.311,0.0,0,16,0,0,0,0.0,0.0,0.0,0.25,evqa-pilot500/blip2-opt-2.7b;evqa-pilot500/minigpt-4-vicuna-7b;evqa-pilot500/paligemma-3b;evqa-pilot500/qwen2.5-vl-3b;evqa-pilot500/smolvlm-1.7b;mmke-entity/blip2-opt-2.7b;mmke-entity/instructblip-vicuna-7b;mmke-entity/minigpt-4-vicuna-7b;mmke-entity/paligemma-3b;mmke-entity/qwen2.5-vl-3b;mmke-entity/smolvlm-1.7b;mmke-visual/blip2-opt-2.7b;mmke-visual/instructblip-vicuna-7b;mmke-visual/minigpt-4-vicuna-7b;mmke-visual/qwen2.5-vl-3b;mmke-visual/smolvlm-1.7b
clean,rrf_w2_t1,M_abscos_x_newn,3,16,True,16,72.157875,72.494125,-0.3362499999999997,69.59720833333334,-0.14591666666666692,0,15,1,0,1,0.0,-5.3799999999999955,0.0,0.4375,evqa-pilot500/blip2-opt-2.7b;evqa-pilot500/minigpt-4-vicuna-7b;evqa-pilot500/paligemma-3b;evqa-pilot500/qwen2.5-vl-3b;evqa-pilot500/smolvlm-1.7b;mmke-entity/blip2-opt-2.7b;mmke-entity/instructblip-vicuna-7b;mmke-entity/minigpt-4-vicuna-7b;mmke-entity/paligemma-3b;mmke-entity/qwen2.5-vl-3b;mmke-entity/smolvlm-1.7b;mmke-visual/blip2-opt-2.7b;mmke-visual/instructblip-vicuna-7b;mmke-visual/minigpt-4-vicuna-7b;mmke-visual/qwen2.5-vl-3b;mmke-visual/smolvlm-1.7b
clean,rrf_w2_t1,M_new_norm,1,16,True,16,70.311,70.071125,0.23987500000000006,70.311,0.23987500000000006,4,12,0,3,0,0.0,0.0,1.730000000000004,0.25,evqa-pilot500/blip2-opt-2.7b;evqa-pilot500/minigpt-4-vicuna-7b;evqa-pilot500/paligemma-3b;evqa-pilot500/qwen2.5-vl-3b;evqa-pilot500/smolvlm-1.7b;mmke-entity/blip2-opt-2.7b;mmke-entity/instructblip-vicuna-7b;mmke-entity/minigpt-4-vicuna-7b;mmke-entity/paligemma-3b;mmke-entity/qwen2.5-vl-3b;mmke-entity/smolvlm-1.7b;mmke-visual/blip2-opt-2.7b;mmke-visual/instructblip-vicuna-7b;mmke-visual/minigpt-4-vicuna-7b;mmke-visual/qwen2.5-vl-3b;mmke-visual/smolvlm-1.7b
clean,rrf_w2_t1,M_new_norm,3,16,True,16,72.157875,72.74775,-0.5898749999999988,69.59720833333334,-0.20683333333333254,3,12,1,2,1,0.0,-11.543999999999997,0.8500000000000014,0.4375,evqa-pilot500/blip2-opt-2.7b;evqa-pilot500/minigpt-4-vicuna-7b;evqa-pilot500/paligemma-3b;evqa-pilot500/qwen2.5-vl-3b;evqa-pilot500/smolvlm-1.7b;mmke-entity/blip2-opt-2.7b;mmke-entity/instructblip-vicuna-7b;mmke-entity/minigpt-4-vicuna-7b;mmke-entity/paligemma-3b;mmke-entity/qwen2.5-vl-3b;mmke-entity/smolvlm-1.7b;mmke-visual/blip2-opt-2.7b;mmke-visual/instructblip-vicuna-7b;mmke-visual/minigpt-4-vicuna-7b;mmke-visual/qwen2.5-vl-3b;mmke-visual/smolvlm-1.7b
clean,rrf_w2_t5,M_abscos_x_newn,1,16,True,16,70.311,70.311,0.0,70.311,0.0,0,16,0,0,0,0.0,0.0,0.0,0.25,evqa-pilot500/blip2-opt-2.7b;evqa-pilot500/minigpt-4-vicuna-7b;evqa-pilot500/paligemma-3b;evqa-pilot500/qwen2.5-vl-3b;evqa-pilot500/smolvlm-1.7b;mmke-entity/blip2-opt-2.7b;mmke-entity/instructblip-vicuna-7b;mmke-entity/minigpt-4-vicuna-7b;mmke-entity/paligemma-3b;mmke-entity/qwen2.5-vl-3b;mmke-entity/smolvlm-1.7b;mmke-visual/blip2-opt-2.7b;mmke-visual/instructblip-vicuna-7b;mmke-visual/minigpt-4-vicuna-7b;mmke-visual/qwen2.5-vl-3b;mmke-visual/smolvlm-1.7b
clean,rrf_w2_t5,M_abscos_x_newn,3,16,True,16,72.494125,72.494125,0.0,69.743125,0.0,0,16,0,0,0,0.0,0.0,0.0,0.4375,evqa-pilot500/blip2-opt-2.7b;evqa-pilot500/minigpt-4-vicuna-7b;evqa-pilot500/paligemma-3b;evqa-pilot500/qwen2.5-vl-3b;evqa-pilot500/smolvlm-1.7b;mmke-entity/blip2-opt-2.7b;mmke-entity/instructblip-vicuna-7b;mmke-entity/minigpt-4-vicuna-7b;mmke-entity/paligemma-3b;mmke-entity/qwen2.5-vl-3b;mmke-entity/smolvlm-1.7b;mmke-visual/blip2-opt-2.7b;mmke-visual/instructblip-vicuna-7b;mmke-visual/minigpt-4-vicuna-7b;mmke-visual/qwen2.5-vl-3b;mmke-visual/smolvlm-1.7b
clean,rrf_w2_t5,M_new_norm,1,16,True,16,70.311,70.071125,0.23987500000000006,70.311,0.23987500000000006,4,12,0,3,0,0.0,0.0,1.730000000000004,0.25,evqa-pilot500/blip2-opt-2.7b;evqa-pilot500/minigpt-4-vicuna-7b;evqa-pilot500/paligemma-3b;evqa-pilot500/qwen2.5-vl-3b;evqa-pilot500/smolvlm-1.7b;mmke-entity/blip2-opt-2.7b;mmke-entity/instructblip-vicuna-7b;mmke-entity/minigpt-4-vicuna-7b;mmke-entity/paligemma-3b;mmke-entity/qwen2.5-vl-3b;mmke-entity/smolvlm-1.7b;mmke-visual/blip2-opt-2.7b;mmke-visual/instructblip-vicuna-7b;mmke-visual/minigpt-4-vicuna-7b;mmke-visual/qwen2.5-vl-3b;mmke-visual/smolvlm-1.7b
clean,rrf_w2_t5,M_new_norm,3,16,True,16,72.494125,72.74775,-0.2536249999999991,69.743125,-0.06091666666666562,3,12,1,2,1,0.0,-6.1640000000000015,0.8500000000000014,0.4375,evqa-pilot500/blip2-opt-2.7b;evqa-pilot500/minigpt-4-vicuna-7b;evqa-pilot500/paligemma-3b;evqa-pilot500/qwen2.5-vl-3b;evqa-pilot500/smolvlm-1.7b;mmke-entity/blip2-opt-2.7b;mmke-entity/instructblip-vicuna-7b;mmke-entity/minigpt-4-vicuna-7b;mmke-entity/paligemma-3b;mmke-entity/qwen2.5-vl-3b;mmke-entity/smolvlm-1.7b;mmke-visual/blip2-opt-2.7b;mmke-visual/instructblip-vicuna-7b;mmke-visual/minigpt-4-vicuna-7b;mmke-visual/qwen2.5-vl-3b;mmke-visual/smolvlm-1.7b
clean,rrf_w4_t0,M_abscos_x_newn,1,16,True,16,70.311,70.311,0.0,70.311,0.0,0,16,0,0,0,0.0,0.0,0.0,0.25,evqa-pilot500/blip2-opt-2.7b;evqa-pilot500/minigpt-4-vicuna-7b;evqa-pilot500/paligemma-3b;evqa-pilot500/qwen2.5-vl-3b;evqa-pilot500/smolvlm-1.7b;mmke-entity/blip2-opt-2.7b;mmke-entity/instructblip-vicuna-7b;mmke-entity/minigpt-4-vicuna-7b;mmke-entity/paligemma-3b;mmke-entity/qwen2.5-vl-3b;mmke-entity/smolvlm-1.7b;mmke-visual/blip2-opt-2.7b;mmke-visual/instructblip-vicuna-7b;mmke-visual/minigpt-4-vicuna-7b;mmke-visual/qwen2.5-vl-3b;mmke-visual/smolvlm-1.7b
clean,rrf_w4_t0,M_abscos_x_newn,3,16,True,16,72.494125,72.494125,0.0,69.743125,0.0,0,16,0,0,0,0.0,0.0,0.0,0.4375,evqa-pilot500/blip2-opt-2.7b;evqa-pilot500/minigpt-4-vicuna-7b;evqa-pilot500/paligemma-3b;evqa-pilot500/qwen2.5-vl-3b;evqa-pilot500/smolvlm-1.7b;mmke-entity/blip2-opt-2.7b;mmke-entity/instructblip-vicuna-7b;mmke-entity/minigpt-4-vicuna-7b;mmke-entity/paligemma-3b;mmke-entity/qwen2.5-vl-3b;mmke-entity/smolvlm-1.7b;mmke-visual/blip2-opt-2.7b;mmke-visual/instructblip-vicuna-7b;mmke-visual/minigpt-4-vicuna-7b;mmke-visual/qwen2.5-vl-3b;mmke-visual/smolvlm-1.7b
clean,rrf_w4_t0,M_new_norm,1,16,True,16,70.311,70.071125,0.23987500000000006,70.311,0.23987500000000006,4,12,0,3,0,0.0,0.0,1.730000000000004,0.25,evqa-pilot500/blip2-opt-2.7b;evqa-pilot500/minigpt-4-vicuna-7b;evqa-pilot500/paligemma-3b;evqa-pilot500/qwen2.5-vl-3b;evqa-pilot500/smolvlm-1.7b;mmke-entity/blip2-opt-2.7b;mmke-entity/instructblip-vicuna-7b;mmke-entity/minigpt-4-vicuna-7b;mmke-entity/paligemma-3b;mmke-entity/qwen2.5-vl-3b;mmke-entity/smolvlm-1.7b;mmke-visual/blip2-opt-2.7b;mmke-visual/instructblip-vicuna-7b;mmke-visual/minigpt-4-vicuna-7b;mmke-visual/qwen2.5-vl-3b;mmke-visual/smolvlm-1.7b
clean,rrf_w4_t0,M_new_norm,3,16,True,16,72.494125,72.74775,-0.2536249999999991,69.743125,-0.06091666666666562,3,12,1,2,1,0.0,-6.1640000000000015,0.8500000000000014,0.4375,evqa-pilot500/blip2-opt-2.7b;evqa-pilot500/minigpt-4-vicuna-7b;evqa-pilot500/paligemma-3b;evqa-pilot500/qwen2.5-vl-3b;evqa-pilot500/smolvlm-1.7b;mmke-entity/blip2-opt-2.7b;mmke-entity/instructblip-vicuna-7b;mmke-entity/minigpt-4-vicuna-7b;mmke-entity/paligemma-3b;mmke-entity/qwen2.5-vl-3b;mmke-entity/smolvlm-1.7b;mmke-visual/blip2-opt-2.7b;mmke-visual/instructblip-vicuna-7b;mmke-visual/minigpt-4-vicuna-7b;mmke-visual/qwen2.5-vl-3b;mmke-visual/smolvlm-1.7b
clean,rrf_w4_t1,M_abscos_x_newn,1,16,True,16,70.311,70.311,0.0,70.311,0.0,0,16,0,0,0,0.0,0.0,0.0,0.25,evqa-pilot500/blip2-opt-2.7b;evqa-pilot500/minigpt-4-vicuna-7b;evqa-pilot500/paligemma-3b;evqa-pilot500/qwen2.5-vl-3b;evqa-pilot500/smolvlm-1.7b;mmke-entity/blip2-opt-2.7b;mmke-entity/instructblip-vicuna-7b;mmke-entity/minigpt-4-vicuna-7b;mmke-entity/paligemma-3b;mmke-entity/qwen2.5-vl-3b;mmke-entity/smolvlm-1.7b;mmke-visual/blip2-opt-2.7b;mmke-visual/instructblip-vicuna-7b;mmke-visual/minigpt-4-vicuna-7b;mmke-visual/qwen2.5-vl-3b;mmke-visual/smolvlm-1.7b
clean,rrf_w4_t1,M_abscos_x_newn,3,16,True,16,72.494125,72.494125,0.0,69.743125,0.0,0,16,0,0,0,0.0,0.0,0.0,0.4375,evqa-pilot500/blip2-opt-2.7b;evqa-pilot500/minigpt-4-vicuna-7b;evqa-pilot500/paligemma-3b;evqa-pilot500/qwen2.5-vl-3b;evqa-pilot500/smolvlm-1.7b;mmke-entity/blip2-opt-2.7b;mmke-entity/instructblip-vicuna-7b;mmke-entity/minigpt-4-vicuna-7b;mmke-entity/paligemma-3b;mmke-entity/qwen2.5-vl-3b;mmke-entity/smolvlm-1.7b;mmke-visual/blip2-opt-2.7b;mmke-visual/instructblip-vicuna-7b;mmke-visual/minigpt-4-vicuna-7b;mmke-visual/qwen2.5-vl-3b;mmke-visual/smolvlm-1.7b
clean,rrf_w4_t1,M_new_norm,1,16,True,16,70.311,70.071125,0.23987500000000006,70.311,0.23987500000000006,4,12,0,3,0,0.0,0.0,1.730000000000004,0.25,evqa-pilot500/blip2-opt-2.7b;evqa-pilot500/minigpt-4-vicuna-7b;evqa-pilot500/paligemma-3b;evqa-pilot500/qwen2.5-vl-3b;evqa-pilot500/smolvlm-1.7b;mmke-entity/blip2-opt-2.7b;mmke-entity/instructblip-vicuna-7b;mmke-entity/minigpt-4-vicuna-7b;mmke-entity/paligemma-3b;mmke-entity/qwen2.5-vl-3b;mmke-entity/smolvlm-1.7b;mmke-visual/blip2-opt-2.7b;mmke-visual/instructblip-vicuna-7b;mmke-visual/minigpt-4-vicuna-7b;mmke-visual/qwen2.5-vl-3b;mmke-visual/smolvlm-1.7b
clean,rrf_w4_t1,M_new_norm,3,16,True,16,72.494125,72.74775,-0.2536249999999991,69.743125,-0.06091666666666562,3,12,1,2,1,0.0,-6.1640000000000015,0.8500000000000014,0.4375,evqa-pilot500/blip2-opt-2.7b;evqa-pilot500/minigpt-4-vicuna-7b;evqa-pilot500/paligemma-3b;evqa-pilot500/qwen2.5-vl-3b;evqa-pilot500/smolvlm-1.7b;mmke-entity/blip2-opt-2.7b;mmke-entity/instructblip-vicuna-7b;mmke-entity/minigpt-4-vicuna-7b;mmke-entity/paligemma-3b;mmke-entity/qwen2.5-vl-3b;mmke-entity/smolvlm-1.7b;mmke-visual/blip2-opt-2.7b;mmke-visual/instructblip-vicuna-7b;mmke-visual/minigpt-4-vicuna-7b;mmke-visual/qwen2.5-vl-3b;mmke-visual/smolvlm-1.7b
clean,rrf_w4_t5,M_abscos_x_newn,1,16,True,16,70.311,70.311,0.0,70.311,0.0,0,16,0,0,0,0.0,0.0,0.0,0.25,evqa-pilot500/blip2-opt-2.7b;evqa-pilot500/minigpt-4-vicuna-7b;evqa-pilot500/paligemma-3b;evqa-pilot500/qwen2.5-vl-3b;evqa-pilot500/smolvlm-1.7b;mmke-entity/blip2-opt-2.7b;mmke-entity/instructblip-vicuna-7b;mmke-entity/minigpt-4-vicuna-7b;mmke-entity/paligemma-3b;mmke-entity/qwen2.5-vl-3b;mmke-entity/smolvlm-1.7b;mmke-visual/blip2-opt-2.7b;mmke-visual/instructblip-vicuna-7b;mmke-visual/minigpt-4-vicuna-7b;mmke-visual/qwen2.5-vl-3b;mmke-visual/smolvlm-1.7b
clean,rrf_w4_t5,M_abscos_x_newn,3,16,True,16,72.494125,72.494125,0.0,69.743125,0.0,0,16,0,0,0,0.0,0.0,0.0,0.4375,evqa-pilot500/blip2-opt-2.7b;evqa-pilot500/minigpt-4-vicuna-7b;evqa-pilot500/paligemma-3b;evqa-pilot500/qwen2.5-vl-3b;evqa-pilot500/smolvlm-1.7b;mmke-entity/blip2-opt-2.7b;mmke-entity/instructblip-vicuna-7b;mmke-entity/minigpt-4-vicuna-7b;mmke-entity/paligemma-3b;mmke-entity/qwen2.5-vl-3b;mmke-entity/smolvlm-1.7b;mmke-visual/blip2-opt-2.7b;mmke-visual/instructblip-vicuna-7b;mmke-visual/minigpt-4-vicuna-7b;mmke-visual/qwen2.5-vl-3b;mmke-visual/smolvlm-1.7b
clean,rrf_w4_t5,M_new_norm,1,16,True,16,70.311,70.071125,0.23987500000000006,70.311,0.23987500000000006,4,12,0,3,0,0.0,0.0,1.730000000000004,0.25,evqa-pilot500/blip2-opt-2.7b;evqa-pilot500/minigpt-4-vicuna-7b;evqa-pilot500/paligemma-3b;evqa-pilot500/qwen2.5-vl-3b;evqa-pilot500/smolvlm-1.7b;mmke-entity/blip2-opt-2.7b;mmke-entity/instructblip-vicuna-7b;mmke-entity/minigpt-4-vicuna-7b;mmke-entity/paligemma-3b;mmke-entity/qwen2.5-vl-3b;mmke-entity/smolvlm-1.7b;mmke-visual/blip2-opt-2.7b;mmke-visual/instructblip-vicuna-7b;mmke-visual/minigpt-4-vicuna-7b;mmke-visual/qwen2.5-vl-3b;mmke-visual/smolvlm-1.7b
clean,rrf_w4_t5,M_new_norm,3,16,True,16,72.494125,72.74775,-0.2536249999999991,69.743125,-0.06091666666666562,3,12,1,2,1,0.0,-6.1640000000000015,0.8500000000000014,0.4375,evqa-pilot500/blip2-opt-2.7b;evqa-pilot500/minigpt-4-vicuna-7b;evqa-pilot500/paligemma-3b;evqa-pilot500/qwen2.5-vl-3b;evqa-pilot500/smolvlm-1.7b;mmke-entity/blip2-opt-2.7b;mmke-entity/instructblip-vicuna-7b;mmke-entity/minigpt-4-vicuna-7b;mmke-entity/paligemma-3b;mmke-entity/qwen2.5-vl-3b;mmke-entity/smolvlm-1.7b;mmke-visual/blip2-opt-2.7b;mmke-visual/instructblip-vicuna-7b;mmke-visual/minigpt-4-vicuna-7b;mmke-visual/qwen2.5-vl-3b;mmke-visual/smolvlm-1.7b
clean,rank_max_w0.5,M_abscos_x_newn,1,16,True,16,70.071125,70.311,-0.23987500000000006,70.071125,-0.23987500000000006,0,12,4,0,3,0.0,-1.730000000000004,0.0,0.1875,evqa-pilot500/blip2-opt-2.7b;evqa-pilot500/minigpt-4-vicuna-7b;evqa-pilot500/paligemma-3b;evqa-pilot500/qwen2.5-vl-3b;evqa-pilot500/smolvlm-1.7b;mmke-entity/blip2-opt-2.7b;mmke-entity/instructblip-vicuna-7b;mmke-entity/minigpt-4-vicuna-7b;mmke-entity/paligemma-3b;mmke-entity/qwen2.5-vl-3b;mmke-entity/smolvlm-1.7b;mmke-visual/blip2-opt-2.7b;mmke-visual/instructblip-vicuna-7b;mmke-visual/minigpt-4-vicuna-7b;mmke-visual/qwen2.5-vl-3b;mmke-visual/smolvlm-1.7b
clean,rank_max_w0.5,M_abscos_x_newn,3,16,True,16,72.850375,72.494125,0.3562499999999993,69.76958333333333,0.026458333333332806,1,13,2,1,0,0.0,-0.24800000000000466,6.1640000000000015,0.4375,evqa-pilot500/blip2-opt-2.7b;evqa-pilot500/minigpt-4-vicuna-7b;evqa-pilot500/paligemma-3b;evqa-pilot500/qwen2.5-vl-3b;evqa-pilot500/smolvlm-1.7b;mmke-entity/blip2-opt-2.7b;mmke-entity/instructblip-vicuna-7b;mmke-entity/minigpt-4-vicuna-7b;mmke-entity/paligemma-3b;mmke-entity/qwen2.5-vl-3b;mmke-entity/smolvlm-1.7b;mmke-visual/blip2-opt-2.7b;mmke-visual/instructblip-vicuna-7b;mmke-visual/minigpt-4-vicuna-7b;mmke-visual/qwen2.5-vl-3b;mmke-visual/smolvlm-1.7b
clean,rank_max_w0.5,M_new_norm,1,16,True,16,70.071125,70.071125,0.0,70.071125,0.0,0,16,0,0,0,0.0,0.0,0.0,0.1875,evqa-pilot500/blip2-opt-2.7b;evqa-pilot500/minigpt-4-vicuna-7b;evqa-pilot500/paligemma-3b;evqa-pilot500/qwen2.5-vl-3b;evqa-pilot500/smolvlm-1.7b;mmke-entity/blip2-opt-2.7b;mmke-entity/instructblip-vicuna-7b;mmke-entity/minigpt-4-vicuna-7b;mmke-entity/paligemma-3b;mmke-entity/qwen2.5-vl-3b;mmke-entity/smolvlm-1.7b;mmke-visual/blip2-opt-2.7b;mmke-visual/instructblip-vicuna-7b;mmke-visual/minigpt-4-vicuna-7b;mmke-visual/qwen2.5-vl-3b;mmke-visual/smolvlm-1.7b
clean,rank_max_w0.5,M_new_norm,3,16,True,16,72.850375,72.74775,0.10262500000000019,69.76958333333333,-0.03445833333333281,3,13,0,2,0,0.0,0.0,0.8500000000000014,0.4375,evqa-pilot500/blip2-opt-2.7b;evqa-pilot500/minigpt-4-vicuna-7b;evqa-pilot500/paligemma-3b;evqa-pilot500/qwen2.5-vl-3b;evqa-pilot500/smolvlm-1.7b;mmke-entity/blip2-opt-2.7b;mmke-entity/instructblip-vicuna-7b;mmke-entity/minigpt-4-vicuna-7b;mmke-entity/paligemma-3b;mmke-entity/qwen2.5-vl-3b;mmke-entity/smolvlm-1.7b;mmke-visual/blip2-opt-2.7b;mmke-visual/instructblip-vicuna-7b;mmke-visual/minigpt-4-vicuna-7b;mmke-visual/qwen2.5-vl-3b;mmke-visual/smolvlm-1.7b
clean,rank_max_w0.75,M_abscos_x_newn,1,16,True,16,70.071125,70.311,-0.23987500000000006,70.071125,-0.23987500000000006,0,12,4,0,3,0.0,-1.730000000000004,0.0,0.1875,evqa-pilot500/blip2-opt-2.7b;evqa-pilot500/minigpt-4-vicuna-7b;evqa-pilot500/paligemma-3b;evqa-pilot500/qwen2.5-vl-3b;evqa-pilot500/smolvlm-1.7b;mmke-entity/blip2-opt-2.7b;mmke-entity/instructblip-vicuna-7b;mmke-entity/minigpt-4-vicuna-7b;mmke-entity/paligemma-3b;mmke-entity/qwen2.5-vl-3b;mmke-entity/smolvlm-1.7b;mmke-visual/blip2-opt-2.7b;mmke-visual/instructblip-vicuna-7b;mmke-visual/minigpt-4-vicuna-7b;mmke-visual/qwen2.5-vl-3b;mmke-visual/smolvlm-1.7b
clean,rank_max_w0.75,M_abscos_x_newn,3,16,True,16,72.850375,72.494125,0.3562499999999993,69.76958333333333,0.026458333333332806,1,13,2,1,0,0.0,-0.24800000000000466,6.1640000000000015,0.4375,evqa-pilot500/blip2-opt-2.7b;evqa-pilot500/minigpt-4-vicuna-7b;evqa-pilot500/paligemma-3b;evqa-pilot500/qwen2.5-vl-3b;evqa-pilot500/smolvlm-1.7b;mmke-entity/blip2-opt-2.7b;mmke-entity/instructblip-vicuna-7b;mmke-entity/minigpt-4-vicuna-7b;mmke-entity/paligemma-3b;mmke-entity/qwen2.5-vl-3b;mmke-entity/smolvlm-1.7b;mmke-visual/blip2-opt-2.7b;mmke-visual/instructblip-vicuna-7b;mmke-visual/minigpt-4-vicuna-7b;mmke-visual/qwen2.5-vl-3b;mmke-visual/smolvlm-1.7b
clean,rank_max_w0.75,M_new_norm,1,16,True,16,70.071125,70.071125,0.0,70.071125,0.0,0,16,0,0,0,0.0,0.0,0.0,0.1875,evqa-pilot500/blip2-opt-2.7b;evqa-pilot500/minigpt-4-vicuna-7b;evqa-pilot500/paligemma-3b;evqa-pilot500/qwen2.5-vl-3b;evqa-pilot500/smolvlm-1.7b;mmke-entity/blip2-opt-2.7b;mmke-entity/instructblip-vicuna-7b;mmke-entity/minigpt-4-vicuna-7b;mmke-entity/paligemma-3b;mmke-entity/qwen2.5-vl-3b;mmke-entity/smolvlm-1.7b;mmke-visual/blip2-opt-2.7b;mmke-visual/instructblip-vicuna-7b;mmke-visual/minigpt-4-vicuna-7b;mmke-visual/qwen2.5-vl-3b;mmke-visual/smolvlm-1.7b
clean,rank_max_w0.75,M_new_norm,3,16,True,16,72.850375,72.74775,0.10262500000000019,69.76958333333333,-0.03445833333333281,3,13,0,2,0,0.0,0.0,0.8500000000000014,0.4375,evqa-pilot500/blip2-opt-2.7b;evqa-pilot500/minigpt-4-vicuna-7b;evqa-pilot500/paligemma-3b;evqa-pilot500/qwen2.5-vl-3b;evqa-pilot500/smolvlm-1.7b;mmke-entity/blip2-opt-2.7b;mmke-entity/instructblip-vicuna-7b;mmke-entity/minigpt-4-vicuna-7b;mmke-entity/paligemma-3b;mmke-entity/qwen2.5-vl-3b;mmke-entity/smolvlm-1.7b;mmke-visual/blip2-opt-2.7b;mmke-visual/instructblip-vicuna-7b;mmke-visual/minigpt-4-vicuna-7b;mmke-visual/qwen2.5-vl-3b;mmke-visual/smolvlm-1.7b
clean,rank_max_w1,M_abscos_x_newn,1,16,True,16,70.071125,70.311,-0.23987500000000006,70.071125,-0.23987500000000006,0,12,4,0,3,0.0,-1.730000000000004,0.0,0.1875,evqa-pilot500/blip2-opt-2.7b;evqa-pilot500/minigpt-4-vicuna-7b;evqa-pilot500/paligemma-3b;evqa-pilot500/qwen2.5-vl-3b;evqa-pilot500/smolvlm-1.7b;mmke-entity/blip2-opt-2.7b;mmke-entity/instructblip-vicuna-7b;mmke-entity/minigpt-4-vicuna-7b;mmke-entity/paligemma-3b;mmke-entity/qwen2.5-vl-3b;mmke-entity/smolvlm-1.7b;mmke-visual/blip2-opt-2.7b;mmke-visual/instructblip-vicuna-7b;mmke-visual/minigpt-4-vicuna-7b;mmke-visual/qwen2.5-vl-3b;mmke-visual/smolvlm-1.7b
clean,rank_max_w1,M_abscos_x_newn,3,16,True,16,72.850375,72.494125,0.3562499999999993,69.76958333333333,0.026458333333332806,1,13,2,1,0,0.0,-0.24800000000000466,6.1640000000000015,0.4375,evqa-pilot500/blip2-opt-2.7b;evqa-pilot500/minigpt-4-vicuna-7b;evqa-pilot500/paligemma-3b;evqa-pilot500/qwen2.5-vl-3b;evqa-pilot500/smolvlm-1.7b;mmke-entity/blip2-opt-2.7b;mmke-entity/instructblip-vicuna-7b;mmke-entity/minigpt-4-vicuna-7b;mmke-entity/paligemma-3b;mmke-entity/qwen2.5-vl-3b;mmke-entity/smolvlm-1.7b;mmke-visual/blip2-opt-2.7b;mmke-visual/instructblip-vicuna-7b;mmke-visual/minigpt-4-vicuna-7b;mmke-visual/qwen2.5-vl-3b;mmke-visual/smolvlm-1.7b
clean,rank_max_w1,M_new_norm,1,16,True,16,70.071125,70.071125,0.0,70.071125,0.0,0,16,0,0,0,0.0,0.0,0.0,0.1875,evqa-pilot500/blip2-opt-2.7b;evqa-pilot500/minigpt-4-vicuna-7b;evqa-pilot500/paligemma-3b;evqa-pilot500/qwen2.5-vl-3b;evqa-pilot500/smolvlm-1.7b;mmke-entity/blip2-opt-2.7b;mmke-entity/instructblip-vicuna-7b;mmke-entity/minigpt-4-vicuna-7b;mmke-entity/paligemma-3b;mmke-entity/qwen2.5-vl-3b;mmke-entity/smolvlm-1.7b;mmke-visual/blip2-opt-2.7b;mmke-visual/instructblip-vicuna-7b;mmke-visual/minigpt-4-vicuna-7b;mmke-visual/qwen2.5-vl-3b;mmke-visual/smolvlm-1.7b
clean,rank_max_w1,M_new_norm,3,16,True,16,72.850375,72.74775,0.10262500000000019,69.76958333333333,-0.03445833333333281,3,13,0,2,0,0.0,0.0,0.8500000000000014,0.4375,evqa-pilot500/blip2-opt-2.7b;evqa-pilot500/minigpt-4-vicuna-7b;evqa-pilot500/paligemma-3b;evqa-pilot500/qwen2.5-vl-3b;evqa-pilot500/smolvlm-1.7b;mmke-entity/blip2-opt-2.7b;mmke-entity/instructblip-vicuna-7b;mmke-entity/minigpt-4-vicuna-7b;mmke-entity/paligemma-3b;mmke-entity/qwen2.5-vl-3b;mmke-entity/smolvlm-1.7b;mmke-visual/blip2-opt-2.7b;mmke-visual/instructblip-vicuna-7b;mmke-visual/minigpt-4-vicuna-7b;mmke-visual/qwen2.5-vl-3b;mmke-visual/smolvlm-1.7b
clean,rank_max_w1.25,M_abscos_x_newn,1,16,True,16,70.311,70.311,0.0,70.311,0.0,0,16,0,0,0,0.0,0.0,0.0,0.25,evqa-pilot500/blip2-opt-2.7b;evqa-pilot500/minigpt-4-vicuna-7b;evqa-pilot500/paligemma-3b;evqa-pilot500/qwen2.5-vl-3b;evqa-pilot500/smolvlm-1.7b;mmke-entity/blip2-opt-2.7b;mmke-entity/instructblip-vicuna-7b;mmke-entity/minigpt-4-vicuna-7b;mmke-entity/paligemma-3b;mmke-entity/qwen2.5-vl-3b;mmke-entity/smolvlm-1.7b;mmke-visual/blip2-opt-2.7b;mmke-visual/instructblip-vicuna-7b;mmke-visual/minigpt-4-vicuna-7b;mmke-visual/qwen2.5-vl-3b;mmke-visual/smolvlm-1.7b
clean,rank_max_w1.25,M_abscos_x_newn,3,16,True,16,72.145375,72.494125,-0.3487499999999999,69.57600000000001,-0.16712500000000086,0,14,2,0,1,0.0,-5.3799999999999955,0.0,0.4375,evqa-pilot500/blip2-opt-2.7b;evqa-pilot500/minigpt-4-vicuna-7b;evqa-pilot500/paligemma-3b;evqa-pilot500/qwen2.5-vl-3b;evqa-pilot500/smolvlm-1.7b;mmke-entity/blip2-opt-2.7b;mmke-entity/instructblip-vicuna-7b;mmke-entity/minigpt-4-vicuna-7b;mmke-entity/paligemma-3b;mmke-entity/qwen2.5-vl-3b;mmke-entity/smolvlm-1.7b;mmke-visual/blip2-opt-2.7b;mmke-visual/instructblip-vicuna-7b;mmke-visual/minigpt-4-vicuna-7b;mmke-visual/qwen2.5-vl-3b;mmke-visual/smolvlm-1.7b
clean,rank_max_w1.25,M_new_norm,1,16,True,16,70.311,70.071125,0.23987500000000006,70.311,0.23987500000000006,4,12,0,3,0,0.0,0.0,1.730000000000004,0.25,evqa-pilot500/blip2-opt-2.7b;evqa-pilot500/minigpt-4-vicuna-7b;evqa-pilot500/paligemma-3b;evqa-pilot500/qwen2.5-vl-3b;evqa-pilot500/smolvlm-1.7b;mmke-entity/blip2-opt-2.7b;mmke-entity/instructblip-vicuna-7b;mmke-entity/minigpt-4-vicuna-7b;mmke-entity/paligemma-3b;mmke-entity/qwen2.5-vl-3b;mmke-entity/smolvlm-1.7b;mmke-visual/blip2-opt-2.7b;mmke-visual/instructblip-vicuna-7b;mmke-visual/minigpt-4-vicuna-7b;mmke-visual/qwen2.5-vl-3b;mmke-visual/smolvlm-1.7b
clean,rank_max_w1.25,M_new_norm,3,16,True,16,72.145375,72.74775,-0.602374999999999,69.57600000000001,-0.22804166666666648,3,12,1,2,1,0.0,-11.543999999999997,0.8500000000000014,0.4375,evqa-pilot500/blip2-opt-2.7b;evqa-pilot500/minigpt-4-vicuna-7b;evqa-pilot500/paligemma-3b;evqa-pilot500/qwen2.5-vl-3b;evqa-pilot500/smolvlm-1.7b;mmke-entity/blip2-opt-2.7b;mmke-entity/instructblip-vicuna-7b;mmke-entity/minigpt-4-vicuna-7b;mmke-entity/paligemma-3b;mmke-entity/qwen2.5-vl-3b;mmke-entity/smolvlm-1.7b;mmke-visual/blip2-opt-2.7b;mmke-visual/instructblip-vicuna-7b;mmke-visual/minigpt-4-vicuna-7b;mmke-visual/qwen2.5-vl-3b;mmke-visual/smolvlm-1.7b
clean,rank_max_w2,M_abscos_x_newn,1,16,True,16,70.311,70.311,0.0,70.311,0.0,0,16,0,0,0,0.0,0.0,0.0,0.25,evqa-pilot500/blip2-opt-2.7b;evqa-pilot500/minigpt-4-vicuna-7b;evqa-pilot500/paligemma-3b;evqa-pilot500/qwen2.5-vl-3b;evqa-pilot500/smolvlm-1.7b;mmke-entity/blip2-opt-2.7b;mmke-entity/instructblip-vicuna-7b;mmke-entity/minigpt-4-vicuna-7b;mmke-entity/paligemma-3b;mmke-entity/qwen2.5-vl-3b;mmke-entity/smolvlm-1.7b;mmke-visual/blip2-opt-2.7b;mmke-visual/instructblip-vicuna-7b;mmke-visual/minigpt-4-vicuna-7b;mmke-visual/qwen2.5-vl-3b;mmke-visual/smolvlm-1.7b
clean,rank_max_w2,M_abscos_x_newn,3,16,True,16,72.145375,72.494125,-0.3487499999999999,69.57600000000001,-0.16712500000000086,0,14,2,0,1,0.0,-5.3799999999999955,0.0,0.4375,evqa-pilot500/blip2-opt-2.7b;evqa-pilot500/minigpt-4-vicuna-7b;evqa-pilot500/paligemma-3b;evqa-pilot500/qwen2.5-vl-3b;evqa-pilot500/smolvlm-1.7b;mmke-entity/blip2-opt-2.7b;mmke-entity/instructblip-vicuna-7b;mmke-entity/minigpt-4-vicuna-7b;mmke-entity/paligemma-3b;mmke-entity/qwen2.5-vl-3b;mmke-entity/smolvlm-1.7b;mmke-visual/blip2-opt-2.7b;mmke-visual/instructblip-vicuna-7b;mmke-visual/minigpt-4-vicuna-7b;mmke-visual/qwen2.5-vl-3b;mmke-visual/smolvlm-1.7b
clean,rank_max_w2,M_new_norm,1,16,True,16,70.311,70.071125,0.23987500000000006,70.311,0.23987500000000006,4,12,0,3,0,0.0,0.0,1.730000000000004,0.25,evqa-pilot500/blip2-opt-2.7b;evqa-pilot500/minigpt-4-vicuna-7b;evqa-pilot500/paligemma-3b;evqa-pilot500/qwen2.5-vl-3b;evqa-pilot500/smolvlm-1.7b;mmke-entity/blip2-opt-2.7b;mmke-entity/instructblip-vicuna-7b;mmke-entity/minigpt-4-vicuna-7b;mmke-entity/paligemma-3b;mmke-entity/qwen2.5-vl-3b;mmke-entity/smolvlm-1.7b;mmke-visual/blip2-opt-2.7b;mmke-visual/instructblip-vicuna-7b;mmke-visual/minigpt-4-vicuna-7b;mmke-visual/qwen2.5-vl-3b;mmke-visual/smolvlm-1.7b
clean,rank_max_w2,M_new_norm,3,16,True,16,72.145375,72.74775,-0.602374999999999,69.57600000000001,-0.22804166666666648,3,12,1,2,1,0.0,-11.543999999999997,0.8500000000000014,0.4375,evqa-pilot500/blip2-opt-2.7b;evqa-pilot500/minigpt-4-vicuna-7b;evqa-pilot500/paligemma-3b;evqa-pilot500/qwen2.5-vl-3b;evqa-pilot500/smolvlm-1.7b;mmke-entity/blip2-opt-2.7b;mmke-entity/instructblip-vicuna-7b;mmke-entity/minigpt-4-vicuna-7b;mmke-entity/paligemma-3b;mmke-entity/qwen2.5-vl-3b;mmke-entity/smolvlm-1.7b;mmke-visual/blip2-opt-2.7b;mmke-visual/instructblip-vicuna-7b;mmke-visual/minigpt-4-vicuna-7b;mmke-visual/qwen2.5-vl-3b;mmke-visual/smolvlm-1.7b
recorded,M_dot,M_abscos_x_newn,1,14,False,17,72.476,71.95785714285714,0.5181428571428575,72.476,0.5181428571428575,3,10,1,3,1,0.0,-14.100000000000001,9.474000000000004,0.14285714285714285,evqa-pilot500/blip2-opt-2.7b;evqa-pilot500/minigpt-4-vicuna-7b;evqa-pilot500/paligemma-3b;evqa-pilot500/smolvlm-1.7b;mmke-entity/blip2-opt-2.7b;mmke-entity/instructblip-vicuna-7b;mmke-entity/paligemma-3b;mmke-entity/qwen2.5-vl-3b;mmke-entity/smolvlm-1.7b;mmke-visual/blip2-opt-2.7b;mmke-visual/instructblip-vicuna-7b;mmke-visual/paligemma-3b;mmke-visual/qwen2.5-vl-3b;mmke-visual/smolvlm-1.7b
recorded,M_dot,M_abscos_x_newn,3,13,False,17,73.93015384615384,74.60138461538462,-0.6712307692307686,71.26364102564102,-0.1854871794871788,1,11,1,1,1,0.0,-12.82,4.094000000000008,0.3076923076923077,evqa-pilot500/blip2-opt-2.7b;evqa-pilot500/minigpt-4-vicuna-7b;evqa-pilot500/paligemma-3b;evqa-pilot500/smolvlm-1.7b;mmke-entity/instructblip-vicuna-7b;mmke-entity/paligemma-3b;mmke-entity/qwen2.5-vl-3b;mmke-entity/smolvlm-1.7b;mmke-visual/blip2-opt-2.7b;mmke-visual/instructblip-vicuna-7b;mmke-visual/paligemma-3b;mmke-visual/qwen2.5-vl-3b;mmke-visual/smolvlm-1.7b
recorded,M_dot,M_new_norm,1,14,False,17,72.476,71.86614285714286,0.6098571428571437,72.476,0.6098571428571437,3,9,2,3,1,0.0,-14.100000000000001,11.204000000000008,0.14285714285714285,evqa-pilot500/blip2-opt-2.7b;evqa-pilot500/minigpt-4-vicuna-7b;evqa-pilot500/paligemma-3b;evqa-pilot500/smolvlm-1.7b;mmke-entity/blip2-opt-2.7b;mmke-entity/instructblip-vicuna-7b;mmke-entity/paligemma-3b;mmke-entity/qwen2.5-vl-3b;mmke-entity/smolvlm-1.7b;mmke-visual/blip2-opt-2.7b;mmke-visual/instructblip-vicuna-7b;mmke-visual/paligemma-3b;mmke-visual/qwen2.5-vl-3b;mmke-visual/smolvlm-1.7b
recorded,M_dot,M_new_norm,3,13,False,17,73.93015384615384,75.07553846153846,-1.1453846153846148,71.26364102564102,-0.43041025641025554,0,11,2,0,2,0.0,-12.82,0.0,0.3076923076923077,evqa-pilot500/blip2-opt-2.7b;evqa-pilot500/minigpt-4-vicuna-7b;evqa-pilot500/paligemma-3b;evqa-pilot500/smolvlm-1.7b;mmke-entity/instructblip-vicuna-7b;mmke-entity/paligemma-3b;mmke-entity/qwen2.5-vl-3b;mmke-entity/smolvlm-1.7b;mmke-visual/blip2-opt-2.7b;mmke-visual/instructblip-vicuna-7b;mmke-visual/paligemma-3b;mmke-visual/qwen2.5-vl-3b;mmke-visual/smolvlm-1.7b
recorded,M_cos,M_abscos_x_newn,1,14,False,17,67.78485714285713,72.19971428571428,-4.4148571428571435,67.78485714285713,-4.4148571428571435,2,5,7,1,6,-0.24399999999999977,-23.53,0.5799999999999983,0.07142857142857142,evqa-pilot500/blip2-opt-2.7b;evqa-pilot500/minigpt-4-vicuna-7b;evqa-pilot500/qwen2.5-vl-3b;evqa-pilot500/smolvlm-1.7b;mmke-entity/blip2-opt-2.7b;mmke-entity/instructblip-vicuna-7b;mmke-entity/minigpt-4-vicuna-7b;mmke-entity/paligemma-3b;mmke-entity/smolvlm-1.7b;mmke-visual/instructblip-vicuna-7b;mmke-visual/minigpt-4-vicuna-7b;mmke-visual/paligemma-3b;mmke-visual/qwen2.5-vl-3b;mmke-visual/smolvlm-1.7b
recorded,M_cos,M_abscos_x_newn,3,8,False,17,69.2025,73.81575000000001,-4.613250000000003,66.02891666666666,-5.07741666666667,0,3,5,0,4,-0.5400000000000063,-22.24000000000001,0.0,0.125,evqa-pilot500/blip2-opt-2.7b;evqa-pilot500/smolvlm-1.7b;mmke-entity/blip2-opt-2.7b;mmke-entity/instructblip-vicuna-7b;mmke-entity/minigpt-4-vicuna-7b;mmke-entity/paligemma-3b;mmke-visual/minigpt-4-vicuna-7b;mmke-visual/smolvlm-1.7b
recorded,M_cos,M_new_norm,1,14,False,17,67.78485714285713,71.95742857142857,-4.1725714285714295,67.78485714285713,-4.1725714285714295,3,5,6,2,4,0.0,-23.53,1.730000000000004,0.07142857142857142,evqa-pilot500/blip2-opt-2.7b;evqa-pilot500/minigpt-4-vicuna-7b;evqa-pilot500/qwen2.5-vl-3b;evqa-pilot500/smolvlm-1.7b;mmke-entity/blip2-opt-2.7b;mmke-entity/instructblip-vicuna-7b;mmke-entity/minigpt-4-vicuna-7b;mmke-entity/paligemma-3b;mmke-entity/smolvlm-1.7b;mmke-visual/instructblip-vicuna-7b;mmke-visual/minigpt-4-vicuna-7b;mmke-visual/paligemma-3b;mmke-visual/qwen2.5-vl-3b;mmke-visual/smolvlm-1.7b
recorded,M_cos,M_new_norm,3,8,False,17,69.2025,73.65875,-4.456250000000002,66.02891666666666,-4.924166666666668,0,5,3,0,3,0.0,-22.24000000000001,0.0,0.125,evqa-pilot500/blip2-opt-2.7b;evqa-pilot500/smolvlm-1.7b;mmke-entity/blip2-opt-2.7b;mmke-entity/instructblip-vicuna-7b;mmke-entity/minigpt-4-vicuna-7b;mmke-entity/paligemma-3b;mmke-visual/minigpt-4-vicuna-7b;mmke-visual/smolvlm-1.7b
recorded,M_new_norm,M_abscos_x_newn,1,17,True,17,71.77435294117647,71.97388235294117,-0.19952941176470607,71.77435294117647,-0.19952941176470607,1,12,4,0,3,0.0,-1.730000000000004,0.44599999999999795,0.17647058823529413,evqa-pilot500/blip2-opt-2.7b;evqa-pilot500/minigpt-4-vicuna-7b;evqa-pilot500/paligemma-3b;evqa-pilot500/qwen2.5-vl-3b;evqa-pilot500/smolvlm-1.7b;mmke-entity/blip2-opt-2.7b;mmke-entity/instructblip-vicuna-7b;mmke-entity/minigpt-4-vicuna-7b;mmke-entity/paligemma-3b;mmke-entity/qwen2.5-vl-3b;mmke-entity/smolvlm-1.7b;mmke-visual/blip2-opt-2.7b;mmke-visual/instructblip-vicuna-7b;mmke-visual/minigpt-4-vicuna-7b;mmke-visual/paligemma-3b;mmke-visual/qwen2.5-vl-3b;mmke-visual/smolvlm-1.7b
recorded,M_new_norm,M_abscos_x_newn,3,17,True,17,74.29352941176471,74.05482352941176,0.23870588235294032,71.4921568627451,0.05733333333333235,1,13,3,1,2,0.0,-0.8500000000000014,6.1640000000000015,0.35294117647058826,evqa-pilot500/blip2-opt-2.7b;evqa-pilot500/minigpt-4-vicuna-7b;evqa-pilot500/paligemma-3b;evqa-pilot500/qwen2.5-vl-3b;evqa-pilot500/smolvlm-1.7b;mmke-entity/blip2-opt-2.7b;mmke-entity/instructblip-vicuna-7b;mmke-entity/minigpt-4-vicuna-7b;mmke-entity/paligemma-3b;mmke-entity/qwen2.5-vl-3b;mmke-entity/smolvlm-1.7b;mmke-visual/blip2-opt-2.7b;mmke-visual/instructblip-vicuna-7b;mmke-visual/minigpt-4-vicuna-7b;mmke-visual/paligemma-3b;mmke-visual/qwen2.5-vl-3b;mmke-visual/smolvlm-1.7b
recorded,M_new_norm,M_new_norm,1,17,True,17,71.77435294117647,71.77435294117647,0.0,71.77435294117647,0.0,0,17,0,0,0,0.0,0.0,0.0,0.17647058823529413,evqa-pilot500/blip2-opt-2.7b;evqa-pilot500/minigpt-4-vicuna-7b;evqa-pilot500/paligemma-3b;evqa-pilot500/qwen2.5-vl-3b;evqa-pilot500/smolvlm-1.7b;mmke-entity/blip2-opt-2.7b;mmke-entity/instructblip-vicuna-7b;mmke-entity/minigpt-4-vicuna-7b;mmke-entity/paligemma-3b;mmke-entity/qwen2.5-vl-3b;mmke-entity/smolvlm-1.7b;mmke-visual/blip2-opt-2.7b;mmke-visual/instructblip-vicuna-7b;mmke-visual/minigpt-4-vicuna-7b;mmke-visual/paligemma-3b;mmke-visual/qwen2.5-vl-3b;mmke-visual/smolvlm-1.7b
recorded,M_new_norm,M_new_norm,3,17,True,17,74.29352941176471,74.29352941176471,0.0,71.4921568627451,0.0,0,17,0,0,0,0.0,0.0,0.0,0.35294117647058826,evqa-pilot500/blip2-opt-2.7b;evqa-pilot500/minigpt-4-vicuna-7b;evqa-pilot500/paligemma-3b;evqa-pilot500/qwen2.5-vl-3b;evqa-pilot500/smolvlm-1.7b;mmke-entity/blip2-opt-2.7b;mmke-entity/instructblip-vicuna-7b;mmke-entity/minigpt-4-vicuna-7b;mmke-entity/paligemma-3b;mmke-entity/qwen2.5-vl-3b;mmke-entity/smolvlm-1.7b;mmke-visual/blip2-opt-2.7b;mmke-visual/instructblip-vicuna-7b;mmke-visual/minigpt-4-vicuna-7b;mmke-visual/paligemma-3b;mmke-visual/qwen2.5-vl-3b;mmke-visual/smolvlm-1.7b
recorded,M_pos_ratio,M_abscos_x_newn,1,14,False,17,69.24042857142857,73.75757142857142,-4.517142857142857,69.24042857142857,-4.517142857142857,2,1,11,2,9,-0.7999999999999972,-43.77,6.6440000000000055,0.14285714285714285,evqa-pilot500/minigpt-4-vicuna-7b;evqa-pilot500/paligemma-3b;evqa-pilot500/qwen2.5-vl-3b;evqa-pilot500/smolvlm-1.7b;mmke-entity/blip2-opt-2.7b;mmke-entity/instructblip-vicuna-7b;mmke-entity/minigpt-4-vicuna-7b;mmke-entity/paligemma-3b;mmke-entity/qwen2.5-vl-3b;mmke-entity/smolvlm-1.7b;mmke-visual/instructblip-vicuna-7b;mmke-visual/minigpt-4-vicuna-7b;mmke-visual/paligemma-3b;mmke-visual/smolvlm-1.7b
recorded,M_pos_ratio,M_abscos_x_newn,3,8,False,17,77.05475,78.872,-1.8172500000000005,72.22841666666666,-3.4354166666666677,1,3,4,0,3,-0.24500000000000455,-12.82,0.16400000000000148,0.375,evqa-pilot500/smolvlm-1.7b;mmke-entity/blip2-opt-2.7b;mmke-entity/instructblip-vicuna-7b;mmke-entity/minigpt-4-vicuna-7b;mmke-entity/paligemma-3b;mmke-visual/instructblip-vicuna-7b;mmke-visual/minigpt-4-vicuna-7b;mmke-visual/paligemma-3b
recorded,M_pos_ratio,M_new_norm,1,14,False,17,69.24042857142857,73.51528571428571,-4.274857142857142,69.24042857142857,-4.274857142857142,3,3,8,3,7,-0.3450000000000024,-43.77,6.6440000000000055,0.14285714285714285,evqa-pilot500/minigpt-4-vicuna-7b;evqa-pilot500/paligemma-3b;evqa-pilot500/qwen2.5-vl-3b;evqa-pilot500/smolvlm-1.7b;mmke-entity/blip2-opt-2.7b;mmke-entity/instructblip-vicuna-7b;mmke-entity/minigpt-4-vicuna-7b;mmke-entity/paligemma-3b;mmke-entity/qwen2.5-vl-3b;mmke-entity/smolvlm-1.7b;mmke-visual/instructblip-vicuna-7b;mmke-visual/minigpt-4-vicuna-7b;mmke-visual/paligemma-3b;mmke-visual/smolvlm-1.7b
recorded,M_pos_ratio,M_new_norm,3,8,False,17,77.05475,78.715,-1.6602499999999987,72.22841666666666,-3.282166666666666,1,5,2,0,2,0.0,-12.82,0.16400000000000148,0.375,evqa-pilot500/smolvlm-1.7b;mmke-entity/blip2-opt-2.7b;mmke-entity/instructblip-vicuna-7b;mmke-entity/minigpt-4-vicuna-7b;mmke-entity/paligemma-3b;mmke-visual/instructblip-vicuna-7b;mmke-visual/minigpt-4-vicuna-7b;mmke-visual/paligemma-3b
recorded,M_conflict,M_abscos_x_newn,1,10,False,17,58.8912,68.6512,-9.760000000000002,58.8912,-9.760000000000002,0,4,6,0,6,-1.5399999999999991,-43.77,0.0,0.1,evqa-pilot500/blip2-opt-2.7b;evqa-pilot500/minigpt-4-vicuna-7b;evqa-pilot500/qwen2.5-vl-3b;evqa-pilot500/smolvlm-1.7b;mmke-entity/blip2-opt-2.7b;mmke-entity/instructblip-vicuna-7b;mmke-entity/paligemma-3b;mmke-visual/blip2-opt-2.7b;mmke-visual/instructblip-vicuna-7b;mmke-visual/minigpt-4-vicuna-7b
recorded,M_conflict,M_abscos_x_newn,3,4,False,17,64.7585,70.381,-5.622500000000004,61.726166666666664,-4.297500000000003,0,2,2,0,1,-0.09000000000000341,-22.31000000000001,0.0,0.5,evqa-pilot500/smolvlm-1.7b;mmke-entity/blip2-opt-2.7b;mmke-entity/instructblip-vicuna-7b;mmke-visual/blip2-opt-2.7b
recorded,M_conflict,M_new_norm,1,10,False,17,58.8912,68.3162,-9.425,58.8912,-9.425,1,3,6,1,4,-0.24999999999999645,-43.77,0.769999999999996,0.1,evqa-pilot500/blip2-opt-2.7b;evqa-pilot500/minigpt-4-vicuna-7b;evqa-pilot500/qwen2.5-vl-3b;evqa-pilot500/smolvlm-1.7b;mmke-entity/blip2-opt-2.7b;mmke-entity/instructblip-vicuna-7b;mmke-entity/paligemma-3b;mmke-visual/blip2-opt-2.7b;mmke-visual/instructblip-vicuna-7b;mmke-visual/minigpt-4-vicuna-7b
recorded,M_conflict,M_new_norm,3,4,False,17,64.7585,70.381,-5.622500000000004,61.726166666666664,-4.297500000000003,0,2,2,0,1,-0.09000000000000341,-22.31000000000001,0.0,0.5,evqa-pilot500/smolvlm-1.7b;mmke-entity/blip2-opt-2.7b;mmke-entity/instructblip-vicuna-7b;mmke-visual/blip2-opt-2.7b
recorded,M_newn_x_1mcos,M_abscos_x_newn,1,17,True,17,69.42176470588235,71.97388235294117,-2.552117647058825,69.42176470588235,-2.552117647058825,2,8,7,1,6,0.0,-19.160000000000004,5.325999999999993,0.11764705882352941,evqa-pilot500/blip2-opt-2.7b;evqa-pilot500/minigpt-4-vicuna-7b;evqa-pilot500/paligemma-3b;evqa-pilot500/qwen2.5-vl-3b;evqa-pilot500/smolvlm-1.7b;mmke-entity/blip2-opt-2.7b;mmke-entity/instructblip-vicuna-7b;mmke-entity/minigpt-4-vicuna-7b;mmke-entity/paligemma-3b;mmke-entity/qwen2.5-vl-3b;mmke-entity/smolvlm-1.7b;mmke-visual/blip2-opt-2.7b;mmke-visual/instructblip-vicuna-7b;mmke-visual/minigpt-4-vicuna-7b;mmke-visual/paligemma-3b;mmke-visual/qwen2.5-vl-3b;mmke-visual/smolvlm-1.7b
recorded,M_newn_x_1mcos,M_abscos_x_newn,3,17,True,17,71.98235294117647,74.05482352941176,-2.0724705882352956,69.89529411764705,-1.5395294117647074,1,11,5,1,4,0.0,-20.13000000000001,6.1640000000000015,0.23529411764705882,evqa-pilot500/blip2-opt-2.7b;evqa-pilot500/minigpt-4-vicuna-7b;evqa-pilot500/paligemma-3b;evqa-pilot500/qwen2.5-vl-3b;evqa-pilot500/smolvlm-1.7b;mmke-entity/blip2-opt-2.7b;mmke-entity/instructblip-vicuna-7b;mmke-entity/minigpt-4-vicuna-7b;mmke-entity/paligemma-3b;mmke-entity/qwen2.5-vl-3b;mmke-entity/smolvlm-1.7b;mmke-visual/blip2-opt-2.7b;mmke-visual/instructblip-vicuna-7b;mmke-visual/minigpt-4-vicuna-7b;mmke-visual/paligemma-3b;mmke-visual/qwen2.5-vl-3b;mmke-visual/smolvlm-1.7b
recorded,M_newn_x_1mcos,M_new_norm,1,17,True,17,69.42176470588235,71.77435294117647,-2.3525882352941188,69.42176470588235,-2.3525882352941188,1,13,3,1,3,0.0,-19.160000000000004,5.325999999999993,0.11764705882352941,evqa-pilot500/blip2-opt-2.7b;evqa-pilot500/minigpt-4-vicuna-7b;evqa-pilot500/paligemma-3b;evqa-pilot500/qwen2.5-vl-3b;evqa-pilot500/smolvlm-1.7b;mmke-entity/blip2-opt-2.7b;mmke-entity/instructblip-vicuna-7b;mmke-entity/minigpt-4-vicuna-7b;mmke-entity/paligemma-3b;mmke-entity/qwen2.5-vl-3b;mmke-entity/smolvlm-1.7b;mmke-visual/blip2-opt-2.7b;mmke-visual/instructblip-vicuna-7b;mmke-visual/minigpt-4-vicuna-7b;mmke-visual/paligemma-3b;mmke-visual/qwen2.5-vl-3b;mmke-visual/smolvlm-1.7b
recorded,M_newn_x_1mcos,M_new_norm,3,17,True,17,71.98235294117647,74.29352941176471,-2.311176470588236,69.89529411764705,-1.5968627450980397,0,15,2,0,2,0.0,-20.13000000000001,0.0,0.23529411764705882,evqa-pilot500/blip2-opt-2.7b;evqa-pilot500/minigpt-4-vicuna-7b;evqa-pilot500/paligemma-3b;evqa-pilot500/qwen2.5-vl-3b;evqa-pilot500/smolvlm-1.7b;mmke-entity/blip2-opt-2.7b;mmke-entity/instructblip-vicuna-7b;mmke-entity/minigpt-4-vicuna-7b;mmke-entity/paligemma-3b;mmke-entity/qwen2.5-vl-3b;mmke-entity/smolvlm-1.7b;mmke-visual/blip2-opt-2.7b;mmke-visual/instructblip-vicuna-7b;mmke-visual/minigpt-4-vicuna-7b;mmke-visual/paligemma-3b;mmke-visual/qwen2.5-vl-3b;mmke-visual/smolvlm-1.7b
recorded,M_abscos_x_newn,M_abscos_x_newn,1,17,True,17,71.97388235294117,71.97388235294117,0.0,71.97388235294117,0.0,0,17,0,0,0,0.0,0.0,0.0,0.23529411764705882,evqa-pilot500/blip2-opt-2.7b;evqa-pilot500/minigpt-4-vicuna-7b;evqa-pilot500/paligemma-3b;evqa-pilot500/qwen2.5-vl-3b;evqa-pilot500/smolvlm-1.7b;mmke-entity/blip2-opt-2.7b;mmke-entity/instructblip-vicuna-7b;mmke-entity/minigpt-4-vicuna-7b;mmke-entity/paligemma-3b;mmke-entity/qwen2.5-vl-3b;mmke-entity/smolvlm-1.7b;mmke-visual/blip2-opt-2.7b;mmke-visual/instructblip-vicuna-7b;mmke-visual/minigpt-4-vicuna-7b;mmke-visual/paligemma-3b;mmke-visual/qwen2.5-vl-3b;mmke-visual/smolvlm-1.7b
recorded,M_abscos_x_newn,M_abscos_x_newn,3,17,True,17,74.05482352941176,74.05482352941176,0.0,71.43482352941177,0.0,0,17,0,0,0,0.0,0.0,0.0,0.4117647058823529,evqa-pilot500/blip2-opt-2.7b;evqa-pilot500/minigpt-4-vicuna-7b;evqa-pilot500/paligemma-3b;evqa-pilot500/qwen2.5-vl-3b;evqa-pilot500/smolvlm-1.7b;mmke-entity/blip2-opt-2.7b;mmke-entity/instructblip-vicuna-7b;mmke-entity/minigpt-4-vicuna-7b;mmke-entity/paligemma-3b;mmke-entity/qwen2.5-vl-3b;mmke-entity/smolvlm-1.7b;mmke-visual/blip2-opt-2.7b;mmke-visual/instructblip-vicuna-7b;mmke-visual/minigpt-4-vicuna-7b;mmke-visual/paligemma-3b;mmke-visual/qwen2.5-vl-3b;mmke-visual/smolvlm-1.7b
recorded,M_abscos_x_newn,M_new_norm,1,17,True,17,71.97388235294117,71.77435294117647,0.19952941176470607,71.97388235294117,0.19952941176470607,4,12,1,3,0,0.0,-0.44599999999999795,1.730000000000004,0.23529411764705882,evqa-pilot500/blip2-opt-2.7b;evqa-pilot500/minigpt-4-vicuna-7b;evqa-pilot500/paligemma-3b;evqa-pilot500/qwen2.5-vl-3b;evqa-pilot500/smolvlm-1.7b;mmke-entity/blip2-opt-2.7b;mmke-entity/instructblip-vicuna-7b;mmke-entity/minigpt-4-vicuna-7b;mmke-entity/paligemma-3b;mmke-entity/qwen2.5-vl-3b;mmke-entity/smolvlm-1.7b;mmke-visual/blip2-opt-2.7b;mmke-visual/instructblip-vicuna-7b;mmke-visual/minigpt-4-vicuna-7b;mmke-visual/paligemma-3b;mmke-visual/qwen2.5-vl-3b;mmke-visual/smolvlm-1.7b
recorded,M_abscos_x_newn,M_new_norm,3,17,True,17,74.05482352941176,74.29352941176471,-0.23870588235294032,71.43482352941177,-0.05733333333333235,3,13,1,2,1,0.0,-6.1640000000000015,0.8500000000000014,0.4117647058823529,evqa-pilot500/blip2-opt-2.7b;evqa-pilot500/minigpt-4-vicuna-7b;evqa-pilot500/paligemma-3b;evqa-pilot500/qwen2.5-vl-3b;evqa-pilot500/smolvlm-1.7b;mmke-entity/blip2-opt-2.7b;mmke-entity/instructblip-vicuna-7b;mmke-entity/minigpt-4-vicuna-7b;mmke-entity/paligemma-3b;mmke-entity/qwen2.5-vl-3b;mmke-entity/smolvlm-1.7b;mmke-visual/blip2-opt-2.7b;mmke-visual/instructblip-vicuna-7b;mmke-visual/minigpt-4-vicuna-7b;mmke-visual/paligemma-3b;mmke-visual/qwen2.5-vl-3b;mmke-visual/smolvlm-1.7b
recorded,Ours-Direct-Conflict,M_abscos_x_newn,1,7,False,17,67.88885714285715,67.70085714285715,0.1880000000000024,67.88885714285715,0.1880000000000024,3,0,4,2,4,-0.9699999999999989,-3.3159999999999883,4.769999999999996,0,evqa-pilot500/minigpt-4-vicuna-7b;evqa-pilot500/qwen2.5-vl-3b;evqa-pilot500/smolvlm-1.7b;mmke-entity/blip2-opt-2.7b;mmke-entity/minigpt-4-vicuna-7b;mmke-visual/blip2-opt-2.7b;mmke-visual/minigpt-4-vicuna-7b
recorded,Ours-Direct-Conflict,M_abscos_x_newn,3,4,False,17,67.954,71.061,-3.107000000000001,66.44683333333333,-1.532666666666664,0,0,4,0,4,-2.132000000000005,-6.413999999999994,-1.75,0,evqa-pilot500/minigpt-4-vicuna-7b;evqa-pilot500/smolvlm-1.7b;mmke-entity/blip2-opt-2.7b;mmke-visual/minigpt-4-vicuna-7b
recorded,Ours-Direct-Conflict,M_new_norm,1,7,False,17,67.88885714285715,67.15257142857143,0.7362857142857168,67.88885714285715,0.7362857142857168,4,0,3,4,2,0.6960000000000051,-2.5459999999999923,4.769999999999996,0,evqa-pilot500/minigpt-4-vicuna-7b;evqa-pilot500/qwen2.5-vl-3b;evqa-pilot500/smolvlm-1.7b;mmke-entity/blip2-opt-2.7b;mmke-entity/minigpt-4-vicuna-7b;mmke-visual/blip2-opt-2.7b;mmke-visual/minigpt-4-vicuna-7b
recorded,Ours-Direct-Conflict,M_new_norm,3,4,False,17,67.954,72.4105,-4.4565,66.44683333333333,-2.1334999999999944,0,0,4,0,4,-1.8120000000000047,-12.577999999999996,-1.6239999999999952,0,evqa-pilot500/minigpt-4-vicuna-7b;evqa-pilot500/smolvlm-1.7b;mmke-entity/blip2-opt-2.7b;mmke-visual/minigpt-4-vicuna-7b
recorded,Ours-AbsDirection-Direct,M_abscos_x_newn,1,16,False,17,71.226,72.74975,-1.5237499999999984,71.226,-1.5237499999999984,5,1,10,3,9,-0.8049999999999997,-22.24000000000001,15.64,0,evqa-pilot500/blip2-opt-2.7b;evqa-pilot500/paligemma-3b;evqa-pilot500/qwen2.5-vl-3b;evqa-pilot500/smolvlm-1.7b;mmke-entity/blip2-opt-2.7b;mmke-entity/instructblip-vicuna-7b;mmke-entity/minigpt-4-vicuna-7b;mmke-entity/paligemma-3b;mmke-entity/qwen2.5-vl-3b;mmke-entity/smolvlm-1.7b;mmke-visual/blip2-opt-2.7b;mmke-visual/instructblip-vicuna-7b;mmke-visual/minigpt-4-vicuna-7b;mmke-visual/paligemma-3b;mmke-visual/qwen2.5-vl-3b;mmke-visual/smolvlm-1.7b
recorded,Ours-AbsDirection-Direct,M_abscos_x_newn,3,15,False,17,72.13933333333333,74.53013333333334,-2.3908000000000014,70.51435555555555,-1.32817777777778,4,1,10,3,9,-0.5900000000000034,-21.60000000000001,17.093999999999994,0.2,evqa-pilot500/blip2-opt-2.7b;evqa-pilot500/paligemma-3b;evqa-pilot500/qwen2.5-vl-3b;evqa-pilot500/smolvlm-1.7b;mmke-entity/blip2-opt-2.7b;mmke-entity/instructblip-vicuna-7b;mmke-entity/paligemma-3b;mmke-entity/qwen2.5-vl-3b;mmke-entity/smolvlm-1.7b;mmke-visual/blip2-opt-2.7b;mmke-visual/instructblip-vicuna-7b;mmke-visual/minigpt-4-vicuna-7b;mmke-visual/paligemma-3b;mmke-visual/qwen2.5-vl-3b;mmke-visual/smolvlm-1.7b
recorded,Ours-AbsDirection-Direct,M_new_norm,1,16,False,17,71.226,72.645875,-1.4198749999999984,71.226,-1.4198749999999984,5,0,11,4,8,-0.5679999999999978,-22.24000000000001,15.64,0,evqa-pilot500/blip2-opt-2.7b;evqa-pilot500/paligemma-3b;evqa-pilot500/qwen2.5-vl-3b;evqa-pilot500/smolvlm-1.7b;mmke-entity/blip2-opt-2.7b;mmke-entity/instructblip-vicuna-7b;mmke-entity/minigpt-4-vicuna-7b;mmke-entity/paligemma-3b;mmke-entity/qwen2.5-vl-3b;mmke-entity/smolvlm-1.7b;mmke-visual/blip2-opt-2.7b;mmke-visual/instructblip-vicuna-7b;mmke-visual/minigpt-4-vicuna-7b;mmke-visual/paligemma-3b;mmke-visual/qwen2.5-vl-3b;mmke-visual/smolvlm-1.7b
recorded,Ours-AbsDirection-Direct,M_new_norm,3,15,False,17,72.13933333333333,74.4224,-2.283066666666668,70.51435555555555,-1.2105777777777793,5,0,10,4,9,-0.5900000000000034,-21.60000000000001,17.093999999999994,0.2,evqa-pilot500/blip2-opt-2.7b;evqa-pilot500/paligemma-3b;evqa-pilot500/qwen2.5-vl-3b;evqa-pilot500/smolvlm-1.7b;mmke-entity/blip2-opt-2.7b;mmke-entity/instructblip-vicuna-7b;mmke-entity/paligemma-3b;mmke-entity/qwen2.5-vl-3b;mmke-entity/smolvlm-1.7b;mmke-visual/blip2-opt-2.7b;mmke-visual/instructblip-vicuna-7b;mmke-visual/minigpt-4-vicuna-7b;mmke-visual/paligemma-3b;mmke-visual/qwen2.5-vl-3b;mmke-visual/smolvlm-1.7b
recorded,Ours-NoDirection-Direct,M_abscos_x_newn,1,17,True,17,70.54105882352941,71.97388235294117,-1.4328235294117633,70.54105882352941,-1.4328235294117633,3,1,13,3,11,-0.9200000000000017,-22.24000000000001,17.439999999999998,0.058823529411764705,evqa-pilot500/blip2-opt-2.7b;evqa-pilot500/minigpt-4-vicuna-7b;evqa-pilot500/paligemma-3b;evqa-pilot500/qwen2.5-vl-3b;evqa-pilot500/smolvlm-1.7b;mmke-entity/blip2-opt-2.7b;mmke-entity/instructblip-vicuna-7b;mmke-entity/minigpt-4-vicuna-7b;mmke-entity/paligemma-3b;mmke-entity/qwen2.5-vl-3b;mmke-entity/smolvlm-1.7b;mmke-visual/blip2-opt-2.7b;mmke-visual/instructblip-vicuna-7b;mmke-visual/minigpt-4-vicuna-7b;mmke-visual/paligemma-3b;mmke-visual/qwen2.5-vl-3b;mmke-visual/smolvlm-1.7b
recorded,Ours-NoDirection-Direct,M_abscos_x_newn,3,16,False,17,72.29375,74.6245,-2.3307500000000014,70.319875,-1.7696666666666698,4,1,11,2,9,-0.740000000000002,-21.60000000000001,17.093999999999994,0.0625,evqa-pilot500/blip2-opt-2.7b;evqa-pilot500/paligemma-3b;evqa-pilot500/qwen2.5-vl-3b;evqa-pilot500/smolvlm-1.7b;mmke-entity/blip2-opt-2.7b;mmke-entity/instructblip-vicuna-7b;mmke-entity/minigpt-4-vicuna-7b;mmke-entity/paligemma-3b;mmke-entity/qwen2.5-vl-3b;mmke-entity/smolvlm-1.7b;mmke-visual/blip2-opt-2.7b;mmke-visual/instructblip-vicuna-7b;mmke-visual/minigpt-4-vicuna-7b;mmke-visual/paligemma-3b;mmke-visual/qwen2.5-vl-3b;mmke-visual/smolvlm-1.7b
recorded,Ours-NoDirection-Direct,M_new_norm,1,17,True,17,70.54105882352941,71.77435294117647,-1.2332941176470573,70.54105882352941,-1.2332941176470573,5,0,12,4,11,-0.7800000000000011,-22.24000000000001,17.439999999999998,0.058823529411764705,evqa-pilot500/blip2-opt-2.7b;evqa-pilot500/minigpt-4-vicuna-7b;evqa-pilot500/paligemma-3b;evqa-pilot500/qwen2.5-vl-3b;evqa-pilot500/smolvlm-1.7b;mmke-entity/blip2-opt-2.7b;mmke-entity/instructblip-vicuna-7b;mmke-entity/minigpt-4-vicuna-7b;mmke-entity/paligemma-3b;mmke-entity/qwen2.5-vl-3b;mmke-entity/smolvlm-1.7b;mmke-visual/blip2-opt-2.7b;mmke-visual/instructblip-vicuna-7b;mmke-visual/minigpt-4-vicuna-7b;mmke-visual/paligemma-3b;mmke-visual/qwen2.5-vl-3b;mmke-visual/smolvlm-1.7b
recorded,Ours-NoDirection-Direct,M_new_norm,3,16,False,17,72.29375,74.492875,-2.1991250000000004,70.319875,-1.6315833333333356,6,0,10,3,9,-0.740000000000002,-21.60000000000001,17.093999999999994,0.0625,evqa-pilot500/blip2-opt-2.7b;evqa-pilot500/paligemma-3b;evqa-pilot500/qwen2.5-vl-3b;evqa-pilot500/smolvlm-1.7b;mmke-entity/blip2-opt-2.7b;mmke-entity/instructblip-vicuna-7b;mmke-entity/minigpt-4-vicuna-7b;mmke-entity/paligemma-3b;mmke-entity/qwen2.5-vl-3b;mmke-entity/smolvlm-1.7b;mmke-visual/blip2-opt-2.7b;mmke-visual/instructblip-vicuna-7b;mmke-visual/minigpt-4-vicuna-7b;mmke-visual/paligemma-3b;mmke-visual/qwen2.5-vl-3b;mmke-visual/smolvlm-1.7b
recorded,Ours-1MinusCos-Direct,M_abscos_x_newn,1,17,True,17,70.28223529411765,71.97388235294117,-1.691647058823528,70.28223529411765,-1.691647058823528,3,1,13,3,11,-1.1500000000000057,-21.050000000000004,12.620000000000005,0,evqa-pilot500/blip2-opt-2.7b;evqa-pilot500/minigpt-4-vicuna-7b;evqa-pilot500/paligemma-3b;evqa-pilot500/qwen2.5-vl-3b;evqa-pilot500/smolvlm-1.7b;mmke-entity/blip2-opt-2.7b;mmke-entity/instructblip-vicuna-7b;mmke-entity/minigpt-4-vicuna-7b;mmke-entity/paligemma-3b;mmke-entity/qwen2.5-vl-3b;mmke-entity/smolvlm-1.7b;mmke-visual/blip2-opt-2.7b;mmke-visual/instructblip-vicuna-7b;mmke-visual/minigpt-4-vicuna-7b;mmke-visual/paligemma-3b;mmke-visual/qwen2.5-vl-3b;mmke-visual/smolvlm-1.7b
recorded,Ours-1MinusCos-Direct,M_abscos_x_newn,3,16,False,17,72.2775,74.6245,-2.347000000000001,69.83583333333334,-2.2537083333333348,4,1,11,2,9,-1.0249999999999986,-20.85000000000001,16.343999999999994,0.0625,evqa-pilot500/blip2-opt-2.7b;evqa-pilot500/paligemma-3b;evqa-pilot500/qwen2.5-vl-3b;evqa-pilot500/smolvlm-1.7b;mmke-entity/blip2-opt-2.7b;mmke-entity/instructblip-vicuna-7b;mmke-entity/minigpt-4-vicuna-7b;mmke-entity/paligemma-3b;mmke-entity/qwen2.5-vl-3b;mmke-entity/smolvlm-1.7b;mmke-visual/blip2-opt-2.7b;mmke-visual/instructblip-vicuna-7b;mmke-visual/minigpt-4-vicuna-7b;mmke-visual/paligemma-3b;mmke-visual/qwen2.5-vl-3b;mmke-visual/smolvlm-1.7b
recorded,Ours-1MinusCos-Direct,M_new_norm,1,17,True,17,70.28223529411765,71.77435294117647,-1.4921176470588218,70.28223529411765,-1.4921176470588218,5,0,12,4,11,-0.7800000000000011,-21.050000000000004,12.620000000000005,0,evqa-pilot500/blip2-opt-2.7b;evqa-pilot500/minigpt-4-vicuna-7b;evqa-pilot500/paligemma-3b;evqa-pilot500/qwen2.5-vl-3b;evqa-pilot500/smolvlm-1.7b;mmke-entity/blip2-opt-2.7b;mmke-entity/instructblip-vicuna-7b;mmke-entity/minigpt-4-vicuna-7b;mmke-entity/paligemma-3b;mmke-entity/qwen2.5-vl-3b;mmke-entity/smolvlm-1.7b;mmke-visual/blip2-opt-2.7b;mmke-visual/instructblip-vicuna-7b;mmke-visual/minigpt-4-vicuna-7b;mmke-visual/paligemma-3b;mmke-visual/qwen2.5-vl-3b;mmke-visual/smolvlm-1.7b
recorded,Ours-1MinusCos-Direct,M_new_norm,3,16,False,17,72.2775,74.492875,-2.215375,69.83583333333334,-2.1156250000000005,6,0,10,3,9,-1.0249999999999986,-20.85000000000001,16.343999999999994,0.0625,evqa-pilot500/blip2-opt-2.7b;evqa-pilot500/paligemma-3b;evqa-pilot500/qwen2.5-vl-3b;evqa-pilot500/smolvlm-1.7b;mmke-entity/blip2-opt-2.7b;mmke-entity/instructblip-vicuna-7b;mmke-entity/minigpt-4-vicuna-7b;mmke-entity/paligemma-3b;mmke-entity/qwen2.5-vl-3b;mmke-entity/smolvlm-1.7b;mmke-visual/blip2-opt-2.7b;mmke-visual/instructblip-vicuna-7b;mmke-visual/minigpt-4-vicuna-7b;mmke-visual/paligemma-3b;mmke-visual/qwen2.5-vl-3b;mmke-visual/smolvlm-1.7b
recorded,abs_cos_only,M_abscos_x_newn,1,13,False,17,67.78738461538461,71.92092307692307,-4.133538461538462,67.78738461538461,-4.133538461538462,2,4,7,1,7,-0.5900000000000034,-23.53,0.5799999999999983,0.07692307692307693,evqa-pilot500/blip2-opt-2.7b;evqa-pilot500/minigpt-4-vicuna-7b;evqa-pilot500/qwen2.5-vl-3b;evqa-pilot500/smolvlm-1.7b;mmke-entity/blip2-opt-2.7b;mmke-entity/instructblip-vicuna-7b;mmke-entity/paligemma-3b;mmke-entity/smolvlm-1.7b;mmke-visual/instructblip-vicuna-7b;mmke-visual/minigpt-4-vicuna-7b;mmke-visual/paligemma-3b;mmke-visual/qwen2.5-vl-3b;mmke-visual/smolvlm-1.7b
recorded,abs_cos_only,M_abscos_x_newn,3,7,False,17,67.51942857142858,71.79942857142858,-4.280000000000001,63.19438095238095,-4.996285714285714,0,3,4,0,4,-0.5900000000000034,-22.24000000000001,0.0,0.14285714285714285,evqa-pilot500/blip2-opt-2.7b;evqa-pilot500/minigpt-4-vicuna-7b;evqa-pilot500/smolvlm-1.7b;mmke-entity/blip2-opt-2.7b;mmke-entity/instructblip-vicuna-7b;mmke-entity/paligemma-3b;mmke-visual/smolvlm-1.7b
recorded,abs_cos_only,M_new_norm,1,13,False,17,67.78738461538461,71.69753846153846,-3.9101538461538463,67.78738461538461,-3.9101538461538463,3,3,7,1,5,-0.10000000000000142,-23.53,0.5799999999999983,0.07692307692307693,evqa-pilot500/blip2-opt-2.7b;evqa-pilot500/minigpt-4-vicuna-7b;evqa-pilot500/qwen2.5-vl-3b;evqa-pilot500/smolvlm-1.7b;mmke-entity/blip2-opt-2.7b;mmke-entity/instructblip-vicuna-7b;mmke-entity/paligemma-3b;mmke-entity/smolvlm-1.7b;mmke-visual/instructblip-vicuna-7b;mmke-visual/minigpt-4-vicuna-7b;mmke-visual/paligemma-3b;mmke-visual/qwen2.5-vl-3b;mmke-visual/smolvlm-1.7b
recorded,abs_cos_only,M_new_norm,3,7,False,17,67.51942857142858,72.68,-5.16057142857143,63.19438095238095,-5.451142857142857,0,3,4,0,4,-0.5900000000000034,-22.24000000000001,0.0,0.14285714285714285,evqa-pilot500/blip2-opt-2.7b;evqa-pilot500/minigpt-4-vicuna-7b;evqa-pilot500/smolvlm-1.7b;mmke-entity/blip2-opt-2.7b;mmke-entity/instructblip-vicuna-7b;mmke-entity/paligemma-3b;mmke-visual/smolvlm-1.7b
recorded,signed_cos_new_norm,M_abscos_x_newn,1,16,False,17,70.774125,71.685875,-0.9117500000000001,70.774125,-0.9117500000000001,0,14,2,0,1,0.0,-14.100000000000001,0.0,0.1875,evqa-pilot500/blip2-opt-2.7b;evqa-pilot500/minigpt-4-vicuna-7b;evqa-pilot500/paligemma-3b;evqa-pilot500/qwen2.5-vl-3b;evqa-pilot500/smolvlm-1.7b;mmke-entity/blip2-opt-2.7b;mmke-entity/instructblip-vicuna-7b;mmke-entity/minigpt-4-vicuna-7b;mmke-entity/paligemma-3b;mmke-entity/qwen2.5-vl-3b;mmke-entity/smolvlm-1.7b;mmke-visual/blip2-opt-2.7b;mmke-visual/instructblip-vicuna-7b;mmke-visual/paligemma-3b;mmke-visual/qwen2.5-vl-3b;mmke-visual/smolvlm-1.7b
recorded,signed_cos_new_norm,M_abscos_x_newn,3,15,False,17,72.8828,73.73746666666666,-0.8546666666666667,70.26644444444445,-0.5279999999999997,0,14,1,0,1,0.0,-12.82,0.0,0.4,evqa-pilot500/blip2-opt-2.7b;evqa-pilot500/minigpt-4-vicuna-7b;evqa-pilot500/paligemma-3b;evqa-pilot500/qwen2.5-vl-3b;evqa-pilot500/smolvlm-1.7b;mmke-entity/blip2-opt-2.7b;mmke-entity/instructblip-vicuna-7b;mmke-entity/paligemma-3b;mmke-entity/qwen2.5-vl-3b;mmke-entity/smolvlm-1.7b;mmke-visual/blip2-opt-2.7b;mmke-visual/instructblip-vicuna-7b;mmke-visual/paligemma-3b;mmke-visual/qwen2.5-vl-3b;mmke-visual/smolvlm-1.7b
recorded,signed_cos_new_norm,M_new_norm,1,16,False,17,70.774125,71.522,-0.7478749999999996,70.774125,-0.7478749999999996,2,12,2,2,1,0.0,-14.100000000000001,1.730000000000004,0.1875,evqa-pilot500/blip2-opt-2.7b;evqa-pilot500/minigpt-4-vicuna-7b;evqa-pilot500/paligemma-3b;evqa-pilot500/qwen2.5-vl-3b;evqa-pilot500/smolvlm-1.7b;mmke-entity/blip2-opt-2.7b;mmke-entity/instructblip-vicuna-7b;mmke-entity/minigpt-4-vicuna-7b;mmke-entity/paligemma-3b;mmke-entity/qwen2.5-vl-3b;mmke-entity/smolvlm-1.7b;mmke-visual/blip2-opt-2.7b;mmke-visual/instructblip-vicuna-7b;mmke-visual/paligemma-3b;mmke-visual/qwen2.5-vl-3b;mmke-visual/smolvlm-1.7b
recorded,signed_cos_new_norm,M_new_norm,3,15,False,17,72.8828,74.09173333333334,-1.2089333333333334,70.26644444444445,-0.6747111111111105,1,12,2,1,2,0.0,-12.82,0.8500000000000014,0.4,evqa-pilot500/blip2-opt-2.7b;evqa-pilot500/minigpt-4-vicuna-7b;evqa-pilot500/paligemma-3b;evqa-pilot500/qwen2.5-vl-3b;evqa-pilot500/smolvlm-1.7b;mmke-entity/blip2-opt-2.7b;mmke-entity/instructblip-vicuna-7b;mmke-entity/paligemma-3b;mmke-entity/qwen2.5-vl-3b;mmke-entity/smolvlm-1.7b;mmke-visual/blip2-opt-2.7b;mmke-visual/instructblip-vicuna-7b;mmke-visual/paligemma-3b;mmke-visual/qwen2.5-vl-3b;mmke-visual/smolvlm-1.7b
recorded,negative_cos_new_norm,M_abscos_x_newn,1,7,False,17,68.38942857142857,67.70085714285715,0.6885714285714286,68.38942857142857,0.6885714285714286,2,3,2,2,2,0.0,-1.2000000000000028,3.5900000000000034,0.14285714285714285,evqa-pilot500/minigpt-4-vicuna-7b;evqa-pilot500/qwen2.5-vl-3b;evqa-pilot500/smolvlm-1.7b;mmke-entity/blip2-opt-2.7b;mmke-entity/minigpt-4-vicuna-7b;mmke-visual/blip2-opt-2.7b;mmke-visual/minigpt-4-vicuna-7b
recorded,negative_cos_new_norm,M_abscos_x_newn,3,5,False,17,70.3252,72.0568,-1.731599999999999,68.99946666666666,-0.5430666666666639,0,3,2,0,2,0.0,-6.413999999999994,0.0,0.2,evqa-pilot500/minigpt-4-vicuna-7b;evqa-pilot500/smolvlm-1.7b;mmke-entity/blip2-opt-2.7b;mmke-entity/minigpt-4-vicuna-7b;mmke-visual/minigpt-4-vicuna-7b
recorded,negative_cos_new_norm,M_new_norm,1,7,False,17,68.38942857142857,67.15257142857143,1.236857142857143,68.38942857142857,1.236857142857143,5,1,1,4,0,0.5300000000000011,-0.11999999999999744,3.5900000000000034,0.14285714285714285,evqa-pilot500/minigpt-4-vicuna-7b;evqa-pilot500/qwen2.5-vl-3b;evqa-pilot500/smolvlm-1.7b;mmke-entity/blip2-opt-2.7b;mmke-entity/minigpt-4-vicuna-7b;mmke-visual/blip2-opt-2.7b;mmke-visual/minigpt-4-vicuna-7b
recorded,negative_cos_new_norm,M_new_norm,3,5,False,17,70.3252,73.0384,-2.713199999999996,68.99946666666666,-0.9346666666666608,2,1,2,1,2,0.0,-12.577999999999996,0.7660000000000053,0.2,evqa-pilot500/minigpt-4-vicuna-7b;evqa-pilot500/smolvlm-1.7b;mmke-entity/blip2-opt-2.7b;mmke-entity/minigpt-4-vicuna-7b;mmke-visual/minigpt-4-vicuna-7b
recorded,old_norm_only,M_abscos_x_newn,1,17,True,17,72.0035294117647,71.97388235294117,0.029647058823528864,72.0035294117647,0.029647058823528864,2,11,4,1,3,0.0,-2.280000000000001,5.325999999999993,0.17647058823529413,evqa-pilot500/blip2-opt-2.7b;evqa-pilot500/minigpt-4-vicuna-7b;evqa-pilot500/paligemma-3b;evqa-pilot500/qwen2.5-vl-3b;evqa-pilot500/smolvlm-1.7b;mmke-entity/blip2-opt-2.7b;mmke-entity/instructblip-vicuna-7b;mmke-entity/minigpt-4-vicuna-7b;mmke-entity/paligemma-3b;mmke-entity/qwen2.5-vl-3b;mmke-entity/smolvlm-1.7b;mmke-visual/blip2-opt-2.7b;mmke-visual/instructblip-vicuna-7b;mmke-visual/minigpt-4-vicuna-7b;mmke-visual/paligemma-3b;mmke-visual/qwen2.5-vl-3b;mmke-visual/smolvlm-1.7b
recorded,old_norm_only,M_abscos_x_newn,3,16,False,17,74.48125,74.227625,0.2536249999999991,71.94520833333334,0.06091666666666562,1,12,3,1,2,0.0,-0.8500000000000014,6.1640000000000015,0.3125,evqa-pilot500/blip2-opt-2.7b;evqa-pilot500/minigpt-4-vicuna-7b;evqa-pilot500/paligemma-3b;evqa-pilot500/qwen2.5-vl-3b;evqa-pilot500/smolvlm-1.7b;mmke-entity/blip2-opt-2.7b;mmke-entity/instructblip-vicuna-7b;mmke-entity/minigpt-4-vicuna-7b;mmke-entity/paligemma-3b;mmke-entity/qwen2.5-vl-3b;mmke-entity/smolvlm-1.7b;mmke-visual/blip2-opt-2.7b;mmke-visual/minigpt-4-vicuna-7b;mmke-visual/paligemma-3b;mmke-visual/qwen2.5-vl-3b;mmke-visual/smolvlm-1.7b
recorded,old_norm_only,M_new_norm,1,17,True,17,72.0035294117647,71.77435294117647,0.22917647058823493,72.0035294117647,0.22917647058823493,1,15,1,1,1,0.0,-1.4299999999999997,5.325999999999993,0.17647058823529413,evqa-pilot500/blip2-opt-2.7b;evqa-pilot500/minigpt-4-vicuna-7b;evqa-pilot500/paligemma-3b;evqa-pilot500/qwen2.5-vl-3b;evqa-pilot500/smolvlm-1.7b;mmke-entity/blip2-opt-2.7b;mmke-entity/instructblip-vicuna-7b;mmke-entity/minigpt-4-vicuna-7b;mmke-entity/paligemma-3b;mmke-entity/qwen2.5-vl-3b;mmke-entity/smolvlm-1.7b;mmke-visual/blip2-opt-2.7b;mmke-visual/instructblip-vicuna-7b;mmke-visual/minigpt-4-vicuna-7b;mmke-visual/paligemma-3b;mmke-visual/qwen2.5-vl-3b;mmke-visual/smolvlm-1.7b
recorded,old_norm_only,M_new_norm,3,16,False,17,74.48125,74.48125,0.0,71.94520833333334,0.0,0,16,0,0,0,0.0,0.0,0.0,0.3125,evqa-pilot500/blip2-opt-2.7b;evqa-pilot500/minigpt-4-vicuna-7b;evqa-pilot500/paligemma-3b;evqa-pilot500/qwen2.5-vl-3b;evqa-pilot500/smolvlm-1.7b;mmke-entity/blip2-opt-2.7b;mmke-entity/instructblip-vicuna-7b;mmke-entity/minigpt-4-vicuna-7b;mmke-entity/paligemma-3b;mmke-entity/qwen2.5-vl-3b;mmke-entity/smolvlm-1.7b;mmke-visual/blip2-opt-2.7b;mmke-visual/minigpt-4-vicuna-7b;mmke-visual/paligemma-3b;mmke-visual/qwen2.5-vl-3b;mmke-visual/smolvlm-1.7b
recorded,power_a0_b-1_g-1,M_abscos_x_newn,1,15,False,17,64.82053333333333,69.78706666666666,-4.966533333333334,64.82053333333333,-4.966533333333334,1,8,6,1,5,0.0,-70.81,1.0100000000000051,0.2,evqa-pilot500/blip2-opt-2.7b;evqa-pilot500/minigpt-4-vicuna-7b;evqa-pilot500/qwen2.5-vl-3b;evqa-pilot500/smolvlm-1.7b;mmke-entity/blip2-opt-2.7b;mmke-entity/instructblip-vicuna-7b;mmke-entity/minigpt-4-vicuna-7b;mmke-entity/paligemma-3b;mmke-entity/qwen2.5-vl-3b;mmke-entity/smolvlm-1.7b;mmke-visual/blip2-opt-2.7b;mmke-visual/instructblip-vicuna-7b;mmke-visual/minigpt-4-vicuna-7b;mmke-visual/qwen2.5-vl-3b;mmke-visual/smolvlm-1.7b
recorded,power_a0_b-1_g-1,M_abscos_x_newn,3,15,False,17,71.39786666666667,71.61240000000001,-0.21453333333333405,67.24106666666667,-1.9289333333333345,1,10,4,1,3,0.0,-7.275999999999996,6.1640000000000015,0.3333333333333333,evqa-pilot500/blip2-opt-2.7b;evqa-pilot500/minigpt-4-vicuna-7b;evqa-pilot500/qwen2.5-vl-3b;evqa-pilot500/smolvlm-1.7b;mmke-entity/blip2-opt-2.7b;mmke-entity/instructblip-vicuna-7b;mmke-entity/minigpt-4-vicuna-7b;mmke-entity/paligemma-3b;mmke-entity/qwen2.5-vl-3b;mmke-entity/smolvlm-1.7b;mmke-visual/blip2-opt-2.7b;mmke-visual/instructblip-vicuna-7b;mmke-visual/minigpt-4-vicuna-7b;mmke-visual/qwen2.5-vl-3b;mmke-visual/smolvlm-1.7b
recorded,power_a0_b-1_g-1,M_new_norm,1,15,False,17,64.82053333333333,69.5312,-4.7106666666666674,64.82053333333333,-4.7106666666666674,1,12,2,1,2,0.0,-70.81,1.0100000000000051,0.2,evqa-pilot500/blip2-opt-2.7b;evqa-pilot500/minigpt-4-vicuna-7b;evqa-pilot500/qwen2.5-vl-3b;evqa-pilot500/smolvlm-1.7b;mmke-entity/blip2-opt-2.7b;mmke-entity/instructblip-vicuna-7b;mmke-entity/minigpt-4-vicuna-7b;mmke-entity/paligemma-3b;mmke-entity/qwen2.5-vl-3b;mmke-entity/smolvlm-1.7b;mmke-visual/blip2-opt-2.7b;mmke-visual/instructblip-vicuna-7b;mmke-visual/minigpt-4-vicuna-7b;mmke-visual/qwen2.5-vl-3b;mmke-visual/smolvlm-1.7b
recorded,power_a0_b-1_g-1,M_new_norm,3,15,False,17,71.39786666666667,71.88293333333334,-0.4850666666666664,67.24106666666667,-1.9939111111111112,0,14,1,0,1,0.0,-7.275999999999996,0.0,0.3333333333333333,evqa-pilot500/blip2-opt-2.7b;evqa-pilot500/minigpt-4-vicuna-7b;evqa-pilot500/qwen2.5-vl-3b;evqa-pilot500/smolvlm-1.7b;mmke-entity/blip2-opt-2.7b;mmke-entity/instructblip-vicuna-7b;mmke-entity/minigpt-4-vicuna-7b;mmke-entity/paligemma-3b;mmke-entity/qwen2.5-vl-3b;mmke-entity/smolvlm-1.7b;mmke-visual/blip2-opt-2.7b;mmke-visual/instructblip-vicuna-7b;mmke-visual/minigpt-4-vicuna-7b;mmke-visual/qwen2.5-vl-3b;mmke-visual/smolvlm-1.7b
recorded,power_a0_b-1_g0,M_abscos_x_newn,1,12,False,17,62.275333333333336,69.47466666666666,-7.199333333333334,62.275333333333336,-7.199333333333334,3,1,8,2,8,-2.710000000000001,-43.77,17.50999999999999,0.08333333333333333,evqa-pilot500/blip2-opt-2.7b;evqa-pilot500/minigpt-4-vicuna-7b;evqa-pilot500/qwen2.5-vl-3b;evqa-pilot500/smolvlm-1.7b;mmke-entity/blip2-opt-2.7b;mmke-entity/instructblip-vicuna-7b;mmke-entity/minigpt-4-vicuna-7b;mmke-entity/paligemma-3b;mmke-visual/blip2-opt-2.7b;mmke-visual/instructblip-vicuna-7b;mmke-visual/minigpt-4-vicuna-7b;mmke-visual/smolvlm-1.7b
recorded,power_a0_b-1_g0,M_abscos_x_newn,3,8,False,17,70.9105,73.6675,-2.7570000000000023,66.79591666666667,-4.042583333333335,1,3,4,1,4,-0.3450000000000024,-21.660000000000004,12.129999999999995,0.25,evqa-pilot500/minigpt-4-vicuna-7b;evqa-pilot500/qwen2.5-vl-3b;evqa-pilot500/smolvlm-1.7b;mmke-entity/blip2-opt-2.7b;mmke-entity/instructblip-vicuna-7b;mmke-entity/minigpt-4-vicuna-7b;mmke-entity/paligemma-3b;mmke-visual/minigpt-4-vicuna-7b
recorded,power_a0_b-1_g0,M_new_norm,1,12,False,17,62.275333333333336,69.15483333333333,-6.8795,62.275333333333336,-6.8795,4,1,7,3,6,-2.285,-43.77,19.239999999999995,0.08333333333333333,evqa-pilot500/blip2-opt-2.7b;evqa-pilot500/minigpt-4-vicuna-7b;evqa-pilot500/qwen2.5-vl-3b;evqa-pilot500/smolvlm-1.7b;mmke-entity/blip2-opt-2.7b;mmke-entity/instructblip-vicuna-7b;mmke-entity/minigpt-4-vicuna-7b;mmke-entity/paligemma-3b;mmke-visual/blip2-opt-2.7b;mmke-visual/instructblip-vicuna-7b;mmke-visual/minigpt-4-vicuna-7b;mmke-visual/smolvlm-1.7b
recorded,power_a0_b-1_g0,M_new_norm,3,8,False,17,70.9105,74.17475,-3.2642500000000005,66.79591666666667,-4.164416666666666,3,3,2,1,2,0.0,-21.660000000000004,5.965999999999994,0.25,evqa-pilot500/minigpt-4-vicuna-7b;evqa-pilot500/qwen2.5-vl-3b;evqa-pilot500/smolvlm-1.7b;mmke-entity/blip2-opt-2.7b;mmke-entity/instructblip-vicuna-7b;mmke-entity/minigpt-4-vicuna-7b;mmke-entity/paligemma-3b;mmke-visual/minigpt-4-vicuna-7b
recorded,power_a0_b-1_g0.5,M_abscos_x_newn,1,12,False,17,60.68083333333333,69.47466666666666,-8.793833333333334,60.68083333333333,-8.793833333333334,3,0,9,2,9,-3.2959999999999994,-43.77,5.280000000000001,0,evqa-pilot500/blip2-opt-2.7b;evqa-pilot500/minigpt-4-vicuna-7b;evqa-pilot500/qwen2.5-vl-3b;evqa-pilot500/smolvlm-1.7b;mmke-entity/blip2-opt-2.7b;mmke-entity/instructblip-vicuna-7b;mmke-entity/minigpt-4-vicuna-7b;mmke-entity/paligemma-3b;mmke-visual/blip2-opt-2.7b;mmke-visual/instructblip-vicuna-7b;mmke-visual/minigpt-4-vicuna-7b;mmke-visual/smolvlm-1.7b
recorded,power_a0_b-1_g0.5,M_abscos_x_newn,3,3,False,17,60.290000000000006,71.73,-11.44,59.788222222222224,-7.773333333333331,0,1,2,0,2,-12.659999999999997,-21.660000000000004,0.0,0,evqa-pilot500/smolvlm-1.7b;mmke-entity/instructblip-vicuna-7b;mmke-entity/minigpt-4-vicuna-7b
recorded,power_a0_b-1_g0.5,M_new_norm,1,12,False,17,60.68083333333333,69.15483333333333,-8.474,60.68083333333333,-8.474,3,0,9,3,8,-2.9110000000000014,-43.77,5.280000000000001,0,evqa-pilot500/blip2-opt-2.7b;evqa-pilot500/minigpt-4-vicuna-7b;evqa-pilot500/qwen2.5-vl-3b;evqa-pilot500/smolvlm-1.7b;mmke-entity/blip2-opt-2.7b;mmke-entity/instructblip-vicuna-7b;mmke-entity/minigpt-4-vicuna-7b;mmke-entity/paligemma-3b;mmke-visual/blip2-opt-2.7b;mmke-visual/instructblip-vicuna-7b;mmke-visual/minigpt-4-vicuna-7b;mmke-visual/smolvlm-1.7b
recorded,power_a0_b-1_g0.5,M_new_norm,3,3,False,17,60.290000000000006,71.56666666666666,-11.276666666666664,59.788222222222224,-7.6248888888888855,1,0,2,0,2,-12.659999999999997,-21.660000000000004,0.4900000000000091,0,evqa-pilot500/smolvlm-1.7b;mmke-entity/instructblip-vicuna-7b;mmke-entity/minigpt-4-vicuna-7b
recorded,power_a0_b-1_g1,M_abscos_x_newn,1,9,False,17,59.35444444444445,70.42377777777777,-11.069333333333333,59.35444444444445,-11.069333333333333,3,0,6,2,6,-4.519999999999996,-43.77,5.280000000000001,0,evqa-pilot500/blip2-opt-2.7b;evqa-pilot500/smolvlm-1.7b;mmke-entity/blip2-opt-2.7b;mmke-entity/instructblip-vicuna-7b;mmke-entity/minigpt-4-vicuna-7b;mmke-entity/paligemma-3b;mmke-visual/blip2-opt-2.7b;mmke-visual/instructblip-vicuna-7b;mmke-visual/smolvlm-1.7b
recorded,power_a0_b-1_g1,M_abscos_x_newn,3,2,False,17,52.335,69.575,-17.240000000000002,51.75833333333333,-11.686666666666664,0,0,2,0,2,-17.240000000000002,-21.660000000000004,-12.82,0,evqa-pilot500/smolvlm-1.7b;mmke-entity/instructblip-vicuna-7b
recorded,power_a0_b-1_g1,M_new_norm,1,9,False,17,59.35444444444445,70.36955555555555,-11.01511111111111,59.35444444444445,-11.01511111111111,3,0,6,3,6,-4.519999999999996,-43.77,5.280000000000001,0,evqa-pilot500/blip2-opt-2.7b;evqa-pilot500/smolvlm-1.7b;mmke-entity/blip2-opt-2.7b;mmke-entity/instructblip-vicuna-7b;mmke-entity/minigpt-4-vicuna-7b;mmke-entity/paligemma-3b;mmke-visual/blip2-opt-2.7b;mmke-visual/instructblip-vicuna-7b;mmke-visual/smolvlm-1.7b
recorded,power_a0_b-1_g1,M_new_norm,3,2,False,17,52.335,69.575,-17.240000000000002,51.75833333333333,-11.686666666666664,0,0,2,0,2,-17.240000000000002,-21.660000000000004,-12.82,0,evqa-pilot500/smolvlm-1.7b;mmke-entity/instructblip-vicuna-7b
recorded,power_a0_b-1_g2,M_abscos_x_newn,1,7,False,17,56.857142857142854,67.98714285714286,-11.13,56.857142857142854,-11.13,2,0,5,2,5,-4.519999999999996,-43.77,5.280000000000001,0,evqa-pilot500/blip2-opt-2.7b;evqa-pilot500/minigpt-4-vicuna-7b;evqa-pilot500/smolvlm-1.7b;mmke-entity/blip2-opt-2.7b;mmke-entity/instructblip-vicuna-7b;mmke-entity/paligemma-3b;mmke-visual/blip2-opt-2.7b
recorded,power_a0_b-1_g2,M_abscos_x_newn,3,2,False,17,52.045,69.575,-17.530000000000005,51.584999999999994,-11.86,0,0,2,0,2,-17.530000000000005,-22.24000000000001,-12.82,0,evqa-pilot500/smolvlm-1.7b;mmke-entity/instructblip-vicuna-7b
recorded,power_a0_b-1_g2,M_new_norm,1,7,False,17,56.857142857142854,67.74,-10.882857142857143,56.857142857142854,-10.882857142857143,3,0,4,2,4,-4.519999999999996,-43.77,5.280000000000001,0,evqa-pilot500/blip2-opt-2.7b;evqa-pilot500/minigpt-4-vicuna-7b;evqa-pilot500/smolvlm-1.7b;mmke-entity/blip2-opt-2.7b;mmke-entity/instructblip-vicuna-7b;mmke-entity/paligemma-3b;mmke-visual/blip2-opt-2.7b
recorded,power_a0_b-1_g2,M_new_norm,3,2,False,17,52.045,69.575,-17.530000000000005,51.584999999999994,-11.86,0,0,2,0,2,-17.530000000000005,-22.24000000000001,-12.82,0,evqa-pilot500/smolvlm-1.7b;mmke-entity/instructblip-vicuna-7b
recorded,power_a0_b-0.5_g-1,M_abscos_x_newn,1,15,False,17,64.82053333333333,69.78706666666666,-4.966533333333334,64.82053333333333,-4.966533333333334,1,8,6,1,5,0.0,-70.81,1.0100000000000051,0.2,evqa-pilot500/blip2-opt-2.7b;evqa-pilot500/minigpt-4-vicuna-7b;evqa-pilot500/qwen2.5-vl-3b;evqa-pilot500/smolvlm-1.7b;mmke-entity/blip2-opt-2.7b;mmke-entity/instructblip-vicuna-7b;mmke-entity/minigpt-4-vicuna-7b;mmke-entity/paligemma-3b;mmke-entity/qwen2.5-vl-3b;mmke-entity/smolvlm-1.7b;mmke-visual/blip2-opt-2.7b;mmke-visual/instructblip-vicuna-7b;mmke-visual/minigpt-4-vicuna-7b;mmke-visual/qwen2.5-vl-3b;mmke-visual/smolvlm-1.7b
recorded,power_a0_b-0.5_g-1,M_abscos_x_newn,3,15,False,17,71.39786666666667,71.61240000000001,-0.21453333333333405,67.24106666666667,-1.9289333333333345,1,10,4,1,3,0.0,-7.275999999999996,6.1640000000000015,0.3333333333333333,evqa-pilot500/blip2-opt-2.7b;evqa-pilot500/minigpt-4-vicuna-7b;evqa-pilot500/qwen2.5-vl-3b;evqa-pilot500/smolvlm-1.7b;mmke-entity/blip2-opt-2.7b;mmke-entity/instructblip-vicuna-7b;mmke-entity/minigpt-4-vicuna-7b;mmke-entity/paligemma-3b;mmke-entity/qwen2.5-vl-3b;mmke-entity/smolvlm-1.7b;mmke-visual/blip2-opt-2.7b;mmke-visual/instructblip-vicuna-7b;mmke-visual/minigpt-4-vicuna-7b;mmke-visual/qwen2.5-vl-3b;mmke-visual/smolvlm-1.7b
recorded,power_a0_b-0.5_g-1,M_new_norm,1,15,False,17,64.82053333333333,69.5312,-4.7106666666666674,64.82053333333333,-4.7106666666666674,1,12,2,1,2,0.0,-70.81,1.0100000000000051,0.2,evqa-pilot500/blip2-opt-2.7b;evqa-pilot500/minigpt-4-vicuna-7b;evqa-pilot500/qwen2.5-vl-3b;evqa-pilot500/smolvlm-1.7b;mmke-entity/blip2-opt-2.7b;mmke-entity/instructblip-vicuna-7b;mmke-entity/minigpt-4-vicuna-7b;mmke-entity/paligemma-3b;mmke-entity/qwen2.5-vl-3b;mmke-entity/smolvlm-1.7b;mmke-visual/blip2-opt-2.7b;mmke-visual/instructblip-vicuna-7b;mmke-visual/minigpt-4-vicuna-7b;mmke-visual/qwen2.5-vl-3b;mmke-visual/smolvlm-1.7b
recorded,power_a0_b-0.5_g-1,M_new_norm,3,15,False,17,71.39786666666667,71.88293333333334,-0.4850666666666664,67.24106666666667,-1.9939111111111112,0,14,1,0,1,0.0,-7.275999999999996,0.0,0.3333333333333333,evqa-pilot500/blip2-opt-2.7b;evqa-pilot500/minigpt-4-vicuna-7b;evqa-pilot500/qwen2.5-vl-3b;evqa-pilot500/smolvlm-1.7b;mmke-entity/blip2-opt-2.7b;mmke-entity/instructblip-vicuna-7b;mmke-entity/minigpt-4-vicuna-7b;mmke-entity/paligemma-3b;mmke-entity/qwen2.5-vl-3b;mmke-entity/smolvlm-1.7b;mmke-visual/blip2-opt-2.7b;mmke-visual/instructblip-vicuna-7b;mmke-visual/minigpt-4-vicuna-7b;mmke-visual/qwen2.5-vl-3b;mmke-visual/smolvlm-1.7b
recorded,power_a0_b-0.5_g0,M_abscos_x_newn,1,17,True,17,70.27717647058823,71.97388235294117,-1.6967058823529417,70.27717647058823,-1.6967058823529417,1,11,5,1,4,0.0,-19.160000000000004,11.543999999999997,0.11764705882352941,evqa-pilot500/blip2-opt-2.7b;evqa-pilot500/minigpt-4-vicuna-7b;evqa-pilot500/paligemma-3b;evqa-pilot500/qwen2.5-vl-3b;evqa-pilot500/smolvlm-1.7b;mmke-entity/blip2-opt-2.7b;mmke-entity/instructblip-vicuna-7b;mmke-entity/minigpt-4-vicuna-7b;mmke-entity/paligemma-3b;mmke-entity/qwen2.5-vl-3b;mmke-entity/smolvlm-1.7b;mmke-visual/blip2-opt-2.7b;mmke-visual/instructblip-vicuna-7b;mmke-visual/minigpt-4-vicuna-7b;mmke-visual/paligemma-3b;mmke-visual/qwen2.5-vl-3b;mmke-visual/smolvlm-1.7b
recorded,power_a0_b-0.5_g0,M_abscos_x_newn,3,17,True,17,73.10941176470588,74.05482352941176,-0.9454117647058837,70.66901960784314,-0.7658039215686288,1,12,4,1,3,0.0,-20.13000000000001,6.1640000000000015,0.29411764705882354,evqa-pilot500/blip2-opt-2.7b;evqa-pilot500/minigpt-4-vicuna-7b;evqa-pilot500/paligemma-3b;evqa-pilot500/qwen2.5-vl-3b;evqa-pilot500/smolvlm-1.7b;mmke-entity/blip2-opt-2.7b;mmke-entity/instructblip-vicuna-7b;mmke-entity/minigpt-4-vicuna-7b;mmke-entity/paligemma-3b;mmke-entity/qwen2.5-vl-3b;mmke-entity/smolvlm-1.7b;mmke-visual/blip2-opt-2.7b;mmke-visual/instructblip-vicuna-7b;mmke-visual/minigpt-4-vicuna-7b;mmke-visual/paligemma-3b;mmke-visual/qwen2.5-vl-3b;mmke-visual/smolvlm-1.7b
recorded,power_a0_b-0.5_g0,M_new_norm,1,17,True,17,70.27717647058823,71.77435294117647,-1.4971764705882356,70.27717647058823,-1.4971764705882356,1,13,3,1,2,0.0,-19.160000000000004,13.274000000000001,0.11764705882352941,evqa-pilot500/blip2-opt-2.7b;evqa-pilot500/minigpt-4-vicuna-7b;evqa-pilot500/paligemma-3b;evqa-pilot500/qwen2.5-vl-3b;evqa-pilot500/smolvlm-1.7b;mmke-entity/blip2-opt-2.7b;mmke-entity/instructblip-vicuna-7b;mmke-entity/minigpt-4-vicuna-7b;mmke-entity/paligemma-3b;mmke-entity/qwen2.5-vl-3b;mmke-entity/smolvlm-1.7b;mmke-visual/blip2-opt-2.7b;mmke-visual/instructblip-vicuna-7b;mmke-visual/minigpt-4-vicuna-7b;mmke-visual/paligemma-3b;mmke-visual/qwen2.5-vl-3b;mmke-visual/smolvlm-1.7b
recorded,power_a0_b-0.5_g0,M_new_norm,3,17,True,17,73.10941176470588,74.29352941176471,-1.1841176470588242,70.66901960784314,-0.8231372549019611,0,16,1,0,1,0.0,-20.13000000000001,0.0,0.29411764705882354,evqa-pilot500/blip2-opt-2.7b;evqa-pilot500/minigpt-4-vicuna-7b;evqa-pilot500/paligemma-3b;evqa-pilot500/qwen2.5-vl-3b;evqa-pilot500/smolvlm-1.7b;mmke-entity/blip2-opt-2.7b;mmke-entity/instructblip-vicuna-7b;mmke-entity/minigpt-4-vicuna-7b;mmke-entity/paligemma-3b;mmke-entity/qwen2.5-vl-3b;mmke-entity/smolvlm-1.7b;mmke-visual/blip2-opt-2.7b;mmke-visual/instructblip-vicuna-7b;mmke-visual/minigpt-4-vicuna-7b;mmke-visual/paligemma-3b;mmke-visual/qwen2.5-vl-3b;mmke-visual/smolvlm-1.7b
recorded,power_a0_b-0.5_g0.5,M_abscos_x_newn,1,16,False,17,70.631875,71.685875,-1.0540000000000003,70.631875,-1.0540000000000003,6,2,8,5,7,-0.09500000000000242,-22.24000000000001,14.88000000000001,0.0625,evqa-pilot500/blip2-opt-2.7b;evqa-pilot500/minigpt-4-vicuna-7b;evqa-pilot500/paligemma-3b;evqa-pilot500/qwen2.5-vl-3b;evqa-pilot500/smolvlm-1.7b;mmke-entity/blip2-opt-2.7b;mmke-entity/instructblip-vicuna-7b;mmke-entity/minigpt-4-vicuna-7b;mmke-entity/paligemma-3b;mmke-entity/qwen2.5-vl-3b;mmke-entity/smolvlm-1.7b;mmke-visual/blip2-opt-2.7b;mmke-visual/instructblip-vicuna-7b;mmke-visual/paligemma-3b;mmke-visual/qwen2.5-vl-3b;mmke-visual/smolvlm-1.7b
recorded,power_a0_b-0.5_g0.5,M_abscos_x_newn,3,11,False,17,71.79854545454545,74.9710909090909,-3.172545454545457,70.56236363636363,-1.2012727272727317,1,3,7,1,5,-0.26400000000001,-21.60000000000001,16.685999999999993,0,evqa-pilot500/blip2-opt-2.7b;evqa-pilot500/minigpt-4-vicuna-7b;evqa-pilot500/paligemma-3b;evqa-pilot500/qwen2.5-vl-3b;mmke-entity/blip2-opt-2.7b;mmke-entity/instructblip-vicuna-7b;mmke-entity/paligemma-3b;mmke-entity/qwen2.5-vl-3b;mmke-visual/instructblip-vicuna-7b;mmke-visual/paligemma-3b;mmke-visual/smolvlm-1.7b
recorded,power_a0_b-0.5_g0.5,M_new_norm,1,16,False,17,70.631875,71.522,-0.8901249999999998,70.631875,-0.8901249999999998,7,1,8,6,6,-0.17799999999999727,-22.24000000000001,14.88000000000001,0.0625,evqa-pilot500/blip2-opt-2.7b;evqa-pilot500/minigpt-4-vicuna-7b;evqa-pilot500/paligemma-3b;evqa-pilot500/qwen2.5-vl-3b;evqa-pilot500/smolvlm-1.7b;mmke-entity/blip2-opt-2.7b;mmke-entity/instructblip-vicuna-7b;mmke-entity/minigpt-4-vicuna-7b;mmke-entity/paligemma-3b;mmke-entity/qwen2.5-vl-3b;mmke-entity/smolvlm-1.7b;mmke-visual/blip2-opt-2.7b;mmke-visual/instructblip-vicuna-7b;mmke-visual/paligemma-3b;mmke-visual/qwen2.5-vl-3b;mmke-visual/smolvlm-1.7b
recorded,power_a0_b-0.5_g0.5,M_new_norm,3,11,False,17,71.79854545454545,75.45418181818182,-3.6556363636363667,70.56236363636363,-1.4013333333333373,2,2,7,2,6,-0.5900000000000034,-21.60000000000001,16.685999999999993,0,evqa-pilot500/blip2-opt-2.7b;evqa-pilot500/minigpt-4-vicuna-7b;evqa-pilot500/paligemma-3b;evqa-pilot500/qwen2.5-vl-3b;mmke-entity/blip2-opt-2.7b;mmke-entity/instructblip-vicuna-7b;mmke-entity/paligemma-3b;mmke-entity/qwen2.5-vl-3b;mmke-visual/instructblip-vicuna-7b;mmke-visual/paligemma-3b;mmke-visual/smolvlm-1.7b
recorded,power_a0_b-0.5_g1,M_abscos_x_newn,1,15,False,17,70.4692,73.02173333333333,-2.5525333333333324,70.4692,-2.5525333333333324,2,1,12,1,11,-1.0060000000000002,-22.24000000000001,17.439999999999998,0.06666666666666667,evqa-pilot500/blip2-opt-2.7b;evqa-pilot500/minigpt-4-vicuna-7b;evqa-pilot500/paligemma-3b;evqa-pilot500/qwen2.5-vl-3b;evqa-pilot500/smolvlm-1.7b;mmke-entity/instructblip-vicuna-7b;mmke-entity/minigpt-4-vicuna-7b;mmke-entity/paligemma-3b;mmke-entity/qwen2.5-vl-3b;mmke-entity/smolvlm-1.7b;mmke-visual/instructblip-vicuna-7b;mmke-visual/minigpt-4-vicuna-7b;mmke-visual/paligemma-3b;mmke-visual/qwen2.5-vl-3b;mmke-visual/smolvlm-1.7b
recorded,power_a0_b-0.5_g1,M_abscos_x_newn,3,14,False,17,72.475,75.11557142857143,-2.6405714285714295,70.25461904761904,-2.333095238095241,3,1,10,2,8,-0.740000000000002,-21.60000000000001,17.093999999999994,0.14285714285714285,evqa-pilot500/blip2-opt-2.7b;evqa-pilot500/paligemma-3b;evqa-pilot500/qwen2.5-vl-3b;evqa-pilot500/smolvlm-1.7b;mmke-entity/instructblip-vicuna-7b;mmke-entity/minigpt-4-vicuna-7b;mmke-entity/paligemma-3b;mmke-entity/qwen2.5-vl-3b;mmke-entity/smolvlm-1.7b;mmke-visual/instructblip-vicuna-7b;mmke-visual/minigpt-4-vicuna-7b;mmke-visual/paligemma-3b;mmke-visual/qwen2.5-vl-3b;mmke-visual/smolvlm-1.7b
recorded,power_a0_b-0.5_g1,M_new_norm,1,15,False,17,70.4692,72.7956,-2.326399999999999,70.4692,-2.326399999999999,4,0,11,2,11,-0.9200000000000017,-22.24000000000001,17.439999999999998,0.06666666666666667,evqa-pilot500/blip2-opt-2.7b;evqa-pilot500/minigpt-4-vicuna-7b;evqa-pilot500/paligemma-3b;evqa-pilot500/qwen2.5-vl-3b;evqa-pilot500/smolvlm-1.7b;mmke-entity/instructblip-vicuna-7b;mmke-entity/minigpt-4-vicuna-7b;mmke-entity/paligemma-3b;mmke-entity/qwen2.5-vl-3b;mmke-entity/smolvlm-1.7b;mmke-visual/instructblip-vicuna-7b;mmke-visual/minigpt-4-vicuna-7b;mmke-visual/paligemma-3b;mmke-visual/qwen2.5-vl-3b;mmke-visual/smolvlm-1.7b
recorded,power_a0_b-0.5_g1,M_new_norm,3,14,False,17,72.475,74.96514285714285,-2.4901428571428568,70.25461904761904,-2.1752857142857165,5,0,9,3,8,-0.740000000000002,-21.60000000000001,17.093999999999994,0.14285714285714285,evqa-pilot500/blip2-opt-2.7b;evqa-pilot500/paligemma-3b;evqa-pilot500/qwen2.5-vl-3b;evqa-pilot500/smolvlm-1.7b;mmke-entity/instructblip-vicuna-7b;mmke-entity/minigpt-4-vicuna-7b;mmke-entity/paligemma-3b;mmke-entity/qwen2.5-vl-3b;mmke-entity/smolvlm-1.7b;mmke-visual/instructblip-vicuna-7b;mmke-visual/minigpt-4-vicuna-7b;mmke-visual/paligemma-3b;mmke-visual/qwen2.5-vl-3b;mmke-visual/smolvlm-1.7b
recorded,power_a0_b-0.5_g2,M_abscos_x_newn,1,16,False,17,63.364125,72.574125,-9.209999999999999,63.364125,-9.209999999999999,4,0,12,2,12,-2.8029999999999937,-43.77,5.060000000000002,0.0625,evqa-pilot500/blip2-opt-2.7b;evqa-pilot500/minigpt-4-vicuna-7b;evqa-pilot500/paligemma-3b;evqa-pilot500/qwen2.5-vl-3b;evqa-pilot500/smolvlm-1.7b;mmke-entity/blip2-opt-2.7b;mmke-entity/instructblip-vicuna-7b;mmke-entity/minigpt-4-vicuna-7b;mmke-entity/paligemma-3b;mmke-entity/qwen2.5-vl-3b;mmke-entity/smolvlm-1.7b;mmke-visual/instructblip-vicuna-7b;mmke-visual/minigpt-4-vicuna-7b;mmke-visual/paligemma-3b;mmke-visual/qwen2.5-vl-3b;mmke-visual/smolvlm-1.7b
recorded,power_a0_b-0.5_g2,M_abscos_x_newn,3,10,False,17,74.016,77.5362,-3.5202000000000004,69.13886666666667,-5.926,3,0,7,0,7,-1.4849999999999994,-21.660000000000004,0.3499999999999943,0.1,evqa-pilot500/paligemma-3b;evqa-pilot500/qwen2.5-vl-3b;evqa-pilot500/smolvlm-1.7b;mmke-entity/instructblip-vicuna-7b;mmke-entity/paligemma-3b;mmke-entity/qwen2.5-vl-3b;mmke-entity/smolvlm-1.7b;mmke-visual/minigpt-4-vicuna-7b;mmke-visual/paligemma-3b;mmke-visual/smolvlm-1.7b
recorded,power_a0_b-0.5_g2,M_new_norm,1,16,False,17,63.364125,72.362125,-8.998,63.364125,-8.998,4,0,12,3,12,-2.308,-43.77,5.060000000000002,0.0625,evqa-pilot500/blip2-opt-2.7b;evqa-pilot500/minigpt-4-vicuna-7b;evqa-pilot500/paligemma-3b;evqa-pilot500/qwen2.5-vl-3b;evqa-pilot500/smolvlm-1.7b;mmke-entity/blip2-opt-2.7b;mmke-entity/instructblip-vicuna-7b;mmke-entity/minigpt-4-vicuna-7b;mmke-entity/paligemma-3b;mmke-entity/qwen2.5-vl-3b;mmke-entity/smolvlm-1.7b;mmke-visual/instructblip-vicuna-7b;mmke-visual/minigpt-4-vicuna-7b;mmke-visual/paligemma-3b;mmke-visual/qwen2.5-vl-3b;mmke-visual/smolvlm-1.7b
recorded,power_a0_b-0.5_g2,M_new_norm,3,10,False,17,74.016,77.3746,-3.3586,69.13886666666667,-5.749599999999999,3,0,7,0,6,-1.124999999999993,-21.660000000000004,0.3499999999999943,0.1,evqa-pilot500/paligemma-3b;evqa-pilot500/qwen2.5-vl-3b;evqa-pilot500/smolvlm-1.7b;mmke-entity/instructblip-vicuna-7b;mmke-entity/paligemma-3b;mmke-entity/qwen2.5-vl-3b;mmke-entity/smolvlm-1.7b;mmke-visual/minigpt-4-vicuna-7b;mmke-visual/paligemma-3b;mmke-visual/smolvlm-1.7b
recorded,power_a0_b0_g-1,M_abscos_x_newn,1,15,False,17,64.82053333333333,69.78706666666666,-4.966533333333334,64.82053333333333,-4.966533333333334,1,8,6,1,5,0.0,-70.81,1.0100000000000051,0.2,evqa-pilot500/blip2-opt-2.7b;evqa-pilot500/minigpt-4-vicuna-7b;evqa-pilot500/qwen2.5-vl-3b;evqa-pilot500/smolvlm-1.7b;mmke-entity/blip2-opt-2.7b;mmke-entity/instructblip-vicuna-7b;mmke-entity/minigpt-4-vicuna-7b;mmke-entity/paligemma-3b;mmke-entity/qwen2.5-vl-3b;mmke-entity/smolvlm-1.7b;mmke-visual/blip2-opt-2.7b;mmke-visual/instructblip-vicuna-7b;mmke-visual/minigpt-4-vicuna-7b;mmke-visual/qwen2.5-vl-3b;mmke-visual/smolvlm-1.7b
recorded,power_a0_b0_g-1,M_abscos_x_newn,3,15,False,17,71.39786666666667,71.61240000000001,-0.21453333333333405,67.24106666666667,-1.9289333333333345,1,10,4,1,3,0.0,-7.275999999999996,6.1640000000000015,0.3333333333333333,evqa-pilot500/blip2-opt-2.7b;evqa-pilot500/minigpt-4-vicuna-7b;evqa-pilot500/qwen2.5-vl-3b;evqa-pilot500/smolvlm-1.7b;mmke-entity/blip2-opt-2.7b;mmke-entity/instructblip-vicuna-7b;mmke-entity/minigpt-4-vicuna-7b;mmke-entity/paligemma-3b;mmke-entity/qwen2.5-vl-3b;mmke-entity/smolvlm-1.7b;mmke-visual/blip2-opt-2.7b;mmke-visual/instructblip-vicuna-7b;mmke-visual/minigpt-4-vicuna-7b;mmke-visual/qwen2.5-vl-3b;mmke-visual/smolvlm-1.7b
recorded,power_a0_b0_g-1,M_new_norm,1,15,False,17,64.82053333333333,69.5312,-4.7106666666666674,64.82053333333333,-4.7106666666666674,1,12,2,1,2,0.0,-70.81,1.0100000000000051,0.2,evqa-pilot500/blip2-opt-2.7b;evqa-pilot500/minigpt-4-vicuna-7b;evqa-pilot500/qwen2.5-vl-3b;evqa-pilot500/smolvlm-1.7b;mmke-entity/blip2-opt-2.7b;mmke-entity/instructblip-vicuna-7b;mmke-entity/minigpt-4-vicuna-7b;mmke-entity/paligemma-3b;mmke-entity/qwen2.5-vl-3b;mmke-entity/smolvlm-1.7b;mmke-visual/blip2-opt-2.7b;mmke-visual/instructblip-vicuna-7b;mmke-visual/minigpt-4-vicuna-7b;mmke-visual/qwen2.5-vl-3b;mmke-visual/smolvlm-1.7b
recorded,power_a0_b0_g-1,M_new_norm,3,15,False,17,71.39786666666667,71.88293333333334,-0.4850666666666664,67.24106666666667,-1.9939111111111112,0,14,1,0,1,0.0,-7.275999999999996,0.0,0.3333333333333333,evqa-pilot500/blip2-opt-2.7b;evqa-pilot500/minigpt-4-vicuna-7b;evqa-pilot500/qwen2.5-vl-3b;evqa-pilot500/smolvlm-1.7b;mmke-entity/blip2-opt-2.7b;mmke-entity/instructblip-vicuna-7b;mmke-entity/minigpt-4-vicuna-7b;mmke-entity/paligemma-3b;mmke-entity/qwen2.5-vl-3b;mmke-entity/smolvlm-1.7b;mmke-visual/blip2-opt-2.7b;mmke-visual/instructblip-vicuna-7b;mmke-visual/minigpt-4-vicuna-7b;mmke-visual/qwen2.5-vl-3b;mmke-visual/smolvlm-1.7b
recorded,power_a0_b0_g0,M_abscos_x_newn,1,17,True,17,71.77435294117647,71.97388235294117,-0.19952941176470607,71.77435294117647,-0.19952941176470607,1,12,4,0,3,0.0,-1.730000000000004,0.44599999999999795,0.17647058823529413,evqa-pilot500/blip2-opt-2.7b;evqa-pilot500/minigpt-4-vicuna-7b;evqa-pilot500/paligemma-3b;evqa-pilot500/qwen2.5-vl-3b;evqa-pilot500/smolvlm-1.7b;mmke-entity/blip2-opt-2.7b;mmke-entity/instructblip-vicuna-7b;mmke-entity/minigpt-4-vicuna-7b;mmke-entity/paligemma-3b;mmke-entity/qwen2.5-vl-3b;mmke-entity/smolvlm-1.7b;mmke-visual/blip2-opt-2.7b;mmke-visual/instructblip-vicuna-7b;mmke-visual/minigpt-4-vicuna-7b;mmke-visual/paligemma-3b;mmke-visual/qwen2.5-vl-3b;mmke-visual/smolvlm-1.7b
recorded,power_a0_b0_g0,M_abscos_x_newn,3,17,True,17,74.29352941176471,74.05482352941176,0.23870588235294032,71.4921568627451,0.05733333333333235,1,13,3,1,2,0.0,-0.8500000000000014,6.1640000000000015,0.35294117647058826,evqa-pilot500/blip2-opt-2.7b;evqa-pilot500/minigpt-4-vicuna-7b;evqa-pilot500/paligemma-3b;evqa-pilot500/qwen2.5-vl-3b;evqa-pilot500/smolvlm-1.7b;mmke-entity/blip2-opt-2.7b;mmke-entity/instructblip-vicuna-7b;mmke-entity/minigpt-4-vicuna-7b;mmke-entity/paligemma-3b;mmke-entity/qwen2.5-vl-3b;mmke-entity/smolvlm-1.7b;mmke-visual/blip2-opt-2.7b;mmke-visual/instructblip-vicuna-7b;mmke-visual/minigpt-4-vicuna-7b;mmke-visual/paligemma-3b;mmke-visual/qwen2.5-vl-3b;mmke-visual/smolvlm-1.7b
recorded,power_a0_b0_g0,M_new_norm,1,17,True,17,71.77435294117647,71.77435294117647,0.0,71.77435294117647,0.0,0,17,0,0,0,0.0,0.0,0.0,0.17647058823529413,evqa-pilot500/blip2-opt-2.7b;evqa-pilot500/minigpt-4-vicuna-7b;evqa-pilot500/paligemma-3b;evqa-pilot500/qwen2.5-vl-3b;evqa-pilot500/smolvlm-1.7b;mmke-entity/blip2-opt-2.7b;mmke-entity/instructblip-vicuna-7b;mmke-entity/minigpt-4-vicuna-7b;mmke-entity/paligemma-3b;mmke-entity/qwen2.5-vl-3b;mmke-entity/smolvlm-1.7b;mmke-visual/blip2-opt-2.7b;mmke-visual/instructblip-vicuna-7b;mmke-visual/minigpt-4-vicuna-7b;mmke-visual/paligemma-3b;mmke-visual/qwen2.5-vl-3b;mmke-visual/smolvlm-1.7b
recorded,power_a0_b0_g0,M_new_norm,3,17,True,17,74.29352941176471,74.29352941176471,0.0,71.4921568627451,0.0,0,17,0,0,0,0.0,0.0,0.0,0.35294117647058826,evqa-pilot500/blip2-opt-2.7b;evqa-pilot500/minigpt-4-vicuna-7b;evqa-pilot500/paligemma-3b;evqa-pilot500/qwen2.5-vl-3b;evqa-pilot500/smolvlm-1.7b;mmke-entity/blip2-opt-2.7b;mmke-entity/instructblip-vicuna-7b;mmke-entity/minigpt-4-vicuna-7b;mmke-entity/paligemma-3b;mmke-entity/qwen2.5-vl-3b;mmke-entity/smolvlm-1.7b;mmke-visual/blip2-opt-2.7b;mmke-visual/instructblip-vicuna-7b;mmke-visual/minigpt-4-vicuna-7b;mmke-visual/paligemma-3b;mmke-visual/qwen2.5-vl-3b;mmke-visual/smolvlm-1.7b
recorded,power_a0_b0_g0.5,M_abscos_x_newn,1,13,False,17,69.66553846153846,71.45846153846153,-1.7929230769230764,69.66553846153846,-1.7929230769230764,3,5,5,3,4,0.0,-20.540000000000006,14.930000000000007,0,evqa-pilot500/blip2-opt-2.7b;evqa-pilot500/minigpt-4-vicuna-7b;evqa-pilot500/paligemma-3b;evqa-pilot500/qwen2.5-vl-3b;mmke-entity/blip2-opt-2.7b;mmke-entity/instructblip-vicuna-7b;mmke-entity/paligemma-3b;mmke-entity/smolvlm-1.7b;mmke-visual/blip2-opt-2.7b;mmke-visual/instructblip-vicuna-7b;mmke-visual/paligemma-3b;mmke-visual/qwen2.5-vl-3b;mmke-visual/smolvlm-1.7b
recorded,power_a0_b0_g0.5,M_abscos_x_newn,3,6,False,17,79.76266666666666,81.166,-1.4033333333333349,77.62977777777778,-0.7927777777777791,0,3,3,0,2,-0.09500000000000242,-7.549999999999997,0.0,0.16666666666666666,evqa-pilot500/paligemma-3b;evqa-pilot500/qwen2.5-vl-3b;mmke-entity/blip2-opt-2.7b;mmke-entity/paligemma-3b;mmke-visual/blip2-opt-2.7b;mmke-visual/paligemma-3b
recorded,power_a0_b0_g0.5,M_new_norm,1,13,False,17,69.66553846153846,71.2943076923077,-1.6287692307692296,69.66553846153846,-1.6287692307692296,4,4,5,4,4,0.0,-20.540000000000006,14.930000000000007,0,evqa-pilot500/blip2-opt-2.7b;evqa-pilot500/minigpt-4-vicuna-7b;evqa-pilot500/paligemma-3b;evqa-pilot500/qwen2.5-vl-3b;mmke-entity/blip2-opt-2.7b;mmke-entity/instructblip-vicuna-7b;mmke-entity/paligemma-3b;mmke-entity/smolvlm-1.7b;mmke-visual/blip2-opt-2.7b;mmke-visual/instructblip-vicuna-7b;mmke-visual/paligemma-3b;mmke-visual/qwen2.5-vl-3b;mmke-visual/smolvlm-1.7b
recorded,power_a0_b0_g0.5,M_new_norm,3,6,False,17,79.76266666666666,81.02433333333333,-1.2616666666666678,77.62977777777778,-0.62888888888889,1,3,2,1,2,0.0,-7.549999999999997,0.6599999999999966,0.16666666666666666,evqa-pilot500/paligemma-3b;evqa-pilot500/qwen2.5-vl-3b;mmke-entity/blip2-opt-2.7b;mmke-entity/paligemma-3b;mmke-visual/blip2-opt-2.7b;mmke-visual/paligemma-3b
recorded,power_a0_b0_g1,M_abscos_x_newn,1,16,False,17,70.679375,71.685875,-1.0065,70.679375,-1.0065,4,2,10,4,8,-0.40000000000000213,-20.460000000000008,14.88000000000001,0,evqa-pilot500/blip2-opt-2.7b;evqa-pilot500/minigpt-4-vicuna-7b;evqa-pilot500/paligemma-3b;evqa-pilot500/qwen2.5-vl-3b;evqa-pilot500/smolvlm-1.7b;mmke-entity/blip2-opt-2.7b;mmke-entity/instructblip-vicuna-7b;mmke-entity/minigpt-4-vicuna-7b;mmke-entity/paligemma-3b;mmke-entity/qwen2.5-vl-3b;mmke-entity/smolvlm-1.7b;mmke-visual/blip2-opt-2.7b;mmke-visual/instructblip-vicuna-7b;mmke-visual/paligemma-3b;mmke-visual/qwen2.5-vl-3b;mmke-visual/smolvlm-1.7b
recorded,power_a0_b0_g1,M_abscos_x_newn,3,13,False,17,71.70107692307693,74.22861538461538,-2.5275384615384646,70.33702564102563,-0.9440000000000037,3,2,8,2,6,-0.26400000000001,-20.56000000000001,16.685999999999993,0,evqa-pilot500/blip2-opt-2.7b;evqa-pilot500/minigpt-4-vicuna-7b;evqa-pilot500/paligemma-3b;evqa-pilot500/qwen2.5-vl-3b;mmke-entity/blip2-opt-2.7b;mmke-entity/instructblip-vicuna-7b;mmke-entity/paligemma-3b;mmke-entity/qwen2.5-vl-3b;mmke-visual/blip2-opt-2.7b;mmke-visual/instructblip-vicuna-7b;mmke-visual/paligemma-3b;mmke-visual/qwen2.5-vl-3b;mmke-visual/smolvlm-1.7b
recorded,power_a0_b0_g1,M_new_norm,1,16,False,17,70.679375,71.522,-0.8426249999999995,70.679375,-0.8426249999999995,5,1,10,5,7,-0.40099999999999625,-20.460000000000008,14.88000000000001,0,evqa-pilot500/blip2-opt-2.7b;evqa-pilot500/minigpt-4-vicuna-7b;evqa-pilot500/paligemma-3b;evqa-pilot500/qwen2.5-vl-3b;evqa-pilot500/smolvlm-1.7b;mmke-entity/blip2-opt-2.7b;mmke-entity/instructblip-vicuna-7b;mmke-entity/minigpt-4-vicuna-7b;mmke-entity/paligemma-3b;mmke-entity/qwen2.5-vl-3b;mmke-entity/smolvlm-1.7b;mmke-visual/blip2-opt-2.7b;mmke-visual/instructblip-vicuna-7b;mmke-visual/paligemma-3b;mmke-visual/qwen2.5-vl-3b;mmke-visual/smolvlm-1.7b
recorded,power_a0_b0_g1,M_new_norm,3,13,False,17,71.70107692307693,74.63738461538462,-2.9363076923076954,70.33702564102563,-1.1132820512820547,4,2,7,3,6,-0.26400000000001,-20.56000000000001,16.685999999999993,0,evqa-pilot500/blip2-opt-2.7b;evqa-pilot500/minigpt-4-vicuna-7b;evqa-pilot500/paligemma-3b;evqa-pilot500/qwen2.5-vl-3b;mmke-entity/blip2-opt-2.7b;mmke-entity/instructblip-vicuna-7b;mmke-entity/paligemma-3b;mmke-entity/qwen2.5-vl-3b;mmke-visual/blip2-opt-2.7b;mmke-visual/instructblip-vicuna-7b;mmke-visual/paligemma-3b;mmke-visual/qwen2.5-vl-3b;mmke-visual/smolvlm-1.7b
recorded,power_a0_b0_g2,M_abscos_x_newn,1,17,True,17,70.54105882352941,71.97388235294117,-1.4328235294117633,70.54105882352941,-1.4328235294117633,3,1,13,3,11,-0.9200000000000017,-22.24000000000001,17.439999999999998,0.058823529411764705,evqa-pilot500/blip2-opt-2.7b;evqa-pilot500/minigpt-4-vicuna-7b;evqa-pilot500/paligemma-3b;evqa-pilot500/qwen2.5-vl-3b;evqa-pilot500/smolvlm-1.7b;mmke-entity/blip2-opt-2.7b;mmke-entity/instructblip-vicuna-7b;mmke-entity/minigpt-4-vicuna-7b;mmke-entity/paligemma-3b;mmke-entity/qwen2.5-vl-3b;mmke-entity/smolvlm-1.7b;mmke-visual/blip2-opt-2.7b;mmke-visual/instructblip-vicuna-7b;mmke-visual/minigpt-4-vicuna-7b;mmke-visual/paligemma-3b;mmke-visual/qwen2.5-vl-3b;mmke-visual/smolvlm-1.7b
recorded,power_a0_b0_g2,M_abscos_x_newn,3,16,False,17,72.29375,74.6245,-2.3307500000000014,70.319875,-1.7696666666666698,4,1,11,2,9,-0.740000000000002,-21.60000000000001,17.093999999999994,0.0625,evqa-pilot500/blip2-opt-2.7b;evqa-pilot500/paligemma-3b;evqa-pilot500/qwen2.5-vl-3b;evqa-pilot500/smolvlm-1.7b;mmke-entity/blip2-opt-2.7b;mmke-entity/instructblip-vicuna-7b;mmke-entity/minigpt-4-vicuna-7b;mmke-entity/paligemma-3b;mmke-entity/qwen2.5-vl-3b;mmke-entity/smolvlm-1.7b;mmke-visual/blip2-opt-2.7b;mmke-visual/instructblip-vicuna-7b;mmke-visual/minigpt-4-vicuna-7b;mmke-visual/paligemma-3b;mmke-visual/qwen2.5-vl-3b;mmke-visual/smolvlm-1.7b
recorded,power_a0_b0_g2,M_new_norm,1,17,True,17,70.54105882352941,71.77435294117647,-1.2332941176470573,70.54105882352941,-1.2332941176470573,5,0,12,4,11,-0.7800000000000011,-22.24000000000001,17.439999999999998,0.058823529411764705,evqa-pilot500/blip2-opt-2.7b;evqa-pilot500/minigpt-4-vicuna-7b;evqa-pilot500/paligemma-3b;evqa-pilot500/qwen2.5-vl-3b;evqa-pilot500/smolvlm-1.7b;mmke-entity/blip2-opt-2.7b;mmke-entity/instructblip-vicuna-7b;mmke-entity/minigpt-4-vicuna-7b;mmke-entity/paligemma-3b;mmke-entity/qwen2.5-vl-3b;mmke-entity/smolvlm-1.7b;mmke-visual/blip2-opt-2.7b;mmke-visual/instructblip-vicuna-7b;mmke-visual/minigpt-4-vicuna-7b;mmke-visual/paligemma-3b;mmke-visual/qwen2.5-vl-3b;mmke-visual/smolvlm-1.7b
recorded,power_a0_b0_g2,M_new_norm,3,16,False,17,72.29375,74.492875,-2.1991250000000004,70.319875,-1.6315833333333356,6,0,10,3,9,-0.740000000000002,-21.60000000000001,17.093999999999994,0.0625,evqa-pilot500/blip2-opt-2.7b;evqa-pilot500/paligemma-3b;evqa-pilot500/qwen2.5-vl-3b;evqa-pilot500/smolvlm-1.7b;mmke-entity/blip2-opt-2.7b;mmke-entity/instructblip-vicuna-7b;mmke-entity/minigpt-4-vicuna-7b;mmke-entity/paligemma-3b;mmke-entity/qwen2.5-vl-3b;mmke-entity/smolvlm-1.7b;mmke-visual/blip2-opt-2.7b;mmke-visual/instructblip-vicuna-7b;mmke-visual/minigpt-4-vicuna-7b;mmke-visual/paligemma-3b;mmke-visual/qwen2.5-vl-3b;mmke-visual/smolvlm-1.7b
recorded,power_a0_b0.5_g-1,M_abscos_x_newn,1,15,False,17,64.82053333333333,69.78706666666666,-4.966533333333334,64.82053333333333,-4.966533333333334,1,8,6,1,5,0.0,-70.81,1.0100000000000051,0.2,evqa-pilot500/blip2-opt-2.7b;evqa-pilot500/minigpt-4-vicuna-7b;evqa-pilot500/qwen2.5-vl-3b;evqa-pilot500/smolvlm-1.7b;mmke-entity/blip2-opt-2.7b;mmke-entity/instructblip-vicuna-7b;mmke-entity/minigpt-4-vicuna-7b;mmke-entity/paligemma-3b;mmke-entity/qwen2.5-vl-3b;mmke-entity/smolvlm-1.7b;mmke-visual/blip2-opt-2.7b;mmke-visual/instructblip-vicuna-7b;mmke-visual/minigpt-4-vicuna-7b;mmke-visual/qwen2.5-vl-3b;mmke-visual/smolvlm-1.7b
recorded,power_a0_b0.5_g-1,M_abscos_x_newn,3,15,False,17,71.39786666666667,71.61240000000001,-0.21453333333333405,67.24106666666667,-1.9289333333333345,1,10,4,1,3,0.0,-7.275999999999996,6.1640000000000015,0.3333333333333333,evqa-pilot500/blip2-opt-2.7b;evqa-pilot500/minigpt-4-vicuna-7b;evqa-pilot500/qwen2.5-vl-3b;evqa-pilot500/smolvlm-1.7b;mmke-entity/blip2-opt-2.7b;mmke-entity/instructblip-vicuna-7b;mmke-entity/minigpt-4-vicuna-7b;mmke-entity/paligemma-3b;mmke-entity/qwen2.5-vl-3b;mmke-entity/smolvlm-1.7b;mmke-visual/blip2-opt-2.7b;mmke-visual/instructblip-vicuna-7b;mmke-visual/minigpt-4-vicuna-7b;mmke-visual/qwen2.5-vl-3b;mmke-visual/smolvlm-1.7b
recorded,power_a0_b0.5_g-1,M_new_norm,1,15,False,17,64.82053333333333,69.5312,-4.7106666666666674,64.82053333333333,-4.7106666666666674,1,12,2,1,2,0.0,-70.81,1.0100000000000051,0.2,evqa-pilot500/blip2-opt-2.7b;evqa-pilot500/minigpt-4-vicuna-7b;evqa-pilot500/qwen2.5-vl-3b;evqa-pilot500/smolvlm-1.7b;mmke-entity/blip2-opt-2.7b;mmke-entity/instructblip-vicuna-7b;mmke-entity/minigpt-4-vicuna-7b;mmke-entity/paligemma-3b;mmke-entity/qwen2.5-vl-3b;mmke-entity/smolvlm-1.7b;mmke-visual/blip2-opt-2.7b;mmke-visual/instructblip-vicuna-7b;mmke-visual/minigpt-4-vicuna-7b;mmke-visual/qwen2.5-vl-3b;mmke-visual/smolvlm-1.7b
recorded,power_a0_b0.5_g-1,M_new_norm,3,15,False,17,71.39786666666667,71.88293333333334,-0.4850666666666664,67.24106666666667,-1.9939111111111112,0,14,1,0,1,0.0,-7.275999999999996,0.0,0.3333333333333333,evqa-pilot500/blip2-opt-2.7b;evqa-pilot500/minigpt-4-vicuna-7b;evqa-pilot500/qwen2.5-vl-3b;evqa-pilot500/smolvlm-1.7b;mmke-entity/blip2-opt-2.7b;mmke-entity/instructblip-vicuna-7b;mmke-entity/minigpt-4-vicuna-7b;mmke-entity/paligemma-3b;mmke-entity/qwen2.5-vl-3b;mmke-entity/smolvlm-1.7b;mmke-visual/blip2-opt-2.7b;mmke-visual/instructblip-vicuna-7b;mmke-visual/minigpt-4-vicuna-7b;mmke-visual/qwen2.5-vl-3b;mmke-visual/smolvlm-1.7b
recorded,power_a0_b0.5_g0,M_abscos_x_newn,1,17,True,17,71.77435294117647,71.97388235294117,-0.19952941176470607,71.77435294117647,-0.19952941176470607,1,12,4,0,3,0.0,-1.730000000000004,0.44599999999999795,0.17647058823529413,evqa-pilot500/blip2-opt-2.7b;evqa-pilot500/minigpt-4-vicuna-7b;evqa-pilot500/paligemma-3b;evqa-pilot500/qwen2.5-vl-3b;evqa-pilot500/smolvlm-1.7b;mmke-entity/blip2-opt-2.7b;mmke-entity/instructblip-vicuna-7b;mmke-entity/minigpt-4-vicuna-7b;mmke-entity/paligemma-3b;mmke-entity/qwen2.5-vl-3b;mmke-entity/smolvlm-1.7b;mmke-visual/blip2-opt-2.7b;mmke-visual/instructblip-vicuna-7b;mmke-visual/minigpt-4-vicuna-7b;mmke-visual/paligemma-3b;mmke-visual/qwen2.5-vl-3b;mmke-visual/smolvlm-1.7b
recorded,power_a0_b0.5_g0,M_abscos_x_newn,3,17,True,17,74.29352941176471,74.05482352941176,0.23870588235294032,71.4921568627451,0.05733333333333235,1,13,3,1,2,0.0,-0.8500000000000014,6.1640000000000015,0.35294117647058826,evqa-pilot500/blip2-opt-2.7b;evqa-pilot500/minigpt-4-vicuna-7b;evqa-pilot500/paligemma-3b;evqa-pilot500/qwen2.5-vl-3b;evqa-pilot500/smolvlm-1.7b;mmke-entity/blip2-opt-2.7b;mmke-entity/instructblip-vicuna-7b;mmke-entity/minigpt-4-vicuna-7b;mmke-entity/paligemma-3b;mmke-entity/qwen2.5-vl-3b;mmke-entity/smolvlm-1.7b;mmke-visual/blip2-opt-2.7b;mmke-visual/instructblip-vicuna-7b;mmke-visual/minigpt-4-vicuna-7b;mmke-visual/paligemma-3b;mmke-visual/qwen2.5-vl-3b;mmke-visual/smolvlm-1.7b
recorded,power_a0_b0.5_g0,M_new_norm,1,17,True,17,71.77435294117647,71.77435294117647,0.0,71.77435294117647,0.0,0,17,0,0,0,0.0,0.0,0.0,0.17647058823529413,evqa-pilot500/blip2-opt-2.7b;evqa-pilot500/minigpt-4-vicuna-7b;evqa-pilot500/paligemma-3b;evqa-pilot500/qwen2.5-vl-3b;evqa-pilot500/smolvlm-1.7b;mmke-entity/blip2-opt-2.7b;mmke-entity/instructblip-vicuna-7b;mmke-entity/minigpt-4-vicuna-7b;mmke-entity/paligemma-3b;mmke-entity/qwen2.5-vl-3b;mmke-entity/smolvlm-1.7b;mmke-visual/blip2-opt-2.7b;mmke-visual/instructblip-vicuna-7b;mmke-visual/minigpt-4-vicuna-7b;mmke-visual/paligemma-3b;mmke-visual/qwen2.5-vl-3b;mmke-visual/smolvlm-1.7b
recorded,power_a0_b0.5_g0,M_new_norm,3,17,True,17,74.29352941176471,74.29352941176471,0.0,71.4921568627451,0.0,0,17,0,0,0,0.0,0.0,0.0,0.35294117647058826,evqa-pilot500/blip2-opt-2.7b;evqa-pilot500/minigpt-4-vicuna-7b;evqa-pilot500/paligemma-3b;evqa-pilot500/qwen2.5-vl-3b;evqa-pilot500/smolvlm-1.7b;mmke-entity/blip2-opt-2.7b;mmke-entity/instructblip-vicuna-7b;mmke-entity/minigpt-4-vicuna-7b;mmke-entity/paligemma-3b;mmke-entity/qwen2.5-vl-3b;mmke-entity/smolvlm-1.7b;mmke-visual/blip2-opt-2.7b;mmke-visual/instructblip-vicuna-7b;mmke-visual/minigpt-4-vicuna-7b;mmke-visual/paligemma-3b;mmke-visual/qwen2.5-vl-3b;mmke-visual/smolvlm-1.7b
recorded,power_a0_b0.5_g0.5,M_abscos_x_newn,1,13,False,17,72.17384615384616,72.004,0.16984615384615537,72.17384615384616,0.16984615384615537,4,5,4,2,4,0.0,-5.560000000000002,9.474000000000004,0,evqa-pilot500/blip2-opt-2.7b;evqa-pilot500/minigpt-4-vicuna-7b;evqa-pilot500/paligemma-3b;evqa-pilot500/qwen2.5-vl-3b;evqa-pilot500/smolvlm-1.7b;mmke-entity/blip2-opt-2.7b;mmke-entity/paligemma-3b;mmke-entity/smolvlm-1.7b;mmke-visual/blip2-opt-2.7b;mmke-visual/minigpt-4-vicuna-7b;mmke-visual/paligemma-3b;mmke-visual/qwen2.5-vl-3b;mmke-visual/smolvlm-1.7b
recorded,power_a0_b0.5_g0.5,M_abscos_x_newn,3,8,False,17,76.92325,77.769,-0.8457499999999998,74.21825,-0.4413333333333327,2,3,3,1,2,0.0,-7.549999999999997,3.9540000000000006,0.125,evqa-pilot500/blip2-opt-2.7b;evqa-pilot500/paligemma-3b;evqa-pilot500/smolvlm-1.7b;mmke-entity/blip2-opt-2.7b;mmke-entity/paligemma-3b;mmke-visual/blip2-opt-2.7b;mmke-visual/paligemma-3b;mmke-visual/qwen2.5-vl-3b
recorded,power_a0_b0.5_g0.5,M_new_norm,1,13,False,17,72.17384615384616,71.78061538461539,0.393230769230771,72.17384615384616,0.393230769230771,4,4,5,3,3,0.0,-5.560000000000002,11.204000000000008,0,evqa-pilot500/blip2-opt-2.7b;evqa-pilot500/minigpt-4-vicuna-7b;evqa-pilot500/paligemma-3b;evqa-pilot500/qwen2.5-vl-3b;evqa-pilot500/smolvlm-1.7b;mmke-entity/blip2-opt-2.7b;mmke-entity/paligemma-3b;mmke-entity/smolvlm-1.7b;mmke-visual/blip2-opt-2.7b;mmke-visual/minigpt-4-vicuna-7b;mmke-visual/paligemma-3b;mmke-visual/qwen2.5-vl-3b;mmke-visual/smolvlm-1.7b
recorded,power_a0_b0.5_g0.5,M_new_norm,3,8,False,17,76.92325,77.769,-0.8457499999999998,74.21825,-0.4413333333333327,2,3,3,1,2,0.0,-7.549999999999997,3.9540000000000006,0.125,evqa-pilot500/blip2-opt-2.7b;evqa-pilot500/paligemma-3b;evqa-pilot500/smolvlm-1.7b;mmke-entity/blip2-opt-2.7b;mmke-entity/paligemma-3b;mmke-visual/blip2-opt-2.7b;mmke-visual/paligemma-3b;mmke-visual/qwen2.5-vl-3b
recorded,power_a0_b0.5_g1,M_abscos_x_newn,1,12,False,17,70.76683333333334,71.545,-0.7781666666666673,70.76683333333334,-0.7781666666666673,5,3,4,4,4,0.0,-20.540000000000006,14.88000000000001,0,evqa-pilot500/blip2-opt-2.7b;evqa-pilot500/minigpt-4-vicuna-7b;evqa-pilot500/paligemma-3b;evqa-pilot500/qwen2.5-vl-3b;mmke-entity/blip2-opt-2.7b;mmke-entity/instructblip-vicuna-7b;mmke-entity/paligemma-3b;mmke-entity/smolvlm-1.7b;mmke-visual/blip2-opt-2.7b;mmke-visual/instructblip-vicuna-7b;mmke-visual/paligemma-3b;mmke-visual/smolvlm-1.7b
recorded,power_a0_b0.5_g1,M_abscos_x_newn,3,9,False,17,73.87133333333333,77.17622222222222,-3.3048888888888914,72.52762962962963,-1.519629629629633,0,3,6,0,3,-0.19000000000000483,-20.730000000000004,0.0,0,evqa-pilot500/minigpt-4-vicuna-7b;evqa-pilot500/paligemma-3b;evqa-pilot500/qwen2.5-vl-3b;mmke-entity/blip2-opt-2.7b;mmke-entity/paligemma-3b;mmke-visual/blip2-opt-2.7b;mmke-visual/instructblip-vicuna-7b;mmke-visual/paligemma-3b;mmke-visual/smolvlm-1.7b
recorded,power_a0_b0.5_g1,M_new_norm,1,12,False,17,70.76683333333334,71.36716666666666,-0.6003333333333334,70.76683333333334,-0.6003333333333334,5,2,5,4,3,0.0,-20.540000000000006,14.88000000000001,0,evqa-pilot500/blip2-opt-2.7b;evqa-pilot500/minigpt-4-vicuna-7b;evqa-pilot500/paligemma-3b;evqa-pilot500/qwen2.5-vl-3b;mmke-entity/blip2-opt-2.7b;mmke-entity/instructblip-vicuna-7b;mmke-entity/paligemma-3b;mmke-entity/smolvlm-1.7b;mmke-visual/blip2-opt-2.7b;mmke-visual/instructblip-vicuna-7b;mmke-visual/paligemma-3b;mmke-visual/smolvlm-1.7b
recorded,power_a0_b0.5_g1,M_new_norm,3,9,False,17,73.87133333333333,77.76666666666667,-3.8953333333333355,72.52762962962963,-1.7641481481481511,1,2,6,1,4,-0.26400000000001,-20.730000000000004,0.6599999999999966,0,evqa-pilot500/minigpt-4-vicuna-7b;evqa-pilot500/paligemma-3b;evqa-pilot500/qwen2.5-vl-3b;mmke-entity/blip2-opt-2.7b;mmke-entity/paligemma-3b;mmke-visual/blip2-opt-2.7b;mmke-visual/instructblip-vicuna-7b;mmke-visual/paligemma-3b;mmke-visual/smolvlm-1.7b
recorded,power_a0_b0.5_g2,M_abscos_x_newn,1,15,False,17,71.07333333333334,72.49426666666666,-1.420933333333333,71.07333333333334,-1.420933333333333,4,1,10,3,8,-0.6899999999999977,-21.050000000000004,15.64,0,evqa-pilot500/blip2-opt-2.7b;evqa-pilot500/paligemma-3b;evqa-pilot500/qwen2.5-vl-3b;evqa-pilot500/smolvlm-1.7b;mmke-entity/blip2-opt-2.7b;mmke-entity/instructblip-vicuna-7b;mmke-entity/minigpt-4-vicuna-7b;mmke-entity/paligemma-3b;mmke-entity/qwen2.5-vl-3b;mmke-entity/smolvlm-1.7b;mmke-visual/blip2-opt-2.7b;mmke-visual/instructblip-vicuna-7b;mmke-visual/paligemma-3b;mmke-visual/qwen2.5-vl-3b;mmke-visual/smolvlm-1.7b
recorded,power_a0_b0.5_g2,M_abscos_x_newn,3,11,False,17,76.14727272727272,75.412,0.7352727272727274,74.78848484848484,1.7587272727272698,4,0,7,3,4,-0.19000000000000483,-7.549999999999997,17.093999999999994,0.18181818181818182,evqa-pilot500/blip2-opt-2.7b;evqa-pilot500/paligemma-3b;evqa-pilot500/qwen2.5-vl-3b;evqa-pilot500/smolvlm-1.7b;mmke-entity/blip2-opt-2.7b;mmke-entity/paligemma-3b;mmke-entity/qwen2.5-vl-3b;mmke-visual/blip2-opt-2.7b;mmke-visual/paligemma-3b;mmke-visual/qwen2.5-vl-3b;mmke-visual/smolvlm-1.7b
recorded,power_a0_b0.5_g2,M_new_norm,1,15,False,17,71.07333333333334,72.4348,-1.361466666666666,71.07333333333334,-1.361466666666666,5,0,10,4,7,-0.44599999999999795,-21.050000000000004,15.64,0,evqa-pilot500/blip2-opt-2.7b;evqa-pilot500/paligemma-3b;evqa-pilot500/qwen2.5-vl-3b;evqa-pilot500/smolvlm-1.7b;mmke-entity/blip2-opt-2.7b;mmke-entity/instructblip-vicuna-7b;mmke-entity/minigpt-4-vicuna-7b;mmke-entity/paligemma-3b;mmke-entity/qwen2.5-vl-3b;mmke-entity/smolvlm-1.7b;mmke-visual/blip2-opt-2.7b;mmke-visual/instructblip-vicuna-7b;mmke-visual/paligemma-3b;mmke-visual/qwen2.5-vl-3b;mmke-visual/smolvlm-1.7b
recorded,power_a0_b0.5_g2,M_new_norm,3,11,False,17,76.14727272727272,75.33472727272728,0.8125454545454548,74.78848484848484,1.8481212121212094,5,0,6,4,4,-0.1599999999999966,-7.549999999999997,17.093999999999994,0.18181818181818182,evqa-pilot500/blip2-opt-2.7b;evqa-pilot500/paligemma-3b;evqa-pilot500/qwen2.5-vl-3b;evqa-pilot500/smolvlm-1.7b;mmke-entity/blip2-opt-2.7b;mmke-entity/paligemma-3b;mmke-entity/qwen2.5-vl-3b;mmke-visual/blip2-opt-2.7b;mmke-visual/paligemma-3b;mmke-visual/qwen2.5-vl-3b;mmke-visual/smolvlm-1.7b
recorded,power_a0_b1_g-1,M_abscos_x_newn,1,15,False,17,64.82053333333333,69.78706666666666,-4.966533333333334,64.82053333333333,-4.966533333333334,1,8,6,1,5,0.0,-70.81,1.0100000000000051,0.2,evqa-pilot500/blip2-opt-2.7b;evqa-pilot500/minigpt-4-vicuna-7b;evqa-pilot500/qwen2.5-vl-3b;evqa-pilot500/smolvlm-1.7b;mmke-entity/blip2-opt-2.7b;mmke-entity/instructblip-vicuna-7b;mmke-entity/minigpt-4-vicuna-7b;mmke-entity/paligemma-3b;mmke-entity/qwen2.5-vl-3b;mmke-entity/smolvlm-1.7b;mmke-visual/blip2-opt-2.7b;mmke-visual/instructblip-vicuna-7b;mmke-visual/minigpt-4-vicuna-7b;mmke-visual/qwen2.5-vl-3b;mmke-visual/smolvlm-1.7b
recorded,power_a0_b1_g-1,M_abscos_x_newn,3,15,False,17,71.88293333333334,71.61240000000001,0.27053333333333235,67.5543111111111,-1.6156888888888905,1,11,3,1,2,0.0,-0.8500000000000014,6.1640000000000015,0.3333333333333333,evqa-pilot500/blip2-opt-2.7b;evqa-pilot500/minigpt-4-vicuna-7b;evqa-pilot500/qwen2.5-vl-3b;evqa-pilot500/smolvlm-1.7b;mmke-entity/blip2-opt-2.7b;mmke-entity/instructblip-vicuna-7b;mmke-entity/minigpt-4-vicuna-7b;mmke-entity/paligemma-3b;mmke-entity/qwen2.5-vl-3b;mmke-entity/smolvlm-1.7b;mmke-visual/blip2-opt-2.7b;mmke-visual/instructblip-vicuna-7b;mmke-visual/minigpt-4-vicuna-7b;mmke-visual/qwen2.5-vl-3b;mmke-visual/smolvlm-1.7b
recorded,power_a0_b1_g-1,M_new_norm,1,15,False,17,64.82053333333333,69.5312,-4.7106666666666674,64.82053333333333,-4.7106666666666674,1,12,2,1,2,0.0,-70.81,1.0100000000000051,0.2,evqa-pilot500/blip2-opt-2.7b;evqa-pilot500/minigpt-4-vicuna-7b;evqa-pilot500/qwen2.5-vl-3b;evqa-pilot500/smolvlm-1.7b;mmke-entity/blip2-opt-2.7b;mmke-entity/instructblip-vicuna-7b;mmke-entity/minigpt-4-vicuna-7b;mmke-entity/paligemma-3b;mmke-entity/qwen2.5-vl-3b;mmke-entity/smolvlm-1.7b;mmke-visual/blip2-opt-2.7b;mmke-visual/instructblip-vicuna-7b;mmke-visual/minigpt-4-vicuna-7b;mmke-visual/qwen2.5-vl-3b;mmke-visual/smolvlm-1.7b
recorded,power_a0_b1_g-1,M_new_norm,3,15,False,17,71.88293333333334,71.88293333333334,0.0,67.5543111111111,-1.6806666666666672,0,15,0,0,0,0.0,0.0,0.0,0.3333333333333333,evqa-pilot500/blip2-opt-2.7b;evqa-pilot500/minigpt-4-vicuna-7b;evqa-pilot500/qwen2.5-vl-3b;evqa-pilot500/smolvlm-1.7b;mmke-entity/blip2-opt-2.7b;mmke-entity/instructblip-vicuna-7b;mmke-entity/minigpt-4-vicuna-7b;mmke-entity/paligemma-3b;mmke-entity/qwen2.5-vl-3b;mmke-entity/smolvlm-1.7b;mmke-visual/blip2-opt-2.7b;mmke-visual/instructblip-vicuna-7b;mmke-visual/minigpt-4-vicuna-7b;mmke-visual/qwen2.5-vl-3b;mmke-visual/smolvlm-1.7b
recorded,power_a0_b1_g0,M_abscos_x_newn,1,17,True,17,72.08764705882353,71.97388235294117,0.11376470588235238,72.08764705882353,0.11376470588235238,2,11,4,1,3,0.0,-1.730000000000004,5.325999999999993,0.17647058823529413,evqa-pilot500/blip2-opt-2.7b;evqa-pilot500/minigpt-4-vicuna-7b;evqa-pilot500/paligemma-3b;evqa-pilot500/qwen2.5-vl-3b;evqa-pilot500/smolvlm-1.7b;mmke-entity/blip2-opt-2.7b;mmke-entity/instructblip-vicuna-7b;mmke-entity/minigpt-4-vicuna-7b;mmke-entity/paligemma-3b;mmke-entity/qwen2.5-vl-3b;mmke-entity/smolvlm-1.7b;mmke-visual/blip2-opt-2.7b;mmke-visual/instructblip-vicuna-7b;mmke-visual/minigpt-4-vicuna-7b;mmke-visual/paligemma-3b;mmke-visual/qwen2.5-vl-3b;mmke-visual/smolvlm-1.7b
recorded,power_a0_b1_g0,M_abscos_x_newn,3,17,True,17,74.29352941176471,74.05482352941176,0.23870588235294032,71.4921568627451,0.05733333333333235,1,13,3,1,2,0.0,-0.8500000000000014,6.1640000000000015,0.35294117647058826,evqa-pilot500/blip2-opt-2.7b;evqa-pilot500/minigpt-4-vicuna-7b;evqa-pilot500/paligemma-3b;evqa-pilot500/qwen2.5-vl-3b;evqa-pilot500/smolvlm-1.7b;mmke-entity/blip2-opt-2.7b;mmke-entity/instructblip-vicuna-7b;mmke-entity/minigpt-4-vicuna-7b;mmke-entity/paligemma-3b;mmke-entity/qwen2.5-vl-3b;mmke-entity/smolvlm-1.7b;mmke-visual/blip2-opt-2.7b;mmke-visual/instructblip-vicuna-7b;mmke-visual/minigpt-4-vicuna-7b;mmke-visual/paligemma-3b;mmke-visual/qwen2.5-vl-3b;mmke-visual/smolvlm-1.7b
recorded,power_a0_b1_g0,M_new_norm,1,17,True,17,72.08764705882353,71.77435294117647,0.31329411764705845,72.08764705882353,0.31329411764705845,1,16,0,1,0,0.0,0.0,5.325999999999993,0.17647058823529413,evqa-pilot500/blip2-opt-2.7b;evqa-pilot500/minigpt-4-vicuna-7b;evqa-pilot500/paligemma-3b;evqa-pilot500/qwen2.5-vl-3b;evqa-pilot500/smolvlm-1.7b;mmke-entity/blip2-opt-2.7b;mmke-entity/instructblip-vicuna-7b;mmke-entity/minigpt-4-vicuna-7b;mmke-entity/paligemma-3b;mmke-entity/qwen2.5-vl-3b;mmke-entity/smolvlm-1.7b;mmke-visual/blip2-opt-2.7b;mmke-visual/instructblip-vicuna-7b;mmke-visual/minigpt-4-vicuna-7b;mmke-visual/paligemma-3b;mmke-visual/qwen2.5-vl-3b;mmke-visual/smolvlm-1.7b
recorded,power_a0_b1_g0,M_new_norm,3,17,True,17,74.29352941176471,74.29352941176471,0.0,71.4921568627451,0.0,0,17,0,0,0,0.0,0.0,0.0,0.35294117647058826,evqa-pilot500/blip2-opt-2.7b;evqa-pilot500/minigpt-4-vicuna-7b;evqa-pilot500/paligemma-3b;evqa-pilot500/qwen2.5-vl-3b;evqa-pilot500/smolvlm-1.7b;mmke-entity/blip2-opt-2.7b;mmke-entity/instructblip-vicuna-7b;mmke-entity/minigpt-4-vicuna-7b;mmke-entity/paligemma-3b;mmke-entity/qwen2.5-vl-3b;mmke-entity/smolvlm-1.7b;mmke-visual/blip2-opt-2.7b;mmke-visual/instructblip-vicuna-7b;mmke-visual/minigpt-4-vicuna-7b;mmke-visual/paligemma-3b;mmke-visual/qwen2.5-vl-3b;mmke-visual/smolvlm-1.7b
recorded,power_a0_b1_g0.5,M_abscos_x_newn,1,11,False,17,73.21000000000001,73.88654545454546,-0.6765454545454527,73.21000000000001,-0.6765454545454527,4,5,2,2,2,0.0,-11.199999999999996,4.300000000000004,0,evqa-pilot500/blip2-opt-2.7b;evqa-pilot500/paligemma-3b;evqa-pilot500/smolvlm-1.7b;mmke-entity/blip2-opt-2.7b;mmke-entity/paligemma-3b;mmke-entity/smolvlm-1.7b;mmke-visual/blip2-opt-2.7b;mmke-visual/minigpt-4-vicuna-7b;mmke-visual/paligemma-3b;mmke-visual/qwen2.5-vl-3b;mmke-visual/smolvlm-1.7b
recorded,power_a0_b1_g0.5,M_abscos_x_newn,3,9,False,17,76.67733333333334,77.03022222222222,-0.3528888888888883,73.98037037037037,-0.2592592592592611,2,6,1,1,1,0.0,-7.549999999999997,3.9540000000000006,0.2222222222222222,evqa-pilot500/blip2-opt-2.7b;evqa-pilot500/paligemma-3b;evqa-pilot500/smolvlm-1.7b;mmke-entity/blip2-opt-2.7b;mmke-entity/paligemma-3b;mmke-entity/smolvlm-1.7b;mmke-visual/blip2-opt-2.7b;mmke-visual/paligemma-3b;mmke-visual/qwen2.5-vl-3b
recorded,power_a0_b1_g0.5,M_new_norm,1,11,False,17,73.21000000000001,73.85709090909091,-0.6470909090909074,73.21000000000001,-0.6470909090909074,4,4,3,3,2,0.0,-11.199999999999996,4.300000000000004,0,evqa-pilot500/blip2-opt-2.7b;evqa-pilot500/paligemma-3b;evqa-pilot500/smolvlm-1.7b;mmke-entity/blip2-opt-2.7b;mmke-entity/paligemma-3b;mmke-entity/smolvlm-1.7b;mmke-visual/blip2-opt-2.7b;mmke-visual/minigpt-4-vicuna-7b;mmke-visual/paligemma-3b;mmke-visual/qwen2.5-vl-3b;mmke-visual/smolvlm-1.7b
recorded,power_a0_b1_g0.5,M_new_norm,3,9,False,17,76.67733333333334,77.03022222222222,-0.3528888888888883,73.98037037037037,-0.2592592592592611,2,6,1,1,1,0.0,-7.549999999999997,3.9540000000000006,0.2222222222222222,evqa-pilot500/blip2-opt-2.7b;evqa-pilot500/paligemma-3b;evqa-pilot500/smolvlm-1.7b;mmke-entity/blip2-opt-2.7b;mmke-entity/paligemma-3b;mmke-entity/smolvlm-1.7b;mmke-visual/blip2-opt-2.7b;mmke-visual/paligemma-3b;mmke-visual/qwen2.5-vl-3b
recorded,power_a0_b1_g1,M_abscos_x_newn,1,14,False,17,69.30171428571428,71.35214285714285,-2.0504285714285713,69.30171428571428,-2.0504285714285713,3,5,6,3,6,0.0,-20.540000000000006,14.930000000000007,0,evqa-pilot500/blip2-opt-2.7b;evqa-pilot500/minigpt-4-vicuna-7b;evqa-pilot500/paligemma-3b;evqa-pilot500/qwen2.5-vl-3b;evqa-pilot500/smolvlm-1.7b;mmke-entity/blip2-opt-2.7b;mmke-entity/instructblip-vicuna-7b;mmke-entity/paligemma-3b;mmke-entity/smolvlm-1.7b;mmke-visual/blip2-opt-2.7b;mmke-visual/instructblip-vicuna-7b;mmke-visual/paligemma-3b;mmke-visual/qwen2.5-vl-3b;mmke-visual/smolvlm-1.7b
recorded,power_a0_b1_g1,M_abscos_x_newn,3,7,False,17,77.67885714285714,78.848,-1.16914285714286,75.69190476190477,-0.23590476190476295,0,3,4,0,1,-0.18000000000000682,-7.549999999999997,0.0,0,evqa-pilot500/minigpt-4-vicuna-7b;evqa-pilot500/paligemma-3b;evqa-pilot500/qwen2.5-vl-3b;mmke-entity/blip2-opt-2.7b;mmke-entity/paligemma-3b;mmke-visual/blip2-opt-2.7b;mmke-visual/paligemma-3b
recorded,power_a0_b1_g1,M_new_norm,1,14,False,17,69.30171428571428,71.19971428571428,-1.8979999999999992,69.30171428571428,-1.8979999999999992,3,4,7,3,5,-0.06500000000000128,-20.540000000000006,14.930000000000007,0,evqa-pilot500/blip2-opt-2.7b;evqa-pilot500/minigpt-4-vicuna-7b;evqa-pilot500/paligemma-3b;evqa-pilot500/qwen2.5-vl-3b;evqa-pilot500/smolvlm-1.7b;mmke-entity/blip2-opt-2.7b;mmke-entity/instructblip-vicuna-7b;mmke-entity/paligemma-3b;mmke-entity/smolvlm-1.7b;mmke-visual/blip2-opt-2.7b;mmke-visual/instructblip-vicuna-7b;mmke-visual/paligemma-3b;mmke-visual/qwen2.5-vl-3b;mmke-visual/smolvlm-1.7b
recorded,power_a0_b1_g1,M_new_norm,3,7,False,17,77.67885714285714,79.60714285714286,-1.928285714285717,75.69190476190477,-0.5502857142857148,1,2,4,1,2,-0.18000000000000682,-7.549999999999997,0.6599999999999966,0,evqa-pilot500/minigpt-4-vicuna-7b;evqa-pilot500/paligemma-3b;evqa-pilot500/qwen2.5-vl-3b;mmke-entity/blip2-opt-2.7b;mmke-entity/paligemma-3b;mmke-visual/blip2-opt-2.7b;mmke-visual/paligemma-3b
recorded,power_a0_b1_g2,M_abscos_x_newn,1,16,False,17,70.28425,71.685875,-1.4016249999999997,70.28425,-1.4016249999999997,3,2,11,3,10,-0.7369999999999948,-20.460000000000008,14.88000000000001,0,evqa-pilot500/blip2-opt-2.7b;evqa-pilot500/minigpt-4-vicuna-7b;evqa-pilot500/paligemma-3b;evqa-pilot500/qwen2.5-vl-3b;evqa-pilot500/smolvlm-1.7b;mmke-entity/blip2-opt-2.7b;mmke-entity/instructblip-vicuna-7b;mmke-entity/minigpt-4-vicuna-7b;mmke-entity/paligemma-3b;mmke-entity/qwen2.5-vl-3b;mmke-entity/smolvlm-1.7b;mmke-visual/blip2-opt-2.7b;mmke-visual/instructblip-vicuna-7b;mmke-visual/paligemma-3b;mmke-visual/qwen2.5-vl-3b;mmke-visual/smolvlm-1.7b
recorded,power_a0_b1_g2,M_abscos_x_newn,3,13,False,17,71.77907692307693,74.22861538461538,-2.449538461538464,70.3488717948718,-0.9321538461538496,4,1,8,3,6,-0.26400000000001,-20.56000000000001,16.685999999999993,0.07692307692307693,evqa-pilot500/blip2-opt-2.7b;evqa-pilot500/minigpt-4-vicuna-7b;evqa-pilot500/paligemma-3b;evqa-pilot500/qwen2.5-vl-3b;mmke-entity/blip2-opt-2.7b;mmke-entity/instructblip-vicuna-7b;mmke-entity/paligemma-3b;mmke-entity/qwen2.5-vl-3b;mmke-visual/blip2-opt-2.7b;mmke-visual/instructblip-vicuna-7b;mmke-visual/paligemma-3b;mmke-visual/qwen2.5-vl-3b;mmke-visual/smolvlm-1.7b
recorded,power_a0_b1_g2,M_new_norm,1,16,False,17,70.28425,71.522,-1.2377499999999992,70.28425,-1.2377499999999992,4,1,11,4,7,-0.40099999999999625,-20.460000000000008,14.88000000000001,0,evqa-pilot500/blip2-opt-2.7b;evqa-pilot500/minigpt-4-vicuna-7b;evqa-pilot500/paligemma-3b;evqa-pilot500/qwen2.5-vl-3b;evqa-pilot500/smolvlm-1.7b;mmke-entity/blip2-opt-2.7b;mmke-entity/instructblip-vicuna-7b;mmke-entity/minigpt-4-vicuna-7b;mmke-entity/paligemma-3b;mmke-entity/qwen2.5-vl-3b;mmke-entity/smolvlm-1.7b;mmke-visual/blip2-opt-2.7b;mmke-visual/instructblip-vicuna-7b;mmke-visual/paligemma-3b;mmke-visual/qwen2.5-vl-3b;mmke-visual/smolvlm-1.7b
recorded,power_a0_b1_g2,M_new_norm,3,13,False,17,71.77907692307693,74.63738461538462,-2.8583076923076947,70.3488717948718,-1.1014358974359006,5,1,7,4,6,-0.26400000000001,-20.56000000000001,16.685999999999993,0.07692307692307693,evqa-pilot500/blip2-opt-2.7b;evqa-pilot500/minigpt-4-vicuna-7b;evqa-pilot500/paligemma-3b;evqa-pilot500/qwen2.5-vl-3b;mmke-entity/blip2-opt-2.7b;mmke-entity/instructblip-vicuna-7b;mmke-entity/paligemma-3b;mmke-entity/qwen2.5-vl-3b;mmke-visual/blip2-opt-2.7b;mmke-visual/instructblip-vicuna-7b;mmke-visual/paligemma-3b;mmke-visual/qwen2.5-vl-3b;mmke-visual/smolvlm-1.7b
recorded,power_a0.25_b-1_g-1,M_abscos_x_newn,1,15,False,17,64.82053333333333,69.78706666666666,-4.966533333333334,64.82053333333333,-4.966533333333334,1,8,6,1,5,0.0,-70.81,1.0100000000000051,0.2,evqa-pilot500/blip2-opt-2.7b;evqa-pilot500/minigpt-4-vicuna-7b;evqa-pilot500/qwen2.5-vl-3b;evqa-pilot500/smolvlm-1.7b;mmke-entity/blip2-opt-2.7b;mmke-entity/instructblip-vicuna-7b;mmke-entity/minigpt-4-vicuna-7b;mmke-entity/paligemma-3b;mmke-entity/qwen2.5-vl-3b;mmke-entity/smolvlm-1.7b;mmke-visual/blip2-opt-2.7b;mmke-visual/instructblip-vicuna-7b;mmke-visual/minigpt-4-vicuna-7b;mmke-visual/qwen2.5-vl-3b;mmke-visual/smolvlm-1.7b
recorded,power_a0.25_b-1_g-1,M_abscos_x_newn,3,15,False,17,71.39786666666667,71.61240000000001,-0.21453333333333405,67.24106666666667,-1.9289333333333345,1,10,4,1,3,0.0,-7.275999999999996,6.1640000000000015,0.3333333333333333,evqa-pilot500/blip2-opt-2.7b;evqa-pilot500/minigpt-4-vicuna-7b;evqa-pilot500/qwen2.5-vl-3b;evqa-pilot500/smolvlm-1.7b;mmke-entity/blip2-opt-2.7b;mmke-entity/instructblip-vicuna-7b;mmke-entity/minigpt-4-vicuna-7b;mmke-entity/paligemma-3b;mmke-entity/qwen2.5-vl-3b;mmke-entity/smolvlm-1.7b;mmke-visual/blip2-opt-2.7b;mmke-visual/instructblip-vicuna-7b;mmke-visual/minigpt-4-vicuna-7b;mmke-visual/qwen2.5-vl-3b;mmke-visual/smolvlm-1.7b
recorded,power_a0.25_b-1_g-1,M_new_norm,1,15,False,17,64.82053333333333,69.5312,-4.7106666666666674,64.82053333333333,-4.7106666666666674,1,12,2,1,2,0.0,-70.81,1.0100000000000051,0.2,evqa-pilot500/blip2-opt-2.7b;evqa-pilot500/minigpt-4-vicuna-7b;evqa-pilot500/qwen2.5-vl-3b;evqa-pilot500/smolvlm-1.7b;mmke-entity/blip2-opt-2.7b;mmke-entity/instructblip-vicuna-7b;mmke-entity/minigpt-4-vicuna-7b;mmke-entity/paligemma-3b;mmke-entity/qwen2.5-vl-3b;mmke-entity/smolvlm-1.7b;mmke-visual/blip2-opt-2.7b;mmke-visual/instructblip-vicuna-7b;mmke-visual/minigpt-4-vicuna-7b;mmke-visual/qwen2.5-vl-3b;mmke-visual/smolvlm-1.7b
recorded,power_a0.25_b-1_g-1,M_new_norm,3,15,False,17,71.39786666666667,71.88293333333334,-0.4850666666666664,67.24106666666667,-1.9939111111111112,0,14,1,0,1,0.0,-7.275999999999996,0.0,0.3333333333333333,evqa-pilot500/blip2-opt-2.7b;evqa-pilot500/minigpt-4-vicuna-7b;evqa-pilot500/qwen2.5-vl-3b;evqa-pilot500/smolvlm-1.7b;mmke-entity/blip2-opt-2.7b;mmke-entity/instructblip-vicuna-7b;mmke-entity/minigpt-4-vicuna-7b;mmke-entity/paligemma-3b;mmke-entity/qwen2.5-vl-3b;mmke-entity/smolvlm-1.7b;mmke-visual/blip2-opt-2.7b;mmke-visual/instructblip-vicuna-7b;mmke-visual/minigpt-4-vicuna-7b;mmke-visual/qwen2.5-vl-3b;mmke-visual/smolvlm-1.7b
recorded,power_a0.25_b-1_g0,M_abscos_x_newn,1,13,False,17,62.77646153846154,69.55123076923077,-6.774769230769231,62.77646153846154,-6.774769230769231,2,4,7,1,7,-1.0379999999999967,-43.77,6.82,0,evqa-pilot500/blip2-opt-2.7b;evqa-pilot500/minigpt-4-vicuna-7b;evqa-pilot500/qwen2.5-vl-3b;evqa-pilot500/smolvlm-1.7b;mmke-entity/blip2-opt-2.7b;mmke-entity/instructblip-vicuna-7b;mmke-entity/minigpt-4-vicuna-7b;mmke-entity/paligemma-3b;mmke-entity/smolvlm-1.7b;mmke-visual/blip2-opt-2.7b;mmke-visual/instructblip-vicuna-7b;mmke-visual/minigpt-4-vicuna-7b;mmke-visual/smolvlm-1.7b
recorded,power_a0.25_b-1_g0,M_abscos_x_newn,3,9,False,17,70.10511111111111,72.95733333333334,-2.852222222222223,66.92696296296296,-3.773777777777779,0,5,4,0,4,0.0,-21.660000000000004,0.0,0.1111111111111111,evqa-pilot500/blip2-opt-2.7b;evqa-pilot500/minigpt-4-vicuna-7b;mmke-entity/blip2-opt-2.7b;mmke-entity/instructblip-vicuna-7b;mmke-entity/minigpt-4-vicuna-7b;mmke-entity/paligemma-3b;mmke-entity/smolvlm-1.7b;mmke-visual/minigpt-4-vicuna-7b;mmke-visual/smolvlm-1.7b
recorded,power_a0.25_b-1_g0,M_new_norm,1,13,False,17,62.77646153846154,69.256,-6.4795384615384615,62.77646153846154,-6.4795384615384615,3,3,7,3,7,-0.5200000000000031,-43.77,6.82,0,evqa-pilot500/blip2-opt-2.7b;evqa-pilot500/minigpt-4-vicuna-7b;evqa-pilot500/qwen2.5-vl-3b;evqa-pilot500/smolvlm-1.7b;mmke-entity/blip2-opt-2.7b;mmke-entity/instructblip-vicuna-7b;mmke-entity/minigpt-4-vicuna-7b;mmke-entity/paligemma-3b;mmke-entity/smolvlm-1.7b;mmke-visual/blip2-opt-2.7b;mmke-visual/instructblip-vicuna-7b;mmke-visual/minigpt-4-vicuna-7b;mmke-visual/smolvlm-1.7b
recorded,power_a0.25_b-1_g0,M_new_norm,3,9,False,17,70.10511111111111,73.50266666666667,-3.397555555555555,66.92696296296296,-3.991333333333333,1,4,4,0,4,0.0,-21.660000000000004,0.4900000000000091,0.1111111111111111,evqa-pilot500/blip2-opt-2.7b;evqa-pilot500/minigpt-4-vicuna-7b;mmke-entity/blip2-opt-2.7b;mmke-entity/instructblip-vicuna-7b;mmke-entity/minigpt-4-vicuna-7b;mmke-entity/paligemma-3b;mmke-entity/smolvlm-1.7b;mmke-visual/minigpt-4-vicuna-7b;mmke-visual/smolvlm-1.7b
recorded,power_a0.25_b-1_g0.5,M_abscos_x_newn,1,11,False,17,61.54909090909091,70.12054545454545,-8.571454545454547,61.54909090909091,-8.571454545454547,2,0,9,1,9,-2.141999999999996,-43.77,6.3799999999999955,0,evqa-pilot500/blip2-opt-2.7b;evqa-pilot500/minigpt-4-vicuna-7b;evqa-pilot500/qwen2.5-vl-3b;evqa-pilot500/smolvlm-1.7b;mmke-entity/blip2-opt-2.7b;mmke-entity/instructblip-vicuna-7b;mmke-entity/minigpt-4-vicuna-7b;mmke-entity/paligemma-3b;mmke-visual/instructblip-vicuna-7b;mmke-visual/minigpt-4-vicuna-7b;mmke-visual/smolvlm-1.7b
recorded,power_a0.25_b-1_g0.5,M_abscos_x_newn,3,7,False,17,64.62857142857143,69.78914285714286,-5.16057142857143,63.213142857142856,-3.6861904761904754,0,0,7,0,6,-2.3900000000000006,-21.660000000000004,-0.26400000000001,0,evqa-pilot500/minigpt-4-vicuna-7b;evqa-pilot500/qwen2.5-vl-3b;evqa-pilot500/smolvlm-1.7b;mmke-entity/blip2-opt-2.7b;mmke-entity/instructblip-vicuna-7b;mmke-visual/minigpt-4-vicuna-7b;mmke-visual/smolvlm-1.7b
recorded,power_a0.25_b-1_g0.5,M_new_norm,1,11,False,17,61.54909090909091,69.77163636363636,-8.222545454545456,61.54909090909091,-8.222545454545456,3,0,8,3,8,-1.75,-43.77,6.3799999999999955,0,evqa-pilot500/blip2-opt-2.7b;evqa-pilot500/minigpt-4-vicuna-7b;evqa-pilot500/qwen2.5-vl-3b;evqa-pilot500/smolvlm-1.7b;mmke-entity/blip2-opt-2.7b;mmke-entity/instructblip-vicuna-7b;mmke-entity/minigpt-4-vicuna-7b;mmke-entity/paligemma-3b;mmke-visual/instructblip-vicuna-7b;mmke-visual/minigpt-4-vicuna-7b;mmke-visual/smolvlm-1.7b
recorded,power_a0.25_b-1_g0.5,M_new_norm,3,7,False,17,64.62857142857143,70.43885714285715,-5.8102857142857145,63.213142857142856,-3.8890476190476164,0,0,7,0,5,-1.75,-21.660000000000004,-0.26400000000001,0,evqa-pilot500/minigpt-4-vicuna-7b;evqa-pilot500/qwen2.5-vl-3b;evqa-pilot500/smolvlm-1.7b;mmke-entity/blip2-opt-2.7b;mmke-entity/instructblip-vicuna-7b;mmke-visual/minigpt-4-vicuna-7b;mmke-visual/smolvlm-1.7b
recorded,power_a0.25_b-1_g1,M_abscos_x_newn,1,10,False,17,58.863,69.4744,-10.6114,58.863,-10.6114,2,0,8,1,8,-4.359999999999999,-43.77,5.280000000000001,0,evqa-pilot500/blip2-opt-2.7b;evqa-pilot500/minigpt-4-vicuna-7b;evqa-pilot500/qwen2.5-vl-3b;evqa-pilot500/smolvlm-1.7b;mmke-entity/blip2-opt-2.7b;mmke-entity/instructblip-vicuna-7b;mmke-entity/minigpt-4-vicuna-7b;mmke-entity/paligemma-3b;mmke-visual/instructblip-vicuna-7b;mmke-visual/smolvlm-1.7b
recorded,power_a0.25_b-1_g1,M_abscos_x_newn,3,4,False,17,56.3265,66.9575,-10.631,56.04966666666667,-6.708499999999999,0,0,4,0,4,-9.536999999999995,-22.24000000000001,-1.2100000000000009,0,evqa-pilot500/minigpt-4-vicuna-7b;evqa-pilot500/qwen2.5-vl-3b;evqa-pilot500/smolvlm-1.7b;mmke-entity/instructblip-vicuna-7b
recorded,power_a0.25_b-1_g1,M_new_norm,1,10,False,17,58.863,69.1676,-10.3046,58.863,-10.3046,3,0,7,2,7,-4.359999999999999,-43.77,5.280000000000001,0,evqa-pilot500/blip2-opt-2.7b;evqa-pilot500/minigpt-4-vicuna-7b;evqa-pilot500/qwen2.5-vl-3b;evqa-pilot500/smolvlm-1.7b;mmke-entity/blip2-opt-2.7b;mmke-entity/instructblip-vicuna-7b;mmke-entity/minigpt-4-vicuna-7b;mmke-entity/paligemma-3b;mmke-visual/instructblip-vicuna-7b;mmke-visual/smolvlm-1.7b
recorded,power_a0.25_b-1_g1,M_new_norm,3,4,False,17,56.3265,68.286,-11.9595,56.04966666666667,-7.258666666666665,0,0,4,0,3,-12.618999999999996,-22.24000000000001,-0.35999999999999943,0,evqa-pilot500/minigpt-4-vicuna-7b;evqa-pilot500/qwen2.5-vl-3b;evqa-pilot500/smolvlm-1.7b;mmke-entity/instructblip-vicuna-7b
recorded,power_a0.25_b-1_g2,M_abscos_x_newn,1,9,False,17,58.614444444444445,67.89,-9.275555555555556,58.614444444444445,-9.275555555555556,2,0,7,2,7,-4.200000000000003,-43.77,5.280000000000001,0,evqa-pilot500/blip2-opt-2.7b;evqa-pilot500/minigpt-4-vicuna-7b;evqa-pilot500/qwen2.5-vl-3b;evqa-pilot500/smolvlm-1.7b;mmke-entity/blip2-opt-2.7b;mmke-entity/instructblip-vicuna-7b;mmke-entity/paligemma-3b;mmke-visual/blip2-opt-2.7b;mmke-visual/smolvlm-1.7b
recorded,power_a0.25_b-1_g2,M_abscos_x_newn,3,4,False,17,56.3265,66.9575,-10.631,55.98466666666667,-6.7734999999999985,0,0,4,0,4,-9.536999999999995,-22.24000000000001,-1.2100000000000009,0,evqa-pilot500/minigpt-4-vicuna-7b;evqa-pilot500/qwen2.5-vl-3b;evqa-pilot500/smolvlm-1.7b;mmke-entity/instructblip-vicuna-7b
recorded,power_a0.25_b-1_g2,M_new_norm,1,9,False,17,58.614444444444445,67.60333333333334,-8.988888888888889,58.614444444444445,-8.988888888888889,3,0,6,2,6,-4.200000000000003,-43.77,5.280000000000001,0,evqa-pilot500/blip2-opt-2.7b;evqa-pilot500/minigpt-4-vicuna-7b;evqa-pilot500/qwen2.5-vl-3b;evqa-pilot500/smolvlm-1.7b;mmke-entity/blip2-opt-2.7b;mmke-entity/instructblip-vicuna-7b;mmke-entity/paligemma-3b;mmke-visual/blip2-opt-2.7b;mmke-visual/smolvlm-1.7b
recorded,power_a0.25_b-1_g2,M_new_norm,3,4,False,17,56.3265,68.286,-11.9595,55.98466666666667,-7.323666666666664,0,0,4,0,3,-12.618999999999996,-22.24000000000001,-0.35999999999999943,0,evqa-pilot500/minigpt-4-vicuna-7b;evqa-pilot500/qwen2.5-vl-3b;evqa-pilot500/smolvlm-1.7b;mmke-entity/instructblip-vicuna-7b
recorded,power_a0.25_b-0.5_g-1,M_abscos_x_newn,1,15,False,17,64.82053333333333,69.78706666666666,-4.966533333333334,64.82053333333333,-4.966533333333334,1,8,6,1,5,0.0,-70.81,1.0100000000000051,0.2,evqa-pilot500/blip2-opt-2.7b;evqa-pilot500/minigpt-4-vicuna-7b;evqa-pilot500/qwen2.5-vl-3b;evqa-pilot500/smolvlm-1.7b;mmke-entity/blip2-opt-2.7b;mmke-entity/instructblip-vicuna-7b;mmke-entity/minigpt-4-vicuna-7b;mmke-entity/paligemma-3b;mmke-entity/qwen2.5-vl-3b;mmke-entity/smolvlm-1.7b;mmke-visual/blip2-opt-2.7b;mmke-visual/instructblip-vicuna-7b;mmke-visual/minigpt-4-vicuna-7b;mmke-visual/qwen2.5-vl-3b;mmke-visual/smolvlm-1.7b
recorded,power_a0.25_b-0.5_g-1,M_abscos_x_newn,3,15,False,17,71.39786666666667,71.61240000000001,-0.21453333333333405,67.24106666666667,-1.9289333333333345,1,10,4,1,3,0.0,-7.275999999999996,6.1640000000000015,0.3333333333333333,evqa-pilot500/blip2-opt-2.7b;evqa-pilot500/minigpt-4-vicuna-7b;evqa-pilot500/qwen2.5-vl-3b;evqa-pilot500/smolvlm-1.7b;mmke-entity/blip2-opt-2.7b;mmke-entity/instructblip-vicuna-7b;mmke-entity/minigpt-4-vicuna-7b;mmke-entity/paligemma-3b;mmke-entity/qwen2.5-vl-3b;mmke-entity/smolvlm-1.7b;mmke-visual/blip2-opt-2.7b;mmke-visual/instructblip-vicuna-7b;mmke-visual/minigpt-4-vicuna-7b;mmke-visual/qwen2.5-vl-3b;mmke-visual/smolvlm-1.7b
recorded,power_a0.25_b-0.5_g-1,M_new_norm,1,15,False,17,64.82053333333333,69.5312,-4.7106666666666674,64.82053333333333,-4.7106666666666674,1,12,2,1,2,0.0,-70.81,1.0100000000000051,0.2,evqa-pilot500/blip2-opt-2.7b;evqa-pilot500/minigpt-4-vicuna-7b;evqa-pilot500/qwen2.5-vl-3b;evqa-pilot500/smolvlm-1.7b;mmke-entity/blip2-opt-2.7b;mmke-entity/instructblip-vicuna-7b;mmke-entity/minigpt-4-vicuna-7b;mmke-entity/paligemma-3b;mmke-entity/qwen2.5-vl-3b;mmke-entity/smolvlm-1.7b;mmke-visual/blip2-opt-2.7b;mmke-visual/instructblip-vicuna-7b;mmke-visual/minigpt-4-vicuna-7b;mmke-visual/qwen2.5-vl-3b;mmke-visual/smolvlm-1.7b
recorded,power_a0.25_b-0.5_g-1,M_new_norm,3,15,False,17,71.39786666666667,71.88293333333334,-0.4850666666666664,67.24106666666667,-1.9939111111111112,0,14,1,0,1,0.0,-7.275999999999996,0.0,0.3333333333333333,evqa-pilot500/blip2-opt-2.7b;evqa-pilot500/minigpt-4-vicuna-7b;evqa-pilot500/qwen2.5-vl-3b;evqa-pilot500/smolvlm-1.7b;mmke-entity/blip2-opt-2.7b;mmke-entity/instructblip-vicuna-7b;mmke-entity/minigpt-4-vicuna-7b;mmke-entity/paligemma-3b;mmke-entity/qwen2.5-vl-3b;mmke-entity/smolvlm-1.7b;mmke-visual/blip2-opt-2.7b;mmke-visual/instructblip-vicuna-7b;mmke-visual/minigpt-4-vicuna-7b;mmke-visual/qwen2.5-vl-3b;mmke-visual/smolvlm-1.7b
recorded,power_a0.25_b-0.5_g0,M_abscos_x_newn,1,17,True,17,71.30105882352942,71.97388235294117,-0.6728235294117644,71.30105882352942,-0.6728235294117644,1,12,4,1,3,0.0,-19.120000000000005,9.474000000000004,0.17647058823529413,evqa-pilot500/blip2-opt-2.7b;evqa-pilot500/minigpt-4-vicuna-7b;evqa-pilot500/paligemma-3b;evqa-pilot500/qwen2.5-vl-3b;evqa-pilot500/smolvlm-1.7b;mmke-entity/blip2-opt-2.7b;mmke-entity/instructblip-vicuna-7b;mmke-entity/minigpt-4-vicuna-7b;mmke-entity/paligemma-3b;mmke-entity/qwen2.5-vl-3b;mmke-entity/smolvlm-1.7b;mmke-visual/blip2-opt-2.7b;mmke-visual/instructblip-vicuna-7b;mmke-visual/minigpt-4-vicuna-7b;mmke-visual/paligemma-3b;mmke-visual/qwen2.5-vl-3b;mmke-visual/smolvlm-1.7b
recorded,power_a0.25_b-0.5_g0,M_abscos_x_newn,3,16,False,17,74.0525,73.93075,0.12174999999999914,70.93229166666667,-0.23004166666666803,1,11,4,1,2,0.0,-1.0100000000000051,4.094000000000008,0.3125,evqa-pilot500/blip2-opt-2.7b;evqa-pilot500/minigpt-4-vicuna-7b;evqa-pilot500/paligemma-3b;evqa-pilot500/qwen2.5-vl-3b;evqa-pilot500/smolvlm-1.7b;mmke-entity/blip2-opt-2.7b;mmke-entity/instructblip-vicuna-7b;mmke-entity/paligemma-3b;mmke-entity/qwen2.5-vl-3b;mmke-entity/smolvlm-1.7b;mmke-visual/blip2-opt-2.7b;mmke-visual/instructblip-vicuna-7b;mmke-visual/minigpt-4-vicuna-7b;mmke-visual/paligemma-3b;mmke-visual/qwen2.5-vl-3b;mmke-visual/smolvlm-1.7b
recorded,power_a0.25_b-0.5_g0,M_new_norm,1,17,True,17,71.30105882352942,71.77435294117647,-0.47329411764705837,71.30105882352942,-0.47329411764705837,3,11,3,2,1,0.0,-19.120000000000005,11.204000000000008,0.17647058823529413,evqa-pilot500/blip2-opt-2.7b;evqa-pilot500/minigpt-4-vicuna-7b;evqa-pilot500/paligemma-3b;evqa-pilot500/qwen2.5-vl-3b;evqa-pilot500/smolvlm-1.7b;mmke-entity/blip2-opt-2.7b;mmke-entity/instructblip-vicuna-7b;mmke-entity/minigpt-4-vicuna-7b;mmke-entity/paligemma-3b;mmke-entity/qwen2.5-vl-3b;mmke-entity/smolvlm-1.7b;mmke-visual/blip2-opt-2.7b;mmke-visual/instructblip-vicuna-7b;mmke-visual/minigpt-4-vicuna-7b;mmke-visual/paligemma-3b;mmke-visual/qwen2.5-vl-3b;mmke-visual/smolvlm-1.7b
recorded,power_a0.25_b-0.5_g0,M_new_norm,3,16,False,17,74.0525,74.215,-0.16250000000000053,70.93229166666667,-0.31879166666666725,1,12,3,1,2,0.0,-2.069999999999993,0.6599999999999966,0.3125,evqa-pilot500/blip2-opt-2.7b;evqa-pilot500/minigpt-4-vicuna-7b;evqa-pilot500/paligemma-3b;evqa-pilot500/qwen2.5-vl-3b;evqa-pilot500/smolvlm-1.7b;mmke-entity/blip2-opt-2.7b;mmke-entity/instructblip-vicuna-7b;mmke-entity/paligemma-3b;mmke-entity/qwen2.5-vl-3b;mmke-entity/smolvlm-1.7b;mmke-visual/blip2-opt-2.7b;mmke-visual/instructblip-vicuna-7b;mmke-visual/minigpt-4-vicuna-7b;mmke-visual/paligemma-3b;mmke-visual/qwen2.5-vl-3b;mmke-visual/smolvlm-1.7b
recorded,power_a0.25_b-0.5_g0.5,M_abscos_x_newn,1,16,False,17,70.73025,72.099125,-1.368875,70.73025,-1.368875,5,4,7,4,7,0.0,-22.24000000000001,14.88000000000001,0.0625,evqa-pilot500/blip2-opt-2.7b;evqa-pilot500/minigpt-4-vicuna-7b;evqa-pilot500/paligemma-3b;evqa-pilot500/qwen2.5-vl-3b;mmke-entity/blip2-opt-2.7b;mmke-entity/instructblip-vicuna-7b;mmke-entity/minigpt-4-vicuna-7b;mmke-entity/paligemma-3b;mmke-entity/qwen2.5-vl-3b;mmke-entity/smolvlm-1.7b;mmke-visual/blip2-opt-2.7b;mmke-visual/instructblip-vicuna-7b;mmke-visual/minigpt-4-vicuna-7b;mmke-visual/paligemma-3b;mmke-visual/qwen2.5-vl-3b;mmke-visual/smolvlm-1.7b
recorded,power_a0.25_b-0.5_g0.5,M_abscos_x_newn,3,11,False,17,72.12672727272727,75.31290909090909,-3.186181818181821,70.51266666666666,-1.5795757575757599,1,4,6,1,5,-0.26400000000001,-21.60000000000001,16.685999999999993,0.09090909090909091,evqa-pilot500/blip2-opt-2.7b;evqa-pilot500/minigpt-4-vicuna-7b;evqa-pilot500/paligemma-3b;evqa-pilot500/qwen2.5-vl-3b;mmke-entity/blip2-opt-2.7b;mmke-entity/instructblip-vicuna-7b;mmke-entity/minigpt-4-vicuna-7b;mmke-entity/paligemma-3b;mmke-visual/instructblip-vicuna-7b;mmke-visual/paligemma-3b;mmke-visual/smolvlm-1.7b
recorded,power_a0.25_b-0.5_g0.5,M_new_norm,1,16,False,17,70.73025,71.887125,-1.1568749999999999,70.73025,-1.1568749999999999,7,1,8,5,7,-0.22299999999999898,-22.24000000000001,14.88000000000001,0.0625,evqa-pilot500/blip2-opt-2.7b;evqa-pilot500/minigpt-4-vicuna-7b;evqa-pilot500/paligemma-3b;evqa-pilot500/qwen2.5-vl-3b;mmke-entity/blip2-opt-2.7b;mmke-entity/instructblip-vicuna-7b;mmke-entity/minigpt-4-vicuna-7b;mmke-entity/paligemma-3b;mmke-entity/qwen2.5-vl-3b;mmke-entity/smolvlm-1.7b;mmke-visual/blip2-opt-2.7b;mmke-visual/instructblip-vicuna-7b;mmke-visual/minigpt-4-vicuna-7b;mmke-visual/paligemma-3b;mmke-visual/qwen2.5-vl-3b;mmke-visual/smolvlm-1.7b
recorded,power_a0.25_b-0.5_g0.5,M_new_norm,3,11,False,17,72.12672727272727,75.75145454545455,-3.6247272727272746,70.51266666666666,-1.7391515151515167,3,2,6,2,5,-0.26400000000001,-21.60000000000001,16.685999999999993,0.09090909090909091,evqa-pilot500/blip2-opt-2.7b;evqa-pilot500/minigpt-4-vicuna-7b;evqa-pilot500/paligemma-3b;evqa-pilot500/qwen2.5-vl-3b;mmke-entity/blip2-opt-2.7b;mmke-entity/instructblip-vicuna-7b;mmke-entity/minigpt-4-vicuna-7b;mmke-entity/paligemma-3b;mmke-visual/instructblip-vicuna-7b;mmke-visual/paligemma-3b;mmke-visual/smolvlm-1.7b
recorded,power_a0.25_b-0.5_g1,M_abscos_x_newn,1,17,True,17,70.82494117647059,71.97388235294117,-1.1489411764705884,70.82494117647059,-1.1489411764705884,4,5,8,3,8,0.0,-22.24000000000001,17.439999999999998,0.11764705882352941,evqa-pilot500/blip2-opt-2.7b;evqa-pilot500/minigpt-4-vicuna-7b;evqa-pilot500/paligemma-3b;evqa-pilot500/qwen2.5-vl-3b;evqa-pilot500/smolvlm-1.7b;mmke-entity/blip2-opt-2.7b;mmke-entity/instructblip-vicuna-7b;mmke-entity/minigpt-4-vicuna-7b;mmke-entity/paligemma-3b;mmke-entity/qwen2.5-vl-3b;mmke-entity/smolvlm-1.7b;mmke-visual/blip2-opt-2.7b;mmke-visual/instructblip-vicuna-7b;mmke-visual/minigpt-4-vicuna-7b;mmke-visual/paligemma-3b;mmke-visual/qwen2.5-vl-3b;mmke-visual/smolvlm-1.7b
recorded,power_a0.25_b-0.5_g1,M_abscos_x_newn,3,15,False,17,72.41933333333333,74.76586666666667,-2.346533333333334,71.00088888888888,-1.2349777777777813,4,2,9,3,8,-0.5,-21.60000000000001,17.093999999999994,0.2,evqa-pilot500/blip2-opt-2.7b;evqa-pilot500/paligemma-3b;evqa-pilot500/qwen2.5-vl-3b;evqa-pilot500/smolvlm-1.7b;mmke-entity/instructblip-vicuna-7b;mmke-entity/minigpt-4-vicuna-7b;mmke-entity/paligemma-3b;mmke-entity/qwen2.5-vl-3b;mmke-entity/smolvlm-1.7b;mmke-visual/blip2-opt-2.7b;mmke-visual/instructblip-vicuna-7b;mmke-visual/minigpt-4-vicuna-7b;mmke-visual/paligemma-3b;mmke-visual/qwen2.5-vl-3b;mmke-visual/smolvlm-1.7b
recorded,power_a0.25_b-0.5_g1,M_new_norm,1,17,True,17,70.82494117647059,71.77435294117647,-0.9494117647058824,70.82494117647059,-0.9494117647058824,7,1,9,5,8,-0.44599999999999795,-22.24000000000001,17.439999999999998,0.11764705882352941,evqa-pilot500/blip2-opt-2.7b;evqa-pilot500/minigpt-4-vicuna-7b;evqa-pilot500/paligemma-3b;evqa-pilot500/qwen2.5-vl-3b;evqa-pilot500/smolvlm-1.7b;mmke-entity/blip2-opt-2.7b;mmke-entity/instructblip-vicuna-7b;mmke-entity/minigpt-4-vicuna-7b;mmke-entity/paligemma-3b;mmke-entity/qwen2.5-vl-3b;mmke-entity/smolvlm-1.7b;mmke-visual/blip2-opt-2.7b;mmke-visual/instructblip-vicuna-7b;mmke-visual/minigpt-4-vicuna-7b;mmke-visual/paligemma-3b;mmke-visual/qwen2.5-vl-3b;mmke-visual/smolvlm-1.7b
recorded,power_a0.25_b-0.5_g1,M_new_norm,3,15,False,17,72.41933333333333,74.62546666666667,-2.206133333333333,71.00088888888888,-1.0876888888888914,6,0,9,4,8,-0.5,-21.60000000000001,17.093999999999994,0.2,evqa-pilot500/blip2-opt-2.7b;evqa-pilot500/paligemma-3b;evqa-pilot500/qwen2.5-vl-3b;evqa-pilot500/smolvlm-1.7b;mmke-entity/instructblip-vicuna-7b;mmke-entity/minigpt-4-vicuna-7b;mmke-entity/paligemma-3b;mmke-entity/qwen2.5-vl-3b;mmke-entity/smolvlm-1.7b;mmke-visual/blip2-opt-2.7b;mmke-visual/instructblip-vicuna-7b;mmke-visual/minigpt-4-vicuna-7b;mmke-visual/paligemma-3b;mmke-visual/qwen2.5-vl-3b;mmke-visual/smolvlm-1.7b
recorded,power_a0.25_b-0.5_g2,M_abscos_x_newn,1,13,False,17,64.39276923076923,75.20046153846154,-10.807692307692308,64.39276923076923,-10.807692307692308,1,0,12,0,10,-2.0700000000000074,-43.77,0.21600000000000819,0,evqa-pilot500/paligemma-3b;evqa-pilot500/qwen2.5-vl-3b;evqa-pilot500/smolvlm-1.7b;mmke-entity/instructblip-vicuna-7b;mmke-entity/minigpt-4-vicuna-7b;mmke-entity/paligemma-3b;mmke-entity/qwen2.5-vl-3b;mmke-entity/smolvlm-1.7b;mmke-visual/instructblip-vicuna-7b;mmke-visual/minigpt-4-vicuna-7b;mmke-visual/paligemma-3b;mmke-visual/qwen2.5-vl-3b;mmke-visual/smolvlm-1.7b
recorded,power_a0.25_b-0.5_g2,M_abscos_x_newn,3,9,False,17,75.34555555555556,79.06911111111111,-3.7235555555555546,70.108,-6.277037037037038,1,0,8,0,7,-1.5300000000000011,-21.660000000000004,0.16400000000000148,0,evqa-pilot500/paligemma-3b;evqa-pilot500/smolvlm-1.7b;mmke-entity/instructblip-vicuna-7b;mmke-entity/paligemma-3b;mmke-entity/qwen2.5-vl-3b;mmke-entity/smolvlm-1.7b;mmke-visual/minigpt-4-vicuna-7b;mmke-visual/paligemma-3b;mmke-visual/smolvlm-1.7b
recorded,power_a0.25_b-0.5_g2,M_new_norm,1,13,False,17,64.39276923076923,75.07261538461539,-10.679846153846153,64.39276923076923,-10.679846153846153,1,0,12,1,11,-2.0700000000000074,-43.77,0.7040000000000077,0,evqa-pilot500/paligemma-3b;evqa-pilot500/qwen2.5-vl-3b;evqa-pilot500/smolvlm-1.7b;mmke-entity/instructblip-vicuna-7b;mmke-entity/minigpt-4-vicuna-7b;mmke-entity/paligemma-3b;mmke-entity/qwen2.5-vl-3b;mmke-entity/smolvlm-1.7b;mmke-visual/instructblip-vicuna-7b;mmke-visual/minigpt-4-vicuna-7b;mmke-visual/paligemma-3b;mmke-visual/qwen2.5-vl-3b;mmke-visual/smolvlm-1.7b
recorded,power_a0.25_b-0.5_g2,M_new_norm,3,9,False,17,75.34555555555556,78.984,-3.6384444444444433,70.108,-6.190296296296297,1,0,8,0,7,-1.5300000000000011,-21.660000000000004,0.16400000000000148,0,evqa-pilot500/paligemma-3b;evqa-pilot500/smolvlm-1.7b;mmke-entity/instructblip-vicuna-7b;mmke-entity/paligemma-3b;mmke-entity/qwen2.5-vl-3b;mmke-entity/smolvlm-1.7b;mmke-visual/minigpt-4-vicuna-7b;mmke-visual/paligemma-3b;mmke-visual/smolvlm-1.7b
recorded,power_a0.25_b0_g-1,M_abscos_x_newn,1,15,False,17,64.82053333333333,69.78706666666666,-4.966533333333334,64.82053333333333,-4.966533333333334,1,8,6,1,5,0.0,-70.81,1.0100000000000051,0.2,evqa-pilot500/blip2-opt-2.7b;evqa-pilot500/minigpt-4-vicuna-7b;evqa-pilot500/qwen2.5-vl-3b;evqa-pilot500/smolvlm-1.7b;mmke-entity/blip2-opt-2.7b;mmke-entity/instructblip-vicuna-7b;mmke-entity/minigpt-4-vicuna-7b;mmke-entity/paligemma-3b;mmke-entity/qwen2.5-vl-3b;mmke-entity/smolvlm-1.7b;mmke-visual/blip2-opt-2.7b;mmke-visual/instructblip-vicuna-7b;mmke-visual/minigpt-4-vicuna-7b;mmke-visual/qwen2.5-vl-3b;mmke-visual/smolvlm-1.7b
recorded,power_a0.25_b0_g-1,M_abscos_x_newn,3,15,False,17,71.39786666666667,71.61240000000001,-0.21453333333333405,67.24106666666667,-1.9289333333333345,1,10,4,1,3,0.0,-7.275999999999996,6.1640000000000015,0.3333333333333333,evqa-pilot500/blip2-opt-2.7b;evqa-pilot500/minigpt-4-vicuna-7b;evqa-pilot500/qwen2.5-vl-3b;evqa-pilot500/smolvlm-1.7b;mmke-entity/blip2-opt-2.7b;mmke-entity/instructblip-vicuna-7b;mmke-entity/minigpt-4-vicuna-7b;mmke-entity/paligemma-3b;mmke-entity/qwen2.5-vl-3b;mmke-entity/smolvlm-1.7b;mmke-visual/blip2-opt-2.7b;mmke-visual/instructblip-vicuna-7b;mmke-visual/minigpt-4-vicuna-7b;mmke-visual/qwen2.5-vl-3b;mmke-visual/smolvlm-1.7b
recorded,power_a0.25_b0_g-1,M_new_norm,1,15,False,17,64.82053333333333,69.5312,-4.7106666666666674,64.82053333333333,-4.7106666666666674,1,12,2,1,2,0.0,-70.81,1.0100000000000051,0.2,evqa-pilot500/blip2-opt-2.7b;evqa-pilot500/minigpt-4-vicuna-7b;evqa-pilot500/qwen2.5-vl-3b;evqa-pilot500/smolvlm-1.7b;mmke-entity/blip2-opt-2.7b;mmke-entity/instructblip-vicuna-7b;mmke-entity/minigpt-4-vicuna-7b;mmke-entity/paligemma-3b;mmke-entity/qwen2.5-vl-3b;mmke-entity/smolvlm-1.7b;mmke-visual/blip2-opt-2.7b;mmke-visual/instructblip-vicuna-7b;mmke-visual/minigpt-4-vicuna-7b;mmke-visual/qwen2.5-vl-3b;mmke-visual/smolvlm-1.7b
recorded,power_a0.25_b0_g-1,M_new_norm,3,15,False,17,71.39786666666667,71.88293333333334,-0.4850666666666664,67.24106666666667,-1.9939111111111112,0,14,1,0,1,0.0,-7.275999999999996,0.0,0.3333333333333333,evqa-pilot500/blip2-opt-2.7b;evqa-pilot500/minigpt-4-vicuna-7b;evqa-pilot500/qwen2.5-vl-3b;evqa-pilot500/smolvlm-1.7b;mmke-entity/blip2-opt-2.7b;mmke-entity/instructblip-vicuna-7b;mmke-entity/minigpt-4-vicuna-7b;mmke-entity/paligemma-3b;mmke-entity/qwen2.5-vl-3b;mmke-entity/smolvlm-1.7b;mmke-visual/blip2-opt-2.7b;mmke-visual/instructblip-vicuna-7b;mmke-visual/minigpt-4-vicuna-7b;mmke-visual/qwen2.5-vl-3b;mmke-visual/smolvlm-1.7b
recorded,power_a0.25_b0_g0,M_abscos_x_newn,1,17,True,17,72.52894117647058,71.97388235294117,0.5550588235294117,72.52894117647058,0.5550588235294117,1,13,3,1,2,0.0,-0.8500000000000014,11.543999999999997,0.17647058823529413,evqa-pilot500/blip2-opt-2.7b;evqa-pilot500/minigpt-4-vicuna-7b;evqa-pilot500/paligemma-3b;evqa-pilot500/qwen2.5-vl-3b;evqa-pilot500/smolvlm-1.7b;mmke-entity/blip2-opt-2.7b;mmke-entity/instructblip-vicuna-7b;mmke-entity/minigpt-4-vicuna-7b;mmke-entity/paligemma-3b;mmke-entity/qwen2.5-vl-3b;mmke-entity/smolvlm-1.7b;mmke-visual/blip2-opt-2.7b;mmke-visual/instructblip-vicuna-7b;mmke-visual/minigpt-4-vicuna-7b;mmke-visual/paligemma-3b;mmke-visual/qwen2.5-vl-3b;mmke-visual/smolvlm-1.7b
recorded,power_a0.25_b0_g0,M_abscos_x_newn,3,17,True,17,74.29352941176471,74.05482352941176,0.23870588235294032,71.56211764705883,0.12729411764705809,1,13,3,1,2,0.0,-0.8500000000000014,6.1640000000000015,0.35294117647058826,evqa-pilot500/blip2-opt-2.7b;evqa-pilot500/minigpt-4-vicuna-7b;evqa-pilot500/paligemma-3b;evqa-pilot500/qwen2.5-vl-3b;evqa-pilot500/smolvlm-1.7b;mmke-entity/blip2-opt-2.7b;mmke-entity/instructblip-vicuna-7b;mmke-entity/minigpt-4-vicuna-7b;mmke-entity/paligemma-3b;mmke-entity/qwen2.5-vl-3b;mmke-entity/smolvlm-1.7b;mmke-visual/blip2-opt-2.7b;mmke-visual/instructblip-vicuna-7b;mmke-visual/minigpt-4-vicuna-7b;mmke-visual/paligemma-3b;mmke-visual/qwen2.5-vl-3b;mmke-visual/smolvlm-1.7b
recorded,power_a0.25_b0_g0,M_new_norm,1,17,True,17,72.52894117647058,71.77435294117647,0.7545882352941178,72.52894117647058,0.7545882352941178,1,15,1,1,0,0.0,-0.44599999999999795,13.274000000000001,0.17647058823529413,evqa-pilot500/blip2-opt-2.7b;evqa-pilot500/minigpt-4-vicuna-7b;evqa-pilot500/paligemma-3b;evqa-pilot500/qwen2.5-vl-3b;evqa-pilot500/smolvlm-1.7b;mmke-entity/blip2-opt-2.7b;mmke-entity/instructblip-vicuna-7b;mmke-entity/minigpt-4-vicuna-7b;mmke-entity/paligemma-3b;mmke-entity/qwen2.5-vl-3b;mmke-entity/smolvlm-1.7b;mmke-visual/blip2-opt-2.7b;mmke-visual/instructblip-vicuna-7b;mmke-visual/minigpt-4-vicuna-7b;mmke-visual/paligemma-3b;mmke-visual/qwen2.5-vl-3b;mmke-visual/smolvlm-1.7b
recorded,power_a0.25_b0_g0,M_new_norm,3,17,True,17,74.29352941176471,74.29352941176471,0.0,71.56211764705883,0.06996078431372572,0,17,0,0,0,0.0,0.0,0.0,0.35294117647058826,evqa-pilot500/blip2-opt-2.7b;evqa-pilot500/minigpt-4-vicuna-7b;evqa-pilot500/paligemma-3b;evqa-pilot500/qwen2.5-vl-3b;evqa-pilot500/smolvlm-1.7b;mmke-entity/blip2-opt-2.7b;mmke-entity/instructblip-vicuna-7b;mmke-entity/minigpt-4-vicuna-7b;mmke-entity/paligemma-3b;mmke-entity/qwen2.5-vl-3b;mmke-entity/smolvlm-1.7b;mmke-visual/blip2-opt-2.7b;mmke-visual/instructblip-vicuna-7b;mmke-visual/minigpt-4-vicuna-7b;mmke-visual/paligemma-3b;mmke-visual/qwen2.5-vl-3b;mmke-visual/smolvlm-1.7b
recorded,power_a0.25_b0_g0.5,M_abscos_x_newn,1,13,False,17,69.97784615384616,71.894,-1.9161538461538465,69.97784615384616,-1.9161538461538465,2,5,6,2,4,0.0,-20.540000000000006,14.930000000000007,0,evqa-pilot500/blip2-opt-2.7b;evqa-pilot500/minigpt-4-vicuna-7b;evqa-pilot500/paligemma-3b;evqa-pilot500/qwen2.5-vl-3b;evqa-pilot500/smolvlm-1.7b;mmke-entity/blip2-opt-2.7b;mmke-entity/instructblip-vicuna-7b;mmke-entity/paligemma-3b;mmke-visual/blip2-opt-2.7b;mmke-visual/instructblip-vicuna-7b;mmke-visual/minigpt-4-vicuna-7b;mmke-visual/paligemma-3b;mmke-visual/smolvlm-1.7b
recorded,power_a0.25_b0_g0.5,M_abscos_x_newn,3,7,False,17,77.64514285714286,78.848,-1.2028571428571442,75.47457142857142,-0.45323809523809594,0,4,3,0,2,0.0,-7.549999999999997,0.0,0.14285714285714285,evqa-pilot500/minigpt-4-vicuna-7b;evqa-pilot500/paligemma-3b;evqa-pilot500/qwen2.5-vl-3b;mmke-entity/blip2-opt-2.7b;mmke-entity/paligemma-3b;mmke-visual/blip2-opt-2.7b;mmke-visual/paligemma-3b
recorded,power_a0.25_b0_g0.5,M_new_norm,1,13,False,17,69.97784615384616,71.67061538461539,-1.6927692307692308,69.97784615384616,-1.6927692307692308,5,3,5,5,4,0.0,-20.540000000000006,14.930000000000007,0,evqa-pilot500/blip2-opt-2.7b;evqa-pilot500/minigpt-4-vicuna-7b;evqa-pilot500/paligemma-3b;evqa-pilot500/qwen2.5-vl-3b;evqa-pilot500/smolvlm-1.7b;mmke-entity/blip2-opt-2.7b;mmke-entity/instructblip-vicuna-7b;mmke-entity/paligemma-3b;mmke-visual/blip2-opt-2.7b;mmke-visual/instructblip-vicuna-7b;mmke-visual/minigpt-4-vicuna-7b;mmke-visual/paligemma-3b;mmke-visual/smolvlm-1.7b
recorded,power_a0.25_b0_g0.5,M_new_norm,3,7,False,17,77.64514285714286,79.60714285714286,-1.9620000000000013,75.47457142857142,-0.7676190476190479,1,3,3,1,3,0.0,-7.549999999999997,0.6599999999999966,0.14285714285714285,evqa-pilot500/minigpt-4-vicuna-7b;evqa-pilot500/paligemma-3b;evqa-pilot500/qwen2.5-vl-3b;mmke-entity/blip2-opt-2.7b;mmke-entity/paligemma-3b;mmke-visual/blip2-opt-2.7b;mmke-visual/paligemma-3b
recorded,power_a0.25_b0_g1,M_abscos_x_newn,1,16,False,17,70.43525,71.685875,-1.2506250000000003,70.43525,-1.2506250000000003,5,4,7,4,6,0.0,-22.24000000000001,14.88000000000001,0.0625,evqa-pilot500/blip2-opt-2.7b;evqa-pilot500/minigpt-4-vicuna-7b;evqa-pilot500/paligemma-3b;evqa-pilot500/qwen2.5-vl-3b;evqa-pilot500/smolvlm-1.7b;mmke-entity/blip2-opt-2.7b;mmke-entity/instructblip-vicuna-7b;mmke-entity/minigpt-4-vicuna-7b;mmke-entity/paligemma-3b;mmke-entity/qwen2.5-vl-3b;mmke-entity/smolvlm-1.7b;mmke-visual/blip2-opt-2.7b;mmke-visual/instructblip-vicuna-7b;mmke-visual/paligemma-3b;mmke-visual/qwen2.5-vl-3b;mmke-visual/smolvlm-1.7b
recorded,power_a0.25_b0_g1,M_abscos_x_newn,3,13,False,17,71.96292307692308,74.51784615384615,-2.5549230769230813,70.55635897435897,-1.0027179487179525,3,2,8,3,5,-0.21600000000000819,-21.60000000000001,16.685999999999993,0.07692307692307693,evqa-pilot500/blip2-opt-2.7b;evqa-pilot500/minigpt-4-vicuna-7b;evqa-pilot500/paligemma-3b;evqa-pilot500/qwen2.5-vl-3b;mmke-entity/blip2-opt-2.7b;mmke-entity/instructblip-vicuna-7b;mmke-entity/minigpt-4-vicuna-7b;mmke-entity/paligemma-3b;mmke-visual/blip2-opt-2.7b;mmke-visual/instructblip-vicuna-7b;mmke-visual/paligemma-3b;mmke-visual/qwen2.5-vl-3b;mmke-visual/smolvlm-1.7b
recorded,power_a0.25_b0_g1,M_new_norm,1,16,False,17,70.43525,71.522,-1.0867499999999999,70.43525,-1.0867499999999999,8,1,7,6,6,0.00999999999999801,-22.24000000000001,14.88000000000001,0.0625,evqa-pilot500/blip2-opt-2.7b;evqa-pilot500/minigpt-4-vicuna-7b;evqa-pilot500/paligemma-3b;evqa-pilot500/qwen2.5-vl-3b;evqa-pilot500/smolvlm-1.7b;mmke-entity/blip2-opt-2.7b;mmke-entity/instructblip-vicuna-7b;mmke-entity/minigpt-4-vicuna-7b;mmke-entity/paligemma-3b;mmke-entity/qwen2.5-vl-3b;mmke-entity/smolvlm-1.7b;mmke-visual/blip2-opt-2.7b;mmke-visual/instructblip-vicuna-7b;mmke-visual/paligemma-3b;mmke-visual/qwen2.5-vl-3b;mmke-visual/smolvlm-1.7b
recorded,power_a0.25_b0_g1,M_new_norm,3,13,False,17,71.96292307692308,74.88892307692308,-2.9260000000000037,70.55635897435897,-1.137743589743593,5,2,6,4,5,0.0,-21.60000000000001,16.685999999999993,0.07692307692307693,evqa-pilot500/blip2-opt-2.7b;evqa-pilot500/minigpt-4-vicuna-7b;evqa-pilot500/paligemma-3b;evqa-pilot500/qwen2.5-vl-3b;mmke-entity/blip2-opt-2.7b;mmke-entity/instructblip-vicuna-7b;mmke-entity/minigpt-4-vicuna-7b;mmke-entity/paligemma-3b;mmke-visual/blip2-opt-2.7b;mmke-visual/instructblip-vicuna-7b;mmke-visual/paligemma-3b;mmke-visual/qwen2.5-vl-3b;mmke-visual/smolvlm-1.7b
recorded,power_a0.25_b0_g2,M_abscos_x_newn,1,17,True,17,70.50811764705882,71.97388235294117,-1.4657647058823524,70.50811764705882,-1.4657647058823524,3,1,13,3,11,-0.9200000000000017,-22.24000000000001,17.439999999999998,0.058823529411764705,evqa-pilot500/blip2-opt-2.7b;evqa-pilot500/minigpt-4-vicuna-7b;evqa-pilot500/paligemma-3b;evqa-pilot500/qwen2.5-vl-3b;evqa-pilot500/smolvlm-1.7b;mmke-entity/blip2-opt-2.7b;mmke-entity/instructblip-vicuna-7b;mmke-entity/minigpt-4-vicuna-7b;mmke-entity/paligemma-3b;mmke-entity/qwen2.5-vl-3b;mmke-entity/smolvlm-1.7b;mmke-visual/blip2-opt-2.7b;mmke-visual/instructblip-vicuna-7b;mmke-visual/minigpt-4-vicuna-7b;mmke-visual/paligemma-3b;mmke-visual/qwen2.5-vl-3b;mmke-visual/smolvlm-1.7b
recorded,power_a0.25_b0_g2,M_abscos_x_newn,3,16,False,17,72.2625,74.6245,-2.362000000000001,70.27708333333334,-1.8124583333333364,4,2,10,2,9,-0.740000000000002,-21.60000000000001,17.093999999999994,0.125,evqa-pilot500/blip2-opt-2.7b;evqa-pilot500/paligemma-3b;evqa-pilot500/qwen2.5-vl-3b;evqa-pilot500/smolvlm-1.7b;mmke-entity/blip2-opt-2.7b;mmke-entity/instructblip-vicuna-7b;mmke-entity/minigpt-4-vicuna-7b;mmke-entity/paligemma-3b;mmke-entity/qwen2.5-vl-3b;mmke-entity/smolvlm-1.7b;mmke-visual/blip2-opt-2.7b;mmke-visual/instructblip-vicuna-7b;mmke-visual/minigpt-4-vicuna-7b;mmke-visual/paligemma-3b;mmke-visual/qwen2.5-vl-3b;mmke-visual/smolvlm-1.7b
recorded,power_a0.25_b0_g2,M_new_norm,1,17,True,17,70.50811764705882,71.77435294117647,-1.2662352941176465,70.50811764705882,-1.2662352941176465,5,0,12,4,11,-0.7800000000000011,-22.24000000000001,17.439999999999998,0.058823529411764705,evqa-pilot500/blip2-opt-2.7b;evqa-pilot500/minigpt-4-vicuna-7b;evqa-pilot500/paligemma-3b;evqa-pilot500/qwen2.5-vl-3b;evqa-pilot500/smolvlm-1.7b;mmke-entity/blip2-opt-2.7b;mmke-entity/instructblip-vicuna-7b;mmke-entity/minigpt-4-vicuna-7b;mmke-entity/paligemma-3b;mmke-entity/qwen2.5-vl-3b;mmke-entity/smolvlm-1.7b;mmke-visual/blip2-opt-2.7b;mmke-visual/instructblip-vicuna-7b;mmke-visual/minigpt-4-vicuna-7b;mmke-visual/paligemma-3b;mmke-visual/qwen2.5-vl-3b;mmke-visual/smolvlm-1.7b
recorded,power_a0.25_b0_g2,M_new_norm,3,16,False,17,72.2625,74.492875,-2.230375,70.27708333333334,-1.6743750000000022,6,0,10,3,9,-0.740000000000002,-21.60000000000001,17.093999999999994,0.125,evqa-pilot500/blip2-opt-2.7b;evqa-pilot500/paligemma-3b;evqa-pilot500/qwen2.5-vl-3b;evqa-pilot500/smolvlm-1.7b;mmke-entity/blip2-opt-2.7b;mmke-entity/instructblip-vicuna-7b;mmke-entity/minigpt-4-vicuna-7b;mmke-entity/paligemma-3b;mmke-entity/qwen2.5-vl-3b;mmke-entity/smolvlm-1.7b;mmke-visual/blip2-opt-2.7b;mmke-visual/instructblip-vicuna-7b;mmke-visual/minigpt-4-vicuna-7b;mmke-visual/paligemma-3b;mmke-visual/qwen2.5-vl-3b;mmke-visual/smolvlm-1.7b
recorded,power_a0.25_b0.5_g-1,M_abscos_x_newn,1,15,False,17,64.82053333333333,69.78706666666666,-4.966533333333334,64.82053333333333,-4.966533333333334,1,8,6,1,5,0.0,-70.81,1.0100000000000051,0.2,evqa-pilot500/blip2-opt-2.7b;evqa-pilot500/minigpt-4-vicuna-7b;evqa-pilot500/qwen2.5-vl-3b;evqa-pilot500/smolvlm-1.7b;mmke-entity/blip2-opt-2.7b;mmke-entity/instructblip-vicuna-7b;mmke-entity/minigpt-4-vicuna-7b;mmke-entity/paligemma-3b;mmke-entity/qwen2.5-vl-3b;mmke-entity/smolvlm-1.7b;mmke-visual/blip2-opt-2.7b;mmke-visual/instructblip-vicuna-7b;mmke-visual/minigpt-4-vicuna-7b;mmke-visual/qwen2.5-vl-3b;mmke-visual/smolvlm-1.7b
recorded,power_a0.25_b0.5_g-1,M_abscos_x_newn,3,15,False,17,71.39786666666667,71.61240000000001,-0.21453333333333405,67.24106666666667,-1.9289333333333345,1,10,4,1,3,0.0,-7.275999999999996,6.1640000000000015,0.3333333333333333,evqa-pilot500/blip2-opt-2.7b;evqa-pilot500/minigpt-4-vicuna-7b;evqa-pilot500/qwen2.5-vl-3b;evqa-pilot500/smolvlm-1.7b;mmke-entity/blip2-opt-2.7b;mmke-entity/instructblip-vicuna-7b;mmke-entity/minigpt-4-vicuna-7b;mmke-entity/paligemma-3b;mmke-entity/qwen2.5-vl-3b;mmke-entity/smolvlm-1.7b;mmke-visual/blip2-opt-2.7b;mmke-visual/instructblip-vicuna-7b;mmke-visual/minigpt-4-vicuna-7b;mmke-visual/qwen2.5-vl-3b;mmke-visual/smolvlm-1.7b
recorded,power_a0.25_b0.5_g-1,M_new_norm,1,15,False,17,64.82053333333333,69.5312,-4.7106666666666674,64.82053333333333,-4.7106666666666674,1,12,2,1,2,0.0,-70.81,1.0100000000000051,0.2,evqa-pilot500/blip2-opt-2.7b;evqa-pilot500/minigpt-4-vicuna-7b;evqa-pilot500/qwen2.5-vl-3b;evqa-pilot500/smolvlm-1.7b;mmke-entity/blip2-opt-2.7b;mmke-entity/instructblip-vicuna-7b;mmke-entity/minigpt-4-vicuna-7b;mmke-entity/paligemma-3b;mmke-entity/qwen2.5-vl-3b;mmke-entity/smolvlm-1.7b;mmke-visual/blip2-opt-2.7b;mmke-visual/instructblip-vicuna-7b;mmke-visual/minigpt-4-vicuna-7b;mmke-visual/qwen2.5-vl-3b;mmke-visual/smolvlm-1.7b
recorded,power_a0.25_b0.5_g-1,M_new_norm,3,15,False,17,71.39786666666667,71.88293333333334,-0.4850666666666664,67.24106666666667,-1.9939111111111112,0,14,1,0,1,0.0,-7.275999999999996,0.0,0.3333333333333333,evqa-pilot500/blip2-opt-2.7b;evqa-pilot500/minigpt-4-vicuna-7b;evqa-pilot500/qwen2.5-vl-3b;evqa-pilot500/smolvlm-1.7b;mmke-entity/blip2-opt-2.7b;mmke-entity/instructblip-vicuna-7b;mmke-entity/minigpt-4-vicuna-7b;mmke-entity/paligemma-3b;mmke-entity/qwen2.5-vl-3b;mmke-entity/smolvlm-1.7b;mmke-visual/blip2-opt-2.7b;mmke-visual/instructblip-vicuna-7b;mmke-visual/minigpt-4-vicuna-7b;mmke-visual/qwen2.5-vl-3b;mmke-visual/smolvlm-1.7b
recorded,power_a0.25_b0.5_g0,M_abscos_x_newn,1,17,True,17,71.77435294117647,71.97388235294117,-0.19952941176470607,71.77435294117647,-0.19952941176470607,1,12,4,0,3,0.0,-1.730000000000004,0.44599999999999795,0.17647058823529413,evqa-pilot500/blip2-opt-2.7b;evqa-pilot500/minigpt-4-vicuna-7b;evqa-pilot500/paligemma-3b;evqa-pilot500/qwen2.5-vl-3b;evqa-pilot500/smolvlm-1.7b;mmke-entity/blip2-opt-2.7b;mmke-entity/instructblip-vicuna-7b;mmke-entity/minigpt-4-vicuna-7b;mmke-entity/paligemma-3b;mmke-entity/qwen2.5-vl-3b;mmke-entity/smolvlm-1.7b;mmke-visual/blip2-opt-2.7b;mmke-visual/instructblip-vicuna-7b;mmke-visual/minigpt-4-vicuna-7b;mmke-visual/paligemma-3b;mmke-visual/qwen2.5-vl-3b;mmke-visual/smolvlm-1.7b
recorded,power_a0.25_b0.5_g0,M_abscos_x_newn,3,17,True,17,74.29352941176471,74.05482352941176,0.23870588235294032,71.4921568627451,0.05733333333333235,1,13,3,1,2,0.0,-0.8500000000000014,6.1640000000000015,0.35294117647058826,evqa-pilot500/blip2-opt-2.7b;evqa-pilot500/minigpt-4-vicuna-7b;evqa-pilot500/paligemma-3b;evqa-pilot500/qwen2.5-vl-3b;evqa-pilot500/smolvlm-1.7b;mmke-entity/blip2-opt-2.7b;mmke-entity/instructblip-vicuna-7b;mmke-entity/minigpt-4-vicuna-7b;mmke-entity/paligemma-3b;mmke-entity/qwen2.5-vl-3b;mmke-entity/smolvlm-1.7b;mmke-visual/blip2-opt-2.7b;mmke-visual/instructblip-vicuna-7b;mmke-visual/minigpt-4-vicuna-7b;mmke-visual/paligemma-3b;mmke-visual/qwen2.5-vl-3b;mmke-visual/smolvlm-1.7b
recorded,power_a0.25_b0.5_g0,M_new_norm,1,17,True,17,71.77435294117647,71.77435294117647,0.0,71.77435294117647,0.0,0,17,0,0,0,0.0,0.0,0.0,0.17647058823529413,evqa-pilot500/blip2-opt-2.7b;evqa-pilot500/minigpt-4-vicuna-7b;evqa-pilot500/paligemma-3b;evqa-pilot500/qwen2.5-vl-3b;evqa-pilot500/smolvlm-1.7b;mmke-entity/blip2-opt-2.7b;mmke-entity/instructblip-vicuna-7b;mmke-entity/minigpt-4-vicuna-7b;mmke-entity/paligemma-3b;mmke-entity/qwen2.5-vl-3b;mmke-entity/smolvlm-1.7b;mmke-visual/blip2-opt-2.7b;mmke-visual/instructblip-vicuna-7b;mmke-visual/minigpt-4-vicuna-7b;mmke-visual/paligemma-3b;mmke-visual/qwen2.5-vl-3b;mmke-visual/smolvlm-1.7b
recorded,power_a0.25_b0.5_g0,M_new_norm,3,17,True,17,74.29352941176471,74.29352941176471,0.0,71.4921568627451,0.0,0,17,0,0,0,0.0,0.0,0.0,0.35294117647058826,evqa-pilot500/blip2-opt-2.7b;evqa-pilot500/minigpt-4-vicuna-7b;evqa-pilot500/paligemma-3b;evqa-pilot500/qwen2.5-vl-3b;evqa-pilot500/smolvlm-1.7b;mmke-entity/blip2-opt-2.7b;mmke-entity/instructblip-vicuna-7b;mmke-entity/minigpt-4-vicuna-7b;mmke-entity/paligemma-3b;mmke-entity/qwen2.5-vl-3b;mmke-entity/smolvlm-1.7b;mmke-visual/blip2-opt-2.7b;mmke-visual/instructblip-vicuna-7b;mmke-visual/minigpt-4-vicuna-7b;mmke-visual/paligemma-3b;mmke-visual/qwen2.5-vl-3b;mmke-visual/smolvlm-1.7b
recorded,power_a0.25_b0.5_g0.5,M_abscos_x_newn,1,12,False,17,71.96966666666667,72.05766666666666,-0.08800000000000037,71.96966666666667,-0.08800000000000037,3,6,3,2,3,0.0,-5.560000000000002,5.3799999999999955,0,evqa-pilot500/blip2-opt-2.7b;evqa-pilot500/minigpt-4-vicuna-7b;evqa-pilot500/paligemma-3b;evqa-pilot500/qwen2.5-vl-3b;evqa-pilot500/smolvlm-1.7b;mmke-entity/blip2-opt-2.7b;mmke-entity/paligemma-3b;mmke-entity/smolvlm-1.7b;mmke-visual/blip2-opt-2.7b;mmke-visual/minigpt-4-vicuna-7b;mmke-visual/paligemma-3b;mmke-visual/qwen2.5-vl-3b
recorded,power_a0.25_b0.5_g0.5,M_abscos_x_newn,3,11,False,17,74.98181818181818,75.242,-0.2601818181818177,72.53587878787879,-0.018666666666666224,3,4,4,2,2,0.0,-7.549999999999997,4.094000000000008,0.09090909090909091,evqa-pilot500/blip2-opt-2.7b;evqa-pilot500/minigpt-4-vicuna-7b;evqa-pilot500/paligemma-3b;evqa-pilot500/qwen2.5-vl-3b;evqa-pilot500/smolvlm-1.7b;mmke-entity/blip2-opt-2.7b;mmke-entity/paligemma-3b;mmke-visual/blip2-opt-2.7b;mmke-visual/minigpt-4-vicuna-7b;mmke-visual/paligemma-3b;mmke-visual/qwen2.5-vl-3b
recorded,power_a0.25_b0.5_g0.5,M_new_norm,1,12,False,17,71.96966666666667,71.81566666666667,0.15399999999999991,71.96966666666667,0.15399999999999991,4,4,4,3,2,0.0,-5.560000000000002,7.109999999999999,0,evqa-pilot500/blip2-opt-2.7b;evqa-pilot500/minigpt-4-vicuna-7b;evqa-pilot500/paligemma-3b;evqa-pilot500/qwen2.5-vl-3b;evqa-pilot500/smolvlm-1.7b;mmke-entity/blip2-opt-2.7b;mmke-entity/paligemma-3b;mmke-entity/smolvlm-1.7b;mmke-visual/blip2-opt-2.7b;mmke-visual/minigpt-4-vicuna-7b;mmke-visual/paligemma-3b;mmke-visual/qwen2.5-vl-3b
recorded,power_a0.25_b0.5_g0.5,M_new_norm,3,11,False,17,74.98181818181818,75.65545454545455,-0.6736363636363627,72.53587878787879,-0.14775757575757417,4,3,4,3,3,0.0,-7.549999999999997,3.9540000000000006,0.09090909090909091,evqa-pilot500/blip2-opt-2.7b;evqa-pilot500/minigpt-4-vicuna-7b;evqa-pilot500/paligemma-3b;evqa-pilot500/qwen2.5-vl-3b;evqa-pilot500/smolvlm-1.7b;mmke-entity/blip2-opt-2.7b;mmke-entity/paligemma-3b;mmke-visual/blip2-opt-2.7b;mmke-visual/minigpt-4-vicuna-7b;mmke-visual/paligemma-3b;mmke-visual/qwen2.5-vl-3b
recorded,power_a0.25_b0.5_g1,M_abscos_x_newn,1,14,False,17,71.173,72.21042857142857,-1.037428571428572,71.173,-1.037428571428572,4,4,6,3,3,0.0,-20.540000000000006,14.88000000000001,0,evqa-pilot500/blip2-opt-2.7b;evqa-pilot500/minigpt-4-vicuna-7b;evqa-pilot500/paligemma-3b;evqa-pilot500/qwen2.5-vl-3b;mmke-entity/blip2-opt-2.7b;mmke-entity/instructblip-vicuna-7b;mmke-entity/minigpt-4-vicuna-7b;mmke-entity/paligemma-3b;mmke-entity/smolvlm-1.7b;mmke-visual/blip2-opt-2.7b;mmke-visual/instructblip-vicuna-7b;mmke-visual/minigpt-4-vicuna-7b;mmke-visual/paligemma-3b;mmke-visual/smolvlm-1.7b
recorded,power_a0.25_b0.5_g1,M_abscos_x_newn,3,11,False,17,71.82109090909091,76.41781818181818,-4.596727272727275,70.57254545454545,-2.664969696969699,0,3,8,0,4,-0.26400000000001,-20.730000000000004,0.0,0,evqa-pilot500/minigpt-4-vicuna-7b;evqa-pilot500/paligemma-3b;evqa-pilot500/qwen2.5-vl-3b;mmke-entity/blip2-opt-2.7b;mmke-entity/instructblip-vicuna-7b;mmke-entity/paligemma-3b;mmke-visual/blip2-opt-2.7b;mmke-visual/instructblip-vicuna-7b;mmke-visual/minigpt-4-vicuna-7b;mmke-visual/paligemma-3b;mmke-visual/smolvlm-1.7b
recorded,power_a0.25_b0.5_g1,M_new_norm,1,14,False,17,71.173,71.96814285714285,-0.7951428571428575,71.173,-0.7951428571428575,8,2,4,5,3,0.15399999999999636,-20.540000000000006,14.88000000000001,0,evqa-pilot500/blip2-opt-2.7b;evqa-pilot500/minigpt-4-vicuna-7b;evqa-pilot500/paligemma-3b;evqa-pilot500/qwen2.5-vl-3b;mmke-entity/blip2-opt-2.7b;mmke-entity/instructblip-vicuna-7b;mmke-entity/minigpt-4-vicuna-7b;mmke-entity/paligemma-3b;mmke-entity/smolvlm-1.7b;mmke-visual/blip2-opt-2.7b;mmke-visual/instructblip-vicuna-7b;mmke-visual/minigpt-4-vicuna-7b;mmke-visual/paligemma-3b;mmke-visual/smolvlm-1.7b
recorded,power_a0.25_b0.5_g1,M_new_norm,3,11,False,17,71.82109090909091,76.83127272727273,-5.01018181818182,70.57254545454545,-2.794060606060607,2,2,7,1,5,-0.26400000000001,-20.730000000000004,0.6599999999999966,0,evqa-pilot500/minigpt-4-vicuna-7b;evqa-pilot500/paligemma-3b;evqa-pilot500/qwen2.5-vl-3b;mmke-entity/blip2-opt-2.7b;mmke-entity/instructblip-vicuna-7b;mmke-entity/paligemma-3b;mmke-visual/blip2-opt-2.7b;mmke-visual/instructblip-vicuna-7b;mmke-visual/minigpt-4-vicuna-7b;mmke-visual/paligemma-3b;mmke-visual/smolvlm-1.7b
recorded,power_a0.25_b0.5_g2,M_abscos_x_newn,1,16,False,17,71.387125,72.74975,-1.3626249999999995,71.387125,-1.3626249999999995,4,3,9,3,7,-0.11000000000000298,-21.910000000000004,15.64,0,evqa-pilot500/blip2-opt-2.7b;evqa-pilot500/paligemma-3b;evqa-pilot500/qwen2.5-vl-3b;evqa-pilot500/smolvlm-1.7b;mmke-entity/blip2-opt-2.7b;mmke-entity/instructblip-vicuna-7b;mmke-entity/minigpt-4-vicuna-7b;mmke-entity/paligemma-3b;mmke-entity/qwen2.5-vl-3b;mmke-entity/smolvlm-1.7b;mmke-visual/blip2-opt-2.7b;mmke-visual/instructblip-vicuna-7b;mmke-visual/minigpt-4-vicuna-7b;mmke-visual/paligemma-3b;mmke-visual/qwen2.5-vl-3b;mmke-visual/smolvlm-1.7b
recorded,power_a0.25_b0.5_g2,M_abscos_x_newn,3,13,False,17,73.97492307692308,74.98092307692308,-1.0060000000000013,72.766,0.3330256410256381,4,0,9,3,5,-0.21600000000000819,-21.050000000000004,17.093999999999994,0.15384615384615385,evqa-pilot500/blip2-opt-2.7b;evqa-pilot500/paligemma-3b;evqa-pilot500/qwen2.5-vl-3b;evqa-pilot500/smolvlm-1.7b;mmke-entity/blip2-opt-2.7b;mmke-entity/instructblip-vicuna-7b;mmke-entity/minigpt-4-vicuna-7b;mmke-entity/paligemma-3b;mmke-entity/qwen2.5-vl-3b;mmke-visual/blip2-opt-2.7b;mmke-visual/paligemma-3b;mmke-visual/qwen2.5-vl-3b;mmke-visual/smolvlm-1.7b
recorded,power_a0.25_b0.5_g2,M_new_norm,1,16,False,17,71.387125,72.645875,-1.2587499999999996,71.387125,-1.2587499999999996,6,1,9,4,7,-0.23799999999999955,-21.910000000000004,15.64,0,evqa-pilot500/blip2-opt-2.7b;evqa-pilot500/paligemma-3b;evqa-pilot500/qwen2.5-vl-3b;evqa-pilot500/smolvlm-1.7b;mmke-entity/blip2-opt-2.7b;mmke-entity/instructblip-vicuna-7b;mmke-entity/minigpt-4-vicuna-7b;mmke-entity/paligemma-3b;mmke-entity/qwen2.5-vl-3b;mmke-entity/smolvlm-1.7b;mmke-visual/blip2-opt-2.7b;mmke-visual/instructblip-vicuna-7b;mmke-visual/minigpt-4-vicuna-7b;mmke-visual/paligemma-3b;mmke-visual/qwen2.5-vl-3b;mmke-visual/smolvlm-1.7b
recorded,power_a0.25_b0.5_g2,M_new_norm,3,13,False,17,73.97492307692308,74.87784615384615,-0.9029230769230774,72.766,0.4429230769230744,6,0,7,4,5,-0.1599999999999966,-21.050000000000004,17.093999999999994,0.15384615384615385,evqa-pilot500/blip2-opt-2.7b;evqa-pilot500/paligemma-3b;evqa-pilot500/qwen2.5-vl-3b;evqa-pilot500/smolvlm-1.7b;mmke-entity/blip2-opt-2.7b;mmke-entity/instructblip-vicuna-7b;mmke-entity/minigpt-4-vicuna-7b;mmke-entity/paligemma-3b;mmke-entity/qwen2.5-vl-3b;mmke-visual/blip2-opt-2.7b;mmke-visual/paligemma-3b;mmke-visual/qwen2.5-vl-3b;mmke-visual/smolvlm-1.7b
recorded,power_a0.25_b1_g-1,M_abscos_x_newn,1,15,False,17,64.82053333333333,69.78706666666666,-4.966533333333334,64.82053333333333,-4.966533333333334,1,8,6,1,5,0.0,-70.81,1.0100000000000051,0.2,evqa-pilot500/blip2-opt-2.7b;evqa-pilot500/minigpt-4-vicuna-7b;evqa-pilot500/qwen2.5-vl-3b;evqa-pilot500/smolvlm-1.7b;mmke-entity/blip2-opt-2.7b;mmke-entity/instructblip-vicuna-7b;mmke-entity/minigpt-4-vicuna-7b;mmke-entity/paligemma-3b;mmke-entity/qwen2.5-vl-3b;mmke-entity/smolvlm-1.7b;mmke-visual/blip2-opt-2.7b;mmke-visual/instructblip-vicuna-7b;mmke-visual/minigpt-4-vicuna-7b;mmke-visual/qwen2.5-vl-3b;mmke-visual/smolvlm-1.7b
recorded,power_a0.25_b1_g-1,M_abscos_x_newn,3,15,False,17,71.88293333333334,71.61240000000001,0.27053333333333235,67.5543111111111,-1.6156888888888905,1,11,3,1,2,0.0,-0.8500000000000014,6.1640000000000015,0.3333333333333333,evqa-pilot500/blip2-opt-2.7b;evqa-pilot500/minigpt-4-vicuna-7b;evqa-pilot500/qwen2.5-vl-3b;evqa-pilot500/smolvlm-1.7b;mmke-entity/blip2-opt-2.7b;mmke-entity/instructblip-vicuna-7b;mmke-entity/minigpt-4-vicuna-7b;mmke-entity/paligemma-3b;mmke-entity/qwen2.5-vl-3b;mmke-entity/smolvlm-1.7b;mmke-visual/blip2-opt-2.7b;mmke-visual/instructblip-vicuna-7b;mmke-visual/minigpt-4-vicuna-7b;mmke-visual/qwen2.5-vl-3b;mmke-visual/smolvlm-1.7b
recorded,power_a0.25_b1_g-1,M_new_norm,1,15,False,17,64.82053333333333,69.5312,-4.7106666666666674,64.82053333333333,-4.7106666666666674,1,12,2,1,2,0.0,-70.81,1.0100000000000051,0.2,evqa-pilot500/blip2-opt-2.7b;evqa-pilot500/minigpt-4-vicuna-7b;evqa-pilot500/qwen2.5-vl-3b;evqa-pilot500/smolvlm-1.7b;mmke-entity/blip2-opt-2.7b;mmke-entity/instructblip-vicuna-7b;mmke-entity/minigpt-4-vicuna-7b;mmke-entity/paligemma-3b;mmke-entity/qwen2.5-vl-3b;mmke-entity/smolvlm-1.7b;mmke-visual/blip2-opt-2.7b;mmke-visual/instructblip-vicuna-7b;mmke-visual/minigpt-4-vicuna-7b;mmke-visual/qwen2.5-vl-3b;mmke-visual/smolvlm-1.7b
recorded,power_a0.25_b1_g-1,M_new_norm,3,15,False,17,71.88293333333334,71.88293333333334,0.0,67.5543111111111,-1.6806666666666672,0,15,0,0,0,0.0,0.0,0.0,0.3333333333333333,evqa-pilot500/blip2-opt-2.7b;evqa-pilot500/minigpt-4-vicuna-7b;evqa-pilot500/qwen2.5-vl-3b;evqa-pilot500/smolvlm-1.7b;mmke-entity/blip2-opt-2.7b;mmke-entity/instructblip-vicuna-7b;mmke-entity/minigpt-4-vicuna-7b;mmke-entity/paligemma-3b;mmke-entity/qwen2.5-vl-3b;mmke-entity/smolvlm-1.7b;mmke-visual/blip2-opt-2.7b;mmke-visual/instructblip-vicuna-7b;mmke-visual/minigpt-4-vicuna-7b;mmke-visual/qwen2.5-vl-3b;mmke-visual/smolvlm-1.7b
recorded,power_a0.25_b1_g0,M_abscos_x_newn,1,17,True,17,71.77435294117647,71.97388235294117,-0.19952941176470607,71.77435294117647,-0.19952941176470607,1,12,4,0,3,0.0,-1.730000000000004,0.44599999999999795,0.17647058823529413,evqa-pilot500/blip2-opt-2.7b;evqa-pilot500/minigpt-4-vicuna-7b;evqa-pilot500/paligemma-3b;evqa-pilot500/qwen2.5-vl-3b;evqa-pilot500/smolvlm-1.7b;mmke-entity/blip2-opt-2.7b;mmke-entity/instructblip-vicuna-7b;mmke-entity/minigpt-4-vicuna-7b;mmke-entity/paligemma-3b;mmke-entity/qwen2.5-vl-3b;mmke-entity/smolvlm-1.7b;mmke-visual/blip2-opt-2.7b;mmke-visual/instructblip-vicuna-7b;mmke-visual/minigpt-4-vicuna-7b;mmke-visual/paligemma-3b;mmke-visual/qwen2.5-vl-3b;mmke-visual/smolvlm-1.7b
recorded,power_a0.25_b1_g0,M_abscos_x_newn,3,17,True,17,74.29352941176471,74.05482352941176,0.23870588235294032,71.4921568627451,0.05733333333333235,1,13,3,1,2,0.0,-0.8500000000000014,6.1640000000000015,0.35294117647058826,evqa-pilot500/blip2-opt-2.7b;evqa-pilot500/minigpt-4-vicuna-7b;evqa-pilot500/paligemma-3b;evqa-pilot500/qwen2.5-vl-3b;evqa-pilot500/smolvlm-1.7b;mmke-entity/blip2-opt-2.7b;mmke-entity/instructblip-vicuna-7b;mmke-entity/minigpt-4-vicuna-7b;mmke-entity/paligemma-3b;mmke-entity/qwen2.5-vl-3b;mmke-entity/smolvlm-1.7b;mmke-visual/blip2-opt-2.7b;mmke-visual/instructblip-vicuna-7b;mmke-visual/minigpt-4-vicuna-7b;mmke-visual/paligemma-3b;mmke-visual/qwen2.5-vl-3b;mmke-visual/smolvlm-1.7b
recorded,power_a0.25_b1_g0,M_new_norm,1,17,True,17,71.77435294117647,71.77435294117647,0.0,71.77435294117647,0.0,0,17,0,0,0,0.0,0.0,0.0,0.17647058823529413,evqa-pilot500/blip2-opt-2.7b;evqa-pilot500/minigpt-4-vicuna-7b;evqa-pilot500/paligemma-3b;evqa-pilot500/qwen2.5-vl-3b;evqa-pilot500/smolvlm-1.7b;mmke-entity/blip2-opt-2.7b;mmke-entity/instructblip-vicuna-7b;mmke-entity/minigpt-4-vicuna-7b;mmke-entity/paligemma-3b;mmke-entity/qwen2.5-vl-3b;mmke-entity/smolvlm-1.7b;mmke-visual/blip2-opt-2.7b;mmke-visual/instructblip-vicuna-7b;mmke-visual/minigpt-4-vicuna-7b;mmke-visual/paligemma-3b;mmke-visual/qwen2.5-vl-3b;mmke-visual/smolvlm-1.7b
recorded,power_a0.25_b1_g0,M_new_norm,3,17,True,17,74.29352941176471,74.29352941176471,0.0,71.4921568627451,0.0,0,17,0,0,0,0.0,0.0,0.0,0.35294117647058826,evqa-pilot500/blip2-opt-2.7b;evqa-pilot500/minigpt-4-vicuna-7b;evqa-pilot500/paligemma-3b;evqa-pilot500/qwen2.5-vl-3b;evqa-pilot500/smolvlm-1.7b;mmke-entity/blip2-opt-2.7b;mmke-entity/instructblip-vicuna-7b;mmke-entity/minigpt-4-vicuna-7b;mmke-entity/paligemma-3b;mmke-entity/qwen2.5-vl-3b;mmke-entity/smolvlm-1.7b;mmke-visual/blip2-opt-2.7b;mmke-visual/instructblip-vicuna-7b;mmke-visual/minigpt-4-vicuna-7b;mmke-visual/paligemma-3b;mmke-visual/qwen2.5-vl-3b;mmke-visual/smolvlm-1.7b
recorded,power_a0.25_b1_g0.5,M_abscos_x_newn,1,13,False,17,72.11123076923077,72.004,0.10723076923077074,72.11123076923077,0.10723076923077074,5,5,3,3,3,0.0,-11.199999999999996,9.474000000000004,0,evqa-pilot500/blip2-opt-2.7b;evqa-pilot500/minigpt-4-vicuna-7b;evqa-pilot500/paligemma-3b;evqa-pilot500/qwen2.5-vl-3b;evqa-pilot500/smolvlm-1.7b;mmke-entity/blip2-opt-2.7b;mmke-entity/paligemma-3b;mmke-entity/smolvlm-1.7b;mmke-visual/blip2-opt-2.7b;mmke-visual/minigpt-4-vicuna-7b;mmke-visual/paligemma-3b;mmke-visual/qwen2.5-vl-3b;mmke-visual/smolvlm-1.7b
recorded,power_a0.25_b1_g0.5,M_abscos_x_newn,3,11,False,17,74.77454545454546,74.7229090909091,0.05163636363636473,72.44787878787879,0.42066666666666597,3,6,2,2,1,0.0,-7.549999999999997,4.094000000000008,0.18181818181818182,evqa-pilot500/blip2-opt-2.7b;evqa-pilot500/minigpt-4-vicuna-7b;evqa-pilot500/paligemma-3b;evqa-pilot500/qwen2.5-vl-3b;evqa-pilot500/smolvlm-1.7b;mmke-entity/blip2-opt-2.7b;mmke-entity/paligemma-3b;mmke-entity/smolvlm-1.7b;mmke-visual/blip2-opt-2.7b;mmke-visual/paligemma-3b;mmke-visual/qwen2.5-vl-3b
recorded,power_a0.25_b1_g0.5,M_new_norm,1,13,False,17,72.11123076923077,71.78061538461539,0.3306153846153864,72.11123076923077,0.3306153846153864,5,4,4,4,2,0.0,-11.199999999999996,11.204000000000008,0,evqa-pilot500/blip2-opt-2.7b;evqa-pilot500/minigpt-4-vicuna-7b;evqa-pilot500/paligemma-3b;evqa-pilot500/qwen2.5-vl-3b;evqa-pilot500/smolvlm-1.7b;mmke-entity/blip2-opt-2.7b;mmke-entity/paligemma-3b;mmke-entity/smolvlm-1.7b;mmke-visual/blip2-opt-2.7b;mmke-visual/minigpt-4-vicuna-7b;mmke-visual/paligemma-3b;mmke-visual/qwen2.5-vl-3b;mmke-visual/smolvlm-1.7b
recorded,power_a0.25_b1_g0.5,M_new_norm,3,11,False,17,74.77454545454546,75.206,-0.43145454545454437,72.44787878787879,0.22060606060606022,3,6,2,2,2,0.0,-7.549999999999997,3.9540000000000006,0.18181818181818182,evqa-pilot500/blip2-opt-2.7b;evqa-pilot500/minigpt-4-vicuna-7b;evqa-pilot500/paligemma-3b;evqa-pilot500/qwen2.5-vl-3b;evqa-pilot500/smolvlm-1.7b;mmke-entity/blip2-opt-2.7b;mmke-entity/paligemma-3b;mmke-entity/smolvlm-1.7b;mmke-visual/blip2-opt-2.7b;mmke-visual/paligemma-3b;mmke-visual/qwen2.5-vl-3b
recorded,power_a0.25_b1_g1,M_abscos_x_newn,1,13,False,17,68.864,71.42,-2.556,68.864,-2.556,1,6,6,1,6,0.0,-20.540000000000006,14.930000000000007,0,evqa-pilot500/blip2-opt-2.7b;evqa-pilot500/minigpt-4-vicuna-7b;evqa-pilot500/paligemma-3b;evqa-pilot500/qwen2.5-vl-3b;evqa-pilot500/smolvlm-1.7b;mmke-entity/blip2-opt-2.7b;mmke-entity/instructblip-vicuna-7b;mmke-entity/paligemma-3b;mmke-visual/blip2-opt-2.7b;mmke-visual/instructblip-vicuna-7b;mmke-visual/paligemma-3b;mmke-visual/qwen2.5-vl-3b;mmke-visual/smolvlm-1.7b
recorded,power_a0.25_b1_g1,M_abscos_x_newn,3,7,False,17,77.67885714285714,78.848,-1.16914285714286,75.50961904761905,-0.4181904761904777,0,3,4,0,1,-0.18000000000000682,-7.549999999999997,0.0,0,evqa-pilot500/minigpt-4-vicuna-7b;evqa-pilot500/paligemma-3b;evqa-pilot500/qwen2.5-vl-3b;mmke-entity/blip2-opt-2.7b;mmke-entity/paligemma-3b;mmke-visual/blip2-opt-2.7b;mmke-visual/paligemma-3b
recorded,power_a0.25_b1_g1,M_new_norm,1,13,False,17,68.864,71.25584615384615,-2.3918461538461533,68.864,-2.3918461538461533,2,4,7,2,5,-0.13000000000000256,-20.540000000000006,14.930000000000007,0,evqa-pilot500/blip2-opt-2.7b;evqa-pilot500/minigpt-4-vicuna-7b;evqa-pilot500/paligemma-3b;evqa-pilot500/qwen2.5-vl-3b;evqa-pilot500/smolvlm-1.7b;mmke-entity/blip2-opt-2.7b;mmke-entity/instructblip-vicuna-7b;mmke-entity/paligemma-3b;mmke-visual/blip2-opt-2.7b;mmke-visual/instructblip-vicuna-7b;mmke-visual/paligemma-3b;mmke-visual/qwen2.5-vl-3b;mmke-visual/smolvlm-1.7b
recorded,power_a0.25_b1_g1,M_new_norm,3,7,False,17,77.67885714285714,79.60714285714286,-1.928285714285717,75.50961904761905,-0.7325714285714297,1,2,4,1,2,-0.18000000000000682,-7.549999999999997,0.6599999999999966,0,evqa-pilot500/minigpt-4-vicuna-7b;evqa-pilot500/paligemma-3b;evqa-pilot500/qwen2.5-vl-3b;mmke-entity/blip2-opt-2.7b;mmke-entity/paligemma-3b;mmke-visual/blip2-opt-2.7b;mmke-visual/paligemma-3b
recorded,power_a0.25_b1_g2,M_abscos_x_newn,1,16,False,17,70.4075,71.685875,-1.2783749999999996,70.4075,-1.2783749999999996,3,3,10,3,8,-0.40000000000000213,-20.460000000000008,14.88000000000001,0,evqa-pilot500/blip2-opt-2.7b;evqa-pilot500/minigpt-4-vicuna-7b;evqa-pilot500/paligemma-3b;evqa-pilot500/qwen2.5-vl-3b;evqa-pilot500/smolvlm-1.7b;mmke-entity/blip2-opt-2.7b;mmke-entity/instructblip-vicuna-7b;mmke-entity/minigpt-4-vicuna-7b;mmke-entity/paligemma-3b;mmke-entity/qwen2.5-vl-3b;mmke-entity/smolvlm-1.7b;mmke-visual/blip2-opt-2.7b;mmke-visual/instructblip-vicuna-7b;mmke-visual/paligemma-3b;mmke-visual/qwen2.5-vl-3b;mmke-visual/smolvlm-1.7b
recorded,power_a0.25_b1_g2,M_abscos_x_newn,3,12,False,17,72.43483333333333,75.00266666666667,-2.567833333333336,71.15333333333334,-0.9878333333333362,4,1,7,3,5,-0.22700000000000742,-20.56000000000001,16.685999999999993,0.08333333333333333,evqa-pilot500/blip2-opt-2.7b;evqa-pilot500/paligemma-3b;evqa-pilot500/qwen2.5-vl-3b;mmke-entity/blip2-opt-2.7b;mmke-entity/instructblip-vicuna-7b;mmke-entity/paligemma-3b;mmke-entity/qwen2.5-vl-3b;mmke-visual/blip2-opt-2.7b;mmke-visual/instructblip-vicuna-7b;mmke-visual/paligemma-3b;mmke-visual/qwen2.5-vl-3b;mmke-visual/smolvlm-1.7b
recorded,power_a0.25_b1_g2,M_new_norm,1,16,False,17,70.4075,71.522,-1.1144999999999992,70.4075,-1.1144999999999992,5,1,10,5,7,-0.40099999999999625,-20.460000000000008,14.88000000000001,0,evqa-pilot500/blip2-opt-2.7b;evqa-pilot500/minigpt-4-vicuna-7b;evqa-pilot500/paligemma-3b;evqa-pilot500/qwen2.5-vl-3b;evqa-pilot500/smolvlm-1.7b;mmke-entity/blip2-opt-2.7b;mmke-entity/instructblip-vicuna-7b;mmke-entity/minigpt-4-vicuna-7b;mmke-entity/paligemma-3b;mmke-entity/qwen2.5-vl-3b;mmke-entity/smolvlm-1.7b;mmke-visual/blip2-opt-2.7b;mmke-visual/instructblip-vicuna-7b;mmke-visual/paligemma-3b;mmke-visual/qwen2.5-vl-3b;mmke-visual/smolvlm-1.7b
recorded,power_a0.25_b1_g2,M_new_norm,3,12,False,17,72.43483333333333,74.93183333333333,-2.497000000000002,71.15333333333334,-0.9058888888888917,5,1,6,4,5,-0.132000000000005,-20.56000000000001,16.685999999999993,0.08333333333333333,evqa-pilot500/blip2-opt-2.7b;evqa-pilot500/paligemma-3b;evqa-pilot500/qwen2.5-vl-3b;mmke-entity/blip2-opt-2.7b;mmke-entity/instructblip-vicuna-7b;mmke-entity/paligemma-3b;mmke-entity/qwen2.5-vl-3b;mmke-visual/blip2-opt-2.7b;mmke-visual/instructblip-vicuna-7b;mmke-visual/paligemma-3b;mmke-visual/qwen2.5-vl-3b;mmke-visual/smolvlm-1.7b
recorded,power_a0.5_b-1_g-1,M_abscos_x_newn,1,15,False,17,64.82053333333333,69.78706666666666,-4.966533333333334,64.82053333333333,-4.966533333333334,1,8,6,1,5,0.0,-70.81,1.0100000000000051,0.2,evqa-pilot500/blip2-opt-2.7b;evqa-pilot500/minigpt-4-vicuna-7b;evqa-pilot500/qwen2.5-vl-3b;evqa-pilot500/smolvlm-1.7b;mmke-entity/blip2-opt-2.7b;mmke-entity/instructblip-vicuna-7b;mmke-entity/minigpt-4-vicuna-7b;mmke-entity/paligemma-3b;mmke-entity/qwen2.5-vl-3b;mmke-entity/smolvlm-1.7b;mmke-visual/blip2-opt-2.7b;mmke-visual/instructblip-vicuna-7b;mmke-visual/minigpt-4-vicuna-7b;mmke-visual/qwen2.5-vl-3b;mmke-visual/smolvlm-1.7b
recorded,power_a0.5_b-1_g-1,M_abscos_x_newn,3,15,False,17,71.39786666666667,71.61240000000001,-0.21453333333333405,67.24106666666667,-1.9289333333333345,1,10,4,1,3,0.0,-7.275999999999996,6.1640000000000015,0.3333333333333333,evqa-pilot500/blip2-opt-2.7b;evqa-pilot500/minigpt-4-vicuna-7b;evqa-pilot500/qwen2.5-vl-3b;evqa-pilot500/smolvlm-1.7b;mmke-entity/blip2-opt-2.7b;mmke-entity/instructblip-vicuna-7b;mmke-entity/minigpt-4-vicuna-7b;mmke-entity/paligemma-3b;mmke-entity/qwen2.5-vl-3b;mmke-entity/smolvlm-1.7b;mmke-visual/blip2-opt-2.7b;mmke-visual/instructblip-vicuna-7b;mmke-visual/minigpt-4-vicuna-7b;mmke-visual/qwen2.5-vl-3b;mmke-visual/smolvlm-1.7b
recorded,power_a0.5_b-1_g-1,M_new_norm,1,15,False,17,64.82053333333333,69.5312,-4.7106666666666674,64.82053333333333,-4.7106666666666674,1,12,2,1,2,0.0,-70.81,1.0100000000000051,0.2,evqa-pilot500/blip2-opt-2.7b;evqa-pilot500/minigpt-4-vicuna-7b;evqa-pilot500/qwen2.5-vl-3b;evqa-pilot500/smolvlm-1.7b;mmke-entity/blip2-opt-2.7b;mmke-entity/instructblip-vicuna-7b;mmke-entity/minigpt-4-vicuna-7b;mmke-entity/paligemma-3b;mmke-entity/qwen2.5-vl-3b;mmke-entity/smolvlm-1.7b;mmke-visual/blip2-opt-2.7b;mmke-visual/instructblip-vicuna-7b;mmke-visual/minigpt-4-vicuna-7b;mmke-visual/qwen2.5-vl-3b;mmke-visual/smolvlm-1.7b
recorded,power_a0.5_b-1_g-1,M_new_norm,3,15,False,17,71.39786666666667,71.88293333333334,-0.4850666666666664,67.24106666666667,-1.9939111111111112,0,14,1,0,1,0.0,-7.275999999999996,0.0,0.3333333333333333,evqa-pilot500/blip2-opt-2.7b;evqa-pilot500/minigpt-4-vicuna-7b;evqa-pilot500/qwen2.5-vl-3b;evqa-pilot500/smolvlm-1.7b;mmke-entity/blip2-opt-2.7b;mmke-entity/instructblip-vicuna-7b;mmke-entity/minigpt-4-vicuna-7b;mmke-entity/paligemma-3b;mmke-entity/qwen2.5-vl-3b;mmke-entity/smolvlm-1.7b;mmke-visual/blip2-opt-2.7b;mmke-visual/instructblip-vicuna-7b;mmke-visual/minigpt-4-vicuna-7b;mmke-visual/qwen2.5-vl-3b;mmke-visual/smolvlm-1.7b
recorded,power_a0.5_b-1_g0,M_abscos_x_newn,1,13,False,17,63.07769230769231,69.68584615384616,-6.608153846153846,63.07769230769231,-6.608153846153846,2,3,8,1,8,-0.9500000000000028,-43.77,6.82,0,evqa-pilot500/blip2-opt-2.7b;evqa-pilot500/minigpt-4-vicuna-7b;evqa-pilot500/qwen2.5-vl-3b;evqa-pilot500/smolvlm-1.7b;mmke-entity/blip2-opt-2.7b;mmke-entity/instructblip-vicuna-7b;mmke-entity/minigpt-4-vicuna-7b;mmke-entity/paligemma-3b;mmke-entity/qwen2.5-vl-3b;mmke-visual/blip2-opt-2.7b;mmke-visual/instructblip-vicuna-7b;mmke-visual/minigpt-4-vicuna-7b;mmke-visual/smolvlm-1.7b
recorded,power_a0.5_b-1_g0,M_abscos_x_newn,3,7,False,17,69.11228571428572,72.77942857142857,-3.6671428571428586,65.06380952380952,-4.8836190476190495,0,3,4,0,4,-0.5900000000000034,-21.660000000000004,0.0,0.14285714285714285,evqa-pilot500/blip2-opt-2.7b;evqa-pilot500/minigpt-4-vicuna-7b;mmke-entity/blip2-opt-2.7b;mmke-entity/instructblip-vicuna-7b;mmke-entity/paligemma-3b;mmke-visual/minigpt-4-vicuna-7b;mmke-visual/smolvlm-1.7b
recorded,power_a0.5_b-1_g0,M_new_norm,1,13,False,17,63.07769230769231,69.39061538461539,-6.312923076923077,63.07769230769231,-6.312923076923077,3,2,8,3,7,-0.9200000000000017,-43.77,6.82,0,evqa-pilot500/blip2-opt-2.7b;evqa-pilot500/minigpt-4-vicuna-7b;evqa-pilot500/qwen2.5-vl-3b;evqa-pilot500/smolvlm-1.7b;mmke-entity/blip2-opt-2.7b;mmke-entity/instructblip-vicuna-7b;mmke-entity/minigpt-4-vicuna-7b;mmke-entity/paligemma-3b;mmke-entity/qwen2.5-vl-3b;mmke-visual/blip2-opt-2.7b;mmke-visual/instructblip-vicuna-7b;mmke-visual/minigpt-4-vicuna-7b;mmke-visual/smolvlm-1.7b
recorded,power_a0.5_b-1_g0,M_new_norm,3,7,False,17,69.11228571428572,73.55057142857143,-4.438285714285715,65.06380952380952,-5.2269523809523815,0,3,4,0,4,-0.5900000000000034,-21.660000000000004,0.0,0.14285714285714285,evqa-pilot500/blip2-opt-2.7b;evqa-pilot500/minigpt-4-vicuna-7b;mmke-entity/blip2-opt-2.7b;mmke-entity/instructblip-vicuna-7b;mmke-entity/paligemma-3b;mmke-visual/minigpt-4-vicuna-7b;mmke-visual/smolvlm-1.7b
recorded,power_a0.5_b-1_g0.5,M_abscos_x_newn,1,12,False,17,62.21383333333333,69.47466666666666,-7.260833333333333,62.21383333333333,-7.260833333333333,3,0,9,2,9,-2.532999999999994,-43.77,8.850000000000001,0,evqa-pilot500/blip2-opt-2.7b;evqa-pilot500/minigpt-4-vicuna-7b;evqa-pilot500/qwen2.5-vl-3b;evqa-pilot500/smolvlm-1.7b;mmke-entity/blip2-opt-2.7b;mmke-entity/instructblip-vicuna-7b;mmke-entity/minigpt-4-vicuna-7b;mmke-entity/paligemma-3b;mmke-visual/blip2-opt-2.7b;mmke-visual/instructblip-vicuna-7b;mmke-visual/minigpt-4-vicuna-7b;mmke-visual/smolvlm-1.7b
recorded,power_a0.5_b-1_g0.5,M_abscos_x_newn,3,7,False,17,64.268,68.79485714285714,-4.5268571428571445,63.178380952380955,-2.3822857142857146,1,0,6,1,5,-1.75,-21.660000000000004,1.519999999999996,0,evqa-pilot500/minigpt-4-vicuna-7b;evqa-pilot500/qwen2.5-vl-3b;evqa-pilot500/smolvlm-1.7b;mmke-entity/blip2-opt-2.7b;mmke-entity/instructblip-vicuna-7b;mmke-visual/blip2-opt-2.7b;mmke-visual/smolvlm-1.7b
recorded,power_a0.5_b-1_g0.5,M_new_norm,1,12,False,17,62.21383333333333,69.15483333333333,-6.941,62.21383333333333,-6.941,4,0,8,3,8,-2.147999999999996,-43.77,8.850000000000001,0,evqa-pilot500/blip2-opt-2.7b;evqa-pilot500/minigpt-4-vicuna-7b;evqa-pilot500/qwen2.5-vl-3b;evqa-pilot500/smolvlm-1.7b;mmke-entity/blip2-opt-2.7b;mmke-entity/instructblip-vicuna-7b;mmke-entity/minigpt-4-vicuna-7b;mmke-entity/paligemma-3b;mmke-visual/blip2-opt-2.7b;mmke-visual/instructblip-vicuna-7b;mmke-visual/minigpt-4-vicuna-7b;mmke-visual/smolvlm-1.7b
recorded,power_a0.5_b-1_g0.5,M_new_norm,3,7,False,17,64.268,69.554,-5.286000000000001,63.178380952380955,-2.6966666666666663,1,0,6,1,4,-1.75,-21.660000000000004,1.519999999999996,0,evqa-pilot500/minigpt-4-vicuna-7b;evqa-pilot500/qwen2.5-vl-3b;evqa-pilot500/smolvlm-1.7b;mmke-entity/blip2-opt-2.7b;mmke-entity/instructblip-vicuna-7b;mmke-visual/blip2-opt-2.7b;mmke-visual/smolvlm-1.7b
recorded,power_a0.5_b-1_g1,M_abscos_x_newn,1,10,False,17,60.3106,70.5466,-10.235999999999999,60.3106,-10.235999999999999,1,0,9,0,9,-3.7579999999999956,-43.77,0.21600000000000819,0,evqa-pilot500/blip2-opt-2.7b;evqa-pilot500/minigpt-4-vicuna-7b;evqa-pilot500/qwen2.5-vl-3b;evqa-pilot500/smolvlm-1.7b;mmke-entity/instructblip-vicuna-7b;mmke-entity/minigpt-4-vicuna-7b;mmke-entity/paligemma-3b;mmke-visual/instructblip-vicuna-7b;mmke-visual/minigpt-4-vicuna-7b;mmke-visual/smolvlm-1.7b
recorded,power_a0.5_b-1_g1,M_abscos_x_newn,3,5,False,17,61.111200000000004,67.838,-6.7268,59.403733333333335,-4.940266666666668,0,0,5,0,5,-2.019999999999996,-22.24000000000001,-1.2100000000000009,0,evqa-pilot500/minigpt-4-vicuna-7b;evqa-pilot500/qwen2.5-vl-3b;evqa-pilot500/smolvlm-1.7b;mmke-entity/instructblip-vicuna-7b;mmke-visual/smolvlm-1.7b
recorded,power_a0.5_b-1_g1,M_new_norm,1,10,False,17,60.3106,70.1628,-9.8522,60.3106,-9.8522,2,0,8,1,8,-3.3729999999999976,-43.77,0.7040000000000077,0,evqa-pilot500/blip2-opt-2.7b;evqa-pilot500/minigpt-4-vicuna-7b;evqa-pilot500/qwen2.5-vl-3b;evqa-pilot500/smolvlm-1.7b;mmke-entity/instructblip-vicuna-7b;mmke-entity/minigpt-4-vicuna-7b;mmke-entity/paligemma-3b;mmke-visual/instructblip-vicuna-7b;mmke-visual/minigpt-4-vicuna-7b;mmke-visual/smolvlm-1.7b
recorded,power_a0.5_b-1_g1,M_new_norm,3,5,False,17,61.111200000000004,68.9008,-7.7896,59.403733333333335,-5.3804,0,0,5,0,4,-2.019999999999996,-22.24000000000001,-0.35999999999999943,0,evqa-pilot500/minigpt-4-vicuna-7b;evqa-pilot500/qwen2.5-vl-3b;evqa-pilot500/smolvlm-1.7b;mmke-entity/instructblip-vicuna-7b;mmke-visual/smolvlm-1.7b
recorded,power_a0.5_b-1_g2,M_abscos_x_newn,1,7,False,17,55.80285714285714,68.96857142857144,-13.165714285714287,55.80285714285714,-13.165714285714287,0,0,7,0,7,-4.519999999999996,-43.77,-1.3700000000000045,0,evqa-pilot500/blip2-opt-2.7b;evqa-pilot500/minigpt-4-vicuna-7b;evqa-pilot500/qwen2.5-vl-3b;evqa-pilot500/smolvlm-1.7b;mmke-entity/instructblip-vicuna-7b;mmke-entity/paligemma-3b;mmke-visual/smolvlm-1.7b
recorded,power_a0.5_b-1_g2,M_abscos_x_newn,3,5,False,17,58.6392,67.838,-9.1988,58.29773333333333,-6.046266666666668,0,0,5,0,5,-6.413999999999994,-22.24000000000001,-1.2100000000000009,0,evqa-pilot500/minigpt-4-vicuna-7b;evqa-pilot500/qwen2.5-vl-3b;evqa-pilot500/smolvlm-1.7b;mmke-entity/instructblip-vicuna-7b;mmke-visual/smolvlm-1.7b
recorded,power_a0.5_b-1_g2,M_new_norm,1,7,False,17,55.80285714285714,68.6,-12.797142857142857,55.80285714285714,-12.797142857142857,1,0,6,0,6,-4.519999999999996,-43.77,0.010000000000005116,0,evqa-pilot500/blip2-opt-2.7b;evqa-pilot500/minigpt-4-vicuna-7b;evqa-pilot500/qwen2.5-vl-3b;evqa-pilot500/smolvlm-1.7b;mmke-entity/instructblip-vicuna-7b;mmke-entity/paligemma-3b;mmke-visual/smolvlm-1.7b
recorded,power_a0.5_b-1_g2,M_new_norm,3,5,False,17,58.6392,68.9008,-10.2616,58.29773333333333,-6.486400000000001,0,0,5,0,4,-12.577999999999996,-22.24000000000001,-0.35999999999999943,0,evqa-pilot500/minigpt-4-vicuna-7b;evqa-pilot500/qwen2.5-vl-3b;evqa-pilot500/smolvlm-1.7b;mmke-entity/instructblip-vicuna-7b;mmke-visual/smolvlm-1.7b
recorded,power_a0.5_b-0.5_g-1,M_abscos_x_newn,1,15,False,17,64.82053333333333,69.78706666666666,-4.966533333333334,64.82053333333333,-4.966533333333334,1,8,6,1,5,0.0,-70.81,1.0100000000000051,0.2,evqa-pilot500/blip2-opt-2.7b;evqa-pilot500/minigpt-4-vicuna-7b;evqa-pilot500/qwen2.5-vl-3b;evqa-pilot500/smolvlm-1.7b;mmke-entity/blip2-opt-2.7b;mmke-entity/instructblip-vicuna-7b;mmke-entity/minigpt-4-vicuna-7b;mmke-entity/paligemma-3b;mmke-entity/qwen2.5-vl-3b;mmke-entity/smolvlm-1.7b;mmke-visual/blip2-opt-2.7b;mmke-visual/instructblip-vicuna-7b;mmke-visual/minigpt-4-vicuna-7b;mmke-visual/qwen2.5-vl-3b;mmke-visual/smolvlm-1.7b
recorded,power_a0.5_b-0.5_g-1,M_abscos_x_newn,3,15,False,17,71.39786666666667,71.61240000000001,-0.21453333333333405,67.24106666666667,-1.9289333333333345,1,10,4,1,3,0.0,-7.275999999999996,6.1640000000000015,0.3333333333333333,evqa-pilot500/blip2-opt-2.7b;evqa-pilot500/minigpt-4-vicuna-7b;evqa-pilot500/qwen2.5-vl-3b;evqa-pilot500/smolvlm-1.7b;mmke-entity/blip2-opt-2.7b;mmke-entity/instructblip-vicuna-7b;mmke-entity/minigpt-4-vicuna-7b;mmke-entity/paligemma-3b;mmke-entity/qwen2.5-vl-3b;mmke-entity/smolvlm-1.7b;mmke-visual/blip2-opt-2.7b;mmke-visual/instructblip-vicuna-7b;mmke-visual/minigpt-4-vicuna-7b;mmke-visual/qwen2.5-vl-3b;mmke-visual/smolvlm-1.7b
recorded,power_a0.5_b-0.5_g-1,M_new_norm,1,15,False,17,64.82053333333333,69.5312,-4.7106666666666674,64.82053333333333,-4.7106666666666674,1,12,2,1,2,0.0,-70.81,1.0100000000000051,0.2,evqa-pilot500/blip2-opt-2.7b;evqa-pilot500/minigpt-4-vicuna-7b;evqa-pilot500/qwen2.5-vl-3b;evqa-pilot500/smolvlm-1.7b;mmke-entity/blip2-opt-2.7b;mmke-entity/instructblip-vicuna-7b;mmke-entity/minigpt-4-vicuna-7b;mmke-entity/paligemma-3b;mmke-entity/qwen2.5-vl-3b;mmke-entity/smolvlm-1.7b;mmke-visual/blip2-opt-2.7b;mmke-visual/instructblip-vicuna-7b;mmke-visual/minigpt-4-vicuna-7b;mmke-visual/qwen2.5-vl-3b;mmke-visual/smolvlm-1.7b
recorded,power_a0.5_b-0.5_g-1,M_new_norm,3,15,False,17,71.39786666666667,71.88293333333334,-0.4850666666666664,67.24106666666667,-1.9939111111111112,0,14,1,0,1,0.0,-7.275999999999996,0.0,0.3333333333333333,evqa-pilot500/blip2-opt-2.7b;evqa-pilot500/minigpt-4-vicuna-7b;evqa-pilot500/qwen2.5-vl-3b;evqa-pilot500/smolvlm-1.7b;mmke-entity/blip2-opt-2.7b;mmke-entity/instructblip-vicuna-7b;mmke-entity/minigpt-4-vicuna-7b;mmke-entity/paligemma-3b;mmke-entity/qwen2.5-vl-3b;mmke-entity/smolvlm-1.7b;mmke-visual/blip2-opt-2.7b;mmke-visual/instructblip-vicuna-7b;mmke-visual/minigpt-4-vicuna-7b;mmke-visual/qwen2.5-vl-3b;mmke-visual/smolvlm-1.7b
recorded,power_a0.5_b-0.5_g0,M_abscos_x_newn,1,17,True,17,71.97388235294117,71.97388235294117,0.0,71.97388235294117,0.0,0,17,0,0,0,0.0,0.0,0.0,0.23529411764705882,evqa-pilot500/blip2-opt-2.7b;evqa-pilot500/minigpt-4-vicuna-7b;evqa-pilot500/paligemma-3b;evqa-pilot500/qwen2.5-vl-3b;evqa-pilot500/smolvlm-1.7b;mmke-entity/blip2-opt-2.7b;mmke-entity/instructblip-vicuna-7b;mmke-entity/minigpt-4-vicuna-7b;mmke-entity/paligemma-3b;mmke-entity/qwen2.5-vl-3b;mmke-entity/smolvlm-1.7b;mmke-visual/blip2-opt-2.7b;mmke-visual/instructblip-vicuna-7b;mmke-visual/minigpt-4-vicuna-7b;mmke-visual/paligemma-3b;mmke-visual/qwen2.5-vl-3b;mmke-visual/smolvlm-1.7b
recorded,power_a0.5_b-0.5_g0,M_abscos_x_newn,3,16,False,17,74.212,74.22325000000001,-0.011250000000000426,71.57241666666667,0.0908749999999996,0,15,1,0,0,0.0,-0.18000000000000682,0.0,0.375,evqa-pilot500/blip2-opt-2.7b;evqa-pilot500/minigpt-4-vicuna-7b;evqa-pilot500/paligemma-3b;evqa-pilot500/qwen2.5-vl-3b;evqa-pilot500/smolvlm-1.7b;mmke-entity/blip2-opt-2.7b;mmke-entity/instructblip-vicuna-7b;mmke-entity/minigpt-4-vicuna-7b;mmke-entity/paligemma-3b;mmke-entity/qwen2.5-vl-3b;mmke-entity/smolvlm-1.7b;mmke-visual/blip2-opt-2.7b;mmke-visual/instructblip-vicuna-7b;mmke-visual/minigpt-4-vicuna-7b;mmke-visual/paligemma-3b;mmke-visual/qwen2.5-vl-3b
recorded,power_a0.5_b-0.5_g0,M_new_norm,1,17,True,17,71.97388235294117,71.77435294117647,0.19952941176470607,71.97388235294117,0.19952941176470607,4,12,1,3,0,0.0,-0.44599999999999795,1.730000000000004,0.23529411764705882,evqa-pilot500/blip2-opt-2.7b;evqa-pilot500/minigpt-4-vicuna-7b;evqa-pilot500/paligemma-3b;evqa-pilot500/qwen2.5-vl-3b;evqa-pilot500/smolvlm-1.7b;mmke-entity/blip2-opt-2.7b;mmke-entity/instructblip-vicuna-7b;mmke-entity/minigpt-4-vicuna-7b;mmke-entity/paligemma-3b;mmke-entity/qwen2.5-vl-3b;mmke-entity/smolvlm-1.7b;mmke-visual/blip2-opt-2.7b;mmke-visual/instructblip-vicuna-7b;mmke-visual/minigpt-4-vicuna-7b;mmke-visual/paligemma-3b;mmke-visual/qwen2.5-vl-3b;mmke-visual/smolvlm-1.7b
recorded,power_a0.5_b-0.5_g0,M_new_norm,3,16,False,17,74.212,74.476875,-0.2648749999999995,71.57241666666667,0.029958333333333975,3,11,2,2,1,0.0,-6.1640000000000015,0.8500000000000014,0.375,evqa-pilot500/blip2-opt-2.7b;evqa-pilot500/minigpt-4-vicuna-7b;evqa-pilot500/paligemma-3b;evqa-pilot500/qwen2.5-vl-3b;evqa-pilot500/smolvlm-1.7b;mmke-entity/blip2-opt-2.7b;mmke-entity/instructblip-vicuna-7b;mmke-entity/minigpt-4-vicuna-7b;mmke-entity/paligemma-3b;mmke-entity/qwen2.5-vl-3b;mmke-entity/smolvlm-1.7b;mmke-visual/blip2-opt-2.7b;mmke-visual/instructblip-vicuna-7b;mmke-visual/minigpt-4-vicuna-7b;mmke-visual/paligemma-3b;mmke-visual/qwen2.5-vl-3b
recorded,power_a0.5_b-0.5_g0.5,M_abscos_x_newn,1,15,False,17,70.37066666666666,72.09106666666666,-1.7203999999999993,70.37066666666666,-1.7203999999999993,5,5,5,3,5,0.0,-22.24000000000001,14.88000000000001,0.13333333333333333,evqa-pilot500/blip2-opt-2.7b;evqa-pilot500/minigpt-4-vicuna-7b;evqa-pilot500/paligemma-3b;evqa-pilot500/qwen2.5-vl-3b;mmke-entity/blip2-opt-2.7b;mmke-entity/instructblip-vicuna-7b;mmke-entity/minigpt-4-vicuna-7b;mmke-entity/paligemma-3b;mmke-entity/smolvlm-1.7b;mmke-visual/blip2-opt-2.7b;mmke-visual/instructblip-vicuna-7b;mmke-visual/minigpt-4-vicuna-7b;mmke-visual/paligemma-3b;mmke-visual/qwen2.5-vl-3b;mmke-visual/smolvlm-1.7b
recorded,power_a0.5_b-0.5_g0.5,M_abscos_x_newn,3,11,False,17,73.084,76.39381818181818,-3.3098181818181844,71.72472727272728,-1.796727272727275,1,4,6,1,5,-0.26400000000001,-21.60000000000001,16.685999999999993,0.09090909090909091,evqa-pilot500/blip2-opt-2.7b;evqa-pilot500/paligemma-3b;evqa-pilot500/qwen2.5-vl-3b;mmke-entity/blip2-opt-2.7b;mmke-entity/instructblip-vicuna-7b;mmke-entity/minigpt-4-vicuna-7b;mmke-entity/paligemma-3b;mmke-visual/instructblip-vicuna-7b;mmke-visual/minigpt-4-vicuna-7b;mmke-visual/paligemma-3b;mmke-visual/smolvlm-1.7b
recorded,power_a0.5_b-0.5_g0.5,M_new_norm,1,15,False,17,70.37066666666666,71.86493333333334,-1.4942666666666657,70.37066666666666,-1.4942666666666657,7,2,6,6,5,0.0,-22.24000000000001,14.88000000000001,0.13333333333333333,evqa-pilot500/blip2-opt-2.7b;evqa-pilot500/minigpt-4-vicuna-7b;evqa-pilot500/paligemma-3b;evqa-pilot500/qwen2.5-vl-3b;mmke-entity/blip2-opt-2.7b;mmke-entity/instructblip-vicuna-7b;mmke-entity/minigpt-4-vicuna-7b;mmke-entity/paligemma-3b;mmke-entity/smolvlm-1.7b;mmke-visual/blip2-opt-2.7b;mmke-visual/instructblip-vicuna-7b;mmke-visual/minigpt-4-vicuna-7b;mmke-visual/paligemma-3b;mmke-visual/qwen2.5-vl-3b;mmke-visual/smolvlm-1.7b
recorded,power_a0.5_b-0.5_g0.5,M_new_norm,3,11,False,17,73.084,76.20236363636364,-3.118363636363638,71.72472727272728,-1.5958787878787888,3,2,6,2,5,-0.26400000000001,-21.60000000000001,16.685999999999993,0.09090909090909091,evqa-pilot500/blip2-opt-2.7b;evqa-pilot500/paligemma-3b;evqa-pilot500/qwen2.5-vl-3b;mmke-entity/blip2-opt-2.7b;mmke-entity/instructblip-vicuna-7b;mmke-entity/minigpt-4-vicuna-7b;mmke-entity/paligemma-3b;mmke-visual/instructblip-vicuna-7b;mmke-visual/minigpt-4-vicuna-7b;mmke-visual/paligemma-3b;mmke-visual/smolvlm-1.7b
recorded,power_a0.5_b-0.5_g1,M_abscos_x_newn,1,17,True,17,70.7964705882353,71.97388235294117,-1.1774117647058822,70.7964705882353,-1.1774117647058822,5,3,9,3,9,-0.8200000000000074,-22.24000000000001,17.439999999999998,0.058823529411764705,evqa-pilot500/blip2-opt-2.7b;evqa-pilot500/minigpt-4-vicuna-7b;evqa-pilot500/paligemma-3b;evqa-pilot500/qwen2.5-vl-3b;evqa-pilot500/smolvlm-1.7b;mmke-entity/blip2-opt-2.7b;mmke-entity/instructblip-vicuna-7b;mmke-entity/minigpt-4-vicuna-7b;mmke-entity/paligemma-3b;mmke-entity/qwen2.5-vl-3b;mmke-entity/smolvlm-1.7b;mmke-visual/blip2-opt-2.7b;mmke-visual/instructblip-vicuna-7b;mmke-visual/minigpt-4-vicuna-7b;mmke-visual/paligemma-3b;mmke-visual/qwen2.5-vl-3b;mmke-visual/smolvlm-1.7b
recorded,power_a0.5_b-0.5_g1,M_abscos_x_newn,3,15,False,17,72.24666666666667,74.53013333333334,-2.2834666666666683,70.72724444444444,-1.1152888888888923,4,1,10,3,8,-0.5,-21.60000000000001,17.093999999999994,0.2,evqa-pilot500/blip2-opt-2.7b;evqa-pilot500/paligemma-3b;evqa-pilot500/qwen2.5-vl-3b;evqa-pilot500/smolvlm-1.7b;mmke-entity/blip2-opt-2.7b;mmke-entity/instructblip-vicuna-7b;mmke-entity/paligemma-3b;mmke-entity/qwen2.5-vl-3b;mmke-entity/smolvlm-1.7b;mmke-visual/blip2-opt-2.7b;mmke-visual/instructblip-vicuna-7b;mmke-visual/minigpt-4-vicuna-7b;mmke-visual/paligemma-3b;mmke-visual/qwen2.5-vl-3b;mmke-visual/smolvlm-1.7b
recorded,power_a0.5_b-0.5_g1,M_new_norm,1,17,True,17,70.7964705882353,71.77435294117647,-0.9778823529411762,70.7964705882353,-0.9778823529411762,6,1,10,5,8,-0.44599999999999795,-22.24000000000001,17.439999999999998,0.058823529411764705,evqa-pilot500/blip2-opt-2.7b;evqa-pilot500/minigpt-4-vicuna-7b;evqa-pilot500/paligemma-3b;evqa-pilot500/qwen2.5-vl-3b;evqa-pilot500/smolvlm-1.7b;mmke-entity/blip2-opt-2.7b;mmke-entity/instructblip-vicuna-7b;mmke-entity/minigpt-4-vicuna-7b;mmke-entity/paligemma-3b;mmke-entity/qwen2.5-vl-3b;mmke-entity/smolvlm-1.7b;mmke-visual/blip2-opt-2.7b;mmke-visual/instructblip-vicuna-7b;mmke-visual/minigpt-4-vicuna-7b;mmke-visual/paligemma-3b;mmke-visual/qwen2.5-vl-3b;mmke-visual/smolvlm-1.7b
recorded,power_a0.5_b-0.5_g1,M_new_norm,3,15,False,17,72.24666666666667,74.4224,-2.1757333333333344,70.72724444444444,-0.9976888888888917,5,0,10,4,8,-0.5,-21.60000000000001,17.093999999999994,0.2,evqa-pilot500/blip2-opt-2.7b;evqa-pilot500/paligemma-3b;evqa-pilot500/qwen2.5-vl-3b;evqa-pilot500/smolvlm-1.7b;mmke-entity/blip2-opt-2.7b;mmke-entity/instructblip-vicuna-7b;mmke-entity/paligemma-3b;mmke-entity/qwen2.5-vl-3b;mmke-entity/smolvlm-1.7b;mmke-visual/blip2-opt-2.7b;mmke-visual/instructblip-vicuna-7b;mmke-visual/minigpt-4-vicuna-7b;mmke-visual/paligemma-3b;mmke-visual/qwen2.5-vl-3b;mmke-visual/smolvlm-1.7b
recorded,power_a0.5_b-0.5_g2,M_abscos_x_newn,1,15,False,17,64.5504,73.3024,-8.751999999999999,64.5504,-8.751999999999999,2,0,13,1,11,-1.7399999999999949,-43.77,9.440000000000005,0,evqa-pilot500/minigpt-4-vicuna-7b;evqa-pilot500/paligemma-3b;evqa-pilot500/qwen2.5-vl-3b;evqa-pilot500/smolvlm-1.7b;mmke-entity/instructblip-vicuna-7b;mmke-entity/minigpt-4-vicuna-7b;mmke-entity/paligemma-3b;mmke-entity/qwen2.5-vl-3b;mmke-entity/smolvlm-1.7b;mmke-visual/blip2-opt-2.7b;mmke-visual/instructblip-vicuna-7b;mmke-visual/minigpt-4-vicuna-7b;mmke-visual/paligemma-3b;mmke-visual/qwen2.5-vl-3b;mmke-visual/smolvlm-1.7b
recorded,power_a0.5_b-0.5_g2,M_abscos_x_newn,3,9,False,17,70.81066666666666,75.014,-4.203333333333333,65.93155555555555,-5.740962962962965,2,0,7,1,7,-1.75,-21.660000000000004,1.9399999999999977,0,evqa-pilot500/minigpt-4-vicuna-7b;evqa-pilot500/paligemma-3b;evqa-pilot500/smolvlm-1.7b;mmke-entity/instructblip-vicuna-7b;mmke-entity/paligemma-3b;mmke-entity/smolvlm-1.7b;mmke-visual/blip2-opt-2.7b;mmke-visual/minigpt-4-vicuna-7b;mmke-visual/smolvlm-1.7b
recorded,power_a0.5_b-0.5_g2,M_new_norm,1,15,False,17,64.5504,73.07626666666667,-8.525866666666666,64.5504,-8.525866666666666,3,0,12,3,11,-1.7399999999999949,-43.77,9.440000000000005,0,evqa-pilot500/minigpt-4-vicuna-7b;evqa-pilot500/paligemma-3b;evqa-pilot500/qwen2.5-vl-3b;evqa-pilot500/smolvlm-1.7b;mmke-entity/instructblip-vicuna-7b;mmke-entity/minigpt-4-vicuna-7b;mmke-entity/paligemma-3b;mmke-entity/qwen2.5-vl-3b;mmke-entity/smolvlm-1.7b;mmke-visual/blip2-opt-2.7b;mmke-visual/instructblip-vicuna-7b;mmke-visual/minigpt-4-vicuna-7b;mmke-visual/paligemma-3b;mmke-visual/qwen2.5-vl-3b;mmke-visual/smolvlm-1.7b
recorded,power_a0.5_b-0.5_g2,M_new_norm,3,9,False,17,70.81066666666666,75.61377777777778,-4.803111111111111,65.93155555555555,-6.008000000000001,2,0,7,1,7,-1.6239999999999952,-21.660000000000004,1.9399999999999977,0,evqa-pilot500/minigpt-4-vicuna-7b;evqa-pilot500/paligemma-3b;evqa-pilot500/smolvlm-1.7b;mmke-entity/instructblip-vicuna-7b;mmke-entity/paligemma-3b;mmke-entity/smolvlm-1.7b;mmke-visual/blip2-opt-2.7b;mmke-visual/minigpt-4-vicuna-7b;mmke-visual/smolvlm-1.7b
recorded,power_a0.5_b0_g-1,M_abscos_x_newn,1,15,False,17,64.82053333333333,69.78706666666666,-4.966533333333334,64.82053333333333,-4.966533333333334,1,8,6,1,5,0.0,-70.81,1.0100000000000051,0.2,evqa-pilot500/blip2-opt-2.7b;evqa-pilot500/minigpt-4-vicuna-7b;evqa-pilot500/qwen2.5-vl-3b;evqa-pilot500/smolvlm-1.7b;mmke-entity/blip2-opt-2.7b;mmke-entity/instructblip-vicuna-7b;mmke-entity/minigpt-4-vicuna-7b;mmke-entity/paligemma-3b;mmke-entity/qwen2.5-vl-3b;mmke-entity/smolvlm-1.7b;mmke-visual/blip2-opt-2.7b;mmke-visual/instructblip-vicuna-7b;mmke-visual/minigpt-4-vicuna-7b;mmke-visual/qwen2.5-vl-3b;mmke-visual/smolvlm-1.7b
recorded,power_a0.5_b0_g-1,M_abscos_x_newn,3,15,False,17,71.39786666666667,71.61240000000001,-0.21453333333333405,67.24106666666667,-1.9289333333333345,1,10,4,1,3,0.0,-7.275999999999996,6.1640000000000015,0.3333333333333333,evqa-pilot500/blip2-opt-2.7b;evqa-pilot500/minigpt-4-vicuna-7b;evqa-pilot500/qwen2.5-vl-3b;evqa-pilot500/smolvlm-1.7b;mmke-entity/blip2-opt-2.7b;mmke-entity/instructblip-vicuna-7b;mmke-entity/minigpt-4-vicuna-7b;mmke-entity/paligemma-3b;mmke-entity/qwen2.5-vl-3b;mmke-entity/smolvlm-1.7b;mmke-visual/blip2-opt-2.7b;mmke-visual/instructblip-vicuna-7b;mmke-visual/minigpt-4-vicuna-7b;mmke-visual/qwen2.5-vl-3b;mmke-visual/smolvlm-1.7b
recorded,power_a0.5_b0_g-1,M_new_norm,1,15,False,17,64.82053333333333,69.5312,-4.7106666666666674,64.82053333333333,-4.7106666666666674,1,12,2,1,2,0.0,-70.81,1.0100000000000051,0.2,evqa-pilot500/blip2-opt-2.7b;evqa-pilot500/minigpt-4-vicuna-7b;evqa-pilot500/qwen2.5-vl-3b;evqa-pilot500/smolvlm-1.7b;mmke-entity/blip2-opt-2.7b;mmke-entity/instructblip-vicuna-7b;mmke-entity/minigpt-4-vicuna-7b;mmke-entity/paligemma-3b;mmke-entity/qwen2.5-vl-3b;mmke-entity/smolvlm-1.7b;mmke-visual/blip2-opt-2.7b;mmke-visual/instructblip-vicuna-7b;mmke-visual/minigpt-4-vicuna-7b;mmke-visual/qwen2.5-vl-3b;mmke-visual/smolvlm-1.7b
recorded,power_a0.5_b0_g-1,M_new_norm,3,15,False,17,71.39786666666667,71.88293333333334,-0.4850666666666664,67.24106666666667,-1.9939111111111112,0,14,1,0,1,0.0,-7.275999999999996,0.0,0.3333333333333333,evqa-pilot500/blip2-opt-2.7b;evqa-pilot500/minigpt-4-vicuna-7b;evqa-pilot500/qwen2.5-vl-3b;evqa-pilot500/smolvlm-1.7b;mmke-entity/blip2-opt-2.7b;mmke-entity/instructblip-vicuna-7b;mmke-entity/minigpt-4-vicuna-7b;mmke-entity/paligemma-3b;mmke-entity/qwen2.5-vl-3b;mmke-entity/smolvlm-1.7b;mmke-visual/blip2-opt-2.7b;mmke-visual/instructblip-vicuna-7b;mmke-visual/minigpt-4-vicuna-7b;mmke-visual/qwen2.5-vl-3b;mmke-visual/smolvlm-1.7b
recorded,power_a0.5_b0_g0,M_abscos_x_newn,1,16,False,17,72.20675,71.73325,0.4735000000000005,72.20675,0.4735000000000005,1,13,2,1,2,0.0,-1.1400000000000006,9.474000000000004,0.1875,evqa-pilot500/blip2-opt-2.7b;evqa-pilot500/minigpt-4-vicuna-7b;evqa-pilot500/paligemma-3b;evqa-pilot500/qwen2.5-vl-3b;evqa-pilot500/smolvlm-1.7b;mmke-entity/blip2-opt-2.7b;mmke-entity/instructblip-vicuna-7b;mmke-entity/paligemma-3b;mmke-entity/qwen2.5-vl-3b;mmke-entity/smolvlm-1.7b;mmke-visual/blip2-opt-2.7b;mmke-visual/instructblip-vicuna-7b;mmke-visual/minigpt-4-vicuna-7b;mmke-visual/paligemma-3b;mmke-visual/qwen2.5-vl-3b;mmke-visual/smolvlm-1.7b
recorded,power_a0.5_b0_g0,M_abscos_x_newn,3,16,False,17,74.15925,73.93075,0.22849999999999993,71.386625,0.22429166666666633,1,13,2,1,0,0.0,-0.24800000000000466,4.094000000000008,0.375,evqa-pilot500/blip2-opt-2.7b;evqa-pilot500/minigpt-4-vicuna-7b;evqa-pilot500/paligemma-3b;evqa-pilot500/qwen2.5-vl-3b;evqa-pilot500/smolvlm-1.7b;mmke-entity/blip2-opt-2.7b;mmke-entity/instructblip-vicuna-7b;mmke-entity/paligemma-3b;mmke-entity/qwen2.5-vl-3b;mmke-entity/smolvlm-1.7b;mmke-visual/blip2-opt-2.7b;mmke-visual/instructblip-vicuna-7b;mmke-visual/minigpt-4-vicuna-7b;mmke-visual/paligemma-3b;mmke-visual/qwen2.5-vl-3b;mmke-visual/smolvlm-1.7b
recorded,power_a0.5_b0_g0,M_new_norm,1,16,False,17,72.20675,71.55175,0.6550000000000007,72.20675,0.6550000000000007,2,12,2,1,0,0.0,-0.44599999999999795,11.204000000000008,0.1875,evqa-pilot500/blip2-opt-2.7b;evqa-pilot500/minigpt-4-vicuna-7b;evqa-pilot500/paligemma-3b;evqa-pilot500/qwen2.5-vl-3b;evqa-pilot500/smolvlm-1.7b;mmke-entity/blip2-opt-2.7b;mmke-entity/instructblip-vicuna-7b;mmke-entity/paligemma-3b;mmke-entity/qwen2.5-vl-3b;mmke-entity/smolvlm-1.7b;mmke-visual/blip2-opt-2.7b;mmke-visual/instructblip-vicuna-7b;mmke-visual/minigpt-4-vicuna-7b;mmke-visual/paligemma-3b;mmke-visual/qwen2.5-vl-3b;mmke-visual/smolvlm-1.7b
recorded,power_a0.5_b0_g0,M_new_norm,3,16,False,17,74.15925,74.215,-0.055749999999999744,71.386625,0.13554166666666712,2,13,1,2,1,0.0,-2.069999999999993,0.6599999999999966,0.375,evqa-pilot500/blip2-opt-2.7b;evqa-pilot500/minigpt-4-vicuna-7b;evqa-pilot500/paligemma-3b;evqa-pilot500/qwen2.5-vl-3b;evqa-pilot500/smolvlm-1.7b;mmke-entity/blip2-opt-2.7b;mmke-entity/instructblip-vicuna-7b;mmke-entity/paligemma-3b;mmke-entity/qwen2.5-vl-3b;mmke-entity/smolvlm-1.7b;mmke-visual/blip2-opt-2.7b;mmke-visual/instructblip-vicuna-7b;mmke-visual/minigpt-4-vicuna-7b;mmke-visual/paligemma-3b;mmke-visual/qwen2.5-vl-3b;mmke-visual/smolvlm-1.7b
recorded,power_a0.5_b0_g0.5,M_abscos_x_newn,1,13,False,17,69.92138461538461,71.83569230769231,-1.9143076923076925,69.92138461538461,-1.9143076923076925,2,6,5,2,4,0.0,-20.540000000000006,14.930000000000007,0,evqa-pilot500/blip2-opt-2.7b;evqa-pilot500/minigpt-4-vicuna-7b;evqa-pilot500/paligemma-3b;evqa-pilot500/qwen2.5-vl-3b;evqa-pilot500/smolvlm-1.7b;mmke-entity/blip2-opt-2.7b;mmke-entity/instructblip-vicuna-7b;mmke-entity/minigpt-4-vicuna-7b;mmke-entity/paligemma-3b;mmke-visual/blip2-opt-2.7b;mmke-visual/instructblip-vicuna-7b;mmke-visual/paligemma-3b;mmke-visual/smolvlm-1.7b
recorded,power_a0.5_b0_g0.5,M_abscos_x_newn,3,9,False,17,76.53777777777778,77.70400000000001,-1.166222222222224,74.64666666666666,-0.6840740740740764,0,3,6,0,4,-0.21600000000000819,-7.549999999999997,0.0,0.1111111111111111,evqa-pilot500/minigpt-4-vicuna-7b;evqa-pilot500/paligemma-3b;evqa-pilot500/qwen2.5-vl-3b;mmke-entity/blip2-opt-2.7b;mmke-entity/minigpt-4-vicuna-7b;mmke-entity/paligemma-3b;mmke-visual/blip2-opt-2.7b;mmke-visual/paligemma-3b;mmke-visual/smolvlm-1.7b
recorded,power_a0.5_b0_g0.5,M_new_norm,1,13,False,17,69.92138461538461,71.634,-1.7126153846153842,69.92138461538461,-1.7126153846153842,5,3,5,4,4,0.0,-20.540000000000006,14.930000000000007,0,evqa-pilot500/blip2-opt-2.7b;evqa-pilot500/minigpt-4-vicuna-7b;evqa-pilot500/paligemma-3b;evqa-pilot500/qwen2.5-vl-3b;evqa-pilot500/smolvlm-1.7b;mmke-entity/blip2-opt-2.7b;mmke-entity/instructblip-vicuna-7b;mmke-entity/minigpt-4-vicuna-7b;mmke-entity/paligemma-3b;mmke-visual/blip2-opt-2.7b;mmke-visual/instructblip-vicuna-7b;mmke-visual/paligemma-3b;mmke-visual/smolvlm-1.7b
recorded,power_a0.5_b0_g0.5,M_new_norm,3,9,False,17,76.53777777777778,78.24,-1.702222222222223,74.64666666666666,-0.8791111111111126,2,3,4,1,4,0.0,-7.549999999999997,0.6599999999999966,0.1111111111111111,evqa-pilot500/minigpt-4-vicuna-7b;evqa-pilot500/paligemma-3b;evqa-pilot500/qwen2.5-vl-3b;mmke-entity/blip2-opt-2.7b;mmke-entity/minigpt-4-vicuna-7b;mmke-entity/paligemma-3b;mmke-visual/blip2-opt-2.7b;mmke-visual/paligemma-3b;mmke-visual/smolvlm-1.7b
recorded,power_a0.5_b0_g1,M_abscos_x_newn,1,15,False,17,70.63426666666666,72.09106666666666,-1.4568000000000008,70.63426666666666,-1.4568000000000008,5,4,6,4,6,0.0,-22.24000000000001,14.88000000000001,0.06666666666666667,evqa-pilot500/blip2-opt-2.7b;evqa-pilot500/minigpt-4-vicuna-7b;evqa-pilot500/paligemma-3b;evqa-pilot500/qwen2.5-vl-3b;mmke-entity/blip2-opt-2.7b;mmke-entity/instructblip-vicuna-7b;mmke-entity/minigpt-4-vicuna-7b;mmke-entity/paligemma-3b;mmke-entity/smolvlm-1.7b;mmke-visual/blip2-opt-2.7b;mmke-visual/instructblip-vicuna-7b;mmke-visual/minigpt-4-vicuna-7b;mmke-visual/paligemma-3b;mmke-visual/qwen2.5-vl-3b;mmke-visual/smolvlm-1.7b
recorded,power_a0.5_b0_g1,M_abscos_x_newn,3,12,False,17,72.817,75.85016666666667,-3.0331666666666703,71.68222222222222,-1.3216111111111146,2,3,7,1,5,-0.22700000000000742,-21.60000000000001,16.685999999999993,0,evqa-pilot500/blip2-opt-2.7b;evqa-pilot500/paligemma-3b;evqa-pilot500/qwen2.5-vl-3b;mmke-entity/blip2-opt-2.7b;mmke-entity/instructblip-vicuna-7b;mmke-entity/minigpt-4-vicuna-7b;mmke-entity/paligemma-3b;mmke-visual/blip2-opt-2.7b;mmke-visual/instructblip-vicuna-7b;mmke-visual/minigpt-4-vicuna-7b;mmke-visual/paligemma-3b;mmke-visual/smolvlm-1.7b
recorded,power_a0.5_b0_g1,M_new_norm,1,15,False,17,70.63426666666666,71.86493333333334,-1.2306666666666672,70.63426666666666,-1.2306666666666672,7,1,7,5,6,0.0,-22.24000000000001,14.88000000000001,0.06666666666666667,evqa-pilot500/blip2-opt-2.7b;evqa-pilot500/minigpt-4-vicuna-7b;evqa-pilot500/paligemma-3b;evqa-pilot500/qwen2.5-vl-3b;mmke-entity/blip2-opt-2.7b;mmke-entity/instructblip-vicuna-7b;mmke-entity/minigpt-4-vicuna-7b;mmke-entity/paligemma-3b;mmke-entity/smolvlm-1.7b;mmke-visual/blip2-opt-2.7b;mmke-visual/instructblip-vicuna-7b;mmke-visual/minigpt-4-vicuna-7b;mmke-visual/paligemma-3b;mmke-visual/qwen2.5-vl-3b;mmke-visual/smolvlm-1.7b
recorded,power_a0.5_b0_g1,M_new_norm,3,12,False,17,72.817,75.67466666666667,-2.857666666666669,71.68222222222222,-1.1375000000000022,4,2,6,2,5,-0.132000000000005,-21.60000000000001,16.685999999999993,0,evqa-pilot500/blip2-opt-2.7b;evqa-pilot500/paligemma-3b;evqa-pilot500/qwen2.5-vl-3b;mmke-entity/blip2-opt-2.7b;mmke-entity/instructblip-vicuna-7b;mmke-entity/minigpt-4-vicuna-7b;mmke-entity/paligemma-3b;mmke-visual/blip2-opt-2.7b;mmke-visual/instructblip-vicuna-7b;mmke-visual/minigpt-4-vicuna-7b;mmke-visual/paligemma-3b;mmke-visual/smolvlm-1.7b
recorded,power_a0.5_b0_g2,M_abscos_x_newn,1,16,False,17,71.36625000000001,72.74975,-1.3834999999999984,71.36625000000001,-1.3834999999999984,4,2,10,3,8,-0.43499999999999517,-22.24000000000001,17.439999999999998,0.125,evqa-pilot500/blip2-opt-2.7b;evqa-pilot500/paligemma-3b;evqa-pilot500/qwen2.5-vl-3b;evqa-pilot500/smolvlm-1.7b;mmke-entity/blip2-opt-2.7b;mmke-entity/instructblip-vicuna-7b;mmke-entity/minigpt-4-vicuna-7b;mmke-entity/paligemma-3b;mmke-entity/qwen2.5-vl-3b;mmke-entity/smolvlm-1.7b;mmke-visual/blip2-opt-2.7b;mmke-visual/instructblip-vicuna-7b;mmke-visual/minigpt-4-vicuna-7b;mmke-visual/paligemma-3b;mmke-visual/qwen2.5-vl-3b;mmke-visual/smolvlm-1.7b
recorded,power_a0.5_b0_g2,M_abscos_x_newn,3,15,False,17,72.01733333333334,74.53013333333334,-2.5128000000000013,69.8279111111111,-2.014622222222226,4,1,10,2,9,-0.980000000000004,-21.60000000000001,17.093999999999994,0.13333333333333333,evqa-pilot500/blip2-opt-2.7b;evqa-pilot500/paligemma-3b;evqa-pilot500/qwen2.5-vl-3b;evqa-pilot500/smolvlm-1.7b;mmke-entity/blip2-opt-2.7b;mmke-entity/instructblip-vicuna-7b;mmke-entity/paligemma-3b;mmke-entity/qwen2.5-vl-3b;mmke-entity/smolvlm-1.7b;mmke-visual/blip2-opt-2.7b;mmke-visual/instructblip-vicuna-7b;mmke-visual/minigpt-4-vicuna-7b;mmke-visual/paligemma-3b;mmke-visual/qwen2.5-vl-3b;mmke-visual/smolvlm-1.7b
recorded,power_a0.5_b0_g2,M_new_norm,1,16,False,17,71.36625000000001,72.645875,-1.2796249999999985,71.36625000000001,-1.2796249999999985,6,0,10,4,9,-0.6579999999999941,-22.24000000000001,17.439999999999998,0.125,evqa-pilot500/blip2-opt-2.7b;evqa-pilot500/paligemma-3b;evqa-pilot500/qwen2.5-vl-3b;evqa-pilot500/smolvlm-1.7b;mmke-entity/blip2-opt-2.7b;mmke-entity/instructblip-vicuna-7b;mmke-entity/minigpt-4-vicuna-7b;mmke-entity/paligemma-3b;mmke-entity/qwen2.5-vl-3b;mmke-entity/smolvlm-1.7b;mmke-visual/blip2-opt-2.7b;mmke-visual/instructblip-vicuna-7b;mmke-visual/minigpt-4-vicuna-7b;mmke-visual/paligemma-3b;mmke-visual/qwen2.5-vl-3b;mmke-visual/smolvlm-1.7b
recorded,power_a0.5_b0_g2,M_new_norm,3,15,False,17,72.01733333333334,74.4224,-2.405066666666668,69.8279111111111,-1.8970222222222253,5,0,10,3,9,-0.980000000000004,-21.60000000000001,17.093999999999994,0.13333333333333333,evqa-pilot500/blip2-opt-2.7b;evqa-pilot500/paligemma-3b;evqa-pilot500/qwen2.5-vl-3b;evqa-pilot500/smolvlm-1.7b;mmke-entity/blip2-opt-2.7b;mmke-entity/instructblip-vicuna-7b;mmke-entity/paligemma-3b;mmke-entity/qwen2.5-vl-3b;mmke-entity/smolvlm-1.7b;mmke-visual/blip2-opt-2.7b;mmke-visual/instructblip-vicuna-7b;mmke-visual/minigpt-4-vicuna-7b;mmke-visual/paligemma-3b;mmke-visual/qwen2.5-vl-3b;mmke-visual/smolvlm-1.7b
recorded,power_a0.5_b0.5_g-1,M_abscos_x_newn,1,15,False,17,64.82053333333333,69.78706666666666,-4.966533333333334,64.82053333333333,-4.966533333333334,1,8,6,1,5,0.0,-70.81,1.0100000000000051,0.2,evqa-pilot500/blip2-opt-2.7b;evqa-pilot500/minigpt-4-vicuna-7b;evqa-pilot500/qwen2.5-vl-3b;evqa-pilot500/smolvlm-1.7b;mmke-entity/blip2-opt-2.7b;mmke-entity/instructblip-vicuna-7b;mmke-entity/minigpt-4-vicuna-7b;mmke-entity/paligemma-3b;mmke-entity/qwen2.5-vl-3b;mmke-entity/smolvlm-1.7b;mmke-visual/blip2-opt-2.7b;mmke-visual/instructblip-vicuna-7b;mmke-visual/minigpt-4-vicuna-7b;mmke-visual/qwen2.5-vl-3b;mmke-visual/smolvlm-1.7b
recorded,power_a0.5_b0.5_g-1,M_abscos_x_newn,3,15,False,17,71.39786666666667,71.61240000000001,-0.21453333333333405,67.24106666666667,-1.9289333333333345,1,10,4,1,3,0.0,-7.275999999999996,6.1640000000000015,0.3333333333333333,evqa-pilot500/blip2-opt-2.7b;evqa-pilot500/minigpt-4-vicuna-7b;evqa-pilot500/qwen2.5-vl-3b;evqa-pilot500/smolvlm-1.7b;mmke-entity/blip2-opt-2.7b;mmke-entity/instructblip-vicuna-7b;mmke-entity/minigpt-4-vicuna-7b;mmke-entity/paligemma-3b;mmke-entity/qwen2.5-vl-3b;mmke-entity/smolvlm-1.7b;mmke-visual/blip2-opt-2.7b;mmke-visual/instructblip-vicuna-7b;mmke-visual/minigpt-4-vicuna-7b;mmke-visual/qwen2.5-vl-3b;mmke-visual/smolvlm-1.7b
recorded,power_a0.5_b0.5_g-1,M_new_norm,1,15,False,17,64.82053333333333,69.5312,-4.7106666666666674,64.82053333333333,-4.7106666666666674,1,12,2,1,2,0.0,-70.81,1.0100000000000051,0.2,evqa-pilot500/blip2-opt-2.7b;evqa-pilot500/minigpt-4-vicuna-7b;evqa-pilot500/qwen2.5-vl-3b;evqa-pilot500/smolvlm-1.7b;mmke-entity/blip2-opt-2.7b;mmke-entity/instructblip-vicuna-7b;mmke-entity/minigpt-4-vicuna-7b;mmke-entity/paligemma-3b;mmke-entity/qwen2.5-vl-3b;mmke-entity/smolvlm-1.7b;mmke-visual/blip2-opt-2.7b;mmke-visual/instructblip-vicuna-7b;mmke-visual/minigpt-4-vicuna-7b;mmke-visual/qwen2.5-vl-3b;mmke-visual/smolvlm-1.7b
recorded,power_a0.5_b0.5_g-1,M_new_norm,3,15,False,17,71.39786666666667,71.88293333333334,-0.4850666666666664,67.24106666666667,-1.9939111111111112,0,14,1,0,1,0.0,-7.275999999999996,0.0,0.3333333333333333,evqa-pilot500/blip2-opt-2.7b;evqa-pilot500/minigpt-4-vicuna-7b;evqa-pilot500/qwen2.5-vl-3b;evqa-pilot500/smolvlm-1.7b;mmke-entity/blip2-opt-2.7b;mmke-entity/instructblip-vicuna-7b;mmke-entity/minigpt-4-vicuna-7b;mmke-entity/paligemma-3b;mmke-entity/qwen2.5-vl-3b;mmke-entity/smolvlm-1.7b;mmke-visual/blip2-opt-2.7b;mmke-visual/instructblip-vicuna-7b;mmke-visual/minigpt-4-vicuna-7b;mmke-visual/qwen2.5-vl-3b;mmke-visual/smolvlm-1.7b
recorded,power_a0.5_b0.5_g0,M_abscos_x_newn,1,17,True,17,72.42717647058824,71.97388235294117,0.4532941176470594,72.42717647058824,0.4532941176470594,2,12,3,1,3,0.0,-0.8500000000000014,9.474000000000004,0.17647058823529413,evqa-pilot500/blip2-opt-2.7b;evqa-pilot500/minigpt-4-vicuna-7b;evqa-pilot500/paligemma-3b;evqa-pilot500/qwen2.5-vl-3b;evqa-pilot500/smolvlm-1.7b;mmke-entity/blip2-opt-2.7b;mmke-entity/instructblip-vicuna-7b;mmke-entity/minigpt-4-vicuna-7b;mmke-entity/paligemma-3b;mmke-entity/qwen2.5-vl-3b;mmke-entity/smolvlm-1.7b;mmke-visual/blip2-opt-2.7b;mmke-visual/instructblip-vicuna-7b;mmke-visual/minigpt-4-vicuna-7b;mmke-visual/paligemma-3b;mmke-visual/qwen2.5-vl-3b;mmke-visual/smolvlm-1.7b
recorded,power_a0.5_b0.5_g0,M_abscos_x_newn,3,17,True,17,74.28094117647059,74.05482352941176,0.22611764705882276,71.79788235294117,0.36305882352941077,1,13,3,1,3,0.0,-0.8500000000000014,6.1640000000000015,0.35294117647058826,evqa-pilot500/blip2-opt-2.7b;evqa-pilot500/minigpt-4-vicuna-7b;evqa-pilot500/paligemma-3b;evqa-pilot500/qwen2.5-vl-3b;evqa-pilot500/smolvlm-1.7b;mmke-entity/blip2-opt-2.7b;mmke-entity/instructblip-vicuna-7b;mmke-entity/minigpt-4-vicuna-7b;mmke-entity/paligemma-3b;mmke-entity/qwen2.5-vl-3b;mmke-entity/smolvlm-1.7b;mmke-visual/blip2-opt-2.7b;mmke-visual/instructblip-vicuna-7b;mmke-visual/minigpt-4-vicuna-7b;mmke-visual/paligemma-3b;mmke-visual/qwen2.5-vl-3b;mmke-visual/smolvlm-1.7b
recorded,power_a0.5_b0.5_g0,M_new_norm,1,17,True,17,72.42717647058824,71.77435294117647,0.6528235294117655,72.42717647058824,0.6528235294117655,1,15,1,1,0,0.0,-0.10599999999999454,11.204000000000008,0.17647058823529413,evqa-pilot500/blip2-opt-2.7b;evqa-pilot500/minigpt-4-vicuna-7b;evqa-pilot500/paligemma-3b;evqa-pilot500/qwen2.5-vl-3b;evqa-pilot500/smolvlm-1.7b;mmke-entity/blip2-opt-2.7b;mmke-entity/instructblip-vicuna-7b;mmke-entity/minigpt-4-vicuna-7b;mmke-entity/paligemma-3b;mmke-entity/qwen2.5-vl-3b;mmke-entity/smolvlm-1.7b;mmke-visual/blip2-opt-2.7b;mmke-visual/instructblip-vicuna-7b;mmke-visual/minigpt-4-vicuna-7b;mmke-visual/paligemma-3b;mmke-visual/qwen2.5-vl-3b;mmke-visual/smolvlm-1.7b
recorded,power_a0.5_b0.5_g0,M_new_norm,3,17,True,17,74.28094117647059,74.29352941176471,-0.012588235294117567,71.79788235294117,0.3057254901960784,0,16,1,0,0,0.0,-0.21399999999999864,0.0,0.35294117647058826,evqa-pilot500/blip2-opt-2.7b;evqa-pilot500/minigpt-4-vicuna-7b;evqa-pilot500/paligemma-3b;evqa-pilot500/qwen2.5-vl-3b;evqa-pilot500/smolvlm-1.7b;mmke-entity/blip2-opt-2.7b;mmke-entity/instructblip-vicuna-7b;mmke-entity/minigpt-4-vicuna-7b;mmke-entity/paligemma-3b;mmke-entity/qwen2.5-vl-3b;mmke-entity/smolvlm-1.7b;mmke-visual/blip2-opt-2.7b;mmke-visual/instructblip-vicuna-7b;mmke-visual/minigpt-4-vicuna-7b;mmke-visual/paligemma-3b;mmke-visual/qwen2.5-vl-3b;mmke-visual/smolvlm-1.7b
recorded,power_a0.5_b0.5_g0.5,M_abscos_x_newn,1,13,False,17,72.23630769230769,72.34738461538461,-0.11107692307692273,72.23630769230769,-0.11107692307692273,3,7,3,2,2,0.0,-5.560000000000002,4.300000000000004,0,evqa-pilot500/blip2-opt-2.7b;evqa-pilot500/minigpt-4-vicuna-7b;evqa-pilot500/paligemma-3b;evqa-pilot500/qwen2.5-vl-3b;evqa-pilot500/smolvlm-1.7b;mmke-entity/blip2-opt-2.7b;mmke-entity/minigpt-4-vicuna-7b;mmke-entity/paligemma-3b;mmke-entity/smolvlm-1.7b;mmke-visual/blip2-opt-2.7b;mmke-visual/minigpt-4-vicuna-7b;mmke-visual/paligemma-3b;mmke-visual/qwen2.5-vl-3b
recorded,power_a0.5_b0.5_g0.5,M_abscos_x_newn,3,11,False,17,74.60963636363637,75.242,-0.6323636363636367,72.30909090909091,-0.24545454545454637,2,5,4,1,2,0.0,-7.549999999999997,3.9540000000000006,0.09090909090909091,evqa-pilot500/blip2-opt-2.7b;evqa-pilot500/minigpt-4-vicuna-7b;evqa-pilot500/paligemma-3b;evqa-pilot500/qwen2.5-vl-3b;evqa-pilot500/smolvlm-1.7b;mmke-entity/blip2-opt-2.7b;mmke-entity/paligemma-3b;mmke-visual/blip2-opt-2.7b;mmke-visual/minigpt-4-vicuna-7b;mmke-visual/paligemma-3b;mmke-visual/qwen2.5-vl-3b
recorded,power_a0.5_b0.5_g0.5,M_new_norm,1,13,False,17,72.23630769230769,72.08646153846153,0.14984615384615443,72.23630769230769,0.14984615384615443,6,4,3,4,1,0.0,-5.560000000000002,4.300000000000004,0,evqa-pilot500/blip2-opt-2.7b;evqa-pilot500/minigpt-4-vicuna-7b;evqa-pilot500/paligemma-3b;evqa-pilot500/qwen2.5-vl-3b;evqa-pilot500/smolvlm-1.7b;mmke-entity/blip2-opt-2.7b;mmke-entity/minigpt-4-vicuna-7b;mmke-entity/paligemma-3b;mmke-entity/smolvlm-1.7b;mmke-visual/blip2-opt-2.7b;mmke-visual/minigpt-4-vicuna-7b;mmke-visual/paligemma-3b;mmke-visual/qwen2.5-vl-3b
recorded,power_a0.5_b0.5_g0.5,M_new_norm,3,11,False,17,74.60963636363637,75.65545454545455,-1.0458181818181815,72.30909090909091,-0.3745454545454543,4,3,4,3,3,0.0,-7.549999999999997,3.9540000000000006,0.09090909090909091,evqa-pilot500/blip2-opt-2.7b;evqa-pilot500/minigpt-4-vicuna-7b;evqa-pilot500/paligemma-3b;evqa-pilot500/qwen2.5-vl-3b;evqa-pilot500/smolvlm-1.7b;mmke-entity/blip2-opt-2.7b;mmke-entity/paligemma-3b;mmke-visual/blip2-opt-2.7b;mmke-visual/minigpt-4-vicuna-7b;mmke-visual/paligemma-3b;mmke-visual/qwen2.5-vl-3b
recorded,power_a0.5_b0.5_g1,M_abscos_x_newn,1,13,False,17,70.73784615384615,71.87415384615385,-1.1363076923076922,70.73784615384615,-1.1363076923076922,4,4,5,3,4,0.0,-20.540000000000006,14.88000000000001,0,evqa-pilot500/blip2-opt-2.7b;evqa-pilot500/minigpt-4-vicuna-7b;evqa-pilot500/paligemma-3b;evqa-pilot500/qwen2.5-vl-3b;mmke-entity/blip2-opt-2.7b;mmke-entity/instructblip-vicuna-7b;mmke-entity/minigpt-4-vicuna-7b;mmke-entity/paligemma-3b;mmke-entity/smolvlm-1.7b;mmke-visual/blip2-opt-2.7b;mmke-visual/instructblip-vicuna-7b;mmke-visual/paligemma-3b;mmke-visual/smolvlm-1.7b
recorded,power_a0.5_b0.5_g1,M_abscos_x_newn,3,10,False,17,71.2652,76.3766,-5.111400000000002,69.6334,-3.259800000000002,0,2,8,0,5,-0.5470000000000041,-20.730000000000004,0.0,0,evqa-pilot500/minigpt-4-vicuna-7b;evqa-pilot500/paligemma-3b;evqa-pilot500/qwen2.5-vl-3b;mmke-entity/blip2-opt-2.7b;mmke-entity/instructblip-vicuna-7b;mmke-entity/paligemma-3b;mmke-visual/blip2-opt-2.7b;mmke-visual/instructblip-vicuna-7b;mmke-visual/paligemma-3b;mmke-visual/smolvlm-1.7b
recorded,power_a0.5_b0.5_g1,M_new_norm,1,13,False,17,70.73784615384615,71.67246153846153,-0.934615384615384,70.73784615384615,-0.934615384615384,6,2,5,5,3,0.0,-20.540000000000006,14.88000000000001,0,evqa-pilot500/blip2-opt-2.7b;evqa-pilot500/minigpt-4-vicuna-7b;evqa-pilot500/paligemma-3b;evqa-pilot500/qwen2.5-vl-3b;mmke-entity/blip2-opt-2.7b;mmke-entity/instructblip-vicuna-7b;mmke-entity/minigpt-4-vicuna-7b;mmke-entity/paligemma-3b;mmke-entity/smolvlm-1.7b;mmke-visual/blip2-opt-2.7b;mmke-visual/instructblip-vicuna-7b;mmke-visual/paligemma-3b;mmke-visual/smolvlm-1.7b
recorded,power_a0.5_b0.5_g1,M_new_norm,3,10,False,17,71.2652,76.908,-5.642800000000003,69.6334,-3.4798666666666684,1,2,7,1,5,-0.5470000000000041,-20.730000000000004,0.6599999999999966,0,evqa-pilot500/minigpt-4-vicuna-7b;evqa-pilot500/paligemma-3b;evqa-pilot500/qwen2.5-vl-3b;mmke-entity/blip2-opt-2.7b;mmke-entity/instructblip-vicuna-7b;mmke-entity/paligemma-3b;mmke-visual/blip2-opt-2.7b;mmke-visual/instructblip-vicuna-7b;mmke-visual/paligemma-3b;mmke-visual/smolvlm-1.7b
recorded,power_a0.5_b0.5_g2,M_abscos_x_newn,1,17,True,17,70.5355294117647,71.97388235294117,-1.4383529411764708,70.5355294117647,-1.4383529411764708,3,4,10,3,9,-0.5900000000000034,-22.24000000000001,15.64,0,evqa-pilot500/blip2-opt-2.7b;evqa-pilot500/minigpt-4-vicuna-7b;evqa-pilot500/paligemma-3b;evqa-pilot500/qwen2.5-vl-3b;evqa-pilot500/smolvlm-1.7b;mmke-entity/blip2-opt-2.7b;mmke-entity/instructblip-vicuna-7b;mmke-entity/minigpt-4-vicuna-7b;mmke-entity/paligemma-3b;mmke-entity/qwen2.5-vl-3b;mmke-entity/smolvlm-1.7b;mmke-visual/blip2-opt-2.7b;mmke-visual/instructblip-vicuna-7b;mmke-visual/minigpt-4-vicuna-7b;mmke-visual/paligemma-3b;mmke-visual/qwen2.5-vl-3b;mmke-visual/smolvlm-1.7b
recorded,power_a0.5_b0.5_g2,M_abscos_x_newn,3,14,False,17,73.98428571428572,75.113,-1.1287142857142867,72.87557142857143,0.13919047619047373,4,1,9,3,6,-0.3180000000000014,-21.60000000000001,17.093999999999994,0.14285714285714285,evqa-pilot500/blip2-opt-2.7b;evqa-pilot500/paligemma-3b;evqa-pilot500/qwen2.5-vl-3b;evqa-pilot500/smolvlm-1.7b;mmke-entity/blip2-opt-2.7b;mmke-entity/instructblip-vicuna-7b;mmke-entity/minigpt-4-vicuna-7b;mmke-entity/paligemma-3b;mmke-entity/qwen2.5-vl-3b;mmke-visual/blip2-opt-2.7b;mmke-visual/minigpt-4-vicuna-7b;mmke-visual/paligemma-3b;mmke-visual/qwen2.5-vl-3b;mmke-visual/smolvlm-1.7b
recorded,power_a0.5_b0.5_g2,M_new_norm,1,17,True,17,70.5355294117647,71.77435294117647,-1.2388235294117649,70.5355294117647,-1.2388235294117649,5,1,11,4,9,-0.5900000000000034,-22.24000000000001,15.64,0,evqa-pilot500/blip2-opt-2.7b;evqa-pilot500/minigpt-4-vicuna-7b;evqa-pilot500/paligemma-3b;evqa-pilot500/qwen2.5-vl-3b;evqa-pilot500/smolvlm-1.7b;mmke-entity/blip2-opt-2.7b;mmke-entity/instructblip-vicuna-7b;mmke-entity/minigpt-4-vicuna-7b;mmke-entity/paligemma-3b;mmke-entity/qwen2.5-vl-3b;mmke-entity/smolvlm-1.7b;mmke-visual/blip2-opt-2.7b;mmke-visual/instructblip-vicuna-7b;mmke-visual/minigpt-4-vicuna-7b;mmke-visual/paligemma-3b;mmke-visual/qwen2.5-vl-3b;mmke-visual/smolvlm-1.7b
recorded,power_a0.5_b0.5_g2,M_new_norm,3,14,False,17,73.98428571428572,74.96257142857142,-0.9782857142857141,72.87557142857143,0.29699999999999854,6,0,8,4,6,-0.30299999999999727,-21.60000000000001,17.093999999999994,0.14285714285714285,evqa-pilot500/blip2-opt-2.7b;evqa-pilot500/paligemma-3b;evqa-pilot500/qwen2.5-vl-3b;evqa-pilot500/smolvlm-1.7b;mmke-entity/blip2-opt-2.7b;mmke-entity/instructblip-vicuna-7b;mmke-entity/minigpt-4-vicuna-7b;mmke-entity/paligemma-3b;mmke-entity/qwen2.5-vl-3b;mmke-visual/blip2-opt-2.7b;mmke-visual/minigpt-4-vicuna-7b;mmke-visual/paligemma-3b;mmke-visual/qwen2.5-vl-3b;mmke-visual/smolvlm-1.7b
recorded,power_a0.5_b1_g-1,M_abscos_x_newn,1,15,False,17,64.82053333333333,69.78706666666666,-4.966533333333334,64.82053333333333,-4.966533333333334,1,8,6,1,5,0.0,-70.81,1.0100000000000051,0.2,evqa-pilot500/blip2-opt-2.7b;evqa-pilot500/minigpt-4-vicuna-7b;evqa-pilot500/qwen2.5-vl-3b;evqa-pilot500/smolvlm-1.7b;mmke-entity/blip2-opt-2.7b;mmke-entity/instructblip-vicuna-7b;mmke-entity/minigpt-4-vicuna-7b;mmke-entity/paligemma-3b;mmke-entity/qwen2.5-vl-3b;mmke-entity/smolvlm-1.7b;mmke-visual/blip2-opt-2.7b;mmke-visual/instructblip-vicuna-7b;mmke-visual/minigpt-4-vicuna-7b;mmke-visual/qwen2.5-vl-3b;mmke-visual/smolvlm-1.7b
recorded,power_a0.5_b1_g-1,M_abscos_x_newn,3,15,False,17,71.88293333333334,71.61240000000001,0.27053333333333235,67.5543111111111,-1.6156888888888905,1,11,3,1,2,0.0,-0.8500000000000014,6.1640000000000015,0.3333333333333333,evqa-pilot500/blip2-opt-2.7b;evqa-pilot500/minigpt-4-vicuna-7b;evqa-pilot500/qwen2.5-vl-3b;evqa-pilot500/smolvlm-1.7b;mmke-entity/blip2-opt-2.7b;mmke-entity/instructblip-vicuna-7b;mmke-entity/minigpt-4-vicuna-7b;mmke-entity/paligemma-3b;mmke-entity/qwen2.5-vl-3b;mmke-entity/smolvlm-1.7b;mmke-visual/blip2-opt-2.7b;mmke-visual/instructblip-vicuna-7b;mmke-visual/minigpt-4-vicuna-7b;mmke-visual/qwen2.5-vl-3b;mmke-visual/smolvlm-1.7b
recorded,power_a0.5_b1_g-1,M_new_norm,1,15,False,17,64.82053333333333,69.5312,-4.7106666666666674,64.82053333333333,-4.7106666666666674,1,12,2,1,2,0.0,-70.81,1.0100000000000051,0.2,evqa-pilot500/blip2-opt-2.7b;evqa-pilot500/minigpt-4-vicuna-7b;evqa-pilot500/qwen2.5-vl-3b;evqa-pilot500/smolvlm-1.7b;mmke-entity/blip2-opt-2.7b;mmke-entity/instructblip-vicuna-7b;mmke-entity/minigpt-4-vicuna-7b;mmke-entity/paligemma-3b;mmke-entity/qwen2.5-vl-3b;mmke-entity/smolvlm-1.7b;mmke-visual/blip2-opt-2.7b;mmke-visual/instructblip-vicuna-7b;mmke-visual/minigpt-4-vicuna-7b;mmke-visual/qwen2.5-vl-3b;mmke-visual/smolvlm-1.7b
recorded,power_a0.5_b1_g-1,M_new_norm,3,15,False,17,71.88293333333334,71.88293333333334,0.0,67.5543111111111,-1.6806666666666672,0,15,0,0,0,0.0,0.0,0.0,0.3333333333333333,evqa-pilot500/blip2-opt-2.7b;evqa-pilot500/minigpt-4-vicuna-7b;evqa-pilot500/qwen2.5-vl-3b;evqa-pilot500/smolvlm-1.7b;mmke-entity/blip2-opt-2.7b;mmke-entity/instructblip-vicuna-7b;mmke-entity/minigpt-4-vicuna-7b;mmke-entity/paligemma-3b;mmke-entity/qwen2.5-vl-3b;mmke-entity/smolvlm-1.7b;mmke-visual/blip2-opt-2.7b;mmke-visual/instructblip-vicuna-7b;mmke-visual/minigpt-4-vicuna-7b;mmke-visual/qwen2.5-vl-3b;mmke-visual/smolvlm-1.7b
recorded,power_a0.5_b1_g0,M_abscos_x_newn,1,17,True,17,72.55517647058824,71.97388235294117,0.5812941176470587,72.55517647058824,0.5812941176470587,2,12,3,1,2,0.0,-0.8500000000000014,11.543999999999997,0.17647058823529413,evqa-pilot500/blip2-opt-2.7b;evqa-pilot500/minigpt-4-vicuna-7b;evqa-pilot500/paligemma-3b;evqa-pilot500/qwen2.5-vl-3b;evqa-pilot500/smolvlm-1.7b;mmke-entity/blip2-opt-2.7b;mmke-entity/instructblip-vicuna-7b;mmke-entity/minigpt-4-vicuna-7b;mmke-entity/paligemma-3b;mmke-entity/qwen2.5-vl-3b;mmke-entity/smolvlm-1.7b;mmke-visual/blip2-opt-2.7b;mmke-visual/instructblip-vicuna-7b;mmke-visual/minigpt-4-vicuna-7b;mmke-visual/paligemma-3b;mmke-visual/qwen2.5-vl-3b;mmke-visual/smolvlm-1.7b
recorded,power_a0.5_b1_g0,M_abscos_x_newn,3,17,True,17,74.29352941176471,74.05482352941176,0.23870588235294032,71.4921568627451,0.05733333333333235,1,13,3,1,2,0.0,-0.8500000000000014,6.1640000000000015,0.35294117647058826,evqa-pilot500/blip2-opt-2.7b;evqa-pilot500/minigpt-4-vicuna-7b;evqa-pilot500/paligemma-3b;evqa-pilot500/qwen2.5-vl-3b;evqa-pilot500/smolvlm-1.7b;mmke-entity/blip2-opt-2.7b;mmke-entity/instructblip-vicuna-7b;mmke-entity/minigpt-4-vicuna-7b;mmke-entity/paligemma-3b;mmke-entity/qwen2.5-vl-3b;mmke-entity/smolvlm-1.7b;mmke-visual/blip2-opt-2.7b;mmke-visual/instructblip-vicuna-7b;mmke-visual/minigpt-4-vicuna-7b;mmke-visual/paligemma-3b;mmke-visual/qwen2.5-vl-3b;mmke-visual/smolvlm-1.7b
recorded,power_a0.5_b1_g0,M_new_norm,1,17,True,17,72.55517647058824,71.77435294117647,0.7808235294117648,72.55517647058824,0.7808235294117648,1,16,0,1,0,0.0,0.0,13.274000000000001,0.17647058823529413,evqa-pilot500/blip2-opt-2.7b;evqa-pilot500/minigpt-4-vicuna-7b;evqa-pilot500/paligemma-3b;evqa-pilot500/qwen2.5-vl-3b;evqa-pilot500/smolvlm-1.7b;mmke-entity/blip2-opt-2.7b;mmke-entity/instructblip-vicuna-7b;mmke-entity/minigpt-4-vicuna-7b;mmke-entity/paligemma-3b;mmke-entity/qwen2.5-vl-3b;mmke-entity/smolvlm-1.7b;mmke-visual/blip2-opt-2.7b;mmke-visual/instructblip-vicuna-7b;mmke-visual/minigpt-4-vicuna-7b;mmke-visual/paligemma-3b;mmke-visual/qwen2.5-vl-3b;mmke-visual/smolvlm-1.7b
recorded,power_a0.5_b1_g0,M_new_norm,3,17,True,17,74.29352941176471,74.29352941176471,0.0,71.4921568627451,0.0,0,17,0,0,0,0.0,0.0,0.0,0.35294117647058826,evqa-pilot500/blip2-opt-2.7b;evqa-pilot500/minigpt-4-vicuna-7b;evqa-pilot500/paligemma-3b;evqa-pilot500/qwen2.5-vl-3b;evqa-pilot500/smolvlm-1.7b;mmke-entity/blip2-opt-2.7b;mmke-entity/instructblip-vicuna-7b;mmke-entity/minigpt-4-vicuna-7b;mmke-entity/paligemma-3b;mmke-entity/qwen2.5-vl-3b;mmke-entity/smolvlm-1.7b;mmke-visual/blip2-opt-2.7b;mmke-visual/instructblip-vicuna-7b;mmke-visual/minigpt-4-vicuna-7b;mmke-visual/paligemma-3b;mmke-visual/qwen2.5-vl-3b;mmke-visual/smolvlm-1.7b
recorded,power_a0.5_b1_g0.5,M_abscos_x_newn,1,13,False,17,71.38184615384615,72.004,-0.6221538461538457,71.38184615384615,-0.6221538461538457,3,7,3,2,3,0.0,-11.199999999999996,4.300000000000004,0,evqa-pilot500/blip2-opt-2.7b;evqa-pilot500/minigpt-4-vicuna-7b;evqa-pilot500/paligemma-3b;evqa-pilot500/qwen2.5-vl-3b;evqa-pilot500/smolvlm-1.7b;mmke-entity/blip2-opt-2.7b;mmke-entity/paligemma-3b;mmke-entity/smolvlm-1.7b;mmke-visual/blip2-opt-2.7b;mmke-visual/minigpt-4-vicuna-7b;mmke-visual/paligemma-3b;mmke-visual/qwen2.5-vl-3b;mmke-visual/smolvlm-1.7b
recorded,power_a0.5_b1_g0.5,M_abscos_x_newn,3,12,False,17,74.675,74.8985,-0.223499999999999,72.6523888888889,0.23738888888888887,3,6,3,2,2,0.0,-7.549999999999997,4.094000000000008,0.08333333333333333,evqa-pilot500/blip2-opt-2.7b;evqa-pilot500/minigpt-4-vicuna-7b;evqa-pilot500/paligemma-3b;evqa-pilot500/qwen2.5-vl-3b;evqa-pilot500/smolvlm-1.7b;mmke-entity/blip2-opt-2.7b;mmke-entity/paligemma-3b;mmke-entity/smolvlm-1.7b;mmke-visual/blip2-opt-2.7b;mmke-visual/minigpt-4-vicuna-7b;mmke-visual/paligemma-3b;mmke-visual/qwen2.5-vl-3b
recorded,power_a0.5_b1_g0.5,M_new_norm,1,13,False,17,71.38184615384615,71.78061538461539,-0.39876923076923004,71.38184615384615,-0.39876923076923004,5,4,4,4,2,0.0,-11.199999999999996,4.300000000000004,0,evqa-pilot500/blip2-opt-2.7b;evqa-pilot500/minigpt-4-vicuna-7b;evqa-pilot500/paligemma-3b;evqa-pilot500/qwen2.5-vl-3b;evqa-pilot500/smolvlm-1.7b;mmke-entity/blip2-opt-2.7b;mmke-entity/paligemma-3b;mmke-entity/smolvlm-1.7b;mmke-visual/blip2-opt-2.7b;mmke-visual/minigpt-4-vicuna-7b;mmke-visual/paligemma-3b;mmke-visual/qwen2.5-vl-3b;mmke-visual/smolvlm-1.7b
recorded,power_a0.5_b1_g0.5,M_new_norm,3,12,False,17,74.675,75.2775,-0.6024999999999986,72.6523888888889,0.11905555555555658,4,5,3,3,3,0.0,-7.549999999999997,3.9540000000000006,0.08333333333333333,evqa-pilot500/blip2-opt-2.7b;evqa-pilot500/minigpt-4-vicuna-7b;evqa-pilot500/paligemma-3b;evqa-pilot500/qwen2.5-vl-3b;evqa-pilot500/smolvlm-1.7b;mmke-entity/blip2-opt-2.7b;mmke-entity/paligemma-3b;mmke-entity/smolvlm-1.7b;mmke-visual/blip2-opt-2.7b;mmke-visual/minigpt-4-vicuna-7b;mmke-visual/paligemma-3b;mmke-visual/qwen2.5-vl-3b
recorded,power_a0.5_b1_g1,M_abscos_x_newn,1,14,False,17,69.90014285714285,72.17471428571429,-2.2745714285714294,69.90014285714285,-2.2745714285714294,1,6,7,1,4,-0.05700000000000216,-20.540000000000006,14.930000000000007,0,evqa-pilot500/blip2-opt-2.7b;evqa-pilot500/minigpt-4-vicuna-7b;evqa-pilot500/paligemma-3b;evqa-pilot500/qwen2.5-vl-3b;evqa-pilot500/smolvlm-1.7b;mmke-entity/blip2-opt-2.7b;mmke-entity/instructblip-vicuna-7b;mmke-entity/minigpt-4-vicuna-7b;mmke-entity/paligemma-3b;mmke-visual/blip2-opt-2.7b;mmke-visual/instructblip-vicuna-7b;mmke-visual/minigpt-4-vicuna-7b;mmke-visual/paligemma-3b;mmke-visual/smolvlm-1.7b
recorded,power_a0.5_b1_g1,M_abscos_x_newn,3,8,False,17,77.51275,78.59575,-1.0830000000000028,75.58425,-0.43766666666666776,0,3,5,0,1,-0.18500000000000583,-7.549999999999997,0.0,0,evqa-pilot500/minigpt-4-vicuna-7b;evqa-pilot500/paligemma-3b;evqa-pilot500/qwen2.5-vl-3b;mmke-entity/blip2-opt-2.7b;mmke-entity/paligemma-3b;mmke-visual/blip2-opt-2.7b;mmke-visual/minigpt-4-vicuna-7b;mmke-visual/paligemma-3b
recorded,power_a0.5_b1_g1,M_new_norm,1,14,False,17,69.90014285714285,71.93242857142857,-2.0322857142857145,69.90014285714285,-2.0322857142857145,5,4,5,4,4,0.0,-20.540000000000006,14.930000000000007,0,evqa-pilot500/blip2-opt-2.7b;evqa-pilot500/minigpt-4-vicuna-7b;evqa-pilot500/paligemma-3b;evqa-pilot500/qwen2.5-vl-3b;evqa-pilot500/smolvlm-1.7b;mmke-entity/blip2-opt-2.7b;mmke-entity/instructblip-vicuna-7b;mmke-entity/minigpt-4-vicuna-7b;mmke-entity/paligemma-3b;mmke-visual/blip2-opt-2.7b;mmke-visual/instructblip-vicuna-7b;mmke-visual/minigpt-4-vicuna-7b;mmke-visual/paligemma-3b;mmke-visual/smolvlm-1.7b
recorded,power_a0.5_b1_g1,M_new_norm,3,8,False,17,77.51275,79.16425,-1.6515000000000022,75.58425,-0.6151666666666662,2,2,4,1,2,-0.09000000000000341,-7.549999999999997,0.6599999999999966,0,evqa-pilot500/minigpt-4-vicuna-7b;evqa-pilot500/paligemma-3b;evqa-pilot500/qwen2.5-vl-3b;mmke-entity/blip2-opt-2.7b;mmke-entity/paligemma-3b;mmke-visual/blip2-opt-2.7b;mmke-visual/minigpt-4-vicuna-7b;mmke-visual/paligemma-3b
recorded,power_a0.5_b1_g2,M_abscos_x_newn,1,16,False,17,70.46025,71.685875,-1.225625,70.46025,-1.225625,3,4,9,3,7,-0.18000000000000327,-20.460000000000008,14.88000000000001,0,evqa-pilot500/blip2-opt-2.7b;evqa-pilot500/minigpt-4-vicuna-7b;evqa-pilot500/paligemma-3b;evqa-pilot500/qwen2.5-vl-3b;evqa-pilot500/smolvlm-1.7b;mmke-entity/blip2-opt-2.7b;mmke-entity/instructblip-vicuna-7b;mmke-entity/minigpt-4-vicuna-7b;mmke-entity/paligemma-3b;mmke-entity/qwen2.5-vl-3b;mmke-entity/smolvlm-1.7b;mmke-visual/blip2-opt-2.7b;mmke-visual/instructblip-vicuna-7b;mmke-visual/paligemma-3b;mmke-visual/qwen2.5-vl-3b;mmke-visual/smolvlm-1.7b
recorded,power_a0.5_b1_g2,M_abscos_x_newn,3,12,False,17,72.78766666666667,75.316,-2.5283333333333364,71.50733333333334,-0.9350555555555585,4,1,7,3,4,-0.2030000000000065,-20.56000000000001,16.685999999999993,0.08333333333333333,evqa-pilot500/blip2-opt-2.7b;evqa-pilot500/paligemma-3b;evqa-pilot500/qwen2.5-vl-3b;mmke-entity/blip2-opt-2.7b;mmke-entity/instructblip-vicuna-7b;mmke-entity/minigpt-4-vicuna-7b;mmke-entity/paligemma-3b;mmke-visual/blip2-opt-2.7b;mmke-visual/instructblip-vicuna-7b;mmke-visual/paligemma-3b;mmke-visual/qwen2.5-vl-3b;mmke-visual/smolvlm-1.7b
recorded,power_a0.5_b1_g2,M_new_norm,1,16,False,17,70.46025,71.522,-1.0617499999999995,70.46025,-1.0617499999999995,6,1,9,5,7,-0.30799999999999983,-20.460000000000008,14.88000000000001,0,evqa-pilot500/blip2-opt-2.7b;evqa-pilot500/minigpt-4-vicuna-7b;evqa-pilot500/paligemma-3b;evqa-pilot500/qwen2.5-vl-3b;evqa-pilot500/smolvlm-1.7b;mmke-entity/blip2-opt-2.7b;mmke-entity/instructblip-vicuna-7b;mmke-entity/minigpt-4-vicuna-7b;mmke-entity/paligemma-3b;mmke-entity/qwen2.5-vl-3b;mmke-entity/smolvlm-1.7b;mmke-visual/blip2-opt-2.7b;mmke-visual/instructblip-vicuna-7b;mmke-visual/paligemma-3b;mmke-visual/qwen2.5-vl-3b;mmke-visual/smolvlm-1.7b
recorded,power_a0.5_b1_g2,M_new_norm,3,12,False,17,72.78766666666667,75.20433333333334,-2.416666666666669,71.50733333333334,-0.8160000000000025,6,1,5,4,4,0.11500000000000199,-20.56000000000001,16.685999999999993,0.08333333333333333,evqa-pilot500/blip2-opt-2.7b;evqa-pilot500/paligemma-3b;evqa-pilot500/qwen2.5-vl-3b;mmke-entity/blip2-opt-2.7b;mmke-entity/instructblip-vicuna-7b;mmke-entity/minigpt-4-vicuna-7b;mmke-entity/paligemma-3b;mmke-visual/blip2-opt-2.7b;mmke-visual/instructblip-vicuna-7b;mmke-visual/paligemma-3b;mmke-visual/qwen2.5-vl-3b;mmke-visual/smolvlm-1.7b
recorded,power_a1_b-1_g-1,M_abscos_x_newn,1,15,False,17,64.82053333333333,69.78706666666666,-4.966533333333334,64.82053333333333,-4.966533333333334,1,8,6,1,5,0.0,-70.81,1.0100000000000051,0.2,evqa-pilot500/blip2-opt-2.7b;evqa-pilot500/minigpt-4-vicuna-7b;evqa-pilot500/qwen2.5-vl-3b;evqa-pilot500/smolvlm-1.7b;mmke-entity/blip2-opt-2.7b;mmke-entity/instructblip-vicuna-7b;mmke-entity/minigpt-4-vicuna-7b;mmke-entity/paligemma-3b;mmke-entity/qwen2.5-vl-3b;mmke-entity/smolvlm-1.7b;mmke-visual/blip2-opt-2.7b;mmke-visual/instructblip-vicuna-7b;mmke-visual/minigpt-4-vicuna-7b;mmke-visual/qwen2.5-vl-3b;mmke-visual/smolvlm-1.7b
recorded,power_a1_b-1_g-1,M_abscos_x_newn,3,15,False,17,71.39786666666667,71.61240000000001,-0.21453333333333405,67.24106666666667,-1.9289333333333345,1,10,4,1,3,0.0,-7.275999999999996,6.1640000000000015,0.3333333333333333,evqa-pilot500/blip2-opt-2.7b;evqa-pilot500/minigpt-4-vicuna-7b;evqa-pilot500/qwen2.5-vl-3b;evqa-pilot500/smolvlm-1.7b;mmke-entity/blip2-opt-2.7b;mmke-entity/instructblip-vicuna-7b;mmke-entity/minigpt-4-vicuna-7b;mmke-entity/paligemma-3b;mmke-entity/qwen2.5-vl-3b;mmke-entity/smolvlm-1.7b;mmke-visual/blip2-opt-2.7b;mmke-visual/instructblip-vicuna-7b;mmke-visual/minigpt-4-vicuna-7b;mmke-visual/qwen2.5-vl-3b;mmke-visual/smolvlm-1.7b
recorded,power_a1_b-1_g-1,M_new_norm,1,15,False,17,64.82053333333333,69.5312,-4.7106666666666674,64.82053333333333,-4.7106666666666674,1,12,2,1,2,0.0,-70.81,1.0100000000000051,0.2,evqa-pilot500/blip2-opt-2.7b;evqa-pilot500/minigpt-4-vicuna-7b;evqa-pilot500/qwen2.5-vl-3b;evqa-pilot500/smolvlm-1.7b;mmke-entity/blip2-opt-2.7b;mmke-entity/instructblip-vicuna-7b;mmke-entity/minigpt-4-vicuna-7b;mmke-entity/paligemma-3b;mmke-entity/qwen2.5-vl-3b;mmke-entity/smolvlm-1.7b;mmke-visual/blip2-opt-2.7b;mmke-visual/instructblip-vicuna-7b;mmke-visual/minigpt-4-vicuna-7b;mmke-visual/qwen2.5-vl-3b;mmke-visual/smolvlm-1.7b
recorded,power_a1_b-1_g-1,M_new_norm,3,15,False,17,71.39786666666667,71.88293333333334,-0.4850666666666664,67.24106666666667,-1.9939111111111112,0,14,1,0,1,0.0,-7.275999999999996,0.0,0.3333333333333333,evqa-pilot500/blip2-opt-2.7b;evqa-pilot500/minigpt-4-vicuna-7b;evqa-pilot500/qwen2.5-vl-3b;evqa-pilot500/smolvlm-1.7b;mmke-entity/blip2-opt-2.7b;mmke-entity/instructblip-vicuna-7b;mmke-entity/minigpt-4-vicuna-7b;mmke-entity/paligemma-3b;mmke-entity/qwen2.5-vl-3b;mmke-entity/smolvlm-1.7b;mmke-visual/blip2-opt-2.7b;mmke-visual/instructblip-vicuna-7b;mmke-visual/minigpt-4-vicuna-7b;mmke-visual/qwen2.5-vl-3b;mmke-visual/smolvlm-1.7b
recorded,power_a1_b-1_g0,M_abscos_x_newn,1,13,False,17,62.92507692307692,69.55123076923077,-6.626153846153846,62.92507692307692,-6.626153846153846,3,3,7,1,7,-0.9500000000000028,-43.77,6.82,0,evqa-pilot500/blip2-opt-2.7b;evqa-pilot500/minigpt-4-vicuna-7b;evqa-pilot500/qwen2.5-vl-3b;evqa-pilot500/smolvlm-1.7b;mmke-entity/blip2-opt-2.7b;mmke-entity/instructblip-vicuna-7b;mmke-entity/minigpt-4-vicuna-7b;mmke-entity/paligemma-3b;mmke-entity/smolvlm-1.7b;mmke-visual/blip2-opt-2.7b;mmke-visual/instructblip-vicuna-7b;mmke-visual/minigpt-4-vicuna-7b;mmke-visual/smolvlm-1.7b
recorded,power_a1_b-1_g0,M_abscos_x_newn,3,8,False,17,68.457,72.42825,-3.9712500000000004,64.57791666666667,-4.674,0,3,5,0,5,-1.1700000000000017,-21.660000000000004,0.0,0.125,evqa-pilot500/blip2-opt-2.7b;evqa-pilot500/minigpt-4-vicuna-7b;evqa-pilot500/smolvlm-1.7b;mmke-entity/blip2-opt-2.7b;mmke-entity/instructblip-vicuna-7b;mmke-entity/paligemma-3b;mmke-visual/minigpt-4-vicuna-7b;mmke-visual/smolvlm-1.7b
recorded,power_a1_b-1_g0,M_new_norm,1,13,False,17,62.92507692307692,69.256,-6.330923076923077,62.92507692307692,-6.330923076923077,4,2,7,3,6,-0.10000000000000142,-43.77,6.82,0,evqa-pilot500/blip2-opt-2.7b;evqa-pilot500/minigpt-4-vicuna-7b;evqa-pilot500/qwen2.5-vl-3b;evqa-pilot500/smolvlm-1.7b;mmke-entity/blip2-opt-2.7b;mmke-entity/instructblip-vicuna-7b;mmke-entity/minigpt-4-vicuna-7b;mmke-entity/paligemma-3b;mmke-entity/smolvlm-1.7b;mmke-visual/blip2-opt-2.7b;mmke-visual/instructblip-vicuna-7b;mmke-visual/minigpt-4-vicuna-7b;mmke-visual/smolvlm-1.7b
recorded,power_a1_b-1_g0,M_new_norm,3,8,False,17,68.457,73.103,-4.646,64.57791666666667,-4.974416666666666,0,3,5,0,5,-1.1069999999999993,-21.660000000000004,0.0,0.125,evqa-pilot500/blip2-opt-2.7b;evqa-pilot500/minigpt-4-vicuna-7b;evqa-pilot500/smolvlm-1.7b;mmke-entity/blip2-opt-2.7b;mmke-entity/instructblip-vicuna-7b;mmke-entity/paligemma-3b;mmke-visual/minigpt-4-vicuna-7b;mmke-visual/smolvlm-1.7b
recorded,power_a1_b-1_g0.5,M_abscos_x_newn,1,12,False,17,63.658833333333334,69.0285,-5.369666666666666,63.658833333333334,-5.369666666666666,4,0,8,3,8,-1.7349999999999994,-43.77,17.439999999999998,0.08333333333333333,evqa-pilot500/blip2-opt-2.7b;evqa-pilot500/minigpt-4-vicuna-7b;evqa-pilot500/qwen2.5-vl-3b;evqa-pilot500/smolvlm-1.7b;mmke-entity/blip2-opt-2.7b;mmke-entity/instructblip-vicuna-7b;mmke-entity/paligemma-3b;mmke-entity/smolvlm-1.7b;mmke-visual/blip2-opt-2.7b;mmke-visual/instructblip-vicuna-7b;mmke-visual/minigpt-4-vicuna-7b;mmke-visual/smolvlm-1.7b
recorded,power_a1_b-1_g0.5,M_abscos_x_newn,3,9,False,17,68.57888888888888,70.82844444444444,-2.2495555555555575,65.67207407407408,-2.2610370370370365,1,0,8,1,8,-1.1840000000000117,-21.660000000000004,17.093999999999994,0.1111111111111111,evqa-pilot500/blip2-opt-2.7b;evqa-pilot500/minigpt-4-vicuna-7b;evqa-pilot500/qwen2.5-vl-3b;evqa-pilot500/smolvlm-1.7b;mmke-entity/blip2-opt-2.7b;mmke-entity/instructblip-vicuna-7b;mmke-entity/paligemma-3b;mmke-entity/smolvlm-1.7b;mmke-visual/smolvlm-1.7b
recorded,power_a1_b-1_g0.5,M_new_norm,1,12,False,17,63.658833333333334,68.74933333333334,-5.0905,63.658833333333334,-5.0905,5,0,7,3,7,-0.7700000000000031,-43.77,17.439999999999998,0.08333333333333333,evqa-pilot500/blip2-opt-2.7b;evqa-pilot500/minigpt-4-vicuna-7b;evqa-pilot500/qwen2.5-vl-3b;evqa-pilot500/smolvlm-1.7b;mmke-entity/blip2-opt-2.7b;mmke-entity/instructblip-vicuna-7b;mmke-entity/paligemma-3b;mmke-entity/smolvlm-1.7b;mmke-visual/blip2-opt-2.7b;mmke-visual/instructblip-vicuna-7b;mmke-visual/minigpt-4-vicuna-7b;mmke-visual/smolvlm-1.7b
recorded,power_a1_b-1_g0.5,M_new_norm,3,9,False,17,68.57888888888888,71.41888888888889,-2.8400000000000016,65.67207407407408,-2.5055555555555546,1,0,8,1,7,-1.1840000000000117,-21.660000000000004,17.093999999999994,0.1111111111111111,evqa-pilot500/blip2-opt-2.7b;evqa-pilot500/minigpt-4-vicuna-7b;evqa-pilot500/qwen2.5-vl-3b;evqa-pilot500/smolvlm-1.7b;mmke-entity/blip2-opt-2.7b;mmke-entity/instructblip-vicuna-7b;mmke-entity/paligemma-3b;mmke-entity/smolvlm-1.7b;mmke-visual/smolvlm-1.7b
recorded,power_a1_b-1_g1,M_abscos_x_newn,1,12,False,17,63.648833333333336,69.0285,-5.379666666666667,63.648833333333336,-5.379666666666667,3,0,9,3,9,-1.7750000000000021,-43.77,17.439999999999998,0.08333333333333333,evqa-pilot500/blip2-opt-2.7b;evqa-pilot500/minigpt-4-vicuna-7b;evqa-pilot500/qwen2.5-vl-3b;evqa-pilot500/smolvlm-1.7b;mmke-entity/blip2-opt-2.7b;mmke-entity/instructblip-vicuna-7b;mmke-entity/paligemma-3b;mmke-entity/smolvlm-1.7b;mmke-visual/blip2-opt-2.7b;mmke-visual/instructblip-vicuna-7b;mmke-visual/minigpt-4-vicuna-7b;mmke-visual/smolvlm-1.7b
recorded,power_a1_b-1_g1,M_abscos_x_newn,3,8,False,17,65.63325,67.50875,-1.8755000000000024,64.39858333333333,0.08324999999999871,2,0,6,2,5,-1.4749999999999979,-22.24000000000001,17.093999999999994,0.125,evqa-pilot500/blip2-opt-2.7b;evqa-pilot500/minigpt-4-vicuna-7b;evqa-pilot500/qwen2.5-vl-3b;evqa-pilot500/smolvlm-1.7b;mmke-entity/blip2-opt-2.7b;mmke-entity/instructblip-vicuna-7b;mmke-visual/blip2-opt-2.7b;mmke-visual/smolvlm-1.7b
recorded,power_a1_b-1_g1,M_new_norm,1,12,False,17,63.648833333333336,68.74933333333334,-5.1005,63.648833333333336,-5.1005,4,0,8,3,8,-1.3500000000000014,-43.77,17.439999999999998,0.08333333333333333,evqa-pilot500/blip2-opt-2.7b;evqa-pilot500/minigpt-4-vicuna-7b;evqa-pilot500/qwen2.5-vl-3b;evqa-pilot500/smolvlm-1.7b;mmke-entity/blip2-opt-2.7b;mmke-entity/instructblip-vicuna-7b;mmke-entity/paligemma-3b;mmke-entity/smolvlm-1.7b;mmke-visual/blip2-opt-2.7b;mmke-visual/instructblip-vicuna-7b;mmke-visual/minigpt-4-vicuna-7b;mmke-visual/smolvlm-1.7b
recorded,power_a1_b-1_g1,M_new_norm,3,8,False,17,65.63325,68.173,-2.5397500000000024,64.39858333333333,-0.1918333333333342,2,0,6,2,4,-1.0499999999999972,-22.24000000000001,17.093999999999994,0.125,evqa-pilot500/blip2-opt-2.7b;evqa-pilot500/minigpt-4-vicuna-7b;evqa-pilot500/qwen2.5-vl-3b;evqa-pilot500/smolvlm-1.7b;mmke-entity/blip2-opt-2.7b;mmke-entity/instructblip-vicuna-7b;mmke-visual/blip2-opt-2.7b;mmke-visual/smolvlm-1.7b
recorded,power_a1_b-1_g2,M_abscos_x_newn,1,10,False,17,59.4796,69.2012,-9.721599999999999,59.4796,-9.721599999999999,1,0,9,1,9,-3.7579999999999956,-43.77,9.440000000000005,0,evqa-pilot500/blip2-opt-2.7b;evqa-pilot500/minigpt-4-vicuna-7b;evqa-pilot500/qwen2.5-vl-3b;evqa-pilot500/smolvlm-1.7b;mmke-entity/instructblip-vicuna-7b;mmke-entity/paligemma-3b;mmke-visual/blip2-opt-2.7b;mmke-visual/instructblip-vicuna-7b;mmke-visual/minigpt-4-vicuna-7b;mmke-visual/smolvlm-1.7b
recorded,power_a1_b-1_g2,M_abscos_x_newn,3,5,False,17,61.2092,67.838,-6.628800000000001,59.4364,-4.9075999999999995,0,0,5,0,5,-1.75,-22.24000000000001,-1.2100000000000009,0,evqa-pilot500/minigpt-4-vicuna-7b;evqa-pilot500/qwen2.5-vl-3b;evqa-pilot500/smolvlm-1.7b;mmke-entity/instructblip-vicuna-7b;mmke-visual/smolvlm-1.7b
recorded,power_a1_b-1_g2,M_new_norm,1,10,False,17,59.4796,68.8662,-9.3866,59.4796,-9.3866,2,0,8,1,8,-3.3729999999999976,-43.77,9.440000000000005,0,evqa-pilot500/blip2-opt-2.7b;evqa-pilot500/minigpt-4-vicuna-7b;evqa-pilot500/qwen2.5-vl-3b;evqa-pilot500/smolvlm-1.7b;mmke-entity/instructblip-vicuna-7b;mmke-entity/paligemma-3b;mmke-visual/blip2-opt-2.7b;mmke-visual/instructblip-vicuna-7b;mmke-visual/minigpt-4-vicuna-7b;mmke-visual/smolvlm-1.7b
recorded,power_a1_b-1_g2,M_new_norm,3,5,False,17,61.2092,68.9008,-7.691600000000001,59.4364,-5.347733333333332,0,0,5,0,4,-1.75,-22.24000000000001,-0.35999999999999943,0,evqa-pilot500/minigpt-4-vicuna-7b;evqa-pilot500/qwen2.5-vl-3b;evqa-pilot500/smolvlm-1.7b;mmke-entity/instructblip-vicuna-7b;mmke-visual/smolvlm-1.7b
recorded,power_a1_b-0.5_g-1,M_abscos_x_newn,1,15,False,17,64.82053333333333,69.78706666666666,-4.966533333333334,64.82053333333333,-4.966533333333334,1,8,6,1,5,0.0,-70.81,1.0100000000000051,0.2,evqa-pilot500/blip2-opt-2.7b;evqa-pilot500/minigpt-4-vicuna-7b;evqa-pilot500/qwen2.5-vl-3b;evqa-pilot500/smolvlm-1.7b;mmke-entity/blip2-opt-2.7b;mmke-entity/instructblip-vicuna-7b;mmke-entity/minigpt-4-vicuna-7b;mmke-entity/paligemma-3b;mmke-entity/qwen2.5-vl-3b;mmke-entity/smolvlm-1.7b;mmke-visual/blip2-opt-2.7b;mmke-visual/instructblip-vicuna-7b;mmke-visual/minigpt-4-vicuna-7b;mmke-visual/qwen2.5-vl-3b;mmke-visual/smolvlm-1.7b
recorded,power_a1_b-0.5_g-1,M_abscos_x_newn,3,15,False,17,71.39786666666667,71.61240000000001,-0.21453333333333405,67.24106666666667,-1.9289333333333345,1,10,4,1,3,0.0,-7.275999999999996,6.1640000000000015,0.3333333333333333,evqa-pilot500/blip2-opt-2.7b;evqa-pilot500/minigpt-4-vicuna-7b;evqa-pilot500/qwen2.5-vl-3b;evqa-pilot500/smolvlm-1.7b;mmke-entity/blip2-opt-2.7b;mmke-entity/instructblip-vicuna-7b;mmke-entity/minigpt-4-vicuna-7b;mmke-entity/paligemma-3b;mmke-entity/qwen2.5-vl-3b;mmke-entity/smolvlm-1.7b;mmke-visual/blip2-opt-2.7b;mmke-visual/instructblip-vicuna-7b;mmke-visual/minigpt-4-vicuna-7b;mmke-visual/qwen2.5-vl-3b;mmke-visual/smolvlm-1.7b
recorded,power_a1_b-0.5_g-1,M_new_norm,1,15,False,17,64.82053333333333,69.5312,-4.7106666666666674,64.82053333333333,-4.7106666666666674,1,12,2,1,2,0.0,-70.81,1.0100000000000051,0.2,evqa-pilot500/blip2-opt-2.7b;evqa-pilot500/minigpt-4-vicuna-7b;evqa-pilot500/qwen2.5-vl-3b;evqa-pilot500/smolvlm-1.7b;mmke-entity/blip2-opt-2.7b;mmke-entity/instructblip-vicuna-7b;mmke-entity/minigpt-4-vicuna-7b;mmke-entity/paligemma-3b;mmke-entity/qwen2.5-vl-3b;mmke-entity/smolvlm-1.7b;mmke-visual/blip2-opt-2.7b;mmke-visual/instructblip-vicuna-7b;mmke-visual/minigpt-4-vicuna-7b;mmke-visual/qwen2.5-vl-3b;mmke-visual/smolvlm-1.7b
recorded,power_a1_b-0.5_g-1,M_new_norm,3,15,False,17,71.39786666666667,71.88293333333334,-0.4850666666666664,67.24106666666667,-1.9939111111111112,0,14,1,0,1,0.0,-7.275999999999996,0.0,0.3333333333333333,evqa-pilot500/blip2-opt-2.7b;evqa-pilot500/minigpt-4-vicuna-7b;evqa-pilot500/qwen2.5-vl-3b;evqa-pilot500/smolvlm-1.7b;mmke-entity/blip2-opt-2.7b;mmke-entity/instructblip-vicuna-7b;mmke-entity/minigpt-4-vicuna-7b;mmke-entity/paligemma-3b;mmke-entity/qwen2.5-vl-3b;mmke-entity/smolvlm-1.7b;mmke-visual/blip2-opt-2.7b;mmke-visual/instructblip-vicuna-7b;mmke-visual/minigpt-4-vicuna-7b;mmke-visual/qwen2.5-vl-3b;mmke-visual/smolvlm-1.7b
recorded,power_a1_b-0.5_g0,M_abscos_x_newn,1,17,True,17,70.5035294117647,71.97388235294117,-1.4703529411764702,70.5035294117647,-1.4703529411764702,1,13,3,0,3,0.0,-22.24000000000001,0.21600000000000819,0.11764705882352941,evqa-pilot500/blip2-opt-2.7b;evqa-pilot500/minigpt-4-vicuna-7b;evqa-pilot500/paligemma-3b;evqa-pilot500/qwen2.5-vl-3b;evqa-pilot500/smolvlm-1.7b;mmke-entity/blip2-opt-2.7b;mmke-entity/instructblip-vicuna-7b;mmke-entity/minigpt-4-vicuna-7b;mmke-entity/paligemma-3b;mmke-entity/qwen2.5-vl-3b;mmke-entity/smolvlm-1.7b;mmke-visual/blip2-opt-2.7b;mmke-visual/instructblip-vicuna-7b;mmke-visual/minigpt-4-vicuna-7b;mmke-visual/paligemma-3b;mmke-visual/qwen2.5-vl-3b;mmke-visual/smolvlm-1.7b
recorded,power_a1_b-0.5_g0,M_abscos_x_newn,3,13,False,17,72.58707692307692,74.52553846153846,-1.9384615384615398,69.79035897435898,-1.424000000000001,0,9,4,0,3,0.0,-21.60000000000001,0.0,0.38461538461538464,evqa-pilot500/blip2-opt-2.7b;evqa-pilot500/minigpt-4-vicuna-7b;evqa-pilot500/paligemma-3b;evqa-pilot500/qwen2.5-vl-3b;evqa-pilot500/smolvlm-1.7b;mmke-entity/blip2-opt-2.7b;mmke-entity/instructblip-vicuna-7b;mmke-entity/paligemma-3b;mmke-entity/smolvlm-1.7b;mmke-visual/blip2-opt-2.7b;mmke-visual/instructblip-vicuna-7b;mmke-visual/minigpt-4-vicuna-7b;mmke-visual/paligemma-3b
recorded,power_a1_b-0.5_g0,M_new_norm,1,17,True,17,70.5035294117647,71.77435294117647,-1.2708235294117642,70.5035294117647,-1.2708235294117642,3,10,4,3,3,0.0,-22.24000000000001,1.730000000000004,0.11764705882352941,evqa-pilot500/blip2-opt-2.7b;evqa-pilot500/minigpt-4-vicuna-7b;evqa-pilot500/paligemma-3b;evqa-pilot500/qwen2.5-vl-3b;evqa-pilot500/smolvlm-1.7b;mmke-entity/blip2-opt-2.7b;mmke-entity/instructblip-vicuna-7b;mmke-entity/minigpt-4-vicuna-7b;mmke-entity/paligemma-3b;mmke-entity/qwen2.5-vl-3b;mmke-entity/smolvlm-1.7b;mmke-visual/blip2-opt-2.7b;mmke-visual/instructblip-vicuna-7b;mmke-visual/minigpt-4-vicuna-7b;mmke-visual/paligemma-3b;mmke-visual/qwen2.5-vl-3b;mmke-visual/smolvlm-1.7b
recorded,power_a1_b-0.5_g0,M_new_norm,3,13,False,17,72.58707692307692,74.87538461538462,-2.288307692307693,69.79035897435898,-1.5332307692307694,1,8,4,1,3,0.0,-21.60000000000001,0.8500000000000014,0.38461538461538464,evqa-pilot500/blip2-opt-2.7b;evqa-pilot500/minigpt-4-vicuna-7b;evqa-pilot500/paligemma-3b;evqa-pilot500/qwen2.5-vl-3b;evqa-pilot500/smolvlm-1.7b;mmke-entity/blip2-opt-2.7b;mmke-entity/instructblip-vicuna-7b;mmke-entity/paligemma-3b;mmke-entity/smolvlm-1.7b;mmke-visual/blip2-opt-2.7b;mmke-visual/instructblip-vicuna-7b;mmke-visual/minigpt-4-vicuna-7b;mmke-visual/paligemma-3b
recorded,power_a1_b-0.5_g0.5,M_abscos_x_newn,1,16,False,17,70.336,71.9585,-1.6224999999999992,70.336,-1.6224999999999992,5,6,5,3,5,0.0,-22.24000000000001,14.88000000000001,0.125,evqa-pilot500/blip2-opt-2.7b;evqa-pilot500/minigpt-4-vicuna-7b;evqa-pilot500/paligemma-3b;evqa-pilot500/qwen2.5-vl-3b;evqa-pilot500/smolvlm-1.7b;mmke-entity/blip2-opt-2.7b;mmke-entity/instructblip-vicuna-7b;mmke-entity/minigpt-4-vicuna-7b;mmke-entity/paligemma-3b;mmke-entity/smolvlm-1.7b;mmke-visual/blip2-opt-2.7b;mmke-visual/instructblip-vicuna-7b;mmke-visual/minigpt-4-vicuna-7b;mmke-visual/paligemma-3b;mmke-visual/qwen2.5-vl-3b;mmke-visual/smolvlm-1.7b
recorded,power_a1_b-0.5_g0.5,M_abscos_x_newn,3,9,False,17,72.55066666666667,78.42066666666666,-5.870000000000001,71.0282962962963,-4.232074074074076,0,4,5,0,5,-0.5900000000000034,-21.60000000000001,0.0,0.2222222222222222,evqa-pilot500/paligemma-3b;evqa-pilot500/qwen2.5-vl-3b;mmke-entity/blip2-opt-2.7b;mmke-entity/instructblip-vicuna-7b;mmke-entity/paligemma-3b;mmke-visual/instructblip-vicuna-7b;mmke-visual/minigpt-4-vicuna-7b;mmke-visual/paligemma-3b;mmke-visual/smolvlm-1.7b
recorded,power_a1_b-0.5_g0.5,M_new_norm,1,16,False,17,70.336,71.7465,-1.410499999999999,70.336,-1.410499999999999,7,3,6,6,5,0.0,-22.24000000000001,14.88000000000001,0.125,evqa-pilot500/blip2-opt-2.7b;evqa-pilot500/minigpt-4-vicuna-7b;evqa-pilot500/paligemma-3b;evqa-pilot500/qwen2.5-vl-3b;evqa-pilot500/smolvlm-1.7b;mmke-entity/blip2-opt-2.7b;mmke-entity/instructblip-vicuna-7b;mmke-entity/minigpt-4-vicuna-7b;mmke-entity/paligemma-3b;mmke-entity/smolvlm-1.7b;mmke-visual/blip2-opt-2.7b;mmke-visual/instructblip-vicuna-7b;mmke-visual/minigpt-4-vicuna-7b;mmke-visual/paligemma-3b;mmke-visual/qwen2.5-vl-3b;mmke-visual/smolvlm-1.7b
recorded,power_a1_b-0.5_g0.5,M_new_norm,3,9,False,17,72.55066666666667,78.24111111111111,-5.690444444444445,71.0282962962963,-4.036074074074075,1,3,5,1,5,-0.5900000000000034,-21.60000000000001,0.8500000000000014,0.2222222222222222,evqa-pilot500/paligemma-3b;evqa-pilot500/qwen2.5-vl-3b;mmke-entity/blip2-opt-2.7b;mmke-entity/instructblip-vicuna-7b;mmke-entity/paligemma-3b;mmke-visual/instructblip-vicuna-7b;mmke-visual/minigpt-4-vicuna-7b;mmke-visual/paligemma-3b;mmke-visual/smolvlm-1.7b
recorded,power_a1_b-0.5_g1,M_abscos_x_newn,1,17,True,17,70.72035294117647,71.97388235294117,-1.2535294117647056,70.72035294117647,-1.2535294117647056,6,3,8,4,8,0.0,-22.24000000000001,15.64,0.058823529411764705,evqa-pilot500/blip2-opt-2.7b;evqa-pilot500/minigpt-4-vicuna-7b;evqa-pilot500/paligemma-3b;evqa-pilot500/qwen2.5-vl-3b;evqa-pilot500/smolvlm-1.7b;mmke-entity/blip2-opt-2.7b;mmke-entity/instructblip-vicuna-7b;mmke-entity/minigpt-4-vicuna-7b;mmke-entity/paligemma-3b;mmke-entity/qwen2.5-vl-3b;mmke-entity/smolvlm-1.7b;mmke-visual/blip2-opt-2.7b;mmke-visual/instructblip-vicuna-7b;mmke-visual/minigpt-4-vicuna-7b;mmke-visual/paligemma-3b;mmke-visual/qwen2.5-vl-3b;mmke-visual/smolvlm-1.7b
recorded,power_a1_b-0.5_g1,M_abscos_x_newn,3,13,False,17,73.03738461538461,75.71861538461539,-2.6812307692307704,71.34620512820513,-1.5110769230769256,3,1,9,3,8,-0.5900000000000034,-21.660000000000004,17.093999999999994,0.23076923076923078,evqa-pilot500/blip2-opt-2.7b;evqa-pilot500/paligemma-3b;evqa-pilot500/smolvlm-1.7b;mmke-entity/blip2-opt-2.7b;mmke-entity/instructblip-vicuna-7b;mmke-entity/paligemma-3b;mmke-entity/qwen2.5-vl-3b;mmke-entity/smolvlm-1.7b;mmke-visual/instructblip-vicuna-7b;mmke-visual/minigpt-4-vicuna-7b;mmke-visual/paligemma-3b;mmke-visual/qwen2.5-vl-3b;mmke-visual/smolvlm-1.7b
recorded,power_a1_b-0.5_g1,M_new_norm,1,17,True,17,70.72035294117647,71.77435294117647,-1.0539999999999996,70.72035294117647,-1.0539999999999996,7,1,9,6,7,-0.10000000000000142,-22.24000000000001,15.64,0.058823529411764705,evqa-pilot500/blip2-opt-2.7b;evqa-pilot500/minigpt-4-vicuna-7b;evqa-pilot500/paligemma-3b;evqa-pilot500/qwen2.5-vl-3b;evqa-pilot500/smolvlm-1.7b;mmke-entity/blip2-opt-2.7b;mmke-entity/instructblip-vicuna-7b;mmke-entity/minigpt-4-vicuna-7b;mmke-entity/paligemma-3b;mmke-entity/qwen2.5-vl-3b;mmke-entity/smolvlm-1.7b;mmke-visual/blip2-opt-2.7b;mmke-visual/instructblip-vicuna-7b;mmke-visual/minigpt-4-vicuna-7b;mmke-visual/paligemma-3b;mmke-visual/qwen2.5-vl-3b;mmke-visual/smolvlm-1.7b
recorded,power_a1_b-0.5_g1,M_new_norm,3,13,False,17,73.03738461538461,75.65969230769231,-2.622307692307693,71.34620512820513,-1.451025641025643,3,1,9,3,8,-0.5900000000000034,-21.660000000000004,17.093999999999994,0.23076923076923078,evqa-pilot500/blip2-opt-2.7b;evqa-pilot500/paligemma-3b;evqa-pilot500/smolvlm-1.7b;mmke-entity/blip2-opt-2.7b;mmke-entity/instructblip-vicuna-7b;mmke-entity/paligemma-3b;mmke-entity/qwen2.5-vl-3b;mmke-entity/smolvlm-1.7b;mmke-visual/instructblip-vicuna-7b;mmke-visual/minigpt-4-vicuna-7b;mmke-visual/paligemma-3b;mmke-visual/qwen2.5-vl-3b;mmke-visual/smolvlm-1.7b
recorded,power_a1_b-0.5_g2,M_abscos_x_newn,1,16,False,17,67.725375,71.73325,-4.007875,67.725375,-4.007875,4,0,12,4,10,-1.1650000000000027,-43.77,17.439999999999998,0.0625,evqa-pilot500/blip2-opt-2.7b;evqa-pilot500/minigpt-4-vicuna-7b;evqa-pilot500/paligemma-3b;evqa-pilot500/qwen2.5-vl-3b;evqa-pilot500/smolvlm-1.7b;mmke-entity/blip2-opt-2.7b;mmke-entity/instructblip-vicuna-7b;mmke-entity/paligemma-3b;mmke-entity/qwen2.5-vl-3b;mmke-entity/smolvlm-1.7b;mmke-visual/blip2-opt-2.7b;mmke-visual/instructblip-vicuna-7b;mmke-visual/minigpt-4-vicuna-7b;mmke-visual/paligemma-3b;mmke-visual/qwen2.5-vl-3b;mmke-visual/smolvlm-1.7b
recorded,power_a1_b-0.5_g2,M_abscos_x_newn,3,12,False,17,70.55466666666666,72.48966666666666,-1.9350000000000012,66.82477777777777,-2.652611111111114,3,0,9,2,9,-1.7449999999999974,-21.660000000000004,17.093999999999994,0.08333333333333333,evqa-pilot500/blip2-opt-2.7b;evqa-pilot500/minigpt-4-vicuna-7b;evqa-pilot500/paligemma-3b;evqa-pilot500/qwen2.5-vl-3b;evqa-pilot500/smolvlm-1.7b;mmke-entity/blip2-opt-2.7b;mmke-entity/instructblip-vicuna-7b;mmke-entity/paligemma-3b;mmke-entity/smolvlm-1.7b;mmke-visual/blip2-opt-2.7b;mmke-visual/minigpt-4-vicuna-7b;mmke-visual/smolvlm-1.7b
recorded,power_a1_b-0.5_g2,M_new_norm,1,16,False,17,67.725375,71.55175,-3.8263749999999996,67.725375,-3.8263749999999996,5,0,11,4,10,-0.7729999999999961,-43.77,17.439999999999998,0.0625,evqa-pilot500/blip2-opt-2.7b;evqa-pilot500/minigpt-4-vicuna-7b;evqa-pilot500/paligemma-3b;evqa-pilot500/qwen2.5-vl-3b;evqa-pilot500/smolvlm-1.7b;mmke-entity/blip2-opt-2.7b;mmke-entity/instructblip-vicuna-7b;mmke-entity/paligemma-3b;mmke-entity/qwen2.5-vl-3b;mmke-entity/smolvlm-1.7b;mmke-visual/blip2-opt-2.7b;mmke-visual/instructblip-vicuna-7b;mmke-visual/minigpt-4-vicuna-7b;mmke-visual/paligemma-3b;mmke-visual/qwen2.5-vl-3b;mmke-visual/smolvlm-1.7b
recorded,power_a1_b-0.5_g2,M_new_norm,3,12,False,17,70.55466666666666,72.86866666666667,-2.3140000000000005,66.82477777777777,-2.770944444444446,3,0,9,2,8,-1.681999999999995,-21.660000000000004,17.093999999999994,0.08333333333333333,evqa-pilot500/blip2-opt-2.7b;evqa-pilot500/minigpt-4-vicuna-7b;evqa-pilot500/paligemma-3b;evqa-pilot500/qwen2.5-vl-3b;evqa-pilot500/smolvlm-1.7b;mmke-entity/blip2-opt-2.7b;mmke-entity/instructblip-vicuna-7b;mmke-entity/paligemma-3b;mmke-entity/smolvlm-1.7b;mmke-visual/blip2-opt-2.7b;mmke-visual/minigpt-4-vicuna-7b;mmke-visual/smolvlm-1.7b
recorded,power_a1_b0_g-1,M_abscos_x_newn,1,15,False,17,64.82053333333333,69.78706666666666,-4.966533333333334,64.82053333333333,-4.966533333333334,1,8,6,1,5,0.0,-70.81,1.0100000000000051,0.2,evqa-pilot500/blip2-opt-2.7b;evqa-pilot500/minigpt-4-vicuna-7b;evqa-pilot500/qwen2.5-vl-3b;evqa-pilot500/smolvlm-1.7b;mmke-entity/blip2-opt-2.7b;mmke-entity/instructblip-vicuna-7b;mmke-entity/minigpt-4-vicuna-7b;mmke-entity/paligemma-3b;mmke-entity/qwen2.5-vl-3b;mmke-entity/smolvlm-1.7b;mmke-visual/blip2-opt-2.7b;mmke-visual/instructblip-vicuna-7b;mmke-visual/minigpt-4-vicuna-7b;mmke-visual/qwen2.5-vl-3b;mmke-visual/smolvlm-1.7b
recorded,power_a1_b0_g-1,M_abscos_x_newn,3,15,False,17,71.39786666666667,71.61240000000001,-0.21453333333333405,67.24106666666667,-1.9289333333333345,1,10,4,1,3,0.0,-7.275999999999996,6.1640000000000015,0.3333333333333333,evqa-pilot500/blip2-opt-2.7b;evqa-pilot500/minigpt-4-vicuna-7b;evqa-pilot500/qwen2.5-vl-3b;evqa-pilot500/smolvlm-1.7b;mmke-entity/blip2-opt-2.7b;mmke-entity/instructblip-vicuna-7b;mmke-entity/minigpt-4-vicuna-7b;mmke-entity/paligemma-3b;mmke-entity/qwen2.5-vl-3b;mmke-entity/smolvlm-1.7b;mmke-visual/blip2-opt-2.7b;mmke-visual/instructblip-vicuna-7b;mmke-visual/minigpt-4-vicuna-7b;mmke-visual/qwen2.5-vl-3b;mmke-visual/smolvlm-1.7b
recorded,power_a1_b0_g-1,M_new_norm,1,15,False,17,64.82053333333333,69.5312,-4.7106666666666674,64.82053333333333,-4.7106666666666674,1,12,2,1,2,0.0,-70.81,1.0100000000000051,0.2,evqa-pilot500/blip2-opt-2.7b;evqa-pilot500/minigpt-4-vicuna-7b;evqa-pilot500/qwen2.5-vl-3b;evqa-pilot500/smolvlm-1.7b;mmke-entity/blip2-opt-2.7b;mmke-entity/instructblip-vicuna-7b;mmke-entity/minigpt-4-vicuna-7b;mmke-entity/paligemma-3b;mmke-entity/qwen2.5-vl-3b;mmke-entity/smolvlm-1.7b;mmke-visual/blip2-opt-2.7b;mmke-visual/instructblip-vicuna-7b;mmke-visual/minigpt-4-vicuna-7b;mmke-visual/qwen2.5-vl-3b;mmke-visual/smolvlm-1.7b
recorded,power_a1_b0_g-1,M_new_norm,3,15,False,17,71.39786666666667,71.88293333333334,-0.4850666666666664,67.24106666666667,-1.9939111111111112,0,14,1,0,1,0.0,-7.275999999999996,0.0,0.3333333333333333,evqa-pilot500/blip2-opt-2.7b;evqa-pilot500/minigpt-4-vicuna-7b;evqa-pilot500/qwen2.5-vl-3b;evqa-pilot500/smolvlm-1.7b;mmke-entity/blip2-opt-2.7b;mmke-entity/instructblip-vicuna-7b;mmke-entity/minigpt-4-vicuna-7b;mmke-entity/paligemma-3b;mmke-entity/qwen2.5-vl-3b;mmke-entity/smolvlm-1.7b;mmke-visual/blip2-opt-2.7b;mmke-visual/instructblip-vicuna-7b;mmke-visual/minigpt-4-vicuna-7b;mmke-visual/qwen2.5-vl-3b;mmke-visual/smolvlm-1.7b
recorded,power_a1_b0_g0,M_abscos_x_newn,1,17,True,17,71.97388235294117,71.97388235294117,0.0,71.97388235294117,0.0,0,17,0,0,0,0.0,0.0,0.0,0.23529411764705882,evqa-pilot500/blip2-opt-2.7b;evqa-pilot500/minigpt-4-vicuna-7b;evqa-pilot500/paligemma-3b;evqa-pilot500/qwen2.5-vl-3b;evqa-pilot500/smolvlm-1.7b;mmke-entity/blip2-opt-2.7b;mmke-entity/instructblip-vicuna-7b;mmke-entity/minigpt-4-vicuna-7b;mmke-entity/paligemma-3b;mmke-entity/qwen2.5-vl-3b;mmke-entity/smolvlm-1.7b;mmke-visual/blip2-opt-2.7b;mmke-visual/instructblip-vicuna-7b;mmke-visual/minigpt-4-vicuna-7b;mmke-visual/paligemma-3b;mmke-visual/qwen2.5-vl-3b;mmke-visual/smolvlm-1.7b
recorded,power_a1_b0_g0,M_abscos_x_newn,3,17,True,17,74.05482352941176,74.05482352941176,0.0,71.43482352941177,0.0,0,17,0,0,0,0.0,0.0,0.0,0.4117647058823529,evqa-pilot500/blip2-opt-2.7b;evqa-pilot500/minigpt-4-vicuna-7b;evqa-pilot500/paligemma-3b;evqa-pilot500/qwen2.5-vl-3b;evqa-pilot500/smolvlm-1.7b;mmke-entity/blip2-opt-2.7b;mmke-entity/instructblip-vicuna-7b;mmke-entity/minigpt-4-vicuna-7b;mmke-entity/paligemma-3b;mmke-entity/qwen2.5-vl-3b;mmke-entity/smolvlm-1.7b;mmke-visual/blip2-opt-2.7b;mmke-visual/instructblip-vicuna-7b;mmke-visual/minigpt-4-vicuna-7b;mmke-visual/paligemma-3b;mmke-visual/qwen2.5-vl-3b;mmke-visual/smolvlm-1.7b
recorded,power_a1_b0_g0,M_new_norm,1,17,True,17,71.97388235294117,71.77435294117647,0.19952941176470607,71.97388235294117,0.19952941176470607,4,12,1,3,0,0.0,-0.44599999999999795,1.730000000000004,0.23529411764705882,evqa-pilot500/blip2-opt-2.7b;evqa-pilot500/minigpt-4-vicuna-7b;evqa-pilot500/paligemma-3b;evqa-pilot500/qwen2.5-vl-3b;evqa-pilot500/smolvlm-1.7b;mmke-entity/blip2-opt-2.7b;mmke-entity/instructblip-vicuna-7b;mmke-entity/minigpt-4-vicuna-7b;mmke-entity/paligemma-3b;mmke-entity/qwen2.5-vl-3b;mmke-entity/smolvlm-1.7b;mmke-visual/blip2-opt-2.7b;mmke-visual/instructblip-vicuna-7b;mmke-visual/minigpt-4-vicuna-7b;mmke-visual/paligemma-3b;mmke-visual/qwen2.5-vl-3b;mmke-visual/smolvlm-1.7b
recorded,power_a1_b0_g0,M_new_norm,3,17,True,17,74.05482352941176,74.29352941176471,-0.23870588235294032,71.43482352941177,-0.05733333333333235,3,13,1,2,1,0.0,-6.1640000000000015,0.8500000000000014,0.4117647058823529,evqa-pilot500/blip2-opt-2.7b;evqa-pilot500/minigpt-4-vicuna-7b;evqa-pilot500/paligemma-3b;evqa-pilot500/qwen2.5-vl-3b;evqa-pilot500/smolvlm-1.7b;mmke-entity/blip2-opt-2.7b;mmke-entity/instructblip-vicuna-7b;mmke-entity/minigpt-4-vicuna-7b;mmke-entity/paligemma-3b;mmke-entity/qwen2.5-vl-3b;mmke-entity/smolvlm-1.7b;mmke-visual/blip2-opt-2.7b;mmke-visual/instructblip-vicuna-7b;mmke-visual/minigpt-4-vicuna-7b;mmke-visual/paligemma-3b;mmke-visual/qwen2.5-vl-3b;mmke-visual/smolvlm-1.7b
recorded,power_a1_b0_g0.5,M_abscos_x_newn,1,14,False,17,70.11842857142857,72.17471428571429,-2.056285714285714,70.11842857142857,-2.056285714285714,2,7,5,2,5,0.0,-22.24000000000001,14.930000000000007,0.07142857142857142,evqa-pilot500/blip2-opt-2.7b;evqa-pilot500/minigpt-4-vicuna-7b;evqa-pilot500/paligemma-3b;evqa-pilot500/qwen2.5-vl-3b;evqa-pilot500/smolvlm-1.7b;mmke-entity/blip2-opt-2.7b;mmke-entity/instructblip-vicuna-7b;mmke-entity/minigpt-4-vicuna-7b;mmke-entity/paligemma-3b;mmke-visual/blip2-opt-2.7b;mmke-visual/instructblip-vicuna-7b;mmke-visual/minigpt-4-vicuna-7b;mmke-visual/paligemma-3b;mmke-visual/smolvlm-1.7b
recorded,power_a1_b0_g0.5,M_abscos_x_newn,3,10,False,17,74.7356,78.0406,-3.305000000000001,73.31093333333334,-2.3095333333333357,0,5,5,0,5,-0.3400000000000034,-21.60000000000001,0.0,0.2,evqa-pilot500/paligemma-3b;evqa-pilot500/qwen2.5-vl-3b;mmke-entity/blip2-opt-2.7b;mmke-entity/instructblip-vicuna-7b;mmke-entity/minigpt-4-vicuna-7b;mmke-entity/paligemma-3b;mmke-visual/blip2-opt-2.7b;mmke-visual/minigpt-4-vicuna-7b;mmke-visual/paligemma-3b;mmke-visual/smolvlm-1.7b
recorded,power_a1_b0_g0.5,M_new_norm,1,14,False,17,70.11842857142857,71.93242857142857,-1.8139999999999996,70.11842857142857,-1.8139999999999996,5,3,6,4,5,0.0,-22.24000000000001,14.930000000000007,0.07142857142857142,evqa-pilot500/blip2-opt-2.7b;evqa-pilot500/minigpt-4-vicuna-7b;evqa-pilot500/paligemma-3b;evqa-pilot500/qwen2.5-vl-3b;evqa-pilot500/smolvlm-1.7b;mmke-entity/blip2-opt-2.7b;mmke-entity/instructblip-vicuna-7b;mmke-entity/minigpt-4-vicuna-7b;mmke-entity/paligemma-3b;mmke-visual/blip2-opt-2.7b;mmke-visual/instructblip-vicuna-7b;mmke-visual/minigpt-4-vicuna-7b;mmke-visual/paligemma-3b;mmke-visual/smolvlm-1.7b
recorded,power_a1_b0_g0.5,M_new_norm,3,10,False,17,74.7356,77.83,-3.0943999999999994,73.31093333333334,-2.088600000000001,2,3,5,1,5,-0.3400000000000034,-21.60000000000001,0.8500000000000014,0.2,evqa-pilot500/paligemma-3b;evqa-pilot500/qwen2.5-vl-3b;mmke-entity/blip2-opt-2.7b;mmke-entity/instructblip-vicuna-7b;mmke-entity/minigpt-4-vicuna-7b;mmke-entity/paligemma-3b;mmke-visual/blip2-opt-2.7b;mmke-visual/minigpt-4-vicuna-7b;mmke-visual/paligemma-3b;mmke-visual/smolvlm-1.7b
recorded,power_a1_b0_g1,M_abscos_x_newn,1,15,False,17,70.6996,72.09106666666666,-1.3914666666666662,70.6996,-1.3914666666666662,5,5,5,4,5,0.0,-22.24000000000001,14.88000000000001,0.13333333333333333,evqa-pilot500/blip2-opt-2.7b;evqa-pilot500/minigpt-4-vicuna-7b;evqa-pilot500/paligemma-3b;evqa-pilot500/qwen2.5-vl-3b;mmke-entity/blip2-opt-2.7b;mmke-entity/instructblip-vicuna-7b;mmke-entity/minigpt-4-vicuna-7b;mmke-entity/paligemma-3b;mmke-entity/smolvlm-1.7b;mmke-visual/blip2-opt-2.7b;mmke-visual/instructblip-vicuna-7b;mmke-visual/minigpt-4-vicuna-7b;mmke-visual/paligemma-3b;mmke-visual/qwen2.5-vl-3b;mmke-visual/smolvlm-1.7b
recorded,power_a1_b0_g1,M_abscos_x_newn,3,10,False,17,72.7884,76.4292,-3.640800000000003,71.49973333333334,-1.794400000000003,1,3,6,1,5,-0.4270000000000067,-21.60000000000001,16.685999999999993,0.1,evqa-pilot500/blip2-opt-2.7b;evqa-pilot500/paligemma-3b;evqa-pilot500/qwen2.5-vl-3b;mmke-entity/blip2-opt-2.7b;mmke-entity/instructblip-vicuna-7b;mmke-entity/paligemma-3b;mmke-visual/instructblip-vicuna-7b;mmke-visual/minigpt-4-vicuna-7b;mmke-visual/paligemma-3b;mmke-visual/smolvlm-1.7b
recorded,power_a1_b0_g1,M_new_norm,1,15,False,17,70.6996,71.86493333333334,-1.1653333333333327,70.6996,-1.1653333333333327,8,1,6,6,5,0.01999999999999602,-22.24000000000001,14.88000000000001,0.13333333333333333,evqa-pilot500/blip2-opt-2.7b;evqa-pilot500/minigpt-4-vicuna-7b;evqa-pilot500/paligemma-3b;evqa-pilot500/qwen2.5-vl-3b;mmke-entity/blip2-opt-2.7b;mmke-entity/instructblip-vicuna-7b;mmke-entity/minigpt-4-vicuna-7b;mmke-entity/paligemma-3b;mmke-entity/smolvlm-1.7b;mmke-visual/blip2-opt-2.7b;mmke-visual/instructblip-vicuna-7b;mmke-visual/minigpt-4-vicuna-7b;mmke-visual/paligemma-3b;mmke-visual/qwen2.5-vl-3b;mmke-visual/smolvlm-1.7b
recorded,power_a1_b0_g1,M_new_norm,3,10,False,17,72.7884,76.2676,-3.4792000000000023,71.49973333333334,-1.618000000000002,2,2,6,2,5,-0.4270000000000067,-21.60000000000001,16.685999999999993,0.1,evqa-pilot500/blip2-opt-2.7b;evqa-pilot500/paligemma-3b;evqa-pilot500/qwen2.5-vl-3b;mmke-entity/blip2-opt-2.7b;mmke-entity/instructblip-vicuna-7b;mmke-entity/paligemma-3b;mmke-visual/instructblip-vicuna-7b;mmke-visual/minigpt-4-vicuna-7b;mmke-visual/paligemma-3b;mmke-visual/smolvlm-1.7b
recorded,power_a1_b0_g2,M_abscos_x_newn,1,16,False,17,71.226,72.74975,-1.5237499999999984,71.226,-1.5237499999999984,5,1,10,3,9,-0.8049999999999997,-22.24000000000001,15.64,0,evqa-pilot500/blip2-opt-2.7b;evqa-pilot500/paligemma-3b;evqa-pilot500/qwen2.5-vl-3b;evqa-pilot500/smolvlm-1.7b;mmke-entity/blip2-opt-2.7b;mmke-entity/instructblip-vicuna-7b;mmke-entity/minigpt-4-vicuna-7b;mmke-entity/paligemma-3b;mmke-entity/qwen2.5-vl-3b;mmke-entity/smolvlm-1.7b;mmke-visual/blip2-opt-2.7b;mmke-visual/instructblip-vicuna-7b;mmke-visual/minigpt-4-vicuna-7b;mmke-visual/paligemma-3b;mmke-visual/qwen2.5-vl-3b;mmke-visual/smolvlm-1.7b
recorded,power_a1_b0_g2,M_abscos_x_newn,3,15,False,17,72.13933333333333,74.53013333333334,-2.3908000000000014,70.51435555555555,-1.32817777777778,4,1,10,3,9,-0.5900000000000034,-21.60000000000001,17.093999999999994,0.2,evqa-pilot500/blip2-opt-2.7b;evqa-pilot500/paligemma-3b;evqa-pilot500/qwen2.5-vl-3b;evqa-pilot500/smolvlm-1.7b;mmke-entity/blip2-opt-2.7b;mmke-entity/instructblip-vicuna-7b;mmke-entity/paligemma-3b;mmke-entity/qwen2.5-vl-3b;mmke-entity/smolvlm-1.7b;mmke-visual/blip2-opt-2.7b;mmke-visual/instructblip-vicuna-7b;mmke-visual/minigpt-4-vicuna-7b;mmke-visual/paligemma-3b;mmke-visual/qwen2.5-vl-3b;mmke-visual/smolvlm-1.7b
recorded,power_a1_b0_g2,M_new_norm,1,16,False,17,71.226,72.645875,-1.4198749999999984,71.226,-1.4198749999999984,5,0,11,4,8,-0.5679999999999978,-22.24000000000001,15.64,0,evqa-pilot500/blip2-opt-2.7b;evqa-pilot500/paligemma-3b;evqa-pilot500/qwen2.5-vl-3b;evqa-pilot500/smolvlm-1.7b;mmke-entity/blip2-opt-2.7b;mmke-entity/instructblip-vicuna-7b;mmke-entity/minigpt-4-vicuna-7b;mmke-entity/paligemma-3b;mmke-entity/qwen2.5-vl-3b;mmke-entity/smolvlm-1.7b;mmke-visual/blip2-opt-2.7b;mmke-visual/instructblip-vicuna-7b;mmke-visual/minigpt-4-vicuna-7b;mmke-visual/paligemma-3b;mmke-visual/qwen2.5-vl-3b;mmke-visual/smolvlm-1.7b
recorded,power_a1_b0_g2,M_new_norm,3,15,False,17,72.13933333333333,74.4224,-2.283066666666668,70.51435555555555,-1.2105777777777793,5,0,10,4,9,-0.5900000000000034,-21.60000000000001,17.093999999999994,0.2,evqa-pilot500/blip2-opt-2.7b;evqa-pilot500/paligemma-3b;evqa-pilot500/qwen2.5-vl-3b;evqa-pilot500/smolvlm-1.7b;mmke-entity/blip2-opt-2.7b;mmke-entity/instructblip-vicuna-7b;mmke-entity/paligemma-3b;mmke-entity/qwen2.5-vl-3b;mmke-entity/smolvlm-1.7b;mmke-visual/blip2-opt-2.7b;mmke-visual/instructblip-vicuna-7b;mmke-visual/minigpt-4-vicuna-7b;mmke-visual/paligemma-3b;mmke-visual/qwen2.5-vl-3b;mmke-visual/smolvlm-1.7b
recorded,power_a1_b0.5_g-1,M_abscos_x_newn,1,15,False,17,64.82053333333333,69.78706666666666,-4.966533333333334,64.82053333333333,-4.966533333333334,1,8,6,1,5,0.0,-70.81,1.0100000000000051,0.2,evqa-pilot500/blip2-opt-2.7b;evqa-pilot500/minigpt-4-vicuna-7b;evqa-pilot500/qwen2.5-vl-3b;evqa-pilot500/smolvlm-1.7b;mmke-entity/blip2-opt-2.7b;mmke-entity/instructblip-vicuna-7b;mmke-entity/minigpt-4-vicuna-7b;mmke-entity/paligemma-3b;mmke-entity/qwen2.5-vl-3b;mmke-entity/smolvlm-1.7b;mmke-visual/blip2-opt-2.7b;mmke-visual/instructblip-vicuna-7b;mmke-visual/minigpt-4-vicuna-7b;mmke-visual/qwen2.5-vl-3b;mmke-visual/smolvlm-1.7b
recorded,power_a1_b0.5_g-1,M_abscos_x_newn,3,15,False,17,71.88293333333334,71.61240000000001,0.27053333333333235,67.5543111111111,-1.6156888888888905,1,11,3,1,2,0.0,-0.8500000000000014,6.1640000000000015,0.3333333333333333,evqa-pilot500/blip2-opt-2.7b;evqa-pilot500/minigpt-4-vicuna-7b;evqa-pilot500/qwen2.5-vl-3b;evqa-pilot500/smolvlm-1.7b;mmke-entity/blip2-opt-2.7b;mmke-entity/instructblip-vicuna-7b;mmke-entity/minigpt-4-vicuna-7b;mmke-entity/paligemma-3b;mmke-entity/qwen2.5-vl-3b;mmke-entity/smolvlm-1.7b;mmke-visual/blip2-opt-2.7b;mmke-visual/instructblip-vicuna-7b;mmke-visual/minigpt-4-vicuna-7b;mmke-visual/qwen2.5-vl-3b;mmke-visual/smolvlm-1.7b
recorded,power_a1_b0.5_g-1,M_new_norm,1,15,False,17,64.82053333333333,69.5312,-4.7106666666666674,64.82053333333333,-4.7106666666666674,1,12,2,1,2,0.0,-70.81,1.0100000000000051,0.2,evqa-pilot500/blip2-opt-2.7b;evqa-pilot500/minigpt-4-vicuna-7b;evqa-pilot500/qwen2.5-vl-3b;evqa-pilot500/smolvlm-1.7b;mmke-entity/blip2-opt-2.7b;mmke-entity/instructblip-vicuna-7b;mmke-entity/minigpt-4-vicuna-7b;mmke-entity/paligemma-3b;mmke-entity/qwen2.5-vl-3b;mmke-entity/smolvlm-1.7b;mmke-visual/blip2-opt-2.7b;mmke-visual/instructblip-vicuna-7b;mmke-visual/minigpt-4-vicuna-7b;mmke-visual/qwen2.5-vl-3b;mmke-visual/smolvlm-1.7b
recorded,power_a1_b0.5_g-1,M_new_norm,3,15,False,17,71.88293333333334,71.88293333333334,0.0,67.5543111111111,-1.6806666666666672,0,15,0,0,0,0.0,0.0,0.0,0.3333333333333333,evqa-pilot500/blip2-opt-2.7b;evqa-pilot500/minigpt-4-vicuna-7b;evqa-pilot500/qwen2.5-vl-3b;evqa-pilot500/smolvlm-1.7b;mmke-entity/blip2-opt-2.7b;mmke-entity/instructblip-vicuna-7b;mmke-entity/minigpt-4-vicuna-7b;mmke-entity/paligemma-3b;mmke-entity/qwen2.5-vl-3b;mmke-entity/smolvlm-1.7b;mmke-visual/blip2-opt-2.7b;mmke-visual/instructblip-vicuna-7b;mmke-visual/minigpt-4-vicuna-7b;mmke-visual/qwen2.5-vl-3b;mmke-visual/smolvlm-1.7b
recorded,power_a1_b0.5_g0,M_abscos_x_newn,1,16,False,17,71.662,71.73325,-0.07125000000000004,71.662,-0.07125000000000004,0,15,1,0,1,0.0,-1.1400000000000006,0.0,0.1875,evqa-pilot500/blip2-opt-2.7b;evqa-pilot500/minigpt-4-vicuna-7b;evqa-pilot500/paligemma-3b;evqa-pilot500/qwen2.5-vl-3b;evqa-pilot500/smolvlm-1.7b;mmke-entity/blip2-opt-2.7b;mmke-entity/instructblip-vicuna-7b;mmke-entity/paligemma-3b;mmke-entity/qwen2.5-vl-3b;mmke-entity/smolvlm-1.7b;mmke-visual/blip2-opt-2.7b;mmke-visual/instructblip-vicuna-7b;mmke-visual/minigpt-4-vicuna-7b;mmke-visual/paligemma-3b;mmke-visual/qwen2.5-vl-3b;mmke-visual/smolvlm-1.7b
recorded,power_a1_b0.5_g0,M_abscos_x_newn,3,16,False,17,73.906375,73.93075,-0.02437500000000048,71.268625,0.10629166666666645,0,14,2,0,0,0.0,-0.20000000000000284,0.0,0.375,evqa-pilot500/blip2-opt-2.7b;evqa-pilot500/minigpt-4-vicuna-7b;evqa-pilot500/paligemma-3b;evqa-pilot500/qwen2.5-vl-3b;evqa-pilot500/smolvlm-1.7b;mmke-entity/blip2-opt-2.7b;mmke-entity/instructblip-vicuna-7b;mmke-entity/paligemma-3b;mmke-entity/qwen2.5-vl-3b;mmke-entity/smolvlm-1.7b;mmke-visual/blip2-opt-2.7b;mmke-visual/instructblip-vicuna-7b;mmke-visual/minigpt-4-vicuna-7b;mmke-visual/paligemma-3b;mmke-visual/qwen2.5-vl-3b;mmke-visual/smolvlm-1.7b
recorded,power_a1_b0.5_g0,M_new_norm,1,16,False,17,71.662,71.55175,0.11025000000000018,71.662,0.11025000000000018,2,12,2,2,0,0.0,-0.44599999999999795,1.730000000000004,0.1875,evqa-pilot500/blip2-opt-2.7b;evqa-pilot500/minigpt-4-vicuna-7b;evqa-pilot500/paligemma-3b;evqa-pilot500/qwen2.5-vl-3b;evqa-pilot500/smolvlm-1.7b;mmke-entity/blip2-opt-2.7b;mmke-entity/instructblip-vicuna-7b;mmke-entity/paligemma-3b;mmke-entity/qwen2.5-vl-3b;mmke-entity/smolvlm-1.7b;mmke-visual/blip2-opt-2.7b;mmke-visual/instructblip-vicuna-7b;mmke-visual/minigpt-4-vicuna-7b;mmke-visual/paligemma-3b;mmke-visual/qwen2.5-vl-3b;mmke-visual/smolvlm-1.7b
recorded,power_a1_b0.5_g0,M_new_norm,3,16,False,17,73.906375,74.215,-0.30862500000000015,71.268625,0.017541666666667233,2,13,1,2,1,0.0,-6.1640000000000015,0.6599999999999966,0.375,evqa-pilot500/blip2-opt-2.7b;evqa-pilot500/minigpt-4-vicuna-7b;evqa-pilot500/paligemma-3b;evqa-pilot500/qwen2.5-vl-3b;evqa-pilot500/smolvlm-1.7b;mmke-entity/blip2-opt-2.7b;mmke-entity/instructblip-vicuna-7b;mmke-entity/paligemma-3b;mmke-entity/qwen2.5-vl-3b;mmke-entity/smolvlm-1.7b;mmke-visual/blip2-opt-2.7b;mmke-visual/instructblip-vicuna-7b;mmke-visual/minigpt-4-vicuna-7b;mmke-visual/paligemma-3b;mmke-visual/qwen2.5-vl-3b;mmke-visual/smolvlm-1.7b
recorded,power_a1_b0.5_g0.5,M_abscos_x_newn,1,15,False,17,69.26493333333333,72.06106666666666,-2.796133333333332,69.26493333333333,-2.796133333333332,2,7,6,2,6,0.0,-20.540000000000006,4.300000000000004,0,evqa-pilot500/blip2-opt-2.7b;evqa-pilot500/minigpt-4-vicuna-7b;evqa-pilot500/paligemma-3b;evqa-pilot500/qwen2.5-vl-3b;evqa-pilot500/smolvlm-1.7b;mmke-entity/blip2-opt-2.7b;mmke-entity/instructblip-vicuna-7b;mmke-entity/minigpt-4-vicuna-7b;mmke-entity/paligemma-3b;mmke-entity/smolvlm-1.7b;mmke-visual/blip2-opt-2.7b;mmke-visual/instructblip-vicuna-7b;mmke-visual/minigpt-4-vicuna-7b;mmke-visual/paligemma-3b;mmke-visual/smolvlm-1.7b
recorded,power_a1_b0.5_g0.5,M_abscos_x_newn,3,9,False,17,75.72066666666666,76.27577777777778,-0.5551111111111121,73.21851851851852,-0.4356296296296315,1,4,4,1,2,0.0,-7.549999999999997,3.9540000000000006,0.1111111111111111,evqa-pilot500/blip2-opt-2.7b;evqa-pilot500/minigpt-4-vicuna-7b;evqa-pilot500/paligemma-3b;evqa-pilot500/qwen2.5-vl-3b;mmke-entity/blip2-opt-2.7b;mmke-entity/minigpt-4-vicuna-7b;mmke-entity/paligemma-3b;mmke-visual/blip2-opt-2.7b;mmke-visual/paligemma-3b
recorded,power_a1_b0.5_g0.5,M_new_norm,1,15,False,17,69.26493333333333,71.83493333333334,-2.5699999999999985,69.26493333333333,-2.5699999999999985,5,4,6,3,4,0.0,-20.540000000000006,4.300000000000004,0,evqa-pilot500/blip2-opt-2.7b;evqa-pilot500/minigpt-4-vicuna-7b;evqa-pilot500/paligemma-3b;evqa-pilot500/qwen2.5-vl-3b;evqa-pilot500/smolvlm-1.7b;mmke-entity/blip2-opt-2.7b;mmke-entity/instructblip-vicuna-7b;mmke-entity/minigpt-4-vicuna-7b;mmke-entity/paligemma-3b;mmke-entity/smolvlm-1.7b;mmke-visual/blip2-opt-2.7b;mmke-visual/instructblip-vicuna-7b;mmke-visual/minigpt-4-vicuna-7b;mmke-visual/paligemma-3b;mmke-visual/smolvlm-1.7b
recorded,power_a1_b0.5_g0.5,M_new_norm,3,9,False,17,75.72066666666666,76.81177777777778,-1.0911111111111111,73.21851851851852,-0.6306666666666677,3,3,3,2,2,0.0,-7.549999999999997,3.9540000000000006,0.1111111111111111,evqa-pilot500/blip2-opt-2.7b;evqa-pilot500/minigpt-4-vicuna-7b;evqa-pilot500/paligemma-3b;evqa-pilot500/qwen2.5-vl-3b;mmke-entity/blip2-opt-2.7b;mmke-entity/minigpt-4-vicuna-7b;mmke-entity/paligemma-3b;mmke-visual/blip2-opt-2.7b;mmke-visual/paligemma-3b
recorded,power_a1_b0.5_g1,M_abscos_x_newn,1,13,False,17,70.338,73.29123076923076,-2.95323076923077,70.338,-2.95323076923077,2,6,5,1,5,0.0,-20.540000000000006,6.82,0,evqa-pilot500/minigpt-4-vicuna-7b;evqa-pilot500/paligemma-3b;evqa-pilot500/qwen2.5-vl-3b;mmke-entity/blip2-opt-2.7b;mmke-entity/instructblip-vicuna-7b;mmke-entity/minigpt-4-vicuna-7b;mmke-entity/paligemma-3b;mmke-entity/smolvlm-1.7b;mmke-visual/blip2-opt-2.7b;mmke-visual/instructblip-vicuna-7b;mmke-visual/minigpt-4-vicuna-7b;mmke-visual/paligemma-3b;mmke-visual/smolvlm-1.7b
recorded,power_a1_b0.5_g1,M_abscos_x_newn,3,11,False,17,72.67381818181818,77.42690909090909,-4.753090909090911,71.4181212121212,-3.168060606060607,0,4,7,0,5,-0.26400000000001,-20.730000000000004,0.0,0.09090909090909091,evqa-pilot500/paligemma-3b;evqa-pilot500/qwen2.5-vl-3b;mmke-entity/blip2-opt-2.7b;mmke-entity/instructblip-vicuna-7b;mmke-entity/minigpt-4-vicuna-7b;mmke-entity/paligemma-3b;mmke-visual/blip2-opt-2.7b;mmke-visual/instructblip-vicuna-7b;mmke-visual/minigpt-4-vicuna-7b;mmke-visual/paligemma-3b;mmke-visual/smolvlm-1.7b
recorded,power_a1_b0.5_g1,M_new_norm,1,13,False,17,70.338,73.03030769230769,-2.692307692307693,70.338,-2.692307692307693,5,3,5,2,4,0.0,-20.540000000000006,6.82,0,evqa-pilot500/minigpt-4-vicuna-7b;evqa-pilot500/paligemma-3b;evqa-pilot500/qwen2.5-vl-3b;mmke-entity/blip2-opt-2.7b;mmke-entity/instructblip-vicuna-7b;mmke-entity/minigpt-4-vicuna-7b;mmke-entity/paligemma-3b;mmke-entity/smolvlm-1.7b;mmke-visual/blip2-opt-2.7b;mmke-visual/instructblip-vicuna-7b;mmke-visual/minigpt-4-vicuna-7b;mmke-visual/paligemma-3b;mmke-visual/smolvlm-1.7b
recorded,power_a1_b0.5_g1,M_new_norm,3,11,False,17,72.67381818181818,77.23545454545454,-4.561636363636364,71.4181212121212,-2.967212121212121,2,2,7,1,5,-0.26400000000001,-20.730000000000004,0.8500000000000014,0.09090909090909091,evqa-pilot500/paligemma-3b;evqa-pilot500/qwen2.5-vl-3b;mmke-entity/blip2-opt-2.7b;mmke-entity/instructblip-vicuna-7b;mmke-entity/minigpt-4-vicuna-7b;mmke-entity/paligemma-3b;mmke-visual/blip2-opt-2.7b;mmke-visual/instructblip-vicuna-7b;mmke-visual/minigpt-4-vicuna-7b;mmke-visual/paligemma-3b;mmke-visual/smolvlm-1.7b
recorded,power_a1_b0.5_g2,M_abscos_x_newn,1,17,True,17,70.73435294117647,71.97388235294117,-1.239529411764706,70.73435294117647,-1.239529411764706,3,5,9,3,8,-0.030000000000001137,-22.24000000000001,14.88000000000001,0.058823529411764705,evqa-pilot500/blip2-opt-2.7b;evqa-pilot500/minigpt-4-vicuna-7b;evqa-pilot500/paligemma-3b;evqa-pilot500/qwen2.5-vl-3b;evqa-pilot500/smolvlm-1.7b;mmke-entity/blip2-opt-2.7b;mmke-entity/instructblip-vicuna-7b;mmke-entity/minigpt-4-vicuna-7b;mmke-entity/paligemma-3b;mmke-entity/qwen2.5-vl-3b;mmke-entity/smolvlm-1.7b;mmke-visual/blip2-opt-2.7b;mmke-visual/instructblip-vicuna-7b;mmke-visual/minigpt-4-vicuna-7b;mmke-visual/paligemma-3b;mmke-visual/qwen2.5-vl-3b;mmke-visual/smolvlm-1.7b
recorded,power_a1_b0.5_g2,M_abscos_x_newn,3,14,False,17,72.21328571428572,74.77371428571429,-2.560428571428573,71.05909523809524,-0.8521904761904793,4,2,8,3,7,-0.4270000000000067,-21.60000000000001,17.093999999999994,0.21428571428571427,evqa-pilot500/blip2-opt-2.7b;evqa-pilot500/paligemma-3b;evqa-pilot500/qwen2.5-vl-3b;evqa-pilot500/smolvlm-1.7b;mmke-entity/blip2-opt-2.7b;mmke-entity/instructblip-vicuna-7b;mmke-entity/paligemma-3b;mmke-entity/qwen2.5-vl-3b;mmke-visual/blip2-opt-2.7b;mmke-visual/instructblip-vicuna-7b;mmke-visual/minigpt-4-vicuna-7b;mmke-visual/paligemma-3b;mmke-visual/qwen2.5-vl-3b;mmke-visual/smolvlm-1.7b
recorded,power_a1_b0.5_g2,M_new_norm,1,17,True,17,70.73435294117647,71.77435294117647,-1.04,70.73435294117647,-1.04,6,1,10,5,8,-0.44599999999999795,-22.24000000000001,14.88000000000001,0.058823529411764705,evqa-pilot500/blip2-opt-2.7b;evqa-pilot500/minigpt-4-vicuna-7b;evqa-pilot500/paligemma-3b;evqa-pilot500/qwen2.5-vl-3b;evqa-pilot500/smolvlm-1.7b;mmke-entity/blip2-opt-2.7b;mmke-entity/instructblip-vicuna-7b;mmke-entity/minigpt-4-vicuna-7b;mmke-entity/paligemma-3b;mmke-entity/qwen2.5-vl-3b;mmke-entity/smolvlm-1.7b;mmke-visual/blip2-opt-2.7b;mmke-visual/instructblip-vicuna-7b;mmke-visual/minigpt-4-vicuna-7b;mmke-visual/paligemma-3b;mmke-visual/qwen2.5-vl-3b;mmke-visual/smolvlm-1.7b
recorded,power_a1_b0.5_g2,M_new_norm,3,14,False,17,72.21328571428572,74.65828571428571,-2.4450000000000007,71.05909523809524,-0.7261904761904786,5,1,8,4,7,-0.4270000000000067,-21.60000000000001,17.093999999999994,0.21428571428571427,evqa-pilot500/blip2-opt-2.7b;evqa-pilot500/paligemma-3b;evqa-pilot500/qwen2.5-vl-3b;evqa-pilot500/smolvlm-1.7b;mmke-entity/blip2-opt-2.7b;mmke-entity/instructblip-vicuna-7b;mmke-entity/paligemma-3b;mmke-entity/qwen2.5-vl-3b;mmke-visual/blip2-opt-2.7b;mmke-visual/instructblip-vicuna-7b;mmke-visual/minigpt-4-vicuna-7b;mmke-visual/paligemma-3b;mmke-visual/qwen2.5-vl-3b;mmke-visual/smolvlm-1.7b
recorded,power_a1_b1_g-1,M_abscos_x_newn,1,15,False,17,64.82053333333333,69.78706666666666,-4.966533333333334,64.82053333333333,-4.966533333333334,1,8,6,1,5,0.0,-70.81,1.0100000000000051,0.2,evqa-pilot500/blip2-opt-2.7b;evqa-pilot500/minigpt-4-vicuna-7b;evqa-pilot500/qwen2.5-vl-3b;evqa-pilot500/smolvlm-1.7b;mmke-entity/blip2-opt-2.7b;mmke-entity/instructblip-vicuna-7b;mmke-entity/minigpt-4-vicuna-7b;mmke-entity/paligemma-3b;mmke-entity/qwen2.5-vl-3b;mmke-entity/smolvlm-1.7b;mmke-visual/blip2-opt-2.7b;mmke-visual/instructblip-vicuna-7b;mmke-visual/minigpt-4-vicuna-7b;mmke-visual/qwen2.5-vl-3b;mmke-visual/smolvlm-1.7b
recorded,power_a1_b1_g-1,M_abscos_x_newn,3,15,False,17,71.88293333333334,71.61240000000001,0.27053333333333235,67.5543111111111,-1.6156888888888905,1,11,3,1,2,0.0,-0.8500000000000014,6.1640000000000015,0.3333333333333333,evqa-pilot500/blip2-opt-2.7b;evqa-pilot500/minigpt-4-vicuna-7b;evqa-pilot500/qwen2.5-vl-3b;evqa-pilot500/smolvlm-1.7b;mmke-entity/blip2-opt-2.7b;mmke-entity/instructblip-vicuna-7b;mmke-entity/minigpt-4-vicuna-7b;mmke-entity/paligemma-3b;mmke-entity/qwen2.5-vl-3b;mmke-entity/smolvlm-1.7b;mmke-visual/blip2-opt-2.7b;mmke-visual/instructblip-vicuna-7b;mmke-visual/minigpt-4-vicuna-7b;mmke-visual/qwen2.5-vl-3b;mmke-visual/smolvlm-1.7b
recorded,power_a1_b1_g-1,M_new_norm,1,15,False,17,64.82053333333333,69.5312,-4.7106666666666674,64.82053333333333,-4.7106666666666674,1,12,2,1,2,0.0,-70.81,1.0100000000000051,0.2,evqa-pilot500/blip2-opt-2.7b;evqa-pilot500/minigpt-4-vicuna-7b;evqa-pilot500/qwen2.5-vl-3b;evqa-pilot500/smolvlm-1.7b;mmke-entity/blip2-opt-2.7b;mmke-entity/instructblip-vicuna-7b;mmke-entity/minigpt-4-vicuna-7b;mmke-entity/paligemma-3b;mmke-entity/qwen2.5-vl-3b;mmke-entity/smolvlm-1.7b;mmke-visual/blip2-opt-2.7b;mmke-visual/instructblip-vicuna-7b;mmke-visual/minigpt-4-vicuna-7b;mmke-visual/qwen2.5-vl-3b;mmke-visual/smolvlm-1.7b
recorded,power_a1_b1_g-1,M_new_norm,3,15,False,17,71.88293333333334,71.88293333333334,0.0,67.5543111111111,-1.6806666666666672,0,15,0,0,0,0.0,0.0,0.0,0.3333333333333333,evqa-pilot500/blip2-opt-2.7b;evqa-pilot500/minigpt-4-vicuna-7b;evqa-pilot500/qwen2.5-vl-3b;evqa-pilot500/smolvlm-1.7b;mmke-entity/blip2-opt-2.7b;mmke-entity/instructblip-vicuna-7b;mmke-entity/minigpt-4-vicuna-7b;mmke-entity/paligemma-3b;mmke-entity/qwen2.5-vl-3b;mmke-entity/smolvlm-1.7b;mmke-visual/blip2-opt-2.7b;mmke-visual/instructblip-vicuna-7b;mmke-visual/minigpt-4-vicuna-7b;mmke-visual/qwen2.5-vl-3b;mmke-visual/smolvlm-1.7b
recorded,power_a1_b1_g0,M_abscos_x_newn,1,16,False,17,71.662,71.73325,-0.07125000000000004,71.662,-0.07125000000000004,0,15,1,0,1,0.0,-1.1400000000000006,0.0,0.1875,evqa-pilot500/blip2-opt-2.7b;evqa-pilot500/minigpt-4-vicuna-7b;evqa-pilot500/paligemma-3b;evqa-pilot500/qwen2.5-vl-3b;evqa-pilot500/smolvlm-1.7b;mmke-entity/blip2-opt-2.7b;mmke-entity/instructblip-vicuna-7b;mmke-entity/paligemma-3b;mmke-entity/qwen2.5-vl-3b;mmke-entity/smolvlm-1.7b;mmke-visual/blip2-opt-2.7b;mmke-visual/instructblip-vicuna-7b;mmke-visual/minigpt-4-vicuna-7b;mmke-visual/paligemma-3b;mmke-visual/qwen2.5-vl-3b;mmke-visual/smolvlm-1.7b
recorded,power_a1_b1_g0,M_abscos_x_newn,3,15,False,17,73.99773333333333,73.73746666666666,0.2602666666666669,71.07822222222222,0.28377777777777785,1,13,1,1,0,0.0,-0.19000000000000483,4.094000000000008,0.4,evqa-pilot500/blip2-opt-2.7b;evqa-pilot500/minigpt-4-vicuna-7b;evqa-pilot500/paligemma-3b;evqa-pilot500/qwen2.5-vl-3b;evqa-pilot500/smolvlm-1.7b;mmke-entity/blip2-opt-2.7b;mmke-entity/instructblip-vicuna-7b;mmke-entity/paligemma-3b;mmke-entity/qwen2.5-vl-3b;mmke-entity/smolvlm-1.7b;mmke-visual/blip2-opt-2.7b;mmke-visual/instructblip-vicuna-7b;mmke-visual/paligemma-3b;mmke-visual/qwen2.5-vl-3b;mmke-visual/smolvlm-1.7b
recorded,power_a1_b1_g0,M_new_norm,1,16,False,17,71.662,71.55175,0.11025000000000018,71.662,0.11025000000000018,2,12,2,2,0,0.0,-0.44599999999999795,1.730000000000004,0.1875,evqa-pilot500/blip2-opt-2.7b;evqa-pilot500/minigpt-4-vicuna-7b;evqa-pilot500/paligemma-3b;evqa-pilot500/qwen2.5-vl-3b;evqa-pilot500/smolvlm-1.7b;mmke-entity/blip2-opt-2.7b;mmke-entity/instructblip-vicuna-7b;mmke-entity/paligemma-3b;mmke-entity/qwen2.5-vl-3b;mmke-entity/smolvlm-1.7b;mmke-visual/blip2-opt-2.7b;mmke-visual/instructblip-vicuna-7b;mmke-visual/minigpt-4-vicuna-7b;mmke-visual/paligemma-3b;mmke-visual/qwen2.5-vl-3b;mmke-visual/smolvlm-1.7b
recorded,power_a1_b1_g0,M_new_norm,3,15,False,17,73.99773333333333,74.09173333333334,-0.09399999999999978,71.07822222222222,0.13706666666666698,1,13,1,1,1,0.0,-2.069999999999993,0.6599999999999966,0.4,evqa-pilot500/blip2-opt-2.7b;evqa-pilot500/minigpt-4-vicuna-7b;evqa-pilot500/paligemma-3b;evqa-pilot500/qwen2.5-vl-3b;evqa-pilot500/smolvlm-1.7b;mmke-entity/blip2-opt-2.7b;mmke-entity/instructblip-vicuna-7b;mmke-entity/paligemma-3b;mmke-entity/qwen2.5-vl-3b;mmke-entity/smolvlm-1.7b;mmke-visual/blip2-opt-2.7b;mmke-visual/instructblip-vicuna-7b;mmke-visual/paligemma-3b;mmke-visual/qwen2.5-vl-3b;mmke-visual/smolvlm-1.7b
recorded,power_a1_b1_g0.5,M_abscos_x_newn,1,13,False,17,71.43784615384615,72.34738461538461,-0.909538461538462,71.43784615384615,-0.909538461538462,2,8,3,1,2,0.0,-11.199999999999996,0.5799999999999983,0,evqa-pilot500/blip2-opt-2.7b;evqa-pilot500/minigpt-4-vicuna-7b;evqa-pilot500/paligemma-3b;evqa-pilot500/qwen2.5-vl-3b;evqa-pilot500/smolvlm-1.7b;mmke-entity/blip2-opt-2.7b;mmke-entity/minigpt-4-vicuna-7b;mmke-entity/paligemma-3b;mmke-entity/smolvlm-1.7b;mmke-visual/blip2-opt-2.7b;mmke-visual/minigpt-4-vicuna-7b;mmke-visual/paligemma-3b;mmke-visual/qwen2.5-vl-3b
recorded,power_a1_b1_g0.5,M_abscos_x_newn,3,11,False,17,74.60963636363637,75.242,-0.6323636363636367,72.63884848484848,0.08430303030302998,2,5,4,1,2,0.0,-7.549999999999997,3.9540000000000006,0.09090909090909091,evqa-pilot500/blip2-opt-2.7b;evqa-pilot500/minigpt-4-vicuna-7b;evqa-pilot500/paligemma-3b;evqa-pilot500/qwen2.5-vl-3b;evqa-pilot500/smolvlm-1.7b;mmke-entity/blip2-opt-2.7b;mmke-entity/paligemma-3b;mmke-visual/blip2-opt-2.7b;mmke-visual/minigpt-4-vicuna-7b;mmke-visual/paligemma-3b;mmke-visual/qwen2.5-vl-3b
recorded,power_a1_b1_g0.5,M_new_norm,1,13,False,17,71.43784615384615,72.08646153846153,-0.6486153846153848,71.43784615384615,-0.6486153846153848,5,5,3,3,1,0.0,-11.199999999999996,1.730000000000004,0,evqa-pilot500/blip2-opt-2.7b;evqa-pilot500/minigpt-4-vicuna-7b;evqa-pilot500/paligemma-3b;evqa-pilot500/qwen2.5-vl-3b;evqa-pilot500/smolvlm-1.7b;mmke-entity/blip2-opt-2.7b;mmke-entity/minigpt-4-vicuna-7b;mmke-entity/paligemma-3b;mmke-entity/smolvlm-1.7b;mmke-visual/blip2-opt-2.7b;mmke-visual/minigpt-4-vicuna-7b;mmke-visual/paligemma-3b;mmke-visual/qwen2.5-vl-3b
recorded,power_a1_b1_g0.5,M_new_norm,3,11,False,17,74.60963636363637,75.65545454545455,-1.0458181818181815,72.63884848484848,-0.044787878787877974,4,3,4,3,3,0.0,-7.549999999999997,3.9540000000000006,0.09090909090909091,evqa-pilot500/blip2-opt-2.7b;evqa-pilot500/minigpt-4-vicuna-7b;evqa-pilot500/paligemma-3b;evqa-pilot500/qwen2.5-vl-3b;evqa-pilot500/smolvlm-1.7b;mmke-entity/blip2-opt-2.7b;mmke-entity/paligemma-3b;mmke-visual/blip2-opt-2.7b;mmke-visual/minigpt-4-vicuna-7b;mmke-visual/paligemma-3b;mmke-visual/qwen2.5-vl-3b
recorded,power_a1_b1_g1,M_abscos_x_newn,1,13,False,17,69.32369230769231,71.83569230769231,-2.512,69.32369230769231,-2.512,1,7,5,1,5,0.0,-20.540000000000006,14.930000000000007,0,evqa-pilot500/blip2-opt-2.7b;evqa-pilot500/minigpt-4-vicuna-7b;evqa-pilot500/paligemma-3b;evqa-pilot500/qwen2.5-vl-3b;evqa-pilot500/smolvlm-1.7b;mmke-entity/blip2-opt-2.7b;mmke-entity/instructblip-vicuna-7b;mmke-entity/minigpt-4-vicuna-7b;mmke-entity/paligemma-3b;mmke-visual/blip2-opt-2.7b;mmke-visual/instructblip-vicuna-7b;mmke-visual/paligemma-3b;mmke-visual/smolvlm-1.7b
recorded,power_a1_b1_g1,M_abscos_x_newn,3,8,False,17,76.6895,77.912,-1.222500000000001,74.58691666666667,-0.6858333333333357,0,3,5,0,3,-0.18500000000000583,-7.549999999999997,0.0,0.125,evqa-pilot500/minigpt-4-vicuna-7b;evqa-pilot500/paligemma-3b;evqa-pilot500/qwen2.5-vl-3b;mmke-entity/blip2-opt-2.7b;mmke-entity/paligemma-3b;mmke-visual/blip2-opt-2.7b;mmke-visual/paligemma-3b;mmke-visual/smolvlm-1.7b
recorded,power_a1_b1_g1,M_new_norm,1,13,False,17,69.32369230769231,71.634,-2.3103076923076915,69.32369230769231,-2.3103076923076915,3,4,6,2,4,0.0,-20.540000000000006,14.930000000000007,0,evqa-pilot500/blip2-opt-2.7b;evqa-pilot500/minigpt-4-vicuna-7b;evqa-pilot500/paligemma-3b;evqa-pilot500/qwen2.5-vl-3b;evqa-pilot500/smolvlm-1.7b;mmke-entity/blip2-opt-2.7b;mmke-entity/instructblip-vicuna-7b;mmke-entity/minigpt-4-vicuna-7b;mmke-entity/paligemma-3b;mmke-visual/blip2-opt-2.7b;mmke-visual/instructblip-vicuna-7b;mmke-visual/paligemma-3b;mmke-visual/smolvlm-1.7b
recorded,power_a1_b1_g1,M_new_norm,3,8,False,17,76.6895,78.57625,-1.886750000000001,74.58691666666667,-0.9609166666666686,1,3,4,1,3,-0.09000000000000341,-7.549999999999997,0.6599999999999966,0.125,evqa-pilot500/minigpt-4-vicuna-7b;evqa-pilot500/paligemma-3b;evqa-pilot500/qwen2.5-vl-3b;mmke-entity/blip2-opt-2.7b;mmke-entity/paligemma-3b;mmke-visual/blip2-opt-2.7b;mmke-visual/paligemma-3b;mmke-visual/smolvlm-1.7b
recorded,power_a1_b1_g2,M_abscos_x_newn,1,15,False,17,70.81093333333334,72.09106666666666,-1.2801333333333331,70.81093333333334,-1.2801333333333331,4,4,7,4,6,0.0,-21.050000000000004,14.88000000000001,0.06666666666666667,evqa-pilot500/blip2-opt-2.7b;evqa-pilot500/minigpt-4-vicuna-7b;evqa-pilot500/paligemma-3b;evqa-pilot500/qwen2.5-vl-3b;mmke-entity/blip2-opt-2.7b;mmke-entity/instructblip-vicuna-7b;mmke-entity/minigpt-4-vicuna-7b;mmke-entity/paligemma-3b;mmke-entity/smolvlm-1.7b;mmke-visual/blip2-opt-2.7b;mmke-visual/instructblip-vicuna-7b;mmke-visual/minigpt-4-vicuna-7b;mmke-visual/paligemma-3b;mmke-visual/qwen2.5-vl-3b;mmke-visual/smolvlm-1.7b
recorded,power_a1_b1_g2,M_abscos_x_newn,3,12,False,17,74.89033333333333,75.9535,-1.06316666666667,73.64072222222222,0.017166666666664554,3,3,6,3,4,-0.09500000000000242,-20.56000000000001,16.685999999999993,0.08333333333333333,evqa-pilot500/blip2-opt-2.7b;evqa-pilot500/paligemma-3b;evqa-pilot500/qwen2.5-vl-3b;mmke-entity/blip2-opt-2.7b;mmke-entity/minigpt-4-vicuna-7b;mmke-entity/paligemma-3b;mmke-visual/blip2-opt-2.7b;mmke-visual/instructblip-vicuna-7b;mmke-visual/minigpt-4-vicuna-7b;mmke-visual/paligemma-3b;mmke-visual/qwen2.5-vl-3b;mmke-visual/smolvlm-1.7b
recorded,power_a1_b1_g2,M_new_norm,1,15,False,17,70.81093333333334,71.86493333333334,-1.0539999999999996,70.81093333333334,-1.0539999999999996,7,1,7,5,5,0.0,-21.050000000000004,14.88000000000001,0.06666666666666667,evqa-pilot500/blip2-opt-2.7b;evqa-pilot500/minigpt-4-vicuna-7b;evqa-pilot500/paligemma-3b;evqa-pilot500/qwen2.5-vl-3b;mmke-entity/blip2-opt-2.7b;mmke-entity/instructblip-vicuna-7b;mmke-entity/minigpt-4-vicuna-7b;mmke-entity/paligemma-3b;mmke-entity/smolvlm-1.7b;mmke-visual/blip2-opt-2.7b;mmke-visual/instructblip-vicuna-7b;mmke-visual/minigpt-4-vicuna-7b;mmke-visual/paligemma-3b;mmke-visual/qwen2.5-vl-3b;mmke-visual/smolvlm-1.7b
recorded,power_a1_b1_g2,M_new_norm,3,12,False,17,74.89033333333333,75.778,-0.8876666666666685,73.64072222222222,0.20127777777777686,5,2,5,4,4,0.0,-20.56000000000001,16.685999999999993,0.08333333333333333,evqa-pilot500/blip2-opt-2.7b;evqa-pilot500/paligemma-3b;evqa-pilot500/qwen2.5-vl-3b;mmke-entity/blip2-opt-2.7b;mmke-entity/minigpt-4-vicuna-7b;mmke-entity/paligemma-3b;mmke-visual/blip2-opt-2.7b;mmke-visual/instructblip-vicuna-7b;mmke-visual/minigpt-4-vicuna-7b;mmke-visual/paligemma-3b;mmke-visual/qwen2.5-vl-3b;mmke-visual/smolvlm-1.7b
recorded,power_a2_b-1_g-1,M_abscos_x_newn,1,15,False,17,64.81386666666667,69.78706666666666,-4.973200000000001,64.81386666666667,-4.973200000000001,1,8,6,1,5,0.0,-70.81,1.0100000000000051,0.2,evqa-pilot500/blip2-opt-2.7b;evqa-pilot500/minigpt-4-vicuna-7b;evqa-pilot500/qwen2.5-vl-3b;evqa-pilot500/smolvlm-1.7b;mmke-entity/blip2-opt-2.7b;mmke-entity/instructblip-vicuna-7b;mmke-entity/minigpt-4-vicuna-7b;mmke-entity/paligemma-3b;mmke-entity/qwen2.5-vl-3b;mmke-entity/smolvlm-1.7b;mmke-visual/blip2-opt-2.7b;mmke-visual/instructblip-vicuna-7b;mmke-visual/minigpt-4-vicuna-7b;mmke-visual/qwen2.5-vl-3b;mmke-visual/smolvlm-1.7b
recorded,power_a2_b-1_g-1,M_abscos_x_newn,3,13,False,17,71.71446153846153,71.87738461538461,-0.16292307692307653,66.83246153846154,-2.288461538461539,1,10,2,1,2,0.0,-7.275999999999996,6.1640000000000015,0.38461538461538464,evqa-pilot500/blip2-opt-2.7b;evqa-pilot500/minigpt-4-vicuna-7b;evqa-pilot500/smolvlm-1.7b;mmke-entity/blip2-opt-2.7b;mmke-entity/instructblip-vicuna-7b;mmke-entity/paligemma-3b;mmke-entity/qwen2.5-vl-3b;mmke-entity/smolvlm-1.7b;mmke-visual/blip2-opt-2.7b;mmke-visual/instructblip-vicuna-7b;mmke-visual/minigpt-4-vicuna-7b;mmke-visual/qwen2.5-vl-3b;mmke-visual/smolvlm-1.7b
recorded,power_a2_b-1_g-1,M_new_norm,1,15,False,17,64.81386666666667,69.5312,-4.717333333333334,64.81386666666667,-4.717333333333334,1,11,3,1,2,0.0,-70.81,1.0100000000000051,0.2,evqa-pilot500/blip2-opt-2.7b;evqa-pilot500/minigpt-4-vicuna-7b;evqa-pilot500/qwen2.5-vl-3b;evqa-pilot500/smolvlm-1.7b;mmke-entity/blip2-opt-2.7b;mmke-entity/instructblip-vicuna-7b;mmke-entity/minigpt-4-vicuna-7b;mmke-entity/paligemma-3b;mmke-entity/qwen2.5-vl-3b;mmke-entity/smolvlm-1.7b;mmke-visual/blip2-opt-2.7b;mmke-visual/instructblip-vicuna-7b;mmke-visual/minigpt-4-vicuna-7b;mmke-visual/qwen2.5-vl-3b;mmke-visual/smolvlm-1.7b
recorded,power_a2_b-1_g-1,M_new_norm,3,13,False,17,71.71446153846153,72.29261538461539,-0.5781538461538455,66.83246153846154,-2.473333333333333,0,11,2,0,1,0.0,-7.275999999999996,0.0,0.38461538461538464,evqa-pilot500/blip2-opt-2.7b;evqa-pilot500/minigpt-4-vicuna-7b;evqa-pilot500/smolvlm-1.7b;mmke-entity/blip2-opt-2.7b;mmke-entity/instructblip-vicuna-7b;mmke-entity/paligemma-3b;mmke-entity/qwen2.5-vl-3b;mmke-entity/smolvlm-1.7b;mmke-visual/blip2-opt-2.7b;mmke-visual/instructblip-vicuna-7b;mmke-visual/minigpt-4-vicuna-7b;mmke-visual/qwen2.5-vl-3b;mmke-visual/smolvlm-1.7b
recorded,power_a2_b-1_g0,M_abscos_x_newn,1,13,False,17,62.47353846153846,69.13553846153846,-6.662000000000001,62.47353846153846,-6.662000000000001,3,2,8,2,8,-0.9500000000000028,-43.77,6.82,0.07692307692307693,evqa-pilot500/blip2-opt-2.7b;evqa-pilot500/minigpt-4-vicuna-7b;evqa-pilot500/qwen2.5-vl-3b;evqa-pilot500/smolvlm-1.7b;mmke-entity/blip2-opt-2.7b;mmke-entity/instructblip-vicuna-7b;mmke-entity/paligemma-3b;mmke-entity/smolvlm-1.7b;mmke-visual/blip2-opt-2.7b;mmke-visual/instructblip-vicuna-7b;mmke-visual/minigpt-4-vicuna-7b;mmke-visual/qwen2.5-vl-3b;mmke-visual/smolvlm-1.7b
recorded,power_a2_b-1_g0,M_abscos_x_newn,3,8,False,17,68.457,72.42825,-3.9712500000000004,64.58408333333334,-4.667833333333333,0,3,5,0,5,-1.1700000000000017,-21.660000000000004,0.0,0.125,evqa-pilot500/blip2-opt-2.7b;evqa-pilot500/minigpt-4-vicuna-7b;evqa-pilot500/smolvlm-1.7b;mmke-entity/blip2-opt-2.7b;mmke-entity/instructblip-vicuna-7b;mmke-entity/paligemma-3b;mmke-visual/minigpt-4-vicuna-7b;mmke-visual/smolvlm-1.7b
recorded,power_a2_b-1_g0,M_new_norm,1,13,False,17,62.47353846153846,68.87784615384615,-6.404307692307693,62.47353846153846,-6.404307692307693,4,2,7,2,6,-0.10000000000000142,-43.77,6.82,0.07692307692307693,evqa-pilot500/blip2-opt-2.7b;evqa-pilot500/minigpt-4-vicuna-7b;evqa-pilot500/qwen2.5-vl-3b;evqa-pilot500/smolvlm-1.7b;mmke-entity/blip2-opt-2.7b;mmke-entity/instructblip-vicuna-7b;mmke-entity/paligemma-3b;mmke-entity/smolvlm-1.7b;mmke-visual/blip2-opt-2.7b;mmke-visual/instructblip-vicuna-7b;mmke-visual/minigpt-4-vicuna-7b;mmke-visual/qwen2.5-vl-3b;mmke-visual/smolvlm-1.7b
recorded,power_a2_b-1_g0,M_new_norm,3,8,False,17,68.457,73.103,-4.646,64.58408333333334,-4.9682499999999985,0,3,5,0,5,-1.1069999999999993,-21.660000000000004,0.0,0.125,evqa-pilot500/blip2-opt-2.7b;evqa-pilot500/minigpt-4-vicuna-7b;evqa-pilot500/smolvlm-1.7b;mmke-entity/blip2-opt-2.7b;mmke-entity/instructblip-vicuna-7b;mmke-entity/paligemma-3b;mmke-visual/minigpt-4-vicuna-7b;mmke-visual/smolvlm-1.7b
recorded,power_a2_b-1_g0.5,M_abscos_x_newn,1,12,False,17,63.18966666666667,69.84933333333333,-6.6596666666666655,63.18966666666667,-6.6596666666666655,2,1,9,1,9,-1.3350000000000009,-43.77,14.88000000000001,0,evqa-pilot500/blip2-opt-2.7b;evqa-pilot500/minigpt-4-vicuna-7b;evqa-pilot500/qwen2.5-vl-3b;evqa-pilot500/smolvlm-1.7b;mmke-entity/blip2-opt-2.7b;mmke-entity/instructblip-vicuna-7b;mmke-entity/paligemma-3b;mmke-entity/qwen2.5-vl-3b;mmke-entity/smolvlm-1.7b;mmke-visual/instructblip-vicuna-7b;mmke-visual/minigpt-4-vicuna-7b;mmke-visual/smolvlm-1.7b
recorded,power_a2_b-1_g0.5,M_abscos_x_newn,3,8,False,17,69.327,71.7145,-2.387500000000001,66.1085,-2.4183333333333312,1,1,6,1,6,-1.1700000000000017,-22.24000000000001,16.685999999999993,0.125,evqa-pilot500/blip2-opt-2.7b;evqa-pilot500/minigpt-4-vicuna-7b;evqa-pilot500/smolvlm-1.7b;mmke-entity/blip2-opt-2.7b;mmke-entity/instructblip-vicuna-7b;mmke-entity/paligemma-3b;mmke-entity/smolvlm-1.7b;mmke-visual/smolvlm-1.7b
recorded,power_a2_b-1_g0.5,M_new_norm,1,12,False,17,63.18966666666667,69.57016666666667,-6.380499999999999,63.18966666666667,-6.380499999999999,3,1,8,1,7,-0.7550000000000026,-43.77,14.88000000000001,0,evqa-pilot500/blip2-opt-2.7b;evqa-pilot500/minigpt-4-vicuna-7b;evqa-pilot500/qwen2.5-vl-3b;evqa-pilot500/smolvlm-1.7b;mmke-entity/blip2-opt-2.7b;mmke-entity/instructblip-vicuna-7b;mmke-entity/paligemma-3b;mmke-entity/qwen2.5-vl-3b;mmke-entity/smolvlm-1.7b;mmke-visual/instructblip-vicuna-7b;mmke-visual/minigpt-4-vicuna-7b;mmke-visual/smolvlm-1.7b
recorded,power_a2_b-1_g0.5,M_new_norm,3,8,False,17,69.327,72.485,-3.1580000000000013,66.1085,-2.816333333333331,1,1,6,1,6,-1.1700000000000017,-22.24000000000001,16.685999999999993,0.125,evqa-pilot500/blip2-opt-2.7b;evqa-pilot500/minigpt-4-vicuna-7b;evqa-pilot500/smolvlm-1.7b;mmke-entity/blip2-opt-2.7b;mmke-entity/instructblip-vicuna-7b;mmke-entity/paligemma-3b;mmke-entity/smolvlm-1.7b;mmke-visual/smolvlm-1.7b
recorded,power_a2_b-1_g1,M_abscos_x_newn,1,13,False,17,64.24661538461538,69.274,-5.027384615384616,64.24661538461538,-5.027384615384616,4,0,9,3,9,-1.7199999999999989,-43.77,17.439999999999998,0.07692307692307693,evqa-pilot500/blip2-opt-2.7b;evqa-pilot500/minigpt-4-vicuna-7b;evqa-pilot500/qwen2.5-vl-3b;evqa-pilot500/smolvlm-1.7b;mmke-entity/blip2-opt-2.7b;mmke-entity/instructblip-vicuna-7b;mmke-entity/paligemma-3b;mmke-entity/qwen2.5-vl-3b;mmke-entity/smolvlm-1.7b;mmke-visual/blip2-opt-2.7b;mmke-visual/instructblip-vicuna-7b;mmke-visual/minigpt-4-vicuna-7b;mmke-visual/smolvlm-1.7b
recorded,power_a2_b-1_g1,M_abscos_x_newn,3,9,False,17,68.50177777777778,70.82844444444444,-2.326666666666669,65.82540740740741,-2.1077037037037036,1,0,8,1,7,-0.9500000000000028,-22.24000000000001,17.093999999999994,0.1111111111111111,evqa-pilot500/blip2-opt-2.7b;evqa-pilot500/minigpt-4-vicuna-7b;evqa-pilot500/qwen2.5-vl-3b;evqa-pilot500/smolvlm-1.7b;mmke-entity/blip2-opt-2.7b;mmke-entity/instructblip-vicuna-7b;mmke-entity/paligemma-3b;mmke-entity/smolvlm-1.7b;mmke-visual/smolvlm-1.7b
recorded,power_a2_b-1_g1,M_new_norm,1,13,False,17,64.24661538461538,69.01630769230769,-4.769692307692308,64.24661538461538,-4.769692307692308,5,0,8,3,8,-0.9200000000000017,-43.77,17.439999999999998,0.07692307692307693,evqa-pilot500/blip2-opt-2.7b;evqa-pilot500/minigpt-4-vicuna-7b;evqa-pilot500/qwen2.5-vl-3b;evqa-pilot500/smolvlm-1.7b;mmke-entity/blip2-opt-2.7b;mmke-entity/instructblip-vicuna-7b;mmke-entity/paligemma-3b;mmke-entity/qwen2.5-vl-3b;mmke-entity/smolvlm-1.7b;mmke-visual/blip2-opt-2.7b;mmke-visual/instructblip-vicuna-7b;mmke-visual/minigpt-4-vicuna-7b;mmke-visual/smolvlm-1.7b
recorded,power_a2_b-1_g1,M_new_norm,3,9,False,17,68.50177777777778,71.41888888888889,-2.9171111111111134,65.82540740740741,-2.3522222222222218,1,0,8,1,6,-0.5900000000000034,-22.24000000000001,17.093999999999994,0.1111111111111111,evqa-pilot500/blip2-opt-2.7b;evqa-pilot500/minigpt-4-vicuna-7b;evqa-pilot500/qwen2.5-vl-3b;evqa-pilot500/smolvlm-1.7b;mmke-entity/blip2-opt-2.7b;mmke-entity/instructblip-vicuna-7b;mmke-entity/paligemma-3b;mmke-entity/smolvlm-1.7b;mmke-visual/smolvlm-1.7b
recorded,power_a2_b-1_g2,M_abscos_x_newn,1,12,False,17,63.17466666666667,69.0285,-5.853833333333333,63.17466666666667,-5.853833333333333,3,0,9,3,9,-1.7750000000000021,-43.77,17.439999999999998,0.08333333333333333,evqa-pilot500/blip2-opt-2.7b;evqa-pilot500/minigpt-4-vicuna-7b;evqa-pilot500/qwen2.5-vl-3b;evqa-pilot500/smolvlm-1.7b;mmke-entity/blip2-opt-2.7b;mmke-entity/instructblip-vicuna-7b;mmke-entity/paligemma-3b;mmke-entity/smolvlm-1.7b;mmke-visual/blip2-opt-2.7b;mmke-visual/instructblip-vicuna-7b;mmke-visual/minigpt-4-vicuna-7b;mmke-visual/smolvlm-1.7b
recorded,power_a2_b-1_g2,M_abscos_x_newn,3,9,False,17,66.00844444444445,67.91,-1.9015555555555577,65.01355555555556,-0.03118518518518698,2,0,7,2,7,-1.7399999999999949,-22.24000000000001,17.093999999999994,0.1111111111111111,evqa-pilot500/blip2-opt-2.7b;evqa-pilot500/minigpt-4-vicuna-7b;evqa-pilot500/qwen2.5-vl-3b;evqa-pilot500/smolvlm-1.7b;mmke-entity/blip2-opt-2.7b;mmke-entity/instructblip-vicuna-7b;mmke-entity/smolvlm-1.7b;mmke-visual/blip2-opt-2.7b;mmke-visual/smolvlm-1.7b
recorded,power_a2_b-1_g2,M_new_norm,1,12,False,17,63.17466666666667,68.74933333333334,-5.574666666666666,63.17466666666667,-5.574666666666666,4,0,8,3,8,-1.3500000000000014,-43.77,17.439999999999998,0.08333333333333333,evqa-pilot500/blip2-opt-2.7b;evqa-pilot500/minigpt-4-vicuna-7b;evqa-pilot500/qwen2.5-vl-3b;evqa-pilot500/smolvlm-1.7b;mmke-entity/blip2-opt-2.7b;mmke-entity/instructblip-vicuna-7b;mmke-entity/paligemma-3b;mmke-entity/smolvlm-1.7b;mmke-visual/blip2-opt-2.7b;mmke-visual/instructblip-vicuna-7b;mmke-visual/minigpt-4-vicuna-7b;mmke-visual/smolvlm-1.7b
recorded,power_a2_b-1_g2,M_new_norm,3,9,False,17,66.00844444444445,68.50044444444444,-2.492000000000002,65.01355555555556,-0.2757037037037051,2,0,7,2,6,-1.7399999999999949,-22.24000000000001,17.093999999999994,0.1111111111111111,evqa-pilot500/blip2-opt-2.7b;evqa-pilot500/minigpt-4-vicuna-7b;evqa-pilot500/qwen2.5-vl-3b;evqa-pilot500/smolvlm-1.7b;mmke-entity/blip2-opt-2.7b;mmke-entity/instructblip-vicuna-7b;mmke-entity/smolvlm-1.7b;mmke-visual/blip2-opt-2.7b;mmke-visual/smolvlm-1.7b
recorded,power_a2_b-0.5_g-1,M_abscos_x_newn,1,15,False,17,64.82053333333333,69.78706666666666,-4.966533333333334,64.82053333333333,-4.966533333333334,1,8,6,1,5,0.0,-70.81,1.0100000000000051,0.2,evqa-pilot500/blip2-opt-2.7b;evqa-pilot500/minigpt-4-vicuna-7b;evqa-pilot500/qwen2.5-vl-3b;evqa-pilot500/smolvlm-1.7b;mmke-entity/blip2-opt-2.7b;mmke-entity/instructblip-vicuna-7b;mmke-entity/minigpt-4-vicuna-7b;mmke-entity/paligemma-3b;mmke-entity/qwen2.5-vl-3b;mmke-entity/smolvlm-1.7b;mmke-visual/blip2-opt-2.7b;mmke-visual/instructblip-vicuna-7b;mmke-visual/minigpt-4-vicuna-7b;mmke-visual/qwen2.5-vl-3b;mmke-visual/smolvlm-1.7b
recorded,power_a2_b-0.5_g-1,M_abscos_x_newn,3,14,False,17,71.162,71.29614285714285,-0.13414285714285715,66.63604761904762,-2.060761904761906,1,11,2,1,2,0.0,-7.275999999999996,6.1640000000000015,0.42857142857142855,evqa-pilot500/blip2-opt-2.7b;evqa-pilot500/minigpt-4-vicuna-7b;evqa-pilot500/qwen2.5-vl-3b;evqa-pilot500/smolvlm-1.7b;mmke-entity/blip2-opt-2.7b;mmke-entity/instructblip-vicuna-7b;mmke-entity/paligemma-3b;mmke-entity/qwen2.5-vl-3b;mmke-entity/smolvlm-1.7b;mmke-visual/blip2-opt-2.7b;mmke-visual/instructblip-vicuna-7b;mmke-visual/minigpt-4-vicuna-7b;mmke-visual/qwen2.5-vl-3b;mmke-visual/smolvlm-1.7b
recorded,power_a2_b-0.5_g-1,M_new_norm,1,15,False,17,64.82053333333333,69.5312,-4.7106666666666674,64.82053333333333,-4.7106666666666674,1,12,2,1,2,0.0,-70.81,1.0100000000000051,0.2,evqa-pilot500/blip2-opt-2.7b;evqa-pilot500/minigpt-4-vicuna-7b;evqa-pilot500/qwen2.5-vl-3b;evqa-pilot500/smolvlm-1.7b;mmke-entity/blip2-opt-2.7b;mmke-entity/instructblip-vicuna-7b;mmke-entity/minigpt-4-vicuna-7b;mmke-entity/paligemma-3b;mmke-entity/qwen2.5-vl-3b;mmke-entity/smolvlm-1.7b;mmke-visual/blip2-opt-2.7b;mmke-visual/instructblip-vicuna-7b;mmke-visual/minigpt-4-vicuna-7b;mmke-visual/qwen2.5-vl-3b;mmke-visual/smolvlm-1.7b
recorded,power_a2_b-0.5_g-1,M_new_norm,3,14,False,17,71.162,71.621,-0.45899999999999963,66.63604761904762,-2.1621904761904767,1,12,1,1,1,0.0,-7.275999999999996,0.8500000000000014,0.42857142857142855,evqa-pilot500/blip2-opt-2.7b;evqa-pilot500/minigpt-4-vicuna-7b;evqa-pilot500/qwen2.5-vl-3b;evqa-pilot500/smolvlm-1.7b;mmke-entity/blip2-opt-2.7b;mmke-entity/instructblip-vicuna-7b;mmke-entity/paligemma-3b;mmke-entity/qwen2.5-vl-3b;mmke-entity/smolvlm-1.7b;mmke-visual/blip2-opt-2.7b;mmke-visual/instructblip-vicuna-7b;mmke-visual/minigpt-4-vicuna-7b;mmke-visual/qwen2.5-vl-3b;mmke-visual/smolvlm-1.7b
recorded,power_a2_b-0.5_g0,M_abscos_x_newn,1,12,False,17,68.11816666666667,72.05433333333333,-3.9361666666666664,68.11816666666667,-3.9361666666666664,0,7,5,0,5,0.0,-22.24000000000001,0.0,0,evqa-pilot500/blip2-opt-2.7b;evqa-pilot500/minigpt-4-vicuna-7b;evqa-pilot500/paligemma-3b;evqa-pilot500/qwen2.5-vl-3b;mmke-entity/blip2-opt-2.7b;mmke-entity/instructblip-vicuna-7b;mmke-entity/paligemma-3b;mmke-visual/blip2-opt-2.7b;mmke-visual/instructblip-vicuna-7b;mmke-visual/minigpt-4-vicuna-7b;mmke-visual/paligemma-3b;mmke-visual/smolvlm-1.7b
recorded,power_a2_b-0.5_g0,M_abscos_x_newn,3,11,False,17,73.4629090909091,75.8329090909091,-2.3700000000000014,70.36812121212121,-2.3820000000000023,0,6,5,0,4,0.0,-21.660000000000004,0.0,0.2727272727272727,evqa-pilot500/blip2-opt-2.7b;evqa-pilot500/paligemma-3b;evqa-pilot500/qwen2.5-vl-3b;mmke-entity/blip2-opt-2.7b;mmke-entity/instructblip-vicuna-7b;mmke-entity/paligemma-3b;mmke-visual/blip2-opt-2.7b;mmke-visual/instructblip-vicuna-7b;mmke-visual/minigpt-4-vicuna-7b;mmke-visual/paligemma-3b;mmke-visual/smolvlm-1.7b
recorded,power_a2_b-0.5_g0,M_new_norm,1,12,False,17,68.11816666666667,71.81233333333333,-3.694166666666666,68.11816666666667,-3.694166666666666,1,5,6,1,4,-0.05000000000000071,-22.24000000000001,1.730000000000004,0,evqa-pilot500/blip2-opt-2.7b;evqa-pilot500/minigpt-4-vicuna-7b;evqa-pilot500/paligemma-3b;evqa-pilot500/qwen2.5-vl-3b;mmke-entity/blip2-opt-2.7b;mmke-entity/instructblip-vicuna-7b;mmke-entity/paligemma-3b;mmke-visual/blip2-opt-2.7b;mmke-visual/instructblip-vicuna-7b;mmke-visual/minigpt-4-vicuna-7b;mmke-visual/paligemma-3b;mmke-visual/smolvlm-1.7b
recorded,power_a2_b-0.5_g0,M_new_norm,3,11,False,17,73.4629090909091,75.686,-2.2230909090909097,70.36812121212121,-2.221636363636365,1,5,5,1,4,0.0,-21.660000000000004,0.8500000000000014,0.2727272727272727,evqa-pilot500/blip2-opt-2.7b;evqa-pilot500/paligemma-3b;evqa-pilot500/qwen2.5-vl-3b;mmke-entity/blip2-opt-2.7b;mmke-entity/instructblip-vicuna-7b;mmke-entity/paligemma-3b;mmke-visual/blip2-opt-2.7b;mmke-visual/instructblip-vicuna-7b;mmke-visual/minigpt-4-vicuna-7b;mmke-visual/paligemma-3b;mmke-visual/smolvlm-1.7b
recorded,power_a2_b-0.5_g0.5,M_abscos_x_newn,1,14,False,17,69.66757142857143,72.668,-3.000428571428572,69.66757142857143,-3.000428571428572,3,5,6,2,6,0.0,-22.24000000000001,6.82,0.07142857142857142,evqa-pilot500/minigpt-4-vicuna-7b;evqa-pilot500/paligemma-3b;evqa-pilot500/qwen2.5-vl-3b;evqa-pilot500/smolvlm-1.7b;mmke-entity/blip2-opt-2.7b;mmke-entity/instructblip-vicuna-7b;mmke-entity/paligemma-3b;mmke-entity/smolvlm-1.7b;mmke-visual/blip2-opt-2.7b;mmke-visual/instructblip-vicuna-7b;mmke-visual/minigpt-4-vicuna-7b;mmke-visual/paligemma-3b;mmke-visual/qwen2.5-vl-3b;mmke-visual/smolvlm-1.7b
recorded,power_a2_b-0.5_g0.5,M_abscos_x_newn,3,8,False,17,73.6445,80.25575,-6.611250000000001,71.9935,-4.776500000000002,0,3,5,0,5,-1.490000000000002,-21.660000000000004,0.0,0.125,evqa-pilot500/paligemma-3b;mmke-entity/blip2-opt-2.7b;mmke-entity/instructblip-vicuna-7b;mmke-entity/paligemma-3b;mmke-visual/instructblip-vicuna-7b;mmke-visual/minigpt-4-vicuna-7b;mmke-visual/paligemma-3b;mmke-visual/smolvlm-1.7b
recorded,power_a2_b-0.5_g0.5,M_new_norm,1,14,False,17,69.66757142857143,72.46057142857143,-2.793,69.66757142857143,-2.793,4,3,7,3,5,-0.05000000000000071,-22.24000000000001,6.82,0.07142857142857142,evqa-pilot500/minigpt-4-vicuna-7b;evqa-pilot500/paligemma-3b;evqa-pilot500/qwen2.5-vl-3b;evqa-pilot500/smolvlm-1.7b;mmke-entity/blip2-opt-2.7b;mmke-entity/instructblip-vicuna-7b;mmke-entity/paligemma-3b;mmke-entity/smolvlm-1.7b;mmke-visual/blip2-opt-2.7b;mmke-visual/instructblip-vicuna-7b;mmke-visual/minigpt-4-vicuna-7b;mmke-visual/paligemma-3b;mmke-visual/qwen2.5-vl-3b;mmke-visual/smolvlm-1.7b
recorded,power_a2_b-0.5_g0.5,M_new_norm,3,8,False,17,73.6445,80.16,-6.5155,71.9935,-4.678916666666668,0,3,5,0,5,-1.1069999999999993,-21.660000000000004,0.0,0.125,evqa-pilot500/paligemma-3b;mmke-entity/blip2-opt-2.7b;mmke-entity/instructblip-vicuna-7b;mmke-entity/paligemma-3b;mmke-visual/instructblip-vicuna-7b;mmke-visual/minigpt-4-vicuna-7b;mmke-visual/paligemma-3b;mmke-visual/smolvlm-1.7b
recorded,power_a2_b-0.5_g1,M_abscos_x_newn,1,15,False,17,70.1944,71.7008,-1.5063999999999989,70.1944,-1.5063999999999989,5,3,7,4,7,0.0,-22.24000000000001,14.88000000000001,0.06666666666666667,evqa-pilot500/blip2-opt-2.7b;evqa-pilot500/minigpt-4-vicuna-7b;evqa-pilot500/paligemma-3b;evqa-pilot500/qwen2.5-vl-3b;evqa-pilot500/smolvlm-1.7b;mmke-entity/blip2-opt-2.7b;mmke-entity/instructblip-vicuna-7b;mmke-entity/paligemma-3b;mmke-entity/smolvlm-1.7b;mmke-visual/blip2-opt-2.7b;mmke-visual/instructblip-vicuna-7b;mmke-visual/minigpt-4-vicuna-7b;mmke-visual/paligemma-3b;mmke-visual/qwen2.5-vl-3b;mmke-visual/smolvlm-1.7b
recorded,power_a2_b-0.5_g1,M_abscos_x_newn,3,11,False,17,75.10581818181818,76.43381818181818,-1.3280000000000023,73.52763636363636,-0.17430303030303015,2,2,7,2,6,-0.5,-21.660000000000004,16.685999999999993,0.09090909090909091,evqa-pilot500/blip2-opt-2.7b;evqa-pilot500/paligemma-3b;evqa-pilot500/smolvlm-1.7b;mmke-entity/blip2-opt-2.7b;mmke-entity/instructblip-vicuna-7b;mmke-entity/paligemma-3b;mmke-entity/smolvlm-1.7b;mmke-visual/minigpt-4-vicuna-7b;mmke-visual/paligemma-3b;mmke-visual/qwen2.5-vl-3b;mmke-visual/smolvlm-1.7b
recorded,power_a2_b-0.5_g1,M_new_norm,1,15,False,17,70.1944,71.5072,-1.3127999999999986,70.1944,-1.3127999999999986,6,1,8,5,6,-0.10000000000000142,-22.24000000000001,14.88000000000001,0.06666666666666667,evqa-pilot500/blip2-opt-2.7b;evqa-pilot500/minigpt-4-vicuna-7b;evqa-pilot500/paligemma-3b;evqa-pilot500/qwen2.5-vl-3b;evqa-pilot500/smolvlm-1.7b;mmke-entity/blip2-opt-2.7b;mmke-entity/instructblip-vicuna-7b;mmke-entity/paligemma-3b;mmke-entity/smolvlm-1.7b;mmke-visual/blip2-opt-2.7b;mmke-visual/instructblip-vicuna-7b;mmke-visual/minigpt-4-vicuna-7b;mmke-visual/paligemma-3b;mmke-visual/qwen2.5-vl-3b;mmke-visual/smolvlm-1.7b
recorded,power_a2_b-0.5_g1,M_new_norm,3,11,False,17,75.10581818181818,76.36418181818182,-1.2583636363636381,73.52763636363636,-0.10333333333333238,2,2,7,2,6,-0.5,-21.660000000000004,16.685999999999993,0.09090909090909091,evqa-pilot500/blip2-opt-2.7b;evqa-pilot500/paligemma-3b;evqa-pilot500/smolvlm-1.7b;mmke-entity/blip2-opt-2.7b;mmke-entity/instructblip-vicuna-7b;mmke-entity/paligemma-3b;mmke-entity/smolvlm-1.7b;mmke-visual/minigpt-4-vicuna-7b;mmke-visual/paligemma-3b;mmke-visual/qwen2.5-vl-3b;mmke-visual/smolvlm-1.7b
recorded,power_a2_b-0.5_g2,M_abscos_x_newn,1,16,False,17,67.831625,71.73325,-3.9016249999999992,67.831625,-3.9016249999999992,5,0,11,4,9,-0.9350000000000023,-43.77,17.439999999999998,0.0625,evqa-pilot500/blip2-opt-2.7b;evqa-pilot500/minigpt-4-vicuna-7b;evqa-pilot500/paligemma-3b;evqa-pilot500/qwen2.5-vl-3b;evqa-pilot500/smolvlm-1.7b;mmke-entity/blip2-opt-2.7b;mmke-entity/instructblip-vicuna-7b;mmke-entity/paligemma-3b;mmke-entity/qwen2.5-vl-3b;mmke-entity/smolvlm-1.7b;mmke-visual/blip2-opt-2.7b;mmke-visual/instructblip-vicuna-7b;mmke-visual/minigpt-4-vicuna-7b;mmke-visual/paligemma-3b;mmke-visual/qwen2.5-vl-3b;mmke-visual/smolvlm-1.7b
recorded,power_a2_b-0.5_g2,M_abscos_x_newn,3,12,False,17,72.20466666666667,74.33933333333333,-2.134666666666668,68.55627777777778,-2.739555555555555,2,0,10,2,9,-1.3500000000000014,-21.660000000000004,17.093999999999994,0.08333333333333333,evqa-pilot500/blip2-opt-2.7b;evqa-pilot500/minigpt-4-vicuna-7b;evqa-pilot500/paligemma-3b;evqa-pilot500/qwen2.5-vl-3b;evqa-pilot500/smolvlm-1.7b;mmke-entity/blip2-opt-2.7b;mmke-entity/instructblip-vicuna-7b;mmke-entity/paligemma-3b;mmke-entity/smolvlm-1.7b;mmke-visual/blip2-opt-2.7b;mmke-visual/paligemma-3b;mmke-visual/smolvlm-1.7b
recorded,power_a2_b-0.5_g2,M_new_norm,1,16,False,17,67.831625,71.55175,-3.720124999999999,67.831625,-3.720124999999999,6,0,10,4,8,-0.362999999999996,-43.77,17.439999999999998,0.0625,evqa-pilot500/blip2-opt-2.7b;evqa-pilot500/minigpt-4-vicuna-7b;evqa-pilot500/paligemma-3b;evqa-pilot500/qwen2.5-vl-3b;evqa-pilot500/smolvlm-1.7b;mmke-entity/blip2-opt-2.7b;mmke-entity/instructblip-vicuna-7b;mmke-entity/paligemma-3b;mmke-entity/qwen2.5-vl-3b;mmke-entity/smolvlm-1.7b;mmke-visual/blip2-opt-2.7b;mmke-visual/instructblip-vicuna-7b;mmke-visual/minigpt-4-vicuna-7b;mmke-visual/paligemma-3b;mmke-visual/qwen2.5-vl-3b;mmke-visual/smolvlm-1.7b
recorded,power_a2_b-0.5_g2,M_new_norm,3,12,False,17,72.20466666666667,74.78216666666667,-2.577500000000001,68.55627777777778,-2.9229444444444437,2,0,10,2,8,-1.1700000000000017,-21.660000000000004,17.093999999999994,0.08333333333333333,evqa-pilot500/blip2-opt-2.7b;evqa-pilot500/minigpt-4-vicuna-7b;evqa-pilot500/paligemma-3b;evqa-pilot500/qwen2.5-vl-3b;evqa-pilot500/smolvlm-1.7b;mmke-entity/blip2-opt-2.7b;mmke-entity/instructblip-vicuna-7b;mmke-entity/paligemma-3b;mmke-entity/smolvlm-1.7b;mmke-visual/blip2-opt-2.7b;mmke-visual/paligemma-3b;mmke-visual/smolvlm-1.7b
recorded,power_a2_b0_g-1,M_abscos_x_newn,1,15,False,17,64.82053333333333,69.78706666666666,-4.966533333333334,64.82053333333333,-4.966533333333334,1,8,6,1,5,0.0,-70.81,1.0100000000000051,0.2,evqa-pilot500/blip2-opt-2.7b;evqa-pilot500/minigpt-4-vicuna-7b;evqa-pilot500/qwen2.5-vl-3b;evqa-pilot500/smolvlm-1.7b;mmke-entity/blip2-opt-2.7b;mmke-entity/instructblip-vicuna-7b;mmke-entity/minigpt-4-vicuna-7b;mmke-entity/paligemma-3b;mmke-entity/qwen2.5-vl-3b;mmke-entity/smolvlm-1.7b;mmke-visual/blip2-opt-2.7b;mmke-visual/instructblip-vicuna-7b;mmke-visual/minigpt-4-vicuna-7b;mmke-visual/qwen2.5-vl-3b;mmke-visual/smolvlm-1.7b
recorded,power_a2_b0_g-1,M_abscos_x_newn,3,15,False,17,71.9396,71.61240000000001,0.32719999999999916,67.53017777777778,-1.639822222222224,1,12,2,1,1,0.0,-0.7660000000000053,6.1640000000000015,0.4,evqa-pilot500/blip2-opt-2.7b;evqa-pilot500/minigpt-4-vicuna-7b;evqa-pilot500/qwen2.5-vl-3b;evqa-pilot500/smolvlm-1.7b;mmke-entity/blip2-opt-2.7b;mmke-entity/instructblip-vicuna-7b;mmke-entity/minigpt-4-vicuna-7b;mmke-entity/paligemma-3b;mmke-entity/qwen2.5-vl-3b;mmke-entity/smolvlm-1.7b;mmke-visual/blip2-opt-2.7b;mmke-visual/instructblip-vicuna-7b;mmke-visual/minigpt-4-vicuna-7b;mmke-visual/qwen2.5-vl-3b;mmke-visual/smolvlm-1.7b
recorded,power_a2_b0_g-1,M_new_norm,1,15,False,17,64.82053333333333,69.5312,-4.7106666666666674,64.82053333333333,-4.7106666666666674,1,12,2,1,2,0.0,-70.81,1.0100000000000051,0.2,evqa-pilot500/blip2-opt-2.7b;evqa-pilot500/minigpt-4-vicuna-7b;evqa-pilot500/qwen2.5-vl-3b;evqa-pilot500/smolvlm-1.7b;mmke-entity/blip2-opt-2.7b;mmke-entity/instructblip-vicuna-7b;mmke-entity/minigpt-4-vicuna-7b;mmke-entity/paligemma-3b;mmke-entity/qwen2.5-vl-3b;mmke-entity/smolvlm-1.7b;mmke-visual/blip2-opt-2.7b;mmke-visual/instructblip-vicuna-7b;mmke-visual/minigpt-4-vicuna-7b;mmke-visual/qwen2.5-vl-3b;mmke-visual/smolvlm-1.7b
recorded,power_a2_b0_g-1,M_new_norm,3,15,False,17,71.9396,71.88293333333334,0.05666666666666676,67.53017777777778,-1.7048000000000008,1,14,0,1,0,0.0,0.0,0.8500000000000014,0.4,evqa-pilot500/blip2-opt-2.7b;evqa-pilot500/minigpt-4-vicuna-7b;evqa-pilot500/qwen2.5-vl-3b;evqa-pilot500/smolvlm-1.7b;mmke-entity/blip2-opt-2.7b;mmke-entity/instructblip-vicuna-7b;mmke-entity/minigpt-4-vicuna-7b;mmke-entity/paligemma-3b;mmke-entity/qwen2.5-vl-3b;mmke-entity/smolvlm-1.7b;mmke-visual/blip2-opt-2.7b;mmke-visual/instructblip-vicuna-7b;mmke-visual/minigpt-4-vicuna-7b;mmke-visual/qwen2.5-vl-3b;mmke-visual/smolvlm-1.7b
recorded,power_a2_b0_g0,M_abscos_x_newn,1,16,False,17,70.322875,71.9585,-1.6356249999999992,70.322875,-1.6356249999999992,1,12,3,0,3,0.0,-22.24000000000001,0.21600000000000819,0.125,evqa-pilot500/blip2-opt-2.7b;evqa-pilot500/minigpt-4-vicuna-7b;evqa-pilot500/paligemma-3b;evqa-pilot500/qwen2.5-vl-3b;evqa-pilot500/smolvlm-1.7b;mmke-entity/blip2-opt-2.7b;mmke-entity/instructblip-vicuna-7b;mmke-entity/minigpt-4-vicuna-7b;mmke-entity/paligemma-3b;mmke-entity/smolvlm-1.7b;mmke-visual/blip2-opt-2.7b;mmke-visual/instructblip-vicuna-7b;mmke-visual/minigpt-4-vicuna-7b;mmke-visual/paligemma-3b;mmke-visual/qwen2.5-vl-3b;mmke-visual/smolvlm-1.7b
recorded,power_a2_b0_g0,M_abscos_x_newn,3,13,False,17,74.75323076923077,74.94707692307692,-0.19384615384615464,71.07553846153846,-0.8298974358974374,1,10,2,0,1,0.0,-2.3900000000000006,0.04999999999999716,0.46153846153846156,evqa-pilot500/blip2-opt-2.7b;evqa-pilot500/paligemma-3b;evqa-pilot500/qwen2.5-vl-3b;evqa-pilot500/smolvlm-1.7b;mmke-entity/blip2-opt-2.7b;mmke-entity/instructblip-vicuna-7b;mmke-entity/paligemma-3b;mmke-entity/smolvlm-1.7b;mmke-visual/blip2-opt-2.7b;mmke-visual/instructblip-vicuna-7b;mmke-visual/minigpt-4-vicuna-7b;mmke-visual/paligemma-3b;mmke-visual/qwen2.5-vl-3b
recorded,power_a2_b0_g0,M_new_norm,1,16,False,17,70.322875,71.7465,-1.423624999999999,70.322875,-1.423624999999999,3,9,4,3,3,0.0,-22.24000000000001,1.730000000000004,0.125,evqa-pilot500/blip2-opt-2.7b;evqa-pilot500/minigpt-4-vicuna-7b;evqa-pilot500/paligemma-3b;evqa-pilot500/qwen2.5-vl-3b;evqa-pilot500/smolvlm-1.7b;mmke-entity/blip2-opt-2.7b;mmke-entity/instructblip-vicuna-7b;mmke-entity/minigpt-4-vicuna-7b;mmke-entity/paligemma-3b;mmke-entity/smolvlm-1.7b;mmke-visual/blip2-opt-2.7b;mmke-visual/instructblip-vicuna-7b;mmke-visual/minigpt-4-vicuna-7b;mmke-visual/paligemma-3b;mmke-visual/qwen2.5-vl-3b;mmke-visual/smolvlm-1.7b
recorded,power_a2_b0_g0,M_new_norm,3,13,False,17,74.75323076923077,74.82276923076923,-0.0695384615384618,71.07553846153846,-0.6942051282051289,2,9,2,1,1,0.0,-1.6239999999999952,0.8500000000000014,0.46153846153846156,evqa-pilot500/blip2-opt-2.7b;evqa-pilot500/paligemma-3b;evqa-pilot500/qwen2.5-vl-3b;evqa-pilot500/smolvlm-1.7b;mmke-entity/blip2-opt-2.7b;mmke-entity/instructblip-vicuna-7b;mmke-entity/paligemma-3b;mmke-entity/smolvlm-1.7b;mmke-visual/blip2-opt-2.7b;mmke-visual/instructblip-vicuna-7b;mmke-visual/minigpt-4-vicuna-7b;mmke-visual/paligemma-3b;mmke-visual/qwen2.5-vl-3b
recorded,power_a2_b0_g0.5,M_abscos_x_newn,1,13,False,17,69.65230769230769,71.894,-2.2416923076923068,69.65230769230769,-2.2416923076923068,2,6,5,2,5,0.0,-22.24000000000001,14.930000000000007,0.07692307692307693,evqa-pilot500/blip2-opt-2.7b;evqa-pilot500/minigpt-4-vicuna-7b;evqa-pilot500/paligemma-3b;evqa-pilot500/qwen2.5-vl-3b;evqa-pilot500/smolvlm-1.7b;mmke-entity/blip2-opt-2.7b;mmke-entity/instructblip-vicuna-7b;mmke-entity/paligemma-3b;mmke-visual/blip2-opt-2.7b;mmke-visual/instructblip-vicuna-7b;mmke-visual/minigpt-4-vicuna-7b;mmke-visual/paligemma-3b;mmke-visual/smolvlm-1.7b
recorded,power_a2_b0_g0.5,M_abscos_x_newn,3,10,False,17,72.2406,77.5656,-5.325000000000001,70.76813333333334,-3.6972000000000036,0,4,6,0,5,-0.5050000000000026,-21.60000000000001,0.0,0.2,evqa-pilot500/paligemma-3b;evqa-pilot500/qwen2.5-vl-3b;mmke-entity/blip2-opt-2.7b;mmke-entity/instructblip-vicuna-7b;mmke-entity/paligemma-3b;mmke-visual/blip2-opt-2.7b;mmke-visual/instructblip-vicuna-7b;mmke-visual/minigpt-4-vicuna-7b;mmke-visual/paligemma-3b;mmke-visual/smolvlm-1.7b
recorded,power_a2_b0_g0.5,M_new_norm,1,13,False,17,69.65230769230769,71.67061538461539,-2.0183076923076912,69.65230769230769,-2.0183076923076912,4,3,6,4,5,0.0,-22.24000000000001,14.930000000000007,0.07692307692307693,evqa-pilot500/blip2-opt-2.7b;evqa-pilot500/minigpt-4-vicuna-7b;evqa-pilot500/paligemma-3b;evqa-pilot500/qwen2.5-vl-3b;evqa-pilot500/smolvlm-1.7b;mmke-entity/blip2-opt-2.7b;mmke-entity/instructblip-vicuna-7b;mmke-entity/paligemma-3b;mmke-visual/blip2-opt-2.7b;mmke-visual/instructblip-vicuna-7b;mmke-visual/minigpt-4-vicuna-7b;mmke-visual/paligemma-3b;mmke-visual/smolvlm-1.7b
recorded,power_a2_b0_g0.5,M_new_norm,3,10,False,17,72.2406,77.404,-5.163400000000001,70.76813333333334,-3.5208000000000026,1,3,6,1,5,-0.5050000000000026,-21.60000000000001,0.8500000000000014,0.2,evqa-pilot500/paligemma-3b;evqa-pilot500/qwen2.5-vl-3b;mmke-entity/blip2-opt-2.7b;mmke-entity/instructblip-vicuna-7b;mmke-entity/paligemma-3b;mmke-visual/blip2-opt-2.7b;mmke-visual/instructblip-vicuna-7b;mmke-visual/minigpt-4-vicuna-7b;mmke-visual/paligemma-3b;mmke-visual/smolvlm-1.7b
recorded,power_a2_b0_g1,M_abscos_x_newn,1,15,False,17,69.95573333333333,71.7008,-1.7450666666666663,69.95573333333333,-1.7450666666666663,4,6,5,3,5,0.0,-22.24000000000001,14.88000000000001,0.13333333333333333,evqa-pilot500/blip2-opt-2.7b;evqa-pilot500/minigpt-4-vicuna-7b;evqa-pilot500/paligemma-3b;evqa-pilot500/qwen2.5-vl-3b;evqa-pilot500/smolvlm-1.7b;mmke-entity/blip2-opt-2.7b;mmke-entity/instructblip-vicuna-7b;mmke-entity/paligemma-3b;mmke-entity/smolvlm-1.7b;mmke-visual/blip2-opt-2.7b;mmke-visual/instructblip-vicuna-7b;mmke-visual/minigpt-4-vicuna-7b;mmke-visual/paligemma-3b;mmke-visual/qwen2.5-vl-3b;mmke-visual/smolvlm-1.7b
recorded,power_a2_b0_g1,M_abscos_x_newn,3,9,False,17,72.55066666666667,78.42066666666666,-5.870000000000001,71.0282962962963,-4.232074074074076,0,4,5,0,5,-0.5900000000000034,-21.60000000000001,0.0,0.2222222222222222,evqa-pilot500/paligemma-3b;evqa-pilot500/qwen2.5-vl-3b;mmke-entity/blip2-opt-2.7b;mmke-entity/instructblip-vicuna-7b;mmke-entity/paligemma-3b;mmke-visual/instructblip-vicuna-7b;mmke-visual/minigpt-4-vicuna-7b;mmke-visual/paligemma-3b;mmke-visual/smolvlm-1.7b
recorded,power_a2_b0_g1,M_new_norm,1,15,False,17,69.95573333333333,71.5072,-1.551466666666666,69.95573333333333,-1.551466666666666,6,3,6,5,5,0.0,-22.24000000000001,14.88000000000001,0.13333333333333333,evqa-pilot500/blip2-opt-2.7b;evqa-pilot500/minigpt-4-vicuna-7b;evqa-pilot500/paligemma-3b;evqa-pilot500/qwen2.5-vl-3b;evqa-pilot500/smolvlm-1.7b;mmke-entity/blip2-opt-2.7b;mmke-entity/instructblip-vicuna-7b;mmke-entity/paligemma-3b;mmke-entity/smolvlm-1.7b;mmke-visual/blip2-opt-2.7b;mmke-visual/instructblip-vicuna-7b;mmke-visual/minigpt-4-vicuna-7b;mmke-visual/paligemma-3b;mmke-visual/qwen2.5-vl-3b;mmke-visual/smolvlm-1.7b
recorded,power_a2_b0_g1,M_new_norm,3,9,False,17,72.55066666666667,78.24111111111111,-5.690444444444445,71.0282962962963,-4.036074074074075,1,3,5,1,5,-0.5900000000000034,-21.60000000000001,0.8500000000000014,0.2222222222222222,evqa-pilot500/paligemma-3b;evqa-pilot500/qwen2.5-vl-3b;mmke-entity/blip2-opt-2.7b;mmke-entity/instructblip-vicuna-7b;mmke-entity/paligemma-3b;mmke-visual/instructblip-vicuna-7b;mmke-visual/minigpt-4-vicuna-7b;mmke-visual/paligemma-3b;mmke-visual/smolvlm-1.7b
recorded,power_a2_b0_g2,M_abscos_x_newn,1,16,False,17,70.246,71.73325,-1.48725,70.246,-1.48725,4,3,9,3,8,-0.33500000000000085,-22.24000000000001,15.64,0,evqa-pilot500/blip2-opt-2.7b;evqa-pilot500/minigpt-4-vicuna-7b;evqa-pilot500/paligemma-3b;evqa-pilot500/qwen2.5-vl-3b;evqa-pilot500/smolvlm-1.7b;mmke-entity/blip2-opt-2.7b;mmke-entity/instructblip-vicuna-7b;mmke-entity/paligemma-3b;mmke-entity/qwen2.5-vl-3b;mmke-entity/smolvlm-1.7b;mmke-visual/blip2-opt-2.7b;mmke-visual/instructblip-vicuna-7b;mmke-visual/minigpt-4-vicuna-7b;mmke-visual/paligemma-3b;mmke-visual/qwen2.5-vl-3b;mmke-visual/smolvlm-1.7b
recorded,power_a2_b0_g2,M_abscos_x_newn,3,13,False,17,73.00307692307692,75.71861538461539,-2.7155384615384626,71.10964102564103,-1.747641025641027,3,0,10,3,8,-0.5900000000000034,-21.660000000000004,17.093999999999994,0.23076923076923078,evqa-pilot500/blip2-opt-2.7b;evqa-pilot500/paligemma-3b;evqa-pilot500/smolvlm-1.7b;mmke-entity/blip2-opt-2.7b;mmke-entity/instructblip-vicuna-7b;mmke-entity/paligemma-3b;mmke-entity/qwen2.5-vl-3b;mmke-entity/smolvlm-1.7b;mmke-visual/instructblip-vicuna-7b;mmke-visual/minigpt-4-vicuna-7b;mmke-visual/paligemma-3b;mmke-visual/qwen2.5-vl-3b;mmke-visual/smolvlm-1.7b
recorded,power_a2_b0_g2,M_new_norm,1,16,False,17,70.246,71.55175,-1.3057499999999997,70.246,-1.3057499999999997,5,1,10,4,7,-0.2729999999999997,-22.24000000000001,15.64,0,evqa-pilot500/blip2-opt-2.7b;evqa-pilot500/minigpt-4-vicuna-7b;evqa-pilot500/paligemma-3b;evqa-pilot500/qwen2.5-vl-3b;evqa-pilot500/smolvlm-1.7b;mmke-entity/blip2-opt-2.7b;mmke-entity/instructblip-vicuna-7b;mmke-entity/paligemma-3b;mmke-entity/qwen2.5-vl-3b;mmke-entity/smolvlm-1.7b;mmke-visual/blip2-opt-2.7b;mmke-visual/instructblip-vicuna-7b;mmke-visual/minigpt-4-vicuna-7b;mmke-visual/paligemma-3b;mmke-visual/qwen2.5-vl-3b;mmke-visual/smolvlm-1.7b
recorded,power_a2_b0_g2,M_new_norm,3,13,False,17,73.00307692307692,75.65969230769231,-2.6566153846153853,71.10964102564103,-1.6875897435897445,3,0,10,3,8,-0.5900000000000034,-21.660000000000004,17.093999999999994,0.23076923076923078,evqa-pilot500/blip2-opt-2.7b;evqa-pilot500/paligemma-3b;evqa-pilot500/smolvlm-1.7b;mmke-entity/blip2-opt-2.7b;mmke-entity/instructblip-vicuna-7b;mmke-entity/paligemma-3b;mmke-entity/qwen2.5-vl-3b;mmke-entity/smolvlm-1.7b;mmke-visual/instructblip-vicuna-7b;mmke-visual/minigpt-4-vicuna-7b;mmke-visual/paligemma-3b;mmke-visual/qwen2.5-vl-3b;mmke-visual/smolvlm-1.7b
recorded,power_a2_b0.5_g-1,M_abscos_x_newn,1,15,False,17,64.82053333333333,69.78706666666666,-4.966533333333334,64.82053333333333,-4.966533333333334,1,8,6,1,5,0.0,-70.81,1.0100000000000051,0.2,evqa-pilot500/blip2-opt-2.7b;evqa-pilot500/minigpt-4-vicuna-7b;evqa-pilot500/qwen2.5-vl-3b;evqa-pilot500/smolvlm-1.7b;mmke-entity/blip2-opt-2.7b;mmke-entity/instructblip-vicuna-7b;mmke-entity/minigpt-4-vicuna-7b;mmke-entity/paligemma-3b;mmke-entity/qwen2.5-vl-3b;mmke-entity/smolvlm-1.7b;mmke-visual/blip2-opt-2.7b;mmke-visual/instructblip-vicuna-7b;mmke-visual/minigpt-4-vicuna-7b;mmke-visual/qwen2.5-vl-3b;mmke-visual/smolvlm-1.7b
recorded,power_a2_b0.5_g-1,M_abscos_x_newn,3,15,False,17,71.9396,71.61240000000001,0.32719999999999916,67.60497777777778,-1.565022222222224,1,12,2,1,1,0.0,-0.7660000000000053,6.1640000000000015,0.4,evqa-pilot500/blip2-opt-2.7b;evqa-pilot500/minigpt-4-vicuna-7b;evqa-pilot500/qwen2.5-vl-3b;evqa-pilot500/smolvlm-1.7b;mmke-entity/blip2-opt-2.7b;mmke-entity/instructblip-vicuna-7b;mmke-entity/minigpt-4-vicuna-7b;mmke-entity/paligemma-3b;mmke-entity/qwen2.5-vl-3b;mmke-entity/smolvlm-1.7b;mmke-visual/blip2-opt-2.7b;mmke-visual/instructblip-vicuna-7b;mmke-visual/minigpt-4-vicuna-7b;mmke-visual/qwen2.5-vl-3b;mmke-visual/smolvlm-1.7b
recorded,power_a2_b0.5_g-1,M_new_norm,1,15,False,17,64.82053333333333,69.5312,-4.7106666666666674,64.82053333333333,-4.7106666666666674,1,12,2,1,2,0.0,-70.81,1.0100000000000051,0.2,evqa-pilot500/blip2-opt-2.7b;evqa-pilot500/minigpt-4-vicuna-7b;evqa-pilot500/qwen2.5-vl-3b;evqa-pilot500/smolvlm-1.7b;mmke-entity/blip2-opt-2.7b;mmke-entity/instructblip-vicuna-7b;mmke-entity/minigpt-4-vicuna-7b;mmke-entity/paligemma-3b;mmke-entity/qwen2.5-vl-3b;mmke-entity/smolvlm-1.7b;mmke-visual/blip2-opt-2.7b;mmke-visual/instructblip-vicuna-7b;mmke-visual/minigpt-4-vicuna-7b;mmke-visual/qwen2.5-vl-3b;mmke-visual/smolvlm-1.7b
recorded,power_a2_b0.5_g-1,M_new_norm,3,15,False,17,71.9396,71.88293333333334,0.05666666666666676,67.60497777777778,-1.6300000000000006,1,14,0,1,0,0.0,0.0,0.8500000000000014,0.4,evqa-pilot500/blip2-opt-2.7b;evqa-pilot500/minigpt-4-vicuna-7b;evqa-pilot500/qwen2.5-vl-3b;evqa-pilot500/smolvlm-1.7b;mmke-entity/blip2-opt-2.7b;mmke-entity/instructblip-vicuna-7b;mmke-entity/minigpt-4-vicuna-7b;mmke-entity/paligemma-3b;mmke-entity/qwen2.5-vl-3b;mmke-entity/smolvlm-1.7b;mmke-visual/blip2-opt-2.7b;mmke-visual/instructblip-vicuna-7b;mmke-visual/minigpt-4-vicuna-7b;mmke-visual/qwen2.5-vl-3b;mmke-visual/smolvlm-1.7b
recorded,power_a2_b0.5_g0,M_abscos_x_newn,1,16,False,17,71.86275,72.01225,-0.14949999999999974,71.86275,-0.14949999999999974,0,15,1,0,1,0.0,-2.391999999999996,0.0,0.1875,evqa-pilot500/blip2-opt-2.7b;evqa-pilot500/minigpt-4-vicuna-7b;evqa-pilot500/paligemma-3b;evqa-pilot500/qwen2.5-vl-3b;evqa-pilot500/smolvlm-1.7b;mmke-entity/blip2-opt-2.7b;mmke-entity/instructblip-vicuna-7b;mmke-entity/minigpt-4-vicuna-7b;mmke-entity/paligemma-3b;mmke-entity/qwen2.5-vl-3b;mmke-entity/smolvlm-1.7b;mmke-visual/blip2-opt-2.7b;mmke-visual/instructblip-vicuna-7b;mmke-visual/minigpt-4-vicuna-7b;mmke-visual/paligemma-3b;mmke-visual/qwen2.5-vl-3b
recorded,power_a2_b0.5_g0,M_abscos_x_newn,3,14,False,17,73.988,74.23228571428571,-0.2442857142857144,70.91033333333334,-0.21323809523809548,0,12,2,0,2,0.0,-2.3900000000000006,0.0,0.42857142857142855,evqa-pilot500/blip2-opt-2.7b;evqa-pilot500/minigpt-4-vicuna-7b;evqa-pilot500/paligemma-3b;evqa-pilot500/qwen2.5-vl-3b;evqa-pilot500/smolvlm-1.7b;mmke-entity/blip2-opt-2.7b;mmke-entity/instructblip-vicuna-7b;mmke-entity/paligemma-3b;mmke-entity/smolvlm-1.7b;mmke-visual/blip2-opt-2.7b;mmke-visual/instructblip-vicuna-7b;mmke-visual/minigpt-4-vicuna-7b;mmke-visual/paligemma-3b;mmke-visual/qwen2.5-vl-3b
recorded,power_a2_b0.5_g0,M_new_norm,1,16,False,17,71.86275,71.80025,0.06250000000000044,71.86275,0.06250000000000044,3,11,2,2,1,0.0,-1.6219999999999999,1.730000000000004,0.1875,evqa-pilot500/blip2-opt-2.7b;evqa-pilot500/minigpt-4-vicuna-7b;evqa-pilot500/paligemma-3b;evqa-pilot500/qwen2.5-vl-3b;evqa-pilot500/smolvlm-1.7b;mmke-entity/blip2-opt-2.7b;mmke-entity/instructblip-vicuna-7b;mmke-entity/minigpt-4-vicuna-7b;mmke-entity/paligemma-3b;mmke-entity/qwen2.5-vl-3b;mmke-entity/smolvlm-1.7b;mmke-visual/blip2-opt-2.7b;mmke-visual/instructblip-vicuna-7b;mmke-visual/minigpt-4-vicuna-7b;mmke-visual/paligemma-3b;mmke-visual/qwen2.5-vl-3b
recorded,power_a2_b0.5_g0,M_new_norm,3,14,False,17,73.988,74.55714285714286,-0.5691428571428568,70.91033333333334,-0.31466666666666604,1,11,2,1,2,0.0,-7.194000000000003,0.8500000000000014,0.42857142857142855,evqa-pilot500/blip2-opt-2.7b;evqa-pilot500/minigpt-4-vicuna-7b;evqa-pilot500/paligemma-3b;evqa-pilot500/qwen2.5-vl-3b;evqa-pilot500/smolvlm-1.7b;mmke-entity/blip2-opt-2.7b;mmke-entity/instructblip-vicuna-7b;mmke-entity/paligemma-3b;mmke-entity/smolvlm-1.7b;mmke-visual/blip2-opt-2.7b;mmke-visual/instructblip-vicuna-7b;mmke-visual/minigpt-4-vicuna-7b;mmke-visual/paligemma-3b;mmke-visual/qwen2.5-vl-3b
recorded,power_a2_b0.5_g0.5,M_abscos_x_newn,1,13,False,17,69.08753846153846,72.3443076923077,-3.2567692307692293,69.08753846153846,-3.2567692307692293,2,7,4,1,4,0.0,-22.24000000000001,4.300000000000004,0.07692307692307693,evqa-pilot500/blip2-opt-2.7b;evqa-pilot500/minigpt-4-vicuna-7b;evqa-pilot500/paligemma-3b;evqa-pilot500/qwen2.5-vl-3b;mmke-entity/blip2-opt-2.7b;mmke-entity/instructblip-vicuna-7b;mmke-entity/minigpt-4-vicuna-7b;mmke-entity/paligemma-3b;mmke-visual/blip2-opt-2.7b;mmke-visual/instructblip-vicuna-7b;mmke-visual/minigpt-4-vicuna-7b;mmke-visual/paligemma-3b;mmke-visual/smolvlm-1.7b
recorded,power_a2_b0.5_g0.5,M_abscos_x_newn,3,10,False,17,73.4276,76.2872,-2.8596000000000013,71.42486666666666,-2.1759333333333357,1,4,5,1,4,-0.09000000000000341,-21.60000000000001,3.9540000000000006,0.2,evqa-pilot500/blip2-opt-2.7b;evqa-pilot500/paligemma-3b;evqa-pilot500/qwen2.5-vl-3b;mmke-entity/blip2-opt-2.7b;mmke-entity/instructblip-vicuna-7b;mmke-entity/paligemma-3b;mmke-visual/blip2-opt-2.7b;mmke-visual/minigpt-4-vicuna-7b;mmke-visual/paligemma-3b;mmke-visual/smolvlm-1.7b
recorded,power_a2_b0.5_g0.5,M_new_norm,1,13,False,17,69.08753846153846,72.08338461538462,-2.995846153846152,69.08753846153846,-2.995846153846152,4,4,5,4,4,0.0,-22.24000000000001,4.300000000000004,0.07692307692307693,evqa-pilot500/blip2-opt-2.7b;evqa-pilot500/minigpt-4-vicuna-7b;evqa-pilot500/paligemma-3b;evqa-pilot500/qwen2.5-vl-3b;mmke-entity/blip2-opt-2.7b;mmke-entity/instructblip-vicuna-7b;mmke-entity/minigpt-4-vicuna-7b;mmke-entity/paligemma-3b;mmke-visual/blip2-opt-2.7b;mmke-visual/instructblip-vicuna-7b;mmke-visual/minigpt-4-vicuna-7b;mmke-visual/paligemma-3b;mmke-visual/smolvlm-1.7b
recorded,power_a2_b0.5_g0.5,M_new_norm,3,10,False,17,73.4276,76.1256,-2.6980000000000004,71.42486666666666,-1.999533333333335,2,3,5,2,4,-0.09000000000000341,-21.60000000000001,3.9540000000000006,0.2,evqa-pilot500/blip2-opt-2.7b;evqa-pilot500/paligemma-3b;evqa-pilot500/qwen2.5-vl-3b;mmke-entity/blip2-opt-2.7b;mmke-entity/instructblip-vicuna-7b;mmke-entity/paligemma-3b;mmke-visual/blip2-opt-2.7b;mmke-visual/minigpt-4-vicuna-7b;mmke-visual/paligemma-3b;mmke-visual/smolvlm-1.7b
recorded,power_a2_b0.5_g1,M_abscos_x_newn,1,13,False,17,70.19507692307693,73.29123076923076,-3.0961538461538463,70.19507692307693,-3.0961538461538463,3,6,4,1,4,0.0,-22.24000000000001,6.82,0.07692307692307693,evqa-pilot500/minigpt-4-vicuna-7b;evqa-pilot500/paligemma-3b;evqa-pilot500/qwen2.5-vl-3b;mmke-entity/blip2-opt-2.7b;mmke-entity/instructblip-vicuna-7b;mmke-entity/minigpt-4-vicuna-7b;mmke-entity/paligemma-3b;mmke-entity/smolvlm-1.7b;mmke-visual/blip2-opt-2.7b;mmke-visual/instructblip-vicuna-7b;mmke-visual/minigpt-4-vicuna-7b;mmke-visual/paligemma-3b;mmke-visual/smolvlm-1.7b
recorded,power_a2_b0.5_g1,M_abscos_x_newn,3,10,False,17,72.2616,77.5656,-5.304000000000002,70.8458,-3.6195333333333353,0,4,6,0,5,-0.3850000000000051,-21.60000000000001,0.0,0.2,evqa-pilot500/paligemma-3b;evqa-pilot500/qwen2.5-vl-3b;mmke-entity/blip2-opt-2.7b;mmke-entity/instructblip-vicuna-7b;mmke-entity/paligemma-3b;mmke-visual/blip2-opt-2.7b;mmke-visual/instructblip-vicuna-7b;mmke-visual/minigpt-4-vicuna-7b;mmke-visual/paligemma-3b;mmke-visual/smolvlm-1.7b
recorded,power_a2_b0.5_g1,M_new_norm,1,13,False,17,70.19507692307693,73.03030769230769,-2.835230769230769,70.19507692307693,-2.835230769230769,5,3,5,4,4,0.0,-22.24000000000001,6.82,0.07692307692307693,evqa-pilot500/minigpt-4-vicuna-7b;evqa-pilot500/paligemma-3b;evqa-pilot500/qwen2.5-vl-3b;mmke-entity/blip2-opt-2.7b;mmke-entity/instructblip-vicuna-7b;mmke-entity/minigpt-4-vicuna-7b;mmke-entity/paligemma-3b;mmke-entity/smolvlm-1.7b;mmke-visual/blip2-opt-2.7b;mmke-visual/instructblip-vicuna-7b;mmke-visual/minigpt-4-vicuna-7b;mmke-visual/paligemma-3b;mmke-visual/smolvlm-1.7b
recorded,power_a2_b0.5_g1,M_new_norm,3,10,False,17,72.2616,77.404,-5.142400000000001,70.8458,-3.4431333333333343,1,3,6,1,5,-0.3850000000000051,-21.60000000000001,0.8500000000000014,0.2,evqa-pilot500/paligemma-3b;evqa-pilot500/qwen2.5-vl-3b;mmke-entity/blip2-opt-2.7b;mmke-entity/instructblip-vicuna-7b;mmke-entity/paligemma-3b;mmke-visual/blip2-opt-2.7b;mmke-visual/instructblip-vicuna-7b;mmke-visual/minigpt-4-vicuna-7b;mmke-visual/paligemma-3b;mmke-visual/smolvlm-1.7b
recorded,power_a2_b0.5_g2,M_abscos_x_newn,1,15,False,17,70.32773333333333,71.7008,-1.3730666666666664,70.32773333333333,-1.3730666666666664,4,4,7,4,6,0.0,-22.24000000000001,14.88000000000001,0.13333333333333333,evqa-pilot500/blip2-opt-2.7b;evqa-pilot500/minigpt-4-vicuna-7b;evqa-pilot500/paligemma-3b;evqa-pilot500/qwen2.5-vl-3b;evqa-pilot500/smolvlm-1.7b;mmke-entity/blip2-opt-2.7b;mmke-entity/instructblip-vicuna-7b;mmke-entity/paligemma-3b;mmke-entity/smolvlm-1.7b;mmke-visual/blip2-opt-2.7b;mmke-visual/instructblip-vicuna-7b;mmke-visual/minigpt-4-vicuna-7b;mmke-visual/paligemma-3b;mmke-visual/qwen2.5-vl-3b;mmke-visual/smolvlm-1.7b
recorded,power_a2_b0.5_g2,M_abscos_x_newn,3,13,False,17,72.19753846153846,75.06169230769231,-2.864153846153848,70.91758974358974,-1.247641025641027,3,2,8,3,7,-0.5,-21.60000000000001,16.685999999999993,0.23076923076923078,evqa-pilot500/blip2-opt-2.7b;evqa-pilot500/paligemma-3b;evqa-pilot500/qwen2.5-vl-3b;evqa-pilot500/smolvlm-1.7b;mmke-entity/blip2-opt-2.7b;mmke-entity/instructblip-vicuna-7b;mmke-entity/paligemma-3b;mmke-entity/smolvlm-1.7b;mmke-visual/instructblip-vicuna-7b;mmke-visual/minigpt-4-vicuna-7b;mmke-visual/paligemma-3b;mmke-visual/qwen2.5-vl-3b;mmke-visual/smolvlm-1.7b
recorded,power_a2_b0.5_g2,M_new_norm,1,15,False,17,70.32773333333333,71.5072,-1.1794666666666662,70.32773333333333,-1.1794666666666662,6,1,8,6,6,-0.030000000000001137,-22.24000000000001,14.88000000000001,0.13333333333333333,evqa-pilot500/blip2-opt-2.7b;evqa-pilot500/minigpt-4-vicuna-7b;evqa-pilot500/paligemma-3b;evqa-pilot500/qwen2.5-vl-3b;evqa-pilot500/smolvlm-1.7b;mmke-entity/blip2-opt-2.7b;mmke-entity/instructblip-vicuna-7b;mmke-entity/paligemma-3b;mmke-entity/smolvlm-1.7b;mmke-visual/blip2-opt-2.7b;mmke-visual/instructblip-vicuna-7b;mmke-visual/minigpt-4-vicuna-7b;mmke-visual/paligemma-3b;mmke-visual/qwen2.5-vl-3b;mmke-visual/smolvlm-1.7b
recorded,power_a2_b0.5_g2,M_new_norm,3,13,False,17,72.19753846153846,74.93738461538462,-2.739846153846155,70.91758974358974,-1.1119487179487186,4,1,8,4,7,-0.5,-21.60000000000001,16.685999999999993,0.23076923076923078,evqa-pilot500/blip2-opt-2.7b;evqa-pilot500/paligemma-3b;evqa-pilot500/qwen2.5-vl-3b;evqa-pilot500/smolvlm-1.7b;mmke-entity/blip2-opt-2.7b;mmke-entity/instructblip-vicuna-7b;mmke-entity/paligemma-3b;mmke-entity/smolvlm-1.7b;mmke-visual/instructblip-vicuna-7b;mmke-visual/minigpt-4-vicuna-7b;mmke-visual/paligemma-3b;mmke-visual/qwen2.5-vl-3b;mmke-visual/smolvlm-1.7b
recorded,power_a2_b1_g-1,M_abscos_x_newn,1,15,False,17,64.82053333333333,69.78706666666666,-4.966533333333334,64.82053333333333,-4.966533333333334,1,8,6,1,5,0.0,-70.81,1.0100000000000051,0.2,evqa-pilot500/blip2-opt-2.7b;evqa-pilot500/minigpt-4-vicuna-7b;evqa-pilot500/qwen2.5-vl-3b;evqa-pilot500/smolvlm-1.7b;mmke-entity/blip2-opt-2.7b;mmke-entity/instructblip-vicuna-7b;mmke-entity/minigpt-4-vicuna-7b;mmke-entity/paligemma-3b;mmke-entity/qwen2.5-vl-3b;mmke-entity/smolvlm-1.7b;mmke-visual/blip2-opt-2.7b;mmke-visual/instructblip-vicuna-7b;mmke-visual/minigpt-4-vicuna-7b;mmke-visual/qwen2.5-vl-3b;mmke-visual/smolvlm-1.7b
recorded,power_a2_b1_g-1,M_abscos_x_newn,3,15,False,17,71.88293333333334,71.61240000000001,0.27053333333333235,67.59764444444444,-1.5723555555555568,1,11,3,1,2,0.0,-0.8500000000000014,6.1640000000000015,0.3333333333333333,evqa-pilot500/blip2-opt-2.7b;evqa-pilot500/minigpt-4-vicuna-7b;evqa-pilot500/qwen2.5-vl-3b;evqa-pilot500/smolvlm-1.7b;mmke-entity/blip2-opt-2.7b;mmke-entity/instructblip-vicuna-7b;mmke-entity/minigpt-4-vicuna-7b;mmke-entity/paligemma-3b;mmke-entity/qwen2.5-vl-3b;mmke-entity/smolvlm-1.7b;mmke-visual/blip2-opt-2.7b;mmke-visual/instructblip-vicuna-7b;mmke-visual/minigpt-4-vicuna-7b;mmke-visual/qwen2.5-vl-3b;mmke-visual/smolvlm-1.7b
recorded,power_a2_b1_g-1,M_new_norm,1,15,False,17,64.82053333333333,69.5312,-4.7106666666666674,64.82053333333333,-4.7106666666666674,1,12,2,1,2,0.0,-70.81,1.0100000000000051,0.2,evqa-pilot500/blip2-opt-2.7b;evqa-pilot500/minigpt-4-vicuna-7b;evqa-pilot500/qwen2.5-vl-3b;evqa-pilot500/smolvlm-1.7b;mmke-entity/blip2-opt-2.7b;mmke-entity/instructblip-vicuna-7b;mmke-entity/minigpt-4-vicuna-7b;mmke-entity/paligemma-3b;mmke-entity/qwen2.5-vl-3b;mmke-entity/smolvlm-1.7b;mmke-visual/blip2-opt-2.7b;mmke-visual/instructblip-vicuna-7b;mmke-visual/minigpt-4-vicuna-7b;mmke-visual/qwen2.5-vl-3b;mmke-visual/smolvlm-1.7b
recorded,power_a2_b1_g-1,M_new_norm,3,15,False,17,71.88293333333334,71.88293333333334,0.0,67.59764444444444,-1.6373333333333335,0,15,0,0,0,0.0,0.0,0.0,0.3333333333333333,evqa-pilot500/blip2-opt-2.7b;evqa-pilot500/minigpt-4-vicuna-7b;evqa-pilot500/qwen2.5-vl-3b;evqa-pilot500/smolvlm-1.7b;mmke-entity/blip2-opt-2.7b;mmke-entity/instructblip-vicuna-7b;mmke-entity/minigpt-4-vicuna-7b;mmke-entity/paligemma-3b;mmke-entity/qwen2.5-vl-3b;mmke-entity/smolvlm-1.7b;mmke-visual/blip2-opt-2.7b;mmke-visual/instructblip-vicuna-7b;mmke-visual/minigpt-4-vicuna-7b;mmke-visual/qwen2.5-vl-3b;mmke-visual/smolvlm-1.7b
recorded,power_a2_b1_g0,M_abscos_x_newn,1,17,True,17,71.97388235294117,71.97388235294117,0.0,71.97388235294117,0.0,0,17,0,0,0,0.0,0.0,0.0,0.23529411764705882,evqa-pilot500/blip2-opt-2.7b;evqa-pilot500/minigpt-4-vicuna-7b;evqa-pilot500/paligemma-3b;evqa-pilot500/qwen2.5-vl-3b;evqa-pilot500/smolvlm-1.7b;mmke-entity/blip2-opt-2.7b;mmke-entity/instructblip-vicuna-7b;mmke-entity/minigpt-4-vicuna-7b;mmke-entity/paligemma-3b;mmke-entity/qwen2.5-vl-3b;mmke-entity/smolvlm-1.7b;mmke-visual/blip2-opt-2.7b;mmke-visual/instructblip-vicuna-7b;mmke-visual/minigpt-4-vicuna-7b;mmke-visual/paligemma-3b;mmke-visual/qwen2.5-vl-3b;mmke-visual/smolvlm-1.7b
recorded,power_a2_b1_g0,M_abscos_x_newn,3,17,True,17,74.05482352941176,74.05482352941176,0.0,71.43482352941177,0.0,0,17,0,0,0,0.0,0.0,0.0,0.4117647058823529,evqa-pilot500/blip2-opt-2.7b;evqa-pilot500/minigpt-4-vicuna-7b;evqa-pilot500/paligemma-3b;evqa-pilot500/qwen2.5-vl-3b;evqa-pilot500/smolvlm-1.7b;mmke-entity/blip2-opt-2.7b;mmke-entity/instructblip-vicuna-7b;mmke-entity/minigpt-4-vicuna-7b;mmke-entity/paligemma-3b;mmke-entity/qwen2.5-vl-3b;mmke-entity/smolvlm-1.7b;mmke-visual/blip2-opt-2.7b;mmke-visual/instructblip-vicuna-7b;mmke-visual/minigpt-4-vicuna-7b;mmke-visual/paligemma-3b;mmke-visual/qwen2.5-vl-3b;mmke-visual/smolvlm-1.7b
recorded,power_a2_b1_g0,M_new_norm,1,17,True,17,71.97388235294117,71.77435294117647,0.19952941176470607,71.97388235294117,0.19952941176470607,4,12,1,3,0,0.0,-0.44599999999999795,1.730000000000004,0.23529411764705882,evqa-pilot500/blip2-opt-2.7b;evqa-pilot500/minigpt-4-vicuna-7b;evqa-pilot500/paligemma-3b;evqa-pilot500/qwen2.5-vl-3b;evqa-pilot500/smolvlm-1.7b;mmke-entity/blip2-opt-2.7b;mmke-entity/instructblip-vicuna-7b;mmke-entity/minigpt-4-vicuna-7b;mmke-entity/paligemma-3b;mmke-entity/qwen2.5-vl-3b;mmke-entity/smolvlm-1.7b;mmke-visual/blip2-opt-2.7b;mmke-visual/instructblip-vicuna-7b;mmke-visual/minigpt-4-vicuna-7b;mmke-visual/paligemma-3b;mmke-visual/qwen2.5-vl-3b;mmke-visual/smolvlm-1.7b
recorded,power_a2_b1_g0,M_new_norm,3,17,True,17,74.05482352941176,74.29352941176471,-0.23870588235294032,71.43482352941177,-0.05733333333333235,3,13,1,2,1,0.0,-6.1640000000000015,0.8500000000000014,0.4117647058823529,evqa-pilot500/blip2-opt-2.7b;evqa-pilot500/minigpt-4-vicuna-7b;evqa-pilot500/paligemma-3b;evqa-pilot500/qwen2.5-vl-3b;evqa-pilot500/smolvlm-1.7b;mmke-entity/blip2-opt-2.7b;mmke-entity/instructblip-vicuna-7b;mmke-entity/minigpt-4-vicuna-7b;mmke-entity/paligemma-3b;mmke-entity/qwen2.5-vl-3b;mmke-entity/smolvlm-1.7b;mmke-visual/blip2-opt-2.7b;mmke-visual/instructblip-vicuna-7b;mmke-visual/minigpt-4-vicuna-7b;mmke-visual/paligemma-3b;mmke-visual/qwen2.5-vl-3b;mmke-visual/smolvlm-1.7b
recorded,power_a2_b1_g0.5,M_abscos_x_newn,1,14,False,17,70.29385714285715,72.18828571428571,-1.894428571428571,70.29385714285715,-1.894428571428571,1,9,4,1,4,0.0,-20.540000000000006,0.6500000000000057,0.07142857142857142,evqa-pilot500/blip2-opt-2.7b;evqa-pilot500/minigpt-4-vicuna-7b;evqa-pilot500/paligemma-3b;evqa-pilot500/qwen2.5-vl-3b;evqa-pilot500/smolvlm-1.7b;mmke-entity/blip2-opt-2.7b;mmke-entity/instructblip-vicuna-7b;mmke-entity/minigpt-4-vicuna-7b;mmke-entity/paligemma-3b;mmke-entity/smolvlm-1.7b;mmke-visual/blip2-opt-2.7b;mmke-visual/minigpt-4-vicuna-7b;mmke-visual/paligemma-3b;mmke-visual/smolvlm-1.7b
recorded,power_a2_b1_g0.5,M_abscos_x_newn,3,9,False,17,76.91177777777777,77.59688888888888,-0.6851111111111116,75.166,-0.23496296296296432,1,5,3,1,2,0.0,-7.549999999999997,3.9540000000000006,0.2222222222222222,evqa-pilot500/blip2-opt-2.7b;evqa-pilot500/paligemma-3b;evqa-pilot500/qwen2.5-vl-3b;mmke-entity/blip2-opt-2.7b;mmke-entity/minigpt-4-vicuna-7b;mmke-entity/paligemma-3b;mmke-visual/blip2-opt-2.7b;mmke-visual/minigpt-4-vicuna-7b;mmke-visual/paligemma-3b
recorded,power_a2_b1_g0.5,M_new_norm,1,14,False,17,70.29385714285715,71.946,-1.6521428571428562,70.29385714285715,-1.6521428571428562,4,5,5,3,4,0.0,-20.540000000000006,1.730000000000004,0.07142857142857142,evqa-pilot500/blip2-opt-2.7b;evqa-pilot500/minigpt-4-vicuna-7b;evqa-pilot500/paligemma-3b;evqa-pilot500/qwen2.5-vl-3b;evqa-pilot500/smolvlm-1.7b;mmke-entity/blip2-opt-2.7b;mmke-entity/instructblip-vicuna-7b;mmke-entity/minigpt-4-vicuna-7b;mmke-entity/paligemma-3b;mmke-entity/smolvlm-1.7b;mmke-visual/blip2-opt-2.7b;mmke-visual/minigpt-4-vicuna-7b;mmke-visual/paligemma-3b;mmke-visual/smolvlm-1.7b
recorded,power_a2_b1_g0.5,M_new_norm,3,9,False,17,76.91177777777777,77.36288888888889,-0.4511111111111098,75.166,0.010518518518518741,3,3,3,2,2,0.0,-7.549999999999997,3.9540000000000006,0.2222222222222222,evqa-pilot500/blip2-opt-2.7b;evqa-pilot500/paligemma-3b;evqa-pilot500/qwen2.5-vl-3b;mmke-entity/blip2-opt-2.7b;mmke-entity/minigpt-4-vicuna-7b;mmke-entity/paligemma-3b;mmke-visual/blip2-opt-2.7b;mmke-visual/minigpt-4-vicuna-7b;mmke-visual/paligemma-3b
recorded,power_a2_b1_g1,M_abscos_x_newn,1,14,False,17,70.27557142857142,72.17471428571429,-1.8991428571428568,70.27557142857142,-1.8991428571428568,2,7,5,2,5,0.0,-20.540000000000006,14.930000000000007,0.07142857142857142,evqa-pilot500/blip2-opt-2.7b;evqa-pilot500/minigpt-4-vicuna-7b;evqa-pilot500/paligemma-3b;evqa-pilot500/qwen2.5-vl-3b;evqa-pilot500/smolvlm-1.7b;mmke-entity/blip2-opt-2.7b;mmke-entity/instructblip-vicuna-7b;mmke-entity/minigpt-4-vicuna-7b;mmke-entity/paligemma-3b;mmke-visual/blip2-opt-2.7b;mmke-visual/instructblip-vicuna-7b;mmke-visual/minigpt-4-vicuna-7b;mmke-visual/paligemma-3b;mmke-visual/smolvlm-1.7b
recorded,power_a2_b1_g1,M_abscos_x_newn,3,9,False,17,74.78622222222222,78.2628888888889,-3.4766666666666675,73.21274074074074,-2.3883703703703723,0,4,5,0,4,-0.18000000000000682,-20.340000000000003,0.0,0.2222222222222222,evqa-pilot500/paligemma-3b;evqa-pilot500/qwen2.5-vl-3b;mmke-entity/blip2-opt-2.7b;mmke-entity/instructblip-vicuna-7b;mmke-entity/paligemma-3b;mmke-visual/blip2-opt-2.7b;mmke-visual/minigpt-4-vicuna-7b;mmke-visual/paligemma-3b;mmke-visual/smolvlm-1.7b
recorded,power_a2_b1_g1,M_new_norm,1,14,False,17,70.27557142857142,71.93242857142857,-1.6568571428571421,70.27557142857142,-1.6568571428571421,5,3,6,4,5,0.0,-20.540000000000006,14.930000000000007,0.07142857142857142,evqa-pilot500/blip2-opt-2.7b;evqa-pilot500/minigpt-4-vicuna-7b;evqa-pilot500/paligemma-3b;evqa-pilot500/qwen2.5-vl-3b;evqa-pilot500/smolvlm-1.7b;mmke-entity/blip2-opt-2.7b;mmke-entity/instructblip-vicuna-7b;mmke-entity/minigpt-4-vicuna-7b;mmke-entity/paligemma-3b;mmke-visual/blip2-opt-2.7b;mmke-visual/instructblip-vicuna-7b;mmke-visual/minigpt-4-vicuna-7b;mmke-visual/paligemma-3b;mmke-visual/smolvlm-1.7b
recorded,power_a2_b1_g1,M_new_norm,3,9,False,17,74.78622222222222,78.08333333333333,-3.297111111111111,73.21274074074074,-2.192370370370371,1,3,5,1,4,-0.18000000000000682,-20.340000000000003,0.8500000000000014,0.2222222222222222,evqa-pilot500/paligemma-3b;evqa-pilot500/qwen2.5-vl-3b;mmke-entity/blip2-opt-2.7b;mmke-entity/instructblip-vicuna-7b;mmke-entity/paligemma-3b;mmke-visual/blip2-opt-2.7b;mmke-visual/minigpt-4-vicuna-7b;mmke-visual/paligemma-3b;mmke-visual/smolvlm-1.7b
recorded,power_a2_b1_g2,M_abscos_x_newn,1,15,False,17,70.59933333333333,72.09106666666666,-1.4917333333333327,70.59933333333333,-1.4917333333333327,5,5,5,4,5,0.0,-22.24000000000001,14.88000000000001,0.13333333333333333,evqa-pilot500/blip2-opt-2.7b;evqa-pilot500/minigpt-4-vicuna-7b;evqa-pilot500/paligemma-3b;evqa-pilot500/qwen2.5-vl-3b;mmke-entity/blip2-opt-2.7b;mmke-entity/instructblip-vicuna-7b;mmke-entity/minigpt-4-vicuna-7b;mmke-entity/paligemma-3b;mmke-entity/smolvlm-1.7b;mmke-visual/blip2-opt-2.7b;mmke-visual/instructblip-vicuna-7b;mmke-visual/minigpt-4-vicuna-7b;mmke-visual/paligemma-3b;mmke-visual/qwen2.5-vl-3b;mmke-visual/smolvlm-1.7b
recorded,power_a2_b1_g2,M_abscos_x_newn,3,9,False,17,75.25488888888889,77.00022222222222,-1.7453333333333363,73.88303703703704,-0.4167407407407432,1,3,5,1,4,-0.26400000000001,-21.60000000000001,16.685999999999993,0.1111111111111111,evqa-pilot500/blip2-opt-2.7b;evqa-pilot500/paligemma-3b;evqa-pilot500/qwen2.5-vl-3b;mmke-entity/blip2-opt-2.7b;mmke-entity/instructblip-vicuna-7b;mmke-entity/paligemma-3b;mmke-visual/minigpt-4-vicuna-7b;mmke-visual/paligemma-3b;mmke-visual/smolvlm-1.7b
recorded,power_a2_b1_g2,M_new_norm,1,15,False,17,70.59933333333333,71.86493333333334,-1.2655999999999992,70.59933333333333,-1.2655999999999992,8,1,6,6,5,0.01999999999999602,-22.24000000000001,14.88000000000001,0.13333333333333333,evqa-pilot500/blip2-opt-2.7b;evqa-pilot500/minigpt-4-vicuna-7b;evqa-pilot500/paligemma-3b;evqa-pilot500/qwen2.5-vl-3b;mmke-entity/blip2-opt-2.7b;mmke-entity/instructblip-vicuna-7b;mmke-entity/minigpt-4-vicuna-7b;mmke-entity/paligemma-3b;mmke-entity/smolvlm-1.7b;mmke-visual/blip2-opt-2.7b;mmke-visual/instructblip-vicuna-7b;mmke-visual/minigpt-4-vicuna-7b;mmke-visual/paligemma-3b;mmke-visual/qwen2.5-vl-3b;mmke-visual/smolvlm-1.7b
recorded,power_a2_b1_g2,M_new_norm,3,9,False,17,75.25488888888889,76.82066666666667,-1.56577777777778,73.88303703703704,-0.2207407407407421,2,2,5,2,4,-0.26400000000001,-21.60000000000001,16.685999999999993,0.1111111111111111,evqa-pilot500/blip2-opt-2.7b;evqa-pilot500/paligemma-3b;evqa-pilot500/qwen2.5-vl-3b;mmke-entity/blip2-opt-2.7b;mmke-entity/instructblip-vicuna-7b;mmke-entity/paligemma-3b;mmke-visual/minigpt-4-vicuna-7b;mmke-visual/paligemma-3b;mmke-visual/smolvlm-1.7b
recorded,soft_direction_0.25,M_abscos_x_newn,1,17,True,17,71.77435294117647,71.97388235294117,-0.19952941176470607,71.77435294117647,-0.19952941176470607,1,12,4,0,3,0.0,-1.730000000000004,0.44599999999999795,0.17647058823529413,evqa-pilot500/blip2-opt-2.7b;evqa-pilot500/minigpt-4-vicuna-7b;evqa-pilot500/paligemma-3b;evqa-pilot500/qwen2.5-vl-3b;evqa-pilot500/smolvlm-1.7b;mmke-entity/blip2-opt-2.7b;mmke-entity/instructblip-vicuna-7b;mmke-entity/minigpt-4-vicuna-7b;mmke-entity/paligemma-3b;mmke-entity/qwen2.5-vl-3b;mmke-entity/smolvlm-1.7b;mmke-visual/blip2-opt-2.7b;mmke-visual/instructblip-vicuna-7b;mmke-visual/minigpt-4-vicuna-7b;mmke-visual/paligemma-3b;mmke-visual/qwen2.5-vl-3b;mmke-visual/smolvlm-1.7b
recorded,soft_direction_0.25,M_abscos_x_newn,3,17,True,17,74.29352941176471,74.05482352941176,0.23870588235294032,71.4921568627451,0.05733333333333235,1,13,3,1,2,0.0,-0.8500000000000014,6.1640000000000015,0.35294117647058826,evqa-pilot500/blip2-opt-2.7b;evqa-pilot500/minigpt-4-vicuna-7b;evqa-pilot500/paligemma-3b;evqa-pilot500/qwen2.5-vl-3b;evqa-pilot500/smolvlm-1.7b;mmke-entity/blip2-opt-2.7b;mmke-entity/instructblip-vicuna-7b;mmke-entity/minigpt-4-vicuna-7b;mmke-entity/paligemma-3b;mmke-entity/qwen2.5-vl-3b;mmke-entity/smolvlm-1.7b;mmke-visual/blip2-opt-2.7b;mmke-visual/instructblip-vicuna-7b;mmke-visual/minigpt-4-vicuna-7b;mmke-visual/paligemma-3b;mmke-visual/qwen2.5-vl-3b;mmke-visual/smolvlm-1.7b
recorded,soft_direction_0.25,M_new_norm,1,17,True,17,71.77435294117647,71.77435294117647,0.0,71.77435294117647,0.0,0,17,0,0,0,0.0,0.0,0.0,0.17647058823529413,evqa-pilot500/blip2-opt-2.7b;evqa-pilot500/minigpt-4-vicuna-7b;evqa-pilot500/paligemma-3b;evqa-pilot500/qwen2.5-vl-3b;evqa-pilot500/smolvlm-1.7b;mmke-entity/blip2-opt-2.7b;mmke-entity/instructblip-vicuna-7b;mmke-entity/minigpt-4-vicuna-7b;mmke-entity/paligemma-3b;mmke-entity/qwen2.5-vl-3b;mmke-entity/smolvlm-1.7b;mmke-visual/blip2-opt-2.7b;mmke-visual/instructblip-vicuna-7b;mmke-visual/minigpt-4-vicuna-7b;mmke-visual/paligemma-3b;mmke-visual/qwen2.5-vl-3b;mmke-visual/smolvlm-1.7b
recorded,soft_direction_0.25,M_new_norm,3,17,True,17,74.29352941176471,74.29352941176471,0.0,71.4921568627451,0.0,0,17,0,0,0,0.0,0.0,0.0,0.35294117647058826,evqa-pilot500/blip2-opt-2.7b;evqa-pilot500/minigpt-4-vicuna-7b;evqa-pilot500/paligemma-3b;evqa-pilot500/qwen2.5-vl-3b;evqa-pilot500/smolvlm-1.7b;mmke-entity/blip2-opt-2.7b;mmke-entity/instructblip-vicuna-7b;mmke-entity/minigpt-4-vicuna-7b;mmke-entity/paligemma-3b;mmke-entity/qwen2.5-vl-3b;mmke-entity/smolvlm-1.7b;mmke-visual/blip2-opt-2.7b;mmke-visual/instructblip-vicuna-7b;mmke-visual/minigpt-4-vicuna-7b;mmke-visual/paligemma-3b;mmke-visual/qwen2.5-vl-3b;mmke-visual/smolvlm-1.7b
recorded,soft_direction_0.5,M_abscos_x_newn,1,17,True,17,71.77435294117647,71.97388235294117,-0.19952941176470607,71.77435294117647,-0.19952941176470607,1,12,4,0,3,0.0,-1.730000000000004,0.44599999999999795,0.17647058823529413,evqa-pilot500/blip2-opt-2.7b;evqa-pilot500/minigpt-4-vicuna-7b;evqa-pilot500/paligemma-3b;evqa-pilot500/qwen2.5-vl-3b;evqa-pilot500/smolvlm-1.7b;mmke-entity/blip2-opt-2.7b;mmke-entity/instructblip-vicuna-7b;mmke-entity/minigpt-4-vicuna-7b;mmke-entity/paligemma-3b;mmke-entity/qwen2.5-vl-3b;mmke-entity/smolvlm-1.7b;mmke-visual/blip2-opt-2.7b;mmke-visual/instructblip-vicuna-7b;mmke-visual/minigpt-4-vicuna-7b;mmke-visual/paligemma-3b;mmke-visual/qwen2.5-vl-3b;mmke-visual/smolvlm-1.7b
recorded,soft_direction_0.5,M_abscos_x_newn,3,17,True,17,74.29352941176471,74.05482352941176,0.23870588235294032,71.4921568627451,0.05733333333333235,1,13,3,1,2,0.0,-0.8500000000000014,6.1640000000000015,0.35294117647058826,evqa-pilot500/blip2-opt-2.7b;evqa-pilot500/minigpt-4-vicuna-7b;evqa-pilot500/paligemma-3b;evqa-pilot500/qwen2.5-vl-3b;evqa-pilot500/smolvlm-1.7b;mmke-entity/blip2-opt-2.7b;mmke-entity/instructblip-vicuna-7b;mmke-entity/minigpt-4-vicuna-7b;mmke-entity/paligemma-3b;mmke-entity/qwen2.5-vl-3b;mmke-entity/smolvlm-1.7b;mmke-visual/blip2-opt-2.7b;mmke-visual/instructblip-vicuna-7b;mmke-visual/minigpt-4-vicuna-7b;mmke-visual/paligemma-3b;mmke-visual/qwen2.5-vl-3b;mmke-visual/smolvlm-1.7b
recorded,soft_direction_0.5,M_new_norm,1,17,True,17,71.77435294117647,71.77435294117647,0.0,71.77435294117647,0.0,0,17,0,0,0,0.0,0.0,0.0,0.17647058823529413,evqa-pilot500/blip2-opt-2.7b;evqa-pilot500/minigpt-4-vicuna-7b;evqa-pilot500/paligemma-3b;evqa-pilot500/qwen2.5-vl-3b;evqa-pilot500/smolvlm-1.7b;mmke-entity/blip2-opt-2.7b;mmke-entity/instructblip-vicuna-7b;mmke-entity/minigpt-4-vicuna-7b;mmke-entity/paligemma-3b;mmke-entity/qwen2.5-vl-3b;mmke-entity/smolvlm-1.7b;mmke-visual/blip2-opt-2.7b;mmke-visual/instructblip-vicuna-7b;mmke-visual/minigpt-4-vicuna-7b;mmke-visual/paligemma-3b;mmke-visual/qwen2.5-vl-3b;mmke-visual/smolvlm-1.7b
recorded,soft_direction_0.5,M_new_norm,3,17,True,17,74.29352941176471,74.29352941176471,0.0,71.4921568627451,0.0,0,17,0,0,0,0.0,0.0,0.0,0.35294117647058826,evqa-pilot500/blip2-opt-2.7b;evqa-pilot500/minigpt-4-vicuna-7b;evqa-pilot500/paligemma-3b;evqa-pilot500/qwen2.5-vl-3b;evqa-pilot500/smolvlm-1.7b;mmke-entity/blip2-opt-2.7b;mmke-entity/instructblip-vicuna-7b;mmke-entity/minigpt-4-vicuna-7b;mmke-entity/paligemma-3b;mmke-entity/qwen2.5-vl-3b;mmke-entity/smolvlm-1.7b;mmke-visual/blip2-opt-2.7b;mmke-visual/instructblip-vicuna-7b;mmke-visual/minigpt-4-vicuna-7b;mmke-visual/paligemma-3b;mmke-visual/qwen2.5-vl-3b;mmke-visual/smolvlm-1.7b
recorded,soft_direction_1,M_abscos_x_newn,1,17,True,17,71.74811764705882,71.97388235294117,-0.225764705882353,71.74811764705882,-0.225764705882353,0,13,4,0,3,0.0,-1.730000000000004,0.0,0.17647058823529413,evqa-pilot500/blip2-opt-2.7b;evqa-pilot500/minigpt-4-vicuna-7b;evqa-pilot500/paligemma-3b;evqa-pilot500/qwen2.5-vl-3b;evqa-pilot500/smolvlm-1.7b;mmke-entity/blip2-opt-2.7b;mmke-entity/instructblip-vicuna-7b;mmke-entity/minigpt-4-vicuna-7b;mmke-entity/paligemma-3b;mmke-entity/qwen2.5-vl-3b;mmke-entity/smolvlm-1.7b;mmke-visual/blip2-opt-2.7b;mmke-visual/instructblip-vicuna-7b;mmke-visual/minigpt-4-vicuna-7b;mmke-visual/paligemma-3b;mmke-visual/qwen2.5-vl-3b;mmke-visual/smolvlm-1.7b
recorded,soft_direction_1,M_abscos_x_newn,3,17,True,17,74.29352941176471,74.05482352941176,0.23870588235294032,71.4921568627451,0.05733333333333235,1,13,3,1,2,0.0,-0.8500000000000014,6.1640000000000015,0.35294117647058826,evqa-pilot500/blip2-opt-2.7b;evqa-pilot500/minigpt-4-vicuna-7b;evqa-pilot500/paligemma-3b;evqa-pilot500/qwen2.5-vl-3b;evqa-pilot500/smolvlm-1.7b;mmke-entity/blip2-opt-2.7b;mmke-entity/instructblip-vicuna-7b;mmke-entity/minigpt-4-vicuna-7b;mmke-entity/paligemma-3b;mmke-entity/qwen2.5-vl-3b;mmke-entity/smolvlm-1.7b;mmke-visual/blip2-opt-2.7b;mmke-visual/instructblip-vicuna-7b;mmke-visual/minigpt-4-vicuna-7b;mmke-visual/paligemma-3b;mmke-visual/qwen2.5-vl-3b;mmke-visual/smolvlm-1.7b
recorded,soft_direction_1,M_new_norm,1,17,True,17,71.74811764705882,71.77435294117647,-0.02623529411764694,71.74811764705882,-0.02623529411764694,0,16,1,0,0,0.0,-0.44599999999999795,0.0,0.17647058823529413,evqa-pilot500/blip2-opt-2.7b;evqa-pilot500/minigpt-4-vicuna-7b;evqa-pilot500/paligemma-3b;evqa-pilot500/qwen2.5-vl-3b;evqa-pilot500/smolvlm-1.7b;mmke-entity/blip2-opt-2.7b;mmke-entity/instructblip-vicuna-7b;mmke-entity/minigpt-4-vicuna-7b;mmke-entity/paligemma-3b;mmke-entity/qwen2.5-vl-3b;mmke-entity/smolvlm-1.7b;mmke-visual/blip2-opt-2.7b;mmke-visual/instructblip-vicuna-7b;mmke-visual/minigpt-4-vicuna-7b;mmke-visual/paligemma-3b;mmke-visual/qwen2.5-vl-3b;mmke-visual/smolvlm-1.7b
recorded,soft_direction_1,M_new_norm,3,17,True,17,74.29352941176471,74.29352941176471,0.0,71.4921568627451,0.0,0,17,0,0,0,0.0,0.0,0.0,0.35294117647058826,evqa-pilot500/blip2-opt-2.7b;evqa-pilot500/minigpt-4-vicuna-7b;evqa-pilot500/paligemma-3b;evqa-pilot500/qwen2.5-vl-3b;evqa-pilot500/smolvlm-1.7b;mmke-entity/blip2-opt-2.7b;mmke-entity/instructblip-vicuna-7b;mmke-entity/minigpt-4-vicuna-7b;mmke-entity/paligemma-3b;mmke-entity/qwen2.5-vl-3b;mmke-entity/smolvlm-1.7b;mmke-visual/blip2-opt-2.7b;mmke-visual/instructblip-vicuna-7b;mmke-visual/minigpt-4-vicuna-7b;mmke-visual/paligemma-3b;mmke-visual/qwen2.5-vl-3b;mmke-visual/smolvlm-1.7b
recorded,soft_direction_2,M_abscos_x_newn,1,17,True,17,71.74811764705882,71.97388235294117,-0.225764705882353,71.74811764705882,-0.225764705882353,0,13,4,0,3,0.0,-1.730000000000004,0.0,0.17647058823529413,evqa-pilot500/blip2-opt-2.7b;evqa-pilot500/minigpt-4-vicuna-7b;evqa-pilot500/paligemma-3b;evqa-pilot500/qwen2.5-vl-3b;evqa-pilot500/smolvlm-1.7b;mmke-entity/blip2-opt-2.7b;mmke-entity/instructblip-vicuna-7b;mmke-entity/minigpt-4-vicuna-7b;mmke-entity/paligemma-3b;mmke-entity/qwen2.5-vl-3b;mmke-entity/smolvlm-1.7b;mmke-visual/blip2-opt-2.7b;mmke-visual/instructblip-vicuna-7b;mmke-visual/minigpt-4-vicuna-7b;mmke-visual/paligemma-3b;mmke-visual/qwen2.5-vl-3b;mmke-visual/smolvlm-1.7b
recorded,soft_direction_2,M_abscos_x_newn,3,17,True,17,74.29352941176471,74.05482352941176,0.23870588235294032,71.4921568627451,0.05733333333333235,1,13,3,1,2,0.0,-0.8500000000000014,6.1640000000000015,0.35294117647058826,evqa-pilot500/blip2-opt-2.7b;evqa-pilot500/minigpt-4-vicuna-7b;evqa-pilot500/paligemma-3b;evqa-pilot500/qwen2.5-vl-3b;evqa-pilot500/smolvlm-1.7b;mmke-entity/blip2-opt-2.7b;mmke-entity/instructblip-vicuna-7b;mmke-entity/minigpt-4-vicuna-7b;mmke-entity/paligemma-3b;mmke-entity/qwen2.5-vl-3b;mmke-entity/smolvlm-1.7b;mmke-visual/blip2-opt-2.7b;mmke-visual/instructblip-vicuna-7b;mmke-visual/minigpt-4-vicuna-7b;mmke-visual/paligemma-3b;mmke-visual/qwen2.5-vl-3b;mmke-visual/smolvlm-1.7b
recorded,soft_direction_2,M_new_norm,1,17,True,17,71.74811764705882,71.77435294117647,-0.02623529411764694,71.74811764705882,-0.02623529411764694,0,16,1,0,0,0.0,-0.44599999999999795,0.0,0.17647058823529413,evqa-pilot500/blip2-opt-2.7b;evqa-pilot500/minigpt-4-vicuna-7b;evqa-pilot500/paligemma-3b;evqa-pilot500/qwen2.5-vl-3b;evqa-pilot500/smolvlm-1.7b;mmke-entity/blip2-opt-2.7b;mmke-entity/instructblip-vicuna-7b;mmke-entity/minigpt-4-vicuna-7b;mmke-entity/paligemma-3b;mmke-entity/qwen2.5-vl-3b;mmke-entity/smolvlm-1.7b;mmke-visual/blip2-opt-2.7b;mmke-visual/instructblip-vicuna-7b;mmke-visual/minigpt-4-vicuna-7b;mmke-visual/paligemma-3b;mmke-visual/qwen2.5-vl-3b;mmke-visual/smolvlm-1.7b
recorded,soft_direction_2,M_new_norm,3,17,True,17,74.29352941176471,74.29352941176471,0.0,71.4921568627451,0.0,0,17,0,0,0,0.0,0.0,0.0,0.35294117647058826,evqa-pilot500/blip2-opt-2.7b;evqa-pilot500/minigpt-4-vicuna-7b;evqa-pilot500/paligemma-3b;evqa-pilot500/qwen2.5-vl-3b;evqa-pilot500/smolvlm-1.7b;mmke-entity/blip2-opt-2.7b;mmke-entity/instructblip-vicuna-7b;mmke-entity/minigpt-4-vicuna-7b;mmke-entity/paligemma-3b;mmke-entity/qwen2.5-vl-3b;mmke-entity/smolvlm-1.7b;mmke-visual/blip2-opt-2.7b;mmke-visual/instructblip-vicuna-7b;mmke-visual/minigpt-4-vicuna-7b;mmke-visual/paligemma-3b;mmke-visual/qwen2.5-vl-3b;mmke-visual/smolvlm-1.7b
recorded,soft_direction_4,M_abscos_x_newn,1,17,True,17,71.74811764705882,71.97388235294117,-0.225764705882353,71.74811764705882,-0.225764705882353,0,13,4,0,3,0.0,-1.730000000000004,0.0,0.17647058823529413,evqa-pilot500/blip2-opt-2.7b;evqa-pilot500/minigpt-4-vicuna-7b;evqa-pilot500/paligemma-3b;evqa-pilot500/qwen2.5-vl-3b;evqa-pilot500/smolvlm-1.7b;mmke-entity/blip2-opt-2.7b;mmke-entity/instructblip-vicuna-7b;mmke-entity/minigpt-4-vicuna-7b;mmke-entity/paligemma-3b;mmke-entity/qwen2.5-vl-3b;mmke-entity/smolvlm-1.7b;mmke-visual/blip2-opt-2.7b;mmke-visual/instructblip-vicuna-7b;mmke-visual/minigpt-4-vicuna-7b;mmke-visual/paligemma-3b;mmke-visual/qwen2.5-vl-3b;mmke-visual/smolvlm-1.7b
recorded,soft_direction_4,M_abscos_x_newn,3,17,True,17,74.29352941176471,74.05482352941176,0.23870588235294032,71.4921568627451,0.05733333333333235,1,13,3,1,2,0.0,-0.8500000000000014,6.1640000000000015,0.35294117647058826,evqa-pilot500/blip2-opt-2.7b;evqa-pilot500/minigpt-4-vicuna-7b;evqa-pilot500/paligemma-3b;evqa-pilot500/qwen2.5-vl-3b;evqa-pilot500/smolvlm-1.7b;mmke-entity/blip2-opt-2.7b;mmke-entity/instructblip-vicuna-7b;mmke-entity/minigpt-4-vicuna-7b;mmke-entity/paligemma-3b;mmke-entity/qwen2.5-vl-3b;mmke-entity/smolvlm-1.7b;mmke-visual/blip2-opt-2.7b;mmke-visual/instructblip-vicuna-7b;mmke-visual/minigpt-4-vicuna-7b;mmke-visual/paligemma-3b;mmke-visual/qwen2.5-vl-3b;mmke-visual/smolvlm-1.7b
recorded,soft_direction_4,M_new_norm,1,17,True,17,71.74811764705882,71.77435294117647,-0.02623529411764694,71.74811764705882,-0.02623529411764694,0,16,1,0,0,0.0,-0.44599999999999795,0.0,0.17647058823529413,evqa-pilot500/blip2-opt-2.7b;evqa-pilot500/minigpt-4-vicuna-7b;evqa-pilot500/paligemma-3b;evqa-pilot500/qwen2.5-vl-3b;evqa-pilot500/smolvlm-1.7b;mmke-entity/blip2-opt-2.7b;mmke-entity/instructblip-vicuna-7b;mmke-entity/minigpt-4-vicuna-7b;mmke-entity/paligemma-3b;mmke-entity/qwen2.5-vl-3b;mmke-entity/smolvlm-1.7b;mmke-visual/blip2-opt-2.7b;mmke-visual/instructblip-vicuna-7b;mmke-visual/minigpt-4-vicuna-7b;mmke-visual/paligemma-3b;mmke-visual/qwen2.5-vl-3b;mmke-visual/smolvlm-1.7b
recorded,soft_direction_4,M_new_norm,3,17,True,17,74.29352941176471,74.29352941176471,0.0,71.4921568627451,0.0,0,17,0,0,0,0.0,0.0,0.0,0.35294117647058826,evqa-pilot500/blip2-opt-2.7b;evqa-pilot500/minigpt-4-vicuna-7b;evqa-pilot500/paligemma-3b;evqa-pilot500/qwen2.5-vl-3b;evqa-pilot500/smolvlm-1.7b;mmke-entity/blip2-opt-2.7b;mmke-entity/instructblip-vicuna-7b;mmke-entity/minigpt-4-vicuna-7b;mmke-entity/paligemma-3b;mmke-entity/qwen2.5-vl-3b;mmke-entity/smolvlm-1.7b;mmke-visual/blip2-opt-2.7b;mmke-visual/instructblip-vicuna-7b;mmke-visual/minigpt-4-vicuna-7b;mmke-visual/paligemma-3b;mmke-visual/qwen2.5-vl-3b;mmke-visual/smolvlm-1.7b
recorded,soft_direction_8,M_abscos_x_newn,1,16,False,17,71.523875,71.73325,-0.2093750000000001,71.523875,-0.2093750000000001,0,13,3,0,3,0.0,-1.730000000000004,0.0,0.1875,evqa-pilot500/blip2-opt-2.7b;evqa-pilot500/minigpt-4-vicuna-7b;evqa-pilot500/paligemma-3b;evqa-pilot500/qwen2.5-vl-3b;evqa-pilot500/smolvlm-1.7b;mmke-entity/blip2-opt-2.7b;mmke-entity/instructblip-vicuna-7b;mmke-entity/paligemma-3b;mmke-entity/qwen2.5-vl-3b;mmke-entity/smolvlm-1.7b;mmke-visual/blip2-opt-2.7b;mmke-visual/instructblip-vicuna-7b;mmke-visual/minigpt-4-vicuna-7b;mmke-visual/paligemma-3b;mmke-visual/qwen2.5-vl-3b;mmke-visual/smolvlm-1.7b
recorded,soft_direction_8,M_abscos_x_newn,3,16,False,17,74.215,73.93075,0.28424999999999967,71.25108333333334,0.08874999999999922,1,13,2,1,2,0.0,-0.8500000000000014,6.1640000000000015,0.375,evqa-pilot500/blip2-opt-2.7b;evqa-pilot500/minigpt-4-vicuna-7b;evqa-pilot500/paligemma-3b;evqa-pilot500/qwen2.5-vl-3b;evqa-pilot500/smolvlm-1.7b;mmke-entity/blip2-opt-2.7b;mmke-entity/instructblip-vicuna-7b;mmke-entity/paligemma-3b;mmke-entity/qwen2.5-vl-3b;mmke-entity/smolvlm-1.7b;mmke-visual/blip2-opt-2.7b;mmke-visual/instructblip-vicuna-7b;mmke-visual/minigpt-4-vicuna-7b;mmke-visual/paligemma-3b;mmke-visual/qwen2.5-vl-3b;mmke-visual/smolvlm-1.7b
recorded,soft_direction_8,M_new_norm,1,16,False,17,71.523875,71.55175,-0.027874999999999872,71.523875,-0.027874999999999872,0,15,1,0,0,0.0,-0.44599999999999795,0.0,0.1875,evqa-pilot500/blip2-opt-2.7b;evqa-pilot500/minigpt-4-vicuna-7b;evqa-pilot500/paligemma-3b;evqa-pilot500/qwen2.5-vl-3b;evqa-pilot500/smolvlm-1.7b;mmke-entity/blip2-opt-2.7b;mmke-entity/instructblip-vicuna-7b;mmke-entity/paligemma-3b;mmke-entity/qwen2.5-vl-3b;mmke-entity/smolvlm-1.7b;mmke-visual/blip2-opt-2.7b;mmke-visual/instructblip-vicuna-7b;mmke-visual/minigpt-4-vicuna-7b;mmke-visual/paligemma-3b;mmke-visual/qwen2.5-vl-3b;mmke-visual/smolvlm-1.7b
recorded,soft_direction_8,M_new_norm,3,16,False,17,74.215,74.215,0.0,71.25108333333334,0.0,0,16,0,0,0,0.0,0.0,0.0,0.375,evqa-pilot500/blip2-opt-2.7b;evqa-pilot500/minigpt-4-vicuna-7b;evqa-pilot500/paligemma-3b;evqa-pilot500/qwen2.5-vl-3b;evqa-pilot500/smolvlm-1.7b;mmke-entity/blip2-opt-2.7b;mmke-entity/instructblip-vicuna-7b;mmke-entity/paligemma-3b;mmke-entity/qwen2.5-vl-3b;mmke-entity/smolvlm-1.7b;mmke-visual/blip2-opt-2.7b;mmke-visual/instructblip-vicuna-7b;mmke-visual/minigpt-4-vicuna-7b;mmke-visual/paligemma-3b;mmke-visual/qwen2.5-vl-3b;mmke-visual/smolvlm-1.7b
recorded,rrf_w0.25_t0,M_abscos_x_newn,1,17,True,17,71.77435294117647,71.97388235294117,-0.19952941176470607,71.77435294117647,-0.19952941176470607,1,12,4,0,3,0.0,-1.730000000000004,0.44599999999999795,0.17647058823529413,evqa-pilot500/blip2-opt-2.7b;evqa-pilot500/minigpt-4-vicuna-7b;evqa-pilot500/paligemma-3b;evqa-pilot500/qwen2.5-vl-3b;evqa-pilot500/smolvlm-1.7b;mmke-entity/blip2-opt-2.7b;mmke-entity/instructblip-vicuna-7b;mmke-entity/minigpt-4-vicuna-7b;mmke-entity/paligemma-3b;mmke-entity/qwen2.5-vl-3b;mmke-entity/smolvlm-1.7b;mmke-visual/blip2-opt-2.7b;mmke-visual/instructblip-vicuna-7b;mmke-visual/minigpt-4-vicuna-7b;mmke-visual/paligemma-3b;mmke-visual/qwen2.5-vl-3b;mmke-visual/smolvlm-1.7b
recorded,rrf_w0.25_t0,M_abscos_x_newn,3,17,True,17,74.324,74.05482352941176,0.26917647058823446,71.5023137254902,0.06749019607843068,1,13,3,1,1,0.0,-0.8500000000000014,6.1640000000000015,0.35294117647058826,evqa-pilot500/blip2-opt-2.7b;evqa-pilot500/minigpt-4-vicuna-7b;evqa-pilot500/paligemma-3b;evqa-pilot500/qwen2.5-vl-3b;evqa-pilot500/smolvlm-1.7b;mmke-entity/blip2-opt-2.7b;mmke-entity/instructblip-vicuna-7b;mmke-entity/minigpt-4-vicuna-7b;mmke-entity/paligemma-3b;mmke-entity/qwen2.5-vl-3b;mmke-entity/smolvlm-1.7b;mmke-visual/blip2-opt-2.7b;mmke-visual/instructblip-vicuna-7b;mmke-visual/minigpt-4-vicuna-7b;mmke-visual/paligemma-3b;mmke-visual/qwen2.5-vl-3b;mmke-visual/smolvlm-1.7b
recorded,rrf_w0.25_t0,M_new_norm,1,17,True,17,71.77435294117647,71.77435294117647,0.0,71.77435294117647,0.0,0,17,0,0,0,0.0,0.0,0.0,0.17647058823529413,evqa-pilot500/blip2-opt-2.7b;evqa-pilot500/minigpt-4-vicuna-7b;evqa-pilot500/paligemma-3b;evqa-pilot500/qwen2.5-vl-3b;evqa-pilot500/smolvlm-1.7b;mmke-entity/blip2-opt-2.7b;mmke-entity/instructblip-vicuna-7b;mmke-entity/minigpt-4-vicuna-7b;mmke-entity/paligemma-3b;mmke-entity/qwen2.5-vl-3b;mmke-entity/smolvlm-1.7b;mmke-visual/blip2-opt-2.7b;mmke-visual/instructblip-vicuna-7b;mmke-visual/minigpt-4-vicuna-7b;mmke-visual/paligemma-3b;mmke-visual/qwen2.5-vl-3b;mmke-visual/smolvlm-1.7b
recorded,rrf_w0.25_t0,M_new_norm,3,17,True,17,74.324,74.29352941176471,0.03047058823529416,71.5023137254902,0.010156862745098331,1,16,0,1,0,0.0,0.0,0.5180000000000007,0.35294117647058826,evqa-pilot500/blip2-opt-2.7b;evqa-pilot500/minigpt-4-vicuna-7b;evqa-pilot500/paligemma-3b;evqa-pilot500/qwen2.5-vl-3b;evqa-pilot500/smolvlm-1.7b;mmke-entity/blip2-opt-2.7b;mmke-entity/instructblip-vicuna-7b;mmke-entity/minigpt-4-vicuna-7b;mmke-entity/paligemma-3b;mmke-entity/qwen2.5-vl-3b;mmke-entity/smolvlm-1.7b;mmke-visual/blip2-opt-2.7b;mmke-visual/instructblip-vicuna-7b;mmke-visual/minigpt-4-vicuna-7b;mmke-visual/paligemma-3b;mmke-visual/qwen2.5-vl-3b;mmke-visual/smolvlm-1.7b
recorded,rrf_w0.25_t1,M_abscos_x_newn,1,17,True,17,71.77435294117647,71.97388235294117,-0.19952941176470607,71.77435294117647,-0.19952941176470607,1,12,4,0,3,0.0,-1.730000000000004,0.44599999999999795,0.17647058823529413,evqa-pilot500/blip2-opt-2.7b;evqa-pilot500/minigpt-4-vicuna-7b;evqa-pilot500/paligemma-3b;evqa-pilot500/qwen2.5-vl-3b;evqa-pilot500/smolvlm-1.7b;mmke-entity/blip2-opt-2.7b;mmke-entity/instructblip-vicuna-7b;mmke-entity/minigpt-4-vicuna-7b;mmke-entity/paligemma-3b;mmke-entity/qwen2.5-vl-3b;mmke-entity/smolvlm-1.7b;mmke-visual/blip2-opt-2.7b;mmke-visual/instructblip-vicuna-7b;mmke-visual/minigpt-4-vicuna-7b;mmke-visual/paligemma-3b;mmke-visual/qwen2.5-vl-3b;mmke-visual/smolvlm-1.7b
recorded,rrf_w0.25_t1,M_abscos_x_newn,3,17,True,17,74.29352941176471,74.05482352941176,0.23870588235294032,71.4921568627451,0.05733333333333235,1,13,3,1,2,0.0,-0.8500000000000014,6.1640000000000015,0.35294117647058826,evqa-pilot500/blip2-opt-2.7b;evqa-pilot500/minigpt-4-vicuna-7b;evqa-pilot500/paligemma-3b;evqa-pilot500/qwen2.5-vl-3b;evqa-pilot500/smolvlm-1.7b;mmke-entity/blip2-opt-2.7b;mmke-entity/instructblip-vicuna-7b;mmke-entity/minigpt-4-vicuna-7b;mmke-entity/paligemma-3b;mmke-entity/qwen2.5-vl-3b;mmke-entity/smolvlm-1.7b;mmke-visual/blip2-opt-2.7b;mmke-visual/instructblip-vicuna-7b;mmke-visual/minigpt-4-vicuna-7b;mmke-visual/paligemma-3b;mmke-visual/qwen2.5-vl-3b;mmke-visual/smolvlm-1.7b
recorded,rrf_w0.25_t1,M_new_norm,1,17,True,17,71.77435294117647,71.77435294117647,0.0,71.77435294117647,0.0,0,17,0,0,0,0.0,0.0,0.0,0.17647058823529413,evqa-pilot500/blip2-opt-2.7b;evqa-pilot500/minigpt-4-vicuna-7b;evqa-pilot500/paligemma-3b;evqa-pilot500/qwen2.5-vl-3b;evqa-pilot500/smolvlm-1.7b;mmke-entity/blip2-opt-2.7b;mmke-entity/instructblip-vicuna-7b;mmke-entity/minigpt-4-vicuna-7b;mmke-entity/paligemma-3b;mmke-entity/qwen2.5-vl-3b;mmke-entity/smolvlm-1.7b;mmke-visual/blip2-opt-2.7b;mmke-visual/instructblip-vicuna-7b;mmke-visual/minigpt-4-vicuna-7b;mmke-visual/paligemma-3b;mmke-visual/qwen2.5-vl-3b;mmke-visual/smolvlm-1.7b
recorded,rrf_w0.25_t1,M_new_norm,3,17,True,17,74.29352941176471,74.29352941176471,0.0,71.4921568627451,0.0,0,17,0,0,0,0.0,0.0,0.0,0.35294117647058826,evqa-pilot500/blip2-opt-2.7b;evqa-pilot500/minigpt-4-vicuna-7b;evqa-pilot500/paligemma-3b;evqa-pilot500/qwen2.5-vl-3b;evqa-pilot500/smolvlm-1.7b;mmke-entity/blip2-opt-2.7b;mmke-entity/instructblip-vicuna-7b;mmke-entity/minigpt-4-vicuna-7b;mmke-entity/paligemma-3b;mmke-entity/qwen2.5-vl-3b;mmke-entity/smolvlm-1.7b;mmke-visual/blip2-opt-2.7b;mmke-visual/instructblip-vicuna-7b;mmke-visual/minigpt-4-vicuna-7b;mmke-visual/paligemma-3b;mmke-visual/qwen2.5-vl-3b;mmke-visual/smolvlm-1.7b
recorded,rrf_w0.25_t5,M_abscos_x_newn,1,17,True,17,71.77435294117647,71.97388235294117,-0.19952941176470607,71.77435294117647,-0.19952941176470607,1,12,4,0,3,0.0,-1.730000000000004,0.44599999999999795,0.17647058823529413,evqa-pilot500/blip2-opt-2.7b;evqa-pilot500/minigpt-4-vicuna-7b;evqa-pilot500/paligemma-3b;evqa-pilot500/qwen2.5-vl-3b;evqa-pilot500/smolvlm-1.7b;mmke-entity/blip2-opt-2.7b;mmke-entity/instructblip-vicuna-7b;mmke-entity/minigpt-4-vicuna-7b;mmke-entity/paligemma-3b;mmke-entity/qwen2.5-vl-3b;mmke-entity/smolvlm-1.7b;mmke-visual/blip2-opt-2.7b;mmke-visual/instructblip-vicuna-7b;mmke-visual/minigpt-4-vicuna-7b;mmke-visual/paligemma-3b;mmke-visual/qwen2.5-vl-3b;mmke-visual/smolvlm-1.7b
recorded,rrf_w0.25_t5,M_abscos_x_newn,3,17,True,17,74.29352941176471,74.05482352941176,0.23870588235294032,71.4921568627451,0.05733333333333235,1,13,3,1,2,0.0,-0.8500000000000014,6.1640000000000015,0.35294117647058826,evqa-pilot500/blip2-opt-2.7b;evqa-pilot500/minigpt-4-vicuna-7b;evqa-pilot500/paligemma-3b;evqa-pilot500/qwen2.5-vl-3b;evqa-pilot500/smolvlm-1.7b;mmke-entity/blip2-opt-2.7b;mmke-entity/instructblip-vicuna-7b;mmke-entity/minigpt-4-vicuna-7b;mmke-entity/paligemma-3b;mmke-entity/qwen2.5-vl-3b;mmke-entity/smolvlm-1.7b;mmke-visual/blip2-opt-2.7b;mmke-visual/instructblip-vicuna-7b;mmke-visual/minigpt-4-vicuna-7b;mmke-visual/paligemma-3b;mmke-visual/qwen2.5-vl-3b;mmke-visual/smolvlm-1.7b
recorded,rrf_w0.25_t5,M_new_norm,1,17,True,17,71.77435294117647,71.77435294117647,0.0,71.77435294117647,0.0,0,17,0,0,0,0.0,0.0,0.0,0.17647058823529413,evqa-pilot500/blip2-opt-2.7b;evqa-pilot500/minigpt-4-vicuna-7b;evqa-pilot500/paligemma-3b;evqa-pilot500/qwen2.5-vl-3b;evqa-pilot500/smolvlm-1.7b;mmke-entity/blip2-opt-2.7b;mmke-entity/instructblip-vicuna-7b;mmke-entity/minigpt-4-vicuna-7b;mmke-entity/paligemma-3b;mmke-entity/qwen2.5-vl-3b;mmke-entity/smolvlm-1.7b;mmke-visual/blip2-opt-2.7b;mmke-visual/instructblip-vicuna-7b;mmke-visual/minigpt-4-vicuna-7b;mmke-visual/paligemma-3b;mmke-visual/qwen2.5-vl-3b;mmke-visual/smolvlm-1.7b
recorded,rrf_w0.25_t5,M_new_norm,3,17,True,17,74.29352941176471,74.29352941176471,0.0,71.4921568627451,0.0,0,17,0,0,0,0.0,0.0,0.0,0.35294117647058826,evqa-pilot500/blip2-opt-2.7b;evqa-pilot500/minigpt-4-vicuna-7b;evqa-pilot500/paligemma-3b;evqa-pilot500/qwen2.5-vl-3b;evqa-pilot500/smolvlm-1.7b;mmke-entity/blip2-opt-2.7b;mmke-entity/instructblip-vicuna-7b;mmke-entity/minigpt-4-vicuna-7b;mmke-entity/paligemma-3b;mmke-entity/qwen2.5-vl-3b;mmke-entity/smolvlm-1.7b;mmke-visual/blip2-opt-2.7b;mmke-visual/instructblip-vicuna-7b;mmke-visual/minigpt-4-vicuna-7b;mmke-visual/paligemma-3b;mmke-visual/qwen2.5-vl-3b;mmke-visual/smolvlm-1.7b
recorded,rrf_w0.5_t0,M_abscos_x_newn,1,17,True,17,71.77435294117647,71.97388235294117,-0.19952941176470607,71.77435294117647,-0.19952941176470607,1,12,4,0,3,0.0,-1.730000000000004,0.44599999999999795,0.17647058823529413,evqa-pilot500/blip2-opt-2.7b;evqa-pilot500/minigpt-4-vicuna-7b;evqa-pilot500/paligemma-3b;evqa-pilot500/qwen2.5-vl-3b;evqa-pilot500/smolvlm-1.7b;mmke-entity/blip2-opt-2.7b;mmke-entity/instructblip-vicuna-7b;mmke-entity/minigpt-4-vicuna-7b;mmke-entity/paligemma-3b;mmke-entity/qwen2.5-vl-3b;mmke-entity/smolvlm-1.7b;mmke-visual/blip2-opt-2.7b;mmke-visual/instructblip-vicuna-7b;mmke-visual/minigpt-4-vicuna-7b;mmke-visual/paligemma-3b;mmke-visual/qwen2.5-vl-3b;mmke-visual/smolvlm-1.7b
recorded,rrf_w0.5_t0,M_abscos_x_newn,3,17,True,17,74.39011764705883,74.05482352941176,0.33529411764705813,71.45972549019608,0.02490196078431323,1,14,2,1,0,0.0,-0.24800000000000466,6.1640000000000015,0.4117647058823529,evqa-pilot500/blip2-opt-2.7b;evqa-pilot500/minigpt-4-vicuna-7b;evqa-pilot500/paligemma-3b;evqa-pilot500/qwen2.5-vl-3b;evqa-pilot500/smolvlm-1.7b;mmke-entity/blip2-opt-2.7b;mmke-entity/instructblip-vicuna-7b;mmke-entity/minigpt-4-vicuna-7b;mmke-entity/paligemma-3b;mmke-entity/qwen2.5-vl-3b;mmke-entity/smolvlm-1.7b;mmke-visual/blip2-opt-2.7b;mmke-visual/instructblip-vicuna-7b;mmke-visual/minigpt-4-vicuna-7b;mmke-visual/paligemma-3b;mmke-visual/qwen2.5-vl-3b;mmke-visual/smolvlm-1.7b
recorded,rrf_w0.5_t0,M_new_norm,1,17,True,17,71.77435294117647,71.77435294117647,0.0,71.77435294117647,0.0,0,17,0,0,0,0.0,0.0,0.0,0.17647058823529413,evqa-pilot500/blip2-opt-2.7b;evqa-pilot500/minigpt-4-vicuna-7b;evqa-pilot500/paligemma-3b;evqa-pilot500/qwen2.5-vl-3b;evqa-pilot500/smolvlm-1.7b;mmke-entity/blip2-opt-2.7b;mmke-entity/instructblip-vicuna-7b;mmke-entity/minigpt-4-vicuna-7b;mmke-entity/paligemma-3b;mmke-entity/qwen2.5-vl-3b;mmke-entity/smolvlm-1.7b;mmke-visual/blip2-opt-2.7b;mmke-visual/instructblip-vicuna-7b;mmke-visual/minigpt-4-vicuna-7b;mmke-visual/paligemma-3b;mmke-visual/qwen2.5-vl-3b;mmke-visual/smolvlm-1.7b
recorded,rrf_w0.5_t0,M_new_norm,3,17,True,17,74.39011764705883,74.29352941176471,0.09658823529411782,71.45972549019608,-0.03243137254901912,3,14,0,2,0,0.0,0.0,0.8500000000000014,0.4117647058823529,evqa-pilot500/blip2-opt-2.7b;evqa-pilot500/minigpt-4-vicuna-7b;evqa-pilot500/paligemma-3b;evqa-pilot500/qwen2.5-vl-3b;evqa-pilot500/smolvlm-1.7b;mmke-entity/blip2-opt-2.7b;mmke-entity/instructblip-vicuna-7b;mmke-entity/minigpt-4-vicuna-7b;mmke-entity/paligemma-3b;mmke-entity/qwen2.5-vl-3b;mmke-entity/smolvlm-1.7b;mmke-visual/blip2-opt-2.7b;mmke-visual/instructblip-vicuna-7b;mmke-visual/minigpt-4-vicuna-7b;mmke-visual/paligemma-3b;mmke-visual/qwen2.5-vl-3b;mmke-visual/smolvlm-1.7b
recorded,rrf_w0.5_t1,M_abscos_x_newn,1,17,True,17,71.77435294117647,71.97388235294117,-0.19952941176470607,71.77435294117647,-0.19952941176470607,1,12,4,0,3,0.0,-1.730000000000004,0.44599999999999795,0.17647058823529413,evqa-pilot500/blip2-opt-2.7b;evqa-pilot500/minigpt-4-vicuna-7b;evqa-pilot500/paligemma-3b;evqa-pilot500/qwen2.5-vl-3b;evqa-pilot500/smolvlm-1.7b;mmke-entity/blip2-opt-2.7b;mmke-entity/instructblip-vicuna-7b;mmke-entity/minigpt-4-vicuna-7b;mmke-entity/paligemma-3b;mmke-entity/qwen2.5-vl-3b;mmke-entity/smolvlm-1.7b;mmke-visual/blip2-opt-2.7b;mmke-visual/instructblip-vicuna-7b;mmke-visual/minigpt-4-vicuna-7b;mmke-visual/paligemma-3b;mmke-visual/qwen2.5-vl-3b;mmke-visual/smolvlm-1.7b
recorded,rrf_w0.5_t1,M_abscos_x_newn,3,17,True,17,74.39011764705883,74.05482352941176,0.33529411764705813,71.45972549019608,0.02490196078431323,1,14,2,1,0,0.0,-0.24800000000000466,6.1640000000000015,0.4117647058823529,evqa-pilot500/blip2-opt-2.7b;evqa-pilot500/minigpt-4-vicuna-7b;evqa-pilot500/paligemma-3b;evqa-pilot500/qwen2.5-vl-3b;evqa-pilot500/smolvlm-1.7b;mmke-entity/blip2-opt-2.7b;mmke-entity/instructblip-vicuna-7b;mmke-entity/minigpt-4-vicuna-7b;mmke-entity/paligemma-3b;mmke-entity/qwen2.5-vl-3b;mmke-entity/smolvlm-1.7b;mmke-visual/blip2-opt-2.7b;mmke-visual/instructblip-vicuna-7b;mmke-visual/minigpt-4-vicuna-7b;mmke-visual/paligemma-3b;mmke-visual/qwen2.5-vl-3b;mmke-visual/smolvlm-1.7b
recorded,rrf_w0.5_t1,M_new_norm,1,17,True,17,71.77435294117647,71.77435294117647,0.0,71.77435294117647,0.0,0,17,0,0,0,0.0,0.0,0.0,0.17647058823529413,evqa-pilot500/blip2-opt-2.7b;evqa-pilot500/minigpt-4-vicuna-7b;evqa-pilot500/paligemma-3b;evqa-pilot500/qwen2.5-vl-3b;evqa-pilot500/smolvlm-1.7b;mmke-entity/blip2-opt-2.7b;mmke-entity/instructblip-vicuna-7b;mmke-entity/minigpt-4-vicuna-7b;mmke-entity/paligemma-3b;mmke-entity/qwen2.5-vl-3b;mmke-entity/smolvlm-1.7b;mmke-visual/blip2-opt-2.7b;mmke-visual/instructblip-vicuna-7b;mmke-visual/minigpt-4-vicuna-7b;mmke-visual/paligemma-3b;mmke-visual/qwen2.5-vl-3b;mmke-visual/smolvlm-1.7b
recorded,rrf_w0.5_t1,M_new_norm,3,17,True,17,74.39011764705883,74.29352941176471,0.09658823529411782,71.45972549019608,-0.03243137254901912,3,14,0,2,0,0.0,0.0,0.8500000000000014,0.4117647058823529,evqa-pilot500/blip2-opt-2.7b;evqa-pilot500/minigpt-4-vicuna-7b;evqa-pilot500/paligemma-3b;evqa-pilot500/qwen2.5-vl-3b;evqa-pilot500/smolvlm-1.7b;mmke-entity/blip2-opt-2.7b;mmke-entity/instructblip-vicuna-7b;mmke-entity/minigpt-4-vicuna-7b;mmke-entity/paligemma-3b;mmke-entity/qwen2.5-vl-3b;mmke-entity/smolvlm-1.7b;mmke-visual/blip2-opt-2.7b;mmke-visual/instructblip-vicuna-7b;mmke-visual/minigpt-4-vicuna-7b;mmke-visual/paligemma-3b;mmke-visual/qwen2.5-vl-3b;mmke-visual/smolvlm-1.7b
recorded,rrf_w0.5_t5,M_abscos_x_newn,1,17,True,17,71.77435294117647,71.97388235294117,-0.19952941176470607,71.77435294117647,-0.19952941176470607,1,12,4,0,3,0.0,-1.730000000000004,0.44599999999999795,0.17647058823529413,evqa-pilot500/blip2-opt-2.7b;evqa-pilot500/minigpt-4-vicuna-7b;evqa-pilot500/paligemma-3b;evqa-pilot500/qwen2.5-vl-3b;evqa-pilot500/smolvlm-1.7b;mmke-entity/blip2-opt-2.7b;mmke-entity/instructblip-vicuna-7b;mmke-entity/minigpt-4-vicuna-7b;mmke-entity/paligemma-3b;mmke-entity/qwen2.5-vl-3b;mmke-entity/smolvlm-1.7b;mmke-visual/blip2-opt-2.7b;mmke-visual/instructblip-vicuna-7b;mmke-visual/minigpt-4-vicuna-7b;mmke-visual/paligemma-3b;mmke-visual/qwen2.5-vl-3b;mmke-visual/smolvlm-1.7b
recorded,rrf_w0.5_t5,M_abscos_x_newn,3,17,True,17,74.324,74.05482352941176,0.26917647058823446,71.5023137254902,0.06749019607843068,1,13,3,1,1,0.0,-0.8500000000000014,6.1640000000000015,0.35294117647058826,evqa-pilot500/blip2-opt-2.7b;evqa-pilot500/minigpt-4-vicuna-7b;evqa-pilot500/paligemma-3b;evqa-pilot500/qwen2.5-vl-3b;evqa-pilot500/smolvlm-1.7b;mmke-entity/blip2-opt-2.7b;mmke-entity/instructblip-vicuna-7b;mmke-entity/minigpt-4-vicuna-7b;mmke-entity/paligemma-3b;mmke-entity/qwen2.5-vl-3b;mmke-entity/smolvlm-1.7b;mmke-visual/blip2-opt-2.7b;mmke-visual/instructblip-vicuna-7b;mmke-visual/minigpt-4-vicuna-7b;mmke-visual/paligemma-3b;mmke-visual/qwen2.5-vl-3b;mmke-visual/smolvlm-1.7b
recorded,rrf_w0.5_t5,M_new_norm,1,17,True,17,71.77435294117647,71.77435294117647,0.0,71.77435294117647,0.0,0,17,0,0,0,0.0,0.0,0.0,0.17647058823529413,evqa-pilot500/blip2-opt-2.7b;evqa-pilot500/minigpt-4-vicuna-7b;evqa-pilot500/paligemma-3b;evqa-pilot500/qwen2.5-vl-3b;evqa-pilot500/smolvlm-1.7b;mmke-entity/blip2-opt-2.7b;mmke-entity/instructblip-vicuna-7b;mmke-entity/minigpt-4-vicuna-7b;mmke-entity/paligemma-3b;mmke-entity/qwen2.5-vl-3b;mmke-entity/smolvlm-1.7b;mmke-visual/blip2-opt-2.7b;mmke-visual/instructblip-vicuna-7b;mmke-visual/minigpt-4-vicuna-7b;mmke-visual/paligemma-3b;mmke-visual/qwen2.5-vl-3b;mmke-visual/smolvlm-1.7b
recorded,rrf_w0.5_t5,M_new_norm,3,17,True,17,74.324,74.29352941176471,0.03047058823529416,71.5023137254902,0.010156862745098331,1,16,0,1,0,0.0,0.0,0.5180000000000007,0.35294117647058826,evqa-pilot500/blip2-opt-2.7b;evqa-pilot500/minigpt-4-vicuna-7b;evqa-pilot500/paligemma-3b;evqa-pilot500/qwen2.5-vl-3b;evqa-pilot500/smolvlm-1.7b;mmke-entity/blip2-opt-2.7b;mmke-entity/instructblip-vicuna-7b;mmke-entity/minigpt-4-vicuna-7b;mmke-entity/paligemma-3b;mmke-entity/qwen2.5-vl-3b;mmke-entity/smolvlm-1.7b;mmke-visual/blip2-opt-2.7b;mmke-visual/instructblip-vicuna-7b;mmke-visual/minigpt-4-vicuna-7b;mmke-visual/paligemma-3b;mmke-visual/qwen2.5-vl-3b;mmke-visual/smolvlm-1.7b
recorded,rrf_w1_t0,M_abscos_x_newn,1,17,True,17,71.84835294117647,71.97388235294117,-0.12552941176470633,71.84835294117647,-0.12552941176470633,1,14,2,0,2,0.0,-1.730000000000004,0.44599999999999795,0.17647058823529413,evqa-pilot500/blip2-opt-2.7b;evqa-pilot500/minigpt-4-vicuna-7b;evqa-pilot500/paligemma-3b;evqa-pilot500/qwen2.5-vl-3b;evqa-pilot500/smolvlm-1.7b;mmke-entity/blip2-opt-2.7b;mmke-entity/instructblip-vicuna-7b;mmke-entity/minigpt-4-vicuna-7b;mmke-entity/paligemma-3b;mmke-entity/qwen2.5-vl-3b;mmke-entity/smolvlm-1.7b;mmke-visual/blip2-opt-2.7b;mmke-visual/instructblip-vicuna-7b;mmke-visual/minigpt-4-vicuna-7b;mmke-visual/paligemma-3b;mmke-visual/qwen2.5-vl-3b;mmke-visual/smolvlm-1.7b
recorded,rrf_w1_t0,M_abscos_x_newn,3,17,True,17,74.40564705882353,74.05482352941176,0.35082352941176465,71.49274509803922,0.057921568627449876,1,15,1,1,0,0.0,-0.20000000000000284,6.1640000000000015,0.4117647058823529,evqa-pilot500/blip2-opt-2.7b;evqa-pilot500/minigpt-4-vicuna-7b;evqa-pilot500/paligemma-3b;evqa-pilot500/qwen2.5-vl-3b;evqa-pilot500/smolvlm-1.7b;mmke-entity/blip2-opt-2.7b;mmke-entity/instructblip-vicuna-7b;mmke-entity/minigpt-4-vicuna-7b;mmke-entity/paligemma-3b;mmke-entity/qwen2.5-vl-3b;mmke-entity/smolvlm-1.7b;mmke-visual/blip2-opt-2.7b;mmke-visual/instructblip-vicuna-7b;mmke-visual/minigpt-4-vicuna-7b;mmke-visual/paligemma-3b;mmke-visual/qwen2.5-vl-3b;mmke-visual/smolvlm-1.7b
recorded,rrf_w1_t0,M_new_norm,1,17,True,17,71.84835294117647,71.77435294117647,0.07399999999999973,71.84835294117647,0.07399999999999973,2,15,0,1,0,0.0,0.0,0.769999999999996,0.17647058823529413,evqa-pilot500/blip2-opt-2.7b;evqa-pilot500/minigpt-4-vicuna-7b;evqa-pilot500/paligemma-3b;evqa-pilot500/qwen2.5-vl-3b;evqa-pilot500/smolvlm-1.7b;mmke-entity/blip2-opt-2.7b;mmke-entity/instructblip-vicuna-7b;mmke-entity/minigpt-4-vicuna-7b;mmke-entity/paligemma-3b;mmke-entity/qwen2.5-vl-3b;mmke-entity/smolvlm-1.7b;mmke-visual/blip2-opt-2.7b;mmke-visual/instructblip-vicuna-7b;mmke-visual/minigpt-4-vicuna-7b;mmke-visual/paligemma-3b;mmke-visual/qwen2.5-vl-3b;mmke-visual/smolvlm-1.7b
recorded,rrf_w1_t0,M_new_norm,3,17,True,17,74.40564705882353,74.29352941176471,0.1121176470588243,71.49274509803922,0.00058823529411753,3,14,0,2,0,0.0,0.0,0.8500000000000014,0.4117647058823529,evqa-pilot500/blip2-opt-2.7b;evqa-pilot500/minigpt-4-vicuna-7b;evqa-pilot500/paligemma-3b;evqa-pilot500/qwen2.5-vl-3b;evqa-pilot500/smolvlm-1.7b;mmke-entity/blip2-opt-2.7b;mmke-entity/instructblip-vicuna-7b;mmke-entity/minigpt-4-vicuna-7b;mmke-entity/paligemma-3b;mmke-entity/qwen2.5-vl-3b;mmke-entity/smolvlm-1.7b;mmke-visual/blip2-opt-2.7b;mmke-visual/instructblip-vicuna-7b;mmke-visual/minigpt-4-vicuna-7b;mmke-visual/paligemma-3b;mmke-visual/qwen2.5-vl-3b;mmke-visual/smolvlm-1.7b
recorded,rrf_w1_t1,M_abscos_x_newn,1,17,True,17,71.84835294117647,71.97388235294117,-0.12552941176470633,71.84835294117647,-0.12552941176470633,1,14,2,0,2,0.0,-1.730000000000004,0.44599999999999795,0.17647058823529413,evqa-pilot500/blip2-opt-2.7b;evqa-pilot500/minigpt-4-vicuna-7b;evqa-pilot500/paligemma-3b;evqa-pilot500/qwen2.5-vl-3b;evqa-pilot500/smolvlm-1.7b;mmke-entity/blip2-opt-2.7b;mmke-entity/instructblip-vicuna-7b;mmke-entity/minigpt-4-vicuna-7b;mmke-entity/paligemma-3b;mmke-entity/qwen2.5-vl-3b;mmke-entity/smolvlm-1.7b;mmke-visual/blip2-opt-2.7b;mmke-visual/instructblip-vicuna-7b;mmke-visual/minigpt-4-vicuna-7b;mmke-visual/paligemma-3b;mmke-visual/qwen2.5-vl-3b;mmke-visual/smolvlm-1.7b
recorded,rrf_w1_t1,M_abscos_x_newn,3,17,True,17,74.40564705882353,74.05482352941176,0.35082352941176465,71.49274509803922,0.057921568627449876,1,15,1,1,0,0.0,-0.20000000000000284,6.1640000000000015,0.4117647058823529,evqa-pilot500/blip2-opt-2.7b;evqa-pilot500/minigpt-4-vicuna-7b;evqa-pilot500/paligemma-3b;evqa-pilot500/qwen2.5-vl-3b;evqa-pilot500/smolvlm-1.7b;mmke-entity/blip2-opt-2.7b;mmke-entity/instructblip-vicuna-7b;mmke-entity/minigpt-4-vicuna-7b;mmke-entity/paligemma-3b;mmke-entity/qwen2.5-vl-3b;mmke-entity/smolvlm-1.7b;mmke-visual/blip2-opt-2.7b;mmke-visual/instructblip-vicuna-7b;mmke-visual/minigpt-4-vicuna-7b;mmke-visual/paligemma-3b;mmke-visual/qwen2.5-vl-3b;mmke-visual/smolvlm-1.7b
recorded,rrf_w1_t1,M_new_norm,1,17,True,17,71.84835294117647,71.77435294117647,0.07399999999999973,71.84835294117647,0.07399999999999973,2,15,0,1,0,0.0,0.0,0.769999999999996,0.17647058823529413,evqa-pilot500/blip2-opt-2.7b;evqa-pilot500/minigpt-4-vicuna-7b;evqa-pilot500/paligemma-3b;evqa-pilot500/qwen2.5-vl-3b;evqa-pilot500/smolvlm-1.7b;mmke-entity/blip2-opt-2.7b;mmke-entity/instructblip-vicuna-7b;mmke-entity/minigpt-4-vicuna-7b;mmke-entity/paligemma-3b;mmke-entity/qwen2.5-vl-3b;mmke-entity/smolvlm-1.7b;mmke-visual/blip2-opt-2.7b;mmke-visual/instructblip-vicuna-7b;mmke-visual/minigpt-4-vicuna-7b;mmke-visual/paligemma-3b;mmke-visual/qwen2.5-vl-3b;mmke-visual/smolvlm-1.7b
recorded,rrf_w1_t1,M_new_norm,3,17,True,17,74.40564705882353,74.29352941176471,0.1121176470588243,71.49274509803922,0.00058823529411753,3,14,0,2,0,0.0,0.0,0.8500000000000014,0.4117647058823529,evqa-pilot500/blip2-opt-2.7b;evqa-pilot500/minigpt-4-vicuna-7b;evqa-pilot500/paligemma-3b;evqa-pilot500/qwen2.5-vl-3b;evqa-pilot500/smolvlm-1.7b;mmke-entity/blip2-opt-2.7b;mmke-entity/instructblip-vicuna-7b;mmke-entity/minigpt-4-vicuna-7b;mmke-entity/paligemma-3b;mmke-entity/qwen2.5-vl-3b;mmke-entity/smolvlm-1.7b;mmke-visual/blip2-opt-2.7b;mmke-visual/instructblip-vicuna-7b;mmke-visual/minigpt-4-vicuna-7b;mmke-visual/paligemma-3b;mmke-visual/qwen2.5-vl-3b;mmke-visual/smolvlm-1.7b
recorded,rrf_w1_t5,M_abscos_x_newn,1,17,True,17,71.84835294117647,71.97388235294117,-0.12552941176470633,71.84835294117647,-0.12552941176470633,1,14,2,0,2,0.0,-1.730000000000004,0.44599999999999795,0.17647058823529413,evqa-pilot500/blip2-opt-2.7b;evqa-pilot500/minigpt-4-vicuna-7b;evqa-pilot500/paligemma-3b;evqa-pilot500/qwen2.5-vl-3b;evqa-pilot500/smolvlm-1.7b;mmke-entity/blip2-opt-2.7b;mmke-entity/instructblip-vicuna-7b;mmke-entity/minigpt-4-vicuna-7b;mmke-entity/paligemma-3b;mmke-entity/qwen2.5-vl-3b;mmke-entity/smolvlm-1.7b;mmke-visual/blip2-opt-2.7b;mmke-visual/instructblip-vicuna-7b;mmke-visual/minigpt-4-vicuna-7b;mmke-visual/paligemma-3b;mmke-visual/qwen2.5-vl-3b;mmke-visual/smolvlm-1.7b
recorded,rrf_w1_t5,M_abscos_x_newn,3,17,True,17,74.40564705882353,74.05482352941176,0.35082352941176465,71.49274509803922,0.057921568627449876,1,15,1,1,0,0.0,-0.20000000000000284,6.1640000000000015,0.4117647058823529,evqa-pilot500/blip2-opt-2.7b;evqa-pilot500/minigpt-4-vicuna-7b;evqa-pilot500/paligemma-3b;evqa-pilot500/qwen2.5-vl-3b;evqa-pilot500/smolvlm-1.7b;mmke-entity/blip2-opt-2.7b;mmke-entity/instructblip-vicuna-7b;mmke-entity/minigpt-4-vicuna-7b;mmke-entity/paligemma-3b;mmke-entity/qwen2.5-vl-3b;mmke-entity/smolvlm-1.7b;mmke-visual/blip2-opt-2.7b;mmke-visual/instructblip-vicuna-7b;mmke-visual/minigpt-4-vicuna-7b;mmke-visual/paligemma-3b;mmke-visual/qwen2.5-vl-3b;mmke-visual/smolvlm-1.7b
recorded,rrf_w1_t5,M_new_norm,1,17,True,17,71.84835294117647,71.77435294117647,0.07399999999999973,71.84835294117647,0.07399999999999973,2,15,0,1,0,0.0,0.0,0.769999999999996,0.17647058823529413,evqa-pilot500/blip2-opt-2.7b;evqa-pilot500/minigpt-4-vicuna-7b;evqa-pilot500/paligemma-3b;evqa-pilot500/qwen2.5-vl-3b;evqa-pilot500/smolvlm-1.7b;mmke-entity/blip2-opt-2.7b;mmke-entity/instructblip-vicuna-7b;mmke-entity/minigpt-4-vicuna-7b;mmke-entity/paligemma-3b;mmke-entity/qwen2.5-vl-3b;mmke-entity/smolvlm-1.7b;mmke-visual/blip2-opt-2.7b;mmke-visual/instructblip-vicuna-7b;mmke-visual/minigpt-4-vicuna-7b;mmke-visual/paligemma-3b;mmke-visual/qwen2.5-vl-3b;mmke-visual/smolvlm-1.7b
recorded,rrf_w1_t5,M_new_norm,3,17,True,17,74.40564705882353,74.29352941176471,0.1121176470588243,71.49274509803922,0.00058823529411753,3,14,0,2,0,0.0,0.0,0.8500000000000014,0.4117647058823529,evqa-pilot500/blip2-opt-2.7b;evqa-pilot500/minigpt-4-vicuna-7b;evqa-pilot500/paligemma-3b;evqa-pilot500/qwen2.5-vl-3b;evqa-pilot500/smolvlm-1.7b;mmke-entity/blip2-opt-2.7b;mmke-entity/instructblip-vicuna-7b;mmke-entity/minigpt-4-vicuna-7b;mmke-entity/paligemma-3b;mmke-entity/qwen2.5-vl-3b;mmke-entity/smolvlm-1.7b;mmke-visual/blip2-opt-2.7b;mmke-visual/instructblip-vicuna-7b;mmke-visual/minigpt-4-vicuna-7b;mmke-visual/paligemma-3b;mmke-visual/qwen2.5-vl-3b;mmke-visual/smolvlm-1.7b
recorded,rrf_w2_t0,M_abscos_x_newn,1,17,True,17,71.97388235294117,71.97388235294117,0.0,71.97388235294117,0.0,0,17,0,0,0,0.0,0.0,0.0,0.23529411764705882,evqa-pilot500/blip2-opt-2.7b;evqa-pilot500/minigpt-4-vicuna-7b;evqa-pilot500/paligemma-3b;evqa-pilot500/qwen2.5-vl-3b;evqa-pilot500/smolvlm-1.7b;mmke-entity/blip2-opt-2.7b;mmke-entity/instructblip-vicuna-7b;mmke-entity/minigpt-4-vicuna-7b;mmke-entity/paligemma-3b;mmke-entity/qwen2.5-vl-3b;mmke-entity/smolvlm-1.7b;mmke-visual/blip2-opt-2.7b;mmke-visual/instructblip-vicuna-7b;mmke-visual/minigpt-4-vicuna-7b;mmke-visual/paligemma-3b;mmke-visual/qwen2.5-vl-3b;mmke-visual/smolvlm-1.7b
recorded,rrf_w2_t0,M_abscos_x_newn,3,17,True,17,73.72658823529412,74.05482352941176,-0.32823529411764696,71.2775294117647,-0.15729411764705964,0,15,2,0,1,0.0,-5.3799999999999955,0.0,0.4117647058823529,evqa-pilot500/blip2-opt-2.7b;evqa-pilot500/minigpt-4-vicuna-7b;evqa-pilot500/paligemma-3b;evqa-pilot500/qwen2.5-vl-3b;evqa-pilot500/smolvlm-1.7b;mmke-entity/blip2-opt-2.7b;mmke-entity/instructblip-vicuna-7b;mmke-entity/minigpt-4-vicuna-7b;mmke-entity/paligemma-3b;mmke-entity/qwen2.5-vl-3b;mmke-entity/smolvlm-1.7b;mmke-visual/blip2-opt-2.7b;mmke-visual/instructblip-vicuna-7b;mmke-visual/minigpt-4-vicuna-7b;mmke-visual/paligemma-3b;mmke-visual/qwen2.5-vl-3b;mmke-visual/smolvlm-1.7b
recorded,rrf_w2_t0,M_new_norm,1,17,True,17,71.97388235294117,71.77435294117647,0.19952941176470607,71.97388235294117,0.19952941176470607,4,12,1,3,0,0.0,-0.44599999999999795,1.730000000000004,0.23529411764705882,evqa-pilot500/blip2-opt-2.7b;evqa-pilot500/minigpt-4-vicuna-7b;evqa-pilot500/paligemma-3b;evqa-pilot500/qwen2.5-vl-3b;evqa-pilot500/smolvlm-1.7b;mmke-entity/blip2-opt-2.7b;mmke-entity/instructblip-vicuna-7b;mmke-entity/minigpt-4-vicuna-7b;mmke-entity/paligemma-3b;mmke-entity/qwen2.5-vl-3b;mmke-entity/smolvlm-1.7b;mmke-visual/blip2-opt-2.7b;mmke-visual/instructblip-vicuna-7b;mmke-visual/minigpt-4-vicuna-7b;mmke-visual/paligemma-3b;mmke-visual/qwen2.5-vl-3b;mmke-visual/smolvlm-1.7b
recorded,rrf_w2_t0,M_new_norm,3,17,True,17,73.72658823529412,74.29352941176471,-0.5669411764705873,71.2775294117647,-0.214627450980392,3,13,1,2,1,0.0,-11.543999999999997,0.8500000000000014,0.4117647058823529,evqa-pilot500/blip2-opt-2.7b;evqa-pilot500/minigpt-4-vicuna-7b;evqa-pilot500/paligemma-3b;evqa-pilot500/qwen2.5-vl-3b;evqa-pilot500/smolvlm-1.7b;mmke-entity/blip2-opt-2.7b;mmke-entity/instructblip-vicuna-7b;mmke-entity/minigpt-4-vicuna-7b;mmke-entity/paligemma-3b;mmke-entity/qwen2.5-vl-3b;mmke-entity/smolvlm-1.7b;mmke-visual/blip2-opt-2.7b;mmke-visual/instructblip-vicuna-7b;mmke-visual/minigpt-4-vicuna-7b;mmke-visual/paligemma-3b;mmke-visual/qwen2.5-vl-3b;mmke-visual/smolvlm-1.7b
recorded,rrf_w2_t1,M_abscos_x_newn,1,17,True,17,71.97388235294117,71.97388235294117,0.0,71.97388235294117,0.0,0,17,0,0,0,0.0,0.0,0.0,0.23529411764705882,evqa-pilot500/blip2-opt-2.7b;evqa-pilot500/minigpt-4-vicuna-7b;evqa-pilot500/paligemma-3b;evqa-pilot500/qwen2.5-vl-3b;evqa-pilot500/smolvlm-1.7b;mmke-entity/blip2-opt-2.7b;mmke-entity/instructblip-vicuna-7b;mmke-entity/minigpt-4-vicuna-7b;mmke-entity/paligemma-3b;mmke-entity/qwen2.5-vl-3b;mmke-entity/smolvlm-1.7b;mmke-visual/blip2-opt-2.7b;mmke-visual/instructblip-vicuna-7b;mmke-visual/minigpt-4-vicuna-7b;mmke-visual/paligemma-3b;mmke-visual/qwen2.5-vl-3b;mmke-visual/smolvlm-1.7b
recorded,rrf_w2_t1,M_abscos_x_newn,3,17,True,17,73.73835294117647,74.05482352941176,-0.31647058823529384,71.29749019607843,-0.13733333333333356,0,16,1,0,1,0.0,-5.3799999999999955,0.0,0.4117647058823529,evqa-pilot500/blip2-opt-2.7b;evqa-pilot500/minigpt-4-vicuna-7b;evqa-pilot500/paligemma-3b;evqa-pilot500/qwen2.5-vl-3b;evqa-pilot500/smolvlm-1.7b;mmke-entity/blip2-opt-2.7b;mmke-entity/instructblip-vicuna-7b;mmke-entity/minigpt-4-vicuna-7b;mmke-entity/paligemma-3b;mmke-entity/qwen2.5-vl-3b;mmke-entity/smolvlm-1.7b;mmke-visual/blip2-opt-2.7b;mmke-visual/instructblip-vicuna-7b;mmke-visual/minigpt-4-vicuna-7b;mmke-visual/paligemma-3b;mmke-visual/qwen2.5-vl-3b;mmke-visual/smolvlm-1.7b
recorded,rrf_w2_t1,M_new_norm,1,17,True,17,71.97388235294117,71.77435294117647,0.19952941176470607,71.97388235294117,0.19952941176470607,4,12,1,3,0,0.0,-0.44599999999999795,1.730000000000004,0.23529411764705882,evqa-pilot500/blip2-opt-2.7b;evqa-pilot500/minigpt-4-vicuna-7b;evqa-pilot500/paligemma-3b;evqa-pilot500/qwen2.5-vl-3b;evqa-pilot500/smolvlm-1.7b;mmke-entity/blip2-opt-2.7b;mmke-entity/instructblip-vicuna-7b;mmke-entity/minigpt-4-vicuna-7b;mmke-entity/paligemma-3b;mmke-entity/qwen2.5-vl-3b;mmke-entity/smolvlm-1.7b;mmke-visual/blip2-opt-2.7b;mmke-visual/instructblip-vicuna-7b;mmke-visual/minigpt-4-vicuna-7b;mmke-visual/paligemma-3b;mmke-visual/qwen2.5-vl-3b;mmke-visual/smolvlm-1.7b
recorded,rrf_w2_t1,M_new_norm,3,17,True,17,73.73835294117647,74.29352941176471,-0.5551764705882342,71.29749019607843,-0.1946666666666659,3,13,1,2,1,0.0,-11.543999999999997,0.8500000000000014,0.4117647058823529,evqa-pilot500/blip2-opt-2.7b;evqa-pilot500/minigpt-4-vicuna-7b;evqa-pilot500/paligemma-3b;evqa-pilot500/qwen2.5-vl-3b;evqa-pilot500/smolvlm-1.7b;mmke-entity/blip2-opt-2.7b;mmke-entity/instructblip-vicuna-7b;mmke-entity/minigpt-4-vicuna-7b;mmke-entity/paligemma-3b;mmke-entity/qwen2.5-vl-3b;mmke-entity/smolvlm-1.7b;mmke-visual/blip2-opt-2.7b;mmke-visual/instructblip-vicuna-7b;mmke-visual/minigpt-4-vicuna-7b;mmke-visual/paligemma-3b;mmke-visual/qwen2.5-vl-3b;mmke-visual/smolvlm-1.7b
recorded,rrf_w2_t5,M_abscos_x_newn,1,17,True,17,71.97388235294117,71.97388235294117,0.0,71.97388235294117,0.0,0,17,0,0,0,0.0,0.0,0.0,0.23529411764705882,evqa-pilot500/blip2-opt-2.7b;evqa-pilot500/minigpt-4-vicuna-7b;evqa-pilot500/paligemma-3b;evqa-pilot500/qwen2.5-vl-3b;evqa-pilot500/smolvlm-1.7b;mmke-entity/blip2-opt-2.7b;mmke-entity/instructblip-vicuna-7b;mmke-entity/minigpt-4-vicuna-7b;mmke-entity/paligemma-3b;mmke-entity/qwen2.5-vl-3b;mmke-entity/smolvlm-1.7b;mmke-visual/blip2-opt-2.7b;mmke-visual/instructblip-vicuna-7b;mmke-visual/minigpt-4-vicuna-7b;mmke-visual/paligemma-3b;mmke-visual/qwen2.5-vl-3b;mmke-visual/smolvlm-1.7b
recorded,rrf_w2_t5,M_abscos_x_newn,3,17,True,17,74.05482352941176,74.05482352941176,0.0,71.43482352941177,0.0,0,17,0,0,0,0.0,0.0,0.0,0.4117647058823529,evqa-pilot500/blip2-opt-2.7b;evqa-pilot500/minigpt-4-vicuna-7b;evqa-pilot500/paligemma-3b;evqa-pilot500/qwen2.5-vl-3b;evqa-pilot500/smolvlm-1.7b;mmke-entity/blip2-opt-2.7b;mmke-entity/instructblip-vicuna-7b;mmke-entity/minigpt-4-vicuna-7b;mmke-entity/paligemma-3b;mmke-entity/qwen2.5-vl-3b;mmke-entity/smolvlm-1.7b;mmke-visual/blip2-opt-2.7b;mmke-visual/instructblip-vicuna-7b;mmke-visual/minigpt-4-vicuna-7b;mmke-visual/paligemma-3b;mmke-visual/qwen2.5-vl-3b;mmke-visual/smolvlm-1.7b
recorded,rrf_w2_t5,M_new_norm,1,17,True,17,71.97388235294117,71.77435294117647,0.19952941176470607,71.97388235294117,0.19952941176470607,4,12,1,3,0,0.0,-0.44599999999999795,1.730000000000004,0.23529411764705882,evqa-pilot500/blip2-opt-2.7b;evqa-pilot500/minigpt-4-vicuna-7b;evqa-pilot500/paligemma-3b;evqa-pilot500/qwen2.5-vl-3b;evqa-pilot500/smolvlm-1.7b;mmke-entity/blip2-opt-2.7b;mmke-entity/instructblip-vicuna-7b;mmke-entity/minigpt-4-vicuna-7b;mmke-entity/paligemma-3b;mmke-entity/qwen2.5-vl-3b;mmke-entity/smolvlm-1.7b;mmke-visual/blip2-opt-2.7b;mmke-visual/instructblip-vicuna-7b;mmke-visual/minigpt-4-vicuna-7b;mmke-visual/paligemma-3b;mmke-visual/qwen2.5-vl-3b;mmke-visual/smolvlm-1.7b
recorded,rrf_w2_t5,M_new_norm,3,17,True,17,74.05482352941176,74.29352941176471,-0.23870588235294032,71.43482352941177,-0.05733333333333235,3,13,1,2,1,0.0,-6.1640000000000015,0.8500000000000014,0.4117647058823529,evqa-pilot500/blip2-opt-2.7b;evqa-pilot500/minigpt-4-vicuna-7b;evqa-pilot500/paligemma-3b;evqa-pilot500/qwen2.5-vl-3b;evqa-pilot500/smolvlm-1.7b;mmke-entity/blip2-opt-2.7b;mmke-entity/instructblip-vicuna-7b;mmke-entity/minigpt-4-vicuna-7b;mmke-entity/paligemma-3b;mmke-entity/qwen2.5-vl-3b;mmke-entity/smolvlm-1.7b;mmke-visual/blip2-opt-2.7b;mmke-visual/instructblip-vicuna-7b;mmke-visual/minigpt-4-vicuna-7b;mmke-visual/paligemma-3b;mmke-visual/qwen2.5-vl-3b;mmke-visual/smolvlm-1.7b
recorded,rrf_w4_t0,M_abscos_x_newn,1,17,True,17,71.97388235294117,71.97388235294117,0.0,71.97388235294117,0.0,0,17,0,0,0,0.0,0.0,0.0,0.23529411764705882,evqa-pilot500/blip2-opt-2.7b;evqa-pilot500/minigpt-4-vicuna-7b;evqa-pilot500/paligemma-3b;evqa-pilot500/qwen2.5-vl-3b;evqa-pilot500/smolvlm-1.7b;mmke-entity/blip2-opt-2.7b;mmke-entity/instructblip-vicuna-7b;mmke-entity/minigpt-4-vicuna-7b;mmke-entity/paligemma-3b;mmke-entity/qwen2.5-vl-3b;mmke-entity/smolvlm-1.7b;mmke-visual/blip2-opt-2.7b;mmke-visual/instructblip-vicuna-7b;mmke-visual/minigpt-4-vicuna-7b;mmke-visual/paligemma-3b;mmke-visual/qwen2.5-vl-3b;mmke-visual/smolvlm-1.7b
recorded,rrf_w4_t0,M_abscos_x_newn,3,17,True,17,74.05482352941176,74.05482352941176,0.0,71.43482352941177,0.0,0,17,0,0,0,0.0,0.0,0.0,0.4117647058823529,evqa-pilot500/blip2-opt-2.7b;evqa-pilot500/minigpt-4-vicuna-7b;evqa-pilot500/paligemma-3b;evqa-pilot500/qwen2.5-vl-3b;evqa-pilot500/smolvlm-1.7b;mmke-entity/blip2-opt-2.7b;mmke-entity/instructblip-vicuna-7b;mmke-entity/minigpt-4-vicuna-7b;mmke-entity/paligemma-3b;mmke-entity/qwen2.5-vl-3b;mmke-entity/smolvlm-1.7b;mmke-visual/blip2-opt-2.7b;mmke-visual/instructblip-vicuna-7b;mmke-visual/minigpt-4-vicuna-7b;mmke-visual/paligemma-3b;mmke-visual/qwen2.5-vl-3b;mmke-visual/smolvlm-1.7b
recorded,rrf_w4_t0,M_new_norm,1,17,True,17,71.97388235294117,71.77435294117647,0.19952941176470607,71.97388235294117,0.19952941176470607,4,12,1,3,0,0.0,-0.44599999999999795,1.730000000000004,0.23529411764705882,evqa-pilot500/blip2-opt-2.7b;evqa-pilot500/minigpt-4-vicuna-7b;evqa-pilot500/paligemma-3b;evqa-pilot500/qwen2.5-vl-3b;evqa-pilot500/smolvlm-1.7b;mmke-entity/blip2-opt-2.7b;mmke-entity/instructblip-vicuna-7b;mmke-entity/minigpt-4-vicuna-7b;mmke-entity/paligemma-3b;mmke-entity/qwen2.5-vl-3b;mmke-entity/smolvlm-1.7b;mmke-visual/blip2-opt-2.7b;mmke-visual/instructblip-vicuna-7b;mmke-visual/minigpt-4-vicuna-7b;mmke-visual/paligemma-3b;mmke-visual/qwen2.5-vl-3b;mmke-visual/smolvlm-1.7b
recorded,rrf_w4_t0,M_new_norm,3,17,True,17,74.05482352941176,74.29352941176471,-0.23870588235294032,71.43482352941177,-0.05733333333333235,3,13,1,2,1,0.0,-6.1640000000000015,0.8500000000000014,0.4117647058823529,evqa-pilot500/blip2-opt-2.7b;evqa-pilot500/minigpt-4-vicuna-7b;evqa-pilot500/paligemma-3b;evqa-pilot500/qwen2.5-vl-3b;evqa-pilot500/smolvlm-1.7b;mmke-entity/blip2-opt-2.7b;mmke-entity/instructblip-vicuna-7b;mmke-entity/minigpt-4-vicuna-7b;mmke-entity/paligemma-3b;mmke-entity/qwen2.5-vl-3b;mmke-entity/smolvlm-1.7b;mmke-visual/blip2-opt-2.7b;mmke-visual/instructblip-vicuna-7b;mmke-visual/minigpt-4-vicuna-7b;mmke-visual/paligemma-3b;mmke-visual/qwen2.5-vl-3b;mmke-visual/smolvlm-1.7b
recorded,rrf_w4_t1,M_abscos_x_newn,1,17,True,17,71.97388235294117,71.97388235294117,0.0,71.97388235294117,0.0,0,17,0,0,0,0.0,0.0,0.0,0.23529411764705882,evqa-pilot500/blip2-opt-2.7b;evqa-pilot500/minigpt-4-vicuna-7b;evqa-pilot500/paligemma-3b;evqa-pilot500/qwen2.5-vl-3b;evqa-pilot500/smolvlm-1.7b;mmke-entity/blip2-opt-2.7b;mmke-entity/instructblip-vicuna-7b;mmke-entity/minigpt-4-vicuna-7b;mmke-entity/paligemma-3b;mmke-entity/qwen2.5-vl-3b;mmke-entity/smolvlm-1.7b;mmke-visual/blip2-opt-2.7b;mmke-visual/instructblip-vicuna-7b;mmke-visual/minigpt-4-vicuna-7b;mmke-visual/paligemma-3b;mmke-visual/qwen2.5-vl-3b;mmke-visual/smolvlm-1.7b
recorded,rrf_w4_t1,M_abscos_x_newn,3,17,True,17,74.05482352941176,74.05482352941176,0.0,71.43482352941177,0.0,0,17,0,0,0,0.0,0.0,0.0,0.4117647058823529,evqa-pilot500/blip2-opt-2.7b;evqa-pilot500/minigpt-4-vicuna-7b;evqa-pilot500/paligemma-3b;evqa-pilot500/qwen2.5-vl-3b;evqa-pilot500/smolvlm-1.7b;mmke-entity/blip2-opt-2.7b;mmke-entity/instructblip-vicuna-7b;mmke-entity/minigpt-4-vicuna-7b;mmke-entity/paligemma-3b;mmke-entity/qwen2.5-vl-3b;mmke-entity/smolvlm-1.7b;mmke-visual/blip2-opt-2.7b;mmke-visual/instructblip-vicuna-7b;mmke-visual/minigpt-4-vicuna-7b;mmke-visual/paligemma-3b;mmke-visual/qwen2.5-vl-3b;mmke-visual/smolvlm-1.7b
recorded,rrf_w4_t1,M_new_norm,1,17,True,17,71.97388235294117,71.77435294117647,0.19952941176470607,71.97388235294117,0.19952941176470607,4,12,1,3,0,0.0,-0.44599999999999795,1.730000000000004,0.23529411764705882,evqa-pilot500/blip2-opt-2.7b;evqa-pilot500/minigpt-4-vicuna-7b;evqa-pilot500/paligemma-3b;evqa-pilot500/qwen2.5-vl-3b;evqa-pilot500/smolvlm-1.7b;mmke-entity/blip2-opt-2.7b;mmke-entity/instructblip-vicuna-7b;mmke-entity/minigpt-4-vicuna-7b;mmke-entity/paligemma-3b;mmke-entity/qwen2.5-vl-3b;mmke-entity/smolvlm-1.7b;mmke-visual/blip2-opt-2.7b;mmke-visual/instructblip-vicuna-7b;mmke-visual/minigpt-4-vicuna-7b;mmke-visual/paligemma-3b;mmke-visual/qwen2.5-vl-3b;mmke-visual/smolvlm-1.7b
recorded,rrf_w4_t1,M_new_norm,3,17,True,17,74.05482352941176,74.29352941176471,-0.23870588235294032,71.43482352941177,-0.05733333333333235,3,13,1,2,1,0.0,-6.1640000000000015,0.8500000000000014,0.4117647058823529,evqa-pilot500/blip2-opt-2.7b;evqa-pilot500/minigpt-4-vicuna-7b;evqa-pilot500/paligemma-3b;evqa-pilot500/qwen2.5-vl-3b;evqa-pilot500/smolvlm-1.7b;mmke-entity/blip2-opt-2.7b;mmke-entity/instructblip-vicuna-7b;mmke-entity/minigpt-4-vicuna-7b;mmke-entity/paligemma-3b;mmke-entity/qwen2.5-vl-3b;mmke-entity/smolvlm-1.7b;mmke-visual/blip2-opt-2.7b;mmke-visual/instructblip-vicuna-7b;mmke-visual/minigpt-4-vicuna-7b;mmke-visual/paligemma-3b;mmke-visual/qwen2.5-vl-3b;mmke-visual/smolvlm-1.7b
recorded,rrf_w4_t5,M_abscos_x_newn,1,17,True,17,71.97388235294117,71.97388235294117,0.0,71.97388235294117,0.0,0,17,0,0,0,0.0,0.0,0.0,0.23529411764705882,evqa-pilot500/blip2-opt-2.7b;evqa-pilot500/minigpt-4-vicuna-7b;evqa-pilot500/paligemma-3b;evqa-pilot500/qwen2.5-vl-3b;evqa-pilot500/smolvlm-1.7b;mmke-entity/blip2-opt-2.7b;mmke-entity/instructblip-vicuna-7b;mmke-entity/minigpt-4-vicuna-7b;mmke-entity/paligemma-3b;mmke-entity/qwen2.5-vl-3b;mmke-entity/smolvlm-1.7b;mmke-visual/blip2-opt-2.7b;mmke-visual/instructblip-vicuna-7b;mmke-visual/minigpt-4-vicuna-7b;mmke-visual/paligemma-3b;mmke-visual/qwen2.5-vl-3b;mmke-visual/smolvlm-1.7b
recorded,rrf_w4_t5,M_abscos_x_newn,3,17,True,17,74.05482352941176,74.05482352941176,0.0,71.43482352941177,0.0,0,17,0,0,0,0.0,0.0,0.0,0.4117647058823529,evqa-pilot500/blip2-opt-2.7b;evqa-pilot500/minigpt-4-vicuna-7b;evqa-pilot500/paligemma-3b;evqa-pilot500/qwen2.5-vl-3b;evqa-pilot500/smolvlm-1.7b;mmke-entity/blip2-opt-2.7b;mmke-entity/instructblip-vicuna-7b;mmke-entity/minigpt-4-vicuna-7b;mmke-entity/paligemma-3b;mmke-entity/qwen2.5-vl-3b;mmke-entity/smolvlm-1.7b;mmke-visual/blip2-opt-2.7b;mmke-visual/instructblip-vicuna-7b;mmke-visual/minigpt-4-vicuna-7b;mmke-visual/paligemma-3b;mmke-visual/qwen2.5-vl-3b;mmke-visual/smolvlm-1.7b
recorded,rrf_w4_t5,M_new_norm,1,17,True,17,71.97388235294117,71.77435294117647,0.19952941176470607,71.97388235294117,0.19952941176470607,4,12,1,3,0,0.0,-0.44599999999999795,1.730000000000004,0.23529411764705882,evqa-pilot500/blip2-opt-2.7b;evqa-pilot500/minigpt-4-vicuna-7b;evqa-pilot500/paligemma-3b;evqa-pilot500/qwen2.5-vl-3b;evqa-pilot500/smolvlm-1.7b;mmke-entity/blip2-opt-2.7b;mmke-entity/instructblip-vicuna-7b;mmke-entity/minigpt-4-vicuna-7b;mmke-entity/paligemma-3b;mmke-entity/qwen2.5-vl-3b;mmke-entity/smolvlm-1.7b;mmke-visual/blip2-opt-2.7b;mmke-visual/instructblip-vicuna-7b;mmke-visual/minigpt-4-vicuna-7b;mmke-visual/paligemma-3b;mmke-visual/qwen2.5-vl-3b;mmke-visual/smolvlm-1.7b
recorded,rrf_w4_t5,M_new_norm,3,17,True,17,74.05482352941176,74.29352941176471,-0.23870588235294032,71.43482352941177,-0.05733333333333235,3,13,1,2,1,0.0,-6.1640000000000015,0.8500000000000014,0.4117647058823529,evqa-pilot500/blip2-opt-2.7b;evqa-pilot500/minigpt-4-vicuna-7b;evqa-pilot500/paligemma-3b;evqa-pilot500/qwen2.5-vl-3b;evqa-pilot500/smolvlm-1.7b;mmke-entity/blip2-opt-2.7b;mmke-entity/instructblip-vicuna-7b;mmke-entity/minigpt-4-vicuna-7b;mmke-entity/paligemma-3b;mmke-entity/qwen2.5-vl-3b;mmke-entity/smolvlm-1.7b;mmke-visual/blip2-opt-2.7b;mmke-visual/instructblip-vicuna-7b;mmke-visual/minigpt-4-vicuna-7b;mmke-visual/paligemma-3b;mmke-visual/qwen2.5-vl-3b;mmke-visual/smolvlm-1.7b
recorded,rank_max_w0.5,M_abscos_x_newn,1,17,True,17,71.77435294117647,71.97388235294117,-0.19952941176470607,71.77435294117647,-0.19952941176470607,1,12,4,0,3,0.0,-1.730000000000004,0.44599999999999795,0.17647058823529413,evqa-pilot500/blip2-opt-2.7b;evqa-pilot500/minigpt-4-vicuna-7b;evqa-pilot500/paligemma-3b;evqa-pilot500/qwen2.5-vl-3b;evqa-pilot500/smolvlm-1.7b;mmke-entity/blip2-opt-2.7b;mmke-entity/instructblip-vicuna-7b;mmke-entity/minigpt-4-vicuna-7b;mmke-entity/paligemma-3b;mmke-entity/qwen2.5-vl-3b;mmke-entity/smolvlm-1.7b;mmke-visual/blip2-opt-2.7b;mmke-visual/instructblip-vicuna-7b;mmke-visual/minigpt-4-vicuna-7b;mmke-visual/paligemma-3b;mmke-visual/qwen2.5-vl-3b;mmke-visual/smolvlm-1.7b
recorded,rank_max_w0.5,M_abscos_x_newn,3,17,True,17,74.39011764705883,74.05482352941176,0.33529411764705813,71.45972549019608,0.02490196078431323,1,14,2,1,0,0.0,-0.24800000000000466,6.1640000000000015,0.4117647058823529,evqa-pilot500/blip2-opt-2.7b;evqa-pilot500/minigpt-4-vicuna-7b;evqa-pilot500/paligemma-3b;evqa-pilot500/qwen2.5-vl-3b;evqa-pilot500/smolvlm-1.7b;mmke-entity/blip2-opt-2.7b;mmke-entity/instructblip-vicuna-7b;mmke-entity/minigpt-4-vicuna-7b;mmke-entity/paligemma-3b;mmke-entity/qwen2.5-vl-3b;mmke-entity/smolvlm-1.7b;mmke-visual/blip2-opt-2.7b;mmke-visual/instructblip-vicuna-7b;mmke-visual/minigpt-4-vicuna-7b;mmke-visual/paligemma-3b;mmke-visual/qwen2.5-vl-3b;mmke-visual/smolvlm-1.7b
recorded,rank_max_w0.5,M_new_norm,1,17,True,17,71.77435294117647,71.77435294117647,0.0,71.77435294117647,0.0,0,17,0,0,0,0.0,0.0,0.0,0.17647058823529413,evqa-pilot500/blip2-opt-2.7b;evqa-pilot500/minigpt-4-vicuna-7b;evqa-pilot500/paligemma-3b;evqa-pilot500/qwen2.5-vl-3b;evqa-pilot500/smolvlm-1.7b;mmke-entity/blip2-opt-2.7b;mmke-entity/instructblip-vicuna-7b;mmke-entity/minigpt-4-vicuna-7b;mmke-entity/paligemma-3b;mmke-entity/qwen2.5-vl-3b;mmke-entity/smolvlm-1.7b;mmke-visual/blip2-opt-2.7b;mmke-visual/instructblip-vicuna-7b;mmke-visual/minigpt-4-vicuna-7b;mmke-visual/paligemma-3b;mmke-visual/qwen2.5-vl-3b;mmke-visual/smolvlm-1.7b
recorded,rank_max_w0.5,M_new_norm,3,17,True,17,74.39011764705883,74.29352941176471,0.09658823529411782,71.45972549019608,-0.03243137254901912,3,14,0,2,0,0.0,0.0,0.8500000000000014,0.4117647058823529,evqa-pilot500/blip2-opt-2.7b;evqa-pilot500/minigpt-4-vicuna-7b;evqa-pilot500/paligemma-3b;evqa-pilot500/qwen2.5-vl-3b;evqa-pilot500/smolvlm-1.7b;mmke-entity/blip2-opt-2.7b;mmke-entity/instructblip-vicuna-7b;mmke-entity/minigpt-4-vicuna-7b;mmke-entity/paligemma-3b;mmke-entity/qwen2.5-vl-3b;mmke-entity/smolvlm-1.7b;mmke-visual/blip2-opt-2.7b;mmke-visual/instructblip-vicuna-7b;mmke-visual/minigpt-4-vicuna-7b;mmke-visual/paligemma-3b;mmke-visual/qwen2.5-vl-3b;mmke-visual/smolvlm-1.7b
recorded,rank_max_w0.75,M_abscos_x_newn,1,17,True,17,71.77435294117647,71.97388235294117,-0.19952941176470607,71.77435294117647,-0.19952941176470607,1,12,4,0,3,0.0,-1.730000000000004,0.44599999999999795,0.17647058823529413,evqa-pilot500/blip2-opt-2.7b;evqa-pilot500/minigpt-4-vicuna-7b;evqa-pilot500/paligemma-3b;evqa-pilot500/qwen2.5-vl-3b;evqa-pilot500/smolvlm-1.7b;mmke-entity/blip2-opt-2.7b;mmke-entity/instructblip-vicuna-7b;mmke-entity/minigpt-4-vicuna-7b;mmke-entity/paligemma-3b;mmke-entity/qwen2.5-vl-3b;mmke-entity/smolvlm-1.7b;mmke-visual/blip2-opt-2.7b;mmke-visual/instructblip-vicuna-7b;mmke-visual/minigpt-4-vicuna-7b;mmke-visual/paligemma-3b;mmke-visual/qwen2.5-vl-3b;mmke-visual/smolvlm-1.7b
recorded,rank_max_w0.75,M_abscos_x_newn,3,17,True,17,74.39011764705883,74.05482352941176,0.33529411764705813,71.45972549019608,0.02490196078431323,1,14,2,1,0,0.0,-0.24800000000000466,6.1640000000000015,0.4117647058823529,evqa-pilot500/blip2-opt-2.7b;evqa-pilot500/minigpt-4-vicuna-7b;evqa-pilot500/paligemma-3b;evqa-pilot500/qwen2.5-vl-3b;evqa-pilot500/smolvlm-1.7b;mmke-entity/blip2-opt-2.7b;mmke-entity/instructblip-vicuna-7b;mmke-entity/minigpt-4-vicuna-7b;mmke-entity/paligemma-3b;mmke-entity/qwen2.5-vl-3b;mmke-entity/smolvlm-1.7b;mmke-visual/blip2-opt-2.7b;mmke-visual/instructblip-vicuna-7b;mmke-visual/minigpt-4-vicuna-7b;mmke-visual/paligemma-3b;mmke-visual/qwen2.5-vl-3b;mmke-visual/smolvlm-1.7b
recorded,rank_max_w0.75,M_new_norm,1,17,True,17,71.77435294117647,71.77435294117647,0.0,71.77435294117647,0.0,0,17,0,0,0,0.0,0.0,0.0,0.17647058823529413,evqa-pilot500/blip2-opt-2.7b;evqa-pilot500/minigpt-4-vicuna-7b;evqa-pilot500/paligemma-3b;evqa-pilot500/qwen2.5-vl-3b;evqa-pilot500/smolvlm-1.7b;mmke-entity/blip2-opt-2.7b;mmke-entity/instructblip-vicuna-7b;mmke-entity/minigpt-4-vicuna-7b;mmke-entity/paligemma-3b;mmke-entity/qwen2.5-vl-3b;mmke-entity/smolvlm-1.7b;mmke-visual/blip2-opt-2.7b;mmke-visual/instructblip-vicuna-7b;mmke-visual/minigpt-4-vicuna-7b;mmke-visual/paligemma-3b;mmke-visual/qwen2.5-vl-3b;mmke-visual/smolvlm-1.7b
recorded,rank_max_w0.75,M_new_norm,3,17,True,17,74.39011764705883,74.29352941176471,0.09658823529411782,71.45972549019608,-0.03243137254901912,3,14,0,2,0,0.0,0.0,0.8500000000000014,0.4117647058823529,evqa-pilot500/blip2-opt-2.7b;evqa-pilot500/minigpt-4-vicuna-7b;evqa-pilot500/paligemma-3b;evqa-pilot500/qwen2.5-vl-3b;evqa-pilot500/smolvlm-1.7b;mmke-entity/blip2-opt-2.7b;mmke-entity/instructblip-vicuna-7b;mmke-entity/minigpt-4-vicuna-7b;mmke-entity/paligemma-3b;mmke-entity/qwen2.5-vl-3b;mmke-entity/smolvlm-1.7b;mmke-visual/blip2-opt-2.7b;mmke-visual/instructblip-vicuna-7b;mmke-visual/minigpt-4-vicuna-7b;mmke-visual/paligemma-3b;mmke-visual/qwen2.5-vl-3b;mmke-visual/smolvlm-1.7b
recorded,rank_max_w1,M_abscos_x_newn,1,17,True,17,71.77435294117647,71.97388235294117,-0.19952941176470607,71.77435294117647,-0.19952941176470607,1,12,4,0,3,0.0,-1.730000000000004,0.44599999999999795,0.17647058823529413,evqa-pilot500/blip2-opt-2.7b;evqa-pilot500/minigpt-4-vicuna-7b;evqa-pilot500/paligemma-3b;evqa-pilot500/qwen2.5-vl-3b;evqa-pilot500/smolvlm-1.7b;mmke-entity/blip2-opt-2.7b;mmke-entity/instructblip-vicuna-7b;mmke-entity/minigpt-4-vicuna-7b;mmke-entity/paligemma-3b;mmke-entity/qwen2.5-vl-3b;mmke-entity/smolvlm-1.7b;mmke-visual/blip2-opt-2.7b;mmke-visual/instructblip-vicuna-7b;mmke-visual/minigpt-4-vicuna-7b;mmke-visual/paligemma-3b;mmke-visual/qwen2.5-vl-3b;mmke-visual/smolvlm-1.7b
recorded,rank_max_w1,M_abscos_x_newn,3,17,True,17,74.39011764705883,74.05482352941176,0.33529411764705813,71.45972549019608,0.02490196078431323,1,14,2,1,0,0.0,-0.24800000000000466,6.1640000000000015,0.4117647058823529,evqa-pilot500/blip2-opt-2.7b;evqa-pilot500/minigpt-4-vicuna-7b;evqa-pilot500/paligemma-3b;evqa-pilot500/qwen2.5-vl-3b;evqa-pilot500/smolvlm-1.7b;mmke-entity/blip2-opt-2.7b;mmke-entity/instructblip-vicuna-7b;mmke-entity/minigpt-4-vicuna-7b;mmke-entity/paligemma-3b;mmke-entity/qwen2.5-vl-3b;mmke-entity/smolvlm-1.7b;mmke-visual/blip2-opt-2.7b;mmke-visual/instructblip-vicuna-7b;mmke-visual/minigpt-4-vicuna-7b;mmke-visual/paligemma-3b;mmke-visual/qwen2.5-vl-3b;mmke-visual/smolvlm-1.7b
recorded,rank_max_w1,M_new_norm,1,17,True,17,71.77435294117647,71.77435294117647,0.0,71.77435294117647,0.0,0,17,0,0,0,0.0,0.0,0.0,0.17647058823529413,evqa-pilot500/blip2-opt-2.7b;evqa-pilot500/minigpt-4-vicuna-7b;evqa-pilot500/paligemma-3b;evqa-pilot500/qwen2.5-vl-3b;evqa-pilot500/smolvlm-1.7b;mmke-entity/blip2-opt-2.7b;mmke-entity/instructblip-vicuna-7b;mmke-entity/minigpt-4-vicuna-7b;mmke-entity/paligemma-3b;mmke-entity/qwen2.5-vl-3b;mmke-entity/smolvlm-1.7b;mmke-visual/blip2-opt-2.7b;mmke-visual/instructblip-vicuna-7b;mmke-visual/minigpt-4-vicuna-7b;mmke-visual/paligemma-3b;mmke-visual/qwen2.5-vl-3b;mmke-visual/smolvlm-1.7b
recorded,rank_max_w1,M_new_norm,3,17,True,17,74.39011764705883,74.29352941176471,0.09658823529411782,71.45972549019608,-0.03243137254901912,3,14,0,2,0,0.0,0.0,0.8500000000000014,0.4117647058823529,evqa-pilot500/blip2-opt-2.7b;evqa-pilot500/minigpt-4-vicuna-7b;evqa-pilot500/paligemma-3b;evqa-pilot500/qwen2.5-vl-3b;evqa-pilot500/smolvlm-1.7b;mmke-entity/blip2-opt-2.7b;mmke-entity/instructblip-vicuna-7b;mmke-entity/minigpt-4-vicuna-7b;mmke-entity/paligemma-3b;mmke-entity/qwen2.5-vl-3b;mmke-entity/smolvlm-1.7b;mmke-visual/blip2-opt-2.7b;mmke-visual/instructblip-vicuna-7b;mmke-visual/minigpt-4-vicuna-7b;mmke-visual/paligemma-3b;mmke-visual/qwen2.5-vl-3b;mmke-visual/smolvlm-1.7b
recorded,rank_max_w1.25,M_abscos_x_newn,1,17,True,17,71.97388235294117,71.97388235294117,0.0,71.97388235294117,0.0,0,17,0,0,0,0.0,0.0,0.0,0.23529411764705882,evqa-pilot500/blip2-opt-2.7b;evqa-pilot500/minigpt-4-vicuna-7b;evqa-pilot500/paligemma-3b;evqa-pilot500/qwen2.5-vl-3b;evqa-pilot500/smolvlm-1.7b;mmke-entity/blip2-opt-2.7b;mmke-entity/instructblip-vicuna-7b;mmke-entity/minigpt-4-vicuna-7b;mmke-entity/paligemma-3b;mmke-entity/qwen2.5-vl-3b;mmke-entity/smolvlm-1.7b;mmke-visual/blip2-opt-2.7b;mmke-visual/instructblip-vicuna-7b;mmke-visual/minigpt-4-vicuna-7b;mmke-visual/paligemma-3b;mmke-visual/qwen2.5-vl-3b;mmke-visual/smolvlm-1.7b
recorded,rank_max_w1.25,M_abscos_x_newn,3,17,True,17,73.72658823529412,74.05482352941176,-0.32823529411764696,71.2775294117647,-0.15729411764705964,0,15,2,0,1,0.0,-5.3799999999999955,0.0,0.4117647058823529,evqa-pilot500/blip2-opt-2.7b;evqa-pilot500/minigpt-4-vicuna-7b;evqa-pilot500/paligemma-3b;evqa-pilot500/qwen2.5-vl-3b;evqa-pilot500/smolvlm-1.7b;mmke-entity/blip2-opt-2.7b;mmke-entity/instructblip-vicuna-7b;mmke-entity/minigpt-4-vicuna-7b;mmke-entity/paligemma-3b;mmke-entity/qwen2.5-vl-3b;mmke-entity/smolvlm-1.7b;mmke-visual/blip2-opt-2.7b;mmke-visual/instructblip-vicuna-7b;mmke-visual/minigpt-4-vicuna-7b;mmke-visual/paligemma-3b;mmke-visual/qwen2.5-vl-3b;mmke-visual/smolvlm-1.7b
recorded,rank_max_w1.25,M_new_norm,1,17,True,17,71.97388235294117,71.77435294117647,0.19952941176470607,71.97388235294117,0.19952941176470607,4,12,1,3,0,0.0,-0.44599999999999795,1.730000000000004,0.23529411764705882,evqa-pilot500/blip2-opt-2.7b;evqa-pilot500/minigpt-4-vicuna-7b;evqa-pilot500/paligemma-3b;evqa-pilot500/qwen2.5-vl-3b;evqa-pilot500/smolvlm-1.7b;mmke-entity/blip2-opt-2.7b;mmke-entity/instructblip-vicuna-7b;mmke-entity/minigpt-4-vicuna-7b;mmke-entity/paligemma-3b;mmke-entity/qwen2.5-vl-3b;mmke-entity/smolvlm-1.7b;mmke-visual/blip2-opt-2.7b;mmke-visual/instructblip-vicuna-7b;mmke-visual/minigpt-4-vicuna-7b;mmke-visual/paligemma-3b;mmke-visual/qwen2.5-vl-3b;mmke-visual/smolvlm-1.7b
recorded,rank_max_w1.25,M_new_norm,3,17,True,17,73.72658823529412,74.29352941176471,-0.5669411764705873,71.2775294117647,-0.214627450980392,3,13,1,2,1,0.0,-11.543999999999997,0.8500000000000014,0.4117647058823529,evqa-pilot500/blip2-opt-2.7b;evqa-pilot500/minigpt-4-vicuna-7b;evqa-pilot500/paligemma-3b;evqa-pilot500/qwen2.5-vl-3b;evqa-pilot500/smolvlm-1.7b;mmke-entity/blip2-opt-2.7b;mmke-entity/instructblip-vicuna-7b;mmke-entity/minigpt-4-vicuna-7b;mmke-entity/paligemma-3b;mmke-entity/qwen2.5-vl-3b;mmke-entity/smolvlm-1.7b;mmke-visual/blip2-opt-2.7b;mmke-visual/instructblip-vicuna-7b;mmke-visual/minigpt-4-vicuna-7b;mmke-visual/paligemma-3b;mmke-visual/qwen2.5-vl-3b;mmke-visual/smolvlm-1.7b
recorded,rank_max_w2,M_abscos_x_newn,1,17,True,17,71.97388235294117,71.97388235294117,0.0,71.97388235294117,0.0,0,17,0,0,0,0.0,0.0,0.0,0.23529411764705882,evqa-pilot500/blip2-opt-2.7b;evqa-pilot500/minigpt-4-vicuna-7b;evqa-pilot500/paligemma-3b;evqa-pilot500/qwen2.5-vl-3b;evqa-pilot500/smolvlm-1.7b;mmke-entity/blip2-opt-2.7b;mmke-entity/instructblip-vicuna-7b;mmke-entity/minigpt-4-vicuna-7b;mmke-entity/paligemma-3b;mmke-entity/qwen2.5-vl-3b;mmke-entity/smolvlm-1.7b;mmke-visual/blip2-opt-2.7b;mmke-visual/instructblip-vicuna-7b;mmke-visual/minigpt-4-vicuna-7b;mmke-visual/paligemma-3b;mmke-visual/qwen2.5-vl-3b;mmke-visual/smolvlm-1.7b
recorded,rank_max_w2,M_abscos_x_newn,3,17,True,17,73.72658823529412,74.05482352941176,-0.32823529411764696,71.2775294117647,-0.15729411764705964,0,15,2,0,1,0.0,-5.3799999999999955,0.0,0.4117647058823529,evqa-pilot500/blip2-opt-2.7b;evqa-pilot500/minigpt-4-vicuna-7b;evqa-pilot500/paligemma-3b;evqa-pilot500/qwen2.5-vl-3b;evqa-pilot500/smolvlm-1.7b;mmke-entity/blip2-opt-2.7b;mmke-entity/instructblip-vicuna-7b;mmke-entity/minigpt-4-vicuna-7b;mmke-entity/paligemma-3b;mmke-entity/qwen2.5-vl-3b;mmke-entity/smolvlm-1.7b;mmke-visual/blip2-opt-2.7b;mmke-visual/instructblip-vicuna-7b;mmke-visual/minigpt-4-vicuna-7b;mmke-visual/paligemma-3b;mmke-visual/qwen2.5-vl-3b;mmke-visual/smolvlm-1.7b
recorded,rank_max_w2,M_new_norm,1,17,True,17,71.97388235294117,71.77435294117647,0.19952941176470607,71.97388235294117,0.19952941176470607,4,12,1,3,0,0.0,-0.44599999999999795,1.730000000000004,0.23529411764705882,evqa-pilot500/blip2-opt-2.7b;evqa-pilot500/minigpt-4-vicuna-7b;evqa-pilot500/paligemma-3b;evqa-pilot500/qwen2.5-vl-3b;evqa-pilot500/smolvlm-1.7b;mmke-entity/blip2-opt-2.7b;mmke-entity/instructblip-vicuna-7b;mmke-entity/minigpt-4-vicuna-7b;mmke-entity/paligemma-3b;mmke-entity/qwen2.5-vl-3b;mmke-entity/smolvlm-1.7b;mmke-visual/blip2-opt-2.7b;mmke-visual/instructblip-vicuna-7b;mmke-visual/minigpt-4-vicuna-7b;mmke-visual/paligemma-3b;mmke-visual/qwen2.5-vl-3b;mmke-visual/smolvlm-1.7b
recorded,rank_max_w2,M_new_norm,3,17,True,17,73.72658823529412,74.29352941176471,-0.5669411764705873,71.2775294117647,-0.214627450980392,3,13,1,2,1,0.0,-11.543999999999997,0.8500000000000014,0.4117647058823529,evqa-pilot500/blip2-opt-2.7b;evqa-pilot500/minigpt-4-vicuna-7b;evqa-pilot500/paligemma-3b;evqa-pilot500/qwen2.5-vl-3b;evqa-pilot500/smolvlm-1.7b;mmke-entity/blip2-opt-2.7b;mmke-entity/instructblip-vicuna-7b;mmke-entity/minigpt-4-vicuna-7b;mmke-entity/paligemma-3b;mmke-entity/qwen2.5-vl-3b;mmke-entity/smolvlm-1.7b;mmke-visual/blip2-opt-2.7b;mmke-visual/instructblip-vicuna-7b;mmke-visual/minigpt-4-vicuna-7b;mmke-visual/paligemma-3b;mmke-visual/qwen2.5-vl-3b;mmke-visual/smolvlm-1.7b
