cohort,policy,k,coverage_filter,scope_type,scope,variant,n,groups,best,mean,regret,hit,delta_best_random,delta_mean_random
core7_current,observed_main,1,all,all,all,Middle-Prior/raw,19,"[""evqa-pilot500/blip2-opt-2.7b"", ""evqa-pilot500/minigpt-4-vicuna-7b"", ""evqa-pilot500/llava-v1.5-7b"", ""evqa-pilot500/qwen2.5-vl-3b"", ""evqa-pilot500/paligemma-3b"", ""evqa-pilot500/smolvlm-1.7b"", ""mmke-visual/blip2-opt-2.7b"", ""mmke-visual/instructblip-vicuna-7b"", ""mmke-visual/minigpt-4-vicuna-7b"", ""mmke-visual/llava-v1.5-7b"", ""mmke-visual/qwen2.5-vl-3b"", ""mmke-visual/paligemma-3b"", ""mmke-visual/smolvlm-1.7b"", ""mmke-entity/blip2-opt-2.7b"", ""mmke-entity/instructblip-vicuna-7b"", ""mmke-entity/minigpt-4-vicuna-7b"", ""mmke-entity/qwen2.5-vl-3b"", ""mmke-entity/paligemma-3b"", ""mmke-entity/smolvlm-1.7b""]",70.724,70.724,5.0701052631578944,0,3.9998561342988794,3.9998561342988794
core7_current,observed_main,1,all,all,all,CMA-model_pred/raw,19,"[""evqa-pilot500/blip2-opt-2.7b"", ""evqa-pilot500/minigpt-4-vicuna-7b"", ""evqa-pilot500/llava-v1.5-7b"", ""evqa-pilot500/qwen2.5-vl-3b"", ""evqa-pilot500/paligemma-3b"", ""evqa-pilot500/smolvlm-1.7b"", ""mmke-visual/blip2-opt-2.7b"", ""mmke-visual/instructblip-vicuna-7b"", ""mmke-visual/minigpt-4-vicuna-7b"", ""mmke-visual/llava-v1.5-7b"", ""mmke-visual/qwen2.5-vl-3b"", ""mmke-visual/paligemma-3b"", ""mmke-visual/smolvlm-1.7b"", ""mmke-entity/blip2-opt-2.7b"", ""mmke-entity/instructblip-vicuna-7b"", ""mmke-entity/minigpt-4-vicuna-7b"", ""mmke-entity/qwen2.5-vl-3b"", ""mmke-entity/paligemma-3b"", ""mmke-entity/smolvlm-1.7b""]",69.962,69.962,5.832105263157895,0.05263157894736842,3.23785613429888,3.23785613429888
core7_current,observed_main,1,all,all,all,Perturb-KL-alt/raw,19,"[""evqa-pilot500/blip2-opt-2.7b"", ""evqa-pilot500/minigpt-4-vicuna-7b"", ""evqa-pilot500/llava-v1.5-7b"", ""evqa-pilot500/qwen2.5-vl-3b"", ""evqa-pilot500/paligemma-3b"", ""evqa-pilot500/smolvlm-1.7b"", ""mmke-visual/blip2-opt-2.7b"", ""mmke-visual/instructblip-vicuna-7b"", ""mmke-visual/minigpt-4-vicuna-7b"", ""mmke-visual/llava-v1.5-7b"", ""mmke-visual/qwen2.5-vl-3b"", ""mmke-visual/paligemma-3b"", ""mmke-visual/smolvlm-1.7b"", ""mmke-entity/blip2-opt-2.7b"", ""mmke-entity/instructblip-vicuna-7b"", ""mmke-entity/minigpt-4-vicuna-7b"", ""mmke-entity/qwen2.5-vl-3b"", ""mmke-entity/paligemma-3b"", ""mmke-entity/smolvlm-1.7b""]",69.07189473684211,69.07189473684211,6.7222105263157905,0,2.3477508711409842,2.3477508711409842
core7_current,observed_main,1,all,all,all,SaLEM-alt/raw,19,"[""evqa-pilot500/blip2-opt-2.7b"", ""evqa-pilot500/minigpt-4-vicuna-7b"", ""evqa-pilot500/llava-v1.5-7b"", ""evqa-pilot500/qwen2.5-vl-3b"", ""evqa-pilot500/paligemma-3b"", ""evqa-pilot500/smolvlm-1.7b"", ""mmke-visual/blip2-opt-2.7b"", ""mmke-visual/instructblip-vicuna-7b"", ""mmke-visual/minigpt-4-vicuna-7b"", ""mmke-visual/llava-v1.5-7b"", ""mmke-visual/qwen2.5-vl-3b"", ""mmke-visual/paligemma-3b"", ""mmke-visual/smolvlm-1.7b"", ""mmke-entity/blip2-opt-2.7b"", ""mmke-entity/instructblip-vicuna-7b"", ""mmke-entity/minigpt-4-vicuna-7b"", ""mmke-entity/qwen2.5-vl-3b"", ""mmke-entity/paligemma-3b"", ""mmke-entity/smolvlm-1.7b""]",66.61294736842105,66.61294736842105,9.181157894736844,0.10526315789473684,-0.11119649728006845,-0.11119649728006845
core7_current,observed_main,1,all,all,all,LGA-Param/tukey,19,"[""evqa-pilot500/blip2-opt-2.7b"", ""evqa-pilot500/minigpt-4-vicuna-7b"", ""evqa-pilot500/llava-v1.5-7b"", ""evqa-pilot500/qwen2.5-vl-3b"", ""evqa-pilot500/paligemma-3b"", ""evqa-pilot500/smolvlm-1.7b"", ""mmke-visual/blip2-opt-2.7b"", ""mmke-visual/instructblip-vicuna-7b"", ""mmke-visual/minigpt-4-vicuna-7b"", ""mmke-visual/llava-v1.5-7b"", ""mmke-visual/qwen2.5-vl-3b"", ""mmke-visual/paligemma-3b"", ""mmke-visual/smolvlm-1.7b"", ""mmke-entity/blip2-opt-2.7b"", ""mmke-entity/instructblip-vicuna-7b"", ""mmke-entity/minigpt-4-vicuna-7b"", ""mmke-entity/qwen2.5-vl-3b"", ""mmke-entity/paligemma-3b"", ""mmke-entity/smolvlm-1.7b""]",69.6861052631579,69.6861052631579,6.108000000000001,0.10526315789473684,2.9619613974567733,2.9619613974567733
core7_current,observed_main,1,all,all,all,VisEdit-Pre-alt/current,19,"[""evqa-pilot500/blip2-opt-2.7b"", ""evqa-pilot500/minigpt-4-vicuna-7b"", ""evqa-pilot500/llava-v1.5-7b"", ""evqa-pilot500/qwen2.5-vl-3b"", ""evqa-pilot500/paligemma-3b"", ""evqa-pilot500/smolvlm-1.7b"", ""mmke-visual/blip2-opt-2.7b"", ""mmke-visual/instructblip-vicuna-7b"", ""mmke-visual/minigpt-4-vicuna-7b"", ""mmke-visual/llava-v1.5-7b"", ""mmke-visual/qwen2.5-vl-3b"", ""mmke-visual/paligemma-3b"", ""mmke-visual/smolvlm-1.7b"", ""mmke-entity/blip2-opt-2.7b"", ""mmke-entity/instructblip-vicuna-7b"", ""mmke-entity/minigpt-4-vicuna-7b"", ""mmke-entity/qwen2.5-vl-3b"", ""mmke-entity/paligemma-3b"", ""mmke-entity/smolvlm-1.7b""]",66.28326315789474,66.28326315789474,9.51084210526316,0.05263157894736842,-0.4408807078063859,-0.4408807078063859
core7_current,observed_main,1,all,all,all,Ours-main/raw,19,"[""evqa-pilot500/blip2-opt-2.7b"", ""evqa-pilot500/minigpt-4-vicuna-7b"", ""evqa-pilot500/llava-v1.5-7b"", ""evqa-pilot500/qwen2.5-vl-3b"", ""evqa-pilot500/paligemma-3b"", ""evqa-pilot500/smolvlm-1.7b"", ""mmke-visual/blip2-opt-2.7b"", ""mmke-visual/instructblip-vicuna-7b"", ""mmke-visual/minigpt-4-vicuna-7b"", ""mmke-visual/llava-v1.5-7b"", ""mmke-visual/qwen2.5-vl-3b"", ""mmke-visual/paligemma-3b"", ""mmke-visual/smolvlm-1.7b"", ""mmke-entity/blip2-opt-2.7b"", ""mmke-entity/instructblip-vicuna-7b"", ""mmke-entity/minigpt-4-vicuna-7b"", ""mmke-entity/qwen2.5-vl-3b"", ""mmke-entity/paligemma-3b"", ""mmke-entity/smolvlm-1.7b""]",69.64031578947369,69.64031578947369,6.153789473684211,0.21052631578947367,2.916171923772563,2.916171923772563
core7_current,observed_main,1,all,dataset,evqa-pilot500,Middle-Prior/raw,6,"[""evqa-pilot500/blip2-opt-2.7b"", ""evqa-pilot500/minigpt-4-vicuna-7b"", ""evqa-pilot500/llava-v1.5-7b"", ""evqa-pilot500/qwen2.5-vl-3b"", ""evqa-pilot500/paligemma-3b"", ""evqa-pilot500/smolvlm-1.7b""]",68.09633333333333,68.09633333333333,5.602000000000001,0,5.468889636752137,5.468889636752137
core7_current,observed_main,1,all,dataset,evqa-pilot500,CMA-model_pred/raw,6,"[""evqa-pilot500/blip2-opt-2.7b"", ""evqa-pilot500/minigpt-4-vicuna-7b"", ""evqa-pilot500/llava-v1.5-7b"", ""evqa-pilot500/qwen2.5-vl-3b"", ""evqa-pilot500/paligemma-3b"", ""evqa-pilot500/smolvlm-1.7b""]",63.007666666666665,63.007666666666665,10.690666666666667,0.16666666666666666,0.38022297008547074,0.38022297008547074
core7_current,observed_main,1,all,dataset,evqa-pilot500,Perturb-KL-alt/raw,6,"[""evqa-pilot500/blip2-opt-2.7b"", ""evqa-pilot500/minigpt-4-vicuna-7b"", ""evqa-pilot500/llava-v1.5-7b"", ""evqa-pilot500/qwen2.5-vl-3b"", ""evqa-pilot500/paligemma-3b"", ""evqa-pilot500/smolvlm-1.7b""]",63.434666666666665,63.434666666666665,10.263666666666667,0,0.8072229700854715,0.8072229700854715
core7_current,observed_main,1,all,dataset,evqa-pilot500,SaLEM-alt/raw,6,"[""evqa-pilot500/blip2-opt-2.7b"", ""evqa-pilot500/minigpt-4-vicuna-7b"", ""evqa-pilot500/llava-v1.5-7b"", ""evqa-pilot500/qwen2.5-vl-3b"", ""evqa-pilot500/paligemma-3b"", ""evqa-pilot500/smolvlm-1.7b""]",65.98433333333334,65.98433333333334,7.714000000000001,0,3.3568896367521375,3.3568896367521375
core7_current,observed_main,1,all,dataset,evqa-pilot500,LGA-Param/tukey,6,"[""evqa-pilot500/blip2-opt-2.7b"", ""evqa-pilot500/minigpt-4-vicuna-7b"", ""evqa-pilot500/llava-v1.5-7b"", ""evqa-pilot500/qwen2.5-vl-3b"", ""evqa-pilot500/paligemma-3b"", ""evqa-pilot500/smolvlm-1.7b""]",61.88666666666667,61.88666666666667,11.811666666666666,0,-0.7407770299145268,-0.7407770299145268
core7_current,observed_main,1,all,dataset,evqa-pilot500,VisEdit-Pre-alt/current,6,"[""evqa-pilot500/blip2-opt-2.7b"", ""evqa-pilot500/minigpt-4-vicuna-7b"", ""evqa-pilot500/llava-v1.5-7b"", ""evqa-pilot500/qwen2.5-vl-3b"", ""evqa-pilot500/paligemma-3b"", ""evqa-pilot500/smolvlm-1.7b""]",64.70066666666666,64.70066666666666,8.997666666666666,0,2.0732229700854723,2.0732229700854723
core7_current,observed_main,1,all,dataset,evqa-pilot500,Ours-main/raw,6,"[""evqa-pilot500/blip2-opt-2.7b"", ""evqa-pilot500/minigpt-4-vicuna-7b"", ""evqa-pilot500/llava-v1.5-7b"", ""evqa-pilot500/qwen2.5-vl-3b"", ""evqa-pilot500/paligemma-3b"", ""evqa-pilot500/smolvlm-1.7b""]",65.01533333333333,65.01533333333333,8.683,0.3333333333333333,2.3878896367521385,2.3878896367521385
core7_current,observed_main,1,all,dataset,mmke-visual,Middle-Prior/raw,7,"[""mmke-visual/blip2-opt-2.7b"", ""mmke-visual/instructblip-vicuna-7b"", ""mmke-visual/minigpt-4-vicuna-7b"", ""mmke-visual/llava-v1.5-7b"", ""mmke-visual/qwen2.5-vl-3b"", ""mmke-visual/paligemma-3b"", ""mmke-visual/smolvlm-1.7b""]",71.92971428571428,71.92971428571428,5.045428571428571,0,2.985859125156203,2.985859125156203
core7_current,observed_main,1,all,dataset,mmke-visual,CMA-model_pred/raw,7,"[""mmke-visual/blip2-opt-2.7b"", ""mmke-visual/instructblip-vicuna-7b"", ""mmke-visual/minigpt-4-vicuna-7b"", ""mmke-visual/llava-v1.5-7b"", ""mmke-visual/qwen2.5-vl-3b"", ""mmke-visual/paligemma-3b"", ""mmke-visual/smolvlm-1.7b""]",74.88371428571429,74.88371428571429,2.0914285714285756,0,5.9398591251561985,5.9398591251561985
core7_current,observed_main,1,all,dataset,mmke-visual,Perturb-KL-alt/raw,7,"[""mmke-visual/blip2-opt-2.7b"", ""mmke-visual/instructblip-vicuna-7b"", ""mmke-visual/minigpt-4-vicuna-7b"", ""mmke-visual/llava-v1.5-7b"", ""mmke-visual/qwen2.5-vl-3b"", ""mmke-visual/paligemma-3b"", ""mmke-visual/smolvlm-1.7b""]",72.05714285714285,72.05714285714285,4.918000000000006,0,3.113287696584768,3.113287696584768
core7_current,observed_main,1,all,dataset,mmke-visual,SaLEM-alt/raw,7,"[""mmke-visual/blip2-opt-2.7b"", ""mmke-visual/instructblip-vicuna-7b"", ""mmke-visual/minigpt-4-vicuna-7b"", ""mmke-visual/llava-v1.5-7b"", ""mmke-visual/qwen2.5-vl-3b"", ""mmke-visual/paligemma-3b"", ""mmke-visual/smolvlm-1.7b""]",71.01057142857142,71.01057142857142,5.964571428571432,0.14285714285714285,2.066716268013342,2.066716268013342
core7_current,observed_main,1,all,dataset,mmke-visual,LGA-Param/tukey,7,"[""mmke-visual/blip2-opt-2.7b"", ""mmke-visual/instructblip-vicuna-7b"", ""mmke-visual/minigpt-4-vicuna-7b"", ""mmke-visual/llava-v1.5-7b"", ""mmke-visual/qwen2.5-vl-3b"", ""mmke-visual/paligemma-3b"", ""mmke-visual/smolvlm-1.7b""]",72.21228571428571,72.21228571428571,4.76285714285715,0,3.268430553727625,3.268430553727625
core7_current,observed_main,1,all,dataset,mmke-visual,VisEdit-Pre-alt/current,7,"[""mmke-visual/blip2-opt-2.7b"", ""mmke-visual/instructblip-vicuna-7b"", ""mmke-visual/minigpt-4-vicuna-7b"", ""mmke-visual/llava-v1.5-7b"", ""mmke-visual/qwen2.5-vl-3b"", ""mmke-visual/paligemma-3b"", ""mmke-visual/smolvlm-1.7b""]",63.395999999999994,63.395999999999994,13.579142857142864,0,-5.547855160558089,-5.547855160558089
core7_current,observed_main,1,all,dataset,mmke-visual,Ours-main/raw,7,"[""mmke-visual/blip2-opt-2.7b"", ""mmke-visual/instructblip-vicuna-7b"", ""mmke-visual/minigpt-4-vicuna-7b"", ""mmke-visual/llava-v1.5-7b"", ""mmke-visual/qwen2.5-vl-3b"", ""mmke-visual/paligemma-3b"", ""mmke-visual/smolvlm-1.7b""]",69.81628571428571,69.81628571428571,7.158857142857149,0.14285714285714285,0.8724305537276261,0.8724305537276261
core7_current,observed_main,1,all,dataset,mmke-entity,Middle-Prior/raw,6,"[""mmke-entity/blip2-opt-2.7b"", ""mmke-entity/instructblip-vicuna-7b"", ""mmke-entity/minigpt-4-vicuna-7b"", ""mmke-entity/qwen2.5-vl-3b"", ""mmke-entity/paligemma-3b"", ""mmke-entity/smolvlm-1.7b""]",71.945,71.945,4.566999999999999,0,3.713819142512078,3.713819142512078
core7_current,observed_main,1,all,dataset,mmke-entity,CMA-model_pred/raw,6,"[""mmke-entity/blip2-opt-2.7b"", ""mmke-entity/instructblip-vicuna-7b"", ""mmke-entity/minigpt-4-vicuna-7b"", ""mmke-entity/qwen2.5-vl-3b"", ""mmke-entity/paligemma-3b"", ""mmke-entity/smolvlm-1.7b""]",71.17433333333334,71.17433333333334,5.33766666666666,0,2.9431524758454173,2.9431524758454173
core7_current,observed_main,1,all,dataset,mmke-entity,Perturb-KL-alt/raw,6,"[""mmke-entity/blip2-opt-2.7b"", ""mmke-entity/instructblip-vicuna-7b"", ""mmke-entity/minigpt-4-vicuna-7b"", ""mmke-entity/qwen2.5-vl-3b"", ""mmke-entity/paligemma-3b"", ""mmke-entity/smolvlm-1.7b""]",71.22633333333334,71.22633333333334,5.285666666666661,0,2.9951524758454156,2.9951524758454156
core7_current,observed_main,1,all,dataset,mmke-entity,SaLEM-alt/raw,6,"[""mmke-entity/blip2-opt-2.7b"", ""mmke-entity/instructblip-vicuna-7b"", ""mmke-entity/minigpt-4-vicuna-7b"", ""mmke-entity/qwen2.5-vl-3b"", ""mmke-entity/paligemma-3b"", ""mmke-entity/smolvlm-1.7b""]",62.111000000000004,62.111000000000004,14.400999999999998,0.16666666666666666,-6.12018085748792,-6.12018085748792
core7_current,observed_main,1,all,dataset,mmke-entity,LGA-Param/tukey,6,"[""mmke-entity/blip2-opt-2.7b"", ""mmke-entity/instructblip-vicuna-7b"", ""mmke-entity/minigpt-4-vicuna-7b"", ""mmke-entity/qwen2.5-vl-3b"", ""mmke-entity/paligemma-3b"", ""mmke-entity/smolvlm-1.7b""]",74.53833333333333,74.53833333333333,1.973666666666664,0.3333333333333333,6.307152475845413,6.307152475845413
core7_current,observed_main,1,all,dataset,mmke-entity,VisEdit-Pre-alt/current,6,"[""mmke-entity/blip2-opt-2.7b"", ""mmke-entity/instructblip-vicuna-7b"", ""mmke-entity/minigpt-4-vicuna-7b"", ""mmke-entity/qwen2.5-vl-3b"", ""mmke-entity/paligemma-3b"", ""mmke-entity/smolvlm-1.7b""]",71.23433333333332,71.23433333333332,5.277666666666668,0.16666666666666666,3.00315247584541,3.00315247584541
core7_current,observed_main,1,all,dataset,mmke-entity,Ours-main/raw,6,"[""mmke-entity/blip2-opt-2.7b"", ""mmke-entity/instructblip-vicuna-7b"", ""mmke-entity/minigpt-4-vicuna-7b"", ""mmke-entity/qwen2.5-vl-3b"", ""mmke-entity/paligemma-3b"", ""mmke-entity/smolvlm-1.7b""]",74.06,74.06,2.451999999999996,0.16666666666666666,5.828819142512081,5.828819142512081
core7_current,observed_main,1,coverage80,all,all,Middle-Prior/raw,12,"[""evqa-pilot500/blip2-opt-2.7b"", ""evqa-pilot500/minigpt-4-vicuna-7b"", ""evqa-pilot500/smolvlm-1.7b"", ""mmke-visual/blip2-opt-2.7b"", ""mmke-visual/instructblip-vicuna-7b"", ""mmke-visual/minigpt-4-vicuna-7b"", ""mmke-visual/llava-v1.5-7b"", ""mmke-visual/smolvlm-1.7b"", ""mmke-entity/instructblip-vicuna-7b"", ""mmke-entity/minigpt-4-vicuna-7b"", ""mmke-entity/paligemma-3b"", ""mmke-entity/smolvlm-1.7b""]",69.78083333333333,69.78083333333333,5.657166666666667,0,3.1774159812203444,3.1774159812203444
core7_current,observed_main,1,coverage80,all,all,CMA-model_pred/raw,12,"[""evqa-pilot500/blip2-opt-2.7b"", ""evqa-pilot500/minigpt-4-vicuna-7b"", ""evqa-pilot500/smolvlm-1.7b"", ""mmke-visual/blip2-opt-2.7b"", ""mmke-visual/instructblip-vicuna-7b"", ""mmke-visual/minigpt-4-vicuna-7b"", ""mmke-visual/llava-v1.5-7b"", ""mmke-visual/smolvlm-1.7b"", ""mmke-entity/instructblip-vicuna-7b"", ""mmke-entity/minigpt-4-vicuna-7b"", ""mmke-entity/paligemma-3b"", ""mmke-entity/smolvlm-1.7b""]",68.55566666666667,68.55566666666667,6.882333333333333,0.08333333333333333,1.9522493145536781,1.9522493145536781
core7_current,observed_main,1,coverage80,all,all,Perturb-KL-alt/raw,12,"[""evqa-pilot500/blip2-opt-2.7b"", ""evqa-pilot500/minigpt-4-vicuna-7b"", ""evqa-pilot500/smolvlm-1.7b"", ""mmke-visual/blip2-opt-2.7b"", ""mmke-visual/instructblip-vicuna-7b"", ""mmke-visual/minigpt-4-vicuna-7b"", ""mmke-visual/llava-v1.5-7b"", ""mmke-visual/smolvlm-1.7b"", ""mmke-entity/instructblip-vicuna-7b"", ""mmke-entity/minigpt-4-vicuna-7b"", ""mmke-entity/paligemma-3b"", ""mmke-entity/smolvlm-1.7b""]",66.97966666666667,66.97966666666667,8.458333333333334,0,0.37624931455367694,0.37624931455367694
core7_current,observed_main,1,coverage80,all,all,SaLEM-alt/raw,12,"[""evqa-pilot500/blip2-opt-2.7b"", ""evqa-pilot500/minigpt-4-vicuna-7b"", ""evqa-pilot500/smolvlm-1.7b"", ""mmke-visual/blip2-opt-2.7b"", ""mmke-visual/instructblip-vicuna-7b"", ""mmke-visual/minigpt-4-vicuna-7b"", ""mmke-visual/llava-v1.5-7b"", ""mmke-visual/smolvlm-1.7b"", ""mmke-entity/instructblip-vicuna-7b"", ""mmke-entity/minigpt-4-vicuna-7b"", ""mmke-entity/paligemma-3b"", ""mmke-entity/smolvlm-1.7b""]",63.16383333333333,63.16383333333333,12.27416666666667,0.08333333333333333,-3.4395840187796587,-3.4395840187796587
core7_current,observed_main,1,coverage80,all,all,LGA-Param/tukey,12,"[""evqa-pilot500/blip2-opt-2.7b"", ""evqa-pilot500/minigpt-4-vicuna-7b"", ""evqa-pilot500/smolvlm-1.7b"", ""mmke-visual/blip2-opt-2.7b"", ""mmke-visual/instructblip-vicuna-7b"", ""mmke-visual/minigpt-4-vicuna-7b"", ""mmke-visual/llava-v1.5-7b"", ""mmke-visual/smolvlm-1.7b"", ""mmke-entity/instructblip-vicuna-7b"", ""mmke-entity/minigpt-4-vicuna-7b"", ""mmke-entity/paligemma-3b"", ""mmke-entity/smolvlm-1.7b""]",68.25566666666667,68.25566666666667,7.182333333333335,0.08333333333333333,1.652249314553676,1.652249314553676
core7_current,observed_main,1,coverage80,all,all,VisEdit-Pre-alt/current,12,"[""evqa-pilot500/blip2-opt-2.7b"", ""evqa-pilot500/minigpt-4-vicuna-7b"", ""evqa-pilot500/smolvlm-1.7b"", ""mmke-visual/blip2-opt-2.7b"", ""mmke-visual/instructblip-vicuna-7b"", ""mmke-visual/minigpt-4-vicuna-7b"", ""mmke-visual/llava-v1.5-7b"", ""mmke-visual/smolvlm-1.7b"", ""mmke-entity/instructblip-vicuna-7b"", ""mmke-entity/minigpt-4-vicuna-7b"", ""mmke-entity/paligemma-3b"", ""mmke-entity/smolvlm-1.7b""]",67.466,67.466,7.972000000000004,0.08333333333333333,0.8625826478870078,0.8625826478870078
core7_current,observed_main,1,coverage80,all,all,Ours-main/raw,12,"[""evqa-pilot500/blip2-opt-2.7b"", ""evqa-pilot500/minigpt-4-vicuna-7b"", ""evqa-pilot500/smolvlm-1.7b"", ""mmke-visual/blip2-opt-2.7b"", ""mmke-visual/instructblip-vicuna-7b"", ""mmke-visual/minigpt-4-vicuna-7b"", ""mmke-visual/llava-v1.5-7b"", ""mmke-visual/smolvlm-1.7b"", ""mmke-entity/instructblip-vicuna-7b"", ""mmke-entity/minigpt-4-vicuna-7b"", ""mmke-entity/paligemma-3b"", ""mmke-entity/smolvlm-1.7b""]",70.81066666666666,70.81066666666666,4.627333333333335,0.25,4.2072493145536765,4.2072493145536765
core7_current,observed_main,1,coverage80,dataset,evqa-pilot500,Middle-Prior/raw,3,"[""evqa-pilot500/blip2-opt-2.7b"", ""evqa-pilot500/minigpt-4-vicuna-7b"", ""evqa-pilot500/smolvlm-1.7b""]",68.116,68.116,6.096000000000004,0,4.636411111111111,4.636411111111111
core7_current,observed_main,1,coverage80,dataset,evqa-pilot500,CMA-model_pred/raw,3,"[""evqa-pilot500/blip2-opt-2.7b"", ""evqa-pilot500/minigpt-4-vicuna-7b"", ""evqa-pilot500/smolvlm-1.7b""]",59.309333333333335,59.309333333333335,14.90266666666667,0.3333333333333333,-4.170255555555556,-4.170255555555556
core7_current,observed_main,1,coverage80,dataset,evqa-pilot500,Perturb-KL-alt/raw,3,"[""evqa-pilot500/blip2-opt-2.7b"", ""evqa-pilot500/minigpt-4-vicuna-7b"", ""evqa-pilot500/smolvlm-1.7b""]",59.68666666666667,59.68666666666667,14.525333333333336,0,-3.7929222222222214,-3.7929222222222214
core7_current,observed_main,1,coverage80,dataset,evqa-pilot500,SaLEM-alt/raw,3,"[""evqa-pilot500/blip2-opt-2.7b"", ""evqa-pilot500/minigpt-4-vicuna-7b"", ""evqa-pilot500/smolvlm-1.7b""]",65.086,65.086,9.126000000000005,0,1.60641111111111,1.60641111111111
core7_current,observed_main,1,coverage80,dataset,evqa-pilot500,LGA-Param/tukey,3,"[""evqa-pilot500/blip2-opt-2.7b"", ""evqa-pilot500/minigpt-4-vicuna-7b"", ""evqa-pilot500/smolvlm-1.7b""]",57.220666666666666,57.220666666666666,16.991333333333337,0,-6.258922222222222,-6.258922222222222
core7_current,observed_main,1,coverage80,dataset,evqa-pilot500,VisEdit-Pre-alt/current,3,"[""evqa-pilot500/blip2-opt-2.7b"", ""evqa-pilot500/minigpt-4-vicuna-7b"", ""evqa-pilot500/smolvlm-1.7b""]",63.0,63.0,11.212000000000005,0,-0.47958888888889106,-0.47958888888889106
core7_current,observed_main,1,coverage80,dataset,evqa-pilot500,Ours-main/raw,3,"[""evqa-pilot500/blip2-opt-2.7b"", ""evqa-pilot500/minigpt-4-vicuna-7b"", ""evqa-pilot500/smolvlm-1.7b""]",62.56466666666667,62.56466666666667,11.647333333333336,0.3333333333333333,-0.9149222222222212,-0.9149222222222212
core7_current,observed_main,1,coverage80,dataset,mmke-visual,Middle-Prior/raw,5,"[""mmke-visual/blip2-opt-2.7b"", ""mmke-visual/instructblip-vicuna-7b"", ""mmke-visual/minigpt-4-vicuna-7b"", ""mmke-visual/llava-v1.5-7b"", ""mmke-visual/smolvlm-1.7b""]",68.524,68.524,5.220799999999997,0,0.23203538391433512,0.23203538391433512
core7_current,observed_main,1,coverage80,dataset,mmke-visual,CMA-model_pred/raw,5,"[""mmke-visual/blip2-opt-2.7b"", ""mmke-visual/instructblip-vicuna-7b"", ""mmke-visual/minigpt-4-vicuna-7b"", ""mmke-visual/llava-v1.5-7b"", ""mmke-visual/smolvlm-1.7b""]",72.25919999999999,72.25919999999999,1.4856000000000023,0,3.9672353839143297,3.9672353839143297
core7_current,observed_main,1,coverage80,dataset,mmke-visual,Perturb-KL-alt/raw,5,"[""mmke-visual/blip2-opt-2.7b"", ""mmke-visual/instructblip-vicuna-7b"", ""mmke-visual/minigpt-4-vicuna-7b"", ""mmke-visual/llava-v1.5-7b"", ""mmke-visual/smolvlm-1.7b""]",68.11399999999999,68.11399999999999,5.630800000000005,0,-0.17796461608567285,-0.17796461608567285
core7_current,observed_main,1,coverage80,dataset,mmke-visual,SaLEM-alt/raw,5,"[""mmke-visual/blip2-opt-2.7b"", ""mmke-visual/instructblip-vicuna-7b"", ""mmke-visual/minigpt-4-vicuna-7b"", ""mmke-visual/llava-v1.5-7b"", ""mmke-visual/smolvlm-1.7b""]",65.4036,65.4036,8.341200000000004,0,-2.8883646160856715,-2.8883646160856715
core7_current,observed_main,1,coverage80,dataset,mmke-visual,LGA-Param/tukey,5,"[""mmke-visual/blip2-opt-2.7b"", ""mmke-visual/instructblip-vicuna-7b"", ""mmke-visual/minigpt-4-vicuna-7b"", ""mmke-visual/llava-v1.5-7b"", ""mmke-visual/smolvlm-1.7b""]",68.4588,68.4588,5.286000000000004,0,0.1668353839143279,0.1668353839143279
core7_current,observed_main,1,coverage80,dataset,mmke-visual,VisEdit-Pre-alt/current,5,"[""mmke-visual/blip2-opt-2.7b"", ""mmke-visual/instructblip-vicuna-7b"", ""mmke-visual/minigpt-4-vicuna-7b"", ""mmke-visual/llava-v1.5-7b"", ""mmke-visual/smolvlm-1.7b""]",67.2792,67.2792,6.465600000000004,0,-1.0127646160856714,-1.0127646160856714
core7_current,observed_main,1,coverage80,dataset,mmke-visual,Ours-main/raw,5,"[""mmke-visual/blip2-opt-2.7b"", ""mmke-visual/instructblip-vicuna-7b"", ""mmke-visual/minigpt-4-vicuna-7b"", ""mmke-visual/llava-v1.5-7b"", ""mmke-visual/smolvlm-1.7b""]",71.14999999999999,71.14999999999999,2.5948000000000038,0.2,2.8580353839143284,2.8580353839143284
core7_current,observed_main,1,coverage80,dataset,mmke-entity,Middle-Prior/raw,4,"[""mmke-entity/instructblip-vicuna-7b"", ""mmke-entity/minigpt-4-vicuna-7b"", ""mmke-entity/paligemma-3b"", ""mmke-entity/smolvlm-1.7b""]",72.6005,72.6005,5.873500000000002,0,5.764895380434782,5.764895380434782
core7_current,observed_main,1,coverage80,dataset,mmke-entity,CMA-model_pred/raw,4,"[""mmke-entity/instructblip-vicuna-7b"", ""mmke-entity/minigpt-4-vicuna-7b"", ""mmke-entity/paligemma-3b"", ""mmke-entity/smolvlm-1.7b""]",70.861,70.861,7.612999999999994,0,4.025395380434789,4.025395380434789
core7_current,observed_main,1,coverage80,dataset,mmke-entity,Perturb-KL-alt/raw,4,"[""mmke-entity/instructblip-vicuna-7b"", ""mmke-entity/minigpt-4-vicuna-7b"", ""mmke-entity/paligemma-3b"", ""mmke-entity/smolvlm-1.7b""]",71.03150000000001,71.03150000000001,7.4424999999999955,0,4.195895380434788,4.195895380434788
core7_current,observed_main,1,coverage80,dataset,mmke-entity,SaLEM-alt/raw,4,"[""mmke-entity/instructblip-vicuna-7b"", ""mmke-entity/minigpt-4-vicuna-7b"", ""mmke-entity/paligemma-3b"", ""mmke-entity/smolvlm-1.7b""]",58.9225,58.9225,19.551500000000004,0.25,-7.913104619565219,-7.913104619565219
core7_current,observed_main,1,coverage80,dataset,mmke-entity,LGA-Param/tukey,4,"[""mmke-entity/instructblip-vicuna-7b"", ""mmke-entity/minigpt-4-vicuna-7b"", ""mmke-entity/paligemma-3b"", ""mmke-entity/smolvlm-1.7b""]",76.278,76.278,2.195999999999998,0.25,9.442395380434785,9.442395380434785
core7_current,observed_main,1,coverage80,dataset,mmke-entity,VisEdit-Pre-alt/current,4,"[""mmke-entity/instructblip-vicuna-7b"", ""mmke-entity/minigpt-4-vicuna-7b"", ""mmke-entity/paligemma-3b"", ""mmke-entity/smolvlm-1.7b""]",71.04899999999999,71.04899999999999,7.4250000000000025,0.25,4.213395380434781,4.213395380434781
core7_current,observed_main,1,coverage80,dataset,mmke-entity,Ours-main/raw,4,"[""mmke-entity/instructblip-vicuna-7b"", ""mmke-entity/minigpt-4-vicuna-7b"", ""mmke-entity/paligemma-3b"", ""mmke-entity/smolvlm-1.7b""]",76.571,76.571,1.9029999999999987,0.25,9.735395380434785,9.735395380434785
core7_current,observed_main,3,all,all,all,Middle-Prior/raw,18,"[""evqa-pilot500/blip2-opt-2.7b"", ""evqa-pilot500/minigpt-4-vicuna-7b"", ""evqa-pilot500/llava-v1.5-7b"", ""evqa-pilot500/qwen2.5-vl-3b"", ""evqa-pilot500/paligemma-3b"", ""evqa-pilot500/smolvlm-1.7b"", ""mmke-visual/blip2-opt-2.7b"", ""mmke-visual/instructblip-vicuna-7b"", ""mmke-visual/minigpt-4-vicuna-7b"", ""mmke-visual/llava-v1.5-7b"", ""mmke-visual/qwen2.5-vl-3b"", ""mmke-visual/paligemma-3b"", ""mmke-visual/smolvlm-1.7b"", ""mmke-entity/blip2-opt-2.7b"", ""mmke-entity/instructblip-vicuna-7b"", ""mmke-entity/qwen2.5-vl-3b"", ""mmke-entity/paligemma-3b"", ""mmke-entity/smolvlm-1.7b""]",71.67888888888889,69.49185185185185,4.0889999999999995,0,0.13252939377115464,3.2572555491673367
core7_current,observed_main,3,all,all,all,CMA-model_pred/raw,18,"[""evqa-pilot500/blip2-opt-2.7b"", ""evqa-pilot500/minigpt-4-vicuna-7b"", ""evqa-pilot500/llava-v1.5-7b"", ""evqa-pilot500/qwen2.5-vl-3b"", ""evqa-pilot500/paligemma-3b"", ""evqa-pilot500/smolvlm-1.7b"", ""mmke-visual/blip2-opt-2.7b"", ""mmke-visual/instructblip-vicuna-7b"", ""mmke-visual/minigpt-4-vicuna-7b"", ""mmke-visual/llava-v1.5-7b"", ""mmke-visual/qwen2.5-vl-3b"", ""mmke-visual/paligemma-3b"", ""mmke-visual/smolvlm-1.7b"", ""mmke-entity/blip2-opt-2.7b"", ""mmke-entity/instructblip-vicuna-7b"", ""mmke-entity/qwen2.5-vl-3b"", ""mmke-entity/paligemma-3b"", ""mmke-entity/smolvlm-1.7b""]",72.47311111111111,69.51666666666667,3.2947777777777785,0.2222222222222222,0.9267516159933761,3.282070363982151
core7_current,observed_main,3,all,all,all,Perturb-KL-alt/raw,18,"[""evqa-pilot500/blip2-opt-2.7b"", ""evqa-pilot500/minigpt-4-vicuna-7b"", ""evqa-pilot500/llava-v1.5-7b"", ""evqa-pilot500/qwen2.5-vl-3b"", ""evqa-pilot500/paligemma-3b"", ""evqa-pilot500/smolvlm-1.7b"", ""mmke-visual/blip2-opt-2.7b"", ""mmke-visual/instructblip-vicuna-7b"", ""mmke-visual/minigpt-4-vicuna-7b"", ""mmke-visual/llava-v1.5-7b"", ""mmke-visual/qwen2.5-vl-3b"", ""mmke-visual/paligemma-3b"", ""mmke-visual/smolvlm-1.7b"", ""mmke-entity/blip2-opt-2.7b"", ""mmke-entity/instructblip-vicuna-7b"", ""mmke-entity/qwen2.5-vl-3b"", ""mmke-entity/paligemma-3b"", ""mmke-entity/smolvlm-1.7b""]",71.52433333333333,68.66637037037037,4.243555555555556,0.16666666666666666,-0.022026161784401508,2.4317740676858532
core7_current,observed_main,3,all,all,all,SaLEM-alt/raw,18,"[""evqa-pilot500/blip2-opt-2.7b"", ""evqa-pilot500/minigpt-4-vicuna-7b"", ""evqa-pilot500/llava-v1.5-7b"", ""evqa-pilot500/qwen2.5-vl-3b"", ""evqa-pilot500/paligemma-3b"", ""evqa-pilot500/smolvlm-1.7b"", ""mmke-visual/blip2-opt-2.7b"", ""mmke-visual/instructblip-vicuna-7b"", ""mmke-visual/minigpt-4-vicuna-7b"", ""mmke-visual/llava-v1.5-7b"", ""mmke-visual/qwen2.5-vl-3b"", ""mmke-visual/paligemma-3b"", ""mmke-visual/smolvlm-1.7b"", ""mmke-entity/blip2-opt-2.7b"", ""mmke-entity/instructblip-vicuna-7b"", ""mmke-entity/qwen2.5-vl-3b"", ""mmke-entity/paligemma-3b"", ""mmke-entity/smolvlm-1.7b""]",70.19844444444445,67.10748148148149,5.569444444444446,0.3333333333333333,-1.3479150506732915,0.8728851787969647
core7_current,observed_main,3,all,all,all,LGA-Param/tukey,18,"[""evqa-pilot500/blip2-opt-2.7b"", ""evqa-pilot500/minigpt-4-vicuna-7b"", ""evqa-pilot500/llava-v1.5-7b"", ""evqa-pilot500/qwen2.5-vl-3b"", ""evqa-pilot500/paligemma-3b"", ""evqa-pilot500/smolvlm-1.7b"", ""mmke-visual/blip2-opt-2.7b"", ""mmke-visual/instructblip-vicuna-7b"", ""mmke-visual/minigpt-4-vicuna-7b"", ""mmke-visual/llava-v1.5-7b"", ""mmke-visual/qwen2.5-vl-3b"", ""mmke-visual/paligemma-3b"", ""mmke-visual/smolvlm-1.7b"", ""mmke-entity/blip2-opt-2.7b"", ""mmke-entity/instructblip-vicuna-7b"", ""mmke-entity/qwen2.5-vl-3b"", ""mmke-entity/paligemma-3b"", ""mmke-entity/smolvlm-1.7b""]",71.63244444444445,68.05318518518519,4.135444444444445,0.2222222222222222,0.08608494932670949,1.81858888250067
core7_current,observed_main,3,all,all,all,VisEdit-Pre-alt/current,18,"[""evqa-pilot500/blip2-opt-2.7b"", ""evqa-pilot500/minigpt-4-vicuna-7b"", ""evqa-pilot500/llava-v1.5-7b"", ""evqa-pilot500/qwen2.5-vl-3b"", ""evqa-pilot500/paligemma-3b"", ""evqa-pilot500/smolvlm-1.7b"", ""mmke-visual/blip2-opt-2.7b"", ""mmke-visual/instructblip-vicuna-7b"", ""mmke-visual/minigpt-4-vicuna-7b"", ""mmke-visual/llava-v1.5-7b"", ""mmke-visual/qwen2.5-vl-3b"", ""mmke-visual/paligemma-3b"", ""mmke-visual/smolvlm-1.7b"", ""mmke-entity/blip2-opt-2.7b"", ""mmke-entity/instructblip-vicuna-7b"", ""mmke-entity/qwen2.5-vl-3b"", ""mmke-entity/paligemma-3b"", ""mmke-entity/smolvlm-1.7b""]",69.80088888888889,65.11133333333333,5.967000000000001,0.05555555555555555,-1.745470606228847,-1.1232629693511835
core7_current,observed_main,3,all,all,all,Ours-main/raw,18,"[""evqa-pilot500/blip2-opt-2.7b"", ""evqa-pilot500/minigpt-4-vicuna-7b"", ""evqa-pilot500/llava-v1.5-7b"", ""evqa-pilot500/qwen2.5-vl-3b"", ""evqa-pilot500/paligemma-3b"", ""evqa-pilot500/smolvlm-1.7b"", ""mmke-visual/blip2-opt-2.7b"", ""mmke-visual/instructblip-vicuna-7b"", ""mmke-visual/minigpt-4-vicuna-7b"", ""mmke-visual/llava-v1.5-7b"", ""mmke-visual/qwen2.5-vl-3b"", ""mmke-visual/paligemma-3b"", ""mmke-visual/smolvlm-1.7b"", ""mmke-entity/blip2-opt-2.7b"", ""mmke-entity/instructblip-vicuna-7b"", ""mmke-entity/qwen2.5-vl-3b"", ""mmke-entity/paligemma-3b"", ""mmke-entity/smolvlm-1.7b""]",73.78533333333334,69.02407407407408,1.9825555555555558,0.3888888888888889,2.2389738382155984,2.789477771389559
core7_current,observed_main,3,all,dataset,evqa-pilot500,Middle-Prior/raw,6,"[""evqa-pilot500/blip2-opt-2.7b"", ""evqa-pilot500/minigpt-4-vicuna-7b"", ""evqa-pilot500/llava-v1.5-7b"", ""evqa-pilot500/qwen2.5-vl-3b"", ""evqa-pilot500/paligemma-3b"", ""evqa-pilot500/smolvlm-1.7b""]",69.902,65.57266666666666,3.7963333333333367,0,1.0617537378703166,2.945222970085471
core7_current,observed_main,3,all,dataset,evqa-pilot500,CMA-model_pred/raw,6,"[""evqa-pilot500/blip2-opt-2.7b"", ""evqa-pilot500/minigpt-4-vicuna-7b"", ""evqa-pilot500/llava-v1.5-7b"", ""evqa-pilot500/qwen2.5-vl-3b"", ""evqa-pilot500/paligemma-3b"", ""evqa-pilot500/smolvlm-1.7b""]",68.28333333333333,64.05277777777778,5.414999999999998,0.16666666666666666,-0.5569129287963447,1.4253340811965838
core7_current,observed_main,3,all,dataset,evqa-pilot500,Perturb-KL-alt/raw,6,"[""evqa-pilot500/blip2-opt-2.7b"", ""evqa-pilot500/minigpt-4-vicuna-7b"", ""evqa-pilot500/llava-v1.5-7b"", ""evqa-pilot500/qwen2.5-vl-3b"", ""evqa-pilot500/paligemma-3b"", ""evqa-pilot500/smolvlm-1.7b""]",68.94233333333334,63.91366666666667,4.755999999999998,0.16666666666666666,0.10208707120365546,1.286222970085473
core7_current,observed_main,3,all,dataset,evqa-pilot500,SaLEM-alt/raw,6,"[""evqa-pilot500/blip2-opt-2.7b"", ""evqa-pilot500/minigpt-4-vicuna-7b"", ""evqa-pilot500/llava-v1.5-7b"", ""evqa-pilot500/qwen2.5-vl-3b"", ""evqa-pilot500/paligemma-3b"", ""evqa-pilot500/smolvlm-1.7b""]",72.476,66.03888888888889,1.2223333333333326,0.3333333333333333,3.6357537378703206,3.411445192307692
core7_current,observed_main,3,all,dataset,evqa-pilot500,LGA-Param/tukey,6,"[""evqa-pilot500/blip2-opt-2.7b"", ""evqa-pilot500/minigpt-4-vicuna-7b"", ""evqa-pilot500/llava-v1.5-7b"", ""evqa-pilot500/qwen2.5-vl-3b"", ""evqa-pilot500/paligemma-3b"", ""evqa-pilot500/smolvlm-1.7b""]",66.103,61.906333333333336,7.595333333333335,0,-2.737246262129682,-0.721110363247862
core7_current,observed_main,3,all,dataset,evqa-pilot500,VisEdit-Pre-alt/current,6,"[""evqa-pilot500/blip2-opt-2.7b"", ""evqa-pilot500/minigpt-4-vicuna-7b"", ""evqa-pilot500/llava-v1.5-7b"", ""evqa-pilot500/qwen2.5-vl-3b"", ""evqa-pilot500/paligemma-3b"", ""evqa-pilot500/smolvlm-1.7b""]",66.594,65.08133333333333,7.104333333333337,0,-2.2462462621296844,2.4538896367521374
core7_current,observed_main,3,all,dataset,evqa-pilot500,Ours-main/raw,6,"[""evqa-pilot500/blip2-opt-2.7b"", ""evqa-pilot500/minigpt-4-vicuna-7b"", ""evqa-pilot500/llava-v1.5-7b"", ""evqa-pilot500/qwen2.5-vl-3b"", ""evqa-pilot500/paligemma-3b"", ""evqa-pilot500/smolvlm-1.7b""]",68.65566666666666,64.18411111111111,5.042666666666666,0.5,-0.1845795954630134,1.5566674145299153
core7_current,observed_main,3,all,dataset,mmke-visual,Middle-Prior/raw,7,"[""mmke-visual/blip2-opt-2.7b"", ""mmke-visual/instructblip-vicuna-7b"", ""mmke-visual/minigpt-4-vicuna-7b"", ""mmke-visual/llava-v1.5-7b"", ""mmke-visual/qwen2.5-vl-3b"", ""mmke-visual/paligemma-3b"", ""mmke-visual/smolvlm-1.7b""]",73.31,72.36390476190476,3.665142857142856,0,-0.23623476573487473,3.4200496013466783
core7_current,observed_main,3,all,dataset,mmke-visual,CMA-model_pred/raw,7,"[""mmke-visual/blip2-opt-2.7b"", ""mmke-visual/instructblip-vicuna-7b"", ""mmke-visual/minigpt-4-vicuna-7b"", ""mmke-visual/llava-v1.5-7b"", ""mmke-visual/qwen2.5-vl-3b"", ""mmke-visual/paligemma-3b"", ""mmke-visual/smolvlm-1.7b""]",76.25742857142858,73.17257142857143,0.7177142857142899,0.14285714285714285,2.7111938056936915,4.2287162680133425
core7_current,observed_main,3,all,dataset,mmke-visual,Perturb-KL-alt/raw,7,"[""mmke-visual/blip2-opt-2.7b"", ""mmke-visual/instructblip-vicuna-7b"", ""mmke-visual/minigpt-4-vicuna-7b"", ""mmke-visual/llava-v1.5-7b"", ""mmke-visual/qwen2.5-vl-3b"", ""mmke-visual/paligemma-3b"", ""mmke-visual/smolvlm-1.7b""]",73.02028571428572,70.89342857142857,3.9548571428571466,0.14285714285714285,-0.5259490514491654,1.9495734108704812
core7_current,observed_main,3,all,dataset,mmke-visual,SaLEM-alt/raw,7,"[""mmke-visual/blip2-opt-2.7b"", ""mmke-visual/instructblip-vicuna-7b"", ""mmke-visual/minigpt-4-vicuna-7b"", ""mmke-visual/llava-v1.5-7b"", ""mmke-visual/qwen2.5-vl-3b"", ""mmke-visual/paligemma-3b"", ""mmke-visual/smolvlm-1.7b""]",73.92342857142857,72.36990476190476,3.051714285714289,0.5714285714285714,0.3771938056936922,3.4260496013466764
core7_current,observed_main,3,all,dataset,mmke-visual,LGA-Param/tukey,7,"[""mmke-visual/blip2-opt-2.7b"", ""mmke-visual/instructblip-vicuna-7b"", ""mmke-visual/minigpt-4-vicuna-7b"", ""mmke-visual/llava-v1.5-7b"", ""mmke-visual/qwen2.5-vl-3b"", ""mmke-visual/paligemma-3b"", ""mmke-visual/smolvlm-1.7b""]",73.40142857142857,72.44057142857143,3.5737142857142863,0.2857142857142857,-0.14480619430630526,3.496716268013344
core7_current,observed_main,3,all,dataset,mmke-visual,VisEdit-Pre-alt/current,7,"[""mmke-visual/blip2-opt-2.7b"", ""mmke-visual/instructblip-vicuna-7b"", ""mmke-visual/minigpt-4-vicuna-7b"", ""mmke-visual/llava-v1.5-7b"", ""mmke-visual/qwen2.5-vl-3b"", ""mmke-visual/paligemma-3b"", ""mmke-visual/smolvlm-1.7b""]",71.9857142857143,66.25209523809524,4.989428571428573,0,-1.5605204800205914,-2.6917599224628472
core7_current,observed_main,3,all,dataset,mmke-visual,Ours-main/raw,7,"[""mmke-visual/blip2-opt-2.7b"", ""mmke-visual/instructblip-vicuna-7b"", ""mmke-visual/minigpt-4-vicuna-7b"", ""mmke-visual/llava-v1.5-7b"", ""mmke-visual/qwen2.5-vl-3b"", ""mmke-visual/paligemma-3b"", ""mmke-visual/smolvlm-1.7b""]",76.426,69.79466666666667,0.5491428571428584,0.2857142857142857,2.8797652342651228,0.8508115061085836
core7_current,observed_main,3,all,dataset,mmke-entity,Middle-Prior/raw,5,"[""mmke-entity/blip2-opt-2.7b"", ""mmke-entity/instructblip-vicuna-7b"", ""mmke-entity/qwen2.5-vl-3b"", ""mmke-entity/paligemma-3b"", ""mmke-entity/smolvlm-1.7b""]",71.5276,70.174,5.033599999999997,0,-0.46626999583939865,3.403782971014498
core7_current,observed_main,3,all,dataset,mmke-entity,CMA-model_pred/raw,5,"[""mmke-entity/blip2-opt-2.7b"", ""mmke-entity/instructblip-vicuna-7b"", ""mmke-entity/qwen2.5-vl-3b"", ""mmke-entity/paligemma-3b"", ""mmke-entity/smolvlm-1.7b""]",72.2028,70.95506666666667,4.358399999999999,0.4,0.20893000416059948,4.184849637681164
core7_current,observed_main,3,all,dataset,mmke-entity,Perturb-KL-alt/raw,5,"[""mmke-entity/blip2-opt-2.7b"", ""mmke-entity/instructblip-vicuna-7b"", ""mmke-entity/qwen2.5-vl-3b"", ""mmke-entity/paligemma-3b"", ""mmke-entity/smolvlm-1.7b""]",72.5284,71.25173333333333,4.032799999999999,0.2,0.5345300041605995,4.4815163043478305
core7_current,observed_main,3,all,dataset,mmke-entity,SaLEM-alt/raw,5,"[""mmke-entity/blip2-opt-2.7b"", ""mmke-entity/instructblip-vicuna-7b"", ""mmke-entity/qwen2.5-vl-3b"", ""mmke-entity/paligemma-3b"", ""mmke-entity/smolvlm-1.7b""]",62.2504,61.0224,14.310800000000002,0,-9.743469995839403,-5.747817028985504
core7_current,observed_main,3,all,dataset,mmke-entity,LGA-Param/tukey,5,"[""mmke-entity/blip2-opt-2.7b"", ""mmke-entity/instructblip-vicuna-7b"", ""mmke-entity/qwen2.5-vl-3b"", ""mmke-entity/paligemma-3b"", ""mmke-entity/smolvlm-1.7b""]",75.7912,69.28706666666668,0.7699999999999989,0.4,3.7973300041605995,2.5168496376811644
core7_current,observed_main,3,all,dataset,mmke-entity,VisEdit-Pre-alt/current,5,"[""mmke-entity/blip2-opt-2.7b"", ""mmke-entity/instructblip-vicuna-7b"", ""mmke-entity/qwen2.5-vl-3b"", ""mmke-entity/paligemma-3b"", ""mmke-entity/smolvlm-1.7b""]",70.5904,63.550266666666666,5.970799999999999,0.2,-1.4034699958394001,-3.2199503623188392
core7_current,observed_main,3,all,dataset,mmke-entity,Ours-main/raw,5,"[""mmke-entity/blip2-opt-2.7b"", ""mmke-entity/instructblip-vicuna-7b"", ""mmke-entity/qwen2.5-vl-3b"", ""mmke-entity/paligemma-3b"", ""mmke-entity/smolvlm-1.7b""]",76.244,73.7532,0.3171999999999997,0.4,4.2501300041605985,6.982982971014498
core7_current,observed_main,3,coverage80,all,all,Middle-Prior/raw,11,"[""evqa-pilot500/blip2-opt-2.7b"", ""evqa-pilot500/minigpt-4-vicuna-7b"", ""evqa-pilot500/smolvlm-1.7b"", ""mmke-visual/blip2-opt-2.7b"", ""mmke-visual/instructblip-vicuna-7b"", ""mmke-visual/minigpt-4-vicuna-7b"", ""mmke-visual/llava-v1.5-7b"", ""mmke-visual/smolvlm-1.7b"", ""mmke-entity/instructblip-vicuna-7b"", ""mmke-entity/paligemma-3b"", ""mmke-entity/smolvlm-1.7b""]",70.03181818181818,68.76593939393939,5.330909090909092,0,-0.32049933952872584,2.9745750098161348
core7_current,observed_main,3,coverage80,all,all,CMA-model_pred/raw,11,"[""evqa-pilot500/blip2-opt-2.7b"", ""evqa-pilot500/minigpt-4-vicuna-7b"", ""evqa-pilot500/smolvlm-1.7b"", ""mmke-visual/blip2-opt-2.7b"", ""mmke-visual/instructblip-vicuna-7b"", ""mmke-visual/minigpt-4-vicuna-7b"", ""mmke-visual/llava-v1.5-7b"", ""mmke-visual/smolvlm-1.7b"", ""mmke-entity/instructblip-vicuna-7b"", ""mmke-entity/paligemma-3b"", ""mmke-entity/smolvlm-1.7b""]",70.92418181818182,67.45387878787879,4.438545454545455,0.2727272727272727,0.5718642968349108,1.6625144037555268
core7_current,observed_main,3,coverage80,all,all,Perturb-KL-alt/raw,11,"[""evqa-pilot500/blip2-opt-2.7b"", ""evqa-pilot500/minigpt-4-vicuna-7b"", ""evqa-pilot500/smolvlm-1.7b"", ""mmke-visual/blip2-opt-2.7b"", ""mmke-visual/instructblip-vicuna-7b"", ""mmke-visual/minigpt-4-vicuna-7b"", ""mmke-visual/llava-v1.5-7b"", ""mmke-visual/smolvlm-1.7b"", ""mmke-entity/instructblip-vicuna-7b"", ""mmke-entity/paligemma-3b"", ""mmke-entity/smolvlm-1.7b""]",69.71709090909091,67.2661212121212,5.645636363636364,0.2727272727272727,-0.6352266122559982,1.4747568279979497
core7_current,observed_main,3,coverage80,all,all,SaLEM-alt/raw,11,"[""evqa-pilot500/blip2-opt-2.7b"", ""evqa-pilot500/minigpt-4-vicuna-7b"", ""evqa-pilot500/smolvlm-1.7b"", ""mmke-visual/blip2-opt-2.7b"", ""mmke-visual/instructblip-vicuna-7b"", ""mmke-visual/minigpt-4-vicuna-7b"", ""mmke-visual/llava-v1.5-7b"", ""mmke-visual/smolvlm-1.7b"", ""mmke-entity/instructblip-vicuna-7b"", ""mmke-entity/paligemma-3b"", ""mmke-entity/smolvlm-1.7b""]",66.94618181818181,64.39957575757576,8.416545454545457,0.36363636363636365,-3.4061357031650914,-1.3917886265475057
core7_current,observed_main,3,coverage80,all,all,LGA-Param/tukey,11,"[""evqa-pilot500/blip2-opt-2.7b"", ""evqa-pilot500/minigpt-4-vicuna-7b"", ""evqa-pilot500/smolvlm-1.7b"", ""mmke-visual/blip2-opt-2.7b"", ""mmke-visual/instructblip-vicuna-7b"", ""mmke-visual/minigpt-4-vicuna-7b"", ""mmke-visual/llava-v1.5-7b"", ""mmke-visual/smolvlm-1.7b"", ""mmke-entity/instructblip-vicuna-7b"", ""mmke-entity/paligemma-3b"", ""mmke-entity/smolvlm-1.7b""]",69.94327272727273,66.30806060606061,5.419454545454547,0.09090909090909091,-0.4090447940741813,0.5166962219373439
core7_current,observed_main,3,coverage80,all,all,VisEdit-Pre-alt/current,11,"[""evqa-pilot500/blip2-opt-2.7b"", ""evqa-pilot500/minigpt-4-vicuna-7b"", ""evqa-pilot500/smolvlm-1.7b"", ""mmke-visual/blip2-opt-2.7b"", ""mmke-visual/instructblip-vicuna-7b"", ""mmke-visual/minigpt-4-vicuna-7b"", ""mmke-visual/llava-v1.5-7b"", ""mmke-visual/smolvlm-1.7b"", ""mmke-entity/instructblip-vicuna-7b"", ""mmke-entity/paligemma-3b"", ""mmke-entity/smolvlm-1.7b""]",67.39872727272727,63.879636363636365,7.964000000000001,0.09090909090909091,-2.9535902486196353,-1.9117280204868983
core7_current,observed_main,3,coverage80,all,all,Ours-main/raw,11,"[""evqa-pilot500/blip2-opt-2.7b"", ""evqa-pilot500/minigpt-4-vicuna-7b"", ""evqa-pilot500/smolvlm-1.7b"", ""mmke-visual/blip2-opt-2.7b"", ""mmke-visual/instructblip-vicuna-7b"", ""mmke-visual/minigpt-4-vicuna-7b"", ""mmke-visual/llava-v1.5-7b"", ""mmke-visual/smolvlm-1.7b"", ""mmke-entity/instructblip-vicuna-7b"", ""mmke-entity/paligemma-3b"", ""mmke-entity/smolvlm-1.7b""]",72.30781818181818,69.29236363636363,3.054909090909091,0.36363636363636365,1.955500660471275,3.500999252240376
core7_current,observed_main,3,coverage80,dataset,evqa-pilot500,Middle-Prior/raw,3,"[""evqa-pilot500/blip2-opt-2.7b"", ""evqa-pilot500/minigpt-4-vicuna-7b"", ""evqa-pilot500/smolvlm-1.7b""]",69.98,68.16044444444445,4.232000000000004,0,1.0573152046783652,4.680855555555557
core7_current,observed_main,3,coverage80,dataset,evqa-pilot500,CMA-model_pred/raw,3,"[""evqa-pilot500/blip2-opt-2.7b"", ""evqa-pilot500/minigpt-4-vicuna-7b"", ""evqa-pilot500/smolvlm-1.7b""]",66.52666666666667,61.48111111111111,7.6853333333333325,0.3333333333333333,-2.3960181286549633,-1.9984777777777747
core7_current,observed_main,3,coverage80,dataset,evqa-pilot500,Perturb-KL-alt/raw,3,"[""evqa-pilot500/blip2-opt-2.7b"", ""evqa-pilot500/minigpt-4-vicuna-7b"", ""evqa-pilot500/smolvlm-1.7b""]",67.84466666666667,61.714666666666666,6.367333333333332,0.3333333333333333,-1.078018128654963,-1.7649222222222203
core7_current,observed_main,3,coverage80,dataset,evqa-pilot500,SaLEM-alt/raw,3,"[""evqa-pilot500/blip2-opt-2.7b"", ""evqa-pilot500/minigpt-4-vicuna-7b"", ""evqa-pilot500/smolvlm-1.7b""]",73.45733333333334,67.944,0.7546666666666653,0.3333333333333333,4.534648538011704,4.464411111111109
core7_current,observed_main,3,coverage80,dataset,evqa-pilot500,LGA-Param/tukey,3,"[""evqa-pilot500/blip2-opt-2.7b"", ""evqa-pilot500/minigpt-4-vicuna-7b"", ""evqa-pilot500/smolvlm-1.7b""]",63.166666666666664,60.910444444444444,11.045333333333337,0,-5.756018128654968,-2.569144444444447
core7_current,observed_main,3,coverage80,dataset,evqa-pilot500,VisEdit-Pre-alt/current,3,"[""evqa-pilot500/blip2-opt-2.7b"", ""evqa-pilot500/minigpt-4-vicuna-7b"", ""evqa-pilot500/smolvlm-1.7b""]",64.35266666666666,63.428444444444445,9.859333333333339,0,-4.5700181286549695,-0.051144444444446435
core7_current,observed_main,3,coverage80,dataset,evqa-pilot500,Ours-main/raw,3,"[""evqa-pilot500/blip2-opt-2.7b"", ""evqa-pilot500/minigpt-4-vicuna-7b"", ""evqa-pilot500/smolvlm-1.7b""]",64.47133333333333,60.31377777777777,9.74066666666667,0.3333333333333333,-4.4513514619883,-3.1658111111111134
core7_current,observed_main,3,coverage80,dataset,mmke-visual,Middle-Prior/raw,5,"[""mmke-visual/blip2-opt-2.7b"", ""mmke-visual/instructblip-vicuna-7b"", ""mmke-visual/minigpt-4-vicuna-7b"", ""mmke-visual/llava-v1.5-7b"", ""mmke-visual/smolvlm-1.7b""]",68.8852,68.45266666666667,4.859599999999998,0,-1.2316236889684078,0.16070205058099987
core7_current,observed_main,3,coverage80,dataset,mmke-visual,CMA-model_pred/raw,5,"[""mmke-visual/blip2-opt-2.7b"", ""mmke-visual/instructblip-vicuna-7b"", ""mmke-visual/minigpt-4-vicuna-7b"", ""mmke-visual/llava-v1.5-7b"", ""mmke-visual/smolvlm-1.7b""]",72.8712,69.258,0.8736000000000018,0.2,2.7543763110315878,0.9660353839143297
core7_current,observed_main,3,coverage80,dataset,mmke-visual,Perturb-KL-alt/raw,5,"[""mmke-visual/blip2-opt-2.7b"", ""mmke-visual/instructblip-vicuna-7b"", ""mmke-visual/minigpt-4-vicuna-7b"", ""mmke-visual/llava-v1.5-7b"", ""mmke-visual/smolvlm-1.7b""]",69.0468,68.446,4.698000000000002,0.2,-1.070023688968412,0.1540353839143279
core7_current,observed_main,3,coverage80,dataset,mmke-visual,SaLEM-alt/raw,5,"[""mmke-visual/blip2-opt-2.7b"", ""mmke-visual/instructblip-vicuna-7b"", ""mmke-visual/minigpt-4-vicuna-7b"", ""mmke-visual/llava-v1.5-7b"", ""mmke-visual/smolvlm-1.7b""]",69.4816,67.96733333333333,4.263200000000003,0.6,-0.6352236889684135,-0.32463128275233827
core7_current,observed_main,3,coverage80,dataset,mmke-visual,LGA-Param/tukey,5,"[""mmke-visual/blip2-opt-2.7b"", ""mmke-visual/instructblip-vicuna-7b"", ""mmke-visual/minigpt-4-vicuna-7b"", ""mmke-visual/llava-v1.5-7b"", ""mmke-visual/smolvlm-1.7b""]",68.7416,68.43466666666666,5.003200000000001,0,-1.3752236889684113,0.14270205058099633
core7_current,observed_main,3,coverage80,dataset,mmke-visual,VisEdit-Pre-alt/current,5,"[""mmke-visual/blip2-opt-2.7b"", ""mmke-visual/instructblip-vicuna-7b"", ""mmke-visual/minigpt-4-vicuna-7b"", ""mmke-visual/llava-v1.5-7b"", ""mmke-visual/smolvlm-1.7b""]",67.73400000000001,67.3744,6.010799999999999,0,-2.382823688968409,-0.9175646160856686
core7_current,observed_main,3,coverage80,dataset,mmke-visual,Ours-main/raw,5,"[""mmke-visual/blip2-opt-2.7b"", ""mmke-visual/instructblip-vicuna-7b"", ""mmke-visual/minigpt-4-vicuna-7b"", ""mmke-visual/llava-v1.5-7b"", ""mmke-visual/smolvlm-1.7b""]",73.1072,70.91653333333333,0.6375999999999976,0.4,2.990376311031592,2.624568717247668
core7_current,observed_main,3,coverage80,dataset,mmke-entity,Middle-Prior/raw,3,"[""mmke-entity/instructblip-vicuna-7b"", ""mmke-entity/paligemma-3b"", ""mmke-entity/smolvlm-1.7b""]",71.99466666666666,69.89355555555557,7.215333333333336,0,-0.17977330133634695,5.958082729468603
core7_current,observed_main,3,coverage80,dataset,mmke-entity,CMA-model_pred/raw,3,"[""mmke-entity/instructblip-vicuna-7b"", ""mmke-entity/paligemma-3b"", ""mmke-entity/smolvlm-1.7b""]",72.07666666666667,70.41977777777778,7.133333333333333,0.3333333333333333,-0.09777330133634383,6.484304951690824
core7_current,observed_main,3,coverage80,dataset,mmke-entity,Perturb-KL-alt/raw,3,"[""mmke-entity/instructblip-vicuna-7b"", ""mmke-entity/paligemma-3b"", ""mmke-entity/smolvlm-1.7b""]",72.70666666666668,70.85111111111111,6.503333333333333,0.3333333333333333,0.5322266986636564,6.915638285024156
core7_current,observed_main,3,coverage80,dataset,mmke-entity,SaLEM-alt/raw,3,"[""mmke-entity/instructblip-vicuna-7b"", ""mmke-entity/paligemma-3b"", ""mmke-entity/smolvlm-1.7b""]",56.20933333333333,54.90888888888889,23.00066666666667,0,-15.965106634669683,-9.026583937198067
core7_current,observed_main,3,coverage80,dataset,mmke-entity,LGA-Param/tukey,3,"[""mmke-entity/instructblip-vicuna-7b"", ""mmke-entity/paligemma-3b"", ""mmke-entity/smolvlm-1.7b""]",78.72266666666667,68.16133333333333,0.48733333333333445,0.3333333333333333,6.548226698663655,4.225860507246381
core7_current,observed_main,3,coverage80,dataset,mmke-entity,VisEdit-Pre-alt/current,3,"[""mmke-entity/instructblip-vicuna-7b"", ""mmke-entity/paligemma-3b"", ""mmke-entity/smolvlm-1.7b""]",69.886,58.50622222222222,9.324,0.3333333333333333,-2.2884399680030114,-5.429250603864733
core7_current,observed_main,3,coverage80,dataset,mmke-entity,Ours-main/raw,3,"[""mmke-entity/instructblip-vicuna-7b"", ""mmke-entity/paligemma-3b"", ""mmke-entity/smolvlm-1.7b""]",78.812,75.564,0.39800000000000085,0.3333333333333333,6.637560031996988,11.628527173913044
core7_current,observed_main,5,all,all,all,Middle-Prior/raw,1,"[""mmke-entity/paligemma-3b""]",96.98,81.418,0.0,1,2.0567055860805823,9.592000000000013
core7_current,observed_main,5,all,all,all,CMA-model_pred/raw,1,"[""mmke-entity/paligemma-3b""]",96.98,91.2172,0.0,1,2.0567055860805823,19.391200000000012
core7_current,observed_main,5,all,all,all,Perturb-KL-alt/raw,1,"[""mmke-entity/paligemma-3b""]",96.98,91.924,0.0,1,2.0567055860805823,20.098000000000013
core7_current,observed_main,5,all,all,all,SaLEM-alt/raw,1,"[""mmke-entity/paligemma-3b""]",48.65,38.86,48.330000000000005,0,-46.27329441391942,-32.965999999999994
core7_current,observed_main,5,all,all,all,LGA-Param/tukey,1,"[""mmke-entity/paligemma-3b""]",96.3,58.67,0.6800000000000068,0,1.3767055860805755,-13.155999999999992
core7_current,observed_main,5,all,all,all,VisEdit-Pre-alt/current,1,"[""mmke-entity/paligemma-3b""]",96.3,71.056,0.6800000000000068,0,1.3767055860805755,-0.769999999999996
core7_current,observed_main,5,all,all,all,Ours-main/raw,1,"[""mmke-entity/paligemma-3b""]",96.98,91.7872,0.0,1,2.0567055860805823,19.961200000000005
core7_current,observed_main,5,all,dataset,evqa-pilot500,Middle-Prior/raw,0,[],,,,,,
core7_current,observed_main,5,all,dataset,evqa-pilot500,CMA-model_pred/raw,0,[],,,,,,
core7_current,observed_main,5,all,dataset,evqa-pilot500,Perturb-KL-alt/raw,0,[],,,,,,
core7_current,observed_main,5,all,dataset,evqa-pilot500,SaLEM-alt/raw,0,[],,,,,,
core7_current,observed_main,5,all,dataset,evqa-pilot500,LGA-Param/tukey,0,[],,,,,,
core7_current,observed_main,5,all,dataset,evqa-pilot500,VisEdit-Pre-alt/current,0,[],,,,,,
core7_current,observed_main,5,all,dataset,evqa-pilot500,Ours-main/raw,0,[],,,,,,
core7_current,observed_main,5,all,dataset,mmke-visual,Middle-Prior/raw,0,[],,,,,,
core7_current,observed_main,5,all,dataset,mmke-visual,CMA-model_pred/raw,0,[],,,,,,
core7_current,observed_main,5,all,dataset,mmke-visual,Perturb-KL-alt/raw,0,[],,,,,,
core7_current,observed_main,5,all,dataset,mmke-visual,SaLEM-alt/raw,0,[],,,,,,
core7_current,observed_main,5,all,dataset,mmke-visual,LGA-Param/tukey,0,[],,,,,,
core7_current,observed_main,5,all,dataset,mmke-visual,VisEdit-Pre-alt/current,0,[],,,,,,
core7_current,observed_main,5,all,dataset,mmke-visual,Ours-main/raw,0,[],,,,,,
core7_current,observed_main,5,all,dataset,mmke-entity,Middle-Prior/raw,1,"[""mmke-entity/paligemma-3b""]",96.98,81.418,0.0,1,2.0567055860805823,9.592000000000013
core7_current,observed_main,5,all,dataset,mmke-entity,CMA-model_pred/raw,1,"[""mmke-entity/paligemma-3b""]",96.98,91.2172,0.0,1,2.0567055860805823,19.391200000000012
core7_current,observed_main,5,all,dataset,mmke-entity,Perturb-KL-alt/raw,1,"[""mmke-entity/paligemma-3b""]",96.98,91.924,0.0,1,2.0567055860805823,20.098000000000013
core7_current,observed_main,5,all,dataset,mmke-entity,SaLEM-alt/raw,1,"[""mmke-entity/paligemma-3b""]",48.65,38.86,48.330000000000005,0,-46.27329441391942,-32.965999999999994
core7_current,observed_main,5,all,dataset,mmke-entity,LGA-Param/tukey,1,"[""mmke-entity/paligemma-3b""]",96.3,58.67,0.6800000000000068,0,1.3767055860805755,-13.155999999999992
core7_current,observed_main,5,all,dataset,mmke-entity,VisEdit-Pre-alt/current,1,"[""mmke-entity/paligemma-3b""]",96.3,71.056,0.6800000000000068,0,1.3767055860805755,-0.769999999999996
core7_current,observed_main,5,all,dataset,mmke-entity,Ours-main/raw,1,"[""mmke-entity/paligemma-3b""]",96.98,91.7872,0.0,1,2.0567055860805823,19.961200000000005
core7_current,observed_main,5,coverage80,all,all,Middle-Prior/raw,1,"[""mmke-entity/paligemma-3b""]",96.98,81.418,0.0,1,2.0567055860805823,9.592000000000013
core7_current,observed_main,5,coverage80,all,all,CMA-model_pred/raw,1,"[""mmke-entity/paligemma-3b""]",96.98,91.2172,0.0,1,2.0567055860805823,19.391200000000012
core7_current,observed_main,5,coverage80,all,all,Perturb-KL-alt/raw,1,"[""mmke-entity/paligemma-3b""]",96.98,91.924,0.0,1,2.0567055860805823,20.098000000000013
core7_current,observed_main,5,coverage80,all,all,SaLEM-alt/raw,1,"[""mmke-entity/paligemma-3b""]",48.65,38.86,48.330000000000005,0,-46.27329441391942,-32.965999999999994
core7_current,observed_main,5,coverage80,all,all,LGA-Param/tukey,1,"[""mmke-entity/paligemma-3b""]",96.3,58.67,0.6800000000000068,0,1.3767055860805755,-13.155999999999992
core7_current,observed_main,5,coverage80,all,all,VisEdit-Pre-alt/current,1,"[""mmke-entity/paligemma-3b""]",96.3,71.056,0.6800000000000068,0,1.3767055860805755,-0.769999999999996
core7_current,observed_main,5,coverage80,all,all,Ours-main/raw,1,"[""mmke-entity/paligemma-3b""]",96.98,91.7872,0.0,1,2.0567055860805823,19.961200000000005
core7_current,observed_main,5,coverage80,dataset,evqa-pilot500,Middle-Prior/raw,0,[],,,,,,
core7_current,observed_main,5,coverage80,dataset,evqa-pilot500,CMA-model_pred/raw,0,[],,,,,,
core7_current,observed_main,5,coverage80,dataset,evqa-pilot500,Perturb-KL-alt/raw,0,[],,,,,,
core7_current,observed_main,5,coverage80,dataset,evqa-pilot500,SaLEM-alt/raw,0,[],,,,,,
core7_current,observed_main,5,coverage80,dataset,evqa-pilot500,LGA-Param/tukey,0,[],,,,,,
core7_current,observed_main,5,coverage80,dataset,evqa-pilot500,VisEdit-Pre-alt/current,0,[],,,,,,
core7_current,observed_main,5,coverage80,dataset,evqa-pilot500,Ours-main/raw,0,[],,,,,,
core7_current,observed_main,5,coverage80,dataset,mmke-visual,Middle-Prior/raw,0,[],,,,,,
core7_current,observed_main,5,coverage80,dataset,mmke-visual,CMA-model_pred/raw,0,[],,,,,,
core7_current,observed_main,5,coverage80,dataset,mmke-visual,Perturb-KL-alt/raw,0,[],,,,,,
core7_current,observed_main,5,coverage80,dataset,mmke-visual,SaLEM-alt/raw,0,[],,,,,,
core7_current,observed_main,5,coverage80,dataset,mmke-visual,LGA-Param/tukey,0,[],,,,,,
core7_current,observed_main,5,coverage80,dataset,mmke-visual,VisEdit-Pre-alt/current,0,[],,,,,,
core7_current,observed_main,5,coverage80,dataset,mmke-visual,Ours-main/raw,0,[],,,,,,
core7_current,observed_main,5,coverage80,dataset,mmke-entity,Middle-Prior/raw,1,"[""mmke-entity/paligemma-3b""]",96.98,81.418,0.0,1,2.0567055860805823,9.592000000000013
core7_current,observed_main,5,coverage80,dataset,mmke-entity,CMA-model_pred/raw,1,"[""mmke-entity/paligemma-3b""]",96.98,91.2172,0.0,1,2.0567055860805823,19.391200000000012
core7_current,observed_main,5,coverage80,dataset,mmke-entity,Perturb-KL-alt/raw,1,"[""mmke-entity/paligemma-3b""]",96.98,91.924,0.0,1,2.0567055860805823,20.098000000000013
core7_current,observed_main,5,coverage80,dataset,mmke-entity,SaLEM-alt/raw,1,"[""mmke-entity/paligemma-3b""]",48.65,38.86,48.330000000000005,0,-46.27329441391942,-32.965999999999994
core7_current,observed_main,5,coverage80,dataset,mmke-entity,LGA-Param/tukey,1,"[""mmke-entity/paligemma-3b""]",96.3,58.67,0.6800000000000068,0,1.3767055860805755,-13.155999999999992
core7_current,observed_main,5,coverage80,dataset,mmke-entity,VisEdit-Pre-alt/current,1,"[""mmke-entity/paligemma-3b""]",96.3,71.056,0.6800000000000068,0,1.3767055860805755,-0.769999999999996
core7_current,observed_main,5,coverage80,dataset,mmke-entity,Ours-main/raw,1,"[""mmke-entity/paligemma-3b""]",96.98,91.7872,0.0,1,2.0567055860805823,19.961200000000005
core7_current,main_without_flagged,1,all,all,all,Middle-Prior/raw,18,"[""evqa-pilot500/blip2-opt-2.7b"", ""evqa-pilot500/minigpt-4-vicuna-7b"", ""evqa-pilot500/llava-v1.5-7b"", ""evqa-pilot500/qwen2.5-vl-3b"", ""evqa-pilot500/paligemma-3b"", ""evqa-pilot500/smolvlm-1.7b"", ""mmke-visual/blip2-opt-2.7b"", ""mmke-visual/instructblip-vicuna-7b"", ""mmke-visual/minigpt-4-vicuna-7b"", ""mmke-visual/llava-v1.5-7b"", ""mmke-visual/qwen2.5-vl-3b"", ""mmke-visual/smolvlm-1.7b"", ""mmke-entity/blip2-opt-2.7b"", ""mmke-entity/instructblip-vicuna-7b"", ""mmke-entity/minigpt-4-vicuna-7b"", ""mmke-entity/qwen2.5-vl-3b"", ""mmke-entity/paligemma-3b"", ""mmke-entity/smolvlm-1.7b""]",69.58155555555555,69.58155555555555,4.920222222222222,0,2.5789797758665616,2.5789797758665616
core7_current,main_without_flagged,1,all,all,all,CMA-model_pred/raw,18,"[""evqa-pilot500/blip2-opt-2.7b"", ""evqa-pilot500/minigpt-4-vicuna-7b"", ""evqa-pilot500/llava-v1.5-7b"", ""evqa-pilot500/qwen2.5-vl-3b"", ""evqa-pilot500/paligemma-3b"", ""evqa-pilot500/smolvlm-1.7b"", ""mmke-visual/blip2-opt-2.7b"", ""mmke-visual/instructblip-vicuna-7b"", ""mmke-visual/minigpt-4-vicuna-7b"", ""mmke-visual/llava-v1.5-7b"", ""mmke-visual/qwen2.5-vl-3b"", ""mmke-visual/smolvlm-1.7b"", ""mmke-entity/blip2-opt-2.7b"", ""mmke-entity/instructblip-vicuna-7b"", ""mmke-entity/minigpt-4-vicuna-7b"", ""mmke-entity/qwen2.5-vl-3b"", ""mmke-entity/paligemma-3b"", ""mmke-entity/smolvlm-1.7b""]",68.65933333333334,68.65933333333334,5.842444444444443,0.05555555555555555,1.6567575536443404,1.6567575536443404
core7_current,main_without_flagged,1,all,all,all,Perturb-KL-alt/raw,18,"[""evqa-pilot500/blip2-opt-2.7b"", ""evqa-pilot500/minigpt-4-vicuna-7b"", ""evqa-pilot500/llava-v1.5-7b"", ""evqa-pilot500/qwen2.5-vl-3b"", ""evqa-pilot500/paligemma-3b"", ""evqa-pilot500/smolvlm-1.7b"", ""mmke-visual/blip2-opt-2.7b"", ""mmke-visual/instructblip-vicuna-7b"", ""mmke-visual/minigpt-4-vicuna-7b"", ""mmke-visual/llava-v1.5-7b"", ""mmke-visual/qwen2.5-vl-3b"", ""mmke-visual/smolvlm-1.7b"", ""mmke-entity/blip2-opt-2.7b"", ""mmke-entity/instructblip-vicuna-7b"", ""mmke-entity/minigpt-4-vicuna-7b"", ""mmke-entity/qwen2.5-vl-3b"", ""mmke-entity/paligemma-3b"", ""mmke-entity/smolvlm-1.7b""]",67.71977777777778,67.71977777777778,6.782,0,0.7172019980887837,0.7172019980887837
core7_current,main_without_flagged,1,all,all,all,SaLEM-alt/raw,18,"[""evqa-pilot500/blip2-opt-2.7b"", ""evqa-pilot500/minigpt-4-vicuna-7b"", ""evqa-pilot500/llava-v1.5-7b"", ""evqa-pilot500/qwen2.5-vl-3b"", ""evqa-pilot500/paligemma-3b"", ""evqa-pilot500/smolvlm-1.7b"", ""mmke-visual/blip2-opt-2.7b"", ""mmke-visual/instructblip-vicuna-7b"", ""mmke-visual/minigpt-4-vicuna-7b"", ""mmke-visual/llava-v1.5-7b"", ""mmke-visual/qwen2.5-vl-3b"", ""mmke-visual/smolvlm-1.7b"", ""mmke-entity/blip2-opt-2.7b"", ""mmke-entity/instructblip-vicuna-7b"", ""mmke-entity/minigpt-4-vicuna-7b"", ""mmke-entity/qwen2.5-vl-3b"", ""mmke-entity/paligemma-3b"", ""mmke-entity/smolvlm-1.7b""]",64.81055555555555,64.81055555555555,9.691222222222223,0.05555555555555555,-2.192020224133439,-2.192020224133439
core7_current,main_without_flagged,1,all,all,all,LGA-Param/tukey,18,"[""evqa-pilot500/blip2-opt-2.7b"", ""evqa-pilot500/minigpt-4-vicuna-7b"", ""evqa-pilot500/llava-v1.5-7b"", ""evqa-pilot500/qwen2.5-vl-3b"", ""evqa-pilot500/paligemma-3b"", ""evqa-pilot500/smolvlm-1.7b"", ""mmke-visual/blip2-opt-2.7b"", ""mmke-visual/instructblip-vicuna-7b"", ""mmke-visual/minigpt-4-vicuna-7b"", ""mmke-visual/llava-v1.5-7b"", ""mmke-visual/qwen2.5-vl-3b"", ""mmke-visual/smolvlm-1.7b"", ""mmke-entity/blip2-opt-2.7b"", ""mmke-entity/instructblip-vicuna-7b"", ""mmke-entity/minigpt-4-vicuna-7b"", ""mmke-entity/qwen2.5-vl-3b"", ""mmke-entity/paligemma-3b"", ""mmke-entity/smolvlm-1.7b""]",68.3681111111111,68.3681111111111,6.133666666666667,0.1111111111111111,1.3655353314221168,1.3655353314221168
core7_current,main_without_flagged,1,all,all,all,VisEdit-Pre-alt/current,18,"[""evqa-pilot500/blip2-opt-2.7b"", ""evqa-pilot500/minigpt-4-vicuna-7b"", ""evqa-pilot500/llava-v1.5-7b"", ""evqa-pilot500/qwen2.5-vl-3b"", ""evqa-pilot500/paligemma-3b"", ""evqa-pilot500/smolvlm-1.7b"", ""mmke-visual/blip2-opt-2.7b"", ""mmke-visual/instructblip-vicuna-7b"", ""mmke-visual/minigpt-4-vicuna-7b"", ""mmke-visual/llava-v1.5-7b"", ""mmke-visual/qwen2.5-vl-3b"", ""mmke-visual/smolvlm-1.7b"", ""mmke-entity/blip2-opt-2.7b"", ""mmke-entity/instructblip-vicuna-7b"", ""mmke-entity/minigpt-4-vicuna-7b"", ""mmke-entity/qwen2.5-vl-3b"", ""mmke-entity/paligemma-3b"", ""mmke-entity/smolvlm-1.7b""]",67.79755555555555,67.79755555555555,6.704222222222224,0.05555555555555555,0.7949797758665598,0.7949797758665598
core7_current,main_without_flagged,1,all,all,all,Ours-main/raw,18,"[""evqa-pilot500/blip2-opt-2.7b"", ""evqa-pilot500/minigpt-4-vicuna-7b"", ""evqa-pilot500/llava-v1.5-7b"", ""evqa-pilot500/qwen2.5-vl-3b"", ""evqa-pilot500/paligemma-3b"", ""evqa-pilot500/smolvlm-1.7b"", ""mmke-visual/blip2-opt-2.7b"", ""mmke-visual/instructblip-vicuna-7b"", ""mmke-visual/minigpt-4-vicuna-7b"", ""mmke-visual/llava-v1.5-7b"", ""mmke-visual/qwen2.5-vl-3b"", ""mmke-visual/smolvlm-1.7b"", ""mmke-entity/blip2-opt-2.7b"", ""mmke-entity/instructblip-vicuna-7b"", ""mmke-entity/minigpt-4-vicuna-7b"", ""mmke-entity/qwen2.5-vl-3b"", ""mmke-entity/paligemma-3b"", ""mmke-entity/smolvlm-1.7b""]",70.03455555555556,70.03455555555556,4.467222222222222,0.2222222222222222,3.031979775866562,3.031979775866562
core7_current,main_without_flagged,1,all,dataset,evqa-pilot500,Middle-Prior/raw,6,"[""evqa-pilot500/blip2-opt-2.7b"", ""evqa-pilot500/minigpt-4-vicuna-7b"", ""evqa-pilot500/llava-v1.5-7b"", ""evqa-pilot500/qwen2.5-vl-3b"", ""evqa-pilot500/paligemma-3b"", ""evqa-pilot500/smolvlm-1.7b""]",68.09633333333333,68.09633333333333,5.602000000000001,0,4.781790491452991,4.781790491452991
core7_current,main_without_flagged,1,all,dataset,evqa-pilot500,CMA-model_pred/raw,6,"[""evqa-pilot500/blip2-opt-2.7b"", ""evqa-pilot500/minigpt-4-vicuna-7b"", ""evqa-pilot500/llava-v1.5-7b"", ""evqa-pilot500/qwen2.5-vl-3b"", ""evqa-pilot500/paligemma-3b"", ""evqa-pilot500/smolvlm-1.7b""]",63.007666666666665,63.007666666666665,10.690666666666667,0.16666666666666666,-0.3068761752136749,-0.3068761752136749
core7_current,main_without_flagged,1,all,dataset,evqa-pilot500,Perturb-KL-alt/raw,6,"[""evqa-pilot500/blip2-opt-2.7b"", ""evqa-pilot500/minigpt-4-vicuna-7b"", ""evqa-pilot500/llava-v1.5-7b"", ""evqa-pilot500/qwen2.5-vl-3b"", ""evqa-pilot500/paligemma-3b"", ""evqa-pilot500/smolvlm-1.7b""]",63.434666666666665,63.434666666666665,10.263666666666667,0,0.12012382478632588,0.12012382478632588
core7_current,main_without_flagged,1,all,dataset,evqa-pilot500,SaLEM-alt/raw,6,"[""evqa-pilot500/blip2-opt-2.7b"", ""evqa-pilot500/minigpt-4-vicuna-7b"", ""evqa-pilot500/llava-v1.5-7b"", ""evqa-pilot500/qwen2.5-vl-3b"", ""evqa-pilot500/paligemma-3b"", ""evqa-pilot500/smolvlm-1.7b""]",65.98433333333334,65.98433333333334,7.714000000000001,0,2.6697904914529915,2.6697904914529915
core7_current,main_without_flagged,1,all,dataset,evqa-pilot500,LGA-Param/tukey,6,"[""evqa-pilot500/blip2-opt-2.7b"", ""evqa-pilot500/minigpt-4-vicuna-7b"", ""evqa-pilot500/llava-v1.5-7b"", ""evqa-pilot500/qwen2.5-vl-3b"", ""evqa-pilot500/paligemma-3b"", ""evqa-pilot500/smolvlm-1.7b""]",61.88666666666667,61.88666666666667,11.811666666666666,0,-1.4278761752136724,-1.4278761752136724
core7_current,main_without_flagged,1,all,dataset,evqa-pilot500,VisEdit-Pre-alt/current,6,"[""evqa-pilot500/blip2-opt-2.7b"", ""evqa-pilot500/minigpt-4-vicuna-7b"", ""evqa-pilot500/llava-v1.5-7b"", ""evqa-pilot500/qwen2.5-vl-3b"", ""evqa-pilot500/paligemma-3b"", ""evqa-pilot500/smolvlm-1.7b""]",64.70066666666666,64.70066666666666,8.997666666666666,0,1.3861238247863266,1.3861238247863266
core7_current,main_without_flagged,1,all,dataset,evqa-pilot500,Ours-main/raw,6,"[""evqa-pilot500/blip2-opt-2.7b"", ""evqa-pilot500/minigpt-4-vicuna-7b"", ""evqa-pilot500/llava-v1.5-7b"", ""evqa-pilot500/qwen2.5-vl-3b"", ""evqa-pilot500/paligemma-3b"", ""evqa-pilot500/smolvlm-1.7b""]",65.01533333333333,65.01533333333333,8.683,0.3333333333333333,1.7007904914529928,1.7007904914529928
core7_current,main_without_flagged,1,all,dataset,mmke-visual,Middle-Prior/raw,6,"[""mmke-visual/blip2-opt-2.7b"", ""mmke-visual/instructblip-vicuna-7b"", ""mmke-visual/minigpt-4-vicuna-7b"", ""mmke-visual/llava-v1.5-7b"", ""mmke-visual/qwen2.5-vl-3b"", ""mmke-visual/smolvlm-1.7b""]",68.70333333333333,68.70333333333333,4.591666666666666,0,0.15337731268223465,0.15337731268223465
core7_current,main_without_flagged,1,all,dataset,mmke-visual,CMA-model_pred/raw,6,"[""mmke-visual/blip2-opt-2.7b"", ""mmke-visual/instructblip-vicuna-7b"", ""mmke-visual/minigpt-4-vicuna-7b"", ""mmke-visual/llava-v1.5-7b"", ""mmke-visual/qwen2.5-vl-3b"", ""mmke-visual/smolvlm-1.7b""]",71.79599999999999,71.79599999999999,1.4990000000000023,0,3.2460439793488987,3.2460439793488987
core7_current,main_without_flagged,1,all,dataset,mmke-visual,Perturb-KL-alt/raw,6,"[""mmke-visual/blip2-opt-2.7b"", ""mmke-visual/instructblip-vicuna-7b"", ""mmke-visual/minigpt-4-vicuna-7b"", ""mmke-visual/llava-v1.5-7b"", ""mmke-visual/qwen2.5-vl-3b"", ""mmke-visual/smolvlm-1.7b""]",68.49833333333333,68.49833333333333,4.796666666666671,0,-0.051622687317770755,-0.051622687317770755
core7_current,main_without_flagged,1,all,dataset,mmke-visual,SaLEM-alt/raw,6,"[""mmke-visual/blip2-opt-2.7b"", ""mmke-visual/instructblip-vicuna-7b"", ""mmke-visual/minigpt-4-vicuna-7b"", ""mmke-visual/llava-v1.5-7b"", ""mmke-visual/qwen2.5-vl-3b"", ""mmke-visual/smolvlm-1.7b""]",66.33633333333333,66.33633333333333,6.95866666666667,0,-2.21362268731777,-2.21362268731777
core7_current,main_without_flagged,1,all,dataset,mmke-visual,LGA-Param/tukey,6,"[""mmke-visual/blip2-opt-2.7b"", ""mmke-visual/instructblip-vicuna-7b"", ""mmke-visual/minigpt-4-vicuna-7b"", ""mmke-visual/llava-v1.5-7b"", ""mmke-visual/qwen2.5-vl-3b"", ""mmke-visual/smolvlm-1.7b""]",68.67933333333333,68.67933333333333,4.615666666666672,0,0.129377312682229,0.129377312682229
core7_current,main_without_flagged,1,all,dataset,mmke-visual,VisEdit-Pre-alt/current,6,"[""mmke-visual/blip2-opt-2.7b"", ""mmke-visual/instructblip-vicuna-7b"", ""mmke-visual/minigpt-4-vicuna-7b"", ""mmke-visual/llava-v1.5-7b"", ""mmke-visual/qwen2.5-vl-3b"", ""mmke-visual/smolvlm-1.7b""]",67.45766666666667,67.45766666666667,5.837333333333338,0,-1.0922893539844374,-1.0922893539844374
core7_current,main_without_flagged,1,all,dataset,mmke-visual,Ours-main/raw,6,"[""mmke-visual/blip2-opt-2.7b"", ""mmke-visual/instructblip-vicuna-7b"", ""mmke-visual/minigpt-4-vicuna-7b"", ""mmke-visual/llava-v1.5-7b"", ""mmke-visual/qwen2.5-vl-3b"", ""mmke-visual/smolvlm-1.7b""]",71.02833333333334,71.02833333333334,2.2666666666666706,0.16666666666666666,2.4783773126822304,2.4783773126822304
core7_current,main_without_flagged,1,all,dataset,mmke-entity,Middle-Prior/raw,6,"[""mmke-entity/blip2-opt-2.7b"", ""mmke-entity/instructblip-vicuna-7b"", ""mmke-entity/minigpt-4-vicuna-7b"", ""mmke-entity/qwen2.5-vl-3b"", ""mmke-entity/paligemma-3b"", ""mmke-entity/smolvlm-1.7b""]",71.945,71.945,4.566999999999999,0,2.8017715234644585,2.8017715234644585
core7_current,main_without_flagged,1,all,dataset,mmke-entity,CMA-model_pred/raw,6,"[""mmke-entity/blip2-opt-2.7b"", ""mmke-entity/instructblip-vicuna-7b"", ""mmke-entity/minigpt-4-vicuna-7b"", ""mmke-entity/qwen2.5-vl-3b"", ""mmke-entity/paligemma-3b"", ""mmke-entity/smolvlm-1.7b""]",71.17433333333334,71.17433333333334,5.33766666666666,0,2.0311048567977976,2.0311048567977976
core7_current,main_without_flagged,1,all,dataset,mmke-entity,Perturb-KL-alt/raw,6,"[""mmke-entity/blip2-opt-2.7b"", ""mmke-entity/instructblip-vicuna-7b"", ""mmke-entity/minigpt-4-vicuna-7b"", ""mmke-entity/qwen2.5-vl-3b"", ""mmke-entity/paligemma-3b"", ""mmke-entity/smolvlm-1.7b""]",71.22633333333334,71.22633333333334,5.285666666666661,0,2.083104856797796,2.083104856797796
core7_current,main_without_flagged,1,all,dataset,mmke-entity,SaLEM-alt/raw,6,"[""mmke-entity/blip2-opt-2.7b"", ""mmke-entity/instructblip-vicuna-7b"", ""mmke-entity/minigpt-4-vicuna-7b"", ""mmke-entity/qwen2.5-vl-3b"", ""mmke-entity/paligemma-3b"", ""mmke-entity/smolvlm-1.7b""]",62.111000000000004,62.111000000000004,14.400999999999998,0.16666666666666666,-7.03222847653554,-7.03222847653554
core7_current,main_without_flagged,1,all,dataset,mmke-entity,LGA-Param/tukey,6,"[""mmke-entity/blip2-opt-2.7b"", ""mmke-entity/instructblip-vicuna-7b"", ""mmke-entity/minigpt-4-vicuna-7b"", ""mmke-entity/qwen2.5-vl-3b"", ""mmke-entity/paligemma-3b"", ""mmke-entity/smolvlm-1.7b""]",74.53833333333333,74.53833333333333,1.973666666666664,0.3333333333333333,5.3951048567977935,5.3951048567977935
core7_current,main_without_flagged,1,all,dataset,mmke-entity,VisEdit-Pre-alt/current,6,"[""mmke-entity/blip2-opt-2.7b"", ""mmke-entity/instructblip-vicuna-7b"", ""mmke-entity/minigpt-4-vicuna-7b"", ""mmke-entity/qwen2.5-vl-3b"", ""mmke-entity/paligemma-3b"", ""mmke-entity/smolvlm-1.7b""]",71.23433333333332,71.23433333333332,5.277666666666668,0.16666666666666666,2.09110485679779,2.09110485679779
core7_current,main_without_flagged,1,all,dataset,mmke-entity,Ours-main/raw,6,"[""mmke-entity/blip2-opt-2.7b"", ""mmke-entity/instructblip-vicuna-7b"", ""mmke-entity/minigpt-4-vicuna-7b"", ""mmke-entity/qwen2.5-vl-3b"", ""mmke-entity/paligemma-3b"", ""mmke-entity/smolvlm-1.7b""]",74.06,74.06,2.451999999999996,0.16666666666666666,4.916771523464462,4.916771523464462
core7_current,main_without_flagged,1,coverage80,all,all,Middle-Prior/raw,12,"[""evqa-pilot500/blip2-opt-2.7b"", ""evqa-pilot500/minigpt-4-vicuna-7b"", ""evqa-pilot500/smolvlm-1.7b"", ""mmke-visual/blip2-opt-2.7b"", ""mmke-visual/instructblip-vicuna-7b"", ""mmke-visual/minigpt-4-vicuna-7b"", ""mmke-visual/llava-v1.5-7b"", ""mmke-visual/smolvlm-1.7b"", ""mmke-entity/instructblip-vicuna-7b"", ""mmke-entity/minigpt-4-vicuna-7b"", ""mmke-entity/paligemma-3b"", ""mmke-entity/smolvlm-1.7b""]",69.78083333333333,69.78083333333333,5.657166666666667,0,2.7213921716965346,2.7213921716965346
core7_current,main_without_flagged,1,coverage80,all,all,CMA-model_pred/raw,12,"[""evqa-pilot500/blip2-opt-2.7b"", ""evqa-pilot500/minigpt-4-vicuna-7b"", ""evqa-pilot500/smolvlm-1.7b"", ""mmke-visual/blip2-opt-2.7b"", ""mmke-visual/instructblip-vicuna-7b"", ""mmke-visual/minigpt-4-vicuna-7b"", ""mmke-visual/llava-v1.5-7b"", ""mmke-visual/smolvlm-1.7b"", ""mmke-entity/instructblip-vicuna-7b"", ""mmke-entity/minigpt-4-vicuna-7b"", ""mmke-entity/paligemma-3b"", ""mmke-entity/smolvlm-1.7b""]",68.55566666666667,68.55566666666667,6.882333333333333,0.08333333333333333,1.4962255050298683,1.4962255050298683
core7_current,main_without_flagged,1,coverage80,all,all,Perturb-KL-alt/raw,12,"[""evqa-pilot500/blip2-opt-2.7b"", ""evqa-pilot500/minigpt-4-vicuna-7b"", ""evqa-pilot500/smolvlm-1.7b"", ""mmke-visual/blip2-opt-2.7b"", ""mmke-visual/instructblip-vicuna-7b"", ""mmke-visual/minigpt-4-vicuna-7b"", ""mmke-visual/llava-v1.5-7b"", ""mmke-visual/smolvlm-1.7b"", ""mmke-entity/instructblip-vicuna-7b"", ""mmke-entity/minigpt-4-vicuna-7b"", ""mmke-entity/paligemma-3b"", ""mmke-entity/smolvlm-1.7b""]",66.97966666666667,66.97966666666667,8.458333333333334,0,-0.07977449497013289,-0.07977449497013289
core7_current,main_without_flagged,1,coverage80,all,all,SaLEM-alt/raw,12,"[""evqa-pilot500/blip2-opt-2.7b"", ""evqa-pilot500/minigpt-4-vicuna-7b"", ""evqa-pilot500/smolvlm-1.7b"", ""mmke-visual/blip2-opt-2.7b"", ""mmke-visual/instructblip-vicuna-7b"", ""mmke-visual/minigpt-4-vicuna-7b"", ""mmke-visual/llava-v1.5-7b"", ""mmke-visual/smolvlm-1.7b"", ""mmke-entity/instructblip-vicuna-7b"", ""mmke-entity/minigpt-4-vicuna-7b"", ""mmke-entity/paligemma-3b"", ""mmke-entity/smolvlm-1.7b""]",63.16383333333333,63.16383333333333,12.27416666666667,0.08333333333333333,-3.8956078283034685,-3.8956078283034685
core7_current,main_without_flagged,1,coverage80,all,all,LGA-Param/tukey,12,"[""evqa-pilot500/blip2-opt-2.7b"", ""evqa-pilot500/minigpt-4-vicuna-7b"", ""evqa-pilot500/smolvlm-1.7b"", ""mmke-visual/blip2-opt-2.7b"", ""mmke-visual/instructblip-vicuna-7b"", ""mmke-visual/minigpt-4-vicuna-7b"", ""mmke-visual/llava-v1.5-7b"", ""mmke-visual/smolvlm-1.7b"", ""mmke-entity/instructblip-vicuna-7b"", ""mmke-entity/minigpt-4-vicuna-7b"", ""mmke-entity/paligemma-3b"", ""mmke-entity/smolvlm-1.7b""]",68.25566666666667,68.25566666666667,7.182333333333335,0.08333333333333333,1.1962255050298662,1.1962255050298662
core7_current,main_without_flagged,1,coverage80,all,all,VisEdit-Pre-alt/current,12,"[""evqa-pilot500/blip2-opt-2.7b"", ""evqa-pilot500/minigpt-4-vicuna-7b"", ""evqa-pilot500/smolvlm-1.7b"", ""mmke-visual/blip2-opt-2.7b"", ""mmke-visual/instructblip-vicuna-7b"", ""mmke-visual/minigpt-4-vicuna-7b"", ""mmke-visual/llava-v1.5-7b"", ""mmke-visual/smolvlm-1.7b"", ""mmke-entity/instructblip-vicuna-7b"", ""mmke-entity/minigpt-4-vicuna-7b"", ""mmke-entity/paligemma-3b"", ""mmke-entity/smolvlm-1.7b""]",67.466,67.466,7.972000000000004,0.08333333333333333,0.40655883836319795,0.40655883836319795
core7_current,main_without_flagged,1,coverage80,all,all,Ours-main/raw,12,"[""evqa-pilot500/blip2-opt-2.7b"", ""evqa-pilot500/minigpt-4-vicuna-7b"", ""evqa-pilot500/smolvlm-1.7b"", ""mmke-visual/blip2-opt-2.7b"", ""mmke-visual/instructblip-vicuna-7b"", ""mmke-visual/minigpt-4-vicuna-7b"", ""mmke-visual/llava-v1.5-7b"", ""mmke-visual/smolvlm-1.7b"", ""mmke-entity/instructblip-vicuna-7b"", ""mmke-entity/minigpt-4-vicuna-7b"", ""mmke-entity/paligemma-3b"", ""mmke-entity/smolvlm-1.7b""]",70.81066666666666,70.81066666666666,4.627333333333335,0.25,3.7512255050298666,3.7512255050298666
core7_current,main_without_flagged,1,coverage80,dataset,evqa-pilot500,Middle-Prior/raw,3,"[""evqa-pilot500/blip2-opt-2.7b"", ""evqa-pilot500/minigpt-4-vicuna-7b"", ""evqa-pilot500/smolvlm-1.7b""]",68.116,68.116,6.096000000000004,0,4.636411111111111,4.636411111111111
core7_current,main_without_flagged,1,coverage80,dataset,evqa-pilot500,CMA-model_pred/raw,3,"[""evqa-pilot500/blip2-opt-2.7b"", ""evqa-pilot500/minigpt-4-vicuna-7b"", ""evqa-pilot500/smolvlm-1.7b""]",59.309333333333335,59.309333333333335,14.90266666666667,0.3333333333333333,-4.170255555555556,-4.170255555555556
core7_current,main_without_flagged,1,coverage80,dataset,evqa-pilot500,Perturb-KL-alt/raw,3,"[""evqa-pilot500/blip2-opt-2.7b"", ""evqa-pilot500/minigpt-4-vicuna-7b"", ""evqa-pilot500/smolvlm-1.7b""]",59.68666666666667,59.68666666666667,14.525333333333336,0,-3.7929222222222214,-3.7929222222222214
core7_current,main_without_flagged,1,coverage80,dataset,evqa-pilot500,SaLEM-alt/raw,3,"[""evqa-pilot500/blip2-opt-2.7b"", ""evqa-pilot500/minigpt-4-vicuna-7b"", ""evqa-pilot500/smolvlm-1.7b""]",65.086,65.086,9.126000000000005,0,1.60641111111111,1.60641111111111
core7_current,main_without_flagged,1,coverage80,dataset,evqa-pilot500,LGA-Param/tukey,3,"[""evqa-pilot500/blip2-opt-2.7b"", ""evqa-pilot500/minigpt-4-vicuna-7b"", ""evqa-pilot500/smolvlm-1.7b""]",57.220666666666666,57.220666666666666,16.991333333333337,0,-6.258922222222222,-6.258922222222222
core7_current,main_without_flagged,1,coverage80,dataset,evqa-pilot500,VisEdit-Pre-alt/current,3,"[""evqa-pilot500/blip2-opt-2.7b"", ""evqa-pilot500/minigpt-4-vicuna-7b"", ""evqa-pilot500/smolvlm-1.7b""]",63.0,63.0,11.212000000000005,0,-0.47958888888889106,-0.47958888888889106
core7_current,main_without_flagged,1,coverage80,dataset,evqa-pilot500,Ours-main/raw,3,"[""evqa-pilot500/blip2-opt-2.7b"", ""evqa-pilot500/minigpt-4-vicuna-7b"", ""evqa-pilot500/smolvlm-1.7b""]",62.56466666666667,62.56466666666667,11.647333333333336,0.3333333333333333,-0.9149222222222212,-0.9149222222222212
core7_current,main_without_flagged,1,coverage80,dataset,mmke-visual,Middle-Prior/raw,5,"[""mmke-visual/blip2-opt-2.7b"", ""mmke-visual/instructblip-vicuna-7b"", ""mmke-visual/minigpt-4-vicuna-7b"", ""mmke-visual/llava-v1.5-7b"", ""mmke-visual/smolvlm-1.7b""]",68.524,68.524,5.220799999999997,0,0.23203538391433512,0.23203538391433512
core7_current,main_without_flagged,1,coverage80,dataset,mmke-visual,CMA-model_pred/raw,5,"[""mmke-visual/blip2-opt-2.7b"", ""mmke-visual/instructblip-vicuna-7b"", ""mmke-visual/minigpt-4-vicuna-7b"", ""mmke-visual/llava-v1.5-7b"", ""mmke-visual/smolvlm-1.7b""]",72.25919999999999,72.25919999999999,1.4856000000000023,0,3.9672353839143297,3.9672353839143297
core7_current,main_without_flagged,1,coverage80,dataset,mmke-visual,Perturb-KL-alt/raw,5,"[""mmke-visual/blip2-opt-2.7b"", ""mmke-visual/instructblip-vicuna-7b"", ""mmke-visual/minigpt-4-vicuna-7b"", ""mmke-visual/llava-v1.5-7b"", ""mmke-visual/smolvlm-1.7b""]",68.11399999999999,68.11399999999999,5.630800000000005,0,-0.17796461608567285,-0.17796461608567285
core7_current,main_without_flagged,1,coverage80,dataset,mmke-visual,SaLEM-alt/raw,5,"[""mmke-visual/blip2-opt-2.7b"", ""mmke-visual/instructblip-vicuna-7b"", ""mmke-visual/minigpt-4-vicuna-7b"", ""mmke-visual/llava-v1.5-7b"", ""mmke-visual/smolvlm-1.7b""]",65.4036,65.4036,8.341200000000004,0,-2.8883646160856715,-2.8883646160856715
core7_current,main_without_flagged,1,coverage80,dataset,mmke-visual,LGA-Param/tukey,5,"[""mmke-visual/blip2-opt-2.7b"", ""mmke-visual/instructblip-vicuna-7b"", ""mmke-visual/minigpt-4-vicuna-7b"", ""mmke-visual/llava-v1.5-7b"", ""mmke-visual/smolvlm-1.7b""]",68.4588,68.4588,5.286000000000004,0,0.1668353839143279,0.1668353839143279
core7_current,main_without_flagged,1,coverage80,dataset,mmke-visual,VisEdit-Pre-alt/current,5,"[""mmke-visual/blip2-opt-2.7b"", ""mmke-visual/instructblip-vicuna-7b"", ""mmke-visual/minigpt-4-vicuna-7b"", ""mmke-visual/llava-v1.5-7b"", ""mmke-visual/smolvlm-1.7b""]",67.2792,67.2792,6.465600000000004,0,-1.0127646160856714,-1.0127646160856714
core7_current,main_without_flagged,1,coverage80,dataset,mmke-visual,Ours-main/raw,5,"[""mmke-visual/blip2-opt-2.7b"", ""mmke-visual/instructblip-vicuna-7b"", ""mmke-visual/minigpt-4-vicuna-7b"", ""mmke-visual/llava-v1.5-7b"", ""mmke-visual/smolvlm-1.7b""]",71.14999999999999,71.14999999999999,2.5948000000000038,0.2,2.8580353839143284,2.8580353839143284
core7_current,main_without_flagged,1,coverage80,dataset,mmke-entity,Middle-Prior/raw,4,"[""mmke-entity/instructblip-vicuna-7b"", ""mmke-entity/minigpt-4-vicuna-7b"", ""mmke-entity/paligemma-3b"", ""mmke-entity/smolvlm-1.7b""]",72.6005,72.6005,5.873500000000002,0,4.396823951863352,4.396823951863352
core7_current,main_without_flagged,1,coverage80,dataset,mmke-entity,CMA-model_pred/raw,4,"[""mmke-entity/instructblip-vicuna-7b"", ""mmke-entity/minigpt-4-vicuna-7b"", ""mmke-entity/paligemma-3b"", ""mmke-entity/smolvlm-1.7b""]",70.861,70.861,7.612999999999994,0,2.6573239518633596,2.6573239518633596
core7_current,main_without_flagged,1,coverage80,dataset,mmke-entity,Perturb-KL-alt/raw,4,"[""mmke-entity/instructblip-vicuna-7b"", ""mmke-entity/minigpt-4-vicuna-7b"", ""mmke-entity/paligemma-3b"", ""mmke-entity/smolvlm-1.7b""]",71.03150000000001,71.03150000000001,7.4424999999999955,0,2.8278239518633583,2.8278239518633583
core7_current,main_without_flagged,1,coverage80,dataset,mmke-entity,SaLEM-alt/raw,4,"[""mmke-entity/instructblip-vicuna-7b"", ""mmke-entity/minigpt-4-vicuna-7b"", ""mmke-entity/paligemma-3b"", ""mmke-entity/smolvlm-1.7b""]",58.9225,58.9225,19.551500000000004,0.25,-9.281176048136649,-9.281176048136649
core7_current,main_without_flagged,1,coverage80,dataset,mmke-entity,LGA-Param/tukey,4,"[""mmke-entity/instructblip-vicuna-7b"", ""mmke-entity/minigpt-4-vicuna-7b"", ""mmke-entity/paligemma-3b"", ""mmke-entity/smolvlm-1.7b""]",76.278,76.278,2.195999999999998,0.25,8.074323951863356,8.074323951863356
core7_current,main_without_flagged,1,coverage80,dataset,mmke-entity,VisEdit-Pre-alt/current,4,"[""mmke-entity/instructblip-vicuna-7b"", ""mmke-entity/minigpt-4-vicuna-7b"", ""mmke-entity/paligemma-3b"", ""mmke-entity/smolvlm-1.7b""]",71.04899999999999,71.04899999999999,7.4250000000000025,0.25,2.8453239518633513,2.8453239518633513
core7_current,main_without_flagged,1,coverage80,dataset,mmke-entity,Ours-main/raw,4,"[""mmke-entity/instructblip-vicuna-7b"", ""mmke-entity/minigpt-4-vicuna-7b"", ""mmke-entity/paligemma-3b"", ""mmke-entity/smolvlm-1.7b""]",76.571,76.571,1.9029999999999987,0.25,8.367323951863355,8.367323951863355
core7_current,main_without_flagged,3,all,all,all,Middle-Prior/raw,15,"[""evqa-pilot500/blip2-opt-2.7b"", ""evqa-pilot500/minigpt-4-vicuna-7b"", ""evqa-pilot500/llava-v1.5-7b"", ""evqa-pilot500/qwen2.5-vl-3b"", ""evqa-pilot500/smolvlm-1.7b"", ""mmke-visual/blip2-opt-2.7b"", ""mmke-visual/instructblip-vicuna-7b"", ""mmke-visual/minigpt-4-vicuna-7b"", ""mmke-visual/llava-v1.5-7b"", ""mmke-visual/qwen2.5-vl-3b"", ""mmke-visual/smolvlm-1.7b"", ""mmke-entity/blip2-opt-2.7b"", ""mmke-entity/instructblip-vicuna-7b"", ""mmke-entity/qwen2.5-vl-3b"", ""mmke-entity/smolvlm-1.7b""]",67.65506666666667,66.78071111111112,4.482666666666666,0,-0.6909134637383507,0.8795366590008029
core7_current,main_without_flagged,3,all,all,all,CMA-model_pred/raw,15,"[""evqa-pilot500/blip2-opt-2.7b"", ""evqa-pilot500/minigpt-4-vicuna-7b"", ""evqa-pilot500/llava-v1.5-7b"", ""evqa-pilot500/qwen2.5-vl-3b"", ""evqa-pilot500/smolvlm-1.7b"", ""mmke-visual/blip2-opt-2.7b"", ""mmke-visual/instructblip-vicuna-7b"", ""mmke-visual/minigpt-4-vicuna-7b"", ""mmke-visual/llava-v1.5-7b"", ""mmke-visual/qwen2.5-vl-3b"", ""mmke-visual/smolvlm-1.7b"", ""mmke-entity/blip2-opt-2.7b"", ""mmke-entity/instructblip-vicuna-7b"", ""mmke-entity/qwen2.5-vl-3b"", ""mmke-entity/smolvlm-1.7b""]",68.68933333333334,65.84702222222222,3.4484,0.2,0.3433532029283152,-0.054152229888086365
core7_current,main_without_flagged,3,all,all,all,Perturb-KL-alt/raw,15,"[""evqa-pilot500/blip2-opt-2.7b"", ""evqa-pilot500/minigpt-4-vicuna-7b"", ""evqa-pilot500/llava-v1.5-7b"", ""evqa-pilot500/qwen2.5-vl-3b"", ""evqa-pilot500/smolvlm-1.7b"", ""mmke-visual/blip2-opt-2.7b"", ""mmke-visual/instructblip-vicuna-7b"", ""mmke-visual/minigpt-4-vicuna-7b"", ""mmke-visual/llava-v1.5-7b"", ""mmke-visual/qwen2.5-vl-3b"", ""mmke-visual/smolvlm-1.7b"", ""mmke-entity/blip2-opt-2.7b"", ""mmke-entity/instructblip-vicuna-7b"", ""mmke-entity/qwen2.5-vl-3b"", ""mmke-entity/smolvlm-1.7b""]",67.78666666666666,65.73648888888889,4.351066666666666,0.13333333333333333,-0.5593134637383514,-0.1646855632214212
core7_current,main_without_flagged,3,all,all,all,SaLEM-alt/raw,15,"[""evqa-pilot500/blip2-opt-2.7b"", ""evqa-pilot500/minigpt-4-vicuna-7b"", ""evqa-pilot500/llava-v1.5-7b"", ""evqa-pilot500/qwen2.5-vl-3b"", ""evqa-pilot500/smolvlm-1.7b"", ""mmke-visual/blip2-opt-2.7b"", ""mmke-visual/instructblip-vicuna-7b"", ""mmke-visual/minigpt-4-vicuna-7b"", ""mmke-visual/llava-v1.5-7b"", ""mmke-visual/qwen2.5-vl-3b"", ""mmke-visual/smolvlm-1.7b"", ""mmke-entity/blip2-opt-2.7b"", ""mmke-entity/instructblip-vicuna-7b"", ""mmke-entity/qwen2.5-vl-3b"", ""mmke-entity/smolvlm-1.7b""]",68.99106666666667,66.812,3.1466666666666683,0.3333333333333333,0.6450865362616469,0.9108255478896898
core7_current,main_without_flagged,3,all,all,all,LGA-Param/tukey,15,"[""evqa-pilot500/blip2-opt-2.7b"", ""evqa-pilot500/minigpt-4-vicuna-7b"", ""evqa-pilot500/llava-v1.5-7b"", ""evqa-pilot500/qwen2.5-vl-3b"", ""evqa-pilot500/smolvlm-1.7b"", ""mmke-visual/blip2-opt-2.7b"", ""mmke-visual/instructblip-vicuna-7b"", ""mmke-visual/minigpt-4-vicuna-7b"", ""mmke-visual/llava-v1.5-7b"", ""mmke-visual/qwen2.5-vl-3b"", ""mmke-visual/smolvlm-1.7b"", ""mmke-entity/blip2-opt-2.7b"", ""mmke-entity/instructblip-vicuna-7b"", ""mmke-entity/qwen2.5-vl-3b"", ""mmke-entity/smolvlm-1.7b""]",67.5352,65.86457777777778,4.602533333333334,0.2,-0.8107801304050184,-0.03659667433253162
core7_current,main_without_flagged,3,all,all,all,VisEdit-Pre-alt/current,15,"[""evqa-pilot500/blip2-opt-2.7b"", ""evqa-pilot500/minigpt-4-vicuna-7b"", ""evqa-pilot500/llava-v1.5-7b"", ""evqa-pilot500/qwen2.5-vl-3b"", ""evqa-pilot500/smolvlm-1.7b"", ""mmke-visual/blip2-opt-2.7b"", ""mmke-visual/instructblip-vicuna-7b"", ""mmke-visual/minigpt-4-vicuna-7b"", ""mmke-visual/llava-v1.5-7b"", ""mmke-visual/qwen2.5-vl-3b"", ""mmke-visual/smolvlm-1.7b"", ""mmke-entity/blip2-opt-2.7b"", ""mmke-entity/instructblip-vicuna-7b"", ""mmke-entity/qwen2.5-vl-3b"", ""mmke-entity/smolvlm-1.7b""]",65.85826666666667,65.31115555555556,6.279466666666668,0.06666666666666667,-2.4877134637383524,-0.5900188965547547
core7_current,main_without_flagged,3,all,all,all,Ours-main/raw,15,"[""evqa-pilot500/blip2-opt-2.7b"", ""evqa-pilot500/minigpt-4-vicuna-7b"", ""evqa-pilot500/llava-v1.5-7b"", ""evqa-pilot500/qwen2.5-vl-3b"", ""evqa-pilot500/smolvlm-1.7b"", ""mmke-visual/blip2-opt-2.7b"", ""mmke-visual/instructblip-vicuna-7b"", ""mmke-visual/minigpt-4-vicuna-7b"", ""mmke-visual/llava-v1.5-7b"", ""mmke-visual/qwen2.5-vl-3b"", ""mmke-visual/smolvlm-1.7b"", ""mmke-entity/blip2-opt-2.7b"", ""mmke-entity/instructblip-vicuna-7b"", ""mmke-entity/qwen2.5-vl-3b"", ""mmke-entity/smolvlm-1.7b""]",69.81693333333334,67.11675555555556,2.320799999999999,0.4,1.4709532029283163,1.215581103445248
core7_current,main_without_flagged,3,all,dataset,evqa-pilot500,Middle-Prior/raw,5,"[""evqa-pilot500/blip2-opt-2.7b"", ""evqa-pilot500/minigpt-4-vicuna-7b"", ""evqa-pilot500/llava-v1.5-7b"", ""evqa-pilot500/qwen2.5-vl-3b"", ""evqa-pilot500/smolvlm-1.7b""]",67.6824,65.83346666666667,3.611600000000004,0,0.5347304195103135,2.794907564102566
core7_current,main_without_flagged,3,all,dataset,evqa-pilot500,CMA-model_pred/raw,5,"[""evqa-pilot500/blip2-opt-2.7b"", ""evqa-pilot500/minigpt-4-vicuna-7b"", ""evqa-pilot500/llava-v1.5-7b"", ""evqa-pilot500/qwen2.5-vl-3b"", ""evqa-pilot500/smolvlm-1.7b""]",66.306,61.86666666666667,4.987999999999998,0.2,-0.8416695804896804,-1.1718924358974334
core7_current,main_without_flagged,3,all,dataset,evqa-pilot500,Perturb-KL-alt/raw,5,"[""evqa-pilot500/blip2-opt-2.7b"", ""evqa-pilot500/minigpt-4-vicuna-7b"", ""evqa-pilot500/llava-v1.5-7b"", ""evqa-pilot500/qwen2.5-vl-3b"", ""evqa-pilot500/smolvlm-1.7b""]",67.0968,61.99706666666667,4.197199999999998,0.2,-0.05086958048968029,-1.0414924358974331
core7_current,main_without_flagged,3,all,dataset,evqa-pilot500,SaLEM-alt/raw,5,"[""evqa-pilot500/blip2-opt-2.7b"", ""evqa-pilot500/minigpt-4-vicuna-7b"", ""evqa-pilot500/llava-v1.5-7b"", ""evqa-pilot500/qwen2.5-vl-3b"", ""evqa-pilot500/smolvlm-1.7b""]",70.77120000000001,66.39293333333333,0.5227999999999995,0.4,3.623530419510318,3.3543742307692312
core7_current,main_without_flagged,3,all,dataset,evqa-pilot500,LGA-Param/tukey,5,"[""evqa-pilot500/blip2-opt-2.7b"", ""evqa-pilot500/minigpt-4-vicuna-7b"", ""evqa-pilot500/llava-v1.5-7b"", ""evqa-pilot500/qwen2.5-vl-3b"", ""evqa-pilot500/smolvlm-1.7b""]",63.123599999999996,61.47813333333333,8.170400000000003,0,-4.024069580489685,-1.5604257692307697
core7_current,main_without_flagged,3,all,dataset,evqa-pilot500,VisEdit-Pre-alt/current,5,"[""evqa-pilot500/blip2-opt-2.7b"", ""evqa-pilot500/minigpt-4-vicuna-7b"", ""evqa-pilot500/llava-v1.5-7b"", ""evqa-pilot500/qwen2.5-vl-3b"", ""evqa-pilot500/smolvlm-1.7b""]",63.7144,62.931466666666665,7.579600000000004,0,-3.433269580489686,-0.10709243589743664
core7_current,main_without_flagged,3,all,dataset,evqa-pilot500,Ours-main/raw,5,"[""evqa-pilot500/blip2-opt-2.7b"", ""evqa-pilot500/minigpt-4-vicuna-7b"", ""evqa-pilot500/llava-v1.5-7b"", ""evqa-pilot500/qwen2.5-vl-3b"", ""evqa-pilot500/smolvlm-1.7b""]",65.2428,61.35293333333333,6.0512,0.4,-1.9048695804896822,-1.6856257692307692
core7_current,main_without_flagged,3,all,dataset,mmke-visual,Middle-Prior/raw,6,"[""mmke-visual/blip2-opt-2.7b"", ""mmke-visual/instructblip-vicuna-7b"", ""mmke-visual/minigpt-4-vicuna-7b"", ""mmke-visual/llava-v1.5-7b"", ""mmke-visual/qwen2.5-vl-3b"", ""mmke-visual/smolvlm-1.7b""]",69.17933333333333,68.71388888888889,4.115666666666665,0,-1.0185804409764014,0.16393286823778888
core7_current,main_without_flagged,3,all,dataset,mmke-visual,CMA-model_pred/raw,6,"[""mmke-visual/blip2-opt-2.7b"", ""mmke-visual/instructblip-vicuna-7b"", ""mmke-visual/minigpt-4-vicuna-7b"", ""mmke-visual/llava-v1.5-7b"", ""mmke-visual/qwen2.5-vl-3b"", ""mmke-visual/smolvlm-1.7b""]",72.46266666666666,69.37222222222222,0.8323333333333357,0.16666666666666666,2.2647528923569276,0.8222662015711215
core7_current,main_without_flagged,3,all,dataset,mmke-visual,Perturb-KL-alt/raw,6,"[""mmke-visual/blip2-opt-2.7b"", ""mmke-visual/instructblip-vicuna-7b"", ""mmke-visual/minigpt-4-vicuna-7b"", ""mmke-visual/llava-v1.5-7b"", ""mmke-visual/qwen2.5-vl-3b"", ""mmke-visual/smolvlm-1.7b""]",69.27566666666667,68.74,4.019333333333336,0.16666666666666666,-0.9222471076430724,0.1900439793488952
core7_current,main_without_flagged,3,all,dataset,mmke-visual,SaLEM-alt/raw,6,"[""mmke-visual/blip2-opt-2.7b"", ""mmke-visual/instructblip-vicuna-7b"", ""mmke-visual/minigpt-4-vicuna-7b"", ""mmke-visual/llava-v1.5-7b"", ""mmke-visual/qwen2.5-vl-3b"", ""mmke-visual/smolvlm-1.7b""]",69.73466666666667,68.40722222222222,3.5603333333333373,0.5,-0.463247107643074,-0.1427337984288807
core7_current,main_without_flagged,3,all,dataset,mmke-visual,LGA-Param/tukey,6,"[""mmke-visual/blip2-opt-2.7b"", ""mmke-visual/instructblip-vicuna-7b"", ""mmke-visual/minigpt-4-vicuna-7b"", ""mmke-visual/llava-v1.5-7b"", ""mmke-visual/qwen2.5-vl-3b"", ""mmke-visual/smolvlm-1.7b""]",69.12566666666666,68.74988888888889,4.169333333333334,0.16666666666666666,-1.072247107643071,0.1999328682377879
core7_current,main_without_flagged,3,all,dataset,mmke-visual,VisEdit-Pre-alt/current,6,"[""mmke-visual/blip2-opt-2.7b"", ""mmke-visual/instructblip-vicuna-7b"", ""mmke-visual/minigpt-4-vicuna-7b"", ""mmke-visual/llava-v1.5-7b"", ""mmke-visual/qwen2.5-vl-3b"", ""mmke-visual/smolvlm-1.7b""]",67.83666666666667,67.51922222222223,5.458333333333335,0,-2.3612471076430714,-1.0307337984288776
core7_current,main_without_flagged,3,all,dataset,mmke-visual,Ours-main/raw,6,"[""mmke-visual/blip2-opt-2.7b"", ""mmke-visual/instructblip-vicuna-7b"", ""mmke-visual/minigpt-4-vicuna-7b"", ""mmke-visual/llava-v1.5-7b"", ""mmke-visual/qwen2.5-vl-3b"", ""mmke-visual/smolvlm-1.7b""]",72.65933333333334,70.75433333333334,0.6356666666666655,0.3333333333333333,2.461419559023598,2.2043773126822366
core7_current,main_without_flagged,3,all,dataset,mmke-entity,Middle-Prior/raw,4,"[""mmke-entity/blip2-opt-2.7b"", ""mmke-entity/instructblip-vicuna-7b"", ""mmke-entity/qwen2.5-vl-3b"", ""mmke-entity/smolvlm-1.7b""]",65.3345,65.065,6.121999999999995,0,-1.7314678519421047,-0.4412712862318795
core7_current,main_without_flagged,3,all,dataset,mmke-entity,CMA-model_pred/raw,4,"[""mmke-entity/blip2-opt-2.7b"", ""mmke-entity/instructblip-vicuna-7b"", ""mmke-entity/qwen2.5-vl-3b"", ""mmke-entity/smolvlm-1.7b""]",66.0085,65.53466666666667,5.447999999999999,0.25,-1.0574678519421088,0.028395380434785622
core7_current,main_without_flagged,3,all,dataset,mmke-entity,Perturb-KL-alt/raw,4,"[""mmke-entity/blip2-opt-2.7b"", ""mmke-entity/instructblip-vicuna-7b"", ""mmke-entity/qwen2.5-vl-3b"", ""mmke-entity/smolvlm-1.7b""]",66.4155,65.9055,5.040999999999999,0,-0.6504678519421088,0.3992287137681192
core7_current,main_without_flagged,3,all,dataset,mmke-entity,SaLEM-alt/raw,4,"[""mmke-entity/blip2-opt-2.7b"", ""mmke-entity/instructblip-vicuna-7b"", ""mmke-entity/qwen2.5-vl-3b"", ""mmke-entity/smolvlm-1.7b""]",65.6505,64.943,5.806000000000001,0,-1.415467851942111,-0.5632712862318812
core7_current,main_without_flagged,3,all,dataset,mmke-entity,LGA-Param/tukey,4,"[""mmke-entity/blip2-opt-2.7b"", ""mmke-entity/instructblip-vicuna-7b"", ""mmke-entity/qwen2.5-vl-3b"", ""mmke-entity/smolvlm-1.7b""]",70.664,67.01966666666667,0.7924999999999969,0.5,3.598032148057893,1.5133953804347868
core7_current,main_without_flagged,3,all,dataset,mmke-entity,VisEdit-Pre-alt/current,4,"[""mmke-entity/blip2-opt-2.7b"", ""mmke-entity/instructblip-vicuna-7b"", ""mmke-entity/qwen2.5-vl-3b"", ""mmke-entity/smolvlm-1.7b""]",65.5705,64.97366666666666,5.8859999999999975,0.25,-1.4954678519421076,-0.5326046195652179
core7_current,main_without_flagged,3,all,dataset,mmke-entity,Ours-main/raw,4,"[""mmke-entity/blip2-opt-2.7b"", ""mmke-entity/instructblip-vicuna-7b"", ""mmke-entity/qwen2.5-vl-3b"", ""mmke-entity/smolvlm-1.7b""]",71.271,68.86516666666667,0.18549999999999756,0.5,4.205032148057892,3.3588953804347863
core7_current,main_without_flagged,3,coverage80,all,all,Middle-Prior/raw,10,"[""evqa-pilot500/blip2-opt-2.7b"", ""evqa-pilot500/minigpt-4-vicuna-7b"", ""evqa-pilot500/smolvlm-1.7b"", ""mmke-visual/blip2-opt-2.7b"", ""mmke-visual/instructblip-vicuna-7b"", ""mmke-visual/minigpt-4-vicuna-7b"", ""mmke-visual/llava-v1.5-7b"", ""mmke-visual/smolvlm-1.7b"", ""mmke-entity/instructblip-vicuna-7b"", ""mmke-entity/smolvlm-1.7b""]",67.405,66.58153333333334,5.796,0,-0.812001416338741,1.3936325107977474
core7_current,main_without_flagged,3,coverage80,all,all,CMA-model_pred/raw,10,"[""evqa-pilot500/blip2-opt-2.7b"", ""evqa-pilot500/minigpt-4-vicuna-7b"", ""evqa-pilot500/smolvlm-1.7b"", ""mmke-visual/blip2-opt-2.7b"", ""mmke-visual/instructblip-vicuna-7b"", ""mmke-visual/minigpt-4-vicuna-7b"", ""mmke-visual/llava-v1.5-7b"", ""mmke-visual/smolvlm-1.7b"", ""mmke-entity/instructblip-vicuna-7b"", ""mmke-entity/smolvlm-1.7b""]",68.3186,64.9356,4.8824000000000005,0.2,0.1015985836612586,-0.25230082253558805
core7_current,main_without_flagged,3,coverage80,all,all,Perturb-KL-alt/raw,10,"[""evqa-pilot500/blip2-opt-2.7b"", ""evqa-pilot500/minigpt-4-vicuna-7b"", ""evqa-pilot500/smolvlm-1.7b"", ""mmke-visual/blip2-opt-2.7b"", ""mmke-visual/instructblip-vicuna-7b"", ""mmke-visual/minigpt-4-vicuna-7b"", ""mmke-visual/llava-v1.5-7b"", ""mmke-visual/smolvlm-1.7b"", ""mmke-entity/instructblip-vicuna-7b"", ""mmke-entity/smolvlm-1.7b""]",66.99080000000001,64.72906666666667,6.2102,0.2,-1.2262014163387414,-0.45883415586892295
core7_current,main_without_flagged,3,coverage80,all,all,SaLEM-alt/raw,10,"[""evqa-pilot500/blip2-opt-2.7b"", ""evqa-pilot500/minigpt-4-vicuna-7b"", ""evqa-pilot500/smolvlm-1.7b"", ""mmke-visual/blip2-opt-2.7b"", ""mmke-visual/instructblip-vicuna-7b"", ""mmke-visual/minigpt-4-vicuna-7b"", ""mmke-visual/llava-v1.5-7b"", ""mmke-visual/smolvlm-1.7b"", ""mmke-entity/instructblip-vicuna-7b"", ""mmke-entity/smolvlm-1.7b""]",68.7758,66.30553333333333,4.425200000000002,0.4,0.5587985836612568,1.1176325107977434
core7_current,main_without_flagged,3,coverage80,all,all,LGA-Param/tukey,10,"[""evqa-pilot500/blip2-opt-2.7b"", ""evqa-pilot500/minigpt-4-vicuna-7b"", ""evqa-pilot500/smolvlm-1.7b"", ""mmke-visual/blip2-opt-2.7b"", ""mmke-visual/instructblip-vicuna-7b"", ""mmke-visual/minigpt-4-vicuna-7b"", ""mmke-visual/llava-v1.5-7b"", ""mmke-visual/smolvlm-1.7b"", ""mmke-entity/instructblip-vicuna-7b"", ""mmke-entity/smolvlm-1.7b""]",67.30760000000001,65.1032,5.8934000000000015,0.1,-0.909401416338742,-0.08470082253558928
core7_current,main_without_flagged,3,coverage80,all,all,VisEdit-Pre-alt/current,10,"[""evqa-pilot500/blip2-opt-2.7b"", ""evqa-pilot500/minigpt-4-vicuna-7b"", ""evqa-pilot500/smolvlm-1.7b"", ""mmke-visual/blip2-opt-2.7b"", ""mmke-visual/instructblip-vicuna-7b"", ""mmke-visual/minigpt-4-vicuna-7b"", ""mmke-visual/llava-v1.5-7b"", ""mmke-visual/smolvlm-1.7b"", ""mmke-entity/instructblip-vicuna-7b"", ""mmke-entity/smolvlm-1.7b""]",65.0716,64.48193333333333,8.1294,0.1,-3.145401416338742,-0.7059674892022556
core7_current,main_without_flagged,3,coverage80,all,all,Ours-main/raw,10,"[""evqa-pilot500/blip2-opt-2.7b"", ""evqa-pilot500/minigpt-4-vicuna-7b"", ""evqa-pilot500/smolvlm-1.7b"", ""mmke-visual/blip2-opt-2.7b"", ""mmke-visual/instructblip-vicuna-7b"", ""mmke-visual/minigpt-4-vicuna-7b"", ""mmke-visual/llava-v1.5-7b"", ""mmke-visual/smolvlm-1.7b"", ""mmke-entity/instructblip-vicuna-7b"", ""mmke-entity/smolvlm-1.7b""]",69.925,66.89106666666666,3.275999999999999,0.4,1.7079985836612601,1.7031658441310789
core7_current,main_without_flagged,3,coverage80,dataset,evqa-pilot500,Middle-Prior/raw,3,"[""evqa-pilot500/blip2-opt-2.7b"", ""evqa-pilot500/minigpt-4-vicuna-7b"", ""evqa-pilot500/smolvlm-1.7b""]",69.98,68.16044444444445,4.232000000000004,0,1.0573152046783652,4.680855555555557
core7_current,main_without_flagged,3,coverage80,dataset,evqa-pilot500,CMA-model_pred/raw,3,"[""evqa-pilot500/blip2-opt-2.7b"", ""evqa-pilot500/minigpt-4-vicuna-7b"", ""evqa-pilot500/smolvlm-1.7b""]",66.52666666666667,61.48111111111111,7.6853333333333325,0.3333333333333333,-2.3960181286549633,-1.9984777777777747
core7_current,main_without_flagged,3,coverage80,dataset,evqa-pilot500,Perturb-KL-alt/raw,3,"[""evqa-pilot500/blip2-opt-2.7b"", ""evqa-pilot500/minigpt-4-vicuna-7b"", ""evqa-pilot500/smolvlm-1.7b""]",67.84466666666667,61.714666666666666,6.367333333333332,0.3333333333333333,-1.078018128654963,-1.7649222222222203
core7_current,main_without_flagged,3,coverage80,dataset,evqa-pilot500,SaLEM-alt/raw,3,"[""evqa-pilot500/blip2-opt-2.7b"", ""evqa-pilot500/minigpt-4-vicuna-7b"", ""evqa-pilot500/smolvlm-1.7b""]",73.45733333333334,67.944,0.7546666666666653,0.3333333333333333,4.534648538011704,4.464411111111109
core7_current,main_without_flagged,3,coverage80,dataset,evqa-pilot500,LGA-Param/tukey,3,"[""evqa-pilot500/blip2-opt-2.7b"", ""evqa-pilot500/minigpt-4-vicuna-7b"", ""evqa-pilot500/smolvlm-1.7b""]",63.166666666666664,60.910444444444444,11.045333333333337,0,-5.756018128654968,-2.569144444444447
core7_current,main_without_flagged,3,coverage80,dataset,evqa-pilot500,VisEdit-Pre-alt/current,3,"[""evqa-pilot500/blip2-opt-2.7b"", ""evqa-pilot500/minigpt-4-vicuna-7b"", ""evqa-pilot500/smolvlm-1.7b""]",64.35266666666666,63.428444444444445,9.859333333333339,0,-4.5700181286549695,-0.051144444444446435
core7_current,main_without_flagged,3,coverage80,dataset,evqa-pilot500,Ours-main/raw,3,"[""evqa-pilot500/blip2-opt-2.7b"", ""evqa-pilot500/minigpt-4-vicuna-7b"", ""evqa-pilot500/smolvlm-1.7b""]",64.47133333333333,60.31377777777777,9.74066666666667,0.3333333333333333,-4.4513514619883,-3.1658111111111134
core7_current,main_without_flagged,3,coverage80,dataset,mmke-visual,Middle-Prior/raw,5,"[""mmke-visual/blip2-opt-2.7b"", ""mmke-visual/instructblip-vicuna-7b"", ""mmke-visual/minigpt-4-vicuna-7b"", ""mmke-visual/llava-v1.5-7b"", ""mmke-visual/smolvlm-1.7b""]",68.8852,68.45266666666667,4.859599999999998,0,-1.2316236889684078,0.16070205058099987
core7_current,main_without_flagged,3,coverage80,dataset,mmke-visual,CMA-model_pred/raw,5,"[""mmke-visual/blip2-opt-2.7b"", ""mmke-visual/instructblip-vicuna-7b"", ""mmke-visual/minigpt-4-vicuna-7b"", ""mmke-visual/llava-v1.5-7b"", ""mmke-visual/smolvlm-1.7b""]",72.8712,69.258,0.8736000000000018,0.2,2.7543763110315878,0.9660353839143297
core7_current,main_without_flagged,3,coverage80,dataset,mmke-visual,Perturb-KL-alt/raw,5,"[""mmke-visual/blip2-opt-2.7b"", ""mmke-visual/instructblip-vicuna-7b"", ""mmke-visual/minigpt-4-vicuna-7b"", ""mmke-visual/llava-v1.5-7b"", ""mmke-visual/smolvlm-1.7b""]",69.0468,68.446,4.698000000000002,0.2,-1.070023688968412,0.1540353839143279
core7_current,main_without_flagged,3,coverage80,dataset,mmke-visual,SaLEM-alt/raw,5,"[""mmke-visual/blip2-opt-2.7b"", ""mmke-visual/instructblip-vicuna-7b"", ""mmke-visual/minigpt-4-vicuna-7b"", ""mmke-visual/llava-v1.5-7b"", ""mmke-visual/smolvlm-1.7b""]",69.4816,67.96733333333333,4.263200000000003,0.6,-0.6352236889684135,-0.32463128275233827
core7_current,main_without_flagged,3,coverage80,dataset,mmke-visual,LGA-Param/tukey,5,"[""mmke-visual/blip2-opt-2.7b"", ""mmke-visual/instructblip-vicuna-7b"", ""mmke-visual/minigpt-4-vicuna-7b"", ""mmke-visual/llava-v1.5-7b"", ""mmke-visual/smolvlm-1.7b""]",68.7416,68.43466666666666,5.003200000000001,0,-1.3752236889684113,0.14270205058099633
core7_current,main_without_flagged,3,coverage80,dataset,mmke-visual,VisEdit-Pre-alt/current,5,"[""mmke-visual/blip2-opt-2.7b"", ""mmke-visual/instructblip-vicuna-7b"", ""mmke-visual/minigpt-4-vicuna-7b"", ""mmke-visual/llava-v1.5-7b"", ""mmke-visual/smolvlm-1.7b""]",67.73400000000001,67.3744,6.010799999999999,0,-2.382823688968409,-0.9175646160856686
core7_current,main_without_flagged,3,coverage80,dataset,mmke-visual,Ours-main/raw,5,"[""mmke-visual/blip2-opt-2.7b"", ""mmke-visual/instructblip-vicuna-7b"", ""mmke-visual/minigpt-4-vicuna-7b"", ""mmke-visual/llava-v1.5-7b"", ""mmke-visual/smolvlm-1.7b""]",73.1072,70.91653333333333,0.6375999999999976,0.4,2.990376311031592,2.624568717247668
core7_current,main_without_flagged,3,coverage80,dataset,mmke-entity,Middle-Prior/raw,2,"[""mmke-entity/instructblip-vicuna-7b"", ""mmke-entity/smolvlm-1.7b""]",59.842,59.53533333333334,10.483,0,-2.5669206662902333,-0.454875905797099
core7_current,main_without_flagged,3,coverage80,dataset,mmke-entity,CMA-model_pred/raw,2,"[""mmke-entity/instructblip-vicuna-7b"", ""mmke-entity/smolvlm-1.7b""]",59.625,59.31133333333334,10.7,0,-2.783920666290232,-0.6788759057971028
core7_current,main_without_flagged,3,coverage80,dataset,mmke-entity,Perturb-KL-alt/raw,2,"[""mmke-entity/instructblip-vicuna-7b"", ""mmke-entity/smolvlm-1.7b""]",60.57000000000001,59.95833333333333,9.754999999999999,0,-1.8389206662902318,-0.03187590579710431
core7_current,main_without_flagged,3,coverage80,dataset,mmke-entity,SaLEM-alt/raw,2,"[""mmke-entity/instructblip-vicuna-7b"", ""mmke-entity/smolvlm-1.7b""]",59.989,59.693333333333335,10.336000000000006,0,-2.4199206662902384,-0.2968759057971013
core7_current,main_without_flagged,3,coverage80,dataset,mmke-entity,LGA-Param/tukey,2,"[""mmke-entity/instructblip-vicuna-7b"", ""mmke-entity/smolvlm-1.7b""]",69.934,63.06366666666667,0.39099999999999824,0.5,7.525079333709769,3.0734574275362334
core7_current,main_without_flagged,3,coverage80,dataset,mmke-entity,VisEdit-Pre-alt/current,2,"[""mmke-entity/instructblip-vicuna-7b"", ""mmke-entity/smolvlm-1.7b""]",59.494,58.831,10.831,0.5,-2.9149206662902323,-1.159209239130437
core7_current,main_without_flagged,3,coverage80,dataset,mmke-entity,Ours-main/raw,2,"[""mmke-entity/instructblip-vicuna-7b"", ""mmke-entity/smolvlm-1.7b""]",70.15,66.69333333333333,0.17499999999999716,0.5,7.74107933370977,6.703124094202895
core7_current,main_without_flagged,5,all,all,all,Middle-Prior/raw,0,[],,,,,,
core7_current,main_without_flagged,5,all,all,all,CMA-model_pred/raw,0,[],,,,,,
core7_current,main_without_flagged,5,all,all,all,Perturb-KL-alt/raw,0,[],,,,,,
core7_current,main_without_flagged,5,all,all,all,SaLEM-alt/raw,0,[],,,,,,
core7_current,main_without_flagged,5,all,all,all,LGA-Param/tukey,0,[],,,,,,
core7_current,main_without_flagged,5,all,all,all,VisEdit-Pre-alt/current,0,[],,,,,,
core7_current,main_without_flagged,5,all,all,all,Ours-main/raw,0,[],,,,,,
core7_current,main_without_flagged,5,all,dataset,evqa-pilot500,Middle-Prior/raw,0,[],,,,,,
core7_current,main_without_flagged,5,all,dataset,evqa-pilot500,CMA-model_pred/raw,0,[],,,,,,
core7_current,main_without_flagged,5,all,dataset,evqa-pilot500,Perturb-KL-alt/raw,0,[],,,,,,
core7_current,main_without_flagged,5,all,dataset,evqa-pilot500,SaLEM-alt/raw,0,[],,,,,,
core7_current,main_without_flagged,5,all,dataset,evqa-pilot500,LGA-Param/tukey,0,[],,,,,,
core7_current,main_without_flagged,5,all,dataset,evqa-pilot500,VisEdit-Pre-alt/current,0,[],,,,,,
core7_current,main_without_flagged,5,all,dataset,evqa-pilot500,Ours-main/raw,0,[],,,,,,
core7_current,main_without_flagged,5,all,dataset,mmke-visual,Middle-Prior/raw,0,[],,,,,,
core7_current,main_without_flagged,5,all,dataset,mmke-visual,CMA-model_pred/raw,0,[],,,,,,
core7_current,main_without_flagged,5,all,dataset,mmke-visual,Perturb-KL-alt/raw,0,[],,,,,,
core7_current,main_without_flagged,5,all,dataset,mmke-visual,SaLEM-alt/raw,0,[],,,,,,
core7_current,main_without_flagged,5,all,dataset,mmke-visual,LGA-Param/tukey,0,[],,,,,,
core7_current,main_without_flagged,5,all,dataset,mmke-visual,VisEdit-Pre-alt/current,0,[],,,,,,
core7_current,main_without_flagged,5,all,dataset,mmke-visual,Ours-main/raw,0,[],,,,,,
core7_current,main_without_flagged,5,all,dataset,mmke-entity,Middle-Prior/raw,0,[],,,,,,
core7_current,main_without_flagged,5,all,dataset,mmke-entity,CMA-model_pred/raw,0,[],,,,,,
core7_current,main_without_flagged,5,all,dataset,mmke-entity,Perturb-KL-alt/raw,0,[],,,,,,
core7_current,main_without_flagged,5,all,dataset,mmke-entity,SaLEM-alt/raw,0,[],,,,,,
core7_current,main_without_flagged,5,all,dataset,mmke-entity,LGA-Param/tukey,0,[],,,,,,
core7_current,main_without_flagged,5,all,dataset,mmke-entity,VisEdit-Pre-alt/current,0,[],,,,,,
core7_current,main_without_flagged,5,all,dataset,mmke-entity,Ours-main/raw,0,[],,,,,,
core7_current,main_without_flagged,5,coverage80,all,all,Middle-Prior/raw,0,[],,,,,,
core7_current,main_without_flagged,5,coverage80,all,all,CMA-model_pred/raw,0,[],,,,,,
core7_current,main_without_flagged,5,coverage80,all,all,Perturb-KL-alt/raw,0,[],,,,,,
core7_current,main_without_flagged,5,coverage80,all,all,SaLEM-alt/raw,0,[],,,,,,
core7_current,main_without_flagged,5,coverage80,all,all,LGA-Param/tukey,0,[],,,,,,
core7_current,main_without_flagged,5,coverage80,all,all,VisEdit-Pre-alt/current,0,[],,,,,,
core7_current,main_without_flagged,5,coverage80,all,all,Ours-main/raw,0,[],,,,,,
core7_current,main_without_flagged,5,coverage80,dataset,evqa-pilot500,Middle-Prior/raw,0,[],,,,,,
core7_current,main_without_flagged,5,coverage80,dataset,evqa-pilot500,CMA-model_pred/raw,0,[],,,,,,
core7_current,main_without_flagged,5,coverage80,dataset,evqa-pilot500,Perturb-KL-alt/raw,0,[],,,,,,
core7_current,main_without_flagged,5,coverage80,dataset,evqa-pilot500,SaLEM-alt/raw,0,[],,,,,,
core7_current,main_without_flagged,5,coverage80,dataset,evqa-pilot500,LGA-Param/tukey,0,[],,,,,,
core7_current,main_without_flagged,5,coverage80,dataset,evqa-pilot500,VisEdit-Pre-alt/current,0,[],,,,,,
core7_current,main_without_flagged,5,coverage80,dataset,evqa-pilot500,Ours-main/raw,0,[],,,,,,
core7_current,main_without_flagged,5,coverage80,dataset,mmke-visual,Middle-Prior/raw,0,[],,,,,,
core7_current,main_without_flagged,5,coverage80,dataset,mmke-visual,CMA-model_pred/raw,0,[],,,,,,
core7_current,main_without_flagged,5,coverage80,dataset,mmke-visual,Perturb-KL-alt/raw,0,[],,,,,,
core7_current,main_without_flagged,5,coverage80,dataset,mmke-visual,SaLEM-alt/raw,0,[],,,,,,
core7_current,main_without_flagged,5,coverage80,dataset,mmke-visual,LGA-Param/tukey,0,[],,,,,,
core7_current,main_without_flagged,5,coverage80,dataset,mmke-visual,VisEdit-Pre-alt/current,0,[],,,,,,
core7_current,main_without_flagged,5,coverage80,dataset,mmke-visual,Ours-main/raw,0,[],,,,,,
core7_current,main_without_flagged,5,coverage80,dataset,mmke-entity,Middle-Prior/raw,0,[],,,,,,
core7_current,main_without_flagged,5,coverage80,dataset,mmke-entity,CMA-model_pred/raw,0,[],,,,,,
core7_current,main_without_flagged,5,coverage80,dataset,mmke-entity,Perturb-KL-alt/raw,0,[],,,,,,
core7_current,main_without_flagged,5,coverage80,dataset,mmke-entity,SaLEM-alt/raw,0,[],,,,,,
core7_current,main_without_flagged,5,coverage80,dataset,mmke-entity,LGA-Param/tukey,0,[],,,,,,
core7_current,main_without_flagged,5,coverage80,dataset,mmke-entity,VisEdit-Pre-alt/current,0,[],,,,,,
core7_current,main_without_flagged,5,coverage80,dataset,mmke-entity,Ours-main/raw,0,[],,,,,,
core7_current,verified50_main,1,all,all,all,Middle-Prior/raw,7,"[""evqa-pilot500/minigpt-4-vicuna-7b"", ""evqa-pilot500/llava-v1.5-7b"", ""mmke-visual/blip2-opt-2.7b"", ""mmke-visual/instructblip-vicuna-7b"", ""mmke-visual/llava-v1.5-7b"", ""mmke-entity/blip2-opt-2.7b"", ""mmke-entity/minigpt-4-vicuna-7b""]",66.76057142857142,66.76057142857142,7.00428571428571,0,0.0229839076779064,0.0229839076779064
core7_current,verified50_main,1,all,all,all,CMA-model_pred/raw,7,"[""evqa-pilot500/minigpt-4-vicuna-7b"", ""evqa-pilot500/llava-v1.5-7b"", ""mmke-visual/blip2-opt-2.7b"", ""mmke-visual/instructblip-vicuna-7b"", ""mmke-visual/llava-v1.5-7b"", ""mmke-entity/blip2-opt-2.7b"", ""mmke-entity/minigpt-4-vicuna-7b""]",68.61142857142858,68.61142857142858,5.153428571428569,0,1.8738410505350476,1.8738410505350476
core7_current,verified50_main,1,all,all,all,Perturb-KL-alt/raw,7,"[""evqa-pilot500/minigpt-4-vicuna-7b"", ""evqa-pilot500/llava-v1.5-7b"", ""mmke-visual/blip2-opt-2.7b"", ""mmke-visual/instructblip-vicuna-7b"", ""mmke-visual/llava-v1.5-7b"", ""mmke-entity/blip2-opt-2.7b"", ""mmke-entity/minigpt-4-vicuna-7b""]",65.60628571428572,65.60628571428572,8.15857142857143,0,-1.1313018066078118,-1.1313018066078118
core7_current,verified50_main,1,all,all,all,SaLEM-alt/raw,7,"[""evqa-pilot500/minigpt-4-vicuna-7b"", ""evqa-pilot500/llava-v1.5-7b"", ""mmke-visual/blip2-opt-2.7b"", ""mmke-visual/instructblip-vicuna-7b"", ""mmke-visual/llava-v1.5-7b"", ""mmke-entity/blip2-opt-2.7b"", ""mmke-entity/minigpt-4-vicuna-7b""]",65.48371428571429,65.48371428571429,8.281142857142857,0.14285714285714285,-1.2538732351792399,-1.2538732351792399
core7_current,verified50_main,1,all,all,all,LGA-Param/tukey,7,"[""evqa-pilot500/minigpt-4-vicuna-7b"", ""evqa-pilot500/llava-v1.5-7b"", ""mmke-visual/blip2-opt-2.7b"", ""mmke-visual/instructblip-vicuna-7b"", ""mmke-visual/llava-v1.5-7b"", ""mmke-entity/blip2-opt-2.7b"", ""mmke-entity/minigpt-4-vicuna-7b""]",66.04771428571428,66.04771428571428,7.717142857142856,0,-0.6898732351792398,-0.6898732351792398
core7_current,verified50_main,1,all,all,all,VisEdit-Pre-alt/current,7,"[""evqa-pilot500/minigpt-4-vicuna-7b"", ""evqa-pilot500/llava-v1.5-7b"", ""mmke-visual/blip2-opt-2.7b"", ""mmke-visual/instructblip-vicuna-7b"", ""mmke-visual/llava-v1.5-7b"", ""mmke-entity/blip2-opt-2.7b"", ""mmke-entity/minigpt-4-vicuna-7b""]",65.48942857142856,65.48942857142856,8.275428571428574,0,-1.2481589494649563,-1.2481589494649563
core7_current,verified50_main,1,all,all,all,Ours-main/raw,7,"[""evqa-pilot500/minigpt-4-vicuna-7b"", ""evqa-pilot500/llava-v1.5-7b"", ""mmke-visual/blip2-opt-2.7b"", ""mmke-visual/instructblip-vicuna-7b"", ""mmke-visual/llava-v1.5-7b"", ""mmke-entity/blip2-opt-2.7b"", ""mmke-entity/minigpt-4-vicuna-7b""]",67.07657142857143,67.07657142857143,6.688285714285712,0,0.3389839076779048,0.3389839076779048
core7_current,verified50_main,1,all,dataset,evqa-pilot500,Middle-Prior/raw,2,"[""evqa-pilot500/minigpt-4-vicuna-7b"", ""evqa-pilot500/llava-v1.5-7b""]",62.35,62.35,11.232,0,0.29722916666666777,0.29722916666666777
core7_current,verified50_main,1,all,dataset,evqa-pilot500,CMA-model_pred/raw,2,"[""evqa-pilot500/minigpt-4-vicuna-7b"", ""evqa-pilot500/llava-v1.5-7b""]",59.159,59.159,14.423000000000002,0,-2.8937708333333347,-2.8937708333333347
core7_current,verified50_main,1,all,dataset,evqa-pilot500,Perturb-KL-alt/raw,2,"[""evqa-pilot500/minigpt-4-vicuna-7b"", ""evqa-pilot500/llava-v1.5-7b""]",59.159,59.159,14.423000000000002,0,-2.8937708333333347,-2.8937708333333347
core7_current,verified50_main,1,all,dataset,evqa-pilot500,SaLEM-alt/raw,2,"[""evqa-pilot500/minigpt-4-vicuna-7b"", ""evqa-pilot500/llava-v1.5-7b""]",63.426,63.426,10.156000000000002,0,1.3732291666666647,1.3732291666666647
core7_current,verified50_main,1,all,dataset,evqa-pilot500,LGA-Param/tukey,2,"[""evqa-pilot500/minigpt-4-vicuna-7b"", ""evqa-pilot500/llava-v1.5-7b""]",60.472,60.472,13.11,0,-1.5807708333333323,-1.5807708333333323
core7_current,verified50_main,1,all,dataset,evqa-pilot500,VisEdit-Pre-alt/current,2,"[""evqa-pilot500/minigpt-4-vicuna-7b"", ""evqa-pilot500/llava-v1.5-7b""]",59.059000000000005,59.059000000000005,14.522999999999996,0,-2.993770833333329,-2.993770833333329
core7_current,verified50_main,1,all,dataset,evqa-pilot500,Ours-main/raw,2,"[""evqa-pilot500/minigpt-4-vicuna-7b"", ""evqa-pilot500/llava-v1.5-7b""]",60.024,60.024,13.558,0,-2.0287708333333327,-2.0287708333333327
core7_current,verified50_main,1,all,dataset,mmke-visual,Middle-Prior/raw,3,"[""mmke-visual/blip2-opt-2.7b"", ""mmke-visual/instructblip-vicuna-7b"", ""mmke-visual/llava-v1.5-7b""]",65.70933333333333,65.70933333333333,7.763999999999996,0,-0.005115629984044763,-0.005115629984044763
core7_current,verified50_main,1,all,dataset,mmke-visual,CMA-model_pred/raw,3,"[""mmke-visual/blip2-opt-2.7b"", ""mmke-visual/instructblip-vicuna-7b"", ""mmke-visual/llava-v1.5-7b""]",71.768,71.768,1.705333333333338,0,6.053551036682613,6.053551036682613
core7_current,verified50_main,1,all,dataset,mmke-visual,Perturb-KL-alt/raw,3,"[""mmke-visual/blip2-opt-2.7b"", ""mmke-visual/instructblip-vicuna-7b"", ""mmke-visual/llava-v1.5-7b""]",64.85933333333332,64.85933333333332,8.61400000000001,0,-0.855115629984058,-0.855115629984058
core7_current,verified50_main,1,all,dataset,mmke-visual,SaLEM-alt/raw,3,"[""mmke-visual/blip2-opt-2.7b"", ""mmke-visual/instructblip-vicuna-7b"", ""mmke-visual/llava-v1.5-7b""]",63.13733333333333,63.13733333333333,10.336000000000004,0,-2.577115629984052,-2.577115629984052
core7_current,verified50_main,1,all,dataset,mmke-visual,LGA-Param/tukey,3,"[""mmke-visual/blip2-opt-2.7b"", ""mmke-visual/instructblip-vicuna-7b"", ""mmke-visual/llava-v1.5-7b""]",65.53399999999999,65.53399999999999,7.939333333333337,0,-0.18044896331738633,-0.18044896331738633
core7_current,verified50_main,1,all,dataset,mmke-visual,VisEdit-Pre-alt/current,3,"[""mmke-visual/blip2-opt-2.7b"", ""mmke-visual/instructblip-vicuna-7b"", ""mmke-visual/llava-v1.5-7b""]",64.85866666666666,64.85866666666666,8.614666666666674,0,-0.8557822966507231,-0.8557822966507231
core7_current,verified50_main,1,all,dataset,mmke-visual,Ours-main/raw,3,"[""mmke-visual/blip2-opt-2.7b"", ""mmke-visual/instructblip-vicuna-7b"", ""mmke-visual/llava-v1.5-7b""]",69.26933333333334,69.26933333333334,4.204000000000003,0,3.554884370015948,3.554884370015948
core7_current,verified50_main,1,all,dataset,mmke-entity,Middle-Prior/raw,2,"[""mmke-entity/blip2-opt-2.7b"", ""mmke-entity/minigpt-4-vicuna-7b""]",72.74799999999999,72.74799999999999,1.6369999999999933,0,-0.20911204481792822,-0.20911204481792822
core7_current,verified50_main,1,all,dataset,mmke-entity,CMA-model_pred/raw,2,"[""mmke-entity/blip2-opt-2.7b"", ""mmke-entity/minigpt-4-vicuna-7b""]",73.32900000000001,73.32900000000001,1.0559999999999832,0,0.37188795518208195,0.37188795518208195
core7_current,verified50_main,1,all,dataset,mmke-entity,Perturb-KL-alt/raw,2,"[""mmke-entity/blip2-opt-2.7b"", ""mmke-entity/minigpt-4-vicuna-7b""]",73.174,73.174,1.2109999999999843,0,0.21688795518208082,0.21688795518208082
core7_current,verified50_main,1,all,dataset,mmke-entity,SaLEM-alt/raw,2,"[""mmke-entity/blip2-opt-2.7b"", ""mmke-entity/minigpt-4-vicuna-7b""]",71.061,71.061,3.323999999999991,0.5,-1.8961120448179258,-1.8961120448179258
core7_current,verified50_main,1,all,dataset,mmke-entity,LGA-Param/tukey,2,"[""mmke-entity/blip2-opt-2.7b"", ""mmke-entity/minigpt-4-vicuna-7b""]",72.394,72.394,1.9909999999999926,0,-0.5631120448179274,-0.5631120448179274
core7_current,verified50_main,1,all,dataset,mmke-entity,VisEdit-Pre-alt/current,2,"[""mmke-entity/blip2-opt-2.7b"", ""mmke-entity/minigpt-4-vicuna-7b""]",72.86599999999999,72.86599999999999,1.5189999999999984,0,-0.09111204481793322,-0.09111204481793322
core7_current,verified50_main,1,all,dataset,mmke-entity,Ours-main/raw,2,"[""mmke-entity/blip2-opt-2.7b"", ""mmke-entity/minigpt-4-vicuna-7b""]",70.84,70.84,3.5449999999999875,0,-2.1171120448179224,-2.1171120448179224
core7_current,verified50_main,1,coverage80,all,all,Middle-Prior/raw,5,"[""evqa-pilot500/minigpt-4-vicuna-7b"", ""mmke-visual/blip2-opt-2.7b"", ""mmke-visual/instructblip-vicuna-7b"", ""mmke-visual/llava-v1.5-7b"", ""mmke-entity/minigpt-4-vicuna-7b""]",67.3812,67.3812,7.369999999999996,0,0.45536199455859216,0.45536199455859216
core7_current,verified50_main,1,coverage80,all,all,CMA-model_pred/raw,5,"[""evqa-pilot500/minigpt-4-vicuna-7b"", ""mmke-visual/blip2-opt-2.7b"", ""mmke-visual/instructblip-vicuna-7b"", ""mmke-visual/llava-v1.5-7b"", ""mmke-entity/minigpt-4-vicuna-7b""]",69.694,69.694,5.0572,0,2.768161994558588,2.768161994558588
core7_current,verified50_main,1,coverage80,all,all,Perturb-KL-alt/raw,5,"[""evqa-pilot500/minigpt-4-vicuna-7b"", ""mmke-visual/blip2-opt-2.7b"", ""mmke-visual/instructblip-vicuna-7b"", ""mmke-visual/llava-v1.5-7b"", ""mmke-entity/minigpt-4-vicuna-7b""]",65.5488,65.5488,9.202400000000003,0,-1.3770380054414146,-1.3770380054414146
core7_current,verified50_main,1,coverage80,all,all,SaLEM-alt/raw,5,"[""evqa-pilot500/minigpt-4-vicuna-7b"", ""mmke-visual/blip2-opt-2.7b"", ""mmke-visual/instructblip-vicuna-7b"", ""mmke-visual/llava-v1.5-7b"", ""mmke-entity/minigpt-4-vicuna-7b""]",66.94239999999999,66.94239999999999,7.808800000000005,0.2,0.016561994558583138,0.016561994558583138
core7_current,verified50_main,1,coverage80,all,all,LGA-Param/tukey,5,"[""evqa-pilot500/minigpt-4-vicuna-7b"", ""mmke-visual/blip2-opt-2.7b"", ""mmke-visual/instructblip-vicuna-7b"", ""mmke-visual/llava-v1.5-7b"", ""mmke-entity/minigpt-4-vicuna-7b""]",66.094,66.094,8.657200000000003,0,-0.831838005441415,-0.831838005441415
core7_current,verified50_main,1,coverage80,all,all,VisEdit-Pre-alt/current,5,"[""evqa-pilot500/minigpt-4-vicuna-7b"", ""mmke-visual/blip2-opt-2.7b"", ""mmke-visual/instructblip-vicuna-7b"", ""mmke-visual/llava-v1.5-7b"", ""mmke-entity/minigpt-4-vicuna-7b""]",65.4052,65.4052,9.346000000000005,0,-1.5206380054414168,-1.5206380054414168
core7_current,verified50_main,1,coverage80,all,all,Ours-main/raw,5,"[""evqa-pilot500/minigpt-4-vicuna-7b"", ""mmke-visual/blip2-opt-2.7b"", ""mmke-visual/instructblip-vicuna-7b"", ""mmke-visual/llava-v1.5-7b"", ""mmke-entity/minigpt-4-vicuna-7b""]",68.6384,68.6384,6.112800000000002,0,1.7125619945585868,1.7125619945585868
core7_current,verified50_main,1,coverage80,dataset,evqa-pilot500,Middle-Prior/raw,1,"[""evqa-pilot500/minigpt-4-vicuna-7b""]",64.07000000000001,64.07000000000001,13.0,0,2.119333333333337,2.119333333333337
core7_current,verified50_main,1,coverage80,dataset,evqa-pilot500,CMA-model_pred/raw,1,"[""evqa-pilot500/minigpt-4-vicuna-7b""]",57.83,57.83,19.24000000000001,0,-4.120666666666672,-4.120666666666672
core7_current,verified50_main,1,coverage80,dataset,evqa-pilot500,Perturb-KL-alt/raw,1,"[""evqa-pilot500/minigpt-4-vicuna-7b""]",57.83,57.83,19.24000000000001,0,-4.120666666666672,-4.120666666666672
core7_current,verified50_main,1,coverage80,dataset,evqa-pilot500,SaLEM-alt/raw,1,"[""evqa-pilot500/minigpt-4-vicuna-7b""]",69.03399999999999,69.03399999999999,8.036000000000016,0,7.0833333333333215,7.0833333333333215
core7_current,verified50_main,1,coverage80,dataset,evqa-pilot500,LGA-Param/tukey,1,"[""evqa-pilot500/minigpt-4-vicuna-7b""]",58.525999999999996,58.525999999999996,18.54400000000001,0,-3.424666666666674,-3.424666666666674
core7_current,verified50_main,1,coverage80,dataset,evqa-pilot500,VisEdit-Pre-alt/current,1,"[""evqa-pilot500/minigpt-4-vicuna-7b""]",57.26800000000001,57.26800000000001,19.802,0,-4.6826666666666625,-4.6826666666666625
core7_current,verified50_main,1,coverage80,dataset,evqa-pilot500,Ours-main/raw,1,"[""evqa-pilot500/minigpt-4-vicuna-7b""]",59.56,59.56,17.510000000000005,0,-2.390666666666668,-2.390666666666668
core7_current,verified50_main,1,coverage80,dataset,mmke-visual,Middle-Prior/raw,3,"[""mmke-visual/blip2-opt-2.7b"", ""mmke-visual/instructblip-vicuna-7b"", ""mmke-visual/llava-v1.5-7b""]",65.70933333333333,65.70933333333333,7.763999999999996,0,-0.005115629984044763,-0.005115629984044763
core7_current,verified50_main,1,coverage80,dataset,mmke-visual,CMA-model_pred/raw,3,"[""mmke-visual/blip2-opt-2.7b"", ""mmke-visual/instructblip-vicuna-7b"", ""mmke-visual/llava-v1.5-7b""]",71.768,71.768,1.705333333333338,0,6.053551036682613,6.053551036682613
core7_current,verified50_main,1,coverage80,dataset,mmke-visual,Perturb-KL-alt/raw,3,"[""mmke-visual/blip2-opt-2.7b"", ""mmke-visual/instructblip-vicuna-7b"", ""mmke-visual/llava-v1.5-7b""]",64.85933333333332,64.85933333333332,8.61400000000001,0,-0.855115629984058,-0.855115629984058
core7_current,verified50_main,1,coverage80,dataset,mmke-visual,SaLEM-alt/raw,3,"[""mmke-visual/blip2-opt-2.7b"", ""mmke-visual/instructblip-vicuna-7b"", ""mmke-visual/llava-v1.5-7b""]",63.13733333333333,63.13733333333333,10.336000000000004,0,-2.577115629984052,-2.577115629984052
core7_current,verified50_main,1,coverage80,dataset,mmke-visual,LGA-Param/tukey,3,"[""mmke-visual/blip2-opt-2.7b"", ""mmke-visual/instructblip-vicuna-7b"", ""mmke-visual/llava-v1.5-7b""]",65.53399999999999,65.53399999999999,7.939333333333337,0,-0.18044896331738633,-0.18044896331738633
core7_current,verified50_main,1,coverage80,dataset,mmke-visual,VisEdit-Pre-alt/current,3,"[""mmke-visual/blip2-opt-2.7b"", ""mmke-visual/instructblip-vicuna-7b"", ""mmke-visual/llava-v1.5-7b""]",64.85866666666666,64.85866666666666,8.614666666666674,0,-0.8557822966507231,-0.8557822966507231
core7_current,verified50_main,1,coverage80,dataset,mmke-visual,Ours-main/raw,3,"[""mmke-visual/blip2-opt-2.7b"", ""mmke-visual/instructblip-vicuna-7b"", ""mmke-visual/llava-v1.5-7b""]",69.26933333333334,69.26933333333334,4.204000000000003,0,3.554884370015948,3.554884370015948
core7_current,verified50_main,1,coverage80,dataset,mmke-entity,Middle-Prior/raw,1,"[""mmke-entity/minigpt-4-vicuna-7b""]",75.708,75.708,0.5579999999999927,0,0.17282352941175816,0.17282352941175816
core7_current,verified50_main,1,coverage80,dataset,mmke-entity,CMA-model_pred/raw,1,"[""mmke-entity/minigpt-4-vicuna-7b""]",75.33600000000001,75.33600000000001,0.9299999999999784,0,-0.19917647058822752,-0.19917647058822752
core7_current,verified50_main,1,coverage80,dataset,mmke-entity,Perturb-KL-alt/raw,1,"[""mmke-entity/minigpt-4-vicuna-7b""]",75.33600000000001,75.33600000000001,0.9299999999999784,0,-0.19917647058822752,-0.19917647058822752
core7_current,verified50_main,1,coverage80,dataset,mmke-entity,SaLEM-alt/raw,1,"[""mmke-entity/minigpt-4-vicuna-7b""]",76.26599999999999,76.26599999999999,0.0,1,0.7308235294117509,0.7308235294117509
core7_current,verified50_main,1,coverage80,dataset,mmke-entity,LGA-Param/tukey,1,"[""mmke-entity/minigpt-4-vicuna-7b""]",75.342,75.342,0.9239999999999924,0,-0.1931764705882415,-0.1931764705882415
core7_current,verified50_main,1,coverage80,dataset,mmke-entity,VisEdit-Pre-alt/current,1,"[""mmke-entity/minigpt-4-vicuna-7b""]",75.18199999999999,75.18199999999999,1.0840000000000032,0,-0.3531764705882523,-0.3531764705882523
core7_current,verified50_main,1,coverage80,dataset,mmke-entity,Ours-main/raw,1,"[""mmke-entity/minigpt-4-vicuna-7b""]",75.824,75.824,0.44199999999999307,0,0.2888235294117578,0.2888235294117578
core7_current,verified50_main,3,all,all,all,Middle-Prior/raw,6,"[""evqa-pilot500/minigpt-4-vicuna-7b"", ""evqa-pilot500/llava-v1.5-7b"", ""mmke-visual/blip2-opt-2.7b"", ""mmke-visual/instructblip-vicuna-7b"", ""mmke-visual/llava-v1.5-7b"", ""mmke-entity/blip2-opt-2.7b""]",66.39666666666668,65.43777777777778,6.951333333333331,0,-1.5886822721353262,0.16645508183337773
core7_current,verified50_main,3,all,all,all,CMA-model_pred/raw,6,"[""evqa-pilot500/minigpt-4-vicuna-7b"", ""evqa-pilot500/llava-v1.5-7b"", ""mmke-visual/blip2-opt-2.7b"", ""mmke-visual/instructblip-vicuna-7b"", ""mmke-visual/llava-v1.5-7b"", ""mmke-entity/blip2-opt-2.7b""]",71.6,66.36111111111111,1.7479999999999976,0.16666666666666666,3.614651061198007,1.0897884151667097
core7_current,verified50_main,3,all,all,all,Perturb-KL-alt/raw,6,"[""evqa-pilot500/minigpt-4-vicuna-7b"", ""evqa-pilot500/llava-v1.5-7b"", ""mmke-visual/blip2-opt-2.7b"", ""mmke-visual/instructblip-vicuna-7b"", ""mmke-visual/llava-v1.5-7b"", ""mmke-entity/blip2-opt-2.7b""]",68.36933333333333,65.65833333333333,4.978666666666665,0,0.3839843945313402,0.38701063738893043
core7_current,verified50_main,3,all,all,all,SaLEM-alt/raw,6,"[""evqa-pilot500/minigpt-4-vicuna-7b"", ""evqa-pilot500/llava-v1.5-7b"", ""mmke-visual/blip2-opt-2.7b"", ""mmke-visual/instructblip-vicuna-7b"", ""mmke-visual/llava-v1.5-7b"", ""mmke-entity/blip2-opt-2.7b""]",69.56866666666666,66.48677777777777,3.779333333333336,0.5,1.5833177278646684,1.2154550818333714
core7_current,verified50_main,3,all,all,all,LGA-Param/tukey,6,"[""evqa-pilot500/minigpt-4-vicuna-7b"", ""evqa-pilot500/llava-v1.5-7b"", ""mmke-visual/blip2-opt-2.7b"", ""mmke-visual/instructblip-vicuna-7b"", ""mmke-visual/llava-v1.5-7b"", ""mmke-entity/blip2-opt-2.7b""]",64.735,64.428,8.613000000000001,0,-3.2503489388019964,-0.8433226959444061
core7_current,verified50_main,3,all,all,all,VisEdit-Pre-alt/current,6,"[""evqa-pilot500/minigpt-4-vicuna-7b"", ""evqa-pilot500/llava-v1.5-7b"", ""mmke-visual/blip2-opt-2.7b"", ""mmke-visual/instructblip-vicuna-7b"", ""mmke-visual/llava-v1.5-7b"", ""mmke-entity/blip2-opt-2.7b""]",64.75766666666667,64.24355555555556,8.590333333333332,0,-3.2276822721353278,-1.0277671403888522
core7_current,verified50_main,3,all,all,all,Ours-main/raw,6,"[""evqa-pilot500/minigpt-4-vicuna-7b"", ""evqa-pilot500/llava-v1.5-7b"", ""mmke-visual/blip2-opt-2.7b"", ""mmke-visual/instructblip-vicuna-7b"", ""mmke-visual/llava-v1.5-7b"", ""mmke-entity/blip2-opt-2.7b""]",70.64133333333334,66.78477777777778,2.7066666666666634,0.3333333333333333,2.655984394531341,1.5134550818333754
core7_current,verified50_main,3,all,dataset,evqa-pilot500,Middle-Prior/raw,2,"[""evqa-pilot500/minigpt-4-vicuna-7b"", ""evqa-pilot500/llava-v1.5-7b""]",64.928,62.93066666666667,8.654000000000003,0,-1.4420860902255654,0.8778958333333371
core7_current,verified50_main,3,all,dataset,evqa-pilot500,CMA-model_pred/raw,2,"[""evqa-pilot500/minigpt-4-vicuna-7b"", ""evqa-pilot500/llava-v1.5-7b""]",70.08200000000001,63.39233333333334,3.499999999999993,0,3.711913909774445,1.3395625000000067
core7_current,verified50_main,3,all,dataset,evqa-pilot500,Perturb-KL-alt/raw,2,"[""evqa-pilot500/minigpt-4-vicuna-7b"", ""evqa-pilot500/llava-v1.5-7b""]",70.08200000000001,63.39233333333334,3.499999999999993,0,3.711913909774445,1.3395625000000067
core7_current,verified50_main,3,all,dataset,evqa-pilot500,SaLEM-alt/raw,2,"[""evqa-pilot500/minigpt-4-vicuna-7b"", ""evqa-pilot500/llava-v1.5-7b""]",73.582,67.04966666666667,0.0,1,7.211913909774438,4.996895833333333
core7_current,verified50_main,3,all,dataset,evqa-pilot500,LGA-Param/tukey,2,"[""evqa-pilot500/minigpt-4-vicuna-7b"", ""evqa-pilot500/llava-v1.5-7b""]",60.771,60.306666666666665,12.811000000000003,0,-5.5990860902255655,-1.7461041666666688
core7_current,verified50_main,3,all,dataset,evqa-pilot500,VisEdit-Pre-alt/current,2,"[""evqa-pilot500/minigpt-4-vicuna-7b"", ""evqa-pilot500/llava-v1.5-7b""]",60.727,59.952,12.855000000000004,0,-5.643086090225566,-2.1007708333333355
core7_current,verified50_main,3,all,dataset,evqa-pilot500,Ours-main/raw,2,"[""evqa-pilot500/minigpt-4-vicuna-7b"", ""evqa-pilot500/llava-v1.5-7b""]",66.999,61.8,6.582999999999998,0,0.6289139097744396,-0.25277083333333294
core7_current,verified50_main,3,all,dataset,mmke-visual,Middle-Prior/raw,3,"[""mmke-visual/blip2-opt-2.7b"", ""mmke-visual/instructblip-vicuna-7b"", ""mmke-visual/llava-v1.5-7b""]",66.15333333333334,65.66644444444445,7.319999999999998,0,-1.813684594395968,-0.048004518872933964
core7_current,verified50_main,3,all,dataset,mmke-visual,CMA-model_pred/raw,3,"[""mmke-visual/blip2-opt-2.7b"", ""mmke-visual/instructblip-vicuna-7b"", ""mmke-visual/llava-v1.5-7b""]",72.31066666666666,66.58977777777778,1.1626666666666665,0,4.343648738937364,0.8753288144603957
core7_current,verified50_main,3,all,dataset,mmke-visual,Perturb-KL-alt/raw,3,"[""mmke-visual/blip2-opt-2.7b"", ""mmke-visual/instructblip-vicuna-7b"", ""mmke-visual/llava-v1.5-7b""]",65.93666666666667,65.21333333333334,7.536666666666666,0,-2.0303512610626364,-0.5011156299840517
core7_current,verified50_main,3,all,dataset,mmke-visual,SaLEM-alt/raw,3,"[""mmke-visual/blip2-opt-2.7b"", ""mmke-visual/instructblip-vicuna-7b"", ""mmke-visual/llava-v1.5-7b""]",66.368,65.26088888888889,7.105333333333339,0.3333333333333333,-1.599017927729309,-0.4535600744284996
core7_current,verified50_main,3,all,dataset,mmke-visual,LGA-Param/tukey,3,"[""mmke-visual/blip2-opt-2.7b"", ""mmke-visual/instructblip-vicuna-7b"", ""mmke-visual/llava-v1.5-7b""]",65.584,65.37644444444445,7.889333333333336,0,-2.3830179277293055,-0.3380045188729402
core7_current,verified50_main,3,all,dataset,mmke-visual,VisEdit-Pre-alt/current,3,"[""mmke-visual/blip2-opt-2.7b"", ""mmke-visual/instructblip-vicuna-7b"", ""mmke-visual/llava-v1.5-7b""]",65.486,65.08711111111111,7.987333333333332,0,-2.4810179277293023,-0.6273378522062742
core7_current,verified50_main,3,all,dataset,mmke-visual,Ours-main/raw,3,"[""mmke-visual/blip2-opt-2.7b"", ""mmke-visual/instructblip-vicuna-7b"", ""mmke-visual/llava-v1.5-7b""]",72.44866666666667,69.07155555555556,1.0246666666666613,0.3333333333333333,4.481648738937369,3.357106592238175
core7_current,verified50_main,3,all,dataset,mmke-entity,Middle-Prior/raw,1,"[""mmke-entity/blip2-opt-2.7b""]",70.06400000000001,69.766,2.4399999999999835,0,-1.2068676691729223,-0.613047619047606
core7_current,verified50_main,3,all,dataset,mmke-entity,CMA-model_pred/raw,1,"[""mmke-entity/blip2-opt-2.7b""]",72.50399999999999,71.61266666666667,0.0,1,1.2331323308270612,1.233619047619058
core7_current,verified50_main,3,all,dataset,mmke-entity,Perturb-KL-alt/raw,1,"[""mmke-entity/blip2-opt-2.7b""]",72.24199999999999,71.52533333333334,0.26200000000000045,0,0.9711323308270607,1.1462857142857246
core7_current,verified50_main,3,all,dataset,mmke-entity,SaLEM-alt/raw,1,"[""mmke-entity/blip2-opt-2.7b""]",71.14399999999999,69.03866666666667,1.3599999999999994,0,-0.12686766917293824,-1.34038095238094
core7_current,verified50_main,3,all,dataset,mmke-entity,LGA-Param/tukey,1,"[""mmke-entity/blip2-opt-2.7b""]",70.116,69.82533333333333,2.387999999999991,0,-1.1548676691729298,-0.5537142857142783
core7_current,verified50_main,3,all,dataset,mmke-entity,VisEdit-Pre-alt/current,1,"[""mmke-entity/blip2-opt-2.7b""]",70.634,70.29599999999999,1.8699999999999903,0,-0.6368676691729291,-0.08304761904761904
core7_current,verified50_main,3,all,dataset,mmke-entity,Ours-main/raw,1,"[""mmke-entity/blip2-opt-2.7b""]",72.50399999999999,69.894,0.0,1,1.2331323308270612,-0.48504761904760585
core7_current,verified50_main,3,coverage80,all,all,Middle-Prior/raw,4,"[""evqa-pilot500/minigpt-4-vicuna-7b"", ""mmke-visual/blip2-opt-2.7b"", ""mmke-visual/instructblip-vicuna-7b"", ""mmke-visual/llava-v1.5-7b""]",65.8495,65.2865,8.523,0,-1.8428029194811852,0.5129966108453008
core7_current,verified50_main,3,coverage80,all,all,CMA-model_pred/raw,4,"[""evqa-pilot500/minigpt-4-vicuna-7b"", ""mmke-visual/blip2-opt-2.7b"", ""mmke-visual/instructblip-vicuna-7b"", ""mmke-visual/llava-v1.5-7b""]",72.009,65.97816666666667,2.3634999999999984,0,4.316697080518816,1.2046632775119654
core7_current,verified50_main,3,coverage80,all,all,Perturb-KL-alt/raw,4,"[""evqa-pilot500/minigpt-4-vicuna-7b"", ""mmke-visual/blip2-opt-2.7b"", ""mmke-visual/instructblip-vicuna-7b"", ""mmke-visual/llava-v1.5-7b""]",67.2285,64.94583333333334,7.143999999999998,0,-0.4638029194811839,0.1723299441786299
core7_current,verified50_main,3,coverage80,all,all,SaLEM-alt/raw,4,"[""evqa-pilot500/minigpt-4-vicuna-7b"", ""mmke-visual/blip2-opt-2.7b"", ""mmke-visual/instructblip-vicuna-7b"", ""mmke-visual/llava-v1.5-7b""]",69.0435,66.09483333333333,5.329000000000004,0.5,1.3511970805188103,1.3213299441786237
core7_current,verified50_main,3,coverage80,all,all,LGA-Param/tukey,4,"[""evqa-pilot500/minigpt-4-vicuna-7b"", ""mmke-visual/blip2-opt-2.7b"", ""mmke-visual/instructblip-vicuna-7b"", ""mmke-visual/llava-v1.5-7b""]",63.826499999999996,63.66116666666667,10.546000000000005,0,-3.8658029194811903,-1.11233672248804
core7_current,verified50_main,3,coverage80,all,all,VisEdit-Pre-alt/current,4,"[""evqa-pilot500/minigpt-4-vicuna-7b"", ""mmke-visual/blip2-opt-2.7b"", ""mmke-visual/instructblip-vicuna-7b"", ""mmke-visual/llava-v1.5-7b""]",63.731,63.26833333333333,10.641500000000002,0,-3.961302919481188,-1.5051700558213739
core7_current,verified50_main,3,coverage80,all,all,Ours-main/raw,4,"[""evqa-pilot500/minigpt-4-vicuna-7b"", ""mmke-visual/blip2-opt-2.7b"", ""mmke-visual/instructblip-vicuna-7b"", ""mmke-visual/llava-v1.5-7b""]",70.571,67.04333333333334,3.801499999999997,0.25,2.8786970805188172,2.26982994417863
core7_current,verified50_main,3,coverage80,dataset,evqa-pilot500,Middle-Prior/raw,1,"[""evqa-pilot500/minigpt-4-vicuna-7b""]",64.938,64.14666666666668,12.132000000000005,0,-1.930157894736837,2.196000000000005
core7_current,verified50_main,3,coverage80,dataset,evqa-pilot500,CMA-model_pred/raw,1,"[""evqa-pilot500/minigpt-4-vicuna-7b""]",71.10400000000001,64.14333333333335,5.965999999999994,0,4.235842105263174,2.1926666666666748
core7_current,verified50_main,3,coverage80,dataset,evqa-pilot500,Perturb-KL-alt/raw,1,"[""evqa-pilot500/minigpt-4-vicuna-7b""]",71.10400000000001,64.14333333333335,5.965999999999994,0,4.235842105263174,2.1926666666666748
core7_current,verified50_main,3,coverage80,dataset,evqa-pilot500,SaLEM-alt/raw,1,"[""evqa-pilot500/minigpt-4-vicuna-7b""]",77.07000000000001,68.59666666666666,0.0,1,10.201842105263168,6.645999999999994
core7_current,verified50_main,3,coverage80,dataset,evqa-pilot500,LGA-Param/tukey,1,"[""evqa-pilot500/minigpt-4-vicuna-7b""]",58.553999999999995,58.51533333333333,18.516000000000012,0,-8.314157894736844,-3.4353333333333396
core7_current,verified50_main,3,coverage80,dataset,evqa-pilot500,VisEdit-Pre-alt/current,1,"[""evqa-pilot500/minigpt-4-vicuna-7b""]",58.465999999999994,57.812,18.604000000000013,0,-8.402157894736845,-4.138666666666673
core7_current,verified50_main,3,coverage80,dataset,evqa-pilot500,Ours-main/raw,1,"[""evqa-pilot500/minigpt-4-vicuna-7b""]",64.938,60.958666666666666,12.132000000000005,0,-1.930157894736837,-0.9920000000000044
core7_current,verified50_main,3,coverage80,dataset,mmke-visual,Middle-Prior/raw,3,"[""mmke-visual/blip2-opt-2.7b"", ""mmke-visual/instructblip-vicuna-7b"", ""mmke-visual/llava-v1.5-7b""]",66.15333333333334,65.66644444444445,7.319999999999998,0,-1.813684594395968,-0.048004518872933964
core7_current,verified50_main,3,coverage80,dataset,mmke-visual,CMA-model_pred/raw,3,"[""mmke-visual/blip2-opt-2.7b"", ""mmke-visual/instructblip-vicuna-7b"", ""mmke-visual/llava-v1.5-7b""]",72.31066666666666,66.58977777777778,1.1626666666666665,0,4.343648738937364,0.8753288144603957
core7_current,verified50_main,3,coverage80,dataset,mmke-visual,Perturb-KL-alt/raw,3,"[""mmke-visual/blip2-opt-2.7b"", ""mmke-visual/instructblip-vicuna-7b"", ""mmke-visual/llava-v1.5-7b""]",65.93666666666667,65.21333333333334,7.536666666666666,0,-2.0303512610626364,-0.5011156299840517
core7_current,verified50_main,3,coverage80,dataset,mmke-visual,SaLEM-alt/raw,3,"[""mmke-visual/blip2-opt-2.7b"", ""mmke-visual/instructblip-vicuna-7b"", ""mmke-visual/llava-v1.5-7b""]",66.368,65.26088888888889,7.105333333333339,0.3333333333333333,-1.599017927729309,-0.4535600744284996
core7_current,verified50_main,3,coverage80,dataset,mmke-visual,LGA-Param/tukey,3,"[""mmke-visual/blip2-opt-2.7b"", ""mmke-visual/instructblip-vicuna-7b"", ""mmke-visual/llava-v1.5-7b""]",65.584,65.37644444444445,7.889333333333336,0,-2.3830179277293055,-0.3380045188729402
core7_current,verified50_main,3,coverage80,dataset,mmke-visual,VisEdit-Pre-alt/current,3,"[""mmke-visual/blip2-opt-2.7b"", ""mmke-visual/instructblip-vicuna-7b"", ""mmke-visual/llava-v1.5-7b""]",65.486,65.08711111111111,7.987333333333332,0,-2.4810179277293023,-0.6273378522062742
core7_current,verified50_main,3,coverage80,dataset,mmke-visual,Ours-main/raw,3,"[""mmke-visual/blip2-opt-2.7b"", ""mmke-visual/instructblip-vicuna-7b"", ""mmke-visual/llava-v1.5-7b""]",72.44866666666667,69.07155555555556,1.0246666666666613,0.3333333333333333,4.481648738937369,3.357106592238175
core7_current,verified50_main,3,coverage80,dataset,mmke-entity,Middle-Prior/raw,0,[],,,,,,
core7_current,verified50_main,3,coverage80,dataset,mmke-entity,CMA-model_pred/raw,0,[],,,,,,
core7_current,verified50_main,3,coverage80,dataset,mmke-entity,Perturb-KL-alt/raw,0,[],,,,,,
core7_current,verified50_main,3,coverage80,dataset,mmke-entity,SaLEM-alt/raw,0,[],,,,,,
core7_current,verified50_main,3,coverage80,dataset,mmke-entity,LGA-Param/tukey,0,[],,,,,,
core7_current,verified50_main,3,coverage80,dataset,mmke-entity,VisEdit-Pre-alt/current,0,[],,,,,,
core7_current,verified50_main,3,coverage80,dataset,mmke-entity,Ours-main/raw,0,[],,,,,,
core7_current,verified50_main,5,all,all,all,Middle-Prior/raw,0,[],,,,,,
core7_current,verified50_main,5,all,all,all,CMA-model_pred/raw,0,[],,,,,,
core7_current,verified50_main,5,all,all,all,Perturb-KL-alt/raw,0,[],,,,,,
core7_current,verified50_main,5,all,all,all,SaLEM-alt/raw,0,[],,,,,,
core7_current,verified50_main,5,all,all,all,LGA-Param/tukey,0,[],,,,,,
core7_current,verified50_main,5,all,all,all,VisEdit-Pre-alt/current,0,[],,,,,,
core7_current,verified50_main,5,all,all,all,Ours-main/raw,0,[],,,,,,
core7_current,verified50_main,5,all,dataset,evqa-pilot500,Middle-Prior/raw,0,[],,,,,,
core7_current,verified50_main,5,all,dataset,evqa-pilot500,CMA-model_pred/raw,0,[],,,,,,
core7_current,verified50_main,5,all,dataset,evqa-pilot500,Perturb-KL-alt/raw,0,[],,,,,,
core7_current,verified50_main,5,all,dataset,evqa-pilot500,SaLEM-alt/raw,0,[],,,,,,
core7_current,verified50_main,5,all,dataset,evqa-pilot500,LGA-Param/tukey,0,[],,,,,,
core7_current,verified50_main,5,all,dataset,evqa-pilot500,VisEdit-Pre-alt/current,0,[],,,,,,
core7_current,verified50_main,5,all,dataset,evqa-pilot500,Ours-main/raw,0,[],,,,,,
core7_current,verified50_main,5,all,dataset,mmke-visual,Middle-Prior/raw,0,[],,,,,,
core7_current,verified50_main,5,all,dataset,mmke-visual,CMA-model_pred/raw,0,[],,,,,,
core7_current,verified50_main,5,all,dataset,mmke-visual,Perturb-KL-alt/raw,0,[],,,,,,
core7_current,verified50_main,5,all,dataset,mmke-visual,SaLEM-alt/raw,0,[],,,,,,
core7_current,verified50_main,5,all,dataset,mmke-visual,LGA-Param/tukey,0,[],,,,,,
core7_current,verified50_main,5,all,dataset,mmke-visual,VisEdit-Pre-alt/current,0,[],,,,,,
core7_current,verified50_main,5,all,dataset,mmke-visual,Ours-main/raw,0,[],,,,,,
core7_current,verified50_main,5,all,dataset,mmke-entity,Middle-Prior/raw,0,[],,,,,,
core7_current,verified50_main,5,all,dataset,mmke-entity,CMA-model_pred/raw,0,[],,,,,,
core7_current,verified50_main,5,all,dataset,mmke-entity,Perturb-KL-alt/raw,0,[],,,,,,
core7_current,verified50_main,5,all,dataset,mmke-entity,SaLEM-alt/raw,0,[],,,,,,
core7_current,verified50_main,5,all,dataset,mmke-entity,LGA-Param/tukey,0,[],,,,,,
core7_current,verified50_main,5,all,dataset,mmke-entity,VisEdit-Pre-alt/current,0,[],,,,,,
core7_current,verified50_main,5,all,dataset,mmke-entity,Ours-main/raw,0,[],,,,,,
core7_current,verified50_main,5,coverage80,all,all,Middle-Prior/raw,0,[],,,,,,
core7_current,verified50_main,5,coverage80,all,all,CMA-model_pred/raw,0,[],,,,,,
core7_current,verified50_main,5,coverage80,all,all,Perturb-KL-alt/raw,0,[],,,,,,
core7_current,verified50_main,5,coverage80,all,all,SaLEM-alt/raw,0,[],,,,,,
core7_current,verified50_main,5,coverage80,all,all,LGA-Param/tukey,0,[],,,,,,
core7_current,verified50_main,5,coverage80,all,all,VisEdit-Pre-alt/current,0,[],,,,,,
core7_current,verified50_main,5,coverage80,all,all,Ours-main/raw,0,[],,,,,,
core7_current,verified50_main,5,coverage80,dataset,evqa-pilot500,Middle-Prior/raw,0,[],,,,,,
core7_current,verified50_main,5,coverage80,dataset,evqa-pilot500,CMA-model_pred/raw,0,[],,,,,,
core7_current,verified50_main,5,coverage80,dataset,evqa-pilot500,Perturb-KL-alt/raw,0,[],,,,,,
core7_current,verified50_main,5,coverage80,dataset,evqa-pilot500,SaLEM-alt/raw,0,[],,,,,,
core7_current,verified50_main,5,coverage80,dataset,evqa-pilot500,LGA-Param/tukey,0,[],,,,,,
core7_current,verified50_main,5,coverage80,dataset,evqa-pilot500,VisEdit-Pre-alt/current,0,[],,,,,,
core7_current,verified50_main,5,coverage80,dataset,evqa-pilot500,Ours-main/raw,0,[],,,,,,
core7_current,verified50_main,5,coverage80,dataset,mmke-visual,Middle-Prior/raw,0,[],,,,,,
core7_current,verified50_main,5,coverage80,dataset,mmke-visual,CMA-model_pred/raw,0,[],,,,,,
core7_current,verified50_main,5,coverage80,dataset,mmke-visual,Perturb-KL-alt/raw,0,[],,,,,,
core7_current,verified50_main,5,coverage80,dataset,mmke-visual,SaLEM-alt/raw,0,[],,,,,,
core7_current,verified50_main,5,coverage80,dataset,mmke-visual,LGA-Param/tukey,0,[],,,,,,
core7_current,verified50_main,5,coverage80,dataset,mmke-visual,VisEdit-Pre-alt/current,0,[],,,,,,
core7_current,verified50_main,5,coverage80,dataset,mmke-visual,Ours-main/raw,0,[],,,,,,
core7_current,verified50_main,5,coverage80,dataset,mmke-entity,Middle-Prior/raw,0,[],,,,,,
core7_current,verified50_main,5,coverage80,dataset,mmke-entity,CMA-model_pred/raw,0,[],,,,,,
core7_current,verified50_main,5,coverage80,dataset,mmke-entity,Perturb-KL-alt/raw,0,[],,,,,,
core7_current,verified50_main,5,coverage80,dataset,mmke-entity,SaLEM-alt/raw,0,[],,,,,,
core7_current,verified50_main,5,coverage80,dataset,mmke-entity,LGA-Param/tukey,0,[],,,,,,
core7_current,verified50_main,5,coverage80,dataset,mmke-entity,VisEdit-Pre-alt/current,0,[],,,,,,
core7_current,verified50_main,5,coverage80,dataset,mmke-entity,Ours-main/raw,0,[],,,,,,
core7_current,stable_only,1,all,all,all,Middle-Prior/raw,2,"[""mmke-visual/paligemma-3b"", ""mmke-entity/paligemma-3b""]",98.054,98.054,0.8320000000000078,0.5,9.753228571428565,9.753228571428565
core7_current,stable_only,1,all,all,all,CMA-model_pred/raw,2,"[""mmke-visual/paligemma-3b"", ""mmke-entity/paligemma-3b""]",98.54,98.54,0.34599999999999653,0,10.239228571428576,10.239228571428576
core7_current,stable_only,1,all,all,all,Perturb-KL-alt/raw,2,"[""mmke-visual/paligemma-3b"", ""mmke-entity/paligemma-3b""]",98.54,98.54,0.34599999999999653,0,10.239228571428576,10.239228571428576
core7_current,stable_only,1,all,all,all,SaLEM-alt/raw,2,"[""mmke-visual/paligemma-3b"", ""mmke-entity/paligemma-3b""]",69.423,69.423,29.463000000000008,0,-18.877771428571435,-18.877771428571435
core7_current,stable_only,1,all,all,all,LGA-Param/tukey,2,"[""mmke-visual/paligemma-3b"", ""mmke-entity/paligemma-3b""]",98.54,98.54,0.34599999999999653,0,10.239228571428576,10.239228571428576
core7_current,stable_only,1,all,all,all,VisEdit-Pre-alt/current,2,"[""mmke-visual/paligemma-3b"", ""mmke-entity/paligemma-3b""]",77.084,77.084,21.802,0,-11.216771428571427,-11.216771428571427
core7_current,stable_only,1,all,all,all,Ours-main/raw,2,"[""mmke-visual/paligemma-3b"", ""mmke-entity/paligemma-3b""]",98.671,98.671,0.2149999999999963,0.5,10.370228571428576,10.370228571428576
core7_current,stable_only,1,all,dataset,evqa-pilot500,Middle-Prior/raw,0,[],,,,,,
core7_current,stable_only,1,all,dataset,evqa-pilot500,CMA-model_pred/raw,0,[],,,,,,
core7_current,stable_only,1,all,dataset,evqa-pilot500,Perturb-KL-alt/raw,0,[],,,,,,
core7_current,stable_only,1,all,dataset,evqa-pilot500,SaLEM-alt/raw,0,[],,,,,,
core7_current,stable_only,1,all,dataset,evqa-pilot500,LGA-Param/tukey,0,[],,,,,,
core7_current,stable_only,1,all,dataset,evqa-pilot500,VisEdit-Pre-alt/current,0,[],,,,,,
core7_current,stable_only,1,all,dataset,evqa-pilot500,Ours-main/raw,0,[],,,,,,
core7_current,stable_only,1,all,dataset,mmke-visual,Middle-Prior/raw,1,"[""mmke-visual/paligemma-3b""]",96.91799999999999,96.91799999999999,1.6640000000000157,0,10.113599999999991,10.113599999999991
core7_current,stable_only,1,all,dataset,mmke-visual,CMA-model_pred/raw,1,"[""mmke-visual/paligemma-3b""]",98.4,98.4,0.18200000000000216,0,11.595600000000005,11.595600000000005
core7_current,stable_only,1,all,dataset,mmke-visual,Perturb-KL-alt/raw,1,"[""mmke-visual/paligemma-3b""]",98.4,98.4,0.18200000000000216,0,11.595600000000005,11.595600000000005
core7_current,stable_only,1,all,dataset,mmke-visual,SaLEM-alt/raw,1,"[""mmke-visual/paligemma-3b""]",98.51599999999999,98.51599999999999,0.06600000000001671,0,11.71159999999999,11.71159999999999
core7_current,stable_only,1,all,dataset,mmke-visual,LGA-Param/tukey,1,"[""mmke-visual/paligemma-3b""]",98.4,98.4,0.18200000000000216,0,11.595600000000005,11.595600000000005
core7_current,stable_only,1,all,dataset,mmke-visual,VisEdit-Pre-alt/current,1,"[""mmke-visual/paligemma-3b""]",58.86800000000001,58.86800000000001,39.714,0,-27.936399999999992,-27.936399999999992
core7_current,stable_only,1,all,dataset,mmke-visual,Ours-main/raw,1,"[""mmke-visual/paligemma-3b""]",98.58200000000001,98.58200000000001,0.0,1,11.777600000000007,11.777600000000007
core7_current,stable_only,1,all,dataset,mmke-entity,Middle-Prior/raw,1,"[""mmke-entity/paligemma-3b""]",99.19,99.19,0.0,1,9.392857142857139,9.392857142857139
core7_current,stable_only,1,all,dataset,mmke-entity,CMA-model_pred/raw,1,"[""mmke-entity/paligemma-3b""]",98.68,98.68,0.5099999999999909,0,8.882857142857148,8.882857142857148
core7_current,stable_only,1,all,dataset,mmke-entity,Perturb-KL-alt/raw,1,"[""mmke-entity/paligemma-3b""]",98.68,98.68,0.5099999999999909,0,8.882857142857148,8.882857142857148
core7_current,stable_only,1,all,dataset,mmke-entity,SaLEM-alt/raw,1,"[""mmke-entity/paligemma-3b""]",40.33,40.33,58.86,0,-49.46714285714286,-49.46714285714286
core7_current,stable_only,1,all,dataset,mmke-entity,LGA-Param/tukey,1,"[""mmke-entity/paligemma-3b""]",98.68,98.68,0.5099999999999909,0,8.882857142857148,8.882857142857148
core7_current,stable_only,1,all,dataset,mmke-entity,VisEdit-Pre-alt/current,1,"[""mmke-entity/paligemma-3b""]",95.3,95.3,3.8900000000000006,0,5.502857142857138,5.502857142857138
core7_current,stable_only,1,all,dataset,mmke-entity,Ours-main/raw,1,"[""mmke-entity/paligemma-3b""]",98.76,98.76,0.4299999999999926,0,8.962857142857146,8.962857142857146
core7_current,stable_only,1,coverage80,all,all,Middle-Prior/raw,1,"[""mmke-entity/paligemma-3b""]",99.19,99.19,0.0,1,9.392857142857139,9.392857142857139
core7_current,stable_only,1,coverage80,all,all,CMA-model_pred/raw,1,"[""mmke-entity/paligemma-3b""]",98.68,98.68,0.5099999999999909,0,8.882857142857148,8.882857142857148
core7_current,stable_only,1,coverage80,all,all,Perturb-KL-alt/raw,1,"[""mmke-entity/paligemma-3b""]",98.68,98.68,0.5099999999999909,0,8.882857142857148,8.882857142857148
core7_current,stable_only,1,coverage80,all,all,SaLEM-alt/raw,1,"[""mmke-entity/paligemma-3b""]",40.33,40.33,58.86,0,-49.46714285714286,-49.46714285714286
core7_current,stable_only,1,coverage80,all,all,LGA-Param/tukey,1,"[""mmke-entity/paligemma-3b""]",98.68,98.68,0.5099999999999909,0,8.882857142857148,8.882857142857148
core7_current,stable_only,1,coverage80,all,all,VisEdit-Pre-alt/current,1,"[""mmke-entity/paligemma-3b""]",95.3,95.3,3.8900000000000006,0,5.502857142857138,5.502857142857138
core7_current,stable_only,1,coverage80,all,all,Ours-main/raw,1,"[""mmke-entity/paligemma-3b""]",98.76,98.76,0.4299999999999926,0,8.962857142857146,8.962857142857146
core7_current,stable_only,1,coverage80,dataset,evqa-pilot500,Middle-Prior/raw,0,[],,,,,,
core7_current,stable_only,1,coverage80,dataset,evqa-pilot500,CMA-model_pred/raw,0,[],,,,,,
core7_current,stable_only,1,coverage80,dataset,evqa-pilot500,Perturb-KL-alt/raw,0,[],,,,,,
core7_current,stable_only,1,coverage80,dataset,evqa-pilot500,SaLEM-alt/raw,0,[],,,,,,
core7_current,stable_only,1,coverage80,dataset,evqa-pilot500,LGA-Param/tukey,0,[],,,,,,
core7_current,stable_only,1,coverage80,dataset,evqa-pilot500,VisEdit-Pre-alt/current,0,[],,,,,,
core7_current,stable_only,1,coverage80,dataset,evqa-pilot500,Ours-main/raw,0,[],,,,,,
core7_current,stable_only,1,coverage80,dataset,mmke-visual,Middle-Prior/raw,0,[],,,,,,
core7_current,stable_only,1,coverage80,dataset,mmke-visual,CMA-model_pred/raw,0,[],,,,,,
core7_current,stable_only,1,coverage80,dataset,mmke-visual,Perturb-KL-alt/raw,0,[],,,,,,
core7_current,stable_only,1,coverage80,dataset,mmke-visual,SaLEM-alt/raw,0,[],,,,,,
core7_current,stable_only,1,coverage80,dataset,mmke-visual,LGA-Param/tukey,0,[],,,,,,
core7_current,stable_only,1,coverage80,dataset,mmke-visual,VisEdit-Pre-alt/current,0,[],,,,,,
core7_current,stable_only,1,coverage80,dataset,mmke-visual,Ours-main/raw,0,[],,,,,,
core7_current,stable_only,1,coverage80,dataset,mmke-entity,Middle-Prior/raw,1,"[""mmke-entity/paligemma-3b""]",99.19,99.19,0.0,1,9.392857142857139,9.392857142857139
core7_current,stable_only,1,coverage80,dataset,mmke-entity,CMA-model_pred/raw,1,"[""mmke-entity/paligemma-3b""]",98.68,98.68,0.5099999999999909,0,8.882857142857148,8.882857142857148
core7_current,stable_only,1,coverage80,dataset,mmke-entity,Perturb-KL-alt/raw,1,"[""mmke-entity/paligemma-3b""]",98.68,98.68,0.5099999999999909,0,8.882857142857148,8.882857142857148
core7_current,stable_only,1,coverage80,dataset,mmke-entity,SaLEM-alt/raw,1,"[""mmke-entity/paligemma-3b""]",40.33,40.33,58.86,0,-49.46714285714286,-49.46714285714286
core7_current,stable_only,1,coverage80,dataset,mmke-entity,LGA-Param/tukey,1,"[""mmke-entity/paligemma-3b""]",98.68,98.68,0.5099999999999909,0,8.882857142857148,8.882857142857148
core7_current,stable_only,1,coverage80,dataset,mmke-entity,VisEdit-Pre-alt/current,1,"[""mmke-entity/paligemma-3b""]",95.3,95.3,3.8900000000000006,0,5.502857142857138,5.502857142857138
core7_current,stable_only,1,coverage80,dataset,mmke-entity,Ours-main/raw,1,"[""mmke-entity/paligemma-3b""]",98.76,98.76,0.4299999999999926,0,8.962857142857146,8.962857142857146
core7_current,stable_only,3,all,all,all,Middle-Prior/raw,0,[],,,,,,
core7_current,stable_only,3,all,all,all,CMA-model_pred/raw,0,[],,,,,,
core7_current,stable_only,3,all,all,all,Perturb-KL-alt/raw,0,[],,,,,,
core7_current,stable_only,3,all,all,all,SaLEM-alt/raw,0,[],,,,,,
core7_current,stable_only,3,all,all,all,LGA-Param/tukey,0,[],,,,,,
core7_current,stable_only,3,all,all,all,VisEdit-Pre-alt/current,0,[],,,,,,
core7_current,stable_only,3,all,all,all,Ours-main/raw,0,[],,,,,,
core7_current,stable_only,3,all,dataset,evqa-pilot500,Middle-Prior/raw,0,[],,,,,,
core7_current,stable_only,3,all,dataset,evqa-pilot500,CMA-model_pred/raw,0,[],,,,,,
core7_current,stable_only,3,all,dataset,evqa-pilot500,Perturb-KL-alt/raw,0,[],,,,,,
core7_current,stable_only,3,all,dataset,evqa-pilot500,SaLEM-alt/raw,0,[],,,,,,
core7_current,stable_only,3,all,dataset,evqa-pilot500,LGA-Param/tukey,0,[],,,,,,
core7_current,stable_only,3,all,dataset,evqa-pilot500,VisEdit-Pre-alt/current,0,[],,,,,,
core7_current,stable_only,3,all,dataset,evqa-pilot500,Ours-main/raw,0,[],,,,,,
core7_current,stable_only,3,all,dataset,mmke-visual,Middle-Prior/raw,0,[],,,,,,
core7_current,stable_only,3,all,dataset,mmke-visual,CMA-model_pred/raw,0,[],,,,,,
core7_current,stable_only,3,all,dataset,mmke-visual,Perturb-KL-alt/raw,0,[],,,,,,
core7_current,stable_only,3,all,dataset,mmke-visual,SaLEM-alt/raw,0,[],,,,,,
core7_current,stable_only,3,all,dataset,mmke-visual,LGA-Param/tukey,0,[],,,,,,
core7_current,stable_only,3,all,dataset,mmke-visual,VisEdit-Pre-alt/current,0,[],,,,,,
core7_current,stable_only,3,all,dataset,mmke-visual,Ours-main/raw,0,[],,,,,,
core7_current,stable_only,3,all,dataset,mmke-entity,Middle-Prior/raw,0,[],,,,,,
core7_current,stable_only,3,all,dataset,mmke-entity,CMA-model_pred/raw,0,[],,,,,,
core7_current,stable_only,3,all,dataset,mmke-entity,Perturb-KL-alt/raw,0,[],,,,,,
core7_current,stable_only,3,all,dataset,mmke-entity,SaLEM-alt/raw,0,[],,,,,,
core7_current,stable_only,3,all,dataset,mmke-entity,LGA-Param/tukey,0,[],,,,,,
core7_current,stable_only,3,all,dataset,mmke-entity,VisEdit-Pre-alt/current,0,[],,,,,,
core7_current,stable_only,3,all,dataset,mmke-entity,Ours-main/raw,0,[],,,,,,
core7_current,stable_only,3,coverage80,all,all,Middle-Prior/raw,0,[],,,,,,
core7_current,stable_only,3,coverage80,all,all,CMA-model_pred/raw,0,[],,,,,,
core7_current,stable_only,3,coverage80,all,all,Perturb-KL-alt/raw,0,[],,,,,,
core7_current,stable_only,3,coverage80,all,all,SaLEM-alt/raw,0,[],,,,,,
core7_current,stable_only,3,coverage80,all,all,LGA-Param/tukey,0,[],,,,,,
core7_current,stable_only,3,coverage80,all,all,VisEdit-Pre-alt/current,0,[],,,,,,
core7_current,stable_only,3,coverage80,all,all,Ours-main/raw,0,[],,,,,,
core7_current,stable_only,3,coverage80,dataset,evqa-pilot500,Middle-Prior/raw,0,[],,,,,,
core7_current,stable_only,3,coverage80,dataset,evqa-pilot500,CMA-model_pred/raw,0,[],,,,,,
core7_current,stable_only,3,coverage80,dataset,evqa-pilot500,Perturb-KL-alt/raw,0,[],,,,,,
core7_current,stable_only,3,coverage80,dataset,evqa-pilot500,SaLEM-alt/raw,0,[],,,,,,
core7_current,stable_only,3,coverage80,dataset,evqa-pilot500,LGA-Param/tukey,0,[],,,,,,
core7_current,stable_only,3,coverage80,dataset,evqa-pilot500,VisEdit-Pre-alt/current,0,[],,,,,,
core7_current,stable_only,3,coverage80,dataset,evqa-pilot500,Ours-main/raw,0,[],,,,,,
core7_current,stable_only,3,coverage80,dataset,mmke-visual,Middle-Prior/raw,0,[],,,,,,
core7_current,stable_only,3,coverage80,dataset,mmke-visual,CMA-model_pred/raw,0,[],,,,,,
core7_current,stable_only,3,coverage80,dataset,mmke-visual,Perturb-KL-alt/raw,0,[],,,,,,
core7_current,stable_only,3,coverage80,dataset,mmke-visual,SaLEM-alt/raw,0,[],,,,,,
core7_current,stable_only,3,coverage80,dataset,mmke-visual,LGA-Param/tukey,0,[],,,,,,
core7_current,stable_only,3,coverage80,dataset,mmke-visual,VisEdit-Pre-alt/current,0,[],,,,,,
core7_current,stable_only,3,coverage80,dataset,mmke-visual,Ours-main/raw,0,[],,,,,,
core7_current,stable_only,3,coverage80,dataset,mmke-entity,Middle-Prior/raw,0,[],,,,,,
core7_current,stable_only,3,coverage80,dataset,mmke-entity,CMA-model_pred/raw,0,[],,,,,,
core7_current,stable_only,3,coverage80,dataset,mmke-entity,Perturb-KL-alt/raw,0,[],,,,,,
core7_current,stable_only,3,coverage80,dataset,mmke-entity,SaLEM-alt/raw,0,[],,,,,,
core7_current,stable_only,3,coverage80,dataset,mmke-entity,LGA-Param/tukey,0,[],,,,,,
core7_current,stable_only,3,coverage80,dataset,mmke-entity,VisEdit-Pre-alt/current,0,[],,,,,,
core7_current,stable_only,3,coverage80,dataset,mmke-entity,Ours-main/raw,0,[],,,,,,
core7_current,stable_only,5,all,all,all,Middle-Prior/raw,0,[],,,,,,
core7_current,stable_only,5,all,all,all,CMA-model_pred/raw,0,[],,,,,,
core7_current,stable_only,5,all,all,all,Perturb-KL-alt/raw,0,[],,,,,,
core7_current,stable_only,5,all,all,all,SaLEM-alt/raw,0,[],,,,,,
core7_current,stable_only,5,all,all,all,LGA-Param/tukey,0,[],,,,,,
core7_current,stable_only,5,all,all,all,VisEdit-Pre-alt/current,0,[],,,,,,
core7_current,stable_only,5,all,all,all,Ours-main/raw,0,[],,,,,,
core7_current,stable_only,5,all,dataset,evqa-pilot500,Middle-Prior/raw,0,[],,,,,,
core7_current,stable_only,5,all,dataset,evqa-pilot500,CMA-model_pred/raw,0,[],,,,,,
core7_current,stable_only,5,all,dataset,evqa-pilot500,Perturb-KL-alt/raw,0,[],,,,,,
core7_current,stable_only,5,all,dataset,evqa-pilot500,SaLEM-alt/raw,0,[],,,,,,
core7_current,stable_only,5,all,dataset,evqa-pilot500,LGA-Param/tukey,0,[],,,,,,
core7_current,stable_only,5,all,dataset,evqa-pilot500,VisEdit-Pre-alt/current,0,[],,,,,,
core7_current,stable_only,5,all,dataset,evqa-pilot500,Ours-main/raw,0,[],,,,,,
core7_current,stable_only,5,all,dataset,mmke-visual,Middle-Prior/raw,0,[],,,,,,
core7_current,stable_only,5,all,dataset,mmke-visual,CMA-model_pred/raw,0,[],,,,,,
core7_current,stable_only,5,all,dataset,mmke-visual,Perturb-KL-alt/raw,0,[],,,,,,
core7_current,stable_only,5,all,dataset,mmke-visual,SaLEM-alt/raw,0,[],,,,,,
core7_current,stable_only,5,all,dataset,mmke-visual,LGA-Param/tukey,0,[],,,,,,
core7_current,stable_only,5,all,dataset,mmke-visual,VisEdit-Pre-alt/current,0,[],,,,,,
core7_current,stable_only,5,all,dataset,mmke-visual,Ours-main/raw,0,[],,,,,,
core7_current,stable_only,5,all,dataset,mmke-entity,Middle-Prior/raw,0,[],,,,,,
core7_current,stable_only,5,all,dataset,mmke-entity,CMA-model_pred/raw,0,[],,,,,,
core7_current,stable_only,5,all,dataset,mmke-entity,Perturb-KL-alt/raw,0,[],,,,,,
core7_current,stable_only,5,all,dataset,mmke-entity,SaLEM-alt/raw,0,[],,,,,,
core7_current,stable_only,5,all,dataset,mmke-entity,LGA-Param/tukey,0,[],,,,,,
core7_current,stable_only,5,all,dataset,mmke-entity,VisEdit-Pre-alt/current,0,[],,,,,,
core7_current,stable_only,5,all,dataset,mmke-entity,Ours-main/raw,0,[],,,,,,
core7_current,stable_only,5,coverage80,all,all,Middle-Prior/raw,0,[],,,,,,
core7_current,stable_only,5,coverage80,all,all,CMA-model_pred/raw,0,[],,,,,,
core7_current,stable_only,5,coverage80,all,all,Perturb-KL-alt/raw,0,[],,,,,,
core7_current,stable_only,5,coverage80,all,all,SaLEM-alt/raw,0,[],,,,,,
core7_current,stable_only,5,coverage80,all,all,LGA-Param/tukey,0,[],,,,,,
core7_current,stable_only,5,coverage80,all,all,VisEdit-Pre-alt/current,0,[],,,,,,
core7_current,stable_only,5,coverage80,all,all,Ours-main/raw,0,[],,,,,,
core7_current,stable_only,5,coverage80,dataset,evqa-pilot500,Middle-Prior/raw,0,[],,,,,,
core7_current,stable_only,5,coverage80,dataset,evqa-pilot500,CMA-model_pred/raw,0,[],,,,,,
core7_current,stable_only,5,coverage80,dataset,evqa-pilot500,Perturb-KL-alt/raw,0,[],,,,,,
core7_current,stable_only,5,coverage80,dataset,evqa-pilot500,SaLEM-alt/raw,0,[],,,,,,
core7_current,stable_only,5,coverage80,dataset,evqa-pilot500,LGA-Param/tukey,0,[],,,,,,
core7_current,stable_only,5,coverage80,dataset,evqa-pilot500,VisEdit-Pre-alt/current,0,[],,,,,,
core7_current,stable_only,5,coverage80,dataset,evqa-pilot500,Ours-main/raw,0,[],,,,,,
core7_current,stable_only,5,coverage80,dataset,mmke-visual,Middle-Prior/raw,0,[],,,,,,
core7_current,stable_only,5,coverage80,dataset,mmke-visual,CMA-model_pred/raw,0,[],,,,,,
core7_current,stable_only,5,coverage80,dataset,mmke-visual,Perturb-KL-alt/raw,0,[],,,,,,
core7_current,stable_only,5,coverage80,dataset,mmke-visual,SaLEM-alt/raw,0,[],,,,,,
core7_current,stable_only,5,coverage80,dataset,mmke-visual,LGA-Param/tukey,0,[],,,,,,
core7_current,stable_only,5,coverage80,dataset,mmke-visual,VisEdit-Pre-alt/current,0,[],,,,,,
core7_current,stable_only,5,coverage80,dataset,mmke-visual,Ours-main/raw,0,[],,,,,,
core7_current,stable_only,5,coverage80,dataset,mmke-entity,Middle-Prior/raw,0,[],,,,,,
core7_current,stable_only,5,coverage80,dataset,mmke-entity,CMA-model_pred/raw,0,[],,,,,,
core7_current,stable_only,5,coverage80,dataset,mmke-entity,Perturb-KL-alt/raw,0,[],,,,,,
core7_current,stable_only,5,coverage80,dataset,mmke-entity,SaLEM-alt/raw,0,[],,,,,,
core7_current,stable_only,5,coverage80,dataset,mmke-entity,LGA-Param/tukey,0,[],,,,,,
core7_current,stable_only,5,coverage80,dataset,mmke-entity,VisEdit-Pre-alt/current,0,[],,,,,,
core7_current,stable_only,5,coverage80,dataset,mmke-entity,Ours-main/raw,0,[],,,,,,
all_complete21_variants,observed_main,1,all,all,all,Middle-Prior/raw,7,"[""evqa-pilot500/blip2-opt-2.7b"", ""evqa-pilot500/minigpt-4-vicuna-7b"", ""evqa-pilot500/llava-v1.5-7b"", ""evqa-pilot500/qwen2.5-vl-3b"", ""mmke-visual/instructblip-vicuna-7b"", ""mmke-visual/paligemma-3b"", ""mmke-entity/instructblip-vicuna-7b""]",64.35085714285715,64.35085714285715,10.796285714285718,0,3.650967806468896,3.650967806468896
all_complete21_variants,observed_main,1,all,all,all,CMA-alt-v1.3/raw,7,"[""evqa-pilot500/blip2-opt-2.7b"", ""evqa-pilot500/minigpt-4-vicuna-7b"", ""evqa-pilot500/llava-v1.5-7b"", ""evqa-pilot500/qwen2.5-vl-3b"", ""mmke-visual/instructblip-vicuna-7b"", ""mmke-visual/paligemma-3b"", ""mmke-entity/instructblip-vicuna-7b""]",54.960857142857144,54.960857142857144,20.18628571428572,0,-5.7390321935311075,-5.7390321935311075
all_complete21_variants,observed_main,1,all,all,all,CMA-model_pred/raw,7,"[""evqa-pilot500/blip2-opt-2.7b"", ""evqa-pilot500/minigpt-4-vicuna-7b"", ""evqa-pilot500/llava-v1.5-7b"", ""evqa-pilot500/qwen2.5-vl-3b"", ""mmke-visual/instructblip-vicuna-7b"", ""mmke-visual/paligemma-3b"", ""mmke-entity/instructblip-vicuna-7b""]",63.016285714285715,63.016285714285715,12.130857142857147,0,2.316396377897466,2.316396377897466
all_complete21_variants,observed_main,1,all,all,all,Perturb-KL-alt/raw,7,"[""evqa-pilot500/blip2-opt-2.7b"", ""evqa-pilot500/minigpt-4-vicuna-7b"", ""evqa-pilot500/llava-v1.5-7b"", ""evqa-pilot500/qwen2.5-vl-3b"", ""mmke-visual/instructblip-vicuna-7b"", ""mmke-visual/paligemma-3b"", ""mmke-entity/instructblip-vicuna-7b""]",62.27942857142857,62.27942857142857,12.86771428571429,0,1.579539235040322,1.579539235040322
all_complete21_variants,observed_main,1,all,all,all,SaLEM-alt/raw,7,"[""evqa-pilot500/blip2-opt-2.7b"", ""evqa-pilot500/minigpt-4-vicuna-7b"", ""evqa-pilot500/llava-v1.5-7b"", ""evqa-pilot500/qwen2.5-vl-3b"", ""mmke-visual/instructblip-vicuna-7b"", ""mmke-visual/paligemma-3b"", ""mmke-entity/instructblip-vicuna-7b""]",63.57371428571429,63.57371428571429,11.573428571428575,0.14285714285714285,2.8738249493260377,2.8738249493260377
all_complete21_variants,observed_main,1,all,all,all,LGA-Param/raw,7,"[""evqa-pilot500/blip2-opt-2.7b"", ""evqa-pilot500/minigpt-4-vicuna-7b"", ""evqa-pilot500/llava-v1.5-7b"", ""evqa-pilot500/qwen2.5-vl-3b"", ""mmke-visual/instructblip-vicuna-7b"", ""mmke-visual/paligemma-3b"", ""mmke-entity/instructblip-vicuna-7b""]",54.55342857142857,54.55342857142857,20.59371428571429,0,-6.146460764959678,-6.146460764959678
all_complete21_variants,observed_main,1,all,all,all,LGA-Param/tukey,7,"[""evqa-pilot500/blip2-opt-2.7b"", ""evqa-pilot500/minigpt-4-vicuna-7b"", ""evqa-pilot500/llava-v1.5-7b"", ""evqa-pilot500/qwen2.5-vl-3b"", ""mmke-visual/instructblip-vicuna-7b"", ""mmke-visual/paligemma-3b"", ""mmke-entity/instructblip-vicuna-7b""]",64.73085714285715,64.73085714285715,10.416285714285719,0.14285714285714285,4.030967806468895,4.030967806468895
all_complete21_variants,observed_main,1,all,all,all,Ours-main/raw,7,"[""evqa-pilot500/blip2-opt-2.7b"", ""evqa-pilot500/minigpt-4-vicuna-7b"", ""evqa-pilot500/llava-v1.5-7b"", ""evqa-pilot500/qwen2.5-vl-3b"", ""mmke-visual/instructblip-vicuna-7b"", ""mmke-visual/paligemma-3b"", ""mmke-entity/instructblip-vicuna-7b""]",63.422285714285714,63.422285714285714,11.724857142857147,0.2857142857142857,2.722396377897467,2.722396377897467
all_complete21_variants,observed_main,1,all,all,all,Ours-main/tukey,7,"[""evqa-pilot500/blip2-opt-2.7b"", ""evqa-pilot500/minigpt-4-vicuna-7b"", ""evqa-pilot500/llava-v1.5-7b"", ""evqa-pilot500/qwen2.5-vl-3b"", ""mmke-visual/instructblip-vicuna-7b"", ""mmke-visual/paligemma-3b"", ""mmke-entity/instructblip-vicuna-7b""]",63.47114285714286,63.47114285714286,11.676000000000004,0.2857142857142857,2.7712535207546094,2.7712535207546094
all_complete21_variants,observed_main,1,all,all,all,Ours-no-direction/raw,7,"[""evqa-pilot500/blip2-opt-2.7b"", ""evqa-pilot500/minigpt-4-vicuna-7b"", ""evqa-pilot500/llava-v1.5-7b"", ""evqa-pilot500/qwen2.5-vl-3b"", ""mmke-visual/instructblip-vicuna-7b"", ""mmke-visual/paligemma-3b"", ""mmke-entity/instructblip-vicuna-7b""]",68.26542857142857,68.26542857142857,6.88171428571429,0.14285714285714285,7.565539235040323,7.565539235040323
all_complete21_variants,observed_main,1,all,all,all,Ours-no-direction/tukey,7,"[""evqa-pilot500/blip2-opt-2.7b"", ""evqa-pilot500/minigpt-4-vicuna-7b"", ""evqa-pilot500/llava-v1.5-7b"", ""evqa-pilot500/qwen2.5-vl-3b"", ""mmke-visual/instructblip-vicuna-7b"", ""mmke-visual/paligemma-3b"", ""mmke-entity/instructblip-vicuna-7b""]",68.31428571428572,68.31428571428572,6.832857142857148,0.14285714285714285,7.6143963778974655,7.6143963778974655
all_complete21_variants,observed_main,1,all,all,all,Ours-no-strength/raw,7,"[""evqa-pilot500/blip2-opt-2.7b"", ""evqa-pilot500/minigpt-4-vicuna-7b"", ""evqa-pilot500/llava-v1.5-7b"", ""evqa-pilot500/qwen2.5-vl-3b"", ""mmke-visual/instructblip-vicuna-7b"", ""mmke-visual/paligemma-3b"", ""mmke-entity/instructblip-vicuna-7b""]",56.006,56.006,19.141142857142864,0,-4.693889336388252,-4.693889336388252
all_complete21_variants,observed_main,1,all,all,all,Ours-no-strength/tukey,7,"[""evqa-pilot500/blip2-opt-2.7b"", ""evqa-pilot500/minigpt-4-vicuna-7b"", ""evqa-pilot500/llava-v1.5-7b"", ""evqa-pilot500/qwen2.5-vl-3b"", ""mmke-visual/instructblip-vicuna-7b"", ""mmke-visual/paligemma-3b"", ""mmke-entity/instructblip-vicuna-7b""]",57.116571428571426,57.116571428571426,18.030571428571434,0,-3.5833179078168222,-3.5833179078168222
all_complete21_variants,observed_main,1,all,all,all,LGA-Visual/raw,7,"[""evqa-pilot500/blip2-opt-2.7b"", ""evqa-pilot500/minigpt-4-vicuna-7b"", ""evqa-pilot500/llava-v1.5-7b"", ""evqa-pilot500/qwen2.5-vl-3b"", ""mmke-visual/instructblip-vicuna-7b"", ""mmke-visual/paligemma-3b"", ""mmke-entity/instructblip-vicuna-7b""]",64.344,64.344,10.803142857142863,0.14285714285714285,3.6441106636117504,3.6441106636117504
all_complete21_variants,observed_main,1,all,all,all,LGA-Visual/tukey,7,"[""evqa-pilot500/blip2-opt-2.7b"", ""evqa-pilot500/minigpt-4-vicuna-7b"", ""evqa-pilot500/llava-v1.5-7b"", ""evqa-pilot500/qwen2.5-vl-3b"", ""mmke-visual/instructblip-vicuna-7b"", ""mmke-visual/paligemma-3b"", ""mmke-entity/instructblip-vicuna-7b""]",67.05057142857143,67.05057142857143,8.096571428571433,0.14285714285714285,6.35068209218318,6.35068209218318
all_complete21_variants,observed_main,1,all,all,all,LGA-Visual-no-direction/raw,7,"[""evqa-pilot500/blip2-opt-2.7b"", ""evqa-pilot500/minigpt-4-vicuna-7b"", ""evqa-pilot500/llava-v1.5-7b"", ""evqa-pilot500/qwen2.5-vl-3b"", ""mmke-visual/instructblip-vicuna-7b"", ""mmke-visual/paligemma-3b"", ""mmke-entity/instructblip-vicuna-7b""]",69.42371428571428,69.42371428571428,5.723428571428576,0.14285714285714285,8.723824949326039,8.723824949326039
all_complete21_variants,observed_main,1,all,all,all,LGA-Visual-no-direction/tukey,7,"[""evqa-pilot500/blip2-opt-2.7b"", ""evqa-pilot500/minigpt-4-vicuna-7b"", ""evqa-pilot500/llava-v1.5-7b"", ""evqa-pilot500/qwen2.5-vl-3b"", ""mmke-visual/instructblip-vicuna-7b"", ""mmke-visual/paligemma-3b"", ""mmke-entity/instructblip-vicuna-7b""]",61.172285714285714,61.172285714285714,13.974857142857148,0.14285714285714285,0.4723963778974668,0.4723963778974668
all_complete21_variants,observed_main,1,all,all,all,VisEdit-Pre-alt/current,7,"[""evqa-pilot500/blip2-opt-2.7b"", ""evqa-pilot500/minigpt-4-vicuna-7b"", ""evqa-pilot500/llava-v1.5-7b"", ""evqa-pilot500/qwen2.5-vl-3b"", ""mmke-visual/instructblip-vicuna-7b"", ""mmke-visual/paligemma-3b"", ""mmke-entity/instructblip-vicuna-7b""]",55.60542857142857,55.60542857142857,19.541714285714292,0,-5.0944607649596785,-5.0944607649596785
all_complete21_variants,observed_main,1,all,all,all,VisEdit-Direct-alt/diagnostic,7,"[""evqa-pilot500/blip2-opt-2.7b"", ""evqa-pilot500/minigpt-4-vicuna-7b"", ""evqa-pilot500/llava-v1.5-7b"", ""evqa-pilot500/qwen2.5-vl-3b"", ""mmke-visual/instructblip-vicuna-7b"", ""mmke-visual/paligemma-3b"", ""mmke-entity/instructblip-vicuna-7b""]",54.675714285714285,54.675714285714285,20.47142857142858,0,-6.024175050673966,-6.024175050673966
all_complete21_variants,observed_main,1,all,dataset,evqa-pilot500,Middle-Prior/raw,4,"[""evqa-pilot500/blip2-opt-2.7b"", ""evqa-pilot500/minigpt-4-vicuna-7b"", ""evqa-pilot500/llava-v1.5-7b"", ""evqa-pilot500/qwen2.5-vl-3b""]",65.0845,65.0845,6.5405000000000015,0,1.9911761217948722,1.9911761217948722
all_complete21_variants,observed_main,1,all,dataset,evqa-pilot500,CMA-alt-v1.3/raw,4,"[""evqa-pilot500/blip2-opt-2.7b"", ""evqa-pilot500/minigpt-4-vicuna-7b"", ""evqa-pilot500/llava-v1.5-7b"", ""evqa-pilot500/qwen2.5-vl-3b""]",61.569,61.569,10.056000000000003,0,-1.524323878205129,-1.524323878205129
all_complete21_variants,observed_main,1,all,dataset,evqa-pilot500,CMA-model_pred/raw,4,"[""evqa-pilot500/blip2-opt-2.7b"", ""evqa-pilot500/minigpt-4-vicuna-7b"", ""evqa-pilot500/llava-v1.5-7b"", ""evqa-pilot500/qwen2.5-vl-3b""]",57.4765,57.4765,14.148500000000002,0,-5.616823878205128,-5.616823878205128
all_complete21_variants,observed_main,1,all,dataset,evqa-pilot500,Perturb-KL-alt/raw,4,"[""evqa-pilot500/blip2-opt-2.7b"", ""evqa-pilot500/minigpt-4-vicuna-7b"", ""evqa-pilot500/llava-v1.5-7b"", ""evqa-pilot500/qwen2.5-vl-3b""]",60.917,60.917,10.708000000000002,0,-2.176323878205128,-2.176323878205128
all_complete21_variants,observed_main,1,all,dataset,evqa-pilot500,SaLEM-alt/raw,4,"[""evqa-pilot500/blip2-opt-2.7b"", ""evqa-pilot500/minigpt-4-vicuna-7b"", ""evqa-pilot500/llava-v1.5-7b"", ""evqa-pilot500/qwen2.5-vl-3b""]",61.7115,61.7115,9.913500000000003,0,-1.3818238782051289,-1.3818238782051289
all_complete21_variants,observed_main,1,all,dataset,evqa-pilot500,LGA-Param/raw,4,"[""evqa-pilot500/blip2-opt-2.7b"", ""evqa-pilot500/minigpt-4-vicuna-7b"", ""evqa-pilot500/llava-v1.5-7b"", ""evqa-pilot500/qwen2.5-vl-3b""]",60.3395,60.3395,11.2855,0,-2.753823878205127,-2.753823878205127
all_complete21_variants,observed_main,1,all,dataset,evqa-pilot500,LGA-Param/tukey,4,"[""evqa-pilot500/blip2-opt-2.7b"", ""evqa-pilot500/minigpt-4-vicuna-7b"", ""evqa-pilot500/llava-v1.5-7b"", ""evqa-pilot500/qwen2.5-vl-3b""]",59.9495,59.9495,11.6755,0,-3.1438238782051258,-3.1438238782051258
all_complete21_variants,observed_main,1,all,dataset,evqa-pilot500,Ours-main/raw,4,"[""evqa-pilot500/blip2-opt-2.7b"", ""evqa-pilot500/minigpt-4-vicuna-7b"", ""evqa-pilot500/llava-v1.5-7b"", ""evqa-pilot500/qwen2.5-vl-3b""]",60.488,60.488,11.137,0.25,-2.6053238782051267,-2.6053238782051267
all_complete21_variants,observed_main,1,all,dataset,evqa-pilot500,Ours-main/tukey,4,"[""evqa-pilot500/blip2-opt-2.7b"", ""evqa-pilot500/minigpt-4-vicuna-7b"", ""evqa-pilot500/llava-v1.5-7b"", ""evqa-pilot500/qwen2.5-vl-3b""]",60.5735,60.5735,11.0515,0.25,-2.519823878205127,-2.519823878205127
all_complete21_variants,observed_main,1,all,dataset,evqa-pilot500,Ours-no-direction/raw,4,"[""evqa-pilot500/blip2-opt-2.7b"", ""evqa-pilot500/minigpt-4-vicuna-7b"", ""evqa-pilot500/llava-v1.5-7b"", ""evqa-pilot500/qwen2.5-vl-3b""]",59.843,59.843,11.782000000000002,0,-3.250323878205128,-3.250323878205128
all_complete21_variants,observed_main,1,all,dataset,evqa-pilot500,Ours-no-direction/tukey,4,"[""evqa-pilot500/blip2-opt-2.7b"", ""evqa-pilot500/minigpt-4-vicuna-7b"", ""evqa-pilot500/llava-v1.5-7b"", ""evqa-pilot500/qwen2.5-vl-3b""]",59.9285,59.9285,11.696500000000002,0,-3.1648238782051283,-3.1648238782051283
all_complete21_variants,observed_main,1,all,dataset,evqa-pilot500,Ours-no-strength/raw,4,"[""evqa-pilot500/blip2-opt-2.7b"", ""evqa-pilot500/minigpt-4-vicuna-7b"", ""evqa-pilot500/llava-v1.5-7b"", ""evqa-pilot500/qwen2.5-vl-3b""]",59.01,59.01,12.615000000000004,0,-4.08332387820513,-4.08332387820513
all_complete21_variants,observed_main,1,all,dataset,evqa-pilot500,Ours-no-strength/tukey,4,"[""evqa-pilot500/blip2-opt-2.7b"", ""evqa-pilot500/minigpt-4-vicuna-7b"", ""evqa-pilot500/llava-v1.5-7b"", ""evqa-pilot500/qwen2.5-vl-3b""]",59.921,59.921,11.704000000000002,0,-3.1723238782051286,-3.1723238782051286
all_complete21_variants,observed_main,1,all,dataset,evqa-pilot500,LGA-Visual/raw,4,"[""evqa-pilot500/blip2-opt-2.7b"", ""evqa-pilot500/minigpt-4-vicuna-7b"", ""evqa-pilot500/llava-v1.5-7b"", ""evqa-pilot500/qwen2.5-vl-3b""]",62.101,62.101,9.524000000000004,0,-0.9923238782051307,-0.9923238782051307
all_complete21_variants,observed_main,1,all,dataset,evqa-pilot500,LGA-Visual/tukey,4,"[""evqa-pilot500/blip2-opt-2.7b"", ""evqa-pilot500/minigpt-4-vicuna-7b"", ""evqa-pilot500/llava-v1.5-7b"", ""evqa-pilot500/qwen2.5-vl-3b""]",62.414,62.414,9.211000000000002,0,-0.6793238782051283,-0.6793238782051283
all_complete21_variants,observed_main,1,all,dataset,evqa-pilot500,LGA-Visual-no-direction/raw,4,"[""evqa-pilot500/blip2-opt-2.7b"", ""evqa-pilot500/minigpt-4-vicuna-7b"", ""evqa-pilot500/llava-v1.5-7b"", ""evqa-pilot500/qwen2.5-vl-3b""]",61.870000000000005,61.870000000000005,9.755,0,-1.223323878205127,-1.223323878205127
all_complete21_variants,observed_main,1,all,dataset,evqa-pilot500,LGA-Visual-no-direction/tukey,4,"[""evqa-pilot500/blip2-opt-2.7b"", ""evqa-pilot500/minigpt-4-vicuna-7b"", ""evqa-pilot500/llava-v1.5-7b"", ""evqa-pilot500/qwen2.5-vl-3b""]",64.5515,64.5515,7.073500000000001,0,1.4581761217948728,1.4581761217948728
all_complete21_variants,observed_main,1,all,dataset,evqa-pilot500,VisEdit-Pre-alt/current,4,"[""evqa-pilot500/blip2-opt-2.7b"", ""evqa-pilot500/minigpt-4-vicuna-7b"", ""evqa-pilot500/llava-v1.5-7b"", ""evqa-pilot500/qwen2.5-vl-3b""]",63.343,63.343,8.282000000000002,0,0.24967612179487197,0.24967612179487197
all_complete21_variants,observed_main,1,all,dataset,evqa-pilot500,VisEdit-Direct-alt/diagnostic,4,"[""evqa-pilot500/blip2-opt-2.7b"", ""evqa-pilot500/minigpt-4-vicuna-7b"", ""evqa-pilot500/llava-v1.5-7b"", ""evqa-pilot500/qwen2.5-vl-3b""]",62.360499999999995,62.360499999999995,9.264500000000005,0,-0.7328238782051315,-0.7328238782051315
all_complete21_variants,observed_main,1,all,dataset,mmke-visual,Middle-Prior/raw,2,"[""mmke-visual/instructblip-vicuna-7b"", ""mmke-visual/paligemma-3b""]",70.637,70.637,14.538000000000004,0,9.185556818181826,9.185556818181826
all_complete21_variants,observed_main,1,all,dataset,mmke-visual,CMA-alt-v1.3/raw,2,"[""mmke-visual/instructblip-vicuna-7b"", ""mmke-visual/paligemma-3b""]",45.06,45.06,40.11500000000001,0,-16.391443181818182,-16.391443181818182
all_complete21_variants,observed_main,1,all,dataset,mmke-visual,CMA-model_pred/raw,2,"[""mmke-visual/instructblip-vicuna-7b"", ""mmke-visual/paligemma-3b""]",81.845,81.845,3.3300000000000125,0,20.393556818181818,20.393556818181818
all_complete21_variants,observed_main,1,all,dataset,mmke-visual,Perturb-KL-alt/raw,2,"[""mmke-visual/instructblip-vicuna-7b"", ""mmke-visual/paligemma-3b""]",72.044,72.044,13.131000000000014,0,10.592556818181816,10.592556818181816
all_complete21_variants,observed_main,1,all,dataset,mmke-visual,SaLEM-alt/raw,2,"[""mmke-visual/instructblip-vicuna-7b"", ""mmke-visual/paligemma-3b""]",74.773,74.773,10.402000000000008,0.5,13.321556818181822,13.321556818181822
all_complete21_variants,observed_main,1,all,dataset,mmke-visual,LGA-Param/raw,2,"[""mmke-visual/instructblip-vicuna-7b"", ""mmke-visual/paligemma-3b""]",45.364,45.364,39.811000000000014,0,-16.087443181818184,-16.087443181818184
all_complete21_variants,observed_main,1,all,dataset,mmke-visual,LGA-Param/tukey,2,"[""mmke-visual/instructblip-vicuna-7b"", ""mmke-visual/paligemma-3b""]",72.06899999999999,72.06899999999999,13.106000000000016,0,10.617556818181814,10.617556818181814
all_complete21_variants,observed_main,1,all,dataset,mmke-visual,Ours-main/raw,2,"[""mmke-visual/instructblip-vicuna-7b"", ""mmke-visual/paligemma-3b""]",66.412,66.412,18.763000000000012,0,4.960556818181818,4.960556818181818
all_complete21_variants,observed_main,1,all,dataset,mmke-visual,Ours-main/tukey,2,"[""mmke-visual/instructblip-vicuna-7b"", ""mmke-visual/paligemma-3b""]",66.412,66.412,18.763000000000012,0,4.960556818181818,4.960556818181818
all_complete21_variants,observed_main,1,all,dataset,mmke-visual,Ours-no-direction/raw,2,"[""mmke-visual/instructblip-vicuna-7b"", ""mmke-visual/paligemma-3b""]",84.65299999999999,84.65299999999999,0.5220000000000127,0,23.201556818181817,23.201556818181817
all_complete21_variants,observed_main,1,all,dataset,mmke-visual,Ours-no-direction/tukey,2,"[""mmke-visual/instructblip-vicuna-7b"", ""mmke-visual/paligemma-3b""]",84.65299999999999,84.65299999999999,0.5220000000000127,0,23.201556818181817,23.201556818181817
all_complete21_variants,observed_main,1,all,dataset,mmke-visual,Ours-no-strength/raw,2,"[""mmke-visual/instructblip-vicuna-7b"", ""mmke-visual/paligemma-3b""]",54.649,54.649,30.526000000000014,0,-6.802443181818184,-6.802443181818184
all_complete21_variants,observed_main,1,all,dataset,mmke-visual,Ours-no-strength/tukey,2,"[""mmke-visual/instructblip-vicuna-7b"", ""mmke-visual/paligemma-3b""]",56.275999999999996,56.275999999999996,28.899000000000015,0,-5.175443181818185,-5.175443181818185
all_complete21_variants,observed_main,1,all,dataset,mmke-visual,LGA-Visual/raw,2,"[""mmke-visual/instructblip-vicuna-7b"", ""mmke-visual/paligemma-3b""]",66.412,66.412,18.763000000000012,0,4.960556818181818,4.960556818181818
all_complete21_variants,observed_main,1,all,dataset,mmke-visual,LGA-Visual/tukey,2,"[""mmke-visual/instructblip-vicuna-7b"", ""mmke-visual/paligemma-3b""]",75.259,75.259,9.916000000000011,0,13.80755681818182,13.80755681818182
all_complete21_variants,observed_main,1,all,dataset,mmke-visual,LGA-Visual-no-direction/raw,2,"[""mmke-visual/instructblip-vicuna-7b"", ""mmke-visual/paligemma-3b""]",84.65299999999999,84.65299999999999,0.5220000000000127,0,23.201556818181817,23.201556818181817
all_complete21_variants,observed_main,1,all,dataset,mmke-visual,LGA-Visual-no-direction/tukey,2,"[""mmke-visual/instructblip-vicuna-7b"", ""mmke-visual/paligemma-3b""]",50.41,50.41,34.765000000000015,0,-11.041443181818181,-11.041443181818181
all_complete21_variants,observed_main,1,all,dataset,mmke-visual,VisEdit-Pre-alt/current,2,"[""mmke-visual/instructblip-vicuna-7b"", ""mmke-visual/paligemma-3b""]",44.495999999999995,44.495999999999995,40.679000000000016,0,-16.955443181818186,-16.955443181818186
all_complete21_variants,observed_main,1,all,dataset,mmke-visual,VisEdit-Direct-alt/diagnostic,2,"[""mmke-visual/instructblip-vicuna-7b"", ""mmke-visual/paligemma-3b""]",43.402,43.402,41.77300000000001,0,-18.049443181818184,-18.049443181818184
all_complete21_variants,observed_main,1,all,dataset,mmke-entity,Middle-Prior/raw,1,"[""mmke-entity/instructblip-vicuna-7b""]",48.844,48.844,20.336000000000006,0,-0.7790434782608671,-0.7790434782608671
all_complete21_variants,observed_main,1,all,dataset,mmke-entity,CMA-alt-v1.3/raw,1,"[""mmke-entity/instructblip-vicuna-7b""]",48.33,48.33,20.85000000000001,0,-1.29304347826087,-1.29304347826087
all_complete21_variants,observed_main,1,all,dataset,mmke-entity,CMA-model_pred/raw,1,"[""mmke-entity/instructblip-vicuna-7b""]",47.51800000000001,47.51800000000001,21.662,0,-2.1050434782608605,-2.1050434782608605
all_complete21_variants,observed_main,1,all,dataset,mmke-entity,Perturb-KL-alt/raw,1,"[""mmke-entity/instructblip-vicuna-7b""]",48.2,48.2,20.980000000000004,0,-1.4230434782608654,-1.4230434782608654
all_complete21_variants,observed_main,1,all,dataset,mmke-entity,SaLEM-alt/raw,1,"[""mmke-entity/instructblip-vicuna-7b""]",48.624,48.624,20.556000000000004,0,-0.9990434782608659,-0.9990434782608659
all_complete21_variants,observed_main,1,all,dataset,mmke-entity,LGA-Param/raw,1,"[""mmke-entity/instructblip-vicuna-7b""]",49.788,49.788,19.39200000000001,0,0.16495652173912845,0.16495652173912845
all_complete21_variants,observed_main,1,all,dataset,mmke-entity,LGA-Param/tukey,1,"[""mmke-entity/instructblip-vicuna-7b""]",69.18,69.18,0.0,1,19.55695652173914,19.55695652173914
all_complete21_variants,observed_main,1,all,dataset,mmke-entity,Ours-main/raw,1,"[""mmke-entity/instructblip-vicuna-7b""]",69.18,69.18,0.0,1,19.55695652173914,19.55695652173914
all_complete21_variants,observed_main,1,all,dataset,mmke-entity,Ours-main/tukey,1,"[""mmke-entity/instructblip-vicuna-7b""]",69.18,69.18,0.0,1,19.55695652173914,19.55695652173914
all_complete21_variants,observed_main,1,all,dataset,mmke-entity,Ours-no-direction/raw,1,"[""mmke-entity/instructblip-vicuna-7b""]",69.18,69.18,0.0,1,19.55695652173914,19.55695652173914
all_complete21_variants,observed_main,1,all,dataset,mmke-entity,Ours-no-direction/tukey,1,"[""mmke-entity/instructblip-vicuna-7b""]",69.18,69.18,0.0,1,19.55695652173914,19.55695652173914
all_complete21_variants,observed_main,1,all,dataset,mmke-entity,Ours-no-strength/raw,1,"[""mmke-entity/instructblip-vicuna-7b""]",46.70399999999999,46.70399999999999,22.476000000000013,0,-2.9190434782608747,-2.9190434782608747
all_complete21_variants,observed_main,1,all,dataset,mmke-entity,Ours-no-strength/tukey,1,"[""mmke-entity/instructblip-vicuna-7b""]",47.58,47.58,21.60000000000001,0,-2.04304347826087,-2.04304347826087
all_complete21_variants,observed_main,1,all,dataset,mmke-entity,LGA-Visual/raw,1,"[""mmke-entity/instructblip-vicuna-7b""]",69.18,69.18,0.0,1,19.55695652173914,19.55695652173914
all_complete21_variants,observed_main,1,all,dataset,mmke-entity,LGA-Visual/tukey,1,"[""mmke-entity/instructblip-vicuna-7b""]",69.18,69.18,0.0,1,19.55695652173914,19.55695652173914
all_complete21_variants,observed_main,1,all,dataset,mmke-entity,LGA-Visual-no-direction/raw,1,"[""mmke-entity/instructblip-vicuna-7b""]",69.18,69.18,0.0,1,19.55695652173914,19.55695652173914
all_complete21_variants,observed_main,1,all,dataset,mmke-entity,LGA-Visual-no-direction/tukey,1,"[""mmke-entity/instructblip-vicuna-7b""]",69.18,69.18,0.0,1,19.55695652173914,19.55695652173914
all_complete21_variants,observed_main,1,all,dataset,mmke-entity,VisEdit-Pre-alt/current,1,"[""mmke-entity/instructblip-vicuna-7b""]",46.874,46.874,22.306000000000004,0,-2.749043478260866,-2.749043478260866
all_complete21_variants,observed_main,1,all,dataset,mmke-entity,VisEdit-Direct-alt/diagnostic,1,"[""mmke-entity/instructblip-vicuna-7b""]",46.484,46.484,22.696000000000005,0,-3.1390434782608665,-3.1390434782608665
all_complete21_variants,observed_main,1,coverage80,all,all,Middle-Prior/raw,2,"[""mmke-visual/instructblip-vicuna-7b"", ""mmke-entity/instructblip-vicuna-7b""]",49.415000000000006,49.415000000000006,20.822000000000006,0,-1.1943399209486145,-1.1943399209486145
all_complete21_variants,observed_main,1,coverage80,all,all,CMA-alt-v1.3/raw,2,"[""mmke-visual/instructblip-vicuna-7b"", ""mmke-entity/instructblip-vicuna-7b""]",49.403,49.403,20.83400000000001,0,-1.2063399209486185,-1.2063399209486185
all_complete21_variants,observed_main,1,coverage80,all,all,CMA-model_pred/raw,2,"[""mmke-visual/instructblip-vicuna-7b"", ""mmke-entity/instructblip-vicuna-7b""]",58.899,58.899,11.338000000000005,0,8.289660079051387,8.289660079051387
all_complete21_variants,observed_main,1,coverage80,all,all,Perturb-KL-alt/raw,2,"[""mmke-visual/instructblip-vicuna-7b"", ""mmke-entity/instructblip-vicuna-7b""]",49.439,49.439,20.79800000000001,0,-1.1703399209486172,-1.1703399209486172
all_complete21_variants,observed_main,1,coverage80,all,all,SaLEM-alt/raw,2,"[""mmke-visual/instructblip-vicuna-7b"", ""mmke-entity/instructblip-vicuna-7b""]",49.557,49.557,20.68000000000001,0,-1.0523399209486186,-1.0523399209486186
all_complete21_variants,observed_main,1,coverage80,all,all,LGA-Param/raw,2,"[""mmke-visual/instructblip-vicuna-7b"", ""mmke-entity/instructblip-vicuna-7b""]",50.233,50.233,20.004000000000012,0,-0.37633992094862023,-0.37633992094862023
all_complete21_variants,observed_main,1,coverage80,all,all,LGA-Param/tukey,2,"[""mmke-visual/instructblip-vicuna-7b"", ""mmke-entity/instructblip-vicuna-7b""]",59.954,59.954,10.283000000000008,0.5,9.344660079051383,9.344660079051383
all_complete21_variants,observed_main,1,coverage80,all,all,Ours-main/raw,2,"[""mmke-visual/instructblip-vicuna-7b"", ""mmke-entity/instructblip-vicuna-7b""]",69.73,69.73,0.507000000000005,0.5,19.120660079051387,19.120660079051387
all_complete21_variants,observed_main,1,coverage80,all,all,Ours-main/tukey,2,"[""mmke-visual/instructblip-vicuna-7b"", ""mmke-entity/instructblip-vicuna-7b""]",69.73,69.73,0.507000000000005,0.5,19.120660079051387,19.120660079051387
all_complete21_variants,observed_main,1,coverage80,all,all,Ours-no-direction/raw,2,"[""mmke-visual/instructblip-vicuna-7b"", ""mmke-entity/instructblip-vicuna-7b""]",69.73,69.73,0.507000000000005,0.5,19.120660079051387,19.120660079051387
all_complete21_variants,observed_main,1,coverage80,all,all,Ours-no-direction/tukey,2,"[""mmke-visual/instructblip-vicuna-7b"", ""mmke-entity/instructblip-vicuna-7b""]",69.73,69.73,0.507000000000005,0.5,19.120660079051387,19.120660079051387
all_complete21_variants,observed_main,1,coverage80,all,all,Ours-no-strength/raw,2,"[""mmke-visual/instructblip-vicuna-7b"", ""mmke-entity/instructblip-vicuna-7b""]",46.729,46.729,23.508000000000013,0,-3.8803399209486216,-3.8803399209486216
all_complete21_variants,observed_main,1,coverage80,all,all,Ours-no-strength/tukey,2,"[""mmke-visual/instructblip-vicuna-7b"", ""mmke-entity/instructblip-vicuna-7b""]",48.794,48.794,21.443000000000012,0,-1.8153399209486203,-1.8153399209486203
all_complete21_variants,observed_main,1,coverage80,all,all,LGA-Visual/raw,2,"[""mmke-visual/instructblip-vicuna-7b"", ""mmke-entity/instructblip-vicuna-7b""]",69.73,69.73,0.507000000000005,0.5,19.120660079051387,19.120660079051387
all_complete21_variants,observed_main,1,coverage80,all,all,LGA-Visual/tukey,2,"[""mmke-visual/instructblip-vicuna-7b"", ""mmke-entity/instructblip-vicuna-7b""]",69.73,69.73,0.507000000000005,0.5,19.120660079051387,19.120660079051387
all_complete21_variants,observed_main,1,coverage80,all,all,LGA-Visual-no-direction/raw,2,"[""mmke-visual/instructblip-vicuna-7b"", ""mmke-entity/instructblip-vicuna-7b""]",69.73,69.73,0.507000000000005,0.5,19.120660079051387,19.120660079051387
all_complete21_variants,observed_main,1,coverage80,all,all,LGA-Visual-no-direction/tukey,2,"[""mmke-visual/instructblip-vicuna-7b"", ""mmke-entity/instructblip-vicuna-7b""]",69.73,69.73,0.507000000000005,0.5,19.120660079051387,19.120660079051387
all_complete21_variants,observed_main,1,coverage80,all,all,VisEdit-Pre-alt/current,2,"[""mmke-visual/instructblip-vicuna-7b"", ""mmke-entity/instructblip-vicuna-7b""]",48.42,48.42,21.81700000000001,0,-2.189339920948619,-2.189339920948619
all_complete21_variants,observed_main,1,coverage80,all,all,VisEdit-Direct-alt/diagnostic,2,"[""mmke-visual/instructblip-vicuna-7b"", ""mmke-entity/instructblip-vicuna-7b""]",46.619,46.619,23.61800000000001,0,-3.9903399209486174,-3.9903399209486174
all_complete21_variants,observed_main,1,coverage80,dataset,evqa-pilot500,Middle-Prior/raw,0,[],,,,,,
all_complete21_variants,observed_main,1,coverage80,dataset,evqa-pilot500,CMA-alt-v1.3/raw,0,[],,,,,,
all_complete21_variants,observed_main,1,coverage80,dataset,evqa-pilot500,CMA-model_pred/raw,0,[],,,,,,
all_complete21_variants,observed_main,1,coverage80,dataset,evqa-pilot500,Perturb-KL-alt/raw,0,[],,,,,,
all_complete21_variants,observed_main,1,coverage80,dataset,evqa-pilot500,SaLEM-alt/raw,0,[],,,,,,
all_complete21_variants,observed_main,1,coverage80,dataset,evqa-pilot500,LGA-Param/raw,0,[],,,,,,
all_complete21_variants,observed_main,1,coverage80,dataset,evqa-pilot500,LGA-Param/tukey,0,[],,,,,,
all_complete21_variants,observed_main,1,coverage80,dataset,evqa-pilot500,Ours-main/raw,0,[],,,,,,
all_complete21_variants,observed_main,1,coverage80,dataset,evqa-pilot500,Ours-main/tukey,0,[],,,,,,
all_complete21_variants,observed_main,1,coverage80,dataset,evqa-pilot500,Ours-no-direction/raw,0,[],,,,,,
all_complete21_variants,observed_main,1,coverage80,dataset,evqa-pilot500,Ours-no-direction/tukey,0,[],,,,,,
all_complete21_variants,observed_main,1,coverage80,dataset,evqa-pilot500,Ours-no-strength/raw,0,[],,,,,,
all_complete21_variants,observed_main,1,coverage80,dataset,evqa-pilot500,Ours-no-strength/tukey,0,[],,,,,,
all_complete21_variants,observed_main,1,coverage80,dataset,evqa-pilot500,LGA-Visual/raw,0,[],,,,,,
all_complete21_variants,observed_main,1,coverage80,dataset,evqa-pilot500,LGA-Visual/tukey,0,[],,,,,,
all_complete21_variants,observed_main,1,coverage80,dataset,evqa-pilot500,LGA-Visual-no-direction/raw,0,[],,,,,,
all_complete21_variants,observed_main,1,coverage80,dataset,evqa-pilot500,LGA-Visual-no-direction/tukey,0,[],,,,,,
all_complete21_variants,observed_main,1,coverage80,dataset,evqa-pilot500,VisEdit-Pre-alt/current,0,[],,,,,,
all_complete21_variants,observed_main,1,coverage80,dataset,evqa-pilot500,VisEdit-Direct-alt/diagnostic,0,[],,,,,,
all_complete21_variants,observed_main,1,coverage80,dataset,mmke-visual,Middle-Prior/raw,1,"[""mmke-visual/instructblip-vicuna-7b""]",49.986000000000004,49.986000000000004,21.308000000000007,0,-1.609636363636362,-1.609636363636362
all_complete21_variants,observed_main,1,coverage80,dataset,mmke-visual,CMA-alt-v1.3/raw,1,"[""mmke-visual/instructblip-vicuna-7b""]",50.476,50.476,20.818000000000012,0,-1.119636363636367,-1.119636363636367
all_complete21_variants,observed_main,1,coverage80,dataset,mmke-visual,CMA-model_pred/raw,1,"[""mmke-visual/instructblip-vicuna-7b""]",70.28,70.28,1.01400000000001,0,18.684363636363635,18.684363636363635
all_complete21_variants,observed_main,1,coverage80,dataset,mmke-visual,Perturb-KL-alt/raw,1,"[""mmke-visual/instructblip-vicuna-7b""]",50.678,50.678,20.616000000000014,0,-0.9176363636363689,-0.9176363636363689
all_complete21_variants,observed_main,1,coverage80,dataset,mmke-visual,SaLEM-alt/raw,1,"[""mmke-visual/instructblip-vicuna-7b""]",50.489999999999995,50.489999999999995,20.804000000000016,0,-1.1056363636363713,-1.1056363636363713
all_complete21_variants,observed_main,1,coverage80,dataset,mmke-visual,LGA-Param/raw,1,"[""mmke-visual/instructblip-vicuna-7b""]",50.678,50.678,20.616000000000014,0,-0.9176363636363689,-0.9176363636363689
all_complete21_variants,observed_main,1,coverage80,dataset,mmke-visual,LGA-Param/tukey,1,"[""mmke-visual/instructblip-vicuna-7b""]",50.727999999999994,50.727999999999994,20.566000000000017,0,-0.8676363636363718,-0.8676363636363718
all_complete21_variants,observed_main,1,coverage80,dataset,mmke-visual,Ours-main/raw,1,"[""mmke-visual/instructblip-vicuna-7b""]",70.28,70.28,1.01400000000001,0,18.684363636363635,18.684363636363635
all_complete21_variants,observed_main,1,coverage80,dataset,mmke-visual,Ours-main/tukey,1,"[""mmke-visual/instructblip-vicuna-7b""]",70.28,70.28,1.01400000000001,0,18.684363636363635,18.684363636363635
all_complete21_variants,observed_main,1,coverage80,dataset,mmke-visual,Ours-no-direction/raw,1,"[""mmke-visual/instructblip-vicuna-7b""]",70.28,70.28,1.01400000000001,0,18.684363636363635,18.684363636363635
all_complete21_variants,observed_main,1,coverage80,dataset,mmke-visual,Ours-no-direction/tukey,1,"[""mmke-visual/instructblip-vicuna-7b""]",70.28,70.28,1.01400000000001,0,18.684363636363635,18.684363636363635
all_complete21_variants,observed_main,1,coverage80,dataset,mmke-visual,Ours-no-strength/raw,1,"[""mmke-visual/instructblip-vicuna-7b""]",46.754,46.754,24.540000000000013,0,-4.841636363636368,-4.841636363636368
all_complete21_variants,observed_main,1,coverage80,dataset,mmke-visual,Ours-no-strength/tukey,1,"[""mmke-visual/instructblip-vicuna-7b""]",50.007999999999996,50.007999999999996,21.286000000000016,0,-1.5876363636363706,-1.5876363636363706
all_complete21_variants,observed_main,1,coverage80,dataset,mmke-visual,LGA-Visual/raw,1,"[""mmke-visual/instructblip-vicuna-7b""]",70.28,70.28,1.01400000000001,0,18.684363636363635,18.684363636363635
all_complete21_variants,observed_main,1,coverage80,dataset,mmke-visual,LGA-Visual/tukey,1,"[""mmke-visual/instructblip-vicuna-7b""]",70.28,70.28,1.01400000000001,0,18.684363636363635,18.684363636363635
all_complete21_variants,observed_main,1,coverage80,dataset,mmke-visual,LGA-Visual-no-direction/raw,1,"[""mmke-visual/instructblip-vicuna-7b""]",70.28,70.28,1.01400000000001,0,18.684363636363635,18.684363636363635
all_complete21_variants,observed_main,1,coverage80,dataset,mmke-visual,LGA-Visual-no-direction/tukey,1,"[""mmke-visual/instructblip-vicuna-7b""]",70.28,70.28,1.01400000000001,0,18.684363636363635,18.684363636363635
all_complete21_variants,observed_main,1,coverage80,dataset,mmke-visual,VisEdit-Pre-alt/current,1,"[""mmke-visual/instructblip-vicuna-7b""]",49.965999999999994,49.965999999999994,21.328000000000017,0,-1.6296363636363722,-1.6296363636363722
all_complete21_variants,observed_main,1,coverage80,dataset,mmke-visual,VisEdit-Direct-alt/diagnostic,1,"[""mmke-visual/instructblip-vicuna-7b""]",46.754,46.754,24.540000000000013,0,-4.841636363636368,-4.841636363636368
all_complete21_variants,observed_main,1,coverage80,dataset,mmke-entity,Middle-Prior/raw,1,"[""mmke-entity/instructblip-vicuna-7b""]",48.844,48.844,20.336000000000006,0,-0.7790434782608671,-0.7790434782608671
all_complete21_variants,observed_main,1,coverage80,dataset,mmke-entity,CMA-alt-v1.3/raw,1,"[""mmke-entity/instructblip-vicuna-7b""]",48.33,48.33,20.85000000000001,0,-1.29304347826087,-1.29304347826087
all_complete21_variants,observed_main,1,coverage80,dataset,mmke-entity,CMA-model_pred/raw,1,"[""mmke-entity/instructblip-vicuna-7b""]",47.51800000000001,47.51800000000001,21.662,0,-2.1050434782608605,-2.1050434782608605
all_complete21_variants,observed_main,1,coverage80,dataset,mmke-entity,Perturb-KL-alt/raw,1,"[""mmke-entity/instructblip-vicuna-7b""]",48.2,48.2,20.980000000000004,0,-1.4230434782608654,-1.4230434782608654
all_complete21_variants,observed_main,1,coverage80,dataset,mmke-entity,SaLEM-alt/raw,1,"[""mmke-entity/instructblip-vicuna-7b""]",48.624,48.624,20.556000000000004,0,-0.9990434782608659,-0.9990434782608659
all_complete21_variants,observed_main,1,coverage80,dataset,mmke-entity,LGA-Param/raw,1,"[""mmke-entity/instructblip-vicuna-7b""]",49.788,49.788,19.39200000000001,0,0.16495652173912845,0.16495652173912845
all_complete21_variants,observed_main,1,coverage80,dataset,mmke-entity,LGA-Param/tukey,1,"[""mmke-entity/instructblip-vicuna-7b""]",69.18,69.18,0.0,1,19.55695652173914,19.55695652173914
all_complete21_variants,observed_main,1,coverage80,dataset,mmke-entity,Ours-main/raw,1,"[""mmke-entity/instructblip-vicuna-7b""]",69.18,69.18,0.0,1,19.55695652173914,19.55695652173914
all_complete21_variants,observed_main,1,coverage80,dataset,mmke-entity,Ours-main/tukey,1,"[""mmke-entity/instructblip-vicuna-7b""]",69.18,69.18,0.0,1,19.55695652173914,19.55695652173914
all_complete21_variants,observed_main,1,coverage80,dataset,mmke-entity,Ours-no-direction/raw,1,"[""mmke-entity/instructblip-vicuna-7b""]",69.18,69.18,0.0,1,19.55695652173914,19.55695652173914
all_complete21_variants,observed_main,1,coverage80,dataset,mmke-entity,Ours-no-direction/tukey,1,"[""mmke-entity/instructblip-vicuna-7b""]",69.18,69.18,0.0,1,19.55695652173914,19.55695652173914
all_complete21_variants,observed_main,1,coverage80,dataset,mmke-entity,Ours-no-strength/raw,1,"[""mmke-entity/instructblip-vicuna-7b""]",46.70399999999999,46.70399999999999,22.476000000000013,0,-2.9190434782608747,-2.9190434782608747
all_complete21_variants,observed_main,1,coverage80,dataset,mmke-entity,Ours-no-strength/tukey,1,"[""mmke-entity/instructblip-vicuna-7b""]",47.58,47.58,21.60000000000001,0,-2.04304347826087,-2.04304347826087
all_complete21_variants,observed_main,1,coverage80,dataset,mmke-entity,LGA-Visual/raw,1,"[""mmke-entity/instructblip-vicuna-7b""]",69.18,69.18,0.0,1,19.55695652173914,19.55695652173914
all_complete21_variants,observed_main,1,coverage80,dataset,mmke-entity,LGA-Visual/tukey,1,"[""mmke-entity/instructblip-vicuna-7b""]",69.18,69.18,0.0,1,19.55695652173914,19.55695652173914
all_complete21_variants,observed_main,1,coverage80,dataset,mmke-entity,LGA-Visual-no-direction/raw,1,"[""mmke-entity/instructblip-vicuna-7b""]",69.18,69.18,0.0,1,19.55695652173914,19.55695652173914
all_complete21_variants,observed_main,1,coverage80,dataset,mmke-entity,LGA-Visual-no-direction/tukey,1,"[""mmke-entity/instructblip-vicuna-7b""]",69.18,69.18,0.0,1,19.55695652173914,19.55695652173914
all_complete21_variants,observed_main,1,coverage80,dataset,mmke-entity,VisEdit-Pre-alt/current,1,"[""mmke-entity/instructblip-vicuna-7b""]",46.874,46.874,22.306000000000004,0,-2.749043478260866,-2.749043478260866
all_complete21_variants,observed_main,1,coverage80,dataset,mmke-entity,VisEdit-Direct-alt/diagnostic,1,"[""mmke-entity/instructblip-vicuna-7b""]",46.484,46.484,22.696000000000005,0,-3.1390434782608665,-3.1390434782608665
all_complete21_variants,observed_main,3,all,all,all,Middle-Prior/raw,2,"[""evqa-pilot500/minigpt-4-vicuna-7b"", ""mmke-entity/instructblip-vicuna-7b""]",56.891000000000005,56.44033333333334,16.234000000000005,0,-3.4966424708015076,0.6534782608695693
all_complete21_variants,observed_main,3,all,all,all,CMA-alt-v1.3/raw,2,"[""evqa-pilot500/minigpt-4-vicuna-7b"", ""mmke-entity/instructblip-vicuna-7b""]",59.717000000000006,56.62133333333334,13.408000000000001,0,-0.6706424708015035,0.8344782608695667
all_complete21_variants,observed_main,3,all,all,all,CMA-model_pred/raw,2,"[""evqa-pilot500/minigpt-4-vicuna-7b"", ""mmke-entity/instructblip-vicuna-7b""]",59.617000000000004,55.94300000000001,13.508,0,-0.7706424708015014,0.1561449275362392
all_complete21_variants,observed_main,3,all,all,all,Perturb-KL-alt/raw,2,"[""evqa-pilot500/minigpt-4-vicuna-7b"", ""mmke-entity/instructblip-vicuna-7b""]",60.56200000000001,56.59,12.562999999999999,0,0.1743575291984989,0.8031449275362377
all_complete21_variants,observed_main,3,all,all,all,SaLEM-alt/raw,2,"[""evqa-pilot500/minigpt-4-vicuna-7b"", ""mmke-entity/instructblip-vicuna-7b""]",62.999,58.656666666666666,10.126000000000005,0.5,2.611357529198493,2.869811594202897
all_complete21_variants,observed_main,3,all,all,all,LGA-Param/raw,2,"[""evqa-pilot500/minigpt-4-vicuna-7b"", ""mmke-entity/instructblip-vicuna-7b""]",63.437,56.754666666666665,9.688000000000013,0,3.0493575291984847,0.967811594202896
all_complete21_variants,observed_main,3,all,all,all,LGA-Param/tukey,2,"[""evqa-pilot500/minigpt-4-vicuna-7b"", ""mmke-entity/instructblip-vicuna-7b""]",63.867000000000004,57.04666666666667,9.258000000000006,0.5,3.4793575291984915,1.2598115942028976
all_complete21_variants,observed_main,3,all,all,all,Ours-main/raw,2,"[""evqa-pilot500/minigpt-4-vicuna-7b"", ""mmke-entity/instructblip-vicuna-7b""]",67.059,61.73266666666667,6.0660000000000025,0.5,6.671357529198495,5.9458115942028975
all_complete21_variants,observed_main,3,all,all,all,Ours-main/tukey,2,"[""evqa-pilot500/minigpt-4-vicuna-7b"", ""mmke-entity/instructblip-vicuna-7b""]",67.059,61.73266666666667,6.0660000000000025,0.5,6.671357529198495,5.9458115942028975
all_complete21_variants,observed_main,3,all,all,all,Ours-no-direction/raw,2,"[""evqa-pilot500/minigpt-4-vicuna-7b"", ""mmke-entity/instructblip-vicuna-7b""]",70.14200000000001,63.325,2.982999999999997,0.5,9.7543575291985,7.538144927536237
all_complete21_variants,observed_main,3,all,all,all,Ours-no-direction/tukey,2,"[""evqa-pilot500/minigpt-4-vicuna-7b"", ""mmke-entity/instructblip-vicuna-7b""]",70.14200000000001,63.325,2.982999999999997,0.5,9.7543575291985,7.538144927536237
all_complete21_variants,observed_main,3,all,all,all,Ours-no-strength/raw,2,"[""evqa-pilot500/minigpt-4-vicuna-7b"", ""mmke-entity/instructblip-vicuna-7b""]",53.252,52.67666666666666,19.873000000000005,0,-7.135642470801507,-3.1101884057971034
all_complete21_variants,observed_main,3,all,all,all,Ours-no-strength/tukey,2,"[""evqa-pilot500/minigpt-4-vicuna-7b"", ""mmke-entity/instructblip-vicuna-7b""]",53.945,53.184666666666665,19.180000000000007,0,-6.442642470801509,-2.6021884057971043
all_complete21_variants,observed_main,3,all,all,all,LGA-Visual/raw,2,"[""evqa-pilot500/minigpt-4-vicuna-7b"", ""mmke-entity/instructblip-vicuna-7b""]",69.107,63.50866666666667,4.018000000000008,0.5,8.71935752919849,7.721811594202897
all_complete21_variants,observed_main,3,all,all,all,LGA-Visual/tukey,2,"[""evqa-pilot500/minigpt-4-vicuna-7b"", ""mmke-entity/instructblip-vicuna-7b""]",67.059,62.654333333333334,6.0660000000000025,0.5,6.671357529198495,6.867478260869564
all_complete21_variants,observed_main,3,all,all,all,LGA-Visual-no-direction/raw,2,"[""evqa-pilot500/minigpt-4-vicuna-7b"", ""mmke-entity/instructblip-vicuna-7b""]",70.14200000000001,63.325,2.982999999999997,0.5,9.7543575291985,7.538144927536237
all_complete21_variants,observed_main,3,all,all,all,LGA-Visual-no-direction/tukey,2,"[""evqa-pilot500/minigpt-4-vicuna-7b"", ""mmke-entity/instructblip-vicuna-7b""]",70.14200000000001,63.325,2.982999999999997,0.5,9.7543575291985,7.538144927536237
all_complete21_variants,observed_main,3,all,all,all,VisEdit-Pre-alt/current,2,"[""evqa-pilot500/minigpt-4-vicuna-7b"", ""mmke-entity/instructblip-vicuna-7b""]",52.992000000000004,52.462,20.133000000000006,0,-7.3956424708015085,-3.3248550724637695
all_complete21_variants,observed_main,3,all,all,all,VisEdit-Direct-alt/diagnostic,2,"[""evqa-pilot500/minigpt-4-vicuna-7b"", ""mmke-entity/instructblip-vicuna-7b""]",52.533,50.69766666666666,20.59200000000001,0,-7.854642470801512,-5.089188405797103
all_complete21_variants,observed_main,3,all,dataset,evqa-pilot500,Middle-Prior/raw,1,"[""evqa-pilot500/minigpt-4-vicuna-7b""]",64.938,64.14666666666668,12.132000000000005,0,-1.930157894736837,2.196000000000005
all_complete21_variants,observed_main,3,all,dataset,evqa-pilot500,CMA-alt-v1.3/raw,1,"[""evqa-pilot500/minigpt-4-vicuna-7b""]",71.10400000000001,65.33266666666667,5.965999999999994,0,4.235842105263174,3.381999999999998
all_complete21_variants,observed_main,3,all,dataset,evqa-pilot500,CMA-model_pred/raw,1,"[""evqa-pilot500/minigpt-4-vicuna-7b""]",71.10400000000001,64.14333333333335,5.965999999999994,0,4.235842105263174,2.1926666666666748
all_complete21_variants,observed_main,3,all,dataset,evqa-pilot500,Perturb-KL-alt/raw,1,"[""evqa-pilot500/minigpt-4-vicuna-7b""]",71.10400000000001,64.14333333333335,5.965999999999994,0,4.235842105263174,2.1926666666666748
all_complete21_variants,observed_main,3,all,dataset,evqa-pilot500,SaLEM-alt/raw,1,"[""evqa-pilot500/minigpt-4-vicuna-7b""]",77.07000000000001,68.59666666666666,0.0,1,10.201842105263168,6.645999999999994
all_complete21_variants,observed_main,3,all,dataset,evqa-pilot500,LGA-Param/raw,1,"[""evqa-pilot500/minigpt-4-vicuna-7b""]",58.553999999999995,58.51533333333333,18.516000000000012,0,-8.314157894736844,-3.4353333333333396
all_complete21_variants,observed_main,3,all,dataset,evqa-pilot500,LGA-Param/tukey,1,"[""evqa-pilot500/minigpt-4-vicuna-7b""]",58.553999999999995,58.51533333333333,18.516000000000012,0,-8.314157894736844,-3.4353333333333396
all_complete21_variants,observed_main,3,all,dataset,evqa-pilot500,Ours-main/raw,1,"[""evqa-pilot500/minigpt-4-vicuna-7b""]",64.938,60.958666666666666,12.132000000000005,0,-1.930157894736837,-0.9920000000000044
all_complete21_variants,observed_main,3,all,dataset,evqa-pilot500,Ours-main/tukey,1,"[""evqa-pilot500/minigpt-4-vicuna-7b""]",64.938,60.958666666666666,12.132000000000005,0,-1.930157894736837,-0.9920000000000044
all_complete21_variants,observed_main,3,all,dataset,evqa-pilot500,Ours-no-direction/raw,1,"[""evqa-pilot500/minigpt-4-vicuna-7b""]",71.10400000000001,64.14333333333335,5.965999999999994,0,4.235842105263174,2.1926666666666748
all_complete21_variants,observed_main,3,all,dataset,evqa-pilot500,Ours-no-direction/tukey,1,"[""evqa-pilot500/minigpt-4-vicuna-7b""]",71.10400000000001,64.14333333333335,5.965999999999994,0,4.235842105263174,2.1926666666666748
all_complete21_variants,observed_main,3,all,dataset,evqa-pilot500,Ours-no-strength/raw,1,"[""evqa-pilot500/minigpt-4-vicuna-7b""]",59.56,58.64266666666666,17.510000000000005,0,-7.308157894736837,-3.308000000000007
all_complete21_variants,observed_main,3,all,dataset,evqa-pilot500,Ours-no-strength/tukey,1,"[""evqa-pilot500/minigpt-4-vicuna-7b""]",59.56,58.64266666666666,17.510000000000005,0,-7.308157894736837,-3.308000000000007
all_complete21_variants,observed_main,3,all,dataset,evqa-pilot500,LGA-Visual/raw,1,"[""evqa-pilot500/minigpt-4-vicuna-7b""]",69.03399999999999,64.51066666666667,8.036000000000016,0,2.1658421052631525,2.559999999999995
all_complete21_variants,observed_main,3,all,dataset,evqa-pilot500,LGA-Visual/tukey,1,"[""evqa-pilot500/minigpt-4-vicuna-7b""]",64.938,62.802,12.132000000000005,0,-1.930157894736837,0.8513333333333293
all_complete21_variants,observed_main,3,all,dataset,evqa-pilot500,LGA-Visual-no-direction/raw,1,"[""evqa-pilot500/minigpt-4-vicuna-7b""]",71.10400000000001,64.14333333333335,5.965999999999994,0,4.235842105263174,2.1926666666666748
all_complete21_variants,observed_main,3,all,dataset,evqa-pilot500,LGA-Visual-no-direction/tukey,1,"[""evqa-pilot500/minigpt-4-vicuna-7b""]",71.10400000000001,64.14333333333335,5.965999999999994,0,4.235842105263174,2.1926666666666748
all_complete21_variants,observed_main,3,all,dataset,evqa-pilot500,VisEdit-Pre-alt/current,1,"[""evqa-pilot500/minigpt-4-vicuna-7b""]",58.465999999999994,57.812,18.604000000000013,0,-8.402157894736845,-4.138666666666673
all_complete21_variants,observed_main,3,all,dataset,evqa-pilot500,VisEdit-Direct-alt/diagnostic,1,"[""evqa-pilot500/minigpt-4-vicuna-7b""]",58.362,56.95933333333333,18.708000000000006,0,-8.506157894736837,-4.991333333333337
all_complete21_variants,observed_main,3,all,dataset,mmke-visual,Middle-Prior/raw,0,[],,,,,,
all_complete21_variants,observed_main,3,all,dataset,mmke-visual,CMA-alt-v1.3/raw,0,[],,,,,,
all_complete21_variants,observed_main,3,all,dataset,mmke-visual,CMA-model_pred/raw,0,[],,,,,,
all_complete21_variants,observed_main,3,all,dataset,mmke-visual,Perturb-KL-alt/raw,0,[],,,,,,
all_complete21_variants,observed_main,3,all,dataset,mmke-visual,SaLEM-alt/raw,0,[],,,,,,
all_complete21_variants,observed_main,3,all,dataset,mmke-visual,LGA-Param/raw,0,[],,,,,,
all_complete21_variants,observed_main,3,all,dataset,mmke-visual,LGA-Param/tukey,0,[],,,,,,
all_complete21_variants,observed_main,3,all,dataset,mmke-visual,Ours-main/raw,0,[],,,,,,
all_complete21_variants,observed_main,3,all,dataset,mmke-visual,Ours-main/tukey,0,[],,,,,,
all_complete21_variants,observed_main,3,all,dataset,mmke-visual,Ours-no-direction/raw,0,[],,,,,,
all_complete21_variants,observed_main,3,all,dataset,mmke-visual,Ours-no-direction/tukey,0,[],,,,,,
all_complete21_variants,observed_main,3,all,dataset,mmke-visual,Ours-no-strength/raw,0,[],,,,,,
all_complete21_variants,observed_main,3,all,dataset,mmke-visual,Ours-no-strength/tukey,0,[],,,,,,
all_complete21_variants,observed_main,3,all,dataset,mmke-visual,LGA-Visual/raw,0,[],,,,,,
all_complete21_variants,observed_main,3,all,dataset,mmke-visual,LGA-Visual/tukey,0,[],,,,,,
all_complete21_variants,observed_main,3,all,dataset,mmke-visual,LGA-Visual-no-direction/raw,0,[],,,,,,
all_complete21_variants,observed_main,3,all,dataset,mmke-visual,LGA-Visual-no-direction/tukey,0,[],,,,,,
all_complete21_variants,observed_main,3,all,dataset,mmke-visual,VisEdit-Pre-alt/current,0,[],,,,,,
all_complete21_variants,observed_main,3,all,dataset,mmke-visual,VisEdit-Direct-alt/diagnostic,0,[],,,,,,
all_complete21_variants,observed_main,3,all,dataset,mmke-entity,Middle-Prior/raw,1,"[""mmke-entity/instructblip-vicuna-7b""]",48.844,48.734,20.336000000000006,0,-5.063127046866178,-0.8890434782608665
all_complete21_variants,observed_main,3,all,dataset,mmke-entity,CMA-alt-v1.3/raw,1,"[""mmke-entity/instructblip-vicuna-7b""]",48.33,47.910000000000004,20.85000000000001,0,-5.577127046866181,-1.7130434782608646
all_complete21_variants,observed_main,3,all,dataset,mmke-entity,CMA-model_pred/raw,1,"[""mmke-entity/instructblip-vicuna-7b""]",48.13,47.74266666666667,21.050000000000004,0,-5.777127046866177,-1.8803768115941963
all_complete21_variants,observed_main,3,all,dataset,mmke-entity,Perturb-KL-alt/raw,1,"[""mmke-entity/instructblip-vicuna-7b""]",50.02,49.03666666666667,19.160000000000004,0,-3.8871270468661763,-0.5863768115941994
all_complete21_variants,observed_main,3,all,dataset,mmke-entity,SaLEM-alt/raw,1,"[""mmke-entity/instructblip-vicuna-7b""]",48.928,48.71666666666667,20.25200000000001,0,-4.979127046866182,-0.9063768115941997
all_complete21_variants,observed_main,3,all,dataset,mmke-entity,LGA-Param/raw,1,"[""mmke-entity/instructblip-vicuna-7b""]",68.32,54.994,0.8600000000000136,0,14.412872953133814,5.3709565217391315
all_complete21_variants,observed_main,3,all,dataset,mmke-entity,LGA-Param/tukey,1,"[""mmke-entity/instructblip-vicuna-7b""]",69.18,55.578,0.0,1,15.272872953133827,5.954956521739135
all_complete21_variants,observed_main,3,all,dataset,mmke-entity,Ours-main/raw,1,"[""mmke-entity/instructblip-vicuna-7b""]",69.18,62.50666666666667,0.0,1,15.272872953133827,12.8836231884058
all_complete21_variants,observed_main,3,all,dataset,mmke-entity,Ours-main/tukey,1,"[""mmke-entity/instructblip-vicuna-7b""]",69.18,62.50666666666667,0.0,1,15.272872953133827,12.8836231884058
all_complete21_variants,observed_main,3,all,dataset,mmke-entity,Ours-no-direction/raw,1,"[""mmke-entity/instructblip-vicuna-7b""]",69.18,62.50666666666667,0.0,1,15.272872953133827,12.8836231884058
all_complete21_variants,observed_main,3,all,dataset,mmke-entity,Ours-no-direction/tukey,1,"[""mmke-entity/instructblip-vicuna-7b""]",69.18,62.50666666666667,0.0,1,15.272872953133827,12.8836231884058
all_complete21_variants,observed_main,3,all,dataset,mmke-entity,Ours-no-strength/raw,1,"[""mmke-entity/instructblip-vicuna-7b""]",46.944,46.71066666666667,22.236000000000004,0,-6.963127046866177,-2.9123768115942
all_complete21_variants,observed_main,3,all,dataset,mmke-entity,Ours-no-strength/tukey,1,"[""mmke-entity/instructblip-vicuna-7b""]",48.33,47.72666666666667,20.85000000000001,0,-5.577127046866181,-1.8963768115942017
all_complete21_variants,observed_main,3,all,dataset,mmke-entity,LGA-Visual/raw,1,"[""mmke-entity/instructblip-vicuna-7b""]",69.18,62.50666666666667,0.0,1,15.272872953133827,12.8836231884058
all_complete21_variants,observed_main,3,all,dataset,mmke-entity,LGA-Visual/tukey,1,"[""mmke-entity/instructblip-vicuna-7b""]",69.18,62.50666666666667,0.0,1,15.272872953133827,12.8836231884058
all_complete21_variants,observed_main,3,all,dataset,mmke-entity,LGA-Visual-no-direction/raw,1,"[""mmke-entity/instructblip-vicuna-7b""]",69.18,62.50666666666667,0.0,1,15.272872953133827,12.8836231884058
all_complete21_variants,observed_main,3,all,dataset,mmke-entity,LGA-Visual-no-direction/tukey,1,"[""mmke-entity/instructblip-vicuna-7b""]",69.18,62.50666666666667,0.0,1,15.272872953133827,12.8836231884058
all_complete21_variants,observed_main,3,all,dataset,mmke-entity,VisEdit-Pre-alt/current,1,"[""mmke-entity/instructblip-vicuna-7b""]",47.51800000000001,47.112,21.662,0,-6.389127046866172,-2.5110434782608664
all_complete21_variants,observed_main,3,all,dataset,mmke-entity,VisEdit-Direct-alt/diagnostic,1,"[""mmke-entity/instructblip-vicuna-7b""]",46.70399999999999,44.436,22.476000000000013,0,-7.203127046866186,-5.187043478260868
all_complete21_variants,observed_main,3,coverage80,all,all,Middle-Prior/raw,1,"[""mmke-entity/instructblip-vicuna-7b""]",48.844,48.734,20.336000000000006,0,-5.063127046866178,-0.8890434782608665
all_complete21_variants,observed_main,3,coverage80,all,all,CMA-alt-v1.3/raw,1,"[""mmke-entity/instructblip-vicuna-7b""]",48.33,47.910000000000004,20.85000000000001,0,-5.577127046866181,-1.7130434782608646
all_complete21_variants,observed_main,3,coverage80,all,all,CMA-model_pred/raw,1,"[""mmke-entity/instructblip-vicuna-7b""]",48.13,47.74266666666667,21.050000000000004,0,-5.777127046866177,-1.8803768115941963
all_complete21_variants,observed_main,3,coverage80,all,all,Perturb-KL-alt/raw,1,"[""mmke-entity/instructblip-vicuna-7b""]",50.02,49.03666666666667,19.160000000000004,0,-3.8871270468661763,-0.5863768115941994
all_complete21_variants,observed_main,3,coverage80,all,all,SaLEM-alt/raw,1,"[""mmke-entity/instructblip-vicuna-7b""]",48.928,48.71666666666667,20.25200000000001,0,-4.979127046866182,-0.9063768115941997
all_complete21_variants,observed_main,3,coverage80,all,all,LGA-Param/raw,1,"[""mmke-entity/instructblip-vicuna-7b""]",68.32,54.994,0.8600000000000136,0,14.412872953133814,5.3709565217391315
all_complete21_variants,observed_main,3,coverage80,all,all,LGA-Param/tukey,1,"[""mmke-entity/instructblip-vicuna-7b""]",69.18,55.578,0.0,1,15.272872953133827,5.954956521739135
all_complete21_variants,observed_main,3,coverage80,all,all,Ours-main/raw,1,"[""mmke-entity/instructblip-vicuna-7b""]",69.18,62.50666666666667,0.0,1,15.272872953133827,12.8836231884058
all_complete21_variants,observed_main,3,coverage80,all,all,Ours-main/tukey,1,"[""mmke-entity/instructblip-vicuna-7b""]",69.18,62.50666666666667,0.0,1,15.272872953133827,12.8836231884058
all_complete21_variants,observed_main,3,coverage80,all,all,Ours-no-direction/raw,1,"[""mmke-entity/instructblip-vicuna-7b""]",69.18,62.50666666666667,0.0,1,15.272872953133827,12.8836231884058
all_complete21_variants,observed_main,3,coverage80,all,all,Ours-no-direction/tukey,1,"[""mmke-entity/instructblip-vicuna-7b""]",69.18,62.50666666666667,0.0,1,15.272872953133827,12.8836231884058
all_complete21_variants,observed_main,3,coverage80,all,all,Ours-no-strength/raw,1,"[""mmke-entity/instructblip-vicuna-7b""]",46.944,46.71066666666667,22.236000000000004,0,-6.963127046866177,-2.9123768115942
all_complete21_variants,observed_main,3,coverage80,all,all,Ours-no-strength/tukey,1,"[""mmke-entity/instructblip-vicuna-7b""]",48.33,47.72666666666667,20.85000000000001,0,-5.577127046866181,-1.8963768115942017
all_complete21_variants,observed_main,3,coverage80,all,all,LGA-Visual/raw,1,"[""mmke-entity/instructblip-vicuna-7b""]",69.18,62.50666666666667,0.0,1,15.272872953133827,12.8836231884058
all_complete21_variants,observed_main,3,coverage80,all,all,LGA-Visual/tukey,1,"[""mmke-entity/instructblip-vicuna-7b""]",69.18,62.50666666666667,0.0,1,15.272872953133827,12.8836231884058
all_complete21_variants,observed_main,3,coverage80,all,all,LGA-Visual-no-direction/raw,1,"[""mmke-entity/instructblip-vicuna-7b""]",69.18,62.50666666666667,0.0,1,15.272872953133827,12.8836231884058
all_complete21_variants,observed_main,3,coverage80,all,all,LGA-Visual-no-direction/tukey,1,"[""mmke-entity/instructblip-vicuna-7b""]",69.18,62.50666666666667,0.0,1,15.272872953133827,12.8836231884058
all_complete21_variants,observed_main,3,coverage80,all,all,VisEdit-Pre-alt/current,1,"[""mmke-entity/instructblip-vicuna-7b""]",47.51800000000001,47.112,21.662,0,-6.389127046866172,-2.5110434782608664
all_complete21_variants,observed_main,3,coverage80,all,all,VisEdit-Direct-alt/diagnostic,1,"[""mmke-entity/instructblip-vicuna-7b""]",46.70399999999999,44.436,22.476000000000013,0,-7.203127046866186,-5.187043478260868
all_complete21_variants,observed_main,3,coverage80,dataset,evqa-pilot500,Middle-Prior/raw,0,[],,,,,,
all_complete21_variants,observed_main,3,coverage80,dataset,evqa-pilot500,CMA-alt-v1.3/raw,0,[],,,,,,
all_complete21_variants,observed_main,3,coverage80,dataset,evqa-pilot500,CMA-model_pred/raw,0,[],,,,,,
all_complete21_variants,observed_main,3,coverage80,dataset,evqa-pilot500,Perturb-KL-alt/raw,0,[],,,,,,
all_complete21_variants,observed_main,3,coverage80,dataset,evqa-pilot500,SaLEM-alt/raw,0,[],,,,,,
all_complete21_variants,observed_main,3,coverage80,dataset,evqa-pilot500,LGA-Param/raw,0,[],,,,,,
all_complete21_variants,observed_main,3,coverage80,dataset,evqa-pilot500,LGA-Param/tukey,0,[],,,,,,
all_complete21_variants,observed_main,3,coverage80,dataset,evqa-pilot500,Ours-main/raw,0,[],,,,,,
all_complete21_variants,observed_main,3,coverage80,dataset,evqa-pilot500,Ours-main/tukey,0,[],,,,,,
all_complete21_variants,observed_main,3,coverage80,dataset,evqa-pilot500,Ours-no-direction/raw,0,[],,,,,,
all_complete21_variants,observed_main,3,coverage80,dataset,evqa-pilot500,Ours-no-direction/tukey,0,[],,,,,,
all_complete21_variants,observed_main,3,coverage80,dataset,evqa-pilot500,Ours-no-strength/raw,0,[],,,,,,
all_complete21_variants,observed_main,3,coverage80,dataset,evqa-pilot500,Ours-no-strength/tukey,0,[],,,,,,
all_complete21_variants,observed_main,3,coverage80,dataset,evqa-pilot500,LGA-Visual/raw,0,[],,,,,,
all_complete21_variants,observed_main,3,coverage80,dataset,evqa-pilot500,LGA-Visual/tukey,0,[],,,,,,
all_complete21_variants,observed_main,3,coverage80,dataset,evqa-pilot500,LGA-Visual-no-direction/raw,0,[],,,,,,
all_complete21_variants,observed_main,3,coverage80,dataset,evqa-pilot500,LGA-Visual-no-direction/tukey,0,[],,,,,,
all_complete21_variants,observed_main,3,coverage80,dataset,evqa-pilot500,VisEdit-Pre-alt/current,0,[],,,,,,
all_complete21_variants,observed_main,3,coverage80,dataset,evqa-pilot500,VisEdit-Direct-alt/diagnostic,0,[],,,,,,
all_complete21_variants,observed_main,3,coverage80,dataset,mmke-visual,Middle-Prior/raw,0,[],,,,,,
all_complete21_variants,observed_main,3,coverage80,dataset,mmke-visual,CMA-alt-v1.3/raw,0,[],,,,,,
all_complete21_variants,observed_main,3,coverage80,dataset,mmke-visual,CMA-model_pred/raw,0,[],,,,,,
all_complete21_variants,observed_main,3,coverage80,dataset,mmke-visual,Perturb-KL-alt/raw,0,[],,,,,,
all_complete21_variants,observed_main,3,coverage80,dataset,mmke-visual,SaLEM-alt/raw,0,[],,,,,,
all_complete21_variants,observed_main,3,coverage80,dataset,mmke-visual,LGA-Param/raw,0,[],,,,,,
all_complete21_variants,observed_main,3,coverage80,dataset,mmke-visual,LGA-Param/tukey,0,[],,,,,,
all_complete21_variants,observed_main,3,coverage80,dataset,mmke-visual,Ours-main/raw,0,[],,,,,,
all_complete21_variants,observed_main,3,coverage80,dataset,mmke-visual,Ours-main/tukey,0,[],,,,,,
all_complete21_variants,observed_main,3,coverage80,dataset,mmke-visual,Ours-no-direction/raw,0,[],,,,,,
all_complete21_variants,observed_main,3,coverage80,dataset,mmke-visual,Ours-no-direction/tukey,0,[],,,,,,
all_complete21_variants,observed_main,3,coverage80,dataset,mmke-visual,Ours-no-strength/raw,0,[],,,,,,
all_complete21_variants,observed_main,3,coverage80,dataset,mmke-visual,Ours-no-strength/tukey,0,[],,,,,,
all_complete21_variants,observed_main,3,coverage80,dataset,mmke-visual,LGA-Visual/raw,0,[],,,,,,
all_complete21_variants,observed_main,3,coverage80,dataset,mmke-visual,LGA-Visual/tukey,0,[],,,,,,
all_complete21_variants,observed_main,3,coverage80,dataset,mmke-visual,LGA-Visual-no-direction/raw,0,[],,,,,,
all_complete21_variants,observed_main,3,coverage80,dataset,mmke-visual,LGA-Visual-no-direction/tukey,0,[],,,,,,
all_complete21_variants,observed_main,3,coverage80,dataset,mmke-visual,VisEdit-Pre-alt/current,0,[],,,,,,
all_complete21_variants,observed_main,3,coverage80,dataset,mmke-visual,VisEdit-Direct-alt/diagnostic,0,[],,,,,,
all_complete21_variants,observed_main,3,coverage80,dataset,mmke-entity,Middle-Prior/raw,1,"[""mmke-entity/instructblip-vicuna-7b""]",48.844,48.734,20.336000000000006,0,-5.063127046866178,-0.8890434782608665
all_complete21_variants,observed_main,3,coverage80,dataset,mmke-entity,CMA-alt-v1.3/raw,1,"[""mmke-entity/instructblip-vicuna-7b""]",48.33,47.910000000000004,20.85000000000001,0,-5.577127046866181,-1.7130434782608646
all_complete21_variants,observed_main,3,coverage80,dataset,mmke-entity,CMA-model_pred/raw,1,"[""mmke-entity/instructblip-vicuna-7b""]",48.13,47.74266666666667,21.050000000000004,0,-5.777127046866177,-1.8803768115941963
all_complete21_variants,observed_main,3,coverage80,dataset,mmke-entity,Perturb-KL-alt/raw,1,"[""mmke-entity/instructblip-vicuna-7b""]",50.02,49.03666666666667,19.160000000000004,0,-3.8871270468661763,-0.5863768115941994
all_complete21_variants,observed_main,3,coverage80,dataset,mmke-entity,SaLEM-alt/raw,1,"[""mmke-entity/instructblip-vicuna-7b""]",48.928,48.71666666666667,20.25200000000001,0,-4.979127046866182,-0.9063768115941997
all_complete21_variants,observed_main,3,coverage80,dataset,mmke-entity,LGA-Param/raw,1,"[""mmke-entity/instructblip-vicuna-7b""]",68.32,54.994,0.8600000000000136,0,14.412872953133814,5.3709565217391315
all_complete21_variants,observed_main,3,coverage80,dataset,mmke-entity,LGA-Param/tukey,1,"[""mmke-entity/instructblip-vicuna-7b""]",69.18,55.578,0.0,1,15.272872953133827,5.954956521739135
all_complete21_variants,observed_main,3,coverage80,dataset,mmke-entity,Ours-main/raw,1,"[""mmke-entity/instructblip-vicuna-7b""]",69.18,62.50666666666667,0.0,1,15.272872953133827,12.8836231884058
all_complete21_variants,observed_main,3,coverage80,dataset,mmke-entity,Ours-main/tukey,1,"[""mmke-entity/instructblip-vicuna-7b""]",69.18,62.50666666666667,0.0,1,15.272872953133827,12.8836231884058
all_complete21_variants,observed_main,3,coverage80,dataset,mmke-entity,Ours-no-direction/raw,1,"[""mmke-entity/instructblip-vicuna-7b""]",69.18,62.50666666666667,0.0,1,15.272872953133827,12.8836231884058
all_complete21_variants,observed_main,3,coverage80,dataset,mmke-entity,Ours-no-direction/tukey,1,"[""mmke-entity/instructblip-vicuna-7b""]",69.18,62.50666666666667,0.0,1,15.272872953133827,12.8836231884058
all_complete21_variants,observed_main,3,coverage80,dataset,mmke-entity,Ours-no-strength/raw,1,"[""mmke-entity/instructblip-vicuna-7b""]",46.944,46.71066666666667,22.236000000000004,0,-6.963127046866177,-2.9123768115942
all_complete21_variants,observed_main,3,coverage80,dataset,mmke-entity,Ours-no-strength/tukey,1,"[""mmke-entity/instructblip-vicuna-7b""]",48.33,47.72666666666667,20.85000000000001,0,-5.577127046866181,-1.8963768115942017
all_complete21_variants,observed_main,3,coverage80,dataset,mmke-entity,LGA-Visual/raw,1,"[""mmke-entity/instructblip-vicuna-7b""]",69.18,62.50666666666667,0.0,1,15.272872953133827,12.8836231884058
all_complete21_variants,observed_main,3,coverage80,dataset,mmke-entity,LGA-Visual/tukey,1,"[""mmke-entity/instructblip-vicuna-7b""]",69.18,62.50666666666667,0.0,1,15.272872953133827,12.8836231884058
all_complete21_variants,observed_main,3,coverage80,dataset,mmke-entity,LGA-Visual-no-direction/raw,1,"[""mmke-entity/instructblip-vicuna-7b""]",69.18,62.50666666666667,0.0,1,15.272872953133827,12.8836231884058
all_complete21_variants,observed_main,3,coverage80,dataset,mmke-entity,LGA-Visual-no-direction/tukey,1,"[""mmke-entity/instructblip-vicuna-7b""]",69.18,62.50666666666667,0.0,1,15.272872953133827,12.8836231884058
all_complete21_variants,observed_main,3,coverage80,dataset,mmke-entity,VisEdit-Pre-alt/current,1,"[""mmke-entity/instructblip-vicuna-7b""]",47.51800000000001,47.112,21.662,0,-6.389127046866172,-2.5110434782608664
all_complete21_variants,observed_main,3,coverage80,dataset,mmke-entity,VisEdit-Direct-alt/diagnostic,1,"[""mmke-entity/instructblip-vicuna-7b""]",46.70399999999999,44.436,22.476000000000013,0,-7.203127046866186,-5.187043478260868
all_complete21_variants,observed_main,5,all,all,all,Middle-Prior/raw,0,[],,,,,,
all_complete21_variants,observed_main,5,all,all,all,CMA-alt-v1.3/raw,0,[],,,,,,
all_complete21_variants,observed_main,5,all,all,all,CMA-model_pred/raw,0,[],,,,,,
all_complete21_variants,observed_main,5,all,all,all,Perturb-KL-alt/raw,0,[],,,,,,
all_complete21_variants,observed_main,5,all,all,all,SaLEM-alt/raw,0,[],,,,,,
all_complete21_variants,observed_main,5,all,all,all,LGA-Param/raw,0,[],,,,,,
all_complete21_variants,observed_main,5,all,all,all,LGA-Param/tukey,0,[],,,,,,
all_complete21_variants,observed_main,5,all,all,all,Ours-main/raw,0,[],,,,,,
all_complete21_variants,observed_main,5,all,all,all,Ours-main/tukey,0,[],,,,,,
all_complete21_variants,observed_main,5,all,all,all,Ours-no-direction/raw,0,[],,,,,,
all_complete21_variants,observed_main,5,all,all,all,Ours-no-direction/tukey,0,[],,,,,,
all_complete21_variants,observed_main,5,all,all,all,Ours-no-strength/raw,0,[],,,,,,
all_complete21_variants,observed_main,5,all,all,all,Ours-no-strength/tukey,0,[],,,,,,
all_complete21_variants,observed_main,5,all,all,all,LGA-Visual/raw,0,[],,,,,,
all_complete21_variants,observed_main,5,all,all,all,LGA-Visual/tukey,0,[],,,,,,
all_complete21_variants,observed_main,5,all,all,all,LGA-Visual-no-direction/raw,0,[],,,,,,
all_complete21_variants,observed_main,5,all,all,all,LGA-Visual-no-direction/tukey,0,[],,,,,,
all_complete21_variants,observed_main,5,all,all,all,VisEdit-Pre-alt/current,0,[],,,,,,
all_complete21_variants,observed_main,5,all,all,all,VisEdit-Direct-alt/diagnostic,0,[],,,,,,
all_complete21_variants,observed_main,5,all,dataset,evqa-pilot500,Middle-Prior/raw,0,[],,,,,,
all_complete21_variants,observed_main,5,all,dataset,evqa-pilot500,CMA-alt-v1.3/raw,0,[],,,,,,
all_complete21_variants,observed_main,5,all,dataset,evqa-pilot500,CMA-model_pred/raw,0,[],,,,,,
all_complete21_variants,observed_main,5,all,dataset,evqa-pilot500,Perturb-KL-alt/raw,0,[],,,,,,
all_complete21_variants,observed_main,5,all,dataset,evqa-pilot500,SaLEM-alt/raw,0,[],,,,,,
all_complete21_variants,observed_main,5,all,dataset,evqa-pilot500,LGA-Param/raw,0,[],,,,,,
all_complete21_variants,observed_main,5,all,dataset,evqa-pilot500,LGA-Param/tukey,0,[],,,,,,
all_complete21_variants,observed_main,5,all,dataset,evqa-pilot500,Ours-main/raw,0,[],,,,,,
all_complete21_variants,observed_main,5,all,dataset,evqa-pilot500,Ours-main/tukey,0,[],,,,,,
all_complete21_variants,observed_main,5,all,dataset,evqa-pilot500,Ours-no-direction/raw,0,[],,,,,,
all_complete21_variants,observed_main,5,all,dataset,evqa-pilot500,Ours-no-direction/tukey,0,[],,,,,,
all_complete21_variants,observed_main,5,all,dataset,evqa-pilot500,Ours-no-strength/raw,0,[],,,,,,
all_complete21_variants,observed_main,5,all,dataset,evqa-pilot500,Ours-no-strength/tukey,0,[],,,,,,
all_complete21_variants,observed_main,5,all,dataset,evqa-pilot500,LGA-Visual/raw,0,[],,,,,,
all_complete21_variants,observed_main,5,all,dataset,evqa-pilot500,LGA-Visual/tukey,0,[],,,,,,
all_complete21_variants,observed_main,5,all,dataset,evqa-pilot500,LGA-Visual-no-direction/raw,0,[],,,,,,
all_complete21_variants,observed_main,5,all,dataset,evqa-pilot500,LGA-Visual-no-direction/tukey,0,[],,,,,,
all_complete21_variants,observed_main,5,all,dataset,evqa-pilot500,VisEdit-Pre-alt/current,0,[],,,,,,
all_complete21_variants,observed_main,5,all,dataset,evqa-pilot500,VisEdit-Direct-alt/diagnostic,0,[],,,,,,
all_complete21_variants,observed_main,5,all,dataset,mmke-visual,Middle-Prior/raw,0,[],,,,,,
all_complete21_variants,observed_main,5,all,dataset,mmke-visual,CMA-alt-v1.3/raw,0,[],,,,,,
all_complete21_variants,observed_main,5,all,dataset,mmke-visual,CMA-model_pred/raw,0,[],,,,,,
all_complete21_variants,observed_main,5,all,dataset,mmke-visual,Perturb-KL-alt/raw,0,[],,,,,,
all_complete21_variants,observed_main,5,all,dataset,mmke-visual,SaLEM-alt/raw,0,[],,,,,,
all_complete21_variants,observed_main,5,all,dataset,mmke-visual,LGA-Param/raw,0,[],,,,,,
all_complete21_variants,observed_main,5,all,dataset,mmke-visual,LGA-Param/tukey,0,[],,,,,,
all_complete21_variants,observed_main,5,all,dataset,mmke-visual,Ours-main/raw,0,[],,,,,,
all_complete21_variants,observed_main,5,all,dataset,mmke-visual,Ours-main/tukey,0,[],,,,,,
all_complete21_variants,observed_main,5,all,dataset,mmke-visual,Ours-no-direction/raw,0,[],,,,,,
all_complete21_variants,observed_main,5,all,dataset,mmke-visual,Ours-no-direction/tukey,0,[],,,,,,
all_complete21_variants,observed_main,5,all,dataset,mmke-visual,Ours-no-strength/raw,0,[],,,,,,
all_complete21_variants,observed_main,5,all,dataset,mmke-visual,Ours-no-strength/tukey,0,[],,,,,,
all_complete21_variants,observed_main,5,all,dataset,mmke-visual,LGA-Visual/raw,0,[],,,,,,
all_complete21_variants,observed_main,5,all,dataset,mmke-visual,LGA-Visual/tukey,0,[],,,,,,
all_complete21_variants,observed_main,5,all,dataset,mmke-visual,LGA-Visual-no-direction/raw,0,[],,,,,,
all_complete21_variants,observed_main,5,all,dataset,mmke-visual,LGA-Visual-no-direction/tukey,0,[],,,,,,
all_complete21_variants,observed_main,5,all,dataset,mmke-visual,VisEdit-Pre-alt/current,0,[],,,,,,
all_complete21_variants,observed_main,5,all,dataset,mmke-visual,VisEdit-Direct-alt/diagnostic,0,[],,,,,,
all_complete21_variants,observed_main,5,all,dataset,mmke-entity,Middle-Prior/raw,0,[],,,,,,
all_complete21_variants,observed_main,5,all,dataset,mmke-entity,CMA-alt-v1.3/raw,0,[],,,,,,
all_complete21_variants,observed_main,5,all,dataset,mmke-entity,CMA-model_pred/raw,0,[],,,,,,
all_complete21_variants,observed_main,5,all,dataset,mmke-entity,Perturb-KL-alt/raw,0,[],,,,,,
all_complete21_variants,observed_main,5,all,dataset,mmke-entity,SaLEM-alt/raw,0,[],,,,,,
all_complete21_variants,observed_main,5,all,dataset,mmke-entity,LGA-Param/raw,0,[],,,,,,
all_complete21_variants,observed_main,5,all,dataset,mmke-entity,LGA-Param/tukey,0,[],,,,,,
all_complete21_variants,observed_main,5,all,dataset,mmke-entity,Ours-main/raw,0,[],,,,,,
all_complete21_variants,observed_main,5,all,dataset,mmke-entity,Ours-main/tukey,0,[],,,,,,
all_complete21_variants,observed_main,5,all,dataset,mmke-entity,Ours-no-direction/raw,0,[],,,,,,
all_complete21_variants,observed_main,5,all,dataset,mmke-entity,Ours-no-direction/tukey,0,[],,,,,,
all_complete21_variants,observed_main,5,all,dataset,mmke-entity,Ours-no-strength/raw,0,[],,,,,,
all_complete21_variants,observed_main,5,all,dataset,mmke-entity,Ours-no-strength/tukey,0,[],,,,,,
all_complete21_variants,observed_main,5,all,dataset,mmke-entity,LGA-Visual/raw,0,[],,,,,,
all_complete21_variants,observed_main,5,all,dataset,mmke-entity,LGA-Visual/tukey,0,[],,,,,,
all_complete21_variants,observed_main,5,all,dataset,mmke-entity,LGA-Visual-no-direction/raw,0,[],,,,,,
all_complete21_variants,observed_main,5,all,dataset,mmke-entity,LGA-Visual-no-direction/tukey,0,[],,,,,,
all_complete21_variants,observed_main,5,all,dataset,mmke-entity,VisEdit-Pre-alt/current,0,[],,,,,,
all_complete21_variants,observed_main,5,all,dataset,mmke-entity,VisEdit-Direct-alt/diagnostic,0,[],,,,,,
all_complete21_variants,observed_main,5,coverage80,all,all,Middle-Prior/raw,0,[],,,,,,
all_complete21_variants,observed_main,5,coverage80,all,all,CMA-alt-v1.3/raw,0,[],,,,,,
all_complete21_variants,observed_main,5,coverage80,all,all,CMA-model_pred/raw,0,[],,,,,,
all_complete21_variants,observed_main,5,coverage80,all,all,Perturb-KL-alt/raw,0,[],,,,,,
all_complete21_variants,observed_main,5,coverage80,all,all,SaLEM-alt/raw,0,[],,,,,,
all_complete21_variants,observed_main,5,coverage80,all,all,LGA-Param/raw,0,[],,,,,,
all_complete21_variants,observed_main,5,coverage80,all,all,LGA-Param/tukey,0,[],,,,,,
all_complete21_variants,observed_main,5,coverage80,all,all,Ours-main/raw,0,[],,,,,,
all_complete21_variants,observed_main,5,coverage80,all,all,Ours-main/tukey,0,[],,,,,,
all_complete21_variants,observed_main,5,coverage80,all,all,Ours-no-direction/raw,0,[],,,,,,
all_complete21_variants,observed_main,5,coverage80,all,all,Ours-no-direction/tukey,0,[],,,,,,
all_complete21_variants,observed_main,5,coverage80,all,all,Ours-no-strength/raw,0,[],,,,,,
all_complete21_variants,observed_main,5,coverage80,all,all,Ours-no-strength/tukey,0,[],,,,,,
all_complete21_variants,observed_main,5,coverage80,all,all,LGA-Visual/raw,0,[],,,,,,
all_complete21_variants,observed_main,5,coverage80,all,all,LGA-Visual/tukey,0,[],,,,,,
all_complete21_variants,observed_main,5,coverage80,all,all,LGA-Visual-no-direction/raw,0,[],,,,,,
all_complete21_variants,observed_main,5,coverage80,all,all,LGA-Visual-no-direction/tukey,0,[],,,,,,
all_complete21_variants,observed_main,5,coverage80,all,all,VisEdit-Pre-alt/current,0,[],,,,,,
all_complete21_variants,observed_main,5,coverage80,all,all,VisEdit-Direct-alt/diagnostic,0,[],,,,,,
all_complete21_variants,observed_main,5,coverage80,dataset,evqa-pilot500,Middle-Prior/raw,0,[],,,,,,
all_complete21_variants,observed_main,5,coverage80,dataset,evqa-pilot500,CMA-alt-v1.3/raw,0,[],,,,,,
all_complete21_variants,observed_main,5,coverage80,dataset,evqa-pilot500,CMA-model_pred/raw,0,[],,,,,,
all_complete21_variants,observed_main,5,coverage80,dataset,evqa-pilot500,Perturb-KL-alt/raw,0,[],,,,,,
all_complete21_variants,observed_main,5,coverage80,dataset,evqa-pilot500,SaLEM-alt/raw,0,[],,,,,,
all_complete21_variants,observed_main,5,coverage80,dataset,evqa-pilot500,LGA-Param/raw,0,[],,,,,,
all_complete21_variants,observed_main,5,coverage80,dataset,evqa-pilot500,LGA-Param/tukey,0,[],,,,,,
all_complete21_variants,observed_main,5,coverage80,dataset,evqa-pilot500,Ours-main/raw,0,[],,,,,,
all_complete21_variants,observed_main,5,coverage80,dataset,evqa-pilot500,Ours-main/tukey,0,[],,,,,,
all_complete21_variants,observed_main,5,coverage80,dataset,evqa-pilot500,Ours-no-direction/raw,0,[],,,,,,
all_complete21_variants,observed_main,5,coverage80,dataset,evqa-pilot500,Ours-no-direction/tukey,0,[],,,,,,
all_complete21_variants,observed_main,5,coverage80,dataset,evqa-pilot500,Ours-no-strength/raw,0,[],,,,,,
all_complete21_variants,observed_main,5,coverage80,dataset,evqa-pilot500,Ours-no-strength/tukey,0,[],,,,,,
all_complete21_variants,observed_main,5,coverage80,dataset,evqa-pilot500,LGA-Visual/raw,0,[],,,,,,
all_complete21_variants,observed_main,5,coverage80,dataset,evqa-pilot500,LGA-Visual/tukey,0,[],,,,,,
all_complete21_variants,observed_main,5,coverage80,dataset,evqa-pilot500,LGA-Visual-no-direction/raw,0,[],,,,,,
all_complete21_variants,observed_main,5,coverage80,dataset,evqa-pilot500,LGA-Visual-no-direction/tukey,0,[],,,,,,
all_complete21_variants,observed_main,5,coverage80,dataset,evqa-pilot500,VisEdit-Pre-alt/current,0,[],,,,,,
all_complete21_variants,observed_main,5,coverage80,dataset,evqa-pilot500,VisEdit-Direct-alt/diagnostic,0,[],,,,,,
all_complete21_variants,observed_main,5,coverage80,dataset,mmke-visual,Middle-Prior/raw,0,[],,,,,,
all_complete21_variants,observed_main,5,coverage80,dataset,mmke-visual,CMA-alt-v1.3/raw,0,[],,,,,,
all_complete21_variants,observed_main,5,coverage80,dataset,mmke-visual,CMA-model_pred/raw,0,[],,,,,,
all_complete21_variants,observed_main,5,coverage80,dataset,mmke-visual,Perturb-KL-alt/raw,0,[],,,,,,
all_complete21_variants,observed_main,5,coverage80,dataset,mmke-visual,SaLEM-alt/raw,0,[],,,,,,
all_complete21_variants,observed_main,5,coverage80,dataset,mmke-visual,LGA-Param/raw,0,[],,,,,,
all_complete21_variants,observed_main,5,coverage80,dataset,mmke-visual,LGA-Param/tukey,0,[],,,,,,
all_complete21_variants,observed_main,5,coverage80,dataset,mmke-visual,Ours-main/raw,0,[],,,,,,
all_complete21_variants,observed_main,5,coverage80,dataset,mmke-visual,Ours-main/tukey,0,[],,,,,,
all_complete21_variants,observed_main,5,coverage80,dataset,mmke-visual,Ours-no-direction/raw,0,[],,,,,,
all_complete21_variants,observed_main,5,coverage80,dataset,mmke-visual,Ours-no-direction/tukey,0,[],,,,,,
all_complete21_variants,observed_main,5,coverage80,dataset,mmke-visual,Ours-no-strength/raw,0,[],,,,,,
all_complete21_variants,observed_main,5,coverage80,dataset,mmke-visual,Ours-no-strength/tukey,0,[],,,,,,
all_complete21_variants,observed_main,5,coverage80,dataset,mmke-visual,LGA-Visual/raw,0,[],,,,,,
all_complete21_variants,observed_main,5,coverage80,dataset,mmke-visual,LGA-Visual/tukey,0,[],,,,,,
all_complete21_variants,observed_main,5,coverage80,dataset,mmke-visual,LGA-Visual-no-direction/raw,0,[],,,,,,
all_complete21_variants,observed_main,5,coverage80,dataset,mmke-visual,LGA-Visual-no-direction/tukey,0,[],,,,,,
all_complete21_variants,observed_main,5,coverage80,dataset,mmke-visual,VisEdit-Pre-alt/current,0,[],,,,,,
all_complete21_variants,observed_main,5,coverage80,dataset,mmke-visual,VisEdit-Direct-alt/diagnostic,0,[],,,,,,
all_complete21_variants,observed_main,5,coverage80,dataset,mmke-entity,Middle-Prior/raw,0,[],,,,,,
all_complete21_variants,observed_main,5,coverage80,dataset,mmke-entity,CMA-alt-v1.3/raw,0,[],,,,,,
all_complete21_variants,observed_main,5,coverage80,dataset,mmke-entity,CMA-model_pred/raw,0,[],,,,,,
all_complete21_variants,observed_main,5,coverage80,dataset,mmke-entity,Perturb-KL-alt/raw,0,[],,,,,,
all_complete21_variants,observed_main,5,coverage80,dataset,mmke-entity,SaLEM-alt/raw,0,[],,,,,,
all_complete21_variants,observed_main,5,coverage80,dataset,mmke-entity,LGA-Param/raw,0,[],,,,,,
all_complete21_variants,observed_main,5,coverage80,dataset,mmke-entity,LGA-Param/tukey,0,[],,,,,,
all_complete21_variants,observed_main,5,coverage80,dataset,mmke-entity,Ours-main/raw,0,[],,,,,,
all_complete21_variants,observed_main,5,coverage80,dataset,mmke-entity,Ours-main/tukey,0,[],,,,,,
all_complete21_variants,observed_main,5,coverage80,dataset,mmke-entity,Ours-no-direction/raw,0,[],,,,,,
all_complete21_variants,observed_main,5,coverage80,dataset,mmke-entity,Ours-no-direction/tukey,0,[],,,,,,
all_complete21_variants,observed_main,5,coverage80,dataset,mmke-entity,Ours-no-strength/raw,0,[],,,,,,
all_complete21_variants,observed_main,5,coverage80,dataset,mmke-entity,Ours-no-strength/tukey,0,[],,,,,,
all_complete21_variants,observed_main,5,coverage80,dataset,mmke-entity,LGA-Visual/raw,0,[],,,,,,
all_complete21_variants,observed_main,5,coverage80,dataset,mmke-entity,LGA-Visual/tukey,0,[],,,,,,
all_complete21_variants,observed_main,5,coverage80,dataset,mmke-entity,LGA-Visual-no-direction/raw,0,[],,,,,,
all_complete21_variants,observed_main,5,coverage80,dataset,mmke-entity,LGA-Visual-no-direction/tukey,0,[],,,,,,
all_complete21_variants,observed_main,5,coverage80,dataset,mmke-entity,VisEdit-Pre-alt/current,0,[],,,,,,
all_complete21_variants,observed_main,5,coverage80,dataset,mmke-entity,VisEdit-Direct-alt/diagnostic,0,[],,,,,,
all_complete21_variants,main_without_flagged,1,all,all,all,Middle-Prior/raw,6,"[""evqa-pilot500/blip2-opt-2.7b"", ""evqa-pilot500/minigpt-4-vicuna-7b"", ""evqa-pilot500/llava-v1.5-7b"", ""evqa-pilot500/qwen2.5-vl-3b"", ""mmke-visual/instructblip-vicuna-7b"", ""mmke-entity/instructblip-vicuna-7b""]",59.861333333333334,59.861333333333334,11.301000000000004,0,0.9293374408803766,0.9293374408803766
all_complete21_variants,main_without_flagged,1,all,all,all,CMA-alt-v1.3/raw,6,"[""evqa-pilot500/blip2-opt-2.7b"", ""evqa-pilot500/minigpt-4-vicuna-7b"", ""evqa-pilot500/llava-v1.5-7b"", ""evqa-pilot500/qwen2.5-vl-3b"", ""mmke-visual/instructblip-vicuna-7b"", ""mmke-entity/instructblip-vicuna-7b""]",57.513666666666666,57.513666666666666,13.648666666666672,0,-1.418329225786292,-1.418329225786292
all_complete21_variants,main_without_flagged,1,all,all,all,CMA-model_pred/raw,6,"[""evqa-pilot500/blip2-opt-2.7b"", ""evqa-pilot500/minigpt-4-vicuna-7b"", ""evqa-pilot500/llava-v1.5-7b"", ""evqa-pilot500/qwen2.5-vl-3b"", ""mmke-visual/instructblip-vicuna-7b"", ""mmke-entity/instructblip-vicuna-7b""]",57.95066666666667,57.95066666666667,13.21166666666667,0,-0.9813292257862898,-0.9813292257862898
all_complete21_variants,main_without_flagged,1,all,all,all,Perturb-KL-alt/raw,6,"[""evqa-pilot500/blip2-opt-2.7b"", ""evqa-pilot500/minigpt-4-vicuna-7b"", ""evqa-pilot500/llava-v1.5-7b"", ""evqa-pilot500/qwen2.5-vl-3b"", ""mmke-visual/instructblip-vicuna-7b"", ""mmke-entity/instructblip-vicuna-7b""]",57.091,57.091,14.071333333333337,0,-1.840995892452958,-1.840995892452958
all_complete21_variants,main_without_flagged,1,all,all,all,SaLEM-alt/raw,6,"[""evqa-pilot500/blip2-opt-2.7b"", ""evqa-pilot500/minigpt-4-vicuna-7b"", ""evqa-pilot500/llava-v1.5-7b"", ""evqa-pilot500/qwen2.5-vl-3b"", ""mmke-visual/instructblip-vicuna-7b"", ""mmke-entity/instructblip-vicuna-7b""]",57.66,57.66,13.502333333333338,0,-1.2719958924529589,-1.2719958924529589
all_complete21_variants,main_without_flagged,1,all,all,all,LGA-Param/raw,6,"[""evqa-pilot500/blip2-opt-2.7b"", ""evqa-pilot500/minigpt-4-vicuna-7b"", ""evqa-pilot500/llava-v1.5-7b"", ""evqa-pilot500/qwen2.5-vl-3b"", ""mmke-visual/instructblip-vicuna-7b"", ""mmke-entity/instructblip-vicuna-7b""]",56.970666666666666,56.970666666666666,14.191666666666672,0,-1.9613292257862913,-1.9613292257862913
all_complete21_variants,main_without_flagged,1,all,all,all,LGA-Param/tukey,6,"[""evqa-pilot500/blip2-opt-2.7b"", ""evqa-pilot500/minigpt-4-vicuna-7b"", ""evqa-pilot500/llava-v1.5-7b"", ""evqa-pilot500/qwen2.5-vl-3b"", ""mmke-visual/instructblip-vicuna-7b"", ""mmke-entity/instructblip-vicuna-7b""]",59.951,59.951,11.211333333333336,0.16666666666666666,1.019004107547044,1.019004107547044
all_complete21_variants,main_without_flagged,1,all,all,all,Ours-main/raw,6,"[""evqa-pilot500/blip2-opt-2.7b"", ""evqa-pilot500/minigpt-4-vicuna-7b"", ""evqa-pilot500/llava-v1.5-7b"", ""evqa-pilot500/qwen2.5-vl-3b"", ""mmke-visual/instructblip-vicuna-7b"", ""mmke-entity/instructblip-vicuna-7b""]",63.56866666666667,63.56866666666667,7.593666666666668,0.3333333333333333,4.636670774213711,4.636670774213711
all_complete21_variants,main_without_flagged,1,all,all,all,Ours-main/tukey,6,"[""evqa-pilot500/blip2-opt-2.7b"", ""evqa-pilot500/minigpt-4-vicuna-7b"", ""evqa-pilot500/llava-v1.5-7b"", ""evqa-pilot500/qwen2.5-vl-3b"", ""mmke-visual/instructblip-vicuna-7b"", ""mmke-entity/instructblip-vicuna-7b""]",63.62566666666667,63.62566666666667,7.536666666666669,0.3333333333333333,4.693670774213711,4.693670774213711
all_complete21_variants,main_without_flagged,1,all,all,all,Ours-no-direction/raw,6,"[""evqa-pilot500/blip2-opt-2.7b"", ""evqa-pilot500/minigpt-4-vicuna-7b"", ""evqa-pilot500/llava-v1.5-7b"", ""evqa-pilot500/qwen2.5-vl-3b"", ""mmke-visual/instructblip-vicuna-7b"", ""mmke-entity/instructblip-vicuna-7b""]",63.138666666666666,63.138666666666666,8.023666666666669,0.16666666666666666,4.20667077421371,4.20667077421371
all_complete21_variants,main_without_flagged,1,all,all,all,Ours-no-direction/tukey,6,"[""evqa-pilot500/blip2-opt-2.7b"", ""evqa-pilot500/minigpt-4-vicuna-7b"", ""evqa-pilot500/llava-v1.5-7b"", ""evqa-pilot500/qwen2.5-vl-3b"", ""mmke-visual/instructblip-vicuna-7b"", ""mmke-entity/instructblip-vicuna-7b""]",63.19566666666667,63.19566666666667,7.9666666666666694,0.16666666666666666,4.26367077421371,4.26367077421371
all_complete21_variants,main_without_flagged,1,all,all,all,Ours-no-strength/raw,6,"[""evqa-pilot500/blip2-opt-2.7b"", ""evqa-pilot500/minigpt-4-vicuna-7b"", ""evqa-pilot500/llava-v1.5-7b"", ""evqa-pilot500/qwen2.5-vl-3b"", ""mmke-visual/instructblip-vicuna-7b"", ""mmke-entity/instructblip-vicuna-7b""]",54.91633333333333,54.91633333333333,16.246000000000006,0,-4.015662559119627,-4.015662559119627
all_complete21_variants,main_without_flagged,1,all,all,all,Ours-no-strength/tukey,6,"[""evqa-pilot500/blip2-opt-2.7b"", ""evqa-pilot500/minigpt-4-vicuna-7b"", ""evqa-pilot500/llava-v1.5-7b"", ""evqa-pilot500/qwen2.5-vl-3b"", ""mmke-visual/instructblip-vicuna-7b"", ""mmke-entity/instructblip-vicuna-7b""]",56.211999999999996,56.211999999999996,14.950333333333338,0,-2.719995892452959,-2.719995892452959
all_complete21_variants,main_without_flagged,1,all,all,all,LGA-Visual/raw,6,"[""evqa-pilot500/blip2-opt-2.7b"", ""evqa-pilot500/minigpt-4-vicuna-7b"", ""evqa-pilot500/llava-v1.5-7b"", ""evqa-pilot500/qwen2.5-vl-3b"", ""mmke-visual/instructblip-vicuna-7b"", ""mmke-entity/instructblip-vicuna-7b""]",64.644,64.644,6.518333333333338,0.16666666666666666,5.712004107547042,5.712004107547042
all_complete21_variants,main_without_flagged,1,all,all,all,LGA-Visual/tukey,6,"[""evqa-pilot500/blip2-opt-2.7b"", ""evqa-pilot500/minigpt-4-vicuna-7b"", ""evqa-pilot500/llava-v1.5-7b"", ""evqa-pilot500/qwen2.5-vl-3b"", ""mmke-visual/instructblip-vicuna-7b"", ""mmke-entity/instructblip-vicuna-7b""]",64.85266666666666,64.85266666666666,6.309666666666669,0.16666666666666666,5.92067077421371,5.92067077421371
all_complete21_variants,main_without_flagged,1,all,all,all,LGA-Visual-no-direction/raw,6,"[""evqa-pilot500/blip2-opt-2.7b"", ""evqa-pilot500/minigpt-4-vicuna-7b"", ""evqa-pilot500/llava-v1.5-7b"", ""evqa-pilot500/qwen2.5-vl-3b"", ""mmke-visual/instructblip-vicuna-7b"", ""mmke-entity/instructblip-vicuna-7b""]",64.49000000000001,64.49000000000001,6.672333333333335,0.16666666666666666,5.5580041075470445,5.5580041075470445
all_complete21_variants,main_without_flagged,1,all,all,all,LGA-Visual-no-direction/tukey,6,"[""evqa-pilot500/blip2-opt-2.7b"", ""evqa-pilot500/minigpt-4-vicuna-7b"", ""evqa-pilot500/llava-v1.5-7b"", ""evqa-pilot500/qwen2.5-vl-3b"", ""mmke-visual/instructblip-vicuna-7b"", ""mmke-entity/instructblip-vicuna-7b""]",66.27766666666668,66.27766666666668,4.884666666666669,0.16666666666666666,7.345670774213711,7.345670774213711
all_complete21_variants,main_without_flagged,1,all,all,all,VisEdit-Pre-alt/current,6,"[""evqa-pilot500/blip2-opt-2.7b"", ""evqa-pilot500/minigpt-4-vicuna-7b"", ""evqa-pilot500/llava-v1.5-7b"", ""evqa-pilot500/qwen2.5-vl-3b"", ""mmke-visual/instructblip-vicuna-7b"", ""mmke-entity/instructblip-vicuna-7b""]",58.36866666666667,58.36866666666667,12.793666666666672,0,-0.5633292257862917,-0.5633292257862917
all_complete21_variants,main_without_flagged,1,all,all,all,VisEdit-Direct-alt/diagnostic,6,"[""evqa-pilot500/blip2-opt-2.7b"", ""evqa-pilot500/minigpt-4-vicuna-7b"", ""evqa-pilot500/llava-v1.5-7b"", ""evqa-pilot500/qwen2.5-vl-3b"", ""mmke-visual/instructblip-vicuna-7b"", ""mmke-entity/instructblip-vicuna-7b""]",57.11333333333333,57.11333333333333,14.049000000000007,0,-1.8186625591196268,-1.8186625591196268
all_complete21_variants,main_without_flagged,1,all,dataset,evqa-pilot500,Middle-Prior/raw,4,"[""evqa-pilot500/blip2-opt-2.7b"", ""evqa-pilot500/minigpt-4-vicuna-7b"", ""evqa-pilot500/llava-v1.5-7b"", ""evqa-pilot500/qwen2.5-vl-3b""]",65.0845,65.0845,6.5405000000000015,0,1.9911761217948722,1.9911761217948722
all_complete21_variants,main_without_flagged,1,all,dataset,evqa-pilot500,CMA-alt-v1.3/raw,4,"[""evqa-pilot500/blip2-opt-2.7b"", ""evqa-pilot500/minigpt-4-vicuna-7b"", ""evqa-pilot500/llava-v1.5-7b"", ""evqa-pilot500/qwen2.5-vl-3b""]",61.569,61.569,10.056000000000003,0,-1.524323878205129,-1.524323878205129
all_complete21_variants,main_without_flagged,1,all,dataset,evqa-pilot500,CMA-model_pred/raw,4,"[""evqa-pilot500/blip2-opt-2.7b"", ""evqa-pilot500/minigpt-4-vicuna-7b"", ""evqa-pilot500/llava-v1.5-7b"", ""evqa-pilot500/qwen2.5-vl-3b""]",57.4765,57.4765,14.148500000000002,0,-5.616823878205128,-5.616823878205128
all_complete21_variants,main_without_flagged,1,all,dataset,evqa-pilot500,Perturb-KL-alt/raw,4,"[""evqa-pilot500/blip2-opt-2.7b"", ""evqa-pilot500/minigpt-4-vicuna-7b"", ""evqa-pilot500/llava-v1.5-7b"", ""evqa-pilot500/qwen2.5-vl-3b""]",60.917,60.917,10.708000000000002,0,-2.176323878205128,-2.176323878205128
all_complete21_variants,main_without_flagged,1,all,dataset,evqa-pilot500,SaLEM-alt/raw,4,"[""evqa-pilot500/blip2-opt-2.7b"", ""evqa-pilot500/minigpt-4-vicuna-7b"", ""evqa-pilot500/llava-v1.5-7b"", ""evqa-pilot500/qwen2.5-vl-3b""]",61.7115,61.7115,9.913500000000003,0,-1.3818238782051289,-1.3818238782051289
all_complete21_variants,main_without_flagged,1,all,dataset,evqa-pilot500,LGA-Param/raw,4,"[""evqa-pilot500/blip2-opt-2.7b"", ""evqa-pilot500/minigpt-4-vicuna-7b"", ""evqa-pilot500/llava-v1.5-7b"", ""evqa-pilot500/qwen2.5-vl-3b""]",60.3395,60.3395,11.2855,0,-2.753823878205127,-2.753823878205127
all_complete21_variants,main_without_flagged,1,all,dataset,evqa-pilot500,LGA-Param/tukey,4,"[""evqa-pilot500/blip2-opt-2.7b"", ""evqa-pilot500/minigpt-4-vicuna-7b"", ""evqa-pilot500/llava-v1.5-7b"", ""evqa-pilot500/qwen2.5-vl-3b""]",59.9495,59.9495,11.6755,0,-3.1438238782051258,-3.1438238782051258
all_complete21_variants,main_without_flagged,1,all,dataset,evqa-pilot500,Ours-main/raw,4,"[""evqa-pilot500/blip2-opt-2.7b"", ""evqa-pilot500/minigpt-4-vicuna-7b"", ""evqa-pilot500/llava-v1.5-7b"", ""evqa-pilot500/qwen2.5-vl-3b""]",60.488,60.488,11.137,0.25,-2.6053238782051267,-2.6053238782051267
all_complete21_variants,main_without_flagged,1,all,dataset,evqa-pilot500,Ours-main/tukey,4,"[""evqa-pilot500/blip2-opt-2.7b"", ""evqa-pilot500/minigpt-4-vicuna-7b"", ""evqa-pilot500/llava-v1.5-7b"", ""evqa-pilot500/qwen2.5-vl-3b""]",60.5735,60.5735,11.0515,0.25,-2.519823878205127,-2.519823878205127
all_complete21_variants,main_without_flagged,1,all,dataset,evqa-pilot500,Ours-no-direction/raw,4,"[""evqa-pilot500/blip2-opt-2.7b"", ""evqa-pilot500/minigpt-4-vicuna-7b"", ""evqa-pilot500/llava-v1.5-7b"", ""evqa-pilot500/qwen2.5-vl-3b""]",59.843,59.843,11.782000000000002,0,-3.250323878205128,-3.250323878205128
all_complete21_variants,main_without_flagged,1,all,dataset,evqa-pilot500,Ours-no-direction/tukey,4,"[""evqa-pilot500/blip2-opt-2.7b"", ""evqa-pilot500/minigpt-4-vicuna-7b"", ""evqa-pilot500/llava-v1.5-7b"", ""evqa-pilot500/qwen2.5-vl-3b""]",59.9285,59.9285,11.696500000000002,0,-3.1648238782051283,-3.1648238782051283
all_complete21_variants,main_without_flagged,1,all,dataset,evqa-pilot500,Ours-no-strength/raw,4,"[""evqa-pilot500/blip2-opt-2.7b"", ""evqa-pilot500/minigpt-4-vicuna-7b"", ""evqa-pilot500/llava-v1.5-7b"", ""evqa-pilot500/qwen2.5-vl-3b""]",59.01,59.01,12.615000000000004,0,-4.08332387820513,-4.08332387820513
all_complete21_variants,main_without_flagged,1,all,dataset,evqa-pilot500,Ours-no-strength/tukey,4,"[""evqa-pilot500/blip2-opt-2.7b"", ""evqa-pilot500/minigpt-4-vicuna-7b"", ""evqa-pilot500/llava-v1.5-7b"", ""evqa-pilot500/qwen2.5-vl-3b""]",59.921,59.921,11.704000000000002,0,-3.1723238782051286,-3.1723238782051286
all_complete21_variants,main_without_flagged,1,all,dataset,evqa-pilot500,LGA-Visual/raw,4,"[""evqa-pilot500/blip2-opt-2.7b"", ""evqa-pilot500/minigpt-4-vicuna-7b"", ""evqa-pilot500/llava-v1.5-7b"", ""evqa-pilot500/qwen2.5-vl-3b""]",62.101,62.101,9.524000000000004,0,-0.9923238782051307,-0.9923238782051307
all_complete21_variants,main_without_flagged,1,all,dataset,evqa-pilot500,LGA-Visual/tukey,4,"[""evqa-pilot500/blip2-opt-2.7b"", ""evqa-pilot500/minigpt-4-vicuna-7b"", ""evqa-pilot500/llava-v1.5-7b"", ""evqa-pilot500/qwen2.5-vl-3b""]",62.414,62.414,9.211000000000002,0,-0.6793238782051283,-0.6793238782051283
all_complete21_variants,main_without_flagged,1,all,dataset,evqa-pilot500,LGA-Visual-no-direction/raw,4,"[""evqa-pilot500/blip2-opt-2.7b"", ""evqa-pilot500/minigpt-4-vicuna-7b"", ""evqa-pilot500/llava-v1.5-7b"", ""evqa-pilot500/qwen2.5-vl-3b""]",61.870000000000005,61.870000000000005,9.755,0,-1.223323878205127,-1.223323878205127
all_complete21_variants,main_without_flagged,1,all,dataset,evqa-pilot500,LGA-Visual-no-direction/tukey,4,"[""evqa-pilot500/blip2-opt-2.7b"", ""evqa-pilot500/minigpt-4-vicuna-7b"", ""evqa-pilot500/llava-v1.5-7b"", ""evqa-pilot500/qwen2.5-vl-3b""]",64.5515,64.5515,7.073500000000001,0,1.4581761217948728,1.4581761217948728
all_complete21_variants,main_without_flagged,1,all,dataset,evqa-pilot500,VisEdit-Pre-alt/current,4,"[""evqa-pilot500/blip2-opt-2.7b"", ""evqa-pilot500/minigpt-4-vicuna-7b"", ""evqa-pilot500/llava-v1.5-7b"", ""evqa-pilot500/qwen2.5-vl-3b""]",63.343,63.343,8.282000000000002,0,0.24967612179487197,0.24967612179487197
all_complete21_variants,main_without_flagged,1,all,dataset,evqa-pilot500,VisEdit-Direct-alt/diagnostic,4,"[""evqa-pilot500/blip2-opt-2.7b"", ""evqa-pilot500/minigpt-4-vicuna-7b"", ""evqa-pilot500/llava-v1.5-7b"", ""evqa-pilot500/qwen2.5-vl-3b""]",62.360499999999995,62.360499999999995,9.264500000000005,0,-0.7328238782051315,-0.7328238782051315
all_complete21_variants,main_without_flagged,1,all,dataset,mmke-visual,Middle-Prior/raw,1,"[""mmke-visual/instructblip-vicuna-7b""]",49.986000000000004,49.986000000000004,21.308000000000007,0,-1.609636363636362,-1.609636363636362
all_complete21_variants,main_without_flagged,1,all,dataset,mmke-visual,CMA-alt-v1.3/raw,1,"[""mmke-visual/instructblip-vicuna-7b""]",50.476,50.476,20.818000000000012,0,-1.119636363636367,-1.119636363636367
all_complete21_variants,main_without_flagged,1,all,dataset,mmke-visual,CMA-model_pred/raw,1,"[""mmke-visual/instructblip-vicuna-7b""]",70.28,70.28,1.01400000000001,0,18.684363636363635,18.684363636363635
all_complete21_variants,main_without_flagged,1,all,dataset,mmke-visual,Perturb-KL-alt/raw,1,"[""mmke-visual/instructblip-vicuna-7b""]",50.678,50.678,20.616000000000014,0,-0.9176363636363689,-0.9176363636363689
all_complete21_variants,main_without_flagged,1,all,dataset,mmke-visual,SaLEM-alt/raw,1,"[""mmke-visual/instructblip-vicuna-7b""]",50.489999999999995,50.489999999999995,20.804000000000016,0,-1.1056363636363713,-1.1056363636363713
all_complete21_variants,main_without_flagged,1,all,dataset,mmke-visual,LGA-Param/raw,1,"[""mmke-visual/instructblip-vicuna-7b""]",50.678,50.678,20.616000000000014,0,-0.9176363636363689,-0.9176363636363689
all_complete21_variants,main_without_flagged,1,all,dataset,mmke-visual,LGA-Param/tukey,1,"[""mmke-visual/instructblip-vicuna-7b""]",50.727999999999994,50.727999999999994,20.566000000000017,0,-0.8676363636363718,-0.8676363636363718
all_complete21_variants,main_without_flagged,1,all,dataset,mmke-visual,Ours-main/raw,1,"[""mmke-visual/instructblip-vicuna-7b""]",70.28,70.28,1.01400000000001,0,18.684363636363635,18.684363636363635
all_complete21_variants,main_without_flagged,1,all,dataset,mmke-visual,Ours-main/tukey,1,"[""mmke-visual/instructblip-vicuna-7b""]",70.28,70.28,1.01400000000001,0,18.684363636363635,18.684363636363635
all_complete21_variants,main_without_flagged,1,all,dataset,mmke-visual,Ours-no-direction/raw,1,"[""mmke-visual/instructblip-vicuna-7b""]",70.28,70.28,1.01400000000001,0,18.684363636363635,18.684363636363635
all_complete21_variants,main_without_flagged,1,all,dataset,mmke-visual,Ours-no-direction/tukey,1,"[""mmke-visual/instructblip-vicuna-7b""]",70.28,70.28,1.01400000000001,0,18.684363636363635,18.684363636363635
all_complete21_variants,main_without_flagged,1,all,dataset,mmke-visual,Ours-no-strength/raw,1,"[""mmke-visual/instructblip-vicuna-7b""]",46.754,46.754,24.540000000000013,0,-4.841636363636368,-4.841636363636368
all_complete21_variants,main_without_flagged,1,all,dataset,mmke-visual,Ours-no-strength/tukey,1,"[""mmke-visual/instructblip-vicuna-7b""]",50.007999999999996,50.007999999999996,21.286000000000016,0,-1.5876363636363706,-1.5876363636363706
all_complete21_variants,main_without_flagged,1,all,dataset,mmke-visual,LGA-Visual/raw,1,"[""mmke-visual/instructblip-vicuna-7b""]",70.28,70.28,1.01400000000001,0,18.684363636363635,18.684363636363635
all_complete21_variants,main_without_flagged,1,all,dataset,mmke-visual,LGA-Visual/tukey,1,"[""mmke-visual/instructblip-vicuna-7b""]",70.28,70.28,1.01400000000001,0,18.684363636363635,18.684363636363635
all_complete21_variants,main_without_flagged,1,all,dataset,mmke-visual,LGA-Visual-no-direction/raw,1,"[""mmke-visual/instructblip-vicuna-7b""]",70.28,70.28,1.01400000000001,0,18.684363636363635,18.684363636363635
all_complete21_variants,main_without_flagged,1,all,dataset,mmke-visual,LGA-Visual-no-direction/tukey,1,"[""mmke-visual/instructblip-vicuna-7b""]",70.28,70.28,1.01400000000001,0,18.684363636363635,18.684363636363635
all_complete21_variants,main_without_flagged,1,all,dataset,mmke-visual,VisEdit-Pre-alt/current,1,"[""mmke-visual/instructblip-vicuna-7b""]",49.965999999999994,49.965999999999994,21.328000000000017,0,-1.6296363636363722,-1.6296363636363722
all_complete21_variants,main_without_flagged,1,all,dataset,mmke-visual,VisEdit-Direct-alt/diagnostic,1,"[""mmke-visual/instructblip-vicuna-7b""]",46.754,46.754,24.540000000000013,0,-4.841636363636368,-4.841636363636368
all_complete21_variants,main_without_flagged,1,all,dataset,mmke-entity,Middle-Prior/raw,1,"[""mmke-entity/instructblip-vicuna-7b""]",48.844,48.844,20.336000000000006,0,-0.7790434782608671,-0.7790434782608671
all_complete21_variants,main_without_flagged,1,all,dataset,mmke-entity,CMA-alt-v1.3/raw,1,"[""mmke-entity/instructblip-vicuna-7b""]",48.33,48.33,20.85000000000001,0,-1.29304347826087,-1.29304347826087
all_complete21_variants,main_without_flagged,1,all,dataset,mmke-entity,CMA-model_pred/raw,1,"[""mmke-entity/instructblip-vicuna-7b""]",47.51800000000001,47.51800000000001,21.662,0,-2.1050434782608605,-2.1050434782608605
all_complete21_variants,main_without_flagged,1,all,dataset,mmke-entity,Perturb-KL-alt/raw,1,"[""mmke-entity/instructblip-vicuna-7b""]",48.2,48.2,20.980000000000004,0,-1.4230434782608654,-1.4230434782608654
all_complete21_variants,main_without_flagged,1,all,dataset,mmke-entity,SaLEM-alt/raw,1,"[""mmke-entity/instructblip-vicuna-7b""]",48.624,48.624,20.556000000000004,0,-0.9990434782608659,-0.9990434782608659
all_complete21_variants,main_without_flagged,1,all,dataset,mmke-entity,LGA-Param/raw,1,"[""mmke-entity/instructblip-vicuna-7b""]",49.788,49.788,19.39200000000001,0,0.16495652173912845,0.16495652173912845
all_complete21_variants,main_without_flagged,1,all,dataset,mmke-entity,LGA-Param/tukey,1,"[""mmke-entity/instructblip-vicuna-7b""]",69.18,69.18,0.0,1,19.55695652173914,19.55695652173914
all_complete21_variants,main_without_flagged,1,all,dataset,mmke-entity,Ours-main/raw,1,"[""mmke-entity/instructblip-vicuna-7b""]",69.18,69.18,0.0,1,19.55695652173914,19.55695652173914
all_complete21_variants,main_without_flagged,1,all,dataset,mmke-entity,Ours-main/tukey,1,"[""mmke-entity/instructblip-vicuna-7b""]",69.18,69.18,0.0,1,19.55695652173914,19.55695652173914
all_complete21_variants,main_without_flagged,1,all,dataset,mmke-entity,Ours-no-direction/raw,1,"[""mmke-entity/instructblip-vicuna-7b""]",69.18,69.18,0.0,1,19.55695652173914,19.55695652173914
all_complete21_variants,main_without_flagged,1,all,dataset,mmke-entity,Ours-no-direction/tukey,1,"[""mmke-entity/instructblip-vicuna-7b""]",69.18,69.18,0.0,1,19.55695652173914,19.55695652173914
all_complete21_variants,main_without_flagged,1,all,dataset,mmke-entity,Ours-no-strength/raw,1,"[""mmke-entity/instructblip-vicuna-7b""]",46.70399999999999,46.70399999999999,22.476000000000013,0,-2.9190434782608747,-2.9190434782608747
all_complete21_variants,main_without_flagged,1,all,dataset,mmke-entity,Ours-no-strength/tukey,1,"[""mmke-entity/instructblip-vicuna-7b""]",47.58,47.58,21.60000000000001,0,-2.04304347826087,-2.04304347826087
all_complete21_variants,main_without_flagged,1,all,dataset,mmke-entity,LGA-Visual/raw,1,"[""mmke-entity/instructblip-vicuna-7b""]",69.18,69.18,0.0,1,19.55695652173914,19.55695652173914
all_complete21_variants,main_without_flagged,1,all,dataset,mmke-entity,LGA-Visual/tukey,1,"[""mmke-entity/instructblip-vicuna-7b""]",69.18,69.18,0.0,1,19.55695652173914,19.55695652173914
all_complete21_variants,main_without_flagged,1,all,dataset,mmke-entity,LGA-Visual-no-direction/raw,1,"[""mmke-entity/instructblip-vicuna-7b""]",69.18,69.18,0.0,1,19.55695652173914,19.55695652173914
all_complete21_variants,main_without_flagged,1,all,dataset,mmke-entity,LGA-Visual-no-direction/tukey,1,"[""mmke-entity/instructblip-vicuna-7b""]",69.18,69.18,0.0,1,19.55695652173914,19.55695652173914
all_complete21_variants,main_without_flagged,1,all,dataset,mmke-entity,VisEdit-Pre-alt/current,1,"[""mmke-entity/instructblip-vicuna-7b""]",46.874,46.874,22.306000000000004,0,-2.749043478260866,-2.749043478260866
all_complete21_variants,main_without_flagged,1,all,dataset,mmke-entity,VisEdit-Direct-alt/diagnostic,1,"[""mmke-entity/instructblip-vicuna-7b""]",46.484,46.484,22.696000000000005,0,-3.1390434782608665,-3.1390434782608665
all_complete21_variants,main_without_flagged,1,coverage80,all,all,Middle-Prior/raw,2,"[""mmke-visual/instructblip-vicuna-7b"", ""mmke-entity/instructblip-vicuna-7b""]",49.415000000000006,49.415000000000006,20.822000000000006,0,-1.1943399209486145,-1.1943399209486145
all_complete21_variants,main_without_flagged,1,coverage80,all,all,CMA-alt-v1.3/raw,2,"[""mmke-visual/instructblip-vicuna-7b"", ""mmke-entity/instructblip-vicuna-7b""]",49.403,49.403,20.83400000000001,0,-1.2063399209486185,-1.2063399209486185
all_complete21_variants,main_without_flagged,1,coverage80,all,all,CMA-model_pred/raw,2,"[""mmke-visual/instructblip-vicuna-7b"", ""mmke-entity/instructblip-vicuna-7b""]",58.899,58.899,11.338000000000005,0,8.289660079051387,8.289660079051387
all_complete21_variants,main_without_flagged,1,coverage80,all,all,Perturb-KL-alt/raw,2,"[""mmke-visual/instructblip-vicuna-7b"", ""mmke-entity/instructblip-vicuna-7b""]",49.439,49.439,20.79800000000001,0,-1.1703399209486172,-1.1703399209486172
all_complete21_variants,main_without_flagged,1,coverage80,all,all,SaLEM-alt/raw,2,"[""mmke-visual/instructblip-vicuna-7b"", ""mmke-entity/instructblip-vicuna-7b""]",49.557,49.557,20.68000000000001,0,-1.0523399209486186,-1.0523399209486186
all_complete21_variants,main_without_flagged,1,coverage80,all,all,LGA-Param/raw,2,"[""mmke-visual/instructblip-vicuna-7b"", ""mmke-entity/instructblip-vicuna-7b""]",50.233,50.233,20.004000000000012,0,-0.37633992094862023,-0.37633992094862023
all_complete21_variants,main_without_flagged,1,coverage80,all,all,LGA-Param/tukey,2,"[""mmke-visual/instructblip-vicuna-7b"", ""mmke-entity/instructblip-vicuna-7b""]",59.954,59.954,10.283000000000008,0.5,9.344660079051383,9.344660079051383
all_complete21_variants,main_without_flagged,1,coverage80,all,all,Ours-main/raw,2,"[""mmke-visual/instructblip-vicuna-7b"", ""mmke-entity/instructblip-vicuna-7b""]",69.73,69.73,0.507000000000005,0.5,19.120660079051387,19.120660079051387
all_complete21_variants,main_without_flagged,1,coverage80,all,all,Ours-main/tukey,2,"[""mmke-visual/instructblip-vicuna-7b"", ""mmke-entity/instructblip-vicuna-7b""]",69.73,69.73,0.507000000000005,0.5,19.120660079051387,19.120660079051387
all_complete21_variants,main_without_flagged,1,coverage80,all,all,Ours-no-direction/raw,2,"[""mmke-visual/instructblip-vicuna-7b"", ""mmke-entity/instructblip-vicuna-7b""]",69.73,69.73,0.507000000000005,0.5,19.120660079051387,19.120660079051387
all_complete21_variants,main_without_flagged,1,coverage80,all,all,Ours-no-direction/tukey,2,"[""mmke-visual/instructblip-vicuna-7b"", ""mmke-entity/instructblip-vicuna-7b""]",69.73,69.73,0.507000000000005,0.5,19.120660079051387,19.120660079051387
all_complete21_variants,main_without_flagged,1,coverage80,all,all,Ours-no-strength/raw,2,"[""mmke-visual/instructblip-vicuna-7b"", ""mmke-entity/instructblip-vicuna-7b""]",46.729,46.729,23.508000000000013,0,-3.8803399209486216,-3.8803399209486216
all_complete21_variants,main_without_flagged,1,coverage80,all,all,Ours-no-strength/tukey,2,"[""mmke-visual/instructblip-vicuna-7b"", ""mmke-entity/instructblip-vicuna-7b""]",48.794,48.794,21.443000000000012,0,-1.8153399209486203,-1.8153399209486203
all_complete21_variants,main_without_flagged,1,coverage80,all,all,LGA-Visual/raw,2,"[""mmke-visual/instructblip-vicuna-7b"", ""mmke-entity/instructblip-vicuna-7b""]",69.73,69.73,0.507000000000005,0.5,19.120660079051387,19.120660079051387
all_complete21_variants,main_without_flagged,1,coverage80,all,all,LGA-Visual/tukey,2,"[""mmke-visual/instructblip-vicuna-7b"", ""mmke-entity/instructblip-vicuna-7b""]",69.73,69.73,0.507000000000005,0.5,19.120660079051387,19.120660079051387
all_complete21_variants,main_without_flagged,1,coverage80,all,all,LGA-Visual-no-direction/raw,2,"[""mmke-visual/instructblip-vicuna-7b"", ""mmke-entity/instructblip-vicuna-7b""]",69.73,69.73,0.507000000000005,0.5,19.120660079051387,19.120660079051387
all_complete21_variants,main_without_flagged,1,coverage80,all,all,LGA-Visual-no-direction/tukey,2,"[""mmke-visual/instructblip-vicuna-7b"", ""mmke-entity/instructblip-vicuna-7b""]",69.73,69.73,0.507000000000005,0.5,19.120660079051387,19.120660079051387
all_complete21_variants,main_without_flagged,1,coverage80,all,all,VisEdit-Pre-alt/current,2,"[""mmke-visual/instructblip-vicuna-7b"", ""mmke-entity/instructblip-vicuna-7b""]",48.42,48.42,21.81700000000001,0,-2.189339920948619,-2.189339920948619
all_complete21_variants,main_without_flagged,1,coverage80,all,all,VisEdit-Direct-alt/diagnostic,2,"[""mmke-visual/instructblip-vicuna-7b"", ""mmke-entity/instructblip-vicuna-7b""]",46.619,46.619,23.61800000000001,0,-3.9903399209486174,-3.9903399209486174
all_complete21_variants,main_without_flagged,1,coverage80,dataset,evqa-pilot500,Middle-Prior/raw,0,[],,,,,,
all_complete21_variants,main_without_flagged,1,coverage80,dataset,evqa-pilot500,CMA-alt-v1.3/raw,0,[],,,,,,
all_complete21_variants,main_without_flagged,1,coverage80,dataset,evqa-pilot500,CMA-model_pred/raw,0,[],,,,,,
all_complete21_variants,main_without_flagged,1,coverage80,dataset,evqa-pilot500,Perturb-KL-alt/raw,0,[],,,,,,
all_complete21_variants,main_without_flagged,1,coverage80,dataset,evqa-pilot500,SaLEM-alt/raw,0,[],,,,,,
all_complete21_variants,main_without_flagged,1,coverage80,dataset,evqa-pilot500,LGA-Param/raw,0,[],,,,,,
all_complete21_variants,main_without_flagged,1,coverage80,dataset,evqa-pilot500,LGA-Param/tukey,0,[],,,,,,
all_complete21_variants,main_without_flagged,1,coverage80,dataset,evqa-pilot500,Ours-main/raw,0,[],,,,,,
all_complete21_variants,main_without_flagged,1,coverage80,dataset,evqa-pilot500,Ours-main/tukey,0,[],,,,,,
all_complete21_variants,main_without_flagged,1,coverage80,dataset,evqa-pilot500,Ours-no-direction/raw,0,[],,,,,,
all_complete21_variants,main_without_flagged,1,coverage80,dataset,evqa-pilot500,Ours-no-direction/tukey,0,[],,,,,,
all_complete21_variants,main_without_flagged,1,coverage80,dataset,evqa-pilot500,Ours-no-strength/raw,0,[],,,,,,
all_complete21_variants,main_without_flagged,1,coverage80,dataset,evqa-pilot500,Ours-no-strength/tukey,0,[],,,,,,
all_complete21_variants,main_without_flagged,1,coverage80,dataset,evqa-pilot500,LGA-Visual/raw,0,[],,,,,,
all_complete21_variants,main_without_flagged,1,coverage80,dataset,evqa-pilot500,LGA-Visual/tukey,0,[],,,,,,
all_complete21_variants,main_without_flagged,1,coverage80,dataset,evqa-pilot500,LGA-Visual-no-direction/raw,0,[],,,,,,
all_complete21_variants,main_without_flagged,1,coverage80,dataset,evqa-pilot500,LGA-Visual-no-direction/tukey,0,[],,,,,,
all_complete21_variants,main_without_flagged,1,coverage80,dataset,evqa-pilot500,VisEdit-Pre-alt/current,0,[],,,,,,
all_complete21_variants,main_without_flagged,1,coverage80,dataset,evqa-pilot500,VisEdit-Direct-alt/diagnostic,0,[],,,,,,
all_complete21_variants,main_without_flagged,1,coverage80,dataset,mmke-visual,Middle-Prior/raw,1,"[""mmke-visual/instructblip-vicuna-7b""]",49.986000000000004,49.986000000000004,21.308000000000007,0,-1.609636363636362,-1.609636363636362
all_complete21_variants,main_without_flagged,1,coverage80,dataset,mmke-visual,CMA-alt-v1.3/raw,1,"[""mmke-visual/instructblip-vicuna-7b""]",50.476,50.476,20.818000000000012,0,-1.119636363636367,-1.119636363636367
all_complete21_variants,main_without_flagged,1,coverage80,dataset,mmke-visual,CMA-model_pred/raw,1,"[""mmke-visual/instructblip-vicuna-7b""]",70.28,70.28,1.01400000000001,0,18.684363636363635,18.684363636363635
all_complete21_variants,main_without_flagged,1,coverage80,dataset,mmke-visual,Perturb-KL-alt/raw,1,"[""mmke-visual/instructblip-vicuna-7b""]",50.678,50.678,20.616000000000014,0,-0.9176363636363689,-0.9176363636363689
all_complete21_variants,main_without_flagged,1,coverage80,dataset,mmke-visual,SaLEM-alt/raw,1,"[""mmke-visual/instructblip-vicuna-7b""]",50.489999999999995,50.489999999999995,20.804000000000016,0,-1.1056363636363713,-1.1056363636363713
all_complete21_variants,main_without_flagged,1,coverage80,dataset,mmke-visual,LGA-Param/raw,1,"[""mmke-visual/instructblip-vicuna-7b""]",50.678,50.678,20.616000000000014,0,-0.9176363636363689,-0.9176363636363689
all_complete21_variants,main_without_flagged,1,coverage80,dataset,mmke-visual,LGA-Param/tukey,1,"[""mmke-visual/instructblip-vicuna-7b""]",50.727999999999994,50.727999999999994,20.566000000000017,0,-0.8676363636363718,-0.8676363636363718
all_complete21_variants,main_without_flagged,1,coverage80,dataset,mmke-visual,Ours-main/raw,1,"[""mmke-visual/instructblip-vicuna-7b""]",70.28,70.28,1.01400000000001,0,18.684363636363635,18.684363636363635
all_complete21_variants,main_without_flagged,1,coverage80,dataset,mmke-visual,Ours-main/tukey,1,"[""mmke-visual/instructblip-vicuna-7b""]",70.28,70.28,1.01400000000001,0,18.684363636363635,18.684363636363635
all_complete21_variants,main_without_flagged,1,coverage80,dataset,mmke-visual,Ours-no-direction/raw,1,"[""mmke-visual/instructblip-vicuna-7b""]",70.28,70.28,1.01400000000001,0,18.684363636363635,18.684363636363635
all_complete21_variants,main_without_flagged,1,coverage80,dataset,mmke-visual,Ours-no-direction/tukey,1,"[""mmke-visual/instructblip-vicuna-7b""]",70.28,70.28,1.01400000000001,0,18.684363636363635,18.684363636363635
all_complete21_variants,main_without_flagged,1,coverage80,dataset,mmke-visual,Ours-no-strength/raw,1,"[""mmke-visual/instructblip-vicuna-7b""]",46.754,46.754,24.540000000000013,0,-4.841636363636368,-4.841636363636368
all_complete21_variants,main_without_flagged,1,coverage80,dataset,mmke-visual,Ours-no-strength/tukey,1,"[""mmke-visual/instructblip-vicuna-7b""]",50.007999999999996,50.007999999999996,21.286000000000016,0,-1.5876363636363706,-1.5876363636363706
all_complete21_variants,main_without_flagged,1,coverage80,dataset,mmke-visual,LGA-Visual/raw,1,"[""mmke-visual/instructblip-vicuna-7b""]",70.28,70.28,1.01400000000001,0,18.684363636363635,18.684363636363635
all_complete21_variants,main_without_flagged,1,coverage80,dataset,mmke-visual,LGA-Visual/tukey,1,"[""mmke-visual/instructblip-vicuna-7b""]",70.28,70.28,1.01400000000001,0,18.684363636363635,18.684363636363635
all_complete21_variants,main_without_flagged,1,coverage80,dataset,mmke-visual,LGA-Visual-no-direction/raw,1,"[""mmke-visual/instructblip-vicuna-7b""]",70.28,70.28,1.01400000000001,0,18.684363636363635,18.684363636363635
all_complete21_variants,main_without_flagged,1,coverage80,dataset,mmke-visual,LGA-Visual-no-direction/tukey,1,"[""mmke-visual/instructblip-vicuna-7b""]",70.28,70.28,1.01400000000001,0,18.684363636363635,18.684363636363635
all_complete21_variants,main_without_flagged,1,coverage80,dataset,mmke-visual,VisEdit-Pre-alt/current,1,"[""mmke-visual/instructblip-vicuna-7b""]",49.965999999999994,49.965999999999994,21.328000000000017,0,-1.6296363636363722,-1.6296363636363722
all_complete21_variants,main_without_flagged,1,coverage80,dataset,mmke-visual,VisEdit-Direct-alt/diagnostic,1,"[""mmke-visual/instructblip-vicuna-7b""]",46.754,46.754,24.540000000000013,0,-4.841636363636368,-4.841636363636368
all_complete21_variants,main_without_flagged,1,coverage80,dataset,mmke-entity,Middle-Prior/raw,1,"[""mmke-entity/instructblip-vicuna-7b""]",48.844,48.844,20.336000000000006,0,-0.7790434782608671,-0.7790434782608671
all_complete21_variants,main_without_flagged,1,coverage80,dataset,mmke-entity,CMA-alt-v1.3/raw,1,"[""mmke-entity/instructblip-vicuna-7b""]",48.33,48.33,20.85000000000001,0,-1.29304347826087,-1.29304347826087
all_complete21_variants,main_without_flagged,1,coverage80,dataset,mmke-entity,CMA-model_pred/raw,1,"[""mmke-entity/instructblip-vicuna-7b""]",47.51800000000001,47.51800000000001,21.662,0,-2.1050434782608605,-2.1050434782608605
all_complete21_variants,main_without_flagged,1,coverage80,dataset,mmke-entity,Perturb-KL-alt/raw,1,"[""mmke-entity/instructblip-vicuna-7b""]",48.2,48.2,20.980000000000004,0,-1.4230434782608654,-1.4230434782608654
all_complete21_variants,main_without_flagged,1,coverage80,dataset,mmke-entity,SaLEM-alt/raw,1,"[""mmke-entity/instructblip-vicuna-7b""]",48.624,48.624,20.556000000000004,0,-0.9990434782608659,-0.9990434782608659
all_complete21_variants,main_without_flagged,1,coverage80,dataset,mmke-entity,LGA-Param/raw,1,"[""mmke-entity/instructblip-vicuna-7b""]",49.788,49.788,19.39200000000001,0,0.16495652173912845,0.16495652173912845
all_complete21_variants,main_without_flagged,1,coverage80,dataset,mmke-entity,LGA-Param/tukey,1,"[""mmke-entity/instructblip-vicuna-7b""]",69.18,69.18,0.0,1,19.55695652173914,19.55695652173914
all_complete21_variants,main_without_flagged,1,coverage80,dataset,mmke-entity,Ours-main/raw,1,"[""mmke-entity/instructblip-vicuna-7b""]",69.18,69.18,0.0,1,19.55695652173914,19.55695652173914
all_complete21_variants,main_without_flagged,1,coverage80,dataset,mmke-entity,Ours-main/tukey,1,"[""mmke-entity/instructblip-vicuna-7b""]",69.18,69.18,0.0,1,19.55695652173914,19.55695652173914
all_complete21_variants,main_without_flagged,1,coverage80,dataset,mmke-entity,Ours-no-direction/raw,1,"[""mmke-entity/instructblip-vicuna-7b""]",69.18,69.18,0.0,1,19.55695652173914,19.55695652173914
all_complete21_variants,main_without_flagged,1,coverage80,dataset,mmke-entity,Ours-no-direction/tukey,1,"[""mmke-entity/instructblip-vicuna-7b""]",69.18,69.18,0.0,1,19.55695652173914,19.55695652173914
all_complete21_variants,main_without_flagged,1,coverage80,dataset,mmke-entity,Ours-no-strength/raw,1,"[""mmke-entity/instructblip-vicuna-7b""]",46.70399999999999,46.70399999999999,22.476000000000013,0,-2.9190434782608747,-2.9190434782608747
all_complete21_variants,main_without_flagged,1,coverage80,dataset,mmke-entity,Ours-no-strength/tukey,1,"[""mmke-entity/instructblip-vicuna-7b""]",47.58,47.58,21.60000000000001,0,-2.04304347826087,-2.04304347826087
all_complete21_variants,main_without_flagged,1,coverage80,dataset,mmke-entity,LGA-Visual/raw,1,"[""mmke-entity/instructblip-vicuna-7b""]",69.18,69.18,0.0,1,19.55695652173914,19.55695652173914
all_complete21_variants,main_without_flagged,1,coverage80,dataset,mmke-entity,LGA-Visual/tukey,1,"[""mmke-entity/instructblip-vicuna-7b""]",69.18,69.18,0.0,1,19.55695652173914,19.55695652173914
all_complete21_variants,main_without_flagged,1,coverage80,dataset,mmke-entity,LGA-Visual-no-direction/raw,1,"[""mmke-entity/instructblip-vicuna-7b""]",69.18,69.18,0.0,1,19.55695652173914,19.55695652173914
all_complete21_variants,main_without_flagged,1,coverage80,dataset,mmke-entity,LGA-Visual-no-direction/tukey,1,"[""mmke-entity/instructblip-vicuna-7b""]",69.18,69.18,0.0,1,19.55695652173914,19.55695652173914
all_complete21_variants,main_without_flagged,1,coverage80,dataset,mmke-entity,VisEdit-Pre-alt/current,1,"[""mmke-entity/instructblip-vicuna-7b""]",46.874,46.874,22.306000000000004,0,-2.749043478260866,-2.749043478260866
all_complete21_variants,main_without_flagged,1,coverage80,dataset,mmke-entity,VisEdit-Direct-alt/diagnostic,1,"[""mmke-entity/instructblip-vicuna-7b""]",46.484,46.484,22.696000000000005,0,-3.1390434782608665,-3.1390434782608665
all_complete21_variants,main_without_flagged,3,all,all,all,Middle-Prior/raw,2,"[""evqa-pilot500/minigpt-4-vicuna-7b"", ""mmke-entity/instructblip-vicuna-7b""]",56.891000000000005,56.44033333333334,16.234000000000005,0,-3.4966424708015076,0.6534782608695693
all_complete21_variants,main_without_flagged,3,all,all,all,CMA-alt-v1.3/raw,2,"[""evqa-pilot500/minigpt-4-vicuna-7b"", ""mmke-entity/instructblip-vicuna-7b""]",59.717000000000006,56.62133333333334,13.408000000000001,0,-0.6706424708015035,0.8344782608695667
all_complete21_variants,main_without_flagged,3,all,all,all,CMA-model_pred/raw,2,"[""evqa-pilot500/minigpt-4-vicuna-7b"", ""mmke-entity/instructblip-vicuna-7b""]",59.617000000000004,55.94300000000001,13.508,0,-0.7706424708015014,0.1561449275362392
all_complete21_variants,main_without_flagged,3,all,all,all,Perturb-KL-alt/raw,2,"[""evqa-pilot500/minigpt-4-vicuna-7b"", ""mmke-entity/instructblip-vicuna-7b""]",60.56200000000001,56.59,12.562999999999999,0,0.1743575291984989,0.8031449275362377
all_complete21_variants,main_without_flagged,3,all,all,all,SaLEM-alt/raw,2,"[""evqa-pilot500/minigpt-4-vicuna-7b"", ""mmke-entity/instructblip-vicuna-7b""]",62.999,58.656666666666666,10.126000000000005,0.5,2.611357529198493,2.869811594202897
all_complete21_variants,main_without_flagged,3,all,all,all,LGA-Param/raw,2,"[""evqa-pilot500/minigpt-4-vicuna-7b"", ""mmke-entity/instructblip-vicuna-7b""]",63.437,56.754666666666665,9.688000000000013,0,3.0493575291984847,0.967811594202896
all_complete21_variants,main_without_flagged,3,all,all,all,LGA-Param/tukey,2,"[""evqa-pilot500/minigpt-4-vicuna-7b"", ""mmke-entity/instructblip-vicuna-7b""]",63.867000000000004,57.04666666666667,9.258000000000006,0.5,3.4793575291984915,1.2598115942028976
all_complete21_variants,main_without_flagged,3,all,all,all,Ours-main/raw,2,"[""evqa-pilot500/minigpt-4-vicuna-7b"", ""mmke-entity/instructblip-vicuna-7b""]",67.059,61.73266666666667,6.0660000000000025,0.5,6.671357529198495,5.9458115942028975
all_complete21_variants,main_without_flagged,3,all,all,all,Ours-main/tukey,2,"[""evqa-pilot500/minigpt-4-vicuna-7b"", ""mmke-entity/instructblip-vicuna-7b""]",67.059,61.73266666666667,6.0660000000000025,0.5,6.671357529198495,5.9458115942028975
all_complete21_variants,main_without_flagged,3,all,all,all,Ours-no-direction/raw,2,"[""evqa-pilot500/minigpt-4-vicuna-7b"", ""mmke-entity/instructblip-vicuna-7b""]",70.14200000000001,63.325,2.982999999999997,0.5,9.7543575291985,7.538144927536237
all_complete21_variants,main_without_flagged,3,all,all,all,Ours-no-direction/tukey,2,"[""evqa-pilot500/minigpt-4-vicuna-7b"", ""mmke-entity/instructblip-vicuna-7b""]",70.14200000000001,63.325,2.982999999999997,0.5,9.7543575291985,7.538144927536237
all_complete21_variants,main_without_flagged,3,all,all,all,Ours-no-strength/raw,2,"[""evqa-pilot500/minigpt-4-vicuna-7b"", ""mmke-entity/instructblip-vicuna-7b""]",53.252,52.67666666666666,19.873000000000005,0,-7.135642470801507,-3.1101884057971034
all_complete21_variants,main_without_flagged,3,all,all,all,Ours-no-strength/tukey,2,"[""evqa-pilot500/minigpt-4-vicuna-7b"", ""mmke-entity/instructblip-vicuna-7b""]",53.945,53.184666666666665,19.180000000000007,0,-6.442642470801509,-2.6021884057971043
all_complete21_variants,main_without_flagged,3,all,all,all,LGA-Visual/raw,2,"[""evqa-pilot500/minigpt-4-vicuna-7b"", ""mmke-entity/instructblip-vicuna-7b""]",69.107,63.50866666666667,4.018000000000008,0.5,8.71935752919849,7.721811594202897
all_complete21_variants,main_without_flagged,3,all,all,all,LGA-Visual/tukey,2,"[""evqa-pilot500/minigpt-4-vicuna-7b"", ""mmke-entity/instructblip-vicuna-7b""]",67.059,62.654333333333334,6.0660000000000025,0.5,6.671357529198495,6.867478260869564
all_complete21_variants,main_without_flagged,3,all,all,all,LGA-Visual-no-direction/raw,2,"[""evqa-pilot500/minigpt-4-vicuna-7b"", ""mmke-entity/instructblip-vicuna-7b""]",70.14200000000001,63.325,2.982999999999997,0.5,9.7543575291985,7.538144927536237
all_complete21_variants,main_without_flagged,3,all,all,all,LGA-Visual-no-direction/tukey,2,"[""evqa-pilot500/minigpt-4-vicuna-7b"", ""mmke-entity/instructblip-vicuna-7b""]",70.14200000000001,63.325,2.982999999999997,0.5,9.7543575291985,7.538144927536237
all_complete21_variants,main_without_flagged,3,all,all,all,VisEdit-Pre-alt/current,2,"[""evqa-pilot500/minigpt-4-vicuna-7b"", ""mmke-entity/instructblip-vicuna-7b""]",52.992000000000004,52.462,20.133000000000006,0,-7.3956424708015085,-3.3248550724637695
all_complete21_variants,main_without_flagged,3,all,all,all,VisEdit-Direct-alt/diagnostic,2,"[""evqa-pilot500/minigpt-4-vicuna-7b"", ""mmke-entity/instructblip-vicuna-7b""]",52.533,50.69766666666666,20.59200000000001,0,-7.854642470801512,-5.089188405797103
all_complete21_variants,main_without_flagged,3,all,dataset,evqa-pilot500,Middle-Prior/raw,1,"[""evqa-pilot500/minigpt-4-vicuna-7b""]",64.938,64.14666666666668,12.132000000000005,0,-1.930157894736837,2.196000000000005
all_complete21_variants,main_without_flagged,3,all,dataset,evqa-pilot500,CMA-alt-v1.3/raw,1,"[""evqa-pilot500/minigpt-4-vicuna-7b""]",71.10400000000001,65.33266666666667,5.965999999999994,0,4.235842105263174,3.381999999999998
all_complete21_variants,main_without_flagged,3,all,dataset,evqa-pilot500,CMA-model_pred/raw,1,"[""evqa-pilot500/minigpt-4-vicuna-7b""]",71.10400000000001,64.14333333333335,5.965999999999994,0,4.235842105263174,2.1926666666666748
all_complete21_variants,main_without_flagged,3,all,dataset,evqa-pilot500,Perturb-KL-alt/raw,1,"[""evqa-pilot500/minigpt-4-vicuna-7b""]",71.10400000000001,64.14333333333335,5.965999999999994,0,4.235842105263174,2.1926666666666748
all_complete21_variants,main_without_flagged,3,all,dataset,evqa-pilot500,SaLEM-alt/raw,1,"[""evqa-pilot500/minigpt-4-vicuna-7b""]",77.07000000000001,68.59666666666666,0.0,1,10.201842105263168,6.645999999999994
all_complete21_variants,main_without_flagged,3,all,dataset,evqa-pilot500,LGA-Param/raw,1,"[""evqa-pilot500/minigpt-4-vicuna-7b""]",58.553999999999995,58.51533333333333,18.516000000000012,0,-8.314157894736844,-3.4353333333333396
all_complete21_variants,main_without_flagged,3,all,dataset,evqa-pilot500,LGA-Param/tukey,1,"[""evqa-pilot500/minigpt-4-vicuna-7b""]",58.553999999999995,58.51533333333333,18.516000000000012,0,-8.314157894736844,-3.4353333333333396
all_complete21_variants,main_without_flagged,3,all,dataset,evqa-pilot500,Ours-main/raw,1,"[""evqa-pilot500/minigpt-4-vicuna-7b""]",64.938,60.958666666666666,12.132000000000005,0,-1.930157894736837,-0.9920000000000044
all_complete21_variants,main_without_flagged,3,all,dataset,evqa-pilot500,Ours-main/tukey,1,"[""evqa-pilot500/minigpt-4-vicuna-7b""]",64.938,60.958666666666666,12.132000000000005,0,-1.930157894736837,-0.9920000000000044
all_complete21_variants,main_without_flagged,3,all,dataset,evqa-pilot500,Ours-no-direction/raw,1,"[""evqa-pilot500/minigpt-4-vicuna-7b""]",71.10400000000001,64.14333333333335,5.965999999999994,0,4.235842105263174,2.1926666666666748
all_complete21_variants,main_without_flagged,3,all,dataset,evqa-pilot500,Ours-no-direction/tukey,1,"[""evqa-pilot500/minigpt-4-vicuna-7b""]",71.10400000000001,64.14333333333335,5.965999999999994,0,4.235842105263174,2.1926666666666748
all_complete21_variants,main_without_flagged,3,all,dataset,evqa-pilot500,Ours-no-strength/raw,1,"[""evqa-pilot500/minigpt-4-vicuna-7b""]",59.56,58.64266666666666,17.510000000000005,0,-7.308157894736837,-3.308000000000007
all_complete21_variants,main_without_flagged,3,all,dataset,evqa-pilot500,Ours-no-strength/tukey,1,"[""evqa-pilot500/minigpt-4-vicuna-7b""]",59.56,58.64266666666666,17.510000000000005,0,-7.308157894736837,-3.308000000000007
all_complete21_variants,main_without_flagged,3,all,dataset,evqa-pilot500,LGA-Visual/raw,1,"[""evqa-pilot500/minigpt-4-vicuna-7b""]",69.03399999999999,64.51066666666667,8.036000000000016,0,2.1658421052631525,2.559999999999995
all_complete21_variants,main_without_flagged,3,all,dataset,evqa-pilot500,LGA-Visual/tukey,1,"[""evqa-pilot500/minigpt-4-vicuna-7b""]",64.938,62.802,12.132000000000005,0,-1.930157894736837,0.8513333333333293
all_complete21_variants,main_without_flagged,3,all,dataset,evqa-pilot500,LGA-Visual-no-direction/raw,1,"[""evqa-pilot500/minigpt-4-vicuna-7b""]",71.10400000000001,64.14333333333335,5.965999999999994,0,4.235842105263174,2.1926666666666748
all_complete21_variants,main_without_flagged,3,all,dataset,evqa-pilot500,LGA-Visual-no-direction/tukey,1,"[""evqa-pilot500/minigpt-4-vicuna-7b""]",71.10400000000001,64.14333333333335,5.965999999999994,0,4.235842105263174,2.1926666666666748
all_complete21_variants,main_without_flagged,3,all,dataset,evqa-pilot500,VisEdit-Pre-alt/current,1,"[""evqa-pilot500/minigpt-4-vicuna-7b""]",58.465999999999994,57.812,18.604000000000013,0,-8.402157894736845,-4.138666666666673
all_complete21_variants,main_without_flagged,3,all,dataset,evqa-pilot500,VisEdit-Direct-alt/diagnostic,1,"[""evqa-pilot500/minigpt-4-vicuna-7b""]",58.362,56.95933333333333,18.708000000000006,0,-8.506157894736837,-4.991333333333337
all_complete21_variants,main_without_flagged,3,all,dataset,mmke-visual,Middle-Prior/raw,0,[],,,,,,
all_complete21_variants,main_without_flagged,3,all,dataset,mmke-visual,CMA-alt-v1.3/raw,0,[],,,,,,
all_complete21_variants,main_without_flagged,3,all,dataset,mmke-visual,CMA-model_pred/raw,0,[],,,,,,
all_complete21_variants,main_without_flagged,3,all,dataset,mmke-visual,Perturb-KL-alt/raw,0,[],,,,,,
all_complete21_variants,main_without_flagged,3,all,dataset,mmke-visual,SaLEM-alt/raw,0,[],,,,,,
all_complete21_variants,main_without_flagged,3,all,dataset,mmke-visual,LGA-Param/raw,0,[],,,,,,
all_complete21_variants,main_without_flagged,3,all,dataset,mmke-visual,LGA-Param/tukey,0,[],,,,,,
all_complete21_variants,main_without_flagged,3,all,dataset,mmke-visual,Ours-main/raw,0,[],,,,,,
all_complete21_variants,main_without_flagged,3,all,dataset,mmke-visual,Ours-main/tukey,0,[],,,,,,
all_complete21_variants,main_without_flagged,3,all,dataset,mmke-visual,Ours-no-direction/raw,0,[],,,,,,
all_complete21_variants,main_without_flagged,3,all,dataset,mmke-visual,Ours-no-direction/tukey,0,[],,,,,,
all_complete21_variants,main_without_flagged,3,all,dataset,mmke-visual,Ours-no-strength/raw,0,[],,,,,,
all_complete21_variants,main_without_flagged,3,all,dataset,mmke-visual,Ours-no-strength/tukey,0,[],,,,,,
all_complete21_variants,main_without_flagged,3,all,dataset,mmke-visual,LGA-Visual/raw,0,[],,,,,,
all_complete21_variants,main_without_flagged,3,all,dataset,mmke-visual,LGA-Visual/tukey,0,[],,,,,,
all_complete21_variants,main_without_flagged,3,all,dataset,mmke-visual,LGA-Visual-no-direction/raw,0,[],,,,,,
all_complete21_variants,main_without_flagged,3,all,dataset,mmke-visual,LGA-Visual-no-direction/tukey,0,[],,,,,,
all_complete21_variants,main_without_flagged,3,all,dataset,mmke-visual,VisEdit-Pre-alt/current,0,[],,,,,,
all_complete21_variants,main_without_flagged,3,all,dataset,mmke-visual,VisEdit-Direct-alt/diagnostic,0,[],,,,,,
all_complete21_variants,main_without_flagged,3,all,dataset,mmke-entity,Middle-Prior/raw,1,"[""mmke-entity/instructblip-vicuna-7b""]",48.844,48.734,20.336000000000006,0,-5.063127046866178,-0.8890434782608665
all_complete21_variants,main_without_flagged,3,all,dataset,mmke-entity,CMA-alt-v1.3/raw,1,"[""mmke-entity/instructblip-vicuna-7b""]",48.33,47.910000000000004,20.85000000000001,0,-5.577127046866181,-1.7130434782608646
all_complete21_variants,main_without_flagged,3,all,dataset,mmke-entity,CMA-model_pred/raw,1,"[""mmke-entity/instructblip-vicuna-7b""]",48.13,47.74266666666667,21.050000000000004,0,-5.777127046866177,-1.8803768115941963
all_complete21_variants,main_without_flagged,3,all,dataset,mmke-entity,Perturb-KL-alt/raw,1,"[""mmke-entity/instructblip-vicuna-7b""]",50.02,49.03666666666667,19.160000000000004,0,-3.8871270468661763,-0.5863768115941994
all_complete21_variants,main_without_flagged,3,all,dataset,mmke-entity,SaLEM-alt/raw,1,"[""mmke-entity/instructblip-vicuna-7b""]",48.928,48.71666666666667,20.25200000000001,0,-4.979127046866182,-0.9063768115941997
all_complete21_variants,main_without_flagged,3,all,dataset,mmke-entity,LGA-Param/raw,1,"[""mmke-entity/instructblip-vicuna-7b""]",68.32,54.994,0.8600000000000136,0,14.412872953133814,5.3709565217391315
all_complete21_variants,main_without_flagged,3,all,dataset,mmke-entity,LGA-Param/tukey,1,"[""mmke-entity/instructblip-vicuna-7b""]",69.18,55.578,0.0,1,15.272872953133827,5.954956521739135
all_complete21_variants,main_without_flagged,3,all,dataset,mmke-entity,Ours-main/raw,1,"[""mmke-entity/instructblip-vicuna-7b""]",69.18,62.50666666666667,0.0,1,15.272872953133827,12.8836231884058
all_complete21_variants,main_without_flagged,3,all,dataset,mmke-entity,Ours-main/tukey,1,"[""mmke-entity/instructblip-vicuna-7b""]",69.18,62.50666666666667,0.0,1,15.272872953133827,12.8836231884058
all_complete21_variants,main_without_flagged,3,all,dataset,mmke-entity,Ours-no-direction/raw,1,"[""mmke-entity/instructblip-vicuna-7b""]",69.18,62.50666666666667,0.0,1,15.272872953133827,12.8836231884058
all_complete21_variants,main_without_flagged,3,all,dataset,mmke-entity,Ours-no-direction/tukey,1,"[""mmke-entity/instructblip-vicuna-7b""]",69.18,62.50666666666667,0.0,1,15.272872953133827,12.8836231884058
all_complete21_variants,main_without_flagged,3,all,dataset,mmke-entity,Ours-no-strength/raw,1,"[""mmke-entity/instructblip-vicuna-7b""]",46.944,46.71066666666667,22.236000000000004,0,-6.963127046866177,-2.9123768115942
all_complete21_variants,main_without_flagged,3,all,dataset,mmke-entity,Ours-no-strength/tukey,1,"[""mmke-entity/instructblip-vicuna-7b""]",48.33,47.72666666666667,20.85000000000001,0,-5.577127046866181,-1.8963768115942017
all_complete21_variants,main_without_flagged,3,all,dataset,mmke-entity,LGA-Visual/raw,1,"[""mmke-entity/instructblip-vicuna-7b""]",69.18,62.50666666666667,0.0,1,15.272872953133827,12.8836231884058
all_complete21_variants,main_without_flagged,3,all,dataset,mmke-entity,LGA-Visual/tukey,1,"[""mmke-entity/instructblip-vicuna-7b""]",69.18,62.50666666666667,0.0,1,15.272872953133827,12.8836231884058
all_complete21_variants,main_without_flagged,3,all,dataset,mmke-entity,LGA-Visual-no-direction/raw,1,"[""mmke-entity/instructblip-vicuna-7b""]",69.18,62.50666666666667,0.0,1,15.272872953133827,12.8836231884058
all_complete21_variants,main_without_flagged,3,all,dataset,mmke-entity,LGA-Visual-no-direction/tukey,1,"[""mmke-entity/instructblip-vicuna-7b""]",69.18,62.50666666666667,0.0,1,15.272872953133827,12.8836231884058
all_complete21_variants,main_without_flagged,3,all,dataset,mmke-entity,VisEdit-Pre-alt/current,1,"[""mmke-entity/instructblip-vicuna-7b""]",47.51800000000001,47.112,21.662,0,-6.389127046866172,-2.5110434782608664
all_complete21_variants,main_without_flagged,3,all,dataset,mmke-entity,VisEdit-Direct-alt/diagnostic,1,"[""mmke-entity/instructblip-vicuna-7b""]",46.70399999999999,44.436,22.476000000000013,0,-7.203127046866186,-5.187043478260868
all_complete21_variants,main_without_flagged,3,coverage80,all,all,Middle-Prior/raw,1,"[""mmke-entity/instructblip-vicuna-7b""]",48.844,48.734,20.336000000000006,0,-5.063127046866178,-0.8890434782608665
all_complete21_variants,main_without_flagged,3,coverage80,all,all,CMA-alt-v1.3/raw,1,"[""mmke-entity/instructblip-vicuna-7b""]",48.33,47.910000000000004,20.85000000000001,0,-5.577127046866181,-1.7130434782608646
all_complete21_variants,main_without_flagged,3,coverage80,all,all,CMA-model_pred/raw,1,"[""mmke-entity/instructblip-vicuna-7b""]",48.13,47.74266666666667,21.050000000000004,0,-5.777127046866177,-1.8803768115941963
all_complete21_variants,main_without_flagged,3,coverage80,all,all,Perturb-KL-alt/raw,1,"[""mmke-entity/instructblip-vicuna-7b""]",50.02,49.03666666666667,19.160000000000004,0,-3.8871270468661763,-0.5863768115941994
all_complete21_variants,main_without_flagged,3,coverage80,all,all,SaLEM-alt/raw,1,"[""mmke-entity/instructblip-vicuna-7b""]",48.928,48.71666666666667,20.25200000000001,0,-4.979127046866182,-0.9063768115941997
all_complete21_variants,main_without_flagged,3,coverage80,all,all,LGA-Param/raw,1,"[""mmke-entity/instructblip-vicuna-7b""]",68.32,54.994,0.8600000000000136,0,14.412872953133814,5.3709565217391315
all_complete21_variants,main_without_flagged,3,coverage80,all,all,LGA-Param/tukey,1,"[""mmke-entity/instructblip-vicuna-7b""]",69.18,55.578,0.0,1,15.272872953133827,5.954956521739135
all_complete21_variants,main_without_flagged,3,coverage80,all,all,Ours-main/raw,1,"[""mmke-entity/instructblip-vicuna-7b""]",69.18,62.50666666666667,0.0,1,15.272872953133827,12.8836231884058
all_complete21_variants,main_without_flagged,3,coverage80,all,all,Ours-main/tukey,1,"[""mmke-entity/instructblip-vicuna-7b""]",69.18,62.50666666666667,0.0,1,15.272872953133827,12.8836231884058
all_complete21_variants,main_without_flagged,3,coverage80,all,all,Ours-no-direction/raw,1,"[""mmke-entity/instructblip-vicuna-7b""]",69.18,62.50666666666667,0.0,1,15.272872953133827,12.8836231884058
all_complete21_variants,main_without_flagged,3,coverage80,all,all,Ours-no-direction/tukey,1,"[""mmke-entity/instructblip-vicuna-7b""]",69.18,62.50666666666667,0.0,1,15.272872953133827,12.8836231884058
all_complete21_variants,main_without_flagged,3,coverage80,all,all,Ours-no-strength/raw,1,"[""mmke-entity/instructblip-vicuna-7b""]",46.944,46.71066666666667,22.236000000000004,0,-6.963127046866177,-2.9123768115942
all_complete21_variants,main_without_flagged,3,coverage80,all,all,Ours-no-strength/tukey,1,"[""mmke-entity/instructblip-vicuna-7b""]",48.33,47.72666666666667,20.85000000000001,0,-5.577127046866181,-1.8963768115942017
all_complete21_variants,main_without_flagged,3,coverage80,all,all,LGA-Visual/raw,1,"[""mmke-entity/instructblip-vicuna-7b""]",69.18,62.50666666666667,0.0,1,15.272872953133827,12.8836231884058
all_complete21_variants,main_without_flagged,3,coverage80,all,all,LGA-Visual/tukey,1,"[""mmke-entity/instructblip-vicuna-7b""]",69.18,62.50666666666667,0.0,1,15.272872953133827,12.8836231884058
all_complete21_variants,main_without_flagged,3,coverage80,all,all,LGA-Visual-no-direction/raw,1,"[""mmke-entity/instructblip-vicuna-7b""]",69.18,62.50666666666667,0.0,1,15.272872953133827,12.8836231884058
all_complete21_variants,main_without_flagged,3,coverage80,all,all,LGA-Visual-no-direction/tukey,1,"[""mmke-entity/instructblip-vicuna-7b""]",69.18,62.50666666666667,0.0,1,15.272872953133827,12.8836231884058
all_complete21_variants,main_without_flagged,3,coverage80,all,all,VisEdit-Pre-alt/current,1,"[""mmke-entity/instructblip-vicuna-7b""]",47.51800000000001,47.112,21.662,0,-6.389127046866172,-2.5110434782608664
all_complete21_variants,main_without_flagged,3,coverage80,all,all,VisEdit-Direct-alt/diagnostic,1,"[""mmke-entity/instructblip-vicuna-7b""]",46.70399999999999,44.436,22.476000000000013,0,-7.203127046866186,-5.187043478260868
all_complete21_variants,main_without_flagged,3,coverage80,dataset,evqa-pilot500,Middle-Prior/raw,0,[],,,,,,
all_complete21_variants,main_without_flagged,3,coverage80,dataset,evqa-pilot500,CMA-alt-v1.3/raw,0,[],,,,,,
all_complete21_variants,main_without_flagged,3,coverage80,dataset,evqa-pilot500,CMA-model_pred/raw,0,[],,,,,,
all_complete21_variants,main_without_flagged,3,coverage80,dataset,evqa-pilot500,Perturb-KL-alt/raw,0,[],,,,,,
all_complete21_variants,main_without_flagged,3,coverage80,dataset,evqa-pilot500,SaLEM-alt/raw,0,[],,,,,,
all_complete21_variants,main_without_flagged,3,coverage80,dataset,evqa-pilot500,LGA-Param/raw,0,[],,,,,,
all_complete21_variants,main_without_flagged,3,coverage80,dataset,evqa-pilot500,LGA-Param/tukey,0,[],,,,,,
all_complete21_variants,main_without_flagged,3,coverage80,dataset,evqa-pilot500,Ours-main/raw,0,[],,,,,,
all_complete21_variants,main_without_flagged,3,coverage80,dataset,evqa-pilot500,Ours-main/tukey,0,[],,,,,,
all_complete21_variants,main_without_flagged,3,coverage80,dataset,evqa-pilot500,Ours-no-direction/raw,0,[],,,,,,
all_complete21_variants,main_without_flagged,3,coverage80,dataset,evqa-pilot500,Ours-no-direction/tukey,0,[],,,,,,
all_complete21_variants,main_without_flagged,3,coverage80,dataset,evqa-pilot500,Ours-no-strength/raw,0,[],,,,,,
all_complete21_variants,main_without_flagged,3,coverage80,dataset,evqa-pilot500,Ours-no-strength/tukey,0,[],,,,,,
all_complete21_variants,main_without_flagged,3,coverage80,dataset,evqa-pilot500,LGA-Visual/raw,0,[],,,,,,
all_complete21_variants,main_without_flagged,3,coverage80,dataset,evqa-pilot500,LGA-Visual/tukey,0,[],,,,,,
all_complete21_variants,main_without_flagged,3,coverage80,dataset,evqa-pilot500,LGA-Visual-no-direction/raw,0,[],,,,,,
all_complete21_variants,main_without_flagged,3,coverage80,dataset,evqa-pilot500,LGA-Visual-no-direction/tukey,0,[],,,,,,
all_complete21_variants,main_without_flagged,3,coverage80,dataset,evqa-pilot500,VisEdit-Pre-alt/current,0,[],,,,,,
all_complete21_variants,main_without_flagged,3,coverage80,dataset,evqa-pilot500,VisEdit-Direct-alt/diagnostic,0,[],,,,,,
all_complete21_variants,main_without_flagged,3,coverage80,dataset,mmke-visual,Middle-Prior/raw,0,[],,,,,,
all_complete21_variants,main_without_flagged,3,coverage80,dataset,mmke-visual,CMA-alt-v1.3/raw,0,[],,,,,,
all_complete21_variants,main_without_flagged,3,coverage80,dataset,mmke-visual,CMA-model_pred/raw,0,[],,,,,,
all_complete21_variants,main_without_flagged,3,coverage80,dataset,mmke-visual,Perturb-KL-alt/raw,0,[],,,,,,
all_complete21_variants,main_without_flagged,3,coverage80,dataset,mmke-visual,SaLEM-alt/raw,0,[],,,,,,
all_complete21_variants,main_without_flagged,3,coverage80,dataset,mmke-visual,LGA-Param/raw,0,[],,,,,,
all_complete21_variants,main_without_flagged,3,coverage80,dataset,mmke-visual,LGA-Param/tukey,0,[],,,,,,
all_complete21_variants,main_without_flagged,3,coverage80,dataset,mmke-visual,Ours-main/raw,0,[],,,,,,
all_complete21_variants,main_without_flagged,3,coverage80,dataset,mmke-visual,Ours-main/tukey,0,[],,,,,,
all_complete21_variants,main_without_flagged,3,coverage80,dataset,mmke-visual,Ours-no-direction/raw,0,[],,,,,,
all_complete21_variants,main_without_flagged,3,coverage80,dataset,mmke-visual,Ours-no-direction/tukey,0,[],,,,,,
all_complete21_variants,main_without_flagged,3,coverage80,dataset,mmke-visual,Ours-no-strength/raw,0,[],,,,,,
all_complete21_variants,main_without_flagged,3,coverage80,dataset,mmke-visual,Ours-no-strength/tukey,0,[],,,,,,
all_complete21_variants,main_without_flagged,3,coverage80,dataset,mmke-visual,LGA-Visual/raw,0,[],,,,,,
all_complete21_variants,main_without_flagged,3,coverage80,dataset,mmke-visual,LGA-Visual/tukey,0,[],,,,,,
all_complete21_variants,main_without_flagged,3,coverage80,dataset,mmke-visual,LGA-Visual-no-direction/raw,0,[],,,,,,
all_complete21_variants,main_without_flagged,3,coverage80,dataset,mmke-visual,LGA-Visual-no-direction/tukey,0,[],,,,,,
all_complete21_variants,main_without_flagged,3,coverage80,dataset,mmke-visual,VisEdit-Pre-alt/current,0,[],,,,,,
all_complete21_variants,main_without_flagged,3,coverage80,dataset,mmke-visual,VisEdit-Direct-alt/diagnostic,0,[],,,,,,
all_complete21_variants,main_without_flagged,3,coverage80,dataset,mmke-entity,Middle-Prior/raw,1,"[""mmke-entity/instructblip-vicuna-7b""]",48.844,48.734,20.336000000000006,0,-5.063127046866178,-0.8890434782608665
all_complete21_variants,main_without_flagged,3,coverage80,dataset,mmke-entity,CMA-alt-v1.3/raw,1,"[""mmke-entity/instructblip-vicuna-7b""]",48.33,47.910000000000004,20.85000000000001,0,-5.577127046866181,-1.7130434782608646
all_complete21_variants,main_without_flagged,3,coverage80,dataset,mmke-entity,CMA-model_pred/raw,1,"[""mmke-entity/instructblip-vicuna-7b""]",48.13,47.74266666666667,21.050000000000004,0,-5.777127046866177,-1.8803768115941963
all_complete21_variants,main_without_flagged,3,coverage80,dataset,mmke-entity,Perturb-KL-alt/raw,1,"[""mmke-entity/instructblip-vicuna-7b""]",50.02,49.03666666666667,19.160000000000004,0,-3.8871270468661763,-0.5863768115941994
all_complete21_variants,main_without_flagged,3,coverage80,dataset,mmke-entity,SaLEM-alt/raw,1,"[""mmke-entity/instructblip-vicuna-7b""]",48.928,48.71666666666667,20.25200000000001,0,-4.979127046866182,-0.9063768115941997
all_complete21_variants,main_without_flagged,3,coverage80,dataset,mmke-entity,LGA-Param/raw,1,"[""mmke-entity/instructblip-vicuna-7b""]",68.32,54.994,0.8600000000000136,0,14.412872953133814,5.3709565217391315
all_complete21_variants,main_without_flagged,3,coverage80,dataset,mmke-entity,LGA-Param/tukey,1,"[""mmke-entity/instructblip-vicuna-7b""]",69.18,55.578,0.0,1,15.272872953133827,5.954956521739135
all_complete21_variants,main_without_flagged,3,coverage80,dataset,mmke-entity,Ours-main/raw,1,"[""mmke-entity/instructblip-vicuna-7b""]",69.18,62.50666666666667,0.0,1,15.272872953133827,12.8836231884058
all_complete21_variants,main_without_flagged,3,coverage80,dataset,mmke-entity,Ours-main/tukey,1,"[""mmke-entity/instructblip-vicuna-7b""]",69.18,62.50666666666667,0.0,1,15.272872953133827,12.8836231884058
all_complete21_variants,main_without_flagged,3,coverage80,dataset,mmke-entity,Ours-no-direction/raw,1,"[""mmke-entity/instructblip-vicuna-7b""]",69.18,62.50666666666667,0.0,1,15.272872953133827,12.8836231884058
all_complete21_variants,main_without_flagged,3,coverage80,dataset,mmke-entity,Ours-no-direction/tukey,1,"[""mmke-entity/instructblip-vicuna-7b""]",69.18,62.50666666666667,0.0,1,15.272872953133827,12.8836231884058
all_complete21_variants,main_without_flagged,3,coverage80,dataset,mmke-entity,Ours-no-strength/raw,1,"[""mmke-entity/instructblip-vicuna-7b""]",46.944,46.71066666666667,22.236000000000004,0,-6.963127046866177,-2.9123768115942
all_complete21_variants,main_without_flagged,3,coverage80,dataset,mmke-entity,Ours-no-strength/tukey,1,"[""mmke-entity/instructblip-vicuna-7b""]",48.33,47.72666666666667,20.85000000000001,0,-5.577127046866181,-1.8963768115942017
all_complete21_variants,main_without_flagged,3,coverage80,dataset,mmke-entity,LGA-Visual/raw,1,"[""mmke-entity/instructblip-vicuna-7b""]",69.18,62.50666666666667,0.0,1,15.272872953133827,12.8836231884058
all_complete21_variants,main_without_flagged,3,coverage80,dataset,mmke-entity,LGA-Visual/tukey,1,"[""mmke-entity/instructblip-vicuna-7b""]",69.18,62.50666666666667,0.0,1,15.272872953133827,12.8836231884058
all_complete21_variants,main_without_flagged,3,coverage80,dataset,mmke-entity,LGA-Visual-no-direction/raw,1,"[""mmke-entity/instructblip-vicuna-7b""]",69.18,62.50666666666667,0.0,1,15.272872953133827,12.8836231884058
all_complete21_variants,main_without_flagged,3,coverage80,dataset,mmke-entity,LGA-Visual-no-direction/tukey,1,"[""mmke-entity/instructblip-vicuna-7b""]",69.18,62.50666666666667,0.0,1,15.272872953133827,12.8836231884058
all_complete21_variants,main_without_flagged,3,coverage80,dataset,mmke-entity,VisEdit-Pre-alt/current,1,"[""mmke-entity/instructblip-vicuna-7b""]",47.51800000000001,47.112,21.662,0,-6.389127046866172,-2.5110434782608664
all_complete21_variants,main_without_flagged,3,coverage80,dataset,mmke-entity,VisEdit-Direct-alt/diagnostic,1,"[""mmke-entity/instructblip-vicuna-7b""]",46.70399999999999,44.436,22.476000000000013,0,-7.203127046866186,-5.187043478260868
all_complete21_variants,main_without_flagged,5,all,all,all,Middle-Prior/raw,0,[],,,,,,
all_complete21_variants,main_without_flagged,5,all,all,all,CMA-alt-v1.3/raw,0,[],,,,,,
all_complete21_variants,main_without_flagged,5,all,all,all,CMA-model_pred/raw,0,[],,,,,,
all_complete21_variants,main_without_flagged,5,all,all,all,Perturb-KL-alt/raw,0,[],,,,,,
all_complete21_variants,main_without_flagged,5,all,all,all,SaLEM-alt/raw,0,[],,,,,,
all_complete21_variants,main_without_flagged,5,all,all,all,LGA-Param/raw,0,[],,,,,,
all_complete21_variants,main_without_flagged,5,all,all,all,LGA-Param/tukey,0,[],,,,,,
all_complete21_variants,main_without_flagged,5,all,all,all,Ours-main/raw,0,[],,,,,,
all_complete21_variants,main_without_flagged,5,all,all,all,Ours-main/tukey,0,[],,,,,,
all_complete21_variants,main_without_flagged,5,all,all,all,Ours-no-direction/raw,0,[],,,,,,
all_complete21_variants,main_without_flagged,5,all,all,all,Ours-no-direction/tukey,0,[],,,,,,
all_complete21_variants,main_without_flagged,5,all,all,all,Ours-no-strength/raw,0,[],,,,,,
all_complete21_variants,main_without_flagged,5,all,all,all,Ours-no-strength/tukey,0,[],,,,,,
all_complete21_variants,main_without_flagged,5,all,all,all,LGA-Visual/raw,0,[],,,,,,
all_complete21_variants,main_without_flagged,5,all,all,all,LGA-Visual/tukey,0,[],,,,,,
all_complete21_variants,main_without_flagged,5,all,all,all,LGA-Visual-no-direction/raw,0,[],,,,,,
all_complete21_variants,main_without_flagged,5,all,all,all,LGA-Visual-no-direction/tukey,0,[],,,,,,
all_complete21_variants,main_without_flagged,5,all,all,all,VisEdit-Pre-alt/current,0,[],,,,,,
all_complete21_variants,main_without_flagged,5,all,all,all,VisEdit-Direct-alt/diagnostic,0,[],,,,,,
all_complete21_variants,main_without_flagged,5,all,dataset,evqa-pilot500,Middle-Prior/raw,0,[],,,,,,
all_complete21_variants,main_without_flagged,5,all,dataset,evqa-pilot500,CMA-alt-v1.3/raw,0,[],,,,,,
all_complete21_variants,main_without_flagged,5,all,dataset,evqa-pilot500,CMA-model_pred/raw,0,[],,,,,,
all_complete21_variants,main_without_flagged,5,all,dataset,evqa-pilot500,Perturb-KL-alt/raw,0,[],,,,,,
all_complete21_variants,main_without_flagged,5,all,dataset,evqa-pilot500,SaLEM-alt/raw,0,[],,,,,,
all_complete21_variants,main_without_flagged,5,all,dataset,evqa-pilot500,LGA-Param/raw,0,[],,,,,,
all_complete21_variants,main_without_flagged,5,all,dataset,evqa-pilot500,LGA-Param/tukey,0,[],,,,,,
all_complete21_variants,main_without_flagged,5,all,dataset,evqa-pilot500,Ours-main/raw,0,[],,,,,,
all_complete21_variants,main_without_flagged,5,all,dataset,evqa-pilot500,Ours-main/tukey,0,[],,,,,,
all_complete21_variants,main_without_flagged,5,all,dataset,evqa-pilot500,Ours-no-direction/raw,0,[],,,,,,
all_complete21_variants,main_without_flagged,5,all,dataset,evqa-pilot500,Ours-no-direction/tukey,0,[],,,,,,
all_complete21_variants,main_without_flagged,5,all,dataset,evqa-pilot500,Ours-no-strength/raw,0,[],,,,,,
all_complete21_variants,main_without_flagged,5,all,dataset,evqa-pilot500,Ours-no-strength/tukey,0,[],,,,,,
all_complete21_variants,main_without_flagged,5,all,dataset,evqa-pilot500,LGA-Visual/raw,0,[],,,,,,
all_complete21_variants,main_without_flagged,5,all,dataset,evqa-pilot500,LGA-Visual/tukey,0,[],,,,,,
all_complete21_variants,main_without_flagged,5,all,dataset,evqa-pilot500,LGA-Visual-no-direction/raw,0,[],,,,,,
all_complete21_variants,main_without_flagged,5,all,dataset,evqa-pilot500,LGA-Visual-no-direction/tukey,0,[],,,,,,
all_complete21_variants,main_without_flagged,5,all,dataset,evqa-pilot500,VisEdit-Pre-alt/current,0,[],,,,,,
all_complete21_variants,main_without_flagged,5,all,dataset,evqa-pilot500,VisEdit-Direct-alt/diagnostic,0,[],,,,,,
all_complete21_variants,main_without_flagged,5,all,dataset,mmke-visual,Middle-Prior/raw,0,[],,,,,,
all_complete21_variants,main_without_flagged,5,all,dataset,mmke-visual,CMA-alt-v1.3/raw,0,[],,,,,,
all_complete21_variants,main_without_flagged,5,all,dataset,mmke-visual,CMA-model_pred/raw,0,[],,,,,,
all_complete21_variants,main_without_flagged,5,all,dataset,mmke-visual,Perturb-KL-alt/raw,0,[],,,,,,
all_complete21_variants,main_without_flagged,5,all,dataset,mmke-visual,SaLEM-alt/raw,0,[],,,,,,
all_complete21_variants,main_without_flagged,5,all,dataset,mmke-visual,LGA-Param/raw,0,[],,,,,,
all_complete21_variants,main_without_flagged,5,all,dataset,mmke-visual,LGA-Param/tukey,0,[],,,,,,
all_complete21_variants,main_without_flagged,5,all,dataset,mmke-visual,Ours-main/raw,0,[],,,,,,
all_complete21_variants,main_without_flagged,5,all,dataset,mmke-visual,Ours-main/tukey,0,[],,,,,,
all_complete21_variants,main_without_flagged,5,all,dataset,mmke-visual,Ours-no-direction/raw,0,[],,,,,,
all_complete21_variants,main_without_flagged,5,all,dataset,mmke-visual,Ours-no-direction/tukey,0,[],,,,,,
all_complete21_variants,main_without_flagged,5,all,dataset,mmke-visual,Ours-no-strength/raw,0,[],,,,,,
all_complete21_variants,main_without_flagged,5,all,dataset,mmke-visual,Ours-no-strength/tukey,0,[],,,,,,
all_complete21_variants,main_without_flagged,5,all,dataset,mmke-visual,LGA-Visual/raw,0,[],,,,,,
all_complete21_variants,main_without_flagged,5,all,dataset,mmke-visual,LGA-Visual/tukey,0,[],,,,,,
all_complete21_variants,main_without_flagged,5,all,dataset,mmke-visual,LGA-Visual-no-direction/raw,0,[],,,,,,
all_complete21_variants,main_without_flagged,5,all,dataset,mmke-visual,LGA-Visual-no-direction/tukey,0,[],,,,,,
all_complete21_variants,main_without_flagged,5,all,dataset,mmke-visual,VisEdit-Pre-alt/current,0,[],,,,,,
all_complete21_variants,main_without_flagged,5,all,dataset,mmke-visual,VisEdit-Direct-alt/diagnostic,0,[],,,,,,
all_complete21_variants,main_without_flagged,5,all,dataset,mmke-entity,Middle-Prior/raw,0,[],,,,,,
all_complete21_variants,main_without_flagged,5,all,dataset,mmke-entity,CMA-alt-v1.3/raw,0,[],,,,,,
all_complete21_variants,main_without_flagged,5,all,dataset,mmke-entity,CMA-model_pred/raw,0,[],,,,,,
all_complete21_variants,main_without_flagged,5,all,dataset,mmke-entity,Perturb-KL-alt/raw,0,[],,,,,,
all_complete21_variants,main_without_flagged,5,all,dataset,mmke-entity,SaLEM-alt/raw,0,[],,,,,,
all_complete21_variants,main_without_flagged,5,all,dataset,mmke-entity,LGA-Param/raw,0,[],,,,,,
all_complete21_variants,main_without_flagged,5,all,dataset,mmke-entity,LGA-Param/tukey,0,[],,,,,,
all_complete21_variants,main_without_flagged,5,all,dataset,mmke-entity,Ours-main/raw,0,[],,,,,,
all_complete21_variants,main_without_flagged,5,all,dataset,mmke-entity,Ours-main/tukey,0,[],,,,,,
all_complete21_variants,main_without_flagged,5,all,dataset,mmke-entity,Ours-no-direction/raw,0,[],,,,,,
all_complete21_variants,main_without_flagged,5,all,dataset,mmke-entity,Ours-no-direction/tukey,0,[],,,,,,
all_complete21_variants,main_without_flagged,5,all,dataset,mmke-entity,Ours-no-strength/raw,0,[],,,,,,
all_complete21_variants,main_without_flagged,5,all,dataset,mmke-entity,Ours-no-strength/tukey,0,[],,,,,,
all_complete21_variants,main_without_flagged,5,all,dataset,mmke-entity,LGA-Visual/raw,0,[],,,,,,
all_complete21_variants,main_without_flagged,5,all,dataset,mmke-entity,LGA-Visual/tukey,0,[],,,,,,
all_complete21_variants,main_without_flagged,5,all,dataset,mmke-entity,LGA-Visual-no-direction/raw,0,[],,,,,,
all_complete21_variants,main_without_flagged,5,all,dataset,mmke-entity,LGA-Visual-no-direction/tukey,0,[],,,,,,
all_complete21_variants,main_without_flagged,5,all,dataset,mmke-entity,VisEdit-Pre-alt/current,0,[],,,,,,
all_complete21_variants,main_without_flagged,5,all,dataset,mmke-entity,VisEdit-Direct-alt/diagnostic,0,[],,,,,,
all_complete21_variants,main_without_flagged,5,coverage80,all,all,Middle-Prior/raw,0,[],,,,,,
all_complete21_variants,main_without_flagged,5,coverage80,all,all,CMA-alt-v1.3/raw,0,[],,,,,,
all_complete21_variants,main_without_flagged,5,coverage80,all,all,CMA-model_pred/raw,0,[],,,,,,
all_complete21_variants,main_without_flagged,5,coverage80,all,all,Perturb-KL-alt/raw,0,[],,,,,,
all_complete21_variants,main_without_flagged,5,coverage80,all,all,SaLEM-alt/raw,0,[],,,,,,
all_complete21_variants,main_without_flagged,5,coverage80,all,all,LGA-Param/raw,0,[],,,,,,
all_complete21_variants,main_without_flagged,5,coverage80,all,all,LGA-Param/tukey,0,[],,,,,,
all_complete21_variants,main_without_flagged,5,coverage80,all,all,Ours-main/raw,0,[],,,,,,
all_complete21_variants,main_without_flagged,5,coverage80,all,all,Ours-main/tukey,0,[],,,,,,
all_complete21_variants,main_without_flagged,5,coverage80,all,all,Ours-no-direction/raw,0,[],,,,,,
all_complete21_variants,main_without_flagged,5,coverage80,all,all,Ours-no-direction/tukey,0,[],,,,,,
all_complete21_variants,main_without_flagged,5,coverage80,all,all,Ours-no-strength/raw,0,[],,,,,,
all_complete21_variants,main_without_flagged,5,coverage80,all,all,Ours-no-strength/tukey,0,[],,,,,,
all_complete21_variants,main_without_flagged,5,coverage80,all,all,LGA-Visual/raw,0,[],,,,,,
all_complete21_variants,main_without_flagged,5,coverage80,all,all,LGA-Visual/tukey,0,[],,,,,,
all_complete21_variants,main_without_flagged,5,coverage80,all,all,LGA-Visual-no-direction/raw,0,[],,,,,,
all_complete21_variants,main_without_flagged,5,coverage80,all,all,LGA-Visual-no-direction/tukey,0,[],,,,,,
all_complete21_variants,main_without_flagged,5,coverage80,all,all,VisEdit-Pre-alt/current,0,[],,,,,,
all_complete21_variants,main_without_flagged,5,coverage80,all,all,VisEdit-Direct-alt/diagnostic,0,[],,,,,,
all_complete21_variants,main_without_flagged,5,coverage80,dataset,evqa-pilot500,Middle-Prior/raw,0,[],,,,,,
all_complete21_variants,main_without_flagged,5,coverage80,dataset,evqa-pilot500,CMA-alt-v1.3/raw,0,[],,,,,,
all_complete21_variants,main_without_flagged,5,coverage80,dataset,evqa-pilot500,CMA-model_pred/raw,0,[],,,,,,
all_complete21_variants,main_without_flagged,5,coverage80,dataset,evqa-pilot500,Perturb-KL-alt/raw,0,[],,,,,,
all_complete21_variants,main_without_flagged,5,coverage80,dataset,evqa-pilot500,SaLEM-alt/raw,0,[],,,,,,
all_complete21_variants,main_without_flagged,5,coverage80,dataset,evqa-pilot500,LGA-Param/raw,0,[],,,,,,
all_complete21_variants,main_without_flagged,5,coverage80,dataset,evqa-pilot500,LGA-Param/tukey,0,[],,,,,,
all_complete21_variants,main_without_flagged,5,coverage80,dataset,evqa-pilot500,Ours-main/raw,0,[],,,,,,
all_complete21_variants,main_without_flagged,5,coverage80,dataset,evqa-pilot500,Ours-main/tukey,0,[],,,,,,
all_complete21_variants,main_without_flagged,5,coverage80,dataset,evqa-pilot500,Ours-no-direction/raw,0,[],,,,,,
all_complete21_variants,main_without_flagged,5,coverage80,dataset,evqa-pilot500,Ours-no-direction/tukey,0,[],,,,,,
all_complete21_variants,main_without_flagged,5,coverage80,dataset,evqa-pilot500,Ours-no-strength/raw,0,[],,,,,,
all_complete21_variants,main_without_flagged,5,coverage80,dataset,evqa-pilot500,Ours-no-strength/tukey,0,[],,,,,,
all_complete21_variants,main_without_flagged,5,coverage80,dataset,evqa-pilot500,LGA-Visual/raw,0,[],,,,,,
all_complete21_variants,main_without_flagged,5,coverage80,dataset,evqa-pilot500,LGA-Visual/tukey,0,[],,,,,,
all_complete21_variants,main_without_flagged,5,coverage80,dataset,evqa-pilot500,LGA-Visual-no-direction/raw,0,[],,,,,,
all_complete21_variants,main_without_flagged,5,coverage80,dataset,evqa-pilot500,LGA-Visual-no-direction/tukey,0,[],,,,,,
all_complete21_variants,main_without_flagged,5,coverage80,dataset,evqa-pilot500,VisEdit-Pre-alt/current,0,[],,,,,,
all_complete21_variants,main_without_flagged,5,coverage80,dataset,evqa-pilot500,VisEdit-Direct-alt/diagnostic,0,[],,,,,,
all_complete21_variants,main_without_flagged,5,coverage80,dataset,mmke-visual,Middle-Prior/raw,0,[],,,,,,
all_complete21_variants,main_without_flagged,5,coverage80,dataset,mmke-visual,CMA-alt-v1.3/raw,0,[],,,,,,
all_complete21_variants,main_without_flagged,5,coverage80,dataset,mmke-visual,CMA-model_pred/raw,0,[],,,,,,
all_complete21_variants,main_without_flagged,5,coverage80,dataset,mmke-visual,Perturb-KL-alt/raw,0,[],,,,,,
all_complete21_variants,main_without_flagged,5,coverage80,dataset,mmke-visual,SaLEM-alt/raw,0,[],,,,,,
all_complete21_variants,main_without_flagged,5,coverage80,dataset,mmke-visual,LGA-Param/raw,0,[],,,,,,
all_complete21_variants,main_without_flagged,5,coverage80,dataset,mmke-visual,LGA-Param/tukey,0,[],,,,,,
all_complete21_variants,main_without_flagged,5,coverage80,dataset,mmke-visual,Ours-main/raw,0,[],,,,,,
all_complete21_variants,main_without_flagged,5,coverage80,dataset,mmke-visual,Ours-main/tukey,0,[],,,,,,
all_complete21_variants,main_without_flagged,5,coverage80,dataset,mmke-visual,Ours-no-direction/raw,0,[],,,,,,
all_complete21_variants,main_without_flagged,5,coverage80,dataset,mmke-visual,Ours-no-direction/tukey,0,[],,,,,,
all_complete21_variants,main_without_flagged,5,coverage80,dataset,mmke-visual,Ours-no-strength/raw,0,[],,,,,,
all_complete21_variants,main_without_flagged,5,coverage80,dataset,mmke-visual,Ours-no-strength/tukey,0,[],,,,,,
all_complete21_variants,main_without_flagged,5,coverage80,dataset,mmke-visual,LGA-Visual/raw,0,[],,,,,,
all_complete21_variants,main_without_flagged,5,coverage80,dataset,mmke-visual,LGA-Visual/tukey,0,[],,,,,,
all_complete21_variants,main_without_flagged,5,coverage80,dataset,mmke-visual,LGA-Visual-no-direction/raw,0,[],,,,,,
all_complete21_variants,main_without_flagged,5,coverage80,dataset,mmke-visual,LGA-Visual-no-direction/tukey,0,[],,,,,,
all_complete21_variants,main_without_flagged,5,coverage80,dataset,mmke-visual,VisEdit-Pre-alt/current,0,[],,,,,,
all_complete21_variants,main_without_flagged,5,coverage80,dataset,mmke-visual,VisEdit-Direct-alt/diagnostic,0,[],,,,,,
all_complete21_variants,main_without_flagged,5,coverage80,dataset,mmke-entity,Middle-Prior/raw,0,[],,,,,,
all_complete21_variants,main_without_flagged,5,coverage80,dataset,mmke-entity,CMA-alt-v1.3/raw,0,[],,,,,,
all_complete21_variants,main_without_flagged,5,coverage80,dataset,mmke-entity,CMA-model_pred/raw,0,[],,,,,,
all_complete21_variants,main_without_flagged,5,coverage80,dataset,mmke-entity,Perturb-KL-alt/raw,0,[],,,,,,
all_complete21_variants,main_without_flagged,5,coverage80,dataset,mmke-entity,SaLEM-alt/raw,0,[],,,,,,
all_complete21_variants,main_without_flagged,5,coverage80,dataset,mmke-entity,LGA-Param/raw,0,[],,,,,,
all_complete21_variants,main_without_flagged,5,coverage80,dataset,mmke-entity,LGA-Param/tukey,0,[],,,,,,
all_complete21_variants,main_without_flagged,5,coverage80,dataset,mmke-entity,Ours-main/raw,0,[],,,,,,
all_complete21_variants,main_without_flagged,5,coverage80,dataset,mmke-entity,Ours-main/tukey,0,[],,,,,,
all_complete21_variants,main_without_flagged,5,coverage80,dataset,mmke-entity,Ours-no-direction/raw,0,[],,,,,,
all_complete21_variants,main_without_flagged,5,coverage80,dataset,mmke-entity,Ours-no-direction/tukey,0,[],,,,,,
all_complete21_variants,main_without_flagged,5,coverage80,dataset,mmke-entity,Ours-no-strength/raw,0,[],,,,,,
all_complete21_variants,main_without_flagged,5,coverage80,dataset,mmke-entity,Ours-no-strength/tukey,0,[],,,,,,
all_complete21_variants,main_without_flagged,5,coverage80,dataset,mmke-entity,LGA-Visual/raw,0,[],,,,,,
all_complete21_variants,main_without_flagged,5,coverage80,dataset,mmke-entity,LGA-Visual/tukey,0,[],,,,,,
all_complete21_variants,main_without_flagged,5,coverage80,dataset,mmke-entity,LGA-Visual-no-direction/raw,0,[],,,,,,
all_complete21_variants,main_without_flagged,5,coverage80,dataset,mmke-entity,LGA-Visual-no-direction/tukey,0,[],,,,,,
all_complete21_variants,main_without_flagged,5,coverage80,dataset,mmke-entity,VisEdit-Pre-alt/current,0,[],,,,,,
all_complete21_variants,main_without_flagged,5,coverage80,dataset,mmke-entity,VisEdit-Direct-alt/diagnostic,0,[],,,,,,
all_complete21_variants,verified50_main,1,all,all,all,Middle-Prior/raw,3,"[""evqa-pilot500/minigpt-4-vicuna-7b"", ""evqa-pilot500/llava-v1.5-7b"", ""mmke-visual/instructblip-vicuna-7b""]",58.22866666666667,58.22866666666667,14.59066666666667,0,-0.3383926767676755,-0.3383926767676755
all_complete21_variants,verified50_main,1,all,all,all,CMA-alt-v1.3/raw,3,"[""evqa-pilot500/minigpt-4-vicuna-7b"", ""evqa-pilot500/llava-v1.5-7b"", ""mmke-visual/instructblip-vicuna-7b""]",59.342666666666666,59.342666666666666,13.476666666666674,0,0.7756073232323194,0.7756073232323194
all_complete21_variants,verified50_main,1,all,all,all,CMA-model_pred/raw,3,"[""evqa-pilot500/minigpt-4-vicuna-7b"", ""evqa-pilot500/llava-v1.5-7b"", ""mmke-visual/instructblip-vicuna-7b""]",62.866,62.866,9.953333333333338,0,4.298940656565655,4.298940656565655
all_complete21_variants,verified50_main,1,all,all,all,Perturb-KL-alt/raw,3,"[""evqa-pilot500/minigpt-4-vicuna-7b"", ""evqa-pilot500/llava-v1.5-7b"", ""mmke-visual/instructblip-vicuna-7b""]",56.332,56.332,16.48733333333334,0,-2.235059343434346,-2.235059343434346
all_complete21_variants,verified50_main,1,all,all,all,SaLEM-alt/raw,3,"[""evqa-pilot500/minigpt-4-vicuna-7b"", ""evqa-pilot500/llava-v1.5-7b"", ""mmke-visual/instructblip-vicuna-7b""]",59.114,59.114,13.705333333333341,0,0.5469406565656527,0.5469406565656527
all_complete21_variants,verified50_main,1,all,all,all,LGA-Param/raw,3,"[""evqa-pilot500/minigpt-4-vicuna-7b"", ""evqa-pilot500/llava-v1.5-7b"", ""mmke-visual/instructblip-vicuna-7b""]",57.20733333333333,57.20733333333333,15.612000000000004,0,-1.3597260101010111,-1.3597260101010111
all_complete21_variants,verified50_main,1,all,all,all,LGA-Param/tukey,3,"[""evqa-pilot500/minigpt-4-vicuna-7b"", ""evqa-pilot500/llava-v1.5-7b"", ""mmke-visual/instructblip-vicuna-7b""]",57.224,57.224,15.595333333333338,0,-1.3430593434343454,-1.3430593434343454
all_complete21_variants,verified50_main,1,all,all,all,Ours-main/raw,3,"[""evqa-pilot500/minigpt-4-vicuna-7b"", ""evqa-pilot500/llava-v1.5-7b"", ""mmke-visual/instructblip-vicuna-7b""]",63.44266666666667,63.44266666666667,9.37666666666667,0,4.875607323232323,4.875607323232323
all_complete21_variants,verified50_main,1,all,all,all,Ours-main/tukey,3,"[""evqa-pilot500/minigpt-4-vicuna-7b"", ""evqa-pilot500/llava-v1.5-7b"", ""mmke-visual/instructblip-vicuna-7b""]",63.44266666666667,63.44266666666667,9.37666666666667,0,4.875607323232323,4.875607323232323
all_complete21_variants,verified50_main,1,all,all,all,Ours-no-direction/raw,3,"[""evqa-pilot500/minigpt-4-vicuna-7b"", ""evqa-pilot500/llava-v1.5-7b"", ""mmke-visual/instructblip-vicuna-7b""]",62.866,62.866,9.953333333333338,0,4.298940656565655,4.298940656565655
all_complete21_variants,verified50_main,1,all,all,all,Ours-no-direction/tukey,3,"[""evqa-pilot500/minigpt-4-vicuna-7b"", ""evqa-pilot500/llava-v1.5-7b"", ""mmke-visual/instructblip-vicuna-7b""]",62.866,62.866,9.953333333333338,0,4.298940656565655,4.298940656565655
all_complete21_variants,verified50_main,1,all,all,all,Ours-no-strength/raw,3,"[""evqa-pilot500/minigpt-4-vicuna-7b"", ""evqa-pilot500/llava-v1.5-7b"", ""mmke-visual/instructblip-vicuna-7b""]",53.946666666666665,53.946666666666665,18.872666666666674,0,-4.620392676767682,-4.620392676767682
all_complete21_variants,verified50_main,1,all,all,all,Ours-no-strength/tukey,3,"[""evqa-pilot500/minigpt-4-vicuna-7b"", ""evqa-pilot500/llava-v1.5-7b"", ""mmke-visual/instructblip-vicuna-7b""]",56.245999999999995,56.245999999999995,16.57333333333334,0,-2.321059343434347,-2.321059343434347
all_complete21_variants,verified50_main,1,all,all,all,LGA-Visual/raw,3,"[""evqa-pilot500/minigpt-4-vicuna-7b"", ""evqa-pilot500/llava-v1.5-7b"", ""mmke-visual/instructblip-vicuna-7b""]",65.79666666666667,65.79666666666667,7.022666666666673,0,7.22960732323232,7.22960732323232
all_complete21_variants,verified50_main,1,all,all,all,LGA-Visual/tukey,3,"[""evqa-pilot500/minigpt-4-vicuna-7b"", ""evqa-pilot500/llava-v1.5-7b"", ""mmke-visual/instructblip-vicuna-7b""]",62.638666666666666,62.638666666666666,10.180666666666669,0,4.071607323232324,4.071607323232324
all_complete21_variants,verified50_main,1,all,all,all,LGA-Visual-no-direction/raw,3,"[""evqa-pilot500/minigpt-4-vicuna-7b"", ""evqa-pilot500/llava-v1.5-7b"", ""mmke-visual/instructblip-vicuna-7b""]",65.56866666666667,65.56866666666667,7.25066666666667,0,7.0016073232323235,7.0016073232323235
all_complete21_variants,verified50_main,1,all,all,all,LGA-Visual-no-direction/tukey,3,"[""evqa-pilot500/minigpt-4-vicuna-7b"", ""evqa-pilot500/llava-v1.5-7b"", ""mmke-visual/instructblip-vicuna-7b""]",65.56866666666667,65.56866666666667,7.25066666666667,0,7.0016073232323235,7.0016073232323235
all_complete21_variants,verified50_main,1,all,all,all,VisEdit-Pre-alt/current,3,"[""evqa-pilot500/minigpt-4-vicuna-7b"", ""evqa-pilot500/llava-v1.5-7b"", ""mmke-visual/instructblip-vicuna-7b""]",56.028,56.028,16.791333333333338,0,-2.5390593434343436,-2.5390593434343436
all_complete21_variants,verified50_main,1,all,all,all,VisEdit-Direct-alt/diagnostic,3,"[""evqa-pilot500/minigpt-4-vicuna-7b"", ""evqa-pilot500/llava-v1.5-7b"", ""mmke-visual/instructblip-vicuna-7b""]",54.12,54.12,18.69933333333334,0,-4.447059343434347,-4.447059343434347
all_complete21_variants,verified50_main,1,all,dataset,evqa-pilot500,Middle-Prior/raw,2,"[""evqa-pilot500/minigpt-4-vicuna-7b"", ""evqa-pilot500/llava-v1.5-7b""]",62.35,62.35,11.232,0,0.29722916666666777,0.29722916666666777
all_complete21_variants,verified50_main,1,all,dataset,evqa-pilot500,CMA-alt-v1.3/raw,2,"[""evqa-pilot500/minigpt-4-vicuna-7b"", ""evqa-pilot500/llava-v1.5-7b""]",63.775999999999996,63.775999999999996,9.806000000000004,0,1.7232291666666626,1.7232291666666626
all_complete21_variants,verified50_main,1,all,dataset,evqa-pilot500,CMA-model_pred/raw,2,"[""evqa-pilot500/minigpt-4-vicuna-7b"", ""evqa-pilot500/llava-v1.5-7b""]",59.159,59.159,14.423000000000002,0,-2.8937708333333347,-2.8937708333333347
all_complete21_variants,verified50_main,1,all,dataset,evqa-pilot500,Perturb-KL-alt/raw,2,"[""evqa-pilot500/minigpt-4-vicuna-7b"", ""evqa-pilot500/llava-v1.5-7b""]",59.159,59.159,14.423000000000002,0,-2.8937708333333347,-2.8937708333333347
all_complete21_variants,verified50_main,1,all,dataset,evqa-pilot500,SaLEM-alt/raw,2,"[""evqa-pilot500/minigpt-4-vicuna-7b"", ""evqa-pilot500/llava-v1.5-7b""]",63.426,63.426,10.156000000000002,0,1.3732291666666647,1.3732291666666647
all_complete21_variants,verified50_main,1,all,dataset,evqa-pilot500,LGA-Param/raw,2,"[""evqa-pilot500/minigpt-4-vicuna-7b"", ""evqa-pilot500/llava-v1.5-7b""]",60.472,60.472,13.11,0,-1.5807708333333323,-1.5807708333333323
all_complete21_variants,verified50_main,1,all,dataset,evqa-pilot500,LGA-Param/tukey,2,"[""evqa-pilot500/minigpt-4-vicuna-7b"", ""evqa-pilot500/llava-v1.5-7b""]",60.472,60.472,13.11,0,-1.5807708333333323,-1.5807708333333323
all_complete21_variants,verified50_main,1,all,dataset,evqa-pilot500,Ours-main/raw,2,"[""evqa-pilot500/minigpt-4-vicuna-7b"", ""evqa-pilot500/llava-v1.5-7b""]",60.024,60.024,13.558,0,-2.0287708333333327,-2.0287708333333327
all_complete21_variants,verified50_main,1,all,dataset,evqa-pilot500,Ours-main/tukey,2,"[""evqa-pilot500/minigpt-4-vicuna-7b"", ""evqa-pilot500/llava-v1.5-7b""]",60.024,60.024,13.558,0,-2.0287708333333327,-2.0287708333333327
all_complete21_variants,verified50_main,1,all,dataset,evqa-pilot500,Ours-no-direction/raw,2,"[""evqa-pilot500/minigpt-4-vicuna-7b"", ""evqa-pilot500/llava-v1.5-7b""]",59.159,59.159,14.423000000000002,0,-2.8937708333333347,-2.8937708333333347
all_complete21_variants,verified50_main,1,all,dataset,evqa-pilot500,Ours-no-direction/tukey,2,"[""evqa-pilot500/minigpt-4-vicuna-7b"", ""evqa-pilot500/llava-v1.5-7b""]",59.159,59.159,14.423000000000002,0,-2.8937708333333347,-2.8937708333333347
all_complete21_variants,verified50_main,1,all,dataset,evqa-pilot500,Ours-no-strength/raw,2,"[""evqa-pilot500/minigpt-4-vicuna-7b"", ""evqa-pilot500/llava-v1.5-7b""]",57.54299999999999,57.54299999999999,16.039000000000005,0,-4.509770833333338,-4.509770833333338
all_complete21_variants,verified50_main,1,all,dataset,evqa-pilot500,Ours-no-strength/tukey,2,"[""evqa-pilot500/minigpt-4-vicuna-7b"", ""evqa-pilot500/llava-v1.5-7b""]",59.364999999999995,59.364999999999995,14.217000000000002,0,-2.687770833333335,-2.687770833333335
all_complete21_variants,verified50_main,1,all,dataset,evqa-pilot500,LGA-Visual/raw,2,"[""evqa-pilot500/minigpt-4-vicuna-7b"", ""evqa-pilot500/llava-v1.5-7b""]",63.55499999999999,63.55499999999999,10.027000000000005,0,1.5022291666666625,1.5022291666666625
all_complete21_variants,verified50_main,1,all,dataset,evqa-pilot500,LGA-Visual/tukey,2,"[""evqa-pilot500/minigpt-4-vicuna-7b"", ""evqa-pilot500/llava-v1.5-7b""]",58.818,58.818,14.764,0,-3.2347708333333323,-3.2347708333333323
all_complete21_variants,verified50_main,1,all,dataset,evqa-pilot500,LGA-Visual-no-direction/raw,2,"[""evqa-pilot500/minigpt-4-vicuna-7b"", ""evqa-pilot500/llava-v1.5-7b""]",63.213,63.213,10.369,0,1.1602291666666673,1.1602291666666673
all_complete21_variants,verified50_main,1,all,dataset,evqa-pilot500,LGA-Visual-no-direction/tukey,2,"[""evqa-pilot500/minigpt-4-vicuna-7b"", ""evqa-pilot500/llava-v1.5-7b""]",63.213,63.213,10.369,0,1.1602291666666673,1.1602291666666673
all_complete21_variants,verified50_main,1,all,dataset,evqa-pilot500,VisEdit-Pre-alt/current,2,"[""evqa-pilot500/minigpt-4-vicuna-7b"", ""evqa-pilot500/llava-v1.5-7b""]",59.059000000000005,59.059000000000005,14.522999999999996,0,-2.993770833333329,-2.993770833333329
all_complete21_variants,verified50_main,1,all,dataset,evqa-pilot500,VisEdit-Direct-alt/diagnostic,2,"[""evqa-pilot500/minigpt-4-vicuna-7b"", ""evqa-pilot500/llava-v1.5-7b""]",57.803,57.803,15.779000000000003,0,-4.249770833333336,-4.249770833333336
all_complete21_variants,verified50_main,1,all,dataset,mmke-visual,Middle-Prior/raw,1,"[""mmke-visual/instructblip-vicuna-7b""]",49.986000000000004,49.986000000000004,21.308000000000007,0,-1.609636363636362,-1.609636363636362
all_complete21_variants,verified50_main,1,all,dataset,mmke-visual,CMA-alt-v1.3/raw,1,"[""mmke-visual/instructblip-vicuna-7b""]",50.476,50.476,20.818000000000012,0,-1.119636363636367,-1.119636363636367
all_complete21_variants,verified50_main,1,all,dataset,mmke-visual,CMA-model_pred/raw,1,"[""mmke-visual/instructblip-vicuna-7b""]",70.28,70.28,1.01400000000001,0,18.684363636363635,18.684363636363635
all_complete21_variants,verified50_main,1,all,dataset,mmke-visual,Perturb-KL-alt/raw,1,"[""mmke-visual/instructblip-vicuna-7b""]",50.678,50.678,20.616000000000014,0,-0.9176363636363689,-0.9176363636363689
all_complete21_variants,verified50_main,1,all,dataset,mmke-visual,SaLEM-alt/raw,1,"[""mmke-visual/instructblip-vicuna-7b""]",50.489999999999995,50.489999999999995,20.804000000000016,0,-1.1056363636363713,-1.1056363636363713
all_complete21_variants,verified50_main,1,all,dataset,mmke-visual,LGA-Param/raw,1,"[""mmke-visual/instructblip-vicuna-7b""]",50.678,50.678,20.616000000000014,0,-0.9176363636363689,-0.9176363636363689
all_complete21_variants,verified50_main,1,all,dataset,mmke-visual,LGA-Param/tukey,1,"[""mmke-visual/instructblip-vicuna-7b""]",50.727999999999994,50.727999999999994,20.566000000000017,0,-0.8676363636363718,-0.8676363636363718
all_complete21_variants,verified50_main,1,all,dataset,mmke-visual,Ours-main/raw,1,"[""mmke-visual/instructblip-vicuna-7b""]",70.28,70.28,1.01400000000001,0,18.684363636363635,18.684363636363635
all_complete21_variants,verified50_main,1,all,dataset,mmke-visual,Ours-main/tukey,1,"[""mmke-visual/instructblip-vicuna-7b""]",70.28,70.28,1.01400000000001,0,18.684363636363635,18.684363636363635
all_complete21_variants,verified50_main,1,all,dataset,mmke-visual,Ours-no-direction/raw,1,"[""mmke-visual/instructblip-vicuna-7b""]",70.28,70.28,1.01400000000001,0,18.684363636363635,18.684363636363635
all_complete21_variants,verified50_main,1,all,dataset,mmke-visual,Ours-no-direction/tukey,1,"[""mmke-visual/instructblip-vicuna-7b""]",70.28,70.28,1.01400000000001,0,18.684363636363635,18.684363636363635
all_complete21_variants,verified50_main,1,all,dataset,mmke-visual,Ours-no-strength/raw,1,"[""mmke-visual/instructblip-vicuna-7b""]",46.754,46.754,24.540000000000013,0,-4.841636363636368,-4.841636363636368
all_complete21_variants,verified50_main,1,all,dataset,mmke-visual,Ours-no-strength/tukey,1,"[""mmke-visual/instructblip-vicuna-7b""]",50.007999999999996,50.007999999999996,21.286000000000016,0,-1.5876363636363706,-1.5876363636363706
all_complete21_variants,verified50_main,1,all,dataset,mmke-visual,LGA-Visual/raw,1,"[""mmke-visual/instructblip-vicuna-7b""]",70.28,70.28,1.01400000000001,0,18.684363636363635,18.684363636363635
all_complete21_variants,verified50_main,1,all,dataset,mmke-visual,LGA-Visual/tukey,1,"[""mmke-visual/instructblip-vicuna-7b""]",70.28,70.28,1.01400000000001,0,18.684363636363635,18.684363636363635
all_complete21_variants,verified50_main,1,all,dataset,mmke-visual,LGA-Visual-no-direction/raw,1,"[""mmke-visual/instructblip-vicuna-7b""]",70.28,70.28,1.01400000000001,0,18.684363636363635,18.684363636363635
all_complete21_variants,verified50_main,1,all,dataset,mmke-visual,LGA-Visual-no-direction/tukey,1,"[""mmke-visual/instructblip-vicuna-7b""]",70.28,70.28,1.01400000000001,0,18.684363636363635,18.684363636363635
all_complete21_variants,verified50_main,1,all,dataset,mmke-visual,VisEdit-Pre-alt/current,1,"[""mmke-visual/instructblip-vicuna-7b""]",49.965999999999994,49.965999999999994,21.328000000000017,0,-1.6296363636363722,-1.6296363636363722
all_complete21_variants,verified50_main,1,all,dataset,mmke-visual,VisEdit-Direct-alt/diagnostic,1,"[""mmke-visual/instructblip-vicuna-7b""]",46.754,46.754,24.540000000000013,0,-4.841636363636368,-4.841636363636368
all_complete21_variants,verified50_main,1,all,dataset,mmke-entity,Middle-Prior/raw,0,[],,,,,,
all_complete21_variants,verified50_main,1,all,dataset,mmke-entity,CMA-alt-v1.3/raw,0,[],,,,,,
all_complete21_variants,verified50_main,1,all,dataset,mmke-entity,CMA-model_pred/raw,0,[],,,,,,
all_complete21_variants,verified50_main,1,all,dataset,mmke-entity,Perturb-KL-alt/raw,0,[],,,,,,
all_complete21_variants,verified50_main,1,all,dataset,mmke-entity,SaLEM-alt/raw,0,[],,,,,,
all_complete21_variants,verified50_main,1,all,dataset,mmke-entity,LGA-Param/raw,0,[],,,,,,
all_complete21_variants,verified50_main,1,all,dataset,mmke-entity,LGA-Param/tukey,0,[],,,,,,
all_complete21_variants,verified50_main,1,all,dataset,mmke-entity,Ours-main/raw,0,[],,,,,,
all_complete21_variants,verified50_main,1,all,dataset,mmke-entity,Ours-main/tukey,0,[],,,,,,
all_complete21_variants,verified50_main,1,all,dataset,mmke-entity,Ours-no-direction/raw,0,[],,,,,,
all_complete21_variants,verified50_main,1,all,dataset,mmke-entity,Ours-no-direction/tukey,0,[],,,,,,
all_complete21_variants,verified50_main,1,all,dataset,mmke-entity,Ours-no-strength/raw,0,[],,,,,,
all_complete21_variants,verified50_main,1,all,dataset,mmke-entity,Ours-no-strength/tukey,0,[],,,,,,
all_complete21_variants,verified50_main,1,all,dataset,mmke-entity,LGA-Visual/raw,0,[],,,,,,
all_complete21_variants,verified50_main,1,all,dataset,mmke-entity,LGA-Visual/tukey,0,[],,,,,,
all_complete21_variants,verified50_main,1,all,dataset,mmke-entity,LGA-Visual-no-direction/raw,0,[],,,,,,
all_complete21_variants,verified50_main,1,all,dataset,mmke-entity,LGA-Visual-no-direction/tukey,0,[],,,,,,
all_complete21_variants,verified50_main,1,all,dataset,mmke-entity,VisEdit-Pre-alt/current,0,[],,,,,,
all_complete21_variants,verified50_main,1,all,dataset,mmke-entity,VisEdit-Direct-alt/diagnostic,0,[],,,,,,
all_complete21_variants,verified50_main,1,coverage80,all,all,Middle-Prior/raw,1,"[""mmke-visual/instructblip-vicuna-7b""]",49.986000000000004,49.986000000000004,21.308000000000007,0,-1.609636363636362,-1.609636363636362
all_complete21_variants,verified50_main,1,coverage80,all,all,CMA-alt-v1.3/raw,1,"[""mmke-visual/instructblip-vicuna-7b""]",50.476,50.476,20.818000000000012,0,-1.119636363636367,-1.119636363636367
all_complete21_variants,verified50_main,1,coverage80,all,all,CMA-model_pred/raw,1,"[""mmke-visual/instructblip-vicuna-7b""]",70.28,70.28,1.01400000000001,0,18.684363636363635,18.684363636363635
all_complete21_variants,verified50_main,1,coverage80,all,all,Perturb-KL-alt/raw,1,"[""mmke-visual/instructblip-vicuna-7b""]",50.678,50.678,20.616000000000014,0,-0.9176363636363689,-0.9176363636363689
all_complete21_variants,verified50_main,1,coverage80,all,all,SaLEM-alt/raw,1,"[""mmke-visual/instructblip-vicuna-7b""]",50.489999999999995,50.489999999999995,20.804000000000016,0,-1.1056363636363713,-1.1056363636363713
all_complete21_variants,verified50_main,1,coverage80,all,all,LGA-Param/raw,1,"[""mmke-visual/instructblip-vicuna-7b""]",50.678,50.678,20.616000000000014,0,-0.9176363636363689,-0.9176363636363689
all_complete21_variants,verified50_main,1,coverage80,all,all,LGA-Param/tukey,1,"[""mmke-visual/instructblip-vicuna-7b""]",50.727999999999994,50.727999999999994,20.566000000000017,0,-0.8676363636363718,-0.8676363636363718
all_complete21_variants,verified50_main,1,coverage80,all,all,Ours-main/raw,1,"[""mmke-visual/instructblip-vicuna-7b""]",70.28,70.28,1.01400000000001,0,18.684363636363635,18.684363636363635
all_complete21_variants,verified50_main,1,coverage80,all,all,Ours-main/tukey,1,"[""mmke-visual/instructblip-vicuna-7b""]",70.28,70.28,1.01400000000001,0,18.684363636363635,18.684363636363635
all_complete21_variants,verified50_main,1,coverage80,all,all,Ours-no-direction/raw,1,"[""mmke-visual/instructblip-vicuna-7b""]",70.28,70.28,1.01400000000001,0,18.684363636363635,18.684363636363635
all_complete21_variants,verified50_main,1,coverage80,all,all,Ours-no-direction/tukey,1,"[""mmke-visual/instructblip-vicuna-7b""]",70.28,70.28,1.01400000000001,0,18.684363636363635,18.684363636363635
all_complete21_variants,verified50_main,1,coverage80,all,all,Ours-no-strength/raw,1,"[""mmke-visual/instructblip-vicuna-7b""]",46.754,46.754,24.540000000000013,0,-4.841636363636368,-4.841636363636368
all_complete21_variants,verified50_main,1,coverage80,all,all,Ours-no-strength/tukey,1,"[""mmke-visual/instructblip-vicuna-7b""]",50.007999999999996,50.007999999999996,21.286000000000016,0,-1.5876363636363706,-1.5876363636363706
all_complete21_variants,verified50_main,1,coverage80,all,all,LGA-Visual/raw,1,"[""mmke-visual/instructblip-vicuna-7b""]",70.28,70.28,1.01400000000001,0,18.684363636363635,18.684363636363635
all_complete21_variants,verified50_main,1,coverage80,all,all,LGA-Visual/tukey,1,"[""mmke-visual/instructblip-vicuna-7b""]",70.28,70.28,1.01400000000001,0,18.684363636363635,18.684363636363635
all_complete21_variants,verified50_main,1,coverage80,all,all,LGA-Visual-no-direction/raw,1,"[""mmke-visual/instructblip-vicuna-7b""]",70.28,70.28,1.01400000000001,0,18.684363636363635,18.684363636363635
all_complete21_variants,verified50_main,1,coverage80,all,all,LGA-Visual-no-direction/tukey,1,"[""mmke-visual/instructblip-vicuna-7b""]",70.28,70.28,1.01400000000001,0,18.684363636363635,18.684363636363635
all_complete21_variants,verified50_main,1,coverage80,all,all,VisEdit-Pre-alt/current,1,"[""mmke-visual/instructblip-vicuna-7b""]",49.965999999999994,49.965999999999994,21.328000000000017,0,-1.6296363636363722,-1.6296363636363722
all_complete21_variants,verified50_main,1,coverage80,all,all,VisEdit-Direct-alt/diagnostic,1,"[""mmke-visual/instructblip-vicuna-7b""]",46.754,46.754,24.540000000000013,0,-4.841636363636368,-4.841636363636368
all_complete21_variants,verified50_main,1,coverage80,dataset,evqa-pilot500,Middle-Prior/raw,0,[],,,,,,
all_complete21_variants,verified50_main,1,coverage80,dataset,evqa-pilot500,CMA-alt-v1.3/raw,0,[],,,,,,
all_complete21_variants,verified50_main,1,coverage80,dataset,evqa-pilot500,CMA-model_pred/raw,0,[],,,,,,
all_complete21_variants,verified50_main,1,coverage80,dataset,evqa-pilot500,Perturb-KL-alt/raw,0,[],,,,,,
all_complete21_variants,verified50_main,1,coverage80,dataset,evqa-pilot500,SaLEM-alt/raw,0,[],,,,,,
all_complete21_variants,verified50_main,1,coverage80,dataset,evqa-pilot500,LGA-Param/raw,0,[],,,,,,
all_complete21_variants,verified50_main,1,coverage80,dataset,evqa-pilot500,LGA-Param/tukey,0,[],,,,,,
all_complete21_variants,verified50_main,1,coverage80,dataset,evqa-pilot500,Ours-main/raw,0,[],,,,,,
all_complete21_variants,verified50_main,1,coverage80,dataset,evqa-pilot500,Ours-main/tukey,0,[],,,,,,
all_complete21_variants,verified50_main,1,coverage80,dataset,evqa-pilot500,Ours-no-direction/raw,0,[],,,,,,
all_complete21_variants,verified50_main,1,coverage80,dataset,evqa-pilot500,Ours-no-direction/tukey,0,[],,,,,,
all_complete21_variants,verified50_main,1,coverage80,dataset,evqa-pilot500,Ours-no-strength/raw,0,[],,,,,,
all_complete21_variants,verified50_main,1,coverage80,dataset,evqa-pilot500,Ours-no-strength/tukey,0,[],,,,,,
all_complete21_variants,verified50_main,1,coverage80,dataset,evqa-pilot500,LGA-Visual/raw,0,[],,,,,,
all_complete21_variants,verified50_main,1,coverage80,dataset,evqa-pilot500,LGA-Visual/tukey,0,[],,,,,,
all_complete21_variants,verified50_main,1,coverage80,dataset,evqa-pilot500,LGA-Visual-no-direction/raw,0,[],,,,,,
all_complete21_variants,verified50_main,1,coverage80,dataset,evqa-pilot500,LGA-Visual-no-direction/tukey,0,[],,,,,,
all_complete21_variants,verified50_main,1,coverage80,dataset,evqa-pilot500,VisEdit-Pre-alt/current,0,[],,,,,,
all_complete21_variants,verified50_main,1,coverage80,dataset,evqa-pilot500,VisEdit-Direct-alt/diagnostic,0,[],,,,,,
all_complete21_variants,verified50_main,1,coverage80,dataset,mmke-visual,Middle-Prior/raw,1,"[""mmke-visual/instructblip-vicuna-7b""]",49.986000000000004,49.986000000000004,21.308000000000007,0,-1.609636363636362,-1.609636363636362
all_complete21_variants,verified50_main,1,coverage80,dataset,mmke-visual,CMA-alt-v1.3/raw,1,"[""mmke-visual/instructblip-vicuna-7b""]",50.476,50.476,20.818000000000012,0,-1.119636363636367,-1.119636363636367
all_complete21_variants,verified50_main,1,coverage80,dataset,mmke-visual,CMA-model_pred/raw,1,"[""mmke-visual/instructblip-vicuna-7b""]",70.28,70.28,1.01400000000001,0,18.684363636363635,18.684363636363635
all_complete21_variants,verified50_main,1,coverage80,dataset,mmke-visual,Perturb-KL-alt/raw,1,"[""mmke-visual/instructblip-vicuna-7b""]",50.678,50.678,20.616000000000014,0,-0.9176363636363689,-0.9176363636363689
all_complete21_variants,verified50_main,1,coverage80,dataset,mmke-visual,SaLEM-alt/raw,1,"[""mmke-visual/instructblip-vicuna-7b""]",50.489999999999995,50.489999999999995,20.804000000000016,0,-1.1056363636363713,-1.1056363636363713
all_complete21_variants,verified50_main,1,coverage80,dataset,mmke-visual,LGA-Param/raw,1,"[""mmke-visual/instructblip-vicuna-7b""]",50.678,50.678,20.616000000000014,0,-0.9176363636363689,-0.9176363636363689
all_complete21_variants,verified50_main,1,coverage80,dataset,mmke-visual,LGA-Param/tukey,1,"[""mmke-visual/instructblip-vicuna-7b""]",50.727999999999994,50.727999999999994,20.566000000000017,0,-0.8676363636363718,-0.8676363636363718
all_complete21_variants,verified50_main,1,coverage80,dataset,mmke-visual,Ours-main/raw,1,"[""mmke-visual/instructblip-vicuna-7b""]",70.28,70.28,1.01400000000001,0,18.684363636363635,18.684363636363635
all_complete21_variants,verified50_main,1,coverage80,dataset,mmke-visual,Ours-main/tukey,1,"[""mmke-visual/instructblip-vicuna-7b""]",70.28,70.28,1.01400000000001,0,18.684363636363635,18.684363636363635
all_complete21_variants,verified50_main,1,coverage80,dataset,mmke-visual,Ours-no-direction/raw,1,"[""mmke-visual/instructblip-vicuna-7b""]",70.28,70.28,1.01400000000001,0,18.684363636363635,18.684363636363635
all_complete21_variants,verified50_main,1,coverage80,dataset,mmke-visual,Ours-no-direction/tukey,1,"[""mmke-visual/instructblip-vicuna-7b""]",70.28,70.28,1.01400000000001,0,18.684363636363635,18.684363636363635
all_complete21_variants,verified50_main,1,coverage80,dataset,mmke-visual,Ours-no-strength/raw,1,"[""mmke-visual/instructblip-vicuna-7b""]",46.754,46.754,24.540000000000013,0,-4.841636363636368,-4.841636363636368
all_complete21_variants,verified50_main,1,coverage80,dataset,mmke-visual,Ours-no-strength/tukey,1,"[""mmke-visual/instructblip-vicuna-7b""]",50.007999999999996,50.007999999999996,21.286000000000016,0,-1.5876363636363706,-1.5876363636363706
all_complete21_variants,verified50_main,1,coverage80,dataset,mmke-visual,LGA-Visual/raw,1,"[""mmke-visual/instructblip-vicuna-7b""]",70.28,70.28,1.01400000000001,0,18.684363636363635,18.684363636363635
all_complete21_variants,verified50_main,1,coverage80,dataset,mmke-visual,LGA-Visual/tukey,1,"[""mmke-visual/instructblip-vicuna-7b""]",70.28,70.28,1.01400000000001,0,18.684363636363635,18.684363636363635
all_complete21_variants,verified50_main,1,coverage80,dataset,mmke-visual,LGA-Visual-no-direction/raw,1,"[""mmke-visual/instructblip-vicuna-7b""]",70.28,70.28,1.01400000000001,0,18.684363636363635,18.684363636363635
all_complete21_variants,verified50_main,1,coverage80,dataset,mmke-visual,LGA-Visual-no-direction/tukey,1,"[""mmke-visual/instructblip-vicuna-7b""]",70.28,70.28,1.01400000000001,0,18.684363636363635,18.684363636363635
all_complete21_variants,verified50_main,1,coverage80,dataset,mmke-visual,VisEdit-Pre-alt/current,1,"[""mmke-visual/instructblip-vicuna-7b""]",49.965999999999994,49.965999999999994,21.328000000000017,0,-1.6296363636363722,-1.6296363636363722
all_complete21_variants,verified50_main,1,coverage80,dataset,mmke-visual,VisEdit-Direct-alt/diagnostic,1,"[""mmke-visual/instructblip-vicuna-7b""]",46.754,46.754,24.540000000000013,0,-4.841636363636368,-4.841636363636368
all_complete21_variants,verified50_main,1,coverage80,dataset,mmke-entity,Middle-Prior/raw,0,[],,,,,,
all_complete21_variants,verified50_main,1,coverage80,dataset,mmke-entity,CMA-alt-v1.3/raw,0,[],,,,,,
all_complete21_variants,verified50_main,1,coverage80,dataset,mmke-entity,CMA-model_pred/raw,0,[],,,,,,
all_complete21_variants,verified50_main,1,coverage80,dataset,mmke-entity,Perturb-KL-alt/raw,0,[],,,,,,
all_complete21_variants,verified50_main,1,coverage80,dataset,mmke-entity,SaLEM-alt/raw,0,[],,,,,,
all_complete21_variants,verified50_main,1,coverage80,dataset,mmke-entity,LGA-Param/raw,0,[],,,,,,
all_complete21_variants,verified50_main,1,coverage80,dataset,mmke-entity,LGA-Param/tukey,0,[],,,,,,
all_complete21_variants,verified50_main,1,coverage80,dataset,mmke-entity,Ours-main/raw,0,[],,,,,,
all_complete21_variants,verified50_main,1,coverage80,dataset,mmke-entity,Ours-main/tukey,0,[],,,,,,
all_complete21_variants,verified50_main,1,coverage80,dataset,mmke-entity,Ours-no-direction/raw,0,[],,,,,,
all_complete21_variants,verified50_main,1,coverage80,dataset,mmke-entity,Ours-no-direction/tukey,0,[],,,,,,
all_complete21_variants,verified50_main,1,coverage80,dataset,mmke-entity,Ours-no-strength/raw,0,[],,,,,,
all_complete21_variants,verified50_main,1,coverage80,dataset,mmke-entity,Ours-no-strength/tukey,0,[],,,,,,
all_complete21_variants,verified50_main,1,coverage80,dataset,mmke-entity,LGA-Visual/raw,0,[],,,,,,
all_complete21_variants,verified50_main,1,coverage80,dataset,mmke-entity,LGA-Visual/tukey,0,[],,,,,,
all_complete21_variants,verified50_main,1,coverage80,dataset,mmke-entity,LGA-Visual-no-direction/raw,0,[],,,,,,
all_complete21_variants,verified50_main,1,coverage80,dataset,mmke-entity,LGA-Visual-no-direction/tukey,0,[],,,,,,
all_complete21_variants,verified50_main,1,coverage80,dataset,mmke-entity,VisEdit-Pre-alt/current,0,[],,,,,,
all_complete21_variants,verified50_main,1,coverage80,dataset,mmke-entity,VisEdit-Direct-alt/diagnostic,0,[],,,,,,
all_complete21_variants,verified50_main,3,all,all,all,Middle-Prior/raw,1,"[""evqa-pilot500/minigpt-4-vicuna-7b""]",64.938,64.14666666666668,12.132000000000005,0,-1.930157894736837,2.196000000000005
all_complete21_variants,verified50_main,3,all,all,all,CMA-alt-v1.3/raw,1,"[""evqa-pilot500/minigpt-4-vicuna-7b""]",71.10400000000001,65.33266666666667,5.965999999999994,0,4.235842105263174,3.381999999999998
all_complete21_variants,verified50_main,3,all,all,all,CMA-model_pred/raw,1,"[""evqa-pilot500/minigpt-4-vicuna-7b""]",71.10400000000001,64.14333333333335,5.965999999999994,0,4.235842105263174,2.1926666666666748
all_complete21_variants,verified50_main,3,all,all,all,Perturb-KL-alt/raw,1,"[""evqa-pilot500/minigpt-4-vicuna-7b""]",71.10400000000001,64.14333333333335,5.965999999999994,0,4.235842105263174,2.1926666666666748
all_complete21_variants,verified50_main,3,all,all,all,SaLEM-alt/raw,1,"[""evqa-pilot500/minigpt-4-vicuna-7b""]",77.07000000000001,68.59666666666666,0.0,1,10.201842105263168,6.645999999999994
all_complete21_variants,verified50_main,3,all,all,all,LGA-Param/raw,1,"[""evqa-pilot500/minigpt-4-vicuna-7b""]",58.553999999999995,58.51533333333333,18.516000000000012,0,-8.314157894736844,-3.4353333333333396
all_complete21_variants,verified50_main,3,all,all,all,LGA-Param/tukey,1,"[""evqa-pilot500/minigpt-4-vicuna-7b""]",58.553999999999995,58.51533333333333,18.516000000000012,0,-8.314157894736844,-3.4353333333333396
all_complete21_variants,verified50_main,3,all,all,all,Ours-main/raw,1,"[""evqa-pilot500/minigpt-4-vicuna-7b""]",64.938,60.958666666666666,12.132000000000005,0,-1.930157894736837,-0.9920000000000044
all_complete21_variants,verified50_main,3,all,all,all,Ours-main/tukey,1,"[""evqa-pilot500/minigpt-4-vicuna-7b""]",64.938,60.958666666666666,12.132000000000005,0,-1.930157894736837,-0.9920000000000044
all_complete21_variants,verified50_main,3,all,all,all,Ours-no-direction/raw,1,"[""evqa-pilot500/minigpt-4-vicuna-7b""]",71.10400000000001,64.14333333333335,5.965999999999994,0,4.235842105263174,2.1926666666666748
all_complete21_variants,verified50_main,3,all,all,all,Ours-no-direction/tukey,1,"[""evqa-pilot500/minigpt-4-vicuna-7b""]",71.10400000000001,64.14333333333335,5.965999999999994,0,4.235842105263174,2.1926666666666748
all_complete21_variants,verified50_main,3,all,all,all,Ours-no-strength/raw,1,"[""evqa-pilot500/minigpt-4-vicuna-7b""]",59.56,58.64266666666666,17.510000000000005,0,-7.308157894736837,-3.308000000000007
all_complete21_variants,verified50_main,3,all,all,all,Ours-no-strength/tukey,1,"[""evqa-pilot500/minigpt-4-vicuna-7b""]",59.56,58.64266666666666,17.510000000000005,0,-7.308157894736837,-3.308000000000007
all_complete21_variants,verified50_main,3,all,all,all,LGA-Visual/raw,1,"[""evqa-pilot500/minigpt-4-vicuna-7b""]",69.03399999999999,64.51066666666667,8.036000000000016,0,2.1658421052631525,2.559999999999995
all_complete21_variants,verified50_main,3,all,all,all,LGA-Visual/tukey,1,"[""evqa-pilot500/minigpt-4-vicuna-7b""]",64.938,62.802,12.132000000000005,0,-1.930157894736837,0.8513333333333293
all_complete21_variants,verified50_main,3,all,all,all,LGA-Visual-no-direction/raw,1,"[""evqa-pilot500/minigpt-4-vicuna-7b""]",71.10400000000001,64.14333333333335,5.965999999999994,0,4.235842105263174,2.1926666666666748
all_complete21_variants,verified50_main,3,all,all,all,LGA-Visual-no-direction/tukey,1,"[""evqa-pilot500/minigpt-4-vicuna-7b""]",71.10400000000001,64.14333333333335,5.965999999999994,0,4.235842105263174,2.1926666666666748
all_complete21_variants,verified50_main,3,all,all,all,VisEdit-Pre-alt/current,1,"[""evqa-pilot500/minigpt-4-vicuna-7b""]",58.465999999999994,57.812,18.604000000000013,0,-8.402157894736845,-4.138666666666673
all_complete21_variants,verified50_main,3,all,all,all,VisEdit-Direct-alt/diagnostic,1,"[""evqa-pilot500/minigpt-4-vicuna-7b""]",58.362,56.95933333333333,18.708000000000006,0,-8.506157894736837,-4.991333333333337
all_complete21_variants,verified50_main,3,all,dataset,evqa-pilot500,Middle-Prior/raw,1,"[""evqa-pilot500/minigpt-4-vicuna-7b""]",64.938,64.14666666666668,12.132000000000005,0,-1.930157894736837,2.196000000000005
all_complete21_variants,verified50_main,3,all,dataset,evqa-pilot500,CMA-alt-v1.3/raw,1,"[""evqa-pilot500/minigpt-4-vicuna-7b""]",71.10400000000001,65.33266666666667,5.965999999999994,0,4.235842105263174,3.381999999999998
all_complete21_variants,verified50_main,3,all,dataset,evqa-pilot500,CMA-model_pred/raw,1,"[""evqa-pilot500/minigpt-4-vicuna-7b""]",71.10400000000001,64.14333333333335,5.965999999999994,0,4.235842105263174,2.1926666666666748
all_complete21_variants,verified50_main,3,all,dataset,evqa-pilot500,Perturb-KL-alt/raw,1,"[""evqa-pilot500/minigpt-4-vicuna-7b""]",71.10400000000001,64.14333333333335,5.965999999999994,0,4.235842105263174,2.1926666666666748
all_complete21_variants,verified50_main,3,all,dataset,evqa-pilot500,SaLEM-alt/raw,1,"[""evqa-pilot500/minigpt-4-vicuna-7b""]",77.07000000000001,68.59666666666666,0.0,1,10.201842105263168,6.645999999999994
all_complete21_variants,verified50_main,3,all,dataset,evqa-pilot500,LGA-Param/raw,1,"[""evqa-pilot500/minigpt-4-vicuna-7b""]",58.553999999999995,58.51533333333333,18.516000000000012,0,-8.314157894736844,-3.4353333333333396
all_complete21_variants,verified50_main,3,all,dataset,evqa-pilot500,LGA-Param/tukey,1,"[""evqa-pilot500/minigpt-4-vicuna-7b""]",58.553999999999995,58.51533333333333,18.516000000000012,0,-8.314157894736844,-3.4353333333333396
all_complete21_variants,verified50_main,3,all,dataset,evqa-pilot500,Ours-main/raw,1,"[""evqa-pilot500/minigpt-4-vicuna-7b""]",64.938,60.958666666666666,12.132000000000005,0,-1.930157894736837,-0.9920000000000044
all_complete21_variants,verified50_main,3,all,dataset,evqa-pilot500,Ours-main/tukey,1,"[""evqa-pilot500/minigpt-4-vicuna-7b""]",64.938,60.958666666666666,12.132000000000005,0,-1.930157894736837,-0.9920000000000044
all_complete21_variants,verified50_main,3,all,dataset,evqa-pilot500,Ours-no-direction/raw,1,"[""evqa-pilot500/minigpt-4-vicuna-7b""]",71.10400000000001,64.14333333333335,5.965999999999994,0,4.235842105263174,2.1926666666666748
all_complete21_variants,verified50_main,3,all,dataset,evqa-pilot500,Ours-no-direction/tukey,1,"[""evqa-pilot500/minigpt-4-vicuna-7b""]",71.10400000000001,64.14333333333335,5.965999999999994,0,4.235842105263174,2.1926666666666748
all_complete21_variants,verified50_main,3,all,dataset,evqa-pilot500,Ours-no-strength/raw,1,"[""evqa-pilot500/minigpt-4-vicuna-7b""]",59.56,58.64266666666666,17.510000000000005,0,-7.308157894736837,-3.308000000000007
all_complete21_variants,verified50_main,3,all,dataset,evqa-pilot500,Ours-no-strength/tukey,1,"[""evqa-pilot500/minigpt-4-vicuna-7b""]",59.56,58.64266666666666,17.510000000000005,0,-7.308157894736837,-3.308000000000007
all_complete21_variants,verified50_main,3,all,dataset,evqa-pilot500,LGA-Visual/raw,1,"[""evqa-pilot500/minigpt-4-vicuna-7b""]",69.03399999999999,64.51066666666667,8.036000000000016,0,2.1658421052631525,2.559999999999995
all_complete21_variants,verified50_main,3,all,dataset,evqa-pilot500,LGA-Visual/tukey,1,"[""evqa-pilot500/minigpt-4-vicuna-7b""]",64.938,62.802,12.132000000000005,0,-1.930157894736837,0.8513333333333293
all_complete21_variants,verified50_main,3,all,dataset,evqa-pilot500,LGA-Visual-no-direction/raw,1,"[""evqa-pilot500/minigpt-4-vicuna-7b""]",71.10400000000001,64.14333333333335,5.965999999999994,0,4.235842105263174,2.1926666666666748
all_complete21_variants,verified50_main,3,all,dataset,evqa-pilot500,LGA-Visual-no-direction/tukey,1,"[""evqa-pilot500/minigpt-4-vicuna-7b""]",71.10400000000001,64.14333333333335,5.965999999999994,0,4.235842105263174,2.1926666666666748
all_complete21_variants,verified50_main,3,all,dataset,evqa-pilot500,VisEdit-Pre-alt/current,1,"[""evqa-pilot500/minigpt-4-vicuna-7b""]",58.465999999999994,57.812,18.604000000000013,0,-8.402157894736845,-4.138666666666673
all_complete21_variants,verified50_main,3,all,dataset,evqa-pilot500,VisEdit-Direct-alt/diagnostic,1,"[""evqa-pilot500/minigpt-4-vicuna-7b""]",58.362,56.95933333333333,18.708000000000006,0,-8.506157894736837,-4.991333333333337
all_complete21_variants,verified50_main,3,all,dataset,mmke-visual,Middle-Prior/raw,0,[],,,,,,
all_complete21_variants,verified50_main,3,all,dataset,mmke-visual,CMA-alt-v1.3/raw,0,[],,,,,,
all_complete21_variants,verified50_main,3,all,dataset,mmke-visual,CMA-model_pred/raw,0,[],,,,,,
all_complete21_variants,verified50_main,3,all,dataset,mmke-visual,Perturb-KL-alt/raw,0,[],,,,,,
all_complete21_variants,verified50_main,3,all,dataset,mmke-visual,SaLEM-alt/raw,0,[],,,,,,
all_complete21_variants,verified50_main,3,all,dataset,mmke-visual,LGA-Param/raw,0,[],,,,,,
all_complete21_variants,verified50_main,3,all,dataset,mmke-visual,LGA-Param/tukey,0,[],,,,,,
all_complete21_variants,verified50_main,3,all,dataset,mmke-visual,Ours-main/raw,0,[],,,,,,
all_complete21_variants,verified50_main,3,all,dataset,mmke-visual,Ours-main/tukey,0,[],,,,,,
all_complete21_variants,verified50_main,3,all,dataset,mmke-visual,Ours-no-direction/raw,0,[],,,,,,
all_complete21_variants,verified50_main,3,all,dataset,mmke-visual,Ours-no-direction/tukey,0,[],,,,,,
all_complete21_variants,verified50_main,3,all,dataset,mmke-visual,Ours-no-strength/raw,0,[],,,,,,
all_complete21_variants,verified50_main,3,all,dataset,mmke-visual,Ours-no-strength/tukey,0,[],,,,,,
all_complete21_variants,verified50_main,3,all,dataset,mmke-visual,LGA-Visual/raw,0,[],,,,,,
all_complete21_variants,verified50_main,3,all,dataset,mmke-visual,LGA-Visual/tukey,0,[],,,,,,
all_complete21_variants,verified50_main,3,all,dataset,mmke-visual,LGA-Visual-no-direction/raw,0,[],,,,,,
all_complete21_variants,verified50_main,3,all,dataset,mmke-visual,LGA-Visual-no-direction/tukey,0,[],,,,,,
all_complete21_variants,verified50_main,3,all,dataset,mmke-visual,VisEdit-Pre-alt/current,0,[],,,,,,
all_complete21_variants,verified50_main,3,all,dataset,mmke-visual,VisEdit-Direct-alt/diagnostic,0,[],,,,,,
all_complete21_variants,verified50_main,3,all,dataset,mmke-entity,Middle-Prior/raw,0,[],,,,,,
all_complete21_variants,verified50_main,3,all,dataset,mmke-entity,CMA-alt-v1.3/raw,0,[],,,,,,
all_complete21_variants,verified50_main,3,all,dataset,mmke-entity,CMA-model_pred/raw,0,[],,,,,,
all_complete21_variants,verified50_main,3,all,dataset,mmke-entity,Perturb-KL-alt/raw,0,[],,,,,,
all_complete21_variants,verified50_main,3,all,dataset,mmke-entity,SaLEM-alt/raw,0,[],,,,,,
all_complete21_variants,verified50_main,3,all,dataset,mmke-entity,LGA-Param/raw,0,[],,,,,,
all_complete21_variants,verified50_main,3,all,dataset,mmke-entity,LGA-Param/tukey,0,[],,,,,,
all_complete21_variants,verified50_main,3,all,dataset,mmke-entity,Ours-main/raw,0,[],,,,,,
all_complete21_variants,verified50_main,3,all,dataset,mmke-entity,Ours-main/tukey,0,[],,,,,,
all_complete21_variants,verified50_main,3,all,dataset,mmke-entity,Ours-no-direction/raw,0,[],,,,,,
all_complete21_variants,verified50_main,3,all,dataset,mmke-entity,Ours-no-direction/tukey,0,[],,,,,,
all_complete21_variants,verified50_main,3,all,dataset,mmke-entity,Ours-no-strength/raw,0,[],,,,,,
all_complete21_variants,verified50_main,3,all,dataset,mmke-entity,Ours-no-strength/tukey,0,[],,,,,,
all_complete21_variants,verified50_main,3,all,dataset,mmke-entity,LGA-Visual/raw,0,[],,,,,,
all_complete21_variants,verified50_main,3,all,dataset,mmke-entity,LGA-Visual/tukey,0,[],,,,,,
all_complete21_variants,verified50_main,3,all,dataset,mmke-entity,LGA-Visual-no-direction/raw,0,[],,,,,,
all_complete21_variants,verified50_main,3,all,dataset,mmke-entity,LGA-Visual-no-direction/tukey,0,[],,,,,,
all_complete21_variants,verified50_main,3,all,dataset,mmke-entity,VisEdit-Pre-alt/current,0,[],,,,,,
all_complete21_variants,verified50_main,3,all,dataset,mmke-entity,VisEdit-Direct-alt/diagnostic,0,[],,,,,,
all_complete21_variants,verified50_main,3,coverage80,all,all,Middle-Prior/raw,0,[],,,,,,
all_complete21_variants,verified50_main,3,coverage80,all,all,CMA-alt-v1.3/raw,0,[],,,,,,
all_complete21_variants,verified50_main,3,coverage80,all,all,CMA-model_pred/raw,0,[],,,,,,
all_complete21_variants,verified50_main,3,coverage80,all,all,Perturb-KL-alt/raw,0,[],,,,,,
all_complete21_variants,verified50_main,3,coverage80,all,all,SaLEM-alt/raw,0,[],,,,,,
all_complete21_variants,verified50_main,3,coverage80,all,all,LGA-Param/raw,0,[],,,,,,
all_complete21_variants,verified50_main,3,coverage80,all,all,LGA-Param/tukey,0,[],,,,,,
all_complete21_variants,verified50_main,3,coverage80,all,all,Ours-main/raw,0,[],,,,,,
all_complete21_variants,verified50_main,3,coverage80,all,all,Ours-main/tukey,0,[],,,,,,
all_complete21_variants,verified50_main,3,coverage80,all,all,Ours-no-direction/raw,0,[],,,,,,
all_complete21_variants,verified50_main,3,coverage80,all,all,Ours-no-direction/tukey,0,[],,,,,,
all_complete21_variants,verified50_main,3,coverage80,all,all,Ours-no-strength/raw,0,[],,,,,,
all_complete21_variants,verified50_main,3,coverage80,all,all,Ours-no-strength/tukey,0,[],,,,,,
all_complete21_variants,verified50_main,3,coverage80,all,all,LGA-Visual/raw,0,[],,,,,,
all_complete21_variants,verified50_main,3,coverage80,all,all,LGA-Visual/tukey,0,[],,,,,,
all_complete21_variants,verified50_main,3,coverage80,all,all,LGA-Visual-no-direction/raw,0,[],,,,,,
all_complete21_variants,verified50_main,3,coverage80,all,all,LGA-Visual-no-direction/tukey,0,[],,,,,,
all_complete21_variants,verified50_main,3,coverage80,all,all,VisEdit-Pre-alt/current,0,[],,,,,,
all_complete21_variants,verified50_main,3,coverage80,all,all,VisEdit-Direct-alt/diagnostic,0,[],,,,,,
all_complete21_variants,verified50_main,3,coverage80,dataset,evqa-pilot500,Middle-Prior/raw,0,[],,,,,,
all_complete21_variants,verified50_main,3,coverage80,dataset,evqa-pilot500,CMA-alt-v1.3/raw,0,[],,,,,,
all_complete21_variants,verified50_main,3,coverage80,dataset,evqa-pilot500,CMA-model_pred/raw,0,[],,,,,,
all_complete21_variants,verified50_main,3,coverage80,dataset,evqa-pilot500,Perturb-KL-alt/raw,0,[],,,,,,
all_complete21_variants,verified50_main,3,coverage80,dataset,evqa-pilot500,SaLEM-alt/raw,0,[],,,,,,
all_complete21_variants,verified50_main,3,coverage80,dataset,evqa-pilot500,LGA-Param/raw,0,[],,,,,,
all_complete21_variants,verified50_main,3,coverage80,dataset,evqa-pilot500,LGA-Param/tukey,0,[],,,,,,
all_complete21_variants,verified50_main,3,coverage80,dataset,evqa-pilot500,Ours-main/raw,0,[],,,,,,
all_complete21_variants,verified50_main,3,coverage80,dataset,evqa-pilot500,Ours-main/tukey,0,[],,,,,,
all_complete21_variants,verified50_main,3,coverage80,dataset,evqa-pilot500,Ours-no-direction/raw,0,[],,,,,,
all_complete21_variants,verified50_main,3,coverage80,dataset,evqa-pilot500,Ours-no-direction/tukey,0,[],,,,,,
all_complete21_variants,verified50_main,3,coverage80,dataset,evqa-pilot500,Ours-no-strength/raw,0,[],,,,,,
all_complete21_variants,verified50_main,3,coverage80,dataset,evqa-pilot500,Ours-no-strength/tukey,0,[],,,,,,
all_complete21_variants,verified50_main,3,coverage80,dataset,evqa-pilot500,LGA-Visual/raw,0,[],,,,,,
all_complete21_variants,verified50_main,3,coverage80,dataset,evqa-pilot500,LGA-Visual/tukey,0,[],,,,,,
all_complete21_variants,verified50_main,3,coverage80,dataset,evqa-pilot500,LGA-Visual-no-direction/raw,0,[],,,,,,
all_complete21_variants,verified50_main,3,coverage80,dataset,evqa-pilot500,LGA-Visual-no-direction/tukey,0,[],,,,,,
all_complete21_variants,verified50_main,3,coverage80,dataset,evqa-pilot500,VisEdit-Pre-alt/current,0,[],,,,,,
all_complete21_variants,verified50_main,3,coverage80,dataset,evqa-pilot500,VisEdit-Direct-alt/diagnostic,0,[],,,,,,
all_complete21_variants,verified50_main,3,coverage80,dataset,mmke-visual,Middle-Prior/raw,0,[],,,,,,
all_complete21_variants,verified50_main,3,coverage80,dataset,mmke-visual,CMA-alt-v1.3/raw,0,[],,,,,,
all_complete21_variants,verified50_main,3,coverage80,dataset,mmke-visual,CMA-model_pred/raw,0,[],,,,,,
all_complete21_variants,verified50_main,3,coverage80,dataset,mmke-visual,Perturb-KL-alt/raw,0,[],,,,,,
all_complete21_variants,verified50_main,3,coverage80,dataset,mmke-visual,SaLEM-alt/raw,0,[],,,,,,
all_complete21_variants,verified50_main,3,coverage80,dataset,mmke-visual,LGA-Param/raw,0,[],,,,,,
all_complete21_variants,verified50_main,3,coverage80,dataset,mmke-visual,LGA-Param/tukey,0,[],,,,,,
all_complete21_variants,verified50_main,3,coverage80,dataset,mmke-visual,Ours-main/raw,0,[],,,,,,
all_complete21_variants,verified50_main,3,coverage80,dataset,mmke-visual,Ours-main/tukey,0,[],,,,,,
all_complete21_variants,verified50_main,3,coverage80,dataset,mmke-visual,Ours-no-direction/raw,0,[],,,,,,
all_complete21_variants,verified50_main,3,coverage80,dataset,mmke-visual,Ours-no-direction/tukey,0,[],,,,,,
all_complete21_variants,verified50_main,3,coverage80,dataset,mmke-visual,Ours-no-strength/raw,0,[],,,,,,
all_complete21_variants,verified50_main,3,coverage80,dataset,mmke-visual,Ours-no-strength/tukey,0,[],,,,,,
all_complete21_variants,verified50_main,3,coverage80,dataset,mmke-visual,LGA-Visual/raw,0,[],,,,,,
all_complete21_variants,verified50_main,3,coverage80,dataset,mmke-visual,LGA-Visual/tukey,0,[],,,,,,
all_complete21_variants,verified50_main,3,coverage80,dataset,mmke-visual,LGA-Visual-no-direction/raw,0,[],,,,,,
all_complete21_variants,verified50_main,3,coverage80,dataset,mmke-visual,LGA-Visual-no-direction/tukey,0,[],,,,,,
all_complete21_variants,verified50_main,3,coverage80,dataset,mmke-visual,VisEdit-Pre-alt/current,0,[],,,,,,
all_complete21_variants,verified50_main,3,coverage80,dataset,mmke-visual,VisEdit-Direct-alt/diagnostic,0,[],,,,,,
all_complete21_variants,verified50_main,3,coverage80,dataset,mmke-entity,Middle-Prior/raw,0,[],,,,,,
all_complete21_variants,verified50_main,3,coverage80,dataset,mmke-entity,CMA-alt-v1.3/raw,0,[],,,,,,
all_complete21_variants,verified50_main,3,coverage80,dataset,mmke-entity,CMA-model_pred/raw,0,[],,,,,,
all_complete21_variants,verified50_main,3,coverage80,dataset,mmke-entity,Perturb-KL-alt/raw,0,[],,,,,,
all_complete21_variants,verified50_main,3,coverage80,dataset,mmke-entity,SaLEM-alt/raw,0,[],,,,,,
all_complete21_variants,verified50_main,3,coverage80,dataset,mmke-entity,LGA-Param/raw,0,[],,,,,,
all_complete21_variants,verified50_main,3,coverage80,dataset,mmke-entity,LGA-Param/tukey,0,[],,,,,,
all_complete21_variants,verified50_main,3,coverage80,dataset,mmke-entity,Ours-main/raw,0,[],,,,,,
all_complete21_variants,verified50_main,3,coverage80,dataset,mmke-entity,Ours-main/tukey,0,[],,,,,,
all_complete21_variants,verified50_main,3,coverage80,dataset,mmke-entity,Ours-no-direction/raw,0,[],,,,,,
all_complete21_variants,verified50_main,3,coverage80,dataset,mmke-entity,Ours-no-direction/tukey,0,[],,,,,,
all_complete21_variants,verified50_main,3,coverage80,dataset,mmke-entity,Ours-no-strength/raw,0,[],,,,,,
all_complete21_variants,verified50_main,3,coverage80,dataset,mmke-entity,Ours-no-strength/tukey,0,[],,,,,,
all_complete21_variants,verified50_main,3,coverage80,dataset,mmke-entity,LGA-Visual/raw,0,[],,,,,,
all_complete21_variants,verified50_main,3,coverage80,dataset,mmke-entity,LGA-Visual/tukey,0,[],,,,,,
all_complete21_variants,verified50_main,3,coverage80,dataset,mmke-entity,LGA-Visual-no-direction/raw,0,[],,,,,,
all_complete21_variants,verified50_main,3,coverage80,dataset,mmke-entity,LGA-Visual-no-direction/tukey,0,[],,,,,,
all_complete21_variants,verified50_main,3,coverage80,dataset,mmke-entity,VisEdit-Pre-alt/current,0,[],,,,,,
all_complete21_variants,verified50_main,3,coverage80,dataset,mmke-entity,VisEdit-Direct-alt/diagnostic,0,[],,,,,,
all_complete21_variants,verified50_main,5,all,all,all,Middle-Prior/raw,0,[],,,,,,
all_complete21_variants,verified50_main,5,all,all,all,CMA-alt-v1.3/raw,0,[],,,,,,
all_complete21_variants,verified50_main,5,all,all,all,CMA-model_pred/raw,0,[],,,,,,
all_complete21_variants,verified50_main,5,all,all,all,Perturb-KL-alt/raw,0,[],,,,,,
all_complete21_variants,verified50_main,5,all,all,all,SaLEM-alt/raw,0,[],,,,,,
all_complete21_variants,verified50_main,5,all,all,all,LGA-Param/raw,0,[],,,,,,
all_complete21_variants,verified50_main,5,all,all,all,LGA-Param/tukey,0,[],,,,,,
all_complete21_variants,verified50_main,5,all,all,all,Ours-main/raw,0,[],,,,,,
all_complete21_variants,verified50_main,5,all,all,all,Ours-main/tukey,0,[],,,,,,
all_complete21_variants,verified50_main,5,all,all,all,Ours-no-direction/raw,0,[],,,,,,
all_complete21_variants,verified50_main,5,all,all,all,Ours-no-direction/tukey,0,[],,,,,,
all_complete21_variants,verified50_main,5,all,all,all,Ours-no-strength/raw,0,[],,,,,,
all_complete21_variants,verified50_main,5,all,all,all,Ours-no-strength/tukey,0,[],,,,,,
all_complete21_variants,verified50_main,5,all,all,all,LGA-Visual/raw,0,[],,,,,,
all_complete21_variants,verified50_main,5,all,all,all,LGA-Visual/tukey,0,[],,,,,,
all_complete21_variants,verified50_main,5,all,all,all,LGA-Visual-no-direction/raw,0,[],,,,,,
all_complete21_variants,verified50_main,5,all,all,all,LGA-Visual-no-direction/tukey,0,[],,,,,,
all_complete21_variants,verified50_main,5,all,all,all,VisEdit-Pre-alt/current,0,[],,,,,,
all_complete21_variants,verified50_main,5,all,all,all,VisEdit-Direct-alt/diagnostic,0,[],,,,,,
all_complete21_variants,verified50_main,5,all,dataset,evqa-pilot500,Middle-Prior/raw,0,[],,,,,,
all_complete21_variants,verified50_main,5,all,dataset,evqa-pilot500,CMA-alt-v1.3/raw,0,[],,,,,,
all_complete21_variants,verified50_main,5,all,dataset,evqa-pilot500,CMA-model_pred/raw,0,[],,,,,,
all_complete21_variants,verified50_main,5,all,dataset,evqa-pilot500,Perturb-KL-alt/raw,0,[],,,,,,
all_complete21_variants,verified50_main,5,all,dataset,evqa-pilot500,SaLEM-alt/raw,0,[],,,,,,
all_complete21_variants,verified50_main,5,all,dataset,evqa-pilot500,LGA-Param/raw,0,[],,,,,,
all_complete21_variants,verified50_main,5,all,dataset,evqa-pilot500,LGA-Param/tukey,0,[],,,,,,
all_complete21_variants,verified50_main,5,all,dataset,evqa-pilot500,Ours-main/raw,0,[],,,,,,
all_complete21_variants,verified50_main,5,all,dataset,evqa-pilot500,Ours-main/tukey,0,[],,,,,,
all_complete21_variants,verified50_main,5,all,dataset,evqa-pilot500,Ours-no-direction/raw,0,[],,,,,,
all_complete21_variants,verified50_main,5,all,dataset,evqa-pilot500,Ours-no-direction/tukey,0,[],,,,,,
all_complete21_variants,verified50_main,5,all,dataset,evqa-pilot500,Ours-no-strength/raw,0,[],,,,,,
all_complete21_variants,verified50_main,5,all,dataset,evqa-pilot500,Ours-no-strength/tukey,0,[],,,,,,
all_complete21_variants,verified50_main,5,all,dataset,evqa-pilot500,LGA-Visual/raw,0,[],,,,,,
all_complete21_variants,verified50_main,5,all,dataset,evqa-pilot500,LGA-Visual/tukey,0,[],,,,,,
all_complete21_variants,verified50_main,5,all,dataset,evqa-pilot500,LGA-Visual-no-direction/raw,0,[],,,,,,
all_complete21_variants,verified50_main,5,all,dataset,evqa-pilot500,LGA-Visual-no-direction/tukey,0,[],,,,,,
all_complete21_variants,verified50_main,5,all,dataset,evqa-pilot500,VisEdit-Pre-alt/current,0,[],,,,,,
all_complete21_variants,verified50_main,5,all,dataset,evqa-pilot500,VisEdit-Direct-alt/diagnostic,0,[],,,,,,
all_complete21_variants,verified50_main,5,all,dataset,mmke-visual,Middle-Prior/raw,0,[],,,,,,
all_complete21_variants,verified50_main,5,all,dataset,mmke-visual,CMA-alt-v1.3/raw,0,[],,,,,,
all_complete21_variants,verified50_main,5,all,dataset,mmke-visual,CMA-model_pred/raw,0,[],,,,,,
all_complete21_variants,verified50_main,5,all,dataset,mmke-visual,Perturb-KL-alt/raw,0,[],,,,,,
all_complete21_variants,verified50_main,5,all,dataset,mmke-visual,SaLEM-alt/raw,0,[],,,,,,
all_complete21_variants,verified50_main,5,all,dataset,mmke-visual,LGA-Param/raw,0,[],,,,,,
all_complete21_variants,verified50_main,5,all,dataset,mmke-visual,LGA-Param/tukey,0,[],,,,,,
all_complete21_variants,verified50_main,5,all,dataset,mmke-visual,Ours-main/raw,0,[],,,,,,
all_complete21_variants,verified50_main,5,all,dataset,mmke-visual,Ours-main/tukey,0,[],,,,,,
all_complete21_variants,verified50_main,5,all,dataset,mmke-visual,Ours-no-direction/raw,0,[],,,,,,
all_complete21_variants,verified50_main,5,all,dataset,mmke-visual,Ours-no-direction/tukey,0,[],,,,,,
all_complete21_variants,verified50_main,5,all,dataset,mmke-visual,Ours-no-strength/raw,0,[],,,,,,
all_complete21_variants,verified50_main,5,all,dataset,mmke-visual,Ours-no-strength/tukey,0,[],,,,,,
all_complete21_variants,verified50_main,5,all,dataset,mmke-visual,LGA-Visual/raw,0,[],,,,,,
all_complete21_variants,verified50_main,5,all,dataset,mmke-visual,LGA-Visual/tukey,0,[],,,,,,
all_complete21_variants,verified50_main,5,all,dataset,mmke-visual,LGA-Visual-no-direction/raw,0,[],,,,,,
all_complete21_variants,verified50_main,5,all,dataset,mmke-visual,LGA-Visual-no-direction/tukey,0,[],,,,,,
all_complete21_variants,verified50_main,5,all,dataset,mmke-visual,VisEdit-Pre-alt/current,0,[],,,,,,
all_complete21_variants,verified50_main,5,all,dataset,mmke-visual,VisEdit-Direct-alt/diagnostic,0,[],,,,,,
all_complete21_variants,verified50_main,5,all,dataset,mmke-entity,Middle-Prior/raw,0,[],,,,,,
all_complete21_variants,verified50_main,5,all,dataset,mmke-entity,CMA-alt-v1.3/raw,0,[],,,,,,
all_complete21_variants,verified50_main,5,all,dataset,mmke-entity,CMA-model_pred/raw,0,[],,,,,,
all_complete21_variants,verified50_main,5,all,dataset,mmke-entity,Perturb-KL-alt/raw,0,[],,,,,,
all_complete21_variants,verified50_main,5,all,dataset,mmke-entity,SaLEM-alt/raw,0,[],,,,,,
all_complete21_variants,verified50_main,5,all,dataset,mmke-entity,LGA-Param/raw,0,[],,,,,,
all_complete21_variants,verified50_main,5,all,dataset,mmke-entity,LGA-Param/tukey,0,[],,,,,,
all_complete21_variants,verified50_main,5,all,dataset,mmke-entity,Ours-main/raw,0,[],,,,,,
all_complete21_variants,verified50_main,5,all,dataset,mmke-entity,Ours-main/tukey,0,[],,,,,,
all_complete21_variants,verified50_main,5,all,dataset,mmke-entity,Ours-no-direction/raw,0,[],,,,,,
all_complete21_variants,verified50_main,5,all,dataset,mmke-entity,Ours-no-direction/tukey,0,[],,,,,,
all_complete21_variants,verified50_main,5,all,dataset,mmke-entity,Ours-no-strength/raw,0,[],,,,,,
all_complete21_variants,verified50_main,5,all,dataset,mmke-entity,Ours-no-strength/tukey,0,[],,,,,,
all_complete21_variants,verified50_main,5,all,dataset,mmke-entity,LGA-Visual/raw,0,[],,,,,,
all_complete21_variants,verified50_main,5,all,dataset,mmke-entity,LGA-Visual/tukey,0,[],,,,,,
all_complete21_variants,verified50_main,5,all,dataset,mmke-entity,LGA-Visual-no-direction/raw,0,[],,,,,,
all_complete21_variants,verified50_main,5,all,dataset,mmke-entity,LGA-Visual-no-direction/tukey,0,[],,,,,,
all_complete21_variants,verified50_main,5,all,dataset,mmke-entity,VisEdit-Pre-alt/current,0,[],,,,,,
all_complete21_variants,verified50_main,5,all,dataset,mmke-entity,VisEdit-Direct-alt/diagnostic,0,[],,,,,,
all_complete21_variants,verified50_main,5,coverage80,all,all,Middle-Prior/raw,0,[],,,,,,
all_complete21_variants,verified50_main,5,coverage80,all,all,CMA-alt-v1.3/raw,0,[],,,,,,
all_complete21_variants,verified50_main,5,coverage80,all,all,CMA-model_pred/raw,0,[],,,,,,
all_complete21_variants,verified50_main,5,coverage80,all,all,Perturb-KL-alt/raw,0,[],,,,,,
all_complete21_variants,verified50_main,5,coverage80,all,all,SaLEM-alt/raw,0,[],,,,,,
all_complete21_variants,verified50_main,5,coverage80,all,all,LGA-Param/raw,0,[],,,,,,
all_complete21_variants,verified50_main,5,coverage80,all,all,LGA-Param/tukey,0,[],,,,,,
all_complete21_variants,verified50_main,5,coverage80,all,all,Ours-main/raw,0,[],,,,,,
all_complete21_variants,verified50_main,5,coverage80,all,all,Ours-main/tukey,0,[],,,,,,
all_complete21_variants,verified50_main,5,coverage80,all,all,Ours-no-direction/raw,0,[],,,,,,
all_complete21_variants,verified50_main,5,coverage80,all,all,Ours-no-direction/tukey,0,[],,,,,,
all_complete21_variants,verified50_main,5,coverage80,all,all,Ours-no-strength/raw,0,[],,,,,,
all_complete21_variants,verified50_main,5,coverage80,all,all,Ours-no-strength/tukey,0,[],,,,,,
all_complete21_variants,verified50_main,5,coverage80,all,all,LGA-Visual/raw,0,[],,,,,,
all_complete21_variants,verified50_main,5,coverage80,all,all,LGA-Visual/tukey,0,[],,,,,,
all_complete21_variants,verified50_main,5,coverage80,all,all,LGA-Visual-no-direction/raw,0,[],,,,,,
all_complete21_variants,verified50_main,5,coverage80,all,all,LGA-Visual-no-direction/tukey,0,[],,,,,,
all_complete21_variants,verified50_main,5,coverage80,all,all,VisEdit-Pre-alt/current,0,[],,,,,,
all_complete21_variants,verified50_main,5,coverage80,all,all,VisEdit-Direct-alt/diagnostic,0,[],,,,,,
all_complete21_variants,verified50_main,5,coverage80,dataset,evqa-pilot500,Middle-Prior/raw,0,[],,,,,,
all_complete21_variants,verified50_main,5,coverage80,dataset,evqa-pilot500,CMA-alt-v1.3/raw,0,[],,,,,,
all_complete21_variants,verified50_main,5,coverage80,dataset,evqa-pilot500,CMA-model_pred/raw,0,[],,,,,,
all_complete21_variants,verified50_main,5,coverage80,dataset,evqa-pilot500,Perturb-KL-alt/raw,0,[],,,,,,
all_complete21_variants,verified50_main,5,coverage80,dataset,evqa-pilot500,SaLEM-alt/raw,0,[],,,,,,
all_complete21_variants,verified50_main,5,coverage80,dataset,evqa-pilot500,LGA-Param/raw,0,[],,,,,,
all_complete21_variants,verified50_main,5,coverage80,dataset,evqa-pilot500,LGA-Param/tukey,0,[],,,,,,
all_complete21_variants,verified50_main,5,coverage80,dataset,evqa-pilot500,Ours-main/raw,0,[],,,,,,
all_complete21_variants,verified50_main,5,coverage80,dataset,evqa-pilot500,Ours-main/tukey,0,[],,,,,,
all_complete21_variants,verified50_main,5,coverage80,dataset,evqa-pilot500,Ours-no-direction/raw,0,[],,,,,,
all_complete21_variants,verified50_main,5,coverage80,dataset,evqa-pilot500,Ours-no-direction/tukey,0,[],,,,,,
all_complete21_variants,verified50_main,5,coverage80,dataset,evqa-pilot500,Ours-no-strength/raw,0,[],,,,,,
all_complete21_variants,verified50_main,5,coverage80,dataset,evqa-pilot500,Ours-no-strength/tukey,0,[],,,,,,
all_complete21_variants,verified50_main,5,coverage80,dataset,evqa-pilot500,LGA-Visual/raw,0,[],,,,,,
all_complete21_variants,verified50_main,5,coverage80,dataset,evqa-pilot500,LGA-Visual/tukey,0,[],,,,,,
all_complete21_variants,verified50_main,5,coverage80,dataset,evqa-pilot500,LGA-Visual-no-direction/raw,0,[],,,,,,
all_complete21_variants,verified50_main,5,coverage80,dataset,evqa-pilot500,LGA-Visual-no-direction/tukey,0,[],,,,,,
all_complete21_variants,verified50_main,5,coverage80,dataset,evqa-pilot500,VisEdit-Pre-alt/current,0,[],,,,,,
all_complete21_variants,verified50_main,5,coverage80,dataset,evqa-pilot500,VisEdit-Direct-alt/diagnostic,0,[],,,,,,
all_complete21_variants,verified50_main,5,coverage80,dataset,mmke-visual,Middle-Prior/raw,0,[],,,,,,
all_complete21_variants,verified50_main,5,coverage80,dataset,mmke-visual,CMA-alt-v1.3/raw,0,[],,,,,,
all_complete21_variants,verified50_main,5,coverage80,dataset,mmke-visual,CMA-model_pred/raw,0,[],,,,,,
all_complete21_variants,verified50_main,5,coverage80,dataset,mmke-visual,Perturb-KL-alt/raw,0,[],,,,,,
all_complete21_variants,verified50_main,5,coverage80,dataset,mmke-visual,SaLEM-alt/raw,0,[],,,,,,
all_complete21_variants,verified50_main,5,coverage80,dataset,mmke-visual,LGA-Param/raw,0,[],,,,,,
all_complete21_variants,verified50_main,5,coverage80,dataset,mmke-visual,LGA-Param/tukey,0,[],,,,,,
all_complete21_variants,verified50_main,5,coverage80,dataset,mmke-visual,Ours-main/raw,0,[],,,,,,
all_complete21_variants,verified50_main,5,coverage80,dataset,mmke-visual,Ours-main/tukey,0,[],,,,,,
all_complete21_variants,verified50_main,5,coverage80,dataset,mmke-visual,Ours-no-direction/raw,0,[],,,,,,
all_complete21_variants,verified50_main,5,coverage80,dataset,mmke-visual,Ours-no-direction/tukey,0,[],,,,,,
all_complete21_variants,verified50_main,5,coverage80,dataset,mmke-visual,Ours-no-strength/raw,0,[],,,,,,
all_complete21_variants,verified50_main,5,coverage80,dataset,mmke-visual,Ours-no-strength/tukey,0,[],,,,,,
all_complete21_variants,verified50_main,5,coverage80,dataset,mmke-visual,LGA-Visual/raw,0,[],,,,,,
all_complete21_variants,verified50_main,5,coverage80,dataset,mmke-visual,LGA-Visual/tukey,0,[],,,,,,
all_complete21_variants,verified50_main,5,coverage80,dataset,mmke-visual,LGA-Visual-no-direction/raw,0,[],,,,,,
all_complete21_variants,verified50_main,5,coverage80,dataset,mmke-visual,LGA-Visual-no-direction/tukey,0,[],,,,,,
all_complete21_variants,verified50_main,5,coverage80,dataset,mmke-visual,VisEdit-Pre-alt/current,0,[],,,,,,
all_complete21_variants,verified50_main,5,coverage80,dataset,mmke-visual,VisEdit-Direct-alt/diagnostic,0,[],,,,,,
all_complete21_variants,verified50_main,5,coverage80,dataset,mmke-entity,Middle-Prior/raw,0,[],,,,,,
all_complete21_variants,verified50_main,5,coverage80,dataset,mmke-entity,CMA-alt-v1.3/raw,0,[],,,,,,
all_complete21_variants,verified50_main,5,coverage80,dataset,mmke-entity,CMA-model_pred/raw,0,[],,,,,,
all_complete21_variants,verified50_main,5,coverage80,dataset,mmke-entity,Perturb-KL-alt/raw,0,[],,,,,,
all_complete21_variants,verified50_main,5,coverage80,dataset,mmke-entity,SaLEM-alt/raw,0,[],,,,,,
all_complete21_variants,verified50_main,5,coverage80,dataset,mmke-entity,LGA-Param/raw,0,[],,,,,,
all_complete21_variants,verified50_main,5,coverage80,dataset,mmke-entity,LGA-Param/tukey,0,[],,,,,,
all_complete21_variants,verified50_main,5,coverage80,dataset,mmke-entity,Ours-main/raw,0,[],,,,,,
all_complete21_variants,verified50_main,5,coverage80,dataset,mmke-entity,Ours-main/tukey,0,[],,,,,,
all_complete21_variants,verified50_main,5,coverage80,dataset,mmke-entity,Ours-no-direction/raw,0,[],,,,,,
all_complete21_variants,verified50_main,5,coverage80,dataset,mmke-entity,Ours-no-direction/tukey,0,[],,,,,,
all_complete21_variants,verified50_main,5,coverage80,dataset,mmke-entity,Ours-no-strength/raw,0,[],,,,,,
all_complete21_variants,verified50_main,5,coverage80,dataset,mmke-entity,Ours-no-strength/tukey,0,[],,,,,,
all_complete21_variants,verified50_main,5,coverage80,dataset,mmke-entity,LGA-Visual/raw,0,[],,,,,,
all_complete21_variants,verified50_main,5,coverage80,dataset,mmke-entity,LGA-Visual/tukey,0,[],,,,,,
all_complete21_variants,verified50_main,5,coverage80,dataset,mmke-entity,LGA-Visual-no-direction/raw,0,[],,,,,,
all_complete21_variants,verified50_main,5,coverage80,dataset,mmke-entity,LGA-Visual-no-direction/tukey,0,[],,,,,,
all_complete21_variants,verified50_main,5,coverage80,dataset,mmke-entity,VisEdit-Pre-alt/current,0,[],,,,,,
all_complete21_variants,verified50_main,5,coverage80,dataset,mmke-entity,VisEdit-Direct-alt/diagnostic,0,[],,,,,,
all_complete21_variants,stable_only,1,all,all,all,Middle-Prior/raw,0,[],,,,,,
all_complete21_variants,stable_only,1,all,all,all,CMA-alt-v1.3/raw,0,[],,,,,,
all_complete21_variants,stable_only,1,all,all,all,CMA-model_pred/raw,0,[],,,,,,
all_complete21_variants,stable_only,1,all,all,all,Perturb-KL-alt/raw,0,[],,,,,,
all_complete21_variants,stable_only,1,all,all,all,SaLEM-alt/raw,0,[],,,,,,
all_complete21_variants,stable_only,1,all,all,all,LGA-Param/raw,0,[],,,,,,
all_complete21_variants,stable_only,1,all,all,all,LGA-Param/tukey,0,[],,,,,,
all_complete21_variants,stable_only,1,all,all,all,Ours-main/raw,0,[],,,,,,
all_complete21_variants,stable_only,1,all,all,all,Ours-main/tukey,0,[],,,,,,
all_complete21_variants,stable_only,1,all,all,all,Ours-no-direction/raw,0,[],,,,,,
all_complete21_variants,stable_only,1,all,all,all,Ours-no-direction/tukey,0,[],,,,,,
all_complete21_variants,stable_only,1,all,all,all,Ours-no-strength/raw,0,[],,,,,,
all_complete21_variants,stable_only,1,all,all,all,Ours-no-strength/tukey,0,[],,,,,,
all_complete21_variants,stable_only,1,all,all,all,LGA-Visual/raw,0,[],,,,,,
all_complete21_variants,stable_only,1,all,all,all,LGA-Visual/tukey,0,[],,,,,,
all_complete21_variants,stable_only,1,all,all,all,LGA-Visual-no-direction/raw,0,[],,,,,,
all_complete21_variants,stable_only,1,all,all,all,LGA-Visual-no-direction/tukey,0,[],,,,,,
all_complete21_variants,stable_only,1,all,all,all,VisEdit-Pre-alt/current,0,[],,,,,,
all_complete21_variants,stable_only,1,all,all,all,VisEdit-Direct-alt/diagnostic,0,[],,,,,,
all_complete21_variants,stable_only,1,all,dataset,evqa-pilot500,Middle-Prior/raw,0,[],,,,,,
all_complete21_variants,stable_only,1,all,dataset,evqa-pilot500,CMA-alt-v1.3/raw,0,[],,,,,,
all_complete21_variants,stable_only,1,all,dataset,evqa-pilot500,CMA-model_pred/raw,0,[],,,,,,
all_complete21_variants,stable_only,1,all,dataset,evqa-pilot500,Perturb-KL-alt/raw,0,[],,,,,,
all_complete21_variants,stable_only,1,all,dataset,evqa-pilot500,SaLEM-alt/raw,0,[],,,,,,
all_complete21_variants,stable_only,1,all,dataset,evqa-pilot500,LGA-Param/raw,0,[],,,,,,
all_complete21_variants,stable_only,1,all,dataset,evqa-pilot500,LGA-Param/tukey,0,[],,,,,,
all_complete21_variants,stable_only,1,all,dataset,evqa-pilot500,Ours-main/raw,0,[],,,,,,
all_complete21_variants,stable_only,1,all,dataset,evqa-pilot500,Ours-main/tukey,0,[],,,,,,
all_complete21_variants,stable_only,1,all,dataset,evqa-pilot500,Ours-no-direction/raw,0,[],,,,,,
all_complete21_variants,stable_only,1,all,dataset,evqa-pilot500,Ours-no-direction/tukey,0,[],,,,,,
all_complete21_variants,stable_only,1,all,dataset,evqa-pilot500,Ours-no-strength/raw,0,[],,,,,,
all_complete21_variants,stable_only,1,all,dataset,evqa-pilot500,Ours-no-strength/tukey,0,[],,,,,,
all_complete21_variants,stable_only,1,all,dataset,evqa-pilot500,LGA-Visual/raw,0,[],,,,,,
all_complete21_variants,stable_only,1,all,dataset,evqa-pilot500,LGA-Visual/tukey,0,[],,,,,,
all_complete21_variants,stable_only,1,all,dataset,evqa-pilot500,LGA-Visual-no-direction/raw,0,[],,,,,,
all_complete21_variants,stable_only,1,all,dataset,evqa-pilot500,LGA-Visual-no-direction/tukey,0,[],,,,,,
all_complete21_variants,stable_only,1,all,dataset,evqa-pilot500,VisEdit-Pre-alt/current,0,[],,,,,,
all_complete21_variants,stable_only,1,all,dataset,evqa-pilot500,VisEdit-Direct-alt/diagnostic,0,[],,,,,,
all_complete21_variants,stable_only,1,all,dataset,mmke-visual,Middle-Prior/raw,0,[],,,,,,
all_complete21_variants,stable_only,1,all,dataset,mmke-visual,CMA-alt-v1.3/raw,0,[],,,,,,
all_complete21_variants,stable_only,1,all,dataset,mmke-visual,CMA-model_pred/raw,0,[],,,,,,
all_complete21_variants,stable_only,1,all,dataset,mmke-visual,Perturb-KL-alt/raw,0,[],,,,,,
all_complete21_variants,stable_only,1,all,dataset,mmke-visual,SaLEM-alt/raw,0,[],,,,,,
all_complete21_variants,stable_only,1,all,dataset,mmke-visual,LGA-Param/raw,0,[],,,,,,
all_complete21_variants,stable_only,1,all,dataset,mmke-visual,LGA-Param/tukey,0,[],,,,,,
all_complete21_variants,stable_only,1,all,dataset,mmke-visual,Ours-main/raw,0,[],,,,,,
all_complete21_variants,stable_only,1,all,dataset,mmke-visual,Ours-main/tukey,0,[],,,,,,
all_complete21_variants,stable_only,1,all,dataset,mmke-visual,Ours-no-direction/raw,0,[],,,,,,
all_complete21_variants,stable_only,1,all,dataset,mmke-visual,Ours-no-direction/tukey,0,[],,,,,,
all_complete21_variants,stable_only,1,all,dataset,mmke-visual,Ours-no-strength/raw,0,[],,,,,,
all_complete21_variants,stable_only,1,all,dataset,mmke-visual,Ours-no-strength/tukey,0,[],,,,,,
all_complete21_variants,stable_only,1,all,dataset,mmke-visual,LGA-Visual/raw,0,[],,,,,,
all_complete21_variants,stable_only,1,all,dataset,mmke-visual,LGA-Visual/tukey,0,[],,,,,,
all_complete21_variants,stable_only,1,all,dataset,mmke-visual,LGA-Visual-no-direction/raw,0,[],,,,,,
all_complete21_variants,stable_only,1,all,dataset,mmke-visual,LGA-Visual-no-direction/tukey,0,[],,,,,,
all_complete21_variants,stable_only,1,all,dataset,mmke-visual,VisEdit-Pre-alt/current,0,[],,,,,,
all_complete21_variants,stable_only,1,all,dataset,mmke-visual,VisEdit-Direct-alt/diagnostic,0,[],,,,,,
all_complete21_variants,stable_only,1,all,dataset,mmke-entity,Middle-Prior/raw,0,[],,,,,,
all_complete21_variants,stable_only,1,all,dataset,mmke-entity,CMA-alt-v1.3/raw,0,[],,,,,,
all_complete21_variants,stable_only,1,all,dataset,mmke-entity,CMA-model_pred/raw,0,[],,,,,,
all_complete21_variants,stable_only,1,all,dataset,mmke-entity,Perturb-KL-alt/raw,0,[],,,,,,
all_complete21_variants,stable_only,1,all,dataset,mmke-entity,SaLEM-alt/raw,0,[],,,,,,
all_complete21_variants,stable_only,1,all,dataset,mmke-entity,LGA-Param/raw,0,[],,,,,,
all_complete21_variants,stable_only,1,all,dataset,mmke-entity,LGA-Param/tukey,0,[],,,,,,
all_complete21_variants,stable_only,1,all,dataset,mmke-entity,Ours-main/raw,0,[],,,,,,
all_complete21_variants,stable_only,1,all,dataset,mmke-entity,Ours-main/tukey,0,[],,,,,,
all_complete21_variants,stable_only,1,all,dataset,mmke-entity,Ours-no-direction/raw,0,[],,,,,,
all_complete21_variants,stable_only,1,all,dataset,mmke-entity,Ours-no-direction/tukey,0,[],,,,,,
all_complete21_variants,stable_only,1,all,dataset,mmke-entity,Ours-no-strength/raw,0,[],,,,,,
all_complete21_variants,stable_only,1,all,dataset,mmke-entity,Ours-no-strength/tukey,0,[],,,,,,
all_complete21_variants,stable_only,1,all,dataset,mmke-entity,LGA-Visual/raw,0,[],,,,,,
all_complete21_variants,stable_only,1,all,dataset,mmke-entity,LGA-Visual/tukey,0,[],,,,,,
all_complete21_variants,stable_only,1,all,dataset,mmke-entity,LGA-Visual-no-direction/raw,0,[],,,,,,
all_complete21_variants,stable_only,1,all,dataset,mmke-entity,LGA-Visual-no-direction/tukey,0,[],,,,,,
all_complete21_variants,stable_only,1,all,dataset,mmke-entity,VisEdit-Pre-alt/current,0,[],,,,,,
all_complete21_variants,stable_only,1,all,dataset,mmke-entity,VisEdit-Direct-alt/diagnostic,0,[],,,,,,
all_complete21_variants,stable_only,1,coverage80,all,all,Middle-Prior/raw,0,[],,,,,,
all_complete21_variants,stable_only,1,coverage80,all,all,CMA-alt-v1.3/raw,0,[],,,,,,
all_complete21_variants,stable_only,1,coverage80,all,all,CMA-model_pred/raw,0,[],,,,,,
all_complete21_variants,stable_only,1,coverage80,all,all,Perturb-KL-alt/raw,0,[],,,,,,
all_complete21_variants,stable_only,1,coverage80,all,all,SaLEM-alt/raw,0,[],,,,,,
all_complete21_variants,stable_only,1,coverage80,all,all,LGA-Param/raw,0,[],,,,,,
all_complete21_variants,stable_only,1,coverage80,all,all,LGA-Param/tukey,0,[],,,,,,
all_complete21_variants,stable_only,1,coverage80,all,all,Ours-main/raw,0,[],,,,,,
all_complete21_variants,stable_only,1,coverage80,all,all,Ours-main/tukey,0,[],,,,,,
all_complete21_variants,stable_only,1,coverage80,all,all,Ours-no-direction/raw,0,[],,,,,,
all_complete21_variants,stable_only,1,coverage80,all,all,Ours-no-direction/tukey,0,[],,,,,,
all_complete21_variants,stable_only,1,coverage80,all,all,Ours-no-strength/raw,0,[],,,,,,
all_complete21_variants,stable_only,1,coverage80,all,all,Ours-no-strength/tukey,0,[],,,,,,
all_complete21_variants,stable_only,1,coverage80,all,all,LGA-Visual/raw,0,[],,,,,,
all_complete21_variants,stable_only,1,coverage80,all,all,LGA-Visual/tukey,0,[],,,,,,
all_complete21_variants,stable_only,1,coverage80,all,all,LGA-Visual-no-direction/raw,0,[],,,,,,
all_complete21_variants,stable_only,1,coverage80,all,all,LGA-Visual-no-direction/tukey,0,[],,,,,,
all_complete21_variants,stable_only,1,coverage80,all,all,VisEdit-Pre-alt/current,0,[],,,,,,
all_complete21_variants,stable_only,1,coverage80,all,all,VisEdit-Direct-alt/diagnostic,0,[],,,,,,
all_complete21_variants,stable_only,1,coverage80,dataset,evqa-pilot500,Middle-Prior/raw,0,[],,,,,,
all_complete21_variants,stable_only,1,coverage80,dataset,evqa-pilot500,CMA-alt-v1.3/raw,0,[],,,,,,
all_complete21_variants,stable_only,1,coverage80,dataset,evqa-pilot500,CMA-model_pred/raw,0,[],,,,,,
all_complete21_variants,stable_only,1,coverage80,dataset,evqa-pilot500,Perturb-KL-alt/raw,0,[],,,,,,
all_complete21_variants,stable_only,1,coverage80,dataset,evqa-pilot500,SaLEM-alt/raw,0,[],,,,,,
all_complete21_variants,stable_only,1,coverage80,dataset,evqa-pilot500,LGA-Param/raw,0,[],,,,,,
all_complete21_variants,stable_only,1,coverage80,dataset,evqa-pilot500,LGA-Param/tukey,0,[],,,,,,
all_complete21_variants,stable_only,1,coverage80,dataset,evqa-pilot500,Ours-main/raw,0,[],,,,,,
all_complete21_variants,stable_only,1,coverage80,dataset,evqa-pilot500,Ours-main/tukey,0,[],,,,,,
all_complete21_variants,stable_only,1,coverage80,dataset,evqa-pilot500,Ours-no-direction/raw,0,[],,,,,,
all_complete21_variants,stable_only,1,coverage80,dataset,evqa-pilot500,Ours-no-direction/tukey,0,[],,,,,,
all_complete21_variants,stable_only,1,coverage80,dataset,evqa-pilot500,Ours-no-strength/raw,0,[],,,,,,
all_complete21_variants,stable_only,1,coverage80,dataset,evqa-pilot500,Ours-no-strength/tukey,0,[],,,,,,
all_complete21_variants,stable_only,1,coverage80,dataset,evqa-pilot500,LGA-Visual/raw,0,[],,,,,,
all_complete21_variants,stable_only,1,coverage80,dataset,evqa-pilot500,LGA-Visual/tukey,0,[],,,,,,
all_complete21_variants,stable_only,1,coverage80,dataset,evqa-pilot500,LGA-Visual-no-direction/raw,0,[],,,,,,
all_complete21_variants,stable_only,1,coverage80,dataset,evqa-pilot500,LGA-Visual-no-direction/tukey,0,[],,,,,,
all_complete21_variants,stable_only,1,coverage80,dataset,evqa-pilot500,VisEdit-Pre-alt/current,0,[],,,,,,
all_complete21_variants,stable_only,1,coverage80,dataset,evqa-pilot500,VisEdit-Direct-alt/diagnostic,0,[],,,,,,
all_complete21_variants,stable_only,1,coverage80,dataset,mmke-visual,Middle-Prior/raw,0,[],,,,,,
all_complete21_variants,stable_only,1,coverage80,dataset,mmke-visual,CMA-alt-v1.3/raw,0,[],,,,,,
all_complete21_variants,stable_only,1,coverage80,dataset,mmke-visual,CMA-model_pred/raw,0,[],,,,,,
all_complete21_variants,stable_only,1,coverage80,dataset,mmke-visual,Perturb-KL-alt/raw,0,[],,,,,,
all_complete21_variants,stable_only,1,coverage80,dataset,mmke-visual,SaLEM-alt/raw,0,[],,,,,,
all_complete21_variants,stable_only,1,coverage80,dataset,mmke-visual,LGA-Param/raw,0,[],,,,,,
all_complete21_variants,stable_only,1,coverage80,dataset,mmke-visual,LGA-Param/tukey,0,[],,,,,,
all_complete21_variants,stable_only,1,coverage80,dataset,mmke-visual,Ours-main/raw,0,[],,,,,,
all_complete21_variants,stable_only,1,coverage80,dataset,mmke-visual,Ours-main/tukey,0,[],,,,,,
all_complete21_variants,stable_only,1,coverage80,dataset,mmke-visual,Ours-no-direction/raw,0,[],,,,,,
all_complete21_variants,stable_only,1,coverage80,dataset,mmke-visual,Ours-no-direction/tukey,0,[],,,,,,
all_complete21_variants,stable_only,1,coverage80,dataset,mmke-visual,Ours-no-strength/raw,0,[],,,,,,
all_complete21_variants,stable_only,1,coverage80,dataset,mmke-visual,Ours-no-strength/tukey,0,[],,,,,,
all_complete21_variants,stable_only,1,coverage80,dataset,mmke-visual,LGA-Visual/raw,0,[],,,,,,
all_complete21_variants,stable_only,1,coverage80,dataset,mmke-visual,LGA-Visual/tukey,0,[],,,,,,
all_complete21_variants,stable_only,1,coverage80,dataset,mmke-visual,LGA-Visual-no-direction/raw,0,[],,,,,,
all_complete21_variants,stable_only,1,coverage80,dataset,mmke-visual,LGA-Visual-no-direction/tukey,0,[],,,,,,
all_complete21_variants,stable_only,1,coverage80,dataset,mmke-visual,VisEdit-Pre-alt/current,0,[],,,,,,
all_complete21_variants,stable_only,1,coverage80,dataset,mmke-visual,VisEdit-Direct-alt/diagnostic,0,[],,,,,,
all_complete21_variants,stable_only,1,coverage80,dataset,mmke-entity,Middle-Prior/raw,0,[],,,,,,
all_complete21_variants,stable_only,1,coverage80,dataset,mmke-entity,CMA-alt-v1.3/raw,0,[],,,,,,
all_complete21_variants,stable_only,1,coverage80,dataset,mmke-entity,CMA-model_pred/raw,0,[],,,,,,
all_complete21_variants,stable_only,1,coverage80,dataset,mmke-entity,Perturb-KL-alt/raw,0,[],,,,,,
all_complete21_variants,stable_only,1,coverage80,dataset,mmke-entity,SaLEM-alt/raw,0,[],,,,,,
all_complete21_variants,stable_only,1,coverage80,dataset,mmke-entity,LGA-Param/raw,0,[],,,,,,
all_complete21_variants,stable_only,1,coverage80,dataset,mmke-entity,LGA-Param/tukey,0,[],,,,,,
all_complete21_variants,stable_only,1,coverage80,dataset,mmke-entity,Ours-main/raw,0,[],,,,,,
all_complete21_variants,stable_only,1,coverage80,dataset,mmke-entity,Ours-main/tukey,0,[],,,,,,
all_complete21_variants,stable_only,1,coverage80,dataset,mmke-entity,Ours-no-direction/raw,0,[],,,,,,
all_complete21_variants,stable_only,1,coverage80,dataset,mmke-entity,Ours-no-direction/tukey,0,[],,,,,,
all_complete21_variants,stable_only,1,coverage80,dataset,mmke-entity,Ours-no-strength/raw,0,[],,,,,,
all_complete21_variants,stable_only,1,coverage80,dataset,mmke-entity,Ours-no-strength/tukey,0,[],,,,,,
all_complete21_variants,stable_only,1,coverage80,dataset,mmke-entity,LGA-Visual/raw,0,[],,,,,,
all_complete21_variants,stable_only,1,coverage80,dataset,mmke-entity,LGA-Visual/tukey,0,[],,,,,,
all_complete21_variants,stable_only,1,coverage80,dataset,mmke-entity,LGA-Visual-no-direction/raw,0,[],,,,,,
all_complete21_variants,stable_only,1,coverage80,dataset,mmke-entity,LGA-Visual-no-direction/tukey,0,[],,,,,,
all_complete21_variants,stable_only,1,coverage80,dataset,mmke-entity,VisEdit-Pre-alt/current,0,[],,,,,,
all_complete21_variants,stable_only,1,coverage80,dataset,mmke-entity,VisEdit-Direct-alt/diagnostic,0,[],,,,,,
all_complete21_variants,stable_only,3,all,all,all,Middle-Prior/raw,0,[],,,,,,
all_complete21_variants,stable_only,3,all,all,all,CMA-alt-v1.3/raw,0,[],,,,,,
all_complete21_variants,stable_only,3,all,all,all,CMA-model_pred/raw,0,[],,,,,,
all_complete21_variants,stable_only,3,all,all,all,Perturb-KL-alt/raw,0,[],,,,,,
all_complete21_variants,stable_only,3,all,all,all,SaLEM-alt/raw,0,[],,,,,,
all_complete21_variants,stable_only,3,all,all,all,LGA-Param/raw,0,[],,,,,,
all_complete21_variants,stable_only,3,all,all,all,LGA-Param/tukey,0,[],,,,,,
all_complete21_variants,stable_only,3,all,all,all,Ours-main/raw,0,[],,,,,,
all_complete21_variants,stable_only,3,all,all,all,Ours-main/tukey,0,[],,,,,,
all_complete21_variants,stable_only,3,all,all,all,Ours-no-direction/raw,0,[],,,,,,
all_complete21_variants,stable_only,3,all,all,all,Ours-no-direction/tukey,0,[],,,,,,
all_complete21_variants,stable_only,3,all,all,all,Ours-no-strength/raw,0,[],,,,,,
all_complete21_variants,stable_only,3,all,all,all,Ours-no-strength/tukey,0,[],,,,,,
all_complete21_variants,stable_only,3,all,all,all,LGA-Visual/raw,0,[],,,,,,
all_complete21_variants,stable_only,3,all,all,all,LGA-Visual/tukey,0,[],,,,,,
all_complete21_variants,stable_only,3,all,all,all,LGA-Visual-no-direction/raw,0,[],,,,,,
all_complete21_variants,stable_only,3,all,all,all,LGA-Visual-no-direction/tukey,0,[],,,,,,
all_complete21_variants,stable_only,3,all,all,all,VisEdit-Pre-alt/current,0,[],,,,,,
all_complete21_variants,stable_only,3,all,all,all,VisEdit-Direct-alt/diagnostic,0,[],,,,,,
all_complete21_variants,stable_only,3,all,dataset,evqa-pilot500,Middle-Prior/raw,0,[],,,,,,
all_complete21_variants,stable_only,3,all,dataset,evqa-pilot500,CMA-alt-v1.3/raw,0,[],,,,,,
all_complete21_variants,stable_only,3,all,dataset,evqa-pilot500,CMA-model_pred/raw,0,[],,,,,,
all_complete21_variants,stable_only,3,all,dataset,evqa-pilot500,Perturb-KL-alt/raw,0,[],,,,,,
all_complete21_variants,stable_only,3,all,dataset,evqa-pilot500,SaLEM-alt/raw,0,[],,,,,,
all_complete21_variants,stable_only,3,all,dataset,evqa-pilot500,LGA-Param/raw,0,[],,,,,,
all_complete21_variants,stable_only,3,all,dataset,evqa-pilot500,LGA-Param/tukey,0,[],,,,,,
all_complete21_variants,stable_only,3,all,dataset,evqa-pilot500,Ours-main/raw,0,[],,,,,,
all_complete21_variants,stable_only,3,all,dataset,evqa-pilot500,Ours-main/tukey,0,[],,,,,,
all_complete21_variants,stable_only,3,all,dataset,evqa-pilot500,Ours-no-direction/raw,0,[],,,,,,
all_complete21_variants,stable_only,3,all,dataset,evqa-pilot500,Ours-no-direction/tukey,0,[],,,,,,
all_complete21_variants,stable_only,3,all,dataset,evqa-pilot500,Ours-no-strength/raw,0,[],,,,,,
all_complete21_variants,stable_only,3,all,dataset,evqa-pilot500,Ours-no-strength/tukey,0,[],,,,,,
all_complete21_variants,stable_only,3,all,dataset,evqa-pilot500,LGA-Visual/raw,0,[],,,,,,
all_complete21_variants,stable_only,3,all,dataset,evqa-pilot500,LGA-Visual/tukey,0,[],,,,,,
all_complete21_variants,stable_only,3,all,dataset,evqa-pilot500,LGA-Visual-no-direction/raw,0,[],,,,,,
all_complete21_variants,stable_only,3,all,dataset,evqa-pilot500,LGA-Visual-no-direction/tukey,0,[],,,,,,
all_complete21_variants,stable_only,3,all,dataset,evqa-pilot500,VisEdit-Pre-alt/current,0,[],,,,,,
all_complete21_variants,stable_only,3,all,dataset,evqa-pilot500,VisEdit-Direct-alt/diagnostic,0,[],,,,,,
all_complete21_variants,stable_only,3,all,dataset,mmke-visual,Middle-Prior/raw,0,[],,,,,,
all_complete21_variants,stable_only,3,all,dataset,mmke-visual,CMA-alt-v1.3/raw,0,[],,,,,,
all_complete21_variants,stable_only,3,all,dataset,mmke-visual,CMA-model_pred/raw,0,[],,,,,,
all_complete21_variants,stable_only,3,all,dataset,mmke-visual,Perturb-KL-alt/raw,0,[],,,,,,
all_complete21_variants,stable_only,3,all,dataset,mmke-visual,SaLEM-alt/raw,0,[],,,,,,
all_complete21_variants,stable_only,3,all,dataset,mmke-visual,LGA-Param/raw,0,[],,,,,,
all_complete21_variants,stable_only,3,all,dataset,mmke-visual,LGA-Param/tukey,0,[],,,,,,
all_complete21_variants,stable_only,3,all,dataset,mmke-visual,Ours-main/raw,0,[],,,,,,
all_complete21_variants,stable_only,3,all,dataset,mmke-visual,Ours-main/tukey,0,[],,,,,,
all_complete21_variants,stable_only,3,all,dataset,mmke-visual,Ours-no-direction/raw,0,[],,,,,,
all_complete21_variants,stable_only,3,all,dataset,mmke-visual,Ours-no-direction/tukey,0,[],,,,,,
all_complete21_variants,stable_only,3,all,dataset,mmke-visual,Ours-no-strength/raw,0,[],,,,,,
all_complete21_variants,stable_only,3,all,dataset,mmke-visual,Ours-no-strength/tukey,0,[],,,,,,
all_complete21_variants,stable_only,3,all,dataset,mmke-visual,LGA-Visual/raw,0,[],,,,,,
all_complete21_variants,stable_only,3,all,dataset,mmke-visual,LGA-Visual/tukey,0,[],,,,,,
all_complete21_variants,stable_only,3,all,dataset,mmke-visual,LGA-Visual-no-direction/raw,0,[],,,,,,
all_complete21_variants,stable_only,3,all,dataset,mmke-visual,LGA-Visual-no-direction/tukey,0,[],,,,,,
all_complete21_variants,stable_only,3,all,dataset,mmke-visual,VisEdit-Pre-alt/current,0,[],,,,,,
all_complete21_variants,stable_only,3,all,dataset,mmke-visual,VisEdit-Direct-alt/diagnostic,0,[],,,,,,
all_complete21_variants,stable_only,3,all,dataset,mmke-entity,Middle-Prior/raw,0,[],,,,,,
all_complete21_variants,stable_only,3,all,dataset,mmke-entity,CMA-alt-v1.3/raw,0,[],,,,,,
all_complete21_variants,stable_only,3,all,dataset,mmke-entity,CMA-model_pred/raw,0,[],,,,,,
all_complete21_variants,stable_only,3,all,dataset,mmke-entity,Perturb-KL-alt/raw,0,[],,,,,,
all_complete21_variants,stable_only,3,all,dataset,mmke-entity,SaLEM-alt/raw,0,[],,,,,,
all_complete21_variants,stable_only,3,all,dataset,mmke-entity,LGA-Param/raw,0,[],,,,,,
all_complete21_variants,stable_only,3,all,dataset,mmke-entity,LGA-Param/tukey,0,[],,,,,,
all_complete21_variants,stable_only,3,all,dataset,mmke-entity,Ours-main/raw,0,[],,,,,,
all_complete21_variants,stable_only,3,all,dataset,mmke-entity,Ours-main/tukey,0,[],,,,,,
all_complete21_variants,stable_only,3,all,dataset,mmke-entity,Ours-no-direction/raw,0,[],,,,,,
all_complete21_variants,stable_only,3,all,dataset,mmke-entity,Ours-no-direction/tukey,0,[],,,,,,
all_complete21_variants,stable_only,3,all,dataset,mmke-entity,Ours-no-strength/raw,0,[],,,,,,
all_complete21_variants,stable_only,3,all,dataset,mmke-entity,Ours-no-strength/tukey,0,[],,,,,,
all_complete21_variants,stable_only,3,all,dataset,mmke-entity,LGA-Visual/raw,0,[],,,,,,
all_complete21_variants,stable_only,3,all,dataset,mmke-entity,LGA-Visual/tukey,0,[],,,,,,
all_complete21_variants,stable_only,3,all,dataset,mmke-entity,LGA-Visual-no-direction/raw,0,[],,,,,,
all_complete21_variants,stable_only,3,all,dataset,mmke-entity,LGA-Visual-no-direction/tukey,0,[],,,,,,
all_complete21_variants,stable_only,3,all,dataset,mmke-entity,VisEdit-Pre-alt/current,0,[],,,,,,
all_complete21_variants,stable_only,3,all,dataset,mmke-entity,VisEdit-Direct-alt/diagnostic,0,[],,,,,,
all_complete21_variants,stable_only,3,coverage80,all,all,Middle-Prior/raw,0,[],,,,,,
all_complete21_variants,stable_only,3,coverage80,all,all,CMA-alt-v1.3/raw,0,[],,,,,,
all_complete21_variants,stable_only,3,coverage80,all,all,CMA-model_pred/raw,0,[],,,,,,
all_complete21_variants,stable_only,3,coverage80,all,all,Perturb-KL-alt/raw,0,[],,,,,,
all_complete21_variants,stable_only,3,coverage80,all,all,SaLEM-alt/raw,0,[],,,,,,
all_complete21_variants,stable_only,3,coverage80,all,all,LGA-Param/raw,0,[],,,,,,
all_complete21_variants,stable_only,3,coverage80,all,all,LGA-Param/tukey,0,[],,,,,,
all_complete21_variants,stable_only,3,coverage80,all,all,Ours-main/raw,0,[],,,,,,
all_complete21_variants,stable_only,3,coverage80,all,all,Ours-main/tukey,0,[],,,,,,
all_complete21_variants,stable_only,3,coverage80,all,all,Ours-no-direction/raw,0,[],,,,,,
all_complete21_variants,stable_only,3,coverage80,all,all,Ours-no-direction/tukey,0,[],,,,,,
all_complete21_variants,stable_only,3,coverage80,all,all,Ours-no-strength/raw,0,[],,,,,,
all_complete21_variants,stable_only,3,coverage80,all,all,Ours-no-strength/tukey,0,[],,,,,,
all_complete21_variants,stable_only,3,coverage80,all,all,LGA-Visual/raw,0,[],,,,,,
all_complete21_variants,stable_only,3,coverage80,all,all,LGA-Visual/tukey,0,[],,,,,,
all_complete21_variants,stable_only,3,coverage80,all,all,LGA-Visual-no-direction/raw,0,[],,,,,,
all_complete21_variants,stable_only,3,coverage80,all,all,LGA-Visual-no-direction/tukey,0,[],,,,,,
all_complete21_variants,stable_only,3,coverage80,all,all,VisEdit-Pre-alt/current,0,[],,,,,,
all_complete21_variants,stable_only,3,coverage80,all,all,VisEdit-Direct-alt/diagnostic,0,[],,,,,,
all_complete21_variants,stable_only,3,coverage80,dataset,evqa-pilot500,Middle-Prior/raw,0,[],,,,,,
all_complete21_variants,stable_only,3,coverage80,dataset,evqa-pilot500,CMA-alt-v1.3/raw,0,[],,,,,,
all_complete21_variants,stable_only,3,coverage80,dataset,evqa-pilot500,CMA-model_pred/raw,0,[],,,,,,
all_complete21_variants,stable_only,3,coverage80,dataset,evqa-pilot500,Perturb-KL-alt/raw,0,[],,,,,,
all_complete21_variants,stable_only,3,coverage80,dataset,evqa-pilot500,SaLEM-alt/raw,0,[],,,,,,
all_complete21_variants,stable_only,3,coverage80,dataset,evqa-pilot500,LGA-Param/raw,0,[],,,,,,
all_complete21_variants,stable_only,3,coverage80,dataset,evqa-pilot500,LGA-Param/tukey,0,[],,,,,,
all_complete21_variants,stable_only,3,coverage80,dataset,evqa-pilot500,Ours-main/raw,0,[],,,,,,
all_complete21_variants,stable_only,3,coverage80,dataset,evqa-pilot500,Ours-main/tukey,0,[],,,,,,
all_complete21_variants,stable_only,3,coverage80,dataset,evqa-pilot500,Ours-no-direction/raw,0,[],,,,,,
all_complete21_variants,stable_only,3,coverage80,dataset,evqa-pilot500,Ours-no-direction/tukey,0,[],,,,,,
all_complete21_variants,stable_only,3,coverage80,dataset,evqa-pilot500,Ours-no-strength/raw,0,[],,,,,,
all_complete21_variants,stable_only,3,coverage80,dataset,evqa-pilot500,Ours-no-strength/tukey,0,[],,,,,,
all_complete21_variants,stable_only,3,coverage80,dataset,evqa-pilot500,LGA-Visual/raw,0,[],,,,,,
all_complete21_variants,stable_only,3,coverage80,dataset,evqa-pilot500,LGA-Visual/tukey,0,[],,,,,,
all_complete21_variants,stable_only,3,coverage80,dataset,evqa-pilot500,LGA-Visual-no-direction/raw,0,[],,,,,,
all_complete21_variants,stable_only,3,coverage80,dataset,evqa-pilot500,LGA-Visual-no-direction/tukey,0,[],,,,,,
all_complete21_variants,stable_only,3,coverage80,dataset,evqa-pilot500,VisEdit-Pre-alt/current,0,[],,,,,,
all_complete21_variants,stable_only,3,coverage80,dataset,evqa-pilot500,VisEdit-Direct-alt/diagnostic,0,[],,,,,,
all_complete21_variants,stable_only,3,coverage80,dataset,mmke-visual,Middle-Prior/raw,0,[],,,,,,
all_complete21_variants,stable_only,3,coverage80,dataset,mmke-visual,CMA-alt-v1.3/raw,0,[],,,,,,
all_complete21_variants,stable_only,3,coverage80,dataset,mmke-visual,CMA-model_pred/raw,0,[],,,,,,
all_complete21_variants,stable_only,3,coverage80,dataset,mmke-visual,Perturb-KL-alt/raw,0,[],,,,,,
all_complete21_variants,stable_only,3,coverage80,dataset,mmke-visual,SaLEM-alt/raw,0,[],,,,,,
all_complete21_variants,stable_only,3,coverage80,dataset,mmke-visual,LGA-Param/raw,0,[],,,,,,
all_complete21_variants,stable_only,3,coverage80,dataset,mmke-visual,LGA-Param/tukey,0,[],,,,,,
all_complete21_variants,stable_only,3,coverage80,dataset,mmke-visual,Ours-main/raw,0,[],,,,,,
all_complete21_variants,stable_only,3,coverage80,dataset,mmke-visual,Ours-main/tukey,0,[],,,,,,
all_complete21_variants,stable_only,3,coverage80,dataset,mmke-visual,Ours-no-direction/raw,0,[],,,,,,
all_complete21_variants,stable_only,3,coverage80,dataset,mmke-visual,Ours-no-direction/tukey,0,[],,,,,,
all_complete21_variants,stable_only,3,coverage80,dataset,mmke-visual,Ours-no-strength/raw,0,[],,,,,,
all_complete21_variants,stable_only,3,coverage80,dataset,mmke-visual,Ours-no-strength/tukey,0,[],,,,,,
all_complete21_variants,stable_only,3,coverage80,dataset,mmke-visual,LGA-Visual/raw,0,[],,,,,,
all_complete21_variants,stable_only,3,coverage80,dataset,mmke-visual,LGA-Visual/tukey,0,[],,,,,,
all_complete21_variants,stable_only,3,coverage80,dataset,mmke-visual,LGA-Visual-no-direction/raw,0,[],,,,,,
all_complete21_variants,stable_only,3,coverage80,dataset,mmke-visual,LGA-Visual-no-direction/tukey,0,[],,,,,,
all_complete21_variants,stable_only,3,coverage80,dataset,mmke-visual,VisEdit-Pre-alt/current,0,[],,,,,,
all_complete21_variants,stable_only,3,coverage80,dataset,mmke-visual,VisEdit-Direct-alt/diagnostic,0,[],,,,,,
all_complete21_variants,stable_only,3,coverage80,dataset,mmke-entity,Middle-Prior/raw,0,[],,,,,,
all_complete21_variants,stable_only,3,coverage80,dataset,mmke-entity,CMA-alt-v1.3/raw,0,[],,,,,,
all_complete21_variants,stable_only,3,coverage80,dataset,mmke-entity,CMA-model_pred/raw,0,[],,,,,,
all_complete21_variants,stable_only,3,coverage80,dataset,mmke-entity,Perturb-KL-alt/raw,0,[],,,,,,
all_complete21_variants,stable_only,3,coverage80,dataset,mmke-entity,SaLEM-alt/raw,0,[],,,,,,
all_complete21_variants,stable_only,3,coverage80,dataset,mmke-entity,LGA-Param/raw,0,[],,,,,,
all_complete21_variants,stable_only,3,coverage80,dataset,mmke-entity,LGA-Param/tukey,0,[],,,,,,
all_complete21_variants,stable_only,3,coverage80,dataset,mmke-entity,Ours-main/raw,0,[],,,,,,
all_complete21_variants,stable_only,3,coverage80,dataset,mmke-entity,Ours-main/tukey,0,[],,,,,,
all_complete21_variants,stable_only,3,coverage80,dataset,mmke-entity,Ours-no-direction/raw,0,[],,,,,,
all_complete21_variants,stable_only,3,coverage80,dataset,mmke-entity,Ours-no-direction/tukey,0,[],,,,,,
all_complete21_variants,stable_only,3,coverage80,dataset,mmke-entity,Ours-no-strength/raw,0,[],,,,,,
all_complete21_variants,stable_only,3,coverage80,dataset,mmke-entity,Ours-no-strength/tukey,0,[],,,,,,
all_complete21_variants,stable_only,3,coverage80,dataset,mmke-entity,LGA-Visual/raw,0,[],,,,,,
all_complete21_variants,stable_only,3,coverage80,dataset,mmke-entity,LGA-Visual/tukey,0,[],,,,,,
all_complete21_variants,stable_only,3,coverage80,dataset,mmke-entity,LGA-Visual-no-direction/raw,0,[],,,,,,
all_complete21_variants,stable_only,3,coverage80,dataset,mmke-entity,LGA-Visual-no-direction/tukey,0,[],,,,,,
all_complete21_variants,stable_only,3,coverage80,dataset,mmke-entity,VisEdit-Pre-alt/current,0,[],,,,,,
all_complete21_variants,stable_only,3,coverage80,dataset,mmke-entity,VisEdit-Direct-alt/diagnostic,0,[],,,,,,
all_complete21_variants,stable_only,5,all,all,all,Middle-Prior/raw,0,[],,,,,,
all_complete21_variants,stable_only,5,all,all,all,CMA-alt-v1.3/raw,0,[],,,,,,
all_complete21_variants,stable_only,5,all,all,all,CMA-model_pred/raw,0,[],,,,,,
all_complete21_variants,stable_only,5,all,all,all,Perturb-KL-alt/raw,0,[],,,,,,
all_complete21_variants,stable_only,5,all,all,all,SaLEM-alt/raw,0,[],,,,,,
all_complete21_variants,stable_only,5,all,all,all,LGA-Param/raw,0,[],,,,,,
all_complete21_variants,stable_only,5,all,all,all,LGA-Param/tukey,0,[],,,,,,
all_complete21_variants,stable_only,5,all,all,all,Ours-main/raw,0,[],,,,,,
all_complete21_variants,stable_only,5,all,all,all,Ours-main/tukey,0,[],,,,,,
all_complete21_variants,stable_only,5,all,all,all,Ours-no-direction/raw,0,[],,,,,,
all_complete21_variants,stable_only,5,all,all,all,Ours-no-direction/tukey,0,[],,,,,,
all_complete21_variants,stable_only,5,all,all,all,Ours-no-strength/raw,0,[],,,,,,
all_complete21_variants,stable_only,5,all,all,all,Ours-no-strength/tukey,0,[],,,,,,
all_complete21_variants,stable_only,5,all,all,all,LGA-Visual/raw,0,[],,,,,,
all_complete21_variants,stable_only,5,all,all,all,LGA-Visual/tukey,0,[],,,,,,
all_complete21_variants,stable_only,5,all,all,all,LGA-Visual-no-direction/raw,0,[],,,,,,
all_complete21_variants,stable_only,5,all,all,all,LGA-Visual-no-direction/tukey,0,[],,,,,,
all_complete21_variants,stable_only,5,all,all,all,VisEdit-Pre-alt/current,0,[],,,,,,
all_complete21_variants,stable_only,5,all,all,all,VisEdit-Direct-alt/diagnostic,0,[],,,,,,
all_complete21_variants,stable_only,5,all,dataset,evqa-pilot500,Middle-Prior/raw,0,[],,,,,,
all_complete21_variants,stable_only,5,all,dataset,evqa-pilot500,CMA-alt-v1.3/raw,0,[],,,,,,
all_complete21_variants,stable_only,5,all,dataset,evqa-pilot500,CMA-model_pred/raw,0,[],,,,,,
all_complete21_variants,stable_only,5,all,dataset,evqa-pilot500,Perturb-KL-alt/raw,0,[],,,,,,
all_complete21_variants,stable_only,5,all,dataset,evqa-pilot500,SaLEM-alt/raw,0,[],,,,,,
all_complete21_variants,stable_only,5,all,dataset,evqa-pilot500,LGA-Param/raw,0,[],,,,,,
all_complete21_variants,stable_only,5,all,dataset,evqa-pilot500,LGA-Param/tukey,0,[],,,,,,
all_complete21_variants,stable_only,5,all,dataset,evqa-pilot500,Ours-main/raw,0,[],,,,,,
all_complete21_variants,stable_only,5,all,dataset,evqa-pilot500,Ours-main/tukey,0,[],,,,,,
all_complete21_variants,stable_only,5,all,dataset,evqa-pilot500,Ours-no-direction/raw,0,[],,,,,,
all_complete21_variants,stable_only,5,all,dataset,evqa-pilot500,Ours-no-direction/tukey,0,[],,,,,,
all_complete21_variants,stable_only,5,all,dataset,evqa-pilot500,Ours-no-strength/raw,0,[],,,,,,
all_complete21_variants,stable_only,5,all,dataset,evqa-pilot500,Ours-no-strength/tukey,0,[],,,,,,
all_complete21_variants,stable_only,5,all,dataset,evqa-pilot500,LGA-Visual/raw,0,[],,,,,,
all_complete21_variants,stable_only,5,all,dataset,evqa-pilot500,LGA-Visual/tukey,0,[],,,,,,
all_complete21_variants,stable_only,5,all,dataset,evqa-pilot500,LGA-Visual-no-direction/raw,0,[],,,,,,
all_complete21_variants,stable_only,5,all,dataset,evqa-pilot500,LGA-Visual-no-direction/tukey,0,[],,,,,,
all_complete21_variants,stable_only,5,all,dataset,evqa-pilot500,VisEdit-Pre-alt/current,0,[],,,,,,
all_complete21_variants,stable_only,5,all,dataset,evqa-pilot500,VisEdit-Direct-alt/diagnostic,0,[],,,,,,
all_complete21_variants,stable_only,5,all,dataset,mmke-visual,Middle-Prior/raw,0,[],,,,,,
all_complete21_variants,stable_only,5,all,dataset,mmke-visual,CMA-alt-v1.3/raw,0,[],,,,,,
all_complete21_variants,stable_only,5,all,dataset,mmke-visual,CMA-model_pred/raw,0,[],,,,,,
all_complete21_variants,stable_only,5,all,dataset,mmke-visual,Perturb-KL-alt/raw,0,[],,,,,,
all_complete21_variants,stable_only,5,all,dataset,mmke-visual,SaLEM-alt/raw,0,[],,,,,,
all_complete21_variants,stable_only,5,all,dataset,mmke-visual,LGA-Param/raw,0,[],,,,,,
all_complete21_variants,stable_only,5,all,dataset,mmke-visual,LGA-Param/tukey,0,[],,,,,,
all_complete21_variants,stable_only,5,all,dataset,mmke-visual,Ours-main/raw,0,[],,,,,,
all_complete21_variants,stable_only,5,all,dataset,mmke-visual,Ours-main/tukey,0,[],,,,,,
all_complete21_variants,stable_only,5,all,dataset,mmke-visual,Ours-no-direction/raw,0,[],,,,,,
all_complete21_variants,stable_only,5,all,dataset,mmke-visual,Ours-no-direction/tukey,0,[],,,,,,
all_complete21_variants,stable_only,5,all,dataset,mmke-visual,Ours-no-strength/raw,0,[],,,,,,
all_complete21_variants,stable_only,5,all,dataset,mmke-visual,Ours-no-strength/tukey,0,[],,,,,,
all_complete21_variants,stable_only,5,all,dataset,mmke-visual,LGA-Visual/raw,0,[],,,,,,
all_complete21_variants,stable_only,5,all,dataset,mmke-visual,LGA-Visual/tukey,0,[],,,,,,
all_complete21_variants,stable_only,5,all,dataset,mmke-visual,LGA-Visual-no-direction/raw,0,[],,,,,,
all_complete21_variants,stable_only,5,all,dataset,mmke-visual,LGA-Visual-no-direction/tukey,0,[],,,,,,
all_complete21_variants,stable_only,5,all,dataset,mmke-visual,VisEdit-Pre-alt/current,0,[],,,,,,
all_complete21_variants,stable_only,5,all,dataset,mmke-visual,VisEdit-Direct-alt/diagnostic,0,[],,,,,,
all_complete21_variants,stable_only,5,all,dataset,mmke-entity,Middle-Prior/raw,0,[],,,,,,
all_complete21_variants,stable_only,5,all,dataset,mmke-entity,CMA-alt-v1.3/raw,0,[],,,,,,
all_complete21_variants,stable_only,5,all,dataset,mmke-entity,CMA-model_pred/raw,0,[],,,,,,
all_complete21_variants,stable_only,5,all,dataset,mmke-entity,Perturb-KL-alt/raw,0,[],,,,,,
all_complete21_variants,stable_only,5,all,dataset,mmke-entity,SaLEM-alt/raw,0,[],,,,,,
all_complete21_variants,stable_only,5,all,dataset,mmke-entity,LGA-Param/raw,0,[],,,,,,
all_complete21_variants,stable_only,5,all,dataset,mmke-entity,LGA-Param/tukey,0,[],,,,,,
all_complete21_variants,stable_only,5,all,dataset,mmke-entity,Ours-main/raw,0,[],,,,,,
all_complete21_variants,stable_only,5,all,dataset,mmke-entity,Ours-main/tukey,0,[],,,,,,
all_complete21_variants,stable_only,5,all,dataset,mmke-entity,Ours-no-direction/raw,0,[],,,,,,
all_complete21_variants,stable_only,5,all,dataset,mmke-entity,Ours-no-direction/tukey,0,[],,,,,,
all_complete21_variants,stable_only,5,all,dataset,mmke-entity,Ours-no-strength/raw,0,[],,,,,,
all_complete21_variants,stable_only,5,all,dataset,mmke-entity,Ours-no-strength/tukey,0,[],,,,,,
all_complete21_variants,stable_only,5,all,dataset,mmke-entity,LGA-Visual/raw,0,[],,,,,,
all_complete21_variants,stable_only,5,all,dataset,mmke-entity,LGA-Visual/tukey,0,[],,,,,,
all_complete21_variants,stable_only,5,all,dataset,mmke-entity,LGA-Visual-no-direction/raw,0,[],,,,,,
all_complete21_variants,stable_only,5,all,dataset,mmke-entity,LGA-Visual-no-direction/tukey,0,[],,,,,,
all_complete21_variants,stable_only,5,all,dataset,mmke-entity,VisEdit-Pre-alt/current,0,[],,,,,,
all_complete21_variants,stable_only,5,all,dataset,mmke-entity,VisEdit-Direct-alt/diagnostic,0,[],,,,,,
all_complete21_variants,stable_only,5,coverage80,all,all,Middle-Prior/raw,0,[],,,,,,
all_complete21_variants,stable_only,5,coverage80,all,all,CMA-alt-v1.3/raw,0,[],,,,,,
all_complete21_variants,stable_only,5,coverage80,all,all,CMA-model_pred/raw,0,[],,,,,,
all_complete21_variants,stable_only,5,coverage80,all,all,Perturb-KL-alt/raw,0,[],,,,,,
all_complete21_variants,stable_only,5,coverage80,all,all,SaLEM-alt/raw,0,[],,,,,,
all_complete21_variants,stable_only,5,coverage80,all,all,LGA-Param/raw,0,[],,,,,,
all_complete21_variants,stable_only,5,coverage80,all,all,LGA-Param/tukey,0,[],,,,,,
all_complete21_variants,stable_only,5,coverage80,all,all,Ours-main/raw,0,[],,,,,,
all_complete21_variants,stable_only,5,coverage80,all,all,Ours-main/tukey,0,[],,,,,,
all_complete21_variants,stable_only,5,coverage80,all,all,Ours-no-direction/raw,0,[],,,,,,
all_complete21_variants,stable_only,5,coverage80,all,all,Ours-no-direction/tukey,0,[],,,,,,
all_complete21_variants,stable_only,5,coverage80,all,all,Ours-no-strength/raw,0,[],,,,,,
all_complete21_variants,stable_only,5,coverage80,all,all,Ours-no-strength/tukey,0,[],,,,,,
all_complete21_variants,stable_only,5,coverage80,all,all,LGA-Visual/raw,0,[],,,,,,
all_complete21_variants,stable_only,5,coverage80,all,all,LGA-Visual/tukey,0,[],,,,,,
all_complete21_variants,stable_only,5,coverage80,all,all,LGA-Visual-no-direction/raw,0,[],,,,,,
all_complete21_variants,stable_only,5,coverage80,all,all,LGA-Visual-no-direction/tukey,0,[],,,,,,
all_complete21_variants,stable_only,5,coverage80,all,all,VisEdit-Pre-alt/current,0,[],,,,,,
all_complete21_variants,stable_only,5,coverage80,all,all,VisEdit-Direct-alt/diagnostic,0,[],,,,,,
all_complete21_variants,stable_only,5,coverage80,dataset,evqa-pilot500,Middle-Prior/raw,0,[],,,,,,
all_complete21_variants,stable_only,5,coverage80,dataset,evqa-pilot500,CMA-alt-v1.3/raw,0,[],,,,,,
all_complete21_variants,stable_only,5,coverage80,dataset,evqa-pilot500,CMA-model_pred/raw,0,[],,,,,,
all_complete21_variants,stable_only,5,coverage80,dataset,evqa-pilot500,Perturb-KL-alt/raw,0,[],,,,,,
all_complete21_variants,stable_only,5,coverage80,dataset,evqa-pilot500,SaLEM-alt/raw,0,[],,,,,,
all_complete21_variants,stable_only,5,coverage80,dataset,evqa-pilot500,LGA-Param/raw,0,[],,,,,,
all_complete21_variants,stable_only,5,coverage80,dataset,evqa-pilot500,LGA-Param/tukey,0,[],,,,,,
all_complete21_variants,stable_only,5,coverage80,dataset,evqa-pilot500,Ours-main/raw,0,[],,,,,,
all_complete21_variants,stable_only,5,coverage80,dataset,evqa-pilot500,Ours-main/tukey,0,[],,,,,,
all_complete21_variants,stable_only,5,coverage80,dataset,evqa-pilot500,Ours-no-direction/raw,0,[],,,,,,
all_complete21_variants,stable_only,5,coverage80,dataset,evqa-pilot500,Ours-no-direction/tukey,0,[],,,,,,
all_complete21_variants,stable_only,5,coverage80,dataset,evqa-pilot500,Ours-no-strength/raw,0,[],,,,,,
all_complete21_variants,stable_only,5,coverage80,dataset,evqa-pilot500,Ours-no-strength/tukey,0,[],,,,,,
all_complete21_variants,stable_only,5,coverage80,dataset,evqa-pilot500,LGA-Visual/raw,0,[],,,,,,
all_complete21_variants,stable_only,5,coverage80,dataset,evqa-pilot500,LGA-Visual/tukey,0,[],,,,,,
all_complete21_variants,stable_only,5,coverage80,dataset,evqa-pilot500,LGA-Visual-no-direction/raw,0,[],,,,,,
all_complete21_variants,stable_only,5,coverage80,dataset,evqa-pilot500,LGA-Visual-no-direction/tukey,0,[],,,,,,
all_complete21_variants,stable_only,5,coverage80,dataset,evqa-pilot500,VisEdit-Pre-alt/current,0,[],,,,,,
all_complete21_variants,stable_only,5,coverage80,dataset,evqa-pilot500,VisEdit-Direct-alt/diagnostic,0,[],,,,,,
all_complete21_variants,stable_only,5,coverage80,dataset,mmke-visual,Middle-Prior/raw,0,[],,,,,,
all_complete21_variants,stable_only,5,coverage80,dataset,mmke-visual,CMA-alt-v1.3/raw,0,[],,,,,,
all_complete21_variants,stable_only,5,coverage80,dataset,mmke-visual,CMA-model_pred/raw,0,[],,,,,,
all_complete21_variants,stable_only,5,coverage80,dataset,mmke-visual,Perturb-KL-alt/raw,0,[],,,,,,
all_complete21_variants,stable_only,5,coverage80,dataset,mmke-visual,SaLEM-alt/raw,0,[],,,,,,
all_complete21_variants,stable_only,5,coverage80,dataset,mmke-visual,LGA-Param/raw,0,[],,,,,,
all_complete21_variants,stable_only,5,coverage80,dataset,mmke-visual,LGA-Param/tukey,0,[],,,,,,
all_complete21_variants,stable_only,5,coverage80,dataset,mmke-visual,Ours-main/raw,0,[],,,,,,
all_complete21_variants,stable_only,5,coverage80,dataset,mmke-visual,Ours-main/tukey,0,[],,,,,,
all_complete21_variants,stable_only,5,coverage80,dataset,mmke-visual,Ours-no-direction/raw,0,[],,,,,,
all_complete21_variants,stable_only,5,coverage80,dataset,mmke-visual,Ours-no-direction/tukey,0,[],,,,,,
all_complete21_variants,stable_only,5,coverage80,dataset,mmke-visual,Ours-no-strength/raw,0,[],,,,,,
all_complete21_variants,stable_only,5,coverage80,dataset,mmke-visual,Ours-no-strength/tukey,0,[],,,,,,
all_complete21_variants,stable_only,5,coverage80,dataset,mmke-visual,LGA-Visual/raw,0,[],,,,,,
all_complete21_variants,stable_only,5,coverage80,dataset,mmke-visual,LGA-Visual/tukey,0,[],,,,,,
all_complete21_variants,stable_only,5,coverage80,dataset,mmke-visual,LGA-Visual-no-direction/raw,0,[],,,,,,
all_complete21_variants,stable_only,5,coverage80,dataset,mmke-visual,LGA-Visual-no-direction/tukey,0,[],,,,,,
all_complete21_variants,stable_only,5,coverage80,dataset,mmke-visual,VisEdit-Pre-alt/current,0,[],,,,,,
all_complete21_variants,stable_only,5,coverage80,dataset,mmke-visual,VisEdit-Direct-alt/diagnostic,0,[],,,,,,
all_complete21_variants,stable_only,5,coverage80,dataset,mmke-entity,Middle-Prior/raw,0,[],,,,,,
all_complete21_variants,stable_only,5,coverage80,dataset,mmke-entity,CMA-alt-v1.3/raw,0,[],,,,,,
all_complete21_variants,stable_only,5,coverage80,dataset,mmke-entity,CMA-model_pred/raw,0,[],,,,,,
all_complete21_variants,stable_only,5,coverage80,dataset,mmke-entity,Perturb-KL-alt/raw,0,[],,,,,,
all_complete21_variants,stable_only,5,coverage80,dataset,mmke-entity,SaLEM-alt/raw,0,[],,,,,,
all_complete21_variants,stable_only,5,coverage80,dataset,mmke-entity,LGA-Param/raw,0,[],,,,,,
all_complete21_variants,stable_only,5,coverage80,dataset,mmke-entity,LGA-Param/tukey,0,[],,,,,,
all_complete21_variants,stable_only,5,coverage80,dataset,mmke-entity,Ours-main/raw,0,[],,,,,,
all_complete21_variants,stable_only,5,coverage80,dataset,mmke-entity,Ours-main/tukey,0,[],,,,,,
all_complete21_variants,stable_only,5,coverage80,dataset,mmke-entity,Ours-no-direction/raw,0,[],,,,,,
all_complete21_variants,stable_only,5,coverage80,dataset,mmke-entity,Ours-no-direction/tukey,0,[],,,,,,
all_complete21_variants,stable_only,5,coverage80,dataset,mmke-entity,Ours-no-strength/raw,0,[],,,,,,
all_complete21_variants,stable_only,5,coverage80,dataset,mmke-entity,Ours-no-strength/tukey,0,[],,,,,,
all_complete21_variants,stable_only,5,coverage80,dataset,mmke-entity,LGA-Visual/raw,0,[],,,,,,
all_complete21_variants,stable_only,5,coverage80,dataset,mmke-entity,LGA-Visual/tukey,0,[],,,,,,
all_complete21_variants,stable_only,5,coverage80,dataset,mmke-entity,LGA-Visual-no-direction/raw,0,[],,,,,,
all_complete21_variants,stable_only,5,coverage80,dataset,mmke-entity,LGA-Visual-no-direction/tukey,0,[],,,,,,
all_complete21_variants,stable_only,5,coverage80,dataset,mmke-entity,VisEdit-Pre-alt/current,0,[],,,,,,
all_complete21_variants,stable_only,5,coverage80,dataset,mmke-entity,VisEdit-Direct-alt/diagnostic,0,[],,,,,,
visual_formulas,observed_main,1,all,all,all,Ours-main/raw,9,"[""evqa-pilot500/blip2-opt-2.7b"", ""evqa-pilot500/minigpt-4-vicuna-7b"", ""evqa-pilot500/llava-v1.5-7b"", ""evqa-pilot500/qwen2.5-vl-3b"", ""mmke-visual/instructblip-vicuna-7b"", ""mmke-visual/qwen2.5-vl-3b"", ""mmke-visual/paligemma-3b"", ""mmke-entity/instructblip-vicuna-7b"", ""mmke-entity/paligemma-3b""]",67.24288888888888,67.24288888888888,9.874444444444448,0.2222222222222222,4.291206844644891,4.291206844644891
visual_formulas,observed_main,1,all,all,all,Ours-main/tukey,9,"[""evqa-pilot500/blip2-opt-2.7b"", ""evqa-pilot500/minigpt-4-vicuna-7b"", ""evqa-pilot500/llava-v1.5-7b"", ""evqa-pilot500/qwen2.5-vl-3b"", ""mmke-visual/instructblip-vicuna-7b"", ""mmke-visual/qwen2.5-vl-3b"", ""mmke-visual/paligemma-3b"", ""mmke-entity/instructblip-vicuna-7b"", ""mmke-entity/paligemma-3b""]",67.2808888888889,67.2808888888889,9.836444444444448,0.2222222222222222,4.32920684464489,4.32920684464489
visual_formulas,observed_main,1,all,all,all,Ours-no-direction/raw,9,"[""evqa-pilot500/blip2-opt-2.7b"", ""evqa-pilot500/minigpt-4-vicuna-7b"", ""evqa-pilot500/llava-v1.5-7b"", ""evqa-pilot500/qwen2.5-vl-3b"", ""mmke-visual/instructblip-vicuna-7b"", ""mmke-visual/qwen2.5-vl-3b"", ""mmke-visual/paligemma-3b"", ""mmke-entity/instructblip-vicuna-7b"", ""mmke-entity/paligemma-3b""]",71.00977777777778,71.00977777777778,6.10755555555556,0.1111111111111111,8.05809573353378,8.05809573353378
visual_formulas,observed_main,1,all,all,all,Ours-no-direction/tukey,9,"[""evqa-pilot500/blip2-opt-2.7b"", ""evqa-pilot500/minigpt-4-vicuna-7b"", ""evqa-pilot500/llava-v1.5-7b"", ""evqa-pilot500/qwen2.5-vl-3b"", ""mmke-visual/instructblip-vicuna-7b"", ""mmke-visual/qwen2.5-vl-3b"", ""mmke-visual/paligemma-3b"", ""mmke-entity/instructblip-vicuna-7b"", ""mmke-entity/paligemma-3b""]",71.04777777777778,71.04777777777778,6.06955555555556,0.1111111111111111,8.09609573353378,8.09609573353378
visual_formulas,observed_main,1,all,all,all,Ours-no-strength/raw,9,"[""evqa-pilot500/blip2-opt-2.7b"", ""evqa-pilot500/minigpt-4-vicuna-7b"", ""evqa-pilot500/llava-v1.5-7b"", ""evqa-pilot500/qwen2.5-vl-3b"", ""mmke-visual/instructblip-vicuna-7b"", ""mmke-visual/qwen2.5-vl-3b"", ""mmke-visual/paligemma-3b"", ""mmke-entity/instructblip-vicuna-7b"", ""mmke-entity/paligemma-3b""]",61.53911111111111,61.53911111111111,15.57822222222223,0,-1.4125709331328906,-1.4125709331328906
visual_formulas,observed_main,1,all,all,all,Ours-no-strength/tukey,9,"[""evqa-pilot500/blip2-opt-2.7b"", ""evqa-pilot500/minigpt-4-vicuna-7b"", ""evqa-pilot500/llava-v1.5-7b"", ""evqa-pilot500/qwen2.5-vl-3b"", ""mmke-visual/instructblip-vicuna-7b"", ""mmke-visual/qwen2.5-vl-3b"", ""mmke-visual/paligemma-3b"", ""mmke-entity/instructblip-vicuna-7b"", ""mmke-entity/paligemma-3b""]",62.40288888888889,62.40288888888889,14.714444444444451,0,-0.548793155355112,-0.548793155355112
visual_formulas,observed_main,1,all,all,all,LGA-Visual/raw,9,"[""evqa-pilot500/blip2-opt-2.7b"", ""evqa-pilot500/minigpt-4-vicuna-7b"", ""evqa-pilot500/llava-v1.5-7b"", ""evqa-pilot500/qwen2.5-vl-3b"", ""mmke-visual/instructblip-vicuna-7b"", ""mmke-visual/qwen2.5-vl-3b"", ""mmke-visual/paligemma-3b"", ""mmke-entity/instructblip-vicuna-7b"", ""mmke-entity/paligemma-3b""]",67.95977777777777,67.95977777777777,9.157555555555561,0.1111111111111111,5.008095733533778,5.008095733533778
visual_formulas,observed_main,1,all,all,all,LGA-Visual/tukey,9,"[""evqa-pilot500/blip2-opt-2.7b"", ""evqa-pilot500/minigpt-4-vicuna-7b"", ""evqa-pilot500/llava-v1.5-7b"", ""evqa-pilot500/qwen2.5-vl-3b"", ""mmke-visual/instructblip-vicuna-7b"", ""mmke-visual/qwen2.5-vl-3b"", ""mmke-visual/paligemma-3b"", ""mmke-entity/instructblip-vicuna-7b"", ""mmke-entity/paligemma-3b""]",70.25044444444444,70.25044444444444,6.866888888888893,0.1111111111111111,7.298762400200446,7.298762400200446
visual_formulas,observed_main,1,all,all,all,LGA-Visual-no-direction/raw,9,"[""evqa-pilot500/blip2-opt-2.7b"", ""evqa-pilot500/minigpt-4-vicuna-7b"", ""evqa-pilot500/llava-v1.5-7b"", ""evqa-pilot500/qwen2.5-vl-3b"", ""mmke-visual/instructblip-vicuna-7b"", ""mmke-visual/qwen2.5-vl-3b"", ""mmke-visual/paligemma-3b"", ""mmke-entity/instructblip-vicuna-7b"", ""mmke-entity/paligemma-3b""]",71.91066666666667,71.91066666666667,5.2066666666666706,0.1111111111111111,8.958984622422669,8.958984622422669
visual_formulas,observed_main,1,all,all,all,LGA-Visual-no-direction/tukey,9,"[""evqa-pilot500/blip2-opt-2.7b"", ""evqa-pilot500/minigpt-4-vicuna-7b"", ""evqa-pilot500/llava-v1.5-7b"", ""evqa-pilot500/qwen2.5-vl-3b"", ""mmke-visual/instructblip-vicuna-7b"", ""mmke-visual/qwen2.5-vl-3b"", ""mmke-visual/paligemma-3b"", ""mmke-entity/instructblip-vicuna-7b"", ""mmke-entity/paligemma-3b""]",65.38844444444445,65.38844444444445,11.728888888888893,0.1111111111111111,2.4367624002004464,2.4367624002004464
visual_formulas,observed_main,1,all,dataset,evqa-pilot500,Ours-main/raw,4,"[""evqa-pilot500/blip2-opt-2.7b"", ""evqa-pilot500/minigpt-4-vicuna-7b"", ""evqa-pilot500/llava-v1.5-7b"", ""evqa-pilot500/qwen2.5-vl-3b""]",60.488,60.488,11.137,0.25,-2.6053238782051267,-2.6053238782051267
visual_formulas,observed_main,1,all,dataset,evqa-pilot500,Ours-main/tukey,4,"[""evqa-pilot500/blip2-opt-2.7b"", ""evqa-pilot500/minigpt-4-vicuna-7b"", ""evqa-pilot500/llava-v1.5-7b"", ""evqa-pilot500/qwen2.5-vl-3b""]",60.5735,60.5735,11.0515,0.25,-2.519823878205127,-2.519823878205127
visual_formulas,observed_main,1,all,dataset,evqa-pilot500,Ours-no-direction/raw,4,"[""evqa-pilot500/blip2-opt-2.7b"", ""evqa-pilot500/minigpt-4-vicuna-7b"", ""evqa-pilot500/llava-v1.5-7b"", ""evqa-pilot500/qwen2.5-vl-3b""]",59.843,59.843,11.782000000000002,0,-3.250323878205128,-3.250323878205128
visual_formulas,observed_main,1,all,dataset,evqa-pilot500,Ours-no-direction/tukey,4,"[""evqa-pilot500/blip2-opt-2.7b"", ""evqa-pilot500/minigpt-4-vicuna-7b"", ""evqa-pilot500/llava-v1.5-7b"", ""evqa-pilot500/qwen2.5-vl-3b""]",59.9285,59.9285,11.696500000000002,0,-3.1648238782051283,-3.1648238782051283
visual_formulas,observed_main,1,all,dataset,evqa-pilot500,Ours-no-strength/raw,4,"[""evqa-pilot500/blip2-opt-2.7b"", ""evqa-pilot500/minigpt-4-vicuna-7b"", ""evqa-pilot500/llava-v1.5-7b"", ""evqa-pilot500/qwen2.5-vl-3b""]",59.01,59.01,12.615000000000004,0,-4.08332387820513,-4.08332387820513
visual_formulas,observed_main,1,all,dataset,evqa-pilot500,Ours-no-strength/tukey,4,"[""evqa-pilot500/blip2-opt-2.7b"", ""evqa-pilot500/minigpt-4-vicuna-7b"", ""evqa-pilot500/llava-v1.5-7b"", ""evqa-pilot500/qwen2.5-vl-3b""]",59.921,59.921,11.704000000000002,0,-3.1723238782051286,-3.1723238782051286
visual_formulas,observed_main,1,all,dataset,evqa-pilot500,LGA-Visual/raw,4,"[""evqa-pilot500/blip2-opt-2.7b"", ""evqa-pilot500/minigpt-4-vicuna-7b"", ""evqa-pilot500/llava-v1.5-7b"", ""evqa-pilot500/qwen2.5-vl-3b""]",62.101,62.101,9.524000000000004,0,-0.9923238782051307,-0.9923238782051307
visual_formulas,observed_main,1,all,dataset,evqa-pilot500,LGA-Visual/tukey,4,"[""evqa-pilot500/blip2-opt-2.7b"", ""evqa-pilot500/minigpt-4-vicuna-7b"", ""evqa-pilot500/llava-v1.5-7b"", ""evqa-pilot500/qwen2.5-vl-3b""]",62.414,62.414,9.211000000000002,0,-0.6793238782051283,-0.6793238782051283
visual_formulas,observed_main,1,all,dataset,evqa-pilot500,LGA-Visual-no-direction/raw,4,"[""evqa-pilot500/blip2-opt-2.7b"", ""evqa-pilot500/minigpt-4-vicuna-7b"", ""evqa-pilot500/llava-v1.5-7b"", ""evqa-pilot500/qwen2.5-vl-3b""]",61.870000000000005,61.870000000000005,9.755,0,-1.223323878205127,-1.223323878205127
visual_formulas,observed_main,1,all,dataset,evqa-pilot500,LGA-Visual-no-direction/tukey,4,"[""evqa-pilot500/blip2-opt-2.7b"", ""evqa-pilot500/minigpt-4-vicuna-7b"", ""evqa-pilot500/llava-v1.5-7b"", ""evqa-pilot500/qwen2.5-vl-3b""]",64.5515,64.5515,7.073500000000001,0,1.4581761217948728,1.4581761217948728
visual_formulas,observed_main,1,all,dataset,mmke-visual,Ours-main/raw,3,"[""mmke-visual/instructblip-vicuna-7b"", ""mmke-visual/qwen2.5-vl-3b"", ""mmke-visual/paligemma-3b""]",67.748,67.748,12.717333333333343,0,3.5004001976284584,3.5004001976284584
visual_formulas,observed_main,1,all,dataset,mmke-visual,Ours-main/tukey,3,"[""mmke-visual/instructblip-vicuna-7b"", ""mmke-visual/qwen2.5-vl-3b"", ""mmke-visual/paligemma-3b""]",67.748,67.748,12.717333333333343,0,3.5004001976284584,3.5004001976284584
visual_formulas,observed_main,1,all,dataset,mmke-visual,Ours-no-direction/raw,3,"[""mmke-visual/instructblip-vicuna-7b"", ""mmke-visual/qwen2.5-vl-3b"", ""mmke-visual/paligemma-3b""]",79.90866666666666,79.90866666666666,0.5566666666666767,0,15.661066864295124,15.661066864295124
visual_formulas,observed_main,1,all,dataset,mmke-visual,Ours-no-direction/tukey,3,"[""mmke-visual/instructblip-vicuna-7b"", ""mmke-visual/qwen2.5-vl-3b"", ""mmke-visual/paligemma-3b""]",79.90866666666666,79.90866666666666,0.5566666666666767,0,15.661066864295124,15.661066864295124
visual_formulas,observed_main,1,all,dataset,mmke-visual,Ours-no-strength/raw,3,"[""mmke-visual/instructblip-vicuna-7b"", ""mmke-visual/qwen2.5-vl-3b"", ""mmke-visual/paligemma-3b""]",60.099333333333334,60.099333333333334,20.36600000000001,0,-4.14826646903821,-4.14826646903821
visual_formulas,observed_main,1,all,dataset,mmke-visual,Ours-no-strength/tukey,3,"[""mmke-visual/instructblip-vicuna-7b"", ""mmke-visual/qwen2.5-vl-3b"", ""mmke-visual/paligemma-3b""]",61.184,61.184,19.281333333333347,0,-3.063599802371544,-3.063599802371544
visual_formulas,observed_main,1,all,dataset,mmke-visual,LGA-Visual/raw,3,"[""mmke-visual/instructblip-vicuna-7b"", ""mmke-visual/qwen2.5-vl-3b"", ""mmke-visual/paligemma-3b""]",67.748,67.748,12.717333333333343,0,3.5004001976284584,3.5004001976284584
visual_formulas,observed_main,1,all,dataset,mmke-visual,LGA-Visual/tukey,3,"[""mmke-visual/instructblip-vicuna-7b"", ""mmke-visual/qwen2.5-vl-3b"", ""mmke-visual/paligemma-3b""]",73.48266666666667,73.48266666666667,6.982666666666674,0,9.235066864295128,9.235066864295128
visual_formulas,observed_main,1,all,dataset,mmke-visual,LGA-Visual-no-direction/raw,3,"[""mmke-visual/instructblip-vicuna-7b"", ""mmke-visual/qwen2.5-vl-3b"", ""mmke-visual/paligemma-3b""]",79.90866666666666,79.90866666666666,0.5566666666666767,0,15.661066864295124,15.661066864295124
visual_formulas,observed_main,1,all,dataset,mmke-visual,LGA-Visual-no-direction/tukey,3,"[""mmke-visual/instructblip-vicuna-7b"", ""mmke-visual/qwen2.5-vl-3b"", ""mmke-visual/paligemma-3b""]",56.766666666666666,56.766666666666666,23.69866666666668,0,-7.480933135704873,-7.480933135704873
visual_formulas,observed_main,1,all,dataset,mmke-entity,Ours-main/raw,2,"[""mmke-entity/instructblip-vicuna-7b"", ""mmke-entity/paligemma-3b""]",79.995,79.995,3.085000000000001,0.5,19.270478260869574,19.270478260869574
visual_formulas,observed_main,1,all,dataset,mmke-entity,Ours-main/tukey,2,"[""mmke-entity/instructblip-vicuna-7b"", ""mmke-entity/paligemma-3b""]",79.995,79.995,3.085000000000001,0.5,19.270478260869574,19.270478260869574
visual_formulas,observed_main,1,all,dataset,mmke-entity,Ours-no-direction/raw,2,"[""mmke-entity/instructblip-vicuna-7b"", ""mmke-entity/paligemma-3b""]",79.995,79.995,3.085000000000001,0.5,19.270478260869574,19.270478260869574
visual_formulas,observed_main,1,all,dataset,mmke-entity,Ours-no-direction/tukey,2,"[""mmke-entity/instructblip-vicuna-7b"", ""mmke-entity/paligemma-3b""]",79.995,79.995,3.085000000000001,0.5,19.270478260869574,19.270478260869574
visual_formulas,observed_main,1,all,dataset,mmke-entity,Ours-no-strength/raw,2,"[""mmke-entity/instructblip-vicuna-7b"", ""mmke-entity/paligemma-3b""]",68.757,68.757,14.323000000000008,0,8.032478260869567,8.032478260869567
visual_formulas,observed_main,1,all,dataset,mmke-entity,Ours-no-strength/tukey,2,"[""mmke-entity/instructblip-vicuna-7b"", ""mmke-entity/paligemma-3b""]",69.195,69.195,13.885000000000005,0,8.47047826086957,8.47047826086957
visual_formulas,observed_main,1,all,dataset,mmke-entity,LGA-Visual/raw,2,"[""mmke-entity/instructblip-vicuna-7b"", ""mmke-entity/paligemma-3b""]",79.995,79.995,3.085000000000001,0.5,19.270478260869574,19.270478260869574
visual_formulas,observed_main,1,all,dataset,mmke-entity,LGA-Visual/tukey,2,"[""mmke-entity/instructblip-vicuna-7b"", ""mmke-entity/paligemma-3b""]",81.075,81.075,2.0050000000000026,0.5,20.350478260869572,20.350478260869572
visual_formulas,observed_main,1,all,dataset,mmke-entity,LGA-Visual-no-direction/raw,2,"[""mmke-entity/instructblip-vicuna-7b"", ""mmke-entity/paligemma-3b""]",79.995,79.995,3.085000000000001,0.5,19.270478260869574,19.270478260869574
visual_formulas,observed_main,1,all,dataset,mmke-entity,LGA-Visual-no-direction/tukey,2,"[""mmke-entity/instructblip-vicuna-7b"", ""mmke-entity/paligemma-3b""]",79.995,79.995,3.085000000000001,0.5,19.270478260869574,19.270478260869574
visual_formulas,observed_main,1,coverage80,all,all,Ours-main/raw,9,"[""evqa-pilot500/blip2-opt-2.7b"", ""evqa-pilot500/minigpt-4-vicuna-7b"", ""evqa-pilot500/llava-v1.5-7b"", ""evqa-pilot500/qwen2.5-vl-3b"", ""mmke-visual/instructblip-vicuna-7b"", ""mmke-visual/qwen2.5-vl-3b"", ""mmke-visual/paligemma-3b"", ""mmke-entity/instructblip-vicuna-7b"", ""mmke-entity/paligemma-3b""]",67.24288888888888,67.24288888888888,9.874444444444448,0.2222222222222222,4.291206844644891,4.291206844644891
visual_formulas,observed_main,1,coverage80,all,all,Ours-main/tukey,9,"[""evqa-pilot500/blip2-opt-2.7b"", ""evqa-pilot500/minigpt-4-vicuna-7b"", ""evqa-pilot500/llava-v1.5-7b"", ""evqa-pilot500/qwen2.5-vl-3b"", ""mmke-visual/instructblip-vicuna-7b"", ""mmke-visual/qwen2.5-vl-3b"", ""mmke-visual/paligemma-3b"", ""mmke-entity/instructblip-vicuna-7b"", ""mmke-entity/paligemma-3b""]",67.2808888888889,67.2808888888889,9.836444444444448,0.2222222222222222,4.32920684464489,4.32920684464489
visual_formulas,observed_main,1,coverage80,all,all,Ours-no-direction/raw,9,"[""evqa-pilot500/blip2-opt-2.7b"", ""evqa-pilot500/minigpt-4-vicuna-7b"", ""evqa-pilot500/llava-v1.5-7b"", ""evqa-pilot500/qwen2.5-vl-3b"", ""mmke-visual/instructblip-vicuna-7b"", ""mmke-visual/qwen2.5-vl-3b"", ""mmke-visual/paligemma-3b"", ""mmke-entity/instructblip-vicuna-7b"", ""mmke-entity/paligemma-3b""]",71.00977777777778,71.00977777777778,6.10755555555556,0.1111111111111111,8.05809573353378,8.05809573353378
visual_formulas,observed_main,1,coverage80,all,all,Ours-no-direction/tukey,9,"[""evqa-pilot500/blip2-opt-2.7b"", ""evqa-pilot500/minigpt-4-vicuna-7b"", ""evqa-pilot500/llava-v1.5-7b"", ""evqa-pilot500/qwen2.5-vl-3b"", ""mmke-visual/instructblip-vicuna-7b"", ""mmke-visual/qwen2.5-vl-3b"", ""mmke-visual/paligemma-3b"", ""mmke-entity/instructblip-vicuna-7b"", ""mmke-entity/paligemma-3b""]",71.04777777777778,71.04777777777778,6.06955555555556,0.1111111111111111,8.09609573353378,8.09609573353378
visual_formulas,observed_main,1,coverage80,all,all,Ours-no-strength/raw,9,"[""evqa-pilot500/blip2-opt-2.7b"", ""evqa-pilot500/minigpt-4-vicuna-7b"", ""evqa-pilot500/llava-v1.5-7b"", ""evqa-pilot500/qwen2.5-vl-3b"", ""mmke-visual/instructblip-vicuna-7b"", ""mmke-visual/qwen2.5-vl-3b"", ""mmke-visual/paligemma-3b"", ""mmke-entity/instructblip-vicuna-7b"", ""mmke-entity/paligemma-3b""]",61.53911111111111,61.53911111111111,15.57822222222223,0,-1.4125709331328906,-1.4125709331328906
visual_formulas,observed_main,1,coverage80,all,all,Ours-no-strength/tukey,9,"[""evqa-pilot500/blip2-opt-2.7b"", ""evqa-pilot500/minigpt-4-vicuna-7b"", ""evqa-pilot500/llava-v1.5-7b"", ""evqa-pilot500/qwen2.5-vl-3b"", ""mmke-visual/instructblip-vicuna-7b"", ""mmke-visual/qwen2.5-vl-3b"", ""mmke-visual/paligemma-3b"", ""mmke-entity/instructblip-vicuna-7b"", ""mmke-entity/paligemma-3b""]",62.40288888888889,62.40288888888889,14.714444444444451,0,-0.548793155355112,-0.548793155355112
visual_formulas,observed_main,1,coverage80,all,all,LGA-Visual/raw,9,"[""evqa-pilot500/blip2-opt-2.7b"", ""evqa-pilot500/minigpt-4-vicuna-7b"", ""evqa-pilot500/llava-v1.5-7b"", ""evqa-pilot500/qwen2.5-vl-3b"", ""mmke-visual/instructblip-vicuna-7b"", ""mmke-visual/qwen2.5-vl-3b"", ""mmke-visual/paligemma-3b"", ""mmke-entity/instructblip-vicuna-7b"", ""mmke-entity/paligemma-3b""]",67.95977777777777,67.95977777777777,9.157555555555561,0.1111111111111111,5.008095733533778,5.008095733533778
visual_formulas,observed_main,1,coverage80,all,all,LGA-Visual/tukey,9,"[""evqa-pilot500/blip2-opt-2.7b"", ""evqa-pilot500/minigpt-4-vicuna-7b"", ""evqa-pilot500/llava-v1.5-7b"", ""evqa-pilot500/qwen2.5-vl-3b"", ""mmke-visual/instructblip-vicuna-7b"", ""mmke-visual/qwen2.5-vl-3b"", ""mmke-visual/paligemma-3b"", ""mmke-entity/instructblip-vicuna-7b"", ""mmke-entity/paligemma-3b""]",70.25044444444444,70.25044444444444,6.866888888888893,0.1111111111111111,7.298762400200446,7.298762400200446
visual_formulas,observed_main,1,coverage80,all,all,LGA-Visual-no-direction/raw,9,"[""evqa-pilot500/blip2-opt-2.7b"", ""evqa-pilot500/minigpt-4-vicuna-7b"", ""evqa-pilot500/llava-v1.5-7b"", ""evqa-pilot500/qwen2.5-vl-3b"", ""mmke-visual/instructblip-vicuna-7b"", ""mmke-visual/qwen2.5-vl-3b"", ""mmke-visual/paligemma-3b"", ""mmke-entity/instructblip-vicuna-7b"", ""mmke-entity/paligemma-3b""]",71.91066666666667,71.91066666666667,5.2066666666666706,0.1111111111111111,8.958984622422669,8.958984622422669
visual_formulas,observed_main,1,coverage80,all,all,LGA-Visual-no-direction/tukey,9,"[""evqa-pilot500/blip2-opt-2.7b"", ""evqa-pilot500/minigpt-4-vicuna-7b"", ""evqa-pilot500/llava-v1.5-7b"", ""evqa-pilot500/qwen2.5-vl-3b"", ""mmke-visual/instructblip-vicuna-7b"", ""mmke-visual/qwen2.5-vl-3b"", ""mmke-visual/paligemma-3b"", ""mmke-entity/instructblip-vicuna-7b"", ""mmke-entity/paligemma-3b""]",65.38844444444445,65.38844444444445,11.728888888888893,0.1111111111111111,2.4367624002004464,2.4367624002004464
visual_formulas,observed_main,1,coverage80,dataset,evqa-pilot500,Ours-main/raw,4,"[""evqa-pilot500/blip2-opt-2.7b"", ""evqa-pilot500/minigpt-4-vicuna-7b"", ""evqa-pilot500/llava-v1.5-7b"", ""evqa-pilot500/qwen2.5-vl-3b""]",60.488,60.488,11.137,0.25,-2.6053238782051267,-2.6053238782051267
visual_formulas,observed_main,1,coverage80,dataset,evqa-pilot500,Ours-main/tukey,4,"[""evqa-pilot500/blip2-opt-2.7b"", ""evqa-pilot500/minigpt-4-vicuna-7b"", ""evqa-pilot500/llava-v1.5-7b"", ""evqa-pilot500/qwen2.5-vl-3b""]",60.5735,60.5735,11.0515,0.25,-2.519823878205127,-2.519823878205127
visual_formulas,observed_main,1,coverage80,dataset,evqa-pilot500,Ours-no-direction/raw,4,"[""evqa-pilot500/blip2-opt-2.7b"", ""evqa-pilot500/minigpt-4-vicuna-7b"", ""evqa-pilot500/llava-v1.5-7b"", ""evqa-pilot500/qwen2.5-vl-3b""]",59.843,59.843,11.782000000000002,0,-3.250323878205128,-3.250323878205128
visual_formulas,observed_main,1,coverage80,dataset,evqa-pilot500,Ours-no-direction/tukey,4,"[""evqa-pilot500/blip2-opt-2.7b"", ""evqa-pilot500/minigpt-4-vicuna-7b"", ""evqa-pilot500/llava-v1.5-7b"", ""evqa-pilot500/qwen2.5-vl-3b""]",59.9285,59.9285,11.696500000000002,0,-3.1648238782051283,-3.1648238782051283
visual_formulas,observed_main,1,coverage80,dataset,evqa-pilot500,Ours-no-strength/raw,4,"[""evqa-pilot500/blip2-opt-2.7b"", ""evqa-pilot500/minigpt-4-vicuna-7b"", ""evqa-pilot500/llava-v1.5-7b"", ""evqa-pilot500/qwen2.5-vl-3b""]",59.01,59.01,12.615000000000004,0,-4.08332387820513,-4.08332387820513
visual_formulas,observed_main,1,coverage80,dataset,evqa-pilot500,Ours-no-strength/tukey,4,"[""evqa-pilot500/blip2-opt-2.7b"", ""evqa-pilot500/minigpt-4-vicuna-7b"", ""evqa-pilot500/llava-v1.5-7b"", ""evqa-pilot500/qwen2.5-vl-3b""]",59.921,59.921,11.704000000000002,0,-3.1723238782051286,-3.1723238782051286
visual_formulas,observed_main,1,coverage80,dataset,evqa-pilot500,LGA-Visual/raw,4,"[""evqa-pilot500/blip2-opt-2.7b"", ""evqa-pilot500/minigpt-4-vicuna-7b"", ""evqa-pilot500/llava-v1.5-7b"", ""evqa-pilot500/qwen2.5-vl-3b""]",62.101,62.101,9.524000000000004,0,-0.9923238782051307,-0.9923238782051307
visual_formulas,observed_main,1,coverage80,dataset,evqa-pilot500,LGA-Visual/tukey,4,"[""evqa-pilot500/blip2-opt-2.7b"", ""evqa-pilot500/minigpt-4-vicuna-7b"", ""evqa-pilot500/llava-v1.5-7b"", ""evqa-pilot500/qwen2.5-vl-3b""]",62.414,62.414,9.211000000000002,0,-0.6793238782051283,-0.6793238782051283
visual_formulas,observed_main,1,coverage80,dataset,evqa-pilot500,LGA-Visual-no-direction/raw,4,"[""evqa-pilot500/blip2-opt-2.7b"", ""evqa-pilot500/minigpt-4-vicuna-7b"", ""evqa-pilot500/llava-v1.5-7b"", ""evqa-pilot500/qwen2.5-vl-3b""]",61.870000000000005,61.870000000000005,9.755,0,-1.223323878205127,-1.223323878205127
visual_formulas,observed_main,1,coverage80,dataset,evqa-pilot500,LGA-Visual-no-direction/tukey,4,"[""evqa-pilot500/blip2-opt-2.7b"", ""evqa-pilot500/minigpt-4-vicuna-7b"", ""evqa-pilot500/llava-v1.5-7b"", ""evqa-pilot500/qwen2.5-vl-3b""]",64.5515,64.5515,7.073500000000001,0,1.4581761217948728,1.4581761217948728
visual_formulas,observed_main,1,coverage80,dataset,mmke-visual,Ours-main/raw,3,"[""mmke-visual/instructblip-vicuna-7b"", ""mmke-visual/qwen2.5-vl-3b"", ""mmke-visual/paligemma-3b""]",67.748,67.748,12.717333333333343,0,3.5004001976284584,3.5004001976284584
visual_formulas,observed_main,1,coverage80,dataset,mmke-visual,Ours-main/tukey,3,"[""mmke-visual/instructblip-vicuna-7b"", ""mmke-visual/qwen2.5-vl-3b"", ""mmke-visual/paligemma-3b""]",67.748,67.748,12.717333333333343,0,3.5004001976284584,3.5004001976284584
visual_formulas,observed_main,1,coverage80,dataset,mmke-visual,Ours-no-direction/raw,3,"[""mmke-visual/instructblip-vicuna-7b"", ""mmke-visual/qwen2.5-vl-3b"", ""mmke-visual/paligemma-3b""]",79.90866666666666,79.90866666666666,0.5566666666666767,0,15.661066864295124,15.661066864295124
visual_formulas,observed_main,1,coverage80,dataset,mmke-visual,Ours-no-direction/tukey,3,"[""mmke-visual/instructblip-vicuna-7b"", ""mmke-visual/qwen2.5-vl-3b"", ""mmke-visual/paligemma-3b""]",79.90866666666666,79.90866666666666,0.5566666666666767,0,15.661066864295124,15.661066864295124
visual_formulas,observed_main,1,coverage80,dataset,mmke-visual,Ours-no-strength/raw,3,"[""mmke-visual/instructblip-vicuna-7b"", ""mmke-visual/qwen2.5-vl-3b"", ""mmke-visual/paligemma-3b""]",60.099333333333334,60.099333333333334,20.36600000000001,0,-4.14826646903821,-4.14826646903821
visual_formulas,observed_main,1,coverage80,dataset,mmke-visual,Ours-no-strength/tukey,3,"[""mmke-visual/instructblip-vicuna-7b"", ""mmke-visual/qwen2.5-vl-3b"", ""mmke-visual/paligemma-3b""]",61.184,61.184,19.281333333333347,0,-3.063599802371544,-3.063599802371544
visual_formulas,observed_main,1,coverage80,dataset,mmke-visual,LGA-Visual/raw,3,"[""mmke-visual/instructblip-vicuna-7b"", ""mmke-visual/qwen2.5-vl-3b"", ""mmke-visual/paligemma-3b""]",67.748,67.748,12.717333333333343,0,3.5004001976284584,3.5004001976284584
visual_formulas,observed_main,1,coverage80,dataset,mmke-visual,LGA-Visual/tukey,3,"[""mmke-visual/instructblip-vicuna-7b"", ""mmke-visual/qwen2.5-vl-3b"", ""mmke-visual/paligemma-3b""]",73.48266666666667,73.48266666666667,6.982666666666674,0,9.235066864295128,9.235066864295128
visual_formulas,observed_main,1,coverage80,dataset,mmke-visual,LGA-Visual-no-direction/raw,3,"[""mmke-visual/instructblip-vicuna-7b"", ""mmke-visual/qwen2.5-vl-3b"", ""mmke-visual/paligemma-3b""]",79.90866666666666,79.90866666666666,0.5566666666666767,0,15.661066864295124,15.661066864295124
visual_formulas,observed_main,1,coverage80,dataset,mmke-visual,LGA-Visual-no-direction/tukey,3,"[""mmke-visual/instructblip-vicuna-7b"", ""mmke-visual/qwen2.5-vl-3b"", ""mmke-visual/paligemma-3b""]",56.766666666666666,56.766666666666666,23.69866666666668,0,-7.480933135704873,-7.480933135704873
visual_formulas,observed_main,1,coverage80,dataset,mmke-entity,Ours-main/raw,2,"[""mmke-entity/instructblip-vicuna-7b"", ""mmke-entity/paligemma-3b""]",79.995,79.995,3.085000000000001,0.5,19.270478260869574,19.270478260869574
visual_formulas,observed_main,1,coverage80,dataset,mmke-entity,Ours-main/tukey,2,"[""mmke-entity/instructblip-vicuna-7b"", ""mmke-entity/paligemma-3b""]",79.995,79.995,3.085000000000001,0.5,19.270478260869574,19.270478260869574
visual_formulas,observed_main,1,coverage80,dataset,mmke-entity,Ours-no-direction/raw,2,"[""mmke-entity/instructblip-vicuna-7b"", ""mmke-entity/paligemma-3b""]",79.995,79.995,3.085000000000001,0.5,19.270478260869574,19.270478260869574
visual_formulas,observed_main,1,coverage80,dataset,mmke-entity,Ours-no-direction/tukey,2,"[""mmke-entity/instructblip-vicuna-7b"", ""mmke-entity/paligemma-3b""]",79.995,79.995,3.085000000000001,0.5,19.270478260869574,19.270478260869574
visual_formulas,observed_main,1,coverage80,dataset,mmke-entity,Ours-no-strength/raw,2,"[""mmke-entity/instructblip-vicuna-7b"", ""mmke-entity/paligemma-3b""]",68.757,68.757,14.323000000000008,0,8.032478260869567,8.032478260869567
visual_formulas,observed_main,1,coverage80,dataset,mmke-entity,Ours-no-strength/tukey,2,"[""mmke-entity/instructblip-vicuna-7b"", ""mmke-entity/paligemma-3b""]",69.195,69.195,13.885000000000005,0,8.47047826086957,8.47047826086957
visual_formulas,observed_main,1,coverage80,dataset,mmke-entity,LGA-Visual/raw,2,"[""mmke-entity/instructblip-vicuna-7b"", ""mmke-entity/paligemma-3b""]",79.995,79.995,3.085000000000001,0.5,19.270478260869574,19.270478260869574
visual_formulas,observed_main,1,coverage80,dataset,mmke-entity,LGA-Visual/tukey,2,"[""mmke-entity/instructblip-vicuna-7b"", ""mmke-entity/paligemma-3b""]",81.075,81.075,2.0050000000000026,0.5,20.350478260869572,20.350478260869572
visual_formulas,observed_main,1,coverage80,dataset,mmke-entity,LGA-Visual-no-direction/raw,2,"[""mmke-entity/instructblip-vicuna-7b"", ""mmke-entity/paligemma-3b""]",79.995,79.995,3.085000000000001,0.5,19.270478260869574,19.270478260869574
visual_formulas,observed_main,1,coverage80,dataset,mmke-entity,LGA-Visual-no-direction/tukey,2,"[""mmke-entity/instructblip-vicuna-7b"", ""mmke-entity/paligemma-3b""]",79.995,79.995,3.085000000000001,0.5,19.270478260869574,19.270478260869574
visual_formulas,observed_main,3,all,all,all,Ours-main/raw,3,"[""evqa-pilot500/minigpt-4-vicuna-7b"", ""mmke-entity/instructblip-vicuna-7b"", ""mmke-entity/paligemma-3b""]",76.75133333333333,72.2568888888889,4.3253333333333375,0.3333333333333333,5.924412162322805,11.123652173913046
visual_formulas,observed_main,3,all,all,all,Ours-main/tukey,3,"[""evqa-pilot500/minigpt-4-vicuna-7b"", ""mmke-entity/instructblip-vicuna-7b"", ""mmke-entity/paligemma-3b""]",76.75133333333333,72.2568888888889,4.3253333333333375,0.3333333333333333,5.924412162322805,11.123652173913046
visual_formulas,observed_main,3,all,all,all,Ours-no-direction/raw,3,"[""evqa-pilot500/minigpt-4-vicuna-7b"", ""mmke-entity/instructblip-vicuna-7b"", ""mmke-entity/paligemma-3b""]",78.80666666666667,73.31844444444445,2.270000000000001,0.3333333333333333,7.979745495656142,12.185207729468607
visual_formulas,observed_main,3,all,all,all,Ours-no-direction/tukey,3,"[""evqa-pilot500/minigpt-4-vicuna-7b"", ""mmke-entity/instructblip-vicuna-7b"", ""mmke-entity/paligemma-3b""]",78.80666666666667,73.31844444444445,2.270000000000001,0.3333333333333333,7.979745495656142,12.185207729468607
visual_formulas,observed_main,3,all,all,all,Ours-no-strength/raw,3,"[""evqa-pilot500/minigpt-4-vicuna-7b"", ""mmke-entity/instructblip-vicuna-7b"", ""mmke-entity/paligemma-3b""]",67.54666666666667,61.11622222222222,13.530000000000006,0,-3.2802545043438633,-0.01701449275362184
visual_formulas,observed_main,3,all,all,all,Ours-no-strength/tukey,3,"[""evqa-pilot500/minigpt-4-vicuna-7b"", ""mmke-entity/instructblip-vicuna-7b"", ""mmke-entity/paligemma-3b""]",68.00866666666667,61.45488888888889,13.068000000000007,0,-2.8182545043438645,0.32165217391304424
visual_formulas,observed_main,3,all,all,all,LGA-Visual/raw,3,"[""evqa-pilot500/minigpt-4-vicuna-7b"", ""mmke-entity/instructblip-vicuna-7b"", ""mmke-entity/paligemma-3b""]",78.11666666666666,73.44088888888889,2.960000000000008,0.3333333333333333,7.289745495656135,12.307652173913047
visual_formulas,observed_main,3,all,all,all,LGA-Visual/tukey,3,"[""evqa-pilot500/minigpt-4-vicuna-7b"", ""mmke-entity/instructblip-vicuna-7b"", ""mmke-entity/paligemma-3b""]",77.03266666666667,71.99066666666667,4.044000000000001,0.6666666666666666,6.205745495656141,10.857429951690825
visual_formulas,observed_main,3,all,all,all,LGA-Visual-no-direction/raw,3,"[""evqa-pilot500/minigpt-4-vicuna-7b"", ""mmke-entity/instructblip-vicuna-7b"", ""mmke-entity/paligemma-3b""]",78.80666666666667,73.31844444444445,2.270000000000001,0.3333333333333333,7.979745495656142,12.185207729468607
visual_formulas,observed_main,3,all,all,all,LGA-Visual-no-direction/tukey,3,"[""evqa-pilot500/minigpt-4-vicuna-7b"", ""mmke-entity/instructblip-vicuna-7b"", ""mmke-entity/paligemma-3b""]",78.80666666666667,73.31844444444445,2.270000000000001,0.3333333333333333,7.979745495656142,12.185207729468607
visual_formulas,observed_main,3,all,dataset,evqa-pilot500,Ours-main/raw,1,"[""evqa-pilot500/minigpt-4-vicuna-7b""]",64.938,60.958666666666666,12.132000000000005,0,-1.930157894736837,-0.9920000000000044
visual_formulas,observed_main,3,all,dataset,evqa-pilot500,Ours-main/tukey,1,"[""evqa-pilot500/minigpt-4-vicuna-7b""]",64.938,60.958666666666666,12.132000000000005,0,-1.930157894736837,-0.9920000000000044
visual_formulas,observed_main,3,all,dataset,evqa-pilot500,Ours-no-direction/raw,1,"[""evqa-pilot500/minigpt-4-vicuna-7b""]",71.10400000000001,64.14333333333335,5.965999999999994,0,4.235842105263174,2.1926666666666748
visual_formulas,observed_main,3,all,dataset,evqa-pilot500,Ours-no-direction/tukey,1,"[""evqa-pilot500/minigpt-4-vicuna-7b""]",71.10400000000001,64.14333333333335,5.965999999999994,0,4.235842105263174,2.1926666666666748
visual_formulas,observed_main,3,all,dataset,evqa-pilot500,Ours-no-strength/raw,1,"[""evqa-pilot500/minigpt-4-vicuna-7b""]",59.56,58.64266666666666,17.510000000000005,0,-7.308157894736837,-3.308000000000007
visual_formulas,observed_main,3,all,dataset,evqa-pilot500,Ours-no-strength/tukey,1,"[""evqa-pilot500/minigpt-4-vicuna-7b""]",59.56,58.64266666666666,17.510000000000005,0,-7.308157894736837,-3.308000000000007
visual_formulas,observed_main,3,all,dataset,evqa-pilot500,LGA-Visual/raw,1,"[""evqa-pilot500/minigpt-4-vicuna-7b""]",69.03399999999999,64.51066666666667,8.036000000000016,0,2.1658421052631525,2.559999999999995
visual_formulas,observed_main,3,all,dataset,evqa-pilot500,LGA-Visual/tukey,1,"[""evqa-pilot500/minigpt-4-vicuna-7b""]",64.938,62.802,12.132000000000005,0,-1.930157894736837,0.8513333333333293
visual_formulas,observed_main,3,all,dataset,evqa-pilot500,LGA-Visual-no-direction/raw,1,"[""evqa-pilot500/minigpt-4-vicuna-7b""]",71.10400000000001,64.14333333333335,5.965999999999994,0,4.235842105263174,2.1926666666666748
visual_formulas,observed_main,3,all,dataset,evqa-pilot500,LGA-Visual-no-direction/tukey,1,"[""evqa-pilot500/minigpt-4-vicuna-7b""]",71.10400000000001,64.14333333333335,5.965999999999994,0,4.235842105263174,2.1926666666666748
visual_formulas,observed_main,3,all,dataset,mmke-visual,Ours-main/raw,0,[],,,,,,
visual_formulas,observed_main,3,all,dataset,mmke-visual,Ours-main/tukey,0,[],,,,,,
visual_formulas,observed_main,3,all,dataset,mmke-visual,Ours-no-direction/raw,0,[],,,,,,
visual_formulas,observed_main,3,all,dataset,mmke-visual,Ours-no-direction/tukey,0,[],,,,,,
visual_formulas,observed_main,3,all,dataset,mmke-visual,Ours-no-strength/raw,0,[],,,,,,
visual_formulas,observed_main,3,all,dataset,mmke-visual,Ours-no-strength/tukey,0,[],,,,,,
visual_formulas,observed_main,3,all,dataset,mmke-visual,LGA-Visual/raw,0,[],,,,,,
visual_formulas,observed_main,3,all,dataset,mmke-visual,LGA-Visual/tukey,0,[],,,,,,
visual_formulas,observed_main,3,all,dataset,mmke-visual,LGA-Visual-no-direction/raw,0,[],,,,,,
visual_formulas,observed_main,3,all,dataset,mmke-visual,LGA-Visual-no-direction/tukey,0,[],,,,,,
visual_formulas,observed_main,3,all,dataset,mmke-entity,Ours-main/raw,2,"[""mmke-entity/instructblip-vicuna-7b"", ""mmke-entity/paligemma-3b""]",82.658,77.906,0.42200000000000415,0.5,9.851697190852626,17.18147826086957
visual_formulas,observed_main,3,all,dataset,mmke-entity,Ours-main/tukey,2,"[""mmke-entity/instructblip-vicuna-7b"", ""mmke-entity/paligemma-3b""]",82.658,77.906,0.42200000000000415,0.5,9.851697190852626,17.18147826086957
visual_formulas,observed_main,3,all,dataset,mmke-entity,Ours-no-direction/raw,2,"[""mmke-entity/instructblip-vicuna-7b"", ""mmke-entity/paligemma-3b""]",82.658,77.906,0.42200000000000415,0.5,9.851697190852626,17.18147826086957
visual_formulas,observed_main,3,all,dataset,mmke-entity,Ours-no-direction/tukey,2,"[""mmke-entity/instructblip-vicuna-7b"", ""mmke-entity/paligemma-3b""]",82.658,77.906,0.42200000000000415,0.5,9.851697190852626,17.18147826086957
visual_formulas,observed_main,3,all,dataset,mmke-entity,Ours-no-strength/raw,2,"[""mmke-entity/instructblip-vicuna-7b"", ""mmke-entity/paligemma-3b""]",71.53999999999999,62.353,11.540000000000006,0,-1.2663028091473763,1.6284782608695707
visual_formulas,observed_main,3,all,dataset,mmke-entity,Ours-no-strength/tukey,2,"[""mmke-entity/instructblip-vicuna-7b"", ""mmke-entity/paligemma-3b""]",72.233,62.861000000000004,10.847000000000008,0,-0.5733028091473784,2.13647826086957
visual_formulas,observed_main,3,all,dataset,mmke-entity,LGA-Visual/raw,2,"[""mmke-entity/instructblip-vicuna-7b"", ""mmke-entity/paligemma-3b""]",82.658,77.906,0.42200000000000415,0.5,9.851697190852626,17.18147826086957
visual_formulas,observed_main,3,all,dataset,mmke-entity,LGA-Visual/tukey,2,"[""mmke-entity/instructblip-vicuna-7b"", ""mmke-entity/paligemma-3b""]",83.08000000000001,76.58500000000001,0.0,1,10.27369719085263,15.860478260869574
visual_formulas,observed_main,3,all,dataset,mmke-entity,LGA-Visual-no-direction/raw,2,"[""mmke-entity/instructblip-vicuna-7b"", ""mmke-entity/paligemma-3b""]",82.658,77.906,0.42200000000000415,0.5,9.851697190852626,17.18147826086957
visual_formulas,observed_main,3,all,dataset,mmke-entity,LGA-Visual-no-direction/tukey,2,"[""mmke-entity/instructblip-vicuna-7b"", ""mmke-entity/paligemma-3b""]",82.658,77.906,0.42200000000000415,0.5,9.851697190852626,17.18147826086957
visual_formulas,observed_main,3,coverage80,all,all,Ours-main/raw,3,"[""evqa-pilot500/minigpt-4-vicuna-7b"", ""mmke-entity/instructblip-vicuna-7b"", ""mmke-entity/paligemma-3b""]",76.75133333333333,72.2568888888889,4.3253333333333375,0.3333333333333333,5.924412162322805,11.123652173913046
visual_formulas,observed_main,3,coverage80,all,all,Ours-main/tukey,3,"[""evqa-pilot500/minigpt-4-vicuna-7b"", ""mmke-entity/instructblip-vicuna-7b"", ""mmke-entity/paligemma-3b""]",76.75133333333333,72.2568888888889,4.3253333333333375,0.3333333333333333,5.924412162322805,11.123652173913046
visual_formulas,observed_main,3,coverage80,all,all,Ours-no-direction/raw,3,"[""evqa-pilot500/minigpt-4-vicuna-7b"", ""mmke-entity/instructblip-vicuna-7b"", ""mmke-entity/paligemma-3b""]",78.80666666666667,73.31844444444445,2.270000000000001,0.3333333333333333,7.979745495656142,12.185207729468607
visual_formulas,observed_main,3,coverage80,all,all,Ours-no-direction/tukey,3,"[""evqa-pilot500/minigpt-4-vicuna-7b"", ""mmke-entity/instructblip-vicuna-7b"", ""mmke-entity/paligemma-3b""]",78.80666666666667,73.31844444444445,2.270000000000001,0.3333333333333333,7.979745495656142,12.185207729468607
visual_formulas,observed_main,3,coverage80,all,all,Ours-no-strength/raw,3,"[""evqa-pilot500/minigpt-4-vicuna-7b"", ""mmke-entity/instructblip-vicuna-7b"", ""mmke-entity/paligemma-3b""]",67.54666666666667,61.11622222222222,13.530000000000006,0,-3.2802545043438633,-0.01701449275362184
visual_formulas,observed_main,3,coverage80,all,all,Ours-no-strength/tukey,3,"[""evqa-pilot500/minigpt-4-vicuna-7b"", ""mmke-entity/instructblip-vicuna-7b"", ""mmke-entity/paligemma-3b""]",68.00866666666667,61.45488888888889,13.068000000000007,0,-2.8182545043438645,0.32165217391304424
visual_formulas,observed_main,3,coverage80,all,all,LGA-Visual/raw,3,"[""evqa-pilot500/minigpt-4-vicuna-7b"", ""mmke-entity/instructblip-vicuna-7b"", ""mmke-entity/paligemma-3b""]",78.11666666666666,73.44088888888889,2.960000000000008,0.3333333333333333,7.289745495656135,12.307652173913047
visual_formulas,observed_main,3,coverage80,all,all,LGA-Visual/tukey,3,"[""evqa-pilot500/minigpt-4-vicuna-7b"", ""mmke-entity/instructblip-vicuna-7b"", ""mmke-entity/paligemma-3b""]",77.03266666666667,71.99066666666667,4.044000000000001,0.6666666666666666,6.205745495656141,10.857429951690825
visual_formulas,observed_main,3,coverage80,all,all,LGA-Visual-no-direction/raw,3,"[""evqa-pilot500/minigpt-4-vicuna-7b"", ""mmke-entity/instructblip-vicuna-7b"", ""mmke-entity/paligemma-3b""]",78.80666666666667,73.31844444444445,2.270000000000001,0.3333333333333333,7.979745495656142,12.185207729468607
visual_formulas,observed_main,3,coverage80,all,all,LGA-Visual-no-direction/tukey,3,"[""evqa-pilot500/minigpt-4-vicuna-7b"", ""mmke-entity/instructblip-vicuna-7b"", ""mmke-entity/paligemma-3b""]",78.80666666666667,73.31844444444445,2.270000000000001,0.3333333333333333,7.979745495656142,12.185207729468607
visual_formulas,observed_main,3,coverage80,dataset,evqa-pilot500,Ours-main/raw,1,"[""evqa-pilot500/minigpt-4-vicuna-7b""]",64.938,60.958666666666666,12.132000000000005,0,-1.930157894736837,-0.9920000000000044
visual_formulas,observed_main,3,coverage80,dataset,evqa-pilot500,Ours-main/tukey,1,"[""evqa-pilot500/minigpt-4-vicuna-7b""]",64.938,60.958666666666666,12.132000000000005,0,-1.930157894736837,-0.9920000000000044
visual_formulas,observed_main,3,coverage80,dataset,evqa-pilot500,Ours-no-direction/raw,1,"[""evqa-pilot500/minigpt-4-vicuna-7b""]",71.10400000000001,64.14333333333335,5.965999999999994,0,4.235842105263174,2.1926666666666748
visual_formulas,observed_main,3,coverage80,dataset,evqa-pilot500,Ours-no-direction/tukey,1,"[""evqa-pilot500/minigpt-4-vicuna-7b""]",71.10400000000001,64.14333333333335,5.965999999999994,0,4.235842105263174,2.1926666666666748
visual_formulas,observed_main,3,coverage80,dataset,evqa-pilot500,Ours-no-strength/raw,1,"[""evqa-pilot500/minigpt-4-vicuna-7b""]",59.56,58.64266666666666,17.510000000000005,0,-7.308157894736837,-3.308000000000007
visual_formulas,observed_main,3,coverage80,dataset,evqa-pilot500,Ours-no-strength/tukey,1,"[""evqa-pilot500/minigpt-4-vicuna-7b""]",59.56,58.64266666666666,17.510000000000005,0,-7.308157894736837,-3.308000000000007
visual_formulas,observed_main,3,coverage80,dataset,evqa-pilot500,LGA-Visual/raw,1,"[""evqa-pilot500/minigpt-4-vicuna-7b""]",69.03399999999999,64.51066666666667,8.036000000000016,0,2.1658421052631525,2.559999999999995
visual_formulas,observed_main,3,coverage80,dataset,evqa-pilot500,LGA-Visual/tukey,1,"[""evqa-pilot500/minigpt-4-vicuna-7b""]",64.938,62.802,12.132000000000005,0,-1.930157894736837,0.8513333333333293
visual_formulas,observed_main,3,coverage80,dataset,evqa-pilot500,LGA-Visual-no-direction/raw,1,"[""evqa-pilot500/minigpt-4-vicuna-7b""]",71.10400000000001,64.14333333333335,5.965999999999994,0,4.235842105263174,2.1926666666666748
visual_formulas,observed_main,3,coverage80,dataset,evqa-pilot500,LGA-Visual-no-direction/tukey,1,"[""evqa-pilot500/minigpt-4-vicuna-7b""]",71.10400000000001,64.14333333333335,5.965999999999994,0,4.235842105263174,2.1926666666666748
visual_formulas,observed_main,3,coverage80,dataset,mmke-visual,Ours-main/raw,0,[],,,,,,
visual_formulas,observed_main,3,coverage80,dataset,mmke-visual,Ours-main/tukey,0,[],,,,,,
visual_formulas,observed_main,3,coverage80,dataset,mmke-visual,Ours-no-direction/raw,0,[],,,,,,
visual_formulas,observed_main,3,coverage80,dataset,mmke-visual,Ours-no-direction/tukey,0,[],,,,,,
visual_formulas,observed_main,3,coverage80,dataset,mmke-visual,Ours-no-strength/raw,0,[],,,,,,
visual_formulas,observed_main,3,coverage80,dataset,mmke-visual,Ours-no-strength/tukey,0,[],,,,,,
visual_formulas,observed_main,3,coverage80,dataset,mmke-visual,LGA-Visual/raw,0,[],,,,,,
visual_formulas,observed_main,3,coverage80,dataset,mmke-visual,LGA-Visual/tukey,0,[],,,,,,
visual_formulas,observed_main,3,coverage80,dataset,mmke-visual,LGA-Visual-no-direction/raw,0,[],,,,,,
visual_formulas,observed_main,3,coverage80,dataset,mmke-visual,LGA-Visual-no-direction/tukey,0,[],,,,,,
visual_formulas,observed_main,3,coverage80,dataset,mmke-entity,Ours-main/raw,2,"[""mmke-entity/instructblip-vicuna-7b"", ""mmke-entity/paligemma-3b""]",82.658,77.906,0.42200000000000415,0.5,9.851697190852626,17.18147826086957
visual_formulas,observed_main,3,coverage80,dataset,mmke-entity,Ours-main/tukey,2,"[""mmke-entity/instructblip-vicuna-7b"", ""mmke-entity/paligemma-3b""]",82.658,77.906,0.42200000000000415,0.5,9.851697190852626,17.18147826086957
visual_formulas,observed_main,3,coverage80,dataset,mmke-entity,Ours-no-direction/raw,2,"[""mmke-entity/instructblip-vicuna-7b"", ""mmke-entity/paligemma-3b""]",82.658,77.906,0.42200000000000415,0.5,9.851697190852626,17.18147826086957
visual_formulas,observed_main,3,coverage80,dataset,mmke-entity,Ours-no-direction/tukey,2,"[""mmke-entity/instructblip-vicuna-7b"", ""mmke-entity/paligemma-3b""]",82.658,77.906,0.42200000000000415,0.5,9.851697190852626,17.18147826086957
visual_formulas,observed_main,3,coverage80,dataset,mmke-entity,Ours-no-strength/raw,2,"[""mmke-entity/instructblip-vicuna-7b"", ""mmke-entity/paligemma-3b""]",71.53999999999999,62.353,11.540000000000006,0,-1.2663028091473763,1.6284782608695707
visual_formulas,observed_main,3,coverage80,dataset,mmke-entity,Ours-no-strength/tukey,2,"[""mmke-entity/instructblip-vicuna-7b"", ""mmke-entity/paligemma-3b""]",72.233,62.861000000000004,10.847000000000008,0,-0.5733028091473784,2.13647826086957
visual_formulas,observed_main,3,coverage80,dataset,mmke-entity,LGA-Visual/raw,2,"[""mmke-entity/instructblip-vicuna-7b"", ""mmke-entity/paligemma-3b""]",82.658,77.906,0.42200000000000415,0.5,9.851697190852626,17.18147826086957
visual_formulas,observed_main,3,coverage80,dataset,mmke-entity,LGA-Visual/tukey,2,"[""mmke-entity/instructblip-vicuna-7b"", ""mmke-entity/paligemma-3b""]",83.08000000000001,76.58500000000001,0.0,1,10.27369719085263,15.860478260869574
visual_formulas,observed_main,3,coverage80,dataset,mmke-entity,LGA-Visual-no-direction/raw,2,"[""mmke-entity/instructblip-vicuna-7b"", ""mmke-entity/paligemma-3b""]",82.658,77.906,0.42200000000000415,0.5,9.851697190852626,17.18147826086957
visual_formulas,observed_main,3,coverage80,dataset,mmke-entity,LGA-Visual-no-direction/tukey,2,"[""mmke-entity/instructblip-vicuna-7b"", ""mmke-entity/paligemma-3b""]",82.658,77.906,0.42200000000000415,0.5,9.851697190852626,17.18147826086957
visual_formulas,observed_main,5,all,all,all,Ours-main/raw,1,"[""mmke-entity/paligemma-3b""]",96.98,91.7872,0.0,1,2.0567055860805823,19.961200000000005
visual_formulas,observed_main,5,all,all,all,Ours-main/tukey,1,"[""mmke-entity/paligemma-3b""]",96.98,91.7872,0.0,1,2.0567055860805823,19.961200000000005
visual_formulas,observed_main,5,all,all,all,Ours-no-direction/raw,1,"[""mmke-entity/paligemma-3b""]",96.98,91.7872,0.0,1,2.0567055860805823,19.961200000000005
visual_formulas,observed_main,5,all,all,all,Ours-no-direction/tukey,1,"[""mmke-entity/paligemma-3b""]",96.98,91.7872,0.0,1,2.0567055860805823,19.961200000000005
visual_formulas,observed_main,5,all,all,all,Ours-no-strength/raw,1,"[""mmke-entity/paligemma-3b""]",96.98,84.2172,0.0,1,2.0567055860805823,12.391200000000012
visual_formulas,observed_main,5,all,all,all,Ours-no-strength/tukey,1,"[""mmke-entity/paligemma-3b""]",96.98,84.2172,0.0,1,2.0567055860805823,12.391200000000012
visual_formulas,observed_main,5,all,all,all,LGA-Visual/raw,1,"[""mmke-entity/paligemma-3b""]",96.98,91.7872,0.0,1,2.0567055860805823,19.961200000000005
visual_formulas,observed_main,5,all,all,all,LGA-Visual/tukey,1,"[""mmke-entity/paligemma-3b""]",96.98,90.194,0.0,1,2.0567055860805823,18.36800000000001
visual_formulas,observed_main,5,all,all,all,LGA-Visual-no-direction/raw,1,"[""mmke-entity/paligemma-3b""]",96.98,91.7872,0.0,1,2.0567055860805823,19.961200000000005
visual_formulas,observed_main,5,all,all,all,LGA-Visual-no-direction/tukey,1,"[""mmke-entity/paligemma-3b""]",96.98,91.7872,0.0,1,2.0567055860805823,19.961200000000005
visual_formulas,observed_main,5,all,dataset,evqa-pilot500,Ours-main/raw,0,[],,,,,,
visual_formulas,observed_main,5,all,dataset,evqa-pilot500,Ours-main/tukey,0,[],,,,,,
visual_formulas,observed_main,5,all,dataset,evqa-pilot500,Ours-no-direction/raw,0,[],,,,,,
visual_formulas,observed_main,5,all,dataset,evqa-pilot500,Ours-no-direction/tukey,0,[],,,,,,
visual_formulas,observed_main,5,all,dataset,evqa-pilot500,Ours-no-strength/raw,0,[],,,,,,
visual_formulas,observed_main,5,all,dataset,evqa-pilot500,Ours-no-strength/tukey,0,[],,,,,,
visual_formulas,observed_main,5,all,dataset,evqa-pilot500,LGA-Visual/raw,0,[],,,,,,
visual_formulas,observed_main,5,all,dataset,evqa-pilot500,LGA-Visual/tukey,0,[],,,,,,
visual_formulas,observed_main,5,all,dataset,evqa-pilot500,LGA-Visual-no-direction/raw,0,[],,,,,,
visual_formulas,observed_main,5,all,dataset,evqa-pilot500,LGA-Visual-no-direction/tukey,0,[],,,,,,
visual_formulas,observed_main,5,all,dataset,mmke-visual,Ours-main/raw,0,[],,,,,,
visual_formulas,observed_main,5,all,dataset,mmke-visual,Ours-main/tukey,0,[],,,,,,
visual_formulas,observed_main,5,all,dataset,mmke-visual,Ours-no-direction/raw,0,[],,,,,,
visual_formulas,observed_main,5,all,dataset,mmke-visual,Ours-no-direction/tukey,0,[],,,,,,
visual_formulas,observed_main,5,all,dataset,mmke-visual,Ours-no-strength/raw,0,[],,,,,,
visual_formulas,observed_main,5,all,dataset,mmke-visual,Ours-no-strength/tukey,0,[],,,,,,
visual_formulas,observed_main,5,all,dataset,mmke-visual,LGA-Visual/raw,0,[],,,,,,
visual_formulas,observed_main,5,all,dataset,mmke-visual,LGA-Visual/tukey,0,[],,,,,,
visual_formulas,observed_main,5,all,dataset,mmke-visual,LGA-Visual-no-direction/raw,0,[],,,,,,
visual_formulas,observed_main,5,all,dataset,mmke-visual,LGA-Visual-no-direction/tukey,0,[],,,,,,
visual_formulas,observed_main,5,all,dataset,mmke-entity,Ours-main/raw,1,"[""mmke-entity/paligemma-3b""]",96.98,91.7872,0.0,1,2.0567055860805823,19.961200000000005
visual_formulas,observed_main,5,all,dataset,mmke-entity,Ours-main/tukey,1,"[""mmke-entity/paligemma-3b""]",96.98,91.7872,0.0,1,2.0567055860805823,19.961200000000005
visual_formulas,observed_main,5,all,dataset,mmke-entity,Ours-no-direction/raw,1,"[""mmke-entity/paligemma-3b""]",96.98,91.7872,0.0,1,2.0567055860805823,19.961200000000005
visual_formulas,observed_main,5,all,dataset,mmke-entity,Ours-no-direction/tukey,1,"[""mmke-entity/paligemma-3b""]",96.98,91.7872,0.0,1,2.0567055860805823,19.961200000000005
visual_formulas,observed_main,5,all,dataset,mmke-entity,Ours-no-strength/raw,1,"[""mmke-entity/paligemma-3b""]",96.98,84.2172,0.0,1,2.0567055860805823,12.391200000000012
visual_formulas,observed_main,5,all,dataset,mmke-entity,Ours-no-strength/tukey,1,"[""mmke-entity/paligemma-3b""]",96.98,84.2172,0.0,1,2.0567055860805823,12.391200000000012
visual_formulas,observed_main,5,all,dataset,mmke-entity,LGA-Visual/raw,1,"[""mmke-entity/paligemma-3b""]",96.98,91.7872,0.0,1,2.0567055860805823,19.961200000000005
visual_formulas,observed_main,5,all,dataset,mmke-entity,LGA-Visual/tukey,1,"[""mmke-entity/paligemma-3b""]",96.98,90.194,0.0,1,2.0567055860805823,18.36800000000001
visual_formulas,observed_main,5,all,dataset,mmke-entity,LGA-Visual-no-direction/raw,1,"[""mmke-entity/paligemma-3b""]",96.98,91.7872,0.0,1,2.0567055860805823,19.961200000000005
visual_formulas,observed_main,5,all,dataset,mmke-entity,LGA-Visual-no-direction/tukey,1,"[""mmke-entity/paligemma-3b""]",96.98,91.7872,0.0,1,2.0567055860805823,19.961200000000005
visual_formulas,observed_main,5,coverage80,all,all,Ours-main/raw,1,"[""mmke-entity/paligemma-3b""]",96.98,91.7872,0.0,1,2.0567055860805823,19.961200000000005
visual_formulas,observed_main,5,coverage80,all,all,Ours-main/tukey,1,"[""mmke-entity/paligemma-3b""]",96.98,91.7872,0.0,1,2.0567055860805823,19.961200000000005
visual_formulas,observed_main,5,coverage80,all,all,Ours-no-direction/raw,1,"[""mmke-entity/paligemma-3b""]",96.98,91.7872,0.0,1,2.0567055860805823,19.961200000000005
visual_formulas,observed_main,5,coverage80,all,all,Ours-no-direction/tukey,1,"[""mmke-entity/paligemma-3b""]",96.98,91.7872,0.0,1,2.0567055860805823,19.961200000000005
visual_formulas,observed_main,5,coverage80,all,all,Ours-no-strength/raw,1,"[""mmke-entity/paligemma-3b""]",96.98,84.2172,0.0,1,2.0567055860805823,12.391200000000012
visual_formulas,observed_main,5,coverage80,all,all,Ours-no-strength/tukey,1,"[""mmke-entity/paligemma-3b""]",96.98,84.2172,0.0,1,2.0567055860805823,12.391200000000012
visual_formulas,observed_main,5,coverage80,all,all,LGA-Visual/raw,1,"[""mmke-entity/paligemma-3b""]",96.98,91.7872,0.0,1,2.0567055860805823,19.961200000000005
visual_formulas,observed_main,5,coverage80,all,all,LGA-Visual/tukey,1,"[""mmke-entity/paligemma-3b""]",96.98,90.194,0.0,1,2.0567055860805823,18.36800000000001
visual_formulas,observed_main,5,coverage80,all,all,LGA-Visual-no-direction/raw,1,"[""mmke-entity/paligemma-3b""]",96.98,91.7872,0.0,1,2.0567055860805823,19.961200000000005
visual_formulas,observed_main,5,coverage80,all,all,LGA-Visual-no-direction/tukey,1,"[""mmke-entity/paligemma-3b""]",96.98,91.7872,0.0,1,2.0567055860805823,19.961200000000005
visual_formulas,observed_main,5,coverage80,dataset,evqa-pilot500,Ours-main/raw,0,[],,,,,,
visual_formulas,observed_main,5,coverage80,dataset,evqa-pilot500,Ours-main/tukey,0,[],,,,,,
visual_formulas,observed_main,5,coverage80,dataset,evqa-pilot500,Ours-no-direction/raw,0,[],,,,,,
visual_formulas,observed_main,5,coverage80,dataset,evqa-pilot500,Ours-no-direction/tukey,0,[],,,,,,
visual_formulas,observed_main,5,coverage80,dataset,evqa-pilot500,Ours-no-strength/raw,0,[],,,,,,
visual_formulas,observed_main,5,coverage80,dataset,evqa-pilot500,Ours-no-strength/tukey,0,[],,,,,,
visual_formulas,observed_main,5,coverage80,dataset,evqa-pilot500,LGA-Visual/raw,0,[],,,,,,
visual_formulas,observed_main,5,coverage80,dataset,evqa-pilot500,LGA-Visual/tukey,0,[],,,,,,
visual_formulas,observed_main,5,coverage80,dataset,evqa-pilot500,LGA-Visual-no-direction/raw,0,[],,,,,,
visual_formulas,observed_main,5,coverage80,dataset,evqa-pilot500,LGA-Visual-no-direction/tukey,0,[],,,,,,
visual_formulas,observed_main,5,coverage80,dataset,mmke-visual,Ours-main/raw,0,[],,,,,,
visual_formulas,observed_main,5,coverage80,dataset,mmke-visual,Ours-main/tukey,0,[],,,,,,
visual_formulas,observed_main,5,coverage80,dataset,mmke-visual,Ours-no-direction/raw,0,[],,,,,,
visual_formulas,observed_main,5,coverage80,dataset,mmke-visual,Ours-no-direction/tukey,0,[],,,,,,
visual_formulas,observed_main,5,coverage80,dataset,mmke-visual,Ours-no-strength/raw,0,[],,,,,,
visual_formulas,observed_main,5,coverage80,dataset,mmke-visual,Ours-no-strength/tukey,0,[],,,,,,
visual_formulas,observed_main,5,coverage80,dataset,mmke-visual,LGA-Visual/raw,0,[],,,,,,
visual_formulas,observed_main,5,coverage80,dataset,mmke-visual,LGA-Visual/tukey,0,[],,,,,,
visual_formulas,observed_main,5,coverage80,dataset,mmke-visual,LGA-Visual-no-direction/raw,0,[],,,,,,
visual_formulas,observed_main,5,coverage80,dataset,mmke-visual,LGA-Visual-no-direction/tukey,0,[],,,,,,
visual_formulas,observed_main,5,coverage80,dataset,mmke-entity,Ours-main/raw,1,"[""mmke-entity/paligemma-3b""]",96.98,91.7872,0.0,1,2.0567055860805823,19.961200000000005
visual_formulas,observed_main,5,coverage80,dataset,mmke-entity,Ours-main/tukey,1,"[""mmke-entity/paligemma-3b""]",96.98,91.7872,0.0,1,2.0567055860805823,19.961200000000005
visual_formulas,observed_main,5,coverage80,dataset,mmke-entity,Ours-no-direction/raw,1,"[""mmke-entity/paligemma-3b""]",96.98,91.7872,0.0,1,2.0567055860805823,19.961200000000005
visual_formulas,observed_main,5,coverage80,dataset,mmke-entity,Ours-no-direction/tukey,1,"[""mmke-entity/paligemma-3b""]",96.98,91.7872,0.0,1,2.0567055860805823,19.961200000000005
visual_formulas,observed_main,5,coverage80,dataset,mmke-entity,Ours-no-strength/raw,1,"[""mmke-entity/paligemma-3b""]",96.98,84.2172,0.0,1,2.0567055860805823,12.391200000000012
visual_formulas,observed_main,5,coverage80,dataset,mmke-entity,Ours-no-strength/tukey,1,"[""mmke-entity/paligemma-3b""]",96.98,84.2172,0.0,1,2.0567055860805823,12.391200000000012
visual_formulas,observed_main,5,coverage80,dataset,mmke-entity,LGA-Visual/raw,1,"[""mmke-entity/paligemma-3b""]",96.98,91.7872,0.0,1,2.0567055860805823,19.961200000000005
visual_formulas,observed_main,5,coverage80,dataset,mmke-entity,LGA-Visual/tukey,1,"[""mmke-entity/paligemma-3b""]",96.98,90.194,0.0,1,2.0567055860805823,18.36800000000001
visual_formulas,observed_main,5,coverage80,dataset,mmke-entity,LGA-Visual-no-direction/raw,1,"[""mmke-entity/paligemma-3b""]",96.98,91.7872,0.0,1,2.0567055860805823,19.961200000000005
visual_formulas,observed_main,5,coverage80,dataset,mmke-entity,LGA-Visual-no-direction/tukey,1,"[""mmke-entity/paligemma-3b""]",96.98,91.7872,0.0,1,2.0567055860805823,19.961200000000005
visual_formulas,main_without_flagged,1,all,all,all,Ours-main/raw,8,"[""evqa-pilot500/blip2-opt-2.7b"", ""evqa-pilot500/minigpt-4-vicuna-7b"", ""evqa-pilot500/llava-v1.5-7b"", ""evqa-pilot500/qwen2.5-vl-3b"", ""mmke-visual/instructblip-vicuna-7b"", ""mmke-visual/qwen2.5-vl-3b"", ""mmke-entity/instructblip-vicuna-7b"", ""mmke-entity/paligemma-3b""]",67.83025,67.83025,6.544750000000002,0.25,5.238978235939787,5.238978235939787
visual_formulas,main_without_flagged,1,all,all,all,Ours-main/tukey,8,"[""evqa-pilot500/blip2-opt-2.7b"", ""evqa-pilot500/minigpt-4-vicuna-7b"", ""evqa-pilot500/llava-v1.5-7b"", ""evqa-pilot500/qwen2.5-vl-3b"", ""mmke-visual/instructblip-vicuna-7b"", ""mmke-visual/qwen2.5-vl-3b"", ""mmke-entity/instructblip-vicuna-7b"", ""mmke-entity/paligemma-3b""]",67.873,67.873,6.5020000000000024,0.25,5.281728235939787,5.281728235939787
visual_formulas,main_without_flagged,1,all,all,all,Ours-no-direction/raw,8,"[""evqa-pilot500/blip2-opt-2.7b"", ""evqa-pilot500/minigpt-4-vicuna-7b"", ""evqa-pilot500/llava-v1.5-7b"", ""evqa-pilot500/qwen2.5-vl-3b"", ""mmke-visual/instructblip-vicuna-7b"", ""mmke-visual/qwen2.5-vl-3b"", ""mmke-entity/instructblip-vicuna-7b"", ""mmke-entity/paligemma-3b""]",67.50775,67.50775,6.867250000000003,0.125,4.9164782359397865,4.9164782359397865
visual_formulas,main_without_flagged,1,all,all,all,Ours-no-direction/tukey,8,"[""evqa-pilot500/blip2-opt-2.7b"", ""evqa-pilot500/minigpt-4-vicuna-7b"", ""evqa-pilot500/llava-v1.5-7b"", ""evqa-pilot500/qwen2.5-vl-3b"", ""mmke-visual/instructblip-vicuna-7b"", ""mmke-visual/qwen2.5-vl-3b"", ""mmke-entity/instructblip-vicuna-7b"", ""mmke-entity/paligemma-3b""]",67.5505,67.5505,6.824500000000003,0.125,4.959228235939786,4.959228235939786
visual_formulas,main_without_flagged,1,all,all,all,Ours-no-strength/raw,8,"[""evqa-pilot500/blip2-opt-2.7b"", ""evqa-pilot500/minigpt-4-vicuna-7b"", ""evqa-pilot500/llava-v1.5-7b"", ""evqa-pilot500/qwen2.5-vl-3b"", ""mmke-visual/instructblip-vicuna-7b"", ""mmke-visual/qwen2.5-vl-3b"", ""mmke-entity/instructblip-vicuna-7b"", ""mmke-entity/paligemma-3b""]",61.4135,61.4135,12.961500000000006,0,-1.1777717640602168,-1.1777717640602168
visual_formulas,main_without_flagged,1,all,all,all,Ours-no-strength/tukey,8,"[""evqa-pilot500/blip2-opt-2.7b"", ""evqa-pilot500/minigpt-4-vicuna-7b"", ""evqa-pilot500/llava-v1.5-7b"", ""evqa-pilot500/qwen2.5-vl-3b"", ""mmke-visual/instructblip-vicuna-7b"", ""mmke-visual/qwen2.5-vl-3b"", ""mmke-entity/instructblip-vicuna-7b"", ""mmke-entity/paligemma-3b""]",62.38525,62.38525,11.989750000000004,0,-0.20602176406021577,-0.20602176406021577
visual_formulas,main_without_flagged,1,all,all,all,LGA-Visual/raw,8,"[""evqa-pilot500/blip2-opt-2.7b"", ""evqa-pilot500/minigpt-4-vicuna-7b"", ""evqa-pilot500/llava-v1.5-7b"", ""evqa-pilot500/qwen2.5-vl-3b"", ""mmke-visual/instructblip-vicuna-7b"", ""mmke-visual/qwen2.5-vl-3b"", ""mmke-entity/instructblip-vicuna-7b"", ""mmke-entity/paligemma-3b""]",68.63675,68.63675,5.738250000000004,0.125,6.045478235939785,6.045478235939785
visual_formulas,main_without_flagged,1,all,all,all,LGA-Visual/tukey,8,"[""evqa-pilot500/blip2-opt-2.7b"", ""evqa-pilot500/minigpt-4-vicuna-7b"", ""evqa-pilot500/llava-v1.5-7b"", ""evqa-pilot500/qwen2.5-vl-3b"", ""mmke-visual/instructblip-vicuna-7b"", ""mmke-visual/qwen2.5-vl-3b"", ""mmke-entity/instructblip-vicuna-7b"", ""mmke-entity/paligemma-3b""]",69.002,69.002,5.373000000000003,0.125,6.410728235939787,6.410728235939787
visual_formulas,main_without_flagged,1,all,all,all,LGA-Visual-no-direction/raw,8,"[""evqa-pilot500/blip2-opt-2.7b"", ""evqa-pilot500/minigpt-4-vicuna-7b"", ""evqa-pilot500/llava-v1.5-7b"", ""evqa-pilot500/qwen2.5-vl-3b"", ""mmke-visual/instructblip-vicuna-7b"", ""mmke-visual/qwen2.5-vl-3b"", ""mmke-entity/instructblip-vicuna-7b"", ""mmke-entity/paligemma-3b""]",68.52125000000001,68.52125000000001,5.8537500000000025,0.125,5.929978235939787,5.929978235939787
visual_formulas,main_without_flagged,1,all,all,all,LGA-Visual-no-direction/tukey,8,"[""evqa-pilot500/blip2-opt-2.7b"", ""evqa-pilot500/minigpt-4-vicuna-7b"", ""evqa-pilot500/llava-v1.5-7b"", ""evqa-pilot500/qwen2.5-vl-3b"", ""mmke-visual/instructblip-vicuna-7b"", ""mmke-visual/qwen2.5-vl-3b"", ""mmke-entity/instructblip-vicuna-7b"", ""mmke-entity/paligemma-3b""]",69.7445,69.7445,4.630500000000002,0.125,7.153228235939787,7.153228235939787
visual_formulas,main_without_flagged,1,all,dataset,evqa-pilot500,Ours-main/raw,4,"[""evqa-pilot500/blip2-opt-2.7b"", ""evqa-pilot500/minigpt-4-vicuna-7b"", ""evqa-pilot500/llava-v1.5-7b"", ""evqa-pilot500/qwen2.5-vl-3b""]",60.488,60.488,11.137,0.25,-2.6053238782051267,-2.6053238782051267
visual_formulas,main_without_flagged,1,all,dataset,evqa-pilot500,Ours-main/tukey,4,"[""evqa-pilot500/blip2-opt-2.7b"", ""evqa-pilot500/minigpt-4-vicuna-7b"", ""evqa-pilot500/llava-v1.5-7b"", ""evqa-pilot500/qwen2.5-vl-3b""]",60.5735,60.5735,11.0515,0.25,-2.519823878205127,-2.519823878205127
visual_formulas,main_without_flagged,1,all,dataset,evqa-pilot500,Ours-no-direction/raw,4,"[""evqa-pilot500/blip2-opt-2.7b"", ""evqa-pilot500/minigpt-4-vicuna-7b"", ""evqa-pilot500/llava-v1.5-7b"", ""evqa-pilot500/qwen2.5-vl-3b""]",59.843,59.843,11.782000000000002,0,-3.250323878205128,-3.250323878205128
visual_formulas,main_without_flagged,1,all,dataset,evqa-pilot500,Ours-no-direction/tukey,4,"[""evqa-pilot500/blip2-opt-2.7b"", ""evqa-pilot500/minigpt-4-vicuna-7b"", ""evqa-pilot500/llava-v1.5-7b"", ""evqa-pilot500/qwen2.5-vl-3b""]",59.9285,59.9285,11.696500000000002,0,-3.1648238782051283,-3.1648238782051283
visual_formulas,main_without_flagged,1,all,dataset,evqa-pilot500,Ours-no-strength/raw,4,"[""evqa-pilot500/blip2-opt-2.7b"", ""evqa-pilot500/minigpt-4-vicuna-7b"", ""evqa-pilot500/llava-v1.5-7b"", ""evqa-pilot500/qwen2.5-vl-3b""]",59.01,59.01,12.615000000000004,0,-4.08332387820513,-4.08332387820513
visual_formulas,main_without_flagged,1,all,dataset,evqa-pilot500,Ours-no-strength/tukey,4,"[""evqa-pilot500/blip2-opt-2.7b"", ""evqa-pilot500/minigpt-4-vicuna-7b"", ""evqa-pilot500/llava-v1.5-7b"", ""evqa-pilot500/qwen2.5-vl-3b""]",59.921,59.921,11.704000000000002,0,-3.1723238782051286,-3.1723238782051286
visual_formulas,main_without_flagged,1,all,dataset,evqa-pilot500,LGA-Visual/raw,4,"[""evqa-pilot500/blip2-opt-2.7b"", ""evqa-pilot500/minigpt-4-vicuna-7b"", ""evqa-pilot500/llava-v1.5-7b"", ""evqa-pilot500/qwen2.5-vl-3b""]",62.101,62.101,9.524000000000004,0,-0.9923238782051307,-0.9923238782051307
visual_formulas,main_without_flagged,1,all,dataset,evqa-pilot500,LGA-Visual/tukey,4,"[""evqa-pilot500/blip2-opt-2.7b"", ""evqa-pilot500/minigpt-4-vicuna-7b"", ""evqa-pilot500/llava-v1.5-7b"", ""evqa-pilot500/qwen2.5-vl-3b""]",62.414,62.414,9.211000000000002,0,-0.6793238782051283,-0.6793238782051283
visual_formulas,main_without_flagged,1,all,dataset,evqa-pilot500,LGA-Visual-no-direction/raw,4,"[""evqa-pilot500/blip2-opt-2.7b"", ""evqa-pilot500/minigpt-4-vicuna-7b"", ""evqa-pilot500/llava-v1.5-7b"", ""evqa-pilot500/qwen2.5-vl-3b""]",61.870000000000005,61.870000000000005,9.755,0,-1.223323878205127,-1.223323878205127
visual_formulas,main_without_flagged,1,all,dataset,evqa-pilot500,LGA-Visual-no-direction/tukey,4,"[""evqa-pilot500/blip2-opt-2.7b"", ""evqa-pilot500/minigpt-4-vicuna-7b"", ""evqa-pilot500/llava-v1.5-7b"", ""evqa-pilot500/qwen2.5-vl-3b""]",64.5515,64.5515,7.073500000000001,0,1.4581761217948728,1.4581761217948728
visual_formulas,main_without_flagged,1,all,dataset,mmke-visual,Ours-main/raw,2,"[""mmke-visual/instructblip-vicuna-7b"", ""mmke-visual/qwen2.5-vl-3b""]",70.35,70.35,0.8200000000000074,0,9.632225296442687,9.632225296442687
visual_formulas,main_without_flagged,1,all,dataset,mmke-visual,Ours-main/tukey,2,"[""mmke-visual/instructblip-vicuna-7b"", ""mmke-visual/qwen2.5-vl-3b""]",70.35,70.35,0.8200000000000074,0,9.632225296442687,9.632225296442687
visual_formulas,main_without_flagged,1,all,dataset,mmke-visual,Ours-no-direction/raw,2,"[""mmke-visual/instructblip-vicuna-7b"", ""mmke-visual/qwen2.5-vl-3b""]",70.35,70.35,0.8200000000000074,0,9.632225296442687,9.632225296442687
visual_formulas,main_without_flagged,1,all,dataset,mmke-visual,Ours-no-direction/tukey,2,"[""mmke-visual/instructblip-vicuna-7b"", ""mmke-visual/qwen2.5-vl-3b""]",70.35,70.35,0.8200000000000074,0,9.632225296442687,9.632225296442687
visual_formulas,main_without_flagged,1,all,dataset,mmke-visual,Ours-no-strength/raw,2,"[""mmke-visual/instructblip-vicuna-7b"", ""mmke-visual/qwen2.5-vl-3b""]",58.876999999999995,58.876999999999995,12.29300000000001,0,-1.8407747035573152,-1.8407747035573152
visual_formulas,main_without_flagged,1,all,dataset,mmke-visual,Ours-no-strength/tukey,2,"[""mmke-visual/instructblip-vicuna-7b"", ""mmke-visual/qwen2.5-vl-3b""]",60.504,60.504,10.666000000000011,0,-0.21377470355731631,-0.21377470355731631
visual_formulas,main_without_flagged,1,all,dataset,mmke-visual,LGA-Visual/raw,2,"[""mmke-visual/instructblip-vicuna-7b"", ""mmke-visual/qwen2.5-vl-3b""]",70.35,70.35,0.8200000000000074,0,9.632225296442687,9.632225296442687
visual_formulas,main_without_flagged,1,all,dataset,mmke-visual,LGA-Visual/tukey,2,"[""mmke-visual/instructblip-vicuna-7b"", ""mmke-visual/qwen2.5-vl-3b""]",70.105,70.105,1.0650000000000048,0,9.38722529644269,9.38722529644269
visual_formulas,main_without_flagged,1,all,dataset,mmke-visual,LGA-Visual-no-direction/raw,2,"[""mmke-visual/instructblip-vicuna-7b"", ""mmke-visual/qwen2.5-vl-3b""]",70.35,70.35,0.8200000000000074,0,9.632225296442687,9.632225296442687
visual_formulas,main_without_flagged,1,all,dataset,mmke-visual,LGA-Visual-no-direction/tukey,2,"[""mmke-visual/instructblip-vicuna-7b"", ""mmke-visual/qwen2.5-vl-3b""]",69.88,69.88,1.2900000000000063,0,9.162225296442688,9.162225296442688
visual_formulas,main_without_flagged,1,all,dataset,mmke-entity,Ours-main/raw,2,"[""mmke-entity/instructblip-vicuna-7b"", ""mmke-entity/paligemma-3b""]",79.995,79.995,3.085000000000001,0.5,16.534335403726715,16.534335403726715
visual_formulas,main_without_flagged,1,all,dataset,mmke-entity,Ours-main/tukey,2,"[""mmke-entity/instructblip-vicuna-7b"", ""mmke-entity/paligemma-3b""]",79.995,79.995,3.085000000000001,0.5,16.534335403726715,16.534335403726715
visual_formulas,main_without_flagged,1,all,dataset,mmke-entity,Ours-no-direction/raw,2,"[""mmke-entity/instructblip-vicuna-7b"", ""mmke-entity/paligemma-3b""]",79.995,79.995,3.085000000000001,0.5,16.534335403726715,16.534335403726715
visual_formulas,main_without_flagged,1,all,dataset,mmke-entity,Ours-no-direction/tukey,2,"[""mmke-entity/instructblip-vicuna-7b"", ""mmke-entity/paligemma-3b""]",79.995,79.995,3.085000000000001,0.5,16.534335403726715,16.534335403726715
visual_formulas,main_without_flagged,1,all,dataset,mmke-entity,Ours-no-strength/raw,2,"[""mmke-entity/instructblip-vicuna-7b"", ""mmke-entity/paligemma-3b""]",68.757,68.757,14.323000000000008,0,5.296335403726708,5.296335403726708
visual_formulas,main_without_flagged,1,all,dataset,mmke-entity,Ours-no-strength/tukey,2,"[""mmke-entity/instructblip-vicuna-7b"", ""mmke-entity/paligemma-3b""]",69.195,69.195,13.885000000000005,0,5.7343354037267105,5.7343354037267105
visual_formulas,main_without_flagged,1,all,dataset,mmke-entity,LGA-Visual/raw,2,"[""mmke-entity/instructblip-vicuna-7b"", ""mmke-entity/paligemma-3b""]",79.995,79.995,3.085000000000001,0.5,16.534335403726715,16.534335403726715
visual_formulas,main_without_flagged,1,all,dataset,mmke-entity,LGA-Visual/tukey,2,"[""mmke-entity/instructblip-vicuna-7b"", ""mmke-entity/paligemma-3b""]",81.075,81.075,2.0050000000000026,0.5,17.614335403726713,17.614335403726713
visual_formulas,main_without_flagged,1,all,dataset,mmke-entity,LGA-Visual-no-direction/raw,2,"[""mmke-entity/instructblip-vicuna-7b"", ""mmke-entity/paligemma-3b""]",79.995,79.995,3.085000000000001,0.5,16.534335403726715,16.534335403726715
visual_formulas,main_without_flagged,1,all,dataset,mmke-entity,LGA-Visual-no-direction/tukey,2,"[""mmke-entity/instructblip-vicuna-7b"", ""mmke-entity/paligemma-3b""]",79.995,79.995,3.085000000000001,0.5,16.534335403726715,16.534335403726715
visual_formulas,main_without_flagged,1,coverage80,all,all,Ours-main/raw,8,"[""evqa-pilot500/blip2-opt-2.7b"", ""evqa-pilot500/minigpt-4-vicuna-7b"", ""evqa-pilot500/llava-v1.5-7b"", ""evqa-pilot500/qwen2.5-vl-3b"", ""mmke-visual/instructblip-vicuna-7b"", ""mmke-visual/qwen2.5-vl-3b"", ""mmke-entity/instructblip-vicuna-7b"", ""mmke-entity/paligemma-3b""]",67.83025,67.83025,6.544750000000002,0.25,5.238978235939787,5.238978235939787
visual_formulas,main_without_flagged,1,coverage80,all,all,Ours-main/tukey,8,"[""evqa-pilot500/blip2-opt-2.7b"", ""evqa-pilot500/minigpt-4-vicuna-7b"", ""evqa-pilot500/llava-v1.5-7b"", ""evqa-pilot500/qwen2.5-vl-3b"", ""mmke-visual/instructblip-vicuna-7b"", ""mmke-visual/qwen2.5-vl-3b"", ""mmke-entity/instructblip-vicuna-7b"", ""mmke-entity/paligemma-3b""]",67.873,67.873,6.5020000000000024,0.25,5.281728235939787,5.281728235939787
visual_formulas,main_without_flagged,1,coverage80,all,all,Ours-no-direction/raw,8,"[""evqa-pilot500/blip2-opt-2.7b"", ""evqa-pilot500/minigpt-4-vicuna-7b"", ""evqa-pilot500/llava-v1.5-7b"", ""evqa-pilot500/qwen2.5-vl-3b"", ""mmke-visual/instructblip-vicuna-7b"", ""mmke-visual/qwen2.5-vl-3b"", ""mmke-entity/instructblip-vicuna-7b"", ""mmke-entity/paligemma-3b""]",67.50775,67.50775,6.867250000000003,0.125,4.9164782359397865,4.9164782359397865
visual_formulas,main_without_flagged,1,coverage80,all,all,Ours-no-direction/tukey,8,"[""evqa-pilot500/blip2-opt-2.7b"", ""evqa-pilot500/minigpt-4-vicuna-7b"", ""evqa-pilot500/llava-v1.5-7b"", ""evqa-pilot500/qwen2.5-vl-3b"", ""mmke-visual/instructblip-vicuna-7b"", ""mmke-visual/qwen2.5-vl-3b"", ""mmke-entity/instructblip-vicuna-7b"", ""mmke-entity/paligemma-3b""]",67.5505,67.5505,6.824500000000003,0.125,4.959228235939786,4.959228235939786
visual_formulas,main_without_flagged,1,coverage80,all,all,Ours-no-strength/raw,8,"[""evqa-pilot500/blip2-opt-2.7b"", ""evqa-pilot500/minigpt-4-vicuna-7b"", ""evqa-pilot500/llava-v1.5-7b"", ""evqa-pilot500/qwen2.5-vl-3b"", ""mmke-visual/instructblip-vicuna-7b"", ""mmke-visual/qwen2.5-vl-3b"", ""mmke-entity/instructblip-vicuna-7b"", ""mmke-entity/paligemma-3b""]",61.4135,61.4135,12.961500000000006,0,-1.1777717640602168,-1.1777717640602168
visual_formulas,main_without_flagged,1,coverage80,all,all,Ours-no-strength/tukey,8,"[""evqa-pilot500/blip2-opt-2.7b"", ""evqa-pilot500/minigpt-4-vicuna-7b"", ""evqa-pilot500/llava-v1.5-7b"", ""evqa-pilot500/qwen2.5-vl-3b"", ""mmke-visual/instructblip-vicuna-7b"", ""mmke-visual/qwen2.5-vl-3b"", ""mmke-entity/instructblip-vicuna-7b"", ""mmke-entity/paligemma-3b""]",62.38525,62.38525,11.989750000000004,0,-0.20602176406021577,-0.20602176406021577
visual_formulas,main_without_flagged,1,coverage80,all,all,LGA-Visual/raw,8,"[""evqa-pilot500/blip2-opt-2.7b"", ""evqa-pilot500/minigpt-4-vicuna-7b"", ""evqa-pilot500/llava-v1.5-7b"", ""evqa-pilot500/qwen2.5-vl-3b"", ""mmke-visual/instructblip-vicuna-7b"", ""mmke-visual/qwen2.5-vl-3b"", ""mmke-entity/instructblip-vicuna-7b"", ""mmke-entity/paligemma-3b""]",68.63675,68.63675,5.738250000000004,0.125,6.045478235939785,6.045478235939785
visual_formulas,main_without_flagged,1,coverage80,all,all,LGA-Visual/tukey,8,"[""evqa-pilot500/blip2-opt-2.7b"", ""evqa-pilot500/minigpt-4-vicuna-7b"", ""evqa-pilot500/llava-v1.5-7b"", ""evqa-pilot500/qwen2.5-vl-3b"", ""mmke-visual/instructblip-vicuna-7b"", ""mmke-visual/qwen2.5-vl-3b"", ""mmke-entity/instructblip-vicuna-7b"", ""mmke-entity/paligemma-3b""]",69.002,69.002,5.373000000000003,0.125,6.410728235939787,6.410728235939787
visual_formulas,main_without_flagged,1,coverage80,all,all,LGA-Visual-no-direction/raw,8,"[""evqa-pilot500/blip2-opt-2.7b"", ""evqa-pilot500/minigpt-4-vicuna-7b"", ""evqa-pilot500/llava-v1.5-7b"", ""evqa-pilot500/qwen2.5-vl-3b"", ""mmke-visual/instructblip-vicuna-7b"", ""mmke-visual/qwen2.5-vl-3b"", ""mmke-entity/instructblip-vicuna-7b"", ""mmke-entity/paligemma-3b""]",68.52125000000001,68.52125000000001,5.8537500000000025,0.125,5.929978235939787,5.929978235939787
visual_formulas,main_without_flagged,1,coverage80,all,all,LGA-Visual-no-direction/tukey,8,"[""evqa-pilot500/blip2-opt-2.7b"", ""evqa-pilot500/minigpt-4-vicuna-7b"", ""evqa-pilot500/llava-v1.5-7b"", ""evqa-pilot500/qwen2.5-vl-3b"", ""mmke-visual/instructblip-vicuna-7b"", ""mmke-visual/qwen2.5-vl-3b"", ""mmke-entity/instructblip-vicuna-7b"", ""mmke-entity/paligemma-3b""]",69.7445,69.7445,4.630500000000002,0.125,7.153228235939787,7.153228235939787
visual_formulas,main_without_flagged,1,coverage80,dataset,evqa-pilot500,Ours-main/raw,4,"[""evqa-pilot500/blip2-opt-2.7b"", ""evqa-pilot500/minigpt-4-vicuna-7b"", ""evqa-pilot500/llava-v1.5-7b"", ""evqa-pilot500/qwen2.5-vl-3b""]",60.488,60.488,11.137,0.25,-2.6053238782051267,-2.6053238782051267
visual_formulas,main_without_flagged,1,coverage80,dataset,evqa-pilot500,Ours-main/tukey,4,"[""evqa-pilot500/blip2-opt-2.7b"", ""evqa-pilot500/minigpt-4-vicuna-7b"", ""evqa-pilot500/llava-v1.5-7b"", ""evqa-pilot500/qwen2.5-vl-3b""]",60.5735,60.5735,11.0515,0.25,-2.519823878205127,-2.519823878205127
visual_formulas,main_without_flagged,1,coverage80,dataset,evqa-pilot500,Ours-no-direction/raw,4,"[""evqa-pilot500/blip2-opt-2.7b"", ""evqa-pilot500/minigpt-4-vicuna-7b"", ""evqa-pilot500/llava-v1.5-7b"", ""evqa-pilot500/qwen2.5-vl-3b""]",59.843,59.843,11.782000000000002,0,-3.250323878205128,-3.250323878205128
visual_formulas,main_without_flagged,1,coverage80,dataset,evqa-pilot500,Ours-no-direction/tukey,4,"[""evqa-pilot500/blip2-opt-2.7b"", ""evqa-pilot500/minigpt-4-vicuna-7b"", ""evqa-pilot500/llava-v1.5-7b"", ""evqa-pilot500/qwen2.5-vl-3b""]",59.9285,59.9285,11.696500000000002,0,-3.1648238782051283,-3.1648238782051283
visual_formulas,main_without_flagged,1,coverage80,dataset,evqa-pilot500,Ours-no-strength/raw,4,"[""evqa-pilot500/blip2-opt-2.7b"", ""evqa-pilot500/minigpt-4-vicuna-7b"", ""evqa-pilot500/llava-v1.5-7b"", ""evqa-pilot500/qwen2.5-vl-3b""]",59.01,59.01,12.615000000000004,0,-4.08332387820513,-4.08332387820513
visual_formulas,main_without_flagged,1,coverage80,dataset,evqa-pilot500,Ours-no-strength/tukey,4,"[""evqa-pilot500/blip2-opt-2.7b"", ""evqa-pilot500/minigpt-4-vicuna-7b"", ""evqa-pilot500/llava-v1.5-7b"", ""evqa-pilot500/qwen2.5-vl-3b""]",59.921,59.921,11.704000000000002,0,-3.1723238782051286,-3.1723238782051286
visual_formulas,main_without_flagged,1,coverage80,dataset,evqa-pilot500,LGA-Visual/raw,4,"[""evqa-pilot500/blip2-opt-2.7b"", ""evqa-pilot500/minigpt-4-vicuna-7b"", ""evqa-pilot500/llava-v1.5-7b"", ""evqa-pilot500/qwen2.5-vl-3b""]",62.101,62.101,9.524000000000004,0,-0.9923238782051307,-0.9923238782051307
visual_formulas,main_without_flagged,1,coverage80,dataset,evqa-pilot500,LGA-Visual/tukey,4,"[""evqa-pilot500/blip2-opt-2.7b"", ""evqa-pilot500/minigpt-4-vicuna-7b"", ""evqa-pilot500/llava-v1.5-7b"", ""evqa-pilot500/qwen2.5-vl-3b""]",62.414,62.414,9.211000000000002,0,-0.6793238782051283,-0.6793238782051283
visual_formulas,main_without_flagged,1,coverage80,dataset,evqa-pilot500,LGA-Visual-no-direction/raw,4,"[""evqa-pilot500/blip2-opt-2.7b"", ""evqa-pilot500/minigpt-4-vicuna-7b"", ""evqa-pilot500/llava-v1.5-7b"", ""evqa-pilot500/qwen2.5-vl-3b""]",61.870000000000005,61.870000000000005,9.755,0,-1.223323878205127,-1.223323878205127
visual_formulas,main_without_flagged,1,coverage80,dataset,evqa-pilot500,LGA-Visual-no-direction/tukey,4,"[""evqa-pilot500/blip2-opt-2.7b"", ""evqa-pilot500/minigpt-4-vicuna-7b"", ""evqa-pilot500/llava-v1.5-7b"", ""evqa-pilot500/qwen2.5-vl-3b""]",64.5515,64.5515,7.073500000000001,0,1.4581761217948728,1.4581761217948728
visual_formulas,main_without_flagged,1,coverage80,dataset,mmke-visual,Ours-main/raw,2,"[""mmke-visual/instructblip-vicuna-7b"", ""mmke-visual/qwen2.5-vl-3b""]",70.35,70.35,0.8200000000000074,0,9.632225296442687,9.632225296442687
visual_formulas,main_without_flagged,1,coverage80,dataset,mmke-visual,Ours-main/tukey,2,"[""mmke-visual/instructblip-vicuna-7b"", ""mmke-visual/qwen2.5-vl-3b""]",70.35,70.35,0.8200000000000074,0,9.632225296442687,9.632225296442687
visual_formulas,main_without_flagged,1,coverage80,dataset,mmke-visual,Ours-no-direction/raw,2,"[""mmke-visual/instructblip-vicuna-7b"", ""mmke-visual/qwen2.5-vl-3b""]",70.35,70.35,0.8200000000000074,0,9.632225296442687,9.632225296442687
visual_formulas,main_without_flagged,1,coverage80,dataset,mmke-visual,Ours-no-direction/tukey,2,"[""mmke-visual/instructblip-vicuna-7b"", ""mmke-visual/qwen2.5-vl-3b""]",70.35,70.35,0.8200000000000074,0,9.632225296442687,9.632225296442687
visual_formulas,main_without_flagged,1,coverage80,dataset,mmke-visual,Ours-no-strength/raw,2,"[""mmke-visual/instructblip-vicuna-7b"", ""mmke-visual/qwen2.5-vl-3b""]",58.876999999999995,58.876999999999995,12.29300000000001,0,-1.8407747035573152,-1.8407747035573152
visual_formulas,main_without_flagged,1,coverage80,dataset,mmke-visual,Ours-no-strength/tukey,2,"[""mmke-visual/instructblip-vicuna-7b"", ""mmke-visual/qwen2.5-vl-3b""]",60.504,60.504,10.666000000000011,0,-0.21377470355731631,-0.21377470355731631
visual_formulas,main_without_flagged,1,coverage80,dataset,mmke-visual,LGA-Visual/raw,2,"[""mmke-visual/instructblip-vicuna-7b"", ""mmke-visual/qwen2.5-vl-3b""]",70.35,70.35,0.8200000000000074,0,9.632225296442687,9.632225296442687
visual_formulas,main_without_flagged,1,coverage80,dataset,mmke-visual,LGA-Visual/tukey,2,"[""mmke-visual/instructblip-vicuna-7b"", ""mmke-visual/qwen2.5-vl-3b""]",70.105,70.105,1.0650000000000048,0,9.38722529644269,9.38722529644269
visual_formulas,main_without_flagged,1,coverage80,dataset,mmke-visual,LGA-Visual-no-direction/raw,2,"[""mmke-visual/instructblip-vicuna-7b"", ""mmke-visual/qwen2.5-vl-3b""]",70.35,70.35,0.8200000000000074,0,9.632225296442687,9.632225296442687
visual_formulas,main_without_flagged,1,coverage80,dataset,mmke-visual,LGA-Visual-no-direction/tukey,2,"[""mmke-visual/instructblip-vicuna-7b"", ""mmke-visual/qwen2.5-vl-3b""]",69.88,69.88,1.2900000000000063,0,9.162225296442688,9.162225296442688
visual_formulas,main_without_flagged,1,coverage80,dataset,mmke-entity,Ours-main/raw,2,"[""mmke-entity/instructblip-vicuna-7b"", ""mmke-entity/paligemma-3b""]",79.995,79.995,3.085000000000001,0.5,16.534335403726715,16.534335403726715
visual_formulas,main_without_flagged,1,coverage80,dataset,mmke-entity,Ours-main/tukey,2,"[""mmke-entity/instructblip-vicuna-7b"", ""mmke-entity/paligemma-3b""]",79.995,79.995,3.085000000000001,0.5,16.534335403726715,16.534335403726715
visual_formulas,main_without_flagged,1,coverage80,dataset,mmke-entity,Ours-no-direction/raw,2,"[""mmke-entity/instructblip-vicuna-7b"", ""mmke-entity/paligemma-3b""]",79.995,79.995,3.085000000000001,0.5,16.534335403726715,16.534335403726715
visual_formulas,main_without_flagged,1,coverage80,dataset,mmke-entity,Ours-no-direction/tukey,2,"[""mmke-entity/instructblip-vicuna-7b"", ""mmke-entity/paligemma-3b""]",79.995,79.995,3.085000000000001,0.5,16.534335403726715,16.534335403726715
visual_formulas,main_without_flagged,1,coverage80,dataset,mmke-entity,Ours-no-strength/raw,2,"[""mmke-entity/instructblip-vicuna-7b"", ""mmke-entity/paligemma-3b""]",68.757,68.757,14.323000000000008,0,5.296335403726708,5.296335403726708
visual_formulas,main_without_flagged,1,coverage80,dataset,mmke-entity,Ours-no-strength/tukey,2,"[""mmke-entity/instructblip-vicuna-7b"", ""mmke-entity/paligemma-3b""]",69.195,69.195,13.885000000000005,0,5.7343354037267105,5.7343354037267105
visual_formulas,main_without_flagged,1,coverage80,dataset,mmke-entity,LGA-Visual/raw,2,"[""mmke-entity/instructblip-vicuna-7b"", ""mmke-entity/paligemma-3b""]",79.995,79.995,3.085000000000001,0.5,16.534335403726715,16.534335403726715
visual_formulas,main_without_flagged,1,coverage80,dataset,mmke-entity,LGA-Visual/tukey,2,"[""mmke-entity/instructblip-vicuna-7b"", ""mmke-entity/paligemma-3b""]",81.075,81.075,2.0050000000000026,0.5,17.614335403726713,17.614335403726713
visual_formulas,main_without_flagged,1,coverage80,dataset,mmke-entity,LGA-Visual-no-direction/raw,2,"[""mmke-entity/instructblip-vicuna-7b"", ""mmke-entity/paligemma-3b""]",79.995,79.995,3.085000000000001,0.5,16.534335403726715,16.534335403726715
visual_formulas,main_without_flagged,1,coverage80,dataset,mmke-entity,LGA-Visual-no-direction/tukey,2,"[""mmke-entity/instructblip-vicuna-7b"", ""mmke-entity/paligemma-3b""]",79.995,79.995,3.085000000000001,0.5,16.534335403726715,16.534335403726715
visual_formulas,main_without_flagged,3,all,all,all,Ours-main/raw,2,"[""evqa-pilot500/minigpt-4-vicuna-7b"", ""mmke-entity/instructblip-vicuna-7b""]",67.059,61.73266666666667,6.0660000000000025,0.5,6.671357529198495,5.9458115942028975
visual_formulas,main_without_flagged,3,all,all,all,Ours-main/tukey,2,"[""evqa-pilot500/minigpt-4-vicuna-7b"", ""mmke-entity/instructblip-vicuna-7b""]",67.059,61.73266666666667,6.0660000000000025,0.5,6.671357529198495,5.9458115942028975
visual_formulas,main_without_flagged,3,all,all,all,Ours-no-direction/raw,2,"[""evqa-pilot500/minigpt-4-vicuna-7b"", ""mmke-entity/instructblip-vicuna-7b""]",70.14200000000001,63.325,2.982999999999997,0.5,9.7543575291985,7.538144927536237
visual_formulas,main_without_flagged,3,all,all,all,Ours-no-direction/tukey,2,"[""evqa-pilot500/minigpt-4-vicuna-7b"", ""mmke-entity/instructblip-vicuna-7b""]",70.14200000000001,63.325,2.982999999999997,0.5,9.7543575291985,7.538144927536237
visual_formulas,main_without_flagged,3,all,all,all,Ours-no-strength/raw,2,"[""evqa-pilot500/minigpt-4-vicuna-7b"", ""mmke-entity/instructblip-vicuna-7b""]",53.252,52.67666666666666,19.873000000000005,0,-7.135642470801507,-3.1101884057971034
visual_formulas,main_without_flagged,3,all,all,all,Ours-no-strength/tukey,2,"[""evqa-pilot500/minigpt-4-vicuna-7b"", ""mmke-entity/instructblip-vicuna-7b""]",53.945,53.184666666666665,19.180000000000007,0,-6.442642470801509,-2.6021884057971043
visual_formulas,main_without_flagged,3,all,all,all,LGA-Visual/raw,2,"[""evqa-pilot500/minigpt-4-vicuna-7b"", ""mmke-entity/instructblip-vicuna-7b""]",69.107,63.50866666666667,4.018000000000008,0.5,8.71935752919849,7.721811594202897
visual_formulas,main_without_flagged,3,all,all,all,LGA-Visual/tukey,2,"[""evqa-pilot500/minigpt-4-vicuna-7b"", ""mmke-entity/instructblip-vicuna-7b""]",67.059,62.654333333333334,6.0660000000000025,0.5,6.671357529198495,6.867478260869564
visual_formulas,main_without_flagged,3,all,all,all,LGA-Visual-no-direction/raw,2,"[""evqa-pilot500/minigpt-4-vicuna-7b"", ""mmke-entity/instructblip-vicuna-7b""]",70.14200000000001,63.325,2.982999999999997,0.5,9.7543575291985,7.538144927536237
visual_formulas,main_without_flagged,3,all,all,all,LGA-Visual-no-direction/tukey,2,"[""evqa-pilot500/minigpt-4-vicuna-7b"", ""mmke-entity/instructblip-vicuna-7b""]",70.14200000000001,63.325,2.982999999999997,0.5,9.7543575291985,7.538144927536237
visual_formulas,main_without_flagged,3,all,dataset,evqa-pilot500,Ours-main/raw,1,"[""evqa-pilot500/minigpt-4-vicuna-7b""]",64.938,60.958666666666666,12.132000000000005,0,-1.930157894736837,-0.9920000000000044
visual_formulas,main_without_flagged,3,all,dataset,evqa-pilot500,Ours-main/tukey,1,"[""evqa-pilot500/minigpt-4-vicuna-7b""]",64.938,60.958666666666666,12.132000000000005,0,-1.930157894736837,-0.9920000000000044
visual_formulas,main_without_flagged,3,all,dataset,evqa-pilot500,Ours-no-direction/raw,1,"[""evqa-pilot500/minigpt-4-vicuna-7b""]",71.10400000000001,64.14333333333335,5.965999999999994,0,4.235842105263174,2.1926666666666748
visual_formulas,main_without_flagged,3,all,dataset,evqa-pilot500,Ours-no-direction/tukey,1,"[""evqa-pilot500/minigpt-4-vicuna-7b""]",71.10400000000001,64.14333333333335,5.965999999999994,0,4.235842105263174,2.1926666666666748
visual_formulas,main_without_flagged,3,all,dataset,evqa-pilot500,Ours-no-strength/raw,1,"[""evqa-pilot500/minigpt-4-vicuna-7b""]",59.56,58.64266666666666,17.510000000000005,0,-7.308157894736837,-3.308000000000007
visual_formulas,main_without_flagged,3,all,dataset,evqa-pilot500,Ours-no-strength/tukey,1,"[""evqa-pilot500/minigpt-4-vicuna-7b""]",59.56,58.64266666666666,17.510000000000005,0,-7.308157894736837,-3.308000000000007
visual_formulas,main_without_flagged,3,all,dataset,evqa-pilot500,LGA-Visual/raw,1,"[""evqa-pilot500/minigpt-4-vicuna-7b""]",69.03399999999999,64.51066666666667,8.036000000000016,0,2.1658421052631525,2.559999999999995
visual_formulas,main_without_flagged,3,all,dataset,evqa-pilot500,LGA-Visual/tukey,1,"[""evqa-pilot500/minigpt-4-vicuna-7b""]",64.938,62.802,12.132000000000005,0,-1.930157894736837,0.8513333333333293
visual_formulas,main_without_flagged,3,all,dataset,evqa-pilot500,LGA-Visual-no-direction/raw,1,"[""evqa-pilot500/minigpt-4-vicuna-7b""]",71.10400000000001,64.14333333333335,5.965999999999994,0,4.235842105263174,2.1926666666666748
visual_formulas,main_without_flagged,3,all,dataset,evqa-pilot500,LGA-Visual-no-direction/tukey,1,"[""evqa-pilot500/minigpt-4-vicuna-7b""]",71.10400000000001,64.14333333333335,5.965999999999994,0,4.235842105263174,2.1926666666666748
visual_formulas,main_without_flagged,3,all,dataset,mmke-visual,Ours-main/raw,0,[],,,,,,
visual_formulas,main_without_flagged,3,all,dataset,mmke-visual,Ours-main/tukey,0,[],,,,,,
visual_formulas,main_without_flagged,3,all,dataset,mmke-visual,Ours-no-direction/raw,0,[],,,,,,
visual_formulas,main_without_flagged,3,all,dataset,mmke-visual,Ours-no-direction/tukey,0,[],,,,,,
visual_formulas,main_without_flagged,3,all,dataset,mmke-visual,Ours-no-strength/raw,0,[],,,,,,
visual_formulas,main_without_flagged,3,all,dataset,mmke-visual,Ours-no-strength/tukey,0,[],,,,,,
visual_formulas,main_without_flagged,3,all,dataset,mmke-visual,LGA-Visual/raw,0,[],,,,,,
visual_formulas,main_without_flagged,3,all,dataset,mmke-visual,LGA-Visual/tukey,0,[],,,,,,
visual_formulas,main_without_flagged,3,all,dataset,mmke-visual,LGA-Visual-no-direction/raw,0,[],,,,,,
visual_formulas,main_without_flagged,3,all,dataset,mmke-visual,LGA-Visual-no-direction/tukey,0,[],,,,,,
visual_formulas,main_without_flagged,3,all,dataset,mmke-entity,Ours-main/raw,1,"[""mmke-entity/instructblip-vicuna-7b""]",69.18,62.50666666666667,0.0,1,15.272872953133827,12.8836231884058
visual_formulas,main_without_flagged,3,all,dataset,mmke-entity,Ours-main/tukey,1,"[""mmke-entity/instructblip-vicuna-7b""]",69.18,62.50666666666667,0.0,1,15.272872953133827,12.8836231884058
visual_formulas,main_without_flagged,3,all,dataset,mmke-entity,Ours-no-direction/raw,1,"[""mmke-entity/instructblip-vicuna-7b""]",69.18,62.50666666666667,0.0,1,15.272872953133827,12.8836231884058
visual_formulas,main_without_flagged,3,all,dataset,mmke-entity,Ours-no-direction/tukey,1,"[""mmke-entity/instructblip-vicuna-7b""]",69.18,62.50666666666667,0.0,1,15.272872953133827,12.8836231884058
visual_formulas,main_without_flagged,3,all,dataset,mmke-entity,Ours-no-strength/raw,1,"[""mmke-entity/instructblip-vicuna-7b""]",46.944,46.71066666666667,22.236000000000004,0,-6.963127046866177,-2.9123768115942
visual_formulas,main_without_flagged,3,all,dataset,mmke-entity,Ours-no-strength/tukey,1,"[""mmke-entity/instructblip-vicuna-7b""]",48.33,47.72666666666667,20.85000000000001,0,-5.577127046866181,-1.8963768115942017
visual_formulas,main_without_flagged,3,all,dataset,mmke-entity,LGA-Visual/raw,1,"[""mmke-entity/instructblip-vicuna-7b""]",69.18,62.50666666666667,0.0,1,15.272872953133827,12.8836231884058
visual_formulas,main_without_flagged,3,all,dataset,mmke-entity,LGA-Visual/tukey,1,"[""mmke-entity/instructblip-vicuna-7b""]",69.18,62.50666666666667,0.0,1,15.272872953133827,12.8836231884058
visual_formulas,main_without_flagged,3,all,dataset,mmke-entity,LGA-Visual-no-direction/raw,1,"[""mmke-entity/instructblip-vicuna-7b""]",69.18,62.50666666666667,0.0,1,15.272872953133827,12.8836231884058
visual_formulas,main_without_flagged,3,all,dataset,mmke-entity,LGA-Visual-no-direction/tukey,1,"[""mmke-entity/instructblip-vicuna-7b""]",69.18,62.50666666666667,0.0,1,15.272872953133827,12.8836231884058
visual_formulas,main_without_flagged,3,coverage80,all,all,Ours-main/raw,2,"[""evqa-pilot500/minigpt-4-vicuna-7b"", ""mmke-entity/instructblip-vicuna-7b""]",67.059,61.73266666666667,6.0660000000000025,0.5,6.671357529198495,5.9458115942028975
visual_formulas,main_without_flagged,3,coverage80,all,all,Ours-main/tukey,2,"[""evqa-pilot500/minigpt-4-vicuna-7b"", ""mmke-entity/instructblip-vicuna-7b""]",67.059,61.73266666666667,6.0660000000000025,0.5,6.671357529198495,5.9458115942028975
visual_formulas,main_without_flagged,3,coverage80,all,all,Ours-no-direction/raw,2,"[""evqa-pilot500/minigpt-4-vicuna-7b"", ""mmke-entity/instructblip-vicuna-7b""]",70.14200000000001,63.325,2.982999999999997,0.5,9.7543575291985,7.538144927536237
visual_formulas,main_without_flagged,3,coverage80,all,all,Ours-no-direction/tukey,2,"[""evqa-pilot500/minigpt-4-vicuna-7b"", ""mmke-entity/instructblip-vicuna-7b""]",70.14200000000001,63.325,2.982999999999997,0.5,9.7543575291985,7.538144927536237
visual_formulas,main_without_flagged,3,coverage80,all,all,Ours-no-strength/raw,2,"[""evqa-pilot500/minigpt-4-vicuna-7b"", ""mmke-entity/instructblip-vicuna-7b""]",53.252,52.67666666666666,19.873000000000005,0,-7.135642470801507,-3.1101884057971034
visual_formulas,main_without_flagged,3,coverage80,all,all,Ours-no-strength/tukey,2,"[""evqa-pilot500/minigpt-4-vicuna-7b"", ""mmke-entity/instructblip-vicuna-7b""]",53.945,53.184666666666665,19.180000000000007,0,-6.442642470801509,-2.6021884057971043
visual_formulas,main_without_flagged,3,coverage80,all,all,LGA-Visual/raw,2,"[""evqa-pilot500/minigpt-4-vicuna-7b"", ""mmke-entity/instructblip-vicuna-7b""]",69.107,63.50866666666667,4.018000000000008,0.5,8.71935752919849,7.721811594202897
visual_formulas,main_without_flagged,3,coverage80,all,all,LGA-Visual/tukey,2,"[""evqa-pilot500/minigpt-4-vicuna-7b"", ""mmke-entity/instructblip-vicuna-7b""]",67.059,62.654333333333334,6.0660000000000025,0.5,6.671357529198495,6.867478260869564
visual_formulas,main_without_flagged,3,coverage80,all,all,LGA-Visual-no-direction/raw,2,"[""evqa-pilot500/minigpt-4-vicuna-7b"", ""mmke-entity/instructblip-vicuna-7b""]",70.14200000000001,63.325,2.982999999999997,0.5,9.7543575291985,7.538144927536237
visual_formulas,main_without_flagged,3,coverage80,all,all,LGA-Visual-no-direction/tukey,2,"[""evqa-pilot500/minigpt-4-vicuna-7b"", ""mmke-entity/instructblip-vicuna-7b""]",70.14200000000001,63.325,2.982999999999997,0.5,9.7543575291985,7.538144927536237
visual_formulas,main_without_flagged,3,coverage80,dataset,evqa-pilot500,Ours-main/raw,1,"[""evqa-pilot500/minigpt-4-vicuna-7b""]",64.938,60.958666666666666,12.132000000000005,0,-1.930157894736837,-0.9920000000000044
visual_formulas,main_without_flagged,3,coverage80,dataset,evqa-pilot500,Ours-main/tukey,1,"[""evqa-pilot500/minigpt-4-vicuna-7b""]",64.938,60.958666666666666,12.132000000000005,0,-1.930157894736837,-0.9920000000000044
visual_formulas,main_without_flagged,3,coverage80,dataset,evqa-pilot500,Ours-no-direction/raw,1,"[""evqa-pilot500/minigpt-4-vicuna-7b""]",71.10400000000001,64.14333333333335,5.965999999999994,0,4.235842105263174,2.1926666666666748
visual_formulas,main_without_flagged,3,coverage80,dataset,evqa-pilot500,Ours-no-direction/tukey,1,"[""evqa-pilot500/minigpt-4-vicuna-7b""]",71.10400000000001,64.14333333333335,5.965999999999994,0,4.235842105263174,2.1926666666666748
visual_formulas,main_without_flagged,3,coverage80,dataset,evqa-pilot500,Ours-no-strength/raw,1,"[""evqa-pilot500/minigpt-4-vicuna-7b""]",59.56,58.64266666666666,17.510000000000005,0,-7.308157894736837,-3.308000000000007
visual_formulas,main_without_flagged,3,coverage80,dataset,evqa-pilot500,Ours-no-strength/tukey,1,"[""evqa-pilot500/minigpt-4-vicuna-7b""]",59.56,58.64266666666666,17.510000000000005,0,-7.308157894736837,-3.308000000000007
visual_formulas,main_without_flagged,3,coverage80,dataset,evqa-pilot500,LGA-Visual/raw,1,"[""evqa-pilot500/minigpt-4-vicuna-7b""]",69.03399999999999,64.51066666666667,8.036000000000016,0,2.1658421052631525,2.559999999999995
visual_formulas,main_without_flagged,3,coverage80,dataset,evqa-pilot500,LGA-Visual/tukey,1,"[""evqa-pilot500/minigpt-4-vicuna-7b""]",64.938,62.802,12.132000000000005,0,-1.930157894736837,0.8513333333333293
visual_formulas,main_without_flagged,3,coverage80,dataset,evqa-pilot500,LGA-Visual-no-direction/raw,1,"[""evqa-pilot500/minigpt-4-vicuna-7b""]",71.10400000000001,64.14333333333335,5.965999999999994,0,4.235842105263174,2.1926666666666748
visual_formulas,main_without_flagged,3,coverage80,dataset,evqa-pilot500,LGA-Visual-no-direction/tukey,1,"[""evqa-pilot500/minigpt-4-vicuna-7b""]",71.10400000000001,64.14333333333335,5.965999999999994,0,4.235842105263174,2.1926666666666748
visual_formulas,main_without_flagged,3,coverage80,dataset,mmke-visual,Ours-main/raw,0,[],,,,,,
visual_formulas,main_without_flagged,3,coverage80,dataset,mmke-visual,Ours-main/tukey,0,[],,,,,,
visual_formulas,main_without_flagged,3,coverage80,dataset,mmke-visual,Ours-no-direction/raw,0,[],,,,,,
visual_formulas,main_without_flagged,3,coverage80,dataset,mmke-visual,Ours-no-direction/tukey,0,[],,,,,,
visual_formulas,main_without_flagged,3,coverage80,dataset,mmke-visual,Ours-no-strength/raw,0,[],,,,,,
visual_formulas,main_without_flagged,3,coverage80,dataset,mmke-visual,Ours-no-strength/tukey,0,[],,,,,,
visual_formulas,main_without_flagged,3,coverage80,dataset,mmke-visual,LGA-Visual/raw,0,[],,,,,,
visual_formulas,main_without_flagged,3,coverage80,dataset,mmke-visual,LGA-Visual/tukey,0,[],,,,,,
visual_formulas,main_without_flagged,3,coverage80,dataset,mmke-visual,LGA-Visual-no-direction/raw,0,[],,,,,,
visual_formulas,main_without_flagged,3,coverage80,dataset,mmke-visual,LGA-Visual-no-direction/tukey,0,[],,,,,,
visual_formulas,main_without_flagged,3,coverage80,dataset,mmke-entity,Ours-main/raw,1,"[""mmke-entity/instructblip-vicuna-7b""]",69.18,62.50666666666667,0.0,1,15.272872953133827,12.8836231884058
visual_formulas,main_without_flagged,3,coverage80,dataset,mmke-entity,Ours-main/tukey,1,"[""mmke-entity/instructblip-vicuna-7b""]",69.18,62.50666666666667,0.0,1,15.272872953133827,12.8836231884058
visual_formulas,main_without_flagged,3,coverage80,dataset,mmke-entity,Ours-no-direction/raw,1,"[""mmke-entity/instructblip-vicuna-7b""]",69.18,62.50666666666667,0.0,1,15.272872953133827,12.8836231884058
visual_formulas,main_without_flagged,3,coverage80,dataset,mmke-entity,Ours-no-direction/tukey,1,"[""mmke-entity/instructblip-vicuna-7b""]",69.18,62.50666666666667,0.0,1,15.272872953133827,12.8836231884058
visual_formulas,main_without_flagged,3,coverage80,dataset,mmke-entity,Ours-no-strength/raw,1,"[""mmke-entity/instructblip-vicuna-7b""]",46.944,46.71066666666667,22.236000000000004,0,-6.963127046866177,-2.9123768115942
visual_formulas,main_without_flagged,3,coverage80,dataset,mmke-entity,Ours-no-strength/tukey,1,"[""mmke-entity/instructblip-vicuna-7b""]",48.33,47.72666666666667,20.85000000000001,0,-5.577127046866181,-1.8963768115942017
visual_formulas,main_without_flagged,3,coverage80,dataset,mmke-entity,LGA-Visual/raw,1,"[""mmke-entity/instructblip-vicuna-7b""]",69.18,62.50666666666667,0.0,1,15.272872953133827,12.8836231884058
visual_formulas,main_without_flagged,3,coverage80,dataset,mmke-entity,LGA-Visual/tukey,1,"[""mmke-entity/instructblip-vicuna-7b""]",69.18,62.50666666666667,0.0,1,15.272872953133827,12.8836231884058
visual_formulas,main_without_flagged,3,coverage80,dataset,mmke-entity,LGA-Visual-no-direction/raw,1,"[""mmke-entity/instructblip-vicuna-7b""]",69.18,62.50666666666667,0.0,1,15.272872953133827,12.8836231884058
visual_formulas,main_without_flagged,3,coverage80,dataset,mmke-entity,LGA-Visual-no-direction/tukey,1,"[""mmke-entity/instructblip-vicuna-7b""]",69.18,62.50666666666667,0.0,1,15.272872953133827,12.8836231884058
visual_formulas,main_without_flagged,5,all,all,all,Ours-main/raw,0,[],,,,,,
visual_formulas,main_without_flagged,5,all,all,all,Ours-main/tukey,0,[],,,,,,
visual_formulas,main_without_flagged,5,all,all,all,Ours-no-direction/raw,0,[],,,,,,
visual_formulas,main_without_flagged,5,all,all,all,Ours-no-direction/tukey,0,[],,,,,,
visual_formulas,main_without_flagged,5,all,all,all,Ours-no-strength/raw,0,[],,,,,,
visual_formulas,main_without_flagged,5,all,all,all,Ours-no-strength/tukey,0,[],,,,,,
visual_formulas,main_without_flagged,5,all,all,all,LGA-Visual/raw,0,[],,,,,,
visual_formulas,main_without_flagged,5,all,all,all,LGA-Visual/tukey,0,[],,,,,,
visual_formulas,main_without_flagged,5,all,all,all,LGA-Visual-no-direction/raw,0,[],,,,,,
visual_formulas,main_without_flagged,5,all,all,all,LGA-Visual-no-direction/tukey,0,[],,,,,,
visual_formulas,main_without_flagged,5,all,dataset,evqa-pilot500,Ours-main/raw,0,[],,,,,,
visual_formulas,main_without_flagged,5,all,dataset,evqa-pilot500,Ours-main/tukey,0,[],,,,,,
visual_formulas,main_without_flagged,5,all,dataset,evqa-pilot500,Ours-no-direction/raw,0,[],,,,,,
visual_formulas,main_without_flagged,5,all,dataset,evqa-pilot500,Ours-no-direction/tukey,0,[],,,,,,
visual_formulas,main_without_flagged,5,all,dataset,evqa-pilot500,Ours-no-strength/raw,0,[],,,,,,
visual_formulas,main_without_flagged,5,all,dataset,evqa-pilot500,Ours-no-strength/tukey,0,[],,,,,,
visual_formulas,main_without_flagged,5,all,dataset,evqa-pilot500,LGA-Visual/raw,0,[],,,,,,
visual_formulas,main_without_flagged,5,all,dataset,evqa-pilot500,LGA-Visual/tukey,0,[],,,,,,
visual_formulas,main_without_flagged,5,all,dataset,evqa-pilot500,LGA-Visual-no-direction/raw,0,[],,,,,,
visual_formulas,main_without_flagged,5,all,dataset,evqa-pilot500,LGA-Visual-no-direction/tukey,0,[],,,,,,
visual_formulas,main_without_flagged,5,all,dataset,mmke-visual,Ours-main/raw,0,[],,,,,,
visual_formulas,main_without_flagged,5,all,dataset,mmke-visual,Ours-main/tukey,0,[],,,,,,
visual_formulas,main_without_flagged,5,all,dataset,mmke-visual,Ours-no-direction/raw,0,[],,,,,,
visual_formulas,main_without_flagged,5,all,dataset,mmke-visual,Ours-no-direction/tukey,0,[],,,,,,
visual_formulas,main_without_flagged,5,all,dataset,mmke-visual,Ours-no-strength/raw,0,[],,,,,,
visual_formulas,main_without_flagged,5,all,dataset,mmke-visual,Ours-no-strength/tukey,0,[],,,,,,
visual_formulas,main_without_flagged,5,all,dataset,mmke-visual,LGA-Visual/raw,0,[],,,,,,
visual_formulas,main_without_flagged,5,all,dataset,mmke-visual,LGA-Visual/tukey,0,[],,,,,,
visual_formulas,main_without_flagged,5,all,dataset,mmke-visual,LGA-Visual-no-direction/raw,0,[],,,,,,
visual_formulas,main_without_flagged,5,all,dataset,mmke-visual,LGA-Visual-no-direction/tukey,0,[],,,,,,
visual_formulas,main_without_flagged,5,all,dataset,mmke-entity,Ours-main/raw,0,[],,,,,,
visual_formulas,main_without_flagged,5,all,dataset,mmke-entity,Ours-main/tukey,0,[],,,,,,
visual_formulas,main_without_flagged,5,all,dataset,mmke-entity,Ours-no-direction/raw,0,[],,,,,,
visual_formulas,main_without_flagged,5,all,dataset,mmke-entity,Ours-no-direction/tukey,0,[],,,,,,
visual_formulas,main_without_flagged,5,all,dataset,mmke-entity,Ours-no-strength/raw,0,[],,,,,,
visual_formulas,main_without_flagged,5,all,dataset,mmke-entity,Ours-no-strength/tukey,0,[],,,,,,
visual_formulas,main_without_flagged,5,all,dataset,mmke-entity,LGA-Visual/raw,0,[],,,,,,
visual_formulas,main_without_flagged,5,all,dataset,mmke-entity,LGA-Visual/tukey,0,[],,,,,,
visual_formulas,main_without_flagged,5,all,dataset,mmke-entity,LGA-Visual-no-direction/raw,0,[],,,,,,
visual_formulas,main_without_flagged,5,all,dataset,mmke-entity,LGA-Visual-no-direction/tukey,0,[],,,,,,
visual_formulas,main_without_flagged,5,coverage80,all,all,Ours-main/raw,0,[],,,,,,
visual_formulas,main_without_flagged,5,coverage80,all,all,Ours-main/tukey,0,[],,,,,,
visual_formulas,main_without_flagged,5,coverage80,all,all,Ours-no-direction/raw,0,[],,,,,,
visual_formulas,main_without_flagged,5,coverage80,all,all,Ours-no-direction/tukey,0,[],,,,,,
visual_formulas,main_without_flagged,5,coverage80,all,all,Ours-no-strength/raw,0,[],,,,,,
visual_formulas,main_without_flagged,5,coverage80,all,all,Ours-no-strength/tukey,0,[],,,,,,
visual_formulas,main_without_flagged,5,coverage80,all,all,LGA-Visual/raw,0,[],,,,,,
visual_formulas,main_without_flagged,5,coverage80,all,all,LGA-Visual/tukey,0,[],,,,,,
visual_formulas,main_without_flagged,5,coverage80,all,all,LGA-Visual-no-direction/raw,0,[],,,,,,
visual_formulas,main_without_flagged,5,coverage80,all,all,LGA-Visual-no-direction/tukey,0,[],,,,,,
visual_formulas,main_without_flagged,5,coverage80,dataset,evqa-pilot500,Ours-main/raw,0,[],,,,,,
visual_formulas,main_without_flagged,5,coverage80,dataset,evqa-pilot500,Ours-main/tukey,0,[],,,,,,
visual_formulas,main_without_flagged,5,coverage80,dataset,evqa-pilot500,Ours-no-direction/raw,0,[],,,,,,
visual_formulas,main_without_flagged,5,coverage80,dataset,evqa-pilot500,Ours-no-direction/tukey,0,[],,,,,,
visual_formulas,main_without_flagged,5,coverage80,dataset,evqa-pilot500,Ours-no-strength/raw,0,[],,,,,,
visual_formulas,main_without_flagged,5,coverage80,dataset,evqa-pilot500,Ours-no-strength/tukey,0,[],,,,,,
visual_formulas,main_without_flagged,5,coverage80,dataset,evqa-pilot500,LGA-Visual/raw,0,[],,,,,,
visual_formulas,main_without_flagged,5,coverage80,dataset,evqa-pilot500,LGA-Visual/tukey,0,[],,,,,,
visual_formulas,main_without_flagged,5,coverage80,dataset,evqa-pilot500,LGA-Visual-no-direction/raw,0,[],,,,,,
visual_formulas,main_without_flagged,5,coverage80,dataset,evqa-pilot500,LGA-Visual-no-direction/tukey,0,[],,,,,,
visual_formulas,main_without_flagged,5,coverage80,dataset,mmke-visual,Ours-main/raw,0,[],,,,,,
visual_formulas,main_without_flagged,5,coverage80,dataset,mmke-visual,Ours-main/tukey,0,[],,,,,,
visual_formulas,main_without_flagged,5,coverage80,dataset,mmke-visual,Ours-no-direction/raw,0,[],,,,,,
visual_formulas,main_without_flagged,5,coverage80,dataset,mmke-visual,Ours-no-direction/tukey,0,[],,,,,,
visual_formulas,main_without_flagged,5,coverage80,dataset,mmke-visual,Ours-no-strength/raw,0,[],,,,,,
visual_formulas,main_without_flagged,5,coverage80,dataset,mmke-visual,Ours-no-strength/tukey,0,[],,,,,,
visual_formulas,main_without_flagged,5,coverage80,dataset,mmke-visual,LGA-Visual/raw,0,[],,,,,,
visual_formulas,main_without_flagged,5,coverage80,dataset,mmke-visual,LGA-Visual/tukey,0,[],,,,,,
visual_formulas,main_without_flagged,5,coverage80,dataset,mmke-visual,LGA-Visual-no-direction/raw,0,[],,,,,,
visual_formulas,main_without_flagged,5,coverage80,dataset,mmke-visual,LGA-Visual-no-direction/tukey,0,[],,,,,,
visual_formulas,main_without_flagged,5,coverage80,dataset,mmke-entity,Ours-main/raw,0,[],,,,,,
visual_formulas,main_without_flagged,5,coverage80,dataset,mmke-entity,Ours-main/tukey,0,[],,,,,,
visual_formulas,main_without_flagged,5,coverage80,dataset,mmke-entity,Ours-no-direction/raw,0,[],,,,,,
visual_formulas,main_without_flagged,5,coverage80,dataset,mmke-entity,Ours-no-direction/tukey,0,[],,,,,,
visual_formulas,main_without_flagged,5,coverage80,dataset,mmke-entity,Ours-no-strength/raw,0,[],,,,,,
visual_formulas,main_without_flagged,5,coverage80,dataset,mmke-entity,Ours-no-strength/tukey,0,[],,,,,,
visual_formulas,main_without_flagged,5,coverage80,dataset,mmke-entity,LGA-Visual/raw,0,[],,,,,,
visual_formulas,main_without_flagged,5,coverage80,dataset,mmke-entity,LGA-Visual/tukey,0,[],,,,,,
visual_formulas,main_without_flagged,5,coverage80,dataset,mmke-entity,LGA-Visual-no-direction/raw,0,[],,,,,,
visual_formulas,main_without_flagged,5,coverage80,dataset,mmke-entity,LGA-Visual-no-direction/tukey,0,[],,,,,,
visual_formulas,verified50_main,1,all,all,all,Ours-main/raw,3,"[""evqa-pilot500/minigpt-4-vicuna-7b"", ""evqa-pilot500/llava-v1.5-7b"", ""mmke-visual/instructblip-vicuna-7b""]",63.44266666666667,63.44266666666667,9.37666666666667,0,4.875607323232323,4.875607323232323
visual_formulas,verified50_main,1,all,all,all,Ours-main/tukey,3,"[""evqa-pilot500/minigpt-4-vicuna-7b"", ""evqa-pilot500/llava-v1.5-7b"", ""mmke-visual/instructblip-vicuna-7b""]",63.44266666666667,63.44266666666667,9.37666666666667,0,4.875607323232323,4.875607323232323
visual_formulas,verified50_main,1,all,all,all,Ours-no-direction/raw,3,"[""evqa-pilot500/minigpt-4-vicuna-7b"", ""evqa-pilot500/llava-v1.5-7b"", ""mmke-visual/instructblip-vicuna-7b""]",62.866,62.866,9.953333333333338,0,4.298940656565655,4.298940656565655
visual_formulas,verified50_main,1,all,all,all,Ours-no-direction/tukey,3,"[""evqa-pilot500/minigpt-4-vicuna-7b"", ""evqa-pilot500/llava-v1.5-7b"", ""mmke-visual/instructblip-vicuna-7b""]",62.866,62.866,9.953333333333338,0,4.298940656565655,4.298940656565655
visual_formulas,verified50_main,1,all,all,all,Ours-no-strength/raw,3,"[""evqa-pilot500/minigpt-4-vicuna-7b"", ""evqa-pilot500/llava-v1.5-7b"", ""mmke-visual/instructblip-vicuna-7b""]",53.946666666666665,53.946666666666665,18.872666666666674,0,-4.620392676767682,-4.620392676767682
visual_formulas,verified50_main,1,all,all,all,Ours-no-strength/tukey,3,"[""evqa-pilot500/minigpt-4-vicuna-7b"", ""evqa-pilot500/llava-v1.5-7b"", ""mmke-visual/instructblip-vicuna-7b""]",56.245999999999995,56.245999999999995,16.57333333333334,0,-2.321059343434347,-2.321059343434347
visual_formulas,verified50_main,1,all,all,all,LGA-Visual/raw,3,"[""evqa-pilot500/minigpt-4-vicuna-7b"", ""evqa-pilot500/llava-v1.5-7b"", ""mmke-visual/instructblip-vicuna-7b""]",65.79666666666667,65.79666666666667,7.022666666666673,0,7.22960732323232,7.22960732323232
visual_formulas,verified50_main,1,all,all,all,LGA-Visual/tukey,3,"[""evqa-pilot500/minigpt-4-vicuna-7b"", ""evqa-pilot500/llava-v1.5-7b"", ""mmke-visual/instructblip-vicuna-7b""]",62.638666666666666,62.638666666666666,10.180666666666669,0,4.071607323232324,4.071607323232324
visual_formulas,verified50_main,1,all,all,all,LGA-Visual-no-direction/raw,3,"[""evqa-pilot500/minigpt-4-vicuna-7b"", ""evqa-pilot500/llava-v1.5-7b"", ""mmke-visual/instructblip-vicuna-7b""]",65.56866666666667,65.56866666666667,7.25066666666667,0,7.0016073232323235,7.0016073232323235
visual_formulas,verified50_main,1,all,all,all,LGA-Visual-no-direction/tukey,3,"[""evqa-pilot500/minigpt-4-vicuna-7b"", ""evqa-pilot500/llava-v1.5-7b"", ""mmke-visual/instructblip-vicuna-7b""]",65.56866666666667,65.56866666666667,7.25066666666667,0,7.0016073232323235,7.0016073232323235
visual_formulas,verified50_main,1,all,dataset,evqa-pilot500,Ours-main/raw,2,"[""evqa-pilot500/minigpt-4-vicuna-7b"", ""evqa-pilot500/llava-v1.5-7b""]",60.024,60.024,13.558,0,-2.0287708333333327,-2.0287708333333327
visual_formulas,verified50_main,1,all,dataset,evqa-pilot500,Ours-main/tukey,2,"[""evqa-pilot500/minigpt-4-vicuna-7b"", ""evqa-pilot500/llava-v1.5-7b""]",60.024,60.024,13.558,0,-2.0287708333333327,-2.0287708333333327
visual_formulas,verified50_main,1,all,dataset,evqa-pilot500,Ours-no-direction/raw,2,"[""evqa-pilot500/minigpt-4-vicuna-7b"", ""evqa-pilot500/llava-v1.5-7b""]",59.159,59.159,14.423000000000002,0,-2.8937708333333347,-2.8937708333333347
visual_formulas,verified50_main,1,all,dataset,evqa-pilot500,Ours-no-direction/tukey,2,"[""evqa-pilot500/minigpt-4-vicuna-7b"", ""evqa-pilot500/llava-v1.5-7b""]",59.159,59.159,14.423000000000002,0,-2.8937708333333347,-2.8937708333333347
visual_formulas,verified50_main,1,all,dataset,evqa-pilot500,Ours-no-strength/raw,2,"[""evqa-pilot500/minigpt-4-vicuna-7b"", ""evqa-pilot500/llava-v1.5-7b""]",57.54299999999999,57.54299999999999,16.039000000000005,0,-4.509770833333338,-4.509770833333338
visual_formulas,verified50_main,1,all,dataset,evqa-pilot500,Ours-no-strength/tukey,2,"[""evqa-pilot500/minigpt-4-vicuna-7b"", ""evqa-pilot500/llava-v1.5-7b""]",59.364999999999995,59.364999999999995,14.217000000000002,0,-2.687770833333335,-2.687770833333335
visual_formulas,verified50_main,1,all,dataset,evqa-pilot500,LGA-Visual/raw,2,"[""evqa-pilot500/minigpt-4-vicuna-7b"", ""evqa-pilot500/llava-v1.5-7b""]",63.55499999999999,63.55499999999999,10.027000000000005,0,1.5022291666666625,1.5022291666666625
visual_formulas,verified50_main,1,all,dataset,evqa-pilot500,LGA-Visual/tukey,2,"[""evqa-pilot500/minigpt-4-vicuna-7b"", ""evqa-pilot500/llava-v1.5-7b""]",58.818,58.818,14.764,0,-3.2347708333333323,-3.2347708333333323
visual_formulas,verified50_main,1,all,dataset,evqa-pilot500,LGA-Visual-no-direction/raw,2,"[""evqa-pilot500/minigpt-4-vicuna-7b"", ""evqa-pilot500/llava-v1.5-7b""]",63.213,63.213,10.369,0,1.1602291666666673,1.1602291666666673
visual_formulas,verified50_main,1,all,dataset,evqa-pilot500,LGA-Visual-no-direction/tukey,2,"[""evqa-pilot500/minigpt-4-vicuna-7b"", ""evqa-pilot500/llava-v1.5-7b""]",63.213,63.213,10.369,0,1.1602291666666673,1.1602291666666673
visual_formulas,verified50_main,1,all,dataset,mmke-visual,Ours-main/raw,1,"[""mmke-visual/instructblip-vicuna-7b""]",70.28,70.28,1.01400000000001,0,18.684363636363635,18.684363636363635
visual_formulas,verified50_main,1,all,dataset,mmke-visual,Ours-main/tukey,1,"[""mmke-visual/instructblip-vicuna-7b""]",70.28,70.28,1.01400000000001,0,18.684363636363635,18.684363636363635
visual_formulas,verified50_main,1,all,dataset,mmke-visual,Ours-no-direction/raw,1,"[""mmke-visual/instructblip-vicuna-7b""]",70.28,70.28,1.01400000000001,0,18.684363636363635,18.684363636363635
visual_formulas,verified50_main,1,all,dataset,mmke-visual,Ours-no-direction/tukey,1,"[""mmke-visual/instructblip-vicuna-7b""]",70.28,70.28,1.01400000000001,0,18.684363636363635,18.684363636363635
visual_formulas,verified50_main,1,all,dataset,mmke-visual,Ours-no-strength/raw,1,"[""mmke-visual/instructblip-vicuna-7b""]",46.754,46.754,24.540000000000013,0,-4.841636363636368,-4.841636363636368
visual_formulas,verified50_main,1,all,dataset,mmke-visual,Ours-no-strength/tukey,1,"[""mmke-visual/instructblip-vicuna-7b""]",50.007999999999996,50.007999999999996,21.286000000000016,0,-1.5876363636363706,-1.5876363636363706
visual_formulas,verified50_main,1,all,dataset,mmke-visual,LGA-Visual/raw,1,"[""mmke-visual/instructblip-vicuna-7b""]",70.28,70.28,1.01400000000001,0,18.684363636363635,18.684363636363635
visual_formulas,verified50_main,1,all,dataset,mmke-visual,LGA-Visual/tukey,1,"[""mmke-visual/instructblip-vicuna-7b""]",70.28,70.28,1.01400000000001,0,18.684363636363635,18.684363636363635
visual_formulas,verified50_main,1,all,dataset,mmke-visual,LGA-Visual-no-direction/raw,1,"[""mmke-visual/instructblip-vicuna-7b""]",70.28,70.28,1.01400000000001,0,18.684363636363635,18.684363636363635
visual_formulas,verified50_main,1,all,dataset,mmke-visual,LGA-Visual-no-direction/tukey,1,"[""mmke-visual/instructblip-vicuna-7b""]",70.28,70.28,1.01400000000001,0,18.684363636363635,18.684363636363635
visual_formulas,verified50_main,1,all,dataset,mmke-entity,Ours-main/raw,0,[],,,,,,
visual_formulas,verified50_main,1,all,dataset,mmke-entity,Ours-main/tukey,0,[],,,,,,
visual_formulas,verified50_main,1,all,dataset,mmke-entity,Ours-no-direction/raw,0,[],,,,,,
visual_formulas,verified50_main,1,all,dataset,mmke-entity,Ours-no-direction/tukey,0,[],,,,,,
visual_formulas,verified50_main,1,all,dataset,mmke-entity,Ours-no-strength/raw,0,[],,,,,,
visual_formulas,verified50_main,1,all,dataset,mmke-entity,Ours-no-strength/tukey,0,[],,,,,,
visual_formulas,verified50_main,1,all,dataset,mmke-entity,LGA-Visual/raw,0,[],,,,,,
visual_formulas,verified50_main,1,all,dataset,mmke-entity,LGA-Visual/tukey,0,[],,,,,,
visual_formulas,verified50_main,1,all,dataset,mmke-entity,LGA-Visual-no-direction/raw,0,[],,,,,,
visual_formulas,verified50_main,1,all,dataset,mmke-entity,LGA-Visual-no-direction/tukey,0,[],,,,,,
visual_formulas,verified50_main,1,coverage80,all,all,Ours-main/raw,3,"[""evqa-pilot500/minigpt-4-vicuna-7b"", ""evqa-pilot500/llava-v1.5-7b"", ""mmke-visual/instructblip-vicuna-7b""]",63.44266666666667,63.44266666666667,9.37666666666667,0,4.875607323232323,4.875607323232323
visual_formulas,verified50_main,1,coverage80,all,all,Ours-main/tukey,3,"[""evqa-pilot500/minigpt-4-vicuna-7b"", ""evqa-pilot500/llava-v1.5-7b"", ""mmke-visual/instructblip-vicuna-7b""]",63.44266666666667,63.44266666666667,9.37666666666667,0,4.875607323232323,4.875607323232323
visual_formulas,verified50_main,1,coverage80,all,all,Ours-no-direction/raw,3,"[""evqa-pilot500/minigpt-4-vicuna-7b"", ""evqa-pilot500/llava-v1.5-7b"", ""mmke-visual/instructblip-vicuna-7b""]",62.866,62.866,9.953333333333338,0,4.298940656565655,4.298940656565655
visual_formulas,verified50_main,1,coverage80,all,all,Ours-no-direction/tukey,3,"[""evqa-pilot500/minigpt-4-vicuna-7b"", ""evqa-pilot500/llava-v1.5-7b"", ""mmke-visual/instructblip-vicuna-7b""]",62.866,62.866,9.953333333333338,0,4.298940656565655,4.298940656565655
visual_formulas,verified50_main,1,coverage80,all,all,Ours-no-strength/raw,3,"[""evqa-pilot500/minigpt-4-vicuna-7b"", ""evqa-pilot500/llava-v1.5-7b"", ""mmke-visual/instructblip-vicuna-7b""]",53.946666666666665,53.946666666666665,18.872666666666674,0,-4.620392676767682,-4.620392676767682
visual_formulas,verified50_main,1,coverage80,all,all,Ours-no-strength/tukey,3,"[""evqa-pilot500/minigpt-4-vicuna-7b"", ""evqa-pilot500/llava-v1.5-7b"", ""mmke-visual/instructblip-vicuna-7b""]",56.245999999999995,56.245999999999995,16.57333333333334,0,-2.321059343434347,-2.321059343434347
visual_formulas,verified50_main,1,coverage80,all,all,LGA-Visual/raw,3,"[""evqa-pilot500/minigpt-4-vicuna-7b"", ""evqa-pilot500/llava-v1.5-7b"", ""mmke-visual/instructblip-vicuna-7b""]",65.79666666666667,65.79666666666667,7.022666666666673,0,7.22960732323232,7.22960732323232
visual_formulas,verified50_main,1,coverage80,all,all,LGA-Visual/tukey,3,"[""evqa-pilot500/minigpt-4-vicuna-7b"", ""evqa-pilot500/llava-v1.5-7b"", ""mmke-visual/instructblip-vicuna-7b""]",62.638666666666666,62.638666666666666,10.180666666666669,0,4.071607323232324,4.071607323232324
visual_formulas,verified50_main,1,coverage80,all,all,LGA-Visual-no-direction/raw,3,"[""evqa-pilot500/minigpt-4-vicuna-7b"", ""evqa-pilot500/llava-v1.5-7b"", ""mmke-visual/instructblip-vicuna-7b""]",65.56866666666667,65.56866666666667,7.25066666666667,0,7.0016073232323235,7.0016073232323235
visual_formulas,verified50_main,1,coverage80,all,all,LGA-Visual-no-direction/tukey,3,"[""evqa-pilot500/minigpt-4-vicuna-7b"", ""evqa-pilot500/llava-v1.5-7b"", ""mmke-visual/instructblip-vicuna-7b""]",65.56866666666667,65.56866666666667,7.25066666666667,0,7.0016073232323235,7.0016073232323235
visual_formulas,verified50_main,1,coverage80,dataset,evqa-pilot500,Ours-main/raw,2,"[""evqa-pilot500/minigpt-4-vicuna-7b"", ""evqa-pilot500/llava-v1.5-7b""]",60.024,60.024,13.558,0,-2.0287708333333327,-2.0287708333333327
visual_formulas,verified50_main,1,coverage80,dataset,evqa-pilot500,Ours-main/tukey,2,"[""evqa-pilot500/minigpt-4-vicuna-7b"", ""evqa-pilot500/llava-v1.5-7b""]",60.024,60.024,13.558,0,-2.0287708333333327,-2.0287708333333327
visual_formulas,verified50_main,1,coverage80,dataset,evqa-pilot500,Ours-no-direction/raw,2,"[""evqa-pilot500/minigpt-4-vicuna-7b"", ""evqa-pilot500/llava-v1.5-7b""]",59.159,59.159,14.423000000000002,0,-2.8937708333333347,-2.8937708333333347
visual_formulas,verified50_main,1,coverage80,dataset,evqa-pilot500,Ours-no-direction/tukey,2,"[""evqa-pilot500/minigpt-4-vicuna-7b"", ""evqa-pilot500/llava-v1.5-7b""]",59.159,59.159,14.423000000000002,0,-2.8937708333333347,-2.8937708333333347
visual_formulas,verified50_main,1,coverage80,dataset,evqa-pilot500,Ours-no-strength/raw,2,"[""evqa-pilot500/minigpt-4-vicuna-7b"", ""evqa-pilot500/llava-v1.5-7b""]",57.54299999999999,57.54299999999999,16.039000000000005,0,-4.509770833333338,-4.509770833333338
visual_formulas,verified50_main,1,coverage80,dataset,evqa-pilot500,Ours-no-strength/tukey,2,"[""evqa-pilot500/minigpt-4-vicuna-7b"", ""evqa-pilot500/llava-v1.5-7b""]",59.364999999999995,59.364999999999995,14.217000000000002,0,-2.687770833333335,-2.687770833333335
visual_formulas,verified50_main,1,coverage80,dataset,evqa-pilot500,LGA-Visual/raw,2,"[""evqa-pilot500/minigpt-4-vicuna-7b"", ""evqa-pilot500/llava-v1.5-7b""]",63.55499999999999,63.55499999999999,10.027000000000005,0,1.5022291666666625,1.5022291666666625
visual_formulas,verified50_main,1,coverage80,dataset,evqa-pilot500,LGA-Visual/tukey,2,"[""evqa-pilot500/minigpt-4-vicuna-7b"", ""evqa-pilot500/llava-v1.5-7b""]",58.818,58.818,14.764,0,-3.2347708333333323,-3.2347708333333323
visual_formulas,verified50_main,1,coverage80,dataset,evqa-pilot500,LGA-Visual-no-direction/raw,2,"[""evqa-pilot500/minigpt-4-vicuna-7b"", ""evqa-pilot500/llava-v1.5-7b""]",63.213,63.213,10.369,0,1.1602291666666673,1.1602291666666673
visual_formulas,verified50_main,1,coverage80,dataset,evqa-pilot500,LGA-Visual-no-direction/tukey,2,"[""evqa-pilot500/minigpt-4-vicuna-7b"", ""evqa-pilot500/llava-v1.5-7b""]",63.213,63.213,10.369,0,1.1602291666666673,1.1602291666666673
visual_formulas,verified50_main,1,coverage80,dataset,mmke-visual,Ours-main/raw,1,"[""mmke-visual/instructblip-vicuna-7b""]",70.28,70.28,1.01400000000001,0,18.684363636363635,18.684363636363635
visual_formulas,verified50_main,1,coverage80,dataset,mmke-visual,Ours-main/tukey,1,"[""mmke-visual/instructblip-vicuna-7b""]",70.28,70.28,1.01400000000001,0,18.684363636363635,18.684363636363635
visual_formulas,verified50_main,1,coverage80,dataset,mmke-visual,Ours-no-direction/raw,1,"[""mmke-visual/instructblip-vicuna-7b""]",70.28,70.28,1.01400000000001,0,18.684363636363635,18.684363636363635
visual_formulas,verified50_main,1,coverage80,dataset,mmke-visual,Ours-no-direction/tukey,1,"[""mmke-visual/instructblip-vicuna-7b""]",70.28,70.28,1.01400000000001,0,18.684363636363635,18.684363636363635
visual_formulas,verified50_main,1,coverage80,dataset,mmke-visual,Ours-no-strength/raw,1,"[""mmke-visual/instructblip-vicuna-7b""]",46.754,46.754,24.540000000000013,0,-4.841636363636368,-4.841636363636368
visual_formulas,verified50_main,1,coverage80,dataset,mmke-visual,Ours-no-strength/tukey,1,"[""mmke-visual/instructblip-vicuna-7b""]",50.007999999999996,50.007999999999996,21.286000000000016,0,-1.5876363636363706,-1.5876363636363706
visual_formulas,verified50_main,1,coverage80,dataset,mmke-visual,LGA-Visual/raw,1,"[""mmke-visual/instructblip-vicuna-7b""]",70.28,70.28,1.01400000000001,0,18.684363636363635,18.684363636363635
visual_formulas,verified50_main,1,coverage80,dataset,mmke-visual,LGA-Visual/tukey,1,"[""mmke-visual/instructblip-vicuna-7b""]",70.28,70.28,1.01400000000001,0,18.684363636363635,18.684363636363635
visual_formulas,verified50_main,1,coverage80,dataset,mmke-visual,LGA-Visual-no-direction/raw,1,"[""mmke-visual/instructblip-vicuna-7b""]",70.28,70.28,1.01400000000001,0,18.684363636363635,18.684363636363635
visual_formulas,verified50_main,1,coverage80,dataset,mmke-visual,LGA-Visual-no-direction/tukey,1,"[""mmke-visual/instructblip-vicuna-7b""]",70.28,70.28,1.01400000000001,0,18.684363636363635,18.684363636363635
visual_formulas,verified50_main,1,coverage80,dataset,mmke-entity,Ours-main/raw,0,[],,,,,,
visual_formulas,verified50_main,1,coverage80,dataset,mmke-entity,Ours-main/tukey,0,[],,,,,,
visual_formulas,verified50_main,1,coverage80,dataset,mmke-entity,Ours-no-direction/raw,0,[],,,,,,
visual_formulas,verified50_main,1,coverage80,dataset,mmke-entity,Ours-no-direction/tukey,0,[],,,,,,
visual_formulas,verified50_main,1,coverage80,dataset,mmke-entity,Ours-no-strength/raw,0,[],,,,,,
visual_formulas,verified50_main,1,coverage80,dataset,mmke-entity,Ours-no-strength/tukey,0,[],,,,,,
visual_formulas,verified50_main,1,coverage80,dataset,mmke-entity,LGA-Visual/raw,0,[],,,,,,
visual_formulas,verified50_main,1,coverage80,dataset,mmke-entity,LGA-Visual/tukey,0,[],,,,,,
visual_formulas,verified50_main,1,coverage80,dataset,mmke-entity,LGA-Visual-no-direction/raw,0,[],,,,,,
visual_formulas,verified50_main,1,coverage80,dataset,mmke-entity,LGA-Visual-no-direction/tukey,0,[],,,,,,
visual_formulas,verified50_main,3,all,all,all,Ours-main/raw,1,"[""evqa-pilot500/minigpt-4-vicuna-7b""]",64.938,60.958666666666666,12.132000000000005,0,-1.930157894736837,-0.9920000000000044
visual_formulas,verified50_main,3,all,all,all,Ours-main/tukey,1,"[""evqa-pilot500/minigpt-4-vicuna-7b""]",64.938,60.958666666666666,12.132000000000005,0,-1.930157894736837,-0.9920000000000044
visual_formulas,verified50_main,3,all,all,all,Ours-no-direction/raw,1,"[""evqa-pilot500/minigpt-4-vicuna-7b""]",71.10400000000001,64.14333333333335,5.965999999999994,0,4.235842105263174,2.1926666666666748
visual_formulas,verified50_main,3,all,all,all,Ours-no-direction/tukey,1,"[""evqa-pilot500/minigpt-4-vicuna-7b""]",71.10400000000001,64.14333333333335,5.965999999999994,0,4.235842105263174,2.1926666666666748
visual_formulas,verified50_main,3,all,all,all,Ours-no-strength/raw,1,"[""evqa-pilot500/minigpt-4-vicuna-7b""]",59.56,58.64266666666666,17.510000000000005,0,-7.308157894736837,-3.308000000000007
visual_formulas,verified50_main,3,all,all,all,Ours-no-strength/tukey,1,"[""evqa-pilot500/minigpt-4-vicuna-7b""]",59.56,58.64266666666666,17.510000000000005,0,-7.308157894736837,-3.308000000000007
visual_formulas,verified50_main,3,all,all,all,LGA-Visual/raw,1,"[""evqa-pilot500/minigpt-4-vicuna-7b""]",69.03399999999999,64.51066666666667,8.036000000000016,0,2.1658421052631525,2.559999999999995
visual_formulas,verified50_main,3,all,all,all,LGA-Visual/tukey,1,"[""evqa-pilot500/minigpt-4-vicuna-7b""]",64.938,62.802,12.132000000000005,0,-1.930157894736837,0.8513333333333293
visual_formulas,verified50_main,3,all,all,all,LGA-Visual-no-direction/raw,1,"[""evqa-pilot500/minigpt-4-vicuna-7b""]",71.10400000000001,64.14333333333335,5.965999999999994,0,4.235842105263174,2.1926666666666748
visual_formulas,verified50_main,3,all,all,all,LGA-Visual-no-direction/tukey,1,"[""evqa-pilot500/minigpt-4-vicuna-7b""]",71.10400000000001,64.14333333333335,5.965999999999994,0,4.235842105263174,2.1926666666666748
visual_formulas,verified50_main,3,all,dataset,evqa-pilot500,Ours-main/raw,1,"[""evqa-pilot500/minigpt-4-vicuna-7b""]",64.938,60.958666666666666,12.132000000000005,0,-1.930157894736837,-0.9920000000000044
visual_formulas,verified50_main,3,all,dataset,evqa-pilot500,Ours-main/tukey,1,"[""evqa-pilot500/minigpt-4-vicuna-7b""]",64.938,60.958666666666666,12.132000000000005,0,-1.930157894736837,-0.9920000000000044
visual_formulas,verified50_main,3,all,dataset,evqa-pilot500,Ours-no-direction/raw,1,"[""evqa-pilot500/minigpt-4-vicuna-7b""]",71.10400000000001,64.14333333333335,5.965999999999994,0,4.235842105263174,2.1926666666666748
visual_formulas,verified50_main,3,all,dataset,evqa-pilot500,Ours-no-direction/tukey,1,"[""evqa-pilot500/minigpt-4-vicuna-7b""]",71.10400000000001,64.14333333333335,5.965999999999994,0,4.235842105263174,2.1926666666666748
visual_formulas,verified50_main,3,all,dataset,evqa-pilot500,Ours-no-strength/raw,1,"[""evqa-pilot500/minigpt-4-vicuna-7b""]",59.56,58.64266666666666,17.510000000000005,0,-7.308157894736837,-3.308000000000007
visual_formulas,verified50_main,3,all,dataset,evqa-pilot500,Ours-no-strength/tukey,1,"[""evqa-pilot500/minigpt-4-vicuna-7b""]",59.56,58.64266666666666,17.510000000000005,0,-7.308157894736837,-3.308000000000007
visual_formulas,verified50_main,3,all,dataset,evqa-pilot500,LGA-Visual/raw,1,"[""evqa-pilot500/minigpt-4-vicuna-7b""]",69.03399999999999,64.51066666666667,8.036000000000016,0,2.1658421052631525,2.559999999999995
visual_formulas,verified50_main,3,all,dataset,evqa-pilot500,LGA-Visual/tukey,1,"[""evqa-pilot500/minigpt-4-vicuna-7b""]",64.938,62.802,12.132000000000005,0,-1.930157894736837,0.8513333333333293
visual_formulas,verified50_main,3,all,dataset,evqa-pilot500,LGA-Visual-no-direction/raw,1,"[""evqa-pilot500/minigpt-4-vicuna-7b""]",71.10400000000001,64.14333333333335,5.965999999999994,0,4.235842105263174,2.1926666666666748
visual_formulas,verified50_main,3,all,dataset,evqa-pilot500,LGA-Visual-no-direction/tukey,1,"[""evqa-pilot500/minigpt-4-vicuna-7b""]",71.10400000000001,64.14333333333335,5.965999999999994,0,4.235842105263174,2.1926666666666748
visual_formulas,verified50_main,3,all,dataset,mmke-visual,Ours-main/raw,0,[],,,,,,
visual_formulas,verified50_main,3,all,dataset,mmke-visual,Ours-main/tukey,0,[],,,,,,
visual_formulas,verified50_main,3,all,dataset,mmke-visual,Ours-no-direction/raw,0,[],,,,,,
visual_formulas,verified50_main,3,all,dataset,mmke-visual,Ours-no-direction/tukey,0,[],,,,,,
visual_formulas,verified50_main,3,all,dataset,mmke-visual,Ours-no-strength/raw,0,[],,,,,,
visual_formulas,verified50_main,3,all,dataset,mmke-visual,Ours-no-strength/tukey,0,[],,,,,,
visual_formulas,verified50_main,3,all,dataset,mmke-visual,LGA-Visual/raw,0,[],,,,,,
visual_formulas,verified50_main,3,all,dataset,mmke-visual,LGA-Visual/tukey,0,[],,,,,,
visual_formulas,verified50_main,3,all,dataset,mmke-visual,LGA-Visual-no-direction/raw,0,[],,,,,,
visual_formulas,verified50_main,3,all,dataset,mmke-visual,LGA-Visual-no-direction/tukey,0,[],,,,,,
visual_formulas,verified50_main,3,all,dataset,mmke-entity,Ours-main/raw,0,[],,,,,,
visual_formulas,verified50_main,3,all,dataset,mmke-entity,Ours-main/tukey,0,[],,,,,,
visual_formulas,verified50_main,3,all,dataset,mmke-entity,Ours-no-direction/raw,0,[],,,,,,
visual_formulas,verified50_main,3,all,dataset,mmke-entity,Ours-no-direction/tukey,0,[],,,,,,
visual_formulas,verified50_main,3,all,dataset,mmke-entity,Ours-no-strength/raw,0,[],,,,,,
visual_formulas,verified50_main,3,all,dataset,mmke-entity,Ours-no-strength/tukey,0,[],,,,,,
visual_formulas,verified50_main,3,all,dataset,mmke-entity,LGA-Visual/raw,0,[],,,,,,
visual_formulas,verified50_main,3,all,dataset,mmke-entity,LGA-Visual/tukey,0,[],,,,,,
visual_formulas,verified50_main,3,all,dataset,mmke-entity,LGA-Visual-no-direction/raw,0,[],,,,,,
visual_formulas,verified50_main,3,all,dataset,mmke-entity,LGA-Visual-no-direction/tukey,0,[],,,,,,
visual_formulas,verified50_main,3,coverage80,all,all,Ours-main/raw,1,"[""evqa-pilot500/minigpt-4-vicuna-7b""]",64.938,60.958666666666666,12.132000000000005,0,-1.930157894736837,-0.9920000000000044
visual_formulas,verified50_main,3,coverage80,all,all,Ours-main/tukey,1,"[""evqa-pilot500/minigpt-4-vicuna-7b""]",64.938,60.958666666666666,12.132000000000005,0,-1.930157894736837,-0.9920000000000044
visual_formulas,verified50_main,3,coverage80,all,all,Ours-no-direction/raw,1,"[""evqa-pilot500/minigpt-4-vicuna-7b""]",71.10400000000001,64.14333333333335,5.965999999999994,0,4.235842105263174,2.1926666666666748
visual_formulas,verified50_main,3,coverage80,all,all,Ours-no-direction/tukey,1,"[""evqa-pilot500/minigpt-4-vicuna-7b""]",71.10400000000001,64.14333333333335,5.965999999999994,0,4.235842105263174,2.1926666666666748
visual_formulas,verified50_main,3,coverage80,all,all,Ours-no-strength/raw,1,"[""evqa-pilot500/minigpt-4-vicuna-7b""]",59.56,58.64266666666666,17.510000000000005,0,-7.308157894736837,-3.308000000000007
visual_formulas,verified50_main,3,coverage80,all,all,Ours-no-strength/tukey,1,"[""evqa-pilot500/minigpt-4-vicuna-7b""]",59.56,58.64266666666666,17.510000000000005,0,-7.308157894736837,-3.308000000000007
visual_formulas,verified50_main,3,coverage80,all,all,LGA-Visual/raw,1,"[""evqa-pilot500/minigpt-4-vicuna-7b""]",69.03399999999999,64.51066666666667,8.036000000000016,0,2.1658421052631525,2.559999999999995
visual_formulas,verified50_main,3,coverage80,all,all,LGA-Visual/tukey,1,"[""evqa-pilot500/minigpt-4-vicuna-7b""]",64.938,62.802,12.132000000000005,0,-1.930157894736837,0.8513333333333293
visual_formulas,verified50_main,3,coverage80,all,all,LGA-Visual-no-direction/raw,1,"[""evqa-pilot500/minigpt-4-vicuna-7b""]",71.10400000000001,64.14333333333335,5.965999999999994,0,4.235842105263174,2.1926666666666748
visual_formulas,verified50_main,3,coverage80,all,all,LGA-Visual-no-direction/tukey,1,"[""evqa-pilot500/minigpt-4-vicuna-7b""]",71.10400000000001,64.14333333333335,5.965999999999994,0,4.235842105263174,2.1926666666666748
visual_formulas,verified50_main,3,coverage80,dataset,evqa-pilot500,Ours-main/raw,1,"[""evqa-pilot500/minigpt-4-vicuna-7b""]",64.938,60.958666666666666,12.132000000000005,0,-1.930157894736837,-0.9920000000000044
visual_formulas,verified50_main,3,coverage80,dataset,evqa-pilot500,Ours-main/tukey,1,"[""evqa-pilot500/minigpt-4-vicuna-7b""]",64.938,60.958666666666666,12.132000000000005,0,-1.930157894736837,-0.9920000000000044
visual_formulas,verified50_main,3,coverage80,dataset,evqa-pilot500,Ours-no-direction/raw,1,"[""evqa-pilot500/minigpt-4-vicuna-7b""]",71.10400000000001,64.14333333333335,5.965999999999994,0,4.235842105263174,2.1926666666666748
visual_formulas,verified50_main,3,coverage80,dataset,evqa-pilot500,Ours-no-direction/tukey,1,"[""evqa-pilot500/minigpt-4-vicuna-7b""]",71.10400000000001,64.14333333333335,5.965999999999994,0,4.235842105263174,2.1926666666666748
visual_formulas,verified50_main,3,coverage80,dataset,evqa-pilot500,Ours-no-strength/raw,1,"[""evqa-pilot500/minigpt-4-vicuna-7b""]",59.56,58.64266666666666,17.510000000000005,0,-7.308157894736837,-3.308000000000007
visual_formulas,verified50_main,3,coverage80,dataset,evqa-pilot500,Ours-no-strength/tukey,1,"[""evqa-pilot500/minigpt-4-vicuna-7b""]",59.56,58.64266666666666,17.510000000000005,0,-7.308157894736837,-3.308000000000007
visual_formulas,verified50_main,3,coverage80,dataset,evqa-pilot500,LGA-Visual/raw,1,"[""evqa-pilot500/minigpt-4-vicuna-7b""]",69.03399999999999,64.51066666666667,8.036000000000016,0,2.1658421052631525,2.559999999999995
visual_formulas,verified50_main,3,coverage80,dataset,evqa-pilot500,LGA-Visual/tukey,1,"[""evqa-pilot500/minigpt-4-vicuna-7b""]",64.938,62.802,12.132000000000005,0,-1.930157894736837,0.8513333333333293
visual_formulas,verified50_main,3,coverage80,dataset,evqa-pilot500,LGA-Visual-no-direction/raw,1,"[""evqa-pilot500/minigpt-4-vicuna-7b""]",71.10400000000001,64.14333333333335,5.965999999999994,0,4.235842105263174,2.1926666666666748
visual_formulas,verified50_main,3,coverage80,dataset,evqa-pilot500,LGA-Visual-no-direction/tukey,1,"[""evqa-pilot500/minigpt-4-vicuna-7b""]",71.10400000000001,64.14333333333335,5.965999999999994,0,4.235842105263174,2.1926666666666748
visual_formulas,verified50_main,3,coverage80,dataset,mmke-visual,Ours-main/raw,0,[],,,,,,
visual_formulas,verified50_main,3,coverage80,dataset,mmke-visual,Ours-main/tukey,0,[],,,,,,
visual_formulas,verified50_main,3,coverage80,dataset,mmke-visual,Ours-no-direction/raw,0,[],,,,,,
visual_formulas,verified50_main,3,coverage80,dataset,mmke-visual,Ours-no-direction/tukey,0,[],,,,,,
visual_formulas,verified50_main,3,coverage80,dataset,mmke-visual,Ours-no-strength/raw,0,[],,,,,,
visual_formulas,verified50_main,3,coverage80,dataset,mmke-visual,Ours-no-strength/tukey,0,[],,,,,,
visual_formulas,verified50_main,3,coverage80,dataset,mmke-visual,LGA-Visual/raw,0,[],,,,,,
visual_formulas,verified50_main,3,coverage80,dataset,mmke-visual,LGA-Visual/tukey,0,[],,,,,,
visual_formulas,verified50_main,3,coverage80,dataset,mmke-visual,LGA-Visual-no-direction/raw,0,[],,,,,,
visual_formulas,verified50_main,3,coverage80,dataset,mmke-visual,LGA-Visual-no-direction/tukey,0,[],,,,,,
visual_formulas,verified50_main,3,coverage80,dataset,mmke-entity,Ours-main/raw,0,[],,,,,,
visual_formulas,verified50_main,3,coverage80,dataset,mmke-entity,Ours-main/tukey,0,[],,,,,,
visual_formulas,verified50_main,3,coverage80,dataset,mmke-entity,Ours-no-direction/raw,0,[],,,,,,
visual_formulas,verified50_main,3,coverage80,dataset,mmke-entity,Ours-no-direction/tukey,0,[],,,,,,
visual_formulas,verified50_main,3,coverage80,dataset,mmke-entity,Ours-no-strength/raw,0,[],,,,,,
visual_formulas,verified50_main,3,coverage80,dataset,mmke-entity,Ours-no-strength/tukey,0,[],,,,,,
visual_formulas,verified50_main,3,coverage80,dataset,mmke-entity,LGA-Visual/raw,0,[],,,,,,
visual_formulas,verified50_main,3,coverage80,dataset,mmke-entity,LGA-Visual/tukey,0,[],,,,,,
visual_formulas,verified50_main,3,coverage80,dataset,mmke-entity,LGA-Visual-no-direction/raw,0,[],,,,,,
visual_formulas,verified50_main,3,coverage80,dataset,mmke-entity,LGA-Visual-no-direction/tukey,0,[],,,,,,
visual_formulas,verified50_main,5,all,all,all,Ours-main/raw,0,[],,,,,,
visual_formulas,verified50_main,5,all,all,all,Ours-main/tukey,0,[],,,,,,
visual_formulas,verified50_main,5,all,all,all,Ours-no-direction/raw,0,[],,,,,,
visual_formulas,verified50_main,5,all,all,all,Ours-no-direction/tukey,0,[],,,,,,
visual_formulas,verified50_main,5,all,all,all,Ours-no-strength/raw,0,[],,,,,,
visual_formulas,verified50_main,5,all,all,all,Ours-no-strength/tukey,0,[],,,,,,
visual_formulas,verified50_main,5,all,all,all,LGA-Visual/raw,0,[],,,,,,
visual_formulas,verified50_main,5,all,all,all,LGA-Visual/tukey,0,[],,,,,,
visual_formulas,verified50_main,5,all,all,all,LGA-Visual-no-direction/raw,0,[],,,,,,
visual_formulas,verified50_main,5,all,all,all,LGA-Visual-no-direction/tukey,0,[],,,,,,
visual_formulas,verified50_main,5,all,dataset,evqa-pilot500,Ours-main/raw,0,[],,,,,,
visual_formulas,verified50_main,5,all,dataset,evqa-pilot500,Ours-main/tukey,0,[],,,,,,
visual_formulas,verified50_main,5,all,dataset,evqa-pilot500,Ours-no-direction/raw,0,[],,,,,,
visual_formulas,verified50_main,5,all,dataset,evqa-pilot500,Ours-no-direction/tukey,0,[],,,,,,
visual_formulas,verified50_main,5,all,dataset,evqa-pilot500,Ours-no-strength/raw,0,[],,,,,,
visual_formulas,verified50_main,5,all,dataset,evqa-pilot500,Ours-no-strength/tukey,0,[],,,,,,
visual_formulas,verified50_main,5,all,dataset,evqa-pilot500,LGA-Visual/raw,0,[],,,,,,
visual_formulas,verified50_main,5,all,dataset,evqa-pilot500,LGA-Visual/tukey,0,[],,,,,,
visual_formulas,verified50_main,5,all,dataset,evqa-pilot500,LGA-Visual-no-direction/raw,0,[],,,,,,
visual_formulas,verified50_main,5,all,dataset,evqa-pilot500,LGA-Visual-no-direction/tukey,0,[],,,,,,
visual_formulas,verified50_main,5,all,dataset,mmke-visual,Ours-main/raw,0,[],,,,,,
visual_formulas,verified50_main,5,all,dataset,mmke-visual,Ours-main/tukey,0,[],,,,,,
visual_formulas,verified50_main,5,all,dataset,mmke-visual,Ours-no-direction/raw,0,[],,,,,,
visual_formulas,verified50_main,5,all,dataset,mmke-visual,Ours-no-direction/tukey,0,[],,,,,,
visual_formulas,verified50_main,5,all,dataset,mmke-visual,Ours-no-strength/raw,0,[],,,,,,
visual_formulas,verified50_main,5,all,dataset,mmke-visual,Ours-no-strength/tukey,0,[],,,,,,
visual_formulas,verified50_main,5,all,dataset,mmke-visual,LGA-Visual/raw,0,[],,,,,,
visual_formulas,verified50_main,5,all,dataset,mmke-visual,LGA-Visual/tukey,0,[],,,,,,
visual_formulas,verified50_main,5,all,dataset,mmke-visual,LGA-Visual-no-direction/raw,0,[],,,,,,
visual_formulas,verified50_main,5,all,dataset,mmke-visual,LGA-Visual-no-direction/tukey,0,[],,,,,,
visual_formulas,verified50_main,5,all,dataset,mmke-entity,Ours-main/raw,0,[],,,,,,
visual_formulas,verified50_main,5,all,dataset,mmke-entity,Ours-main/tukey,0,[],,,,,,
visual_formulas,verified50_main,5,all,dataset,mmke-entity,Ours-no-direction/raw,0,[],,,,,,
visual_formulas,verified50_main,5,all,dataset,mmke-entity,Ours-no-direction/tukey,0,[],,,,,,
visual_formulas,verified50_main,5,all,dataset,mmke-entity,Ours-no-strength/raw,0,[],,,,,,
visual_formulas,verified50_main,5,all,dataset,mmke-entity,Ours-no-strength/tukey,0,[],,,,,,
visual_formulas,verified50_main,5,all,dataset,mmke-entity,LGA-Visual/raw,0,[],,,,,,
visual_formulas,verified50_main,5,all,dataset,mmke-entity,LGA-Visual/tukey,0,[],,,,,,
visual_formulas,verified50_main,5,all,dataset,mmke-entity,LGA-Visual-no-direction/raw,0,[],,,,,,
visual_formulas,verified50_main,5,all,dataset,mmke-entity,LGA-Visual-no-direction/tukey,0,[],,,,,,
visual_formulas,verified50_main,5,coverage80,all,all,Ours-main/raw,0,[],,,,,,
visual_formulas,verified50_main,5,coverage80,all,all,Ours-main/tukey,0,[],,,,,,
visual_formulas,verified50_main,5,coverage80,all,all,Ours-no-direction/raw,0,[],,,,,,
visual_formulas,verified50_main,5,coverage80,all,all,Ours-no-direction/tukey,0,[],,,,,,
visual_formulas,verified50_main,5,coverage80,all,all,Ours-no-strength/raw,0,[],,,,,,
visual_formulas,verified50_main,5,coverage80,all,all,Ours-no-strength/tukey,0,[],,,,,,
visual_formulas,verified50_main,5,coverage80,all,all,LGA-Visual/raw,0,[],,,,,,
visual_formulas,verified50_main,5,coverage80,all,all,LGA-Visual/tukey,0,[],,,,,,
visual_formulas,verified50_main,5,coverage80,all,all,LGA-Visual-no-direction/raw,0,[],,,,,,
visual_formulas,verified50_main,5,coverage80,all,all,LGA-Visual-no-direction/tukey,0,[],,,,,,
visual_formulas,verified50_main,5,coverage80,dataset,evqa-pilot500,Ours-main/raw,0,[],,,,,,
visual_formulas,verified50_main,5,coverage80,dataset,evqa-pilot500,Ours-main/tukey,0,[],,,,,,
visual_formulas,verified50_main,5,coverage80,dataset,evqa-pilot500,Ours-no-direction/raw,0,[],,,,,,
visual_formulas,verified50_main,5,coverage80,dataset,evqa-pilot500,Ours-no-direction/tukey,0,[],,,,,,
visual_formulas,verified50_main,5,coverage80,dataset,evqa-pilot500,Ours-no-strength/raw,0,[],,,,,,
visual_formulas,verified50_main,5,coverage80,dataset,evqa-pilot500,Ours-no-strength/tukey,0,[],,,,,,
visual_formulas,verified50_main,5,coverage80,dataset,evqa-pilot500,LGA-Visual/raw,0,[],,,,,,
visual_formulas,verified50_main,5,coverage80,dataset,evqa-pilot500,LGA-Visual/tukey,0,[],,,,,,
visual_formulas,verified50_main,5,coverage80,dataset,evqa-pilot500,LGA-Visual-no-direction/raw,0,[],,,,,,
visual_formulas,verified50_main,5,coverage80,dataset,evqa-pilot500,LGA-Visual-no-direction/tukey,0,[],,,,,,
visual_formulas,verified50_main,5,coverage80,dataset,mmke-visual,Ours-main/raw,0,[],,,,,,
visual_formulas,verified50_main,5,coverage80,dataset,mmke-visual,Ours-main/tukey,0,[],,,,,,
visual_formulas,verified50_main,5,coverage80,dataset,mmke-visual,Ours-no-direction/raw,0,[],,,,,,
visual_formulas,verified50_main,5,coverage80,dataset,mmke-visual,Ours-no-direction/tukey,0,[],,,,,,
visual_formulas,verified50_main,5,coverage80,dataset,mmke-visual,Ours-no-strength/raw,0,[],,,,,,
visual_formulas,verified50_main,5,coverage80,dataset,mmke-visual,Ours-no-strength/tukey,0,[],,,,,,
visual_formulas,verified50_main,5,coverage80,dataset,mmke-visual,LGA-Visual/raw,0,[],,,,,,
visual_formulas,verified50_main,5,coverage80,dataset,mmke-visual,LGA-Visual/tukey,0,[],,,,,,
visual_formulas,verified50_main,5,coverage80,dataset,mmke-visual,LGA-Visual-no-direction/raw,0,[],,,,,,
visual_formulas,verified50_main,5,coverage80,dataset,mmke-visual,LGA-Visual-no-direction/tukey,0,[],,,,,,
visual_formulas,verified50_main,5,coverage80,dataset,mmke-entity,Ours-main/raw,0,[],,,,,,
visual_formulas,verified50_main,5,coverage80,dataset,mmke-entity,Ours-main/tukey,0,[],,,,,,
visual_formulas,verified50_main,5,coverage80,dataset,mmke-entity,Ours-no-direction/raw,0,[],,,,,,
visual_formulas,verified50_main,5,coverage80,dataset,mmke-entity,Ours-no-direction/tukey,0,[],,,,,,
visual_formulas,verified50_main,5,coverage80,dataset,mmke-entity,Ours-no-strength/raw,0,[],,,,,,
visual_formulas,verified50_main,5,coverage80,dataset,mmke-entity,Ours-no-strength/tukey,0,[],,,,,,
visual_formulas,verified50_main,5,coverage80,dataset,mmke-entity,LGA-Visual/raw,0,[],,,,,,
visual_formulas,verified50_main,5,coverage80,dataset,mmke-entity,LGA-Visual/tukey,0,[],,,,,,
visual_formulas,verified50_main,5,coverage80,dataset,mmke-entity,LGA-Visual-no-direction/raw,0,[],,,,,,
visual_formulas,verified50_main,5,coverage80,dataset,mmke-entity,LGA-Visual-no-direction/tukey,0,[],,,,,,
visual_formulas,stable_only,1,all,all,all,Ours-main/raw,1,"[""mmke-entity/paligemma-3b""]",98.76,98.76,0.4299999999999926,0,8.962857142857146,8.962857142857146
visual_formulas,stable_only,1,all,all,all,Ours-main/tukey,1,"[""mmke-entity/paligemma-3b""]",98.76,98.76,0.4299999999999926,0,8.962857142857146,8.962857142857146
visual_formulas,stable_only,1,all,all,all,Ours-no-direction/raw,1,"[""mmke-entity/paligemma-3b""]",98.76,98.76,0.4299999999999926,0,8.962857142857146,8.962857142857146
visual_formulas,stable_only,1,all,all,all,Ours-no-direction/tukey,1,"[""mmke-entity/paligemma-3b""]",98.76,98.76,0.4299999999999926,0,8.962857142857146,8.962857142857146
visual_formulas,stable_only,1,all,all,all,Ours-no-strength/raw,1,"[""mmke-entity/paligemma-3b""]",98.76,98.76,0.4299999999999926,0,8.962857142857146,8.962857142857146
visual_formulas,stable_only,1,all,all,all,Ours-no-strength/tukey,1,"[""mmke-entity/paligemma-3b""]",98.76,98.76,0.4299999999999926,0,8.962857142857146,8.962857142857146
visual_formulas,stable_only,1,all,all,all,LGA-Visual/raw,1,"[""mmke-entity/paligemma-3b""]",98.76,98.76,0.4299999999999926,0,8.962857142857146,8.962857142857146
visual_formulas,stable_only,1,all,all,all,LGA-Visual/tukey,1,"[""mmke-entity/paligemma-3b""]",98.84,98.84,0.3499999999999943,0,9.042857142857144,9.042857142857144
visual_formulas,stable_only,1,all,all,all,LGA-Visual-no-direction/raw,1,"[""mmke-entity/paligemma-3b""]",98.76,98.76,0.4299999999999926,0,8.962857142857146,8.962857142857146
visual_formulas,stable_only,1,all,all,all,LGA-Visual-no-direction/tukey,1,"[""mmke-entity/paligemma-3b""]",98.76,98.76,0.4299999999999926,0,8.962857142857146,8.962857142857146
visual_formulas,stable_only,1,all,dataset,evqa-pilot500,Ours-main/raw,0,[],,,,,,
visual_formulas,stable_only,1,all,dataset,evqa-pilot500,Ours-main/tukey,0,[],,,,,,
visual_formulas,stable_only,1,all,dataset,evqa-pilot500,Ours-no-direction/raw,0,[],,,,,,
visual_formulas,stable_only,1,all,dataset,evqa-pilot500,Ours-no-direction/tukey,0,[],,,,,,
visual_formulas,stable_only,1,all,dataset,evqa-pilot500,Ours-no-strength/raw,0,[],,,,,,
visual_formulas,stable_only,1,all,dataset,evqa-pilot500,Ours-no-strength/tukey,0,[],,,,,,
visual_formulas,stable_only,1,all,dataset,evqa-pilot500,LGA-Visual/raw,0,[],,,,,,
visual_formulas,stable_only,1,all,dataset,evqa-pilot500,LGA-Visual/tukey,0,[],,,,,,
visual_formulas,stable_only,1,all,dataset,evqa-pilot500,LGA-Visual-no-direction/raw,0,[],,,,,,
visual_formulas,stable_only,1,all,dataset,evqa-pilot500,LGA-Visual-no-direction/tukey,0,[],,,,,,
visual_formulas,stable_only,1,all,dataset,mmke-visual,Ours-main/raw,0,[],,,,,,
visual_formulas,stable_only,1,all,dataset,mmke-visual,Ours-main/tukey,0,[],,,,,,
visual_formulas,stable_only,1,all,dataset,mmke-visual,Ours-no-direction/raw,0,[],,,,,,
visual_formulas,stable_only,1,all,dataset,mmke-visual,Ours-no-direction/tukey,0,[],,,,,,
visual_formulas,stable_only,1,all,dataset,mmke-visual,Ours-no-strength/raw,0,[],,,,,,
visual_formulas,stable_only,1,all,dataset,mmke-visual,Ours-no-strength/tukey,0,[],,,,,,
visual_formulas,stable_only,1,all,dataset,mmke-visual,LGA-Visual/raw,0,[],,,,,,
visual_formulas,stable_only,1,all,dataset,mmke-visual,LGA-Visual/tukey,0,[],,,,,,
visual_formulas,stable_only,1,all,dataset,mmke-visual,LGA-Visual-no-direction/raw,0,[],,,,,,
visual_formulas,stable_only,1,all,dataset,mmke-visual,LGA-Visual-no-direction/tukey,0,[],,,,,,
visual_formulas,stable_only,1,all,dataset,mmke-entity,Ours-main/raw,1,"[""mmke-entity/paligemma-3b""]",98.76,98.76,0.4299999999999926,0,8.962857142857146,8.962857142857146
visual_formulas,stable_only,1,all,dataset,mmke-entity,Ours-main/tukey,1,"[""mmke-entity/paligemma-3b""]",98.76,98.76,0.4299999999999926,0,8.962857142857146,8.962857142857146
visual_formulas,stable_only,1,all,dataset,mmke-entity,Ours-no-direction/raw,1,"[""mmke-entity/paligemma-3b""]",98.76,98.76,0.4299999999999926,0,8.962857142857146,8.962857142857146
visual_formulas,stable_only,1,all,dataset,mmke-entity,Ours-no-direction/tukey,1,"[""mmke-entity/paligemma-3b""]",98.76,98.76,0.4299999999999926,0,8.962857142857146,8.962857142857146
visual_formulas,stable_only,1,all,dataset,mmke-entity,Ours-no-strength/raw,1,"[""mmke-entity/paligemma-3b""]",98.76,98.76,0.4299999999999926,0,8.962857142857146,8.962857142857146
visual_formulas,stable_only,1,all,dataset,mmke-entity,Ours-no-strength/tukey,1,"[""mmke-entity/paligemma-3b""]",98.76,98.76,0.4299999999999926,0,8.962857142857146,8.962857142857146
visual_formulas,stable_only,1,all,dataset,mmke-entity,LGA-Visual/raw,1,"[""mmke-entity/paligemma-3b""]",98.76,98.76,0.4299999999999926,0,8.962857142857146,8.962857142857146
visual_formulas,stable_only,1,all,dataset,mmke-entity,LGA-Visual/tukey,1,"[""mmke-entity/paligemma-3b""]",98.84,98.84,0.3499999999999943,0,9.042857142857144,9.042857142857144
visual_formulas,stable_only,1,all,dataset,mmke-entity,LGA-Visual-no-direction/raw,1,"[""mmke-entity/paligemma-3b""]",98.76,98.76,0.4299999999999926,0,8.962857142857146,8.962857142857146
visual_formulas,stable_only,1,all,dataset,mmke-entity,LGA-Visual-no-direction/tukey,1,"[""mmke-entity/paligemma-3b""]",98.76,98.76,0.4299999999999926,0,8.962857142857146,8.962857142857146
visual_formulas,stable_only,1,coverage80,all,all,Ours-main/raw,1,"[""mmke-entity/paligemma-3b""]",98.76,98.76,0.4299999999999926,0,8.962857142857146,8.962857142857146
visual_formulas,stable_only,1,coverage80,all,all,Ours-main/tukey,1,"[""mmke-entity/paligemma-3b""]",98.76,98.76,0.4299999999999926,0,8.962857142857146,8.962857142857146
visual_formulas,stable_only,1,coverage80,all,all,Ours-no-direction/raw,1,"[""mmke-entity/paligemma-3b""]",98.76,98.76,0.4299999999999926,0,8.962857142857146,8.962857142857146
visual_formulas,stable_only,1,coverage80,all,all,Ours-no-direction/tukey,1,"[""mmke-entity/paligemma-3b""]",98.76,98.76,0.4299999999999926,0,8.962857142857146,8.962857142857146
visual_formulas,stable_only,1,coverage80,all,all,Ours-no-strength/raw,1,"[""mmke-entity/paligemma-3b""]",98.76,98.76,0.4299999999999926,0,8.962857142857146,8.962857142857146
visual_formulas,stable_only,1,coverage80,all,all,Ours-no-strength/tukey,1,"[""mmke-entity/paligemma-3b""]",98.76,98.76,0.4299999999999926,0,8.962857142857146,8.962857142857146
visual_formulas,stable_only,1,coverage80,all,all,LGA-Visual/raw,1,"[""mmke-entity/paligemma-3b""]",98.76,98.76,0.4299999999999926,0,8.962857142857146,8.962857142857146
visual_formulas,stable_only,1,coverage80,all,all,LGA-Visual/tukey,1,"[""mmke-entity/paligemma-3b""]",98.84,98.84,0.3499999999999943,0,9.042857142857144,9.042857142857144
visual_formulas,stable_only,1,coverage80,all,all,LGA-Visual-no-direction/raw,1,"[""mmke-entity/paligemma-3b""]",98.76,98.76,0.4299999999999926,0,8.962857142857146,8.962857142857146
visual_formulas,stable_only,1,coverage80,all,all,LGA-Visual-no-direction/tukey,1,"[""mmke-entity/paligemma-3b""]",98.76,98.76,0.4299999999999926,0,8.962857142857146,8.962857142857146
visual_formulas,stable_only,1,coverage80,dataset,evqa-pilot500,Ours-main/raw,0,[],,,,,,
visual_formulas,stable_only,1,coverage80,dataset,evqa-pilot500,Ours-main/tukey,0,[],,,,,,
visual_formulas,stable_only,1,coverage80,dataset,evqa-pilot500,Ours-no-direction/raw,0,[],,,,,,
visual_formulas,stable_only,1,coverage80,dataset,evqa-pilot500,Ours-no-direction/tukey,0,[],,,,,,
visual_formulas,stable_only,1,coverage80,dataset,evqa-pilot500,Ours-no-strength/raw,0,[],,,,,,
visual_formulas,stable_only,1,coverage80,dataset,evqa-pilot500,Ours-no-strength/tukey,0,[],,,,,,
visual_formulas,stable_only,1,coverage80,dataset,evqa-pilot500,LGA-Visual/raw,0,[],,,,,,
visual_formulas,stable_only,1,coverage80,dataset,evqa-pilot500,LGA-Visual/tukey,0,[],,,,,,
visual_formulas,stable_only,1,coverage80,dataset,evqa-pilot500,LGA-Visual-no-direction/raw,0,[],,,,,,
visual_formulas,stable_only,1,coverage80,dataset,evqa-pilot500,LGA-Visual-no-direction/tukey,0,[],,,,,,
visual_formulas,stable_only,1,coverage80,dataset,mmke-visual,Ours-main/raw,0,[],,,,,,
visual_formulas,stable_only,1,coverage80,dataset,mmke-visual,Ours-main/tukey,0,[],,,,,,
visual_formulas,stable_only,1,coverage80,dataset,mmke-visual,Ours-no-direction/raw,0,[],,,,,,
visual_formulas,stable_only,1,coverage80,dataset,mmke-visual,Ours-no-direction/tukey,0,[],,,,,,
visual_formulas,stable_only,1,coverage80,dataset,mmke-visual,Ours-no-strength/raw,0,[],,,,,,
visual_formulas,stable_only,1,coverage80,dataset,mmke-visual,Ours-no-strength/tukey,0,[],,,,,,
visual_formulas,stable_only,1,coverage80,dataset,mmke-visual,LGA-Visual/raw,0,[],,,,,,
visual_formulas,stable_only,1,coverage80,dataset,mmke-visual,LGA-Visual/tukey,0,[],,,,,,
visual_formulas,stable_only,1,coverage80,dataset,mmke-visual,LGA-Visual-no-direction/raw,0,[],,,,,,
visual_formulas,stable_only,1,coverage80,dataset,mmke-visual,LGA-Visual-no-direction/tukey,0,[],,,,,,
visual_formulas,stable_only,1,coverage80,dataset,mmke-entity,Ours-main/raw,1,"[""mmke-entity/paligemma-3b""]",98.76,98.76,0.4299999999999926,0,8.962857142857146,8.962857142857146
visual_formulas,stable_only,1,coverage80,dataset,mmke-entity,Ours-main/tukey,1,"[""mmke-entity/paligemma-3b""]",98.76,98.76,0.4299999999999926,0,8.962857142857146,8.962857142857146
visual_formulas,stable_only,1,coverage80,dataset,mmke-entity,Ours-no-direction/raw,1,"[""mmke-entity/paligemma-3b""]",98.76,98.76,0.4299999999999926,0,8.962857142857146,8.962857142857146
visual_formulas,stable_only,1,coverage80,dataset,mmke-entity,Ours-no-direction/tukey,1,"[""mmke-entity/paligemma-3b""]",98.76,98.76,0.4299999999999926,0,8.962857142857146,8.962857142857146
visual_formulas,stable_only,1,coverage80,dataset,mmke-entity,Ours-no-strength/raw,1,"[""mmke-entity/paligemma-3b""]",98.76,98.76,0.4299999999999926,0,8.962857142857146,8.962857142857146
visual_formulas,stable_only,1,coverage80,dataset,mmke-entity,Ours-no-strength/tukey,1,"[""mmke-entity/paligemma-3b""]",98.76,98.76,0.4299999999999926,0,8.962857142857146,8.962857142857146
visual_formulas,stable_only,1,coverage80,dataset,mmke-entity,LGA-Visual/raw,1,"[""mmke-entity/paligemma-3b""]",98.76,98.76,0.4299999999999926,0,8.962857142857146,8.962857142857146
visual_formulas,stable_only,1,coverage80,dataset,mmke-entity,LGA-Visual/tukey,1,"[""mmke-entity/paligemma-3b""]",98.84,98.84,0.3499999999999943,0,9.042857142857144,9.042857142857144
visual_formulas,stable_only,1,coverage80,dataset,mmke-entity,LGA-Visual-no-direction/raw,1,"[""mmke-entity/paligemma-3b""]",98.76,98.76,0.4299999999999926,0,8.962857142857146,8.962857142857146
visual_formulas,stable_only,1,coverage80,dataset,mmke-entity,LGA-Visual-no-direction/tukey,1,"[""mmke-entity/paligemma-3b""]",98.76,98.76,0.4299999999999926,0,8.962857142857146,8.962857142857146
visual_formulas,stable_only,3,all,all,all,Ours-main/raw,0,[],,,,,,
visual_formulas,stable_only,3,all,all,all,Ours-main/tukey,0,[],,,,,,
visual_formulas,stable_only,3,all,all,all,Ours-no-direction/raw,0,[],,,,,,
visual_formulas,stable_only,3,all,all,all,Ours-no-direction/tukey,0,[],,,,,,
visual_formulas,stable_only,3,all,all,all,Ours-no-strength/raw,0,[],,,,,,
visual_formulas,stable_only,3,all,all,all,Ours-no-strength/tukey,0,[],,,,,,
visual_formulas,stable_only,3,all,all,all,LGA-Visual/raw,0,[],,,,,,
visual_formulas,stable_only,3,all,all,all,LGA-Visual/tukey,0,[],,,,,,
visual_formulas,stable_only,3,all,all,all,LGA-Visual-no-direction/raw,0,[],,,,,,
visual_formulas,stable_only,3,all,all,all,LGA-Visual-no-direction/tukey,0,[],,,,,,
visual_formulas,stable_only,3,all,dataset,evqa-pilot500,Ours-main/raw,0,[],,,,,,
visual_formulas,stable_only,3,all,dataset,evqa-pilot500,Ours-main/tukey,0,[],,,,,,
visual_formulas,stable_only,3,all,dataset,evqa-pilot500,Ours-no-direction/raw,0,[],,,,,,
visual_formulas,stable_only,3,all,dataset,evqa-pilot500,Ours-no-direction/tukey,0,[],,,,,,
visual_formulas,stable_only,3,all,dataset,evqa-pilot500,Ours-no-strength/raw,0,[],,,,,,
visual_formulas,stable_only,3,all,dataset,evqa-pilot500,Ours-no-strength/tukey,0,[],,,,,,
visual_formulas,stable_only,3,all,dataset,evqa-pilot500,LGA-Visual/raw,0,[],,,,,,
visual_formulas,stable_only,3,all,dataset,evqa-pilot500,LGA-Visual/tukey,0,[],,,,,,
visual_formulas,stable_only,3,all,dataset,evqa-pilot500,LGA-Visual-no-direction/raw,0,[],,,,,,
visual_formulas,stable_only,3,all,dataset,evqa-pilot500,LGA-Visual-no-direction/tukey,0,[],,,,,,
visual_formulas,stable_only,3,all,dataset,mmke-visual,Ours-main/raw,0,[],,,,,,
visual_formulas,stable_only,3,all,dataset,mmke-visual,Ours-main/tukey,0,[],,,,,,
visual_formulas,stable_only,3,all,dataset,mmke-visual,Ours-no-direction/raw,0,[],,,,,,
visual_formulas,stable_only,3,all,dataset,mmke-visual,Ours-no-direction/tukey,0,[],,,,,,
visual_formulas,stable_only,3,all,dataset,mmke-visual,Ours-no-strength/raw,0,[],,,,,,
visual_formulas,stable_only,3,all,dataset,mmke-visual,Ours-no-strength/tukey,0,[],,,,,,
visual_formulas,stable_only,3,all,dataset,mmke-visual,LGA-Visual/raw,0,[],,,,,,
visual_formulas,stable_only,3,all,dataset,mmke-visual,LGA-Visual/tukey,0,[],,,,,,
visual_formulas,stable_only,3,all,dataset,mmke-visual,LGA-Visual-no-direction/raw,0,[],,,,,,
visual_formulas,stable_only,3,all,dataset,mmke-visual,LGA-Visual-no-direction/tukey,0,[],,,,,,
visual_formulas,stable_only,3,all,dataset,mmke-entity,Ours-main/raw,0,[],,,,,,
visual_formulas,stable_only,3,all,dataset,mmke-entity,Ours-main/tukey,0,[],,,,,,
visual_formulas,stable_only,3,all,dataset,mmke-entity,Ours-no-direction/raw,0,[],,,,,,
visual_formulas,stable_only,3,all,dataset,mmke-entity,Ours-no-direction/tukey,0,[],,,,,,
visual_formulas,stable_only,3,all,dataset,mmke-entity,Ours-no-strength/raw,0,[],,,,,,
visual_formulas,stable_only,3,all,dataset,mmke-entity,Ours-no-strength/tukey,0,[],,,,,,
visual_formulas,stable_only,3,all,dataset,mmke-entity,LGA-Visual/raw,0,[],,,,,,
visual_formulas,stable_only,3,all,dataset,mmke-entity,LGA-Visual/tukey,0,[],,,,,,
visual_formulas,stable_only,3,all,dataset,mmke-entity,LGA-Visual-no-direction/raw,0,[],,,,,,
visual_formulas,stable_only,3,all,dataset,mmke-entity,LGA-Visual-no-direction/tukey,0,[],,,,,,
visual_formulas,stable_only,3,coverage80,all,all,Ours-main/raw,0,[],,,,,,
visual_formulas,stable_only,3,coverage80,all,all,Ours-main/tukey,0,[],,,,,,
visual_formulas,stable_only,3,coverage80,all,all,Ours-no-direction/raw,0,[],,,,,,
visual_formulas,stable_only,3,coverage80,all,all,Ours-no-direction/tukey,0,[],,,,,,
visual_formulas,stable_only,3,coverage80,all,all,Ours-no-strength/raw,0,[],,,,,,
visual_formulas,stable_only,3,coverage80,all,all,Ours-no-strength/tukey,0,[],,,,,,
visual_formulas,stable_only,3,coverage80,all,all,LGA-Visual/raw,0,[],,,,,,
visual_formulas,stable_only,3,coverage80,all,all,LGA-Visual/tukey,0,[],,,,,,
visual_formulas,stable_only,3,coverage80,all,all,LGA-Visual-no-direction/raw,0,[],,,,,,
visual_formulas,stable_only,3,coverage80,all,all,LGA-Visual-no-direction/tukey,0,[],,,,,,
visual_formulas,stable_only,3,coverage80,dataset,evqa-pilot500,Ours-main/raw,0,[],,,,,,
visual_formulas,stable_only,3,coverage80,dataset,evqa-pilot500,Ours-main/tukey,0,[],,,,,,
visual_formulas,stable_only,3,coverage80,dataset,evqa-pilot500,Ours-no-direction/raw,0,[],,,,,,
visual_formulas,stable_only,3,coverage80,dataset,evqa-pilot500,Ours-no-direction/tukey,0,[],,,,,,
visual_formulas,stable_only,3,coverage80,dataset,evqa-pilot500,Ours-no-strength/raw,0,[],,,,,,
visual_formulas,stable_only,3,coverage80,dataset,evqa-pilot500,Ours-no-strength/tukey,0,[],,,,,,
visual_formulas,stable_only,3,coverage80,dataset,evqa-pilot500,LGA-Visual/raw,0,[],,,,,,
visual_formulas,stable_only,3,coverage80,dataset,evqa-pilot500,LGA-Visual/tukey,0,[],,,,,,
visual_formulas,stable_only,3,coverage80,dataset,evqa-pilot500,LGA-Visual-no-direction/raw,0,[],,,,,,
visual_formulas,stable_only,3,coverage80,dataset,evqa-pilot500,LGA-Visual-no-direction/tukey,0,[],,,,,,
visual_formulas,stable_only,3,coverage80,dataset,mmke-visual,Ours-main/raw,0,[],,,,,,
visual_formulas,stable_only,3,coverage80,dataset,mmke-visual,Ours-main/tukey,0,[],,,,,,
visual_formulas,stable_only,3,coverage80,dataset,mmke-visual,Ours-no-direction/raw,0,[],,,,,,
visual_formulas,stable_only,3,coverage80,dataset,mmke-visual,Ours-no-direction/tukey,0,[],,,,,,
visual_formulas,stable_only,3,coverage80,dataset,mmke-visual,Ours-no-strength/raw,0,[],,,,,,
visual_formulas,stable_only,3,coverage80,dataset,mmke-visual,Ours-no-strength/tukey,0,[],,,,,,
visual_formulas,stable_only,3,coverage80,dataset,mmke-visual,LGA-Visual/raw,0,[],,,,,,
visual_formulas,stable_only,3,coverage80,dataset,mmke-visual,LGA-Visual/tukey,0,[],,,,,,
visual_formulas,stable_only,3,coverage80,dataset,mmke-visual,LGA-Visual-no-direction/raw,0,[],,,,,,
visual_formulas,stable_only,3,coverage80,dataset,mmke-visual,LGA-Visual-no-direction/tukey,0,[],,,,,,
visual_formulas,stable_only,3,coverage80,dataset,mmke-entity,Ours-main/raw,0,[],,,,,,
visual_formulas,stable_only,3,coverage80,dataset,mmke-entity,Ours-main/tukey,0,[],,,,,,
visual_formulas,stable_only,3,coverage80,dataset,mmke-entity,Ours-no-direction/raw,0,[],,,,,,
visual_formulas,stable_only,3,coverage80,dataset,mmke-entity,Ours-no-direction/tukey,0,[],,,,,,
visual_formulas,stable_only,3,coverage80,dataset,mmke-entity,Ours-no-strength/raw,0,[],,,,,,
visual_formulas,stable_only,3,coverage80,dataset,mmke-entity,Ours-no-strength/tukey,0,[],,,,,,
visual_formulas,stable_only,3,coverage80,dataset,mmke-entity,LGA-Visual/raw,0,[],,,,,,
visual_formulas,stable_only,3,coverage80,dataset,mmke-entity,LGA-Visual/tukey,0,[],,,,,,
visual_formulas,stable_only,3,coverage80,dataset,mmke-entity,LGA-Visual-no-direction/raw,0,[],,,,,,
visual_formulas,stable_only,3,coverage80,dataset,mmke-entity,LGA-Visual-no-direction/tukey,0,[],,,,,,
visual_formulas,stable_only,5,all,all,all,Ours-main/raw,0,[],,,,,,
visual_formulas,stable_only,5,all,all,all,Ours-main/tukey,0,[],,,,,,
visual_formulas,stable_only,5,all,all,all,Ours-no-direction/raw,0,[],,,,,,
visual_formulas,stable_only,5,all,all,all,Ours-no-direction/tukey,0,[],,,,,,
visual_formulas,stable_only,5,all,all,all,Ours-no-strength/raw,0,[],,,,,,
visual_formulas,stable_only,5,all,all,all,Ours-no-strength/tukey,0,[],,,,,,
visual_formulas,stable_only,5,all,all,all,LGA-Visual/raw,0,[],,,,,,
visual_formulas,stable_only,5,all,all,all,LGA-Visual/tukey,0,[],,,,,,
visual_formulas,stable_only,5,all,all,all,LGA-Visual-no-direction/raw,0,[],,,,,,
visual_formulas,stable_only,5,all,all,all,LGA-Visual-no-direction/tukey,0,[],,,,,,
visual_formulas,stable_only,5,all,dataset,evqa-pilot500,Ours-main/raw,0,[],,,,,,
visual_formulas,stable_only,5,all,dataset,evqa-pilot500,Ours-main/tukey,0,[],,,,,,
visual_formulas,stable_only,5,all,dataset,evqa-pilot500,Ours-no-direction/raw,0,[],,,,,,
visual_formulas,stable_only,5,all,dataset,evqa-pilot500,Ours-no-direction/tukey,0,[],,,,,,
visual_formulas,stable_only,5,all,dataset,evqa-pilot500,Ours-no-strength/raw,0,[],,,,,,
visual_formulas,stable_only,5,all,dataset,evqa-pilot500,Ours-no-strength/tukey,0,[],,,,,,
visual_formulas,stable_only,5,all,dataset,evqa-pilot500,LGA-Visual/raw,0,[],,,,,,
visual_formulas,stable_only,5,all,dataset,evqa-pilot500,LGA-Visual/tukey,0,[],,,,,,
visual_formulas,stable_only,5,all,dataset,evqa-pilot500,LGA-Visual-no-direction/raw,0,[],,,,,,
visual_formulas,stable_only,5,all,dataset,evqa-pilot500,LGA-Visual-no-direction/tukey,0,[],,,,,,
visual_formulas,stable_only,5,all,dataset,mmke-visual,Ours-main/raw,0,[],,,,,,
visual_formulas,stable_only,5,all,dataset,mmke-visual,Ours-main/tukey,0,[],,,,,,
visual_formulas,stable_only,5,all,dataset,mmke-visual,Ours-no-direction/raw,0,[],,,,,,
visual_formulas,stable_only,5,all,dataset,mmke-visual,Ours-no-direction/tukey,0,[],,,,,,
visual_formulas,stable_only,5,all,dataset,mmke-visual,Ours-no-strength/raw,0,[],,,,,,
visual_formulas,stable_only,5,all,dataset,mmke-visual,Ours-no-strength/tukey,0,[],,,,,,
visual_formulas,stable_only,5,all,dataset,mmke-visual,LGA-Visual/raw,0,[],,,,,,
visual_formulas,stable_only,5,all,dataset,mmke-visual,LGA-Visual/tukey,0,[],,,,,,
visual_formulas,stable_only,5,all,dataset,mmke-visual,LGA-Visual-no-direction/raw,0,[],,,,,,
visual_formulas,stable_only,5,all,dataset,mmke-visual,LGA-Visual-no-direction/tukey,0,[],,,,,,
visual_formulas,stable_only,5,all,dataset,mmke-entity,Ours-main/raw,0,[],,,,,,
visual_formulas,stable_only,5,all,dataset,mmke-entity,Ours-main/tukey,0,[],,,,,,
visual_formulas,stable_only,5,all,dataset,mmke-entity,Ours-no-direction/raw,0,[],,,,,,
visual_formulas,stable_only,5,all,dataset,mmke-entity,Ours-no-direction/tukey,0,[],,,,,,
visual_formulas,stable_only,5,all,dataset,mmke-entity,Ours-no-strength/raw,0,[],,,,,,
visual_formulas,stable_only,5,all,dataset,mmke-entity,Ours-no-strength/tukey,0,[],,,,,,
visual_formulas,stable_only,5,all,dataset,mmke-entity,LGA-Visual/raw,0,[],,,,,,
visual_formulas,stable_only,5,all,dataset,mmke-entity,LGA-Visual/tukey,0,[],,,,,,
visual_formulas,stable_only,5,all,dataset,mmke-entity,LGA-Visual-no-direction/raw,0,[],,,,,,
visual_formulas,stable_only,5,all,dataset,mmke-entity,LGA-Visual-no-direction/tukey,0,[],,,,,,
visual_formulas,stable_only,5,coverage80,all,all,Ours-main/raw,0,[],,,,,,
visual_formulas,stable_only,5,coverage80,all,all,Ours-main/tukey,0,[],,,,,,
visual_formulas,stable_only,5,coverage80,all,all,Ours-no-direction/raw,0,[],,,,,,
visual_formulas,stable_only,5,coverage80,all,all,Ours-no-direction/tukey,0,[],,,,,,
visual_formulas,stable_only,5,coverage80,all,all,Ours-no-strength/raw,0,[],,,,,,
visual_formulas,stable_only,5,coverage80,all,all,Ours-no-strength/tukey,0,[],,,,,,
visual_formulas,stable_only,5,coverage80,all,all,LGA-Visual/raw,0,[],,,,,,
visual_formulas,stable_only,5,coverage80,all,all,LGA-Visual/tukey,0,[],,,,,,
visual_formulas,stable_only,5,coverage80,all,all,LGA-Visual-no-direction/raw,0,[],,,,,,
visual_formulas,stable_only,5,coverage80,all,all,LGA-Visual-no-direction/tukey,0,[],,,,,,
visual_formulas,stable_only,5,coverage80,dataset,evqa-pilot500,Ours-main/raw,0,[],,,,,,
visual_formulas,stable_only,5,coverage80,dataset,evqa-pilot500,Ours-main/tukey,0,[],,,,,,
visual_formulas,stable_only,5,coverage80,dataset,evqa-pilot500,Ours-no-direction/raw,0,[],,,,,,
visual_formulas,stable_only,5,coverage80,dataset,evqa-pilot500,Ours-no-direction/tukey,0,[],,,,,,
visual_formulas,stable_only,5,coverage80,dataset,evqa-pilot500,Ours-no-strength/raw,0,[],,,,,,
visual_formulas,stable_only,5,coverage80,dataset,evqa-pilot500,Ours-no-strength/tukey,0,[],,,,,,
visual_formulas,stable_only,5,coverage80,dataset,evqa-pilot500,LGA-Visual/raw,0,[],,,,,,
visual_formulas,stable_only,5,coverage80,dataset,evqa-pilot500,LGA-Visual/tukey,0,[],,,,,,
visual_formulas,stable_only,5,coverage80,dataset,evqa-pilot500,LGA-Visual-no-direction/raw,0,[],,,,,,
visual_formulas,stable_only,5,coverage80,dataset,evqa-pilot500,LGA-Visual-no-direction/tukey,0,[],,,,,,
visual_formulas,stable_only,5,coverage80,dataset,mmke-visual,Ours-main/raw,0,[],,,,,,
visual_formulas,stable_only,5,coverage80,dataset,mmke-visual,Ours-main/tukey,0,[],,,,,,
visual_formulas,stable_only,5,coverage80,dataset,mmke-visual,Ours-no-direction/raw,0,[],,,,,,
visual_formulas,stable_only,5,coverage80,dataset,mmke-visual,Ours-no-direction/tukey,0,[],,,,,,
visual_formulas,stable_only,5,coverage80,dataset,mmke-visual,Ours-no-strength/raw,0,[],,,,,,
visual_formulas,stable_only,5,coverage80,dataset,mmke-visual,Ours-no-strength/tukey,0,[],,,,,,
visual_formulas,stable_only,5,coverage80,dataset,mmke-visual,LGA-Visual/raw,0,[],,,,,,
visual_formulas,stable_only,5,coverage80,dataset,mmke-visual,LGA-Visual/tukey,0,[],,,,,,
visual_formulas,stable_only,5,coverage80,dataset,mmke-visual,LGA-Visual-no-direction/raw,0,[],,,,,,
visual_formulas,stable_only,5,coverage80,dataset,mmke-visual,LGA-Visual-no-direction/tukey,0,[],,,,,,
visual_formulas,stable_only,5,coverage80,dataset,mmke-entity,Ours-main/raw,0,[],,,,,,
visual_formulas,stable_only,5,coverage80,dataset,mmke-entity,Ours-main/tukey,0,[],,,,,,
visual_formulas,stable_only,5,coverage80,dataset,mmke-entity,Ours-no-direction/raw,0,[],,,,,,
visual_formulas,stable_only,5,coverage80,dataset,mmke-entity,Ours-no-direction/tukey,0,[],,,,,,
visual_formulas,stable_only,5,coverage80,dataset,mmke-entity,Ours-no-strength/raw,0,[],,,,,,
visual_formulas,stable_only,5,coverage80,dataset,mmke-entity,Ours-no-strength/tukey,0,[],,,,,,
visual_formulas,stable_only,5,coverage80,dataset,mmke-entity,LGA-Visual/raw,0,[],,,,,,
visual_formulas,stable_only,5,coverage80,dataset,mmke-entity,LGA-Visual/tukey,0,[],,,,,,
visual_formulas,stable_only,5,coverage80,dataset,mmke-entity,LGA-Visual-no-direction/raw,0,[],,,,,,
visual_formulas,stable_only,5,coverage80,dataset,mmke-entity,LGA-Visual-no-direction/tukey,0,[],,,,,,
