profile,dataset,model,formula,k,coverage,complete,candidates,missing,n_measured,Average_best,Average_mean,Rel_best,Rel_mean,T-Gen_best,T-Gen_mean,M-Gen_best,M-Gen_mean,T-Loc_best,T-Loc_mean,M-Loc_best,M-Loc_mean,best_average_layer,at_best_average_Average,at_best_average_Rel,at_best_average_T-Gen,at_best_average_M-Gen,at_best_average_T-Loc,at_best_average_M-Loc
observed_main,evqa-pilot500,blip2-opt-2.7b,norm,1,0.93,True,0,,20,58.16,58.16,44.15,44.15,40.43,40.43,40.29,40.29,100.0,100.0,65.95,65.95,0,58.16,44.15,40.43,40.29,100.0,65.95
observed_main,evqa-pilot500,blip2-opt-2.7b,norm,3,0.93,True,"0,1,2",,20,58.506,55.59799999999999,46.63,41.25666666666667,42.52,37.21333333333333,44.03,38.25666666666667,100.0,100.0,65.95,61.27,1,58.506,46.63,42.52,44.03,100.0,59.35
observed_main,evqa-pilot500,blip2-opt-2.7b,abs_cos_norm,1,0.93,True,0,,20,58.16,58.16,44.15,44.15,40.43,40.43,40.29,40.29,100.0,100.0,65.95,65.95,0,58.16,44.15,40.43,40.29,100.0,65.95
observed_main,evqa-pilot500,blip2-opt-2.7b,abs_cos_norm,3,0.93,True,"0,1,2",,20,58.506,55.59799999999999,46.63,41.25666666666667,42.52,37.21333333333333,44.03,38.25666666666667,100.0,100.0,65.95,61.27,1,58.506,46.63,42.52,44.03,100.0,59.35
observed_main,evqa-pilot500,blip2-opt-2.7b,one_minus_cos_norm,1,0.93,True,0,,20,58.16,58.16,44.15,44.15,40.43,40.43,40.29,40.29,100.0,100.0,65.95,65.95,0,58.16,44.15,40.43,40.29,100.0,65.95
observed_main,evqa-pilot500,blip2-opt-2.7b,one_minus_cos_norm,3,0.93,True,"0,1,2",,20,58.506,55.59799999999999,46.63,41.25666666666667,42.52,37.21333333333333,44.03,38.25666666666667,100.0,100.0,65.95,61.27,1,58.506,46.63,42.52,44.03,100.0,59.35
observed_main,evqa-pilot500,blip2-opt-2.7b,signed_cos_norm,1,0.93,True,0,,20,58.16,58.16,44.15,44.15,40.43,40.43,40.29,40.29,100.0,100.0,65.95,65.95,0,58.16,44.15,40.43,40.29,100.0,65.95
observed_main,evqa-pilot500,blip2-opt-2.7b,signed_cos_norm,3,0.93,True,"0,1,2",,20,58.506,55.59799999999999,46.63,41.25666666666667,42.52,37.21333333333333,44.03,38.25666666666667,100.0,100.0,65.95,61.27,1,58.506,46.63,42.52,44.03,100.0,59.35
observed_main,evqa-pilot500,blip2-opt-2.7b,cos,1,0.93,True,0,,20,58.16,58.16,44.15,44.15,40.43,40.43,40.29,40.29,100.0,100.0,65.95,65.95,0,58.16,44.15,40.43,40.29,100.0,65.95
observed_main,evqa-pilot500,blip2-opt-2.7b,cos,3,0.93,True,"0,1,2",,20,58.506,55.59799999999999,46.63,41.25666666666667,42.52,37.21333333333333,44.03,38.25666666666667,100.0,100.0,65.95,61.27,1,58.506,46.63,42.52,44.03,100.0,59.35
observed_main,evqa-pilot500,blip2-opt-2.7b,dot,1,0.93,True,0,,20,58.16,58.16,44.15,44.15,40.43,40.43,40.29,40.29,100.0,100.0,65.95,65.95,0,58.16,44.15,40.43,40.29,100.0,65.95
observed_main,evqa-pilot500,blip2-opt-2.7b,dot,3,0.93,True,"0,1,2",,20,58.506,55.59799999999999,46.63,41.25666666666667,42.52,37.21333333333333,44.03,38.25666666666667,100.0,100.0,65.95,61.27,1,58.506,46.63,42.52,44.03,100.0,59.35
observed_main,evqa-pilot500,blip2-opt-2.7b,depth2_norm,1,0.93,True,17,,20,75.6,75.6,66.89,66.89,63.79,63.79,65.36,65.36,100.0,100.0,81.94,81.94,17,75.6,66.89,63.79,65.36,100.0,81.94
observed_main,evqa-pilot500,blip2-opt-2.7b,depth2_norm,3,0.93,True,"17,18,16",,20,75.6,73.86666666666667,66.89,64.62333333333333,63.79,61.21333333333333,65.36,62.96666666666667,100.0,100.0,81.94,80.51666666666667,17,75.6,66.89,63.79,65.36,100.0,81.94
observed_main,evqa-pilot500,blip2-opt-2.7b,negative_cos_norm,1,0.93,False,,,20,,,,,,,,,,,,,,,,,,,
observed_main,evqa-pilot500,blip2-opt-2.7b,negative_cos_norm,3,0.93,False,,,20,,,,,,,,,,,,,,,,,,,
observed_main,evqa-pilot500,instructblip-vicuna-7b,norm,1,1.0,True,1,,15,54.47,54.47,42.0,42.0,40.44,40.44,37.89,37.89,100.0,100.0,52.02,52.02,1,54.47,42.0,40.44,37.89,100.0,52.02
observed_main,evqa-pilot500,instructblip-vicuna-7b,norm,3,1.0,False,"1,0,9",9,15,,,,,,,,,,,,,,,,,,,
observed_main,evqa-pilot500,instructblip-vicuna-7b,abs_cos_norm,1,1.0,True,1,,15,54.47,54.47,42.0,42.0,40.44,40.44,37.89,37.89,100.0,100.0,52.02,52.02,1,54.47,42.0,40.44,37.89,100.0,52.02
observed_main,evqa-pilot500,instructblip-vicuna-7b,abs_cos_norm,3,1.0,True,"1,0,11",,15,54.47,51.98666666666666,42.0,36.23666666666667,40.44,35.18,37.89,32.97,100.0,100.0,62.1,55.546666666666674,1,54.47,42.0,40.44,37.89,100.0,52.02
observed_main,evqa-pilot500,instructblip-vicuna-7b,one_minus_cos_norm,1,1.0,True,1,,15,54.47,54.47,42.0,42.0,40.44,40.44,37.89,37.89,100.0,100.0,52.02,52.02,1,54.47,42.0,40.44,37.89,100.0,52.02
observed_main,evqa-pilot500,instructblip-vicuna-7b,one_minus_cos_norm,3,1.0,False,"1,0,9",9,15,,,,,,,,,,,,,,,,,,,
observed_main,evqa-pilot500,instructblip-vicuna-7b,signed_cos_norm,1,1.0,True,1,,15,54.47,54.47,42.0,42.0,40.44,40.44,37.89,37.89,100.0,100.0,52.02,52.02,1,54.47,42.0,40.44,37.89,100.0,52.02
observed_main,evqa-pilot500,instructblip-vicuna-7b,signed_cos_norm,3,1.0,True,"1,0,11",,15,54.47,51.98666666666666,42.0,36.23666666666667,40.44,35.18,37.89,32.97,100.0,100.0,62.1,55.546666666666674,1,54.47,42.0,40.44,37.89,100.0,52.02
observed_main,evqa-pilot500,instructblip-vicuna-7b,cos,1,1.0,True,1,,15,54.47,54.47,42.0,42.0,40.44,40.44,37.89,37.89,100.0,100.0,52.02,52.02,1,54.47,42.0,40.44,37.89,100.0,52.02
observed_main,evqa-pilot500,instructblip-vicuna-7b,cos,3,1.0,False,"1,0,17",17,15,,,,,,,,,,,,,,,,,,,
observed_main,evqa-pilot500,instructblip-vicuna-7b,dot,1,1.0,True,1,,15,54.47,54.47,42.0,42.0,40.44,40.44,37.89,37.89,100.0,100.0,52.02,52.02,1,54.47,42.0,40.44,37.89,100.0,52.02
observed_main,evqa-pilot500,instructblip-vicuna-7b,dot,3,1.0,True,"1,0,11",,15,54.47,51.98666666666666,42.0,36.23666666666667,40.44,35.18,37.89,32.97,100.0,100.0,62.1,55.546666666666674,1,54.47,42.0,40.44,37.89,100.0,52.02
observed_main,evqa-pilot500,instructblip-vicuna-7b,depth2_norm,1,1.0,False,21,21,15,,,,,,,,,,,,,,,,,,,
observed_main,evqa-pilot500,instructblip-vicuna-7b,depth2_norm,3,1.0,False,"21,22,20","21,22,20",15,,,,,,,,,,,,,,,,,,,
observed_main,evqa-pilot500,instructblip-vicuna-7b,negative_cos_norm,1,1.0,False,,,15,,,,,,,,,,,,,,,,,,,
observed_main,evqa-pilot500,instructblip-vicuna-7b,negative_cos_norm,3,1.0,False,,,15,,,,,,,,,,,,,,,,,,,
observed_main,evqa-pilot500,minigpt-4-vicuna-7b,norm,1,0.998,True,0,,21,57.83,57.83,41.06,41.06,36.9,36.9,38.31,38.31,100.0,100.0,72.88,72.88,0,57.83,41.06,36.9,38.31,100.0,72.88
observed_main,evqa-pilot500,minigpt-4-vicuna-7b,norm,3,0.998,True,"0,1,2",,21,71.104,64.14333333333333,61.31,50.53,58.27,46.82333333333333,59.27,47.903333333333336,100.0,100.0,76.83,75.46,1,71.104,61.31,58.27,59.27,100.0,76.67
observed_main,evqa-pilot500,minigpt-4-vicuna-7b,abs_cos_norm,1,0.998,True,18,,21,59.56,59.56,40.16,40.16,37.37,37.37,38.18,38.18,100.0,100.0,82.09,82.09,18,59.56,40.16,37.37,38.18,100.0,82.09
observed_main,evqa-pilot500,minigpt-4-vicuna-7b,abs_cos_norm,3,0.998,True,"18,19,16",,21,64.94,60.959333333333326,49.34,42.656666666666666,46.11,40.0,46.47,40.61333333333334,100.0,100.0,82.77,81.52333333333333,16,64.94,49.34,46.11,46.47,100.0,82.77
observed_main,evqa-pilot500,minigpt-4-vicuna-7b,one_minus_cos_norm,1,0.998,True,0,,21,57.83,57.83,41.06,41.06,36.9,36.9,38.31,38.31,100.0,100.0,72.88,72.88,0,57.83,41.06,36.9,38.31,100.0,72.88
observed_main,evqa-pilot500,minigpt-4-vicuna-7b,one_minus_cos_norm,3,0.998,True,"0,1,2",,21,71.104,64.14333333333333,61.31,50.53,58.27,46.82333333333333,59.27,47.903333333333336,100.0,100.0,76.83,75.46,1,71.104,61.31,58.27,59.27,100.0,76.67
observed_main,evqa-pilot500,minigpt-4-vicuna-7b,signed_cos_norm,1,0.998,True,18,,21,59.56,59.56,40.16,40.16,37.37,37.37,38.18,38.18,100.0,100.0,82.09,82.09,18,59.56,40.16,37.37,38.18,100.0,82.09
observed_main,evqa-pilot500,minigpt-4-vicuna-7b,signed_cos_norm,3,0.998,True,"18,19,16",,21,64.94,60.959333333333326,49.34,42.656666666666666,46.11,40.0,46.47,40.61333333333334,100.0,100.0,82.77,81.52333333333333,16,64.94,49.34,46.11,46.47,100.0,82.77
observed_main,evqa-pilot500,minigpt-4-vicuna-7b,cos,1,0.998,True,18,,21,59.56,59.56,40.16,40.16,37.37,37.37,38.18,38.18,100.0,100.0,82.09,82.09,18,59.56,40.16,37.37,38.18,100.0,82.09
observed_main,evqa-pilot500,minigpt-4-vicuna-7b,cos,3,0.998,False,"18,21,19",21,21,,,,,,,,,,,,,,,,,,,
observed_main,evqa-pilot500,minigpt-4-vicuna-7b,dot,1,0.998,True,8,,21,69.034,69.034,55.69,55.69,53.42,53.42,53.67,53.67,100.0,100.0,82.39,82.39,8,69.034,55.69,53.42,53.67,100.0,82.39
observed_main,evqa-pilot500,minigpt-4-vicuna-7b,dot,3,0.998,True,"8,18,16",,21,69.034,64.51133333333333,55.69,48.39666666666667,53.42,45.633333333333326,53.67,46.10666666666666,100.0,100.0,82.77,82.41666666666667,8,69.034,55.69,53.42,53.67,100.0,82.39
observed_main,evqa-pilot500,minigpt-4-vicuna-7b,depth2_norm,1,0.998,True,22,,21,58.554,58.554,40.11,40.11,37.7,37.7,37.85,37.85,100.0,100.0,77.11,77.11,22,58.554,40.11,37.7,37.85,100.0,77.11
observed_main,evqa-pilot500,minigpt-4-vicuna-7b,depth2_norm,3,0.998,False,"22,21,20","21,20",21,,,,,,,,,,,,,,,,,,,
observed_main,evqa-pilot500,minigpt-4-vicuna-7b,negative_cos_norm,1,0.998,True,28,,21,58.36,58.36,39.42,39.42,36.54,36.54,37.36,37.36,100.0,100.0,78.49,78.49,28,58.36,39.42,36.54,37.36,100.0,78.49
observed_main,evqa-pilot500,minigpt-4-vicuna-7b,negative_cos_norm,3,0.998,True,"28,24,29",,21,58.526,58.19533333333334,39.76,39.56666666666667,37.33,35.943333333333335,37.85,37.52,100.0,100.0,78.49,77.95333333333333,29,58.526,39.52,37.33,37.85,100.0,77.93
observed_main,evqa-pilot500,llava-v1.5-7b,norm,1,1.0,True,0,,15,60.488,60.488,45.9,45.9,40.339999999999996,40.339999999999996,41.86,41.86,100.0,100.0,74.33999999999999,74.33999999999999,0,60.488,45.9,40.339999999999996,41.86,100.0,74.33999999999999
observed_main,evqa-pilot500,llava-v1.5-7b,norm,3,1.0,False,"0,1,3",3,15,,,,,,,,,,,,,,,,,,,
observed_main,evqa-pilot500,llava-v1.5-7b,abs_cos_norm,1,1.0,True,0,,15,60.488,60.488,45.9,45.9,40.339999999999996,40.339999999999996,41.86,41.86,100.0,100.0,74.33999999999999,74.33999999999999,0,60.488,45.9,40.339999999999996,41.86,100.0,74.33999999999999
observed_main,evqa-pilot500,llava-v1.5-7b,abs_cos_norm,3,1.0,False,"0,1,2",2,15,,,,,,,,,,,,,,,,,,,
observed_main,evqa-pilot500,llava-v1.5-7b,one_minus_cos_norm,1,1.0,True,0,,15,60.488,60.488,45.9,45.9,40.339999999999996,40.339999999999996,41.86,41.86,100.0,100.0,74.33999999999999,74.33999999999999,0,60.488,45.9,40.339999999999996,41.86,100.0,74.33999999999999
observed_main,evqa-pilot500,llava-v1.5-7b,one_minus_cos_norm,3,1.0,False,"0,1,3",3,15,,,,,,,,,,,,,,,,,,,
observed_main,evqa-pilot500,llava-v1.5-7b,signed_cos_norm,1,1.0,True,30,,15,57.24,57.24,41.93,41.93,37.89,37.89,35.7,35.7,100.0,100.0,70.7,70.7,30,57.24,41.93,37.89,35.7,100.0,70.7
observed_main,evqa-pilot500,llava-v1.5-7b,signed_cos_norm,3,1.0,False,"30,29,28",29,15,,,,,,,,,,,,,,,,,,,
observed_main,evqa-pilot500,llava-v1.5-7b,cos,1,1.0,False,9,9,15,,,,,,,,,,,,,,,,,,,
observed_main,evqa-pilot500,llava-v1.5-7b,cos,3,1.0,False,"9,10,6","9,10",15,,,,,,,,,,,,,,,,,,,
observed_main,evqa-pilot500,llava-v1.5-7b,dot,1,1.0,True,30,,15,57.24,57.24,41.93,41.93,37.89,37.89,35.7,35.7,100.0,100.0,70.7,70.7,30,57.24,41.93,37.89,35.7,100.0,70.7
observed_main,evqa-pilot500,llava-v1.5-7b,dot,3,1.0,False,"30,29,28",29,15,,,,,,,,,,,,,,,,,,,
observed_main,evqa-pilot500,llava-v1.5-7b,depth2_norm,1,1.0,False,13,13,15,,,,,,,,,,,,,,,,,,,
observed_main,evqa-pilot500,llava-v1.5-7b,depth2_norm,3,1.0,False,"13,16,15",13,15,,,,,,,,,,,,,,,,,,,
observed_main,evqa-pilot500,llava-v1.5-7b,negative_cos_norm,1,1.0,True,0,,15,60.488,60.488,45.9,45.9,40.339999999999996,40.339999999999996,41.86,41.86,100.0,100.0,74.33999999999999,74.33999999999999,0,60.488,45.9,40.339999999999996,41.86,100.0,74.33999999999999
observed_main,evqa-pilot500,llava-v1.5-7b,negative_cos_norm,3,1.0,False,"0,1,2",2,15,,,,,,,,,,,,,,,,,,,
observed_main,evqa-pilot500,qwen2.5-vl-3b,norm,1,1.0,True,0,,24,62.89,62.89,53.71,53.71,43.5,43.5,34.56,34.56,100.0,100.0,82.68,82.68,0,62.89,53.71,43.5,34.56,100.0,82.68
observed_main,evqa-pilot500,qwen2.5-vl-3b,norm,3,1.0,True,"0,1,2",,24,62.89,62.199999999999996,53.71,53.673333333333325,45.58,43.95000000000001,36.81,35.449999999999996,100.0,100.0,82.68,77.94,0,62.89,53.71,43.5,34.56,100.0,82.68
observed_main,evqa-pilot500,qwen2.5-vl-3b,abs_cos_norm,1,1.0,True,21,,24,63.74,63.74,53.83,53.83,43.82,43.82,36.61,36.61,100.0,100.0,84.45,84.45,21,63.74,53.83,43.82,36.61,100.0,84.45
observed_main,evqa-pilot500,qwen2.5-vl-3b,abs_cos_norm,3,1.0,True,"21,19,17",,24,63.74,63.18333333333334,53.83,53.52666666666667,43.82,43.16,36.61,35.57666666666666,100.0,100.0,84.45,83.65666666666668,21,63.74,53.83,43.82,36.61,100.0,84.45
observed_main,evqa-pilot500,qwen2.5-vl-3b,one_minus_cos_norm,1,1.0,True,0,,24,62.89,62.89,53.71,53.71,43.5,43.5,34.56,34.56,100.0,100.0,82.68,82.68,0,62.89,53.71,43.5,34.56,100.0,82.68
observed_main,evqa-pilot500,qwen2.5-vl-3b,one_minus_cos_norm,3,1.0,True,"0,1,2",,24,62.89,62.199999999999996,53.71,53.673333333333325,45.58,43.95000000000001,36.81,35.449999999999996,100.0,100.0,82.68,77.94,0,62.89,53.71,43.5,34.56,100.0,82.68
observed_main,evqa-pilot500,qwen2.5-vl-3b,signed_cos_norm,1,1.0,True,21,,24,63.74,63.74,53.83,53.83,43.82,43.82,36.61,36.61,100.0,100.0,84.45,84.45,21,63.74,53.83,43.82,36.61,100.0,84.45
observed_main,evqa-pilot500,qwen2.5-vl-3b,signed_cos_norm,3,1.0,True,"21,19,17",,24,63.74,63.18333333333334,53.83,53.52666666666667,43.82,43.16,36.61,35.57666666666666,100.0,100.0,84.45,83.65666666666668,21,63.74,53.83,43.82,36.61,100.0,84.45
observed_main,evqa-pilot500,qwen2.5-vl-3b,cos,1,1.0,True,24,,24,62.79,62.79,52.54,52.54,43.06,43.06,35.3,35.3,100.0,100.0,83.06,83.06,24,62.79,52.54,43.06,35.3,100.0,83.06
observed_main,evqa-pilot500,qwen2.5-vl-3b,cos,3,1.0,False,"24,23,27",23,24,,,,,,,,,,,,,,,,,,,
observed_main,evqa-pilot500,qwen2.5-vl-3b,dot,1,1.0,False,6,6,24,,,,,,,,,,,,,,,,,,,
observed_main,evqa-pilot500,qwen2.5-vl-3b,dot,3,1.0,False,"6,5,7","6,5,7",24,,,,,,,,,,,,,,,,,,,
observed_main,evqa-pilot500,qwen2.5-vl-3b,depth2_norm,1,1.0,True,20,,24,62.11,62.11,52.62,52.62,41.4,41.4,33.99,33.99,100.0,100.0,82.55,82.55,20,62.11,52.62,41.4,33.99,100.0,82.55
observed_main,evqa-pilot500,qwen2.5-vl-3b,depth2_norm,3,1.0,True,"20,18,19",,24,63.55,62.95666666666667,53.54,53.083333333333336,44.11,42.86666666666667,37.7,35.73,100.0,100.0,83.9,83.10666666666667,18,63.55,53.09,44.11,37.7,100.0,82.87
observed_main,evqa-pilot500,qwen2.5-vl-3b,negative_cos_norm,1,1.0,True,34,,24,62.77,62.77,53.15,53.15,42.2,42.2,33.65,33.65,100.0,100.0,84.86,84.86,34,62.77,53.15,42.2,33.65,100.0,84.86
observed_main,evqa-pilot500,qwen2.5-vl-3b,negative_cos_norm,3,1.0,False,34,,24,,,,,,,,,,,,,,,,,,,
observed_main,evqa-pilot500,paligemma-3b,norm,1,1.0,True,5,,14,78.17,78.17,85.3,85.3,83.96,83.96,86.8,86.8,100.0,100.0,34.78,34.78,5,78.17,85.3,83.96,86.8,100.0,34.78
observed_main,evqa-pilot500,paligemma-3b,norm,3,1.0,True,"5,4,3",,14,85.72,78.34,85.63,81.67,85.86,81.96666666666665,89.21,83.56666666666666,100.0,100.0,67.9,44.48666666666667,3,85.72,85.63,85.86,89.21,100.0,67.9
observed_main,evqa-pilot500,paligemma-3b,abs_cos_norm,1,1.0,True,5,,14,78.17,78.17,85.3,85.3,83.96,83.96,86.8,86.8,100.0,100.0,34.78,34.78,5,78.17,85.3,83.96,86.8,100.0,34.78
observed_main,evqa-pilot500,paligemma-3b,abs_cos_norm,3,1.0,True,"5,4,3",,14,85.72,78.34,85.63,81.67,85.86,81.96666666666665,89.21,83.56666666666666,100.0,100.0,67.9,44.48666666666667,3,85.72,85.63,85.86,89.21,100.0,67.9
observed_main,evqa-pilot500,paligemma-3b,one_minus_cos_norm,1,1.0,True,4,,14,71.13,71.13,74.08,74.08,76.08,76.08,74.69,74.69,100.0,100.0,30.78,30.78,4,71.13,74.08,76.08,74.69,100.0,30.78
observed_main,evqa-pilot500,paligemma-3b,one_minus_cos_norm,3,1.0,True,"4,5,3",,14,85.72,78.34,85.63,81.67,85.86,81.96666666666665,89.21,83.56666666666666,100.0,100.0,67.9,44.48666666666667,3,85.72,85.63,85.86,89.21,100.0,67.9
observed_main,evqa-pilot500,paligemma-3b,signed_cos_norm,1,1.0,True,5,,14,78.17,78.17,85.3,85.3,83.96,83.96,86.8,86.8,100.0,100.0,34.78,34.78,5,78.17,85.3,83.96,86.8,100.0,34.78
observed_main,evqa-pilot500,paligemma-3b,signed_cos_norm,3,1.0,True,"5,4,3",,14,85.72,78.34,85.63,81.67,85.86,81.96666666666665,89.21,83.56666666666666,100.0,100.0,67.9,44.48666666666667,3,85.72,85.63,85.86,89.21,100.0,67.9
observed_main,evqa-pilot500,paligemma-3b,cos,1,1.0,False,16,16,14,,,,,,,,,,,,,,,,,,,
observed_main,evqa-pilot500,paligemma-3b,cos,3,1.0,False,"16,5,4",16,14,,,,,,,,,,,,,,,,,,,
observed_main,evqa-pilot500,paligemma-3b,dot,1,1.0,True,5,,14,78.17,78.17,85.3,85.3,83.96,83.96,86.8,86.8,100.0,100.0,34.78,34.78,5,78.17,85.3,83.96,86.8,100.0,34.78
observed_main,evqa-pilot500,paligemma-3b,dot,3,1.0,True,"5,4,3",,14,85.72,78.34,85.63,81.67,85.86,81.96666666666665,89.21,83.56666666666666,100.0,100.0,67.9,44.48666666666667,3,85.72,85.63,85.86,89.21,100.0,67.9
observed_main,evqa-pilot500,paligemma-3b,depth2_norm,1,1.0,True,7,,14,75.65,75.65,82.02,82.02,80.3,80.3,84.32,84.32,100.0,100.0,31.6,31.6,7,75.65,82.02,80.3,84.32,100.0,31.6
observed_main,evqa-pilot500,paligemma-3b,depth2_norm,3,1.0,True,"7,8,9",,14,81.0,64.27,91.11,57.88999999999999,91.37,57.49333333333334,93.32,59.36333333333332,100.0,100.0,78.98,46.586666666666666,8,81.0,91.11,91.37,93.32,100.0,29.18
observed_main,evqa-pilot500,paligemma-3b,negative_cos_norm,1,1.0,False,,,14,,,,,,,,,,,,,,,,,,,
observed_main,evqa-pilot500,paligemma-3b,negative_cos_norm,3,1.0,False,,,14,,,,,,,,,,,,,,,,,,,
observed_main,evqa-pilot500,smolvlm-1.7b,norm,1,1.0,True,0,,20,69.97,69.97,64.02,64.02,59.53,59.53,57.19,57.19,100.0,100.0,69.1,69.1,0,69.97,64.02,59.53,57.19,100.0,69.1
observed_main,evqa-pilot500,smolvlm-1.7b,norm,3,1.0,True,"0,1,2",,20,69.97,64.38333333333334,64.02,55.28,59.53,50.29333333333333,57.19,46.826666666666675,100.0,100.0,71.86,69.51666666666667,0,69.97,64.02,59.53,57.19,100.0,69.1
observed_main,evqa-pilot500,smolvlm-1.7b,abs_cos_norm,1,1.0,True,0,,20,69.97,69.97,64.02,64.02,59.53,59.53,57.19,57.19,100.0,100.0,69.1,69.1,0,69.97,64.02,59.53,57.19,100.0,69.1
observed_main,evqa-pilot500,smolvlm-1.7b,abs_cos_norm,3,1.0,True,"0,1,2",,20,69.97,64.38333333333334,64.02,55.28,59.53,50.29333333333333,57.19,46.826666666666675,100.0,100.0,71.86,69.51666666666667,0,69.97,64.02,59.53,57.19,100.0,69.1
observed_main,evqa-pilot500,smolvlm-1.7b,one_minus_cos_norm,1,1.0,True,0,,20,69.97,69.97,64.02,64.02,59.53,59.53,57.19,57.19,100.0,100.0,69.1,69.1,0,69.97,64.02,59.53,57.19,100.0,69.1
observed_main,evqa-pilot500,smolvlm-1.7b,one_minus_cos_norm,3,1.0,True,"0,1,2",,20,69.97,64.38333333333334,64.02,55.28,59.53,50.29333333333333,57.19,46.826666666666675,100.0,100.0,71.86,69.51666666666667,0,69.97,64.02,59.53,57.19,100.0,69.1
observed_main,evqa-pilot500,smolvlm-1.7b,signed_cos_norm,1,1.0,True,22,,20,55.87,55.87,42.44,42.44,36.7,36.7,31.77,31.77,100.0,100.0,68.45,68.45,22,55.87,42.44,36.7,31.77,100.0,68.45
observed_main,evqa-pilot500,smolvlm-1.7b,signed_cos_norm,3,1.0,True,"22,21,20",,20,57.15,56.46333333333333,45.09,43.81333333333333,39.2,37.806666666666665,33.92,33.02,100.0,100.0,68.45,67.67,20,57.15,45.09,39.2,33.92,100.0,67.53
observed_main,evqa-pilot500,smolvlm-1.7b,cos,1,1.0,True,21,,20,56.37,56.37,43.91,43.91,37.52,37.52,33.37,33.37,100.0,100.0,67.03,67.03,21,56.37,43.91,37.52,33.37,100.0,67.03
observed_main,evqa-pilot500,smolvlm-1.7b,cos,3,1.0,True,"21,22,20",,20,57.15,56.46333333333333,45.09,43.81333333333333,39.2,37.806666666666665,33.92,33.02,100.0,100.0,68.45,67.67,20,57.15,45.09,39.2,33.92,100.0,67.53
observed_main,evqa-pilot500,smolvlm-1.7b,dot,1,1.0,True,22,,20,55.87,55.87,42.44,42.44,36.7,36.7,31.77,31.77,100.0,100.0,68.45,68.45,22,55.87,42.44,36.7,31.77,100.0,68.45
observed_main,evqa-pilot500,smolvlm-1.7b,dot,3,1.0,True,"22,21,20",,20,57.15,56.46333333333333,45.09,43.81333333333333,39.2,37.806666666666665,33.92,33.02,100.0,100.0,68.45,67.67,20,57.15,45.09,39.2,33.92,100.0,67.53
observed_main,evqa-pilot500,smolvlm-1.7b,depth2_norm,1,1.0,True,14,,20,68.22,68.22,58.45,58.45,52.68,52.68,49.76,49.76,100.0,100.0,80.21,80.21,14,68.22,58.45,52.68,49.76,100.0,80.21
observed_main,evqa-pilot500,smolvlm-1.7b,depth2_norm,3,1.0,True,"14,11,13",,20,68.22,64.96999999999998,58.45,53.65,52.68,48.346666666666664,49.76,43.879999999999995,100.0,100.0,80.21,78.96999999999998,14,68.22,58.45,52.68,49.76,100.0,80.21
observed_main,evqa-pilot500,smolvlm-1.7b,negative_cos_norm,1,1.0,True,0,,20,69.97,69.97,64.02,64.02,59.53,59.53,57.19,57.19,100.0,100.0,69.1,69.1,0,69.97,64.02,59.53,57.19,100.0,69.1
observed_main,evqa-pilot500,smolvlm-1.7b,negative_cos_norm,3,1.0,True,"0,1,2",,20,69.97,64.38333333333334,64.02,55.28,59.53,50.29333333333333,57.19,46.826666666666675,100.0,100.0,71.86,69.51666666666667,0,69.97,64.02,59.53,57.19,100.0,69.1
observed_main,mmke-visual,blip2-opt-2.7b,norm,1,0.8177570093457944,True,0,,19,62.37,62.37,53.13,53.13,53.14,53.14,53.2,53.2,100.0,100.0,52.38,52.38,0,62.37,53.13,53.14,53.2,100.0,52.38
observed_main,mmke-visual,blip2-opt-2.7b,norm,3,0.8177570093457944,True,"0,1,2",,19,69.87,67.31,53.13,52.419999999999995,53.14,52.28333333333333,53.2,52.25,100.0,100.0,93.8,79.59333333333332,2,69.87,52.04,51.91,51.58,100.0,93.8
observed_main,mmke-visual,blip2-opt-2.7b,abs_cos_norm,1,0.8177570093457944,True,0,,19,62.37,62.37,53.13,53.13,53.14,53.14,53.2,53.2,100.0,100.0,52.38,52.38,0,62.37,53.13,53.14,53.2,100.0,52.38
observed_main,mmke-visual,blip2-opt-2.7b,abs_cos_norm,3,0.8177570093457944,True,"0,1,2",,19,69.87,67.31,53.13,52.419999999999995,53.14,52.28333333333333,53.2,52.25,100.0,100.0,93.8,79.59333333333332,2,69.87,52.04,51.91,51.58,100.0,93.8
observed_main,mmke-visual,blip2-opt-2.7b,one_minus_cos_norm,1,0.8177570093457944,True,0,,19,62.37,62.37,53.13,53.13,53.14,53.14,53.2,53.2,100.0,100.0,52.38,52.38,0,62.37,53.13,53.14,53.2,100.0,52.38
observed_main,mmke-visual,blip2-opt-2.7b,one_minus_cos_norm,3,0.8177570093457944,True,"0,1,2",,19,69.87,67.31,53.13,52.419999999999995,53.14,52.28333333333333,53.2,52.25,100.0,100.0,93.8,79.59333333333332,2,69.87,52.04,51.91,51.58,100.0,93.8
observed_main,mmke-visual,blip2-opt-2.7b,signed_cos_norm,1,0.8177570093457944,True,0,,19,62.37,62.37,53.13,53.13,53.14,53.14,53.2,53.2,100.0,100.0,52.38,52.38,0,62.37,53.13,53.14,53.2,100.0,52.38
observed_main,mmke-visual,blip2-opt-2.7b,signed_cos_norm,3,0.8177570093457944,True,"0,1,2",,19,69.87,67.31,53.13,52.419999999999995,53.14,52.28333333333333,53.2,52.25,100.0,100.0,93.8,79.59333333333332,2,69.87,52.04,51.91,51.58,100.0,93.8
observed_main,mmke-visual,blip2-opt-2.7b,cos,1,0.8177570093457944,False,11,11,19,,,,,,,,,,,,,,,,,,,
observed_main,mmke-visual,blip2-opt-2.7b,cos,3,0.8177570093457944,False,"11,5,4","11,5",19,,,,,,,,,,,,,,,,,,,
observed_main,mmke-visual,blip2-opt-2.7b,dot,1,0.8177570093457944,True,4,,19,69.19,69.19,51.78,51.78,51.72,51.72,51.6,51.6,100.0,100.0,90.85,90.85,4,69.19,51.78,51.72,51.6,100.0,90.85
observed_main,mmke-visual,blip2-opt-2.7b,dot,3,0.8177570093457944,True,"4,3,2",,19,69.87,69.26666666666667,52.04,51.94333333333333,51.91,51.76,52.37,51.85,100.0,100.0,93.8,90.77666666666666,2,69.87,52.04,51.91,51.58,100.0,93.8
observed_main,mmke-visual,blip2-opt-2.7b,depth2_norm,1,0.8177570093457944,True,19,,19,71.37,71.37,53.87,53.87,53.61,53.61,53.41,53.41,100.0,100.0,95.95,95.95,19,71.37,53.87,53.61,53.41,100.0,95.95
observed_main,mmke-visual,blip2-opt-2.7b,depth2_norm,3,0.8177570093457944,True,"19,20,18",,19,71.81,71.49000000000001,53.87,53.556666666666665,53.8,53.45333333333334,53.53,53.35333333333333,100.0,100.0,97.94,97.08666666666666,20,71.81,53.8,53.8,53.53,100.0,97.94
observed_main,mmke-visual,blip2-opt-2.7b,negative_cos_norm,1,0.8177570093457944,True,30,,19,65.77,65.77,44.26,44.26,44.01,44.01,44.24,44.24,100.0,100.0,96.33,96.33,30,65.77,44.26,44.01,44.24,100.0,96.33
observed_main,mmke-visual,blip2-opt-2.7b,negative_cos_norm,3,0.8177570093457944,False,30,,19,,,,,,,,,,,,,,,,,,,
observed_main,mmke-visual,instructblip-vicuna-7b,norm,1,1.0,True,1,,21,70.28,70.28,51.7,51.7,51.67,51.67,51.55,51.55,100.0,100.0,96.48,96.48,1,70.28,51.7,51.67,51.55,100.0,96.48
observed_main,mmke-visual,instructblip-vicuna-7b,norm,3,1.0,True,"1,0,3",,21,71.29,64.24333333333333,52.26,41.120000000000005,52.42,40.47666666666667,52.17,40.973333333333336,100.0,100.0,99.85,98.65000000000002,0,71.29,52.26,52.42,52.17,100.0,99.62
observed_main,mmke-visual,instructblip-vicuna-7b,abs_cos_norm,1,1.0,True,1,,21,70.28,70.28,51.7,51.7,51.67,51.67,51.55,51.55,100.0,100.0,96.48,96.48,1,70.28,51.7,51.67,51.55,100.0,96.48
observed_main,mmke-visual,instructblip-vicuna-7b,abs_cos_norm,3,1.0,True,"1,0,3",,21,71.29,64.24333333333333,52.26,41.120000000000005,52.42,40.47666666666667,52.17,40.973333333333336,100.0,100.0,99.85,98.65000000000002,0,71.29,52.26,52.42,52.17,100.0,99.62
observed_main,mmke-visual,instructblip-vicuna-7b,one_minus_cos_norm,1,1.0,True,3,,21,51.16,51.16,19.4,19.4,17.34,17.34,19.2,19.2,100.0,100.0,99.85,99.85,3,51.16,19.4,17.34,19.2,100.0,99.85
observed_main,mmke-visual,instructblip-vicuna-7b,one_minus_cos_norm,3,1.0,True,"3,2,4",,21,51.16,50.56666666666666,19.4,18.483333333333334,17.34,16.423333333333332,19.2,18.426666666666666,100.0,100.0,99.85,99.49,3,51.16,19.4,17.34,19.2,100.0,99.85
observed_main,mmke-visual,instructblip-vicuna-7b,signed_cos_norm,1,1.0,True,1,,21,70.28,70.28,51.7,51.7,51.67,51.67,51.55,51.55,100.0,100.0,96.48,96.48,1,70.28,51.7,51.67,51.55,100.0,96.48
observed_main,mmke-visual,instructblip-vicuna-7b,signed_cos_norm,3,1.0,True,"1,0,3",,21,71.29,64.24333333333333,52.26,41.120000000000005,52.42,40.47666666666667,52.17,40.973333333333336,100.0,100.0,99.85,98.65000000000002,0,71.29,52.26,52.42,52.17,100.0,99.62
observed_main,mmke-visual,instructblip-vicuna-7b,cos,1,1.0,True,30,,21,46.75,46.75,11.75,11.75,11.08,11.08,11.62,11.62,100.0,100.0,99.32,99.32,30,46.75,11.75,11.08,11.62,100.0,99.32
observed_main,mmke-visual,instructblip-vicuna-7b,cos,3,1.0,False,"30,29,27",29,21,,,,,,,,,,,,,,,,,,,
observed_main,mmke-visual,instructblip-vicuna-7b,dot,1,1.0,True,1,,21,70.28,70.28,51.7,51.7,51.67,51.67,51.55,51.55,100.0,100.0,96.48,96.48,1,70.28,51.7,51.67,51.55,100.0,96.48
observed_main,mmke-visual,instructblip-vicuna-7b,dot,3,1.0,True,"1,0,3",,21,71.29,64.24333333333333,52.26,41.120000000000005,52.42,40.47666666666667,52.17,40.973333333333336,100.0,100.0,99.85,98.65000000000002,0,71.29,52.26,52.42,52.17,100.0,99.62
observed_main,mmke-visual,instructblip-vicuna-7b,depth2_norm,1,1.0,True,27,,21,50.59,50.59,18.47,18.47,16.75,16.75,18.57,18.57,100.0,100.0,99.18,99.18,27,50.59,18.47,16.75,18.57,100.0,99.18
observed_main,mmke-visual,instructblip-vicuna-7b,depth2_norm,3,1.0,True,"27,26,25",,21,50.59,50.19,18.47,17.81,16.75,15.906666666666666,18.57,17.723333333333333,100.0,100.0,99.73,99.51333333333334,27,50.59,18.47,16.75,18.57,100.0,99.18
observed_main,mmke-visual,instructblip-vicuna-7b,negative_cos_norm,1,1.0,False,,,21,,,,,,,,,,,,,,,,,,,
observed_main,mmke-visual,instructblip-vicuna-7b,negative_cos_norm,3,1.0,False,,,21,,,,,,,,,,,,,,,,,,,
observed_main,mmke-visual,minigpt-4-vicuna-7b,norm,1,1.0,True,0,,21,75.812,75.812,59.95,59.95,60.02,60.02,60.14,60.14,100.0,100.0,98.95,98.95,0,75.812,59.95,60.02,60.14,100.0,98.95
observed_main,mmke-visual,minigpt-4-vicuna-7b,norm,3,1.0,True,"0,1,2",,21,76.064,75.89999999999999,60.35,60.20666666666667,60.4,60.24666666666667,60.64,60.44333333333333,100.0,100.0,98.95,98.60333333333334,2,76.064,60.35,60.4,60.64,100.0,98.93
observed_main,mmke-visual,minigpt-4-vicuna-7b,abs_cos_norm,1,1.0,True,9,,21,76.582,76.582,61.34,61.34,61.27,61.27,61.41,61.41,100.0,100.0,98.89,98.89,9,76.582,61.34,61.27,61.41,100.0,98.89
observed_main,mmke-visual,minigpt-4-vicuna-7b,abs_cos_norm,3,1.0,True,"9,10,11",,21,76.83,76.68066666666665,62.03,61.626666666666665,61.78,61.51,61.97,61.6,100.0,100.0,98.89,98.66666666666667,11,76.83,62.03,61.78,61.97,100.0,98.37
observed_main,mmke-visual,minigpt-4-vicuna-7b,one_minus_cos_norm,1,1.0,True,0,,21,75.812,75.812,59.95,59.95,60.02,60.02,60.14,60.14,100.0,100.0,98.95,98.95,0,75.812,59.95,60.02,60.14,100.0,98.95
observed_main,mmke-visual,minigpt-4-vicuna-7b,one_minus_cos_norm,3,1.0,True,"0,1,2",,21,76.064,75.89999999999999,60.35,60.20666666666667,60.4,60.24666666666667,60.64,60.44333333333333,100.0,100.0,98.95,98.60333333333334,2,76.064,60.35,60.4,60.64,100.0,98.93
observed_main,mmke-visual,minigpt-4-vicuna-7b,signed_cos_norm,1,1.0,False,30,30,21,,,,,,,,,,,,,,,,,,,
observed_main,mmke-visual,minigpt-4-vicuna-7b,signed_cos_norm,3,1.0,False,"30,2,0",30,21,,,,,,,,,,,,,,,,,,,
observed_main,mmke-visual,minigpt-4-vicuna-7b,cos,1,1.0,True,0,,21,75.812,75.812,59.95,59.95,60.02,60.02,60.14,60.14,100.0,100.0,98.95,98.95,0,75.812,59.95,60.02,60.14,100.0,98.95
observed_main,mmke-visual,minigpt-4-vicuna-7b,cos,3,1.0,True,"0,1,2",,21,76.064,75.89999999999999,60.35,60.20666666666667,60.4,60.24666666666667,60.64,60.44333333333333,100.0,100.0,98.95,98.60333333333334,2,76.064,60.35,60.4,60.64,100.0,98.93
observed_main,mmke-visual,minigpt-4-vicuna-7b,dot,1,1.0,False,30,30,21,,,,,,,,,,,,,,,,,,,
observed_main,mmke-visual,minigpt-4-vicuna-7b,dot,3,1.0,False,"30,29,28",30,21,,,,,,,,,,,,,,,,,,,
observed_main,mmke-visual,minigpt-4-vicuna-7b,depth2_norm,1,1.0,True,27,,21,74.19,74.19,57.88,57.88,57.6,57.6,57.52,57.52,100.0,100.0,97.97,97.97,27,74.19,57.88,57.6,57.52,100.0,97.97
observed_main,mmke-visual,minigpt-4-vicuna-7b,depth2_norm,3,1.0,True,"27,26,28",,21,74.44,74.18666666666667,57.96,57.72,57.92,57.49666666666667,57.85,57.556666666666665,100.0,100.0,98.46,98.16333333333334,28,74.44,57.96,57.92,57.85,100.0,98.46
observed_main,mmke-visual,minigpt-4-vicuna-7b,negative_cos_norm,1,1.0,True,9,,21,76.582,76.582,61.34,61.34,61.27,61.27,61.41,61.41,100.0,100.0,98.89,98.89,9,76.582,61.34,61.27,61.41,100.0,98.89
observed_main,mmke-visual,minigpt-4-vicuna-7b,negative_cos_norm,3,1.0,True,"9,10,11",,21,76.83,76.68066666666665,62.03,61.626666666666665,61.78,61.51,61.97,61.6,100.0,100.0,98.89,98.66666666666667,11,76.83,62.03,61.78,61.97,100.0,98.37
observed_main,mmke-visual,llava-v1.5-7b,norm,1,1.0,False,5,5,16,,,,,,,,,,,,,,,,,,,
observed_main,mmke-visual,llava-v1.5-7b,norm,3,1.0,False,"5,0,6","5,6",16,,,,,,,,,,,,,,,,,,,
observed_main,mmke-visual,llava-v1.5-7b,abs_cos_norm,1,1.0,True,0,,16,75.158,75.158,60.74,60.74,60.79,60.79,60.88,60.88,100.0,100.0,93.38,93.38,0,75.158,60.74,60.79,60.88,100.0,93.38
observed_main,mmke-visual,llava-v1.5-7b,abs_cos_norm,3,1.0,True,"0,3,1",,16,76.186,75.66133333333333,62.32,61.443333333333335,62.23,61.41,62.34,61.593333333333334,100.0,100.0,94.16,93.86000000000001,3,76.186,62.32,62.23,62.34,100.0,94.04
observed_main,mmke-visual,llava-v1.5-7b,one_minus_cos_norm,1,1.0,True,0,,16,75.158,75.158,60.74,60.74,60.79,60.79,60.88,60.88,100.0,100.0,93.38,93.38,0,75.158,60.74,60.79,60.88,100.0,93.38
observed_main,mmke-visual,llava-v1.5-7b,one_minus_cos_norm,3,1.0,False,"0,5,6","5,6",16,,,,,,,,,,,,,,,,,,,
observed_main,mmke-visual,llava-v1.5-7b,signed_cos_norm,1,1.0,False,29,29,16,,,,,,,,,,,,,,,,,,,
observed_main,mmke-visual,llava-v1.5-7b,signed_cos_norm,3,1.0,False,"29,28,30","29,30",16,,,,,,,,,,,,,,,,,,,
observed_main,mmke-visual,llava-v1.5-7b,cos,1,1.0,False,17,17,16,,,,,,,,,,,,,,,,,,,
observed_main,mmke-visual,llava-v1.5-7b,cos,3,1.0,False,"17,20,18","17,20,18",16,,,,,,,,,,,,,,,,,,,
observed_main,mmke-visual,llava-v1.5-7b,dot,1,1.0,False,30,30,16,,,,,,,,,,,,,,,,,,,
observed_main,mmke-visual,llava-v1.5-7b,dot,3,1.0,False,"30,29,28","30,29",16,,,,,,,,,,,,,,,,,,,
observed_main,mmke-visual,llava-v1.5-7b,depth2_norm,1,1.0,False,13,13,16,,,,,,,,,,,,,,,,,,,
observed_main,mmke-visual,llava-v1.5-7b,depth2_norm,3,1.0,False,"13,12,15",13,16,,,,,,,,,,,,,,,,,,,
observed_main,mmke-visual,llava-v1.5-7b,negative_cos_norm,1,1.0,True,0,,16,75.158,75.158,60.74,60.74,60.79,60.79,60.88,60.88,100.0,100.0,93.38,93.38,0,75.158,60.74,60.79,60.88,100.0,93.38
observed_main,mmke-visual,llava-v1.5-7b,negative_cos_norm,3,1.0,True,"0,3,1",,16,76.186,75.66133333333333,62.32,61.443333333333335,62.23,61.41,62.34,61.593333333333334,100.0,100.0,94.16,93.86000000000001,3,76.186,62.32,62.23,62.34,100.0,94.04
observed_main,mmke-visual,qwen2.5-vl-3b,norm,1,1.0,True,0,,21,70.42,70.42,52.74,52.74,52.9,52.9,52.28,52.28,100.0,100.0,94.2,94.2,0,70.42,52.74,52.9,52.28,100.0,94.2
observed_main,mmke-visual,qwen2.5-vl-3b,norm,3,1.0,True,"0,1,2",,21,70.42,69.94333333333334,52.74,51.86000000000001,52.9,51.873333333333335,52.28,51.74666666666667,100.0,100.0,94.52,94.24333333333334,0,70.42,52.74,52.9,52.28,100.0,94.2
observed_main,mmke-visual,qwen2.5-vl-3b,abs_cos_norm,1,1.0,True,0,,21,70.42,70.42,52.74,52.74,52.9,52.9,52.28,52.28,100.0,100.0,94.2,94.2,0,70.42,52.74,52.9,52.28,100.0,94.2
observed_main,mmke-visual,qwen2.5-vl-3b,abs_cos_norm,3,1.0,True,"0,1,2",,21,70.42,69.94333333333334,52.74,51.86000000000001,52.9,51.873333333333335,52.28,51.74666666666667,100.0,100.0,94.52,94.24333333333334,0,70.42,52.74,52.9,52.28,100.0,94.2
observed_main,mmke-visual,qwen2.5-vl-3b,one_minus_cos_norm,1,1.0,True,0,,21,70.42,70.42,52.74,52.74,52.9,52.9,52.28,52.28,100.0,100.0,94.2,94.2,0,70.42,52.74,52.9,52.28,100.0,94.2
observed_main,mmke-visual,qwen2.5-vl-3b,one_minus_cos_norm,3,1.0,True,"0,1,2",,21,70.42,69.94333333333334,52.74,51.86000000000001,52.9,51.873333333333335,52.28,51.74666666666667,100.0,100.0,94.52,94.24333333333334,0,70.42,52.74,52.9,52.28,100.0,94.2
observed_main,mmke-visual,qwen2.5-vl-3b,signed_cos_norm,1,1.0,True,0,,21,70.42,70.42,52.74,52.74,52.9,52.9,52.28,52.28,100.0,100.0,94.2,94.2,0,70.42,52.74,52.9,52.28,100.0,94.2
observed_main,mmke-visual,qwen2.5-vl-3b,signed_cos_norm,3,1.0,True,"0,1,2",,21,70.42,69.94333333333334,52.74,51.86000000000001,52.9,51.873333333333335,52.28,51.74666666666667,100.0,100.0,94.52,94.24333333333334,0,70.42,52.74,52.9,52.28,100.0,94.2
observed_main,mmke-visual,qwen2.5-vl-3b,cos,1,1.0,True,12,,21,71.0,71.0,52.61,52.61,52.22,52.22,52.87,52.87,100.0,100.0,97.3,97.3,12,71.0,52.61,52.22,52.87,100.0,97.3
observed_main,mmke-visual,qwen2.5-vl-3b,cos,3,1.0,False,"12,10,11",10,21,,,,,,,,,,,,,,,,,,,
observed_main,mmke-visual,qwen2.5-vl-3b,dot,1,1.0,True,0,,21,70.42,70.42,52.74,52.74,52.9,52.9,52.28,52.28,100.0,100.0,94.2,94.2,0,70.42,52.74,52.9,52.28,100.0,94.2
observed_main,mmke-visual,qwen2.5-vl-3b,dot,3,1.0,True,"0,1,2",,21,70.42,69.94333333333334,52.74,51.86000000000001,52.9,51.873333333333335,52.28,51.74666666666667,100.0,100.0,94.52,94.24333333333334,0,70.42,52.74,52.9,52.28,100.0,94.2
observed_main,mmke-visual,qwen2.5-vl-3b,depth2_norm,1,1.0,True,20,,21,70.4,70.4,51.94,51.94,51.65,51.65,51.86,51.86,100.0,100.0,96.56,96.56,20,70.4,51.94,51.65,51.86,100.0,96.56
observed_main,mmke-visual,qwen2.5-vl-3b,depth2_norm,3,1.0,True,"20,18,19",,21,70.65,70.32666666666667,52.69,52.080000000000005,52.25,51.663333333333334,52.48,51.93000000000001,100.0,100.0,96.56,95.96666666666665,18,70.65,52.69,52.25,52.48,100.0,95.82
observed_main,mmke-visual,qwen2.5-vl-3b,negative_cos_norm,1,1.0,False,,,21,,,,,,,,,,,,,,,,,,,
observed_main,mmke-visual,qwen2.5-vl-3b,negative_cos_norm,3,1.0,False,,,21,,,,,,,,,,,,,,,,,,,
observed_main,mmke-visual,paligemma-3b,norm,1,1.0,True,4,,16,99.026,99.026,99.22999999999999,99.22999999999999,99.22,99.22,98.68,98.68,100.0,100.0,98.0,98.0,4,99.026,99.22999999999999,99.22,98.68,100.0,98.0
observed_main,mmke-visual,paligemma-3b,norm,3,1.0,True,"4,5,3",,16,99.026,64.03666666666666,99.22999999999999,57.050000000000004,99.22,57.143333333333324,98.68,57.169999999999995,100.0,100.0,98.0,48.81999999999999,4,99.026,99.22999999999999,99.22,98.68,100.0,98.0
observed_main,mmke-visual,paligemma-3b,abs_cos_norm,1,1.0,True,5,,16,62.544,62.544,55.510000000000005,55.510000000000005,55.67999999999999,55.67999999999999,56.14,56.14,100.0,100.0,45.39,45.39,5,62.544,55.510000000000005,55.67999999999999,56.14,100.0,45.39
observed_main,mmke-visual,paligemma-3b,abs_cos_norm,3,1.0,True,"5,4,3",,16,99.026,64.03666666666666,99.22999999999999,57.050000000000004,99.22,57.143333333333324,98.68,57.169999999999995,100.0,100.0,98.0,48.81999999999999,4,99.026,99.22999999999999,99.22,98.68,100.0,98.0
observed_main,mmke-visual,paligemma-3b,one_minus_cos_norm,1,1.0,True,4,,16,99.026,99.026,99.22999999999999,99.22999999999999,99.22,99.22,98.68,98.68,100.0,100.0,98.0,98.0,4,99.026,99.22999999999999,99.22,98.68,100.0,98.0
observed_main,mmke-visual,paligemma-3b,one_minus_cos_norm,3,1.0,True,"4,5,3",,16,99.026,64.03666666666666,99.22999999999999,57.050000000000004,99.22,57.143333333333324,98.68,57.169999999999995,100.0,100.0,98.0,48.81999999999999,4,99.026,99.22999999999999,99.22,98.68,100.0,98.0
observed_main,mmke-visual,paligemma-3b,signed_cos_norm,1,1.0,True,5,,16,62.544,62.544,55.510000000000005,55.510000000000005,55.67999999999999,55.67999999999999,56.14,56.14,100.0,100.0,45.39,45.39,5,62.544,55.510000000000005,55.67999999999999,56.14,100.0,45.39
observed_main,mmke-visual,paligemma-3b,signed_cos_norm,3,1.0,True,"5,4,3",,16,99.026,64.03666666666666,99.22999999999999,57.050000000000004,99.22,57.143333333333324,98.68,57.169999999999995,100.0,100.0,98.0,48.81999999999999,4,99.026,99.22999999999999,99.22,98.68,100.0,98.0
observed_main,mmke-visual,paligemma-3b,cos,1,1.0,True,5,,16,62.544,62.544,55.510000000000005,55.510000000000005,55.67999999999999,55.67999999999999,56.14,56.14,100.0,100.0,45.39,45.39,5,62.544,55.510000000000005,55.67999999999999,56.14,100.0,45.39
observed_main,mmke-visual,paligemma-3b,cos,3,1.0,False,"5,4,16",16,16,,,,,,,,,,,,,,,,,,,
observed_main,mmke-visual,paligemma-3b,dot,1,1.0,True,5,,16,62.544,62.544,55.510000000000005,55.510000000000005,55.67999999999999,55.67999999999999,56.14,56.14,100.0,100.0,45.39,45.39,5,62.544,55.510000000000005,55.67999999999999,56.14,100.0,45.39
observed_main,mmke-visual,paligemma-3b,dot,3,1.0,True,"5,4,3",,16,99.026,64.03666666666666,99.22999999999999,57.050000000000004,99.22,57.143333333333324,98.68,57.169999999999995,100.0,100.0,98.0,48.81999999999999,4,99.026,99.22999999999999,99.22,98.68,100.0,98.0
observed_main,mmke-visual,paligemma-3b,depth2_norm,1,1.0,True,7,,16,93.41,93.41,94.78999999999999,94.78999999999999,94.81,94.81,94.75,94.75,100.0,100.0,82.69999999999999,82.69999999999999,7,93.41,94.78999999999999,94.81,94.75,100.0,82.69999999999999
observed_main,mmke-visual,paligemma-3b,depth2_norm,3,1.0,True,"7,5,8",,16,93.41,82.414,95.13000000000001,81.81,95.16,81.88333333333334,95.19,82.02666666666666,100.0,100.0,82.69999999999999,66.35,7,93.41,94.78999999999999,94.81,94.75,100.0,82.69999999999999
observed_main,mmke-visual,paligemma-3b,negative_cos_norm,1,1.0,False,,,16,,,,,,,,,,,,,,,,,,,
observed_main,mmke-visual,paligemma-3b,negative_cos_norm,3,1.0,False,,,16,,,,,,,,,,,,,,,,,,,
observed_main,mmke-visual,smolvlm-1.7b,norm,1,1.0,True,0,,21,71.36,71.36,54.33,54.33,54.21,54.21,54.12,54.12,100.0,100.0,94.16,94.16,0,71.36,54.33,54.21,54.12,100.0,94.16
observed_main,mmke-visual,smolvlm-1.7b,norm,3,1.0,True,"0,1,2",,21,71.36,70.68733333333334,54.33,53.26666666666667,54.21,53.05666666666667,54.12,53.26,100.0,100.0,94.16,93.86,0,71.36,54.33,54.21,54.12,100.0,94.16
observed_main,mmke-visual,smolvlm-1.7b,abs_cos_norm,1,1.0,True,0,,21,71.36,71.36,54.33,54.33,54.21,54.21,54.12,54.12,100.0,100.0,94.16,94.16,0,71.36,54.33,54.21,54.12,100.0,94.16
observed_main,mmke-visual,smolvlm-1.7b,abs_cos_norm,3,1.0,True,"0,1,2",,21,71.36,70.68733333333334,54.33,53.26666666666667,54.21,53.05666666666667,54.12,53.26,100.0,100.0,94.16,93.86,0,71.36,54.33,54.21,54.12,100.0,94.16
observed_main,mmke-visual,smolvlm-1.7b,one_minus_cos_norm,1,1.0,True,0,,21,71.36,71.36,54.33,54.33,54.21,54.21,54.12,54.12,100.0,100.0,94.16,94.16,0,71.36,54.33,54.21,54.12,100.0,94.16
observed_main,mmke-visual,smolvlm-1.7b,one_minus_cos_norm,3,1.0,True,"0,1,2",,21,71.36,70.68733333333334,54.33,53.26666666666667,54.21,53.05666666666667,54.12,53.26,100.0,100.0,94.16,93.86,0,71.36,54.33,54.21,54.12,100.0,94.16
observed_main,mmke-visual,smolvlm-1.7b,signed_cos_norm,1,1.0,True,0,,21,71.36,71.36,54.33,54.33,54.21,54.21,54.12,54.12,100.0,100.0,94.16,94.16,0,71.36,54.33,54.21,54.12,100.0,94.16
observed_main,mmke-visual,smolvlm-1.7b,signed_cos_norm,3,1.0,True,"0,1,2",,21,71.36,70.68733333333334,54.33,53.26666666666667,54.21,53.05666666666667,54.12,53.26,100.0,100.0,94.16,93.86,0,71.36,54.33,54.21,54.12,100.0,94.16
observed_main,mmke-visual,smolvlm-1.7b,cos,1,1.0,True,7,,21,70.77,70.77,53.44,53.44,53.3,53.3,53.54,53.54,100.0,100.0,93.58,93.58,7,70.77,53.44,53.3,53.54,100.0,93.58
observed_main,mmke-visual,smolvlm-1.7b,cos,3,1.0,True,"7,6,5",,21,70.77,70.324,53.44,52.49333333333333,53.3,52.44333333333333,53.54,52.81,100.0,100.0,94.62,93.88,7,70.77,53.44,53.3,53.54,100.0,93.58
observed_main,mmke-visual,smolvlm-1.7b,dot,1,1.0,True,0,,21,71.36,71.36,54.33,54.33,54.21,54.21,54.12,54.12,100.0,100.0,94.16,94.16,0,71.36,54.33,54.21,54.12,100.0,94.16
observed_main,mmke-visual,smolvlm-1.7b,dot,3,1.0,True,"0,1,2",,21,71.36,70.68733333333334,54.33,53.26666666666667,54.21,53.05666666666667,54.12,53.26,100.0,100.0,94.16,93.86,0,71.36,54.33,54.21,54.12,100.0,94.16
observed_main,mmke-visual,smolvlm-1.7b,depth2_norm,1,1.0,True,11,,21,69.62,69.62,51.49,51.49,51.39,51.39,51.34,51.34,100.0,100.0,93.86,93.86,11,69.62,51.49,51.39,51.34,100.0,93.86
observed_main,mmke-visual,smolvlm-1.7b,depth2_norm,3,1.0,True,"11,10,9",,21,69.62,69.47000000000001,51.49,51.330000000000005,51.39,51.21,51.34,51.27333333333333,100.0,100.0,93.88,93.52999999999999,11,69.62,51.49,51.39,51.34,100.0,93.86
observed_main,mmke-visual,smolvlm-1.7b,negative_cos_norm,1,1.0,False,,,21,,,,,,,,,,,,,,,,,,,
observed_main,mmke-visual,smolvlm-1.7b,negative_cos_norm,3,1.0,False,,,21,,,,,,,,,,,,,,,,,,,
observed_main,mmke-entity,blip2-opt-2.7b,norm,1,0.44654088050314467,True,0,,21,65.86,65.86,57.71,57.71,57.63,57.63,57.62,57.62,100.0,100.0,56.32,56.32,0,65.86,57.71,57.63,57.62,100.0,56.32
observed_main,mmke-entity,blip2-opt-2.7b,norm,3,0.44654088050314467,True,"0,1,2",,21,72.504,69.89466666666667,57.94,57.82,57.91,57.79,57.96,57.81,100.0,100.0,88.71,76.05,1,72.504,57.94,57.91,57.96,100.0,88.71
observed_main,mmke-entity,blip2-opt-2.7b,abs_cos_norm,1,0.44654088050314467,True,0,,21,65.86,65.86,57.71,57.71,57.63,57.63,57.62,57.62,100.0,100.0,56.32,56.32,0,65.86,57.71,57.63,57.62,100.0,56.32
observed_main,mmke-entity,blip2-opt-2.7b,abs_cos_norm,3,0.44654088050314467,True,"0,1,2",,21,72.504,69.89466666666667,57.94,57.82,57.91,57.79,57.96,57.81,100.0,100.0,88.71,76.05,1,72.504,57.94,57.91,57.96,100.0,88.71
observed_main,mmke-entity,blip2-opt-2.7b,one_minus_cos_norm,1,0.44654088050314467,True,0,,21,65.86,65.86,57.71,57.71,57.63,57.63,57.62,57.62,100.0,100.0,56.32,56.32,0,65.86,57.71,57.63,57.62,100.0,56.32
observed_main,mmke-entity,blip2-opt-2.7b,one_minus_cos_norm,3,0.44654088050314467,True,"0,1,2",,21,72.504,69.89466666666667,57.94,57.82,57.91,57.79,57.96,57.81,100.0,100.0,88.71,76.05,1,72.504,57.94,57.91,57.96,100.0,88.71
observed_main,mmke-entity,blip2-opt-2.7b,signed_cos_norm,1,0.44654088050314467,True,0,,21,65.86,65.86,57.71,57.71,57.63,57.63,57.62,57.62,100.0,100.0,56.32,56.32,0,65.86,57.71,57.63,57.62,100.0,56.32
observed_main,mmke-entity,blip2-opt-2.7b,signed_cos_norm,3,0.44654088050314467,True,"0,1,2",,21,72.504,69.89466666666667,57.94,57.82,57.91,57.79,57.96,57.81,100.0,100.0,88.71,76.05,1,72.504,57.94,57.91,57.96,100.0,88.71
observed_main,mmke-entity,blip2-opt-2.7b,cos,1,0.44654088050314467,True,0,,21,65.86,65.86,57.71,57.71,57.63,57.63,57.62,57.62,100.0,100.0,56.32,56.32,0,65.86,57.71,57.63,57.62,100.0,56.32
observed_main,mmke-entity,blip2-opt-2.7b,cos,3,0.44654088050314467,True,"0,1,2",,21,72.504,69.89466666666667,57.94,57.82,57.91,57.79,57.96,57.81,100.0,100.0,88.71,76.05,1,72.504,57.94,57.91,57.96,100.0,88.71
observed_main,mmke-entity,blip2-opt-2.7b,dot,1,0.44654088050314467,True,29,,21,70.92,70.92,52.75,52.75,52.77,52.77,52.67,52.67,100.0,100.0,96.4,96.4,29,70.92,52.75,52.77,52.67,100.0,96.4
observed_main,mmke-entity,blip2-opt-2.7b,dot,3,0.44654088050314467,False,"29,30,28",28,21,,,,,,,,,,,,,,,,,,,
observed_main,mmke-entity,blip2-opt-2.7b,depth2_norm,1,0.44654088050314467,True,25,,21,70.76,70.76,52.23,52.23,52.3,52.3,52.3,52.3,100.0,100.0,96.99,96.99,25,70.76,52.23,52.3,52.3,100.0,96.99
observed_main,mmke-entity,blip2-opt-2.7b,depth2_norm,3,0.44654088050314467,True,"25,26,24",,21,70.8,70.49000000000001,52.23,52.07333333333333,52.33,52.133333333333326,52.3,52.03666666666667,100.0,100.0,97.45,96.21333333333332,24,70.8,52.18,52.33,52.03,100.0,97.45
observed_main,mmke-entity,blip2-opt-2.7b,negative_cos_norm,1,0.44654088050314467,True,16,,21,69.45,69.45,51.01,51.01,50.98,50.98,50.99,50.99,100.0,100.0,94.25,94.25,16,69.45,51.01,50.98,50.99,100.0,94.25
observed_main,mmke-entity,blip2-opt-2.7b,negative_cos_norm,3,0.44654088050314467,True,"16,17,18",,21,70.26,69.94333333333334,51.25,51.07666666666666,51.31,51.099999999999994,51.27,51.07333333333333,100.0,100.0,97.64,96.45666666666666,17,70.26,51.25,51.31,51.27,100.0,97.48
observed_main,mmke-entity,instructblip-vicuna-7b,norm,1,1.0,True,1,,22,69.18,69.18,48.72,48.72,48.85,48.85,48.71,48.71,100.0,100.0,99.61,99.61,1,69.18,48.72,48.85,48.71,100.0,99.61
observed_main,mmke-entity,instructblip-vicuna-7b,norm,3,1.0,True,"1,0,3",,22,69.18,62.50666666666667,48.72,38.18,48.85,38.11333333333334,48.74,38.17666666666667,100.0,100.0,99.61,98.06,1,69.18,48.72,48.85,48.71,100.0,99.61
observed_main,mmke-entity,instructblip-vicuna-7b,abs_cos_norm,1,1.0,True,1,,22,69.18,69.18,48.72,48.72,48.85,48.85,48.71,48.71,100.0,100.0,99.61,99.61,1,69.18,48.72,48.85,48.71,100.0,99.61
observed_main,mmke-entity,instructblip-vicuna-7b,abs_cos_norm,3,1.0,True,"1,0,3",,22,69.18,62.50666666666667,48.72,38.18,48.85,38.11333333333334,48.74,38.17666666666667,100.0,100.0,99.61,98.06,1,69.18,48.72,48.85,48.71,100.0,99.61
observed_main,mmke-entity,instructblip-vicuna-7b,one_minus_cos_norm,1,1.0,True,3,,22,50.02,50.02,17.12,17.12,16.72,16.72,17.08,17.08,100.0,100.0,99.19,99.19,3,50.02,17.12,16.72,17.08,100.0,99.19
observed_main,mmke-entity,instructblip-vicuna-7b,one_minus_cos_norm,3,1.0,True,"3,4,5",,22,50.02,49.03666666666667,17.12,15.393333333333336,16.72,14.899999999999999,17.08,15.323333333333332,100.0,100.0,99.82,99.57666666666667,3,50.02,17.12,16.72,17.08,100.0,99.19
observed_main,mmke-entity,instructblip-vicuna-7b,signed_cos_norm,1,1.0,True,1,,22,69.18,69.18,48.72,48.72,48.85,48.85,48.71,48.71,100.0,100.0,99.61,99.61,1,69.18,48.72,48.85,48.71,100.0,99.61
observed_main,mmke-entity,instructblip-vicuna-7b,signed_cos_norm,3,1.0,True,"1,0,3",,22,69.18,62.50666666666667,48.72,38.18,48.85,38.11333333333334,48.74,38.17666666666667,100.0,100.0,99.61,98.06,1,69.18,48.72,48.85,48.71,100.0,99.61
observed_main,mmke-entity,instructblip-vicuna-7b,cos,1,1.0,True,29,,22,46.7,46.7,11.66,11.66,10.67,10.67,11.61,11.61,100.0,100.0,99.58,99.58,29,46.7,11.66,10.67,11.61,100.0,99.58
observed_main,mmke-entity,instructblip-vicuna-7b,cos,3,1.0,True,"29,30,27",,22,46.94,46.70666666666667,12.24,11.716666666666667,11.65,10.87,12.2,11.63,100.0,100.0,99.8,99.33666666666666,27,46.94,12.24,11.65,12.2,100.0,98.63
observed_main,mmke-entity,instructblip-vicuna-7b,dot,1,1.0,True,1,,22,69.18,69.18,48.72,48.72,48.85,48.85,48.71,48.71,100.0,100.0,99.61,99.61,1,69.18,48.72,48.85,48.71,100.0,99.61
observed_main,mmke-entity,instructblip-vicuna-7b,dot,3,1.0,True,"1,0,3",,22,69.18,62.50666666666667,48.72,38.18,48.85,38.11333333333334,48.74,38.17666666666667,100.0,100.0,99.61,98.06,1,69.18,48.72,48.85,48.71,100.0,99.61
observed_main,mmke-entity,instructblip-vicuna-7b,depth2_norm,1,1.0,True,27,,22,46.94,46.94,12.24,12.24,11.65,11.65,12.2,12.2,100.0,100.0,98.63,98.63,27,46.94,12.24,11.65,12.2,100.0,98.63
observed_main,mmke-entity,instructblip-vicuna-7b,depth2_norm,3,1.0,True,"27,26,25",,22,47.58,47.34666666666667,13.1,12.756666666666668,12.44,12.146666666666667,13.08,12.723333333333334,100.0,100.0,99.42,99.10666666666667,25,47.58,13.1,12.44,13.08,100.0,99.27
observed_main,mmke-entity,instructblip-vicuna-7b,negative_cos_norm,1,1.0,False,,,22,,,,,,,,,,,,,,,,,,,
observed_main,mmke-entity,instructblip-vicuna-7b,negative_cos_norm,3,1.0,False,,,22,,,,,,,,,,,,,,,,,,,
observed_main,mmke-entity,minigpt-4-vicuna-7b,norm,1,1.0,True,0,,17,75.336,75.336,59.3,59.3,59.23,59.23,59.19,59.19,100.0,100.0,98.96,98.96,0,75.336,59.3,59.23,59.19,100.0,98.96
observed_main,mmke-entity,minigpt-4-vicuna-7b,norm,3,1.0,True,"0,1,2",,17,75.55,75.34933333333333,59.89,59.5,59.84,59.44,59.78,59.41,100.0,100.0,98.96,98.39666666666666,2,75.55,59.89,59.84,59.78,100.0,98.24
observed_main,mmke-entity,minigpt-4-vicuna-7b,abs_cos_norm,1,1.0,True,27,,17,75.824,75.824,60.48,60.48,60.61,60.61,60.44,60.44,100.0,100.0,97.59,97.59,27,75.824,60.48,60.61,60.44,100.0,97.59
observed_main,mmke-entity,minigpt-4-vicuna-7b,abs_cos_norm,3,1.0,True,"27,28,26",,17,76.04,75.79466666666667,60.66,60.28333333333333,60.69,60.39666666666667,60.67,60.23666666666667,100.0,100.0,98.4,98.06333333333335,28,76.04,60.66,60.69,60.67,100.0,98.2
observed_main,mmke-entity,minigpt-4-vicuna-7b,one_minus_cos_norm,1,1.0,True,0,,17,75.336,75.336,59.3,59.3,59.23,59.23,59.19,59.19,100.0,100.0,98.96,98.96,0,75.336,59.3,59.23,59.19,100.0,98.96
observed_main,mmke-entity,minigpt-4-vicuna-7b,one_minus_cos_norm,3,1.0,True,"0,1,2",,17,75.55,75.34933333333333,59.89,59.5,59.84,59.44,59.78,59.41,100.0,100.0,98.96,98.39666666666666,2,75.55,59.89,59.84,59.78,100.0,98.24
observed_main,mmke-entity,minigpt-4-vicuna-7b,signed_cos_norm,1,1.0,True,0,,17,75.336,75.336,59.3,59.3,59.23,59.23,59.19,59.19,100.0,100.0,98.96,98.96,0,75.336,59.3,59.23,59.19,100.0,98.96
observed_main,mmke-entity,minigpt-4-vicuna-7b,signed_cos_norm,3,1.0,False,"0,1,30",30,17,,,,,,,,,,,,,,,,,,,
observed_main,mmke-entity,minigpt-4-vicuna-7b,cos,1,1.0,True,0,,17,75.336,75.336,59.3,59.3,59.23,59.23,59.19,59.19,100.0,100.0,98.96,98.96,0,75.336,59.3,59.23,59.19,100.0,98.96
observed_main,mmke-entity,minigpt-4-vicuna-7b,cos,3,1.0,True,"0,1,2",,17,75.55,75.34933333333333,59.89,59.5,59.84,59.44,59.78,59.41,100.0,100.0,98.96,98.39666666666666,2,75.55,59.89,59.84,59.78,100.0,98.24
observed_main,mmke-entity,minigpt-4-vicuna-7b,dot,1,1.0,False,30,30,17,,,,,,,,,,,,,,,,,,,
observed_main,mmke-entity,minigpt-4-vicuna-7b,dot,3,1.0,False,"30,29,28","30,29",17,,,,,,,,,,,,,,,,,,,
observed_main,mmke-entity,minigpt-4-vicuna-7b,depth2_norm,1,1.0,True,27,,17,75.824,75.824,60.48,60.48,60.61,60.61,60.44,60.44,100.0,100.0,97.59,97.59,27,75.824,60.48,60.61,60.44,100.0,97.59
observed_main,mmke-entity,minigpt-4-vicuna-7b,depth2_norm,3,1.0,True,"27,26,28",,17,76.04,75.79466666666667,60.66,60.28333333333333,60.69,60.39666666666667,60.67,60.23666666666666,100.0,100.0,98.4,98.06333333333333,28,76.04,60.66,60.69,60.67,100.0,98.2
observed_main,mmke-entity,minigpt-4-vicuna-7b,negative_cos_norm,1,1.0,True,27,,17,75.824,75.824,60.48,60.48,60.61,60.61,60.44,60.44,100.0,100.0,97.59,97.59,27,75.824,60.48,60.61,60.44,100.0,97.59
observed_main,mmke-entity,minigpt-4-vicuna-7b,negative_cos_norm,3,1.0,True,"27,28,26",,17,76.04,75.79466666666667,60.66,60.28333333333333,60.69,60.39666666666667,60.67,60.23666666666667,100.0,100.0,98.4,98.06333333333335,28,76.04,60.66,60.69,60.67,100.0,98.2
observed_main,mmke-entity,llava-v1.5-7b,norm,1,1.0,False,0,0,9,,,,,,,,,,,,,,,,,,,
observed_main,mmke-entity,llava-v1.5-7b,norm,3,1.0,False,"0,1,6","0,1,6",9,,,,,,,,,,,,,,,,,,,
observed_main,mmke-entity,llava-v1.5-7b,abs_cos_norm,1,1.0,False,13,13,9,,,,,,,,,,,,,,,,,,,
observed_main,mmke-entity,llava-v1.5-7b,abs_cos_norm,3,1.0,False,"13,11,12","13,11,12",9,,,,,,,,,,,,,,,,,,,
observed_main,mmke-entity,llava-v1.5-7b,one_minus_cos_norm,1,1.0,False,0,0,9,,,,,,,,,,,,,,,,,,,
observed_main,mmke-entity,llava-v1.5-7b,one_minus_cos_norm,3,1.0,False,"0,1,6","0,1,6",9,,,,,,,,,,,,,,,,,,,
observed_main,mmke-entity,llava-v1.5-7b,signed_cos_norm,1,1.0,False,0,0,9,,,,,,,,,,,,,,,,,,,
observed_main,mmke-entity,llava-v1.5-7b,signed_cos_norm,3,1.0,False,"0,1,20","0,1,20",9,,,,,,,,,,,,,,,,,,,
observed_main,mmke-entity,llava-v1.5-7b,cos,1,1.0,False,0,0,9,,,,,,,,,,,,,,,,,,,
observed_main,mmke-entity,llava-v1.5-7b,cos,3,1.0,False,"0,21,20","0,21,20",9,,,,,,,,,,,,,,,,,,,
observed_main,mmke-entity,llava-v1.5-7b,dot,1,1.0,False,29,29,9,,,,,,,,,,,,,,,,,,,
observed_main,mmke-entity,llava-v1.5-7b,dot,3,1.0,False,"29,21,30","29,21,30",9,,,,,,,,,,,,,,,,,,,
observed_main,mmke-entity,llava-v1.5-7b,depth2_norm,1,1.0,False,18,18,9,,,,,,,,,,,,,,,,,,,
observed_main,mmke-entity,llava-v1.5-7b,depth2_norm,3,1.0,False,"18,15,13","18,13",9,,,,,,,,,,,,,,,,,,,
observed_main,mmke-entity,llava-v1.5-7b,negative_cos_norm,1,1.0,False,13,13,9,,,,,,,,,,,,,,,,,,,
observed_main,mmke-entity,llava-v1.5-7b,negative_cos_norm,3,1.0,False,"13,11,12","13,11,12",9,,,,,,,,,,,,,,,,,,,
observed_main,mmke-entity,qwen2.5-vl-3b,norm,1,1.0,True,0,,18,72.22,72.22,54.78,54.78,54.49,54.49,54.88,54.88,100.0,100.0,96.93,96.93,0,72.22,54.78,54.49,54.88,100.0,96.93
observed_main,mmke-entity,qwen2.5-vl-3b,norm,3,1.0,True,"0,1,2",,18,72.28,72.18,54.88,54.78333333333333,54.78,54.620000000000005,54.96,54.89666666666667,100.0,100.0,97.25,96.58333333333333,1,72.28,54.69,54.59,54.85,100.0,97.25
observed_main,mmke-entity,qwen2.5-vl-3b,abs_cos_norm,1,1.0,True,0,,18,72.22,72.22,54.78,54.78,54.49,54.49,54.88,54.88,100.0,100.0,96.93,96.93,0,72.22,54.78,54.49,54.88,100.0,96.93
observed_main,mmke-entity,qwen2.5-vl-3b,abs_cos_norm,3,1.0,True,"0,1,2",,18,72.28,72.18,54.88,54.78333333333333,54.78,54.620000000000005,54.96,54.89666666666667,100.0,100.0,97.25,96.58333333333333,1,72.28,54.69,54.59,54.85,100.0,97.25
observed_main,mmke-entity,qwen2.5-vl-3b,one_minus_cos_norm,1,1.0,True,0,,18,72.22,72.22,54.78,54.78,54.49,54.49,54.88,54.88,100.0,100.0,96.93,96.93,0,72.22,54.78,54.49,54.88,100.0,96.93
observed_main,mmke-entity,qwen2.5-vl-3b,one_minus_cos_norm,3,1.0,True,"0,1,2",,18,72.28,72.18,54.88,54.78333333333333,54.78,54.620000000000005,54.96,54.89666666666667,100.0,100.0,97.25,96.58333333333333,1,72.28,54.69,54.59,54.85,100.0,97.25
observed_main,mmke-entity,qwen2.5-vl-3b,signed_cos_norm,1,1.0,True,0,,18,72.22,72.22,54.78,54.78,54.49,54.49,54.88,54.88,100.0,100.0,96.93,96.93,0,72.22,54.78,54.49,54.88,100.0,96.93
observed_main,mmke-entity,qwen2.5-vl-3b,signed_cos_norm,3,1.0,True,"0,1,2",,18,72.28,72.18,54.88,54.78333333333333,54.78,54.620000000000005,54.96,54.89666666666667,100.0,100.0,97.25,96.58333333333333,1,72.28,54.69,54.59,54.85,100.0,97.25
observed_main,mmke-entity,qwen2.5-vl-3b,cos,1,1.0,False,12,12,18,,,,,,,,,,,,,,,,,,,
observed_main,mmke-entity,qwen2.5-vl-3b,cos,3,1.0,False,"12,11,10","12,11,10",18,,,,,,,,,,,,,,,,,,,
observed_main,mmke-entity,qwen2.5-vl-3b,dot,1,1.0,True,0,,18,72.22,72.22,54.78,54.78,54.49,54.49,54.88,54.88,100.0,100.0,96.93,96.93,0,72.22,54.78,54.49,54.88,100.0,96.93
observed_main,mmke-entity,qwen2.5-vl-3b,dot,3,1.0,True,"0,1,2",,18,72.28,72.18,54.88,54.78333333333333,54.78,54.620000000000005,54.96,54.89666666666667,100.0,100.0,97.25,96.58333333333333,1,72.28,54.69,54.59,54.85,100.0,97.25
observed_main,mmke-entity,qwen2.5-vl-3b,depth2_norm,1,1.0,True,22,,18,71.3,71.3,53.59,53.59,53.36,53.36,53.53,53.53,100.0,100.0,96.0,96.0,22,71.3,53.59,53.36,53.53,100.0,96.0
observed_main,mmke-entity,qwen2.5-vl-3b,depth2_norm,3,1.0,True,"22,20,21",,18,71.3,71.05666666666666,53.59,53.160000000000004,53.36,52.96333333333333,53.53,53.17666666666667,100.0,100.0,96.3,95.97333333333334,22,71.3,53.59,53.36,53.53,100.0,96.0
observed_main,mmke-entity,qwen2.5-vl-3b,negative_cos_norm,1,1.0,False,,,18,,,,,,,,,,,,,,,,,,,
observed_main,mmke-entity,qwen2.5-vl-3b,negative_cos_norm,3,1.0,False,,,18,,,,,,,,,,,,,,,,,,,
observed_main,mmke-entity,paligemma-3b,norm,1,1.0,True,5,,16,90.81,90.81,88.46,88.46,88.47,88.47,88.73,88.73,100.0,100.0,88.39,88.39,5,90.81,88.46,88.47,88.73,100.0,88.39
observed_main,mmke-entity,paligemma-3b,norm,3,1.0,True,"5,4,3",,16,96.136,93.30533333333334,96.56,92.17999999999999,96.55,92.17,96.83,92.5,100.0,100.0,90.74,89.67333333333333,4,96.136,96.56,96.55,96.83,100.0,90.74
observed_main,mmke-entity,paligemma-3b,abs_cos_norm,1,1.0,True,5,,16,90.81,90.81,88.46,88.46,88.47,88.47,88.73,88.73,100.0,100.0,88.39,88.39,5,90.81,88.46,88.47,88.73,100.0,88.39
observed_main,mmke-entity,paligemma-3b,abs_cos_norm,3,1.0,True,"5,4,3",,16,96.136,93.30533333333334,96.56,92.17999999999999,96.55,92.17,96.83,92.5,100.0,100.0,90.74,89.67333333333333,4,96.136,96.56,96.55,96.83,100.0,90.74
observed_main,mmke-entity,paligemma-3b,one_minus_cos_norm,1,1.0,True,4,,16,96.136,96.136,96.56,96.56,96.55,96.55,96.83,96.83,100.0,100.0,90.74,90.74,4,96.136,96.56,96.55,96.83,100.0,90.74
observed_main,mmke-entity,paligemma-3b,one_minus_cos_norm,3,1.0,True,"4,5,3",,16,96.136,93.30533333333334,96.56,92.17999999999999,96.55,92.17,96.83,92.5,100.0,100.0,90.74,89.67333333333333,4,96.136,96.56,96.55,96.83,100.0,90.74
observed_main,mmke-entity,paligemma-3b,signed_cos_norm,1,1.0,True,5,,16,90.81,90.81,88.46,88.46,88.47,88.47,88.73,88.73,100.0,100.0,88.39,88.39,5,90.81,88.46,88.47,88.73,100.0,88.39
observed_main,mmke-entity,paligemma-3b,signed_cos_norm,3,1.0,True,"5,4,3",,16,96.136,93.30533333333334,96.56,92.17999999999999,96.55,92.17,96.83,92.5,100.0,100.0,90.74,89.67333333333333,4,96.136,96.56,96.55,96.83,100.0,90.74
observed_main,mmke-entity,paligemma-3b,cos,1,1.0,True,5,,16,90.81,90.81,88.46,88.46,88.47,88.47,88.73,88.73,100.0,100.0,88.39,88.39,5,90.81,88.46,88.47,88.73,100.0,88.39
observed_main,mmke-entity,paligemma-3b,cos,3,1.0,True,"5,4,16",,16,96.136,77.99533333333333,96.56,65.81666666666666,96.55,65.74333333333333,96.83,65.99,100.0,100.0,98.17,92.43333333333334,4,96.136,96.56,96.55,96.83,100.0,90.74
observed_main,mmke-entity,paligemma-3b,dot,1,1.0,True,5,,16,90.81,90.81,88.46,88.46,88.47,88.47,88.73,88.73,100.0,100.0,88.39,88.39,5,90.81,88.46,88.47,88.73,100.0,88.39
observed_main,mmke-entity,paligemma-3b,dot,3,1.0,True,"5,4,3",,16,96.136,93.30533333333334,96.56,92.17999999999999,96.55,92.17,96.83,92.5,100.0,100.0,90.74,89.67333333333333,4,96.136,96.56,96.55,96.83,100.0,90.74
observed_main,mmke-entity,paligemma-3b,depth2_norm,1,1.0,True,7,,16,90.12,90.12,84.71,84.71,84.65,84.65,84.72,84.72,100.0,100.0,96.53,96.53,7,90.12,84.71,84.65,84.72,100.0,96.53
observed_main,mmke-entity,paligemma-3b,depth2_norm,3,1.0,True,"7,5,8",,16,96.3,92.41000000000001,95.94,89.70333333333333,95.81,89.64333333333333,96.0,89.81666666666666,100.0,100.0,96.53,92.88333333333334,8,96.3,95.94,95.81,96.0,100.0,93.73
observed_main,mmke-entity,paligemma-3b,negative_cos_norm,1,1.0,False,,,16,,,,,,,,,,,,,,,,,,,
observed_main,mmke-entity,paligemma-3b,negative_cos_norm,3,1.0,False,,,16,,,,,,,,,,,,,,,,,,,
observed_main,mmke-entity,smolvlm-1.7b,norm,1,1.0,True,0,,15,70.47,70.47,51.76,51.76,51.75,51.75,51.71,51.71,100.0,100.0,97.11,97.11,0,70.47,51.76,51.75,51.71,100.0,97.11
observed_main,mmke-entity,smolvlm-1.7b,norm,3,1.0,True,"0,1,2",,15,71.12,70.88,52.8,52.379999999999995,52.79,52.346666666666664,52.69,52.346666666666664,100.0,100.0,97.52,97.31,2,71.12,52.8,52.79,52.69,100.0,97.3
observed_main,mmke-entity,smolvlm-1.7b,abs_cos_norm,1,1.0,True,0,,15,70.47,70.47,51.76,51.76,51.75,51.75,51.71,51.71,100.0,100.0,97.11,97.11,0,70.47,51.76,51.75,51.71,100.0,97.11
observed_main,mmke-entity,smolvlm-1.7b,abs_cos_norm,3,1.0,True,"0,1,2",,15,71.12,70.88,52.8,52.379999999999995,52.79,52.346666666666664,52.69,52.346666666666664,100.0,100.0,97.52,97.31,2,71.12,52.8,52.79,52.69,100.0,97.3
observed_main,mmke-entity,smolvlm-1.7b,one_minus_cos_norm,1,1.0,True,0,,15,70.47,70.47,51.76,51.76,51.75,51.75,51.71,51.71,100.0,100.0,97.11,97.11,0,70.47,51.76,51.75,51.71,100.0,97.11
observed_main,mmke-entity,smolvlm-1.7b,one_minus_cos_norm,3,1.0,True,"0,1,2",,15,71.12,70.88,52.8,52.379999999999995,52.79,52.346666666666664,52.69,52.346666666666664,100.0,100.0,97.52,97.31,2,71.12,52.8,52.79,52.69,100.0,97.3
observed_main,mmke-entity,smolvlm-1.7b,signed_cos_norm,1,1.0,True,0,,15,70.47,70.47,51.76,51.76,51.75,51.75,51.71,51.71,100.0,100.0,97.11,97.11,0,70.47,51.76,51.75,51.71,100.0,97.11
observed_main,mmke-entity,smolvlm-1.7b,signed_cos_norm,3,1.0,True,"0,1,2",,15,71.12,70.88,52.8,52.379999999999995,52.79,52.346666666666664,52.69,52.346666666666664,100.0,100.0,97.52,97.31,2,71.12,52.8,52.79,52.69,100.0,97.3
observed_main,mmke-entity,smolvlm-1.7b,cos,1,1.0,True,6,,15,70.49,70.49,51.98,51.98,51.99,51.99,52.03,52.03,100.0,100.0,96.46,96.46,6,70.49,51.98,51.99,52.03,100.0,96.46
observed_main,mmke-entity,smolvlm-1.7b,cos,3,1.0,False,"6,7,5",5,15,,,,,,,,,,,,,,,,,,,
observed_main,mmke-entity,smolvlm-1.7b,dot,1,1.0,True,0,,15,70.47,70.47,51.76,51.76,51.75,51.75,51.71,51.71,100.0,100.0,97.11,97.11,0,70.47,51.76,51.75,51.71,100.0,97.11
observed_main,mmke-entity,smolvlm-1.7b,dot,3,1.0,True,"0,1,2",,15,71.12,70.88,52.8,52.379999999999995,52.79,52.346666666666664,52.69,52.346666666666664,100.0,100.0,97.52,97.31,2,71.12,52.8,52.79,52.69,100.0,97.3
observed_main,mmke-entity,smolvlm-1.7b,depth2_norm,1,1.0,True,11,,15,69.55,69.55,50.22,50.22,50.39,50.39,50.18,50.18,100.0,100.0,96.97,96.97,11,69.55,50.22,50.39,50.18,100.0,96.97
observed_main,mmke-entity,smolvlm-1.7b,depth2_norm,3,1.0,True,"11,10,9",,15,70.62,70.20333333333333,52.21,51.43000000000001,52.14,51.49,52.14,51.38999999999999,100.0,100.0,96.97,96.70333333333333,10,70.62,52.21,52.14,52.14,100.0,96.59
observed_main,mmke-entity,smolvlm-1.7b,negative_cos_norm,1,1.0,False,,,15,,,,,,,,,,,,,,,,,,,
observed_main,mmke-entity,smolvlm-1.7b,negative_cos_norm,3,1.0,False,,,15,,,,,,,,,,,,,,,,,,,
frozen_clean,evqa-pilot500,blip2-opt-2.7b,norm,1,0.93,True,0,,20,58.16,58.16,44.15,44.15,40.43,40.43,40.29,40.29,100.0,100.0,65.95,65.95,0,58.16,44.15,40.43,40.29,100.0,65.95
frozen_clean,evqa-pilot500,blip2-opt-2.7b,norm,3,0.93,True,"0,1,2",,20,58.506,55.59799999999999,46.63,41.25666666666667,42.52,37.21333333333333,44.03,38.25666666666667,100.0,100.0,65.95,61.27,1,58.506,46.63,42.52,44.03,100.0,59.35
frozen_clean,evqa-pilot500,blip2-opt-2.7b,abs_cos_norm,1,0.93,True,0,,20,58.16,58.16,44.15,44.15,40.43,40.43,40.29,40.29,100.0,100.0,65.95,65.95,0,58.16,44.15,40.43,40.29,100.0,65.95
frozen_clean,evqa-pilot500,blip2-opt-2.7b,abs_cos_norm,3,0.93,True,"0,1,2",,20,58.506,55.59799999999999,46.63,41.25666666666667,42.52,37.21333333333333,44.03,38.25666666666667,100.0,100.0,65.95,61.27,1,58.506,46.63,42.52,44.03,100.0,59.35
frozen_clean,evqa-pilot500,blip2-opt-2.7b,one_minus_cos_norm,1,0.93,True,0,,20,58.16,58.16,44.15,44.15,40.43,40.43,40.29,40.29,100.0,100.0,65.95,65.95,0,58.16,44.15,40.43,40.29,100.0,65.95
frozen_clean,evqa-pilot500,blip2-opt-2.7b,one_minus_cos_norm,3,0.93,True,"0,1,2",,20,58.506,55.59799999999999,46.63,41.25666666666667,42.52,37.21333333333333,44.03,38.25666666666667,100.0,100.0,65.95,61.27,1,58.506,46.63,42.52,44.03,100.0,59.35
frozen_clean,evqa-pilot500,blip2-opt-2.7b,signed_cos_norm,1,0.93,True,0,,20,58.16,58.16,44.15,44.15,40.43,40.43,40.29,40.29,100.0,100.0,65.95,65.95,0,58.16,44.15,40.43,40.29,100.0,65.95
frozen_clean,evqa-pilot500,blip2-opt-2.7b,signed_cos_norm,3,0.93,True,"0,1,2",,20,58.506,55.59799999999999,46.63,41.25666666666667,42.52,37.21333333333333,44.03,38.25666666666667,100.0,100.0,65.95,61.27,1,58.506,46.63,42.52,44.03,100.0,59.35
frozen_clean,evqa-pilot500,blip2-opt-2.7b,cos,1,0.93,True,0,,20,58.16,58.16,44.15,44.15,40.43,40.43,40.29,40.29,100.0,100.0,65.95,65.95,0,58.16,44.15,40.43,40.29,100.0,65.95
frozen_clean,evqa-pilot500,blip2-opt-2.7b,cos,3,0.93,True,"0,1,2",,20,58.506,55.59799999999999,46.63,41.25666666666667,42.52,37.21333333333333,44.03,38.25666666666667,100.0,100.0,65.95,61.27,1,58.506,46.63,42.52,44.03,100.0,59.35
frozen_clean,evqa-pilot500,blip2-opt-2.7b,dot,1,0.93,True,0,,20,58.16,58.16,44.15,44.15,40.43,40.43,40.29,40.29,100.0,100.0,65.95,65.95,0,58.16,44.15,40.43,40.29,100.0,65.95
frozen_clean,evqa-pilot500,blip2-opt-2.7b,dot,3,0.93,True,"0,1,2",,20,58.506,55.59799999999999,46.63,41.25666666666667,42.52,37.21333333333333,44.03,38.25666666666667,100.0,100.0,65.95,61.27,1,58.506,46.63,42.52,44.03,100.0,59.35
frozen_clean,evqa-pilot500,blip2-opt-2.7b,depth2_norm,1,0.93,True,17,,20,75.6,75.6,66.89,66.89,63.79,63.79,65.36,65.36,100.0,100.0,81.94,81.94,17,75.6,66.89,63.79,65.36,100.0,81.94
frozen_clean,evqa-pilot500,blip2-opt-2.7b,depth2_norm,3,0.93,True,"17,18,16",,20,75.6,73.86666666666667,66.89,64.62333333333333,63.79,61.21333333333333,65.36,62.96666666666667,100.0,100.0,81.94,80.51666666666667,17,75.6,66.89,63.79,65.36,100.0,81.94
frozen_clean,evqa-pilot500,blip2-opt-2.7b,negative_cos_norm,1,0.93,False,,,20,,,,,,,,,,,,,,,,,,,
frozen_clean,evqa-pilot500,blip2-opt-2.7b,negative_cos_norm,3,0.93,False,,,20,,,,,,,,,,,,,,,,,,,
frozen_clean,evqa-pilot500,instructblip-vicuna-7b,norm,1,1.0,True,1,,11,54.47,54.47,42.0,42.0,40.44,40.44,37.89,37.89,100.0,100.0,52.02,52.02,1,54.47,42.0,40.44,37.89,100.0,52.02
frozen_clean,evqa-pilot500,instructblip-vicuna-7b,norm,3,1.0,False,"1,0,9",9,11,,,,,,,,,,,,,,,,,,,
frozen_clean,evqa-pilot500,instructblip-vicuna-7b,abs_cos_norm,1,1.0,True,1,,11,54.47,54.47,42.0,42.0,40.44,40.44,37.89,37.89,100.0,100.0,52.02,52.02,1,54.47,42.0,40.44,37.89,100.0,52.02
frozen_clean,evqa-pilot500,instructblip-vicuna-7b,abs_cos_norm,3,1.0,True,"1,0,11",,11,54.47,51.98666666666666,42.0,36.23666666666667,40.44,35.18,37.89,32.97,100.0,100.0,62.1,55.546666666666674,1,54.47,42.0,40.44,37.89,100.0,52.02
frozen_clean,evqa-pilot500,instructblip-vicuna-7b,one_minus_cos_norm,1,1.0,True,1,,11,54.47,54.47,42.0,42.0,40.44,40.44,37.89,37.89,100.0,100.0,52.02,52.02,1,54.47,42.0,40.44,37.89,100.0,52.02
frozen_clean,evqa-pilot500,instructblip-vicuna-7b,one_minus_cos_norm,3,1.0,False,"1,0,9",9,11,,,,,,,,,,,,,,,,,,,
frozen_clean,evqa-pilot500,instructblip-vicuna-7b,signed_cos_norm,1,1.0,True,1,,11,54.47,54.47,42.0,42.0,40.44,40.44,37.89,37.89,100.0,100.0,52.02,52.02,1,54.47,42.0,40.44,37.89,100.0,52.02
frozen_clean,evqa-pilot500,instructblip-vicuna-7b,signed_cos_norm,3,1.0,True,"1,0,11",,11,54.47,51.98666666666666,42.0,36.23666666666667,40.44,35.18,37.89,32.97,100.0,100.0,62.1,55.546666666666674,1,54.47,42.0,40.44,37.89,100.0,52.02
frozen_clean,evqa-pilot500,instructblip-vicuna-7b,cos,1,1.0,True,1,,11,54.47,54.47,42.0,42.0,40.44,40.44,37.89,37.89,100.0,100.0,52.02,52.02,1,54.47,42.0,40.44,37.89,100.0,52.02
frozen_clean,evqa-pilot500,instructblip-vicuna-7b,cos,3,1.0,False,"1,0,17",17,11,,,,,,,,,,,,,,,,,,,
frozen_clean,evqa-pilot500,instructblip-vicuna-7b,dot,1,1.0,True,1,,11,54.47,54.47,42.0,42.0,40.44,40.44,37.89,37.89,100.0,100.0,52.02,52.02,1,54.47,42.0,40.44,37.89,100.0,52.02
frozen_clean,evqa-pilot500,instructblip-vicuna-7b,dot,3,1.0,True,"1,0,11",,11,54.47,51.98666666666666,42.0,36.23666666666667,40.44,35.18,37.89,32.97,100.0,100.0,62.1,55.546666666666674,1,54.47,42.0,40.44,37.89,100.0,52.02
frozen_clean,evqa-pilot500,instructblip-vicuna-7b,depth2_norm,1,1.0,False,21,21,11,,,,,,,,,,,,,,,,,,,
frozen_clean,evqa-pilot500,instructblip-vicuna-7b,depth2_norm,3,1.0,False,"21,22,20","21,22,20",11,,,,,,,,,,,,,,,,,,,
frozen_clean,evqa-pilot500,instructblip-vicuna-7b,negative_cos_norm,1,1.0,False,,,11,,,,,,,,,,,,,,,,,,,
frozen_clean,evqa-pilot500,instructblip-vicuna-7b,negative_cos_norm,3,1.0,False,,,11,,,,,,,,,,,,,,,,,,,
frozen_clean,evqa-pilot500,minigpt-4-vicuna-7b,norm,1,0.998,True,0,,21,57.83,57.83,41.06,41.06,36.9,36.9,38.31,38.31,100.0,100.0,72.88,72.88,0,57.83,41.06,36.9,38.31,100.0,72.88
frozen_clean,evqa-pilot500,minigpt-4-vicuna-7b,norm,3,0.998,True,"0,1,2",,21,71.104,64.14333333333333,61.31,50.53,58.27,46.82333333333333,59.27,47.903333333333336,100.0,100.0,76.83,75.46,1,71.104,61.31,58.27,59.27,100.0,76.67
frozen_clean,evqa-pilot500,minigpt-4-vicuna-7b,abs_cos_norm,1,0.998,True,18,,21,59.56,59.56,40.16,40.16,37.37,37.37,38.18,38.18,100.0,100.0,82.09,82.09,18,59.56,40.16,37.37,38.18,100.0,82.09
frozen_clean,evqa-pilot500,minigpt-4-vicuna-7b,abs_cos_norm,3,0.998,True,"18,19,16",,21,64.94,60.959333333333326,49.34,42.656666666666666,46.11,40.0,46.47,40.61333333333334,100.0,100.0,82.77,81.52333333333333,16,64.94,49.34,46.11,46.47,100.0,82.77
frozen_clean,evqa-pilot500,minigpt-4-vicuna-7b,one_minus_cos_norm,1,0.998,True,0,,21,57.83,57.83,41.06,41.06,36.9,36.9,38.31,38.31,100.0,100.0,72.88,72.88,0,57.83,41.06,36.9,38.31,100.0,72.88
frozen_clean,evqa-pilot500,minigpt-4-vicuna-7b,one_minus_cos_norm,3,0.998,True,"0,1,2",,21,71.104,64.14333333333333,61.31,50.53,58.27,46.82333333333333,59.27,47.903333333333336,100.0,100.0,76.83,75.46,1,71.104,61.31,58.27,59.27,100.0,76.67
frozen_clean,evqa-pilot500,minigpt-4-vicuna-7b,signed_cos_norm,1,0.998,True,18,,21,59.56,59.56,40.16,40.16,37.37,37.37,38.18,38.18,100.0,100.0,82.09,82.09,18,59.56,40.16,37.37,38.18,100.0,82.09
frozen_clean,evqa-pilot500,minigpt-4-vicuna-7b,signed_cos_norm,3,0.998,True,"18,19,16",,21,64.94,60.959333333333326,49.34,42.656666666666666,46.11,40.0,46.47,40.61333333333334,100.0,100.0,82.77,81.52333333333333,16,64.94,49.34,46.11,46.47,100.0,82.77
frozen_clean,evqa-pilot500,minigpt-4-vicuna-7b,cos,1,0.998,True,18,,21,59.56,59.56,40.16,40.16,37.37,37.37,38.18,38.18,100.0,100.0,82.09,82.09,18,59.56,40.16,37.37,38.18,100.0,82.09
frozen_clean,evqa-pilot500,minigpt-4-vicuna-7b,cos,3,0.998,False,"18,21,19",21,21,,,,,,,,,,,,,,,,,,,
frozen_clean,evqa-pilot500,minigpt-4-vicuna-7b,dot,1,0.998,True,8,,21,69.034,69.034,55.69,55.69,53.42,53.42,53.67,53.67,100.0,100.0,82.39,82.39,8,69.034,55.69,53.42,53.67,100.0,82.39
frozen_clean,evqa-pilot500,minigpt-4-vicuna-7b,dot,3,0.998,True,"8,18,16",,21,69.034,64.51133333333333,55.69,48.39666666666667,53.42,45.633333333333326,53.67,46.10666666666666,100.0,100.0,82.77,82.41666666666667,8,69.034,55.69,53.42,53.67,100.0,82.39
frozen_clean,evqa-pilot500,minigpt-4-vicuna-7b,depth2_norm,1,0.998,True,22,,21,58.554,58.554,40.11,40.11,37.7,37.7,37.85,37.85,100.0,100.0,77.11,77.11,22,58.554,40.11,37.7,37.85,100.0,77.11
frozen_clean,evqa-pilot500,minigpt-4-vicuna-7b,depth2_norm,3,0.998,False,"22,21,20","21,20",21,,,,,,,,,,,,,,,,,,,
frozen_clean,evqa-pilot500,minigpt-4-vicuna-7b,negative_cos_norm,1,0.998,True,28,,21,58.36,58.36,39.42,39.42,36.54,36.54,37.36,37.36,100.0,100.0,78.49,78.49,28,58.36,39.42,36.54,37.36,100.0,78.49
frozen_clean,evqa-pilot500,minigpt-4-vicuna-7b,negative_cos_norm,3,0.998,True,"28,24,29",,21,58.526,58.19533333333334,39.76,39.56666666666667,37.33,35.943333333333335,37.85,37.52,100.0,100.0,78.49,77.95333333333333,29,58.526,39.52,37.33,37.85,100.0,77.93
frozen_clean,evqa-pilot500,llava-v1.5-7b,norm,1,1.0,True,0,,15,60.488,60.488,45.9,45.9,40.339999999999996,40.339999999999996,41.86,41.86,100.0,100.0,74.33999999999999,74.33999999999999,0,60.488,45.9,40.339999999999996,41.86,100.0,74.33999999999999
frozen_clean,evqa-pilot500,llava-v1.5-7b,norm,3,1.0,False,"0,1,3",3,15,,,,,,,,,,,,,,,,,,,
frozen_clean,evqa-pilot500,llava-v1.5-7b,abs_cos_norm,1,1.0,True,0,,15,60.488,60.488,45.9,45.9,40.339999999999996,40.339999999999996,41.86,41.86,100.0,100.0,74.33999999999999,74.33999999999999,0,60.488,45.9,40.339999999999996,41.86,100.0,74.33999999999999
frozen_clean,evqa-pilot500,llava-v1.5-7b,abs_cos_norm,3,1.0,False,"0,1,2",2,15,,,,,,,,,,,,,,,,,,,
frozen_clean,evqa-pilot500,llava-v1.5-7b,one_minus_cos_norm,1,1.0,True,0,,15,60.488,60.488,45.9,45.9,40.339999999999996,40.339999999999996,41.86,41.86,100.0,100.0,74.33999999999999,74.33999999999999,0,60.488,45.9,40.339999999999996,41.86,100.0,74.33999999999999
frozen_clean,evqa-pilot500,llava-v1.5-7b,one_minus_cos_norm,3,1.0,False,"0,1,3",3,15,,,,,,,,,,,,,,,,,,,
frozen_clean,evqa-pilot500,llava-v1.5-7b,signed_cos_norm,1,1.0,True,30,,15,57.24,57.24,41.93,41.93,37.89,37.89,35.7,35.7,100.0,100.0,70.7,70.7,30,57.24,41.93,37.89,35.7,100.0,70.7
frozen_clean,evqa-pilot500,llava-v1.5-7b,signed_cos_norm,3,1.0,False,"30,29,28",29,15,,,,,,,,,,,,,,,,,,,
frozen_clean,evqa-pilot500,llava-v1.5-7b,cos,1,1.0,False,9,9,15,,,,,,,,,,,,,,,,,,,
frozen_clean,evqa-pilot500,llava-v1.5-7b,cos,3,1.0,False,"9,10,6","9,10",15,,,,,,,,,,,,,,,,,,,
frozen_clean,evqa-pilot500,llava-v1.5-7b,dot,1,1.0,True,30,,15,57.24,57.24,41.93,41.93,37.89,37.89,35.7,35.7,100.0,100.0,70.7,70.7,30,57.24,41.93,37.89,35.7,100.0,70.7
frozen_clean,evqa-pilot500,llava-v1.5-7b,dot,3,1.0,False,"30,29,28",29,15,,,,,,,,,,,,,,,,,,,
frozen_clean,evqa-pilot500,llava-v1.5-7b,depth2_norm,1,1.0,False,13,13,15,,,,,,,,,,,,,,,,,,,
frozen_clean,evqa-pilot500,llava-v1.5-7b,depth2_norm,3,1.0,False,"13,16,15",13,15,,,,,,,,,,,,,,,,,,,
frozen_clean,evqa-pilot500,llava-v1.5-7b,negative_cos_norm,1,1.0,True,0,,15,60.488,60.488,45.9,45.9,40.339999999999996,40.339999999999996,41.86,41.86,100.0,100.0,74.33999999999999,74.33999999999999,0,60.488,45.9,40.339999999999996,41.86,100.0,74.33999999999999
frozen_clean,evqa-pilot500,llava-v1.5-7b,negative_cos_norm,3,1.0,False,"0,1,2",2,15,,,,,,,,,,,,,,,,,,,
frozen_clean,evqa-pilot500,qwen2.5-vl-3b,norm,1,1.0,True,0,,24,62.89,62.89,53.71,53.71,43.5,43.5,34.56,34.56,100.0,100.0,82.68,82.68,0,62.89,53.71,43.5,34.56,100.0,82.68
frozen_clean,evqa-pilot500,qwen2.5-vl-3b,norm,3,1.0,True,"0,1,2",,24,62.89,62.199999999999996,53.71,53.673333333333325,45.58,43.95000000000001,36.81,35.449999999999996,100.0,100.0,82.68,77.94,0,62.89,53.71,43.5,34.56,100.0,82.68
frozen_clean,evqa-pilot500,qwen2.5-vl-3b,abs_cos_norm,1,1.0,True,21,,24,63.74,63.74,53.83,53.83,43.82,43.82,36.61,36.61,100.0,100.0,84.45,84.45,21,63.74,53.83,43.82,36.61,100.0,84.45
frozen_clean,evqa-pilot500,qwen2.5-vl-3b,abs_cos_norm,3,1.0,True,"21,19,17",,24,63.74,63.18333333333334,53.83,53.52666666666667,43.82,43.16,36.61,35.57666666666666,100.0,100.0,84.45,83.65666666666668,21,63.74,53.83,43.82,36.61,100.0,84.45
frozen_clean,evqa-pilot500,qwen2.5-vl-3b,one_minus_cos_norm,1,1.0,True,0,,24,62.89,62.89,53.71,53.71,43.5,43.5,34.56,34.56,100.0,100.0,82.68,82.68,0,62.89,53.71,43.5,34.56,100.0,82.68
frozen_clean,evqa-pilot500,qwen2.5-vl-3b,one_minus_cos_norm,3,1.0,True,"0,1,2",,24,62.89,62.199999999999996,53.71,53.673333333333325,45.58,43.95000000000001,36.81,35.449999999999996,100.0,100.0,82.68,77.94,0,62.89,53.71,43.5,34.56,100.0,82.68
frozen_clean,evqa-pilot500,qwen2.5-vl-3b,signed_cos_norm,1,1.0,True,21,,24,63.74,63.74,53.83,53.83,43.82,43.82,36.61,36.61,100.0,100.0,84.45,84.45,21,63.74,53.83,43.82,36.61,100.0,84.45
frozen_clean,evqa-pilot500,qwen2.5-vl-3b,signed_cos_norm,3,1.0,True,"21,19,17",,24,63.74,63.18333333333334,53.83,53.52666666666667,43.82,43.16,36.61,35.57666666666666,100.0,100.0,84.45,83.65666666666668,21,63.74,53.83,43.82,36.61,100.0,84.45
frozen_clean,evqa-pilot500,qwen2.5-vl-3b,cos,1,1.0,True,24,,24,62.79,62.79,52.54,52.54,43.06,43.06,35.3,35.3,100.0,100.0,83.06,83.06,24,62.79,52.54,43.06,35.3,100.0,83.06
frozen_clean,evqa-pilot500,qwen2.5-vl-3b,cos,3,1.0,False,"24,23,27",23,24,,,,,,,,,,,,,,,,,,,
frozen_clean,evqa-pilot500,qwen2.5-vl-3b,dot,1,1.0,False,6,6,24,,,,,,,,,,,,,,,,,,,
frozen_clean,evqa-pilot500,qwen2.5-vl-3b,dot,3,1.0,False,"6,5,7","6,5,7",24,,,,,,,,,,,,,,,,,,,
frozen_clean,evqa-pilot500,qwen2.5-vl-3b,depth2_norm,1,1.0,True,20,,24,62.11,62.11,52.62,52.62,41.4,41.4,33.99,33.99,100.0,100.0,82.55,82.55,20,62.11,52.62,41.4,33.99,100.0,82.55
frozen_clean,evqa-pilot500,qwen2.5-vl-3b,depth2_norm,3,1.0,True,"20,18,19",,24,63.55,62.95666666666667,53.54,53.083333333333336,44.11,42.86666666666667,37.7,35.73,100.0,100.0,83.9,83.10666666666667,18,63.55,53.09,44.11,37.7,100.0,82.87
frozen_clean,evqa-pilot500,qwen2.5-vl-3b,negative_cos_norm,1,1.0,True,34,,24,62.77,62.77,53.15,53.15,42.2,42.2,33.65,33.65,100.0,100.0,84.86,84.86,34,62.77,53.15,42.2,33.65,100.0,84.86
frozen_clean,evqa-pilot500,qwen2.5-vl-3b,negative_cos_norm,3,1.0,False,34,,24,,,,,,,,,,,,,,,,,,,
frozen_clean,evqa-pilot500,paligemma-3b,norm,1,1.0,True,5,,12,78.17,78.17,85.3,85.3,83.96,83.96,86.8,86.8,100.0,100.0,34.78,34.78,5,78.17,85.3,83.96,86.8,100.0,34.78
frozen_clean,evqa-pilot500,paligemma-3b,norm,3,1.0,True,"5,4,3",,12,85.72,78.34,85.63,81.67,85.86,81.96666666666665,89.21,83.56666666666666,100.0,100.0,67.9,44.48666666666667,3,85.72,85.63,85.86,89.21,100.0,67.9
frozen_clean,evqa-pilot500,paligemma-3b,abs_cos_norm,1,1.0,True,5,,12,78.17,78.17,85.3,85.3,83.96,83.96,86.8,86.8,100.0,100.0,34.78,34.78,5,78.17,85.3,83.96,86.8,100.0,34.78
frozen_clean,evqa-pilot500,paligemma-3b,abs_cos_norm,3,1.0,True,"5,4,3",,12,85.72,78.34,85.63,81.67,85.86,81.96666666666665,89.21,83.56666666666666,100.0,100.0,67.9,44.48666666666667,3,85.72,85.63,85.86,89.21,100.0,67.9
frozen_clean,evqa-pilot500,paligemma-3b,one_minus_cos_norm,1,1.0,True,4,,12,71.13,71.13,74.08,74.08,76.08,76.08,74.69,74.69,100.0,100.0,30.78,30.78,4,71.13,74.08,76.08,74.69,100.0,30.78
frozen_clean,evqa-pilot500,paligemma-3b,one_minus_cos_norm,3,1.0,True,"4,5,3",,12,85.72,78.34,85.63,81.67,85.86,81.96666666666665,89.21,83.56666666666666,100.0,100.0,67.9,44.48666666666667,3,85.72,85.63,85.86,89.21,100.0,67.9
frozen_clean,evqa-pilot500,paligemma-3b,signed_cos_norm,1,1.0,True,5,,12,78.17,78.17,85.3,85.3,83.96,83.96,86.8,86.8,100.0,100.0,34.78,34.78,5,78.17,85.3,83.96,86.8,100.0,34.78
frozen_clean,evqa-pilot500,paligemma-3b,signed_cos_norm,3,1.0,True,"5,4,3",,12,85.72,78.34,85.63,81.67,85.86,81.96666666666665,89.21,83.56666666666666,100.0,100.0,67.9,44.48666666666667,3,85.72,85.63,85.86,89.21,100.0,67.9
frozen_clean,evqa-pilot500,paligemma-3b,cos,1,1.0,False,16,16,12,,,,,,,,,,,,,,,,,,,
frozen_clean,evqa-pilot500,paligemma-3b,cos,3,1.0,False,"16,5,4",16,12,,,,,,,,,,,,,,,,,,,
frozen_clean,evqa-pilot500,paligemma-3b,dot,1,1.0,True,5,,12,78.17,78.17,85.3,85.3,83.96,83.96,86.8,86.8,100.0,100.0,34.78,34.78,5,78.17,85.3,83.96,86.8,100.0,34.78
frozen_clean,evqa-pilot500,paligemma-3b,dot,3,1.0,True,"5,4,3",,12,85.72,78.34,85.63,81.67,85.86,81.96666666666665,89.21,83.56666666666666,100.0,100.0,67.9,44.48666666666667,3,85.72,85.63,85.86,89.21,100.0,67.9
frozen_clean,evqa-pilot500,paligemma-3b,depth2_norm,1,1.0,True,7,,12,75.65,75.65,82.02,82.02,80.3,80.3,84.32,84.32,100.0,100.0,31.6,31.6,7,75.65,82.02,80.3,84.32,100.0,31.6
frozen_clean,evqa-pilot500,paligemma-3b,depth2_norm,3,1.0,False,"7,8,9",9,12,,,,,,,,,,,,,,,,,,,
frozen_clean,evqa-pilot500,paligemma-3b,negative_cos_norm,1,1.0,False,,,12,,,,,,,,,,,,,,,,,,,
frozen_clean,evqa-pilot500,paligemma-3b,negative_cos_norm,3,1.0,False,,,12,,,,,,,,,,,,,,,,,,,
frozen_clean,evqa-pilot500,smolvlm-1.7b,norm,1,1.0,True,0,,20,69.97,69.97,64.02,64.02,59.53,59.53,57.19,57.19,100.0,100.0,69.1,69.1,0,69.97,64.02,59.53,57.19,100.0,69.1
frozen_clean,evqa-pilot500,smolvlm-1.7b,norm,3,1.0,True,"0,1,2",,20,69.97,64.38333333333334,64.02,55.28,59.53,50.29333333333333,57.19,46.826666666666675,100.0,100.0,71.86,69.51666666666667,0,69.97,64.02,59.53,57.19,100.0,69.1
frozen_clean,evqa-pilot500,smolvlm-1.7b,abs_cos_norm,1,1.0,True,0,,20,69.97,69.97,64.02,64.02,59.53,59.53,57.19,57.19,100.0,100.0,69.1,69.1,0,69.97,64.02,59.53,57.19,100.0,69.1
frozen_clean,evqa-pilot500,smolvlm-1.7b,abs_cos_norm,3,1.0,True,"0,1,2",,20,69.97,64.38333333333334,64.02,55.28,59.53,50.29333333333333,57.19,46.826666666666675,100.0,100.0,71.86,69.51666666666667,0,69.97,64.02,59.53,57.19,100.0,69.1
frozen_clean,evqa-pilot500,smolvlm-1.7b,one_minus_cos_norm,1,1.0,True,0,,20,69.97,69.97,64.02,64.02,59.53,59.53,57.19,57.19,100.0,100.0,69.1,69.1,0,69.97,64.02,59.53,57.19,100.0,69.1
frozen_clean,evqa-pilot500,smolvlm-1.7b,one_minus_cos_norm,3,1.0,True,"0,1,2",,20,69.97,64.38333333333334,64.02,55.28,59.53,50.29333333333333,57.19,46.826666666666675,100.0,100.0,71.86,69.51666666666667,0,69.97,64.02,59.53,57.19,100.0,69.1
frozen_clean,evqa-pilot500,smolvlm-1.7b,signed_cos_norm,1,1.0,True,22,,20,55.87,55.87,42.44,42.44,36.7,36.7,31.77,31.77,100.0,100.0,68.45,68.45,22,55.87,42.44,36.7,31.77,100.0,68.45
frozen_clean,evqa-pilot500,smolvlm-1.7b,signed_cos_norm,3,1.0,True,"22,21,20",,20,57.15,56.46333333333333,45.09,43.81333333333333,39.2,37.806666666666665,33.92,33.02,100.0,100.0,68.45,67.67,20,57.15,45.09,39.2,33.92,100.0,67.53
frozen_clean,evqa-pilot500,smolvlm-1.7b,cos,1,1.0,True,21,,20,56.37,56.37,43.91,43.91,37.52,37.52,33.37,33.37,100.0,100.0,67.03,67.03,21,56.37,43.91,37.52,33.37,100.0,67.03
frozen_clean,evqa-pilot500,smolvlm-1.7b,cos,3,1.0,True,"21,22,20",,20,57.15,56.46333333333333,45.09,43.81333333333333,39.2,37.806666666666665,33.92,33.02,100.0,100.0,68.45,67.67,20,57.15,45.09,39.2,33.92,100.0,67.53
frozen_clean,evqa-pilot500,smolvlm-1.7b,dot,1,1.0,True,22,,20,55.87,55.87,42.44,42.44,36.7,36.7,31.77,31.77,100.0,100.0,68.45,68.45,22,55.87,42.44,36.7,31.77,100.0,68.45
frozen_clean,evqa-pilot500,smolvlm-1.7b,dot,3,1.0,True,"22,21,20",,20,57.15,56.46333333333333,45.09,43.81333333333333,39.2,37.806666666666665,33.92,33.02,100.0,100.0,68.45,67.67,20,57.15,45.09,39.2,33.92,100.0,67.53
frozen_clean,evqa-pilot500,smolvlm-1.7b,depth2_norm,1,1.0,True,14,,20,68.22,68.22,58.45,58.45,52.68,52.68,49.76,49.76,100.0,100.0,80.21,80.21,14,68.22,58.45,52.68,49.76,100.0,80.21
frozen_clean,evqa-pilot500,smolvlm-1.7b,depth2_norm,3,1.0,True,"14,11,13",,20,68.22,64.96999999999998,58.45,53.65,52.68,48.346666666666664,49.76,43.879999999999995,100.0,100.0,80.21,78.96999999999998,14,68.22,58.45,52.68,49.76,100.0,80.21
frozen_clean,evqa-pilot500,smolvlm-1.7b,negative_cos_norm,1,1.0,True,0,,20,69.97,69.97,64.02,64.02,59.53,59.53,57.19,57.19,100.0,100.0,69.1,69.1,0,69.97,64.02,59.53,57.19,100.0,69.1
frozen_clean,evqa-pilot500,smolvlm-1.7b,negative_cos_norm,3,1.0,True,"0,1,2",,20,69.97,64.38333333333334,64.02,55.28,59.53,50.29333333333333,57.19,46.826666666666675,100.0,100.0,71.86,69.51666666666667,0,69.97,64.02,59.53,57.19,100.0,69.1
frozen_clean,mmke-visual,blip2-opt-2.7b,norm,1,0.8177570093457944,True,0,,19,62.37,62.37,53.13,53.13,53.14,53.14,53.2,53.2,100.0,100.0,52.38,52.38,0,62.37,53.13,53.14,53.2,100.0,52.38
frozen_clean,mmke-visual,blip2-opt-2.7b,norm,3,0.8177570093457944,True,"0,1,2",,19,69.87,67.31,53.13,52.419999999999995,53.14,52.28333333333333,53.2,52.25,100.0,100.0,93.8,79.59333333333332,2,69.87,52.04,51.91,51.58,100.0,93.8
frozen_clean,mmke-visual,blip2-opt-2.7b,abs_cos_norm,1,0.8177570093457944,True,0,,19,62.37,62.37,53.13,53.13,53.14,53.14,53.2,53.2,100.0,100.0,52.38,52.38,0,62.37,53.13,53.14,53.2,100.0,52.38
frozen_clean,mmke-visual,blip2-opt-2.7b,abs_cos_norm,3,0.8177570093457944,True,"0,1,2",,19,69.87,67.31,53.13,52.419999999999995,53.14,52.28333333333333,53.2,52.25,100.0,100.0,93.8,79.59333333333332,2,69.87,52.04,51.91,51.58,100.0,93.8
frozen_clean,mmke-visual,blip2-opt-2.7b,one_minus_cos_norm,1,0.8177570093457944,True,0,,19,62.37,62.37,53.13,53.13,53.14,53.14,53.2,53.2,100.0,100.0,52.38,52.38,0,62.37,53.13,53.14,53.2,100.0,52.38
frozen_clean,mmke-visual,blip2-opt-2.7b,one_minus_cos_norm,3,0.8177570093457944,True,"0,1,2",,19,69.87,67.31,53.13,52.419999999999995,53.14,52.28333333333333,53.2,52.25,100.0,100.0,93.8,79.59333333333332,2,69.87,52.04,51.91,51.58,100.0,93.8
frozen_clean,mmke-visual,blip2-opt-2.7b,signed_cos_norm,1,0.8177570093457944,True,0,,19,62.37,62.37,53.13,53.13,53.14,53.14,53.2,53.2,100.0,100.0,52.38,52.38,0,62.37,53.13,53.14,53.2,100.0,52.38
frozen_clean,mmke-visual,blip2-opt-2.7b,signed_cos_norm,3,0.8177570093457944,True,"0,1,2",,19,69.87,67.31,53.13,52.419999999999995,53.14,52.28333333333333,53.2,52.25,100.0,100.0,93.8,79.59333333333332,2,69.87,52.04,51.91,51.58,100.0,93.8
frozen_clean,mmke-visual,blip2-opt-2.7b,cos,1,0.8177570093457944,False,11,11,19,,,,,,,,,,,,,,,,,,,
frozen_clean,mmke-visual,blip2-opt-2.7b,cos,3,0.8177570093457944,False,"11,5,4","11,5",19,,,,,,,,,,,,,,,,,,,
frozen_clean,mmke-visual,blip2-opt-2.7b,dot,1,0.8177570093457944,True,4,,19,69.19,69.19,51.78,51.78,51.72,51.72,51.6,51.6,100.0,100.0,90.85,90.85,4,69.19,51.78,51.72,51.6,100.0,90.85
frozen_clean,mmke-visual,blip2-opt-2.7b,dot,3,0.8177570093457944,True,"4,3,2",,19,69.87,69.26666666666667,52.04,51.94333333333333,51.91,51.76,52.37,51.85,100.0,100.0,93.8,90.77666666666666,2,69.87,52.04,51.91,51.58,100.0,93.8
frozen_clean,mmke-visual,blip2-opt-2.7b,depth2_norm,1,0.8177570093457944,True,19,,19,71.37,71.37,53.87,53.87,53.61,53.61,53.41,53.41,100.0,100.0,95.95,95.95,19,71.37,53.87,53.61,53.41,100.0,95.95
frozen_clean,mmke-visual,blip2-opt-2.7b,depth2_norm,3,0.8177570093457944,True,"19,20,18",,19,71.81,71.49000000000001,53.87,53.556666666666665,53.8,53.45333333333334,53.53,53.35333333333333,100.0,100.0,97.94,97.08666666666666,20,71.81,53.8,53.8,53.53,100.0,97.94
frozen_clean,mmke-visual,blip2-opt-2.7b,negative_cos_norm,1,0.8177570093457944,True,30,,19,65.77,65.77,44.26,44.26,44.01,44.01,44.24,44.24,100.0,100.0,96.33,96.33,30,65.77,44.26,44.01,44.24,100.0,96.33
frozen_clean,mmke-visual,blip2-opt-2.7b,negative_cos_norm,3,0.8177570093457944,False,30,,19,,,,,,,,,,,,,,,,,,,
frozen_clean,mmke-visual,instructblip-vicuna-7b,norm,1,1.0,True,1,,21,70.28,70.28,51.7,51.7,51.67,51.67,51.55,51.55,100.0,100.0,96.48,96.48,1,70.28,51.7,51.67,51.55,100.0,96.48
frozen_clean,mmke-visual,instructblip-vicuna-7b,norm,3,1.0,True,"1,0,3",,21,71.29,64.24333333333333,52.26,41.120000000000005,52.42,40.47666666666667,52.17,40.973333333333336,100.0,100.0,99.85,98.65000000000002,0,71.29,52.26,52.42,52.17,100.0,99.62
frozen_clean,mmke-visual,instructblip-vicuna-7b,abs_cos_norm,1,1.0,True,1,,21,70.28,70.28,51.7,51.7,51.67,51.67,51.55,51.55,100.0,100.0,96.48,96.48,1,70.28,51.7,51.67,51.55,100.0,96.48
frozen_clean,mmke-visual,instructblip-vicuna-7b,abs_cos_norm,3,1.0,True,"1,0,3",,21,71.29,64.24333333333333,52.26,41.120000000000005,52.42,40.47666666666667,52.17,40.973333333333336,100.0,100.0,99.85,98.65000000000002,0,71.29,52.26,52.42,52.17,100.0,99.62
frozen_clean,mmke-visual,instructblip-vicuna-7b,one_minus_cos_norm,1,1.0,True,3,,21,51.16,51.16,19.4,19.4,17.34,17.34,19.2,19.2,100.0,100.0,99.85,99.85,3,51.16,19.4,17.34,19.2,100.0,99.85
frozen_clean,mmke-visual,instructblip-vicuna-7b,one_minus_cos_norm,3,1.0,True,"3,2,4",,21,51.16,50.56666666666666,19.4,18.483333333333334,17.34,16.423333333333332,19.2,18.426666666666666,100.0,100.0,99.85,99.49,3,51.16,19.4,17.34,19.2,100.0,99.85
frozen_clean,mmke-visual,instructblip-vicuna-7b,signed_cos_norm,1,1.0,True,1,,21,70.28,70.28,51.7,51.7,51.67,51.67,51.55,51.55,100.0,100.0,96.48,96.48,1,70.28,51.7,51.67,51.55,100.0,96.48
frozen_clean,mmke-visual,instructblip-vicuna-7b,signed_cos_norm,3,1.0,True,"1,0,3",,21,71.29,64.24333333333333,52.26,41.120000000000005,52.42,40.47666666666667,52.17,40.973333333333336,100.0,100.0,99.85,98.65000000000002,0,71.29,52.26,52.42,52.17,100.0,99.62
frozen_clean,mmke-visual,instructblip-vicuna-7b,cos,1,1.0,True,30,,21,46.75,46.75,11.75,11.75,11.08,11.08,11.62,11.62,100.0,100.0,99.32,99.32,30,46.75,11.75,11.08,11.62,100.0,99.32
frozen_clean,mmke-visual,instructblip-vicuna-7b,cos,3,1.0,False,"30,29,27",29,21,,,,,,,,,,,,,,,,,,,
frozen_clean,mmke-visual,instructblip-vicuna-7b,dot,1,1.0,True,1,,21,70.28,70.28,51.7,51.7,51.67,51.67,51.55,51.55,100.0,100.0,96.48,96.48,1,70.28,51.7,51.67,51.55,100.0,96.48
frozen_clean,mmke-visual,instructblip-vicuna-7b,dot,3,1.0,True,"1,0,3",,21,71.29,64.24333333333333,52.26,41.120000000000005,52.42,40.47666666666667,52.17,40.973333333333336,100.0,100.0,99.85,98.65000000000002,0,71.29,52.26,52.42,52.17,100.0,99.62
frozen_clean,mmke-visual,instructblip-vicuna-7b,depth2_norm,1,1.0,True,27,,21,50.59,50.59,18.47,18.47,16.75,16.75,18.57,18.57,100.0,100.0,99.18,99.18,27,50.59,18.47,16.75,18.57,100.0,99.18
frozen_clean,mmke-visual,instructblip-vicuna-7b,depth2_norm,3,1.0,True,"27,26,25",,21,50.59,50.19,18.47,17.81,16.75,15.906666666666666,18.57,17.723333333333333,100.0,100.0,99.73,99.51333333333334,27,50.59,18.47,16.75,18.57,100.0,99.18
frozen_clean,mmke-visual,instructblip-vicuna-7b,negative_cos_norm,1,1.0,False,,,21,,,,,,,,,,,,,,,,,,,
frozen_clean,mmke-visual,instructblip-vicuna-7b,negative_cos_norm,3,1.0,False,,,21,,,,,,,,,,,,,,,,,,,
frozen_clean,mmke-visual,minigpt-4-vicuna-7b,norm,1,1.0,True,0,,21,75.812,75.812,59.95,59.95,60.02,60.02,60.14,60.14,100.0,100.0,98.95,98.95,0,75.812,59.95,60.02,60.14,100.0,98.95
frozen_clean,mmke-visual,minigpt-4-vicuna-7b,norm,3,1.0,True,"0,1,2",,21,76.064,75.89999999999999,60.35,60.20666666666667,60.4,60.24666666666667,60.64,60.44333333333333,100.0,100.0,98.95,98.60333333333334,2,76.064,60.35,60.4,60.64,100.0,98.93
frozen_clean,mmke-visual,minigpt-4-vicuna-7b,abs_cos_norm,1,1.0,True,9,,21,76.582,76.582,61.34,61.34,61.27,61.27,61.41,61.41,100.0,100.0,98.89,98.89,9,76.582,61.34,61.27,61.41,100.0,98.89
frozen_clean,mmke-visual,minigpt-4-vicuna-7b,abs_cos_norm,3,1.0,True,"9,10,11",,21,76.83,76.68066666666665,62.03,61.626666666666665,61.78,61.51,61.97,61.6,100.0,100.0,98.89,98.66666666666667,11,76.83,62.03,61.78,61.97,100.0,98.37
frozen_clean,mmke-visual,minigpt-4-vicuna-7b,one_minus_cos_norm,1,1.0,True,0,,21,75.812,75.812,59.95,59.95,60.02,60.02,60.14,60.14,100.0,100.0,98.95,98.95,0,75.812,59.95,60.02,60.14,100.0,98.95
frozen_clean,mmke-visual,minigpt-4-vicuna-7b,one_minus_cos_norm,3,1.0,True,"0,1,2",,21,76.064,75.89999999999999,60.35,60.20666666666667,60.4,60.24666666666667,60.64,60.44333333333333,100.0,100.0,98.95,98.60333333333334,2,76.064,60.35,60.4,60.64,100.0,98.93
frozen_clean,mmke-visual,minigpt-4-vicuna-7b,signed_cos_norm,1,1.0,False,30,30,21,,,,,,,,,,,,,,,,,,,
frozen_clean,mmke-visual,minigpt-4-vicuna-7b,signed_cos_norm,3,1.0,False,"30,2,0",30,21,,,,,,,,,,,,,,,,,,,
frozen_clean,mmke-visual,minigpt-4-vicuna-7b,cos,1,1.0,True,0,,21,75.812,75.812,59.95,59.95,60.02,60.02,60.14,60.14,100.0,100.0,98.95,98.95,0,75.812,59.95,60.02,60.14,100.0,98.95
frozen_clean,mmke-visual,minigpt-4-vicuna-7b,cos,3,1.0,True,"0,1,2",,21,76.064,75.89999999999999,60.35,60.20666666666667,60.4,60.24666666666667,60.64,60.44333333333333,100.0,100.0,98.95,98.60333333333334,2,76.064,60.35,60.4,60.64,100.0,98.93
frozen_clean,mmke-visual,minigpt-4-vicuna-7b,dot,1,1.0,False,30,30,21,,,,,,,,,,,,,,,,,,,
frozen_clean,mmke-visual,minigpt-4-vicuna-7b,dot,3,1.0,False,"30,29,28",30,21,,,,,,,,,,,,,,,,,,,
frozen_clean,mmke-visual,minigpt-4-vicuna-7b,depth2_norm,1,1.0,True,27,,21,74.19,74.19,57.88,57.88,57.6,57.6,57.52,57.52,100.0,100.0,97.97,97.97,27,74.19,57.88,57.6,57.52,100.0,97.97
frozen_clean,mmke-visual,minigpt-4-vicuna-7b,depth2_norm,3,1.0,True,"27,26,28",,21,74.44,74.18666666666667,57.96,57.72,57.92,57.49666666666667,57.85,57.556666666666665,100.0,100.0,98.46,98.16333333333334,28,74.44,57.96,57.92,57.85,100.0,98.46
frozen_clean,mmke-visual,minigpt-4-vicuna-7b,negative_cos_norm,1,1.0,True,9,,21,76.582,76.582,61.34,61.34,61.27,61.27,61.41,61.41,100.0,100.0,98.89,98.89,9,76.582,61.34,61.27,61.41,100.0,98.89
frozen_clean,mmke-visual,minigpt-4-vicuna-7b,negative_cos_norm,3,1.0,True,"9,10,11",,21,76.83,76.68066666666665,62.03,61.626666666666665,61.78,61.51,61.97,61.6,100.0,100.0,98.89,98.66666666666667,11,76.83,62.03,61.78,61.97,100.0,98.37
frozen_clean,mmke-visual,llava-v1.5-7b,norm,1,1.0,False,5,5,16,,,,,,,,,,,,,,,,,,,
frozen_clean,mmke-visual,llava-v1.5-7b,norm,3,1.0,False,"5,0,6","5,6",16,,,,,,,,,,,,,,,,,,,
frozen_clean,mmke-visual,llava-v1.5-7b,abs_cos_norm,1,1.0,True,0,,16,75.158,75.158,60.74,60.74,60.79,60.79,60.88,60.88,100.0,100.0,93.38,93.38,0,75.158,60.74,60.79,60.88,100.0,93.38
frozen_clean,mmke-visual,llava-v1.5-7b,abs_cos_norm,3,1.0,True,"0,3,1",,16,76.186,75.66133333333333,62.32,61.443333333333335,62.23,61.41,62.34,61.593333333333334,100.0,100.0,94.16,93.86000000000001,3,76.186,62.32,62.23,62.34,100.0,94.04
frozen_clean,mmke-visual,llava-v1.5-7b,one_minus_cos_norm,1,1.0,True,0,,16,75.158,75.158,60.74,60.74,60.79,60.79,60.88,60.88,100.0,100.0,93.38,93.38,0,75.158,60.74,60.79,60.88,100.0,93.38
frozen_clean,mmke-visual,llava-v1.5-7b,one_minus_cos_norm,3,1.0,False,"0,5,6","5,6",16,,,,,,,,,,,,,,,,,,,
frozen_clean,mmke-visual,llava-v1.5-7b,signed_cos_norm,1,1.0,False,29,29,16,,,,,,,,,,,,,,,,,,,
frozen_clean,mmke-visual,llava-v1.5-7b,signed_cos_norm,3,1.0,False,"29,28,30","29,30",16,,,,,,,,,,,,,,,,,,,
frozen_clean,mmke-visual,llava-v1.5-7b,cos,1,1.0,False,17,17,16,,,,,,,,,,,,,,,,,,,
frozen_clean,mmke-visual,llava-v1.5-7b,cos,3,1.0,False,"17,20,18","17,20,18",16,,,,,,,,,,,,,,,,,,,
frozen_clean,mmke-visual,llava-v1.5-7b,dot,1,1.0,False,30,30,16,,,,,,,,,,,,,,,,,,,
frozen_clean,mmke-visual,llava-v1.5-7b,dot,3,1.0,False,"30,29,28","30,29",16,,,,,,,,,,,,,,,,,,,
frozen_clean,mmke-visual,llava-v1.5-7b,depth2_norm,1,1.0,False,13,13,16,,,,,,,,,,,,,,,,,,,
frozen_clean,mmke-visual,llava-v1.5-7b,depth2_norm,3,1.0,False,"13,12,15",13,16,,,,,,,,,,,,,,,,,,,
frozen_clean,mmke-visual,llava-v1.5-7b,negative_cos_norm,1,1.0,True,0,,16,75.158,75.158,60.74,60.74,60.79,60.79,60.88,60.88,100.0,100.0,93.38,93.38,0,75.158,60.74,60.79,60.88,100.0,93.38
frozen_clean,mmke-visual,llava-v1.5-7b,negative_cos_norm,3,1.0,True,"0,3,1",,16,76.186,75.66133333333333,62.32,61.443333333333335,62.23,61.41,62.34,61.593333333333334,100.0,100.0,94.16,93.86000000000001,3,76.186,62.32,62.23,62.34,100.0,94.04
frozen_clean,mmke-visual,qwen2.5-vl-3b,norm,1,1.0,True,0,,21,70.42,70.42,52.74,52.74,52.9,52.9,52.28,52.28,100.0,100.0,94.2,94.2,0,70.42,52.74,52.9,52.28,100.0,94.2
frozen_clean,mmke-visual,qwen2.5-vl-3b,norm,3,1.0,True,"0,1,2",,21,70.42,69.94333333333334,52.74,51.86000000000001,52.9,51.873333333333335,52.28,51.74666666666667,100.0,100.0,94.52,94.24333333333334,0,70.42,52.74,52.9,52.28,100.0,94.2
frozen_clean,mmke-visual,qwen2.5-vl-3b,abs_cos_norm,1,1.0,True,0,,21,70.42,70.42,52.74,52.74,52.9,52.9,52.28,52.28,100.0,100.0,94.2,94.2,0,70.42,52.74,52.9,52.28,100.0,94.2
frozen_clean,mmke-visual,qwen2.5-vl-3b,abs_cos_norm,3,1.0,True,"0,1,2",,21,70.42,69.94333333333334,52.74,51.86000000000001,52.9,51.873333333333335,52.28,51.74666666666667,100.0,100.0,94.52,94.24333333333334,0,70.42,52.74,52.9,52.28,100.0,94.2
frozen_clean,mmke-visual,qwen2.5-vl-3b,one_minus_cos_norm,1,1.0,True,0,,21,70.42,70.42,52.74,52.74,52.9,52.9,52.28,52.28,100.0,100.0,94.2,94.2,0,70.42,52.74,52.9,52.28,100.0,94.2
frozen_clean,mmke-visual,qwen2.5-vl-3b,one_minus_cos_norm,3,1.0,True,"0,1,2",,21,70.42,69.94333333333334,52.74,51.86000000000001,52.9,51.873333333333335,52.28,51.74666666666667,100.0,100.0,94.52,94.24333333333334,0,70.42,52.74,52.9,52.28,100.0,94.2
frozen_clean,mmke-visual,qwen2.5-vl-3b,signed_cos_norm,1,1.0,True,0,,21,70.42,70.42,52.74,52.74,52.9,52.9,52.28,52.28,100.0,100.0,94.2,94.2,0,70.42,52.74,52.9,52.28,100.0,94.2
frozen_clean,mmke-visual,qwen2.5-vl-3b,signed_cos_norm,3,1.0,True,"0,1,2",,21,70.42,69.94333333333334,52.74,51.86000000000001,52.9,51.873333333333335,52.28,51.74666666666667,100.0,100.0,94.52,94.24333333333334,0,70.42,52.74,52.9,52.28,100.0,94.2
frozen_clean,mmke-visual,qwen2.5-vl-3b,cos,1,1.0,True,12,,21,71.0,71.0,52.61,52.61,52.22,52.22,52.87,52.87,100.0,100.0,97.3,97.3,12,71.0,52.61,52.22,52.87,100.0,97.3
frozen_clean,mmke-visual,qwen2.5-vl-3b,cos,3,1.0,False,"12,10,11",10,21,,,,,,,,,,,,,,,,,,,
frozen_clean,mmke-visual,qwen2.5-vl-3b,dot,1,1.0,True,0,,21,70.42,70.42,52.74,52.74,52.9,52.9,52.28,52.28,100.0,100.0,94.2,94.2,0,70.42,52.74,52.9,52.28,100.0,94.2
frozen_clean,mmke-visual,qwen2.5-vl-3b,dot,3,1.0,True,"0,1,2",,21,70.42,69.94333333333334,52.74,51.86000000000001,52.9,51.873333333333335,52.28,51.74666666666667,100.0,100.0,94.52,94.24333333333334,0,70.42,52.74,52.9,52.28,100.0,94.2
frozen_clean,mmke-visual,qwen2.5-vl-3b,depth2_norm,1,1.0,True,20,,21,70.4,70.4,51.94,51.94,51.65,51.65,51.86,51.86,100.0,100.0,96.56,96.56,20,70.4,51.94,51.65,51.86,100.0,96.56
frozen_clean,mmke-visual,qwen2.5-vl-3b,depth2_norm,3,1.0,True,"20,18,19",,21,70.65,70.32666666666667,52.69,52.080000000000005,52.25,51.663333333333334,52.48,51.93000000000001,100.0,100.0,96.56,95.96666666666665,18,70.65,52.69,52.25,52.48,100.0,95.82
frozen_clean,mmke-visual,qwen2.5-vl-3b,negative_cos_norm,1,1.0,False,,,21,,,,,,,,,,,,,,,,,,,
frozen_clean,mmke-visual,qwen2.5-vl-3b,negative_cos_norm,3,1.0,False,,,21,,,,,,,,,,,,,,,,,,,
frozen_clean,mmke-visual,paligemma-3b,norm,1,1.0,True,4,,8,99.026,99.026,99.22999999999999,99.22999999999999,99.22,99.22,98.68,98.68,100.0,100.0,98.0,98.0,4,99.026,99.22999999999999,99.22,98.68,100.0,98.0
frozen_clean,mmke-visual,paligemma-3b,norm,3,1.0,False,"4,5,3","5,3",8,,,,,,,,,,,,,,,,,,,
frozen_clean,mmke-visual,paligemma-3b,abs_cos_norm,1,1.0,False,5,5,8,,,,,,,,,,,,,,,,,,,
frozen_clean,mmke-visual,paligemma-3b,abs_cos_norm,3,1.0,False,"5,4,3","5,3",8,,,,,,,,,,,,,,,,,,,
frozen_clean,mmke-visual,paligemma-3b,one_minus_cos_norm,1,1.0,True,4,,8,99.026,99.026,99.22999999999999,99.22999999999999,99.22,99.22,98.68,98.68,100.0,100.0,98.0,98.0,4,99.026,99.22999999999999,99.22,98.68,100.0,98.0
frozen_clean,mmke-visual,paligemma-3b,one_minus_cos_norm,3,1.0,False,"4,5,3","5,3",8,,,,,,,,,,,,,,,,,,,
frozen_clean,mmke-visual,paligemma-3b,signed_cos_norm,1,1.0,False,5,5,8,,,,,,,,,,,,,,,,,,,
frozen_clean,mmke-visual,paligemma-3b,signed_cos_norm,3,1.0,False,"5,4,3","5,3",8,,,,,,,,,,,,,,,,,,,
frozen_clean,mmke-visual,paligemma-3b,cos,1,1.0,False,5,5,8,,,,,,,,,,,,,,,,,,,
frozen_clean,mmke-visual,paligemma-3b,cos,3,1.0,False,"5,4,16","5,16",8,,,,,,,,,,,,,,,,,,,
frozen_clean,mmke-visual,paligemma-3b,dot,1,1.0,False,5,5,8,,,,,,,,,,,,,,,,,,,
frozen_clean,mmke-visual,paligemma-3b,dot,3,1.0,False,"5,4,3","5,3",8,,,,,,,,,,,,,,,,,,,
frozen_clean,mmke-visual,paligemma-3b,depth2_norm,1,1.0,False,7,7,8,,,,,,,,,,,,,,,,,,,
frozen_clean,mmke-visual,paligemma-3b,depth2_norm,3,1.0,False,"7,5,8","7,5",8,,,,,,,,,,,,,,,,,,,
frozen_clean,mmke-visual,paligemma-3b,negative_cos_norm,1,1.0,False,,,8,,,,,,,,,,,,,,,,,,,
frozen_clean,mmke-visual,paligemma-3b,negative_cos_norm,3,1.0,False,,,8,,,,,,,,,,,,,,,,,,,
frozen_clean,mmke-visual,smolvlm-1.7b,norm,1,1.0,True,0,,21,71.36,71.36,54.33,54.33,54.21,54.21,54.12,54.12,100.0,100.0,94.16,94.16,0,71.36,54.33,54.21,54.12,100.0,94.16
frozen_clean,mmke-visual,smolvlm-1.7b,norm,3,1.0,True,"0,1,2",,21,71.36,70.68733333333334,54.33,53.26666666666667,54.21,53.05666666666667,54.12,53.26,100.0,100.0,94.16,93.86,0,71.36,54.33,54.21,54.12,100.0,94.16
frozen_clean,mmke-visual,smolvlm-1.7b,abs_cos_norm,1,1.0,True,0,,21,71.36,71.36,54.33,54.33,54.21,54.21,54.12,54.12,100.0,100.0,94.16,94.16,0,71.36,54.33,54.21,54.12,100.0,94.16
frozen_clean,mmke-visual,smolvlm-1.7b,abs_cos_norm,3,1.0,True,"0,1,2",,21,71.36,70.68733333333334,54.33,53.26666666666667,54.21,53.05666666666667,54.12,53.26,100.0,100.0,94.16,93.86,0,71.36,54.33,54.21,54.12,100.0,94.16
frozen_clean,mmke-visual,smolvlm-1.7b,one_minus_cos_norm,1,1.0,True,0,,21,71.36,71.36,54.33,54.33,54.21,54.21,54.12,54.12,100.0,100.0,94.16,94.16,0,71.36,54.33,54.21,54.12,100.0,94.16
frozen_clean,mmke-visual,smolvlm-1.7b,one_minus_cos_norm,3,1.0,True,"0,1,2",,21,71.36,70.68733333333334,54.33,53.26666666666667,54.21,53.05666666666667,54.12,53.26,100.0,100.0,94.16,93.86,0,71.36,54.33,54.21,54.12,100.0,94.16
frozen_clean,mmke-visual,smolvlm-1.7b,signed_cos_norm,1,1.0,True,0,,21,71.36,71.36,54.33,54.33,54.21,54.21,54.12,54.12,100.0,100.0,94.16,94.16,0,71.36,54.33,54.21,54.12,100.0,94.16
frozen_clean,mmke-visual,smolvlm-1.7b,signed_cos_norm,3,1.0,True,"0,1,2",,21,71.36,70.68733333333334,54.33,53.26666666666667,54.21,53.05666666666667,54.12,53.26,100.0,100.0,94.16,93.86,0,71.36,54.33,54.21,54.12,100.0,94.16
frozen_clean,mmke-visual,smolvlm-1.7b,cos,1,1.0,True,7,,21,70.77,70.77,53.44,53.44,53.3,53.3,53.54,53.54,100.0,100.0,93.58,93.58,7,70.77,53.44,53.3,53.54,100.0,93.58
frozen_clean,mmke-visual,smolvlm-1.7b,cos,3,1.0,True,"7,6,5",,21,70.77,70.324,53.44,52.49333333333333,53.3,52.44333333333333,53.54,52.81,100.0,100.0,94.62,93.88,7,70.77,53.44,53.3,53.54,100.0,93.58
frozen_clean,mmke-visual,smolvlm-1.7b,dot,1,1.0,True,0,,21,71.36,71.36,54.33,54.33,54.21,54.21,54.12,54.12,100.0,100.0,94.16,94.16,0,71.36,54.33,54.21,54.12,100.0,94.16
frozen_clean,mmke-visual,smolvlm-1.7b,dot,3,1.0,True,"0,1,2",,21,71.36,70.68733333333334,54.33,53.26666666666667,54.21,53.05666666666667,54.12,53.26,100.0,100.0,94.16,93.86,0,71.36,54.33,54.21,54.12,100.0,94.16
frozen_clean,mmke-visual,smolvlm-1.7b,depth2_norm,1,1.0,True,11,,21,69.62,69.62,51.49,51.49,51.39,51.39,51.34,51.34,100.0,100.0,93.86,93.86,11,69.62,51.49,51.39,51.34,100.0,93.86
frozen_clean,mmke-visual,smolvlm-1.7b,depth2_norm,3,1.0,True,"11,10,9",,21,69.62,69.47000000000001,51.49,51.330000000000005,51.39,51.21,51.34,51.27333333333333,100.0,100.0,93.88,93.52999999999999,11,69.62,51.49,51.39,51.34,100.0,93.86
frozen_clean,mmke-visual,smolvlm-1.7b,negative_cos_norm,1,1.0,False,,,21,,,,,,,,,,,,,,,,,,,
frozen_clean,mmke-visual,smolvlm-1.7b,negative_cos_norm,3,1.0,False,,,21,,,,,,,,,,,,,,,,,,,
frozen_clean,mmke-entity,blip2-opt-2.7b,norm,1,0.44654088050314467,True,0,,21,65.86,65.86,57.71,57.71,57.63,57.63,57.62,57.62,100.0,100.0,56.32,56.32,0,65.86,57.71,57.63,57.62,100.0,56.32
frozen_clean,mmke-entity,blip2-opt-2.7b,norm,3,0.44654088050314467,True,"0,1,2",,21,72.504,69.89466666666667,57.94,57.82,57.91,57.79,57.96,57.81,100.0,100.0,88.71,76.05,1,72.504,57.94,57.91,57.96,100.0,88.71
frozen_clean,mmke-entity,blip2-opt-2.7b,abs_cos_norm,1,0.44654088050314467,True,0,,21,65.86,65.86,57.71,57.71,57.63,57.63,57.62,57.62,100.0,100.0,56.32,56.32,0,65.86,57.71,57.63,57.62,100.0,56.32
frozen_clean,mmke-entity,blip2-opt-2.7b,abs_cos_norm,3,0.44654088050314467,True,"0,1,2",,21,72.504,69.89466666666667,57.94,57.82,57.91,57.79,57.96,57.81,100.0,100.0,88.71,76.05,1,72.504,57.94,57.91,57.96,100.0,88.71
frozen_clean,mmke-entity,blip2-opt-2.7b,one_minus_cos_norm,1,0.44654088050314467,True,0,,21,65.86,65.86,57.71,57.71,57.63,57.63,57.62,57.62,100.0,100.0,56.32,56.32,0,65.86,57.71,57.63,57.62,100.0,56.32
frozen_clean,mmke-entity,blip2-opt-2.7b,one_minus_cos_norm,3,0.44654088050314467,True,"0,1,2",,21,72.504,69.89466666666667,57.94,57.82,57.91,57.79,57.96,57.81,100.0,100.0,88.71,76.05,1,72.504,57.94,57.91,57.96,100.0,88.71
frozen_clean,mmke-entity,blip2-opt-2.7b,signed_cos_norm,1,0.44654088050314467,True,0,,21,65.86,65.86,57.71,57.71,57.63,57.63,57.62,57.62,100.0,100.0,56.32,56.32,0,65.86,57.71,57.63,57.62,100.0,56.32
frozen_clean,mmke-entity,blip2-opt-2.7b,signed_cos_norm,3,0.44654088050314467,True,"0,1,2",,21,72.504,69.89466666666667,57.94,57.82,57.91,57.79,57.96,57.81,100.0,100.0,88.71,76.05,1,72.504,57.94,57.91,57.96,100.0,88.71
frozen_clean,mmke-entity,blip2-opt-2.7b,cos,1,0.44654088050314467,True,0,,21,65.86,65.86,57.71,57.71,57.63,57.63,57.62,57.62,100.0,100.0,56.32,56.32,0,65.86,57.71,57.63,57.62,100.0,56.32
frozen_clean,mmke-entity,blip2-opt-2.7b,cos,3,0.44654088050314467,True,"0,1,2",,21,72.504,69.89466666666667,57.94,57.82,57.91,57.79,57.96,57.81,100.0,100.0,88.71,76.05,1,72.504,57.94,57.91,57.96,100.0,88.71
frozen_clean,mmke-entity,blip2-opt-2.7b,dot,1,0.44654088050314467,True,29,,21,70.92,70.92,52.75,52.75,52.77,52.77,52.67,52.67,100.0,100.0,96.4,96.4,29,70.92,52.75,52.77,52.67,100.0,96.4
frozen_clean,mmke-entity,blip2-opt-2.7b,dot,3,0.44654088050314467,False,"29,30,28",28,21,,,,,,,,,,,,,,,,,,,
frozen_clean,mmke-entity,blip2-opt-2.7b,depth2_norm,1,0.44654088050314467,True,25,,21,70.76,70.76,52.23,52.23,52.3,52.3,52.3,52.3,100.0,100.0,96.99,96.99,25,70.76,52.23,52.3,52.3,100.0,96.99
frozen_clean,mmke-entity,blip2-opt-2.7b,depth2_norm,3,0.44654088050314467,True,"25,26,24",,21,70.8,70.49000000000001,52.23,52.07333333333333,52.33,52.133333333333326,52.3,52.03666666666667,100.0,100.0,97.45,96.21333333333332,24,70.8,52.18,52.33,52.03,100.0,97.45
frozen_clean,mmke-entity,blip2-opt-2.7b,negative_cos_norm,1,0.44654088050314467,True,16,,21,69.45,69.45,51.01,51.01,50.98,50.98,50.99,50.99,100.0,100.0,94.25,94.25,16,69.45,51.01,50.98,50.99,100.0,94.25
frozen_clean,mmke-entity,blip2-opt-2.7b,negative_cos_norm,3,0.44654088050314467,True,"16,17,18",,21,70.26,69.94333333333334,51.25,51.07666666666666,51.31,51.099999999999994,51.27,51.07333333333333,100.0,100.0,97.64,96.45666666666666,17,70.26,51.25,51.31,51.27,100.0,97.48
frozen_clean,mmke-entity,instructblip-vicuna-7b,norm,1,1.0,True,1,,22,69.18,69.18,48.72,48.72,48.85,48.85,48.71,48.71,100.0,100.0,99.61,99.61,1,69.18,48.72,48.85,48.71,100.0,99.61
frozen_clean,mmke-entity,instructblip-vicuna-7b,norm,3,1.0,True,"1,0,3",,22,69.18,62.50666666666667,48.72,38.18,48.85,38.11333333333334,48.74,38.17666666666667,100.0,100.0,99.61,98.06,1,69.18,48.72,48.85,48.71,100.0,99.61
frozen_clean,mmke-entity,instructblip-vicuna-7b,abs_cos_norm,1,1.0,True,1,,22,69.18,69.18,48.72,48.72,48.85,48.85,48.71,48.71,100.0,100.0,99.61,99.61,1,69.18,48.72,48.85,48.71,100.0,99.61
frozen_clean,mmke-entity,instructblip-vicuna-7b,abs_cos_norm,3,1.0,True,"1,0,3",,22,69.18,62.50666666666667,48.72,38.18,48.85,38.11333333333334,48.74,38.17666666666667,100.0,100.0,99.61,98.06,1,69.18,48.72,48.85,48.71,100.0,99.61
frozen_clean,mmke-entity,instructblip-vicuna-7b,one_minus_cos_norm,1,1.0,True,3,,22,50.02,50.02,17.12,17.12,16.72,16.72,17.08,17.08,100.0,100.0,99.19,99.19,3,50.02,17.12,16.72,17.08,100.0,99.19
frozen_clean,mmke-entity,instructblip-vicuna-7b,one_minus_cos_norm,3,1.0,True,"3,4,5",,22,50.02,49.03666666666667,17.12,15.393333333333336,16.72,14.899999999999999,17.08,15.323333333333332,100.0,100.0,99.82,99.57666666666667,3,50.02,17.12,16.72,17.08,100.0,99.19
frozen_clean,mmke-entity,instructblip-vicuna-7b,signed_cos_norm,1,1.0,True,1,,22,69.18,69.18,48.72,48.72,48.85,48.85,48.71,48.71,100.0,100.0,99.61,99.61,1,69.18,48.72,48.85,48.71,100.0,99.61
frozen_clean,mmke-entity,instructblip-vicuna-7b,signed_cos_norm,3,1.0,True,"1,0,3",,22,69.18,62.50666666666667,48.72,38.18,48.85,38.11333333333334,48.74,38.17666666666667,100.0,100.0,99.61,98.06,1,69.18,48.72,48.85,48.71,100.0,99.61
frozen_clean,mmke-entity,instructblip-vicuna-7b,cos,1,1.0,True,29,,22,46.7,46.7,11.66,11.66,10.67,10.67,11.61,11.61,100.0,100.0,99.58,99.58,29,46.7,11.66,10.67,11.61,100.0,99.58
frozen_clean,mmke-entity,instructblip-vicuna-7b,cos,3,1.0,True,"29,30,27",,22,46.94,46.70666666666667,12.24,11.716666666666667,11.65,10.87,12.2,11.63,100.0,100.0,99.8,99.33666666666666,27,46.94,12.24,11.65,12.2,100.0,98.63
frozen_clean,mmke-entity,instructblip-vicuna-7b,dot,1,1.0,True,1,,22,69.18,69.18,48.72,48.72,48.85,48.85,48.71,48.71,100.0,100.0,99.61,99.61,1,69.18,48.72,48.85,48.71,100.0,99.61
frozen_clean,mmke-entity,instructblip-vicuna-7b,dot,3,1.0,True,"1,0,3",,22,69.18,62.50666666666667,48.72,38.18,48.85,38.11333333333334,48.74,38.17666666666667,100.0,100.0,99.61,98.06,1,69.18,48.72,48.85,48.71,100.0,99.61
frozen_clean,mmke-entity,instructblip-vicuna-7b,depth2_norm,1,1.0,True,27,,22,46.94,46.94,12.24,12.24,11.65,11.65,12.2,12.2,100.0,100.0,98.63,98.63,27,46.94,12.24,11.65,12.2,100.0,98.63
frozen_clean,mmke-entity,instructblip-vicuna-7b,depth2_norm,3,1.0,True,"27,26,25",,22,47.58,47.34666666666667,13.1,12.756666666666668,12.44,12.146666666666667,13.08,12.723333333333334,100.0,100.0,99.42,99.10666666666667,25,47.58,13.1,12.44,13.08,100.0,99.27
frozen_clean,mmke-entity,instructblip-vicuna-7b,negative_cos_norm,1,1.0,False,,,22,,,,,,,,,,,,,,,,,,,
frozen_clean,mmke-entity,instructblip-vicuna-7b,negative_cos_norm,3,1.0,False,,,22,,,,,,,,,,,,,,,,,,,
frozen_clean,mmke-entity,minigpt-4-vicuna-7b,norm,1,1.0,True,0,,17,75.336,75.336,59.3,59.3,59.23,59.23,59.19,59.19,100.0,100.0,98.96,98.96,0,75.336,59.3,59.23,59.19,100.0,98.96
frozen_clean,mmke-entity,minigpt-4-vicuna-7b,norm,3,1.0,True,"0,1,2",,17,75.55,75.34933333333333,59.89,59.5,59.84,59.44,59.78,59.41,100.0,100.0,98.96,98.39666666666666,2,75.55,59.89,59.84,59.78,100.0,98.24
frozen_clean,mmke-entity,minigpt-4-vicuna-7b,abs_cos_norm,1,1.0,True,27,,17,75.824,75.824,60.48,60.48,60.61,60.61,60.44,60.44,100.0,100.0,97.59,97.59,27,75.824,60.48,60.61,60.44,100.0,97.59
frozen_clean,mmke-entity,minigpt-4-vicuna-7b,abs_cos_norm,3,1.0,True,"27,28,26",,17,76.04,75.79466666666667,60.66,60.28333333333333,60.69,60.39666666666667,60.67,60.23666666666667,100.0,100.0,98.4,98.06333333333335,28,76.04,60.66,60.69,60.67,100.0,98.2
frozen_clean,mmke-entity,minigpt-4-vicuna-7b,one_minus_cos_norm,1,1.0,True,0,,17,75.336,75.336,59.3,59.3,59.23,59.23,59.19,59.19,100.0,100.0,98.96,98.96,0,75.336,59.3,59.23,59.19,100.0,98.96
frozen_clean,mmke-entity,minigpt-4-vicuna-7b,one_minus_cos_norm,3,1.0,True,"0,1,2",,17,75.55,75.34933333333333,59.89,59.5,59.84,59.44,59.78,59.41,100.0,100.0,98.96,98.39666666666666,2,75.55,59.89,59.84,59.78,100.0,98.24
frozen_clean,mmke-entity,minigpt-4-vicuna-7b,signed_cos_norm,1,1.0,True,0,,17,75.336,75.336,59.3,59.3,59.23,59.23,59.19,59.19,100.0,100.0,98.96,98.96,0,75.336,59.3,59.23,59.19,100.0,98.96
frozen_clean,mmke-entity,minigpt-4-vicuna-7b,signed_cos_norm,3,1.0,False,"0,1,30",30,17,,,,,,,,,,,,,,,,,,,
frozen_clean,mmke-entity,minigpt-4-vicuna-7b,cos,1,1.0,True,0,,17,75.336,75.336,59.3,59.3,59.23,59.23,59.19,59.19,100.0,100.0,98.96,98.96,0,75.336,59.3,59.23,59.19,100.0,98.96
frozen_clean,mmke-entity,minigpt-4-vicuna-7b,cos,3,1.0,True,"0,1,2",,17,75.55,75.34933333333333,59.89,59.5,59.84,59.44,59.78,59.41,100.0,100.0,98.96,98.39666666666666,2,75.55,59.89,59.84,59.78,100.0,98.24
frozen_clean,mmke-entity,minigpt-4-vicuna-7b,dot,1,1.0,False,30,30,17,,,,,,,,,,,,,,,,,,,
frozen_clean,mmke-entity,minigpt-4-vicuna-7b,dot,3,1.0,False,"30,29,28","30,29",17,,,,,,,,,,,,,,,,,,,
frozen_clean,mmke-entity,minigpt-4-vicuna-7b,depth2_norm,1,1.0,True,27,,17,75.824,75.824,60.48,60.48,60.61,60.61,60.44,60.44,100.0,100.0,97.59,97.59,27,75.824,60.48,60.61,60.44,100.0,97.59
frozen_clean,mmke-entity,minigpt-4-vicuna-7b,depth2_norm,3,1.0,True,"27,26,28",,17,76.04,75.79466666666667,60.66,60.28333333333333,60.69,60.39666666666667,60.67,60.23666666666666,100.0,100.0,98.4,98.06333333333333,28,76.04,60.66,60.69,60.67,100.0,98.2
frozen_clean,mmke-entity,minigpt-4-vicuna-7b,negative_cos_norm,1,1.0,True,27,,17,75.824,75.824,60.48,60.48,60.61,60.61,60.44,60.44,100.0,100.0,97.59,97.59,27,75.824,60.48,60.61,60.44,100.0,97.59
frozen_clean,mmke-entity,minigpt-4-vicuna-7b,negative_cos_norm,3,1.0,True,"27,28,26",,17,76.04,75.79466666666667,60.66,60.28333333333333,60.69,60.39666666666667,60.67,60.23666666666667,100.0,100.0,98.4,98.06333333333335,28,76.04,60.66,60.69,60.67,100.0,98.2
frozen_clean,mmke-entity,llava-v1.5-7b,norm,1,1.0,False,0,0,9,,,,,,,,,,,,,,,,,,,
frozen_clean,mmke-entity,llava-v1.5-7b,norm,3,1.0,False,"0,1,6","0,1,6",9,,,,,,,,,,,,,,,,,,,
frozen_clean,mmke-entity,llava-v1.5-7b,abs_cos_norm,1,1.0,False,13,13,9,,,,,,,,,,,,,,,,,,,
frozen_clean,mmke-entity,llava-v1.5-7b,abs_cos_norm,3,1.0,False,"13,11,12","13,11,12",9,,,,,,,,,,,,,,,,,,,
frozen_clean,mmke-entity,llava-v1.5-7b,one_minus_cos_norm,1,1.0,False,0,0,9,,,,,,,,,,,,,,,,,,,
frozen_clean,mmke-entity,llava-v1.5-7b,one_minus_cos_norm,3,1.0,False,"0,1,6","0,1,6",9,,,,,,,,,,,,,,,,,,,
frozen_clean,mmke-entity,llava-v1.5-7b,signed_cos_norm,1,1.0,False,0,0,9,,,,,,,,,,,,,,,,,,,
frozen_clean,mmke-entity,llava-v1.5-7b,signed_cos_norm,3,1.0,False,"0,1,20","0,1,20",9,,,,,,,,,,,,,,,,,,,
frozen_clean,mmke-entity,llava-v1.5-7b,cos,1,1.0,False,0,0,9,,,,,,,,,,,,,,,,,,,
frozen_clean,mmke-entity,llava-v1.5-7b,cos,3,1.0,False,"0,21,20","0,21,20",9,,,,,,,,,,,,,,,,,,,
frozen_clean,mmke-entity,llava-v1.5-7b,dot,1,1.0,False,29,29,9,,,,,,,,,,,,,,,,,,,
frozen_clean,mmke-entity,llava-v1.5-7b,dot,3,1.0,False,"29,21,30","29,21,30",9,,,,,,,,,,,,,,,,,,,
frozen_clean,mmke-entity,llava-v1.5-7b,depth2_norm,1,1.0,False,18,18,9,,,,,,,,,,,,,,,,,,,
frozen_clean,mmke-entity,llava-v1.5-7b,depth2_norm,3,1.0,False,"18,15,13","18,13",9,,,,,,,,,,,,,,,,,,,
frozen_clean,mmke-entity,llava-v1.5-7b,negative_cos_norm,1,1.0,False,13,13,9,,,,,,,,,,,,,,,,,,,
frozen_clean,mmke-entity,llava-v1.5-7b,negative_cos_norm,3,1.0,False,"13,11,12","13,11,12",9,,,,,,,,,,,,,,,,,,,
frozen_clean,mmke-entity,qwen2.5-vl-3b,norm,1,1.0,True,0,,18,72.22,72.22,54.78,54.78,54.49,54.49,54.88,54.88,100.0,100.0,96.93,96.93,0,72.22,54.78,54.49,54.88,100.0,96.93
frozen_clean,mmke-entity,qwen2.5-vl-3b,norm,3,1.0,True,"0,1,2",,18,72.28,72.18,54.88,54.78333333333333,54.78,54.620000000000005,54.96,54.89666666666667,100.0,100.0,97.25,96.58333333333333,1,72.28,54.69,54.59,54.85,100.0,97.25
frozen_clean,mmke-entity,qwen2.5-vl-3b,abs_cos_norm,1,1.0,True,0,,18,72.22,72.22,54.78,54.78,54.49,54.49,54.88,54.88,100.0,100.0,96.93,96.93,0,72.22,54.78,54.49,54.88,100.0,96.93
frozen_clean,mmke-entity,qwen2.5-vl-3b,abs_cos_norm,3,1.0,True,"0,1,2",,18,72.28,72.18,54.88,54.78333333333333,54.78,54.620000000000005,54.96,54.89666666666667,100.0,100.0,97.25,96.58333333333333,1,72.28,54.69,54.59,54.85,100.0,97.25
frozen_clean,mmke-entity,qwen2.5-vl-3b,one_minus_cos_norm,1,1.0,True,0,,18,72.22,72.22,54.78,54.78,54.49,54.49,54.88,54.88,100.0,100.0,96.93,96.93,0,72.22,54.78,54.49,54.88,100.0,96.93
frozen_clean,mmke-entity,qwen2.5-vl-3b,one_minus_cos_norm,3,1.0,True,"0,1,2",,18,72.28,72.18,54.88,54.78333333333333,54.78,54.620000000000005,54.96,54.89666666666667,100.0,100.0,97.25,96.58333333333333,1,72.28,54.69,54.59,54.85,100.0,97.25
frozen_clean,mmke-entity,qwen2.5-vl-3b,signed_cos_norm,1,1.0,True,0,,18,72.22,72.22,54.78,54.78,54.49,54.49,54.88,54.88,100.0,100.0,96.93,96.93,0,72.22,54.78,54.49,54.88,100.0,96.93
frozen_clean,mmke-entity,qwen2.5-vl-3b,signed_cos_norm,3,1.0,True,"0,1,2",,18,72.28,72.18,54.88,54.78333333333333,54.78,54.620000000000005,54.96,54.89666666666667,100.0,100.0,97.25,96.58333333333333,1,72.28,54.69,54.59,54.85,100.0,97.25
frozen_clean,mmke-entity,qwen2.5-vl-3b,cos,1,1.0,False,12,12,18,,,,,,,,,,,,,,,,,,,
frozen_clean,mmke-entity,qwen2.5-vl-3b,cos,3,1.0,False,"12,11,10","12,11,10",18,,,,,,,,,,,,,,,,,,,
frozen_clean,mmke-entity,qwen2.5-vl-3b,dot,1,1.0,True,0,,18,72.22,72.22,54.78,54.78,54.49,54.49,54.88,54.88,100.0,100.0,96.93,96.93,0,72.22,54.78,54.49,54.88,100.0,96.93
frozen_clean,mmke-entity,qwen2.5-vl-3b,dot,3,1.0,True,"0,1,2",,18,72.28,72.18,54.88,54.78333333333333,54.78,54.620000000000005,54.96,54.89666666666667,100.0,100.0,97.25,96.58333333333333,1,72.28,54.69,54.59,54.85,100.0,97.25
frozen_clean,mmke-entity,qwen2.5-vl-3b,depth2_norm,1,1.0,True,22,,18,71.3,71.3,53.59,53.59,53.36,53.36,53.53,53.53,100.0,100.0,96.0,96.0,22,71.3,53.59,53.36,53.53,100.0,96.0
frozen_clean,mmke-entity,qwen2.5-vl-3b,depth2_norm,3,1.0,True,"22,20,21",,18,71.3,71.05666666666666,53.59,53.160000000000004,53.36,52.96333333333333,53.53,53.17666666666667,100.0,100.0,96.3,95.97333333333334,22,71.3,53.59,53.36,53.53,100.0,96.0
frozen_clean,mmke-entity,qwen2.5-vl-3b,negative_cos_norm,1,1.0,False,,,18,,,,,,,,,,,,,,,,,,,
frozen_clean,mmke-entity,qwen2.5-vl-3b,negative_cos_norm,3,1.0,False,,,18,,,,,,,,,,,,,,,,,,,
frozen_clean,mmke-entity,paligemma-3b,norm,1,1.0,True,5,,14,90.81,90.81,88.46,88.46,88.47,88.47,88.73,88.73,100.0,100.0,88.39,88.39,5,90.81,88.46,88.47,88.73,100.0,88.39
frozen_clean,mmke-entity,paligemma-3b,norm,3,1.0,True,"5,4,3",,14,96.136,93.30533333333334,96.56,92.17999999999999,96.55,92.17,96.83,92.5,100.0,100.0,90.74,89.67333333333333,4,96.136,96.56,96.55,96.83,100.0,90.74
frozen_clean,mmke-entity,paligemma-3b,abs_cos_norm,1,1.0,True,5,,14,90.81,90.81,88.46,88.46,88.47,88.47,88.73,88.73,100.0,100.0,88.39,88.39,5,90.81,88.46,88.47,88.73,100.0,88.39
frozen_clean,mmke-entity,paligemma-3b,abs_cos_norm,3,1.0,True,"5,4,3",,14,96.136,93.30533333333334,96.56,92.17999999999999,96.55,92.17,96.83,92.5,100.0,100.0,90.74,89.67333333333333,4,96.136,96.56,96.55,96.83,100.0,90.74
frozen_clean,mmke-entity,paligemma-3b,one_minus_cos_norm,1,1.0,True,4,,14,96.136,96.136,96.56,96.56,96.55,96.55,96.83,96.83,100.0,100.0,90.74,90.74,4,96.136,96.56,96.55,96.83,100.0,90.74
frozen_clean,mmke-entity,paligemma-3b,one_minus_cos_norm,3,1.0,True,"4,5,3",,14,96.136,93.30533333333334,96.56,92.17999999999999,96.55,92.17,96.83,92.5,100.0,100.0,90.74,89.67333333333333,4,96.136,96.56,96.55,96.83,100.0,90.74
frozen_clean,mmke-entity,paligemma-3b,signed_cos_norm,1,1.0,True,5,,14,90.81,90.81,88.46,88.46,88.47,88.47,88.73,88.73,100.0,100.0,88.39,88.39,5,90.81,88.46,88.47,88.73,100.0,88.39
frozen_clean,mmke-entity,paligemma-3b,signed_cos_norm,3,1.0,True,"5,4,3",,14,96.136,93.30533333333334,96.56,92.17999999999999,96.55,92.17,96.83,92.5,100.0,100.0,90.74,89.67333333333333,4,96.136,96.56,96.55,96.83,100.0,90.74
frozen_clean,mmke-entity,paligemma-3b,cos,1,1.0,True,5,,14,90.81,90.81,88.46,88.46,88.47,88.47,88.73,88.73,100.0,100.0,88.39,88.39,5,90.81,88.46,88.47,88.73,100.0,88.39
frozen_clean,mmke-entity,paligemma-3b,cos,3,1.0,False,"5,4,16",16,14,,,,,,,,,,,,,,,,,,,
frozen_clean,mmke-entity,paligemma-3b,dot,1,1.0,True,5,,14,90.81,90.81,88.46,88.46,88.47,88.47,88.73,88.73,100.0,100.0,88.39,88.39,5,90.81,88.46,88.47,88.73,100.0,88.39
frozen_clean,mmke-entity,paligemma-3b,dot,3,1.0,True,"5,4,3",,14,96.136,93.30533333333334,96.56,92.17999999999999,96.55,92.17,96.83,92.5,100.0,100.0,90.74,89.67333333333333,4,96.136,96.56,96.55,96.83,100.0,90.74
frozen_clean,mmke-entity,paligemma-3b,depth2_norm,1,1.0,True,7,,14,90.12,90.12,84.71,84.71,84.65,84.65,84.72,84.72,100.0,100.0,96.53,96.53,7,90.12,84.71,84.65,84.72,100.0,96.53
frozen_clean,mmke-entity,paligemma-3b,depth2_norm,3,1.0,True,"7,5,8",,14,96.3,92.41000000000001,95.94,89.70333333333333,95.81,89.64333333333333,96.0,89.81666666666666,100.0,100.0,96.53,92.88333333333334,8,96.3,95.94,95.81,96.0,100.0,93.73
frozen_clean,mmke-entity,paligemma-3b,negative_cos_norm,1,1.0,False,,,14,,,,,,,,,,,,,,,,,,,
frozen_clean,mmke-entity,paligemma-3b,negative_cos_norm,3,1.0,False,,,14,,,,,,,,,,,,,,,,,,,
frozen_clean,mmke-entity,smolvlm-1.7b,norm,1,1.0,True,0,,15,70.47,70.47,51.76,51.76,51.75,51.75,51.71,51.71,100.0,100.0,97.11,97.11,0,70.47,51.76,51.75,51.71,100.0,97.11
frozen_clean,mmke-entity,smolvlm-1.7b,norm,3,1.0,True,"0,1,2",,15,71.12,70.88,52.8,52.379999999999995,52.79,52.346666666666664,52.69,52.346666666666664,100.0,100.0,97.52,97.31,2,71.12,52.8,52.79,52.69,100.0,97.3
frozen_clean,mmke-entity,smolvlm-1.7b,abs_cos_norm,1,1.0,True,0,,15,70.47,70.47,51.76,51.76,51.75,51.75,51.71,51.71,100.0,100.0,97.11,97.11,0,70.47,51.76,51.75,51.71,100.0,97.11
frozen_clean,mmke-entity,smolvlm-1.7b,abs_cos_norm,3,1.0,True,"0,1,2",,15,71.12,70.88,52.8,52.379999999999995,52.79,52.346666666666664,52.69,52.346666666666664,100.0,100.0,97.52,97.31,2,71.12,52.8,52.79,52.69,100.0,97.3
frozen_clean,mmke-entity,smolvlm-1.7b,one_minus_cos_norm,1,1.0,True,0,,15,70.47,70.47,51.76,51.76,51.75,51.75,51.71,51.71,100.0,100.0,97.11,97.11,0,70.47,51.76,51.75,51.71,100.0,97.11
frozen_clean,mmke-entity,smolvlm-1.7b,one_minus_cos_norm,3,1.0,True,"0,1,2",,15,71.12,70.88,52.8,52.379999999999995,52.79,52.346666666666664,52.69,52.346666666666664,100.0,100.0,97.52,97.31,2,71.12,52.8,52.79,52.69,100.0,97.3
frozen_clean,mmke-entity,smolvlm-1.7b,signed_cos_norm,1,1.0,True,0,,15,70.47,70.47,51.76,51.76,51.75,51.75,51.71,51.71,100.0,100.0,97.11,97.11,0,70.47,51.76,51.75,51.71,100.0,97.11
frozen_clean,mmke-entity,smolvlm-1.7b,signed_cos_norm,3,1.0,True,"0,1,2",,15,71.12,70.88,52.8,52.379999999999995,52.79,52.346666666666664,52.69,52.346666666666664,100.0,100.0,97.52,97.31,2,71.12,52.8,52.79,52.69,100.0,97.3
frozen_clean,mmke-entity,smolvlm-1.7b,cos,1,1.0,True,6,,15,70.49,70.49,51.98,51.98,51.99,51.99,52.03,52.03,100.0,100.0,96.46,96.46,6,70.49,51.98,51.99,52.03,100.0,96.46
frozen_clean,mmke-entity,smolvlm-1.7b,cos,3,1.0,False,"6,7,5",5,15,,,,,,,,,,,,,,,,,,,
frozen_clean,mmke-entity,smolvlm-1.7b,dot,1,1.0,True,0,,15,70.47,70.47,51.76,51.76,51.75,51.75,51.71,51.71,100.0,100.0,97.11,97.11,0,70.47,51.76,51.75,51.71,100.0,97.11
frozen_clean,mmke-entity,smolvlm-1.7b,dot,3,1.0,True,"0,1,2",,15,71.12,70.88,52.8,52.379999999999995,52.79,52.346666666666664,52.69,52.346666666666664,100.0,100.0,97.52,97.31,2,71.12,52.8,52.79,52.69,100.0,97.3
frozen_clean,mmke-entity,smolvlm-1.7b,depth2_norm,1,1.0,True,11,,15,69.55,69.55,50.22,50.22,50.39,50.39,50.18,50.18,100.0,100.0,96.97,96.97,11,69.55,50.22,50.39,50.18,100.0,96.97
frozen_clean,mmke-entity,smolvlm-1.7b,depth2_norm,3,1.0,True,"11,10,9",,15,70.62,70.20333333333333,52.21,51.43000000000001,52.14,51.49,52.14,51.38999999999999,100.0,100.0,96.97,96.70333333333333,10,70.62,52.21,52.14,52.14,100.0,96.59
frozen_clean,mmke-entity,smolvlm-1.7b,negative_cos_norm,1,1.0,False,,,15,,,,,,,,,,,,,,,,,,,
frozen_clean,mmke-entity,smolvlm-1.7b,negative_cos_norm,3,1.0,False,,,15,,,,,,,,,,,,,,,,,,,
