dataset,model,cohort,variant,similarity_samples,sample_coverage,rule,metric,global_peak,global_peak_endpoint,local_peak_centers,region,observed_inside,missing_inside,n_outside,complete,mean_inside,mean_outside,delta_pp,region_contains_observed_best
evqa-pilot500,blip2-opt-2.7b,matched_gradient,none,465,0.93,global_80,Rel,8,False,"[3, 5, 8, 29]","[1, 2, 3, 4, 5, 6, 7, 8, 9, 10, 11, 12, 13, 14]","[1, 2, 3, 4, 5, 10, 14]","[6, 7, 8, 9, 11, 12, 13]",13,False,52.92428571428571,53.80461538461539,-0.8803296703296795,True
evqa-pilot500,blip2-opt-2.7b,matched_gradient,none,465,0.93,global_80,T-Gen,8,False,"[3, 5, 8, 29]","[1, 2, 3, 4, 5, 6, 7, 8, 9, 10, 11, 12, 13, 14]","[1, 2, 3, 4, 5, 10, 14]","[6, 7, 8, 9, 11, 12, 13]",13,False,49.615714285714276,50.429999999999986,-0.8142857142857096,True
evqa-pilot500,blip2-opt-2.7b,matched_gradient,none,465,0.93,global_80,M-Gen,8,False,"[3, 5, 8, 29]","[1, 2, 3, 4, 5, 6, 7, 8, 9, 10, 11, 12, 13, 14]","[1, 2, 3, 4, 5, 10, 14]","[6, 7, 8, 9, 11, 12, 13]",13,False,50.51857142857143,52.28461538461538,-1.7660439560439514,True
evqa-pilot500,blip2-opt-2.7b,matched_gradient,none,465,0.93,global_80,T-Loc,8,False,"[3, 5, 8, 29]","[1, 2, 3, 4, 5, 6, 7, 8, 9, 10, 11, 12, 13, 14]","[1, 2, 3, 4, 5, 10, 14]","[6, 7, 8, 9, 11, 12, 13]",13,False,100.0,100.0,0.0,True
evqa-pilot500,blip2-opt-2.7b,matched_gradient,none,465,0.93,global_80,M-Loc,8,False,"[3, 5, 8, 29]","[1, 2, 3, 4, 5, 6, 7, 8, 9, 10, 11, 12, 13, 14]","[1, 2, 3, 4, 5, 10, 14]","[6, 7, 8, 9, 11, 12, 13]",13,False,65.17571428571429,77.26692307692308,-12.091208791208786,False
evqa-pilot500,blip2-opt-2.7b,matched_gradient,none,465,0.93,global_80,Average,8,False,"[3, 5, 8, 29]","[1, 2, 3, 4, 5, 6, 7, 8, 9, 10, 11, 12, 13, 14]","[1, 2, 3, 4, 5, 10, 14]","[6, 7, 8, 9, 11, 12, 13]",13,False,63.646857142857144,66.75723076923079,-3.1103736263736437,False
evqa-pilot500,blip2-opt-2.7b,matched_gradient,none,465,0.93,global_90,Rel,8,False,"[3, 5, 8, 29]","[2, 3, 4, 5, 6, 7, 8, 9, 10, 11, 12]","[2, 3, 4, 5, 10]","[6, 7, 8, 9, 11, 12]",15,False,50.952,54.34466666666666,-3.3926666666666634,False
evqa-pilot500,blip2-opt-2.7b,matched_gradient,none,465,0.93,global_90,T-Gen,8,False,"[3, 5, 8, 29]","[2, 3, 4, 5, 6, 7, 8, 9, 10, 11, 12]","[2, 3, 4, 5, 10]","[6, 7, 8, 9, 11, 12]",15,False,47.678,50.96733333333332,-3.2893333333333246,False
evqa-pilot500,blip2-opt-2.7b,matched_gradient,none,465,0.93,global_90,M-Gen,8,False,"[3, 5, 8, 29]","[2, 3, 4, 5, 6, 7, 8, 9, 10, 11, 12]","[2, 3, 4, 5, 10]","[6, 7, 8, 9, 11, 12]",15,False,48.482,52.727999999999994,-4.245999999999995,False
evqa-pilot500,blip2-opt-2.7b,matched_gradient,none,465,0.93,global_90,T-Loc,8,False,"[3, 5, 8, 29]","[2, 3, 4, 5, 6, 7, 8, 9, 10, 11, 12]","[2, 3, 4, 5, 10]","[6, 7, 8, 9, 11, 12]",15,False,100.0,100.0,0.0,True
evqa-pilot500,blip2-opt-2.7b,matched_gradient,none,465,0.93,global_90,M-Loc,8,False,"[3, 5, 8, 29]","[2, 3, 4, 5, 6, 7, 8, 9, 10, 11, 12]","[2, 3, 4, 5, 10]","[6, 7, 8, 9, 11, 12]",15,False,64.71799999999999,75.80733333333333,-11.089333333333343,False
evqa-pilot500,blip2-opt-2.7b,matched_gradient,none,465,0.93,global_90,Average,8,False,"[3, 5, 8, 29]","[2, 3, 4, 5, 6, 7, 8, 9, 10, 11, 12]","[2, 3, 4, 5, 10]","[6, 7, 8, 9, 11, 12]",15,False,62.36600000000001,66.76946666666669,-4.403466666666681,False
evqa-pilot500,blip2-opt-2.7b,matched_gradient,none,465,0.93,global_95,Rel,8,False,"[3, 5, 8, 29]","[2, 3, 4, 5, 6, 7, 8, 9, 10, 11]","[2, 3, 4, 5, 10]","[6, 7, 8, 9, 11]",15,False,50.952,54.34466666666666,-3.3926666666666634,False
evqa-pilot500,blip2-opt-2.7b,matched_gradient,none,465,0.93,global_95,T-Gen,8,False,"[3, 5, 8, 29]","[2, 3, 4, 5, 6, 7, 8, 9, 10, 11]","[2, 3, 4, 5, 10]","[6, 7, 8, 9, 11]",15,False,47.678,50.96733333333332,-3.2893333333333246,False
evqa-pilot500,blip2-opt-2.7b,matched_gradient,none,465,0.93,global_95,M-Gen,8,False,"[3, 5, 8, 29]","[2, 3, 4, 5, 6, 7, 8, 9, 10, 11]","[2, 3, 4, 5, 10]","[6, 7, 8, 9, 11]",15,False,48.482,52.727999999999994,-4.245999999999995,False
evqa-pilot500,blip2-opt-2.7b,matched_gradient,none,465,0.93,global_95,T-Loc,8,False,"[3, 5, 8, 29]","[2, 3, 4, 5, 6, 7, 8, 9, 10, 11]","[2, 3, 4, 5, 10]","[6, 7, 8, 9, 11]",15,False,100.0,100.0,0.0,True
evqa-pilot500,blip2-opt-2.7b,matched_gradient,none,465,0.93,global_95,M-Loc,8,False,"[3, 5, 8, 29]","[2, 3, 4, 5, 6, 7, 8, 9, 10, 11]","[2, 3, 4, 5, 10]","[6, 7, 8, 9, 11]",15,False,64.71799999999999,75.80733333333333,-11.089333333333343,False
evqa-pilot500,blip2-opt-2.7b,matched_gradient,none,465,0.93,global_95,Average,8,False,"[3, 5, 8, 29]","[2, 3, 4, 5, 6, 7, 8, 9, 10, 11]","[2, 3, 4, 5, 10]","[6, 7, 8, 9, 11]",15,False,62.36600000000001,66.76946666666669,-4.403466666666681,False
evqa-pilot500,blip2-opt-2.7b,matched_gradient,none,465,0.93,interior_pm1,Rel,8,False,"[3, 5, 8, 29]","[7, 8, 9]",[],"[7, 8, 9]",20,False,,53.496500000000005,,False
evqa-pilot500,blip2-opt-2.7b,matched_gradient,none,465,0.93,interior_pm1,T-Gen,8,False,"[3, 5, 8, 29]","[7, 8, 9]",[],"[7, 8, 9]",20,False,,50.144999999999996,,False
evqa-pilot500,blip2-opt-2.7b,matched_gradient,none,465,0.93,interior_pm1,M-Gen,8,False,"[3, 5, 8, 29]","[7, 8, 9]",[],"[7, 8, 9]",20,False,,51.6665,,False
evqa-pilot500,blip2-opt-2.7b,matched_gradient,none,465,0.93,interior_pm1,T-Loc,8,False,"[3, 5, 8, 29]","[7, 8, 9]",[],"[7, 8, 9]",20,False,,100.0,,False
evqa-pilot500,blip2-opt-2.7b,matched_gradient,none,465,0.93,interior_pm1,M-Loc,8,False,"[3, 5, 8, 29]","[7, 8, 9]",[],"[7, 8, 9]",20,False,,73.035,,False
evqa-pilot500,blip2-opt-2.7b,matched_gradient,none,465,0.93,interior_pm1,Average,8,False,"[3, 5, 8, 29]","[7, 8, 9]",[],"[7, 8, 9]",20,False,,65.6686,,False
evqa-pilot500,blip2-opt-2.7b,matched_gradient,alt,465,0.93,global_80,Rel,5,False,"[3, 5, 29]","[1, 2, 3, 4, 5, 6, 7, 8, 9, 10, 11, 12, 13, 14]","[1, 2, 3, 4, 5, 10, 14]","[6, 7, 8, 9, 11, 12, 13]",13,False,52.92428571428571,53.80461538461539,-0.8803296703296795,True
evqa-pilot500,blip2-opt-2.7b,matched_gradient,alt,465,0.93,global_80,T-Gen,5,False,"[3, 5, 29]","[1, 2, 3, 4, 5, 6, 7, 8, 9, 10, 11, 12, 13, 14]","[1, 2, 3, 4, 5, 10, 14]","[6, 7, 8, 9, 11, 12, 13]",13,False,49.615714285714276,50.429999999999986,-0.8142857142857096,True
evqa-pilot500,blip2-opt-2.7b,matched_gradient,alt,465,0.93,global_80,M-Gen,5,False,"[3, 5, 29]","[1, 2, 3, 4, 5, 6, 7, 8, 9, 10, 11, 12, 13, 14]","[1, 2, 3, 4, 5, 10, 14]","[6, 7, 8, 9, 11, 12, 13]",13,False,50.51857142857143,52.28461538461538,-1.7660439560439514,True
evqa-pilot500,blip2-opt-2.7b,matched_gradient,alt,465,0.93,global_80,T-Loc,5,False,"[3, 5, 29]","[1, 2, 3, 4, 5, 6, 7, 8, 9, 10, 11, 12, 13, 14]","[1, 2, 3, 4, 5, 10, 14]","[6, 7, 8, 9, 11, 12, 13]",13,False,100.0,100.0,0.0,True
evqa-pilot500,blip2-opt-2.7b,matched_gradient,alt,465,0.93,global_80,M-Loc,5,False,"[3, 5, 29]","[1, 2, 3, 4, 5, 6, 7, 8, 9, 10, 11, 12, 13, 14]","[1, 2, 3, 4, 5, 10, 14]","[6, 7, 8, 9, 11, 12, 13]",13,False,65.17571428571429,77.26692307692308,-12.091208791208786,False
evqa-pilot500,blip2-opt-2.7b,matched_gradient,alt,465,0.93,global_80,Average,5,False,"[3, 5, 29]","[1, 2, 3, 4, 5, 6, 7, 8, 9, 10, 11, 12, 13, 14]","[1, 2, 3, 4, 5, 10, 14]","[6, 7, 8, 9, 11, 12, 13]",13,False,63.646857142857144,66.75723076923079,-3.1103736263736437,False
evqa-pilot500,blip2-opt-2.7b,matched_gradient,alt,465,0.93,global_90,Rel,5,False,"[3, 5, 29]","[2, 3, 4, 5, 6, 7, 8, 9, 10, 11, 12]","[2, 3, 4, 5, 10]","[6, 7, 8, 9, 11, 12]",15,False,50.952,54.34466666666666,-3.3926666666666634,False
evqa-pilot500,blip2-opt-2.7b,matched_gradient,alt,465,0.93,global_90,T-Gen,5,False,"[3, 5, 29]","[2, 3, 4, 5, 6, 7, 8, 9, 10, 11, 12]","[2, 3, 4, 5, 10]","[6, 7, 8, 9, 11, 12]",15,False,47.678,50.96733333333332,-3.2893333333333246,False
evqa-pilot500,blip2-opt-2.7b,matched_gradient,alt,465,0.93,global_90,M-Gen,5,False,"[3, 5, 29]","[2, 3, 4, 5, 6, 7, 8, 9, 10, 11, 12]","[2, 3, 4, 5, 10]","[6, 7, 8, 9, 11, 12]",15,False,48.482,52.727999999999994,-4.245999999999995,False
evqa-pilot500,blip2-opt-2.7b,matched_gradient,alt,465,0.93,global_90,T-Loc,5,False,"[3, 5, 29]","[2, 3, 4, 5, 6, 7, 8, 9, 10, 11, 12]","[2, 3, 4, 5, 10]","[6, 7, 8, 9, 11, 12]",15,False,100.0,100.0,0.0,True
evqa-pilot500,blip2-opt-2.7b,matched_gradient,alt,465,0.93,global_90,M-Loc,5,False,"[3, 5, 29]","[2, 3, 4, 5, 6, 7, 8, 9, 10, 11, 12]","[2, 3, 4, 5, 10]","[6, 7, 8, 9, 11, 12]",15,False,64.71799999999999,75.80733333333333,-11.089333333333343,False
evqa-pilot500,blip2-opt-2.7b,matched_gradient,alt,465,0.93,global_90,Average,5,False,"[3, 5, 29]","[2, 3, 4, 5, 6, 7, 8, 9, 10, 11, 12]","[2, 3, 4, 5, 10]","[6, 7, 8, 9, 11, 12]",15,False,62.36600000000001,66.76946666666669,-4.403466666666681,False
evqa-pilot500,blip2-opt-2.7b,matched_gradient,alt,465,0.93,global_95,Rel,5,False,"[3, 5, 29]","[2, 3, 4, 5, 6, 7, 8, 9, 10]","[2, 3, 4, 5, 10]","[6, 7, 8, 9]",15,False,50.952,54.34466666666666,-3.3926666666666634,False
evqa-pilot500,blip2-opt-2.7b,matched_gradient,alt,465,0.93,global_95,T-Gen,5,False,"[3, 5, 29]","[2, 3, 4, 5, 6, 7, 8, 9, 10]","[2, 3, 4, 5, 10]","[6, 7, 8, 9]",15,False,47.678,50.96733333333332,-3.2893333333333246,False
evqa-pilot500,blip2-opt-2.7b,matched_gradient,alt,465,0.93,global_95,M-Gen,5,False,"[3, 5, 29]","[2, 3, 4, 5, 6, 7, 8, 9, 10]","[2, 3, 4, 5, 10]","[6, 7, 8, 9]",15,False,48.482,52.727999999999994,-4.245999999999995,False
evqa-pilot500,blip2-opt-2.7b,matched_gradient,alt,465,0.93,global_95,T-Loc,5,False,"[3, 5, 29]","[2, 3, 4, 5, 6, 7, 8, 9, 10]","[2, 3, 4, 5, 10]","[6, 7, 8, 9]",15,False,100.0,100.0,0.0,True
evqa-pilot500,blip2-opt-2.7b,matched_gradient,alt,465,0.93,global_95,M-Loc,5,False,"[3, 5, 29]","[2, 3, 4, 5, 6, 7, 8, 9, 10]","[2, 3, 4, 5, 10]","[6, 7, 8, 9]",15,False,64.71799999999999,75.80733333333333,-11.089333333333343,False
evqa-pilot500,blip2-opt-2.7b,matched_gradient,alt,465,0.93,global_95,Average,5,False,"[3, 5, 29]","[2, 3, 4, 5, 6, 7, 8, 9, 10]","[2, 3, 4, 5, 10]","[6, 7, 8, 9]",15,False,62.36600000000001,66.76946666666669,-4.403466666666681,False
evqa-pilot500,blip2-opt-2.7b,matched_gradient,alt,465,0.93,interior_pm1,Rel,5,False,"[3, 5, 29]","[4, 5, 6]","[4, 5]",[6],18,False,52.96,53.55611111111111,-0.5961111111111066,False
evqa-pilot500,blip2-opt-2.7b,matched_gradient,alt,465,0.93,interior_pm1,T-Gen,5,False,"[3, 5, 29]","[4, 5, 6]","[4, 5]",[6],18,False,49.925,50.16944444444444,-0.24444444444444002,False
evqa-pilot500,blip2-opt-2.7b,matched_gradient,alt,465,0.93,interior_pm1,M-Gen,5,False,"[3, 5, 29]","[4, 5, 6]","[4, 5]",[6],18,False,49.995,51.852222222222224,-1.8572222222222265,False
evqa-pilot500,blip2-opt-2.7b,matched_gradient,alt,465,0.93,interior_pm1,T-Loc,5,False,"[3, 5, 29]","[4, 5, 6]","[4, 5]",[6],18,False,100.0,100.0,0.0,True
evqa-pilot500,blip2-opt-2.7b,matched_gradient,alt,465,0.93,interior_pm1,M-Loc,5,False,"[3, 5, 29]","[4, 5, 6]","[4, 5]",[6],18,False,62.504999999999995,74.20499999999998,-11.699999999999989,False
evqa-pilot500,blip2-opt-2.7b,matched_gradient,alt,465,0.93,interior_pm1,Average,5,False,"[3, 5, 29]","[4, 5, 6]","[4, 5]",[6],18,False,63.077,65.95655555555555,-2.879555555555555,False
evqa-pilot500,blip2-opt-2.7b,matched_gradient,model_pred,465,0.93,global_80,Rel,5,False,"[3, 5]","[1, 2, 3, 4, 5, 6, 7, 8, 9, 10, 11, 12, 13, 14]","[1, 2, 3, 4, 5, 10, 14]","[6, 7, 8, 9, 11, 12, 13]",13,False,52.92428571428571,53.80461538461539,-0.8803296703296795,True
evqa-pilot500,blip2-opt-2.7b,matched_gradient,model_pred,465,0.93,global_80,T-Gen,5,False,"[3, 5]","[1, 2, 3, 4, 5, 6, 7, 8, 9, 10, 11, 12, 13, 14]","[1, 2, 3, 4, 5, 10, 14]","[6, 7, 8, 9, 11, 12, 13]",13,False,49.615714285714276,50.429999999999986,-0.8142857142857096,True
evqa-pilot500,blip2-opt-2.7b,matched_gradient,model_pred,465,0.93,global_80,M-Gen,5,False,"[3, 5]","[1, 2, 3, 4, 5, 6, 7, 8, 9, 10, 11, 12, 13, 14]","[1, 2, 3, 4, 5, 10, 14]","[6, 7, 8, 9, 11, 12, 13]",13,False,50.51857142857143,52.28461538461538,-1.7660439560439514,True
evqa-pilot500,blip2-opt-2.7b,matched_gradient,model_pred,465,0.93,global_80,T-Loc,5,False,"[3, 5]","[1, 2, 3, 4, 5, 6, 7, 8, 9, 10, 11, 12, 13, 14]","[1, 2, 3, 4, 5, 10, 14]","[6, 7, 8, 9, 11, 12, 13]",13,False,100.0,100.0,0.0,True
evqa-pilot500,blip2-opt-2.7b,matched_gradient,model_pred,465,0.93,global_80,M-Loc,5,False,"[3, 5]","[1, 2, 3, 4, 5, 6, 7, 8, 9, 10, 11, 12, 13, 14]","[1, 2, 3, 4, 5, 10, 14]","[6, 7, 8, 9, 11, 12, 13]",13,False,65.17571428571429,77.26692307692308,-12.091208791208786,False
evqa-pilot500,blip2-opt-2.7b,matched_gradient,model_pred,465,0.93,global_80,Average,5,False,"[3, 5]","[1, 2, 3, 4, 5, 6, 7, 8, 9, 10, 11, 12, 13, 14]","[1, 2, 3, 4, 5, 10, 14]","[6, 7, 8, 9, 11, 12, 13]",13,False,63.646857142857144,66.75723076923079,-3.1103736263736437,False
evqa-pilot500,blip2-opt-2.7b,matched_gradient,model_pred,465,0.93,global_90,Rel,5,False,"[3, 5]","[2, 3, 4, 5, 6, 7, 8, 9, 10, 11, 12]","[2, 3, 4, 5, 10]","[6, 7, 8, 9, 11, 12]",15,False,50.952,54.34466666666666,-3.3926666666666634,False
evqa-pilot500,blip2-opt-2.7b,matched_gradient,model_pred,465,0.93,global_90,T-Gen,5,False,"[3, 5]","[2, 3, 4, 5, 6, 7, 8, 9, 10, 11, 12]","[2, 3, 4, 5, 10]","[6, 7, 8, 9, 11, 12]",15,False,47.678,50.96733333333332,-3.2893333333333246,False
evqa-pilot500,blip2-opt-2.7b,matched_gradient,model_pred,465,0.93,global_90,M-Gen,5,False,"[3, 5]","[2, 3, 4, 5, 6, 7, 8, 9, 10, 11, 12]","[2, 3, 4, 5, 10]","[6, 7, 8, 9, 11, 12]",15,False,48.482,52.727999999999994,-4.245999999999995,False
evqa-pilot500,blip2-opt-2.7b,matched_gradient,model_pred,465,0.93,global_90,T-Loc,5,False,"[3, 5]","[2, 3, 4, 5, 6, 7, 8, 9, 10, 11, 12]","[2, 3, 4, 5, 10]","[6, 7, 8, 9, 11, 12]",15,False,100.0,100.0,0.0,True
evqa-pilot500,blip2-opt-2.7b,matched_gradient,model_pred,465,0.93,global_90,M-Loc,5,False,"[3, 5]","[2, 3, 4, 5, 6, 7, 8, 9, 10, 11, 12]","[2, 3, 4, 5, 10]","[6, 7, 8, 9, 11, 12]",15,False,64.71799999999999,75.80733333333333,-11.089333333333343,False
evqa-pilot500,blip2-opt-2.7b,matched_gradient,model_pred,465,0.93,global_90,Average,5,False,"[3, 5]","[2, 3, 4, 5, 6, 7, 8, 9, 10, 11, 12]","[2, 3, 4, 5, 10]","[6, 7, 8, 9, 11, 12]",15,False,62.36600000000001,66.76946666666669,-4.403466666666681,False
evqa-pilot500,blip2-opt-2.7b,matched_gradient,model_pred,465,0.93,global_95,Rel,5,False,"[3, 5]","[2, 3, 4, 5, 6, 7, 8, 9, 10]","[2, 3, 4, 5, 10]","[6, 7, 8, 9]",15,False,50.952,54.34466666666666,-3.3926666666666634,False
evqa-pilot500,blip2-opt-2.7b,matched_gradient,model_pred,465,0.93,global_95,T-Gen,5,False,"[3, 5]","[2, 3, 4, 5, 6, 7, 8, 9, 10]","[2, 3, 4, 5, 10]","[6, 7, 8, 9]",15,False,47.678,50.96733333333332,-3.2893333333333246,False
evqa-pilot500,blip2-opt-2.7b,matched_gradient,model_pred,465,0.93,global_95,M-Gen,5,False,"[3, 5]","[2, 3, 4, 5, 6, 7, 8, 9, 10]","[2, 3, 4, 5, 10]","[6, 7, 8, 9]",15,False,48.482,52.727999999999994,-4.245999999999995,False
evqa-pilot500,blip2-opt-2.7b,matched_gradient,model_pred,465,0.93,global_95,T-Loc,5,False,"[3, 5]","[2, 3, 4, 5, 6, 7, 8, 9, 10]","[2, 3, 4, 5, 10]","[6, 7, 8, 9]",15,False,100.0,100.0,0.0,True
evqa-pilot500,blip2-opt-2.7b,matched_gradient,model_pred,465,0.93,global_95,M-Loc,5,False,"[3, 5]","[2, 3, 4, 5, 6, 7, 8, 9, 10]","[2, 3, 4, 5, 10]","[6, 7, 8, 9]",15,False,64.71799999999999,75.80733333333333,-11.089333333333343,False
evqa-pilot500,blip2-opt-2.7b,matched_gradient,model_pred,465,0.93,global_95,Average,5,False,"[3, 5]","[2, 3, 4, 5, 6, 7, 8, 9, 10]","[2, 3, 4, 5, 10]","[6, 7, 8, 9]",15,False,62.36600000000001,66.76946666666669,-4.403466666666681,False
evqa-pilot500,blip2-opt-2.7b,matched_gradient,model_pred,465,0.93,interior_pm1,Rel,5,False,"[3, 5]","[4, 5, 6]","[4, 5]",[6],18,False,52.96,53.55611111111111,-0.5961111111111066,False
evqa-pilot500,blip2-opt-2.7b,matched_gradient,model_pred,465,0.93,interior_pm1,T-Gen,5,False,"[3, 5]","[4, 5, 6]","[4, 5]",[6],18,False,49.925,50.16944444444444,-0.24444444444444002,False
evqa-pilot500,blip2-opt-2.7b,matched_gradient,model_pred,465,0.93,interior_pm1,M-Gen,5,False,"[3, 5]","[4, 5, 6]","[4, 5]",[6],18,False,49.995,51.852222222222224,-1.8572222222222265,False
evqa-pilot500,blip2-opt-2.7b,matched_gradient,model_pred,465,0.93,interior_pm1,T-Loc,5,False,"[3, 5]","[4, 5, 6]","[4, 5]",[6],18,False,100.0,100.0,0.0,True
evqa-pilot500,blip2-opt-2.7b,matched_gradient,model_pred,465,0.93,interior_pm1,M-Loc,5,False,"[3, 5]","[4, 5, 6]","[4, 5]",[6],18,False,62.504999999999995,74.20499999999998,-11.699999999999989,False
evqa-pilot500,blip2-opt-2.7b,matched_gradient,model_pred,465,0.93,interior_pm1,Average,5,False,"[3, 5]","[4, 5, 6]","[4, 5]",[6],18,False,63.077,65.95655555555555,-2.879555555555555,False
evqa-pilot500,blip2-opt-2.7b,available_train,none,500,1.0,global_80,Rel,8,False,"[3, 5, 8, 29]","[1, 2, 3, 4, 5, 6, 7, 8, 9, 10, 11, 12, 13, 14]","[1, 2, 3, 4, 5, 10, 14]","[6, 7, 8, 9, 11, 12, 13]",13,False,52.92428571428571,53.80461538461539,-0.8803296703296795,True
evqa-pilot500,blip2-opt-2.7b,available_train,none,500,1.0,global_80,T-Gen,8,False,"[3, 5, 8, 29]","[1, 2, 3, 4, 5, 6, 7, 8, 9, 10, 11, 12, 13, 14]","[1, 2, 3, 4, 5, 10, 14]","[6, 7, 8, 9, 11, 12, 13]",13,False,49.615714285714276,50.429999999999986,-0.8142857142857096,True
evqa-pilot500,blip2-opt-2.7b,available_train,none,500,1.0,global_80,M-Gen,8,False,"[3, 5, 8, 29]","[1, 2, 3, 4, 5, 6, 7, 8, 9, 10, 11, 12, 13, 14]","[1, 2, 3, 4, 5, 10, 14]","[6, 7, 8, 9, 11, 12, 13]",13,False,50.51857142857143,52.28461538461538,-1.7660439560439514,True
evqa-pilot500,blip2-opt-2.7b,available_train,none,500,1.0,global_80,T-Loc,8,False,"[3, 5, 8, 29]","[1, 2, 3, 4, 5, 6, 7, 8, 9, 10, 11, 12, 13, 14]","[1, 2, 3, 4, 5, 10, 14]","[6, 7, 8, 9, 11, 12, 13]",13,False,100.0,100.0,0.0,True
evqa-pilot500,blip2-opt-2.7b,available_train,none,500,1.0,global_80,M-Loc,8,False,"[3, 5, 8, 29]","[1, 2, 3, 4, 5, 6, 7, 8, 9, 10, 11, 12, 13, 14]","[1, 2, 3, 4, 5, 10, 14]","[6, 7, 8, 9, 11, 12, 13]",13,False,65.17571428571429,77.26692307692308,-12.091208791208786,False
evqa-pilot500,blip2-opt-2.7b,available_train,none,500,1.0,global_80,Average,8,False,"[3, 5, 8, 29]","[1, 2, 3, 4, 5, 6, 7, 8, 9, 10, 11, 12, 13, 14]","[1, 2, 3, 4, 5, 10, 14]","[6, 7, 8, 9, 11, 12, 13]",13,False,63.646857142857144,66.75723076923079,-3.1103736263736437,False
evqa-pilot500,blip2-opt-2.7b,available_train,none,500,1.0,global_90,Rel,8,False,"[3, 5, 8, 29]","[2, 3, 4, 5, 6, 7, 8, 9, 10, 11, 12]","[2, 3, 4, 5, 10]","[6, 7, 8, 9, 11, 12]",15,False,50.952,54.34466666666666,-3.3926666666666634,False
evqa-pilot500,blip2-opt-2.7b,available_train,none,500,1.0,global_90,T-Gen,8,False,"[3, 5, 8, 29]","[2, 3, 4, 5, 6, 7, 8, 9, 10, 11, 12]","[2, 3, 4, 5, 10]","[6, 7, 8, 9, 11, 12]",15,False,47.678,50.96733333333332,-3.2893333333333246,False
evqa-pilot500,blip2-opt-2.7b,available_train,none,500,1.0,global_90,M-Gen,8,False,"[3, 5, 8, 29]","[2, 3, 4, 5, 6, 7, 8, 9, 10, 11, 12]","[2, 3, 4, 5, 10]","[6, 7, 8, 9, 11, 12]",15,False,48.482,52.727999999999994,-4.245999999999995,False
evqa-pilot500,blip2-opt-2.7b,available_train,none,500,1.0,global_90,T-Loc,8,False,"[3, 5, 8, 29]","[2, 3, 4, 5, 6, 7, 8, 9, 10, 11, 12]","[2, 3, 4, 5, 10]","[6, 7, 8, 9, 11, 12]",15,False,100.0,100.0,0.0,True
evqa-pilot500,blip2-opt-2.7b,available_train,none,500,1.0,global_90,M-Loc,8,False,"[3, 5, 8, 29]","[2, 3, 4, 5, 6, 7, 8, 9, 10, 11, 12]","[2, 3, 4, 5, 10]","[6, 7, 8, 9, 11, 12]",15,False,64.71799999999999,75.80733333333333,-11.089333333333343,False
evqa-pilot500,blip2-opt-2.7b,available_train,none,500,1.0,global_90,Average,8,False,"[3, 5, 8, 29]","[2, 3, 4, 5, 6, 7, 8, 9, 10, 11, 12]","[2, 3, 4, 5, 10]","[6, 7, 8, 9, 11, 12]",15,False,62.36600000000001,66.76946666666669,-4.403466666666681,False
evqa-pilot500,blip2-opt-2.7b,available_train,none,500,1.0,global_95,Rel,8,False,"[3, 5, 8, 29]","[2, 3, 4, 5, 6, 7, 8, 9, 10, 11]","[2, 3, 4, 5, 10]","[6, 7, 8, 9, 11]",15,False,50.952,54.34466666666666,-3.3926666666666634,False
evqa-pilot500,blip2-opt-2.7b,available_train,none,500,1.0,global_95,T-Gen,8,False,"[3, 5, 8, 29]","[2, 3, 4, 5, 6, 7, 8, 9, 10, 11]","[2, 3, 4, 5, 10]","[6, 7, 8, 9, 11]",15,False,47.678,50.96733333333332,-3.2893333333333246,False
evqa-pilot500,blip2-opt-2.7b,available_train,none,500,1.0,global_95,M-Gen,8,False,"[3, 5, 8, 29]","[2, 3, 4, 5, 6, 7, 8, 9, 10, 11]","[2, 3, 4, 5, 10]","[6, 7, 8, 9, 11]",15,False,48.482,52.727999999999994,-4.245999999999995,False
evqa-pilot500,blip2-opt-2.7b,available_train,none,500,1.0,global_95,T-Loc,8,False,"[3, 5, 8, 29]","[2, 3, 4, 5, 6, 7, 8, 9, 10, 11]","[2, 3, 4, 5, 10]","[6, 7, 8, 9, 11]",15,False,100.0,100.0,0.0,True
evqa-pilot500,blip2-opt-2.7b,available_train,none,500,1.0,global_95,M-Loc,8,False,"[3, 5, 8, 29]","[2, 3, 4, 5, 6, 7, 8, 9, 10, 11]","[2, 3, 4, 5, 10]","[6, 7, 8, 9, 11]",15,False,64.71799999999999,75.80733333333333,-11.089333333333343,False
evqa-pilot500,blip2-opt-2.7b,available_train,none,500,1.0,global_95,Average,8,False,"[3, 5, 8, 29]","[2, 3, 4, 5, 6, 7, 8, 9, 10, 11]","[2, 3, 4, 5, 10]","[6, 7, 8, 9, 11]",15,False,62.36600000000001,66.76946666666669,-4.403466666666681,False
evqa-pilot500,blip2-opt-2.7b,available_train,none,500,1.0,interior_pm1,Rel,8,False,"[3, 5, 8, 29]","[7, 8, 9]",[],"[7, 8, 9]",20,False,,53.496500000000005,,False
evqa-pilot500,blip2-opt-2.7b,available_train,none,500,1.0,interior_pm1,T-Gen,8,False,"[3, 5, 8, 29]","[7, 8, 9]",[],"[7, 8, 9]",20,False,,50.144999999999996,,False
evqa-pilot500,blip2-opt-2.7b,available_train,none,500,1.0,interior_pm1,M-Gen,8,False,"[3, 5, 8, 29]","[7, 8, 9]",[],"[7, 8, 9]",20,False,,51.6665,,False
evqa-pilot500,blip2-opt-2.7b,available_train,none,500,1.0,interior_pm1,T-Loc,8,False,"[3, 5, 8, 29]","[7, 8, 9]",[],"[7, 8, 9]",20,False,,100.0,,False
evqa-pilot500,blip2-opt-2.7b,available_train,none,500,1.0,interior_pm1,M-Loc,8,False,"[3, 5, 8, 29]","[7, 8, 9]",[],"[7, 8, 9]",20,False,,73.035,,False
evqa-pilot500,blip2-opt-2.7b,available_train,none,500,1.0,interior_pm1,Average,8,False,"[3, 5, 8, 29]","[7, 8, 9]",[],"[7, 8, 9]",20,False,,65.6686,,False
evqa-pilot500,blip2-opt-2.7b,available_train,alt,500,1.0,global_80,Rel,5,False,"[3, 5, 29]","[1, 2, 3, 4, 5, 6, 7, 8, 9, 10, 11, 12, 13, 14]","[1, 2, 3, 4, 5, 10, 14]","[6, 7, 8, 9, 11, 12, 13]",13,False,52.92428571428571,53.80461538461539,-0.8803296703296795,True
evqa-pilot500,blip2-opt-2.7b,available_train,alt,500,1.0,global_80,T-Gen,5,False,"[3, 5, 29]","[1, 2, 3, 4, 5, 6, 7, 8, 9, 10, 11, 12, 13, 14]","[1, 2, 3, 4, 5, 10, 14]","[6, 7, 8, 9, 11, 12, 13]",13,False,49.615714285714276,50.429999999999986,-0.8142857142857096,True
evqa-pilot500,blip2-opt-2.7b,available_train,alt,500,1.0,global_80,M-Gen,5,False,"[3, 5, 29]","[1, 2, 3, 4, 5, 6, 7, 8, 9, 10, 11, 12, 13, 14]","[1, 2, 3, 4, 5, 10, 14]","[6, 7, 8, 9, 11, 12, 13]",13,False,50.51857142857143,52.28461538461538,-1.7660439560439514,True
evqa-pilot500,blip2-opt-2.7b,available_train,alt,500,1.0,global_80,T-Loc,5,False,"[3, 5, 29]","[1, 2, 3, 4, 5, 6, 7, 8, 9, 10, 11, 12, 13, 14]","[1, 2, 3, 4, 5, 10, 14]","[6, 7, 8, 9, 11, 12, 13]",13,False,100.0,100.0,0.0,True
evqa-pilot500,blip2-opt-2.7b,available_train,alt,500,1.0,global_80,M-Loc,5,False,"[3, 5, 29]","[1, 2, 3, 4, 5, 6, 7, 8, 9, 10, 11, 12, 13, 14]","[1, 2, 3, 4, 5, 10, 14]","[6, 7, 8, 9, 11, 12, 13]",13,False,65.17571428571429,77.26692307692308,-12.091208791208786,False
evqa-pilot500,blip2-opt-2.7b,available_train,alt,500,1.0,global_80,Average,5,False,"[3, 5, 29]","[1, 2, 3, 4, 5, 6, 7, 8, 9, 10, 11, 12, 13, 14]","[1, 2, 3, 4, 5, 10, 14]","[6, 7, 8, 9, 11, 12, 13]",13,False,63.646857142857144,66.75723076923079,-3.1103736263736437,False
evqa-pilot500,blip2-opt-2.7b,available_train,alt,500,1.0,global_90,Rel,5,False,"[3, 5, 29]","[2, 3, 4, 5, 6, 7, 8, 9, 10, 11, 12]","[2, 3, 4, 5, 10]","[6, 7, 8, 9, 11, 12]",15,False,50.952,54.34466666666666,-3.3926666666666634,False
evqa-pilot500,blip2-opt-2.7b,available_train,alt,500,1.0,global_90,T-Gen,5,False,"[3, 5, 29]","[2, 3, 4, 5, 6, 7, 8, 9, 10, 11, 12]","[2, 3, 4, 5, 10]","[6, 7, 8, 9, 11, 12]",15,False,47.678,50.96733333333332,-3.2893333333333246,False
evqa-pilot500,blip2-opt-2.7b,available_train,alt,500,1.0,global_90,M-Gen,5,False,"[3, 5, 29]","[2, 3, 4, 5, 6, 7, 8, 9, 10, 11, 12]","[2, 3, 4, 5, 10]","[6, 7, 8, 9, 11, 12]",15,False,48.482,52.727999999999994,-4.245999999999995,False
evqa-pilot500,blip2-opt-2.7b,available_train,alt,500,1.0,global_90,T-Loc,5,False,"[3, 5, 29]","[2, 3, 4, 5, 6, 7, 8, 9, 10, 11, 12]","[2, 3, 4, 5, 10]","[6, 7, 8, 9, 11, 12]",15,False,100.0,100.0,0.0,True
evqa-pilot500,blip2-opt-2.7b,available_train,alt,500,1.0,global_90,M-Loc,5,False,"[3, 5, 29]","[2, 3, 4, 5, 6, 7, 8, 9, 10, 11, 12]","[2, 3, 4, 5, 10]","[6, 7, 8, 9, 11, 12]",15,False,64.71799999999999,75.80733333333333,-11.089333333333343,False
evqa-pilot500,blip2-opt-2.7b,available_train,alt,500,1.0,global_90,Average,5,False,"[3, 5, 29]","[2, 3, 4, 5, 6, 7, 8, 9, 10, 11, 12]","[2, 3, 4, 5, 10]","[6, 7, 8, 9, 11, 12]",15,False,62.36600000000001,66.76946666666669,-4.403466666666681,False
evqa-pilot500,blip2-opt-2.7b,available_train,alt,500,1.0,global_95,Rel,5,False,"[3, 5, 29]","[2, 3, 4, 5, 6, 7, 8, 9, 10]","[2, 3, 4, 5, 10]","[6, 7, 8, 9]",15,False,50.952,54.34466666666666,-3.3926666666666634,False
evqa-pilot500,blip2-opt-2.7b,available_train,alt,500,1.0,global_95,T-Gen,5,False,"[3, 5, 29]","[2, 3, 4, 5, 6, 7, 8, 9, 10]","[2, 3, 4, 5, 10]","[6, 7, 8, 9]",15,False,47.678,50.96733333333332,-3.2893333333333246,False
evqa-pilot500,blip2-opt-2.7b,available_train,alt,500,1.0,global_95,M-Gen,5,False,"[3, 5, 29]","[2, 3, 4, 5, 6, 7, 8, 9, 10]","[2, 3, 4, 5, 10]","[6, 7, 8, 9]",15,False,48.482,52.727999999999994,-4.245999999999995,False
evqa-pilot500,blip2-opt-2.7b,available_train,alt,500,1.0,global_95,T-Loc,5,False,"[3, 5, 29]","[2, 3, 4, 5, 6, 7, 8, 9, 10]","[2, 3, 4, 5, 10]","[6, 7, 8, 9]",15,False,100.0,100.0,0.0,True
evqa-pilot500,blip2-opt-2.7b,available_train,alt,500,1.0,global_95,M-Loc,5,False,"[3, 5, 29]","[2, 3, 4, 5, 6, 7, 8, 9, 10]","[2, 3, 4, 5, 10]","[6, 7, 8, 9]",15,False,64.71799999999999,75.80733333333333,-11.089333333333343,False
evqa-pilot500,blip2-opt-2.7b,available_train,alt,500,1.0,global_95,Average,5,False,"[3, 5, 29]","[2, 3, 4, 5, 6, 7, 8, 9, 10]","[2, 3, 4, 5, 10]","[6, 7, 8, 9]",15,False,62.36600000000001,66.76946666666669,-4.403466666666681,False
evqa-pilot500,blip2-opt-2.7b,available_train,alt,500,1.0,interior_pm1,Rel,5,False,"[3, 5, 29]","[4, 5, 6]","[4, 5]",[6],18,False,52.96,53.55611111111111,-0.5961111111111066,False
evqa-pilot500,blip2-opt-2.7b,available_train,alt,500,1.0,interior_pm1,T-Gen,5,False,"[3, 5, 29]","[4, 5, 6]","[4, 5]",[6],18,False,49.925,50.16944444444444,-0.24444444444444002,False
evqa-pilot500,blip2-opt-2.7b,available_train,alt,500,1.0,interior_pm1,M-Gen,5,False,"[3, 5, 29]","[4, 5, 6]","[4, 5]",[6],18,False,49.995,51.852222222222224,-1.8572222222222265,False
evqa-pilot500,blip2-opt-2.7b,available_train,alt,500,1.0,interior_pm1,T-Loc,5,False,"[3, 5, 29]","[4, 5, 6]","[4, 5]",[6],18,False,100.0,100.0,0.0,True
evqa-pilot500,blip2-opt-2.7b,available_train,alt,500,1.0,interior_pm1,M-Loc,5,False,"[3, 5, 29]","[4, 5, 6]","[4, 5]",[6],18,False,62.504999999999995,74.20499999999998,-11.699999999999989,False
evqa-pilot500,blip2-opt-2.7b,available_train,alt,500,1.0,interior_pm1,Average,5,False,"[3, 5, 29]","[4, 5, 6]","[4, 5]",[6],18,False,63.077,65.95655555555555,-2.879555555555555,False
evqa-pilot500,blip2-opt-2.7b,available_train,model_pred,465,0.93,global_80,Rel,5,False,"[3, 5]","[1, 2, 3, 4, 5, 6, 7, 8, 9, 10, 11, 12, 13, 14]","[1, 2, 3, 4, 5, 10, 14]","[6, 7, 8, 9, 11, 12, 13]",13,False,52.92428571428571,53.80461538461539,-0.8803296703296795,True
evqa-pilot500,blip2-opt-2.7b,available_train,model_pred,465,0.93,global_80,T-Gen,5,False,"[3, 5]","[1, 2, 3, 4, 5, 6, 7, 8, 9, 10, 11, 12, 13, 14]","[1, 2, 3, 4, 5, 10, 14]","[6, 7, 8, 9, 11, 12, 13]",13,False,49.615714285714276,50.429999999999986,-0.8142857142857096,True
evqa-pilot500,blip2-opt-2.7b,available_train,model_pred,465,0.93,global_80,M-Gen,5,False,"[3, 5]","[1, 2, 3, 4, 5, 6, 7, 8, 9, 10, 11, 12, 13, 14]","[1, 2, 3, 4, 5, 10, 14]","[6, 7, 8, 9, 11, 12, 13]",13,False,50.51857142857143,52.28461538461538,-1.7660439560439514,True
evqa-pilot500,blip2-opt-2.7b,available_train,model_pred,465,0.93,global_80,T-Loc,5,False,"[3, 5]","[1, 2, 3, 4, 5, 6, 7, 8, 9, 10, 11, 12, 13, 14]","[1, 2, 3, 4, 5, 10, 14]","[6, 7, 8, 9, 11, 12, 13]",13,False,100.0,100.0,0.0,True
evqa-pilot500,blip2-opt-2.7b,available_train,model_pred,465,0.93,global_80,M-Loc,5,False,"[3, 5]","[1, 2, 3, 4, 5, 6, 7, 8, 9, 10, 11, 12, 13, 14]","[1, 2, 3, 4, 5, 10, 14]","[6, 7, 8, 9, 11, 12, 13]",13,False,65.17571428571429,77.26692307692308,-12.091208791208786,False
evqa-pilot500,blip2-opt-2.7b,available_train,model_pred,465,0.93,global_80,Average,5,False,"[3, 5]","[1, 2, 3, 4, 5, 6, 7, 8, 9, 10, 11, 12, 13, 14]","[1, 2, 3, 4, 5, 10, 14]","[6, 7, 8, 9, 11, 12, 13]",13,False,63.646857142857144,66.75723076923079,-3.1103736263736437,False
evqa-pilot500,blip2-opt-2.7b,available_train,model_pred,465,0.93,global_90,Rel,5,False,"[3, 5]","[2, 3, 4, 5, 6, 7, 8, 9, 10, 11, 12]","[2, 3, 4, 5, 10]","[6, 7, 8, 9, 11, 12]",15,False,50.952,54.34466666666666,-3.3926666666666634,False
evqa-pilot500,blip2-opt-2.7b,available_train,model_pred,465,0.93,global_90,T-Gen,5,False,"[3, 5]","[2, 3, 4, 5, 6, 7, 8, 9, 10, 11, 12]","[2, 3, 4, 5, 10]","[6, 7, 8, 9, 11, 12]",15,False,47.678,50.96733333333332,-3.2893333333333246,False
evqa-pilot500,blip2-opt-2.7b,available_train,model_pred,465,0.93,global_90,M-Gen,5,False,"[3, 5]","[2, 3, 4, 5, 6, 7, 8, 9, 10, 11, 12]","[2, 3, 4, 5, 10]","[6, 7, 8, 9, 11, 12]",15,False,48.482,52.727999999999994,-4.245999999999995,False
evqa-pilot500,blip2-opt-2.7b,available_train,model_pred,465,0.93,global_90,T-Loc,5,False,"[3, 5]","[2, 3, 4, 5, 6, 7, 8, 9, 10, 11, 12]","[2, 3, 4, 5, 10]","[6, 7, 8, 9, 11, 12]",15,False,100.0,100.0,0.0,True
evqa-pilot500,blip2-opt-2.7b,available_train,model_pred,465,0.93,global_90,M-Loc,5,False,"[3, 5]","[2, 3, 4, 5, 6, 7, 8, 9, 10, 11, 12]","[2, 3, 4, 5, 10]","[6, 7, 8, 9, 11, 12]",15,False,64.71799999999999,75.80733333333333,-11.089333333333343,False
evqa-pilot500,blip2-opt-2.7b,available_train,model_pred,465,0.93,global_90,Average,5,False,"[3, 5]","[2, 3, 4, 5, 6, 7, 8, 9, 10, 11, 12]","[2, 3, 4, 5, 10]","[6, 7, 8, 9, 11, 12]",15,False,62.36600000000001,66.76946666666669,-4.403466666666681,False
evqa-pilot500,blip2-opt-2.7b,available_train,model_pred,465,0.93,global_95,Rel,5,False,"[3, 5]","[2, 3, 4, 5, 6, 7, 8, 9, 10]","[2, 3, 4, 5, 10]","[6, 7, 8, 9]",15,False,50.952,54.34466666666666,-3.3926666666666634,False
evqa-pilot500,blip2-opt-2.7b,available_train,model_pred,465,0.93,global_95,T-Gen,5,False,"[3, 5]","[2, 3, 4, 5, 6, 7, 8, 9, 10]","[2, 3, 4, 5, 10]","[6, 7, 8, 9]",15,False,47.678,50.96733333333332,-3.2893333333333246,False
evqa-pilot500,blip2-opt-2.7b,available_train,model_pred,465,0.93,global_95,M-Gen,5,False,"[3, 5]","[2, 3, 4, 5, 6, 7, 8, 9, 10]","[2, 3, 4, 5, 10]","[6, 7, 8, 9]",15,False,48.482,52.727999999999994,-4.245999999999995,False
evqa-pilot500,blip2-opt-2.7b,available_train,model_pred,465,0.93,global_95,T-Loc,5,False,"[3, 5]","[2, 3, 4, 5, 6, 7, 8, 9, 10]","[2, 3, 4, 5, 10]","[6, 7, 8, 9]",15,False,100.0,100.0,0.0,True
evqa-pilot500,blip2-opt-2.7b,available_train,model_pred,465,0.93,global_95,M-Loc,5,False,"[3, 5]","[2, 3, 4, 5, 6, 7, 8, 9, 10]","[2, 3, 4, 5, 10]","[6, 7, 8, 9]",15,False,64.71799999999999,75.80733333333333,-11.089333333333343,False
evqa-pilot500,blip2-opt-2.7b,available_train,model_pred,465,0.93,global_95,Average,5,False,"[3, 5]","[2, 3, 4, 5, 6, 7, 8, 9, 10]","[2, 3, 4, 5, 10]","[6, 7, 8, 9]",15,False,62.36600000000001,66.76946666666669,-4.403466666666681,False
evqa-pilot500,blip2-opt-2.7b,available_train,model_pred,465,0.93,interior_pm1,Rel,5,False,"[3, 5]","[4, 5, 6]","[4, 5]",[6],18,False,52.96,53.55611111111111,-0.5961111111111066,False
evqa-pilot500,blip2-opt-2.7b,available_train,model_pred,465,0.93,interior_pm1,T-Gen,5,False,"[3, 5]","[4, 5, 6]","[4, 5]",[6],18,False,49.925,50.16944444444444,-0.24444444444444002,False
evqa-pilot500,blip2-opt-2.7b,available_train,model_pred,465,0.93,interior_pm1,M-Gen,5,False,"[3, 5]","[4, 5, 6]","[4, 5]",[6],18,False,49.995,51.852222222222224,-1.8572222222222265,False
evqa-pilot500,blip2-opt-2.7b,available_train,model_pred,465,0.93,interior_pm1,T-Loc,5,False,"[3, 5]","[4, 5, 6]","[4, 5]",[6],18,False,100.0,100.0,0.0,True
evqa-pilot500,blip2-opt-2.7b,available_train,model_pred,465,0.93,interior_pm1,M-Loc,5,False,"[3, 5]","[4, 5, 6]","[4, 5]",[6],18,False,62.504999999999995,74.20499999999998,-11.699999999999989,False
evqa-pilot500,blip2-opt-2.7b,available_train,model_pred,465,0.93,interior_pm1,Average,5,False,"[3, 5]","[4, 5, 6]","[4, 5]",[6],18,False,63.077,65.95655555555555,-2.879555555555555,False
evqa-pilot500,instructblip-vicuna-7b,matched_gradient,none,500,1.0,global_80,Rel,22,False,"[5, 10, 14, 18, 22, 24, 27, 29]","[2, 3, 4, 5, 6, 7, 8, 9, 10, 11, 12, 13, 14, 15, 16, 17, 18, 19, 20, 21, 22, 23, 24, 25, 26, 27, 28, 29, 30, 31]","[2, 3, 4, 11, 14, 15, 16, 18, 19, 25, 26, 27, 28]","[5, 6, 7, 8, 9, 10, 12, 13, 17, 20, 21, 22, 23, 24, 29, 30, 31]",2,False,28.86230769230769,39.995000000000005,-11.132692307692313,False
evqa-pilot500,instructblip-vicuna-7b,matched_gradient,none,500,1.0,global_80,T-Gen,22,False,"[5, 10, 14, 18, 22, 24, 27, 29]","[2, 3, 4, 5, 6, 7, 8, 9, 10, 11, 12, 13, 14, 15, 16, 17, 18, 19, 20, 21, 22, 23, 24, 25, 26, 27, 28, 29, 30, 31]","[2, 3, 4, 11, 14, 15, 16, 18, 19, 25, 26, 27, 28]","[5, 6, 7, 8, 9, 10, 12, 13, 17, 20, 21, 22, 23, 24, 29, 30, 31]",2,False,27.70153846153847,38.67999999999999,-10.978461538461524,False
evqa-pilot500,instructblip-vicuna-7b,matched_gradient,none,500,1.0,global_80,M-Gen,22,False,"[5, 10, 14, 18, 22, 24, 27, 29]","[2, 3, 4, 5, 6, 7, 8, 9, 10, 11, 12, 13, 14, 15, 16, 17, 18, 19, 20, 21, 22, 23, 24, 25, 26, 27, 28, 29, 30, 31]","[2, 3, 4, 11, 14, 15, 16, 18, 19, 25, 26, 27, 28]","[5, 6, 7, 8, 9, 10, 12, 13, 17, 20, 21, 22, 23, 24, 29, 30, 31]",2,False,27.46153846153846,35.864999999999995,-8.403461538461535,False
evqa-pilot500,instructblip-vicuna-7b,matched_gradient,none,500,1.0,global_80,T-Loc,22,False,"[5, 10, 14, 18, 22, 24, 27, 29]","[2, 3, 4, 5, 6, 7, 8, 9, 10, 11, 12, 13, 14, 15, 16, 17, 18, 19, 20, 21, 22, 23, 24, 25, 26, 27, 28, 29, 30, 31]","[2, 3, 4, 11, 14, 15, 16, 18, 19, 25, 26, 27, 28]","[5, 6, 7, 8, 9, 10, 12, 13, 17, 20, 21, 22, 23, 24, 29, 30, 31]",2,False,100.0,100.0,0.0,True
evqa-pilot500,instructblip-vicuna-7b,matched_gradient,none,500,1.0,global_80,M-Loc,22,False,"[5, 10, 14, 18, 22, 24, 27, 29]","[2, 3, 4, 5, 6, 7, 8, 9, 10, 11, 12, 13, 14, 15, 16, 17, 18, 19, 20, 21, 22, 23, 24, 25, 26, 27, 28, 29, 30, 31]","[2, 3, 4, 11, 14, 15, 16, 18, 19, 25, 26, 27, 28]","[5, 6, 7, 8, 9, 10, 12, 13, 17, 20, 21, 22, 23, 24, 29, 30, 31]",2,False,66.19461538461539,52.269999999999996,13.924615384615393,True
evqa-pilot500,instructblip-vicuna-7b,matched_gradient,none,500,1.0,global_80,Average,22,False,"[5, 10, 14, 18, 22, 24, 27, 29]","[2, 3, 4, 5, 6, 7, 8, 9, 10, 11, 12, 13, 14, 15, 16, 17, 18, 19, 20, 21, 22, 23, 24, 25, 26, 27, 28, 29, 30, 31]","[2, 3, 4, 11, 14, 15, 16, 18, 19, 25, 26, 27, 28]","[5, 6, 7, 8, 9, 10, 12, 13, 17, 20, 21, 22, 23, 24, 29, 30, 31]",2,False,50.044,53.361999999999995,-3.317999999999998,False
evqa-pilot500,instructblip-vicuna-7b,matched_gradient,none,500,1.0,global_90,Rel,22,False,"[5, 10, 14, 18, 22, 24, 27, 29]","[2, 3, 4, 5, 6, 7, 8, 9, 10, 11, 12, 13, 14, 15, 16, 17, 18, 19, 20, 21, 22, 23, 24, 25, 26, 27, 28, 29]","[2, 3, 4, 11, 14, 15, 16, 18, 19, 25, 26, 27, 28]","[5, 6, 7, 8, 9, 10, 12, 13, 17, 20, 21, 22, 23, 24, 29]",2,False,28.86230769230769,39.995000000000005,-11.132692307692313,False
evqa-pilot500,instructblip-vicuna-7b,matched_gradient,none,500,1.0,global_90,T-Gen,22,False,"[5, 10, 14, 18, 22, 24, 27, 29]","[2, 3, 4, 5, 6, 7, 8, 9, 10, 11, 12, 13, 14, 15, 16, 17, 18, 19, 20, 21, 22, 23, 24, 25, 26, 27, 28, 29]","[2, 3, 4, 11, 14, 15, 16, 18, 19, 25, 26, 27, 28]","[5, 6, 7, 8, 9, 10, 12, 13, 17, 20, 21, 22, 23, 24, 29]",2,False,27.70153846153847,38.67999999999999,-10.978461538461524,False
evqa-pilot500,instructblip-vicuna-7b,matched_gradient,none,500,1.0,global_90,M-Gen,22,False,"[5, 10, 14, 18, 22, 24, 27, 29]","[2, 3, 4, 5, 6, 7, 8, 9, 10, 11, 12, 13, 14, 15, 16, 17, 18, 19, 20, 21, 22, 23, 24, 25, 26, 27, 28, 29]","[2, 3, 4, 11, 14, 15, 16, 18, 19, 25, 26, 27, 28]","[5, 6, 7, 8, 9, 10, 12, 13, 17, 20, 21, 22, 23, 24, 29]",2,False,27.46153846153846,35.864999999999995,-8.403461538461535,False
evqa-pilot500,instructblip-vicuna-7b,matched_gradient,none,500,1.0,global_90,T-Loc,22,False,"[5, 10, 14, 18, 22, 24, 27, 29]","[2, 3, 4, 5, 6, 7, 8, 9, 10, 11, 12, 13, 14, 15, 16, 17, 18, 19, 20, 21, 22, 23, 24, 25, 26, 27, 28, 29]","[2, 3, 4, 11, 14, 15, 16, 18, 19, 25, 26, 27, 28]","[5, 6, 7, 8, 9, 10, 12, 13, 17, 20, 21, 22, 23, 24, 29]",2,False,100.0,100.0,0.0,True
evqa-pilot500,instructblip-vicuna-7b,matched_gradient,none,500,1.0,global_90,M-Loc,22,False,"[5, 10, 14, 18, 22, 24, 27, 29]","[2, 3, 4, 5, 6, 7, 8, 9, 10, 11, 12, 13, 14, 15, 16, 17, 18, 19, 20, 21, 22, 23, 24, 25, 26, 27, 28, 29]","[2, 3, 4, 11, 14, 15, 16, 18, 19, 25, 26, 27, 28]","[5, 6, 7, 8, 9, 10, 12, 13, 17, 20, 21, 22, 23, 24, 29]",2,False,66.19461538461539,52.269999999999996,13.924615384615393,True
evqa-pilot500,instructblip-vicuna-7b,matched_gradient,none,500,1.0,global_90,Average,22,False,"[5, 10, 14, 18, 22, 24, 27, 29]","[2, 3, 4, 5, 6, 7, 8, 9, 10, 11, 12, 13, 14, 15, 16, 17, 18, 19, 20, 21, 22, 23, 24, 25, 26, 27, 28, 29]","[2, 3, 4, 11, 14, 15, 16, 18, 19, 25, 26, 27, 28]","[5, 6, 7, 8, 9, 10, 12, 13, 17, 20, 21, 22, 23, 24, 29]",2,False,50.044,53.361999999999995,-3.317999999999998,False
evqa-pilot500,instructblip-vicuna-7b,matched_gradient,none,500,1.0,global_95,Rel,22,False,"[5, 10, 14, 18, 22, 24, 27, 29]","[4, 5, 6, 7, 8, 9, 10, 11, 12, 13, 14, 15, 16, 17, 18, 19, 20, 21, 22, 23, 24, 25, 26, 27, 28, 29]","[4, 11, 14, 15, 16, 18, 19, 25, 26, 27, 28]","[5, 6, 7, 8, 9, 10, 12, 13, 17, 20, 21, 22, 23, 24, 29]",4,False,28.35090909090909,35.835,-7.484090909090909,False
evqa-pilot500,instructblip-vicuna-7b,matched_gradient,none,500,1.0,global_95,T-Gen,22,False,"[5, 10, 14, 18, 22, 24, 27, 29]","[4, 5, 6, 7, 8, 9, 10, 11, 12, 13, 14, 15, 16, 17, 18, 19, 20, 21, 22, 23, 24, 25, 26, 27, 28, 29]","[4, 11, 14, 15, 16, 18, 19, 25, 26, 27, 28]","[5, 6, 7, 8, 9, 10, 12, 13, 17, 20, 21, 22, 23, 24, 29]",4,False,27.181818181818187,34.62,-7.4381818181818105,False
evqa-pilot500,instructblip-vicuna-7b,matched_gradient,none,500,1.0,global_95,M-Gen,22,False,"[5, 10, 14, 18, 22, 24, 27, 29]","[4, 5, 6, 7, 8, 9, 10, 11, 12, 13, 14, 15, 16, 17, 18, 19, 20, 21, 22, 23, 24, 25, 26, 27, 28, 29]","[4, 11, 14, 15, 16, 18, 19, 25, 26, 27, 28]","[5, 6, 7, 8, 9, 10, 12, 13, 17, 20, 21, 22, 23, 24, 29]",4,False,27.15818181818182,32.4975,-5.339318181818182,False
evqa-pilot500,instructblip-vicuna-7b,matched_gradient,none,500,1.0,global_95,T-Loc,22,False,"[5, 10, 14, 18, 22, 24, 27, 29]","[4, 5, 6, 7, 8, 9, 10, 11, 12, 13, 14, 15, 16, 17, 18, 19, 20, 21, 22, 23, 24, 25, 26, 27, 28, 29]","[4, 11, 14, 15, 16, 18, 19, 25, 26, 27, 28]","[5, 6, 7, 8, 9, 10, 12, 13, 17, 20, 21, 22, 23, 24, 29]",4,False,100.0,100.0,0.0,True
evqa-pilot500,instructblip-vicuna-7b,matched_gradient,none,500,1.0,global_95,M-Loc,22,False,"[5, 10, 14, 18, 22, 24, 27, 29]","[4, 5, 6, 7, 8, 9, 10, 11, 12, 13, 14, 15, 16, 17, 18, 19, 20, 21, 22, 23, 24, 25, 26, 27, 28, 29]","[4, 11, 14, 15, 16, 18, 19, 25, 26, 27, 28]","[5, 6, 7, 8, 9, 10, 12, 13, 17, 20, 21, 22, 23, 24, 29]",4,False,67.37545454545456,55.985,11.39045454545456,True
evqa-pilot500,instructblip-vicuna-7b,matched_gradient,none,500,1.0,global_95,Average,22,False,"[5, 10, 14, 18, 22, 24, 27, 29]","[4, 5, 6, 7, 8, 9, 10, 11, 12, 13, 14, 15, 16, 17, 18, 19, 20, 21, 22, 23, 24, 25, 26, 27, 28, 29]","[4, 11, 14, 15, 16, 18, 19, 25, 26, 27, 28]","[5, 6, 7, 8, 9, 10, 12, 13, 17, 20, 21, 22, 23, 24, 29]",4,False,50.01327272727272,51.787499999999994,-1.7742272727272734,False
evqa-pilot500,instructblip-vicuna-7b,matched_gradient,none,500,1.0,interior_pm1,Rel,22,False,"[5, 10, 14, 18, 22, 24, 27, 29]","[21, 22, 23]",[],"[21, 22, 23]",15,False,,30.34666666666667,,False
evqa-pilot500,instructblip-vicuna-7b,matched_gradient,none,500,1.0,interior_pm1,T-Gen,22,False,"[5, 10, 14, 18, 22, 24, 27, 29]","[21, 22, 23]",[],"[21, 22, 23]",15,False,,29.16533333333334,,False
evqa-pilot500,instructblip-vicuna-7b,matched_gradient,none,500,1.0,interior_pm1,M-Gen,22,False,"[5, 10, 14, 18, 22, 24, 27, 29]","[21, 22, 23]",[],"[21, 22, 23]",15,False,,28.582,,False
evqa-pilot500,instructblip-vicuna-7b,matched_gradient,none,500,1.0,interior_pm1,T-Loc,22,False,"[5, 10, 14, 18, 22, 24, 27, 29]","[21, 22, 23]",[],"[21, 22, 23]",15,False,,100.0,,False
evqa-pilot500,instructblip-vicuna-7b,matched_gradient,none,500,1.0,interior_pm1,M-Loc,22,False,"[5, 10, 14, 18, 22, 24, 27, 29]","[21, 22, 23]",[],"[21, 22, 23]",15,False,,64.33800000000001,,False
evqa-pilot500,instructblip-vicuna-7b,matched_gradient,none,500,1.0,interior_pm1,Average,22,False,"[5, 10, 14, 18, 22, 24, 27, 29]","[21, 22, 23]",[],"[21, 22, 23]",15,False,,50.4864,,False
evqa-pilot500,instructblip-vicuna-7b,matched_gradient,alt,500,1.0,global_80,Rel,5,False,"[5, 10, 14, 18, 22, 29]","[2, 3, 4, 5, 6, 7, 8, 9, 10, 11, 12, 13, 14, 15, 16, 17, 18, 19, 20, 21, 22, 23, 24, 25, 26, 27, 28, 29, 30, 31]","[2, 3, 4, 11, 14, 15, 16, 18, 19, 25, 26, 27, 28]","[5, 6, 7, 8, 9, 10, 12, 13, 17, 20, 21, 22, 23, 24, 29, 30, 31]",2,False,28.86230769230769,39.995000000000005,-11.132692307692313,False
evqa-pilot500,instructblip-vicuna-7b,matched_gradient,alt,500,1.0,global_80,T-Gen,5,False,"[5, 10, 14, 18, 22, 29]","[2, 3, 4, 5, 6, 7, 8, 9, 10, 11, 12, 13, 14, 15, 16, 17, 18, 19, 20, 21, 22, 23, 24, 25, 26, 27, 28, 29, 30, 31]","[2, 3, 4, 11, 14, 15, 16, 18, 19, 25, 26, 27, 28]","[5, 6, 7, 8, 9, 10, 12, 13, 17, 20, 21, 22, 23, 24, 29, 30, 31]",2,False,27.70153846153847,38.67999999999999,-10.978461538461524,False
evqa-pilot500,instructblip-vicuna-7b,matched_gradient,alt,500,1.0,global_80,M-Gen,5,False,"[5, 10, 14, 18, 22, 29]","[2, 3, 4, 5, 6, 7, 8, 9, 10, 11, 12, 13, 14, 15, 16, 17, 18, 19, 20, 21, 22, 23, 24, 25, 26, 27, 28, 29, 30, 31]","[2, 3, 4, 11, 14, 15, 16, 18, 19, 25, 26, 27, 28]","[5, 6, 7, 8, 9, 10, 12, 13, 17, 20, 21, 22, 23, 24, 29, 30, 31]",2,False,27.46153846153846,35.864999999999995,-8.403461538461535,False
evqa-pilot500,instructblip-vicuna-7b,matched_gradient,alt,500,1.0,global_80,T-Loc,5,False,"[5, 10, 14, 18, 22, 29]","[2, 3, 4, 5, 6, 7, 8, 9, 10, 11, 12, 13, 14, 15, 16, 17, 18, 19, 20, 21, 22, 23, 24, 25, 26, 27, 28, 29, 30, 31]","[2, 3, 4, 11, 14, 15, 16, 18, 19, 25, 26, 27, 28]","[5, 6, 7, 8, 9, 10, 12, 13, 17, 20, 21, 22, 23, 24, 29, 30, 31]",2,False,100.0,100.0,0.0,True
evqa-pilot500,instructblip-vicuna-7b,matched_gradient,alt,500,1.0,global_80,M-Loc,5,False,"[5, 10, 14, 18, 22, 29]","[2, 3, 4, 5, 6, 7, 8, 9, 10, 11, 12, 13, 14, 15, 16, 17, 18, 19, 20, 21, 22, 23, 24, 25, 26, 27, 28, 29, 30, 31]","[2, 3, 4, 11, 14, 15, 16, 18, 19, 25, 26, 27, 28]","[5, 6, 7, 8, 9, 10, 12, 13, 17, 20, 21, 22, 23, 24, 29, 30, 31]",2,False,66.19461538461539,52.269999999999996,13.924615384615393,True
evqa-pilot500,instructblip-vicuna-7b,matched_gradient,alt,500,1.0,global_80,Average,5,False,"[5, 10, 14, 18, 22, 29]","[2, 3, 4, 5, 6, 7, 8, 9, 10, 11, 12, 13, 14, 15, 16, 17, 18, 19, 20, 21, 22, 23, 24, 25, 26, 27, 28, 29, 30, 31]","[2, 3, 4, 11, 14, 15, 16, 18, 19, 25, 26, 27, 28]","[5, 6, 7, 8, 9, 10, 12, 13, 17, 20, 21, 22, 23, 24, 29, 30, 31]",2,False,50.044,53.361999999999995,-3.317999999999998,False
evqa-pilot500,instructblip-vicuna-7b,matched_gradient,alt,500,1.0,global_90,Rel,5,False,"[5, 10, 14, 18, 22, 29]","[2, 3, 4, 5, 6, 7, 8, 9, 10, 11, 12, 13, 14, 15, 16, 17, 18, 19, 20, 21, 22, 23, 24, 25, 26, 27, 28, 29]","[2, 3, 4, 11, 14, 15, 16, 18, 19, 25, 26, 27, 28]","[5, 6, 7, 8, 9, 10, 12, 13, 17, 20, 21, 22, 23, 24, 29]",2,False,28.86230769230769,39.995000000000005,-11.132692307692313,False
evqa-pilot500,instructblip-vicuna-7b,matched_gradient,alt,500,1.0,global_90,T-Gen,5,False,"[5, 10, 14, 18, 22, 29]","[2, 3, 4, 5, 6, 7, 8, 9, 10, 11, 12, 13, 14, 15, 16, 17, 18, 19, 20, 21, 22, 23, 24, 25, 26, 27, 28, 29]","[2, 3, 4, 11, 14, 15, 16, 18, 19, 25, 26, 27, 28]","[5, 6, 7, 8, 9, 10, 12, 13, 17, 20, 21, 22, 23, 24, 29]",2,False,27.70153846153847,38.67999999999999,-10.978461538461524,False
evqa-pilot500,instructblip-vicuna-7b,matched_gradient,alt,500,1.0,global_90,M-Gen,5,False,"[5, 10, 14, 18, 22, 29]","[2, 3, 4, 5, 6, 7, 8, 9, 10, 11, 12, 13, 14, 15, 16, 17, 18, 19, 20, 21, 22, 23, 24, 25, 26, 27, 28, 29]","[2, 3, 4, 11, 14, 15, 16, 18, 19, 25, 26, 27, 28]","[5, 6, 7, 8, 9, 10, 12, 13, 17, 20, 21, 22, 23, 24, 29]",2,False,27.46153846153846,35.864999999999995,-8.403461538461535,False
evqa-pilot500,instructblip-vicuna-7b,matched_gradient,alt,500,1.0,global_90,T-Loc,5,False,"[5, 10, 14, 18, 22, 29]","[2, 3, 4, 5, 6, 7, 8, 9, 10, 11, 12, 13, 14, 15, 16, 17, 18, 19, 20, 21, 22, 23, 24, 25, 26, 27, 28, 29]","[2, 3, 4, 11, 14, 15, 16, 18, 19, 25, 26, 27, 28]","[5, 6, 7, 8, 9, 10, 12, 13, 17, 20, 21, 22, 23, 24, 29]",2,False,100.0,100.0,0.0,True
evqa-pilot500,instructblip-vicuna-7b,matched_gradient,alt,500,1.0,global_90,M-Loc,5,False,"[5, 10, 14, 18, 22, 29]","[2, 3, 4, 5, 6, 7, 8, 9, 10, 11, 12, 13, 14, 15, 16, 17, 18, 19, 20, 21, 22, 23, 24, 25, 26, 27, 28, 29]","[2, 3, 4, 11, 14, 15, 16, 18, 19, 25, 26, 27, 28]","[5, 6, 7, 8, 9, 10, 12, 13, 17, 20, 21, 22, 23, 24, 29]",2,False,66.19461538461539,52.269999999999996,13.924615384615393,True
evqa-pilot500,instructblip-vicuna-7b,matched_gradient,alt,500,1.0,global_90,Average,5,False,"[5, 10, 14, 18, 22, 29]","[2, 3, 4, 5, 6, 7, 8, 9, 10, 11, 12, 13, 14, 15, 16, 17, 18, 19, 20, 21, 22, 23, 24, 25, 26, 27, 28, 29]","[2, 3, 4, 11, 14, 15, 16, 18, 19, 25, 26, 27, 28]","[5, 6, 7, 8, 9, 10, 12, 13, 17, 20, 21, 22, 23, 24, 29]",2,False,50.044,53.361999999999995,-3.317999999999998,False
evqa-pilot500,instructblip-vicuna-7b,matched_gradient,alt,500,1.0,global_95,Rel,5,False,"[5, 10, 14, 18, 22, 29]","[4, 5, 6, 7, 8, 9, 10, 11, 12, 13, 14, 15, 16, 17, 18, 19, 20, 21, 22, 23, 24, 25, 26, 27]","[4, 11, 14, 15, 16, 18, 19, 25, 26, 27]","[5, 6, 7, 8, 9, 10, 12, 13, 17, 20, 21, 22, 23, 24]",5,False,28.2,34.64,-6.440000000000001,False
evqa-pilot500,instructblip-vicuna-7b,matched_gradient,alt,500,1.0,global_95,T-Gen,5,False,"[5, 10, 14, 18, 22, 29]","[4, 5, 6, 7, 8, 9, 10, 11, 12, 13, 14, 15, 16, 17, 18, 19, 20, 21, 22, 23, 24, 25, 26, 27]","[4, 11, 14, 15, 16, 18, 19, 25, 26, 27]","[5, 6, 7, 8, 9, 10, 12, 13, 17, 20, 21, 22, 23, 24]",5,False,27.028000000000002,33.44,-6.4119999999999955,False
evqa-pilot500,instructblip-vicuna-7b,matched_gradient,alt,500,1.0,global_95,M-Gen,5,False,"[5, 10, 14, 18, 22, 29]","[4, 5, 6, 7, 8, 9, 10, 11, 12, 13, 14, 15, 16, 17, 18, 19, 20, 21, 22, 23, 24, 25, 26, 27]","[4, 11, 14, 15, 16, 18, 19, 25, 26, 27]","[5, 6, 7, 8, 9, 10, 12, 13, 17, 20, 21, 22, 23, 24]",5,False,26.996,31.754,-4.758000000000003,False
evqa-pilot500,instructblip-vicuna-7b,matched_gradient,alt,500,1.0,global_95,T-Loc,5,False,"[5, 10, 14, 18, 22, 29]","[4, 5, 6, 7, 8, 9, 10, 11, 12, 13, 14, 15, 16, 17, 18, 19, 20, 21, 22, 23, 24, 25, 26, 27]","[4, 11, 14, 15, 16, 18, 19, 25, 26, 27]","[5, 6, 7, 8, 9, 10, 12, 13, 17, 20, 21, 22, 23, 24]",5,False,100.0,100.0,0.0,True
evqa-pilot500,instructblip-vicuna-7b,matched_gradient,alt,500,1.0,global_95,M-Loc,5,False,"[5, 10, 14, 18, 22, 29]","[4, 5, 6, 7, 8, 9, 10, 11, 12, 13, 14, 15, 16, 17, 18, 19, 20, 21, 22, 23, 24, 25, 26, 27]","[4, 11, 14, 15, 16, 18, 19, 25, 26, 27]","[5, 6, 7, 8, 9, 10, 12, 13, 17, 20, 21, 22, 23, 24]",5,False,66.21300000000001,60.588,5.625000000000007,False
evqa-pilot500,instructblip-vicuna-7b,matched_gradient,alt,500,1.0,global_95,Average,5,False,"[5, 10, 14, 18, 22, 29]","[4, 5, 6, 7, 8, 9, 10, 11, 12, 13, 14, 15, 16, 17, 18, 19, 20, 21, 22, 23, 24, 25, 26, 27]","[4, 11, 14, 15, 16, 18, 19, 25, 26, 27]","[5, 6, 7, 8, 9, 10, 12, 13, 17, 20, 21, 22, 23, 24]",5,False,49.6874,52.084399999999995,-2.3969999999999985,False
evqa-pilot500,instructblip-vicuna-7b,matched_gradient,alt,500,1.0,interior_pm1,Rel,5,False,"[5, 10, 14, 18, 22, 29]","[4, 5, 6]",[4],"[5, 6]",14,False,28.720000000000002,30.462857142857143,-1.7428571428571402,False
evqa-pilot500,instructblip-vicuna-7b,matched_gradient,alt,500,1.0,interior_pm1,T-Gen,5,False,"[5, 10, 14, 18, 22, 29]","[4, 5, 6]",[4],"[5, 6]",14,False,27.310000000000002,29.297857142857147,-1.9878571428571448,False
evqa-pilot500,instructblip-vicuna-7b,matched_gradient,alt,500,1.0,interior_pm1,M-Gen,5,False,"[5, 10, 14, 18, 22, 29]","[4, 5, 6]",[4],"[5, 6]",14,False,27.500000000000004,28.659285714285716,-1.159285714285712,False
evqa-pilot500,instructblip-vicuna-7b,matched_gradient,alt,500,1.0,interior_pm1,T-Loc,5,False,"[5, 10, 14, 18, 22, 29]","[4, 5, 6]",[4],"[5, 6]",14,False,100.0,100.0,0.0,True
evqa-pilot500,instructblip-vicuna-7b,matched_gradient,alt,500,1.0,interior_pm1,M-Loc,5,False,"[5, 10, 14, 18, 22, 29]","[4, 5, 6]",[4],"[5, 6]",14,False,55.879999999999995,64.94214285714285,-9.06214285714286,False
evqa-pilot500,instructblip-vicuna-7b,matched_gradient,alt,500,1.0,interior_pm1,Average,5,False,"[5, 10, 14, 18, 22, 29]","[4, 5, 6]",[4],"[5, 6]",14,False,47.882,50.672428571428576,-2.7904285714285777,False
evqa-pilot500,instructblip-vicuna-7b,matched_gradient,model_pred,500,1.0,global_80,Rel,5,False,"[5, 10, 14, 18, 22, 29]","[2, 3, 4, 5, 6, 7, 8, 9, 10, 11, 12, 13, 14, 15, 16, 17, 18, 19, 20, 21, 22, 23, 24, 25, 26, 27, 28, 29, 30, 31]","[2, 3, 4, 11, 14, 15, 16, 18, 19, 25, 26, 27, 28]","[5, 6, 7, 8, 9, 10, 12, 13, 17, 20, 21, 22, 23, 24, 29, 30, 31]",2,False,28.86230769230769,39.995000000000005,-11.132692307692313,False
evqa-pilot500,instructblip-vicuna-7b,matched_gradient,model_pred,500,1.0,global_80,T-Gen,5,False,"[5, 10, 14, 18, 22, 29]","[2, 3, 4, 5, 6, 7, 8, 9, 10, 11, 12, 13, 14, 15, 16, 17, 18, 19, 20, 21, 22, 23, 24, 25, 26, 27, 28, 29, 30, 31]","[2, 3, 4, 11, 14, 15, 16, 18, 19, 25, 26, 27, 28]","[5, 6, 7, 8, 9, 10, 12, 13, 17, 20, 21, 22, 23, 24, 29, 30, 31]",2,False,27.70153846153847,38.67999999999999,-10.978461538461524,False
evqa-pilot500,instructblip-vicuna-7b,matched_gradient,model_pred,500,1.0,global_80,M-Gen,5,False,"[5, 10, 14, 18, 22, 29]","[2, 3, 4, 5, 6, 7, 8, 9, 10, 11, 12, 13, 14, 15, 16, 17, 18, 19, 20, 21, 22, 23, 24, 25, 26, 27, 28, 29, 30, 31]","[2, 3, 4, 11, 14, 15, 16, 18, 19, 25, 26, 27, 28]","[5, 6, 7, 8, 9, 10, 12, 13, 17, 20, 21, 22, 23, 24, 29, 30, 31]",2,False,27.46153846153846,35.864999999999995,-8.403461538461535,False
evqa-pilot500,instructblip-vicuna-7b,matched_gradient,model_pred,500,1.0,global_80,T-Loc,5,False,"[5, 10, 14, 18, 22, 29]","[2, 3, 4, 5, 6, 7, 8, 9, 10, 11, 12, 13, 14, 15, 16, 17, 18, 19, 20, 21, 22, 23, 24, 25, 26, 27, 28, 29, 30, 31]","[2, 3, 4, 11, 14, 15, 16, 18, 19, 25, 26, 27, 28]","[5, 6, 7, 8, 9, 10, 12, 13, 17, 20, 21, 22, 23, 24, 29, 30, 31]",2,False,100.0,100.0,0.0,True
evqa-pilot500,instructblip-vicuna-7b,matched_gradient,model_pred,500,1.0,global_80,M-Loc,5,False,"[5, 10, 14, 18, 22, 29]","[2, 3, 4, 5, 6, 7, 8, 9, 10, 11, 12, 13, 14, 15, 16, 17, 18, 19, 20, 21, 22, 23, 24, 25, 26, 27, 28, 29, 30, 31]","[2, 3, 4, 11, 14, 15, 16, 18, 19, 25, 26, 27, 28]","[5, 6, 7, 8, 9, 10, 12, 13, 17, 20, 21, 22, 23, 24, 29, 30, 31]",2,False,66.19461538461539,52.269999999999996,13.924615384615393,True
evqa-pilot500,instructblip-vicuna-7b,matched_gradient,model_pred,500,1.0,global_80,Average,5,False,"[5, 10, 14, 18, 22, 29]","[2, 3, 4, 5, 6, 7, 8, 9, 10, 11, 12, 13, 14, 15, 16, 17, 18, 19, 20, 21, 22, 23, 24, 25, 26, 27, 28, 29, 30, 31]","[2, 3, 4, 11, 14, 15, 16, 18, 19, 25, 26, 27, 28]","[5, 6, 7, 8, 9, 10, 12, 13, 17, 20, 21, 22, 23, 24, 29, 30, 31]",2,False,50.044,53.361999999999995,-3.317999999999998,False
evqa-pilot500,instructblip-vicuna-7b,matched_gradient,model_pred,500,1.0,global_90,Rel,5,False,"[5, 10, 14, 18, 22, 29]","[2, 3, 4, 5, 6, 7, 8, 9, 10, 11, 12, 13, 14, 15, 16, 17, 18, 19, 20, 21, 22, 23, 24, 25, 26, 27, 28, 29]","[2, 3, 4, 11, 14, 15, 16, 18, 19, 25, 26, 27, 28]","[5, 6, 7, 8, 9, 10, 12, 13, 17, 20, 21, 22, 23, 24, 29]",2,False,28.86230769230769,39.995000000000005,-11.132692307692313,False
evqa-pilot500,instructblip-vicuna-7b,matched_gradient,model_pred,500,1.0,global_90,T-Gen,5,False,"[5, 10, 14, 18, 22, 29]","[2, 3, 4, 5, 6, 7, 8, 9, 10, 11, 12, 13, 14, 15, 16, 17, 18, 19, 20, 21, 22, 23, 24, 25, 26, 27, 28, 29]","[2, 3, 4, 11, 14, 15, 16, 18, 19, 25, 26, 27, 28]","[5, 6, 7, 8, 9, 10, 12, 13, 17, 20, 21, 22, 23, 24, 29]",2,False,27.70153846153847,38.67999999999999,-10.978461538461524,False
evqa-pilot500,instructblip-vicuna-7b,matched_gradient,model_pred,500,1.0,global_90,M-Gen,5,False,"[5, 10, 14, 18, 22, 29]","[2, 3, 4, 5, 6, 7, 8, 9, 10, 11, 12, 13, 14, 15, 16, 17, 18, 19, 20, 21, 22, 23, 24, 25, 26, 27, 28, 29]","[2, 3, 4, 11, 14, 15, 16, 18, 19, 25, 26, 27, 28]","[5, 6, 7, 8, 9, 10, 12, 13, 17, 20, 21, 22, 23, 24, 29]",2,False,27.46153846153846,35.864999999999995,-8.403461538461535,False
evqa-pilot500,instructblip-vicuna-7b,matched_gradient,model_pred,500,1.0,global_90,T-Loc,5,False,"[5, 10, 14, 18, 22, 29]","[2, 3, 4, 5, 6, 7, 8, 9, 10, 11, 12, 13, 14, 15, 16, 17, 18, 19, 20, 21, 22, 23, 24, 25, 26, 27, 28, 29]","[2, 3, 4, 11, 14, 15, 16, 18, 19, 25, 26, 27, 28]","[5, 6, 7, 8, 9, 10, 12, 13, 17, 20, 21, 22, 23, 24, 29]",2,False,100.0,100.0,0.0,True
evqa-pilot500,instructblip-vicuna-7b,matched_gradient,model_pred,500,1.0,global_90,M-Loc,5,False,"[5, 10, 14, 18, 22, 29]","[2, 3, 4, 5, 6, 7, 8, 9, 10, 11, 12, 13, 14, 15, 16, 17, 18, 19, 20, 21, 22, 23, 24, 25, 26, 27, 28, 29]","[2, 3, 4, 11, 14, 15, 16, 18, 19, 25, 26, 27, 28]","[5, 6, 7, 8, 9, 10, 12, 13, 17, 20, 21, 22, 23, 24, 29]",2,False,66.19461538461539,52.269999999999996,13.924615384615393,True
evqa-pilot500,instructblip-vicuna-7b,matched_gradient,model_pred,500,1.0,global_90,Average,5,False,"[5, 10, 14, 18, 22, 29]","[2, 3, 4, 5, 6, 7, 8, 9, 10, 11, 12, 13, 14, 15, 16, 17, 18, 19, 20, 21, 22, 23, 24, 25, 26, 27, 28, 29]","[2, 3, 4, 11, 14, 15, 16, 18, 19, 25, 26, 27, 28]","[5, 6, 7, 8, 9, 10, 12, 13, 17, 20, 21, 22, 23, 24, 29]",2,False,50.044,53.361999999999995,-3.317999999999998,False
evqa-pilot500,instructblip-vicuna-7b,matched_gradient,model_pred,500,1.0,global_95,Rel,5,False,"[5, 10, 14, 18, 22, 29]","[4, 5, 6, 7, 8, 9, 10, 11, 12, 13, 14, 15, 16, 17, 18, 19, 20, 21, 22, 23, 24, 25, 26, 27, 28, 29]","[4, 11, 14, 15, 16, 18, 19, 25, 26, 27, 28]","[5, 6, 7, 8, 9, 10, 12, 13, 17, 20, 21, 22, 23, 24, 29]",4,False,28.35090909090909,35.835,-7.484090909090909,False
evqa-pilot500,instructblip-vicuna-7b,matched_gradient,model_pred,500,1.0,global_95,T-Gen,5,False,"[5, 10, 14, 18, 22, 29]","[4, 5, 6, 7, 8, 9, 10, 11, 12, 13, 14, 15, 16, 17, 18, 19, 20, 21, 22, 23, 24, 25, 26, 27, 28, 29]","[4, 11, 14, 15, 16, 18, 19, 25, 26, 27, 28]","[5, 6, 7, 8, 9, 10, 12, 13, 17, 20, 21, 22, 23, 24, 29]",4,False,27.181818181818187,34.62,-7.4381818181818105,False
evqa-pilot500,instructblip-vicuna-7b,matched_gradient,model_pred,500,1.0,global_95,M-Gen,5,False,"[5, 10, 14, 18, 22, 29]","[4, 5, 6, 7, 8, 9, 10, 11, 12, 13, 14, 15, 16, 17, 18, 19, 20, 21, 22, 23, 24, 25, 26, 27, 28, 29]","[4, 11, 14, 15, 16, 18, 19, 25, 26, 27, 28]","[5, 6, 7, 8, 9, 10, 12, 13, 17, 20, 21, 22, 23, 24, 29]",4,False,27.15818181818182,32.4975,-5.339318181818182,False
evqa-pilot500,instructblip-vicuna-7b,matched_gradient,model_pred,500,1.0,global_95,T-Loc,5,False,"[5, 10, 14, 18, 22, 29]","[4, 5, 6, 7, 8, 9, 10, 11, 12, 13, 14, 15, 16, 17, 18, 19, 20, 21, 22, 23, 24, 25, 26, 27, 28, 29]","[4, 11, 14, 15, 16, 18, 19, 25, 26, 27, 28]","[5, 6, 7, 8, 9, 10, 12, 13, 17, 20, 21, 22, 23, 24, 29]",4,False,100.0,100.0,0.0,True
evqa-pilot500,instructblip-vicuna-7b,matched_gradient,model_pred,500,1.0,global_95,M-Loc,5,False,"[5, 10, 14, 18, 22, 29]","[4, 5, 6, 7, 8, 9, 10, 11, 12, 13, 14, 15, 16, 17, 18, 19, 20, 21, 22, 23, 24, 25, 26, 27, 28, 29]","[4, 11, 14, 15, 16, 18, 19, 25, 26, 27, 28]","[5, 6, 7, 8, 9, 10, 12, 13, 17, 20, 21, 22, 23, 24, 29]",4,False,67.37545454545456,55.985,11.39045454545456,True
evqa-pilot500,instructblip-vicuna-7b,matched_gradient,model_pred,500,1.0,global_95,Average,5,False,"[5, 10, 14, 18, 22, 29]","[4, 5, 6, 7, 8, 9, 10, 11, 12, 13, 14, 15, 16, 17, 18, 19, 20, 21, 22, 23, 24, 25, 26, 27, 28, 29]","[4, 11, 14, 15, 16, 18, 19, 25, 26, 27, 28]","[5, 6, 7, 8, 9, 10, 12, 13, 17, 20, 21, 22, 23, 24, 29]",4,False,50.01327272727272,51.787499999999994,-1.7742272727272734,False
evqa-pilot500,instructblip-vicuna-7b,matched_gradient,model_pred,500,1.0,interior_pm1,Rel,5,False,"[5, 10, 14, 18, 22, 29]","[4, 5, 6]",[4],"[5, 6]",14,False,28.720000000000002,30.462857142857143,-1.7428571428571402,False
evqa-pilot500,instructblip-vicuna-7b,matched_gradient,model_pred,500,1.0,interior_pm1,T-Gen,5,False,"[5, 10, 14, 18, 22, 29]","[4, 5, 6]",[4],"[5, 6]",14,False,27.310000000000002,29.297857142857147,-1.9878571428571448,False
evqa-pilot500,instructblip-vicuna-7b,matched_gradient,model_pred,500,1.0,interior_pm1,M-Gen,5,False,"[5, 10, 14, 18, 22, 29]","[4, 5, 6]",[4],"[5, 6]",14,False,27.500000000000004,28.659285714285716,-1.159285714285712,False
evqa-pilot500,instructblip-vicuna-7b,matched_gradient,model_pred,500,1.0,interior_pm1,T-Loc,5,False,"[5, 10, 14, 18, 22, 29]","[4, 5, 6]",[4],"[5, 6]",14,False,100.0,100.0,0.0,True
evqa-pilot500,instructblip-vicuna-7b,matched_gradient,model_pred,500,1.0,interior_pm1,M-Loc,5,False,"[5, 10, 14, 18, 22, 29]","[4, 5, 6]",[4],"[5, 6]",14,False,55.879999999999995,64.94214285714285,-9.06214285714286,False
evqa-pilot500,instructblip-vicuna-7b,matched_gradient,model_pred,500,1.0,interior_pm1,Average,5,False,"[5, 10, 14, 18, 22, 29]","[4, 5, 6]",[4],"[5, 6]",14,False,47.882,50.672428571428576,-2.7904285714285777,False
evqa-pilot500,instructblip-vicuna-7b,available_train,none,500,1.0,global_80,Rel,22,False,"[5, 10, 14, 18, 22, 24, 27, 29]","[2, 3, 4, 5, 6, 7, 8, 9, 10, 11, 12, 13, 14, 15, 16, 17, 18, 19, 20, 21, 22, 23, 24, 25, 26, 27, 28, 29, 30, 31]","[2, 3, 4, 11, 14, 15, 16, 18, 19, 25, 26, 27, 28]","[5, 6, 7, 8, 9, 10, 12, 13, 17, 20, 21, 22, 23, 24, 29, 30, 31]",2,False,28.86230769230769,39.995000000000005,-11.132692307692313,False
evqa-pilot500,instructblip-vicuna-7b,available_train,none,500,1.0,global_80,T-Gen,22,False,"[5, 10, 14, 18, 22, 24, 27, 29]","[2, 3, 4, 5, 6, 7, 8, 9, 10, 11, 12, 13, 14, 15, 16, 17, 18, 19, 20, 21, 22, 23, 24, 25, 26, 27, 28, 29, 30, 31]","[2, 3, 4, 11, 14, 15, 16, 18, 19, 25, 26, 27, 28]","[5, 6, 7, 8, 9, 10, 12, 13, 17, 20, 21, 22, 23, 24, 29, 30, 31]",2,False,27.70153846153847,38.67999999999999,-10.978461538461524,False
evqa-pilot500,instructblip-vicuna-7b,available_train,none,500,1.0,global_80,M-Gen,22,False,"[5, 10, 14, 18, 22, 24, 27, 29]","[2, 3, 4, 5, 6, 7, 8, 9, 10, 11, 12, 13, 14, 15, 16, 17, 18, 19, 20, 21, 22, 23, 24, 25, 26, 27, 28, 29, 30, 31]","[2, 3, 4, 11, 14, 15, 16, 18, 19, 25, 26, 27, 28]","[5, 6, 7, 8, 9, 10, 12, 13, 17, 20, 21, 22, 23, 24, 29, 30, 31]",2,False,27.46153846153846,35.864999999999995,-8.403461538461535,False
evqa-pilot500,instructblip-vicuna-7b,available_train,none,500,1.0,global_80,T-Loc,22,False,"[5, 10, 14, 18, 22, 24, 27, 29]","[2, 3, 4, 5, 6, 7, 8, 9, 10, 11, 12, 13, 14, 15, 16, 17, 18, 19, 20, 21, 22, 23, 24, 25, 26, 27, 28, 29, 30, 31]","[2, 3, 4, 11, 14, 15, 16, 18, 19, 25, 26, 27, 28]","[5, 6, 7, 8, 9, 10, 12, 13, 17, 20, 21, 22, 23, 24, 29, 30, 31]",2,False,100.0,100.0,0.0,True
evqa-pilot500,instructblip-vicuna-7b,available_train,none,500,1.0,global_80,M-Loc,22,False,"[5, 10, 14, 18, 22, 24, 27, 29]","[2, 3, 4, 5, 6, 7, 8, 9, 10, 11, 12, 13, 14, 15, 16, 17, 18, 19, 20, 21, 22, 23, 24, 25, 26, 27, 28, 29, 30, 31]","[2, 3, 4, 11, 14, 15, 16, 18, 19, 25, 26, 27, 28]","[5, 6, 7, 8, 9, 10, 12, 13, 17, 20, 21, 22, 23, 24, 29, 30, 31]",2,False,66.19461538461539,52.269999999999996,13.924615384615393,True
evqa-pilot500,instructblip-vicuna-7b,available_train,none,500,1.0,global_80,Average,22,False,"[5, 10, 14, 18, 22, 24, 27, 29]","[2, 3, 4, 5, 6, 7, 8, 9, 10, 11, 12, 13, 14, 15, 16, 17, 18, 19, 20, 21, 22, 23, 24, 25, 26, 27, 28, 29, 30, 31]","[2, 3, 4, 11, 14, 15, 16, 18, 19, 25, 26, 27, 28]","[5, 6, 7, 8, 9, 10, 12, 13, 17, 20, 21, 22, 23, 24, 29, 30, 31]",2,False,50.044,53.361999999999995,-3.317999999999998,False
evqa-pilot500,instructblip-vicuna-7b,available_train,none,500,1.0,global_90,Rel,22,False,"[5, 10, 14, 18, 22, 24, 27, 29]","[2, 3, 4, 5, 6, 7, 8, 9, 10, 11, 12, 13, 14, 15, 16, 17, 18, 19, 20, 21, 22, 23, 24, 25, 26, 27, 28, 29]","[2, 3, 4, 11, 14, 15, 16, 18, 19, 25, 26, 27, 28]","[5, 6, 7, 8, 9, 10, 12, 13, 17, 20, 21, 22, 23, 24, 29]",2,False,28.86230769230769,39.995000000000005,-11.132692307692313,False
evqa-pilot500,instructblip-vicuna-7b,available_train,none,500,1.0,global_90,T-Gen,22,False,"[5, 10, 14, 18, 22, 24, 27, 29]","[2, 3, 4, 5, 6, 7, 8, 9, 10, 11, 12, 13, 14, 15, 16, 17, 18, 19, 20, 21, 22, 23, 24, 25, 26, 27, 28, 29]","[2, 3, 4, 11, 14, 15, 16, 18, 19, 25, 26, 27, 28]","[5, 6, 7, 8, 9, 10, 12, 13, 17, 20, 21, 22, 23, 24, 29]",2,False,27.70153846153847,38.67999999999999,-10.978461538461524,False
evqa-pilot500,instructblip-vicuna-7b,available_train,none,500,1.0,global_90,M-Gen,22,False,"[5, 10, 14, 18, 22, 24, 27, 29]","[2, 3, 4, 5, 6, 7, 8, 9, 10, 11, 12, 13, 14, 15, 16, 17, 18, 19, 20, 21, 22, 23, 24, 25, 26, 27, 28, 29]","[2, 3, 4, 11, 14, 15, 16, 18, 19, 25, 26, 27, 28]","[5, 6, 7, 8, 9, 10, 12, 13, 17, 20, 21, 22, 23, 24, 29]",2,False,27.46153846153846,35.864999999999995,-8.403461538461535,False
evqa-pilot500,instructblip-vicuna-7b,available_train,none,500,1.0,global_90,T-Loc,22,False,"[5, 10, 14, 18, 22, 24, 27, 29]","[2, 3, 4, 5, 6, 7, 8, 9, 10, 11, 12, 13, 14, 15, 16, 17, 18, 19, 20, 21, 22, 23, 24, 25, 26, 27, 28, 29]","[2, 3, 4, 11, 14, 15, 16, 18, 19, 25, 26, 27, 28]","[5, 6, 7, 8, 9, 10, 12, 13, 17, 20, 21, 22, 23, 24, 29]",2,False,100.0,100.0,0.0,True
evqa-pilot500,instructblip-vicuna-7b,available_train,none,500,1.0,global_90,M-Loc,22,False,"[5, 10, 14, 18, 22, 24, 27, 29]","[2, 3, 4, 5, 6, 7, 8, 9, 10, 11, 12, 13, 14, 15, 16, 17, 18, 19, 20, 21, 22, 23, 24, 25, 26, 27, 28, 29]","[2, 3, 4, 11, 14, 15, 16, 18, 19, 25, 26, 27, 28]","[5, 6, 7, 8, 9, 10, 12, 13, 17, 20, 21, 22, 23, 24, 29]",2,False,66.19461538461539,52.269999999999996,13.924615384615393,True
evqa-pilot500,instructblip-vicuna-7b,available_train,none,500,1.0,global_90,Average,22,False,"[5, 10, 14, 18, 22, 24, 27, 29]","[2, 3, 4, 5, 6, 7, 8, 9, 10, 11, 12, 13, 14, 15, 16, 17, 18, 19, 20, 21, 22, 23, 24, 25, 26, 27, 28, 29]","[2, 3, 4, 11, 14, 15, 16, 18, 19, 25, 26, 27, 28]","[5, 6, 7, 8, 9, 10, 12, 13, 17, 20, 21, 22, 23, 24, 29]",2,False,50.044,53.361999999999995,-3.317999999999998,False
evqa-pilot500,instructblip-vicuna-7b,available_train,none,500,1.0,global_95,Rel,22,False,"[5, 10, 14, 18, 22, 24, 27, 29]","[4, 5, 6, 7, 8, 9, 10, 11, 12, 13, 14, 15, 16, 17, 18, 19, 20, 21, 22, 23, 24, 25, 26, 27, 28, 29]","[4, 11, 14, 15, 16, 18, 19, 25, 26, 27, 28]","[5, 6, 7, 8, 9, 10, 12, 13, 17, 20, 21, 22, 23, 24, 29]",4,False,28.35090909090909,35.835,-7.484090909090909,False
evqa-pilot500,instructblip-vicuna-7b,available_train,none,500,1.0,global_95,T-Gen,22,False,"[5, 10, 14, 18, 22, 24, 27, 29]","[4, 5, 6, 7, 8, 9, 10, 11, 12, 13, 14, 15, 16, 17, 18, 19, 20, 21, 22, 23, 24, 25, 26, 27, 28, 29]","[4, 11, 14, 15, 16, 18, 19, 25, 26, 27, 28]","[5, 6, 7, 8, 9, 10, 12, 13, 17, 20, 21, 22, 23, 24, 29]",4,False,27.181818181818187,34.62,-7.4381818181818105,False
evqa-pilot500,instructblip-vicuna-7b,available_train,none,500,1.0,global_95,M-Gen,22,False,"[5, 10, 14, 18, 22, 24, 27, 29]","[4, 5, 6, 7, 8, 9, 10, 11, 12, 13, 14, 15, 16, 17, 18, 19, 20, 21, 22, 23, 24, 25, 26, 27, 28, 29]","[4, 11, 14, 15, 16, 18, 19, 25, 26, 27, 28]","[5, 6, 7, 8, 9, 10, 12, 13, 17, 20, 21, 22, 23, 24, 29]",4,False,27.15818181818182,32.4975,-5.339318181818182,False
evqa-pilot500,instructblip-vicuna-7b,available_train,none,500,1.0,global_95,T-Loc,22,False,"[5, 10, 14, 18, 22, 24, 27, 29]","[4, 5, 6, 7, 8, 9, 10, 11, 12, 13, 14, 15, 16, 17, 18, 19, 20, 21, 22, 23, 24, 25, 26, 27, 28, 29]","[4, 11, 14, 15, 16, 18, 19, 25, 26, 27, 28]","[5, 6, 7, 8, 9, 10, 12, 13, 17, 20, 21, 22, 23, 24, 29]",4,False,100.0,100.0,0.0,True
evqa-pilot500,instructblip-vicuna-7b,available_train,none,500,1.0,global_95,M-Loc,22,False,"[5, 10, 14, 18, 22, 24, 27, 29]","[4, 5, 6, 7, 8, 9, 10, 11, 12, 13, 14, 15, 16, 17, 18, 19, 20, 21, 22, 23, 24, 25, 26, 27, 28, 29]","[4, 11, 14, 15, 16, 18, 19, 25, 26, 27, 28]","[5, 6, 7, 8, 9, 10, 12, 13, 17, 20, 21, 22, 23, 24, 29]",4,False,67.37545454545456,55.985,11.39045454545456,True
evqa-pilot500,instructblip-vicuna-7b,available_train,none,500,1.0,global_95,Average,22,False,"[5, 10, 14, 18, 22, 24, 27, 29]","[4, 5, 6, 7, 8, 9, 10, 11, 12, 13, 14, 15, 16, 17, 18, 19, 20, 21, 22, 23, 24, 25, 26, 27, 28, 29]","[4, 11, 14, 15, 16, 18, 19, 25, 26, 27, 28]","[5, 6, 7, 8, 9, 10, 12, 13, 17, 20, 21, 22, 23, 24, 29]",4,False,50.01327272727272,51.787499999999994,-1.7742272727272734,False
evqa-pilot500,instructblip-vicuna-7b,available_train,none,500,1.0,interior_pm1,Rel,22,False,"[5, 10, 14, 18, 22, 24, 27, 29]","[21, 22, 23]",[],"[21, 22, 23]",15,False,,30.34666666666667,,False
evqa-pilot500,instructblip-vicuna-7b,available_train,none,500,1.0,interior_pm1,T-Gen,22,False,"[5, 10, 14, 18, 22, 24, 27, 29]","[21, 22, 23]",[],"[21, 22, 23]",15,False,,29.16533333333334,,False
evqa-pilot500,instructblip-vicuna-7b,available_train,none,500,1.0,interior_pm1,M-Gen,22,False,"[5, 10, 14, 18, 22, 24, 27, 29]","[21, 22, 23]",[],"[21, 22, 23]",15,False,,28.582,,False
evqa-pilot500,instructblip-vicuna-7b,available_train,none,500,1.0,interior_pm1,T-Loc,22,False,"[5, 10, 14, 18, 22, 24, 27, 29]","[21, 22, 23]",[],"[21, 22, 23]",15,False,,100.0,,False
evqa-pilot500,instructblip-vicuna-7b,available_train,none,500,1.0,interior_pm1,M-Loc,22,False,"[5, 10, 14, 18, 22, 24, 27, 29]","[21, 22, 23]",[],"[21, 22, 23]",15,False,,64.33800000000001,,False
evqa-pilot500,instructblip-vicuna-7b,available_train,none,500,1.0,interior_pm1,Average,22,False,"[5, 10, 14, 18, 22, 24, 27, 29]","[21, 22, 23]",[],"[21, 22, 23]",15,False,,50.4864,,False
evqa-pilot500,instructblip-vicuna-7b,available_train,alt,500,1.0,global_80,Rel,5,False,"[5, 10, 14, 18, 22, 29]","[2, 3, 4, 5, 6, 7, 8, 9, 10, 11, 12, 13, 14, 15, 16, 17, 18, 19, 20, 21, 22, 23, 24, 25, 26, 27, 28, 29, 30, 31]","[2, 3, 4, 11, 14, 15, 16, 18, 19, 25, 26, 27, 28]","[5, 6, 7, 8, 9, 10, 12, 13, 17, 20, 21, 22, 23, 24, 29, 30, 31]",2,False,28.86230769230769,39.995000000000005,-11.132692307692313,False
evqa-pilot500,instructblip-vicuna-7b,available_train,alt,500,1.0,global_80,T-Gen,5,False,"[5, 10, 14, 18, 22, 29]","[2, 3, 4, 5, 6, 7, 8, 9, 10, 11, 12, 13, 14, 15, 16, 17, 18, 19, 20, 21, 22, 23, 24, 25, 26, 27, 28, 29, 30, 31]","[2, 3, 4, 11, 14, 15, 16, 18, 19, 25, 26, 27, 28]","[5, 6, 7, 8, 9, 10, 12, 13, 17, 20, 21, 22, 23, 24, 29, 30, 31]",2,False,27.70153846153847,38.67999999999999,-10.978461538461524,False
evqa-pilot500,instructblip-vicuna-7b,available_train,alt,500,1.0,global_80,M-Gen,5,False,"[5, 10, 14, 18, 22, 29]","[2, 3, 4, 5, 6, 7, 8, 9, 10, 11, 12, 13, 14, 15, 16, 17, 18, 19, 20, 21, 22, 23, 24, 25, 26, 27, 28, 29, 30, 31]","[2, 3, 4, 11, 14, 15, 16, 18, 19, 25, 26, 27, 28]","[5, 6, 7, 8, 9, 10, 12, 13, 17, 20, 21, 22, 23, 24, 29, 30, 31]",2,False,27.46153846153846,35.864999999999995,-8.403461538461535,False
evqa-pilot500,instructblip-vicuna-7b,available_train,alt,500,1.0,global_80,T-Loc,5,False,"[5, 10, 14, 18, 22, 29]","[2, 3, 4, 5, 6, 7, 8, 9, 10, 11, 12, 13, 14, 15, 16, 17, 18, 19, 20, 21, 22, 23, 24, 25, 26, 27, 28, 29, 30, 31]","[2, 3, 4, 11, 14, 15, 16, 18, 19, 25, 26, 27, 28]","[5, 6, 7, 8, 9, 10, 12, 13, 17, 20, 21, 22, 23, 24, 29, 30, 31]",2,False,100.0,100.0,0.0,True
evqa-pilot500,instructblip-vicuna-7b,available_train,alt,500,1.0,global_80,M-Loc,5,False,"[5, 10, 14, 18, 22, 29]","[2, 3, 4, 5, 6, 7, 8, 9, 10, 11, 12, 13, 14, 15, 16, 17, 18, 19, 20, 21, 22, 23, 24, 25, 26, 27, 28, 29, 30, 31]","[2, 3, 4, 11, 14, 15, 16, 18, 19, 25, 26, 27, 28]","[5, 6, 7, 8, 9, 10, 12, 13, 17, 20, 21, 22, 23, 24, 29, 30, 31]",2,False,66.19461538461539,52.269999999999996,13.924615384615393,True
evqa-pilot500,instructblip-vicuna-7b,available_train,alt,500,1.0,global_80,Average,5,False,"[5, 10, 14, 18, 22, 29]","[2, 3, 4, 5, 6, 7, 8, 9, 10, 11, 12, 13, 14, 15, 16, 17, 18, 19, 20, 21, 22, 23, 24, 25, 26, 27, 28, 29, 30, 31]","[2, 3, 4, 11, 14, 15, 16, 18, 19, 25, 26, 27, 28]","[5, 6, 7, 8, 9, 10, 12, 13, 17, 20, 21, 22, 23, 24, 29, 30, 31]",2,False,50.044,53.361999999999995,-3.317999999999998,False
evqa-pilot500,instructblip-vicuna-7b,available_train,alt,500,1.0,global_90,Rel,5,False,"[5, 10, 14, 18, 22, 29]","[2, 3, 4, 5, 6, 7, 8, 9, 10, 11, 12, 13, 14, 15, 16, 17, 18, 19, 20, 21, 22, 23, 24, 25, 26, 27, 28, 29]","[2, 3, 4, 11, 14, 15, 16, 18, 19, 25, 26, 27, 28]","[5, 6, 7, 8, 9, 10, 12, 13, 17, 20, 21, 22, 23, 24, 29]",2,False,28.86230769230769,39.995000000000005,-11.132692307692313,False
evqa-pilot500,instructblip-vicuna-7b,available_train,alt,500,1.0,global_90,T-Gen,5,False,"[5, 10, 14, 18, 22, 29]","[2, 3, 4, 5, 6, 7, 8, 9, 10, 11, 12, 13, 14, 15, 16, 17, 18, 19, 20, 21, 22, 23, 24, 25, 26, 27, 28, 29]","[2, 3, 4, 11, 14, 15, 16, 18, 19, 25, 26, 27, 28]","[5, 6, 7, 8, 9, 10, 12, 13, 17, 20, 21, 22, 23, 24, 29]",2,False,27.70153846153847,38.67999999999999,-10.978461538461524,False
evqa-pilot500,instructblip-vicuna-7b,available_train,alt,500,1.0,global_90,M-Gen,5,False,"[5, 10, 14, 18, 22, 29]","[2, 3, 4, 5, 6, 7, 8, 9, 10, 11, 12, 13, 14, 15, 16, 17, 18, 19, 20, 21, 22, 23, 24, 25, 26, 27, 28, 29]","[2, 3, 4, 11, 14, 15, 16, 18, 19, 25, 26, 27, 28]","[5, 6, 7, 8, 9, 10, 12, 13, 17, 20, 21, 22, 23, 24, 29]",2,False,27.46153846153846,35.864999999999995,-8.403461538461535,False
evqa-pilot500,instructblip-vicuna-7b,available_train,alt,500,1.0,global_90,T-Loc,5,False,"[5, 10, 14, 18, 22, 29]","[2, 3, 4, 5, 6, 7, 8, 9, 10, 11, 12, 13, 14, 15, 16, 17, 18, 19, 20, 21, 22, 23, 24, 25, 26, 27, 28, 29]","[2, 3, 4, 11, 14, 15, 16, 18, 19, 25, 26, 27, 28]","[5, 6, 7, 8, 9, 10, 12, 13, 17, 20, 21, 22, 23, 24, 29]",2,False,100.0,100.0,0.0,True
evqa-pilot500,instructblip-vicuna-7b,available_train,alt,500,1.0,global_90,M-Loc,5,False,"[5, 10, 14, 18, 22, 29]","[2, 3, 4, 5, 6, 7, 8, 9, 10, 11, 12, 13, 14, 15, 16, 17, 18, 19, 20, 21, 22, 23, 24, 25, 26, 27, 28, 29]","[2, 3, 4, 11, 14, 15, 16, 18, 19, 25, 26, 27, 28]","[5, 6, 7, 8, 9, 10, 12, 13, 17, 20, 21, 22, 23, 24, 29]",2,False,66.19461538461539,52.269999999999996,13.924615384615393,True
evqa-pilot500,instructblip-vicuna-7b,available_train,alt,500,1.0,global_90,Average,5,False,"[5, 10, 14, 18, 22, 29]","[2, 3, 4, 5, 6, 7, 8, 9, 10, 11, 12, 13, 14, 15, 16, 17, 18, 19, 20, 21, 22, 23, 24, 25, 26, 27, 28, 29]","[2, 3, 4, 11, 14, 15, 16, 18, 19, 25, 26, 27, 28]","[5, 6, 7, 8, 9, 10, 12, 13, 17, 20, 21, 22, 23, 24, 29]",2,False,50.044,53.361999999999995,-3.317999999999998,False
evqa-pilot500,instructblip-vicuna-7b,available_train,alt,500,1.0,global_95,Rel,5,False,"[5, 10, 14, 18, 22, 29]","[4, 5, 6, 7, 8, 9, 10, 11, 12, 13, 14, 15, 16, 17, 18, 19, 20, 21, 22, 23, 24, 25, 26, 27]","[4, 11, 14, 15, 16, 18, 19, 25, 26, 27]","[5, 6, 7, 8, 9, 10, 12, 13, 17, 20, 21, 22, 23, 24]",5,False,28.2,34.64,-6.440000000000001,False
evqa-pilot500,instructblip-vicuna-7b,available_train,alt,500,1.0,global_95,T-Gen,5,False,"[5, 10, 14, 18, 22, 29]","[4, 5, 6, 7, 8, 9, 10, 11, 12, 13, 14, 15, 16, 17, 18, 19, 20, 21, 22, 23, 24, 25, 26, 27]","[4, 11, 14, 15, 16, 18, 19, 25, 26, 27]","[5, 6, 7, 8, 9, 10, 12, 13, 17, 20, 21, 22, 23, 24]",5,False,27.028000000000002,33.44,-6.4119999999999955,False
evqa-pilot500,instructblip-vicuna-7b,available_train,alt,500,1.0,global_95,M-Gen,5,False,"[5, 10, 14, 18, 22, 29]","[4, 5, 6, 7, 8, 9, 10, 11, 12, 13, 14, 15, 16, 17, 18, 19, 20, 21, 22, 23, 24, 25, 26, 27]","[4, 11, 14, 15, 16, 18, 19, 25, 26, 27]","[5, 6, 7, 8, 9, 10, 12, 13, 17, 20, 21, 22, 23, 24]",5,False,26.996,31.754,-4.758000000000003,False
evqa-pilot500,instructblip-vicuna-7b,available_train,alt,500,1.0,global_95,T-Loc,5,False,"[5, 10, 14, 18, 22, 29]","[4, 5, 6, 7, 8, 9, 10, 11, 12, 13, 14, 15, 16, 17, 18, 19, 20, 21, 22, 23, 24, 25, 26, 27]","[4, 11, 14, 15, 16, 18, 19, 25, 26, 27]","[5, 6, 7, 8, 9, 10, 12, 13, 17, 20, 21, 22, 23, 24]",5,False,100.0,100.0,0.0,True
evqa-pilot500,instructblip-vicuna-7b,available_train,alt,500,1.0,global_95,M-Loc,5,False,"[5, 10, 14, 18, 22, 29]","[4, 5, 6, 7, 8, 9, 10, 11, 12, 13, 14, 15, 16, 17, 18, 19, 20, 21, 22, 23, 24, 25, 26, 27]","[4, 11, 14, 15, 16, 18, 19, 25, 26, 27]","[5, 6, 7, 8, 9, 10, 12, 13, 17, 20, 21, 22, 23, 24]",5,False,66.21300000000001,60.588,5.625000000000007,False
evqa-pilot500,instructblip-vicuna-7b,available_train,alt,500,1.0,global_95,Average,5,False,"[5, 10, 14, 18, 22, 29]","[4, 5, 6, 7, 8, 9, 10, 11, 12, 13, 14, 15, 16, 17, 18, 19, 20, 21, 22, 23, 24, 25, 26, 27]","[4, 11, 14, 15, 16, 18, 19, 25, 26, 27]","[5, 6, 7, 8, 9, 10, 12, 13, 17, 20, 21, 22, 23, 24]",5,False,49.6874,52.084399999999995,-2.3969999999999985,False
evqa-pilot500,instructblip-vicuna-7b,available_train,alt,500,1.0,interior_pm1,Rel,5,False,"[5, 10, 14, 18, 22, 29]","[4, 5, 6]",[4],"[5, 6]",14,False,28.720000000000002,30.462857142857143,-1.7428571428571402,False
evqa-pilot500,instructblip-vicuna-7b,available_train,alt,500,1.0,interior_pm1,T-Gen,5,False,"[5, 10, 14, 18, 22, 29]","[4, 5, 6]",[4],"[5, 6]",14,False,27.310000000000002,29.297857142857147,-1.9878571428571448,False
evqa-pilot500,instructblip-vicuna-7b,available_train,alt,500,1.0,interior_pm1,M-Gen,5,False,"[5, 10, 14, 18, 22, 29]","[4, 5, 6]",[4],"[5, 6]",14,False,27.500000000000004,28.659285714285716,-1.159285714285712,False
evqa-pilot500,instructblip-vicuna-7b,available_train,alt,500,1.0,interior_pm1,T-Loc,5,False,"[5, 10, 14, 18, 22, 29]","[4, 5, 6]",[4],"[5, 6]",14,False,100.0,100.0,0.0,True
evqa-pilot500,instructblip-vicuna-7b,available_train,alt,500,1.0,interior_pm1,M-Loc,5,False,"[5, 10, 14, 18, 22, 29]","[4, 5, 6]",[4],"[5, 6]",14,False,55.879999999999995,64.94214285714285,-9.06214285714286,False
evqa-pilot500,instructblip-vicuna-7b,available_train,alt,500,1.0,interior_pm1,Average,5,False,"[5, 10, 14, 18, 22, 29]","[4, 5, 6]",[4],"[5, 6]",14,False,47.882,50.672428571428576,-2.7904285714285777,False
evqa-pilot500,instructblip-vicuna-7b,available_train,model_pred,500,1.0,global_80,Rel,5,False,"[5, 10, 14, 18, 22, 29]","[2, 3, 4, 5, 6, 7, 8, 9, 10, 11, 12, 13, 14, 15, 16, 17, 18, 19, 20, 21, 22, 23, 24, 25, 26, 27, 28, 29, 30, 31]","[2, 3, 4, 11, 14, 15, 16, 18, 19, 25, 26, 27, 28]","[5, 6, 7, 8, 9, 10, 12, 13, 17, 20, 21, 22, 23, 24, 29, 30, 31]",2,False,28.86230769230769,39.995000000000005,-11.132692307692313,False
evqa-pilot500,instructblip-vicuna-7b,available_train,model_pred,500,1.0,global_80,T-Gen,5,False,"[5, 10, 14, 18, 22, 29]","[2, 3, 4, 5, 6, 7, 8, 9, 10, 11, 12, 13, 14, 15, 16, 17, 18, 19, 20, 21, 22, 23, 24, 25, 26, 27, 28, 29, 30, 31]","[2, 3, 4, 11, 14, 15, 16, 18, 19, 25, 26, 27, 28]","[5, 6, 7, 8, 9, 10, 12, 13, 17, 20, 21, 22, 23, 24, 29, 30, 31]",2,False,27.70153846153847,38.67999999999999,-10.978461538461524,False
evqa-pilot500,instructblip-vicuna-7b,available_train,model_pred,500,1.0,global_80,M-Gen,5,False,"[5, 10, 14, 18, 22, 29]","[2, 3, 4, 5, 6, 7, 8, 9, 10, 11, 12, 13, 14, 15, 16, 17, 18, 19, 20, 21, 22, 23, 24, 25, 26, 27, 28, 29, 30, 31]","[2, 3, 4, 11, 14, 15, 16, 18, 19, 25, 26, 27, 28]","[5, 6, 7, 8, 9, 10, 12, 13, 17, 20, 21, 22, 23, 24, 29, 30, 31]",2,False,27.46153846153846,35.864999999999995,-8.403461538461535,False
evqa-pilot500,instructblip-vicuna-7b,available_train,model_pred,500,1.0,global_80,T-Loc,5,False,"[5, 10, 14, 18, 22, 29]","[2, 3, 4, 5, 6, 7, 8, 9, 10, 11, 12, 13, 14, 15, 16, 17, 18, 19, 20, 21, 22, 23, 24, 25, 26, 27, 28, 29, 30, 31]","[2, 3, 4, 11, 14, 15, 16, 18, 19, 25, 26, 27, 28]","[5, 6, 7, 8, 9, 10, 12, 13, 17, 20, 21, 22, 23, 24, 29, 30, 31]",2,False,100.0,100.0,0.0,True
evqa-pilot500,instructblip-vicuna-7b,available_train,model_pred,500,1.0,global_80,M-Loc,5,False,"[5, 10, 14, 18, 22, 29]","[2, 3, 4, 5, 6, 7, 8, 9, 10, 11, 12, 13, 14, 15, 16, 17, 18, 19, 20, 21, 22, 23, 24, 25, 26, 27, 28, 29, 30, 31]","[2, 3, 4, 11, 14, 15, 16, 18, 19, 25, 26, 27, 28]","[5, 6, 7, 8, 9, 10, 12, 13, 17, 20, 21, 22, 23, 24, 29, 30, 31]",2,False,66.19461538461539,52.269999999999996,13.924615384615393,True
evqa-pilot500,instructblip-vicuna-7b,available_train,model_pred,500,1.0,global_80,Average,5,False,"[5, 10, 14, 18, 22, 29]","[2, 3, 4, 5, 6, 7, 8, 9, 10, 11, 12, 13, 14, 15, 16, 17, 18, 19, 20, 21, 22, 23, 24, 25, 26, 27, 28, 29, 30, 31]","[2, 3, 4, 11, 14, 15, 16, 18, 19, 25, 26, 27, 28]","[5, 6, 7, 8, 9, 10, 12, 13, 17, 20, 21, 22, 23, 24, 29, 30, 31]",2,False,50.044,53.361999999999995,-3.317999999999998,False
evqa-pilot500,instructblip-vicuna-7b,available_train,model_pred,500,1.0,global_90,Rel,5,False,"[5, 10, 14, 18, 22, 29]","[2, 3, 4, 5, 6, 7, 8, 9, 10, 11, 12, 13, 14, 15, 16, 17, 18, 19, 20, 21, 22, 23, 24, 25, 26, 27, 28, 29]","[2, 3, 4, 11, 14, 15, 16, 18, 19, 25, 26, 27, 28]","[5, 6, 7, 8, 9, 10, 12, 13, 17, 20, 21, 22, 23, 24, 29]",2,False,28.86230769230769,39.995000000000005,-11.132692307692313,False
evqa-pilot500,instructblip-vicuna-7b,available_train,model_pred,500,1.0,global_90,T-Gen,5,False,"[5, 10, 14, 18, 22, 29]","[2, 3, 4, 5, 6, 7, 8, 9, 10, 11, 12, 13, 14, 15, 16, 17, 18, 19, 20, 21, 22, 23, 24, 25, 26, 27, 28, 29]","[2, 3, 4, 11, 14, 15, 16, 18, 19, 25, 26, 27, 28]","[5, 6, 7, 8, 9, 10, 12, 13, 17, 20, 21, 22, 23, 24, 29]",2,False,27.70153846153847,38.67999999999999,-10.978461538461524,False
evqa-pilot500,instructblip-vicuna-7b,available_train,model_pred,500,1.0,global_90,M-Gen,5,False,"[5, 10, 14, 18, 22, 29]","[2, 3, 4, 5, 6, 7, 8, 9, 10, 11, 12, 13, 14, 15, 16, 17, 18, 19, 20, 21, 22, 23, 24, 25, 26, 27, 28, 29]","[2, 3, 4, 11, 14, 15, 16, 18, 19, 25, 26, 27, 28]","[5, 6, 7, 8, 9, 10, 12, 13, 17, 20, 21, 22, 23, 24, 29]",2,False,27.46153846153846,35.864999999999995,-8.403461538461535,False
evqa-pilot500,instructblip-vicuna-7b,available_train,model_pred,500,1.0,global_90,T-Loc,5,False,"[5, 10, 14, 18, 22, 29]","[2, 3, 4, 5, 6, 7, 8, 9, 10, 11, 12, 13, 14, 15, 16, 17, 18, 19, 20, 21, 22, 23, 24, 25, 26, 27, 28, 29]","[2, 3, 4, 11, 14, 15, 16, 18, 19, 25, 26, 27, 28]","[5, 6, 7, 8, 9, 10, 12, 13, 17, 20, 21, 22, 23, 24, 29]",2,False,100.0,100.0,0.0,True
evqa-pilot500,instructblip-vicuna-7b,available_train,model_pred,500,1.0,global_90,M-Loc,5,False,"[5, 10, 14, 18, 22, 29]","[2, 3, 4, 5, 6, 7, 8, 9, 10, 11, 12, 13, 14, 15, 16, 17, 18, 19, 20, 21, 22, 23, 24, 25, 26, 27, 28, 29]","[2, 3, 4, 11, 14, 15, 16, 18, 19, 25, 26, 27, 28]","[5, 6, 7, 8, 9, 10, 12, 13, 17, 20, 21, 22, 23, 24, 29]",2,False,66.19461538461539,52.269999999999996,13.924615384615393,True
evqa-pilot500,instructblip-vicuna-7b,available_train,model_pred,500,1.0,global_90,Average,5,False,"[5, 10, 14, 18, 22, 29]","[2, 3, 4, 5, 6, 7, 8, 9, 10, 11, 12, 13, 14, 15, 16, 17, 18, 19, 20, 21, 22, 23, 24, 25, 26, 27, 28, 29]","[2, 3, 4, 11, 14, 15, 16, 18, 19, 25, 26, 27, 28]","[5, 6, 7, 8, 9, 10, 12, 13, 17, 20, 21, 22, 23, 24, 29]",2,False,50.044,53.361999999999995,-3.317999999999998,False
evqa-pilot500,instructblip-vicuna-7b,available_train,model_pred,500,1.0,global_95,Rel,5,False,"[5, 10, 14, 18, 22, 29]","[4, 5, 6, 7, 8, 9, 10, 11, 12, 13, 14, 15, 16, 17, 18, 19, 20, 21, 22, 23, 24, 25, 26, 27, 28, 29]","[4, 11, 14, 15, 16, 18, 19, 25, 26, 27, 28]","[5, 6, 7, 8, 9, 10, 12, 13, 17, 20, 21, 22, 23, 24, 29]",4,False,28.35090909090909,35.835,-7.484090909090909,False
evqa-pilot500,instructblip-vicuna-7b,available_train,model_pred,500,1.0,global_95,T-Gen,5,False,"[5, 10, 14, 18, 22, 29]","[4, 5, 6, 7, 8, 9, 10, 11, 12, 13, 14, 15, 16, 17, 18, 19, 20, 21, 22, 23, 24, 25, 26, 27, 28, 29]","[4, 11, 14, 15, 16, 18, 19, 25, 26, 27, 28]","[5, 6, 7, 8, 9, 10, 12, 13, 17, 20, 21, 22, 23, 24, 29]",4,False,27.181818181818187,34.62,-7.4381818181818105,False
evqa-pilot500,instructblip-vicuna-7b,available_train,model_pred,500,1.0,global_95,M-Gen,5,False,"[5, 10, 14, 18, 22, 29]","[4, 5, 6, 7, 8, 9, 10, 11, 12, 13, 14, 15, 16, 17, 18, 19, 20, 21, 22, 23, 24, 25, 26, 27, 28, 29]","[4, 11, 14, 15, 16, 18, 19, 25, 26, 27, 28]","[5, 6, 7, 8, 9, 10, 12, 13, 17, 20, 21, 22, 23, 24, 29]",4,False,27.15818181818182,32.4975,-5.339318181818182,False
evqa-pilot500,instructblip-vicuna-7b,available_train,model_pred,500,1.0,global_95,T-Loc,5,False,"[5, 10, 14, 18, 22, 29]","[4, 5, 6, 7, 8, 9, 10, 11, 12, 13, 14, 15, 16, 17, 18, 19, 20, 21, 22, 23, 24, 25, 26, 27, 28, 29]","[4, 11, 14, 15, 16, 18, 19, 25, 26, 27, 28]","[5, 6, 7, 8, 9, 10, 12, 13, 17, 20, 21, 22, 23, 24, 29]",4,False,100.0,100.0,0.0,True
evqa-pilot500,instructblip-vicuna-7b,available_train,model_pred,500,1.0,global_95,M-Loc,5,False,"[5, 10, 14, 18, 22, 29]","[4, 5, 6, 7, 8, 9, 10, 11, 12, 13, 14, 15, 16, 17, 18, 19, 20, 21, 22, 23, 24, 25, 26, 27, 28, 29]","[4, 11, 14, 15, 16, 18, 19, 25, 26, 27, 28]","[5, 6, 7, 8, 9, 10, 12, 13, 17, 20, 21, 22, 23, 24, 29]",4,False,67.37545454545456,55.985,11.39045454545456,True
evqa-pilot500,instructblip-vicuna-7b,available_train,model_pred,500,1.0,global_95,Average,5,False,"[5, 10, 14, 18, 22, 29]","[4, 5, 6, 7, 8, 9, 10, 11, 12, 13, 14, 15, 16, 17, 18, 19, 20, 21, 22, 23, 24, 25, 26, 27, 28, 29]","[4, 11, 14, 15, 16, 18, 19, 25, 26, 27, 28]","[5, 6, 7, 8, 9, 10, 12, 13, 17, 20, 21, 22, 23, 24, 29]",4,False,50.01327272727272,51.787499999999994,-1.7742272727272734,False
evqa-pilot500,instructblip-vicuna-7b,available_train,model_pred,500,1.0,interior_pm1,Rel,5,False,"[5, 10, 14, 18, 22, 29]","[4, 5, 6]",[4],"[5, 6]",14,False,28.720000000000002,30.462857142857143,-1.7428571428571402,False
evqa-pilot500,instructblip-vicuna-7b,available_train,model_pred,500,1.0,interior_pm1,T-Gen,5,False,"[5, 10, 14, 18, 22, 29]","[4, 5, 6]",[4],"[5, 6]",14,False,27.310000000000002,29.297857142857147,-1.9878571428571448,False
evqa-pilot500,instructblip-vicuna-7b,available_train,model_pred,500,1.0,interior_pm1,M-Gen,5,False,"[5, 10, 14, 18, 22, 29]","[4, 5, 6]",[4],"[5, 6]",14,False,27.500000000000004,28.659285714285716,-1.159285714285712,False
evqa-pilot500,instructblip-vicuna-7b,available_train,model_pred,500,1.0,interior_pm1,T-Loc,5,False,"[5, 10, 14, 18, 22, 29]","[4, 5, 6]",[4],"[5, 6]",14,False,100.0,100.0,0.0,True
evqa-pilot500,instructblip-vicuna-7b,available_train,model_pred,500,1.0,interior_pm1,M-Loc,5,False,"[5, 10, 14, 18, 22, 29]","[4, 5, 6]",[4],"[5, 6]",14,False,55.879999999999995,64.94214285714285,-9.06214285714286,False
evqa-pilot500,instructblip-vicuna-7b,available_train,model_pred,500,1.0,interior_pm1,Average,5,False,"[5, 10, 14, 18, 22, 29]","[4, 5, 6]",[4],"[5, 6]",14,False,47.882,50.672428571428576,-2.7904285714285777,False
evqa-pilot500,minigpt-4-vicuna-7b,matched_gradient,none,499,0.998,global_80,Rel,29,False,"[3, 7, 29]","[25, 26, 27, 28, 29, 30]","[25, 26, 28, 29, 30]",[27],16,False,39.983999999999995,46.4875,-6.5035000000000025,False
evqa-pilot500,minigpt-4-vicuna-7b,matched_gradient,none,499,0.998,global_80,T-Gen,29,False,"[3, 7, 29]","[25, 26, 27, 28, 29, 30]","[25, 26, 28, 29, 30]",[27],16,False,36.906000000000006,43.680625,-6.774624999999993,False
evqa-pilot500,minigpt-4-vicuna-7b,matched_gradient,none,499,0.998,global_80,M-Gen,29,False,"[3, 7, 29]","[25, 26, 27, 28, 29, 30]","[25, 26, 28, 29, 30]",[27],16,False,37.814,44.4825,-6.668500000000002,False
evqa-pilot500,minigpt-4-vicuna-7b,matched_gradient,none,499,0.998,global_80,T-Loc,29,False,"[3, 7, 29]","[25, 26, 27, 28, 29, 30]","[25, 26, 28, 29, 30]",[27],16,False,100.0,100.0,0.0,True
evqa-pilot500,minigpt-4-vicuna-7b,matched_gradient,none,499,0.998,global_80,M-Loc,29,False,"[3, 7, 29]","[25, 26, 27, 28, 29, 30]","[25, 26, 28, 29, 30]",[27],16,False,75.76,81.13062500000001,-5.370625000000004,False
evqa-pilot500,minigpt-4-vicuna-7b,matched_gradient,none,499,0.998,global_80,Average,29,False,"[3, 7, 29]","[25, 26, 27, 28, 29, 30]","[25, 26, 28, 29, 30]",[27],16,False,58.0928,63.15625,-5.063450000000003,False
evqa-pilot500,minigpt-4-vicuna-7b,matched_gradient,none,499,0.998,global_90,Rel,29,False,"[3, 7, 29]","[27, 28, 29, 30]","[28, 29, 30]",[27],18,False,40.166666666666664,45.73444444444445,-5.567777777777785,False
evqa-pilot500,minigpt-4-vicuna-7b,matched_gradient,none,499,0.998,global_90,T-Gen,29,False,"[3, 7, 29]","[27, 28, 29, 30]","[28, 29, 30]",[27],18,False,37.51666666666667,42.8261111111111,-5.309444444444431,False
evqa-pilot500,minigpt-4-vicuna-7b,matched_gradient,none,499,0.998,global_90,M-Gen,29,False,"[3, 7, 29]","[27, 28, 29, 30]","[28, 29, 30]",[27],18,False,38.23,43.672222222222224,-5.442222222222227,False
evqa-pilot500,minigpt-4-vicuna-7b,matched_gradient,none,499,0.998,global_90,T-Loc,29,False,"[3, 7, 29]","[27, 28, 29, 30]","[28, 29, 30]",[27],18,False,100.0,100.0,0.0,True
evqa-pilot500,minigpt-4-vicuna-7b,matched_gradient,none,499,0.998,global_90,M-Loc,29,False,"[3, 7, 29]","[27, 28, 29, 30]","[28, 29, 30]",[27],18,False,75.30333333333334,80.61,-5.306666666666658,False
evqa-pilot500,minigpt-4-vicuna-7b,matched_gradient,none,499,0.998,global_90,Average,29,False,"[3, 7, 29]","[27, 28, 29, 30]","[28, 29, 30]",[27],18,False,58.24333333333334,62.56855555555555,-4.325222222222209,False
evqa-pilot500,minigpt-4-vicuna-7b,matched_gradient,none,499,0.998,global_95,Rel,29,False,"[3, 7, 29]","[28, 29]","[28, 29]",[],19,True,39.47,45.514736842105265,-6.044736842105266,False
evqa-pilot500,minigpt-4-vicuna-7b,matched_gradient,none,499,0.998,global_95,T-Gen,29,False,"[3, 7, 29]","[28, 29]","[28, 29]",[],19,True,36.935,42.6078947368421,-5.672894736842096,False
evqa-pilot500,minigpt-4-vicuna-7b,matched_gradient,none,499,0.998,global_95,M-Gen,29,False,"[3, 7, 29]","[28, 29]","[28, 29]",[],19,True,37.605000000000004,43.451578947368425,-5.846578947368421,False
evqa-pilot500,minigpt-4-vicuna-7b,matched_gradient,none,499,0.998,global_95,T-Loc,29,False,"[3, 7, 29]","[28, 29]","[28, 29]",[],19,True,100.0,100.0,0.0,True
evqa-pilot500,minigpt-4-vicuna-7b,matched_gradient,none,499,0.998,global_95,M-Loc,29,False,"[3, 7, 29]","[28, 29]","[28, 29]",[],19,True,78.21000000000001,80.02473684210527,-1.8147368421052619,False
evqa-pilot500,minigpt-4-vicuna-7b,matched_gradient,none,499,0.998,global_95,Average,29,False,"[3, 7, 29]","[28, 29]","[28, 29]",[],19,True,58.444,62.31978947368421,-3.8757894736842076,False
evqa-pilot500,minigpt-4-vicuna-7b,matched_gradient,none,499,0.998,interior_pm1,Rel,29,False,"[3, 7, 29]","[28, 29, 30]","[28, 29, 30]",[],18,True,40.166666666666664,45.73444444444445,-5.567777777777785,False
evqa-pilot500,minigpt-4-vicuna-7b,matched_gradient,none,499,0.998,interior_pm1,T-Gen,29,False,"[3, 7, 29]","[28, 29, 30]","[28, 29, 30]",[],18,True,37.51666666666667,42.8261111111111,-5.309444444444431,False
evqa-pilot500,minigpt-4-vicuna-7b,matched_gradient,none,499,0.998,interior_pm1,M-Gen,29,False,"[3, 7, 29]","[28, 29, 30]","[28, 29, 30]",[],18,True,38.23,43.672222222222224,-5.442222222222227,False
evqa-pilot500,minigpt-4-vicuna-7b,matched_gradient,none,499,0.998,interior_pm1,T-Loc,29,False,"[3, 7, 29]","[28, 29, 30]","[28, 29, 30]",[],18,True,100.0,100.0,0.0,True
evqa-pilot500,minigpt-4-vicuna-7b,matched_gradient,none,499,0.998,interior_pm1,M-Loc,29,False,"[3, 7, 29]","[28, 29, 30]","[28, 29, 30]",[],18,True,75.30333333333334,80.61,-5.306666666666658,False
evqa-pilot500,minigpt-4-vicuna-7b,matched_gradient,none,499,0.998,interior_pm1,Average,29,False,"[3, 7, 29]","[28, 29, 30]","[28, 29, 30]",[],18,True,58.24333333333334,62.56855555555555,-4.325222222222209,False
evqa-pilot500,minigpt-4-vicuna-7b,matched_gradient,alt,499,0.998,global_80,Rel,29,False,"[3, 7, 29]","[25, 26, 27, 28, 29, 30]","[25, 26, 28, 29, 30]",[27],16,False,39.983999999999995,46.4875,-6.5035000000000025,False
evqa-pilot500,minigpt-4-vicuna-7b,matched_gradient,alt,499,0.998,global_80,T-Gen,29,False,"[3, 7, 29]","[25, 26, 27, 28, 29, 30]","[25, 26, 28, 29, 30]",[27],16,False,36.906000000000006,43.680625,-6.774624999999993,False
evqa-pilot500,minigpt-4-vicuna-7b,matched_gradient,alt,499,0.998,global_80,M-Gen,29,False,"[3, 7, 29]","[25, 26, 27, 28, 29, 30]","[25, 26, 28, 29, 30]",[27],16,False,37.814,44.4825,-6.668500000000002,False
evqa-pilot500,minigpt-4-vicuna-7b,matched_gradient,alt,499,0.998,global_80,T-Loc,29,False,"[3, 7, 29]","[25, 26, 27, 28, 29, 30]","[25, 26, 28, 29, 30]",[27],16,False,100.0,100.0,0.0,True
evqa-pilot500,minigpt-4-vicuna-7b,matched_gradient,alt,499,0.998,global_80,M-Loc,29,False,"[3, 7, 29]","[25, 26, 27, 28, 29, 30]","[25, 26, 28, 29, 30]",[27],16,False,75.76,81.13062500000001,-5.370625000000004,False
evqa-pilot500,minigpt-4-vicuna-7b,matched_gradient,alt,499,0.998,global_80,Average,29,False,"[3, 7, 29]","[25, 26, 27, 28, 29, 30]","[25, 26, 28, 29, 30]",[27],16,False,58.0928,63.15625,-5.063450000000003,False
evqa-pilot500,minigpt-4-vicuna-7b,matched_gradient,alt,499,0.998,global_90,Rel,29,False,"[3, 7, 29]","[27, 28, 29, 30]","[28, 29, 30]",[27],18,False,40.166666666666664,45.73444444444445,-5.567777777777785,False
evqa-pilot500,minigpt-4-vicuna-7b,matched_gradient,alt,499,0.998,global_90,T-Gen,29,False,"[3, 7, 29]","[27, 28, 29, 30]","[28, 29, 30]",[27],18,False,37.51666666666667,42.8261111111111,-5.309444444444431,False
evqa-pilot500,minigpt-4-vicuna-7b,matched_gradient,alt,499,0.998,global_90,M-Gen,29,False,"[3, 7, 29]","[27, 28, 29, 30]","[28, 29, 30]",[27],18,False,38.23,43.672222222222224,-5.442222222222227,False
evqa-pilot500,minigpt-4-vicuna-7b,matched_gradient,alt,499,0.998,global_90,T-Loc,29,False,"[3, 7, 29]","[27, 28, 29, 30]","[28, 29, 30]",[27],18,False,100.0,100.0,0.0,True
evqa-pilot500,minigpt-4-vicuna-7b,matched_gradient,alt,499,0.998,global_90,M-Loc,29,False,"[3, 7, 29]","[27, 28, 29, 30]","[28, 29, 30]",[27],18,False,75.30333333333334,80.61,-5.306666666666658,False
evqa-pilot500,minigpt-4-vicuna-7b,matched_gradient,alt,499,0.998,global_90,Average,29,False,"[3, 7, 29]","[27, 28, 29, 30]","[28, 29, 30]",[27],18,False,58.24333333333334,62.56855555555555,-4.325222222222209,False
evqa-pilot500,minigpt-4-vicuna-7b,matched_gradient,alt,499,0.998,global_95,Rel,29,False,"[3, 7, 29]",[29],[29],[],20,True,39.519999999999996,45.209999999999994,-5.689999999999998,False
evqa-pilot500,minigpt-4-vicuna-7b,matched_gradient,alt,499,0.998,global_95,T-Gen,29,False,"[3, 7, 29]",[29],[29],[],20,True,37.330000000000005,42.30449999999999,-4.974499999999985,False
evqa-pilot500,minigpt-4-vicuna-7b,matched_gradient,alt,499,0.998,global_95,M-Gen,29,False,"[3, 7, 29]",[29],[29],[],20,True,37.85,43.147000000000006,-5.297000000000004,False
evqa-pilot500,minigpt-4-vicuna-7b,matched_gradient,alt,499,0.998,global_95,T-Loc,29,False,"[3, 7, 29]",[29],[29],[],20,True,100.0,100.0,0.0,True
evqa-pilot500,minigpt-4-vicuna-7b,matched_gradient,alt,499,0.998,global_95,M-Loc,29,False,"[3, 7, 29]",[29],[29],[],20,True,77.92999999999999,79.94800000000001,-2.018000000000015,False
evqa-pilot500,minigpt-4-vicuna-7b,matched_gradient,alt,499,0.998,global_95,Average,29,False,"[3, 7, 29]",[29],[29],[],20,True,58.525999999999996,62.121900000000004,-3.5959000000000074,False
evqa-pilot500,minigpt-4-vicuna-7b,matched_gradient,alt,499,0.998,interior_pm1,Rel,29,False,"[3, 7, 29]","[28, 29, 30]","[28, 29, 30]",[],18,True,40.166666666666664,45.73444444444445,-5.567777777777785,False
evqa-pilot500,minigpt-4-vicuna-7b,matched_gradient,alt,499,0.998,interior_pm1,T-Gen,29,False,"[3, 7, 29]","[28, 29, 30]","[28, 29, 30]",[],18,True,37.51666666666667,42.8261111111111,-5.309444444444431,False
evqa-pilot500,minigpt-4-vicuna-7b,matched_gradient,alt,499,0.998,interior_pm1,M-Gen,29,False,"[3, 7, 29]","[28, 29, 30]","[28, 29, 30]",[],18,True,38.23,43.672222222222224,-5.442222222222227,False
evqa-pilot500,minigpt-4-vicuna-7b,matched_gradient,alt,499,0.998,interior_pm1,T-Loc,29,False,"[3, 7, 29]","[28, 29, 30]","[28, 29, 30]",[],18,True,100.0,100.0,0.0,True
evqa-pilot500,minigpt-4-vicuna-7b,matched_gradient,alt,499,0.998,interior_pm1,M-Loc,29,False,"[3, 7, 29]","[28, 29, 30]","[28, 29, 30]",[],18,True,75.30333333333334,80.61,-5.306666666666658,False
evqa-pilot500,minigpt-4-vicuna-7b,matched_gradient,alt,499,0.998,interior_pm1,Average,29,False,"[3, 7, 29]","[28, 29, 30]","[28, 29, 30]",[],18,True,58.24333333333334,62.56855555555555,-4.325222222222209,False
evqa-pilot500,minigpt-4-vicuna-7b,matched_gradient,model_pred,499,0.998,global_80,Rel,29,False,"[5, 29]","[26, 27, 28, 29, 30]","[26, 28, 29, 30]",[27],17,False,39.957499999999996,46.111176470588234,-6.153676470588238,False
evqa-pilot500,minigpt-4-vicuna-7b,matched_gradient,model_pred,499,0.998,global_80,T-Gen,29,False,"[5, 29]","[26, 27, 28, 29, 30]","[26, 28, 29, 30]",[27],17,False,36.7,43.33058823529411,-6.6305882352941055,False
evqa-pilot500,minigpt-4-vicuna-7b,matched_gradient,model_pred,499,0.998,global_80,M-Gen,29,False,"[5, 29]","[26, 27, 28, 29, 30]","[26, 28, 29, 30]",[27],17,False,37.87,44.07705882352941,-6.207058823529415,False
evqa-pilot500,minigpt-4-vicuna-7b,matched_gradient,model_pred,499,0.998,global_80,T-Loc,29,False,"[5, 29]","[26, 27, 28, 29, 30]","[26, 28, 29, 30]",[27],17,False,100.0,100.0,0.0,True
evqa-pilot500,minigpt-4-vicuna-7b,matched_gradient,model_pred,499,0.998,global_80,M-Loc,29,False,"[5, 29]","[26, 27, 28, 29, 30]","[26, 28, 29, 30]",[27],17,False,75.47,80.88294117647058,-5.412941176470582,False
evqa-pilot500,minigpt-4-vicuna-7b,matched_gradient,model_pred,499,0.998,global_80,Average,29,False,"[5, 29]","[26, 27, 28, 29, 30]","[26, 28, 29, 30]",[27],17,False,57.9995,62.88035294117646,-4.880852941176464,False
evqa-pilot500,minigpt-4-vicuna-7b,matched_gradient,model_pred,499,0.998,global_90,Rel,29,False,"[5, 29]","[28, 29, 30]","[28, 29, 30]",[],18,True,40.166666666666664,45.73444444444445,-5.567777777777785,False
evqa-pilot500,minigpt-4-vicuna-7b,matched_gradient,model_pred,499,0.998,global_90,T-Gen,29,False,"[5, 29]","[28, 29, 30]","[28, 29, 30]",[],18,True,37.51666666666667,42.8261111111111,-5.309444444444431,False
evqa-pilot500,minigpt-4-vicuna-7b,matched_gradient,model_pred,499,0.998,global_90,M-Gen,29,False,"[5, 29]","[28, 29, 30]","[28, 29, 30]",[],18,True,38.23,43.672222222222224,-5.442222222222227,False
evqa-pilot500,minigpt-4-vicuna-7b,matched_gradient,model_pred,499,0.998,global_90,T-Loc,29,False,"[5, 29]","[28, 29, 30]","[28, 29, 30]",[],18,True,100.0,100.0,0.0,True
evqa-pilot500,minigpt-4-vicuna-7b,matched_gradient,model_pred,499,0.998,global_90,M-Loc,29,False,"[5, 29]","[28, 29, 30]","[28, 29, 30]",[],18,True,75.30333333333334,80.61,-5.306666666666658,False
evqa-pilot500,minigpt-4-vicuna-7b,matched_gradient,model_pred,499,0.998,global_90,Average,29,False,"[5, 29]","[28, 29, 30]","[28, 29, 30]",[],18,True,58.24333333333334,62.56855555555555,-4.325222222222209,False
evqa-pilot500,minigpt-4-vicuna-7b,matched_gradient,model_pred,499,0.998,global_95,Rel,29,False,"[5, 29]",[29],[29],[],20,True,39.519999999999996,45.209999999999994,-5.689999999999998,False
evqa-pilot500,minigpt-4-vicuna-7b,matched_gradient,model_pred,499,0.998,global_95,T-Gen,29,False,"[5, 29]",[29],[29],[],20,True,37.330000000000005,42.30449999999999,-4.974499999999985,False
evqa-pilot500,minigpt-4-vicuna-7b,matched_gradient,model_pred,499,0.998,global_95,M-Gen,29,False,"[5, 29]",[29],[29],[],20,True,37.85,43.147000000000006,-5.297000000000004,False
evqa-pilot500,minigpt-4-vicuna-7b,matched_gradient,model_pred,499,0.998,global_95,T-Loc,29,False,"[5, 29]",[29],[29],[],20,True,100.0,100.0,0.0,True
evqa-pilot500,minigpt-4-vicuna-7b,matched_gradient,model_pred,499,0.998,global_95,M-Loc,29,False,"[5, 29]",[29],[29],[],20,True,77.92999999999999,79.94800000000001,-2.018000000000015,False
evqa-pilot500,minigpt-4-vicuna-7b,matched_gradient,model_pred,499,0.998,global_95,Average,29,False,"[5, 29]",[29],[29],[],20,True,58.525999999999996,62.121900000000004,-3.5959000000000074,False
evqa-pilot500,minigpt-4-vicuna-7b,matched_gradient,model_pred,499,0.998,interior_pm1,Rel,29,False,"[5, 29]","[28, 29, 30]","[28, 29, 30]",[],18,True,40.166666666666664,45.73444444444445,-5.567777777777785,False
evqa-pilot500,minigpt-4-vicuna-7b,matched_gradient,model_pred,499,0.998,interior_pm1,T-Gen,29,False,"[5, 29]","[28, 29, 30]","[28, 29, 30]",[],18,True,37.51666666666667,42.8261111111111,-5.309444444444431,False
evqa-pilot500,minigpt-4-vicuna-7b,matched_gradient,model_pred,499,0.998,interior_pm1,M-Gen,29,False,"[5, 29]","[28, 29, 30]","[28, 29, 30]",[],18,True,38.23,43.672222222222224,-5.442222222222227,False
evqa-pilot500,minigpt-4-vicuna-7b,matched_gradient,model_pred,499,0.998,interior_pm1,T-Loc,29,False,"[5, 29]","[28, 29, 30]","[28, 29, 30]",[],18,True,100.0,100.0,0.0,True
evqa-pilot500,minigpt-4-vicuna-7b,matched_gradient,model_pred,499,0.998,interior_pm1,M-Loc,29,False,"[5, 29]","[28, 29, 30]","[28, 29, 30]",[],18,True,75.30333333333334,80.61,-5.306666666666658,False
evqa-pilot500,minigpt-4-vicuna-7b,matched_gradient,model_pred,499,0.998,interior_pm1,Average,29,False,"[5, 29]","[28, 29, 30]","[28, 29, 30]",[],18,True,58.24333333333334,62.56855555555555,-4.325222222222209,False
evqa-pilot500,minigpt-4-vicuna-7b,available_train,none,500,1.0,global_80,Rel,29,False,"[3, 7, 29]","[25, 26, 27, 28, 29, 30]","[25, 26, 28, 29, 30]",[27],16,False,39.983999999999995,46.4875,-6.5035000000000025,False
evqa-pilot500,minigpt-4-vicuna-7b,available_train,none,500,1.0,global_80,T-Gen,29,False,"[3, 7, 29]","[25, 26, 27, 28, 29, 30]","[25, 26, 28, 29, 30]",[27],16,False,36.906000000000006,43.680625,-6.774624999999993,False
evqa-pilot500,minigpt-4-vicuna-7b,available_train,none,500,1.0,global_80,M-Gen,29,False,"[3, 7, 29]","[25, 26, 27, 28, 29, 30]","[25, 26, 28, 29, 30]",[27],16,False,37.814,44.4825,-6.668500000000002,False
evqa-pilot500,minigpt-4-vicuna-7b,available_train,none,500,1.0,global_80,T-Loc,29,False,"[3, 7, 29]","[25, 26, 27, 28, 29, 30]","[25, 26, 28, 29, 30]",[27],16,False,100.0,100.0,0.0,True
evqa-pilot500,minigpt-4-vicuna-7b,available_train,none,500,1.0,global_80,M-Loc,29,False,"[3, 7, 29]","[25, 26, 27, 28, 29, 30]","[25, 26, 28, 29, 30]",[27],16,False,75.76,81.13062500000001,-5.370625000000004,False
evqa-pilot500,minigpt-4-vicuna-7b,available_train,none,500,1.0,global_80,Average,29,False,"[3, 7, 29]","[25, 26, 27, 28, 29, 30]","[25, 26, 28, 29, 30]",[27],16,False,58.0928,63.15625,-5.063450000000003,False
evqa-pilot500,minigpt-4-vicuna-7b,available_train,none,500,1.0,global_90,Rel,29,False,"[3, 7, 29]","[27, 28, 29, 30]","[28, 29, 30]",[27],18,False,40.166666666666664,45.73444444444445,-5.567777777777785,False
evqa-pilot500,minigpt-4-vicuna-7b,available_train,none,500,1.0,global_90,T-Gen,29,False,"[3, 7, 29]","[27, 28, 29, 30]","[28, 29, 30]",[27],18,False,37.51666666666667,42.8261111111111,-5.309444444444431,False
evqa-pilot500,minigpt-4-vicuna-7b,available_train,none,500,1.0,global_90,M-Gen,29,False,"[3, 7, 29]","[27, 28, 29, 30]","[28, 29, 30]",[27],18,False,38.23,43.672222222222224,-5.442222222222227,False
evqa-pilot500,minigpt-4-vicuna-7b,available_train,none,500,1.0,global_90,T-Loc,29,False,"[3, 7, 29]","[27, 28, 29, 30]","[28, 29, 30]",[27],18,False,100.0,100.0,0.0,True
evqa-pilot500,minigpt-4-vicuna-7b,available_train,none,500,1.0,global_90,M-Loc,29,False,"[3, 7, 29]","[27, 28, 29, 30]","[28, 29, 30]",[27],18,False,75.30333333333334,80.61,-5.306666666666658,False
evqa-pilot500,minigpt-4-vicuna-7b,available_train,none,500,1.0,global_90,Average,29,False,"[3, 7, 29]","[27, 28, 29, 30]","[28, 29, 30]",[27],18,False,58.24333333333334,62.56855555555555,-4.325222222222209,False
evqa-pilot500,minigpt-4-vicuna-7b,available_train,none,500,1.0,global_95,Rel,29,False,"[3, 7, 29]","[28, 29]","[28, 29]",[],19,True,39.47,45.514736842105265,-6.044736842105266,False
evqa-pilot500,minigpt-4-vicuna-7b,available_train,none,500,1.0,global_95,T-Gen,29,False,"[3, 7, 29]","[28, 29]","[28, 29]",[],19,True,36.935,42.6078947368421,-5.672894736842096,False
evqa-pilot500,minigpt-4-vicuna-7b,available_train,none,500,1.0,global_95,M-Gen,29,False,"[3, 7, 29]","[28, 29]","[28, 29]",[],19,True,37.605000000000004,43.451578947368425,-5.846578947368421,False
evqa-pilot500,minigpt-4-vicuna-7b,available_train,none,500,1.0,global_95,T-Loc,29,False,"[3, 7, 29]","[28, 29]","[28, 29]",[],19,True,100.0,100.0,0.0,True
evqa-pilot500,minigpt-4-vicuna-7b,available_train,none,500,1.0,global_95,M-Loc,29,False,"[3, 7, 29]","[28, 29]","[28, 29]",[],19,True,78.21000000000001,80.02473684210527,-1.8147368421052619,False
evqa-pilot500,minigpt-4-vicuna-7b,available_train,none,500,1.0,global_95,Average,29,False,"[3, 7, 29]","[28, 29]","[28, 29]",[],19,True,58.444,62.31978947368421,-3.8757894736842076,False
evqa-pilot500,minigpt-4-vicuna-7b,available_train,none,500,1.0,interior_pm1,Rel,29,False,"[3, 7, 29]","[28, 29, 30]","[28, 29, 30]",[],18,True,40.166666666666664,45.73444444444445,-5.567777777777785,False
evqa-pilot500,minigpt-4-vicuna-7b,available_train,none,500,1.0,interior_pm1,T-Gen,29,False,"[3, 7, 29]","[28, 29, 30]","[28, 29, 30]",[],18,True,37.51666666666667,42.8261111111111,-5.309444444444431,False
evqa-pilot500,minigpt-4-vicuna-7b,available_train,none,500,1.0,interior_pm1,M-Gen,29,False,"[3, 7, 29]","[28, 29, 30]","[28, 29, 30]",[],18,True,38.23,43.672222222222224,-5.442222222222227,False
evqa-pilot500,minigpt-4-vicuna-7b,available_train,none,500,1.0,interior_pm1,T-Loc,29,False,"[3, 7, 29]","[28, 29, 30]","[28, 29, 30]",[],18,True,100.0,100.0,0.0,True
evqa-pilot500,minigpt-4-vicuna-7b,available_train,none,500,1.0,interior_pm1,M-Loc,29,False,"[3, 7, 29]","[28, 29, 30]","[28, 29, 30]",[],18,True,75.30333333333334,80.61,-5.306666666666658,False
evqa-pilot500,minigpt-4-vicuna-7b,available_train,none,500,1.0,interior_pm1,Average,29,False,"[3, 7, 29]","[28, 29, 30]","[28, 29, 30]",[],18,True,58.24333333333334,62.56855555555555,-4.325222222222209,False
evqa-pilot500,minigpt-4-vicuna-7b,available_train,alt,500,1.0,global_80,Rel,29,False,"[3, 7, 29]","[25, 26, 27, 28, 29, 30]","[25, 26, 28, 29, 30]",[27],16,False,39.983999999999995,46.4875,-6.5035000000000025,False
evqa-pilot500,minigpt-4-vicuna-7b,available_train,alt,500,1.0,global_80,T-Gen,29,False,"[3, 7, 29]","[25, 26, 27, 28, 29, 30]","[25, 26, 28, 29, 30]",[27],16,False,36.906000000000006,43.680625,-6.774624999999993,False
evqa-pilot500,minigpt-4-vicuna-7b,available_train,alt,500,1.0,global_80,M-Gen,29,False,"[3, 7, 29]","[25, 26, 27, 28, 29, 30]","[25, 26, 28, 29, 30]",[27],16,False,37.814,44.4825,-6.668500000000002,False
evqa-pilot500,minigpt-4-vicuna-7b,available_train,alt,500,1.0,global_80,T-Loc,29,False,"[3, 7, 29]","[25, 26, 27, 28, 29, 30]","[25, 26, 28, 29, 30]",[27],16,False,100.0,100.0,0.0,True
evqa-pilot500,minigpt-4-vicuna-7b,available_train,alt,500,1.0,global_80,M-Loc,29,False,"[3, 7, 29]","[25, 26, 27, 28, 29, 30]","[25, 26, 28, 29, 30]",[27],16,False,75.76,81.13062500000001,-5.370625000000004,False
evqa-pilot500,minigpt-4-vicuna-7b,available_train,alt,500,1.0,global_80,Average,29,False,"[3, 7, 29]","[25, 26, 27, 28, 29, 30]","[25, 26, 28, 29, 30]",[27],16,False,58.0928,63.15625,-5.063450000000003,False
evqa-pilot500,minigpt-4-vicuna-7b,available_train,alt,500,1.0,global_90,Rel,29,False,"[3, 7, 29]","[27, 28, 29, 30]","[28, 29, 30]",[27],18,False,40.166666666666664,45.73444444444445,-5.567777777777785,False
evqa-pilot500,minigpt-4-vicuna-7b,available_train,alt,500,1.0,global_90,T-Gen,29,False,"[3, 7, 29]","[27, 28, 29, 30]","[28, 29, 30]",[27],18,False,37.51666666666667,42.8261111111111,-5.309444444444431,False
evqa-pilot500,minigpt-4-vicuna-7b,available_train,alt,500,1.0,global_90,M-Gen,29,False,"[3, 7, 29]","[27, 28, 29, 30]","[28, 29, 30]",[27],18,False,38.23,43.672222222222224,-5.442222222222227,False
evqa-pilot500,minigpt-4-vicuna-7b,available_train,alt,500,1.0,global_90,T-Loc,29,False,"[3, 7, 29]","[27, 28, 29, 30]","[28, 29, 30]",[27],18,False,100.0,100.0,0.0,True
evqa-pilot500,minigpt-4-vicuna-7b,available_train,alt,500,1.0,global_90,M-Loc,29,False,"[3, 7, 29]","[27, 28, 29, 30]","[28, 29, 30]",[27],18,False,75.30333333333334,80.61,-5.306666666666658,False
evqa-pilot500,minigpt-4-vicuna-7b,available_train,alt,500,1.0,global_90,Average,29,False,"[3, 7, 29]","[27, 28, 29, 30]","[28, 29, 30]",[27],18,False,58.24333333333334,62.56855555555555,-4.325222222222209,False
evqa-pilot500,minigpt-4-vicuna-7b,available_train,alt,500,1.0,global_95,Rel,29,False,"[3, 7, 29]",[29],[29],[],20,True,39.519999999999996,45.209999999999994,-5.689999999999998,False
evqa-pilot500,minigpt-4-vicuna-7b,available_train,alt,500,1.0,global_95,T-Gen,29,False,"[3, 7, 29]",[29],[29],[],20,True,37.330000000000005,42.30449999999999,-4.974499999999985,False
evqa-pilot500,minigpt-4-vicuna-7b,available_train,alt,500,1.0,global_95,M-Gen,29,False,"[3, 7, 29]",[29],[29],[],20,True,37.85,43.147000000000006,-5.297000000000004,False
evqa-pilot500,minigpt-4-vicuna-7b,available_train,alt,500,1.0,global_95,T-Loc,29,False,"[3, 7, 29]",[29],[29],[],20,True,100.0,100.0,0.0,True
evqa-pilot500,minigpt-4-vicuna-7b,available_train,alt,500,1.0,global_95,M-Loc,29,False,"[3, 7, 29]",[29],[29],[],20,True,77.92999999999999,79.94800000000001,-2.018000000000015,False
evqa-pilot500,minigpt-4-vicuna-7b,available_train,alt,500,1.0,global_95,Average,29,False,"[3, 7, 29]",[29],[29],[],20,True,58.525999999999996,62.121900000000004,-3.5959000000000074,False
evqa-pilot500,minigpt-4-vicuna-7b,available_train,alt,500,1.0,interior_pm1,Rel,29,False,"[3, 7, 29]","[28, 29, 30]","[28, 29, 30]",[],18,True,40.166666666666664,45.73444444444445,-5.567777777777785,False
evqa-pilot500,minigpt-4-vicuna-7b,available_train,alt,500,1.0,interior_pm1,T-Gen,29,False,"[3, 7, 29]","[28, 29, 30]","[28, 29, 30]",[],18,True,37.51666666666667,42.8261111111111,-5.309444444444431,False
evqa-pilot500,minigpt-4-vicuna-7b,available_train,alt,500,1.0,interior_pm1,M-Gen,29,False,"[3, 7, 29]","[28, 29, 30]","[28, 29, 30]",[],18,True,38.23,43.672222222222224,-5.442222222222227,False
evqa-pilot500,minigpt-4-vicuna-7b,available_train,alt,500,1.0,interior_pm1,T-Loc,29,False,"[3, 7, 29]","[28, 29, 30]","[28, 29, 30]",[],18,True,100.0,100.0,0.0,True
evqa-pilot500,minigpt-4-vicuna-7b,available_train,alt,500,1.0,interior_pm1,M-Loc,29,False,"[3, 7, 29]","[28, 29, 30]","[28, 29, 30]",[],18,True,75.30333333333334,80.61,-5.306666666666658,False
evqa-pilot500,minigpt-4-vicuna-7b,available_train,alt,500,1.0,interior_pm1,Average,29,False,"[3, 7, 29]","[28, 29, 30]","[28, 29, 30]",[],18,True,58.24333333333334,62.56855555555555,-4.325222222222209,False
evqa-pilot500,minigpt-4-vicuna-7b,available_train,model_pred,499,0.998,global_80,Rel,29,False,"[5, 29]","[26, 27, 28, 29, 30]","[26, 28, 29, 30]",[27],17,False,39.957499999999996,46.111176470588234,-6.153676470588238,False
evqa-pilot500,minigpt-4-vicuna-7b,available_train,model_pred,499,0.998,global_80,T-Gen,29,False,"[5, 29]","[26, 27, 28, 29, 30]","[26, 28, 29, 30]",[27],17,False,36.7,43.33058823529411,-6.6305882352941055,False
evqa-pilot500,minigpt-4-vicuna-7b,available_train,model_pred,499,0.998,global_80,M-Gen,29,False,"[5, 29]","[26, 27, 28, 29, 30]","[26, 28, 29, 30]",[27],17,False,37.87,44.07705882352941,-6.207058823529415,False
evqa-pilot500,minigpt-4-vicuna-7b,available_train,model_pred,499,0.998,global_80,T-Loc,29,False,"[5, 29]","[26, 27, 28, 29, 30]","[26, 28, 29, 30]",[27],17,False,100.0,100.0,0.0,True
evqa-pilot500,minigpt-4-vicuna-7b,available_train,model_pred,499,0.998,global_80,M-Loc,29,False,"[5, 29]","[26, 27, 28, 29, 30]","[26, 28, 29, 30]",[27],17,False,75.47,80.88294117647058,-5.412941176470582,False
evqa-pilot500,minigpt-4-vicuna-7b,available_train,model_pred,499,0.998,global_80,Average,29,False,"[5, 29]","[26, 27, 28, 29, 30]","[26, 28, 29, 30]",[27],17,False,57.9995,62.88035294117646,-4.880852941176464,False
evqa-pilot500,minigpt-4-vicuna-7b,available_train,model_pred,499,0.998,global_90,Rel,29,False,"[5, 29]","[28, 29, 30]","[28, 29, 30]",[],18,True,40.166666666666664,45.73444444444445,-5.567777777777785,False
evqa-pilot500,minigpt-4-vicuna-7b,available_train,model_pred,499,0.998,global_90,T-Gen,29,False,"[5, 29]","[28, 29, 30]","[28, 29, 30]",[],18,True,37.51666666666667,42.8261111111111,-5.309444444444431,False
evqa-pilot500,minigpt-4-vicuna-7b,available_train,model_pred,499,0.998,global_90,M-Gen,29,False,"[5, 29]","[28, 29, 30]","[28, 29, 30]",[],18,True,38.23,43.672222222222224,-5.442222222222227,False
evqa-pilot500,minigpt-4-vicuna-7b,available_train,model_pred,499,0.998,global_90,T-Loc,29,False,"[5, 29]","[28, 29, 30]","[28, 29, 30]",[],18,True,100.0,100.0,0.0,True
evqa-pilot500,minigpt-4-vicuna-7b,available_train,model_pred,499,0.998,global_90,M-Loc,29,False,"[5, 29]","[28, 29, 30]","[28, 29, 30]",[],18,True,75.30333333333334,80.61,-5.306666666666658,False
evqa-pilot500,minigpt-4-vicuna-7b,available_train,model_pred,499,0.998,global_90,Average,29,False,"[5, 29]","[28, 29, 30]","[28, 29, 30]",[],18,True,58.24333333333334,62.56855555555555,-4.325222222222209,False
evqa-pilot500,minigpt-4-vicuna-7b,available_train,model_pred,499,0.998,global_95,Rel,29,False,"[5, 29]",[29],[29],[],20,True,39.519999999999996,45.209999999999994,-5.689999999999998,False
evqa-pilot500,minigpt-4-vicuna-7b,available_train,model_pred,499,0.998,global_95,T-Gen,29,False,"[5, 29]",[29],[29],[],20,True,37.330000000000005,42.30449999999999,-4.974499999999985,False
evqa-pilot500,minigpt-4-vicuna-7b,available_train,model_pred,499,0.998,global_95,M-Gen,29,False,"[5, 29]",[29],[29],[],20,True,37.85,43.147000000000006,-5.297000000000004,False
evqa-pilot500,minigpt-4-vicuna-7b,available_train,model_pred,499,0.998,global_95,T-Loc,29,False,"[5, 29]",[29],[29],[],20,True,100.0,100.0,0.0,True
evqa-pilot500,minigpt-4-vicuna-7b,available_train,model_pred,499,0.998,global_95,M-Loc,29,False,"[5, 29]",[29],[29],[],20,True,77.92999999999999,79.94800000000001,-2.018000000000015,False
evqa-pilot500,minigpt-4-vicuna-7b,available_train,model_pred,499,0.998,global_95,Average,29,False,"[5, 29]",[29],[29],[],20,True,58.525999999999996,62.121900000000004,-3.5959000000000074,False
evqa-pilot500,minigpt-4-vicuna-7b,available_train,model_pred,499,0.998,interior_pm1,Rel,29,False,"[5, 29]","[28, 29, 30]","[28, 29, 30]",[],18,True,40.166666666666664,45.73444444444445,-5.567777777777785,False
evqa-pilot500,minigpt-4-vicuna-7b,available_train,model_pred,499,0.998,interior_pm1,T-Gen,29,False,"[5, 29]","[28, 29, 30]","[28, 29, 30]",[],18,True,37.51666666666667,42.8261111111111,-5.309444444444431,False
evqa-pilot500,minigpt-4-vicuna-7b,available_train,model_pred,499,0.998,interior_pm1,M-Gen,29,False,"[5, 29]","[28, 29, 30]","[28, 29, 30]",[],18,True,38.23,43.672222222222224,-5.442222222222227,False
evqa-pilot500,minigpt-4-vicuna-7b,available_train,model_pred,499,0.998,interior_pm1,T-Loc,29,False,"[5, 29]","[28, 29, 30]","[28, 29, 30]",[],18,True,100.0,100.0,0.0,True
evqa-pilot500,minigpt-4-vicuna-7b,available_train,model_pred,499,0.998,interior_pm1,M-Loc,29,False,"[5, 29]","[28, 29, 30]","[28, 29, 30]",[],18,True,75.30333333333334,80.61,-5.306666666666658,False
evqa-pilot500,minigpt-4-vicuna-7b,available_train,model_pred,499,0.998,interior_pm1,Average,29,False,"[5, 29]","[28, 29, 30]","[28, 29, 30]",[],18,True,58.24333333333334,62.56855555555555,-4.325222222222209,False
evqa-pilot500,llava-v1.5-7b,matched_gradient,none,500,1.0,global_80,Rel,31,True,"[1, 8, 10, 13, 29]",[31],[31],[],15,True,32.21,49.80266666666667,-17.592666666666666,False
evqa-pilot500,llava-v1.5-7b,matched_gradient,none,500,1.0,global_80,T-Gen,31,True,"[1, 8, 10, 13, 29]",[31],[31],[],15,True,30.159999999999997,44.1,-13.940000000000005,False
evqa-pilot500,llava-v1.5-7b,matched_gradient,none,500,1.0,global_80,M-Gen,31,True,"[1, 8, 10, 13, 29]",[31],[31],[],15,True,28.01,44.436666666666675,-16.426666666666673,False
evqa-pilot500,llava-v1.5-7b,matched_gradient,none,500,1.0,global_80,T-Loc,31,True,"[1, 8, 10, 13, 29]",[31],[31],[],15,True,100.0,100.0,0.0,True
evqa-pilot500,llava-v1.5-7b,matched_gradient,none,500,1.0,global_80,M-Loc,31,True,"[1, 8, 10, 13, 29]",[31],[31],[],15,True,100.0,73.79466666666666,26.205333333333343,True
evqa-pilot500,llava-v1.5-7b,matched_gradient,none,500,1.0,global_80,Average,31,True,"[1, 8, 10, 13, 29]",[31],[31],[],15,True,58.076,62.42680000000001,-4.350800000000007,False
evqa-pilot500,llava-v1.5-7b,matched_gradient,none,500,1.0,global_90,Rel,31,True,"[1, 8, 10, 13, 29]",[31],[31],[],15,True,32.21,49.80266666666667,-17.592666666666666,False
evqa-pilot500,llava-v1.5-7b,matched_gradient,none,500,1.0,global_90,T-Gen,31,True,"[1, 8, 10, 13, 29]",[31],[31],[],15,True,30.159999999999997,44.1,-13.940000000000005,False
evqa-pilot500,llava-v1.5-7b,matched_gradient,none,500,1.0,global_90,M-Gen,31,True,"[1, 8, 10, 13, 29]",[31],[31],[],15,True,28.01,44.436666666666675,-16.426666666666673,False
evqa-pilot500,llava-v1.5-7b,matched_gradient,none,500,1.0,global_90,T-Loc,31,True,"[1, 8, 10, 13, 29]",[31],[31],[],15,True,100.0,100.0,0.0,True
evqa-pilot500,llava-v1.5-7b,matched_gradient,none,500,1.0,global_90,M-Loc,31,True,"[1, 8, 10, 13, 29]",[31],[31],[],15,True,100.0,73.79466666666666,26.205333333333343,True
evqa-pilot500,llava-v1.5-7b,matched_gradient,none,500,1.0,global_90,Average,31,True,"[1, 8, 10, 13, 29]",[31],[31],[],15,True,58.076,62.42680000000001,-4.350800000000007,False
evqa-pilot500,llava-v1.5-7b,matched_gradient,none,500,1.0,global_95,Rel,31,True,"[1, 8, 10, 13, 29]",[31],[31],[],15,True,32.21,49.80266666666667,-17.592666666666666,False
evqa-pilot500,llava-v1.5-7b,matched_gradient,none,500,1.0,global_95,T-Gen,31,True,"[1, 8, 10, 13, 29]",[31],[31],[],15,True,30.159999999999997,44.1,-13.940000000000005,False
evqa-pilot500,llava-v1.5-7b,matched_gradient,none,500,1.0,global_95,M-Gen,31,True,"[1, 8, 10, 13, 29]",[31],[31],[],15,True,28.01,44.436666666666675,-16.426666666666673,False
evqa-pilot500,llava-v1.5-7b,matched_gradient,none,500,1.0,global_95,T-Loc,31,True,"[1, 8, 10, 13, 29]",[31],[31],[],15,True,100.0,100.0,0.0,True
evqa-pilot500,llava-v1.5-7b,matched_gradient,none,500,1.0,global_95,M-Loc,31,True,"[1, 8, 10, 13, 29]",[31],[31],[],15,True,100.0,73.79466666666666,26.205333333333343,True
evqa-pilot500,llava-v1.5-7b,matched_gradient,none,500,1.0,global_95,Average,31,True,"[1, 8, 10, 13, 29]",[31],[31],[],15,True,58.076,62.42680000000001,-4.350800000000007,False
evqa-pilot500,llava-v1.5-7b,matched_gradient,none,500,1.0,interior_pm1,Rel,31,True,"[1, 8, 10, 13, 29]","[28, 29, 30]","[28, 30]",[29],14,False,46.03,49.085,-3.0549999999999997,False
evqa-pilot500,llava-v1.5-7b,matched_gradient,none,500,1.0,interior_pm1,T-Gen,31,True,"[1, 8, 10, 13, 29]","[28, 29, 30]","[28, 30]",[29],14,False,40.695,43.590714285714284,-2.895714285714284,False
evqa-pilot500,llava-v1.5-7b,matched_gradient,none,500,1.0,interior_pm1,M-Gen,31,True,"[1, 8, 10, 13, 29]","[28, 29, 30]","[28, 30]",[29],14,False,38.42,44.12285714285714,-5.702857142857141,False
evqa-pilot500,llava-v1.5-7b,matched_gradient,none,500,1.0,interior_pm1,T-Loc,31,True,"[1, 8, 10, 13, 29]","[28, 29, 30]","[28, 30]",[29],14,False,100.0,100.0,0.0,True
evqa-pilot500,llava-v1.5-7b,matched_gradient,none,500,1.0,interior_pm1,M-Loc,31,True,"[1, 8, 10, 13, 29]","[28, 29, 30]","[28, 30]",[29],14,False,70.09,76.19571428571427,-6.105714285714271,False
evqa-pilot500,llava-v1.5-7b,matched_gradient,none,500,1.0,interior_pm1,Average,31,True,"[1, 8, 10, 13, 29]","[28, 29, 30]","[28, 30]",[29],14,False,59.047,62.59885714285715,-3.551857142857152,False
evqa-pilot500,llava-v1.5-7b,matched_gradient,alt,500,1.0,global_80,Rel,31,True,"[1, 8, 13, 29]",[31],[31],[],15,True,32.21,49.80266666666667,-17.592666666666666,False
evqa-pilot500,llava-v1.5-7b,matched_gradient,alt,500,1.0,global_80,T-Gen,31,True,"[1, 8, 13, 29]",[31],[31],[],15,True,30.159999999999997,44.1,-13.940000000000005,False
evqa-pilot500,llava-v1.5-7b,matched_gradient,alt,500,1.0,global_80,M-Gen,31,True,"[1, 8, 13, 29]",[31],[31],[],15,True,28.01,44.436666666666675,-16.426666666666673,False
evqa-pilot500,llava-v1.5-7b,matched_gradient,alt,500,1.0,global_80,T-Loc,31,True,"[1, 8, 13, 29]",[31],[31],[],15,True,100.0,100.0,0.0,True
evqa-pilot500,llava-v1.5-7b,matched_gradient,alt,500,1.0,global_80,M-Loc,31,True,"[1, 8, 13, 29]",[31],[31],[],15,True,100.0,73.79466666666666,26.205333333333343,True
evqa-pilot500,llava-v1.5-7b,matched_gradient,alt,500,1.0,global_80,Average,31,True,"[1, 8, 13, 29]",[31],[31],[],15,True,58.076,62.42680000000001,-4.350800000000007,False
evqa-pilot500,llava-v1.5-7b,matched_gradient,alt,500,1.0,global_90,Rel,31,True,"[1, 8, 13, 29]",[31],[31],[],15,True,32.21,49.80266666666667,-17.592666666666666,False
evqa-pilot500,llava-v1.5-7b,matched_gradient,alt,500,1.0,global_90,T-Gen,31,True,"[1, 8, 13, 29]",[31],[31],[],15,True,30.159999999999997,44.1,-13.940000000000005,False
evqa-pilot500,llava-v1.5-7b,matched_gradient,alt,500,1.0,global_90,M-Gen,31,True,"[1, 8, 13, 29]",[31],[31],[],15,True,28.01,44.436666666666675,-16.426666666666673,False
evqa-pilot500,llava-v1.5-7b,matched_gradient,alt,500,1.0,global_90,T-Loc,31,True,"[1, 8, 13, 29]",[31],[31],[],15,True,100.0,100.0,0.0,True
evqa-pilot500,llava-v1.5-7b,matched_gradient,alt,500,1.0,global_90,M-Loc,31,True,"[1, 8, 13, 29]",[31],[31],[],15,True,100.0,73.79466666666666,26.205333333333343,True
evqa-pilot500,llava-v1.5-7b,matched_gradient,alt,500,1.0,global_90,Average,31,True,"[1, 8, 13, 29]",[31],[31],[],15,True,58.076,62.42680000000001,-4.350800000000007,False
evqa-pilot500,llava-v1.5-7b,matched_gradient,alt,500,1.0,global_95,Rel,31,True,"[1, 8, 13, 29]",[31],[31],[],15,True,32.21,49.80266666666667,-17.592666666666666,False
evqa-pilot500,llava-v1.5-7b,matched_gradient,alt,500,1.0,global_95,T-Gen,31,True,"[1, 8, 13, 29]",[31],[31],[],15,True,30.159999999999997,44.1,-13.940000000000005,False
evqa-pilot500,llava-v1.5-7b,matched_gradient,alt,500,1.0,global_95,M-Gen,31,True,"[1, 8, 13, 29]",[31],[31],[],15,True,28.01,44.436666666666675,-16.426666666666673,False
evqa-pilot500,llava-v1.5-7b,matched_gradient,alt,500,1.0,global_95,T-Loc,31,True,"[1, 8, 13, 29]",[31],[31],[],15,True,100.0,100.0,0.0,True
evqa-pilot500,llava-v1.5-7b,matched_gradient,alt,500,1.0,global_95,M-Loc,31,True,"[1, 8, 13, 29]",[31],[31],[],15,True,100.0,73.79466666666666,26.205333333333343,True
evqa-pilot500,llava-v1.5-7b,matched_gradient,alt,500,1.0,global_95,Average,31,True,"[1, 8, 13, 29]",[31],[31],[],15,True,58.076,62.42680000000001,-4.350800000000007,False
evqa-pilot500,llava-v1.5-7b,matched_gradient,alt,500,1.0,interior_pm1,Rel,31,True,"[1, 8, 13, 29]","[28, 29, 30]","[28, 30]",[29],14,False,46.03,49.085,-3.0549999999999997,False
evqa-pilot500,llava-v1.5-7b,matched_gradient,alt,500,1.0,interior_pm1,T-Gen,31,True,"[1, 8, 13, 29]","[28, 29, 30]","[28, 30]",[29],14,False,40.695,43.590714285714284,-2.895714285714284,False
evqa-pilot500,llava-v1.5-7b,matched_gradient,alt,500,1.0,interior_pm1,M-Gen,31,True,"[1, 8, 13, 29]","[28, 29, 30]","[28, 30]",[29],14,False,38.42,44.12285714285714,-5.702857142857141,False
evqa-pilot500,llava-v1.5-7b,matched_gradient,alt,500,1.0,interior_pm1,T-Loc,31,True,"[1, 8, 13, 29]","[28, 29, 30]","[28, 30]",[29],14,False,100.0,100.0,0.0,True
evqa-pilot500,llava-v1.5-7b,matched_gradient,alt,500,1.0,interior_pm1,M-Loc,31,True,"[1, 8, 13, 29]","[28, 29, 30]","[28, 30]",[29],14,False,70.09,76.19571428571427,-6.105714285714271,False
evqa-pilot500,llava-v1.5-7b,matched_gradient,alt,500,1.0,interior_pm1,Average,31,True,"[1, 8, 13, 29]","[28, 29, 30]","[28, 30]",[29],14,False,59.047,62.59885714285715,-3.551857142857152,False
evqa-pilot500,llava-v1.5-7b,matched_gradient,model_pred,500,1.0,global_80,Rel,31,True,"[1, 8, 13, 29]",[31],[31],[],15,True,32.21,49.80266666666667,-17.592666666666666,False
evqa-pilot500,llava-v1.5-7b,matched_gradient,model_pred,500,1.0,global_80,T-Gen,31,True,"[1, 8, 13, 29]",[31],[31],[],15,True,30.159999999999997,44.1,-13.940000000000005,False
evqa-pilot500,llava-v1.5-7b,matched_gradient,model_pred,500,1.0,global_80,M-Gen,31,True,"[1, 8, 13, 29]",[31],[31],[],15,True,28.01,44.436666666666675,-16.426666666666673,False
evqa-pilot500,llava-v1.5-7b,matched_gradient,model_pred,500,1.0,global_80,T-Loc,31,True,"[1, 8, 13, 29]",[31],[31],[],15,True,100.0,100.0,0.0,True
evqa-pilot500,llava-v1.5-7b,matched_gradient,model_pred,500,1.0,global_80,M-Loc,31,True,"[1, 8, 13, 29]",[31],[31],[],15,True,100.0,73.79466666666666,26.205333333333343,True
evqa-pilot500,llava-v1.5-7b,matched_gradient,model_pred,500,1.0,global_80,Average,31,True,"[1, 8, 13, 29]",[31],[31],[],15,True,58.076,62.42680000000001,-4.350800000000007,False
evqa-pilot500,llava-v1.5-7b,matched_gradient,model_pred,500,1.0,global_90,Rel,31,True,"[1, 8, 13, 29]",[31],[31],[],15,True,32.21,49.80266666666667,-17.592666666666666,False
evqa-pilot500,llava-v1.5-7b,matched_gradient,model_pred,500,1.0,global_90,T-Gen,31,True,"[1, 8, 13, 29]",[31],[31],[],15,True,30.159999999999997,44.1,-13.940000000000005,False
evqa-pilot500,llava-v1.5-7b,matched_gradient,model_pred,500,1.0,global_90,M-Gen,31,True,"[1, 8, 13, 29]",[31],[31],[],15,True,28.01,44.436666666666675,-16.426666666666673,False
evqa-pilot500,llava-v1.5-7b,matched_gradient,model_pred,500,1.0,global_90,T-Loc,31,True,"[1, 8, 13, 29]",[31],[31],[],15,True,100.0,100.0,0.0,True
evqa-pilot500,llava-v1.5-7b,matched_gradient,model_pred,500,1.0,global_90,M-Loc,31,True,"[1, 8, 13, 29]",[31],[31],[],15,True,100.0,73.79466666666666,26.205333333333343,True
evqa-pilot500,llava-v1.5-7b,matched_gradient,model_pred,500,1.0,global_90,Average,31,True,"[1, 8, 13, 29]",[31],[31],[],15,True,58.076,62.42680000000001,-4.350800000000007,False
evqa-pilot500,llava-v1.5-7b,matched_gradient,model_pred,500,1.0,global_95,Rel,31,True,"[1, 8, 13, 29]",[31],[31],[],15,True,32.21,49.80266666666667,-17.592666666666666,False
evqa-pilot500,llava-v1.5-7b,matched_gradient,model_pred,500,1.0,global_95,T-Gen,31,True,"[1, 8, 13, 29]",[31],[31],[],15,True,30.159999999999997,44.1,-13.940000000000005,False
evqa-pilot500,llava-v1.5-7b,matched_gradient,model_pred,500,1.0,global_95,M-Gen,31,True,"[1, 8, 13, 29]",[31],[31],[],15,True,28.01,44.436666666666675,-16.426666666666673,False
evqa-pilot500,llava-v1.5-7b,matched_gradient,model_pred,500,1.0,global_95,T-Loc,31,True,"[1, 8, 13, 29]",[31],[31],[],15,True,100.0,100.0,0.0,True
evqa-pilot500,llava-v1.5-7b,matched_gradient,model_pred,500,1.0,global_95,M-Loc,31,True,"[1, 8, 13, 29]",[31],[31],[],15,True,100.0,73.79466666666666,26.205333333333343,True
evqa-pilot500,llava-v1.5-7b,matched_gradient,model_pred,500,1.0,global_95,Average,31,True,"[1, 8, 13, 29]",[31],[31],[],15,True,58.076,62.42680000000001,-4.350800000000007,False
evqa-pilot500,llava-v1.5-7b,matched_gradient,model_pred,500,1.0,interior_pm1,Rel,31,True,"[1, 8, 13, 29]","[28, 29, 30]","[28, 30]",[29],14,False,46.03,49.085,-3.0549999999999997,False
evqa-pilot500,llava-v1.5-7b,matched_gradient,model_pred,500,1.0,interior_pm1,T-Gen,31,True,"[1, 8, 13, 29]","[28, 29, 30]","[28, 30]",[29],14,False,40.695,43.590714285714284,-2.895714285714284,False
evqa-pilot500,llava-v1.5-7b,matched_gradient,model_pred,500,1.0,interior_pm1,M-Gen,31,True,"[1, 8, 13, 29]","[28, 29, 30]","[28, 30]",[29],14,False,38.42,44.12285714285714,-5.702857142857141,False
evqa-pilot500,llava-v1.5-7b,matched_gradient,model_pred,500,1.0,interior_pm1,T-Loc,31,True,"[1, 8, 13, 29]","[28, 29, 30]","[28, 30]",[29],14,False,100.0,100.0,0.0,True
evqa-pilot500,llava-v1.5-7b,matched_gradient,model_pred,500,1.0,interior_pm1,M-Loc,31,True,"[1, 8, 13, 29]","[28, 29, 30]","[28, 30]",[29],14,False,70.09,76.19571428571427,-6.105714285714271,False
evqa-pilot500,llava-v1.5-7b,matched_gradient,model_pred,500,1.0,interior_pm1,Average,31,True,"[1, 8, 13, 29]","[28, 29, 30]","[28, 30]",[29],14,False,59.047,62.59885714285715,-3.551857142857152,False
evqa-pilot500,llava-v1.5-7b,available_train,none,500,1.0,global_80,Rel,31,True,"[1, 8, 10, 13, 29]",[31],[31],[],15,True,32.21,49.80266666666667,-17.592666666666666,False
evqa-pilot500,llava-v1.5-7b,available_train,none,500,1.0,global_80,T-Gen,31,True,"[1, 8, 10, 13, 29]",[31],[31],[],15,True,30.159999999999997,44.1,-13.940000000000005,False
evqa-pilot500,llava-v1.5-7b,available_train,none,500,1.0,global_80,M-Gen,31,True,"[1, 8, 10, 13, 29]",[31],[31],[],15,True,28.01,44.436666666666675,-16.426666666666673,False
evqa-pilot500,llava-v1.5-7b,available_train,none,500,1.0,global_80,T-Loc,31,True,"[1, 8, 10, 13, 29]",[31],[31],[],15,True,100.0,100.0,0.0,True
evqa-pilot500,llava-v1.5-7b,available_train,none,500,1.0,global_80,M-Loc,31,True,"[1, 8, 10, 13, 29]",[31],[31],[],15,True,100.0,73.79466666666666,26.205333333333343,True
evqa-pilot500,llava-v1.5-7b,available_train,none,500,1.0,global_80,Average,31,True,"[1, 8, 10, 13, 29]",[31],[31],[],15,True,58.076,62.42680000000001,-4.350800000000007,False
evqa-pilot500,llava-v1.5-7b,available_train,none,500,1.0,global_90,Rel,31,True,"[1, 8, 10, 13, 29]",[31],[31],[],15,True,32.21,49.80266666666667,-17.592666666666666,False
evqa-pilot500,llava-v1.5-7b,available_train,none,500,1.0,global_90,T-Gen,31,True,"[1, 8, 10, 13, 29]",[31],[31],[],15,True,30.159999999999997,44.1,-13.940000000000005,False
evqa-pilot500,llava-v1.5-7b,available_train,none,500,1.0,global_90,M-Gen,31,True,"[1, 8, 10, 13, 29]",[31],[31],[],15,True,28.01,44.436666666666675,-16.426666666666673,False
evqa-pilot500,llava-v1.5-7b,available_train,none,500,1.0,global_90,T-Loc,31,True,"[1, 8, 10, 13, 29]",[31],[31],[],15,True,100.0,100.0,0.0,True
evqa-pilot500,llava-v1.5-7b,available_train,none,500,1.0,global_90,M-Loc,31,True,"[1, 8, 10, 13, 29]",[31],[31],[],15,True,100.0,73.79466666666666,26.205333333333343,True
evqa-pilot500,llava-v1.5-7b,available_train,none,500,1.0,global_90,Average,31,True,"[1, 8, 10, 13, 29]",[31],[31],[],15,True,58.076,62.42680000000001,-4.350800000000007,False
evqa-pilot500,llava-v1.5-7b,available_train,none,500,1.0,global_95,Rel,31,True,"[1, 8, 10, 13, 29]",[31],[31],[],15,True,32.21,49.80266666666667,-17.592666666666666,False
evqa-pilot500,llava-v1.5-7b,available_train,none,500,1.0,global_95,T-Gen,31,True,"[1, 8, 10, 13, 29]",[31],[31],[],15,True,30.159999999999997,44.1,-13.940000000000005,False
evqa-pilot500,llava-v1.5-7b,available_train,none,500,1.0,global_95,M-Gen,31,True,"[1, 8, 10, 13, 29]",[31],[31],[],15,True,28.01,44.436666666666675,-16.426666666666673,False
evqa-pilot500,llava-v1.5-7b,available_train,none,500,1.0,global_95,T-Loc,31,True,"[1, 8, 10, 13, 29]",[31],[31],[],15,True,100.0,100.0,0.0,True
evqa-pilot500,llava-v1.5-7b,available_train,none,500,1.0,global_95,M-Loc,31,True,"[1, 8, 10, 13, 29]",[31],[31],[],15,True,100.0,73.79466666666666,26.205333333333343,True
evqa-pilot500,llava-v1.5-7b,available_train,none,500,1.0,global_95,Average,31,True,"[1, 8, 10, 13, 29]",[31],[31],[],15,True,58.076,62.42680000000001,-4.350800000000007,False
evqa-pilot500,llava-v1.5-7b,available_train,none,500,1.0,interior_pm1,Rel,31,True,"[1, 8, 10, 13, 29]","[28, 29, 30]","[28, 30]",[29],14,False,46.03,49.085,-3.0549999999999997,False
evqa-pilot500,llava-v1.5-7b,available_train,none,500,1.0,interior_pm1,T-Gen,31,True,"[1, 8, 10, 13, 29]","[28, 29, 30]","[28, 30]",[29],14,False,40.695,43.590714285714284,-2.895714285714284,False
evqa-pilot500,llava-v1.5-7b,available_train,none,500,1.0,interior_pm1,M-Gen,31,True,"[1, 8, 10, 13, 29]","[28, 29, 30]","[28, 30]",[29],14,False,38.42,44.12285714285714,-5.702857142857141,False
evqa-pilot500,llava-v1.5-7b,available_train,none,500,1.0,interior_pm1,T-Loc,31,True,"[1, 8, 10, 13, 29]","[28, 29, 30]","[28, 30]",[29],14,False,100.0,100.0,0.0,True
evqa-pilot500,llava-v1.5-7b,available_train,none,500,1.0,interior_pm1,M-Loc,31,True,"[1, 8, 10, 13, 29]","[28, 29, 30]","[28, 30]",[29],14,False,70.09,76.19571428571427,-6.105714285714271,False
evqa-pilot500,llava-v1.5-7b,available_train,none,500,1.0,interior_pm1,Average,31,True,"[1, 8, 10, 13, 29]","[28, 29, 30]","[28, 30]",[29],14,False,59.047,62.59885714285715,-3.551857142857152,False
evqa-pilot500,llava-v1.5-7b,available_train,alt,500,1.0,global_80,Rel,31,True,"[1, 8, 13, 29]",[31],[31],[],15,True,32.21,49.80266666666667,-17.592666666666666,False
evqa-pilot500,llava-v1.5-7b,available_train,alt,500,1.0,global_80,T-Gen,31,True,"[1, 8, 13, 29]",[31],[31],[],15,True,30.159999999999997,44.1,-13.940000000000005,False
evqa-pilot500,llava-v1.5-7b,available_train,alt,500,1.0,global_80,M-Gen,31,True,"[1, 8, 13, 29]",[31],[31],[],15,True,28.01,44.436666666666675,-16.426666666666673,False
evqa-pilot500,llava-v1.5-7b,available_train,alt,500,1.0,global_80,T-Loc,31,True,"[1, 8, 13, 29]",[31],[31],[],15,True,100.0,100.0,0.0,True
evqa-pilot500,llava-v1.5-7b,available_train,alt,500,1.0,global_80,M-Loc,31,True,"[1, 8, 13, 29]",[31],[31],[],15,True,100.0,73.79466666666666,26.205333333333343,True
evqa-pilot500,llava-v1.5-7b,available_train,alt,500,1.0,global_80,Average,31,True,"[1, 8, 13, 29]",[31],[31],[],15,True,58.076,62.42680000000001,-4.350800000000007,False
evqa-pilot500,llava-v1.5-7b,available_train,alt,500,1.0,global_90,Rel,31,True,"[1, 8, 13, 29]",[31],[31],[],15,True,32.21,49.80266666666667,-17.592666666666666,False
evqa-pilot500,llava-v1.5-7b,available_train,alt,500,1.0,global_90,T-Gen,31,True,"[1, 8, 13, 29]",[31],[31],[],15,True,30.159999999999997,44.1,-13.940000000000005,False
evqa-pilot500,llava-v1.5-7b,available_train,alt,500,1.0,global_90,M-Gen,31,True,"[1, 8, 13, 29]",[31],[31],[],15,True,28.01,44.436666666666675,-16.426666666666673,False
evqa-pilot500,llava-v1.5-7b,available_train,alt,500,1.0,global_90,T-Loc,31,True,"[1, 8, 13, 29]",[31],[31],[],15,True,100.0,100.0,0.0,True
evqa-pilot500,llava-v1.5-7b,available_train,alt,500,1.0,global_90,M-Loc,31,True,"[1, 8, 13, 29]",[31],[31],[],15,True,100.0,73.79466666666666,26.205333333333343,True
evqa-pilot500,llava-v1.5-7b,available_train,alt,500,1.0,global_90,Average,31,True,"[1, 8, 13, 29]",[31],[31],[],15,True,58.076,62.42680000000001,-4.350800000000007,False
evqa-pilot500,llava-v1.5-7b,available_train,alt,500,1.0,global_95,Rel,31,True,"[1, 8, 13, 29]",[31],[31],[],15,True,32.21,49.80266666666667,-17.592666666666666,False
evqa-pilot500,llava-v1.5-7b,available_train,alt,500,1.0,global_95,T-Gen,31,True,"[1, 8, 13, 29]",[31],[31],[],15,True,30.159999999999997,44.1,-13.940000000000005,False
evqa-pilot500,llava-v1.5-7b,available_train,alt,500,1.0,global_95,M-Gen,31,True,"[1, 8, 13, 29]",[31],[31],[],15,True,28.01,44.436666666666675,-16.426666666666673,False
evqa-pilot500,llava-v1.5-7b,available_train,alt,500,1.0,global_95,T-Loc,31,True,"[1, 8, 13, 29]",[31],[31],[],15,True,100.0,100.0,0.0,True
evqa-pilot500,llava-v1.5-7b,available_train,alt,500,1.0,global_95,M-Loc,31,True,"[1, 8, 13, 29]",[31],[31],[],15,True,100.0,73.79466666666666,26.205333333333343,True
evqa-pilot500,llava-v1.5-7b,available_train,alt,500,1.0,global_95,Average,31,True,"[1, 8, 13, 29]",[31],[31],[],15,True,58.076,62.42680000000001,-4.350800000000007,False
evqa-pilot500,llava-v1.5-7b,available_train,alt,500,1.0,interior_pm1,Rel,31,True,"[1, 8, 13, 29]","[28, 29, 30]","[28, 30]",[29],14,False,46.03,49.085,-3.0549999999999997,False
evqa-pilot500,llava-v1.5-7b,available_train,alt,500,1.0,interior_pm1,T-Gen,31,True,"[1, 8, 13, 29]","[28, 29, 30]","[28, 30]",[29],14,False,40.695,43.590714285714284,-2.895714285714284,False
evqa-pilot500,llava-v1.5-7b,available_train,alt,500,1.0,interior_pm1,M-Gen,31,True,"[1, 8, 13, 29]","[28, 29, 30]","[28, 30]",[29],14,False,38.42,44.12285714285714,-5.702857142857141,False
evqa-pilot500,llava-v1.5-7b,available_train,alt,500,1.0,interior_pm1,T-Loc,31,True,"[1, 8, 13, 29]","[28, 29, 30]","[28, 30]",[29],14,False,100.0,100.0,0.0,True
evqa-pilot500,llava-v1.5-7b,available_train,alt,500,1.0,interior_pm1,M-Loc,31,True,"[1, 8, 13, 29]","[28, 29, 30]","[28, 30]",[29],14,False,70.09,76.19571428571427,-6.105714285714271,False
evqa-pilot500,llava-v1.5-7b,available_train,alt,500,1.0,interior_pm1,Average,31,True,"[1, 8, 13, 29]","[28, 29, 30]","[28, 30]",[29],14,False,59.047,62.59885714285715,-3.551857142857152,False
evqa-pilot500,llava-v1.5-7b,available_train,model_pred,500,1.0,global_80,Rel,31,True,"[1, 8, 13, 29]",[31],[31],[],15,True,32.21,49.80266666666667,-17.592666666666666,False
evqa-pilot500,llava-v1.5-7b,available_train,model_pred,500,1.0,global_80,T-Gen,31,True,"[1, 8, 13, 29]",[31],[31],[],15,True,30.159999999999997,44.1,-13.940000000000005,False
evqa-pilot500,llava-v1.5-7b,available_train,model_pred,500,1.0,global_80,M-Gen,31,True,"[1, 8, 13, 29]",[31],[31],[],15,True,28.01,44.436666666666675,-16.426666666666673,False
evqa-pilot500,llava-v1.5-7b,available_train,model_pred,500,1.0,global_80,T-Loc,31,True,"[1, 8, 13, 29]",[31],[31],[],15,True,100.0,100.0,0.0,True
evqa-pilot500,llava-v1.5-7b,available_train,model_pred,500,1.0,global_80,M-Loc,31,True,"[1, 8, 13, 29]",[31],[31],[],15,True,100.0,73.79466666666666,26.205333333333343,True
evqa-pilot500,llava-v1.5-7b,available_train,model_pred,500,1.0,global_80,Average,31,True,"[1, 8, 13, 29]",[31],[31],[],15,True,58.076,62.42680000000001,-4.350800000000007,False
evqa-pilot500,llava-v1.5-7b,available_train,model_pred,500,1.0,global_90,Rel,31,True,"[1, 8, 13, 29]",[31],[31],[],15,True,32.21,49.80266666666667,-17.592666666666666,False
evqa-pilot500,llava-v1.5-7b,available_train,model_pred,500,1.0,global_90,T-Gen,31,True,"[1, 8, 13, 29]",[31],[31],[],15,True,30.159999999999997,44.1,-13.940000000000005,False
evqa-pilot500,llava-v1.5-7b,available_train,model_pred,500,1.0,global_90,M-Gen,31,True,"[1, 8, 13, 29]",[31],[31],[],15,True,28.01,44.436666666666675,-16.426666666666673,False
evqa-pilot500,llava-v1.5-7b,available_train,model_pred,500,1.0,global_90,T-Loc,31,True,"[1, 8, 13, 29]",[31],[31],[],15,True,100.0,100.0,0.0,True
evqa-pilot500,llava-v1.5-7b,available_train,model_pred,500,1.0,global_90,M-Loc,31,True,"[1, 8, 13, 29]",[31],[31],[],15,True,100.0,73.79466666666666,26.205333333333343,True
evqa-pilot500,llava-v1.5-7b,available_train,model_pred,500,1.0,global_90,Average,31,True,"[1, 8, 13, 29]",[31],[31],[],15,True,58.076,62.42680000000001,-4.350800000000007,False
evqa-pilot500,llava-v1.5-7b,available_train,model_pred,500,1.0,global_95,Rel,31,True,"[1, 8, 13, 29]",[31],[31],[],15,True,32.21,49.80266666666667,-17.592666666666666,False
evqa-pilot500,llava-v1.5-7b,available_train,model_pred,500,1.0,global_95,T-Gen,31,True,"[1, 8, 13, 29]",[31],[31],[],15,True,30.159999999999997,44.1,-13.940000000000005,False
evqa-pilot500,llava-v1.5-7b,available_train,model_pred,500,1.0,global_95,M-Gen,31,True,"[1, 8, 13, 29]",[31],[31],[],15,True,28.01,44.436666666666675,-16.426666666666673,False
evqa-pilot500,llava-v1.5-7b,available_train,model_pred,500,1.0,global_95,T-Loc,31,True,"[1, 8, 13, 29]",[31],[31],[],15,True,100.0,100.0,0.0,True
evqa-pilot500,llava-v1.5-7b,available_train,model_pred,500,1.0,global_95,M-Loc,31,True,"[1, 8, 13, 29]",[31],[31],[],15,True,100.0,73.79466666666666,26.205333333333343,True
evqa-pilot500,llava-v1.5-7b,available_train,model_pred,500,1.0,global_95,Average,31,True,"[1, 8, 13, 29]",[31],[31],[],15,True,58.076,62.42680000000001,-4.350800000000007,False
evqa-pilot500,llava-v1.5-7b,available_train,model_pred,500,1.0,interior_pm1,Rel,31,True,"[1, 8, 13, 29]","[28, 29, 30]","[28, 30]",[29],14,False,46.03,49.085,-3.0549999999999997,False
evqa-pilot500,llava-v1.5-7b,available_train,model_pred,500,1.0,interior_pm1,T-Gen,31,True,"[1, 8, 13, 29]","[28, 29, 30]","[28, 30]",[29],14,False,40.695,43.590714285714284,-2.895714285714284,False
evqa-pilot500,llava-v1.5-7b,available_train,model_pred,500,1.0,interior_pm1,M-Gen,31,True,"[1, 8, 13, 29]","[28, 29, 30]","[28, 30]",[29],14,False,38.42,44.12285714285714,-5.702857142857141,False
evqa-pilot500,llava-v1.5-7b,available_train,model_pred,500,1.0,interior_pm1,T-Loc,31,True,"[1, 8, 13, 29]","[28, 29, 30]","[28, 30]",[29],14,False,100.0,100.0,0.0,True
evqa-pilot500,llava-v1.5-7b,available_train,model_pred,500,1.0,interior_pm1,M-Loc,31,True,"[1, 8, 13, 29]","[28, 29, 30]","[28, 30]",[29],14,False,70.09,76.19571428571427,-6.105714285714271,False
evqa-pilot500,llava-v1.5-7b,available_train,model_pred,500,1.0,interior_pm1,Average,31,True,"[1, 8, 13, 29]","[28, 29, 30]","[28, 30]",[29],14,False,59.047,62.59885714285715,-3.551857142857152,False
evqa-pilot500,qwen2.5-vl-3b,matched_gradient,none,500,1.0,global_80,Rel,34,False,"[1, 12, 16, 21, 34]","[30, 31, 32, 33, 34]","[30, 31, 34]","[32, 33]",23,False,53.04333333333333,53.30217391304348,-0.25884057971015295,False
evqa-pilot500,qwen2.5-vl-3b,matched_gradient,none,500,1.0,global_80,T-Gen,34,False,"[1, 12, 16, 21, 34]","[30, 31, 32, 33, 34]","[30, 31, 34]","[32, 33]",23,False,42.32333333333333,43.0095652173913,-0.6862318840579675,False
evqa-pilot500,qwen2.5-vl-3b,matched_gradient,none,500,1.0,global_80,M-Gen,34,False,"[1, 12, 16, 21, 34]","[30, 31, 32, 33, 34]","[30, 31, 34]","[32, 33]",23,False,34.63,34.71652173913043,-0.0865217391304256,False
evqa-pilot500,qwen2.5-vl-3b,matched_gradient,none,500,1.0,global_80,T-Loc,34,False,"[1, 12, 16, 21, 34]","[30, 31, 32, 33, 34]","[30, 31, 34]","[32, 33]",23,False,100.0,100.0,0.0,True
evqa-pilot500,qwen2.5-vl-3b,matched_gradient,none,500,1.0,global_80,M-Loc,34,False,"[1, 12, 16, 21, 34]","[30, 31, 32, 33, 34]","[30, 31, 34]","[32, 33]",23,False,83.91000000000001,81.8508695652174,2.0591304347826167,False
evqa-pilot500,qwen2.5-vl-3b,matched_gradient,none,500,1.0,global_80,Average,34,False,"[1, 12, 16, 21, 34]","[30, 31, 32, 33, 34]","[30, 31, 34]","[32, 33]",23,False,62.78066666666667,62.575478260869566,0.2051884057971023,False
evqa-pilot500,qwen2.5-vl-3b,matched_gradient,none,500,1.0,global_90,Rel,34,False,"[1, 12, 16, 21, 34]","[33, 34]",[34],[33],25,False,53.15,53.2772,-0.12720000000000198,False
evqa-pilot500,qwen2.5-vl-3b,matched_gradient,none,500,1.0,global_90,T-Gen,34,False,"[1, 12, 16, 21, 34]","[33, 34]",[34],[33],25,False,42.2,42.9596,-0.7595999999999989,False
evqa-pilot500,qwen2.5-vl-3b,matched_gradient,none,500,1.0,global_90,M-Gen,34,False,"[1, 12, 16, 21, 34]","[33, 34]",[34],[33],25,False,33.65,34.7488,-1.0988000000000042,False
evqa-pilot500,qwen2.5-vl-3b,matched_gradient,none,500,1.0,global_90,T-Loc,34,False,"[1, 12, 16, 21, 34]","[33, 34]",[34],[33],25,False,100.0,100.0,0.0,True
evqa-pilot500,qwen2.5-vl-3b,matched_gradient,none,500,1.0,global_90,M-Loc,34,False,"[1, 12, 16, 21, 34]","[33, 34]",[34],[33],25,False,84.86,81.9776,2.882400000000004,False
evqa-pilot500,qwen2.5-vl-3b,matched_gradient,none,500,1.0,global_90,Average,34,False,"[1, 12, 16, 21, 34]","[33, 34]",[34],[33],25,False,62.77,62.59232,0.17768000000000228,False
evqa-pilot500,qwen2.5-vl-3b,matched_gradient,none,500,1.0,global_95,Rel,34,False,"[1, 12, 16, 21, 34]",[34],[34],[],25,True,53.15,53.2772,-0.12720000000000198,False
evqa-pilot500,qwen2.5-vl-3b,matched_gradient,none,500,1.0,global_95,T-Gen,34,False,"[1, 12, 16, 21, 34]",[34],[34],[],25,True,42.2,42.9596,-0.7595999999999989,False
evqa-pilot500,qwen2.5-vl-3b,matched_gradient,none,500,1.0,global_95,M-Gen,34,False,"[1, 12, 16, 21, 34]",[34],[34],[],25,True,33.65,34.7488,-1.0988000000000042,False
evqa-pilot500,qwen2.5-vl-3b,matched_gradient,none,500,1.0,global_95,T-Loc,34,False,"[1, 12, 16, 21, 34]",[34],[34],[],25,True,100.0,100.0,0.0,True
evqa-pilot500,qwen2.5-vl-3b,matched_gradient,none,500,1.0,global_95,M-Loc,34,False,"[1, 12, 16, 21, 34]",[34],[34],[],25,True,84.86,81.9776,2.882400000000004,False
evqa-pilot500,qwen2.5-vl-3b,matched_gradient,none,500,1.0,global_95,Average,34,False,"[1, 12, 16, 21, 34]",[34],[34],[],25,True,62.77,62.59232,0.17768000000000228,False
evqa-pilot500,qwen2.5-vl-3b,matched_gradient,none,500,1.0,interior_pm1,Rel,34,False,"[1, 12, 16, 21, 34]","[33, 34, 35]","[34, 35]",[33],24,False,51.53,53.4175,-1.8874999999999957,False
evqa-pilot500,qwen2.5-vl-3b,matched_gradient,none,500,1.0,interior_pm1,T-Gen,34,False,"[1, 12, 16, 21, 34]","[33, 34, 35]","[34, 35]",[33],24,False,39.815,43.19,-3.375,False
evqa-pilot500,qwen2.5-vl-3b,matched_gradient,none,500,1.0,interior_pm1,M-Gen,34,False,"[1, 12, 16, 21, 34]","[33, 34, 35]","[34, 35]",[33],24,False,27.939999999999998,35.27041666666667,-7.330416666666672,False
evqa-pilot500,qwen2.5-vl-3b,matched_gradient,none,500,1.0,interior_pm1,T-Loc,34,False,"[1, 12, 16, 21, 34]","[33, 34, 35]","[34, 35]",[33],24,False,100.0,100.0,0.0,True
evqa-pilot500,qwen2.5-vl-3b,matched_gradient,none,500,1.0,interior_pm1,M-Loc,34,False,"[1, 12, 16, 21, 34]","[33, 34, 35]","[34, 35]",[33],24,False,92.43,81.22666666666667,11.203333333333333,True
evqa-pilot500,qwen2.5-vl-3b,matched_gradient,none,500,1.0,interior_pm1,Average,34,False,"[1, 12, 16, 21, 34]","[33, 34, 35]","[34, 35]",[33],24,False,62.342,62.620583333333336,-0.2785833333333372,False
evqa-pilot500,qwen2.5-vl-3b,matched_gradient,alt,500,1.0,global_80,Rel,34,False,"[1, 12, 14, 21, 34]","[30, 31, 32, 33, 34]","[30, 31, 34]","[32, 33]",23,False,53.04333333333333,53.30217391304348,-0.25884057971015295,False
evqa-pilot500,qwen2.5-vl-3b,matched_gradient,alt,500,1.0,global_80,T-Gen,34,False,"[1, 12, 14, 21, 34]","[30, 31, 32, 33, 34]","[30, 31, 34]","[32, 33]",23,False,42.32333333333333,43.0095652173913,-0.6862318840579675,False
evqa-pilot500,qwen2.5-vl-3b,matched_gradient,alt,500,1.0,global_80,M-Gen,34,False,"[1, 12, 14, 21, 34]","[30, 31, 32, 33, 34]","[30, 31, 34]","[32, 33]",23,False,34.63,34.71652173913043,-0.0865217391304256,False
evqa-pilot500,qwen2.5-vl-3b,matched_gradient,alt,500,1.0,global_80,T-Loc,34,False,"[1, 12, 14, 21, 34]","[30, 31, 32, 33, 34]","[30, 31, 34]","[32, 33]",23,False,100.0,100.0,0.0,True
evqa-pilot500,qwen2.5-vl-3b,matched_gradient,alt,500,1.0,global_80,M-Loc,34,False,"[1, 12, 14, 21, 34]","[30, 31, 32, 33, 34]","[30, 31, 34]","[32, 33]",23,False,83.91000000000001,81.8508695652174,2.0591304347826167,False
evqa-pilot500,qwen2.5-vl-3b,matched_gradient,alt,500,1.0,global_80,Average,34,False,"[1, 12, 14, 21, 34]","[30, 31, 32, 33, 34]","[30, 31, 34]","[32, 33]",23,False,62.78066666666667,62.575478260869566,0.2051884057971023,False
evqa-pilot500,qwen2.5-vl-3b,matched_gradient,alt,500,1.0,global_90,Rel,34,False,"[1, 12, 14, 21, 34]","[33, 34]",[34],[33],25,False,53.15,53.2772,-0.12720000000000198,False
evqa-pilot500,qwen2.5-vl-3b,matched_gradient,alt,500,1.0,global_90,T-Gen,34,False,"[1, 12, 14, 21, 34]","[33, 34]",[34],[33],25,False,42.2,42.9596,-0.7595999999999989,False
evqa-pilot500,qwen2.5-vl-3b,matched_gradient,alt,500,1.0,global_90,M-Gen,34,False,"[1, 12, 14, 21, 34]","[33, 34]",[34],[33],25,False,33.65,34.7488,-1.0988000000000042,False
evqa-pilot500,qwen2.5-vl-3b,matched_gradient,alt,500,1.0,global_90,T-Loc,34,False,"[1, 12, 14, 21, 34]","[33, 34]",[34],[33],25,False,100.0,100.0,0.0,True
evqa-pilot500,qwen2.5-vl-3b,matched_gradient,alt,500,1.0,global_90,M-Loc,34,False,"[1, 12, 14, 21, 34]","[33, 34]",[34],[33],25,False,84.86,81.9776,2.882400000000004,False
evqa-pilot500,qwen2.5-vl-3b,matched_gradient,alt,500,1.0,global_90,Average,34,False,"[1, 12, 14, 21, 34]","[33, 34]",[34],[33],25,False,62.77,62.59232,0.17768000000000228,False
evqa-pilot500,qwen2.5-vl-3b,matched_gradient,alt,500,1.0,global_95,Rel,34,False,"[1, 12, 14, 21, 34]",[34],[34],[],25,True,53.15,53.2772,-0.12720000000000198,False
evqa-pilot500,qwen2.5-vl-3b,matched_gradient,alt,500,1.0,global_95,T-Gen,34,False,"[1, 12, 14, 21, 34]",[34],[34],[],25,True,42.2,42.9596,-0.7595999999999989,False
evqa-pilot500,qwen2.5-vl-3b,matched_gradient,alt,500,1.0,global_95,M-Gen,34,False,"[1, 12, 14, 21, 34]",[34],[34],[],25,True,33.65,34.7488,-1.0988000000000042,False
evqa-pilot500,qwen2.5-vl-3b,matched_gradient,alt,500,1.0,global_95,T-Loc,34,False,"[1, 12, 14, 21, 34]",[34],[34],[],25,True,100.0,100.0,0.0,True
evqa-pilot500,qwen2.5-vl-3b,matched_gradient,alt,500,1.0,global_95,M-Loc,34,False,"[1, 12, 14, 21, 34]",[34],[34],[],25,True,84.86,81.9776,2.882400000000004,False
evqa-pilot500,qwen2.5-vl-3b,matched_gradient,alt,500,1.0,global_95,Average,34,False,"[1, 12, 14, 21, 34]",[34],[34],[],25,True,62.77,62.59232,0.17768000000000228,False
evqa-pilot500,qwen2.5-vl-3b,matched_gradient,alt,500,1.0,interior_pm1,Rel,34,False,"[1, 12, 14, 21, 34]","[33, 34, 35]","[34, 35]",[33],24,False,51.53,53.4175,-1.8874999999999957,False
evqa-pilot500,qwen2.5-vl-3b,matched_gradient,alt,500,1.0,interior_pm1,T-Gen,34,False,"[1, 12, 14, 21, 34]","[33, 34, 35]","[34, 35]",[33],24,False,39.815,43.19,-3.375,False
evqa-pilot500,qwen2.5-vl-3b,matched_gradient,alt,500,1.0,interior_pm1,M-Gen,34,False,"[1, 12, 14, 21, 34]","[33, 34, 35]","[34, 35]",[33],24,False,27.939999999999998,35.27041666666667,-7.330416666666672,False
evqa-pilot500,qwen2.5-vl-3b,matched_gradient,alt,500,1.0,interior_pm1,T-Loc,34,False,"[1, 12, 14, 21, 34]","[33, 34, 35]","[34, 35]",[33],24,False,100.0,100.0,0.0,True
evqa-pilot500,qwen2.5-vl-3b,matched_gradient,alt,500,1.0,interior_pm1,M-Loc,34,False,"[1, 12, 14, 21, 34]","[33, 34, 35]","[34, 35]",[33],24,False,92.43,81.22666666666667,11.203333333333333,True
evqa-pilot500,qwen2.5-vl-3b,matched_gradient,alt,500,1.0,interior_pm1,Average,34,False,"[1, 12, 14, 21, 34]","[33, 34, 35]","[34, 35]",[33],24,False,62.342,62.620583333333336,-0.2785833333333372,False
evqa-pilot500,qwen2.5-vl-3b,matched_gradient,model_pred,500,1.0,global_80,Rel,34,False,"[1, 12, 14, 21, 25, 34]","[32, 33, 34]",[34],"[32, 33]",25,False,53.15,53.2772,-0.12720000000000198,False
evqa-pilot500,qwen2.5-vl-3b,matched_gradient,model_pred,500,1.0,global_80,T-Gen,34,False,"[1, 12, 14, 21, 25, 34]","[32, 33, 34]",[34],"[32, 33]",25,False,42.2,42.9596,-0.7595999999999989,False
evqa-pilot500,qwen2.5-vl-3b,matched_gradient,model_pred,500,1.0,global_80,M-Gen,34,False,"[1, 12, 14, 21, 25, 34]","[32, 33, 34]",[34],"[32, 33]",25,False,33.65,34.7488,-1.0988000000000042,False
evqa-pilot500,qwen2.5-vl-3b,matched_gradient,model_pred,500,1.0,global_80,T-Loc,34,False,"[1, 12, 14, 21, 25, 34]","[32, 33, 34]",[34],"[32, 33]",25,False,100.0,100.0,0.0,True
evqa-pilot500,qwen2.5-vl-3b,matched_gradient,model_pred,500,1.0,global_80,M-Loc,34,False,"[1, 12, 14, 21, 25, 34]","[32, 33, 34]",[34],"[32, 33]",25,False,84.86,81.9776,2.882400000000004,False
evqa-pilot500,qwen2.5-vl-3b,matched_gradient,model_pred,500,1.0,global_80,Average,34,False,"[1, 12, 14, 21, 25, 34]","[32, 33, 34]",[34],"[32, 33]",25,False,62.77,62.59232,0.17768000000000228,False
evqa-pilot500,qwen2.5-vl-3b,matched_gradient,model_pred,500,1.0,global_90,Rel,34,False,"[1, 12, 14, 21, 25, 34]","[33, 34]",[34],[33],25,False,53.15,53.2772,-0.12720000000000198,False
evqa-pilot500,qwen2.5-vl-3b,matched_gradient,model_pred,500,1.0,global_90,T-Gen,34,False,"[1, 12, 14, 21, 25, 34]","[33, 34]",[34],[33],25,False,42.2,42.9596,-0.7595999999999989,False
evqa-pilot500,qwen2.5-vl-3b,matched_gradient,model_pred,500,1.0,global_90,M-Gen,34,False,"[1, 12, 14, 21, 25, 34]","[33, 34]",[34],[33],25,False,33.65,34.7488,-1.0988000000000042,False
evqa-pilot500,qwen2.5-vl-3b,matched_gradient,model_pred,500,1.0,global_90,T-Loc,34,False,"[1, 12, 14, 21, 25, 34]","[33, 34]",[34],[33],25,False,100.0,100.0,0.0,True
evqa-pilot500,qwen2.5-vl-3b,matched_gradient,model_pred,500,1.0,global_90,M-Loc,34,False,"[1, 12, 14, 21, 25, 34]","[33, 34]",[34],[33],25,False,84.86,81.9776,2.882400000000004,False
evqa-pilot500,qwen2.5-vl-3b,matched_gradient,model_pred,500,1.0,global_90,Average,34,False,"[1, 12, 14, 21, 25, 34]","[33, 34]",[34],[33],25,False,62.77,62.59232,0.17768000000000228,False
evqa-pilot500,qwen2.5-vl-3b,matched_gradient,model_pred,500,1.0,global_95,Rel,34,False,"[1, 12, 14, 21, 25, 34]",[34],[34],[],25,True,53.15,53.2772,-0.12720000000000198,False
evqa-pilot500,qwen2.5-vl-3b,matched_gradient,model_pred,500,1.0,global_95,T-Gen,34,False,"[1, 12, 14, 21, 25, 34]",[34],[34],[],25,True,42.2,42.9596,-0.7595999999999989,False
evqa-pilot500,qwen2.5-vl-3b,matched_gradient,model_pred,500,1.0,global_95,M-Gen,34,False,"[1, 12, 14, 21, 25, 34]",[34],[34],[],25,True,33.65,34.7488,-1.0988000000000042,False
evqa-pilot500,qwen2.5-vl-3b,matched_gradient,model_pred,500,1.0,global_95,T-Loc,34,False,"[1, 12, 14, 21, 25, 34]",[34],[34],[],25,True,100.0,100.0,0.0,True
evqa-pilot500,qwen2.5-vl-3b,matched_gradient,model_pred,500,1.0,global_95,M-Loc,34,False,"[1, 12, 14, 21, 25, 34]",[34],[34],[],25,True,84.86,81.9776,2.882400000000004,False
evqa-pilot500,qwen2.5-vl-3b,matched_gradient,model_pred,500,1.0,global_95,Average,34,False,"[1, 12, 14, 21, 25, 34]",[34],[34],[],25,True,62.77,62.59232,0.17768000000000228,False
evqa-pilot500,qwen2.5-vl-3b,matched_gradient,model_pred,500,1.0,interior_pm1,Rel,34,False,"[1, 12, 14, 21, 25, 34]","[33, 34, 35]","[34, 35]",[33],24,False,51.53,53.4175,-1.8874999999999957,False
evqa-pilot500,qwen2.5-vl-3b,matched_gradient,model_pred,500,1.0,interior_pm1,T-Gen,34,False,"[1, 12, 14, 21, 25, 34]","[33, 34, 35]","[34, 35]",[33],24,False,39.815,43.19,-3.375,False
evqa-pilot500,qwen2.5-vl-3b,matched_gradient,model_pred,500,1.0,interior_pm1,M-Gen,34,False,"[1, 12, 14, 21, 25, 34]","[33, 34, 35]","[34, 35]",[33],24,False,27.939999999999998,35.27041666666667,-7.330416666666672,False
evqa-pilot500,qwen2.5-vl-3b,matched_gradient,model_pred,500,1.0,interior_pm1,T-Loc,34,False,"[1, 12, 14, 21, 25, 34]","[33, 34, 35]","[34, 35]",[33],24,False,100.0,100.0,0.0,True
evqa-pilot500,qwen2.5-vl-3b,matched_gradient,model_pred,500,1.0,interior_pm1,M-Loc,34,False,"[1, 12, 14, 21, 25, 34]","[33, 34, 35]","[34, 35]",[33],24,False,92.43,81.22666666666667,11.203333333333333,True
evqa-pilot500,qwen2.5-vl-3b,matched_gradient,model_pred,500,1.0,interior_pm1,Average,34,False,"[1, 12, 14, 21, 25, 34]","[33, 34, 35]","[34, 35]",[33],24,False,62.342,62.620583333333336,-0.2785833333333372,False
evqa-pilot500,qwen2.5-vl-3b,available_train,none,500,1.0,global_80,Rel,34,False,"[1, 12, 16, 21, 34]","[30, 31, 32, 33, 34]","[30, 31, 34]","[32, 33]",23,False,53.04333333333333,53.30217391304348,-0.25884057971015295,False
evqa-pilot500,qwen2.5-vl-3b,available_train,none,500,1.0,global_80,T-Gen,34,False,"[1, 12, 16, 21, 34]","[30, 31, 32, 33, 34]","[30, 31, 34]","[32, 33]",23,False,42.32333333333333,43.0095652173913,-0.6862318840579675,False
evqa-pilot500,qwen2.5-vl-3b,available_train,none,500,1.0,global_80,M-Gen,34,False,"[1, 12, 16, 21, 34]","[30, 31, 32, 33, 34]","[30, 31, 34]","[32, 33]",23,False,34.63,34.71652173913043,-0.0865217391304256,False
evqa-pilot500,qwen2.5-vl-3b,available_train,none,500,1.0,global_80,T-Loc,34,False,"[1, 12, 16, 21, 34]","[30, 31, 32, 33, 34]","[30, 31, 34]","[32, 33]",23,False,100.0,100.0,0.0,True
evqa-pilot500,qwen2.5-vl-3b,available_train,none,500,1.0,global_80,M-Loc,34,False,"[1, 12, 16, 21, 34]","[30, 31, 32, 33, 34]","[30, 31, 34]","[32, 33]",23,False,83.91000000000001,81.8508695652174,2.0591304347826167,False
evqa-pilot500,qwen2.5-vl-3b,available_train,none,500,1.0,global_80,Average,34,False,"[1, 12, 16, 21, 34]","[30, 31, 32, 33, 34]","[30, 31, 34]","[32, 33]",23,False,62.78066666666667,62.575478260869566,0.2051884057971023,False
evqa-pilot500,qwen2.5-vl-3b,available_train,none,500,1.0,global_90,Rel,34,False,"[1, 12, 16, 21, 34]","[33, 34]",[34],[33],25,False,53.15,53.2772,-0.12720000000000198,False
evqa-pilot500,qwen2.5-vl-3b,available_train,none,500,1.0,global_90,T-Gen,34,False,"[1, 12, 16, 21, 34]","[33, 34]",[34],[33],25,False,42.2,42.9596,-0.7595999999999989,False
evqa-pilot500,qwen2.5-vl-3b,available_train,none,500,1.0,global_90,M-Gen,34,False,"[1, 12, 16, 21, 34]","[33, 34]",[34],[33],25,False,33.65,34.7488,-1.0988000000000042,False
evqa-pilot500,qwen2.5-vl-3b,available_train,none,500,1.0,global_90,T-Loc,34,False,"[1, 12, 16, 21, 34]","[33, 34]",[34],[33],25,False,100.0,100.0,0.0,True
evqa-pilot500,qwen2.5-vl-3b,available_train,none,500,1.0,global_90,M-Loc,34,False,"[1, 12, 16, 21, 34]","[33, 34]",[34],[33],25,False,84.86,81.9776,2.882400000000004,False
evqa-pilot500,qwen2.5-vl-3b,available_train,none,500,1.0,global_90,Average,34,False,"[1, 12, 16, 21, 34]","[33, 34]",[34],[33],25,False,62.77,62.59232,0.17768000000000228,False
evqa-pilot500,qwen2.5-vl-3b,available_train,none,500,1.0,global_95,Rel,34,False,"[1, 12, 16, 21, 34]",[34],[34],[],25,True,53.15,53.2772,-0.12720000000000198,False
evqa-pilot500,qwen2.5-vl-3b,available_train,none,500,1.0,global_95,T-Gen,34,False,"[1, 12, 16, 21, 34]",[34],[34],[],25,True,42.2,42.9596,-0.7595999999999989,False
evqa-pilot500,qwen2.5-vl-3b,available_train,none,500,1.0,global_95,M-Gen,34,False,"[1, 12, 16, 21, 34]",[34],[34],[],25,True,33.65,34.7488,-1.0988000000000042,False
evqa-pilot500,qwen2.5-vl-3b,available_train,none,500,1.0,global_95,T-Loc,34,False,"[1, 12, 16, 21, 34]",[34],[34],[],25,True,100.0,100.0,0.0,True
evqa-pilot500,qwen2.5-vl-3b,available_train,none,500,1.0,global_95,M-Loc,34,False,"[1, 12, 16, 21, 34]",[34],[34],[],25,True,84.86,81.9776,2.882400000000004,False
evqa-pilot500,qwen2.5-vl-3b,available_train,none,500,1.0,global_95,Average,34,False,"[1, 12, 16, 21, 34]",[34],[34],[],25,True,62.77,62.59232,0.17768000000000228,False
evqa-pilot500,qwen2.5-vl-3b,available_train,none,500,1.0,interior_pm1,Rel,34,False,"[1, 12, 16, 21, 34]","[33, 34, 35]","[34, 35]",[33],24,False,51.53,53.4175,-1.8874999999999957,False
evqa-pilot500,qwen2.5-vl-3b,available_train,none,500,1.0,interior_pm1,T-Gen,34,False,"[1, 12, 16, 21, 34]","[33, 34, 35]","[34, 35]",[33],24,False,39.815,43.19,-3.375,False
evqa-pilot500,qwen2.5-vl-3b,available_train,none,500,1.0,interior_pm1,M-Gen,34,False,"[1, 12, 16, 21, 34]","[33, 34, 35]","[34, 35]",[33],24,False,27.939999999999998,35.27041666666667,-7.330416666666672,False
evqa-pilot500,qwen2.5-vl-3b,available_train,none,500,1.0,interior_pm1,T-Loc,34,False,"[1, 12, 16, 21, 34]","[33, 34, 35]","[34, 35]",[33],24,False,100.0,100.0,0.0,True
evqa-pilot500,qwen2.5-vl-3b,available_train,none,500,1.0,interior_pm1,M-Loc,34,False,"[1, 12, 16, 21, 34]","[33, 34, 35]","[34, 35]",[33],24,False,92.43,81.22666666666667,11.203333333333333,True
evqa-pilot500,qwen2.5-vl-3b,available_train,none,500,1.0,interior_pm1,Average,34,False,"[1, 12, 16, 21, 34]","[33, 34, 35]","[34, 35]",[33],24,False,62.342,62.620583333333336,-0.2785833333333372,False
evqa-pilot500,qwen2.5-vl-3b,available_train,alt,500,1.0,global_80,Rel,34,False,"[1, 12, 14, 21, 34]","[30, 31, 32, 33, 34]","[30, 31, 34]","[32, 33]",23,False,53.04333333333333,53.30217391304348,-0.25884057971015295,False
evqa-pilot500,qwen2.5-vl-3b,available_train,alt,500,1.0,global_80,T-Gen,34,False,"[1, 12, 14, 21, 34]","[30, 31, 32, 33, 34]","[30, 31, 34]","[32, 33]",23,False,42.32333333333333,43.0095652173913,-0.6862318840579675,False
evqa-pilot500,qwen2.5-vl-3b,available_train,alt,500,1.0,global_80,M-Gen,34,False,"[1, 12, 14, 21, 34]","[30, 31, 32, 33, 34]","[30, 31, 34]","[32, 33]",23,False,34.63,34.71652173913043,-0.0865217391304256,False
evqa-pilot500,qwen2.5-vl-3b,available_train,alt,500,1.0,global_80,T-Loc,34,False,"[1, 12, 14, 21, 34]","[30, 31, 32, 33, 34]","[30, 31, 34]","[32, 33]",23,False,100.0,100.0,0.0,True
evqa-pilot500,qwen2.5-vl-3b,available_train,alt,500,1.0,global_80,M-Loc,34,False,"[1, 12, 14, 21, 34]","[30, 31, 32, 33, 34]","[30, 31, 34]","[32, 33]",23,False,83.91000000000001,81.8508695652174,2.0591304347826167,False
evqa-pilot500,qwen2.5-vl-3b,available_train,alt,500,1.0,global_80,Average,34,False,"[1, 12, 14, 21, 34]","[30, 31, 32, 33, 34]","[30, 31, 34]","[32, 33]",23,False,62.78066666666667,62.575478260869566,0.2051884057971023,False
evqa-pilot500,qwen2.5-vl-3b,available_train,alt,500,1.0,global_90,Rel,34,False,"[1, 12, 14, 21, 34]","[33, 34]",[34],[33],25,False,53.15,53.2772,-0.12720000000000198,False
evqa-pilot500,qwen2.5-vl-3b,available_train,alt,500,1.0,global_90,T-Gen,34,False,"[1, 12, 14, 21, 34]","[33, 34]",[34],[33],25,False,42.2,42.9596,-0.7595999999999989,False
evqa-pilot500,qwen2.5-vl-3b,available_train,alt,500,1.0,global_90,M-Gen,34,False,"[1, 12, 14, 21, 34]","[33, 34]",[34],[33],25,False,33.65,34.7488,-1.0988000000000042,False
evqa-pilot500,qwen2.5-vl-3b,available_train,alt,500,1.0,global_90,T-Loc,34,False,"[1, 12, 14, 21, 34]","[33, 34]",[34],[33],25,False,100.0,100.0,0.0,True
evqa-pilot500,qwen2.5-vl-3b,available_train,alt,500,1.0,global_90,M-Loc,34,False,"[1, 12, 14, 21, 34]","[33, 34]",[34],[33],25,False,84.86,81.9776,2.882400000000004,False
evqa-pilot500,qwen2.5-vl-3b,available_train,alt,500,1.0,global_90,Average,34,False,"[1, 12, 14, 21, 34]","[33, 34]",[34],[33],25,False,62.77,62.59232,0.17768000000000228,False
evqa-pilot500,qwen2.5-vl-3b,available_train,alt,500,1.0,global_95,Rel,34,False,"[1, 12, 14, 21, 34]",[34],[34],[],25,True,53.15,53.2772,-0.12720000000000198,False
evqa-pilot500,qwen2.5-vl-3b,available_train,alt,500,1.0,global_95,T-Gen,34,False,"[1, 12, 14, 21, 34]",[34],[34],[],25,True,42.2,42.9596,-0.7595999999999989,False
evqa-pilot500,qwen2.5-vl-3b,available_train,alt,500,1.0,global_95,M-Gen,34,False,"[1, 12, 14, 21, 34]",[34],[34],[],25,True,33.65,34.7488,-1.0988000000000042,False
evqa-pilot500,qwen2.5-vl-3b,available_train,alt,500,1.0,global_95,T-Loc,34,False,"[1, 12, 14, 21, 34]",[34],[34],[],25,True,100.0,100.0,0.0,True
evqa-pilot500,qwen2.5-vl-3b,available_train,alt,500,1.0,global_95,M-Loc,34,False,"[1, 12, 14, 21, 34]",[34],[34],[],25,True,84.86,81.9776,2.882400000000004,False
evqa-pilot500,qwen2.5-vl-3b,available_train,alt,500,1.0,global_95,Average,34,False,"[1, 12, 14, 21, 34]",[34],[34],[],25,True,62.77,62.59232,0.17768000000000228,False
evqa-pilot500,qwen2.5-vl-3b,available_train,alt,500,1.0,interior_pm1,Rel,34,False,"[1, 12, 14, 21, 34]","[33, 34, 35]","[34, 35]",[33],24,False,51.53,53.4175,-1.8874999999999957,False
evqa-pilot500,qwen2.5-vl-3b,available_train,alt,500,1.0,interior_pm1,T-Gen,34,False,"[1, 12, 14, 21, 34]","[33, 34, 35]","[34, 35]",[33],24,False,39.815,43.19,-3.375,False
evqa-pilot500,qwen2.5-vl-3b,available_train,alt,500,1.0,interior_pm1,M-Gen,34,False,"[1, 12, 14, 21, 34]","[33, 34, 35]","[34, 35]",[33],24,False,27.939999999999998,35.27041666666667,-7.330416666666672,False
evqa-pilot500,qwen2.5-vl-3b,available_train,alt,500,1.0,interior_pm1,T-Loc,34,False,"[1, 12, 14, 21, 34]","[33, 34, 35]","[34, 35]",[33],24,False,100.0,100.0,0.0,True
evqa-pilot500,qwen2.5-vl-3b,available_train,alt,500,1.0,interior_pm1,M-Loc,34,False,"[1, 12, 14, 21, 34]","[33, 34, 35]","[34, 35]",[33],24,False,92.43,81.22666666666667,11.203333333333333,True
evqa-pilot500,qwen2.5-vl-3b,available_train,alt,500,1.0,interior_pm1,Average,34,False,"[1, 12, 14, 21, 34]","[33, 34, 35]","[34, 35]",[33],24,False,62.342,62.620583333333336,-0.2785833333333372,False
evqa-pilot500,qwen2.5-vl-3b,available_train,model_pred,500,1.0,global_80,Rel,34,False,"[1, 12, 14, 21, 25, 34]","[32, 33, 34]",[34],"[32, 33]",25,False,53.15,53.2772,-0.12720000000000198,False
evqa-pilot500,qwen2.5-vl-3b,available_train,model_pred,500,1.0,global_80,T-Gen,34,False,"[1, 12, 14, 21, 25, 34]","[32, 33, 34]",[34],"[32, 33]",25,False,42.2,42.9596,-0.7595999999999989,False
evqa-pilot500,qwen2.5-vl-3b,available_train,model_pred,500,1.0,global_80,M-Gen,34,False,"[1, 12, 14, 21, 25, 34]","[32, 33, 34]",[34],"[32, 33]",25,False,33.65,34.7488,-1.0988000000000042,False
evqa-pilot500,qwen2.5-vl-3b,available_train,model_pred,500,1.0,global_80,T-Loc,34,False,"[1, 12, 14, 21, 25, 34]","[32, 33, 34]",[34],"[32, 33]",25,False,100.0,100.0,0.0,True
evqa-pilot500,qwen2.5-vl-3b,available_train,model_pred,500,1.0,global_80,M-Loc,34,False,"[1, 12, 14, 21, 25, 34]","[32, 33, 34]",[34],"[32, 33]",25,False,84.86,81.9776,2.882400000000004,False
evqa-pilot500,qwen2.5-vl-3b,available_train,model_pred,500,1.0,global_80,Average,34,False,"[1, 12, 14, 21, 25, 34]","[32, 33, 34]",[34],"[32, 33]",25,False,62.77,62.59232,0.17768000000000228,False
evqa-pilot500,qwen2.5-vl-3b,available_train,model_pred,500,1.0,global_90,Rel,34,False,"[1, 12, 14, 21, 25, 34]","[33, 34]",[34],[33],25,False,53.15,53.2772,-0.12720000000000198,False
evqa-pilot500,qwen2.5-vl-3b,available_train,model_pred,500,1.0,global_90,T-Gen,34,False,"[1, 12, 14, 21, 25, 34]","[33, 34]",[34],[33],25,False,42.2,42.9596,-0.7595999999999989,False
evqa-pilot500,qwen2.5-vl-3b,available_train,model_pred,500,1.0,global_90,M-Gen,34,False,"[1, 12, 14, 21, 25, 34]","[33, 34]",[34],[33],25,False,33.65,34.7488,-1.0988000000000042,False
evqa-pilot500,qwen2.5-vl-3b,available_train,model_pred,500,1.0,global_90,T-Loc,34,False,"[1, 12, 14, 21, 25, 34]","[33, 34]",[34],[33],25,False,100.0,100.0,0.0,True
evqa-pilot500,qwen2.5-vl-3b,available_train,model_pred,500,1.0,global_90,M-Loc,34,False,"[1, 12, 14, 21, 25, 34]","[33, 34]",[34],[33],25,False,84.86,81.9776,2.882400000000004,False
evqa-pilot500,qwen2.5-vl-3b,available_train,model_pred,500,1.0,global_90,Average,34,False,"[1, 12, 14, 21, 25, 34]","[33, 34]",[34],[33],25,False,62.77,62.59232,0.17768000000000228,False
evqa-pilot500,qwen2.5-vl-3b,available_train,model_pred,500,1.0,global_95,Rel,34,False,"[1, 12, 14, 21, 25, 34]",[34],[34],[],25,True,53.15,53.2772,-0.12720000000000198,False
evqa-pilot500,qwen2.5-vl-3b,available_train,model_pred,500,1.0,global_95,T-Gen,34,False,"[1, 12, 14, 21, 25, 34]",[34],[34],[],25,True,42.2,42.9596,-0.7595999999999989,False
evqa-pilot500,qwen2.5-vl-3b,available_train,model_pred,500,1.0,global_95,M-Gen,34,False,"[1, 12, 14, 21, 25, 34]",[34],[34],[],25,True,33.65,34.7488,-1.0988000000000042,False
evqa-pilot500,qwen2.5-vl-3b,available_train,model_pred,500,1.0,global_95,T-Loc,34,False,"[1, 12, 14, 21, 25, 34]",[34],[34],[],25,True,100.0,100.0,0.0,True
evqa-pilot500,qwen2.5-vl-3b,available_train,model_pred,500,1.0,global_95,M-Loc,34,False,"[1, 12, 14, 21, 25, 34]",[34],[34],[],25,True,84.86,81.9776,2.882400000000004,False
evqa-pilot500,qwen2.5-vl-3b,available_train,model_pred,500,1.0,global_95,Average,34,False,"[1, 12, 14, 21, 25, 34]",[34],[34],[],25,True,62.77,62.59232,0.17768000000000228,False
evqa-pilot500,qwen2.5-vl-3b,available_train,model_pred,500,1.0,interior_pm1,Rel,34,False,"[1, 12, 14, 21, 25, 34]","[33, 34, 35]","[34, 35]",[33],24,False,51.53,53.4175,-1.8874999999999957,False
evqa-pilot500,qwen2.5-vl-3b,available_train,model_pred,500,1.0,interior_pm1,T-Gen,34,False,"[1, 12, 14, 21, 25, 34]","[33, 34, 35]","[34, 35]",[33],24,False,39.815,43.19,-3.375,False
evqa-pilot500,qwen2.5-vl-3b,available_train,model_pred,500,1.0,interior_pm1,M-Gen,34,False,"[1, 12, 14, 21, 25, 34]","[33, 34, 35]","[34, 35]",[33],24,False,27.939999999999998,35.27041666666667,-7.330416666666672,False
evqa-pilot500,qwen2.5-vl-3b,available_train,model_pred,500,1.0,interior_pm1,T-Loc,34,False,"[1, 12, 14, 21, 25, 34]","[33, 34, 35]","[34, 35]",[33],24,False,100.0,100.0,0.0,True
evqa-pilot500,qwen2.5-vl-3b,available_train,model_pred,500,1.0,interior_pm1,M-Loc,34,False,"[1, 12, 14, 21, 25, 34]","[33, 34, 35]","[34, 35]",[33],24,False,92.43,81.22666666666667,11.203333333333333,True
evqa-pilot500,qwen2.5-vl-3b,available_train,model_pred,500,1.0,interior_pm1,Average,34,False,"[1, 12, 14, 21, 25, 34]","[33, 34, 35]","[34, 35]",[33],24,False,62.342,62.620583333333336,-0.2785833333333372,False
evqa-pilot500,smolvlm-1.7b,matched_gradient,none,500,1.0,global_80,Rel,22,False,"[3, 5, 11, 17, 22]","[21, 22]","[21, 22]",[],18,True,43.175,52.85666666666666,-9.681666666666665,False
evqa-pilot500,smolvlm-1.7b,matched_gradient,none,500,1.0,global_80,T-Gen,22,False,"[3, 5, 11, 17, 22]","[21, 22]","[21, 22]",[],18,True,37.11,47.42444444444445,-10.314444444444447,False
evqa-pilot500,smolvlm-1.7b,matched_gradient,none,500,1.0,global_80,M-Gen,22,False,"[3, 5, 11, 17, 22]","[21, 22]","[21, 22]",[],18,True,32.57,43.04555555555555,-10.475555555555552,False
evqa-pilot500,smolvlm-1.7b,matched_gradient,none,500,1.0,global_80,T-Loc,22,False,"[3, 5, 11, 17, 22]","[21, 22]","[21, 22]",[],18,True,100.0,100.0,0.0,True
evqa-pilot500,smolvlm-1.7b,matched_gradient,none,500,1.0,global_80,M-Loc,22,False,"[3, 5, 11, 17, 22]","[21, 22]","[21, 22]",[],18,True,67.74000000000001,74.48944444444446,-6.74944444444445,False
evqa-pilot500,smolvlm-1.7b,matched_gradient,none,500,1.0,global_80,Average,22,False,"[3, 5, 11, 17, 22]","[21, 22]","[21, 22]",[],18,True,56.119,63.564,-7.445,False
evqa-pilot500,smolvlm-1.7b,matched_gradient,none,500,1.0,global_90,Rel,22,False,"[3, 5, 11, 17, 22]","[21, 22]","[21, 22]",[],18,True,43.175,52.85666666666666,-9.681666666666665,False
evqa-pilot500,smolvlm-1.7b,matched_gradient,none,500,1.0,global_90,T-Gen,22,False,"[3, 5, 11, 17, 22]","[21, 22]","[21, 22]",[],18,True,37.11,47.42444444444445,-10.314444444444447,False
evqa-pilot500,smolvlm-1.7b,matched_gradient,none,500,1.0,global_90,M-Gen,22,False,"[3, 5, 11, 17, 22]","[21, 22]","[21, 22]",[],18,True,32.57,43.04555555555555,-10.475555555555552,False
evqa-pilot500,smolvlm-1.7b,matched_gradient,none,500,1.0,global_90,T-Loc,22,False,"[3, 5, 11, 17, 22]","[21, 22]","[21, 22]",[],18,True,100.0,100.0,0.0,True
evqa-pilot500,smolvlm-1.7b,matched_gradient,none,500,1.0,global_90,M-Loc,22,False,"[3, 5, 11, 17, 22]","[21, 22]","[21, 22]",[],18,True,67.74000000000001,74.48944444444446,-6.74944444444445,False
evqa-pilot500,smolvlm-1.7b,matched_gradient,none,500,1.0,global_90,Average,22,False,"[3, 5, 11, 17, 22]","[21, 22]","[21, 22]",[],18,True,56.119,63.564,-7.445,False
evqa-pilot500,smolvlm-1.7b,matched_gradient,none,500,1.0,global_95,Rel,22,False,"[3, 5, 11, 17, 22]",[22],[22],[],19,True,42.44,52.385789473684206,-9.945789473684208,False
evqa-pilot500,smolvlm-1.7b,matched_gradient,none,500,1.0,global_95,T-Gen,22,False,"[3, 5, 11, 17, 22]",[22],[22],[],19,True,36.7,46.90315789473684,-10.20315789473684,False
evqa-pilot500,smolvlm-1.7b,matched_gradient,none,500,1.0,global_95,M-Gen,22,False,"[3, 5, 11, 17, 22]",[22],[22],[],19,True,31.77,42.53631578947368,-10.766315789473683,False
evqa-pilot500,smolvlm-1.7b,matched_gradient,none,500,1.0,global_95,T-Loc,22,False,"[3, 5, 11, 17, 22]",[22],[22],[],19,True,100.0,100.0,0.0,True
evqa-pilot500,smolvlm-1.7b,matched_gradient,none,500,1.0,global_95,M-Loc,22,False,"[3, 5, 11, 17, 22]",[22],[22],[],19,True,68.45,74.09684210526316,-5.646842105263161,False
evqa-pilot500,smolvlm-1.7b,matched_gradient,none,500,1.0,global_95,Average,22,False,"[3, 5, 11, 17, 22]",[22],[22],[],19,True,55.872,63.18515789473685,-7.313157894736847,False
evqa-pilot500,smolvlm-1.7b,matched_gradient,none,500,1.0,interior_pm1,Rel,22,False,"[3, 5, 11, 17, 22]","[21, 22, 23]","[21, 22]",[23],18,False,43.175,52.85666666666666,-9.681666666666665,False
evqa-pilot500,smolvlm-1.7b,matched_gradient,none,500,1.0,interior_pm1,T-Gen,22,False,"[3, 5, 11, 17, 22]","[21, 22, 23]","[21, 22]",[23],18,False,37.11,47.42444444444445,-10.314444444444447,False
evqa-pilot500,smolvlm-1.7b,matched_gradient,none,500,1.0,interior_pm1,M-Gen,22,False,"[3, 5, 11, 17, 22]","[21, 22, 23]","[21, 22]",[23],18,False,32.57,43.04555555555555,-10.475555555555552,False
evqa-pilot500,smolvlm-1.7b,matched_gradient,none,500,1.0,interior_pm1,T-Loc,22,False,"[3, 5, 11, 17, 22]","[21, 22, 23]","[21, 22]",[23],18,False,100.0,100.0,0.0,True
evqa-pilot500,smolvlm-1.7b,matched_gradient,none,500,1.0,interior_pm1,M-Loc,22,False,"[3, 5, 11, 17, 22]","[21, 22, 23]","[21, 22]",[23],18,False,67.74000000000001,74.48944444444446,-6.74944444444445,False
evqa-pilot500,smolvlm-1.7b,matched_gradient,none,500,1.0,interior_pm1,Average,22,False,"[3, 5, 11, 17, 22]","[21, 22, 23]","[21, 22]",[23],18,False,56.119,63.564,-7.445,False
evqa-pilot500,smolvlm-1.7b,matched_gradient,alt,500,1.0,global_80,Rel,22,False,"[1, 3, 5, 11, 17, 19, 22]","[21, 22]","[21, 22]",[],18,True,43.175,52.85666666666666,-9.681666666666665,False
evqa-pilot500,smolvlm-1.7b,matched_gradient,alt,500,1.0,global_80,T-Gen,22,False,"[1, 3, 5, 11, 17, 19, 22]","[21, 22]","[21, 22]",[],18,True,37.11,47.42444444444445,-10.314444444444447,False
evqa-pilot500,smolvlm-1.7b,matched_gradient,alt,500,1.0,global_80,M-Gen,22,False,"[1, 3, 5, 11, 17, 19, 22]","[21, 22]","[21, 22]",[],18,True,32.57,43.04555555555555,-10.475555555555552,False
evqa-pilot500,smolvlm-1.7b,matched_gradient,alt,500,1.0,global_80,T-Loc,22,False,"[1, 3, 5, 11, 17, 19, 22]","[21, 22]","[21, 22]",[],18,True,100.0,100.0,0.0,True
evqa-pilot500,smolvlm-1.7b,matched_gradient,alt,500,1.0,global_80,M-Loc,22,False,"[1, 3, 5, 11, 17, 19, 22]","[21, 22]","[21, 22]",[],18,True,67.74000000000001,74.48944444444446,-6.74944444444445,False
evqa-pilot500,smolvlm-1.7b,matched_gradient,alt,500,1.0,global_80,Average,22,False,"[1, 3, 5, 11, 17, 19, 22]","[21, 22]","[21, 22]",[],18,True,56.119,63.564,-7.445,False
evqa-pilot500,smolvlm-1.7b,matched_gradient,alt,500,1.0,global_90,Rel,22,False,"[1, 3, 5, 11, 17, 19, 22]","[21, 22]","[21, 22]",[],18,True,43.175,52.85666666666666,-9.681666666666665,False
evqa-pilot500,smolvlm-1.7b,matched_gradient,alt,500,1.0,global_90,T-Gen,22,False,"[1, 3, 5, 11, 17, 19, 22]","[21, 22]","[21, 22]",[],18,True,37.11,47.42444444444445,-10.314444444444447,False
evqa-pilot500,smolvlm-1.7b,matched_gradient,alt,500,1.0,global_90,M-Gen,22,False,"[1, 3, 5, 11, 17, 19, 22]","[21, 22]","[21, 22]",[],18,True,32.57,43.04555555555555,-10.475555555555552,False
evqa-pilot500,smolvlm-1.7b,matched_gradient,alt,500,1.0,global_90,T-Loc,22,False,"[1, 3, 5, 11, 17, 19, 22]","[21, 22]","[21, 22]",[],18,True,100.0,100.0,0.0,True
evqa-pilot500,smolvlm-1.7b,matched_gradient,alt,500,1.0,global_90,M-Loc,22,False,"[1, 3, 5, 11, 17, 19, 22]","[21, 22]","[21, 22]",[],18,True,67.74000000000001,74.48944444444446,-6.74944444444445,False
evqa-pilot500,smolvlm-1.7b,matched_gradient,alt,500,1.0,global_90,Average,22,False,"[1, 3, 5, 11, 17, 19, 22]","[21, 22]","[21, 22]",[],18,True,56.119,63.564,-7.445,False
evqa-pilot500,smolvlm-1.7b,matched_gradient,alt,500,1.0,global_95,Rel,22,False,"[1, 3, 5, 11, 17, 19, 22]",[22],[22],[],19,True,42.44,52.385789473684206,-9.945789473684208,False
evqa-pilot500,smolvlm-1.7b,matched_gradient,alt,500,1.0,global_95,T-Gen,22,False,"[1, 3, 5, 11, 17, 19, 22]",[22],[22],[],19,True,36.7,46.90315789473684,-10.20315789473684,False
evqa-pilot500,smolvlm-1.7b,matched_gradient,alt,500,1.0,global_95,M-Gen,22,False,"[1, 3, 5, 11, 17, 19, 22]",[22],[22],[],19,True,31.77,42.53631578947368,-10.766315789473683,False
evqa-pilot500,smolvlm-1.7b,matched_gradient,alt,500,1.0,global_95,T-Loc,22,False,"[1, 3, 5, 11, 17, 19, 22]",[22],[22],[],19,True,100.0,100.0,0.0,True
evqa-pilot500,smolvlm-1.7b,matched_gradient,alt,500,1.0,global_95,M-Loc,22,False,"[1, 3, 5, 11, 17, 19, 22]",[22],[22],[],19,True,68.45,74.09684210526316,-5.646842105263161,False
evqa-pilot500,smolvlm-1.7b,matched_gradient,alt,500,1.0,global_95,Average,22,False,"[1, 3, 5, 11, 17, 19, 22]",[22],[22],[],19,True,55.872,63.18515789473685,-7.313157894736847,False
evqa-pilot500,smolvlm-1.7b,matched_gradient,alt,500,1.0,interior_pm1,Rel,22,False,"[1, 3, 5, 11, 17, 19, 22]","[21, 22, 23]","[21, 22]",[23],18,False,43.175,52.85666666666666,-9.681666666666665,False
evqa-pilot500,smolvlm-1.7b,matched_gradient,alt,500,1.0,interior_pm1,T-Gen,22,False,"[1, 3, 5, 11, 17, 19, 22]","[21, 22, 23]","[21, 22]",[23],18,False,37.11,47.42444444444445,-10.314444444444447,False
evqa-pilot500,smolvlm-1.7b,matched_gradient,alt,500,1.0,interior_pm1,M-Gen,22,False,"[1, 3, 5, 11, 17, 19, 22]","[21, 22, 23]","[21, 22]",[23],18,False,32.57,43.04555555555555,-10.475555555555552,False
evqa-pilot500,smolvlm-1.7b,matched_gradient,alt,500,1.0,interior_pm1,T-Loc,22,False,"[1, 3, 5, 11, 17, 19, 22]","[21, 22, 23]","[21, 22]",[23],18,False,100.0,100.0,0.0,True
evqa-pilot500,smolvlm-1.7b,matched_gradient,alt,500,1.0,interior_pm1,M-Loc,22,False,"[1, 3, 5, 11, 17, 19, 22]","[21, 22, 23]","[21, 22]",[23],18,False,67.74000000000001,74.48944444444446,-6.74944444444445,False
evqa-pilot500,smolvlm-1.7b,matched_gradient,alt,500,1.0,interior_pm1,Average,22,False,"[1, 3, 5, 11, 17, 19, 22]","[21, 22, 23]","[21, 22]",[23],18,False,56.119,63.564,-7.445,False
evqa-pilot500,smolvlm-1.7b,matched_gradient,model_pred,500,1.0,global_80,Rel,22,False,"[1, 5, 8, 12, 17, 22]","[19, 20, 21, 22]","[19, 20, 21, 22]",[],16,True,44.12,53.830625,-9.710625,False
evqa-pilot500,smolvlm-1.7b,matched_gradient,model_pred,500,1.0,global_80,T-Gen,22,False,"[1, 5, 8, 12, 17, 22]","[19, 20, 21, 22]","[19, 20, 21, 22]",[],16,True,38.082499999999996,48.470625,-10.388125000000002,False
evqa-pilot500,smolvlm-1.7b,matched_gradient,model_pred,500,1.0,global_80,M-Gen,22,False,"[1, 5, 8, 12, 17, 22]","[19, 20, 21, 22]","[19, 20, 21, 22]",[],16,True,33.11,44.22,-11.11,False
evqa-pilot500,smolvlm-1.7b,matched_gradient,model_pred,500,1.0,global_80,T-Loc,22,False,"[1, 5, 8, 12, 17, 22]","[19, 20, 21, 22]","[19, 20, 21, 22]",[],16,True,100.0,100.0,0.0,True
evqa-pilot500,smolvlm-1.7b,matched_gradient,model_pred,500,1.0,global_80,M-Loc,22,False,"[1, 5, 8, 12, 17, 22]","[19, 20, 21, 22]","[19, 20, 21, 22]",[],16,True,68.055,75.25437500000001,-7.199375000000003,False
evqa-pilot500,smolvlm-1.7b,matched_gradient,model_pred,500,1.0,global_80,Average,22,False,"[1, 5, 8, 12, 17, 22]","[19, 20, 21, 22]","[19, 20, 21, 22]",[],16,True,56.67400000000001,64.355875,-7.681874999999991,False
evqa-pilot500,smolvlm-1.7b,matched_gradient,model_pred,500,1.0,global_90,Rel,22,False,"[1, 5, 8, 12, 17, 22]","[21, 22]","[21, 22]",[],18,True,43.175,52.85666666666666,-9.681666666666665,False
evqa-pilot500,smolvlm-1.7b,matched_gradient,model_pred,500,1.0,global_90,T-Gen,22,False,"[1, 5, 8, 12, 17, 22]","[21, 22]","[21, 22]",[],18,True,37.11,47.42444444444445,-10.314444444444447,False
evqa-pilot500,smolvlm-1.7b,matched_gradient,model_pred,500,1.0,global_90,M-Gen,22,False,"[1, 5, 8, 12, 17, 22]","[21, 22]","[21, 22]",[],18,True,32.57,43.04555555555555,-10.475555555555552,False
evqa-pilot500,smolvlm-1.7b,matched_gradient,model_pred,500,1.0,global_90,T-Loc,22,False,"[1, 5, 8, 12, 17, 22]","[21, 22]","[21, 22]",[],18,True,100.0,100.0,0.0,True
evqa-pilot500,smolvlm-1.7b,matched_gradient,model_pred,500,1.0,global_90,M-Loc,22,False,"[1, 5, 8, 12, 17, 22]","[21, 22]","[21, 22]",[],18,True,67.74000000000001,74.48944444444446,-6.74944444444445,False
evqa-pilot500,smolvlm-1.7b,matched_gradient,model_pred,500,1.0,global_90,Average,22,False,"[1, 5, 8, 12, 17, 22]","[21, 22]","[21, 22]",[],18,True,56.119,63.564,-7.445,False
evqa-pilot500,smolvlm-1.7b,matched_gradient,model_pred,500,1.0,global_95,Rel,22,False,"[1, 5, 8, 12, 17, 22]",[22],[22],[],19,True,42.44,52.385789473684206,-9.945789473684208,False
evqa-pilot500,smolvlm-1.7b,matched_gradient,model_pred,500,1.0,global_95,T-Gen,22,False,"[1, 5, 8, 12, 17, 22]",[22],[22],[],19,True,36.7,46.90315789473684,-10.20315789473684,False
evqa-pilot500,smolvlm-1.7b,matched_gradient,model_pred,500,1.0,global_95,M-Gen,22,False,"[1, 5, 8, 12, 17, 22]",[22],[22],[],19,True,31.77,42.53631578947368,-10.766315789473683,False
evqa-pilot500,smolvlm-1.7b,matched_gradient,model_pred,500,1.0,global_95,T-Loc,22,False,"[1, 5, 8, 12, 17, 22]",[22],[22],[],19,True,100.0,100.0,0.0,True
evqa-pilot500,smolvlm-1.7b,matched_gradient,model_pred,500,1.0,global_95,M-Loc,22,False,"[1, 5, 8, 12, 17, 22]",[22],[22],[],19,True,68.45,74.09684210526316,-5.646842105263161,False
evqa-pilot500,smolvlm-1.7b,matched_gradient,model_pred,500,1.0,global_95,Average,22,False,"[1, 5, 8, 12, 17, 22]",[22],[22],[],19,True,55.872,63.18515789473685,-7.313157894736847,False
evqa-pilot500,smolvlm-1.7b,matched_gradient,model_pred,500,1.0,interior_pm1,Rel,22,False,"[1, 5, 8, 12, 17, 22]","[21, 22, 23]","[21, 22]",[23],18,False,43.175,52.85666666666666,-9.681666666666665,False
evqa-pilot500,smolvlm-1.7b,matched_gradient,model_pred,500,1.0,interior_pm1,T-Gen,22,False,"[1, 5, 8, 12, 17, 22]","[21, 22, 23]","[21, 22]",[23],18,False,37.11,47.42444444444445,-10.314444444444447,False
evqa-pilot500,smolvlm-1.7b,matched_gradient,model_pred,500,1.0,interior_pm1,M-Gen,22,False,"[1, 5, 8, 12, 17, 22]","[21, 22, 23]","[21, 22]",[23],18,False,32.57,43.04555555555555,-10.475555555555552,False
evqa-pilot500,smolvlm-1.7b,matched_gradient,model_pred,500,1.0,interior_pm1,T-Loc,22,False,"[1, 5, 8, 12, 17, 22]","[21, 22, 23]","[21, 22]",[23],18,False,100.0,100.0,0.0,True
evqa-pilot500,smolvlm-1.7b,matched_gradient,model_pred,500,1.0,interior_pm1,M-Loc,22,False,"[1, 5, 8, 12, 17, 22]","[21, 22, 23]","[21, 22]",[23],18,False,67.74000000000001,74.48944444444446,-6.74944444444445,False
evqa-pilot500,smolvlm-1.7b,matched_gradient,model_pred,500,1.0,interior_pm1,Average,22,False,"[1, 5, 8, 12, 17, 22]","[21, 22, 23]","[21, 22]",[23],18,False,56.119,63.564,-7.445,False
evqa-pilot500,smolvlm-1.7b,available_train,none,500,1.0,global_80,Rel,22,False,"[3, 5, 11, 17, 22]","[21, 22]","[21, 22]",[],18,True,43.175,52.85666666666666,-9.681666666666665,False
evqa-pilot500,smolvlm-1.7b,available_train,none,500,1.0,global_80,T-Gen,22,False,"[3, 5, 11, 17, 22]","[21, 22]","[21, 22]",[],18,True,37.11,47.42444444444445,-10.314444444444447,False
evqa-pilot500,smolvlm-1.7b,available_train,none,500,1.0,global_80,M-Gen,22,False,"[3, 5, 11, 17, 22]","[21, 22]","[21, 22]",[],18,True,32.57,43.04555555555555,-10.475555555555552,False
evqa-pilot500,smolvlm-1.7b,available_train,none,500,1.0,global_80,T-Loc,22,False,"[3, 5, 11, 17, 22]","[21, 22]","[21, 22]",[],18,True,100.0,100.0,0.0,True
evqa-pilot500,smolvlm-1.7b,available_train,none,500,1.0,global_80,M-Loc,22,False,"[3, 5, 11, 17, 22]","[21, 22]","[21, 22]",[],18,True,67.74000000000001,74.48944444444446,-6.74944444444445,False
evqa-pilot500,smolvlm-1.7b,available_train,none,500,1.0,global_80,Average,22,False,"[3, 5, 11, 17, 22]","[21, 22]","[21, 22]",[],18,True,56.119,63.564,-7.445,False
evqa-pilot500,smolvlm-1.7b,available_train,none,500,1.0,global_90,Rel,22,False,"[3, 5, 11, 17, 22]","[21, 22]","[21, 22]",[],18,True,43.175,52.85666666666666,-9.681666666666665,False
evqa-pilot500,smolvlm-1.7b,available_train,none,500,1.0,global_90,T-Gen,22,False,"[3, 5, 11, 17, 22]","[21, 22]","[21, 22]",[],18,True,37.11,47.42444444444445,-10.314444444444447,False
evqa-pilot500,smolvlm-1.7b,available_train,none,500,1.0,global_90,M-Gen,22,False,"[3, 5, 11, 17, 22]","[21, 22]","[21, 22]",[],18,True,32.57,43.04555555555555,-10.475555555555552,False
evqa-pilot500,smolvlm-1.7b,available_train,none,500,1.0,global_90,T-Loc,22,False,"[3, 5, 11, 17, 22]","[21, 22]","[21, 22]",[],18,True,100.0,100.0,0.0,True
evqa-pilot500,smolvlm-1.7b,available_train,none,500,1.0,global_90,M-Loc,22,False,"[3, 5, 11, 17, 22]","[21, 22]","[21, 22]",[],18,True,67.74000000000001,74.48944444444446,-6.74944444444445,False
evqa-pilot500,smolvlm-1.7b,available_train,none,500,1.0,global_90,Average,22,False,"[3, 5, 11, 17, 22]","[21, 22]","[21, 22]",[],18,True,56.119,63.564,-7.445,False
evqa-pilot500,smolvlm-1.7b,available_train,none,500,1.0,global_95,Rel,22,False,"[3, 5, 11, 17, 22]",[22],[22],[],19,True,42.44,52.385789473684206,-9.945789473684208,False
evqa-pilot500,smolvlm-1.7b,available_train,none,500,1.0,global_95,T-Gen,22,False,"[3, 5, 11, 17, 22]",[22],[22],[],19,True,36.7,46.90315789473684,-10.20315789473684,False
evqa-pilot500,smolvlm-1.7b,available_train,none,500,1.0,global_95,M-Gen,22,False,"[3, 5, 11, 17, 22]",[22],[22],[],19,True,31.77,42.53631578947368,-10.766315789473683,False
evqa-pilot500,smolvlm-1.7b,available_train,none,500,1.0,global_95,T-Loc,22,False,"[3, 5, 11, 17, 22]",[22],[22],[],19,True,100.0,100.0,0.0,True
evqa-pilot500,smolvlm-1.7b,available_train,none,500,1.0,global_95,M-Loc,22,False,"[3, 5, 11, 17, 22]",[22],[22],[],19,True,68.45,74.09684210526316,-5.646842105263161,False
evqa-pilot500,smolvlm-1.7b,available_train,none,500,1.0,global_95,Average,22,False,"[3, 5, 11, 17, 22]",[22],[22],[],19,True,55.872,63.18515789473685,-7.313157894736847,False
evqa-pilot500,smolvlm-1.7b,available_train,none,500,1.0,interior_pm1,Rel,22,False,"[3, 5, 11, 17, 22]","[21, 22, 23]","[21, 22]",[23],18,False,43.175,52.85666666666666,-9.681666666666665,False
evqa-pilot500,smolvlm-1.7b,available_train,none,500,1.0,interior_pm1,T-Gen,22,False,"[3, 5, 11, 17, 22]","[21, 22, 23]","[21, 22]",[23],18,False,37.11,47.42444444444445,-10.314444444444447,False
evqa-pilot500,smolvlm-1.7b,available_train,none,500,1.0,interior_pm1,M-Gen,22,False,"[3, 5, 11, 17, 22]","[21, 22, 23]","[21, 22]",[23],18,False,32.57,43.04555555555555,-10.475555555555552,False
evqa-pilot500,smolvlm-1.7b,available_train,none,500,1.0,interior_pm1,T-Loc,22,False,"[3, 5, 11, 17, 22]","[21, 22, 23]","[21, 22]",[23],18,False,100.0,100.0,0.0,True
evqa-pilot500,smolvlm-1.7b,available_train,none,500,1.0,interior_pm1,M-Loc,22,False,"[3, 5, 11, 17, 22]","[21, 22, 23]","[21, 22]",[23],18,False,67.74000000000001,74.48944444444446,-6.74944444444445,False
evqa-pilot500,smolvlm-1.7b,available_train,none,500,1.0,interior_pm1,Average,22,False,"[3, 5, 11, 17, 22]","[21, 22, 23]","[21, 22]",[23],18,False,56.119,63.564,-7.445,False
evqa-pilot500,smolvlm-1.7b,available_train,alt,500,1.0,global_80,Rel,22,False,"[1, 3, 5, 11, 17, 19, 22]","[21, 22]","[21, 22]",[],18,True,43.175,52.85666666666666,-9.681666666666665,False
evqa-pilot500,smolvlm-1.7b,available_train,alt,500,1.0,global_80,T-Gen,22,False,"[1, 3, 5, 11, 17, 19, 22]","[21, 22]","[21, 22]",[],18,True,37.11,47.42444444444445,-10.314444444444447,False
evqa-pilot500,smolvlm-1.7b,available_train,alt,500,1.0,global_80,M-Gen,22,False,"[1, 3, 5, 11, 17, 19, 22]","[21, 22]","[21, 22]",[],18,True,32.57,43.04555555555555,-10.475555555555552,False
evqa-pilot500,smolvlm-1.7b,available_train,alt,500,1.0,global_80,T-Loc,22,False,"[1, 3, 5, 11, 17, 19, 22]","[21, 22]","[21, 22]",[],18,True,100.0,100.0,0.0,True
evqa-pilot500,smolvlm-1.7b,available_train,alt,500,1.0,global_80,M-Loc,22,False,"[1, 3, 5, 11, 17, 19, 22]","[21, 22]","[21, 22]",[],18,True,67.74000000000001,74.48944444444446,-6.74944444444445,False
evqa-pilot500,smolvlm-1.7b,available_train,alt,500,1.0,global_80,Average,22,False,"[1, 3, 5, 11, 17, 19, 22]","[21, 22]","[21, 22]",[],18,True,56.119,63.564,-7.445,False
evqa-pilot500,smolvlm-1.7b,available_train,alt,500,1.0,global_90,Rel,22,False,"[1, 3, 5, 11, 17, 19, 22]","[21, 22]","[21, 22]",[],18,True,43.175,52.85666666666666,-9.681666666666665,False
evqa-pilot500,smolvlm-1.7b,available_train,alt,500,1.0,global_90,T-Gen,22,False,"[1, 3, 5, 11, 17, 19, 22]","[21, 22]","[21, 22]",[],18,True,37.11,47.42444444444445,-10.314444444444447,False
evqa-pilot500,smolvlm-1.7b,available_train,alt,500,1.0,global_90,M-Gen,22,False,"[1, 3, 5, 11, 17, 19, 22]","[21, 22]","[21, 22]",[],18,True,32.57,43.04555555555555,-10.475555555555552,False
evqa-pilot500,smolvlm-1.7b,available_train,alt,500,1.0,global_90,T-Loc,22,False,"[1, 3, 5, 11, 17, 19, 22]","[21, 22]","[21, 22]",[],18,True,100.0,100.0,0.0,True
evqa-pilot500,smolvlm-1.7b,available_train,alt,500,1.0,global_90,M-Loc,22,False,"[1, 3, 5, 11, 17, 19, 22]","[21, 22]","[21, 22]",[],18,True,67.74000000000001,74.48944444444446,-6.74944444444445,False
evqa-pilot500,smolvlm-1.7b,available_train,alt,500,1.0,global_90,Average,22,False,"[1, 3, 5, 11, 17, 19, 22]","[21, 22]","[21, 22]",[],18,True,56.119,63.564,-7.445,False
evqa-pilot500,smolvlm-1.7b,available_train,alt,500,1.0,global_95,Rel,22,False,"[1, 3, 5, 11, 17, 19, 22]",[22],[22],[],19,True,42.44,52.385789473684206,-9.945789473684208,False
evqa-pilot500,smolvlm-1.7b,available_train,alt,500,1.0,global_95,T-Gen,22,False,"[1, 3, 5, 11, 17, 19, 22]",[22],[22],[],19,True,36.7,46.90315789473684,-10.20315789473684,False
evqa-pilot500,smolvlm-1.7b,available_train,alt,500,1.0,global_95,M-Gen,22,False,"[1, 3, 5, 11, 17, 19, 22]",[22],[22],[],19,True,31.77,42.53631578947368,-10.766315789473683,False
evqa-pilot500,smolvlm-1.7b,available_train,alt,500,1.0,global_95,T-Loc,22,False,"[1, 3, 5, 11, 17, 19, 22]",[22],[22],[],19,True,100.0,100.0,0.0,True
evqa-pilot500,smolvlm-1.7b,available_train,alt,500,1.0,global_95,M-Loc,22,False,"[1, 3, 5, 11, 17, 19, 22]",[22],[22],[],19,True,68.45,74.09684210526316,-5.646842105263161,False
evqa-pilot500,smolvlm-1.7b,available_train,alt,500,1.0,global_95,Average,22,False,"[1, 3, 5, 11, 17, 19, 22]",[22],[22],[],19,True,55.872,63.18515789473685,-7.313157894736847,False
evqa-pilot500,smolvlm-1.7b,available_train,alt,500,1.0,interior_pm1,Rel,22,False,"[1, 3, 5, 11, 17, 19, 22]","[21, 22, 23]","[21, 22]",[23],18,False,43.175,52.85666666666666,-9.681666666666665,False
evqa-pilot500,smolvlm-1.7b,available_train,alt,500,1.0,interior_pm1,T-Gen,22,False,"[1, 3, 5, 11, 17, 19, 22]","[21, 22, 23]","[21, 22]",[23],18,False,37.11,47.42444444444445,-10.314444444444447,False
evqa-pilot500,smolvlm-1.7b,available_train,alt,500,1.0,interior_pm1,M-Gen,22,False,"[1, 3, 5, 11, 17, 19, 22]","[21, 22, 23]","[21, 22]",[23],18,False,32.57,43.04555555555555,-10.475555555555552,False
evqa-pilot500,smolvlm-1.7b,available_train,alt,500,1.0,interior_pm1,T-Loc,22,False,"[1, 3, 5, 11, 17, 19, 22]","[21, 22, 23]","[21, 22]",[23],18,False,100.0,100.0,0.0,True
evqa-pilot500,smolvlm-1.7b,available_train,alt,500,1.0,interior_pm1,M-Loc,22,False,"[1, 3, 5, 11, 17, 19, 22]","[21, 22, 23]","[21, 22]",[23],18,False,67.74000000000001,74.48944444444446,-6.74944444444445,False
evqa-pilot500,smolvlm-1.7b,available_train,alt,500,1.0,interior_pm1,Average,22,False,"[1, 3, 5, 11, 17, 19, 22]","[21, 22, 23]","[21, 22]",[23],18,False,56.119,63.564,-7.445,False
evqa-pilot500,smolvlm-1.7b,available_train,model_pred,500,1.0,global_80,Rel,22,False,"[1, 5, 8, 12, 17, 22]","[19, 20, 21, 22]","[19, 20, 21, 22]",[],16,True,44.12,53.830625,-9.710625,False
evqa-pilot500,smolvlm-1.7b,available_train,model_pred,500,1.0,global_80,T-Gen,22,False,"[1, 5, 8, 12, 17, 22]","[19, 20, 21, 22]","[19, 20, 21, 22]",[],16,True,38.082499999999996,48.470625,-10.388125000000002,False
evqa-pilot500,smolvlm-1.7b,available_train,model_pred,500,1.0,global_80,M-Gen,22,False,"[1, 5, 8, 12, 17, 22]","[19, 20, 21, 22]","[19, 20, 21, 22]",[],16,True,33.11,44.22,-11.11,False
evqa-pilot500,smolvlm-1.7b,available_train,model_pred,500,1.0,global_80,T-Loc,22,False,"[1, 5, 8, 12, 17, 22]","[19, 20, 21, 22]","[19, 20, 21, 22]",[],16,True,100.0,100.0,0.0,True
evqa-pilot500,smolvlm-1.7b,available_train,model_pred,500,1.0,global_80,M-Loc,22,False,"[1, 5, 8, 12, 17, 22]","[19, 20, 21, 22]","[19, 20, 21, 22]",[],16,True,68.055,75.25437500000001,-7.199375000000003,False
evqa-pilot500,smolvlm-1.7b,available_train,model_pred,500,1.0,global_80,Average,22,False,"[1, 5, 8, 12, 17, 22]","[19, 20, 21, 22]","[19, 20, 21, 22]",[],16,True,56.67400000000001,64.355875,-7.681874999999991,False
evqa-pilot500,smolvlm-1.7b,available_train,model_pred,500,1.0,global_90,Rel,22,False,"[1, 5, 8, 12, 17, 22]","[21, 22]","[21, 22]",[],18,True,43.175,52.85666666666666,-9.681666666666665,False
evqa-pilot500,smolvlm-1.7b,available_train,model_pred,500,1.0,global_90,T-Gen,22,False,"[1, 5, 8, 12, 17, 22]","[21, 22]","[21, 22]",[],18,True,37.11,47.42444444444445,-10.314444444444447,False
evqa-pilot500,smolvlm-1.7b,available_train,model_pred,500,1.0,global_90,M-Gen,22,False,"[1, 5, 8, 12, 17, 22]","[21, 22]","[21, 22]",[],18,True,32.57,43.04555555555555,-10.475555555555552,False
evqa-pilot500,smolvlm-1.7b,available_train,model_pred,500,1.0,global_90,T-Loc,22,False,"[1, 5, 8, 12, 17, 22]","[21, 22]","[21, 22]",[],18,True,100.0,100.0,0.0,True
evqa-pilot500,smolvlm-1.7b,available_train,model_pred,500,1.0,global_90,M-Loc,22,False,"[1, 5, 8, 12, 17, 22]","[21, 22]","[21, 22]",[],18,True,67.74000000000001,74.48944444444446,-6.74944444444445,False
evqa-pilot500,smolvlm-1.7b,available_train,model_pred,500,1.0,global_90,Average,22,False,"[1, 5, 8, 12, 17, 22]","[21, 22]","[21, 22]",[],18,True,56.119,63.564,-7.445,False
evqa-pilot500,smolvlm-1.7b,available_train,model_pred,500,1.0,global_95,Rel,22,False,"[1, 5, 8, 12, 17, 22]",[22],[22],[],19,True,42.44,52.385789473684206,-9.945789473684208,False
evqa-pilot500,smolvlm-1.7b,available_train,model_pred,500,1.0,global_95,T-Gen,22,False,"[1, 5, 8, 12, 17, 22]",[22],[22],[],19,True,36.7,46.90315789473684,-10.20315789473684,False
evqa-pilot500,smolvlm-1.7b,available_train,model_pred,500,1.0,global_95,M-Gen,22,False,"[1, 5, 8, 12, 17, 22]",[22],[22],[],19,True,31.77,42.53631578947368,-10.766315789473683,False
evqa-pilot500,smolvlm-1.7b,available_train,model_pred,500,1.0,global_95,T-Loc,22,False,"[1, 5, 8, 12, 17, 22]",[22],[22],[],19,True,100.0,100.0,0.0,True
evqa-pilot500,smolvlm-1.7b,available_train,model_pred,500,1.0,global_95,M-Loc,22,False,"[1, 5, 8, 12, 17, 22]",[22],[22],[],19,True,68.45,74.09684210526316,-5.646842105263161,False
evqa-pilot500,smolvlm-1.7b,available_train,model_pred,500,1.0,global_95,Average,22,False,"[1, 5, 8, 12, 17, 22]",[22],[22],[],19,True,55.872,63.18515789473685,-7.313157894736847,False
evqa-pilot500,smolvlm-1.7b,available_train,model_pred,500,1.0,interior_pm1,Rel,22,False,"[1, 5, 8, 12, 17, 22]","[21, 22, 23]","[21, 22]",[23],18,False,43.175,52.85666666666666,-9.681666666666665,False
evqa-pilot500,smolvlm-1.7b,available_train,model_pred,500,1.0,interior_pm1,T-Gen,22,False,"[1, 5, 8, 12, 17, 22]","[21, 22, 23]","[21, 22]",[23],18,False,37.11,47.42444444444445,-10.314444444444447,False
evqa-pilot500,smolvlm-1.7b,available_train,model_pred,500,1.0,interior_pm1,M-Gen,22,False,"[1, 5, 8, 12, 17, 22]","[21, 22, 23]","[21, 22]",[23],18,False,32.57,43.04555555555555,-10.475555555555552,False
evqa-pilot500,smolvlm-1.7b,available_train,model_pred,500,1.0,interior_pm1,T-Loc,22,False,"[1, 5, 8, 12, 17, 22]","[21, 22, 23]","[21, 22]",[23],18,False,100.0,100.0,0.0,True
evqa-pilot500,smolvlm-1.7b,available_train,model_pred,500,1.0,interior_pm1,M-Loc,22,False,"[1, 5, 8, 12, 17, 22]","[21, 22, 23]","[21, 22]",[23],18,False,67.74000000000001,74.48944444444446,-6.74944444444445,False
evqa-pilot500,smolvlm-1.7b,available_train,model_pred,500,1.0,interior_pm1,Average,22,False,"[1, 5, 8, 12, 17, 22]","[21, 22, 23]","[21, 22]",[23],18,False,56.119,63.564,-7.445,False
mmke-visual,blip2-opt-2.7b,matched_gradient,none,175,0.8177570093457944,global_80,Rel,8,False,"[3, 6, 8, 29]","[2, 3, 4, 5, 6, 7, 8, 9, 10, 11, 12, 13, 14]","[2, 3, 4, 14]","[5, 6, 7, 8, 9, 10, 11, 12, 13]",15,False,51.787499999999994,52.522,-0.7345000000000041,False
mmke-visual,blip2-opt-2.7b,matched_gradient,none,175,0.8177570093457944,global_80,T-Gen,8,False,"[3, 6, 8, 29]","[2, 3, 4, 5, 6, 7, 8, 9, 10, 11, 12, 13, 14]","[2, 3, 4, 14]","[5, 6, 7, 8, 9, 10, 11, 12, 13]",15,False,51.5975,52.44933333333333,-0.8518333333333317,False
mmke-visual,blip2-opt-2.7b,matched_gradient,none,175,0.8177570093457944,global_80,M-Gen,8,False,"[3, 6, 8, 29]","[2, 3, 4, 5, 6, 7, 8, 9, 10, 11, 12, 13, 14]","[2, 3, 4, 14]","[5, 6, 7, 8, 9, 10, 11, 12, 13]",15,False,51.5775,52.36000000000001,-0.782500000000006,False
mmke-visual,blip2-opt-2.7b,matched_gradient,none,175,0.8177570093457944,global_80,T-Loc,8,False,"[3, 6, 8, 29]","[2, 3, 4, 5, 6, 7, 8, 9, 10, 11, 12, 13, 14]","[2, 3, 4, 14]","[5, 6, 7, 8, 9, 10, 11, 12, 13]",15,False,100.0,100.0,0.0,True
mmke-visual,blip2-opt-2.7b,matched_gradient,none,175,0.8177570093457944,global_80,M-Loc,8,False,"[3, 6, 8, 29]","[2, 3, 4, 5, 6, 7, 8, 9, 10, 11, 12, 13, 14]","[2, 3, 4, 14]","[5, 6, 7, 8, 9, 10, 11, 12, 13]",15,False,92.3725,93.64666666666668,-1.274166666666673,False
mmke-visual,blip2-opt-2.7b,matched_gradient,none,175,0.8177570093457944,global_80,Average,8,False,"[3, 6, 8, 29]","[2, 3, 4, 5, 6, 7, 8, 9, 10, 11, 12, 13, 14]","[2, 3, 4, 14]","[5, 6, 7, 8, 9, 10, 11, 12, 13]",15,False,69.467,70.1956,-0.7286000000000001,False
mmke-visual,blip2-opt-2.7b,matched_gradient,none,175,0.8177570093457944,global_90,Rel,8,False,"[3, 6, 8, 29]","[2, 3, 4, 5, 6, 7, 8, 9, 10, 11, 12]","[2, 3, 4]","[5, 6, 7, 8, 9, 10, 11, 12]",16,False,51.94333333333333,52.446875,-0.5035416666666706,False
mmke-visual,blip2-opt-2.7b,matched_gradient,none,175,0.8177570093457944,global_90,T-Gen,8,False,"[3, 6, 8, 29]","[2, 3, 4, 5, 6, 7, 8, 9, 10, 11, 12]","[2, 3, 4]","[5, 6, 7, 8, 9, 10, 11, 12]",16,False,51.76,52.36562500000001,-0.6056250000000105,False
mmke-visual,blip2-opt-2.7b,matched_gradient,none,175,0.8177570093457944,global_90,M-Gen,8,False,"[3, 6, 8, 29]","[2, 3, 4, 5, 6, 7, 8, 9, 10, 11, 12]","[2, 3, 4]","[5, 6, 7, 8, 9, 10, 11, 12]",16,False,51.85,52.26,-0.4099999999999966,False
mmke-visual,blip2-opt-2.7b,matched_gradient,none,175,0.8177570093457944,global_90,T-Loc,8,False,"[3, 6, 8, 29]","[2, 3, 4, 5, 6, 7, 8, 9, 10, 11, 12]","[2, 3, 4]","[5, 6, 7, 8, 9, 10, 11, 12]",16,False,100.0,100.0,0.0,True
mmke-visual,blip2-opt-2.7b,matched_gradient,none,175,0.8177570093457944,global_90,M-Loc,8,False,"[3, 6, 8, 29]","[2, 3, 4, 5, 6, 7, 8, 9, 10, 11, 12]","[2, 3, 4]","[5, 6, 7, 8, 9, 10, 11, 12]",16,False,90.77666666666669,93.86625000000001,-3.089583333333323,False
mmke-visual,blip2-opt-2.7b,matched_gradient,none,175,0.8177570093457944,global_90,Average,8,False,"[3, 6, 8, 29]","[2, 3, 4, 5, 6, 7, 8, 9, 10, 11, 12]","[2, 3, 4]","[5, 6, 7, 8, 9, 10, 11, 12]",16,False,69.266,70.18775000000001,-0.921750000000003,False
mmke-visual,blip2-opt-2.7b,matched_gradient,none,175,0.8177570093457944,global_95,Rel,8,False,"[3, 6, 8, 29]","[2, 3, 4, 5, 6, 7, 8, 9, 10]","[2, 3, 4]","[5, 6, 7, 8, 9, 10]",16,False,51.94333333333333,52.446875,-0.5035416666666706,False
mmke-visual,blip2-opt-2.7b,matched_gradient,none,175,0.8177570093457944,global_95,T-Gen,8,False,"[3, 6, 8, 29]","[2, 3, 4, 5, 6, 7, 8, 9, 10]","[2, 3, 4]","[5, 6, 7, 8, 9, 10]",16,False,51.76,52.36562500000001,-0.6056250000000105,False
mmke-visual,blip2-opt-2.7b,matched_gradient,none,175,0.8177570093457944,global_95,M-Gen,8,False,"[3, 6, 8, 29]","[2, 3, 4, 5, 6, 7, 8, 9, 10]","[2, 3, 4]","[5, 6, 7, 8, 9, 10]",16,False,51.85,52.26,-0.4099999999999966,False
mmke-visual,blip2-opt-2.7b,matched_gradient,none,175,0.8177570093457944,global_95,T-Loc,8,False,"[3, 6, 8, 29]","[2, 3, 4, 5, 6, 7, 8, 9, 10]","[2, 3, 4]","[5, 6, 7, 8, 9, 10]",16,False,100.0,100.0,0.0,True
mmke-visual,blip2-opt-2.7b,matched_gradient,none,175,0.8177570093457944,global_95,M-Loc,8,False,"[3, 6, 8, 29]","[2, 3, 4, 5, 6, 7, 8, 9, 10]","[2, 3, 4]","[5, 6, 7, 8, 9, 10]",16,False,90.77666666666669,93.86625000000001,-3.089583333333323,False
mmke-visual,blip2-opt-2.7b,matched_gradient,none,175,0.8177570093457944,global_95,Average,8,False,"[3, 6, 8, 29]","[2, 3, 4, 5, 6, 7, 8, 9, 10]","[2, 3, 4]","[5, 6, 7, 8, 9, 10]",16,False,69.266,70.18775000000001,-0.921750000000003,False
mmke-visual,blip2-opt-2.7b,matched_gradient,none,175,0.8177570093457944,interior_pm1,Rel,8,False,"[3, 6, 8, 29]","[7, 8, 9]",[],"[7, 8, 9]",19,False,,52.367368421052625,,False
mmke-visual,blip2-opt-2.7b,matched_gradient,none,175,0.8177570093457944,interior_pm1,T-Gen,8,False,"[3, 6, 8, 29]","[7, 8, 9]",[],"[7, 8, 9]",19,False,,52.27,,False
mmke-visual,blip2-opt-2.7b,matched_gradient,none,175,0.8177570093457944,interior_pm1,M-Gen,8,False,"[3, 6, 8, 29]","[7, 8, 9]",[],"[7, 8, 9]",19,False,,52.195263157894736,,False
mmke-visual,blip2-opt-2.7b,matched_gradient,none,175,0.8177570093457944,interior_pm1,T-Loc,8,False,"[3, 6, 8, 29]","[7, 8, 9]",[],"[7, 8, 9]",19,False,,100.0,,False
mmke-visual,blip2-opt-2.7b,matched_gradient,none,175,0.8177570093457944,interior_pm1,M-Loc,8,False,"[3, 6, 8, 29]","[7, 8, 9]",[],"[7, 8, 9]",19,False,,93.37842105263157,,False
mmke-visual,blip2-opt-2.7b,matched_gradient,none,175,0.8177570093457944,interior_pm1,Average,8,False,"[3, 6, 8, 29]","[7, 8, 9]",[],"[7, 8, 9]",19,False,,70.0422105263158,,False
mmke-visual,blip2-opt-2.7b,matched_gradient,alt,175,0.8177570093457944,global_80,Rel,3,False,"[3, 5]","[1, 2, 3, 4, 5, 6, 7, 8, 9, 10, 11, 12, 13]","[1, 2, 3, 4]","[5, 6, 7, 8, 9, 10, 11, 12, 13]",15,False,51.98,52.470666666666666,-0.49066666666666947,False
mmke-visual,blip2-opt-2.7b,matched_gradient,alt,175,0.8177570093457944,global_80,T-Gen,3,False,"[3, 5]","[1, 2, 3, 4, 5, 6, 7, 8, 9, 10, 11, 12, 13]","[1, 2, 3, 4]","[5, 6, 7, 8, 9, 10, 11, 12, 13]",15,False,51.77,52.40333333333333,-0.6333333333333258,False
mmke-visual,blip2-opt-2.7b,matched_gradient,alt,175,0.8177570093457944,global_80,M-Gen,3,False,"[3, 5]","[1, 2, 3, 4, 5, 6, 7, 8, 9, 10, 11, 12, 13]","[1, 2, 3, 4]","[5, 6, 7, 8, 9, 10, 11, 12, 13]",15,False,51.88,52.279333333333334,-0.3993333333333311,False
mmke-visual,blip2-opt-2.7b,matched_gradient,alt,175,0.8177570093457944,global_80,T-Loc,3,False,"[3, 5]","[1, 2, 3, 4, 5, 6, 7, 8, 9, 10, 11, 12, 13]","[1, 2, 3, 4]","[5, 6, 7, 8, 9, 10, 11, 12, 13]",15,False,100.0,100.0,0.0,True
mmke-visual,blip2-opt-2.7b,matched_gradient,alt,175,0.8177570093457944,global_80,M-Loc,3,False,"[3, 5]","[1, 2, 3, 4, 5, 6, 7, 8, 9, 10, 11, 12, 13]","[1, 2, 3, 4]","[5, 6, 7, 8, 9, 10, 11, 12, 13]",15,False,91.23250000000002,93.95066666666666,-2.7181666666666473,False
mmke-visual,blip2-opt-2.7b,matched_gradient,alt,175,0.8177570093457944,global_80,Average,3,False,"[3, 5]","[1, 2, 3, 4, 5, 6, 7, 8, 9, 10, 11, 12, 13]","[1, 2, 3, 4]","[5, 6, 7, 8, 9, 10, 11, 12, 13]",15,False,69.3725,70.2208,-0.8482999999999947,False
mmke-visual,blip2-opt-2.7b,matched_gradient,alt,175,0.8177570093457944,global_90,Rel,3,False,"[3, 5]","[2, 3, 4, 5, 6, 7, 8, 9, 10]","[2, 3, 4]","[5, 6, 7, 8, 9, 10]",16,False,51.94333333333333,52.446875,-0.5035416666666706,False
mmke-visual,blip2-opt-2.7b,matched_gradient,alt,175,0.8177570093457944,global_90,T-Gen,3,False,"[3, 5]","[2, 3, 4, 5, 6, 7, 8, 9, 10]","[2, 3, 4]","[5, 6, 7, 8, 9, 10]",16,False,51.76,52.36562500000001,-0.6056250000000105,False
mmke-visual,blip2-opt-2.7b,matched_gradient,alt,175,0.8177570093457944,global_90,M-Gen,3,False,"[3, 5]","[2, 3, 4, 5, 6, 7, 8, 9, 10]","[2, 3, 4]","[5, 6, 7, 8, 9, 10]",16,False,51.85,52.26,-0.4099999999999966,False
mmke-visual,blip2-opt-2.7b,matched_gradient,alt,175,0.8177570093457944,global_90,T-Loc,3,False,"[3, 5]","[2, 3, 4, 5, 6, 7, 8, 9, 10]","[2, 3, 4]","[5, 6, 7, 8, 9, 10]",16,False,100.0,100.0,0.0,True
mmke-visual,blip2-opt-2.7b,matched_gradient,alt,175,0.8177570093457944,global_90,M-Loc,3,False,"[3, 5]","[2, 3, 4, 5, 6, 7, 8, 9, 10]","[2, 3, 4]","[5, 6, 7, 8, 9, 10]",16,False,90.77666666666669,93.86625000000001,-3.089583333333323,False
mmke-visual,blip2-opt-2.7b,matched_gradient,alt,175,0.8177570093457944,global_90,Average,3,False,"[3, 5]","[2, 3, 4, 5, 6, 7, 8, 9, 10]","[2, 3, 4]","[5, 6, 7, 8, 9, 10]",16,False,69.266,70.18775000000001,-0.921750000000003,False
mmke-visual,blip2-opt-2.7b,matched_gradient,alt,175,0.8177570093457944,global_95,Rel,3,False,"[3, 5]","[2, 3, 4, 5, 6, 7, 8]","[2, 3, 4]","[5, 6, 7, 8]",16,False,51.94333333333333,52.446875,-0.5035416666666706,False
mmke-visual,blip2-opt-2.7b,matched_gradient,alt,175,0.8177570093457944,global_95,T-Gen,3,False,"[3, 5]","[2, 3, 4, 5, 6, 7, 8]","[2, 3, 4]","[5, 6, 7, 8]",16,False,51.76,52.36562500000001,-0.6056250000000105,False
mmke-visual,blip2-opt-2.7b,matched_gradient,alt,175,0.8177570093457944,global_95,M-Gen,3,False,"[3, 5]","[2, 3, 4, 5, 6, 7, 8]","[2, 3, 4]","[5, 6, 7, 8]",16,False,51.85,52.26,-0.4099999999999966,False
mmke-visual,blip2-opt-2.7b,matched_gradient,alt,175,0.8177570093457944,global_95,T-Loc,3,False,"[3, 5]","[2, 3, 4, 5, 6, 7, 8]","[2, 3, 4]","[5, 6, 7, 8]",16,False,100.0,100.0,0.0,True
mmke-visual,blip2-opt-2.7b,matched_gradient,alt,175,0.8177570093457944,global_95,M-Loc,3,False,"[3, 5]","[2, 3, 4, 5, 6, 7, 8]","[2, 3, 4]","[5, 6, 7, 8]",16,False,90.77666666666669,93.86625000000001,-3.089583333333323,False
mmke-visual,blip2-opt-2.7b,matched_gradient,alt,175,0.8177570093457944,global_95,Average,3,False,"[3, 5]","[2, 3, 4, 5, 6, 7, 8]","[2, 3, 4]","[5, 6, 7, 8]",16,False,69.266,70.18775000000001,-0.921750000000003,False
mmke-visual,blip2-opt-2.7b,matched_gradient,alt,175,0.8177570093457944,interior_pm1,Rel,3,False,"[3, 5]","[2, 3, 4]","[2, 3, 4]",[],16,True,51.94333333333333,52.446875,-0.5035416666666706,False
mmke-visual,blip2-opt-2.7b,matched_gradient,alt,175,0.8177570093457944,interior_pm1,T-Gen,3,False,"[3, 5]","[2, 3, 4]","[2, 3, 4]",[],16,True,51.76,52.36562500000001,-0.6056250000000105,False
mmke-visual,blip2-opt-2.7b,matched_gradient,alt,175,0.8177570093457944,interior_pm1,M-Gen,3,False,"[3, 5]","[2, 3, 4]","[2, 3, 4]",[],16,True,51.85,52.26,-0.4099999999999966,False
mmke-visual,blip2-opt-2.7b,matched_gradient,alt,175,0.8177570093457944,interior_pm1,T-Loc,3,False,"[3, 5]","[2, 3, 4]","[2, 3, 4]",[],16,True,100.0,100.0,0.0,True
mmke-visual,blip2-opt-2.7b,matched_gradient,alt,175,0.8177570093457944,interior_pm1,M-Loc,3,False,"[3, 5]","[2, 3, 4]","[2, 3, 4]",[],16,True,90.77666666666669,93.86625000000001,-3.089583333333323,False
mmke-visual,blip2-opt-2.7b,matched_gradient,alt,175,0.8177570093457944,interior_pm1,Average,3,False,"[3, 5]","[2, 3, 4]","[2, 3, 4]",[],16,True,69.266,70.18775000000001,-0.921750000000003,False
mmke-visual,blip2-opt-2.7b,matched_gradient,model_pred,175,0.8177570093457944,global_80,Rel,5,False,"[3, 5, 29]","[1, 2, 3, 4, 5, 6, 7, 8, 9, 10, 11, 12, 13, 14]","[1, 2, 3, 4, 14]","[5, 6, 7, 8, 9, 10, 11, 12, 13]",14,False,51.848,52.55285714285714,-0.7048571428571435,False
mmke-visual,blip2-opt-2.7b,matched_gradient,model_pred,175,0.8177570093457944,global_80,T-Gen,5,False,"[3, 5, 29]","[1, 2, 3, 4, 5, 6, 7, 8, 9, 10, 11, 12, 13, 14]","[1, 2, 3, 4, 14]","[5, 6, 7, 8, 9, 10, 11, 12, 13]",14,False,51.638,52.49571428571428,-0.8577142857142803,False
mmke-visual,blip2-opt-2.7b,matched_gradient,model_pred,175,0.8177570093457944,global_80,M-Gen,5,False,"[3, 5, 29]","[1, 2, 3, 4, 5, 6, 7, 8, 9, 10, 11, 12, 13, 14]","[1, 2, 3, 4, 14]","[5, 6, 7, 8, 9, 10, 11, 12, 13]",14,False,51.656000000000006,52.38785714285715,-0.7318571428571445,False
mmke-visual,blip2-opt-2.7b,matched_gradient,model_pred,175,0.8177570093457944,global_80,T-Loc,5,False,"[3, 5, 29]","[1, 2, 3, 4, 5, 6, 7, 8, 9, 10, 11, 12, 13, 14]","[1, 2, 3, 4, 14]","[5, 6, 7, 8, 9, 10, 11, 12, 13]",14,False,100.0,100.0,0.0,True
mmke-visual,blip2-opt-2.7b,matched_gradient,model_pred,175,0.8177570093457944,global_80,M-Loc,5,False,"[3, 5, 29]","[1, 2, 3, 4, 5, 6, 7, 8, 9, 10, 11, 12, 13, 14]","[1, 2, 3, 4, 14]","[5, 6, 7, 8, 9, 10, 11, 12, 13]",14,False,92.418,93.72142857142856,-1.3034285714285545,False
mmke-visual,blip2-opt-2.7b,matched_gradient,model_pred,175,0.8177570093457944,global_80,Average,5,False,"[3, 5, 29]","[1, 2, 3, 4, 5, 6, 7, 8, 9, 10, 11, 12, 13, 14]","[1, 2, 3, 4, 14]","[5, 6, 7, 8, 9, 10, 11, 12, 13]",14,False,69.512,70.23157142857141,-0.7195714285714132,False
mmke-visual,blip2-opt-2.7b,matched_gradient,model_pred,175,0.8177570093457944,global_90,Rel,5,False,"[3, 5, 29]","[2, 3, 4, 5, 6, 7, 8, 9, 10, 11, 12]","[2, 3, 4]","[5, 6, 7, 8, 9, 10, 11, 12]",16,False,51.94333333333333,52.446875,-0.5035416666666706,False
mmke-visual,blip2-opt-2.7b,matched_gradient,model_pred,175,0.8177570093457944,global_90,T-Gen,5,False,"[3, 5, 29]","[2, 3, 4, 5, 6, 7, 8, 9, 10, 11, 12]","[2, 3, 4]","[5, 6, 7, 8, 9, 10, 11, 12]",16,False,51.76,52.36562500000001,-0.6056250000000105,False
mmke-visual,blip2-opt-2.7b,matched_gradient,model_pred,175,0.8177570093457944,global_90,M-Gen,5,False,"[3, 5, 29]","[2, 3, 4, 5, 6, 7, 8, 9, 10, 11, 12]","[2, 3, 4]","[5, 6, 7, 8, 9, 10, 11, 12]",16,False,51.85,52.26,-0.4099999999999966,False
mmke-visual,blip2-opt-2.7b,matched_gradient,model_pred,175,0.8177570093457944,global_90,T-Loc,5,False,"[3, 5, 29]","[2, 3, 4, 5, 6, 7, 8, 9, 10, 11, 12]","[2, 3, 4]","[5, 6, 7, 8, 9, 10, 11, 12]",16,False,100.0,100.0,0.0,True
mmke-visual,blip2-opt-2.7b,matched_gradient,model_pred,175,0.8177570093457944,global_90,M-Loc,5,False,"[3, 5, 29]","[2, 3, 4, 5, 6, 7, 8, 9, 10, 11, 12]","[2, 3, 4]","[5, 6, 7, 8, 9, 10, 11, 12]",16,False,90.77666666666669,93.86625000000001,-3.089583333333323,False
mmke-visual,blip2-opt-2.7b,matched_gradient,model_pred,175,0.8177570093457944,global_90,Average,5,False,"[3, 5, 29]","[2, 3, 4, 5, 6, 7, 8, 9, 10, 11, 12]","[2, 3, 4]","[5, 6, 7, 8, 9, 10, 11, 12]",16,False,69.266,70.18775000000001,-0.921750000000003,False
mmke-visual,blip2-opt-2.7b,matched_gradient,model_pred,175,0.8177570093457944,global_95,Rel,5,False,"[3, 5, 29]","[2, 3, 4, 5, 6, 7, 8, 9, 10]","[2, 3, 4]","[5, 6, 7, 8, 9, 10]",16,False,51.94333333333333,52.446875,-0.5035416666666706,False
mmke-visual,blip2-opt-2.7b,matched_gradient,model_pred,175,0.8177570093457944,global_95,T-Gen,5,False,"[3, 5, 29]","[2, 3, 4, 5, 6, 7, 8, 9, 10]","[2, 3, 4]","[5, 6, 7, 8, 9, 10]",16,False,51.76,52.36562500000001,-0.6056250000000105,False
mmke-visual,blip2-opt-2.7b,matched_gradient,model_pred,175,0.8177570093457944,global_95,M-Gen,5,False,"[3, 5, 29]","[2, 3, 4, 5, 6, 7, 8, 9, 10]","[2, 3, 4]","[5, 6, 7, 8, 9, 10]",16,False,51.85,52.26,-0.4099999999999966,False
mmke-visual,blip2-opt-2.7b,matched_gradient,model_pred,175,0.8177570093457944,global_95,T-Loc,5,False,"[3, 5, 29]","[2, 3, 4, 5, 6, 7, 8, 9, 10]","[2, 3, 4]","[5, 6, 7, 8, 9, 10]",16,False,100.0,100.0,0.0,True
mmke-visual,blip2-opt-2.7b,matched_gradient,model_pred,175,0.8177570093457944,global_95,M-Loc,5,False,"[3, 5, 29]","[2, 3, 4, 5, 6, 7, 8, 9, 10]","[2, 3, 4]","[5, 6, 7, 8, 9, 10]",16,False,90.77666666666669,93.86625000000001,-3.089583333333323,False
mmke-visual,blip2-opt-2.7b,matched_gradient,model_pred,175,0.8177570093457944,global_95,Average,5,False,"[3, 5, 29]","[2, 3, 4, 5, 6, 7, 8, 9, 10]","[2, 3, 4]","[5, 6, 7, 8, 9, 10]",16,False,69.266,70.18775000000001,-0.921750000000003,False
mmke-visual,blip2-opt-2.7b,matched_gradient,model_pred,175,0.8177570093457944,interior_pm1,Rel,5,False,"[3, 5, 29]","[4, 5, 6]",[4],"[5, 6]",18,False,51.78,52.400000000000006,-0.6200000000000045,False
mmke-visual,blip2-opt-2.7b,matched_gradient,model_pred,175,0.8177570093457944,interior_pm1,T-Gen,5,False,"[3, 5, 29]","[4, 5, 6]",[4],"[5, 6]",18,False,51.72,52.300555555555555,-0.5805555555555557,False
mmke-visual,blip2-opt-2.7b,matched_gradient,model_pred,175,0.8177570093457944,interior_pm1,M-Gen,5,False,"[3, 5, 29]","[4, 5, 6]",[4],"[5, 6]",18,False,51.6,52.22833333333334,-0.6283333333333374,False
mmke-visual,blip2-opt-2.7b,matched_gradient,model_pred,175,0.8177570093457944,interior_pm1,T-Loc,5,False,"[3, 5, 29]","[4, 5, 6]",[4],"[5, 6]",18,False,100.0,100.0,0.0,True
mmke-visual,blip2-opt-2.7b,matched_gradient,model_pred,175,0.8177570093457944,interior_pm1,M-Loc,5,False,"[3, 5, 29]","[4, 5, 6]",[4],"[5, 6]",18,False,90.85,93.51888888888888,-2.668888888888887,False
mmke-visual,blip2-opt-2.7b,matched_gradient,model_pred,175,0.8177570093457944,interior_pm1,Average,5,False,"[3, 5, 29]","[4, 5, 6]",[4],"[5, 6]",18,False,69.19,70.08955555555556,-0.8995555555555654,False
mmke-visual,blip2-opt-2.7b,available_train,none,214,1.0,global_80,Rel,8,False,"[3, 8, 25, 29]","[2, 3, 4, 5, 6, 7, 8, 9, 10, 11, 12, 13, 14]","[2, 3, 4, 14]","[5, 6, 7, 8, 9, 10, 11, 12, 13]",15,False,51.787499999999994,52.522,-0.7345000000000041,False
mmke-visual,blip2-opt-2.7b,available_train,none,214,1.0,global_80,T-Gen,8,False,"[3, 8, 25, 29]","[2, 3, 4, 5, 6, 7, 8, 9, 10, 11, 12, 13, 14]","[2, 3, 4, 14]","[5, 6, 7, 8, 9, 10, 11, 12, 13]",15,False,51.5975,52.44933333333333,-0.8518333333333317,False
mmke-visual,blip2-opt-2.7b,available_train,none,214,1.0,global_80,M-Gen,8,False,"[3, 8, 25, 29]","[2, 3, 4, 5, 6, 7, 8, 9, 10, 11, 12, 13, 14]","[2, 3, 4, 14]","[5, 6, 7, 8, 9, 10, 11, 12, 13]",15,False,51.5775,52.36000000000001,-0.782500000000006,False
mmke-visual,blip2-opt-2.7b,available_train,none,214,1.0,global_80,T-Loc,8,False,"[3, 8, 25, 29]","[2, 3, 4, 5, 6, 7, 8, 9, 10, 11, 12, 13, 14]","[2, 3, 4, 14]","[5, 6, 7, 8, 9, 10, 11, 12, 13]",15,False,100.0,100.0,0.0,True
mmke-visual,blip2-opt-2.7b,available_train,none,214,1.0,global_80,M-Loc,8,False,"[3, 8, 25, 29]","[2, 3, 4, 5, 6, 7, 8, 9, 10, 11, 12, 13, 14]","[2, 3, 4, 14]","[5, 6, 7, 8, 9, 10, 11, 12, 13]",15,False,92.3725,93.64666666666668,-1.274166666666673,False
mmke-visual,blip2-opt-2.7b,available_train,none,214,1.0,global_80,Average,8,False,"[3, 8, 25, 29]","[2, 3, 4, 5, 6, 7, 8, 9, 10, 11, 12, 13, 14]","[2, 3, 4, 14]","[5, 6, 7, 8, 9, 10, 11, 12, 13]",15,False,69.467,70.1956,-0.7286000000000001,False
mmke-visual,blip2-opt-2.7b,available_train,none,214,1.0,global_90,Rel,8,False,"[3, 8, 25, 29]","[2, 3, 4, 5, 6, 7, 8, 9, 10, 11, 12]","[2, 3, 4]","[5, 6, 7, 8, 9, 10, 11, 12]",16,False,51.94333333333333,52.446875,-0.5035416666666706,False
mmke-visual,blip2-opt-2.7b,available_train,none,214,1.0,global_90,T-Gen,8,False,"[3, 8, 25, 29]","[2, 3, 4, 5, 6, 7, 8, 9, 10, 11, 12]","[2, 3, 4]","[5, 6, 7, 8, 9, 10, 11, 12]",16,False,51.76,52.36562500000001,-0.6056250000000105,False
mmke-visual,blip2-opt-2.7b,available_train,none,214,1.0,global_90,M-Gen,8,False,"[3, 8, 25, 29]","[2, 3, 4, 5, 6, 7, 8, 9, 10, 11, 12]","[2, 3, 4]","[5, 6, 7, 8, 9, 10, 11, 12]",16,False,51.85,52.26,-0.4099999999999966,False
mmke-visual,blip2-opt-2.7b,available_train,none,214,1.0,global_90,T-Loc,8,False,"[3, 8, 25, 29]","[2, 3, 4, 5, 6, 7, 8, 9, 10, 11, 12]","[2, 3, 4]","[5, 6, 7, 8, 9, 10, 11, 12]",16,False,100.0,100.0,0.0,True
mmke-visual,blip2-opt-2.7b,available_train,none,214,1.0,global_90,M-Loc,8,False,"[3, 8, 25, 29]","[2, 3, 4, 5, 6, 7, 8, 9, 10, 11, 12]","[2, 3, 4]","[5, 6, 7, 8, 9, 10, 11, 12]",16,False,90.77666666666669,93.86625000000001,-3.089583333333323,False
mmke-visual,blip2-opt-2.7b,available_train,none,214,1.0,global_90,Average,8,False,"[3, 8, 25, 29]","[2, 3, 4, 5, 6, 7, 8, 9, 10, 11, 12]","[2, 3, 4]","[5, 6, 7, 8, 9, 10, 11, 12]",16,False,69.266,70.18775000000001,-0.921750000000003,False
mmke-visual,blip2-opt-2.7b,available_train,none,214,1.0,global_95,Rel,8,False,"[3, 8, 25, 29]","[2, 3, 4, 5, 6, 7, 8, 9, 10]","[2, 3, 4]","[5, 6, 7, 8, 9, 10]",16,False,51.94333333333333,52.446875,-0.5035416666666706,False
mmke-visual,blip2-opt-2.7b,available_train,none,214,1.0,global_95,T-Gen,8,False,"[3, 8, 25, 29]","[2, 3, 4, 5, 6, 7, 8, 9, 10]","[2, 3, 4]","[5, 6, 7, 8, 9, 10]",16,False,51.76,52.36562500000001,-0.6056250000000105,False
mmke-visual,blip2-opt-2.7b,available_train,none,214,1.0,global_95,M-Gen,8,False,"[3, 8, 25, 29]","[2, 3, 4, 5, 6, 7, 8, 9, 10]","[2, 3, 4]","[5, 6, 7, 8, 9, 10]",16,False,51.85,52.26,-0.4099999999999966,False
mmke-visual,blip2-opt-2.7b,available_train,none,214,1.0,global_95,T-Loc,8,False,"[3, 8, 25, 29]","[2, 3, 4, 5, 6, 7, 8, 9, 10]","[2, 3, 4]","[5, 6, 7, 8, 9, 10]",16,False,100.0,100.0,0.0,True
mmke-visual,blip2-opt-2.7b,available_train,none,214,1.0,global_95,M-Loc,8,False,"[3, 8, 25, 29]","[2, 3, 4, 5, 6, 7, 8, 9, 10]","[2, 3, 4]","[5, 6, 7, 8, 9, 10]",16,False,90.77666666666669,93.86625000000001,-3.089583333333323,False
mmke-visual,blip2-opt-2.7b,available_train,none,214,1.0,global_95,Average,8,False,"[3, 8, 25, 29]","[2, 3, 4, 5, 6, 7, 8, 9, 10]","[2, 3, 4]","[5, 6, 7, 8, 9, 10]",16,False,69.266,70.18775000000001,-0.921750000000003,False
mmke-visual,blip2-opt-2.7b,available_train,none,214,1.0,interior_pm1,Rel,8,False,"[3, 8, 25, 29]","[7, 8, 9]",[],"[7, 8, 9]",19,False,,52.367368421052625,,False
mmke-visual,blip2-opt-2.7b,available_train,none,214,1.0,interior_pm1,T-Gen,8,False,"[3, 8, 25, 29]","[7, 8, 9]",[],"[7, 8, 9]",19,False,,52.27,,False
mmke-visual,blip2-opt-2.7b,available_train,none,214,1.0,interior_pm1,M-Gen,8,False,"[3, 8, 25, 29]","[7, 8, 9]",[],"[7, 8, 9]",19,False,,52.195263157894736,,False
mmke-visual,blip2-opt-2.7b,available_train,none,214,1.0,interior_pm1,T-Loc,8,False,"[3, 8, 25, 29]","[7, 8, 9]",[],"[7, 8, 9]",19,False,,100.0,,False
mmke-visual,blip2-opt-2.7b,available_train,none,214,1.0,interior_pm1,M-Loc,8,False,"[3, 8, 25, 29]","[7, 8, 9]",[],"[7, 8, 9]",19,False,,93.37842105263157,,False
mmke-visual,blip2-opt-2.7b,available_train,none,214,1.0,interior_pm1,Average,8,False,"[3, 8, 25, 29]","[7, 8, 9]",[],"[7, 8, 9]",19,False,,70.0422105263158,,False
mmke-visual,blip2-opt-2.7b,available_train,alt,214,1.0,global_80,Rel,3,False,"[3, 5]","[1, 2, 3, 4, 5, 6, 7, 8, 9, 10, 11, 12, 13]","[1, 2, 3, 4]","[5, 6, 7, 8, 9, 10, 11, 12, 13]",15,False,51.98,52.470666666666666,-0.49066666666666947,False
mmke-visual,blip2-opt-2.7b,available_train,alt,214,1.0,global_80,T-Gen,3,False,"[3, 5]","[1, 2, 3, 4, 5, 6, 7, 8, 9, 10, 11, 12, 13]","[1, 2, 3, 4]","[5, 6, 7, 8, 9, 10, 11, 12, 13]",15,False,51.77,52.40333333333333,-0.6333333333333258,False
mmke-visual,blip2-opt-2.7b,available_train,alt,214,1.0,global_80,M-Gen,3,False,"[3, 5]","[1, 2, 3, 4, 5, 6, 7, 8, 9, 10, 11, 12, 13]","[1, 2, 3, 4]","[5, 6, 7, 8, 9, 10, 11, 12, 13]",15,False,51.88,52.279333333333334,-0.3993333333333311,False
mmke-visual,blip2-opt-2.7b,available_train,alt,214,1.0,global_80,T-Loc,3,False,"[3, 5]","[1, 2, 3, 4, 5, 6, 7, 8, 9, 10, 11, 12, 13]","[1, 2, 3, 4]","[5, 6, 7, 8, 9, 10, 11, 12, 13]",15,False,100.0,100.0,0.0,True
mmke-visual,blip2-opt-2.7b,available_train,alt,214,1.0,global_80,M-Loc,3,False,"[3, 5]","[1, 2, 3, 4, 5, 6, 7, 8, 9, 10, 11, 12, 13]","[1, 2, 3, 4]","[5, 6, 7, 8, 9, 10, 11, 12, 13]",15,False,91.23250000000002,93.95066666666666,-2.7181666666666473,False
mmke-visual,blip2-opt-2.7b,available_train,alt,214,1.0,global_80,Average,3,False,"[3, 5]","[1, 2, 3, 4, 5, 6, 7, 8, 9, 10, 11, 12, 13]","[1, 2, 3, 4]","[5, 6, 7, 8, 9, 10, 11, 12, 13]",15,False,69.3725,70.2208,-0.8482999999999947,False
mmke-visual,blip2-opt-2.7b,available_train,alt,214,1.0,global_90,Rel,3,False,"[3, 5]","[2, 3, 4, 5, 6, 7, 8, 9, 10]","[2, 3, 4]","[5, 6, 7, 8, 9, 10]",16,False,51.94333333333333,52.446875,-0.5035416666666706,False
mmke-visual,blip2-opt-2.7b,available_train,alt,214,1.0,global_90,T-Gen,3,False,"[3, 5]","[2, 3, 4, 5, 6, 7, 8, 9, 10]","[2, 3, 4]","[5, 6, 7, 8, 9, 10]",16,False,51.76,52.36562500000001,-0.6056250000000105,False
mmke-visual,blip2-opt-2.7b,available_train,alt,214,1.0,global_90,M-Gen,3,False,"[3, 5]","[2, 3, 4, 5, 6, 7, 8, 9, 10]","[2, 3, 4]","[5, 6, 7, 8, 9, 10]",16,False,51.85,52.26,-0.4099999999999966,False
mmke-visual,blip2-opt-2.7b,available_train,alt,214,1.0,global_90,T-Loc,3,False,"[3, 5]","[2, 3, 4, 5, 6, 7, 8, 9, 10]","[2, 3, 4]","[5, 6, 7, 8, 9, 10]",16,False,100.0,100.0,0.0,True
mmke-visual,blip2-opt-2.7b,available_train,alt,214,1.0,global_90,M-Loc,3,False,"[3, 5]","[2, 3, 4, 5, 6, 7, 8, 9, 10]","[2, 3, 4]","[5, 6, 7, 8, 9, 10]",16,False,90.77666666666669,93.86625000000001,-3.089583333333323,False
mmke-visual,blip2-opt-2.7b,available_train,alt,214,1.0,global_90,Average,3,False,"[3, 5]","[2, 3, 4, 5, 6, 7, 8, 9, 10]","[2, 3, 4]","[5, 6, 7, 8, 9, 10]",16,False,69.266,70.18775000000001,-0.921750000000003,False
mmke-visual,blip2-opt-2.7b,available_train,alt,214,1.0,global_95,Rel,3,False,"[3, 5]","[2, 3, 4, 5, 6, 7, 8]","[2, 3, 4]","[5, 6, 7, 8]",16,False,51.94333333333333,52.446875,-0.5035416666666706,False
mmke-visual,blip2-opt-2.7b,available_train,alt,214,1.0,global_95,T-Gen,3,False,"[3, 5]","[2, 3, 4, 5, 6, 7, 8]","[2, 3, 4]","[5, 6, 7, 8]",16,False,51.76,52.36562500000001,-0.6056250000000105,False
mmke-visual,blip2-opt-2.7b,available_train,alt,214,1.0,global_95,M-Gen,3,False,"[3, 5]","[2, 3, 4, 5, 6, 7, 8]","[2, 3, 4]","[5, 6, 7, 8]",16,False,51.85,52.26,-0.4099999999999966,False
mmke-visual,blip2-opt-2.7b,available_train,alt,214,1.0,global_95,T-Loc,3,False,"[3, 5]","[2, 3, 4, 5, 6, 7, 8]","[2, 3, 4]","[5, 6, 7, 8]",16,False,100.0,100.0,0.0,True
mmke-visual,blip2-opt-2.7b,available_train,alt,214,1.0,global_95,M-Loc,3,False,"[3, 5]","[2, 3, 4, 5, 6, 7, 8]","[2, 3, 4]","[5, 6, 7, 8]",16,False,90.77666666666669,93.86625000000001,-3.089583333333323,False
mmke-visual,blip2-opt-2.7b,available_train,alt,214,1.0,global_95,Average,3,False,"[3, 5]","[2, 3, 4, 5, 6, 7, 8]","[2, 3, 4]","[5, 6, 7, 8]",16,False,69.266,70.18775000000001,-0.921750000000003,False
mmke-visual,blip2-opt-2.7b,available_train,alt,214,1.0,interior_pm1,Rel,3,False,"[3, 5]","[2, 3, 4]","[2, 3, 4]",[],16,True,51.94333333333333,52.446875,-0.5035416666666706,False
mmke-visual,blip2-opt-2.7b,available_train,alt,214,1.0,interior_pm1,T-Gen,3,False,"[3, 5]","[2, 3, 4]","[2, 3, 4]",[],16,True,51.76,52.36562500000001,-0.6056250000000105,False
mmke-visual,blip2-opt-2.7b,available_train,alt,214,1.0,interior_pm1,M-Gen,3,False,"[3, 5]","[2, 3, 4]","[2, 3, 4]",[],16,True,51.85,52.26,-0.4099999999999966,False
mmke-visual,blip2-opt-2.7b,available_train,alt,214,1.0,interior_pm1,T-Loc,3,False,"[3, 5]","[2, 3, 4]","[2, 3, 4]",[],16,True,100.0,100.0,0.0,True
mmke-visual,blip2-opt-2.7b,available_train,alt,214,1.0,interior_pm1,M-Loc,3,False,"[3, 5]","[2, 3, 4]","[2, 3, 4]",[],16,True,90.77666666666669,93.86625000000001,-3.089583333333323,False
mmke-visual,blip2-opt-2.7b,available_train,alt,214,1.0,interior_pm1,Average,3,False,"[3, 5]","[2, 3, 4]","[2, 3, 4]",[],16,True,69.266,70.18775000000001,-0.921750000000003,False
mmke-visual,blip2-opt-2.7b,available_train,model_pred,175,0.8177570093457944,global_80,Rel,5,False,"[3, 5, 29]","[1, 2, 3, 4, 5, 6, 7, 8, 9, 10, 11, 12, 13, 14]","[1, 2, 3, 4, 14]","[5, 6, 7, 8, 9, 10, 11, 12, 13]",14,False,51.848,52.55285714285714,-0.7048571428571435,False
mmke-visual,blip2-opt-2.7b,available_train,model_pred,175,0.8177570093457944,global_80,T-Gen,5,False,"[3, 5, 29]","[1, 2, 3, 4, 5, 6, 7, 8, 9, 10, 11, 12, 13, 14]","[1, 2, 3, 4, 14]","[5, 6, 7, 8, 9, 10, 11, 12, 13]",14,False,51.638,52.49571428571428,-0.8577142857142803,False
mmke-visual,blip2-opt-2.7b,available_train,model_pred,175,0.8177570093457944,global_80,M-Gen,5,False,"[3, 5, 29]","[1, 2, 3, 4, 5, 6, 7, 8, 9, 10, 11, 12, 13, 14]","[1, 2, 3, 4, 14]","[5, 6, 7, 8, 9, 10, 11, 12, 13]",14,False,51.656000000000006,52.38785714285715,-0.7318571428571445,False
mmke-visual,blip2-opt-2.7b,available_train,model_pred,175,0.8177570093457944,global_80,T-Loc,5,False,"[3, 5, 29]","[1, 2, 3, 4, 5, 6, 7, 8, 9, 10, 11, 12, 13, 14]","[1, 2, 3, 4, 14]","[5, 6, 7, 8, 9, 10, 11, 12, 13]",14,False,100.0,100.0,0.0,True
mmke-visual,blip2-opt-2.7b,available_train,model_pred,175,0.8177570093457944,global_80,M-Loc,5,False,"[3, 5, 29]","[1, 2, 3, 4, 5, 6, 7, 8, 9, 10, 11, 12, 13, 14]","[1, 2, 3, 4, 14]","[5, 6, 7, 8, 9, 10, 11, 12, 13]",14,False,92.418,93.72142857142856,-1.3034285714285545,False
mmke-visual,blip2-opt-2.7b,available_train,model_pred,175,0.8177570093457944,global_80,Average,5,False,"[3, 5, 29]","[1, 2, 3, 4, 5, 6, 7, 8, 9, 10, 11, 12, 13, 14]","[1, 2, 3, 4, 14]","[5, 6, 7, 8, 9, 10, 11, 12, 13]",14,False,69.512,70.23157142857141,-0.7195714285714132,False
mmke-visual,blip2-opt-2.7b,available_train,model_pred,175,0.8177570093457944,global_90,Rel,5,False,"[3, 5, 29]","[2, 3, 4, 5, 6, 7, 8, 9, 10, 11, 12]","[2, 3, 4]","[5, 6, 7, 8, 9, 10, 11, 12]",16,False,51.94333333333333,52.446875,-0.5035416666666706,False
mmke-visual,blip2-opt-2.7b,available_train,model_pred,175,0.8177570093457944,global_90,T-Gen,5,False,"[3, 5, 29]","[2, 3, 4, 5, 6, 7, 8, 9, 10, 11, 12]","[2, 3, 4]","[5, 6, 7, 8, 9, 10, 11, 12]",16,False,51.76,52.36562500000001,-0.6056250000000105,False
mmke-visual,blip2-opt-2.7b,available_train,model_pred,175,0.8177570093457944,global_90,M-Gen,5,False,"[3, 5, 29]","[2, 3, 4, 5, 6, 7, 8, 9, 10, 11, 12]","[2, 3, 4]","[5, 6, 7, 8, 9, 10, 11, 12]",16,False,51.85,52.26,-0.4099999999999966,False
mmke-visual,blip2-opt-2.7b,available_train,model_pred,175,0.8177570093457944,global_90,T-Loc,5,False,"[3, 5, 29]","[2, 3, 4, 5, 6, 7, 8, 9, 10, 11, 12]","[2, 3, 4]","[5, 6, 7, 8, 9, 10, 11, 12]",16,False,100.0,100.0,0.0,True
mmke-visual,blip2-opt-2.7b,available_train,model_pred,175,0.8177570093457944,global_90,M-Loc,5,False,"[3, 5, 29]","[2, 3, 4, 5, 6, 7, 8, 9, 10, 11, 12]","[2, 3, 4]","[5, 6, 7, 8, 9, 10, 11, 12]",16,False,90.77666666666669,93.86625000000001,-3.089583333333323,False
mmke-visual,blip2-opt-2.7b,available_train,model_pred,175,0.8177570093457944,global_90,Average,5,False,"[3, 5, 29]","[2, 3, 4, 5, 6, 7, 8, 9, 10, 11, 12]","[2, 3, 4]","[5, 6, 7, 8, 9, 10, 11, 12]",16,False,69.266,70.18775000000001,-0.921750000000003,False
mmke-visual,blip2-opt-2.7b,available_train,model_pred,175,0.8177570093457944,global_95,Rel,5,False,"[3, 5, 29]","[2, 3, 4, 5, 6, 7, 8, 9, 10]","[2, 3, 4]","[5, 6, 7, 8, 9, 10]",16,False,51.94333333333333,52.446875,-0.5035416666666706,False
mmke-visual,blip2-opt-2.7b,available_train,model_pred,175,0.8177570093457944,global_95,T-Gen,5,False,"[3, 5, 29]","[2, 3, 4, 5, 6, 7, 8, 9, 10]","[2, 3, 4]","[5, 6, 7, 8, 9, 10]",16,False,51.76,52.36562500000001,-0.6056250000000105,False
mmke-visual,blip2-opt-2.7b,available_train,model_pred,175,0.8177570093457944,global_95,M-Gen,5,False,"[3, 5, 29]","[2, 3, 4, 5, 6, 7, 8, 9, 10]","[2, 3, 4]","[5, 6, 7, 8, 9, 10]",16,False,51.85,52.26,-0.4099999999999966,False
mmke-visual,blip2-opt-2.7b,available_train,model_pred,175,0.8177570093457944,global_95,T-Loc,5,False,"[3, 5, 29]","[2, 3, 4, 5, 6, 7, 8, 9, 10]","[2, 3, 4]","[5, 6, 7, 8, 9, 10]",16,False,100.0,100.0,0.0,True
mmke-visual,blip2-opt-2.7b,available_train,model_pred,175,0.8177570093457944,global_95,M-Loc,5,False,"[3, 5, 29]","[2, 3, 4, 5, 6, 7, 8, 9, 10]","[2, 3, 4]","[5, 6, 7, 8, 9, 10]",16,False,90.77666666666669,93.86625000000001,-3.089583333333323,False
mmke-visual,blip2-opt-2.7b,available_train,model_pred,175,0.8177570093457944,global_95,Average,5,False,"[3, 5, 29]","[2, 3, 4, 5, 6, 7, 8, 9, 10]","[2, 3, 4]","[5, 6, 7, 8, 9, 10]",16,False,69.266,70.18775000000001,-0.921750000000003,False
mmke-visual,blip2-opt-2.7b,available_train,model_pred,175,0.8177570093457944,interior_pm1,Rel,5,False,"[3, 5, 29]","[4, 5, 6]",[4],"[5, 6]",18,False,51.78,52.400000000000006,-0.6200000000000045,False
mmke-visual,blip2-opt-2.7b,available_train,model_pred,175,0.8177570093457944,interior_pm1,T-Gen,5,False,"[3, 5, 29]","[4, 5, 6]",[4],"[5, 6]",18,False,51.72,52.300555555555555,-0.5805555555555557,False
mmke-visual,blip2-opt-2.7b,available_train,model_pred,175,0.8177570093457944,interior_pm1,M-Gen,5,False,"[3, 5, 29]","[4, 5, 6]",[4],"[5, 6]",18,False,51.6,52.22833333333334,-0.6283333333333374,False
mmke-visual,blip2-opt-2.7b,available_train,model_pred,175,0.8177570093457944,interior_pm1,T-Loc,5,False,"[3, 5, 29]","[4, 5, 6]",[4],"[5, 6]",18,False,100.0,100.0,0.0,True
mmke-visual,blip2-opt-2.7b,available_train,model_pred,175,0.8177570093457944,interior_pm1,M-Loc,5,False,"[3, 5, 29]","[4, 5, 6]",[4],"[5, 6]",18,False,90.85,93.51888888888888,-2.668888888888887,False
mmke-visual,blip2-opt-2.7b,available_train,model_pred,175,0.8177570093457944,interior_pm1,Average,5,False,"[3, 5, 29]","[4, 5, 6]",[4],"[5, 6]",18,False,69.19,70.08955555555556,-0.8995555555555654,False
mmke-visual,instructblip-vicuna-7b,matched_gradient,none,214,1.0,global_80,Rel,4,False,"[4, 8, 10, 14, 22]","[2, 3, 4, 5, 6, 7, 8, 9, 10, 11, 12, 13, 14, 15, 16, 17, 18, 19, 20, 21, 22, 23, 24, 25, 26, 27, 28, 29]","[2, 3, 4, 5, 14, 15, 16, 17, 18, 19, 20, 22, 23, 24, 25, 26, 27, 28]","[6, 7, 8, 9, 10, 11, 12, 13, 21, 29]",4,False,17.972222222222225,28.937500000000004,-10.965277777777779,False
mmke-visual,instructblip-vicuna-7b,matched_gradient,none,214,1.0,global_80,T-Gen,4,False,"[4, 8, 10, 14, 22]","[2, 3, 4, 5, 6, 7, 8, 9, 10, 11, 12, 13, 14, 15, 16, 17, 18, 19, 20, 21, 22, 23, 24, 25, 26, 27, 28, 29]","[2, 3, 4, 5, 14, 15, 16, 17, 18, 19, 20, 22, 23, 24, 25, 26, 27, 28]","[6, 7, 8, 9, 10, 11, 12, 13, 21, 29]",4,False,16.322777777777777,28.802500000000002,-12.479722222222225,False
mmke-visual,instructblip-vicuna-7b,matched_gradient,none,214,1.0,global_80,M-Gen,4,False,"[4, 8, 10, 14, 22]","[2, 3, 4, 5, 6, 7, 8, 9, 10, 11, 12, 13, 14, 15, 16, 17, 18, 19, 20, 21, 22, 23, 24, 25, 26, 27, 28, 29]","[2, 3, 4, 5, 14, 15, 16, 17, 18, 19, 20, 22, 23, 24, 25, 26, 27, 28]","[6, 7, 8, 9, 10, 11, 12, 13, 21, 29]",4,False,17.93,28.845000000000002,-10.915000000000003,False
mmke-visual,instructblip-vicuna-7b,matched_gradient,none,214,1.0,global_80,T-Loc,4,False,"[4, 8, 10, 14, 22]","[2, 3, 4, 5, 6, 7, 8, 9, 10, 11, 12, 13, 14, 15, 16, 17, 18, 19, 20, 21, 22, 23, 24, 25, 26, 27, 28, 29]","[2, 3, 4, 5, 14, 15, 16, 17, 18, 19, 20, 22, 23, 24, 25, 26, 27, 28]","[6, 7, 8, 9, 10, 11, 12, 13, 21, 29]",4,False,100.0,100.0,0.0,True
mmke-visual,instructblip-vicuna-7b,matched_gradient,none,214,1.0,global_80,M-Loc,4,False,"[4, 8, 10, 14, 22]","[2, 3, 4, 5, 6, 7, 8, 9, 10, 11, 12, 13, 14, 15, 16, 17, 18, 19, 20, 21, 22, 23, 24, 25, 26, 27, 28, 29]","[2, 3, 4, 5, 14, 15, 16, 17, 18, 19, 20, 22, 23, 24, 25, 26, 27, 28]","[6, 7, 8, 9, 10, 11, 12, 13, 21, 29]",4,False,99.65055555555556,98.855,0.795555555555552,True
mmke-visual,instructblip-vicuna-7b,matched_gradient,none,214,1.0,global_80,Average,4,False,"[4, 8, 10, 14, 22]","[2, 3, 4, 5, 6, 7, 8, 9, 10, 11, 12, 13, 14, 15, 16, 17, 18, 19, 20, 21, 22, 23, 24, 25, 26, 27, 28, 29]","[2, 3, 4, 5, 14, 15, 16, 17, 18, 19, 20, 22, 23, 24, 25, 26, 27, 28]","[6, 7, 8, 9, 10, 11, 12, 13, 21, 29]",4,False,50.37511111111112,57.088,-6.712888888888884,False
mmke-visual,instructblip-vicuna-7b,matched_gradient,none,214,1.0,global_90,Rel,4,False,"[4, 8, 10, 14, 22]","[2, 3, 4, 5, 6, 7, 8, 9, 10, 11, 12, 13, 14, 15, 16, 17, 18, 19, 20, 21, 22, 23, 24, 25, 26]","[2, 3, 4, 5, 14, 15, 16, 17, 18, 19, 20, 22, 23, 24, 25, 26]","[6, 7, 8, 9, 10, 11, 12, 13, 21]",6,False,17.981875000000002,25.256666666666664,-7.274791666666662,False
mmke-visual,instructblip-vicuna-7b,matched_gradient,none,214,1.0,global_90,T-Gen,4,False,"[4, 8, 10, 14, 22]","[2, 3, 4, 5, 6, 7, 8, 9, 10, 11, 12, 13, 14, 15, 16, 17, 18, 19, 20, 21, 22, 23, 24, 25, 26]","[2, 3, 4, 5, 14, 15, 16, 17, 18, 19, 20, 22, 23, 24, 25, 26]","[6, 7, 8, 9, 10, 11, 12, 13, 21]",6,False,16.34,24.596666666666668,-8.256666666666668,False
mmke-visual,instructblip-vicuna-7b,matched_gradient,none,214,1.0,global_90,M-Gen,4,False,"[4, 8, 10, 14, 22]","[2, 3, 4, 5, 6, 7, 8, 9, 10, 11, 12, 13, 14, 15, 16, 17, 18, 19, 20, 21, 22, 23, 24, 25, 26]","[2, 3, 4, 5, 14, 15, 16, 17, 18, 19, 20, 22, 23, 24, 25, 26]","[6, 7, 8, 9, 10, 11, 12, 13, 21]",6,False,17.944375,25.168333333333333,-7.223958333333332,False
mmke-visual,instructblip-vicuna-7b,matched_gradient,none,214,1.0,global_90,T-Loc,4,False,"[4, 8, 10, 14, 22]","[2, 3, 4, 5, 6, 7, 8, 9, 10, 11, 12, 13, 14, 15, 16, 17, 18, 19, 20, 21, 22, 23, 24, 25, 26]","[2, 3, 4, 5, 14, 15, 16, 17, 18, 19, 20, 22, 23, 24, 25, 26]","[6, 7, 8, 9, 10, 11, 12, 13, 21]",6,False,100.0,100.0,0.0,True
mmke-visual,instructblip-vicuna-7b,matched_gradient,none,214,1.0,global_90,M-Loc,4,False,"[4, 8, 10, 14, 22]","[2, 3, 4, 5, 6, 7, 8, 9, 10, 11, 12, 13, 14, 15, 16, 17, 18, 19, 20, 21, 22, 23, 24, 25, 26]","[2, 3, 4, 5, 14, 15, 16, 17, 18, 19, 20, 22, 23, 24, 25, 26]","[6, 7, 8, 9, 10, 11, 12, 13, 21]",6,False,99.66875,99.07166666666667,0.5970833333333303,True
mmke-visual,instructblip-vicuna-7b,matched_gradient,none,214,1.0,global_90,Average,4,False,"[4, 8, 10, 14, 22]","[2, 3, 4, 5, 6, 7, 8, 9, 10, 11, 12, 13, 14, 15, 16, 17, 18, 19, 20, 21, 22, 23, 24, 25, 26]","[2, 3, 4, 5, 14, 15, 16, 17, 18, 19, 20, 22, 23, 24, 25, 26]","[6, 7, 8, 9, 10, 11, 12, 13, 21]",6,False,50.387,54.81866666666667,-4.431666666666672,False
mmke-visual,instructblip-vicuna-7b,matched_gradient,none,214,1.0,global_95,Rel,4,False,"[4, 8, 10, 14, 22]","[2, 3, 4, 5, 6, 7, 8, 9, 10, 11, 12, 13, 14, 15, 16, 17, 18, 19]","[2, 3, 4, 5, 14, 15, 16, 17, 18, 19]","[6, 7, 8, 9, 10, 11, 12, 13]",12,False,18.009000000000004,21.596666666666668,-3.5876666666666637,False
mmke-visual,instructblip-vicuna-7b,matched_gradient,none,214,1.0,global_95,T-Gen,4,False,"[4, 8, 10, 14, 22]","[2, 3, 4, 5, 6, 7, 8, 9, 10, 11, 12, 13, 14, 15, 16, 17, 18, 19]","[2, 3, 4, 5, 14, 15, 16, 17, 18, 19]","[6, 7, 8, 9, 10, 11, 12, 13]",12,False,16.297000000000004,20.504166666666666,-4.207166666666662,False
mmke-visual,instructblip-vicuna-7b,matched_gradient,none,214,1.0,global_95,M-Gen,4,False,"[4, 8, 10, 14, 22]","[2, 3, 4, 5, 6, 7, 8, 9, 10, 11, 12, 13, 14, 15, 16, 17, 18, 19]","[2, 3, 4, 5, 14, 15, 16, 17, 18, 19]","[6, 7, 8, 9, 10, 11, 12, 13]",12,False,18.006,21.505,-3.4989999999999988,False
mmke-visual,instructblip-vicuna-7b,matched_gradient,none,214,1.0,global_95,T-Loc,4,False,"[4, 8, 10, 14, 22]","[2, 3, 4, 5, 6, 7, 8, 9, 10, 11, 12, 13, 14, 15, 16, 17, 18, 19]","[2, 3, 4, 5, 14, 15, 16, 17, 18, 19]","[6, 7, 8, 9, 10, 11, 12, 13]",12,False,100.0,100.0,0.0,True
mmke-visual,instructblip-vicuna-7b,matched_gradient,none,214,1.0,global_95,M-Loc,4,False,"[4, 8, 10, 14, 22]","[2, 3, 4, 5, 6, 7, 8, 9, 10, 11, 12, 13, 14, 15, 16, 17, 18, 19]","[2, 3, 4, 5, 14, 15, 16, 17, 18, 19]","[6, 7, 8, 9, 10, 11, 12, 13]",12,False,99.595,99.43166666666667,0.1633333333333269,False
mmke-visual,instructblip-vicuna-7b,matched_gradient,none,214,1.0,global_95,Average,4,False,"[4, 8, 10, 14, 22]","[2, 3, 4, 5, 6, 7, 8, 9, 10, 11, 12, 13, 14, 15, 16, 17, 18, 19]","[2, 3, 4, 5, 14, 15, 16, 17, 18, 19]","[6, 7, 8, 9, 10, 11, 12, 13]",12,False,50.3814,52.607499999999995,-2.2260999999999953,False
mmke-visual,instructblip-vicuna-7b,matched_gradient,none,214,1.0,interior_pm1,Rel,4,False,"[4, 8, 10, 14, 22]","[3, 4, 5]","[3, 4, 5]",[],19,True,17.936666666666667,20.286315789473687,-2.349649122807019,False
mmke-visual,instructblip-vicuna-7b,matched_gradient,none,214,1.0,interior_pm1,T-Gen,4,False,"[4, 8, 10, 14, 22]","[3, 4, 5]","[3, 4, 5]",[],19,True,15.819999999999999,19.02947368421053,-3.209473684210531,False
mmke-visual,instructblip-vicuna-7b,matched_gradient,none,214,1.0,interior_pm1,M-Gen,4,False,"[4, 8, 10, 14, 22]","[3, 4, 5]","[3, 4, 5]",[],19,True,17.970000000000002,20.221578947368425,-2.2515789473684222,False
mmke-visual,instructblip-vicuna-7b,matched_gradient,none,214,1.0,interior_pm1,T-Loc,4,False,"[4, 8, 10, 14, 22]","[3, 4, 5]","[3, 4, 5]",[],19,True,100.0,100.0,0.0,True
mmke-visual,instructblip-vicuna-7b,matched_gradient,none,214,1.0,interior_pm1,M-Loc,4,False,"[4, 8, 10, 14, 22]","[3, 4, 5]","[3, 4, 5]",[],19,True,99.47000000000001,99.51157894736842,-0.04157894736840717,False
mmke-visual,instructblip-vicuna-7b,matched_gradient,none,214,1.0,interior_pm1,Average,4,False,"[4, 8, 10, 14, 22]","[3, 4, 5]","[3, 4, 5]",[],19,True,50.23933333333334,51.80978947368421,-1.5704561403508706,False
mmke-visual,instructblip-vicuna-7b,matched_gradient,alt,214,1.0,global_80,Rel,14,False,"[4, 6, 8, 10, 14]","[2, 3, 4, 5, 6, 7, 8, 9, 10, 11, 12, 13, 14, 15, 16, 17, 18, 19, 20, 21, 22, 23, 24]","[2, 3, 4, 5, 14, 15, 16, 17, 18, 19, 20, 22, 23, 24]","[6, 7, 8, 9, 10, 11, 12, 13, 21]",8,False,18.053571428571434,23.3125,-5.258928571428566,False
mmke-visual,instructblip-vicuna-7b,matched_gradient,alt,214,1.0,global_80,T-Gen,14,False,"[4, 6, 8, 10, 14]","[2, 3, 4, 5, 6, 7, 8, 9, 10, 11, 12, 13, 14, 15, 16, 17, 18, 19, 20, 21, 22, 23, 24]","[2, 3, 4, 5, 14, 15, 16, 17, 18, 19, 20, 22, 23, 24]","[6, 7, 8, 9, 10, 11, 12, 13, 21]",8,False,16.462142857142858,22.31875,-5.856607142857143,False
mmke-visual,instructblip-vicuna-7b,matched_gradient,alt,214,1.0,global_80,M-Gen,14,False,"[4, 6, 8, 10, 14]","[2, 3, 4, 5, 6, 7, 8, 9, 10, 11, 12, 13, 14, 15, 16, 17, 18, 19, 20, 21, 22, 23, 24]","[2, 3, 4, 5, 14, 15, 16, 17, 18, 19, 20, 22, 23, 24]","[6, 7, 8, 9, 10, 11, 12, 13, 21]",8,False,18.036428571428573,23.201249999999998,-5.164821428571425,False
mmke-visual,instructblip-vicuna-7b,matched_gradient,alt,214,1.0,global_80,T-Loc,14,False,"[4, 6, 8, 10, 14]","[2, 3, 4, 5, 6, 7, 8, 9, 10, 11, 12, 13, 14, 15, 16, 17, 18, 19, 20, 21, 22, 23, 24]","[2, 3, 4, 5, 14, 15, 16, 17, 18, 19, 20, 22, 23, 24]","[6, 7, 8, 9, 10, 11, 12, 13, 21]",8,False,100.0,100.0,0.0,True
mmke-visual,instructblip-vicuna-7b,matched_gradient,alt,214,1.0,global_80,M-Loc,14,False,"[4, 6, 8, 10, 14]","[2, 3, 4, 5, 6, 7, 8, 9, 10, 11, 12, 13, 14, 15, 16, 17, 18, 19, 20, 21, 22, 23, 24]","[2, 3, 4, 5, 14, 15, 16, 17, 18, 19, 20, 22, 23, 24]","[6, 7, 8, 9, 10, 11, 12, 13, 21]",8,False,99.66714285714286,99.22375,0.443392857142868,True
mmke-visual,instructblip-vicuna-7b,matched_gradient,alt,214,1.0,global_80,Average,14,False,"[4, 6, 8, 10, 14]","[2, 3, 4, 5, 6, 7, 8, 9, 10, 11, 12, 13, 14, 15, 16, 17, 18, 19, 20, 21, 22, 23, 24]","[2, 3, 4, 5, 14, 15, 16, 17, 18, 19, 20, 22, 23, 24]","[6, 7, 8, 9, 10, 11, 12, 13, 21]",8,False,50.44385714285714,53.61125,-3.1673928571428576,False
mmke-visual,instructblip-vicuna-7b,matched_gradient,alt,214,1.0,global_90,Rel,14,False,"[4, 6, 8, 10, 14]","[2, 3, 4, 5, 6, 7, 8, 9, 10, 11, 12, 13, 14, 15, 16, 17, 18, 19, 20]","[2, 3, 4, 5, 14, 15, 16, 17, 18, 19, 20]","[6, 7, 8, 9, 10, 11, 12, 13]",11,False,18.05545454545455,21.87636363636364,-3.8209090909090904,False
mmke-visual,instructblip-vicuna-7b,matched_gradient,alt,214,1.0,global_90,T-Gen,14,False,"[4, 6, 8, 10, 14]","[2, 3, 4, 5, 6, 7, 8, 9, 10, 11, 12, 13, 14, 15, 16, 17, 18, 19, 20]","[2, 3, 4, 5, 14, 15, 16, 17, 18, 19, 20]","[6, 7, 8, 9, 10, 11, 12, 13]",11,False,16.38727272727273,20.796363636363637,-4.4090909090909065,False
mmke-visual,instructblip-vicuna-7b,matched_gradient,alt,214,1.0,global_90,M-Gen,14,False,"[4, 6, 8, 10, 14]","[2, 3, 4, 5, 6, 7, 8, 9, 10, 11, 12, 13, 14, 15, 16, 17, 18, 19, 20]","[2, 3, 4, 5, 14, 15, 16, 17, 18, 19, 20]","[6, 7, 8, 9, 10, 11, 12, 13]",11,False,18.067272727272726,21.761818181818185,-3.694545454545459,False
mmke-visual,instructblip-vicuna-7b,matched_gradient,alt,214,1.0,global_90,T-Loc,14,False,"[4, 6, 8, 10, 14]","[2, 3, 4, 5, 6, 7, 8, 9, 10, 11, 12, 13, 14, 15, 16, 17, 18, 19, 20]","[2, 3, 4, 5, 14, 15, 16, 17, 18, 19, 20]","[6, 7, 8, 9, 10, 11, 12, 13]",11,False,100.0,100.0,0.0,True
mmke-visual,instructblip-vicuna-7b,matched_gradient,alt,214,1.0,global_90,M-Loc,14,False,"[4, 6, 8, 10, 14]","[2, 3, 4, 5, 6, 7, 8, 9, 10, 11, 12, 13, 14, 15, 16, 17, 18, 19, 20]","[2, 3, 4, 5, 14, 15, 16, 17, 18, 19, 20]","[6, 7, 8, 9, 10, 11, 12, 13]",11,False,99.62272727272729,99.38909090909092,0.2336363636363643,False
mmke-visual,instructblip-vicuna-7b,matched_gradient,alt,214,1.0,global_90,Average,14,False,"[4, 6, 8, 10, 14]","[2, 3, 4, 5, 6, 7, 8, 9, 10, 11, 12, 13, 14, 15, 16, 17, 18, 19, 20]","[2, 3, 4, 5, 14, 15, 16, 17, 18, 19, 20]","[6, 7, 8, 9, 10, 11, 12, 13]",11,False,50.426545454545455,52.76472727272728,-2.3381818181818232,False
mmke-visual,instructblip-vicuna-7b,matched_gradient,alt,214,1.0,global_95,Rel,14,False,"[4, 6, 8, 10, 14]","[3, 4, 5, 6, 7, 8, 9, 10, 11, 12, 13, 14, 15, 16, 17]","[3, 4, 5, 14, 15, 16, 17]","[6, 7, 8, 9, 10, 11, 12, 13]",15,False,17.825714285714287,20.96466666666667,-3.1389523809523823,False
mmke-visual,instructblip-vicuna-7b,matched_gradient,alt,214,1.0,global_95,T-Gen,14,False,"[4, 6, 8, 10, 14]","[3, 4, 5, 6, 7, 8, 9, 10, 11, 12, 13, 14, 15, 16, 17]","[3, 4, 5, 14, 15, 16, 17]","[6, 7, 8, 9, 10, 11, 12, 13]",15,False,16.192857142857143,19.711333333333336,-3.5184761904761928,False
mmke-visual,instructblip-vicuna-7b,matched_gradient,alt,214,1.0,global_95,M-Gen,14,False,"[4, 6, 8, 10, 14]","[3, 4, 5, 6, 7, 8, 9, 10, 11, 12, 13, 14, 15, 16, 17]","[3, 4, 5, 14, 15, 16, 17]","[6, 7, 8, 9, 10, 11, 12, 13]",15,False,17.82,20.892,-3.071999999999999,False
mmke-visual,instructblip-vicuna-7b,matched_gradient,alt,214,1.0,global_95,T-Loc,14,False,"[4, 6, 8, 10, 14]","[3, 4, 5, 6, 7, 8, 9, 10, 11, 12, 13, 14, 15, 16, 17]","[3, 4, 5, 14, 15, 16, 17]","[6, 7, 8, 9, 10, 11, 12, 13]",15,False,100.0,100.0,0.0,True
mmke-visual,instructblip-vicuna-7b,matched_gradient,alt,214,1.0,global_95,M-Loc,14,False,"[4, 6, 8, 10, 14]","[3, 4, 5, 6, 7, 8, 9, 10, 11, 12, 13, 14, 15, 16, 17]","[3, 4, 5, 14, 15, 16, 17]","[6, 7, 8, 9, 10, 11, 12, 13]",15,False,99.59857142857143,99.46266666666666,0.13590476190476863,False
mmke-visual,instructblip-vicuna-7b,matched_gradient,alt,214,1.0,global_95,Average,14,False,"[4, 6, 8, 10, 14]","[3, 4, 5, 6, 7, 8, 9, 10, 11, 12, 13, 14, 15, 16, 17]","[3, 4, 5, 14, 15, 16, 17]","[6, 7, 8, 9, 10, 11, 12, 13]",15,False,50.28742857142857,52.20613333333334,-1.9187047619047704,False
mmke-visual,instructblip-vicuna-7b,matched_gradient,alt,214,1.0,interior_pm1,Rel,14,False,"[4, 6, 8, 10, 14]","[13, 14, 15]","[14, 15]",[13],20,False,17.21,20.241500000000002,-3.031500000000001,False
mmke-visual,instructblip-vicuna-7b,matched_gradient,alt,214,1.0,interior_pm1,T-Gen,14,False,"[4, 6, 8, 10, 14]","[13, 14, 15]","[14, 15]",[13],20,False,15.989999999999998,18.851999999999997,-2.8619999999999983,False
mmke-visual,instructblip-vicuna-7b,matched_gradient,alt,214,1.0,interior_pm1,M-Gen,14,False,"[4, 6, 8, 10, 14]","[13, 14, 15]","[14, 15]",[13],20,False,17.115,20.1945,-3.079500000000003,False
mmke-visual,instructblip-vicuna-7b,matched_gradient,alt,214,1.0,interior_pm1,T-Loc,14,False,"[4, 6, 8, 10, 14]","[13, 14, 15]","[14, 15]",[13],20,False,100.0,100.0,0.0,True
mmke-visual,instructblip-vicuna-7b,matched_gradient,alt,214,1.0,interior_pm1,M-Loc,14,False,"[4, 6, 8, 10, 14]","[13, 14, 15]","[14, 15]",[13],20,False,99.71000000000001,99.4855,0.22450000000000614,False
mmke-visual,instructblip-vicuna-7b,matched_gradient,alt,214,1.0,interior_pm1,Average,14,False,"[4, 6, 8, 10, 14]","[13, 14, 15]","[14, 15]",[13],20,False,50.005,51.7547,-1.7496999999999971,False
mmke-visual,instructblip-vicuna-7b,matched_gradient,model_pred,214,1.0,global_80,Rel,14,False,"[4, 8, 10, 14, 22]","[2, 3, 4, 5, 6, 7, 8, 9, 10, 11, 12, 13, 14, 15, 16, 17, 18, 19, 20, 21, 22, 23, 24, 25, 26, 27, 28, 29]","[2, 3, 4, 5, 14, 15, 16, 17, 18, 19, 20, 22, 23, 24, 25, 26, 27, 28]","[6, 7, 8, 9, 10, 11, 12, 13, 21, 29]",4,False,17.972222222222225,28.937500000000004,-10.965277777777779,False
mmke-visual,instructblip-vicuna-7b,matched_gradient,model_pred,214,1.0,global_80,T-Gen,14,False,"[4, 8, 10, 14, 22]","[2, 3, 4, 5, 6, 7, 8, 9, 10, 11, 12, 13, 14, 15, 16, 17, 18, 19, 20, 21, 22, 23, 24, 25, 26, 27, 28, 29]","[2, 3, 4, 5, 14, 15, 16, 17, 18, 19, 20, 22, 23, 24, 25, 26, 27, 28]","[6, 7, 8, 9, 10, 11, 12, 13, 21, 29]",4,False,16.322777777777777,28.802500000000002,-12.479722222222225,False
mmke-visual,instructblip-vicuna-7b,matched_gradient,model_pred,214,1.0,global_80,M-Gen,14,False,"[4, 8, 10, 14, 22]","[2, 3, 4, 5, 6, 7, 8, 9, 10, 11, 12, 13, 14, 15, 16, 17, 18, 19, 20, 21, 22, 23, 24, 25, 26, 27, 28, 29]","[2, 3, 4, 5, 14, 15, 16, 17, 18, 19, 20, 22, 23, 24, 25, 26, 27, 28]","[6, 7, 8, 9, 10, 11, 12, 13, 21, 29]",4,False,17.93,28.845000000000002,-10.915000000000003,False
mmke-visual,instructblip-vicuna-7b,matched_gradient,model_pred,214,1.0,global_80,T-Loc,14,False,"[4, 8, 10, 14, 22]","[2, 3, 4, 5, 6, 7, 8, 9, 10, 11, 12, 13, 14, 15, 16, 17, 18, 19, 20, 21, 22, 23, 24, 25, 26, 27, 28, 29]","[2, 3, 4, 5, 14, 15, 16, 17, 18, 19, 20, 22, 23, 24, 25, 26, 27, 28]","[6, 7, 8, 9, 10, 11, 12, 13, 21, 29]",4,False,100.0,100.0,0.0,True
mmke-visual,instructblip-vicuna-7b,matched_gradient,model_pred,214,1.0,global_80,M-Loc,14,False,"[4, 8, 10, 14, 22]","[2, 3, 4, 5, 6, 7, 8, 9, 10, 11, 12, 13, 14, 15, 16, 17, 18, 19, 20, 21, 22, 23, 24, 25, 26, 27, 28, 29]","[2, 3, 4, 5, 14, 15, 16, 17, 18, 19, 20, 22, 23, 24, 25, 26, 27, 28]","[6, 7, 8, 9, 10, 11, 12, 13, 21, 29]",4,False,99.65055555555556,98.855,0.795555555555552,True
mmke-visual,instructblip-vicuna-7b,matched_gradient,model_pred,214,1.0,global_80,Average,14,False,"[4, 8, 10, 14, 22]","[2, 3, 4, 5, 6, 7, 8, 9, 10, 11, 12, 13, 14, 15, 16, 17, 18, 19, 20, 21, 22, 23, 24, 25, 26, 27, 28, 29]","[2, 3, 4, 5, 14, 15, 16, 17, 18, 19, 20, 22, 23, 24, 25, 26, 27, 28]","[6, 7, 8, 9, 10, 11, 12, 13, 21, 29]",4,False,50.37511111111112,57.088,-6.712888888888884,False
mmke-visual,instructblip-vicuna-7b,matched_gradient,model_pred,214,1.0,global_90,Rel,14,False,"[4, 8, 10, 14, 22]","[2, 3, 4, 5, 6, 7, 8, 9, 10, 11, 12, 13, 14, 15, 16, 17, 18, 19, 20, 21, 22, 23, 24, 25, 26]","[2, 3, 4, 5, 14, 15, 16, 17, 18, 19, 20, 22, 23, 24, 25, 26]","[6, 7, 8, 9, 10, 11, 12, 13, 21]",6,False,17.981875000000002,25.256666666666664,-7.274791666666662,False
mmke-visual,instructblip-vicuna-7b,matched_gradient,model_pred,214,1.0,global_90,T-Gen,14,False,"[4, 8, 10, 14, 22]","[2, 3, 4, 5, 6, 7, 8, 9, 10, 11, 12, 13, 14, 15, 16, 17, 18, 19, 20, 21, 22, 23, 24, 25, 26]","[2, 3, 4, 5, 14, 15, 16, 17, 18, 19, 20, 22, 23, 24, 25, 26]","[6, 7, 8, 9, 10, 11, 12, 13, 21]",6,False,16.34,24.596666666666668,-8.256666666666668,False
mmke-visual,instructblip-vicuna-7b,matched_gradient,model_pred,214,1.0,global_90,M-Gen,14,False,"[4, 8, 10, 14, 22]","[2, 3, 4, 5, 6, 7, 8, 9, 10, 11, 12, 13, 14, 15, 16, 17, 18, 19, 20, 21, 22, 23, 24, 25, 26]","[2, 3, 4, 5, 14, 15, 16, 17, 18, 19, 20, 22, 23, 24, 25, 26]","[6, 7, 8, 9, 10, 11, 12, 13, 21]",6,False,17.944375,25.168333333333333,-7.223958333333332,False
mmke-visual,instructblip-vicuna-7b,matched_gradient,model_pred,214,1.0,global_90,T-Loc,14,False,"[4, 8, 10, 14, 22]","[2, 3, 4, 5, 6, 7, 8, 9, 10, 11, 12, 13, 14, 15, 16, 17, 18, 19, 20, 21, 22, 23, 24, 25, 26]","[2, 3, 4, 5, 14, 15, 16, 17, 18, 19, 20, 22, 23, 24, 25, 26]","[6, 7, 8, 9, 10, 11, 12, 13, 21]",6,False,100.0,100.0,0.0,True
mmke-visual,instructblip-vicuna-7b,matched_gradient,model_pred,214,1.0,global_90,M-Loc,14,False,"[4, 8, 10, 14, 22]","[2, 3, 4, 5, 6, 7, 8, 9, 10, 11, 12, 13, 14, 15, 16, 17, 18, 19, 20, 21, 22, 23, 24, 25, 26]","[2, 3, 4, 5, 14, 15, 16, 17, 18, 19, 20, 22, 23, 24, 25, 26]","[6, 7, 8, 9, 10, 11, 12, 13, 21]",6,False,99.66875,99.07166666666667,0.5970833333333303,True
mmke-visual,instructblip-vicuna-7b,matched_gradient,model_pred,214,1.0,global_90,Average,14,False,"[4, 8, 10, 14, 22]","[2, 3, 4, 5, 6, 7, 8, 9, 10, 11, 12, 13, 14, 15, 16, 17, 18, 19, 20, 21, 22, 23, 24, 25, 26]","[2, 3, 4, 5, 14, 15, 16, 17, 18, 19, 20, 22, 23, 24, 25, 26]","[6, 7, 8, 9, 10, 11, 12, 13, 21]",6,False,50.387,54.81866666666667,-4.431666666666672,False
mmke-visual,instructblip-vicuna-7b,matched_gradient,model_pred,214,1.0,global_95,Rel,14,False,"[4, 8, 10, 14, 22]","[2, 3, 4, 5, 6, 7, 8, 9, 10, 11, 12, 13, 14, 15, 16, 17, 18, 19]","[2, 3, 4, 5, 14, 15, 16, 17, 18, 19]","[6, 7, 8, 9, 10, 11, 12, 13]",12,False,18.009000000000004,21.596666666666668,-3.5876666666666637,False
mmke-visual,instructblip-vicuna-7b,matched_gradient,model_pred,214,1.0,global_95,T-Gen,14,False,"[4, 8, 10, 14, 22]","[2, 3, 4, 5, 6, 7, 8, 9, 10, 11, 12, 13, 14, 15, 16, 17, 18, 19]","[2, 3, 4, 5, 14, 15, 16, 17, 18, 19]","[6, 7, 8, 9, 10, 11, 12, 13]",12,False,16.297000000000004,20.504166666666666,-4.207166666666662,False
mmke-visual,instructblip-vicuna-7b,matched_gradient,model_pred,214,1.0,global_95,M-Gen,14,False,"[4, 8, 10, 14, 22]","[2, 3, 4, 5, 6, 7, 8, 9, 10, 11, 12, 13, 14, 15, 16, 17, 18, 19]","[2, 3, 4, 5, 14, 15, 16, 17, 18, 19]","[6, 7, 8, 9, 10, 11, 12, 13]",12,False,18.006,21.505,-3.4989999999999988,False
mmke-visual,instructblip-vicuna-7b,matched_gradient,model_pred,214,1.0,global_95,T-Loc,14,False,"[4, 8, 10, 14, 22]","[2, 3, 4, 5, 6, 7, 8, 9, 10, 11, 12, 13, 14, 15, 16, 17, 18, 19]","[2, 3, 4, 5, 14, 15, 16, 17, 18, 19]","[6, 7, 8, 9, 10, 11, 12, 13]",12,False,100.0,100.0,0.0,True
mmke-visual,instructblip-vicuna-7b,matched_gradient,model_pred,214,1.0,global_95,M-Loc,14,False,"[4, 8, 10, 14, 22]","[2, 3, 4, 5, 6, 7, 8, 9, 10, 11, 12, 13, 14, 15, 16, 17, 18, 19]","[2, 3, 4, 5, 14, 15, 16, 17, 18, 19]","[6, 7, 8, 9, 10, 11, 12, 13]",12,False,99.595,99.43166666666667,0.1633333333333269,False
mmke-visual,instructblip-vicuna-7b,matched_gradient,model_pred,214,1.0,global_95,Average,14,False,"[4, 8, 10, 14, 22]","[2, 3, 4, 5, 6, 7, 8, 9, 10, 11, 12, 13, 14, 15, 16, 17, 18, 19]","[2, 3, 4, 5, 14, 15, 16, 17, 18, 19]","[6, 7, 8, 9, 10, 11, 12, 13]",12,False,50.3814,52.607499999999995,-2.2260999999999953,False
mmke-visual,instructblip-vicuna-7b,matched_gradient,model_pred,214,1.0,interior_pm1,Rel,14,False,"[4, 8, 10, 14, 22]","[13, 14, 15]","[14, 15]",[13],20,False,17.21,20.241500000000002,-3.031500000000001,False
mmke-visual,instructblip-vicuna-7b,matched_gradient,model_pred,214,1.0,interior_pm1,T-Gen,14,False,"[4, 8, 10, 14, 22]","[13, 14, 15]","[14, 15]",[13],20,False,15.989999999999998,18.851999999999997,-2.8619999999999983,False
mmke-visual,instructblip-vicuna-7b,matched_gradient,model_pred,214,1.0,interior_pm1,M-Gen,14,False,"[4, 8, 10, 14, 22]","[13, 14, 15]","[14, 15]",[13],20,False,17.115,20.1945,-3.079500000000003,False
mmke-visual,instructblip-vicuna-7b,matched_gradient,model_pred,214,1.0,interior_pm1,T-Loc,14,False,"[4, 8, 10, 14, 22]","[13, 14, 15]","[14, 15]",[13],20,False,100.0,100.0,0.0,True
mmke-visual,instructblip-vicuna-7b,matched_gradient,model_pred,214,1.0,interior_pm1,M-Loc,14,False,"[4, 8, 10, 14, 22]","[13, 14, 15]","[14, 15]",[13],20,False,99.71000000000001,99.4855,0.22450000000000614,False
mmke-visual,instructblip-vicuna-7b,matched_gradient,model_pred,214,1.0,interior_pm1,Average,14,False,"[4, 8, 10, 14, 22]","[13, 14, 15]","[14, 15]",[13],20,False,50.005,51.7547,-1.7496999999999971,False
mmke-visual,instructblip-vicuna-7b,available_train,none,214,1.0,global_80,Rel,4,False,"[4, 8, 10, 14, 22]","[2, 3, 4, 5, 6, 7, 8, 9, 10, 11, 12, 13, 14, 15, 16, 17, 18, 19, 20, 21, 22, 23, 24, 25, 26, 27, 28, 29]","[2, 3, 4, 5, 14, 15, 16, 17, 18, 19, 20, 22, 23, 24, 25, 26, 27, 28]","[6, 7, 8, 9, 10, 11, 12, 13, 21, 29]",4,False,17.972222222222225,28.937500000000004,-10.965277777777779,False
mmke-visual,instructblip-vicuna-7b,available_train,none,214,1.0,global_80,T-Gen,4,False,"[4, 8, 10, 14, 22]","[2, 3, 4, 5, 6, 7, 8, 9, 10, 11, 12, 13, 14, 15, 16, 17, 18, 19, 20, 21, 22, 23, 24, 25, 26, 27, 28, 29]","[2, 3, 4, 5, 14, 15, 16, 17, 18, 19, 20, 22, 23, 24, 25, 26, 27, 28]","[6, 7, 8, 9, 10, 11, 12, 13, 21, 29]",4,False,16.322777777777777,28.802500000000002,-12.479722222222225,False
mmke-visual,instructblip-vicuna-7b,available_train,none,214,1.0,global_80,M-Gen,4,False,"[4, 8, 10, 14, 22]","[2, 3, 4, 5, 6, 7, 8, 9, 10, 11, 12, 13, 14, 15, 16, 17, 18, 19, 20, 21, 22, 23, 24, 25, 26, 27, 28, 29]","[2, 3, 4, 5, 14, 15, 16, 17, 18, 19, 20, 22, 23, 24, 25, 26, 27, 28]","[6, 7, 8, 9, 10, 11, 12, 13, 21, 29]",4,False,17.93,28.845000000000002,-10.915000000000003,False
mmke-visual,instructblip-vicuna-7b,available_train,none,214,1.0,global_80,T-Loc,4,False,"[4, 8, 10, 14, 22]","[2, 3, 4, 5, 6, 7, 8, 9, 10, 11, 12, 13, 14, 15, 16, 17, 18, 19, 20, 21, 22, 23, 24, 25, 26, 27, 28, 29]","[2, 3, 4, 5, 14, 15, 16, 17, 18, 19, 20, 22, 23, 24, 25, 26, 27, 28]","[6, 7, 8, 9, 10, 11, 12, 13, 21, 29]",4,False,100.0,100.0,0.0,True
mmke-visual,instructblip-vicuna-7b,available_train,none,214,1.0,global_80,M-Loc,4,False,"[4, 8, 10, 14, 22]","[2, 3, 4, 5, 6, 7, 8, 9, 10, 11, 12, 13, 14, 15, 16, 17, 18, 19, 20, 21, 22, 23, 24, 25, 26, 27, 28, 29]","[2, 3, 4, 5, 14, 15, 16, 17, 18, 19, 20, 22, 23, 24, 25, 26, 27, 28]","[6, 7, 8, 9, 10, 11, 12, 13, 21, 29]",4,False,99.65055555555556,98.855,0.795555555555552,True
mmke-visual,instructblip-vicuna-7b,available_train,none,214,1.0,global_80,Average,4,False,"[4, 8, 10, 14, 22]","[2, 3, 4, 5, 6, 7, 8, 9, 10, 11, 12, 13, 14, 15, 16, 17, 18, 19, 20, 21, 22, 23, 24, 25, 26, 27, 28, 29]","[2, 3, 4, 5, 14, 15, 16, 17, 18, 19, 20, 22, 23, 24, 25, 26, 27, 28]","[6, 7, 8, 9, 10, 11, 12, 13, 21, 29]",4,False,50.37511111111112,57.088,-6.712888888888884,False
mmke-visual,instructblip-vicuna-7b,available_train,none,214,1.0,global_90,Rel,4,False,"[4, 8, 10, 14, 22]","[2, 3, 4, 5, 6, 7, 8, 9, 10, 11, 12, 13, 14, 15, 16, 17, 18, 19, 20, 21, 22, 23, 24, 25, 26]","[2, 3, 4, 5, 14, 15, 16, 17, 18, 19, 20, 22, 23, 24, 25, 26]","[6, 7, 8, 9, 10, 11, 12, 13, 21]",6,False,17.981875000000002,25.256666666666664,-7.274791666666662,False
mmke-visual,instructblip-vicuna-7b,available_train,none,214,1.0,global_90,T-Gen,4,False,"[4, 8, 10, 14, 22]","[2, 3, 4, 5, 6, 7, 8, 9, 10, 11, 12, 13, 14, 15, 16, 17, 18, 19, 20, 21, 22, 23, 24, 25, 26]","[2, 3, 4, 5, 14, 15, 16, 17, 18, 19, 20, 22, 23, 24, 25, 26]","[6, 7, 8, 9, 10, 11, 12, 13, 21]",6,False,16.34,24.596666666666668,-8.256666666666668,False
mmke-visual,instructblip-vicuna-7b,available_train,none,214,1.0,global_90,M-Gen,4,False,"[4, 8, 10, 14, 22]","[2, 3, 4, 5, 6, 7, 8, 9, 10, 11, 12, 13, 14, 15, 16, 17, 18, 19, 20, 21, 22, 23, 24, 25, 26]","[2, 3, 4, 5, 14, 15, 16, 17, 18, 19, 20, 22, 23, 24, 25, 26]","[6, 7, 8, 9, 10, 11, 12, 13, 21]",6,False,17.944375,25.168333333333333,-7.223958333333332,False
mmke-visual,instructblip-vicuna-7b,available_train,none,214,1.0,global_90,T-Loc,4,False,"[4, 8, 10, 14, 22]","[2, 3, 4, 5, 6, 7, 8, 9, 10, 11, 12, 13, 14, 15, 16, 17, 18, 19, 20, 21, 22, 23, 24, 25, 26]","[2, 3, 4, 5, 14, 15, 16, 17, 18, 19, 20, 22, 23, 24, 25, 26]","[6, 7, 8, 9, 10, 11, 12, 13, 21]",6,False,100.0,100.0,0.0,True
mmke-visual,instructblip-vicuna-7b,available_train,none,214,1.0,global_90,M-Loc,4,False,"[4, 8, 10, 14, 22]","[2, 3, 4, 5, 6, 7, 8, 9, 10, 11, 12, 13, 14, 15, 16, 17, 18, 19, 20, 21, 22, 23, 24, 25, 26]","[2, 3, 4, 5, 14, 15, 16, 17, 18, 19, 20, 22, 23, 24, 25, 26]","[6, 7, 8, 9, 10, 11, 12, 13, 21]",6,False,99.66875,99.07166666666667,0.5970833333333303,True
mmke-visual,instructblip-vicuna-7b,available_train,none,214,1.0,global_90,Average,4,False,"[4, 8, 10, 14, 22]","[2, 3, 4, 5, 6, 7, 8, 9, 10, 11, 12, 13, 14, 15, 16, 17, 18, 19, 20, 21, 22, 23, 24, 25, 26]","[2, 3, 4, 5, 14, 15, 16, 17, 18, 19, 20, 22, 23, 24, 25, 26]","[6, 7, 8, 9, 10, 11, 12, 13, 21]",6,False,50.387,54.81866666666667,-4.431666666666672,False
mmke-visual,instructblip-vicuna-7b,available_train,none,214,1.0,global_95,Rel,4,False,"[4, 8, 10, 14, 22]","[2, 3, 4, 5, 6, 7, 8, 9, 10, 11, 12, 13, 14, 15, 16, 17, 18, 19]","[2, 3, 4, 5, 14, 15, 16, 17, 18, 19]","[6, 7, 8, 9, 10, 11, 12, 13]",12,False,18.009000000000004,21.596666666666668,-3.5876666666666637,False
mmke-visual,instructblip-vicuna-7b,available_train,none,214,1.0,global_95,T-Gen,4,False,"[4, 8, 10, 14, 22]","[2, 3, 4, 5, 6, 7, 8, 9, 10, 11, 12, 13, 14, 15, 16, 17, 18, 19]","[2, 3, 4, 5, 14, 15, 16, 17, 18, 19]","[6, 7, 8, 9, 10, 11, 12, 13]",12,False,16.297000000000004,20.504166666666666,-4.207166666666662,False
mmke-visual,instructblip-vicuna-7b,available_train,none,214,1.0,global_95,M-Gen,4,False,"[4, 8, 10, 14, 22]","[2, 3, 4, 5, 6, 7, 8, 9, 10, 11, 12, 13, 14, 15, 16, 17, 18, 19]","[2, 3, 4, 5, 14, 15, 16, 17, 18, 19]","[6, 7, 8, 9, 10, 11, 12, 13]",12,False,18.006,21.505,-3.4989999999999988,False
mmke-visual,instructblip-vicuna-7b,available_train,none,214,1.0,global_95,T-Loc,4,False,"[4, 8, 10, 14, 22]","[2, 3, 4, 5, 6, 7, 8, 9, 10, 11, 12, 13, 14, 15, 16, 17, 18, 19]","[2, 3, 4, 5, 14, 15, 16, 17, 18, 19]","[6, 7, 8, 9, 10, 11, 12, 13]",12,False,100.0,100.0,0.0,True
mmke-visual,instructblip-vicuna-7b,available_train,none,214,1.0,global_95,M-Loc,4,False,"[4, 8, 10, 14, 22]","[2, 3, 4, 5, 6, 7, 8, 9, 10, 11, 12, 13, 14, 15, 16, 17, 18, 19]","[2, 3, 4, 5, 14, 15, 16, 17, 18, 19]","[6, 7, 8, 9, 10, 11, 12, 13]",12,False,99.595,99.43166666666667,0.1633333333333269,False
mmke-visual,instructblip-vicuna-7b,available_train,none,214,1.0,global_95,Average,4,False,"[4, 8, 10, 14, 22]","[2, 3, 4, 5, 6, 7, 8, 9, 10, 11, 12, 13, 14, 15, 16, 17, 18, 19]","[2, 3, 4, 5, 14, 15, 16, 17, 18, 19]","[6, 7, 8, 9, 10, 11, 12, 13]",12,False,50.3814,52.607499999999995,-2.2260999999999953,False
mmke-visual,instructblip-vicuna-7b,available_train,none,214,1.0,interior_pm1,Rel,4,False,"[4, 8, 10, 14, 22]","[3, 4, 5]","[3, 4, 5]",[],19,True,17.936666666666667,20.286315789473687,-2.349649122807019,False
mmke-visual,instructblip-vicuna-7b,available_train,none,214,1.0,interior_pm1,T-Gen,4,False,"[4, 8, 10, 14, 22]","[3, 4, 5]","[3, 4, 5]",[],19,True,15.819999999999999,19.02947368421053,-3.209473684210531,False
mmke-visual,instructblip-vicuna-7b,available_train,none,214,1.0,interior_pm1,M-Gen,4,False,"[4, 8, 10, 14, 22]","[3, 4, 5]","[3, 4, 5]",[],19,True,17.970000000000002,20.221578947368425,-2.2515789473684222,False
mmke-visual,instructblip-vicuna-7b,available_train,none,214,1.0,interior_pm1,T-Loc,4,False,"[4, 8, 10, 14, 22]","[3, 4, 5]","[3, 4, 5]",[],19,True,100.0,100.0,0.0,True
mmke-visual,instructblip-vicuna-7b,available_train,none,214,1.0,interior_pm1,M-Loc,4,False,"[4, 8, 10, 14, 22]","[3, 4, 5]","[3, 4, 5]",[],19,True,99.47000000000001,99.51157894736842,-0.04157894736840717,False
mmke-visual,instructblip-vicuna-7b,available_train,none,214,1.0,interior_pm1,Average,4,False,"[4, 8, 10, 14, 22]","[3, 4, 5]","[3, 4, 5]",[],19,True,50.23933333333334,51.80978947368421,-1.5704561403508706,False
mmke-visual,instructblip-vicuna-7b,available_train,alt,214,1.0,global_80,Rel,14,False,"[4, 6, 8, 10, 14]","[2, 3, 4, 5, 6, 7, 8, 9, 10, 11, 12, 13, 14, 15, 16, 17, 18, 19, 20, 21, 22, 23, 24]","[2, 3, 4, 5, 14, 15, 16, 17, 18, 19, 20, 22, 23, 24]","[6, 7, 8, 9, 10, 11, 12, 13, 21]",8,False,18.053571428571434,23.3125,-5.258928571428566,False
mmke-visual,instructblip-vicuna-7b,available_train,alt,214,1.0,global_80,T-Gen,14,False,"[4, 6, 8, 10, 14]","[2, 3, 4, 5, 6, 7, 8, 9, 10, 11, 12, 13, 14, 15, 16, 17, 18, 19, 20, 21, 22, 23, 24]","[2, 3, 4, 5, 14, 15, 16, 17, 18, 19, 20, 22, 23, 24]","[6, 7, 8, 9, 10, 11, 12, 13, 21]",8,False,16.462142857142858,22.31875,-5.856607142857143,False
mmke-visual,instructblip-vicuna-7b,available_train,alt,214,1.0,global_80,M-Gen,14,False,"[4, 6, 8, 10, 14]","[2, 3, 4, 5, 6, 7, 8, 9, 10, 11, 12, 13, 14, 15, 16, 17, 18, 19, 20, 21, 22, 23, 24]","[2, 3, 4, 5, 14, 15, 16, 17, 18, 19, 20, 22, 23, 24]","[6, 7, 8, 9, 10, 11, 12, 13, 21]",8,False,18.036428571428573,23.201249999999998,-5.164821428571425,False
mmke-visual,instructblip-vicuna-7b,available_train,alt,214,1.0,global_80,T-Loc,14,False,"[4, 6, 8, 10, 14]","[2, 3, 4, 5, 6, 7, 8, 9, 10, 11, 12, 13, 14, 15, 16, 17, 18, 19, 20, 21, 22, 23, 24]","[2, 3, 4, 5, 14, 15, 16, 17, 18, 19, 20, 22, 23, 24]","[6, 7, 8, 9, 10, 11, 12, 13, 21]",8,False,100.0,100.0,0.0,True
mmke-visual,instructblip-vicuna-7b,available_train,alt,214,1.0,global_80,M-Loc,14,False,"[4, 6, 8, 10, 14]","[2, 3, 4, 5, 6, 7, 8, 9, 10, 11, 12, 13, 14, 15, 16, 17, 18, 19, 20, 21, 22, 23, 24]","[2, 3, 4, 5, 14, 15, 16, 17, 18, 19, 20, 22, 23, 24]","[6, 7, 8, 9, 10, 11, 12, 13, 21]",8,False,99.66714285714286,99.22375,0.443392857142868,True
mmke-visual,instructblip-vicuna-7b,available_train,alt,214,1.0,global_80,Average,14,False,"[4, 6, 8, 10, 14]","[2, 3, 4, 5, 6, 7, 8, 9, 10, 11, 12, 13, 14, 15, 16, 17, 18, 19, 20, 21, 22, 23, 24]","[2, 3, 4, 5, 14, 15, 16, 17, 18, 19, 20, 22, 23, 24]","[6, 7, 8, 9, 10, 11, 12, 13, 21]",8,False,50.44385714285714,53.61125,-3.1673928571428576,False
mmke-visual,instructblip-vicuna-7b,available_train,alt,214,1.0,global_90,Rel,14,False,"[4, 6, 8, 10, 14]","[2, 3, 4, 5, 6, 7, 8, 9, 10, 11, 12, 13, 14, 15, 16, 17, 18, 19, 20]","[2, 3, 4, 5, 14, 15, 16, 17, 18, 19, 20]","[6, 7, 8, 9, 10, 11, 12, 13]",11,False,18.05545454545455,21.87636363636364,-3.8209090909090904,False
mmke-visual,instructblip-vicuna-7b,available_train,alt,214,1.0,global_90,T-Gen,14,False,"[4, 6, 8, 10, 14]","[2, 3, 4, 5, 6, 7, 8, 9, 10, 11, 12, 13, 14, 15, 16, 17, 18, 19, 20]","[2, 3, 4, 5, 14, 15, 16, 17, 18, 19, 20]","[6, 7, 8, 9, 10, 11, 12, 13]",11,False,16.38727272727273,20.796363636363637,-4.4090909090909065,False
mmke-visual,instructblip-vicuna-7b,available_train,alt,214,1.0,global_90,M-Gen,14,False,"[4, 6, 8, 10, 14]","[2, 3, 4, 5, 6, 7, 8, 9, 10, 11, 12, 13, 14, 15, 16, 17, 18, 19, 20]","[2, 3, 4, 5, 14, 15, 16, 17, 18, 19, 20]","[6, 7, 8, 9, 10, 11, 12, 13]",11,False,18.067272727272726,21.761818181818185,-3.694545454545459,False
mmke-visual,instructblip-vicuna-7b,available_train,alt,214,1.0,global_90,T-Loc,14,False,"[4, 6, 8, 10, 14]","[2, 3, 4, 5, 6, 7, 8, 9, 10, 11, 12, 13, 14, 15, 16, 17, 18, 19, 20]","[2, 3, 4, 5, 14, 15, 16, 17, 18, 19, 20]","[6, 7, 8, 9, 10, 11, 12, 13]",11,False,100.0,100.0,0.0,True
mmke-visual,instructblip-vicuna-7b,available_train,alt,214,1.0,global_90,M-Loc,14,False,"[4, 6, 8, 10, 14]","[2, 3, 4, 5, 6, 7, 8, 9, 10, 11, 12, 13, 14, 15, 16, 17, 18, 19, 20]","[2, 3, 4, 5, 14, 15, 16, 17, 18, 19, 20]","[6, 7, 8, 9, 10, 11, 12, 13]",11,False,99.62272727272729,99.38909090909092,0.2336363636363643,False
mmke-visual,instructblip-vicuna-7b,available_train,alt,214,1.0,global_90,Average,14,False,"[4, 6, 8, 10, 14]","[2, 3, 4, 5, 6, 7, 8, 9, 10, 11, 12, 13, 14, 15, 16, 17, 18, 19, 20]","[2, 3, 4, 5, 14, 15, 16, 17, 18, 19, 20]","[6, 7, 8, 9, 10, 11, 12, 13]",11,False,50.426545454545455,52.76472727272728,-2.3381818181818232,False
mmke-visual,instructblip-vicuna-7b,available_train,alt,214,1.0,global_95,Rel,14,False,"[4, 6, 8, 10, 14]","[3, 4, 5, 6, 7, 8, 9, 10, 11, 12, 13, 14, 15, 16, 17]","[3, 4, 5, 14, 15, 16, 17]","[6, 7, 8, 9, 10, 11, 12, 13]",15,False,17.825714285714287,20.96466666666667,-3.1389523809523823,False
mmke-visual,instructblip-vicuna-7b,available_train,alt,214,1.0,global_95,T-Gen,14,False,"[4, 6, 8, 10, 14]","[3, 4, 5, 6, 7, 8, 9, 10, 11, 12, 13, 14, 15, 16, 17]","[3, 4, 5, 14, 15, 16, 17]","[6, 7, 8, 9, 10, 11, 12, 13]",15,False,16.192857142857143,19.711333333333336,-3.5184761904761928,False
mmke-visual,instructblip-vicuna-7b,available_train,alt,214,1.0,global_95,M-Gen,14,False,"[4, 6, 8, 10, 14]","[3, 4, 5, 6, 7, 8, 9, 10, 11, 12, 13, 14, 15, 16, 17]","[3, 4, 5, 14, 15, 16, 17]","[6, 7, 8, 9, 10, 11, 12, 13]",15,False,17.82,20.892,-3.071999999999999,False
mmke-visual,instructblip-vicuna-7b,available_train,alt,214,1.0,global_95,T-Loc,14,False,"[4, 6, 8, 10, 14]","[3, 4, 5, 6, 7, 8, 9, 10, 11, 12, 13, 14, 15, 16, 17]","[3, 4, 5, 14, 15, 16, 17]","[6, 7, 8, 9, 10, 11, 12, 13]",15,False,100.0,100.0,0.0,True
mmke-visual,instructblip-vicuna-7b,available_train,alt,214,1.0,global_95,M-Loc,14,False,"[4, 6, 8, 10, 14]","[3, 4, 5, 6, 7, 8, 9, 10, 11, 12, 13, 14, 15, 16, 17]","[3, 4, 5, 14, 15, 16, 17]","[6, 7, 8, 9, 10, 11, 12, 13]",15,False,99.59857142857143,99.46266666666666,0.13590476190476863,False
mmke-visual,instructblip-vicuna-7b,available_train,alt,214,1.0,global_95,Average,14,False,"[4, 6, 8, 10, 14]","[3, 4, 5, 6, 7, 8, 9, 10, 11, 12, 13, 14, 15, 16, 17]","[3, 4, 5, 14, 15, 16, 17]","[6, 7, 8, 9, 10, 11, 12, 13]",15,False,50.28742857142857,52.20613333333334,-1.9187047619047704,False
mmke-visual,instructblip-vicuna-7b,available_train,alt,214,1.0,interior_pm1,Rel,14,False,"[4, 6, 8, 10, 14]","[13, 14, 15]","[14, 15]",[13],20,False,17.21,20.241500000000002,-3.031500000000001,False
mmke-visual,instructblip-vicuna-7b,available_train,alt,214,1.0,interior_pm1,T-Gen,14,False,"[4, 6, 8, 10, 14]","[13, 14, 15]","[14, 15]",[13],20,False,15.989999999999998,18.851999999999997,-2.8619999999999983,False
mmke-visual,instructblip-vicuna-7b,available_train,alt,214,1.0,interior_pm1,M-Gen,14,False,"[4, 6, 8, 10, 14]","[13, 14, 15]","[14, 15]",[13],20,False,17.115,20.1945,-3.079500000000003,False
mmke-visual,instructblip-vicuna-7b,available_train,alt,214,1.0,interior_pm1,T-Loc,14,False,"[4, 6, 8, 10, 14]","[13, 14, 15]","[14, 15]",[13],20,False,100.0,100.0,0.0,True
mmke-visual,instructblip-vicuna-7b,available_train,alt,214,1.0,interior_pm1,M-Loc,14,False,"[4, 6, 8, 10, 14]","[13, 14, 15]","[14, 15]",[13],20,False,99.71000000000001,99.4855,0.22450000000000614,False
mmke-visual,instructblip-vicuna-7b,available_train,alt,214,1.0,interior_pm1,Average,14,False,"[4, 6, 8, 10, 14]","[13, 14, 15]","[14, 15]",[13],20,False,50.005,51.7547,-1.7496999999999971,False
mmke-visual,instructblip-vicuna-7b,available_train,model_pred,214,1.0,global_80,Rel,14,False,"[4, 8, 10, 14, 22]","[2, 3, 4, 5, 6, 7, 8, 9, 10, 11, 12, 13, 14, 15, 16, 17, 18, 19, 20, 21, 22, 23, 24, 25, 26, 27, 28, 29]","[2, 3, 4, 5, 14, 15, 16, 17, 18, 19, 20, 22, 23, 24, 25, 26, 27, 28]","[6, 7, 8, 9, 10, 11, 12, 13, 21, 29]",4,False,17.972222222222225,28.937500000000004,-10.965277777777779,False
mmke-visual,instructblip-vicuna-7b,available_train,model_pred,214,1.0,global_80,T-Gen,14,False,"[4, 8, 10, 14, 22]","[2, 3, 4, 5, 6, 7, 8, 9, 10, 11, 12, 13, 14, 15, 16, 17, 18, 19, 20, 21, 22, 23, 24, 25, 26, 27, 28, 29]","[2, 3, 4, 5, 14, 15, 16, 17, 18, 19, 20, 22, 23, 24, 25, 26, 27, 28]","[6, 7, 8, 9, 10, 11, 12, 13, 21, 29]",4,False,16.322777777777777,28.802500000000002,-12.479722222222225,False
mmke-visual,instructblip-vicuna-7b,available_train,model_pred,214,1.0,global_80,M-Gen,14,False,"[4, 8, 10, 14, 22]","[2, 3, 4, 5, 6, 7, 8, 9, 10, 11, 12, 13, 14, 15, 16, 17, 18, 19, 20, 21, 22, 23, 24, 25, 26, 27, 28, 29]","[2, 3, 4, 5, 14, 15, 16, 17, 18, 19, 20, 22, 23, 24, 25, 26, 27, 28]","[6, 7, 8, 9, 10, 11, 12, 13, 21, 29]",4,False,17.93,28.845000000000002,-10.915000000000003,False
mmke-visual,instructblip-vicuna-7b,available_train,model_pred,214,1.0,global_80,T-Loc,14,False,"[4, 8, 10, 14, 22]","[2, 3, 4, 5, 6, 7, 8, 9, 10, 11, 12, 13, 14, 15, 16, 17, 18, 19, 20, 21, 22, 23, 24, 25, 26, 27, 28, 29]","[2, 3, 4, 5, 14, 15, 16, 17, 18, 19, 20, 22, 23, 24, 25, 26, 27, 28]","[6, 7, 8, 9, 10, 11, 12, 13, 21, 29]",4,False,100.0,100.0,0.0,True
mmke-visual,instructblip-vicuna-7b,available_train,model_pred,214,1.0,global_80,M-Loc,14,False,"[4, 8, 10, 14, 22]","[2, 3, 4, 5, 6, 7, 8, 9, 10, 11, 12, 13, 14, 15, 16, 17, 18, 19, 20, 21, 22, 23, 24, 25, 26, 27, 28, 29]","[2, 3, 4, 5, 14, 15, 16, 17, 18, 19, 20, 22, 23, 24, 25, 26, 27, 28]","[6, 7, 8, 9, 10, 11, 12, 13, 21, 29]",4,False,99.65055555555556,98.855,0.795555555555552,True
mmke-visual,instructblip-vicuna-7b,available_train,model_pred,214,1.0,global_80,Average,14,False,"[4, 8, 10, 14, 22]","[2, 3, 4, 5, 6, 7, 8, 9, 10, 11, 12, 13, 14, 15, 16, 17, 18, 19, 20, 21, 22, 23, 24, 25, 26, 27, 28, 29]","[2, 3, 4, 5, 14, 15, 16, 17, 18, 19, 20, 22, 23, 24, 25, 26, 27, 28]","[6, 7, 8, 9, 10, 11, 12, 13, 21, 29]",4,False,50.37511111111112,57.088,-6.712888888888884,False
mmke-visual,instructblip-vicuna-7b,available_train,model_pred,214,1.0,global_90,Rel,14,False,"[4, 8, 10, 14, 22]","[2, 3, 4, 5, 6, 7, 8, 9, 10, 11, 12, 13, 14, 15, 16, 17, 18, 19, 20, 21, 22, 23, 24, 25, 26]","[2, 3, 4, 5, 14, 15, 16, 17, 18, 19, 20, 22, 23, 24, 25, 26]","[6, 7, 8, 9, 10, 11, 12, 13, 21]",6,False,17.981875000000002,25.256666666666664,-7.274791666666662,False
mmke-visual,instructblip-vicuna-7b,available_train,model_pred,214,1.0,global_90,T-Gen,14,False,"[4, 8, 10, 14, 22]","[2, 3, 4, 5, 6, 7, 8, 9, 10, 11, 12, 13, 14, 15, 16, 17, 18, 19, 20, 21, 22, 23, 24, 25, 26]","[2, 3, 4, 5, 14, 15, 16, 17, 18, 19, 20, 22, 23, 24, 25, 26]","[6, 7, 8, 9, 10, 11, 12, 13, 21]",6,False,16.34,24.596666666666668,-8.256666666666668,False
mmke-visual,instructblip-vicuna-7b,available_train,model_pred,214,1.0,global_90,M-Gen,14,False,"[4, 8, 10, 14, 22]","[2, 3, 4, 5, 6, 7, 8, 9, 10, 11, 12, 13, 14, 15, 16, 17, 18, 19, 20, 21, 22, 23, 24, 25, 26]","[2, 3, 4, 5, 14, 15, 16, 17, 18, 19, 20, 22, 23, 24, 25, 26]","[6, 7, 8, 9, 10, 11, 12, 13, 21]",6,False,17.944375,25.168333333333333,-7.223958333333332,False
mmke-visual,instructblip-vicuna-7b,available_train,model_pred,214,1.0,global_90,T-Loc,14,False,"[4, 8, 10, 14, 22]","[2, 3, 4, 5, 6, 7, 8, 9, 10, 11, 12, 13, 14, 15, 16, 17, 18, 19, 20, 21, 22, 23, 24, 25, 26]","[2, 3, 4, 5, 14, 15, 16, 17, 18, 19, 20, 22, 23, 24, 25, 26]","[6, 7, 8, 9, 10, 11, 12, 13, 21]",6,False,100.0,100.0,0.0,True
mmke-visual,instructblip-vicuna-7b,available_train,model_pred,214,1.0,global_90,M-Loc,14,False,"[4, 8, 10, 14, 22]","[2, 3, 4, 5, 6, 7, 8, 9, 10, 11, 12, 13, 14, 15, 16, 17, 18, 19, 20, 21, 22, 23, 24, 25, 26]","[2, 3, 4, 5, 14, 15, 16, 17, 18, 19, 20, 22, 23, 24, 25, 26]","[6, 7, 8, 9, 10, 11, 12, 13, 21]",6,False,99.66875,99.07166666666667,0.5970833333333303,True
mmke-visual,instructblip-vicuna-7b,available_train,model_pred,214,1.0,global_90,Average,14,False,"[4, 8, 10, 14, 22]","[2, 3, 4, 5, 6, 7, 8, 9, 10, 11, 12, 13, 14, 15, 16, 17, 18, 19, 20, 21, 22, 23, 24, 25, 26]","[2, 3, 4, 5, 14, 15, 16, 17, 18, 19, 20, 22, 23, 24, 25, 26]","[6, 7, 8, 9, 10, 11, 12, 13, 21]",6,False,50.387,54.81866666666667,-4.431666666666672,False
mmke-visual,instructblip-vicuna-7b,available_train,model_pred,214,1.0,global_95,Rel,14,False,"[4, 8, 10, 14, 22]","[2, 3, 4, 5, 6, 7, 8, 9, 10, 11, 12, 13, 14, 15, 16, 17, 18, 19]","[2, 3, 4, 5, 14, 15, 16, 17, 18, 19]","[6, 7, 8, 9, 10, 11, 12, 13]",12,False,18.009000000000004,21.596666666666668,-3.5876666666666637,False
mmke-visual,instructblip-vicuna-7b,available_train,model_pred,214,1.0,global_95,T-Gen,14,False,"[4, 8, 10, 14, 22]","[2, 3, 4, 5, 6, 7, 8, 9, 10, 11, 12, 13, 14, 15, 16, 17, 18, 19]","[2, 3, 4, 5, 14, 15, 16, 17, 18, 19]","[6, 7, 8, 9, 10, 11, 12, 13]",12,False,16.297000000000004,20.504166666666666,-4.207166666666662,False
mmke-visual,instructblip-vicuna-7b,available_train,model_pred,214,1.0,global_95,M-Gen,14,False,"[4, 8, 10, 14, 22]","[2, 3, 4, 5, 6, 7, 8, 9, 10, 11, 12, 13, 14, 15, 16, 17, 18, 19]","[2, 3, 4, 5, 14, 15, 16, 17, 18, 19]","[6, 7, 8, 9, 10, 11, 12, 13]",12,False,18.006,21.505,-3.4989999999999988,False
mmke-visual,instructblip-vicuna-7b,available_train,model_pred,214,1.0,global_95,T-Loc,14,False,"[4, 8, 10, 14, 22]","[2, 3, 4, 5, 6, 7, 8, 9, 10, 11, 12, 13, 14, 15, 16, 17, 18, 19]","[2, 3, 4, 5, 14, 15, 16, 17, 18, 19]","[6, 7, 8, 9, 10, 11, 12, 13]",12,False,100.0,100.0,0.0,True
mmke-visual,instructblip-vicuna-7b,available_train,model_pred,214,1.0,global_95,M-Loc,14,False,"[4, 8, 10, 14, 22]","[2, 3, 4, 5, 6, 7, 8, 9, 10, 11, 12, 13, 14, 15, 16, 17, 18, 19]","[2, 3, 4, 5, 14, 15, 16, 17, 18, 19]","[6, 7, 8, 9, 10, 11, 12, 13]",12,False,99.595,99.43166666666667,0.1633333333333269,False
mmke-visual,instructblip-vicuna-7b,available_train,model_pred,214,1.0,global_95,Average,14,False,"[4, 8, 10, 14, 22]","[2, 3, 4, 5, 6, 7, 8, 9, 10, 11, 12, 13, 14, 15, 16, 17, 18, 19]","[2, 3, 4, 5, 14, 15, 16, 17, 18, 19]","[6, 7, 8, 9, 10, 11, 12, 13]",12,False,50.3814,52.607499999999995,-2.2260999999999953,False
mmke-visual,instructblip-vicuna-7b,available_train,model_pred,214,1.0,interior_pm1,Rel,14,False,"[4, 8, 10, 14, 22]","[13, 14, 15]","[14, 15]",[13],20,False,17.21,20.241500000000002,-3.031500000000001,False
mmke-visual,instructblip-vicuna-7b,available_train,model_pred,214,1.0,interior_pm1,T-Gen,14,False,"[4, 8, 10, 14, 22]","[13, 14, 15]","[14, 15]",[13],20,False,15.989999999999998,18.851999999999997,-2.8619999999999983,False
mmke-visual,instructblip-vicuna-7b,available_train,model_pred,214,1.0,interior_pm1,M-Gen,14,False,"[4, 8, 10, 14, 22]","[13, 14, 15]","[14, 15]",[13],20,False,17.115,20.1945,-3.079500000000003,False
mmke-visual,instructblip-vicuna-7b,available_train,model_pred,214,1.0,interior_pm1,T-Loc,14,False,"[4, 8, 10, 14, 22]","[13, 14, 15]","[14, 15]",[13],20,False,100.0,100.0,0.0,True
mmke-visual,instructblip-vicuna-7b,available_train,model_pred,214,1.0,interior_pm1,M-Loc,14,False,"[4, 8, 10, 14, 22]","[13, 14, 15]","[14, 15]",[13],20,False,99.71000000000001,99.4855,0.22450000000000614,False
mmke-visual,instructblip-vicuna-7b,available_train,model_pred,214,1.0,interior_pm1,Average,14,False,"[4, 8, 10, 14, 22]","[13, 14, 15]","[14, 15]",[13],20,False,50.005,51.7547,-1.7496999999999971,False
mmke-visual,minigpt-4-vicuna-7b,matched_gradient,none,214,1.0,global_80,Rel,29,False,"[3, 6, 29]","[24, 25, 26, 27, 28, 29, 30]","[24, 25, 26, 27, 28, 29]",[30],15,False,57.59833333333333,59.971333333333334,-2.3730000000000047,False
mmke-visual,minigpt-4-vicuna-7b,matched_gradient,none,214,1.0,global_80,T-Gen,29,False,"[3, 6, 29]","[24, 25, 26, 27, 28, 29, 30]","[24, 25, 26, 27, 28, 29]",[30],15,False,57.39000000000001,59.87866666666667,-2.48866666666666,False
mmke-visual,minigpt-4-vicuna-7b,matched_gradient,none,214,1.0,global_80,M-Gen,29,False,"[3, 6, 29]","[24, 25, 26, 27, 28, 29, 30]","[24, 25, 26, 27, 28, 29]",[30],15,False,57.47166666666667,59.916000000000004,-2.444333333333333,False
mmke-visual,minigpt-4-vicuna-7b,matched_gradient,none,214,1.0,global_80,T-Loc,29,False,"[3, 6, 29]","[24, 25, 26, 27, 28, 29, 30]","[24, 25, 26, 27, 28, 29]",[30],15,False,100.0,100.0,0.0,True
mmke-visual,minigpt-4-vicuna-7b,matched_gradient,none,214,1.0,global_80,M-Loc,29,False,"[3, 6, 29]","[24, 25, 26, 27, 28, 29, 30]","[24, 25, 26, 27, 28, 29]",[30],15,False,97.87833333333334,98.53733333333334,-0.6589999999999918,False
mmke-visual,minigpt-4-vicuna-7b,matched_gradient,none,214,1.0,global_80,Average,29,False,"[3, 6, 29]","[24, 25, 26, 27, 28, 29, 30]","[24, 25, 26, 27, 28, 29]",[30],15,False,74.06766666666667,75.66066666666666,-1.5929999999999893,False
mmke-visual,minigpt-4-vicuna-7b,matched_gradient,none,214,1.0,global_90,Rel,29,False,"[3, 6, 29]","[26, 27, 28, 29, 30]","[26, 27, 28, 29]",[30],17,False,57.427499999999995,59.73235294117647,-2.3048529411764775,False
mmke-visual,minigpt-4-vicuna-7b,matched_gradient,none,214,1.0,global_90,T-Gen,29,False,"[3, 6, 29]","[26, 27, 28, 29, 30]","[26, 27, 28, 29]",[30],17,False,57.167500000000004,59.63823529411765,-2.4707352941176453,False
mmke-visual,minigpt-4-vicuna-7b,matched_gradient,none,214,1.0,global_90,M-Gen,29,False,"[3, 6, 29]","[26, 27, 28, 29, 30]","[26, 27, 28, 29]",[30],17,False,57.26,59.67823529411765,-2.4182352941176504,False
mmke-visual,minigpt-4-vicuna-7b,matched_gradient,none,214,1.0,global_90,T-Loc,29,False,"[3, 6, 29]","[26, 27, 28, 29, 30]","[26, 27, 28, 29]",[30],17,False,100.0,100.0,0.0,True
mmke-visual,minigpt-4-vicuna-7b,matched_gradient,none,214,1.0,global_90,M-Loc,29,False,"[3, 6, 29]","[26, 27, 28, 29, 30]","[26, 27, 28, 29]",[30],17,False,97.93,98.44764705882353,-0.5176470588235276,False
mmke-visual,minigpt-4-vicuna-7b,matched_gradient,none,214,1.0,global_90,Average,29,False,"[3, 6, 29]","[26, 27, 28, 29, 30]","[26, 27, 28, 29]",[30],17,False,73.95700000000001,75.49929411764705,-1.542294117647046,False
mmke-visual,minigpt-4-vicuna-7b,matched_gradient,none,214,1.0,global_95,Rel,29,False,"[3, 6, 29]","[28, 29]","[28, 29]",[],19,True,57.254999999999995,59.50789473684211,-2.2528947368421157,False
mmke-visual,minigpt-4-vicuna-7b,matched_gradient,none,214,1.0,global_95,T-Gen,29,False,"[3, 6, 29]","[28, 29]","[28, 29]",[],19,True,57.05,59.390526315789465,-2.340526315789468,False
mmke-visual,minigpt-4-vicuna-7b,matched_gradient,none,214,1.0,global_95,M-Gen,29,False,"[3, 6, 29]","[28, 29]","[28, 29]",[],19,True,57.11,59.43947368421052,-2.3294736842105195,False
mmke-visual,minigpt-4-vicuna-7b,matched_gradient,none,214,1.0,global_95,T-Loc,29,False,"[3, 6, 29]","[28, 29]","[28, 29]",[],19,True,100.0,100.0,0.0,True
mmke-visual,minigpt-4-vicuna-7b,matched_gradient,none,214,1.0,global_95,M-Loc,29,False,"[3, 6, 29]","[28, 29]","[28, 29]",[],19,True,97.845,98.4021052631579,-0.5571052631579079,False
mmke-visual,minigpt-4-vicuna-7b,matched_gradient,none,214,1.0,global_95,Average,29,False,"[3, 6, 29]","[28, 29]","[28, 29]",[],19,True,73.852,75.348,-1.4959999999999951,False
mmke-visual,minigpt-4-vicuna-7b,matched_gradient,none,214,1.0,interior_pm1,Rel,29,False,"[3, 6, 29]","[28, 29, 30]","[28, 29]",[30],19,False,57.254999999999995,59.50789473684211,-2.2528947368421157,False
mmke-visual,minigpt-4-vicuna-7b,matched_gradient,none,214,1.0,interior_pm1,T-Gen,29,False,"[3, 6, 29]","[28, 29, 30]","[28, 29]",[30],19,False,57.05,59.390526315789465,-2.340526315789468,False
mmke-visual,minigpt-4-vicuna-7b,matched_gradient,none,214,1.0,interior_pm1,M-Gen,29,False,"[3, 6, 29]","[28, 29, 30]","[28, 29]",[30],19,False,57.11,59.43947368421052,-2.3294736842105195,False
mmke-visual,minigpt-4-vicuna-7b,matched_gradient,none,214,1.0,interior_pm1,T-Loc,29,False,"[3, 6, 29]","[28, 29, 30]","[28, 29]",[30],19,False,100.0,100.0,0.0,True
mmke-visual,minigpt-4-vicuna-7b,matched_gradient,none,214,1.0,interior_pm1,M-Loc,29,False,"[3, 6, 29]","[28, 29, 30]","[28, 29]",[30],19,False,97.845,98.4021052631579,-0.5571052631579079,False
mmke-visual,minigpt-4-vicuna-7b,matched_gradient,none,214,1.0,interior_pm1,Average,29,False,"[3, 6, 29]","[28, 29, 30]","[28, 29]",[30],19,False,73.852,75.348,-1.4959999999999951,False
mmke-visual,minigpt-4-vicuna-7b,matched_gradient,alt,214,1.0,global_80,Rel,29,False,"[3, 6, 10, 29]","[26, 27, 28, 29, 30]","[26, 27, 28, 29]",[30],17,False,57.427499999999995,59.73235294117647,-2.3048529411764775,False
mmke-visual,minigpt-4-vicuna-7b,matched_gradient,alt,214,1.0,global_80,T-Gen,29,False,"[3, 6, 10, 29]","[26, 27, 28, 29, 30]","[26, 27, 28, 29]",[30],17,False,57.167500000000004,59.63823529411765,-2.4707352941176453,False
mmke-visual,minigpt-4-vicuna-7b,matched_gradient,alt,214,1.0,global_80,M-Gen,29,False,"[3, 6, 10, 29]","[26, 27, 28, 29, 30]","[26, 27, 28, 29]",[30],17,False,57.26,59.67823529411765,-2.4182352941176504,False
mmke-visual,minigpt-4-vicuna-7b,matched_gradient,alt,214,1.0,global_80,T-Loc,29,False,"[3, 6, 10, 29]","[26, 27, 28, 29, 30]","[26, 27, 28, 29]",[30],17,False,100.0,100.0,0.0,True
mmke-visual,minigpt-4-vicuna-7b,matched_gradient,alt,214,1.0,global_80,M-Loc,29,False,"[3, 6, 10, 29]","[26, 27, 28, 29, 30]","[26, 27, 28, 29]",[30],17,False,97.93,98.44764705882353,-0.5176470588235276,False
mmke-visual,minigpt-4-vicuna-7b,matched_gradient,alt,214,1.0,global_80,Average,29,False,"[3, 6, 10, 29]","[26, 27, 28, 29, 30]","[26, 27, 28, 29]",[30],17,False,73.95700000000001,75.49929411764705,-1.542294117647046,False
mmke-visual,minigpt-4-vicuna-7b,matched_gradient,alt,214,1.0,global_90,Rel,29,False,"[3, 6, 10, 29]","[28, 29]","[28, 29]",[],19,True,57.254999999999995,59.50789473684211,-2.2528947368421157,False
mmke-visual,minigpt-4-vicuna-7b,matched_gradient,alt,214,1.0,global_90,T-Gen,29,False,"[3, 6, 10, 29]","[28, 29]","[28, 29]",[],19,True,57.05,59.390526315789465,-2.340526315789468,False
mmke-visual,minigpt-4-vicuna-7b,matched_gradient,alt,214,1.0,global_90,M-Gen,29,False,"[3, 6, 10, 29]","[28, 29]","[28, 29]",[],19,True,57.11,59.43947368421052,-2.3294736842105195,False
mmke-visual,minigpt-4-vicuna-7b,matched_gradient,alt,214,1.0,global_90,T-Loc,29,False,"[3, 6, 10, 29]","[28, 29]","[28, 29]",[],19,True,100.0,100.0,0.0,True
mmke-visual,minigpt-4-vicuna-7b,matched_gradient,alt,214,1.0,global_90,M-Loc,29,False,"[3, 6, 10, 29]","[28, 29]","[28, 29]",[],19,True,97.845,98.4021052631579,-0.5571052631579079,False
mmke-visual,minigpt-4-vicuna-7b,matched_gradient,alt,214,1.0,global_90,Average,29,False,"[3, 6, 10, 29]","[28, 29]","[28, 29]",[],19,True,73.852,75.348,-1.4959999999999951,False
mmke-visual,minigpt-4-vicuna-7b,matched_gradient,alt,214,1.0,global_95,Rel,29,False,"[3, 6, 10, 29]",[29],[29],[],20,True,56.55,59.43050000000001,-2.880500000000012,False
mmke-visual,minigpt-4-vicuna-7b,matched_gradient,alt,214,1.0,global_95,T-Gen,29,False,"[3, 6, 10, 29]",[29],[29],[],20,True,56.18,59.31699999999999,-3.1369999999999933,False
mmke-visual,minigpt-4-vicuna-7b,matched_gradient,alt,214,1.0,global_95,M-Gen,29,False,"[3, 6, 10, 29]",[29],[29],[],20,True,56.37,59.35999999999999,-2.989999999999995,False
mmke-visual,minigpt-4-vicuna-7b,matched_gradient,alt,214,1.0,global_95,T-Loc,29,False,"[3, 6, 10, 29]",[29],[29],[],20,True,100.0,100.0,0.0,True
mmke-visual,minigpt-4-vicuna-7b,matched_gradient,alt,214,1.0,global_95,M-Loc,29,False,"[3, 6, 10, 29]",[29],[29],[],20,True,97.23,98.405,-1.1749999999999972,False
mmke-visual,minigpt-4-vicuna-7b,matched_gradient,alt,214,1.0,global_95,Average,29,False,"[3, 6, 10, 29]",[29],[29],[],20,True,73.266,75.3025,-2.0364999999999895,False
mmke-visual,minigpt-4-vicuna-7b,matched_gradient,alt,214,1.0,interior_pm1,Rel,29,False,"[3, 6, 10, 29]","[28, 29, 30]","[28, 29]",[30],19,False,57.254999999999995,59.50789473684211,-2.2528947368421157,False
mmke-visual,minigpt-4-vicuna-7b,matched_gradient,alt,214,1.0,interior_pm1,T-Gen,29,False,"[3, 6, 10, 29]","[28, 29, 30]","[28, 29]",[30],19,False,57.05,59.390526315789465,-2.340526315789468,False
mmke-visual,minigpt-4-vicuna-7b,matched_gradient,alt,214,1.0,interior_pm1,M-Gen,29,False,"[3, 6, 10, 29]","[28, 29, 30]","[28, 29]",[30],19,False,57.11,59.43947368421052,-2.3294736842105195,False
mmke-visual,minigpt-4-vicuna-7b,matched_gradient,alt,214,1.0,interior_pm1,T-Loc,29,False,"[3, 6, 10, 29]","[28, 29, 30]","[28, 29]",[30],19,False,100.0,100.0,0.0,True
mmke-visual,minigpt-4-vicuna-7b,matched_gradient,alt,214,1.0,interior_pm1,M-Loc,29,False,"[3, 6, 10, 29]","[28, 29, 30]","[28, 29]",[30],19,False,97.845,98.4021052631579,-0.5571052631579079,False
mmke-visual,minigpt-4-vicuna-7b,matched_gradient,alt,214,1.0,interior_pm1,Average,29,False,"[3, 6, 10, 29]","[28, 29, 30]","[28, 29]",[30],19,False,73.852,75.348,-1.4959999999999951,False
mmke-visual,minigpt-4-vicuna-7b,matched_gradient,model_pred,214,1.0,global_80,Rel,29,False,"[3, 6, 29]","[25, 26, 27, 28, 29, 30]","[25, 26, 27, 28, 29]",[30],16,False,57.52,59.8475,-2.3274999999999935,False
mmke-visual,minigpt-4-vicuna-7b,matched_gradient,model_pred,214,1.0,global_80,T-Gen,29,False,"[3, 6, 29]","[25, 26, 27, 28, 29, 30]","[25, 26, 27, 28, 29]",[30],16,False,57.28000000000001,59.7575,-2.477499999999992,False
mmke-visual,minigpt-4-vicuna-7b,matched_gradient,model_pred,214,1.0,global_80,M-Gen,29,False,"[3, 6, 29]","[25, 26, 27, 28, 29, 30]","[25, 26, 27, 28, 29]",[30],16,False,57.355999999999995,59.799375,-2.443375000000003,False
mmke-visual,minigpt-4-vicuna-7b,matched_gradient,model_pred,214,1.0,global_80,T-Loc,29,False,"[3, 6, 29]","[25, 26, 27, 28, 29, 30]","[25, 26, 27, 28, 29]",[30],16,False,100.0,100.0,0.0,True
mmke-visual,minigpt-4-vicuna-7b,matched_gradient,model_pred,214,1.0,global_80,M-Loc,29,False,"[3, 6, 29]","[25, 26, 27, 28, 29, 30]","[25, 26, 27, 28, 29]",[30],16,False,97.994,98.46000000000001,-0.4660000000000082,False
mmke-visual,minigpt-4-vicuna-7b,matched_gradient,model_pred,214,1.0,global_80,Average,29,False,"[3, 6, 29]","[25, 26, 27, 28, 29, 30]","[25, 26, 27, 28, 29]",[30],16,False,74.03,75.57287500000001,-1.5428750000000093,False
mmke-visual,minigpt-4-vicuna-7b,matched_gradient,model_pred,214,1.0,global_90,Rel,29,False,"[3, 6, 29]","[27, 28, 29, 30]","[27, 28, 29]",[30],18,False,57.46333333333333,59.59833333333333,-2.134999999999998,False
mmke-visual,minigpt-4-vicuna-7b,matched_gradient,model_pred,214,1.0,global_90,T-Gen,29,False,"[3, 6, 29]","[27, 28, 29, 30]","[27, 28, 29]",[30],18,False,57.23333333333333,59.489999999999995,-2.2566666666666677,False
mmke-visual,minigpt-4-vicuna-7b,matched_gradient,model_pred,214,1.0,global_90,M-Gen,29,False,"[3, 6, 29]","[27, 28, 29, 30]","[27, 28, 29]",[30],18,False,57.24666666666667,59.54611111111111,-2.2994444444444397,False
mmke-visual,minigpt-4-vicuna-7b,matched_gradient,model_pred,214,1.0,global_90,T-Loc,29,False,"[3, 6, 29]","[27, 28, 29, 30]","[27, 28, 29]",[30],18,False,100.0,100.0,0.0,True
mmke-visual,minigpt-4-vicuna-7b,matched_gradient,model_pred,214,1.0,global_90,M-Loc,29,False,"[3, 6, 29]","[27, 28, 29, 30]","[27, 28, 29]",[30],18,False,97.88666666666667,98.42611111111111,-0.5394444444444417,False
mmke-visual,minigpt-4-vicuna-7b,matched_gradient,model_pred,214,1.0,global_90,Average,29,False,"[3, 6, 29]","[27, 28, 29, 30]","[27, 28, 29]",[30],18,False,73.96600000000001,75.4121111111111,-1.4461111111110938,False
mmke-visual,minigpt-4-vicuna-7b,matched_gradient,model_pred,214,1.0,global_95,Rel,29,False,"[3, 6, 29]","[28, 29]","[28, 29]",[],19,True,57.254999999999995,59.50789473684211,-2.2528947368421157,False
mmke-visual,minigpt-4-vicuna-7b,matched_gradient,model_pred,214,1.0,global_95,T-Gen,29,False,"[3, 6, 29]","[28, 29]","[28, 29]",[],19,True,57.05,59.390526315789465,-2.340526315789468,False
mmke-visual,minigpt-4-vicuna-7b,matched_gradient,model_pred,214,1.0,global_95,M-Gen,29,False,"[3, 6, 29]","[28, 29]","[28, 29]",[],19,True,57.11,59.43947368421052,-2.3294736842105195,False
mmke-visual,minigpt-4-vicuna-7b,matched_gradient,model_pred,214,1.0,global_95,T-Loc,29,False,"[3, 6, 29]","[28, 29]","[28, 29]",[],19,True,100.0,100.0,0.0,True
mmke-visual,minigpt-4-vicuna-7b,matched_gradient,model_pred,214,1.0,global_95,M-Loc,29,False,"[3, 6, 29]","[28, 29]","[28, 29]",[],19,True,97.845,98.4021052631579,-0.5571052631579079,False
mmke-visual,minigpt-4-vicuna-7b,matched_gradient,model_pred,214,1.0,global_95,Average,29,False,"[3, 6, 29]","[28, 29]","[28, 29]",[],19,True,73.852,75.348,-1.4959999999999951,False
mmke-visual,minigpt-4-vicuna-7b,matched_gradient,model_pred,214,1.0,interior_pm1,Rel,29,False,"[3, 6, 29]","[28, 29, 30]","[28, 29]",[30],19,False,57.254999999999995,59.50789473684211,-2.2528947368421157,False
mmke-visual,minigpt-4-vicuna-7b,matched_gradient,model_pred,214,1.0,interior_pm1,T-Gen,29,False,"[3, 6, 29]","[28, 29, 30]","[28, 29]",[30],19,False,57.05,59.390526315789465,-2.340526315789468,False
mmke-visual,minigpt-4-vicuna-7b,matched_gradient,model_pred,214,1.0,interior_pm1,M-Gen,29,False,"[3, 6, 29]","[28, 29, 30]","[28, 29]",[30],19,False,57.11,59.43947368421052,-2.3294736842105195,False
mmke-visual,minigpt-4-vicuna-7b,matched_gradient,model_pred,214,1.0,interior_pm1,T-Loc,29,False,"[3, 6, 29]","[28, 29, 30]","[28, 29]",[30],19,False,100.0,100.0,0.0,True
mmke-visual,minigpt-4-vicuna-7b,matched_gradient,model_pred,214,1.0,interior_pm1,M-Loc,29,False,"[3, 6, 29]","[28, 29, 30]","[28, 29]",[30],19,False,97.845,98.4021052631579,-0.5571052631579079,False
mmke-visual,minigpt-4-vicuna-7b,matched_gradient,model_pred,214,1.0,interior_pm1,Average,29,False,"[3, 6, 29]","[28, 29, 30]","[28, 29]",[30],19,False,73.852,75.348,-1.4959999999999951,False
mmke-visual,minigpt-4-vicuna-7b,available_train,none,214,1.0,global_80,Rel,29,False,"[3, 6, 29]","[24, 25, 26, 27, 28, 29, 30]","[24, 25, 26, 27, 28, 29]",[30],15,False,57.59833333333333,59.971333333333334,-2.3730000000000047,False
mmke-visual,minigpt-4-vicuna-7b,available_train,none,214,1.0,global_80,T-Gen,29,False,"[3, 6, 29]","[24, 25, 26, 27, 28, 29, 30]","[24, 25, 26, 27, 28, 29]",[30],15,False,57.39000000000001,59.87866666666667,-2.48866666666666,False
mmke-visual,minigpt-4-vicuna-7b,available_train,none,214,1.0,global_80,M-Gen,29,False,"[3, 6, 29]","[24, 25, 26, 27, 28, 29, 30]","[24, 25, 26, 27, 28, 29]",[30],15,False,57.47166666666667,59.916000000000004,-2.444333333333333,False
mmke-visual,minigpt-4-vicuna-7b,available_train,none,214,1.0,global_80,T-Loc,29,False,"[3, 6, 29]","[24, 25, 26, 27, 28, 29, 30]","[24, 25, 26, 27, 28, 29]",[30],15,False,100.0,100.0,0.0,True
mmke-visual,minigpt-4-vicuna-7b,available_train,none,214,1.0,global_80,M-Loc,29,False,"[3, 6, 29]","[24, 25, 26, 27, 28, 29, 30]","[24, 25, 26, 27, 28, 29]",[30],15,False,97.87833333333334,98.53733333333334,-0.6589999999999918,False
mmke-visual,minigpt-4-vicuna-7b,available_train,none,214,1.0,global_80,Average,29,False,"[3, 6, 29]","[24, 25, 26, 27, 28, 29, 30]","[24, 25, 26, 27, 28, 29]",[30],15,False,74.06766666666667,75.66066666666666,-1.5929999999999893,False
mmke-visual,minigpt-4-vicuna-7b,available_train,none,214,1.0,global_90,Rel,29,False,"[3, 6, 29]","[26, 27, 28, 29, 30]","[26, 27, 28, 29]",[30],17,False,57.427499999999995,59.73235294117647,-2.3048529411764775,False
mmke-visual,minigpt-4-vicuna-7b,available_train,none,214,1.0,global_90,T-Gen,29,False,"[3, 6, 29]","[26, 27, 28, 29, 30]","[26, 27, 28, 29]",[30],17,False,57.167500000000004,59.63823529411765,-2.4707352941176453,False
mmke-visual,minigpt-4-vicuna-7b,available_train,none,214,1.0,global_90,M-Gen,29,False,"[3, 6, 29]","[26, 27, 28, 29, 30]","[26, 27, 28, 29]",[30],17,False,57.26,59.67823529411765,-2.4182352941176504,False
mmke-visual,minigpt-4-vicuna-7b,available_train,none,214,1.0,global_90,T-Loc,29,False,"[3, 6, 29]","[26, 27, 28, 29, 30]","[26, 27, 28, 29]",[30],17,False,100.0,100.0,0.0,True
mmke-visual,minigpt-4-vicuna-7b,available_train,none,214,1.0,global_90,M-Loc,29,False,"[3, 6, 29]","[26, 27, 28, 29, 30]","[26, 27, 28, 29]",[30],17,False,97.93,98.44764705882353,-0.5176470588235276,False
mmke-visual,minigpt-4-vicuna-7b,available_train,none,214,1.0,global_90,Average,29,False,"[3, 6, 29]","[26, 27, 28, 29, 30]","[26, 27, 28, 29]",[30],17,False,73.95700000000001,75.49929411764705,-1.542294117647046,False
mmke-visual,minigpt-4-vicuna-7b,available_train,none,214,1.0,global_95,Rel,29,False,"[3, 6, 29]","[28, 29]","[28, 29]",[],19,True,57.254999999999995,59.50789473684211,-2.2528947368421157,False
mmke-visual,minigpt-4-vicuna-7b,available_train,none,214,1.0,global_95,T-Gen,29,False,"[3, 6, 29]","[28, 29]","[28, 29]",[],19,True,57.05,59.390526315789465,-2.340526315789468,False
mmke-visual,minigpt-4-vicuna-7b,available_train,none,214,1.0,global_95,M-Gen,29,False,"[3, 6, 29]","[28, 29]","[28, 29]",[],19,True,57.11,59.43947368421052,-2.3294736842105195,False
mmke-visual,minigpt-4-vicuna-7b,available_train,none,214,1.0,global_95,T-Loc,29,False,"[3, 6, 29]","[28, 29]","[28, 29]",[],19,True,100.0,100.0,0.0,True
mmke-visual,minigpt-4-vicuna-7b,available_train,none,214,1.0,global_95,M-Loc,29,False,"[3, 6, 29]","[28, 29]","[28, 29]",[],19,True,97.845,98.4021052631579,-0.5571052631579079,False
mmke-visual,minigpt-4-vicuna-7b,available_train,none,214,1.0,global_95,Average,29,False,"[3, 6, 29]","[28, 29]","[28, 29]",[],19,True,73.852,75.348,-1.4959999999999951,False
mmke-visual,minigpt-4-vicuna-7b,available_train,none,214,1.0,interior_pm1,Rel,29,False,"[3, 6, 29]","[28, 29, 30]","[28, 29]",[30],19,False,57.254999999999995,59.50789473684211,-2.2528947368421157,False
mmke-visual,minigpt-4-vicuna-7b,available_train,none,214,1.0,interior_pm1,T-Gen,29,False,"[3, 6, 29]","[28, 29, 30]","[28, 29]",[30],19,False,57.05,59.390526315789465,-2.340526315789468,False
mmke-visual,minigpt-4-vicuna-7b,available_train,none,214,1.0,interior_pm1,M-Gen,29,False,"[3, 6, 29]","[28, 29, 30]","[28, 29]",[30],19,False,57.11,59.43947368421052,-2.3294736842105195,False
mmke-visual,minigpt-4-vicuna-7b,available_train,none,214,1.0,interior_pm1,T-Loc,29,False,"[3, 6, 29]","[28, 29, 30]","[28, 29]",[30],19,False,100.0,100.0,0.0,True
mmke-visual,minigpt-4-vicuna-7b,available_train,none,214,1.0,interior_pm1,M-Loc,29,False,"[3, 6, 29]","[28, 29, 30]","[28, 29]",[30],19,False,97.845,98.4021052631579,-0.5571052631579079,False
mmke-visual,minigpt-4-vicuna-7b,available_train,none,214,1.0,interior_pm1,Average,29,False,"[3, 6, 29]","[28, 29, 30]","[28, 29]",[30],19,False,73.852,75.348,-1.4959999999999951,False
mmke-visual,minigpt-4-vicuna-7b,available_train,alt,214,1.0,global_80,Rel,29,False,"[3, 6, 10, 29]","[26, 27, 28, 29, 30]","[26, 27, 28, 29]",[30],17,False,57.427499999999995,59.73235294117647,-2.3048529411764775,False
mmke-visual,minigpt-4-vicuna-7b,available_train,alt,214,1.0,global_80,T-Gen,29,False,"[3, 6, 10, 29]","[26, 27, 28, 29, 30]","[26, 27, 28, 29]",[30],17,False,57.167500000000004,59.63823529411765,-2.4707352941176453,False
mmke-visual,minigpt-4-vicuna-7b,available_train,alt,214,1.0,global_80,M-Gen,29,False,"[3, 6, 10, 29]","[26, 27, 28, 29, 30]","[26, 27, 28, 29]",[30],17,False,57.26,59.67823529411765,-2.4182352941176504,False
mmke-visual,minigpt-4-vicuna-7b,available_train,alt,214,1.0,global_80,T-Loc,29,False,"[3, 6, 10, 29]","[26, 27, 28, 29, 30]","[26, 27, 28, 29]",[30],17,False,100.0,100.0,0.0,True
mmke-visual,minigpt-4-vicuna-7b,available_train,alt,214,1.0,global_80,M-Loc,29,False,"[3, 6, 10, 29]","[26, 27, 28, 29, 30]","[26, 27, 28, 29]",[30],17,False,97.93,98.44764705882353,-0.5176470588235276,False
mmke-visual,minigpt-4-vicuna-7b,available_train,alt,214,1.0,global_80,Average,29,False,"[3, 6, 10, 29]","[26, 27, 28, 29, 30]","[26, 27, 28, 29]",[30],17,False,73.95700000000001,75.49929411764705,-1.542294117647046,False
mmke-visual,minigpt-4-vicuna-7b,available_train,alt,214,1.0,global_90,Rel,29,False,"[3, 6, 10, 29]","[28, 29]","[28, 29]",[],19,True,57.254999999999995,59.50789473684211,-2.2528947368421157,False
mmke-visual,minigpt-4-vicuna-7b,available_train,alt,214,1.0,global_90,T-Gen,29,False,"[3, 6, 10, 29]","[28, 29]","[28, 29]",[],19,True,57.05,59.390526315789465,-2.340526315789468,False
mmke-visual,minigpt-4-vicuna-7b,available_train,alt,214,1.0,global_90,M-Gen,29,False,"[3, 6, 10, 29]","[28, 29]","[28, 29]",[],19,True,57.11,59.43947368421052,-2.3294736842105195,False
mmke-visual,minigpt-4-vicuna-7b,available_train,alt,214,1.0,global_90,T-Loc,29,False,"[3, 6, 10, 29]","[28, 29]","[28, 29]",[],19,True,100.0,100.0,0.0,True
mmke-visual,minigpt-4-vicuna-7b,available_train,alt,214,1.0,global_90,M-Loc,29,False,"[3, 6, 10, 29]","[28, 29]","[28, 29]",[],19,True,97.845,98.4021052631579,-0.5571052631579079,False
mmke-visual,minigpt-4-vicuna-7b,available_train,alt,214,1.0,global_90,Average,29,False,"[3, 6, 10, 29]","[28, 29]","[28, 29]",[],19,True,73.852,75.348,-1.4959999999999951,False
mmke-visual,minigpt-4-vicuna-7b,available_train,alt,214,1.0,global_95,Rel,29,False,"[3, 6, 10, 29]",[29],[29],[],20,True,56.55,59.43050000000001,-2.880500000000012,False
mmke-visual,minigpt-4-vicuna-7b,available_train,alt,214,1.0,global_95,T-Gen,29,False,"[3, 6, 10, 29]",[29],[29],[],20,True,56.18,59.31699999999999,-3.1369999999999933,False
mmke-visual,minigpt-4-vicuna-7b,available_train,alt,214,1.0,global_95,M-Gen,29,False,"[3, 6, 10, 29]",[29],[29],[],20,True,56.37,59.35999999999999,-2.989999999999995,False
mmke-visual,minigpt-4-vicuna-7b,available_train,alt,214,1.0,global_95,T-Loc,29,False,"[3, 6, 10, 29]",[29],[29],[],20,True,100.0,100.0,0.0,True
mmke-visual,minigpt-4-vicuna-7b,available_train,alt,214,1.0,global_95,M-Loc,29,False,"[3, 6, 10, 29]",[29],[29],[],20,True,97.23,98.405,-1.1749999999999972,False
mmke-visual,minigpt-4-vicuna-7b,available_train,alt,214,1.0,global_95,Average,29,False,"[3, 6, 10, 29]",[29],[29],[],20,True,73.266,75.3025,-2.0364999999999895,False
mmke-visual,minigpt-4-vicuna-7b,available_train,alt,214,1.0,interior_pm1,Rel,29,False,"[3, 6, 10, 29]","[28, 29, 30]","[28, 29]",[30],19,False,57.254999999999995,59.50789473684211,-2.2528947368421157,False
mmke-visual,minigpt-4-vicuna-7b,available_train,alt,214,1.0,interior_pm1,T-Gen,29,False,"[3, 6, 10, 29]","[28, 29, 30]","[28, 29]",[30],19,False,57.05,59.390526315789465,-2.340526315789468,False
mmke-visual,minigpt-4-vicuna-7b,available_train,alt,214,1.0,interior_pm1,M-Gen,29,False,"[3, 6, 10, 29]","[28, 29, 30]","[28, 29]",[30],19,False,57.11,59.43947368421052,-2.3294736842105195,False
mmke-visual,minigpt-4-vicuna-7b,available_train,alt,214,1.0,interior_pm1,T-Loc,29,False,"[3, 6, 10, 29]","[28, 29, 30]","[28, 29]",[30],19,False,100.0,100.0,0.0,True
mmke-visual,minigpt-4-vicuna-7b,available_train,alt,214,1.0,interior_pm1,M-Loc,29,False,"[3, 6, 10, 29]","[28, 29, 30]","[28, 29]",[30],19,False,97.845,98.4021052631579,-0.5571052631579079,False
mmke-visual,minigpt-4-vicuna-7b,available_train,alt,214,1.0,interior_pm1,Average,29,False,"[3, 6, 10, 29]","[28, 29, 30]","[28, 29]",[30],19,False,73.852,75.348,-1.4959999999999951,False
mmke-visual,minigpt-4-vicuna-7b,available_train,model_pred,214,1.0,global_80,Rel,29,False,"[3, 6, 29]","[25, 26, 27, 28, 29, 30]","[25, 26, 27, 28, 29]",[30],16,False,57.52,59.8475,-2.3274999999999935,False
mmke-visual,minigpt-4-vicuna-7b,available_train,model_pred,214,1.0,global_80,T-Gen,29,False,"[3, 6, 29]","[25, 26, 27, 28, 29, 30]","[25, 26, 27, 28, 29]",[30],16,False,57.28000000000001,59.7575,-2.477499999999992,False
mmke-visual,minigpt-4-vicuna-7b,available_train,model_pred,214,1.0,global_80,M-Gen,29,False,"[3, 6, 29]","[25, 26, 27, 28, 29, 30]","[25, 26, 27, 28, 29]",[30],16,False,57.355999999999995,59.799375,-2.443375000000003,False
mmke-visual,minigpt-4-vicuna-7b,available_train,model_pred,214,1.0,global_80,T-Loc,29,False,"[3, 6, 29]","[25, 26, 27, 28, 29, 30]","[25, 26, 27, 28, 29]",[30],16,False,100.0,100.0,0.0,True
mmke-visual,minigpt-4-vicuna-7b,available_train,model_pred,214,1.0,global_80,M-Loc,29,False,"[3, 6, 29]","[25, 26, 27, 28, 29, 30]","[25, 26, 27, 28, 29]",[30],16,False,97.994,98.46000000000001,-0.4660000000000082,False
mmke-visual,minigpt-4-vicuna-7b,available_train,model_pred,214,1.0,global_80,Average,29,False,"[3, 6, 29]","[25, 26, 27, 28, 29, 30]","[25, 26, 27, 28, 29]",[30],16,False,74.03,75.57287500000001,-1.5428750000000093,False
mmke-visual,minigpt-4-vicuna-7b,available_train,model_pred,214,1.0,global_90,Rel,29,False,"[3, 6, 29]","[27, 28, 29, 30]","[27, 28, 29]",[30],18,False,57.46333333333333,59.59833333333333,-2.134999999999998,False
mmke-visual,minigpt-4-vicuna-7b,available_train,model_pred,214,1.0,global_90,T-Gen,29,False,"[3, 6, 29]","[27, 28, 29, 30]","[27, 28, 29]",[30],18,False,57.23333333333333,59.489999999999995,-2.2566666666666677,False
mmke-visual,minigpt-4-vicuna-7b,available_train,model_pred,214,1.0,global_90,M-Gen,29,False,"[3, 6, 29]","[27, 28, 29, 30]","[27, 28, 29]",[30],18,False,57.24666666666667,59.54611111111111,-2.2994444444444397,False
mmke-visual,minigpt-4-vicuna-7b,available_train,model_pred,214,1.0,global_90,T-Loc,29,False,"[3, 6, 29]","[27, 28, 29, 30]","[27, 28, 29]",[30],18,False,100.0,100.0,0.0,True
mmke-visual,minigpt-4-vicuna-7b,available_train,model_pred,214,1.0,global_90,M-Loc,29,False,"[3, 6, 29]","[27, 28, 29, 30]","[27, 28, 29]",[30],18,False,97.88666666666667,98.42611111111111,-0.5394444444444417,False
mmke-visual,minigpt-4-vicuna-7b,available_train,model_pred,214,1.0,global_90,Average,29,False,"[3, 6, 29]","[27, 28, 29, 30]","[27, 28, 29]",[30],18,False,73.96600000000001,75.4121111111111,-1.4461111111110938,False
mmke-visual,minigpt-4-vicuna-7b,available_train,model_pred,214,1.0,global_95,Rel,29,False,"[3, 6, 29]","[28, 29]","[28, 29]",[],19,True,57.254999999999995,59.50789473684211,-2.2528947368421157,False
mmke-visual,minigpt-4-vicuna-7b,available_train,model_pred,214,1.0,global_95,T-Gen,29,False,"[3, 6, 29]","[28, 29]","[28, 29]",[],19,True,57.05,59.390526315789465,-2.340526315789468,False
mmke-visual,minigpt-4-vicuna-7b,available_train,model_pred,214,1.0,global_95,M-Gen,29,False,"[3, 6, 29]","[28, 29]","[28, 29]",[],19,True,57.11,59.43947368421052,-2.3294736842105195,False
mmke-visual,minigpt-4-vicuna-7b,available_train,model_pred,214,1.0,global_95,T-Loc,29,False,"[3, 6, 29]","[28, 29]","[28, 29]",[],19,True,100.0,100.0,0.0,True
mmke-visual,minigpt-4-vicuna-7b,available_train,model_pred,214,1.0,global_95,M-Loc,29,False,"[3, 6, 29]","[28, 29]","[28, 29]",[],19,True,97.845,98.4021052631579,-0.5571052631579079,False
mmke-visual,minigpt-4-vicuna-7b,available_train,model_pred,214,1.0,global_95,Average,29,False,"[3, 6, 29]","[28, 29]","[28, 29]",[],19,True,73.852,75.348,-1.4959999999999951,False
mmke-visual,minigpt-4-vicuna-7b,available_train,model_pred,214,1.0,interior_pm1,Rel,29,False,"[3, 6, 29]","[28, 29, 30]","[28, 29]",[30],19,False,57.254999999999995,59.50789473684211,-2.2528947368421157,False
mmke-visual,minigpt-4-vicuna-7b,available_train,model_pred,214,1.0,interior_pm1,T-Gen,29,False,"[3, 6, 29]","[28, 29, 30]","[28, 29]",[30],19,False,57.05,59.390526315789465,-2.340526315789468,False
mmke-visual,minigpt-4-vicuna-7b,available_train,model_pred,214,1.0,interior_pm1,M-Gen,29,False,"[3, 6, 29]","[28, 29, 30]","[28, 29]",[30],19,False,57.11,59.43947368421052,-2.3294736842105195,False
mmke-visual,minigpt-4-vicuna-7b,available_train,model_pred,214,1.0,interior_pm1,T-Loc,29,False,"[3, 6, 29]","[28, 29, 30]","[28, 29]",[30],19,False,100.0,100.0,0.0,True
mmke-visual,minigpt-4-vicuna-7b,available_train,model_pred,214,1.0,interior_pm1,M-Loc,29,False,"[3, 6, 29]","[28, 29, 30]","[28, 29]",[30],19,False,97.845,98.4021052631579,-0.5571052631579079,False
mmke-visual,minigpt-4-vicuna-7b,available_train,model_pred,214,1.0,interior_pm1,Average,29,False,"[3, 6, 29]","[28, 29, 30]","[28, 29]",[30],19,False,73.852,75.348,-1.4959999999999951,False
mmke-visual,llava-v1.5-7b,matched_gradient,none,214,1.0,global_80,Rel,31,True,"[1, 8, 24, 26, 29]",[31],[],[31],16,False,,60.6625,,False
mmke-visual,llava-v1.5-7b,matched_gradient,none,214,1.0,global_80,T-Gen,31,True,"[1, 8, 24, 26, 29]",[31],[],[31],16,False,,60.533125,,False
mmke-visual,llava-v1.5-7b,matched_gradient,none,214,1.0,global_80,M-Gen,31,True,"[1, 8, 24, 26, 29]",[31],[],[31],16,False,,60.68625,,False
mmke-visual,llava-v1.5-7b,matched_gradient,none,214,1.0,global_80,T-Loc,31,True,"[1, 8, 24, 26, 29]",[31],[],[31],16,False,,100.0,,False
mmke-visual,llava-v1.5-7b,matched_gradient,none,214,1.0,global_80,M-Loc,31,True,"[1, 8, 24, 26, 29]",[31],[],[31],16,False,,95.645625,,False
mmke-visual,llava-v1.5-7b,matched_gradient,none,214,1.0,global_80,Average,31,True,"[1, 8, 24, 26, 29]",[31],[],[31],16,False,,75.5055,,False
mmke-visual,llava-v1.5-7b,matched_gradient,none,214,1.0,global_90,Rel,31,True,"[1, 8, 24, 26, 29]",[31],[],[31],16,False,,60.6625,,False
mmke-visual,llava-v1.5-7b,matched_gradient,none,214,1.0,global_90,T-Gen,31,True,"[1, 8, 24, 26, 29]",[31],[],[31],16,False,,60.533125,,False
mmke-visual,llava-v1.5-7b,matched_gradient,none,214,1.0,global_90,M-Gen,31,True,"[1, 8, 24, 26, 29]",[31],[],[31],16,False,,60.68625,,False
mmke-visual,llava-v1.5-7b,matched_gradient,none,214,1.0,global_90,T-Loc,31,True,"[1, 8, 24, 26, 29]",[31],[],[31],16,False,,100.0,,False
mmke-visual,llava-v1.5-7b,matched_gradient,none,214,1.0,global_90,M-Loc,31,True,"[1, 8, 24, 26, 29]",[31],[],[31],16,False,,95.645625,,False
mmke-visual,llava-v1.5-7b,matched_gradient,none,214,1.0,global_90,Average,31,True,"[1, 8, 24, 26, 29]",[31],[],[31],16,False,,75.5055,,False
mmke-visual,llava-v1.5-7b,matched_gradient,none,214,1.0,global_95,Rel,31,True,"[1, 8, 24, 26, 29]",[31],[],[31],16,False,,60.6625,,False
mmke-visual,llava-v1.5-7b,matched_gradient,none,214,1.0,global_95,T-Gen,31,True,"[1, 8, 24, 26, 29]",[31],[],[31],16,False,,60.533125,,False
mmke-visual,llava-v1.5-7b,matched_gradient,none,214,1.0,global_95,M-Gen,31,True,"[1, 8, 24, 26, 29]",[31],[],[31],16,False,,60.68625,,False
mmke-visual,llava-v1.5-7b,matched_gradient,none,214,1.0,global_95,T-Loc,31,True,"[1, 8, 24, 26, 29]",[31],[],[31],16,False,,100.0,,False
mmke-visual,llava-v1.5-7b,matched_gradient,none,214,1.0,global_95,M-Loc,31,True,"[1, 8, 24, 26, 29]",[31],[],[31],16,False,,95.645625,,False
mmke-visual,llava-v1.5-7b,matched_gradient,none,214,1.0,global_95,Average,31,True,"[1, 8, 24, 26, 29]",[31],[],[31],16,False,,75.5055,,False
mmke-visual,llava-v1.5-7b,matched_gradient,none,214,1.0,interior_pm1,Rel,31,True,"[1, 8, 24, 26, 29]","[28, 29, 30]",[28],"[29, 30]",15,False,57.58,60.86799999999999,-3.2879999999999896,False
mmke-visual,llava-v1.5-7b,matched_gradient,none,214,1.0,interior_pm1,T-Gen,31,True,"[1, 8, 24, 26, 29]","[28, 29, 30]",[28],"[29, 30]",15,False,57.489999999999995,60.73600000000001,-3.2460000000000164,False
mmke-visual,llava-v1.5-7b,matched_gradient,none,214,1.0,interior_pm1,M-Gen,31,True,"[1, 8, 24, 26, 29]","[28, 29, 30]",[28],"[29, 30]",15,False,57.989999999999995,60.866,-2.8760000000000048,False
mmke-visual,llava-v1.5-7b,matched_gradient,none,214,1.0,interior_pm1,T-Loc,31,True,"[1, 8, 24, 26, 29]","[28, 29, 30]",[28],"[29, 30]",15,False,100.0,100.0,0.0,True
mmke-visual,llava-v1.5-7b,matched_gradient,none,214,1.0,interior_pm1,M-Loc,31,True,"[1, 8, 24, 26, 29]","[28, 29, 30]",[28],"[29, 30]",15,False,94.57,95.71733333333331,-1.1473333333333215,False
mmke-visual,llava-v1.5-7b,matched_gradient,none,214,1.0,interior_pm1,Average,31,True,"[1, 8, 24, 26, 29]","[28, 29, 30]",[28],"[29, 30]",15,False,73.526,75.63746666666665,-2.111466666666658,False
mmke-visual,llava-v1.5-7b,matched_gradient,alt,214,1.0,global_80,Rel,31,True,"[2, 8, 13, 24, 29]",[31],[],[31],16,False,,60.6625,,False
mmke-visual,llava-v1.5-7b,matched_gradient,alt,214,1.0,global_80,T-Gen,31,True,"[2, 8, 13, 24, 29]",[31],[],[31],16,False,,60.533125,,False
mmke-visual,llava-v1.5-7b,matched_gradient,alt,214,1.0,global_80,M-Gen,31,True,"[2, 8, 13, 24, 29]",[31],[],[31],16,False,,60.68625,,False
mmke-visual,llava-v1.5-7b,matched_gradient,alt,214,1.0,global_80,T-Loc,31,True,"[2, 8, 13, 24, 29]",[31],[],[31],16,False,,100.0,,False
mmke-visual,llava-v1.5-7b,matched_gradient,alt,214,1.0,global_80,M-Loc,31,True,"[2, 8, 13, 24, 29]",[31],[],[31],16,False,,95.645625,,False
mmke-visual,llava-v1.5-7b,matched_gradient,alt,214,1.0,global_80,Average,31,True,"[2, 8, 13, 24, 29]",[31],[],[31],16,False,,75.5055,,False
mmke-visual,llava-v1.5-7b,matched_gradient,alt,214,1.0,global_90,Rel,31,True,"[2, 8, 13, 24, 29]",[31],[],[31],16,False,,60.6625,,False
mmke-visual,llava-v1.5-7b,matched_gradient,alt,214,1.0,global_90,T-Gen,31,True,"[2, 8, 13, 24, 29]",[31],[],[31],16,False,,60.533125,,False
mmke-visual,llava-v1.5-7b,matched_gradient,alt,214,1.0,global_90,M-Gen,31,True,"[2, 8, 13, 24, 29]",[31],[],[31],16,False,,60.68625,,False
mmke-visual,llava-v1.5-7b,matched_gradient,alt,214,1.0,global_90,T-Loc,31,True,"[2, 8, 13, 24, 29]",[31],[],[31],16,False,,100.0,,False
mmke-visual,llava-v1.5-7b,matched_gradient,alt,214,1.0,global_90,M-Loc,31,True,"[2, 8, 13, 24, 29]",[31],[],[31],16,False,,95.645625,,False
mmke-visual,llava-v1.5-7b,matched_gradient,alt,214,1.0,global_90,Average,31,True,"[2, 8, 13, 24, 29]",[31],[],[31],16,False,,75.5055,,False
mmke-visual,llava-v1.5-7b,matched_gradient,alt,214,1.0,global_95,Rel,31,True,"[2, 8, 13, 24, 29]",[31],[],[31],16,False,,60.6625,,False
mmke-visual,llava-v1.5-7b,matched_gradient,alt,214,1.0,global_95,T-Gen,31,True,"[2, 8, 13, 24, 29]",[31],[],[31],16,False,,60.533125,,False
mmke-visual,llava-v1.5-7b,matched_gradient,alt,214,1.0,global_95,M-Gen,31,True,"[2, 8, 13, 24, 29]",[31],[],[31],16,False,,60.68625,,False
mmke-visual,llava-v1.5-7b,matched_gradient,alt,214,1.0,global_95,T-Loc,31,True,"[2, 8, 13, 24, 29]",[31],[],[31],16,False,,100.0,,False
mmke-visual,llava-v1.5-7b,matched_gradient,alt,214,1.0,global_95,M-Loc,31,True,"[2, 8, 13, 24, 29]",[31],[],[31],16,False,,95.645625,,False
mmke-visual,llava-v1.5-7b,matched_gradient,alt,214,1.0,global_95,Average,31,True,"[2, 8, 13, 24, 29]",[31],[],[31],16,False,,75.5055,,False
mmke-visual,llava-v1.5-7b,matched_gradient,alt,214,1.0,interior_pm1,Rel,31,True,"[2, 8, 13, 24, 29]","[28, 29, 30]",[28],"[29, 30]",15,False,57.58,60.86799999999999,-3.2879999999999896,False
mmke-visual,llava-v1.5-7b,matched_gradient,alt,214,1.0,interior_pm1,T-Gen,31,True,"[2, 8, 13, 24, 29]","[28, 29, 30]",[28],"[29, 30]",15,False,57.489999999999995,60.73600000000001,-3.2460000000000164,False
mmke-visual,llava-v1.5-7b,matched_gradient,alt,214,1.0,interior_pm1,M-Gen,31,True,"[2, 8, 13, 24, 29]","[28, 29, 30]",[28],"[29, 30]",15,False,57.989999999999995,60.866,-2.8760000000000048,False
mmke-visual,llava-v1.5-7b,matched_gradient,alt,214,1.0,interior_pm1,T-Loc,31,True,"[2, 8, 13, 24, 29]","[28, 29, 30]",[28],"[29, 30]",15,False,100.0,100.0,0.0,True
mmke-visual,llava-v1.5-7b,matched_gradient,alt,214,1.0,interior_pm1,M-Loc,31,True,"[2, 8, 13, 24, 29]","[28, 29, 30]",[28],"[29, 30]",15,False,94.57,95.71733333333331,-1.1473333333333215,False
mmke-visual,llava-v1.5-7b,matched_gradient,alt,214,1.0,interior_pm1,Average,31,True,"[2, 8, 13, 24, 29]","[28, 29, 30]",[28],"[29, 30]",15,False,73.526,75.63746666666665,-2.111466666666658,False
mmke-visual,llava-v1.5-7b,matched_gradient,model_pred,214,1.0,global_80,Rel,31,True,"[2, 8, 13, 24, 26, 29]",[31],[],[31],16,False,,60.6625,,False
mmke-visual,llava-v1.5-7b,matched_gradient,model_pred,214,1.0,global_80,T-Gen,31,True,"[2, 8, 13, 24, 26, 29]",[31],[],[31],16,False,,60.533125,,False
mmke-visual,llava-v1.5-7b,matched_gradient,model_pred,214,1.0,global_80,M-Gen,31,True,"[2, 8, 13, 24, 26, 29]",[31],[],[31],16,False,,60.68625,,False
mmke-visual,llava-v1.5-7b,matched_gradient,model_pred,214,1.0,global_80,T-Loc,31,True,"[2, 8, 13, 24, 26, 29]",[31],[],[31],16,False,,100.0,,False
mmke-visual,llava-v1.5-7b,matched_gradient,model_pred,214,1.0,global_80,M-Loc,31,True,"[2, 8, 13, 24, 26, 29]",[31],[],[31],16,False,,95.645625,,False
mmke-visual,llava-v1.5-7b,matched_gradient,model_pred,214,1.0,global_80,Average,31,True,"[2, 8, 13, 24, 26, 29]",[31],[],[31],16,False,,75.5055,,False
mmke-visual,llava-v1.5-7b,matched_gradient,model_pred,214,1.0,global_90,Rel,31,True,"[2, 8, 13, 24, 26, 29]",[31],[],[31],16,False,,60.6625,,False
mmke-visual,llava-v1.5-7b,matched_gradient,model_pred,214,1.0,global_90,T-Gen,31,True,"[2, 8, 13, 24, 26, 29]",[31],[],[31],16,False,,60.533125,,False
mmke-visual,llava-v1.5-7b,matched_gradient,model_pred,214,1.0,global_90,M-Gen,31,True,"[2, 8, 13, 24, 26, 29]",[31],[],[31],16,False,,60.68625,,False
mmke-visual,llava-v1.5-7b,matched_gradient,model_pred,214,1.0,global_90,T-Loc,31,True,"[2, 8, 13, 24, 26, 29]",[31],[],[31],16,False,,100.0,,False
mmke-visual,llava-v1.5-7b,matched_gradient,model_pred,214,1.0,global_90,M-Loc,31,True,"[2, 8, 13, 24, 26, 29]",[31],[],[31],16,False,,95.645625,,False
mmke-visual,llava-v1.5-7b,matched_gradient,model_pred,214,1.0,global_90,Average,31,True,"[2, 8, 13, 24, 26, 29]",[31],[],[31],16,False,,75.5055,,False
mmke-visual,llava-v1.5-7b,matched_gradient,model_pred,214,1.0,global_95,Rel,31,True,"[2, 8, 13, 24, 26, 29]",[31],[],[31],16,False,,60.6625,,False
mmke-visual,llava-v1.5-7b,matched_gradient,model_pred,214,1.0,global_95,T-Gen,31,True,"[2, 8, 13, 24, 26, 29]",[31],[],[31],16,False,,60.533125,,False
mmke-visual,llava-v1.5-7b,matched_gradient,model_pred,214,1.0,global_95,M-Gen,31,True,"[2, 8, 13, 24, 26, 29]",[31],[],[31],16,False,,60.68625,,False
mmke-visual,llava-v1.5-7b,matched_gradient,model_pred,214,1.0,global_95,T-Loc,31,True,"[2, 8, 13, 24, 26, 29]",[31],[],[31],16,False,,100.0,,False
mmke-visual,llava-v1.5-7b,matched_gradient,model_pred,214,1.0,global_95,M-Loc,31,True,"[2, 8, 13, 24, 26, 29]",[31],[],[31],16,False,,95.645625,,False
mmke-visual,llava-v1.5-7b,matched_gradient,model_pred,214,1.0,global_95,Average,31,True,"[2, 8, 13, 24, 26, 29]",[31],[],[31],16,False,,75.5055,,False
mmke-visual,llava-v1.5-7b,matched_gradient,model_pred,214,1.0,interior_pm1,Rel,31,True,"[2, 8, 13, 24, 26, 29]","[28, 29, 30]",[28],"[29, 30]",15,False,57.58,60.86799999999999,-3.2879999999999896,False
mmke-visual,llava-v1.5-7b,matched_gradient,model_pred,214,1.0,interior_pm1,T-Gen,31,True,"[2, 8, 13, 24, 26, 29]","[28, 29, 30]",[28],"[29, 30]",15,False,57.489999999999995,60.73600000000001,-3.2460000000000164,False
mmke-visual,llava-v1.5-7b,matched_gradient,model_pred,214,1.0,interior_pm1,M-Gen,31,True,"[2, 8, 13, 24, 26, 29]","[28, 29, 30]",[28],"[29, 30]",15,False,57.989999999999995,60.866,-2.8760000000000048,False
mmke-visual,llava-v1.5-7b,matched_gradient,model_pred,214,1.0,interior_pm1,T-Loc,31,True,"[2, 8, 13, 24, 26, 29]","[28, 29, 30]",[28],"[29, 30]",15,False,100.0,100.0,0.0,True
mmke-visual,llava-v1.5-7b,matched_gradient,model_pred,214,1.0,interior_pm1,M-Loc,31,True,"[2, 8, 13, 24, 26, 29]","[28, 29, 30]",[28],"[29, 30]",15,False,94.57,95.71733333333331,-1.1473333333333215,False
mmke-visual,llava-v1.5-7b,matched_gradient,model_pred,214,1.0,interior_pm1,Average,31,True,"[2, 8, 13, 24, 26, 29]","[28, 29, 30]",[28],"[29, 30]",15,False,73.526,75.63746666666665,-2.111466666666658,False
mmke-visual,llava-v1.5-7b,available_train,none,214,1.0,global_80,Rel,31,True,"[1, 8, 24, 26, 29]",[31],[],[31],16,False,,60.6625,,False
mmke-visual,llava-v1.5-7b,available_train,none,214,1.0,global_80,T-Gen,31,True,"[1, 8, 24, 26, 29]",[31],[],[31],16,False,,60.533125,,False
mmke-visual,llava-v1.5-7b,available_train,none,214,1.0,global_80,M-Gen,31,True,"[1, 8, 24, 26, 29]",[31],[],[31],16,False,,60.68625,,False
mmke-visual,llava-v1.5-7b,available_train,none,214,1.0,global_80,T-Loc,31,True,"[1, 8, 24, 26, 29]",[31],[],[31],16,False,,100.0,,False
mmke-visual,llava-v1.5-7b,available_train,none,214,1.0,global_80,M-Loc,31,True,"[1, 8, 24, 26, 29]",[31],[],[31],16,False,,95.645625,,False
mmke-visual,llava-v1.5-7b,available_train,none,214,1.0,global_80,Average,31,True,"[1, 8, 24, 26, 29]",[31],[],[31],16,False,,75.5055,,False
mmke-visual,llava-v1.5-7b,available_train,none,214,1.0,global_90,Rel,31,True,"[1, 8, 24, 26, 29]",[31],[],[31],16,False,,60.6625,,False
mmke-visual,llava-v1.5-7b,available_train,none,214,1.0,global_90,T-Gen,31,True,"[1, 8, 24, 26, 29]",[31],[],[31],16,False,,60.533125,,False
mmke-visual,llava-v1.5-7b,available_train,none,214,1.0,global_90,M-Gen,31,True,"[1, 8, 24, 26, 29]",[31],[],[31],16,False,,60.68625,,False
mmke-visual,llava-v1.5-7b,available_train,none,214,1.0,global_90,T-Loc,31,True,"[1, 8, 24, 26, 29]",[31],[],[31],16,False,,100.0,,False
mmke-visual,llava-v1.5-7b,available_train,none,214,1.0,global_90,M-Loc,31,True,"[1, 8, 24, 26, 29]",[31],[],[31],16,False,,95.645625,,False
mmke-visual,llava-v1.5-7b,available_train,none,214,1.0,global_90,Average,31,True,"[1, 8, 24, 26, 29]",[31],[],[31],16,False,,75.5055,,False
mmke-visual,llava-v1.5-7b,available_train,none,214,1.0,global_95,Rel,31,True,"[1, 8, 24, 26, 29]",[31],[],[31],16,False,,60.6625,,False
mmke-visual,llava-v1.5-7b,available_train,none,214,1.0,global_95,T-Gen,31,True,"[1, 8, 24, 26, 29]",[31],[],[31],16,False,,60.533125,,False
mmke-visual,llava-v1.5-7b,available_train,none,214,1.0,global_95,M-Gen,31,True,"[1, 8, 24, 26, 29]",[31],[],[31],16,False,,60.68625,,False
mmke-visual,llava-v1.5-7b,available_train,none,214,1.0,global_95,T-Loc,31,True,"[1, 8, 24, 26, 29]",[31],[],[31],16,False,,100.0,,False
mmke-visual,llava-v1.5-7b,available_train,none,214,1.0,global_95,M-Loc,31,True,"[1, 8, 24, 26, 29]",[31],[],[31],16,False,,95.645625,,False
mmke-visual,llava-v1.5-7b,available_train,none,214,1.0,global_95,Average,31,True,"[1, 8, 24, 26, 29]",[31],[],[31],16,False,,75.5055,,False
mmke-visual,llava-v1.5-7b,available_train,none,214,1.0,interior_pm1,Rel,31,True,"[1, 8, 24, 26, 29]","[28, 29, 30]",[28],"[29, 30]",15,False,57.58,60.86799999999999,-3.2879999999999896,False
mmke-visual,llava-v1.5-7b,available_train,none,214,1.0,interior_pm1,T-Gen,31,True,"[1, 8, 24, 26, 29]","[28, 29, 30]",[28],"[29, 30]",15,False,57.489999999999995,60.73600000000001,-3.2460000000000164,False
mmke-visual,llava-v1.5-7b,available_train,none,214,1.0,interior_pm1,M-Gen,31,True,"[1, 8, 24, 26, 29]","[28, 29, 30]",[28],"[29, 30]",15,False,57.989999999999995,60.866,-2.8760000000000048,False
mmke-visual,llava-v1.5-7b,available_train,none,214,1.0,interior_pm1,T-Loc,31,True,"[1, 8, 24, 26, 29]","[28, 29, 30]",[28],"[29, 30]",15,False,100.0,100.0,0.0,True
mmke-visual,llava-v1.5-7b,available_train,none,214,1.0,interior_pm1,M-Loc,31,True,"[1, 8, 24, 26, 29]","[28, 29, 30]",[28],"[29, 30]",15,False,94.57,95.71733333333331,-1.1473333333333215,False
mmke-visual,llava-v1.5-7b,available_train,none,214,1.0,interior_pm1,Average,31,True,"[1, 8, 24, 26, 29]","[28, 29, 30]",[28],"[29, 30]",15,False,73.526,75.63746666666665,-2.111466666666658,False
mmke-visual,llava-v1.5-7b,available_train,alt,214,1.0,global_80,Rel,31,True,"[2, 8, 13, 24, 29]",[31],[],[31],16,False,,60.6625,,False
mmke-visual,llava-v1.5-7b,available_train,alt,214,1.0,global_80,T-Gen,31,True,"[2, 8, 13, 24, 29]",[31],[],[31],16,False,,60.533125,,False
mmke-visual,llava-v1.5-7b,available_train,alt,214,1.0,global_80,M-Gen,31,True,"[2, 8, 13, 24, 29]",[31],[],[31],16,False,,60.68625,,False
mmke-visual,llava-v1.5-7b,available_train,alt,214,1.0,global_80,T-Loc,31,True,"[2, 8, 13, 24, 29]",[31],[],[31],16,False,,100.0,,False
mmke-visual,llava-v1.5-7b,available_train,alt,214,1.0,global_80,M-Loc,31,True,"[2, 8, 13, 24, 29]",[31],[],[31],16,False,,95.645625,,False
mmke-visual,llava-v1.5-7b,available_train,alt,214,1.0,global_80,Average,31,True,"[2, 8, 13, 24, 29]",[31],[],[31],16,False,,75.5055,,False
mmke-visual,llava-v1.5-7b,available_train,alt,214,1.0,global_90,Rel,31,True,"[2, 8, 13, 24, 29]",[31],[],[31],16,False,,60.6625,,False
mmke-visual,llava-v1.5-7b,available_train,alt,214,1.0,global_90,T-Gen,31,True,"[2, 8, 13, 24, 29]",[31],[],[31],16,False,,60.533125,,False
mmke-visual,llava-v1.5-7b,available_train,alt,214,1.0,global_90,M-Gen,31,True,"[2, 8, 13, 24, 29]",[31],[],[31],16,False,,60.68625,,False
mmke-visual,llava-v1.5-7b,available_train,alt,214,1.0,global_90,T-Loc,31,True,"[2, 8, 13, 24, 29]",[31],[],[31],16,False,,100.0,,False
mmke-visual,llava-v1.5-7b,available_train,alt,214,1.0,global_90,M-Loc,31,True,"[2, 8, 13, 24, 29]",[31],[],[31],16,False,,95.645625,,False
mmke-visual,llava-v1.5-7b,available_train,alt,214,1.0,global_90,Average,31,True,"[2, 8, 13, 24, 29]",[31],[],[31],16,False,,75.5055,,False
mmke-visual,llava-v1.5-7b,available_train,alt,214,1.0,global_95,Rel,31,True,"[2, 8, 13, 24, 29]",[31],[],[31],16,False,,60.6625,,False
mmke-visual,llava-v1.5-7b,available_train,alt,214,1.0,global_95,T-Gen,31,True,"[2, 8, 13, 24, 29]",[31],[],[31],16,False,,60.533125,,False
mmke-visual,llava-v1.5-7b,available_train,alt,214,1.0,global_95,M-Gen,31,True,"[2, 8, 13, 24, 29]",[31],[],[31],16,False,,60.68625,,False
mmke-visual,llava-v1.5-7b,available_train,alt,214,1.0,global_95,T-Loc,31,True,"[2, 8, 13, 24, 29]",[31],[],[31],16,False,,100.0,,False
mmke-visual,llava-v1.5-7b,available_train,alt,214,1.0,global_95,M-Loc,31,True,"[2, 8, 13, 24, 29]",[31],[],[31],16,False,,95.645625,,False
mmke-visual,llava-v1.5-7b,available_train,alt,214,1.0,global_95,Average,31,True,"[2, 8, 13, 24, 29]",[31],[],[31],16,False,,75.5055,,False
mmke-visual,llava-v1.5-7b,available_train,alt,214,1.0,interior_pm1,Rel,31,True,"[2, 8, 13, 24, 29]","[28, 29, 30]",[28],"[29, 30]",15,False,57.58,60.86799999999999,-3.2879999999999896,False
mmke-visual,llava-v1.5-7b,available_train,alt,214,1.0,interior_pm1,T-Gen,31,True,"[2, 8, 13, 24, 29]","[28, 29, 30]",[28],"[29, 30]",15,False,57.489999999999995,60.73600000000001,-3.2460000000000164,False
mmke-visual,llava-v1.5-7b,available_train,alt,214,1.0,interior_pm1,M-Gen,31,True,"[2, 8, 13, 24, 29]","[28, 29, 30]",[28],"[29, 30]",15,False,57.989999999999995,60.866,-2.8760000000000048,False
mmke-visual,llava-v1.5-7b,available_train,alt,214,1.0,interior_pm1,T-Loc,31,True,"[2, 8, 13, 24, 29]","[28, 29, 30]",[28],"[29, 30]",15,False,100.0,100.0,0.0,True
mmke-visual,llava-v1.5-7b,available_train,alt,214,1.0,interior_pm1,M-Loc,31,True,"[2, 8, 13, 24, 29]","[28, 29, 30]",[28],"[29, 30]",15,False,94.57,95.71733333333331,-1.1473333333333215,False
mmke-visual,llava-v1.5-7b,available_train,alt,214,1.0,interior_pm1,Average,31,True,"[2, 8, 13, 24, 29]","[28, 29, 30]",[28],"[29, 30]",15,False,73.526,75.63746666666665,-2.111466666666658,False
mmke-visual,llava-v1.5-7b,available_train,model_pred,214,1.0,global_80,Rel,31,True,"[2, 8, 13, 24, 26, 29]",[31],[],[31],16,False,,60.6625,,False
mmke-visual,llava-v1.5-7b,available_train,model_pred,214,1.0,global_80,T-Gen,31,True,"[2, 8, 13, 24, 26, 29]",[31],[],[31],16,False,,60.533125,,False
mmke-visual,llava-v1.5-7b,available_train,model_pred,214,1.0,global_80,M-Gen,31,True,"[2, 8, 13, 24, 26, 29]",[31],[],[31],16,False,,60.68625,,False
mmke-visual,llava-v1.5-7b,available_train,model_pred,214,1.0,global_80,T-Loc,31,True,"[2, 8, 13, 24, 26, 29]",[31],[],[31],16,False,,100.0,,False
mmke-visual,llava-v1.5-7b,available_train,model_pred,214,1.0,global_80,M-Loc,31,True,"[2, 8, 13, 24, 26, 29]",[31],[],[31],16,False,,95.645625,,False
mmke-visual,llava-v1.5-7b,available_train,model_pred,214,1.0,global_80,Average,31,True,"[2, 8, 13, 24, 26, 29]",[31],[],[31],16,False,,75.5055,,False
mmke-visual,llava-v1.5-7b,available_train,model_pred,214,1.0,global_90,Rel,31,True,"[2, 8, 13, 24, 26, 29]",[31],[],[31],16,False,,60.6625,,False
mmke-visual,llava-v1.5-7b,available_train,model_pred,214,1.0,global_90,T-Gen,31,True,"[2, 8, 13, 24, 26, 29]",[31],[],[31],16,False,,60.533125,,False
mmke-visual,llava-v1.5-7b,available_train,model_pred,214,1.0,global_90,M-Gen,31,True,"[2, 8, 13, 24, 26, 29]",[31],[],[31],16,False,,60.68625,,False
mmke-visual,llava-v1.5-7b,available_train,model_pred,214,1.0,global_90,T-Loc,31,True,"[2, 8, 13, 24, 26, 29]",[31],[],[31],16,False,,100.0,,False
mmke-visual,llava-v1.5-7b,available_train,model_pred,214,1.0,global_90,M-Loc,31,True,"[2, 8, 13, 24, 26, 29]",[31],[],[31],16,False,,95.645625,,False
mmke-visual,llava-v1.5-7b,available_train,model_pred,214,1.0,global_90,Average,31,True,"[2, 8, 13, 24, 26, 29]",[31],[],[31],16,False,,75.5055,,False
mmke-visual,llava-v1.5-7b,available_train,model_pred,214,1.0,global_95,Rel,31,True,"[2, 8, 13, 24, 26, 29]",[31],[],[31],16,False,,60.6625,,False
mmke-visual,llava-v1.5-7b,available_train,model_pred,214,1.0,global_95,T-Gen,31,True,"[2, 8, 13, 24, 26, 29]",[31],[],[31],16,False,,60.533125,,False
mmke-visual,llava-v1.5-7b,available_train,model_pred,214,1.0,global_95,M-Gen,31,True,"[2, 8, 13, 24, 26, 29]",[31],[],[31],16,False,,60.68625,,False
mmke-visual,llava-v1.5-7b,available_train,model_pred,214,1.0,global_95,T-Loc,31,True,"[2, 8, 13, 24, 26, 29]",[31],[],[31],16,False,,100.0,,False
mmke-visual,llava-v1.5-7b,available_train,model_pred,214,1.0,global_95,M-Loc,31,True,"[2, 8, 13, 24, 26, 29]",[31],[],[31],16,False,,95.645625,,False
mmke-visual,llava-v1.5-7b,available_train,model_pred,214,1.0,global_95,Average,31,True,"[2, 8, 13, 24, 26, 29]",[31],[],[31],16,False,,75.5055,,False
mmke-visual,llava-v1.5-7b,available_train,model_pred,214,1.0,interior_pm1,Rel,31,True,"[2, 8, 13, 24, 26, 29]","[28, 29, 30]",[28],"[29, 30]",15,False,57.58,60.86799999999999,-3.2879999999999896,False
mmke-visual,llava-v1.5-7b,available_train,model_pred,214,1.0,interior_pm1,T-Gen,31,True,"[2, 8, 13, 24, 26, 29]","[28, 29, 30]",[28],"[29, 30]",15,False,57.489999999999995,60.73600000000001,-3.2460000000000164,False
mmke-visual,llava-v1.5-7b,available_train,model_pred,214,1.0,interior_pm1,M-Gen,31,True,"[2, 8, 13, 24, 26, 29]","[28, 29, 30]",[28],"[29, 30]",15,False,57.989999999999995,60.866,-2.8760000000000048,False
mmke-visual,llava-v1.5-7b,available_train,model_pred,214,1.0,interior_pm1,T-Loc,31,True,"[2, 8, 13, 24, 26, 29]","[28, 29, 30]",[28],"[29, 30]",15,False,100.0,100.0,0.0,True
mmke-visual,llava-v1.5-7b,available_train,model_pred,214,1.0,interior_pm1,M-Loc,31,True,"[2, 8, 13, 24, 26, 29]","[28, 29, 30]",[28],"[29, 30]",15,False,94.57,95.71733333333331,-1.1473333333333215,False
mmke-visual,llava-v1.5-7b,available_train,model_pred,214,1.0,interior_pm1,Average,31,True,"[2, 8, 13, 24, 26, 29]","[28, 29, 30]",[28],"[29, 30]",15,False,73.526,75.63746666666665,-2.111466666666658,False
mmke-visual,qwen2.5-vl-3b,matched_gradient,none,214,1.0,global_80,Rel,34,False,"[1, 12, 21, 23, 34]","[27, 28, 29, 30, 31, 32, 33, 34]","[27, 28, 30]","[29, 31, 32, 33, 34]",20,False,48.843333333333334,51.96,-3.116666666666667,False
mmke-visual,qwen2.5-vl-3b,matched_gradient,none,214,1.0,global_80,T-Gen,34,False,"[1, 12, 21, 23, 34]","[27, 28, 29, 30, 31, 32, 33, 34]","[27, 28, 30]","[29, 31, 32, 33, 34]",20,False,48.54,51.7385,-3.198500000000003,False
mmke-visual,qwen2.5-vl-3b,matched_gradient,none,214,1.0,global_80,M-Gen,34,False,"[1, 12, 21, 23, 34]","[27, 28, 29, 30, 31, 32, 33, 34]","[27, 28, 30]","[29, 31, 32, 33, 34]",20,False,48.73666666666667,51.914,-3.17733333333333,False
mmke-visual,qwen2.5-vl-3b,matched_gradient,none,214,1.0,global_80,T-Loc,34,False,"[1, 12, 21, 23, 34]","[27, 28, 29, 30, 31, 32, 33, 34]","[27, 28, 30]","[29, 31, 32, 33, 34]",20,False,100.0,100.0,0.0,True
mmke-visual,qwen2.5-vl-3b,matched_gradient,none,214,1.0,global_80,M-Loc,34,False,"[1, 12, 21, 23, 34]","[27, 28, 29, 30, 31, 32, 33, 34]","[27, 28, 30]","[29, 31, 32, 33, 34]",20,False,93.07,95.0895,-2.019500000000008,False
mmke-visual,qwen2.5-vl-3b,matched_gradient,none,214,1.0,global_80,Average,34,False,"[1, 12, 21, 23, 34]","[27, 28, 29, 30, 31, 32, 33, 34]","[27, 28, 30]","[29, 31, 32, 33, 34]",20,False,67.83999999999999,70.1399,-2.299900000000008,False
mmke-visual,qwen2.5-vl-3b,matched_gradient,none,214,1.0,global_90,Rel,34,False,"[1, 12, 21, 23, 34]","[31, 32, 33, 34]",[],"[31, 32, 33, 34]",23,False,,51.553478260869575,,False
mmke-visual,qwen2.5-vl-3b,matched_gradient,none,214,1.0,global_90,T-Gen,34,False,"[1, 12, 21, 23, 34]","[31, 32, 33, 34]",[],"[31, 32, 33, 34]",23,False,,51.32130434782608,,False
mmke-visual,qwen2.5-vl-3b,matched_gradient,none,214,1.0,global_90,M-Gen,34,False,"[1, 12, 21, 23, 34]","[31, 32, 33, 34]",[],"[31, 32, 33, 34]",23,False,,51.49956521739131,,False
mmke-visual,qwen2.5-vl-3b,matched_gradient,none,214,1.0,global_90,T-Loc,34,False,"[1, 12, 21, 23, 34]","[31, 32, 33, 34]",[],"[31, 32, 33, 34]",23,False,,100.0,,False
mmke-visual,qwen2.5-vl-3b,matched_gradient,none,214,1.0,global_90,M-Loc,34,False,"[1, 12, 21, 23, 34]","[31, 32, 33, 34]",[],"[31, 32, 33, 34]",23,False,,94.82608695652172,,False
mmke-visual,qwen2.5-vl-3b,matched_gradient,none,214,1.0,global_90,Average,34,False,"[1, 12, 21, 23, 34]","[31, 32, 33, 34]",[],"[31, 32, 33, 34]",23,False,,69.83991304347826,,False
mmke-visual,qwen2.5-vl-3b,matched_gradient,none,214,1.0,global_95,Rel,34,False,"[1, 12, 21, 23, 34]","[33, 34]",[],"[33, 34]",23,False,,51.553478260869575,,False
mmke-visual,qwen2.5-vl-3b,matched_gradient,none,214,1.0,global_95,T-Gen,34,False,"[1, 12, 21, 23, 34]","[33, 34]",[],"[33, 34]",23,False,,51.32130434782608,,False
mmke-visual,qwen2.5-vl-3b,matched_gradient,none,214,1.0,global_95,M-Gen,34,False,"[1, 12, 21, 23, 34]","[33, 34]",[],"[33, 34]",23,False,,51.49956521739131,,False
mmke-visual,qwen2.5-vl-3b,matched_gradient,none,214,1.0,global_95,T-Loc,34,False,"[1, 12, 21, 23, 34]","[33, 34]",[],"[33, 34]",23,False,,100.0,,False
mmke-visual,qwen2.5-vl-3b,matched_gradient,none,214,1.0,global_95,M-Loc,34,False,"[1, 12, 21, 23, 34]","[33, 34]",[],"[33, 34]",23,False,,94.82608695652172,,False
mmke-visual,qwen2.5-vl-3b,matched_gradient,none,214,1.0,global_95,Average,34,False,"[1, 12, 21, 23, 34]","[33, 34]",[],"[33, 34]",23,False,,69.83991304347826,,False
mmke-visual,qwen2.5-vl-3b,matched_gradient,none,214,1.0,interior_pm1,Rel,34,False,"[1, 12, 21, 23, 34]","[33, 34, 35]",[],"[33, 34, 35]",23,False,,51.553478260869575,,False
mmke-visual,qwen2.5-vl-3b,matched_gradient,none,214,1.0,interior_pm1,T-Gen,34,False,"[1, 12, 21, 23, 34]","[33, 34, 35]",[],"[33, 34, 35]",23,False,,51.32130434782608,,False
mmke-visual,qwen2.5-vl-3b,matched_gradient,none,214,1.0,interior_pm1,M-Gen,34,False,"[1, 12, 21, 23, 34]","[33, 34, 35]",[],"[33, 34, 35]",23,False,,51.49956521739131,,False
mmke-visual,qwen2.5-vl-3b,matched_gradient,none,214,1.0,interior_pm1,T-Loc,34,False,"[1, 12, 21, 23, 34]","[33, 34, 35]",[],"[33, 34, 35]",23,False,,100.0,,False
mmke-visual,qwen2.5-vl-3b,matched_gradient,none,214,1.0,interior_pm1,M-Loc,34,False,"[1, 12, 21, 23, 34]","[33, 34, 35]",[],"[33, 34, 35]",23,False,,94.82608695652172,,False
mmke-visual,qwen2.5-vl-3b,matched_gradient,none,214,1.0,interior_pm1,Average,34,False,"[1, 12, 21, 23, 34]","[33, 34, 35]",[],"[33, 34, 35]",23,False,,69.83991304347826,,False
mmke-visual,qwen2.5-vl-3b,matched_gradient,alt,214,1.0,global_80,Rel,34,False,"[1, 12, 14, 18, 21, 23, 34]","[31, 32, 33, 34]",[],"[31, 32, 33, 34]",23,False,,51.553478260869575,,False
mmke-visual,qwen2.5-vl-3b,matched_gradient,alt,214,1.0,global_80,T-Gen,34,False,"[1, 12, 14, 18, 21, 23, 34]","[31, 32, 33, 34]",[],"[31, 32, 33, 34]",23,False,,51.32130434782608,,False
mmke-visual,qwen2.5-vl-3b,matched_gradient,alt,214,1.0,global_80,M-Gen,34,False,"[1, 12, 14, 18, 21, 23, 34]","[31, 32, 33, 34]",[],"[31, 32, 33, 34]",23,False,,51.49956521739131,,False
mmke-visual,qwen2.5-vl-3b,matched_gradient,alt,214,1.0,global_80,T-Loc,34,False,"[1, 12, 14, 18, 21, 23, 34]","[31, 32, 33, 34]",[],"[31, 32, 33, 34]",23,False,,100.0,,False
mmke-visual,qwen2.5-vl-3b,matched_gradient,alt,214,1.0,global_80,M-Loc,34,False,"[1, 12, 14, 18, 21, 23, 34]","[31, 32, 33, 34]",[],"[31, 32, 33, 34]",23,False,,94.82608695652172,,False
mmke-visual,qwen2.5-vl-3b,matched_gradient,alt,214,1.0,global_80,Average,34,False,"[1, 12, 14, 18, 21, 23, 34]","[31, 32, 33, 34]",[],"[31, 32, 33, 34]",23,False,,69.83991304347826,,False
mmke-visual,qwen2.5-vl-3b,matched_gradient,alt,214,1.0,global_90,Rel,34,False,"[1, 12, 14, 18, 21, 23, 34]","[33, 34]",[],"[33, 34]",23,False,,51.553478260869575,,False
mmke-visual,qwen2.5-vl-3b,matched_gradient,alt,214,1.0,global_90,T-Gen,34,False,"[1, 12, 14, 18, 21, 23, 34]","[33, 34]",[],"[33, 34]",23,False,,51.32130434782608,,False
mmke-visual,qwen2.5-vl-3b,matched_gradient,alt,214,1.0,global_90,M-Gen,34,False,"[1, 12, 14, 18, 21, 23, 34]","[33, 34]",[],"[33, 34]",23,False,,51.49956521739131,,False
mmke-visual,qwen2.5-vl-3b,matched_gradient,alt,214,1.0,global_90,T-Loc,34,False,"[1, 12, 14, 18, 21, 23, 34]","[33, 34]",[],"[33, 34]",23,False,,100.0,,False
mmke-visual,qwen2.5-vl-3b,matched_gradient,alt,214,1.0,global_90,M-Loc,34,False,"[1, 12, 14, 18, 21, 23, 34]","[33, 34]",[],"[33, 34]",23,False,,94.82608695652172,,False
mmke-visual,qwen2.5-vl-3b,matched_gradient,alt,214,1.0,global_90,Average,34,False,"[1, 12, 14, 18, 21, 23, 34]","[33, 34]",[],"[33, 34]",23,False,,69.83991304347826,,False
mmke-visual,qwen2.5-vl-3b,matched_gradient,alt,214,1.0,global_95,Rel,34,False,"[1, 12, 14, 18, 21, 23, 34]","[33, 34]",[],"[33, 34]",23,False,,51.553478260869575,,False
mmke-visual,qwen2.5-vl-3b,matched_gradient,alt,214,1.0,global_95,T-Gen,34,False,"[1, 12, 14, 18, 21, 23, 34]","[33, 34]",[],"[33, 34]",23,False,,51.32130434782608,,False
mmke-visual,qwen2.5-vl-3b,matched_gradient,alt,214,1.0,global_95,M-Gen,34,False,"[1, 12, 14, 18, 21, 23, 34]","[33, 34]",[],"[33, 34]",23,False,,51.49956521739131,,False
mmke-visual,qwen2.5-vl-3b,matched_gradient,alt,214,1.0,global_95,T-Loc,34,False,"[1, 12, 14, 18, 21, 23, 34]","[33, 34]",[],"[33, 34]",23,False,,100.0,,False
mmke-visual,qwen2.5-vl-3b,matched_gradient,alt,214,1.0,global_95,M-Loc,34,False,"[1, 12, 14, 18, 21, 23, 34]","[33, 34]",[],"[33, 34]",23,False,,94.82608695652172,,False
mmke-visual,qwen2.5-vl-3b,matched_gradient,alt,214,1.0,global_95,Average,34,False,"[1, 12, 14, 18, 21, 23, 34]","[33, 34]",[],"[33, 34]",23,False,,69.83991304347826,,False
mmke-visual,qwen2.5-vl-3b,matched_gradient,alt,214,1.0,interior_pm1,Rel,34,False,"[1, 12, 14, 18, 21, 23, 34]","[33, 34, 35]",[],"[33, 34, 35]",23,False,,51.553478260869575,,False
mmke-visual,qwen2.5-vl-3b,matched_gradient,alt,214,1.0,interior_pm1,T-Gen,34,False,"[1, 12, 14, 18, 21, 23, 34]","[33, 34, 35]",[],"[33, 34, 35]",23,False,,51.32130434782608,,False
mmke-visual,qwen2.5-vl-3b,matched_gradient,alt,214,1.0,interior_pm1,M-Gen,34,False,"[1, 12, 14, 18, 21, 23, 34]","[33, 34, 35]",[],"[33, 34, 35]",23,False,,51.49956521739131,,False
mmke-visual,qwen2.5-vl-3b,matched_gradient,alt,214,1.0,interior_pm1,T-Loc,34,False,"[1, 12, 14, 18, 21, 23, 34]","[33, 34, 35]",[],"[33, 34, 35]",23,False,,100.0,,False
mmke-visual,qwen2.5-vl-3b,matched_gradient,alt,214,1.0,interior_pm1,M-Loc,34,False,"[1, 12, 14, 18, 21, 23, 34]","[33, 34, 35]",[],"[33, 34, 35]",23,False,,94.82608695652172,,False
mmke-visual,qwen2.5-vl-3b,matched_gradient,alt,214,1.0,interior_pm1,Average,34,False,"[1, 12, 14, 18, 21, 23, 34]","[33, 34, 35]",[],"[33, 34, 35]",23,False,,69.83991304347826,,False
mmke-visual,qwen2.5-vl-3b,matched_gradient,model_pred,214,1.0,global_80,Rel,34,False,"[1, 12, 18, 21, 23, 28, 34]","[31, 32, 33, 34]",[],"[31, 32, 33, 34]",23,False,,51.553478260869575,,False
mmke-visual,qwen2.5-vl-3b,matched_gradient,model_pred,214,1.0,global_80,T-Gen,34,False,"[1, 12, 18, 21, 23, 28, 34]","[31, 32, 33, 34]",[],"[31, 32, 33, 34]",23,False,,51.32130434782608,,False
mmke-visual,qwen2.5-vl-3b,matched_gradient,model_pred,214,1.0,global_80,M-Gen,34,False,"[1, 12, 18, 21, 23, 28, 34]","[31, 32, 33, 34]",[],"[31, 32, 33, 34]",23,False,,51.49956521739131,,False
mmke-visual,qwen2.5-vl-3b,matched_gradient,model_pred,214,1.0,global_80,T-Loc,34,False,"[1, 12, 18, 21, 23, 28, 34]","[31, 32, 33, 34]",[],"[31, 32, 33, 34]",23,False,,100.0,,False
mmke-visual,qwen2.5-vl-3b,matched_gradient,model_pred,214,1.0,global_80,M-Loc,34,False,"[1, 12, 18, 21, 23, 28, 34]","[31, 32, 33, 34]",[],"[31, 32, 33, 34]",23,False,,94.82608695652172,,False
mmke-visual,qwen2.5-vl-3b,matched_gradient,model_pred,214,1.0,global_80,Average,34,False,"[1, 12, 18, 21, 23, 28, 34]","[31, 32, 33, 34]",[],"[31, 32, 33, 34]",23,False,,69.83991304347826,,False
mmke-visual,qwen2.5-vl-3b,matched_gradient,model_pred,214,1.0,global_90,Rel,34,False,"[1, 12, 18, 21, 23, 28, 34]","[33, 34]",[],"[33, 34]",23,False,,51.553478260869575,,False
mmke-visual,qwen2.5-vl-3b,matched_gradient,model_pred,214,1.0,global_90,T-Gen,34,False,"[1, 12, 18, 21, 23, 28, 34]","[33, 34]",[],"[33, 34]",23,False,,51.32130434782608,,False
mmke-visual,qwen2.5-vl-3b,matched_gradient,model_pred,214,1.0,global_90,M-Gen,34,False,"[1, 12, 18, 21, 23, 28, 34]","[33, 34]",[],"[33, 34]",23,False,,51.49956521739131,,False
mmke-visual,qwen2.5-vl-3b,matched_gradient,model_pred,214,1.0,global_90,T-Loc,34,False,"[1, 12, 18, 21, 23, 28, 34]","[33, 34]",[],"[33, 34]",23,False,,100.0,,False
mmke-visual,qwen2.5-vl-3b,matched_gradient,model_pred,214,1.0,global_90,M-Loc,34,False,"[1, 12, 18, 21, 23, 28, 34]","[33, 34]",[],"[33, 34]",23,False,,94.82608695652172,,False
mmke-visual,qwen2.5-vl-3b,matched_gradient,model_pred,214,1.0,global_90,Average,34,False,"[1, 12, 18, 21, 23, 28, 34]","[33, 34]",[],"[33, 34]",23,False,,69.83991304347826,,False
mmke-visual,qwen2.5-vl-3b,matched_gradient,model_pred,214,1.0,global_95,Rel,34,False,"[1, 12, 18, 21, 23, 28, 34]","[33, 34]",[],"[33, 34]",23,False,,51.553478260869575,,False
mmke-visual,qwen2.5-vl-3b,matched_gradient,model_pred,214,1.0,global_95,T-Gen,34,False,"[1, 12, 18, 21, 23, 28, 34]","[33, 34]",[],"[33, 34]",23,False,,51.32130434782608,,False
mmke-visual,qwen2.5-vl-3b,matched_gradient,model_pred,214,1.0,global_95,M-Gen,34,False,"[1, 12, 18, 21, 23, 28, 34]","[33, 34]",[],"[33, 34]",23,False,,51.49956521739131,,False
mmke-visual,qwen2.5-vl-3b,matched_gradient,model_pred,214,1.0,global_95,T-Loc,34,False,"[1, 12, 18, 21, 23, 28, 34]","[33, 34]",[],"[33, 34]",23,False,,100.0,,False
mmke-visual,qwen2.5-vl-3b,matched_gradient,model_pred,214,1.0,global_95,M-Loc,34,False,"[1, 12, 18, 21, 23, 28, 34]","[33, 34]",[],"[33, 34]",23,False,,94.82608695652172,,False
mmke-visual,qwen2.5-vl-3b,matched_gradient,model_pred,214,1.0,global_95,Average,34,False,"[1, 12, 18, 21, 23, 28, 34]","[33, 34]",[],"[33, 34]",23,False,,69.83991304347826,,False
mmke-visual,qwen2.5-vl-3b,matched_gradient,model_pred,214,1.0,interior_pm1,Rel,34,False,"[1, 12, 18, 21, 23, 28, 34]","[33, 34, 35]",[],"[33, 34, 35]",23,False,,51.553478260869575,,False
mmke-visual,qwen2.5-vl-3b,matched_gradient,model_pred,214,1.0,interior_pm1,T-Gen,34,False,"[1, 12, 18, 21, 23, 28, 34]","[33, 34, 35]",[],"[33, 34, 35]",23,False,,51.32130434782608,,False
mmke-visual,qwen2.5-vl-3b,matched_gradient,model_pred,214,1.0,interior_pm1,M-Gen,34,False,"[1, 12, 18, 21, 23, 28, 34]","[33, 34, 35]",[],"[33, 34, 35]",23,False,,51.49956521739131,,False
mmke-visual,qwen2.5-vl-3b,matched_gradient,model_pred,214,1.0,interior_pm1,T-Loc,34,False,"[1, 12, 18, 21, 23, 28, 34]","[33, 34, 35]",[],"[33, 34, 35]",23,False,,100.0,,False
mmke-visual,qwen2.5-vl-3b,matched_gradient,model_pred,214,1.0,interior_pm1,M-Loc,34,False,"[1, 12, 18, 21, 23, 28, 34]","[33, 34, 35]",[],"[33, 34, 35]",23,False,,94.82608695652172,,False
mmke-visual,qwen2.5-vl-3b,matched_gradient,model_pred,214,1.0,interior_pm1,Average,34,False,"[1, 12, 18, 21, 23, 28, 34]","[33, 34, 35]",[],"[33, 34, 35]",23,False,,69.83991304347826,,False
mmke-visual,qwen2.5-vl-3b,available_train,none,214,1.0,global_80,Rel,34,False,"[1, 12, 21, 23, 34]","[27, 28, 29, 30, 31, 32, 33, 34]","[27, 28, 30]","[29, 31, 32, 33, 34]",20,False,48.843333333333334,51.96,-3.116666666666667,False
mmke-visual,qwen2.5-vl-3b,available_train,none,214,1.0,global_80,T-Gen,34,False,"[1, 12, 21, 23, 34]","[27, 28, 29, 30, 31, 32, 33, 34]","[27, 28, 30]","[29, 31, 32, 33, 34]",20,False,48.54,51.7385,-3.198500000000003,False
mmke-visual,qwen2.5-vl-3b,available_train,none,214,1.0,global_80,M-Gen,34,False,"[1, 12, 21, 23, 34]","[27, 28, 29, 30, 31, 32, 33, 34]","[27, 28, 30]","[29, 31, 32, 33, 34]",20,False,48.73666666666667,51.914,-3.17733333333333,False
mmke-visual,qwen2.5-vl-3b,available_train,none,214,1.0,global_80,T-Loc,34,False,"[1, 12, 21, 23, 34]","[27, 28, 29, 30, 31, 32, 33, 34]","[27, 28, 30]","[29, 31, 32, 33, 34]",20,False,100.0,100.0,0.0,True
mmke-visual,qwen2.5-vl-3b,available_train,none,214,1.0,global_80,M-Loc,34,False,"[1, 12, 21, 23, 34]","[27, 28, 29, 30, 31, 32, 33, 34]","[27, 28, 30]","[29, 31, 32, 33, 34]",20,False,93.07,95.0895,-2.019500000000008,False
mmke-visual,qwen2.5-vl-3b,available_train,none,214,1.0,global_80,Average,34,False,"[1, 12, 21, 23, 34]","[27, 28, 29, 30, 31, 32, 33, 34]","[27, 28, 30]","[29, 31, 32, 33, 34]",20,False,67.83999999999999,70.1399,-2.299900000000008,False
mmke-visual,qwen2.5-vl-3b,available_train,none,214,1.0,global_90,Rel,34,False,"[1, 12, 21, 23, 34]","[31, 32, 33, 34]",[],"[31, 32, 33, 34]",23,False,,51.553478260869575,,False
mmke-visual,qwen2.5-vl-3b,available_train,none,214,1.0,global_90,T-Gen,34,False,"[1, 12, 21, 23, 34]","[31, 32, 33, 34]",[],"[31, 32, 33, 34]",23,False,,51.32130434782608,,False
mmke-visual,qwen2.5-vl-3b,available_train,none,214,1.0,global_90,M-Gen,34,False,"[1, 12, 21, 23, 34]","[31, 32, 33, 34]",[],"[31, 32, 33, 34]",23,False,,51.49956521739131,,False
mmke-visual,qwen2.5-vl-3b,available_train,none,214,1.0,global_90,T-Loc,34,False,"[1, 12, 21, 23, 34]","[31, 32, 33, 34]",[],"[31, 32, 33, 34]",23,False,,100.0,,False
mmke-visual,qwen2.5-vl-3b,available_train,none,214,1.0,global_90,M-Loc,34,False,"[1, 12, 21, 23, 34]","[31, 32, 33, 34]",[],"[31, 32, 33, 34]",23,False,,94.82608695652172,,False
mmke-visual,qwen2.5-vl-3b,available_train,none,214,1.0,global_90,Average,34,False,"[1, 12, 21, 23, 34]","[31, 32, 33, 34]",[],"[31, 32, 33, 34]",23,False,,69.83991304347826,,False
mmke-visual,qwen2.5-vl-3b,available_train,none,214,1.0,global_95,Rel,34,False,"[1, 12, 21, 23, 34]","[33, 34]",[],"[33, 34]",23,False,,51.553478260869575,,False
mmke-visual,qwen2.5-vl-3b,available_train,none,214,1.0,global_95,T-Gen,34,False,"[1, 12, 21, 23, 34]","[33, 34]",[],"[33, 34]",23,False,,51.32130434782608,,False
mmke-visual,qwen2.5-vl-3b,available_train,none,214,1.0,global_95,M-Gen,34,False,"[1, 12, 21, 23, 34]","[33, 34]",[],"[33, 34]",23,False,,51.49956521739131,,False
mmke-visual,qwen2.5-vl-3b,available_train,none,214,1.0,global_95,T-Loc,34,False,"[1, 12, 21, 23, 34]","[33, 34]",[],"[33, 34]",23,False,,100.0,,False
mmke-visual,qwen2.5-vl-3b,available_train,none,214,1.0,global_95,M-Loc,34,False,"[1, 12, 21, 23, 34]","[33, 34]",[],"[33, 34]",23,False,,94.82608695652172,,False
mmke-visual,qwen2.5-vl-3b,available_train,none,214,1.0,global_95,Average,34,False,"[1, 12, 21, 23, 34]","[33, 34]",[],"[33, 34]",23,False,,69.83991304347826,,False
mmke-visual,qwen2.5-vl-3b,available_train,none,214,1.0,interior_pm1,Rel,34,False,"[1, 12, 21, 23, 34]","[33, 34, 35]",[],"[33, 34, 35]",23,False,,51.553478260869575,,False
mmke-visual,qwen2.5-vl-3b,available_train,none,214,1.0,interior_pm1,T-Gen,34,False,"[1, 12, 21, 23, 34]","[33, 34, 35]",[],"[33, 34, 35]",23,False,,51.32130434782608,,False
mmke-visual,qwen2.5-vl-3b,available_train,none,214,1.0,interior_pm1,M-Gen,34,False,"[1, 12, 21, 23, 34]","[33, 34, 35]",[],"[33, 34, 35]",23,False,,51.49956521739131,,False
mmke-visual,qwen2.5-vl-3b,available_train,none,214,1.0,interior_pm1,T-Loc,34,False,"[1, 12, 21, 23, 34]","[33, 34, 35]",[],"[33, 34, 35]",23,False,,100.0,,False
mmke-visual,qwen2.5-vl-3b,available_train,none,214,1.0,interior_pm1,M-Loc,34,False,"[1, 12, 21, 23, 34]","[33, 34, 35]",[],"[33, 34, 35]",23,False,,94.82608695652172,,False
mmke-visual,qwen2.5-vl-3b,available_train,none,214,1.0,interior_pm1,Average,34,False,"[1, 12, 21, 23, 34]","[33, 34, 35]",[],"[33, 34, 35]",23,False,,69.83991304347826,,False
mmke-visual,qwen2.5-vl-3b,available_train,alt,214,1.0,global_80,Rel,34,False,"[1, 12, 14, 18, 21, 23, 34]","[31, 32, 33, 34]",[],"[31, 32, 33, 34]",23,False,,51.553478260869575,,False
mmke-visual,qwen2.5-vl-3b,available_train,alt,214,1.0,global_80,T-Gen,34,False,"[1, 12, 14, 18, 21, 23, 34]","[31, 32, 33, 34]",[],"[31, 32, 33, 34]",23,False,,51.32130434782608,,False
mmke-visual,qwen2.5-vl-3b,available_train,alt,214,1.0,global_80,M-Gen,34,False,"[1, 12, 14, 18, 21, 23, 34]","[31, 32, 33, 34]",[],"[31, 32, 33, 34]",23,False,,51.49956521739131,,False
mmke-visual,qwen2.5-vl-3b,available_train,alt,214,1.0,global_80,T-Loc,34,False,"[1, 12, 14, 18, 21, 23, 34]","[31, 32, 33, 34]",[],"[31, 32, 33, 34]",23,False,,100.0,,False
mmke-visual,qwen2.5-vl-3b,available_train,alt,214,1.0,global_80,M-Loc,34,False,"[1, 12, 14, 18, 21, 23, 34]","[31, 32, 33, 34]",[],"[31, 32, 33, 34]",23,False,,94.82608695652172,,False
mmke-visual,qwen2.5-vl-3b,available_train,alt,214,1.0,global_80,Average,34,False,"[1, 12, 14, 18, 21, 23, 34]","[31, 32, 33, 34]",[],"[31, 32, 33, 34]",23,False,,69.83991304347826,,False
mmke-visual,qwen2.5-vl-3b,available_train,alt,214,1.0,global_90,Rel,34,False,"[1, 12, 14, 18, 21, 23, 34]","[33, 34]",[],"[33, 34]",23,False,,51.553478260869575,,False
mmke-visual,qwen2.5-vl-3b,available_train,alt,214,1.0,global_90,T-Gen,34,False,"[1, 12, 14, 18, 21, 23, 34]","[33, 34]",[],"[33, 34]",23,False,,51.32130434782608,,False
mmke-visual,qwen2.5-vl-3b,available_train,alt,214,1.0,global_90,M-Gen,34,False,"[1, 12, 14, 18, 21, 23, 34]","[33, 34]",[],"[33, 34]",23,False,,51.49956521739131,,False
mmke-visual,qwen2.5-vl-3b,available_train,alt,214,1.0,global_90,T-Loc,34,False,"[1, 12, 14, 18, 21, 23, 34]","[33, 34]",[],"[33, 34]",23,False,,100.0,,False
mmke-visual,qwen2.5-vl-3b,available_train,alt,214,1.0,global_90,M-Loc,34,False,"[1, 12, 14, 18, 21, 23, 34]","[33, 34]",[],"[33, 34]",23,False,,94.82608695652172,,False
mmke-visual,qwen2.5-vl-3b,available_train,alt,214,1.0,global_90,Average,34,False,"[1, 12, 14, 18, 21, 23, 34]","[33, 34]",[],"[33, 34]",23,False,,69.83991304347826,,False
mmke-visual,qwen2.5-vl-3b,available_train,alt,214,1.0,global_95,Rel,34,False,"[1, 12, 14, 18, 21, 23, 34]","[33, 34]",[],"[33, 34]",23,False,,51.553478260869575,,False
mmke-visual,qwen2.5-vl-3b,available_train,alt,214,1.0,global_95,T-Gen,34,False,"[1, 12, 14, 18, 21, 23, 34]","[33, 34]",[],"[33, 34]",23,False,,51.32130434782608,,False
mmke-visual,qwen2.5-vl-3b,available_train,alt,214,1.0,global_95,M-Gen,34,False,"[1, 12, 14, 18, 21, 23, 34]","[33, 34]",[],"[33, 34]",23,False,,51.49956521739131,,False
mmke-visual,qwen2.5-vl-3b,available_train,alt,214,1.0,global_95,T-Loc,34,False,"[1, 12, 14, 18, 21, 23, 34]","[33, 34]",[],"[33, 34]",23,False,,100.0,,False
mmke-visual,qwen2.5-vl-3b,available_train,alt,214,1.0,global_95,M-Loc,34,False,"[1, 12, 14, 18, 21, 23, 34]","[33, 34]",[],"[33, 34]",23,False,,94.82608695652172,,False
mmke-visual,qwen2.5-vl-3b,available_train,alt,214,1.0,global_95,Average,34,False,"[1, 12, 14, 18, 21, 23, 34]","[33, 34]",[],"[33, 34]",23,False,,69.83991304347826,,False
mmke-visual,qwen2.5-vl-3b,available_train,alt,214,1.0,interior_pm1,Rel,34,False,"[1, 12, 14, 18, 21, 23, 34]","[33, 34, 35]",[],"[33, 34, 35]",23,False,,51.553478260869575,,False
mmke-visual,qwen2.5-vl-3b,available_train,alt,214,1.0,interior_pm1,T-Gen,34,False,"[1, 12, 14, 18, 21, 23, 34]","[33, 34, 35]",[],"[33, 34, 35]",23,False,,51.32130434782608,,False
mmke-visual,qwen2.5-vl-3b,available_train,alt,214,1.0,interior_pm1,M-Gen,34,False,"[1, 12, 14, 18, 21, 23, 34]","[33, 34, 35]",[],"[33, 34, 35]",23,False,,51.49956521739131,,False
mmke-visual,qwen2.5-vl-3b,available_train,alt,214,1.0,interior_pm1,T-Loc,34,False,"[1, 12, 14, 18, 21, 23, 34]","[33, 34, 35]",[],"[33, 34, 35]",23,False,,100.0,,False
mmke-visual,qwen2.5-vl-3b,available_train,alt,214,1.0,interior_pm1,M-Loc,34,False,"[1, 12, 14, 18, 21, 23, 34]","[33, 34, 35]",[],"[33, 34, 35]",23,False,,94.82608695652172,,False
mmke-visual,qwen2.5-vl-3b,available_train,alt,214,1.0,interior_pm1,Average,34,False,"[1, 12, 14, 18, 21, 23, 34]","[33, 34, 35]",[],"[33, 34, 35]",23,False,,69.83991304347826,,False
mmke-visual,qwen2.5-vl-3b,available_train,model_pred,214,1.0,global_80,Rel,34,False,"[1, 12, 18, 21, 23, 28, 34]","[31, 32, 33, 34]",[],"[31, 32, 33, 34]",23,False,,51.553478260869575,,False
mmke-visual,qwen2.5-vl-3b,available_train,model_pred,214,1.0,global_80,T-Gen,34,False,"[1, 12, 18, 21, 23, 28, 34]","[31, 32, 33, 34]",[],"[31, 32, 33, 34]",23,False,,51.32130434782608,,False
mmke-visual,qwen2.5-vl-3b,available_train,model_pred,214,1.0,global_80,M-Gen,34,False,"[1, 12, 18, 21, 23, 28, 34]","[31, 32, 33, 34]",[],"[31, 32, 33, 34]",23,False,,51.49956521739131,,False
mmke-visual,qwen2.5-vl-3b,available_train,model_pred,214,1.0,global_80,T-Loc,34,False,"[1, 12, 18, 21, 23, 28, 34]","[31, 32, 33, 34]",[],"[31, 32, 33, 34]",23,False,,100.0,,False
mmke-visual,qwen2.5-vl-3b,available_train,model_pred,214,1.0,global_80,M-Loc,34,False,"[1, 12, 18, 21, 23, 28, 34]","[31, 32, 33, 34]",[],"[31, 32, 33, 34]",23,False,,94.82608695652172,,False
mmke-visual,qwen2.5-vl-3b,available_train,model_pred,214,1.0,global_80,Average,34,False,"[1, 12, 18, 21, 23, 28, 34]","[31, 32, 33, 34]",[],"[31, 32, 33, 34]",23,False,,69.83991304347826,,False
mmke-visual,qwen2.5-vl-3b,available_train,model_pred,214,1.0,global_90,Rel,34,False,"[1, 12, 18, 21, 23, 28, 34]","[33, 34]",[],"[33, 34]",23,False,,51.553478260869575,,False
mmke-visual,qwen2.5-vl-3b,available_train,model_pred,214,1.0,global_90,T-Gen,34,False,"[1, 12, 18, 21, 23, 28, 34]","[33, 34]",[],"[33, 34]",23,False,,51.32130434782608,,False
mmke-visual,qwen2.5-vl-3b,available_train,model_pred,214,1.0,global_90,M-Gen,34,False,"[1, 12, 18, 21, 23, 28, 34]","[33, 34]",[],"[33, 34]",23,False,,51.49956521739131,,False
mmke-visual,qwen2.5-vl-3b,available_train,model_pred,214,1.0,global_90,T-Loc,34,False,"[1, 12, 18, 21, 23, 28, 34]","[33, 34]",[],"[33, 34]",23,False,,100.0,,False
mmke-visual,qwen2.5-vl-3b,available_train,model_pred,214,1.0,global_90,M-Loc,34,False,"[1, 12, 18, 21, 23, 28, 34]","[33, 34]",[],"[33, 34]",23,False,,94.82608695652172,,False
mmke-visual,qwen2.5-vl-3b,available_train,model_pred,214,1.0,global_90,Average,34,False,"[1, 12, 18, 21, 23, 28, 34]","[33, 34]",[],"[33, 34]",23,False,,69.83991304347826,,False
mmke-visual,qwen2.5-vl-3b,available_train,model_pred,214,1.0,global_95,Rel,34,False,"[1, 12, 18, 21, 23, 28, 34]","[33, 34]",[],"[33, 34]",23,False,,51.553478260869575,,False
mmke-visual,qwen2.5-vl-3b,available_train,model_pred,214,1.0,global_95,T-Gen,34,False,"[1, 12, 18, 21, 23, 28, 34]","[33, 34]",[],"[33, 34]",23,False,,51.32130434782608,,False
mmke-visual,qwen2.5-vl-3b,available_train,model_pred,214,1.0,global_95,M-Gen,34,False,"[1, 12, 18, 21, 23, 28, 34]","[33, 34]",[],"[33, 34]",23,False,,51.49956521739131,,False
mmke-visual,qwen2.5-vl-3b,available_train,model_pred,214,1.0,global_95,T-Loc,34,False,"[1, 12, 18, 21, 23, 28, 34]","[33, 34]",[],"[33, 34]",23,False,,100.0,,False
mmke-visual,qwen2.5-vl-3b,available_train,model_pred,214,1.0,global_95,M-Loc,34,False,"[1, 12, 18, 21, 23, 28, 34]","[33, 34]",[],"[33, 34]",23,False,,94.82608695652172,,False
mmke-visual,qwen2.5-vl-3b,available_train,model_pred,214,1.0,global_95,Average,34,False,"[1, 12, 18, 21, 23, 28, 34]","[33, 34]",[],"[33, 34]",23,False,,69.83991304347826,,False
mmke-visual,qwen2.5-vl-3b,available_train,model_pred,214,1.0,interior_pm1,Rel,34,False,"[1, 12, 18, 21, 23, 28, 34]","[33, 34, 35]",[],"[33, 34, 35]",23,False,,51.553478260869575,,False
mmke-visual,qwen2.5-vl-3b,available_train,model_pred,214,1.0,interior_pm1,T-Gen,34,False,"[1, 12, 18, 21, 23, 28, 34]","[33, 34, 35]",[],"[33, 34, 35]",23,False,,51.32130434782608,,False
mmke-visual,qwen2.5-vl-3b,available_train,model_pred,214,1.0,interior_pm1,M-Gen,34,False,"[1, 12, 18, 21, 23, 28, 34]","[33, 34, 35]",[],"[33, 34, 35]",23,False,,51.49956521739131,,False
mmke-visual,qwen2.5-vl-3b,available_train,model_pred,214,1.0,interior_pm1,T-Loc,34,False,"[1, 12, 18, 21, 23, 28, 34]","[33, 34, 35]",[],"[33, 34, 35]",23,False,,100.0,,False
mmke-visual,qwen2.5-vl-3b,available_train,model_pred,214,1.0,interior_pm1,M-Loc,34,False,"[1, 12, 18, 21, 23, 28, 34]","[33, 34, 35]",[],"[33, 34, 35]",23,False,,94.82608695652172,,False
mmke-visual,qwen2.5-vl-3b,available_train,model_pred,214,1.0,interior_pm1,Average,34,False,"[1, 12, 18, 21, 23, 28, 34]","[33, 34, 35]",[],"[33, 34, 35]",23,False,,69.83991304347826,,False
mmke-visual,smolvlm-1.7b,matched_gradient,none,214,1.0,global_80,Rel,22,False,"[3, 5, 11, 17, 22]","[19, 20, 21, 22]","[19, 20, 21]",[22],18,False,48.94,51.272777777777776,-2.3327777777777783,False
mmke-visual,smolvlm-1.7b,matched_gradient,none,214,1.0,global_80,T-Gen,22,False,"[3, 5, 11, 17, 22]","[19, 20, 21, 22]","[19, 20, 21]",[22],18,False,48.616666666666674,51.080555555555556,-2.4638888888888815,False
mmke-visual,smolvlm-1.7b,matched_gradient,none,214,1.0,global_80,M-Gen,22,False,"[3, 5, 11, 17, 22]","[19, 20, 21, 22]","[19, 20, 21]",[22],18,False,48.92666666666667,51.281666666666666,-2.354999999999997,False
mmke-visual,smolvlm-1.7b,matched_gradient,none,214,1.0,global_80,T-Loc,22,False,"[3, 5, 11, 17, 22]","[19, 20, 21, 22]","[19, 20, 21]",[22],18,False,100.0,100.0,0.0,True
mmke-visual,smolvlm-1.7b,matched_gradient,none,214,1.0,global_80,M-Loc,22,False,"[3, 5, 11, 17, 22]","[19, 20, 21, 22]","[19, 20, 21]",[22],18,False,90.01666666666667,93.43277777777776,-3.4161111111110927,False
mmke-visual,smolvlm-1.7b,matched_gradient,none,214,1.0,global_80,Average,22,False,"[3, 5, 11, 17, 22]","[19, 20, 21, 22]","[19, 20, 21]",[22],18,False,67.3,69.41277777777779,-2.1127777777777936,False
mmke-visual,smolvlm-1.7b,matched_gradient,none,214,1.0,global_90,Rel,22,False,"[3, 5, 11, 17, 22]","[21, 22]",[21],[22],20,False,49.34,51.0195,-1.6794999999999973,False
mmke-visual,smolvlm-1.7b,matched_gradient,none,214,1.0,global_90,T-Gen,22,False,"[3, 5, 11, 17, 22]","[21, 22]",[21],[22],20,False,49.05,50.81250000000001,-1.76250000000001,False
mmke-visual,smolvlm-1.7b,matched_gradient,none,214,1.0,global_90,M-Gen,22,False,"[3, 5, 11, 17, 22]","[21, 22]",[21],[22],20,False,49.220000000000006,51.03150000000001,-1.8115000000000023,False
mmke-visual,smolvlm-1.7b,matched_gradient,none,214,1.0,global_90,T-Loc,22,False,"[3, 5, 11, 17, 22]","[21, 22]",[21],[22],20,False,100.0,100.0,0.0,True
mmke-visual,smolvlm-1.7b,matched_gradient,none,214,1.0,global_90,M-Loc,22,False,"[3, 5, 11, 17, 22]","[21, 22]",[21],[22],20,False,88.17,93.1835,-5.013499999999993,False
mmke-visual,smolvlm-1.7b,matched_gradient,none,214,1.0,global_90,Average,22,False,"[3, 5, 11, 17, 22]","[21, 22]",[21],[22],20,False,67.156,69.20870000000001,-2.0527000000000015,False
mmke-visual,smolvlm-1.7b,matched_gradient,none,214,1.0,global_95,Rel,22,False,"[3, 5, 11, 17, 22]","[21, 22]",[21],[22],20,False,49.34,51.0195,-1.6794999999999973,False
mmke-visual,smolvlm-1.7b,matched_gradient,none,214,1.0,global_95,T-Gen,22,False,"[3, 5, 11, 17, 22]","[21, 22]",[21],[22],20,False,49.05,50.81250000000001,-1.76250000000001,False
mmke-visual,smolvlm-1.7b,matched_gradient,none,214,1.0,global_95,M-Gen,22,False,"[3, 5, 11, 17, 22]","[21, 22]",[21],[22],20,False,49.220000000000006,51.03150000000001,-1.8115000000000023,False
mmke-visual,smolvlm-1.7b,matched_gradient,none,214,1.0,global_95,T-Loc,22,False,"[3, 5, 11, 17, 22]","[21, 22]",[21],[22],20,False,100.0,100.0,0.0,True
mmke-visual,smolvlm-1.7b,matched_gradient,none,214,1.0,global_95,M-Loc,22,False,"[3, 5, 11, 17, 22]","[21, 22]",[21],[22],20,False,88.17,93.1835,-5.013499999999993,False
mmke-visual,smolvlm-1.7b,matched_gradient,none,214,1.0,global_95,Average,22,False,"[3, 5, 11, 17, 22]","[21, 22]",[21],[22],20,False,67.156,69.20870000000001,-2.0527000000000015,False
mmke-visual,smolvlm-1.7b,matched_gradient,none,214,1.0,interior_pm1,Rel,22,False,"[3, 5, 11, 17, 22]","[21, 22, 23]",[21],"[22, 23]",20,False,49.34,51.0195,-1.6794999999999973,False
mmke-visual,smolvlm-1.7b,matched_gradient,none,214,1.0,interior_pm1,T-Gen,22,False,"[3, 5, 11, 17, 22]","[21, 22, 23]",[21],"[22, 23]",20,False,49.05,50.81250000000001,-1.76250000000001,False
mmke-visual,smolvlm-1.7b,matched_gradient,none,214,1.0,interior_pm1,M-Gen,22,False,"[3, 5, 11, 17, 22]","[21, 22, 23]",[21],"[22, 23]",20,False,49.220000000000006,51.03150000000001,-1.8115000000000023,False
mmke-visual,smolvlm-1.7b,matched_gradient,none,214,1.0,interior_pm1,T-Loc,22,False,"[3, 5, 11, 17, 22]","[21, 22, 23]",[21],"[22, 23]",20,False,100.0,100.0,0.0,True
mmke-visual,smolvlm-1.7b,matched_gradient,none,214,1.0,interior_pm1,M-Loc,22,False,"[3, 5, 11, 17, 22]","[21, 22, 23]",[21],"[22, 23]",20,False,88.17,93.1835,-5.013499999999993,False
mmke-visual,smolvlm-1.7b,matched_gradient,none,214,1.0,interior_pm1,Average,22,False,"[3, 5, 11, 17, 22]","[21, 22, 23]",[21],"[22, 23]",20,False,67.156,69.20870000000001,-2.0527000000000015,False
mmke-visual,smolvlm-1.7b,matched_gradient,alt,214,1.0,global_80,Rel,22,False,"[1, 5, 8, 12, 22]","[19, 20, 21, 22]","[19, 20, 21]",[22],18,False,48.94,51.272777777777776,-2.3327777777777783,False
mmke-visual,smolvlm-1.7b,matched_gradient,alt,214,1.0,global_80,T-Gen,22,False,"[1, 5, 8, 12, 22]","[19, 20, 21, 22]","[19, 20, 21]",[22],18,False,48.616666666666674,51.080555555555556,-2.4638888888888815,False
mmke-visual,smolvlm-1.7b,matched_gradient,alt,214,1.0,global_80,M-Gen,22,False,"[1, 5, 8, 12, 22]","[19, 20, 21, 22]","[19, 20, 21]",[22],18,False,48.92666666666667,51.281666666666666,-2.354999999999997,False
mmke-visual,smolvlm-1.7b,matched_gradient,alt,214,1.0,global_80,T-Loc,22,False,"[1, 5, 8, 12, 22]","[19, 20, 21, 22]","[19, 20, 21]",[22],18,False,100.0,100.0,0.0,True
mmke-visual,smolvlm-1.7b,matched_gradient,alt,214,1.0,global_80,M-Loc,22,False,"[1, 5, 8, 12, 22]","[19, 20, 21, 22]","[19, 20, 21]",[22],18,False,90.01666666666667,93.43277777777776,-3.4161111111110927,False
mmke-visual,smolvlm-1.7b,matched_gradient,alt,214,1.0,global_80,Average,22,False,"[1, 5, 8, 12, 22]","[19, 20, 21, 22]","[19, 20, 21]",[22],18,False,67.3,69.41277777777779,-2.1127777777777936,False
mmke-visual,smolvlm-1.7b,matched_gradient,alt,214,1.0,global_90,Rel,22,False,"[1, 5, 8, 12, 22]","[21, 22]",[21],[22],20,False,49.34,51.0195,-1.6794999999999973,False
mmke-visual,smolvlm-1.7b,matched_gradient,alt,214,1.0,global_90,T-Gen,22,False,"[1, 5, 8, 12, 22]","[21, 22]",[21],[22],20,False,49.05,50.81250000000001,-1.76250000000001,False
mmke-visual,smolvlm-1.7b,matched_gradient,alt,214,1.0,global_90,M-Gen,22,False,"[1, 5, 8, 12, 22]","[21, 22]",[21],[22],20,False,49.220000000000006,51.03150000000001,-1.8115000000000023,False
mmke-visual,smolvlm-1.7b,matched_gradient,alt,214,1.0,global_90,T-Loc,22,False,"[1, 5, 8, 12, 22]","[21, 22]",[21],[22],20,False,100.0,100.0,0.0,True
mmke-visual,smolvlm-1.7b,matched_gradient,alt,214,1.0,global_90,M-Loc,22,False,"[1, 5, 8, 12, 22]","[21, 22]",[21],[22],20,False,88.17,93.1835,-5.013499999999993,False
mmke-visual,smolvlm-1.7b,matched_gradient,alt,214,1.0,global_90,Average,22,False,"[1, 5, 8, 12, 22]","[21, 22]",[21],[22],20,False,67.156,69.20870000000001,-2.0527000000000015,False
mmke-visual,smolvlm-1.7b,matched_gradient,alt,214,1.0,global_95,Rel,22,False,"[1, 5, 8, 12, 22]",[22],[],[22],21,False,,50.93952380952381,,False
mmke-visual,smolvlm-1.7b,matched_gradient,alt,214,1.0,global_95,T-Gen,22,False,"[1, 5, 8, 12, 22]",[22],[],[22],21,False,,50.728571428571435,,False
mmke-visual,smolvlm-1.7b,matched_gradient,alt,214,1.0,global_95,M-Gen,22,False,"[1, 5, 8, 12, 22]",[22],[],[22],21,False,,50.9452380952381,,False
mmke-visual,smolvlm-1.7b,matched_gradient,alt,214,1.0,global_95,T-Loc,22,False,"[1, 5, 8, 12, 22]",[22],[],[22],21,False,,100.0,,False
mmke-visual,smolvlm-1.7b,matched_gradient,alt,214,1.0,global_95,M-Loc,22,False,"[1, 5, 8, 12, 22]",[22],[],[22],21,False,,92.9447619047619,,False
mmke-visual,smolvlm-1.7b,matched_gradient,alt,214,1.0,global_95,Average,22,False,"[1, 5, 8, 12, 22]",[22],[],[22],21,False,,69.11095238095238,,False
mmke-visual,smolvlm-1.7b,matched_gradient,alt,214,1.0,interior_pm1,Rel,22,False,"[1, 5, 8, 12, 22]","[21, 22, 23]",[21],"[22, 23]",20,False,49.34,51.0195,-1.6794999999999973,False
mmke-visual,smolvlm-1.7b,matched_gradient,alt,214,1.0,interior_pm1,T-Gen,22,False,"[1, 5, 8, 12, 22]","[21, 22, 23]",[21],"[22, 23]",20,False,49.05,50.81250000000001,-1.76250000000001,False
mmke-visual,smolvlm-1.7b,matched_gradient,alt,214,1.0,interior_pm1,M-Gen,22,False,"[1, 5, 8, 12, 22]","[21, 22, 23]",[21],"[22, 23]",20,False,49.220000000000006,51.03150000000001,-1.8115000000000023,False
mmke-visual,smolvlm-1.7b,matched_gradient,alt,214,1.0,interior_pm1,T-Loc,22,False,"[1, 5, 8, 12, 22]","[21, 22, 23]",[21],"[22, 23]",20,False,100.0,100.0,0.0,True
mmke-visual,smolvlm-1.7b,matched_gradient,alt,214,1.0,interior_pm1,M-Loc,22,False,"[1, 5, 8, 12, 22]","[21, 22, 23]",[21],"[22, 23]",20,False,88.17,93.1835,-5.013499999999993,False
mmke-visual,smolvlm-1.7b,matched_gradient,alt,214,1.0,interior_pm1,Average,22,False,"[1, 5, 8, 12, 22]","[21, 22, 23]",[21],"[22, 23]",20,False,67.156,69.20870000000001,-2.0527000000000015,False
mmke-visual,smolvlm-1.7b,matched_gradient,model_pred,214,1.0,global_80,Rel,22,False,"[6, 8, 12, 17, 22]","[19, 20, 21, 22]","[19, 20, 21]",[22],18,False,48.94,51.272777777777776,-2.3327777777777783,False
mmke-visual,smolvlm-1.7b,matched_gradient,model_pred,214,1.0,global_80,T-Gen,22,False,"[6, 8, 12, 17, 22]","[19, 20, 21, 22]","[19, 20, 21]",[22],18,False,48.616666666666674,51.080555555555556,-2.4638888888888815,False
mmke-visual,smolvlm-1.7b,matched_gradient,model_pred,214,1.0,global_80,M-Gen,22,False,"[6, 8, 12, 17, 22]","[19, 20, 21, 22]","[19, 20, 21]",[22],18,False,48.92666666666667,51.281666666666666,-2.354999999999997,False
mmke-visual,smolvlm-1.7b,matched_gradient,model_pred,214,1.0,global_80,T-Loc,22,False,"[6, 8, 12, 17, 22]","[19, 20, 21, 22]","[19, 20, 21]",[22],18,False,100.0,100.0,0.0,True
mmke-visual,smolvlm-1.7b,matched_gradient,model_pred,214,1.0,global_80,M-Loc,22,False,"[6, 8, 12, 17, 22]","[19, 20, 21, 22]","[19, 20, 21]",[22],18,False,90.01666666666667,93.43277777777776,-3.4161111111110927,False
mmke-visual,smolvlm-1.7b,matched_gradient,model_pred,214,1.0,global_80,Average,22,False,"[6, 8, 12, 17, 22]","[19, 20, 21, 22]","[19, 20, 21]",[22],18,False,67.3,69.41277777777779,-2.1127777777777936,False
mmke-visual,smolvlm-1.7b,matched_gradient,model_pred,214,1.0,global_90,Rel,22,False,"[6, 8, 12, 17, 22]","[21, 22]",[21],[22],20,False,49.34,51.0195,-1.6794999999999973,False
mmke-visual,smolvlm-1.7b,matched_gradient,model_pred,214,1.0,global_90,T-Gen,22,False,"[6, 8, 12, 17, 22]","[21, 22]",[21],[22],20,False,49.05,50.81250000000001,-1.76250000000001,False
mmke-visual,smolvlm-1.7b,matched_gradient,model_pred,214,1.0,global_90,M-Gen,22,False,"[6, 8, 12, 17, 22]","[21, 22]",[21],[22],20,False,49.220000000000006,51.03150000000001,-1.8115000000000023,False
mmke-visual,smolvlm-1.7b,matched_gradient,model_pred,214,1.0,global_90,T-Loc,22,False,"[6, 8, 12, 17, 22]","[21, 22]",[21],[22],20,False,100.0,100.0,0.0,True
mmke-visual,smolvlm-1.7b,matched_gradient,model_pred,214,1.0,global_90,M-Loc,22,False,"[6, 8, 12, 17, 22]","[21, 22]",[21],[22],20,False,88.17,93.1835,-5.013499999999993,False
mmke-visual,smolvlm-1.7b,matched_gradient,model_pred,214,1.0,global_90,Average,22,False,"[6, 8, 12, 17, 22]","[21, 22]",[21],[22],20,False,67.156,69.20870000000001,-2.0527000000000015,False
mmke-visual,smolvlm-1.7b,matched_gradient,model_pred,214,1.0,global_95,Rel,22,False,"[6, 8, 12, 17, 22]",[22],[],[22],21,False,,50.93952380952381,,False
mmke-visual,smolvlm-1.7b,matched_gradient,model_pred,214,1.0,global_95,T-Gen,22,False,"[6, 8, 12, 17, 22]",[22],[],[22],21,False,,50.728571428571435,,False
mmke-visual,smolvlm-1.7b,matched_gradient,model_pred,214,1.0,global_95,M-Gen,22,False,"[6, 8, 12, 17, 22]",[22],[],[22],21,False,,50.9452380952381,,False
mmke-visual,smolvlm-1.7b,matched_gradient,model_pred,214,1.0,global_95,T-Loc,22,False,"[6, 8, 12, 17, 22]",[22],[],[22],21,False,,100.0,,False
mmke-visual,smolvlm-1.7b,matched_gradient,model_pred,214,1.0,global_95,M-Loc,22,False,"[6, 8, 12, 17, 22]",[22],[],[22],21,False,,92.9447619047619,,False
mmke-visual,smolvlm-1.7b,matched_gradient,model_pred,214,1.0,global_95,Average,22,False,"[6, 8, 12, 17, 22]",[22],[],[22],21,False,,69.11095238095238,,False
mmke-visual,smolvlm-1.7b,matched_gradient,model_pred,214,1.0,interior_pm1,Rel,22,False,"[6, 8, 12, 17, 22]","[21, 22, 23]",[21],"[22, 23]",20,False,49.34,51.0195,-1.6794999999999973,False
mmke-visual,smolvlm-1.7b,matched_gradient,model_pred,214,1.0,interior_pm1,T-Gen,22,False,"[6, 8, 12, 17, 22]","[21, 22, 23]",[21],"[22, 23]",20,False,49.05,50.81250000000001,-1.76250000000001,False
mmke-visual,smolvlm-1.7b,matched_gradient,model_pred,214,1.0,interior_pm1,M-Gen,22,False,"[6, 8, 12, 17, 22]","[21, 22, 23]",[21],"[22, 23]",20,False,49.220000000000006,51.03150000000001,-1.8115000000000023,False
mmke-visual,smolvlm-1.7b,matched_gradient,model_pred,214,1.0,interior_pm1,T-Loc,22,False,"[6, 8, 12, 17, 22]","[21, 22, 23]",[21],"[22, 23]",20,False,100.0,100.0,0.0,True
mmke-visual,smolvlm-1.7b,matched_gradient,model_pred,214,1.0,interior_pm1,M-Loc,22,False,"[6, 8, 12, 17, 22]","[21, 22, 23]",[21],"[22, 23]",20,False,88.17,93.1835,-5.013499999999993,False
mmke-visual,smolvlm-1.7b,matched_gradient,model_pred,214,1.0,interior_pm1,Average,22,False,"[6, 8, 12, 17, 22]","[21, 22, 23]",[21],"[22, 23]",20,False,67.156,69.20870000000001,-2.0527000000000015,False
mmke-visual,smolvlm-1.7b,available_train,none,214,1.0,global_80,Rel,22,False,"[3, 5, 11, 17, 22]","[19, 20, 21, 22]","[19, 20, 21]",[22],18,False,48.94,51.272777777777776,-2.3327777777777783,False
mmke-visual,smolvlm-1.7b,available_train,none,214,1.0,global_80,T-Gen,22,False,"[3, 5, 11, 17, 22]","[19, 20, 21, 22]","[19, 20, 21]",[22],18,False,48.616666666666674,51.080555555555556,-2.4638888888888815,False
mmke-visual,smolvlm-1.7b,available_train,none,214,1.0,global_80,M-Gen,22,False,"[3, 5, 11, 17, 22]","[19, 20, 21, 22]","[19, 20, 21]",[22],18,False,48.92666666666667,51.281666666666666,-2.354999999999997,False
mmke-visual,smolvlm-1.7b,available_train,none,214,1.0,global_80,T-Loc,22,False,"[3, 5, 11, 17, 22]","[19, 20, 21, 22]","[19, 20, 21]",[22],18,False,100.0,100.0,0.0,True
mmke-visual,smolvlm-1.7b,available_train,none,214,1.0,global_80,M-Loc,22,False,"[3, 5, 11, 17, 22]","[19, 20, 21, 22]","[19, 20, 21]",[22],18,False,90.01666666666667,93.43277777777776,-3.4161111111110927,False
mmke-visual,smolvlm-1.7b,available_train,none,214,1.0,global_80,Average,22,False,"[3, 5, 11, 17, 22]","[19, 20, 21, 22]","[19, 20, 21]",[22],18,False,67.3,69.41277777777779,-2.1127777777777936,False
mmke-visual,smolvlm-1.7b,available_train,none,214,1.0,global_90,Rel,22,False,"[3, 5, 11, 17, 22]","[21, 22]",[21],[22],20,False,49.34,51.0195,-1.6794999999999973,False
mmke-visual,smolvlm-1.7b,available_train,none,214,1.0,global_90,T-Gen,22,False,"[3, 5, 11, 17, 22]","[21, 22]",[21],[22],20,False,49.05,50.81250000000001,-1.76250000000001,False
mmke-visual,smolvlm-1.7b,available_train,none,214,1.0,global_90,M-Gen,22,False,"[3, 5, 11, 17, 22]","[21, 22]",[21],[22],20,False,49.220000000000006,51.03150000000001,-1.8115000000000023,False
mmke-visual,smolvlm-1.7b,available_train,none,214,1.0,global_90,T-Loc,22,False,"[3, 5, 11, 17, 22]","[21, 22]",[21],[22],20,False,100.0,100.0,0.0,True
mmke-visual,smolvlm-1.7b,available_train,none,214,1.0,global_90,M-Loc,22,False,"[3, 5, 11, 17, 22]","[21, 22]",[21],[22],20,False,88.17,93.1835,-5.013499999999993,False
mmke-visual,smolvlm-1.7b,available_train,none,214,1.0,global_90,Average,22,False,"[3, 5, 11, 17, 22]","[21, 22]",[21],[22],20,False,67.156,69.20870000000001,-2.0527000000000015,False
mmke-visual,smolvlm-1.7b,available_train,none,214,1.0,global_95,Rel,22,False,"[3, 5, 11, 17, 22]","[21, 22]",[21],[22],20,False,49.34,51.0195,-1.6794999999999973,False
mmke-visual,smolvlm-1.7b,available_train,none,214,1.0,global_95,T-Gen,22,False,"[3, 5, 11, 17, 22]","[21, 22]",[21],[22],20,False,49.05,50.81250000000001,-1.76250000000001,False
mmke-visual,smolvlm-1.7b,available_train,none,214,1.0,global_95,M-Gen,22,False,"[3, 5, 11, 17, 22]","[21, 22]",[21],[22],20,False,49.220000000000006,51.03150000000001,-1.8115000000000023,False
mmke-visual,smolvlm-1.7b,available_train,none,214,1.0,global_95,T-Loc,22,False,"[3, 5, 11, 17, 22]","[21, 22]",[21],[22],20,False,100.0,100.0,0.0,True
mmke-visual,smolvlm-1.7b,available_train,none,214,1.0,global_95,M-Loc,22,False,"[3, 5, 11, 17, 22]","[21, 22]",[21],[22],20,False,88.17,93.1835,-5.013499999999993,False
mmke-visual,smolvlm-1.7b,available_train,none,214,1.0,global_95,Average,22,False,"[3, 5, 11, 17, 22]","[21, 22]",[21],[22],20,False,67.156,69.20870000000001,-2.0527000000000015,False
mmke-visual,smolvlm-1.7b,available_train,none,214,1.0,interior_pm1,Rel,22,False,"[3, 5, 11, 17, 22]","[21, 22, 23]",[21],"[22, 23]",20,False,49.34,51.0195,-1.6794999999999973,False
mmke-visual,smolvlm-1.7b,available_train,none,214,1.0,interior_pm1,T-Gen,22,False,"[3, 5, 11, 17, 22]","[21, 22, 23]",[21],"[22, 23]",20,False,49.05,50.81250000000001,-1.76250000000001,False
mmke-visual,smolvlm-1.7b,available_train,none,214,1.0,interior_pm1,M-Gen,22,False,"[3, 5, 11, 17, 22]","[21, 22, 23]",[21],"[22, 23]",20,False,49.220000000000006,51.03150000000001,-1.8115000000000023,False
mmke-visual,smolvlm-1.7b,available_train,none,214,1.0,interior_pm1,T-Loc,22,False,"[3, 5, 11, 17, 22]","[21, 22, 23]",[21],"[22, 23]",20,False,100.0,100.0,0.0,True
mmke-visual,smolvlm-1.7b,available_train,none,214,1.0,interior_pm1,M-Loc,22,False,"[3, 5, 11, 17, 22]","[21, 22, 23]",[21],"[22, 23]",20,False,88.17,93.1835,-5.013499999999993,False
mmke-visual,smolvlm-1.7b,available_train,none,214,1.0,interior_pm1,Average,22,False,"[3, 5, 11, 17, 22]","[21, 22, 23]",[21],"[22, 23]",20,False,67.156,69.20870000000001,-2.0527000000000015,False
mmke-visual,smolvlm-1.7b,available_train,alt,214,1.0,global_80,Rel,22,False,"[1, 5, 8, 12, 22]","[19, 20, 21, 22]","[19, 20, 21]",[22],18,False,48.94,51.272777777777776,-2.3327777777777783,False
mmke-visual,smolvlm-1.7b,available_train,alt,214,1.0,global_80,T-Gen,22,False,"[1, 5, 8, 12, 22]","[19, 20, 21, 22]","[19, 20, 21]",[22],18,False,48.616666666666674,51.080555555555556,-2.4638888888888815,False
mmke-visual,smolvlm-1.7b,available_train,alt,214,1.0,global_80,M-Gen,22,False,"[1, 5, 8, 12, 22]","[19, 20, 21, 22]","[19, 20, 21]",[22],18,False,48.92666666666667,51.281666666666666,-2.354999999999997,False
mmke-visual,smolvlm-1.7b,available_train,alt,214,1.0,global_80,T-Loc,22,False,"[1, 5, 8, 12, 22]","[19, 20, 21, 22]","[19, 20, 21]",[22],18,False,100.0,100.0,0.0,True
mmke-visual,smolvlm-1.7b,available_train,alt,214,1.0,global_80,M-Loc,22,False,"[1, 5, 8, 12, 22]","[19, 20, 21, 22]","[19, 20, 21]",[22],18,False,90.01666666666667,93.43277777777776,-3.4161111111110927,False
mmke-visual,smolvlm-1.7b,available_train,alt,214,1.0,global_80,Average,22,False,"[1, 5, 8, 12, 22]","[19, 20, 21, 22]","[19, 20, 21]",[22],18,False,67.3,69.41277777777779,-2.1127777777777936,False
mmke-visual,smolvlm-1.7b,available_train,alt,214,1.0,global_90,Rel,22,False,"[1, 5, 8, 12, 22]","[21, 22]",[21],[22],20,False,49.34,51.0195,-1.6794999999999973,False
mmke-visual,smolvlm-1.7b,available_train,alt,214,1.0,global_90,T-Gen,22,False,"[1, 5, 8, 12, 22]","[21, 22]",[21],[22],20,False,49.05,50.81250000000001,-1.76250000000001,False
mmke-visual,smolvlm-1.7b,available_train,alt,214,1.0,global_90,M-Gen,22,False,"[1, 5, 8, 12, 22]","[21, 22]",[21],[22],20,False,49.220000000000006,51.03150000000001,-1.8115000000000023,False
mmke-visual,smolvlm-1.7b,available_train,alt,214,1.0,global_90,T-Loc,22,False,"[1, 5, 8, 12, 22]","[21, 22]",[21],[22],20,False,100.0,100.0,0.0,True
mmke-visual,smolvlm-1.7b,available_train,alt,214,1.0,global_90,M-Loc,22,False,"[1, 5, 8, 12, 22]","[21, 22]",[21],[22],20,False,88.17,93.1835,-5.013499999999993,False
mmke-visual,smolvlm-1.7b,available_train,alt,214,1.0,global_90,Average,22,False,"[1, 5, 8, 12, 22]","[21, 22]",[21],[22],20,False,67.156,69.20870000000001,-2.0527000000000015,False
mmke-visual,smolvlm-1.7b,available_train,alt,214,1.0,global_95,Rel,22,False,"[1, 5, 8, 12, 22]",[22],[],[22],21,False,,50.93952380952381,,False
mmke-visual,smolvlm-1.7b,available_train,alt,214,1.0,global_95,T-Gen,22,False,"[1, 5, 8, 12, 22]",[22],[],[22],21,False,,50.728571428571435,,False
mmke-visual,smolvlm-1.7b,available_train,alt,214,1.0,global_95,M-Gen,22,False,"[1, 5, 8, 12, 22]",[22],[],[22],21,False,,50.9452380952381,,False
mmke-visual,smolvlm-1.7b,available_train,alt,214,1.0,global_95,T-Loc,22,False,"[1, 5, 8, 12, 22]",[22],[],[22],21,False,,100.0,,False
mmke-visual,smolvlm-1.7b,available_train,alt,214,1.0,global_95,M-Loc,22,False,"[1, 5, 8, 12, 22]",[22],[],[22],21,False,,92.9447619047619,,False
mmke-visual,smolvlm-1.7b,available_train,alt,214,1.0,global_95,Average,22,False,"[1, 5, 8, 12, 22]",[22],[],[22],21,False,,69.11095238095238,,False
mmke-visual,smolvlm-1.7b,available_train,alt,214,1.0,interior_pm1,Rel,22,False,"[1, 5, 8, 12, 22]","[21, 22, 23]",[21],"[22, 23]",20,False,49.34,51.0195,-1.6794999999999973,False
mmke-visual,smolvlm-1.7b,available_train,alt,214,1.0,interior_pm1,T-Gen,22,False,"[1, 5, 8, 12, 22]","[21, 22, 23]",[21],"[22, 23]",20,False,49.05,50.81250000000001,-1.76250000000001,False
mmke-visual,smolvlm-1.7b,available_train,alt,214,1.0,interior_pm1,M-Gen,22,False,"[1, 5, 8, 12, 22]","[21, 22, 23]",[21],"[22, 23]",20,False,49.220000000000006,51.03150000000001,-1.8115000000000023,False
mmke-visual,smolvlm-1.7b,available_train,alt,214,1.0,interior_pm1,T-Loc,22,False,"[1, 5, 8, 12, 22]","[21, 22, 23]",[21],"[22, 23]",20,False,100.0,100.0,0.0,True
mmke-visual,smolvlm-1.7b,available_train,alt,214,1.0,interior_pm1,M-Loc,22,False,"[1, 5, 8, 12, 22]","[21, 22, 23]",[21],"[22, 23]",20,False,88.17,93.1835,-5.013499999999993,False
mmke-visual,smolvlm-1.7b,available_train,alt,214,1.0,interior_pm1,Average,22,False,"[1, 5, 8, 12, 22]","[21, 22, 23]",[21],"[22, 23]",20,False,67.156,69.20870000000001,-2.0527000000000015,False
mmke-visual,smolvlm-1.7b,available_train,model_pred,214,1.0,global_80,Rel,22,False,"[6, 8, 12, 17, 22]","[19, 20, 21, 22]","[19, 20, 21]",[22],18,False,48.94,51.272777777777776,-2.3327777777777783,False
mmke-visual,smolvlm-1.7b,available_train,model_pred,214,1.0,global_80,T-Gen,22,False,"[6, 8, 12, 17, 22]","[19, 20, 21, 22]","[19, 20, 21]",[22],18,False,48.616666666666674,51.080555555555556,-2.4638888888888815,False
mmke-visual,smolvlm-1.7b,available_train,model_pred,214,1.0,global_80,M-Gen,22,False,"[6, 8, 12, 17, 22]","[19, 20, 21, 22]","[19, 20, 21]",[22],18,False,48.92666666666667,51.281666666666666,-2.354999999999997,False
mmke-visual,smolvlm-1.7b,available_train,model_pred,214,1.0,global_80,T-Loc,22,False,"[6, 8, 12, 17, 22]","[19, 20, 21, 22]","[19, 20, 21]",[22],18,False,100.0,100.0,0.0,True
mmke-visual,smolvlm-1.7b,available_train,model_pred,214,1.0,global_80,M-Loc,22,False,"[6, 8, 12, 17, 22]","[19, 20, 21, 22]","[19, 20, 21]",[22],18,False,90.01666666666667,93.43277777777776,-3.4161111111110927,False
mmke-visual,smolvlm-1.7b,available_train,model_pred,214,1.0,global_80,Average,22,False,"[6, 8, 12, 17, 22]","[19, 20, 21, 22]","[19, 20, 21]",[22],18,False,67.3,69.41277777777779,-2.1127777777777936,False
mmke-visual,smolvlm-1.7b,available_train,model_pred,214,1.0,global_90,Rel,22,False,"[6, 8, 12, 17, 22]","[21, 22]",[21],[22],20,False,49.34,51.0195,-1.6794999999999973,False
mmke-visual,smolvlm-1.7b,available_train,model_pred,214,1.0,global_90,T-Gen,22,False,"[6, 8, 12, 17, 22]","[21, 22]",[21],[22],20,False,49.05,50.81250000000001,-1.76250000000001,False
mmke-visual,smolvlm-1.7b,available_train,model_pred,214,1.0,global_90,M-Gen,22,False,"[6, 8, 12, 17, 22]","[21, 22]",[21],[22],20,False,49.220000000000006,51.03150000000001,-1.8115000000000023,False
mmke-visual,smolvlm-1.7b,available_train,model_pred,214,1.0,global_90,T-Loc,22,False,"[6, 8, 12, 17, 22]","[21, 22]",[21],[22],20,False,100.0,100.0,0.0,True
mmke-visual,smolvlm-1.7b,available_train,model_pred,214,1.0,global_90,M-Loc,22,False,"[6, 8, 12, 17, 22]","[21, 22]",[21],[22],20,False,88.17,93.1835,-5.013499999999993,False
mmke-visual,smolvlm-1.7b,available_train,model_pred,214,1.0,global_90,Average,22,False,"[6, 8, 12, 17, 22]","[21, 22]",[21],[22],20,False,67.156,69.20870000000001,-2.0527000000000015,False
mmke-visual,smolvlm-1.7b,available_train,model_pred,214,1.0,global_95,Rel,22,False,"[6, 8, 12, 17, 22]",[22],[],[22],21,False,,50.93952380952381,,False
mmke-visual,smolvlm-1.7b,available_train,model_pred,214,1.0,global_95,T-Gen,22,False,"[6, 8, 12, 17, 22]",[22],[],[22],21,False,,50.728571428571435,,False
mmke-visual,smolvlm-1.7b,available_train,model_pred,214,1.0,global_95,M-Gen,22,False,"[6, 8, 12, 17, 22]",[22],[],[22],21,False,,50.9452380952381,,False
mmke-visual,smolvlm-1.7b,available_train,model_pred,214,1.0,global_95,T-Loc,22,False,"[6, 8, 12, 17, 22]",[22],[],[22],21,False,,100.0,,False
mmke-visual,smolvlm-1.7b,available_train,model_pred,214,1.0,global_95,M-Loc,22,False,"[6, 8, 12, 17, 22]",[22],[],[22],21,False,,92.9447619047619,,False
mmke-visual,smolvlm-1.7b,available_train,model_pred,214,1.0,global_95,Average,22,False,"[6, 8, 12, 17, 22]",[22],[],[22],21,False,,69.11095238095238,,False
mmke-visual,smolvlm-1.7b,available_train,model_pred,214,1.0,interior_pm1,Rel,22,False,"[6, 8, 12, 17, 22]","[21, 22, 23]",[21],"[22, 23]",20,False,49.34,51.0195,-1.6794999999999973,False
mmke-visual,smolvlm-1.7b,available_train,model_pred,214,1.0,interior_pm1,T-Gen,22,False,"[6, 8, 12, 17, 22]","[21, 22, 23]",[21],"[22, 23]",20,False,49.05,50.81250000000001,-1.76250000000001,False
mmke-visual,smolvlm-1.7b,available_train,model_pred,214,1.0,interior_pm1,M-Gen,22,False,"[6, 8, 12, 17, 22]","[21, 22, 23]",[21],"[22, 23]",20,False,49.220000000000006,51.03150000000001,-1.8115000000000023,False
mmke-visual,smolvlm-1.7b,available_train,model_pred,214,1.0,interior_pm1,T-Loc,22,False,"[6, 8, 12, 17, 22]","[21, 22, 23]",[21],"[22, 23]",20,False,100.0,100.0,0.0,True
mmke-visual,smolvlm-1.7b,available_train,model_pred,214,1.0,interior_pm1,M-Loc,22,False,"[6, 8, 12, 17, 22]","[21, 22, 23]",[21],"[22, 23]",20,False,88.17,93.1835,-5.013499999999993,False
mmke-visual,smolvlm-1.7b,available_train,model_pred,214,1.0,interior_pm1,Average,22,False,"[6, 8, 12, 17, 22]","[21, 22, 23]",[21],"[22, 23]",20,False,67.156,69.20870000000001,-2.0527000000000015,False
mmke-entity,blip2-opt-2.7b,matched_gradient,none,284,0.44654088050314467,global_80,Rel,8,False,"[3, 8, 29]","[2, 3, 4, 5, 6, 7, 8, 9, 10, 11, 12, 13, 14]","[2, 3, 4, 13, 14]","[5, 6, 7, 8, 9, 10, 11, 12]",16,False,54.048,52.484375,1.5636250000000018,False
mmke-entity,blip2-opt-2.7b,matched_gradient,none,284,0.44654088050314467,global_80,T-Gen,8,False,"[3, 8, 29]","[2, 3, 4, 5, 6, 7, 8, 9, 10, 11, 12, 13, 14]","[2, 3, 4, 13, 14]","[5, 6, 7, 8, 9, 10, 11, 12]",16,False,54.04200000000001,52.48625,1.5557500000000104,False
mmke-entity,blip2-opt-2.7b,matched_gradient,none,284,0.44654088050314467,global_80,M-Gen,8,False,"[3, 8, 29]","[2, 3, 4, 5, 6, 7, 8, 9, 10, 11, 12, 13, 14]","[2, 3, 4, 13, 14]","[5, 6, 7, 8, 9, 10, 11, 12]",16,False,54.068000000000005,52.463125000000005,1.6048749999999998,False
mmke-entity,blip2-opt-2.7b,matched_gradient,none,284,0.44654088050314467,global_80,T-Loc,8,False,"[3, 8, 29]","[2, 3, 4, 5, 6, 7, 8, 9, 10, 11, 12, 13, 14]","[2, 3, 4, 13, 14]","[5, 6, 7, 8, 9, 10, 11, 12]",16,False,100.0,100.0,0.0,True
mmke-entity,blip2-opt-2.7b,matched_gradient,none,284,0.44654088050314467,global_80,M-Loc,8,False,"[3, 8, 29]","[2, 3, 4, 5, 6, 7, 8, 9, 10, 11, 12, 13, 14]","[2, 3, 4, 13, 14]","[5, 6, 7, 8, 9, 10, 11, 12]",16,False,92.396,93.630625,-1.234624999999994,False
mmke-entity,blip2-opt-2.7b,matched_gradient,none,284,0.44654088050314467,global_80,Average,8,False,"[3, 8, 29]","[2, 3, 4, 5, 6, 7, 8, 9, 10, 11, 12, 13, 14]","[2, 3, 4, 13, 14]","[5, 6, 7, 8, 9, 10, 11, 12]",16,False,70.91080000000001,70.212875,0.6979250000000121,False
mmke-entity,blip2-opt-2.7b,matched_gradient,none,284,0.44654088050314467,global_90,Rel,8,False,"[3, 8, 29]","[2, 3, 4, 5, 6, 7, 8, 9, 10, 11, 12]","[2, 3, 4]","[5, 6, 7, 8, 9, 10, 11, 12]",18,False,56.31666666666666,52.28,4.036666666666662,False
mmke-entity,blip2-opt-2.7b,matched_gradient,none,284,0.44654088050314467,global_90,T-Gen,8,False,"[3, 8, 29]","[2, 3, 4, 5, 6, 7, 8, 9, 10, 11, 12]","[2, 3, 4]","[5, 6, 7, 8, 9, 10, 11, 12]",18,False,56.330000000000005,52.27777777777778,4.052222222222227,False
mmke-entity,blip2-opt-2.7b,matched_gradient,none,284,0.44654088050314467,global_90,M-Gen,8,False,"[3, 8, 29]","[2, 3, 4, 5, 6, 7, 8, 9, 10, 11, 12]","[2, 3, 4]","[5, 6, 7, 8, 9, 10, 11, 12]",18,False,56.36000000000001,52.25944444444444,4.100555555555566,False
mmke-entity,blip2-opt-2.7b,matched_gradient,none,284,0.44654088050314467,global_90,T-Loc,8,False,"[3, 8, 29]","[2, 3, 4, 5, 6, 7, 8, 9, 10, 11, 12]","[2, 3, 4]","[5, 6, 7, 8, 9, 10, 11, 12]",18,False,100.0,100.0,0.0,True
mmke-entity,blip2-opt-2.7b,matched_gradient,none,284,0.44654088050314467,global_90,M-Loc,8,False,"[3, 8, 29]","[2, 3, 4, 5, 6, 7, 8, 9, 10, 11, 12]","[2, 3, 4]","[5, 6, 7, 8, 9, 10, 11, 12]",18,False,88.62,94.12277777777778,-5.50277777777778,False
mmke-entity,blip2-opt-2.7b,matched_gradient,none,284,0.44654088050314467,global_90,Average,8,False,"[3, 8, 29]","[2, 3, 4, 5, 6, 7, 8, 9, 10, 11, 12]","[2, 3, 4]","[5, 6, 7, 8, 9, 10, 11, 12]",18,False,71.52533333333334,70.188,1.3373333333333335,False
mmke-entity,blip2-opt-2.7b,matched_gradient,none,284,0.44654088050314467,global_95,Rel,8,False,"[3, 8, 29]","[3, 4, 5, 6, 7, 8, 9, 10]","[3, 4]","[5, 6, 7, 8, 9, 10]",19,False,55.57000000000001,52.57105263157895,2.9989473684210566,False
mmke-entity,blip2-opt-2.7b,matched_gradient,none,284,0.44654088050314467,global_95,T-Gen,8,False,"[3, 8, 29]","[3, 4, 5, 6, 7, 8, 9, 10]","[3, 4]","[5, 6, 7, 8, 9, 10]",19,False,55.58,52.56999999999999,3.010000000000005,False
mmke-entity,blip2-opt-2.7b,matched_gradient,none,284,0.44654088050314467,global_95,M-Gen,8,False,"[3, 8, 29]","[3, 4, 5, 6, 7, 8, 9, 10]","[3, 4]","[5, 6, 7, 8, 9, 10]",19,False,55.615,52.55368421052631,3.0613157894736887,False
mmke-entity,blip2-opt-2.7b,matched_gradient,none,284,0.44654088050314467,global_95,T-Loc,8,False,"[3, 8, 29]","[3, 4, 5, 6, 7, 8, 9, 10]","[3, 4]","[5, 6, 7, 8, 9, 10]",19,False,100.0,100.0,0.0,True
mmke-entity,blip2-opt-2.7b,matched_gradient,none,284,0.44654088050314467,global_95,M-Loc,8,False,"[3, 8, 29]","[3, 4, 5, 6, 7, 8, 9, 10]","[3, 4]","[5, 6, 7, 8, 9, 10]",19,False,91.37,93.54368421052631,-2.1736842105263037,False
mmke-entity,blip2-opt-2.7b,matched_gradient,none,284,0.44654088050314467,global_95,Average,8,False,"[3, 8, 29]","[3, 4, 5, 6, 7, 8, 9, 10]","[3, 4]","[5, 6, 7, 8, 9, 10]",19,False,71.627,70.24768421052632,1.3793157894736794,False
mmke-entity,blip2-opt-2.7b,matched_gradient,none,284,0.44654088050314467,interior_pm1,Rel,8,False,"[3, 8, 29]","[7, 8, 9]",[],"[7, 8, 9]",21,False,,52.85666666666667,,False
mmke-entity,blip2-opt-2.7b,matched_gradient,none,284,0.44654088050314467,interior_pm1,T-Gen,8,False,"[3, 8, 29]","[7, 8, 9]",[],"[7, 8, 9]",21,False,,52.85666666666667,,False
mmke-entity,blip2-opt-2.7b,matched_gradient,none,284,0.44654088050314467,interior_pm1,M-Gen,8,False,"[3, 8, 29]","[7, 8, 9]",[],"[7, 8, 9]",21,False,,52.845238095238095,,False
mmke-entity,blip2-opt-2.7b,matched_gradient,none,284,0.44654088050314467,interior_pm1,T-Loc,8,False,"[3, 8, 29]","[7, 8, 9]",[],"[7, 8, 9]",21,False,,100.0,,False
mmke-entity,blip2-opt-2.7b,matched_gradient,none,284,0.44654088050314467,interior_pm1,M-Loc,8,False,"[3, 8, 29]","[7, 8, 9]",[],"[7, 8, 9]",21,False,,93.33666666666667,,False
mmke-entity,blip2-opt-2.7b,matched_gradient,none,284,0.44654088050314467,interior_pm1,Average,8,False,"[3, 8, 29]","[7, 8, 9]",[],"[7, 8, 9]",21,False,,70.37904761904761,,False
mmke-entity,blip2-opt-2.7b,matched_gradient,alt,284,0.44654088050314467,global_80,Rel,3,False,[3],"[1, 2, 3, 4, 5, 6, 7, 8, 9, 10, 11, 12, 13]","[1, 2, 3, 4, 13]","[5, 6, 7, 8, 9, 10, 11, 12]",16,False,55.48,52.036874999999995,3.443125000000002,True
mmke-entity,blip2-opt-2.7b,matched_gradient,alt,284,0.44654088050314467,global_80,T-Gen,3,False,[3],"[1, 2, 3, 4, 5, 6, 7, 8, 9, 10, 11, 12, 13]","[1, 2, 3, 4, 13]","[5, 6, 7, 8, 9, 10, 11, 12]",16,False,55.462,52.042500000000004,3.4194999999999993,True
mmke-entity,blip2-opt-2.7b,matched_gradient,alt,284,0.44654088050314467,global_80,M-Gen,3,False,[3],"[1, 2, 3, 4, 5, 6, 7, 8, 9, 10, 11, 12, 13]","[1, 2, 3, 4, 13]","[5, 6, 7, 8, 9, 10, 11, 12]",16,False,55.52,52.009375,3.5106250000000045,True
mmke-entity,blip2-opt-2.7b,matched_gradient,alt,284,0.44654088050314467,global_80,T-Loc,3,False,[3],"[1, 2, 3, 4, 5, 6, 7, 8, 9, 10, 11, 12, 13]","[1, 2, 3, 4, 13]","[5, 6, 7, 8, 9, 10, 11, 12]",16,False,100.0,100.0,0.0,True
mmke-entity,blip2-opt-2.7b,matched_gradient,alt,284,0.44654088050314467,global_80,M-Loc,3,False,[3],"[1, 2, 3, 4, 5, 6, 7, 8, 9, 10, 11, 12, 13]","[1, 2, 3, 4, 13]","[5, 6, 7, 8, 9, 10, 11, 12]",16,False,90.532,94.21312499999999,-3.6811249999999944,False
mmke-entity,blip2-opt-2.7b,matched_gradient,alt,284,0.44654088050314467,global_80,Average,3,False,[3],"[1, 2, 3, 4, 5, 6, 7, 8, 9, 10, 11, 12, 13]","[1, 2, 3, 4, 13]","[5, 6, 7, 8, 9, 10, 11, 12]",16,False,71.3988,70.060375,1.3384250000000009,True
mmke-entity,blip2-opt-2.7b,matched_gradient,alt,284,0.44654088050314467,global_90,Rel,3,False,[3],"[2, 3, 4, 5, 6, 7, 8, 9, 10]","[2, 3, 4]","[5, 6, 7, 8, 9, 10]",18,False,56.31666666666666,52.28,4.036666666666662,False
mmke-entity,blip2-opt-2.7b,matched_gradient,alt,284,0.44654088050314467,global_90,T-Gen,3,False,[3],"[2, 3, 4, 5, 6, 7, 8, 9, 10]","[2, 3, 4]","[5, 6, 7, 8, 9, 10]",18,False,56.330000000000005,52.27777777777778,4.052222222222227,False
mmke-entity,blip2-opt-2.7b,matched_gradient,alt,284,0.44654088050314467,global_90,M-Gen,3,False,[3],"[2, 3, 4, 5, 6, 7, 8, 9, 10]","[2, 3, 4]","[5, 6, 7, 8, 9, 10]",18,False,56.36000000000001,52.25944444444444,4.100555555555566,False
mmke-entity,blip2-opt-2.7b,matched_gradient,alt,284,0.44654088050314467,global_90,T-Loc,3,False,[3],"[2, 3, 4, 5, 6, 7, 8, 9, 10]","[2, 3, 4]","[5, 6, 7, 8, 9, 10]",18,False,100.0,100.0,0.0,True
mmke-entity,blip2-opt-2.7b,matched_gradient,alt,284,0.44654088050314467,global_90,M-Loc,3,False,[3],"[2, 3, 4, 5, 6, 7, 8, 9, 10]","[2, 3, 4]","[5, 6, 7, 8, 9, 10]",18,False,88.62,94.12277777777778,-5.50277777777778,False
mmke-entity,blip2-opt-2.7b,matched_gradient,alt,284,0.44654088050314467,global_90,Average,3,False,[3],"[2, 3, 4, 5, 6, 7, 8, 9, 10]","[2, 3, 4]","[5, 6, 7, 8, 9, 10]",18,False,71.52533333333334,70.188,1.3373333333333335,False
mmke-entity,blip2-opt-2.7b,matched_gradient,alt,284,0.44654088050314467,global_95,Rel,3,False,[3],"[2, 3, 4, 5, 6, 7, 8]","[2, 3, 4]","[5, 6, 7, 8]",18,False,56.31666666666666,52.28,4.036666666666662,False
mmke-entity,blip2-opt-2.7b,matched_gradient,alt,284,0.44654088050314467,global_95,T-Gen,3,False,[3],"[2, 3, 4, 5, 6, 7, 8]","[2, 3, 4]","[5, 6, 7, 8]",18,False,56.330000000000005,52.27777777777778,4.052222222222227,False
mmke-entity,blip2-opt-2.7b,matched_gradient,alt,284,0.44654088050314467,global_95,M-Gen,3,False,[3],"[2, 3, 4, 5, 6, 7, 8]","[2, 3, 4]","[5, 6, 7, 8]",18,False,56.36000000000001,52.25944444444444,4.100555555555566,False
mmke-entity,blip2-opt-2.7b,matched_gradient,alt,284,0.44654088050314467,global_95,T-Loc,3,False,[3],"[2, 3, 4, 5, 6, 7, 8]","[2, 3, 4]","[5, 6, 7, 8]",18,False,100.0,100.0,0.0,True
mmke-entity,blip2-opt-2.7b,matched_gradient,alt,284,0.44654088050314467,global_95,M-Loc,3,False,[3],"[2, 3, 4, 5, 6, 7, 8]","[2, 3, 4]","[5, 6, 7, 8]",18,False,88.62,94.12277777777778,-5.50277777777778,False
mmke-entity,blip2-opt-2.7b,matched_gradient,alt,284,0.44654088050314467,global_95,Average,3,False,[3],"[2, 3, 4, 5, 6, 7, 8]","[2, 3, 4]","[5, 6, 7, 8]",18,False,71.52533333333334,70.188,1.3373333333333335,False
mmke-entity,blip2-opt-2.7b,matched_gradient,alt,284,0.44654088050314467,interior_pm1,Rel,3,False,[3],"[2, 3, 4]","[2, 3, 4]",[],18,True,56.31666666666666,52.28,4.036666666666662,False
mmke-entity,blip2-opt-2.7b,matched_gradient,alt,284,0.44654088050314467,interior_pm1,T-Gen,3,False,[3],"[2, 3, 4]","[2, 3, 4]",[],18,True,56.330000000000005,52.27777777777778,4.052222222222227,False
mmke-entity,blip2-opt-2.7b,matched_gradient,alt,284,0.44654088050314467,interior_pm1,M-Gen,3,False,[3],"[2, 3, 4]","[2, 3, 4]",[],18,True,56.36000000000001,52.25944444444444,4.100555555555566,False
mmke-entity,blip2-opt-2.7b,matched_gradient,alt,284,0.44654088050314467,interior_pm1,T-Loc,3,False,[3],"[2, 3, 4]","[2, 3, 4]",[],18,True,100.0,100.0,0.0,True
mmke-entity,blip2-opt-2.7b,matched_gradient,alt,284,0.44654088050314467,interior_pm1,M-Loc,3,False,[3],"[2, 3, 4]","[2, 3, 4]",[],18,True,88.62,94.12277777777778,-5.50277777777778,False
mmke-entity,blip2-opt-2.7b,matched_gradient,alt,284,0.44654088050314467,interior_pm1,Average,3,False,[3],"[2, 3, 4]","[2, 3, 4]",[],18,True,71.52533333333334,70.188,1.3373333333333335,False
mmke-entity,blip2-opt-2.7b,matched_gradient,model_pred,284,0.44654088050314467,global_80,Rel,3,False,"[3, 5]","[1, 2, 3, 4, 5, 6, 7, 8, 9, 10, 11, 12, 13]","[1, 2, 3, 4, 13]","[5, 6, 7, 8, 9, 10, 11, 12]",16,False,55.48,52.036874999999995,3.443125000000002,True
mmke-entity,blip2-opt-2.7b,matched_gradient,model_pred,284,0.44654088050314467,global_80,T-Gen,3,False,"[3, 5]","[1, 2, 3, 4, 5, 6, 7, 8, 9, 10, 11, 12, 13]","[1, 2, 3, 4, 13]","[5, 6, 7, 8, 9, 10, 11, 12]",16,False,55.462,52.042500000000004,3.4194999999999993,True
mmke-entity,blip2-opt-2.7b,matched_gradient,model_pred,284,0.44654088050314467,global_80,M-Gen,3,False,"[3, 5]","[1, 2, 3, 4, 5, 6, 7, 8, 9, 10, 11, 12, 13]","[1, 2, 3, 4, 13]","[5, 6, 7, 8, 9, 10, 11, 12]",16,False,55.52,52.009375,3.5106250000000045,True
mmke-entity,blip2-opt-2.7b,matched_gradient,model_pred,284,0.44654088050314467,global_80,T-Loc,3,False,"[3, 5]","[1, 2, 3, 4, 5, 6, 7, 8, 9, 10, 11, 12, 13]","[1, 2, 3, 4, 13]","[5, 6, 7, 8, 9, 10, 11, 12]",16,False,100.0,100.0,0.0,True
mmke-entity,blip2-opt-2.7b,matched_gradient,model_pred,284,0.44654088050314467,global_80,M-Loc,3,False,"[3, 5]","[1, 2, 3, 4, 5, 6, 7, 8, 9, 10, 11, 12, 13]","[1, 2, 3, 4, 13]","[5, 6, 7, 8, 9, 10, 11, 12]",16,False,90.532,94.21312499999999,-3.6811249999999944,False
mmke-entity,blip2-opt-2.7b,matched_gradient,model_pred,284,0.44654088050314467,global_80,Average,3,False,"[3, 5]","[1, 2, 3, 4, 5, 6, 7, 8, 9, 10, 11, 12, 13]","[1, 2, 3, 4, 13]","[5, 6, 7, 8, 9, 10, 11, 12]",16,False,71.3988,70.060375,1.3384250000000009,True
mmke-entity,blip2-opt-2.7b,matched_gradient,model_pred,284,0.44654088050314467,global_90,Rel,3,False,"[3, 5]","[2, 3, 4, 5, 6, 7, 8, 9, 10]","[2, 3, 4]","[5, 6, 7, 8, 9, 10]",18,False,56.31666666666666,52.28,4.036666666666662,False
mmke-entity,blip2-opt-2.7b,matched_gradient,model_pred,284,0.44654088050314467,global_90,T-Gen,3,False,"[3, 5]","[2, 3, 4, 5, 6, 7, 8, 9, 10]","[2, 3, 4]","[5, 6, 7, 8, 9, 10]",18,False,56.330000000000005,52.27777777777778,4.052222222222227,False
mmke-entity,blip2-opt-2.7b,matched_gradient,model_pred,284,0.44654088050314467,global_90,M-Gen,3,False,"[3, 5]","[2, 3, 4, 5, 6, 7, 8, 9, 10]","[2, 3, 4]","[5, 6, 7, 8, 9, 10]",18,False,56.36000000000001,52.25944444444444,4.100555555555566,False
mmke-entity,blip2-opt-2.7b,matched_gradient,model_pred,284,0.44654088050314467,global_90,T-Loc,3,False,"[3, 5]","[2, 3, 4, 5, 6, 7, 8, 9, 10]","[2, 3, 4]","[5, 6, 7, 8, 9, 10]",18,False,100.0,100.0,0.0,True
mmke-entity,blip2-opt-2.7b,matched_gradient,model_pred,284,0.44654088050314467,global_90,M-Loc,3,False,"[3, 5]","[2, 3, 4, 5, 6, 7, 8, 9, 10]","[2, 3, 4]","[5, 6, 7, 8, 9, 10]",18,False,88.62,94.12277777777778,-5.50277777777778,False
mmke-entity,blip2-opt-2.7b,matched_gradient,model_pred,284,0.44654088050314467,global_90,Average,3,False,"[3, 5]","[2, 3, 4, 5, 6, 7, 8, 9, 10]","[2, 3, 4]","[5, 6, 7, 8, 9, 10]",18,False,71.52533333333334,70.188,1.3373333333333335,False
mmke-entity,blip2-opt-2.7b,matched_gradient,model_pred,284,0.44654088050314467,global_95,Rel,3,False,"[3, 5]","[2, 3, 4, 5, 6, 7, 8]","[2, 3, 4]","[5, 6, 7, 8]",18,False,56.31666666666666,52.28,4.036666666666662,False
mmke-entity,blip2-opt-2.7b,matched_gradient,model_pred,284,0.44654088050314467,global_95,T-Gen,3,False,"[3, 5]","[2, 3, 4, 5, 6, 7, 8]","[2, 3, 4]","[5, 6, 7, 8]",18,False,56.330000000000005,52.27777777777778,4.052222222222227,False
mmke-entity,blip2-opt-2.7b,matched_gradient,model_pred,284,0.44654088050314467,global_95,M-Gen,3,False,"[3, 5]","[2, 3, 4, 5, 6, 7, 8]","[2, 3, 4]","[5, 6, 7, 8]",18,False,56.36000000000001,52.25944444444444,4.100555555555566,False
mmke-entity,blip2-opt-2.7b,matched_gradient,model_pred,284,0.44654088050314467,global_95,T-Loc,3,False,"[3, 5]","[2, 3, 4, 5, 6, 7, 8]","[2, 3, 4]","[5, 6, 7, 8]",18,False,100.0,100.0,0.0,True
mmke-entity,blip2-opt-2.7b,matched_gradient,model_pred,284,0.44654088050314467,global_95,M-Loc,3,False,"[3, 5]","[2, 3, 4, 5, 6, 7, 8]","[2, 3, 4]","[5, 6, 7, 8]",18,False,88.62,94.12277777777778,-5.50277777777778,False
mmke-entity,blip2-opt-2.7b,matched_gradient,model_pred,284,0.44654088050314467,global_95,Average,3,False,"[3, 5]","[2, 3, 4, 5, 6, 7, 8]","[2, 3, 4]","[5, 6, 7, 8]",18,False,71.52533333333334,70.188,1.3373333333333335,False
mmke-entity,blip2-opt-2.7b,matched_gradient,model_pred,284,0.44654088050314467,interior_pm1,Rel,3,False,"[3, 5]","[2, 3, 4]","[2, 3, 4]",[],18,True,56.31666666666666,52.28,4.036666666666662,False
mmke-entity,blip2-opt-2.7b,matched_gradient,model_pred,284,0.44654088050314467,interior_pm1,T-Gen,3,False,"[3, 5]","[2, 3, 4]","[2, 3, 4]",[],18,True,56.330000000000005,52.27777777777778,4.052222222222227,False
mmke-entity,blip2-opt-2.7b,matched_gradient,model_pred,284,0.44654088050314467,interior_pm1,M-Gen,3,False,"[3, 5]","[2, 3, 4]","[2, 3, 4]",[],18,True,56.36000000000001,52.25944444444444,4.100555555555566,False
mmke-entity,blip2-opt-2.7b,matched_gradient,model_pred,284,0.44654088050314467,interior_pm1,T-Loc,3,False,"[3, 5]","[2, 3, 4]","[2, 3, 4]",[],18,True,100.0,100.0,0.0,True
mmke-entity,blip2-opt-2.7b,matched_gradient,model_pred,284,0.44654088050314467,interior_pm1,M-Loc,3,False,"[3, 5]","[2, 3, 4]","[2, 3, 4]",[],18,True,88.62,94.12277777777778,-5.50277777777778,False
mmke-entity,blip2-opt-2.7b,matched_gradient,model_pred,284,0.44654088050314467,interior_pm1,Average,3,False,"[3, 5]","[2, 3, 4]","[2, 3, 4]",[],18,True,71.52533333333334,70.188,1.3373333333333335,False
mmke-entity,blip2-opt-2.7b,available_train,none,636,1.0,global_80,Rel,8,False,"[3, 8, 29]","[2, 3, 4, 5, 6, 7, 8, 9, 10, 11, 12, 13, 14]","[2, 3, 4, 13, 14]","[5, 6, 7, 8, 9, 10, 11, 12]",16,False,54.048,52.484375,1.5636250000000018,False
mmke-entity,blip2-opt-2.7b,available_train,none,636,1.0,global_80,T-Gen,8,False,"[3, 8, 29]","[2, 3, 4, 5, 6, 7, 8, 9, 10, 11, 12, 13, 14]","[2, 3, 4, 13, 14]","[5, 6, 7, 8, 9, 10, 11, 12]",16,False,54.04200000000001,52.48625,1.5557500000000104,False
mmke-entity,blip2-opt-2.7b,available_train,none,636,1.0,global_80,M-Gen,8,False,"[3, 8, 29]","[2, 3, 4, 5, 6, 7, 8, 9, 10, 11, 12, 13, 14]","[2, 3, 4, 13, 14]","[5, 6, 7, 8, 9, 10, 11, 12]",16,False,54.068000000000005,52.463125000000005,1.6048749999999998,False
mmke-entity,blip2-opt-2.7b,available_train,none,636,1.0,global_80,T-Loc,8,False,"[3, 8, 29]","[2, 3, 4, 5, 6, 7, 8, 9, 10, 11, 12, 13, 14]","[2, 3, 4, 13, 14]","[5, 6, 7, 8, 9, 10, 11, 12]",16,False,100.0,100.0,0.0,True
mmke-entity,blip2-opt-2.7b,available_train,none,636,1.0,global_80,M-Loc,8,False,"[3, 8, 29]","[2, 3, 4, 5, 6, 7, 8, 9, 10, 11, 12, 13, 14]","[2, 3, 4, 13, 14]","[5, 6, 7, 8, 9, 10, 11, 12]",16,False,92.396,93.630625,-1.234624999999994,False
mmke-entity,blip2-opt-2.7b,available_train,none,636,1.0,global_80,Average,8,False,"[3, 8, 29]","[2, 3, 4, 5, 6, 7, 8, 9, 10, 11, 12, 13, 14]","[2, 3, 4, 13, 14]","[5, 6, 7, 8, 9, 10, 11, 12]",16,False,70.91080000000001,70.212875,0.6979250000000121,False
mmke-entity,blip2-opt-2.7b,available_train,none,636,1.0,global_90,Rel,8,False,"[3, 8, 29]","[2, 3, 4, 5, 6, 7, 8, 9, 10, 11, 12]","[2, 3, 4]","[5, 6, 7, 8, 9, 10, 11, 12]",18,False,56.31666666666666,52.28,4.036666666666662,False
mmke-entity,blip2-opt-2.7b,available_train,none,636,1.0,global_90,T-Gen,8,False,"[3, 8, 29]","[2, 3, 4, 5, 6, 7, 8, 9, 10, 11, 12]","[2, 3, 4]","[5, 6, 7, 8, 9, 10, 11, 12]",18,False,56.330000000000005,52.27777777777778,4.052222222222227,False
mmke-entity,blip2-opt-2.7b,available_train,none,636,1.0,global_90,M-Gen,8,False,"[3, 8, 29]","[2, 3, 4, 5, 6, 7, 8, 9, 10, 11, 12]","[2, 3, 4]","[5, 6, 7, 8, 9, 10, 11, 12]",18,False,56.36000000000001,52.25944444444444,4.100555555555566,False
mmke-entity,blip2-opt-2.7b,available_train,none,636,1.0,global_90,T-Loc,8,False,"[3, 8, 29]","[2, 3, 4, 5, 6, 7, 8, 9, 10, 11, 12]","[2, 3, 4]","[5, 6, 7, 8, 9, 10, 11, 12]",18,False,100.0,100.0,0.0,True
mmke-entity,blip2-opt-2.7b,available_train,none,636,1.0,global_90,M-Loc,8,False,"[3, 8, 29]","[2, 3, 4, 5, 6, 7, 8, 9, 10, 11, 12]","[2, 3, 4]","[5, 6, 7, 8, 9, 10, 11, 12]",18,False,88.62,94.12277777777778,-5.50277777777778,False
mmke-entity,blip2-opt-2.7b,available_train,none,636,1.0,global_90,Average,8,False,"[3, 8, 29]","[2, 3, 4, 5, 6, 7, 8, 9, 10, 11, 12]","[2, 3, 4]","[5, 6, 7, 8, 9, 10, 11, 12]",18,False,71.52533333333334,70.188,1.3373333333333335,False
mmke-entity,blip2-opt-2.7b,available_train,none,636,1.0,global_95,Rel,8,False,"[3, 8, 29]","[3, 4, 5, 6, 7, 8, 9, 10]","[3, 4]","[5, 6, 7, 8, 9, 10]",19,False,55.57000000000001,52.57105263157895,2.9989473684210566,False
mmke-entity,blip2-opt-2.7b,available_train,none,636,1.0,global_95,T-Gen,8,False,"[3, 8, 29]","[3, 4, 5, 6, 7, 8, 9, 10]","[3, 4]","[5, 6, 7, 8, 9, 10]",19,False,55.58,52.56999999999999,3.010000000000005,False
mmke-entity,blip2-opt-2.7b,available_train,none,636,1.0,global_95,M-Gen,8,False,"[3, 8, 29]","[3, 4, 5, 6, 7, 8, 9, 10]","[3, 4]","[5, 6, 7, 8, 9, 10]",19,False,55.615,52.55368421052631,3.0613157894736887,False
mmke-entity,blip2-opt-2.7b,available_train,none,636,1.0,global_95,T-Loc,8,False,"[3, 8, 29]","[3, 4, 5, 6, 7, 8, 9, 10]","[3, 4]","[5, 6, 7, 8, 9, 10]",19,False,100.0,100.0,0.0,True
mmke-entity,blip2-opt-2.7b,available_train,none,636,1.0,global_95,M-Loc,8,False,"[3, 8, 29]","[3, 4, 5, 6, 7, 8, 9, 10]","[3, 4]","[5, 6, 7, 8, 9, 10]",19,False,91.37,93.54368421052631,-2.1736842105263037,False
mmke-entity,blip2-opt-2.7b,available_train,none,636,1.0,global_95,Average,8,False,"[3, 8, 29]","[3, 4, 5, 6, 7, 8, 9, 10]","[3, 4]","[5, 6, 7, 8, 9, 10]",19,False,71.627,70.24768421052632,1.3793157894736794,False
mmke-entity,blip2-opt-2.7b,available_train,none,636,1.0,interior_pm1,Rel,8,False,"[3, 8, 29]","[7, 8, 9]",[],"[7, 8, 9]",21,False,,52.85666666666667,,False
mmke-entity,blip2-opt-2.7b,available_train,none,636,1.0,interior_pm1,T-Gen,8,False,"[3, 8, 29]","[7, 8, 9]",[],"[7, 8, 9]",21,False,,52.85666666666667,,False
mmke-entity,blip2-opt-2.7b,available_train,none,636,1.0,interior_pm1,M-Gen,8,False,"[3, 8, 29]","[7, 8, 9]",[],"[7, 8, 9]",21,False,,52.845238095238095,,False
mmke-entity,blip2-opt-2.7b,available_train,none,636,1.0,interior_pm1,T-Loc,8,False,"[3, 8, 29]","[7, 8, 9]",[],"[7, 8, 9]",21,False,,100.0,,False
mmke-entity,blip2-opt-2.7b,available_train,none,636,1.0,interior_pm1,M-Loc,8,False,"[3, 8, 29]","[7, 8, 9]",[],"[7, 8, 9]",21,False,,93.33666666666667,,False
mmke-entity,blip2-opt-2.7b,available_train,none,636,1.0,interior_pm1,Average,8,False,"[3, 8, 29]","[7, 8, 9]",[],"[7, 8, 9]",21,False,,70.37904761904761,,False
mmke-entity,blip2-opt-2.7b,available_train,alt,636,1.0,global_80,Rel,3,False,[3],"[1, 2, 3, 4, 5, 6, 7, 8, 9, 10, 11, 12, 13]","[1, 2, 3, 4, 13]","[5, 6, 7, 8, 9, 10, 11, 12]",16,False,55.48,52.036874999999995,3.443125000000002,True
mmke-entity,blip2-opt-2.7b,available_train,alt,636,1.0,global_80,T-Gen,3,False,[3],"[1, 2, 3, 4, 5, 6, 7, 8, 9, 10, 11, 12, 13]","[1, 2, 3, 4, 13]","[5, 6, 7, 8, 9, 10, 11, 12]",16,False,55.462,52.042500000000004,3.4194999999999993,True
mmke-entity,blip2-opt-2.7b,available_train,alt,636,1.0,global_80,M-Gen,3,False,[3],"[1, 2, 3, 4, 5, 6, 7, 8, 9, 10, 11, 12, 13]","[1, 2, 3, 4, 13]","[5, 6, 7, 8, 9, 10, 11, 12]",16,False,55.52,52.009375,3.5106250000000045,True
mmke-entity,blip2-opt-2.7b,available_train,alt,636,1.0,global_80,T-Loc,3,False,[3],"[1, 2, 3, 4, 5, 6, 7, 8, 9, 10, 11, 12, 13]","[1, 2, 3, 4, 13]","[5, 6, 7, 8, 9, 10, 11, 12]",16,False,100.0,100.0,0.0,True
mmke-entity,blip2-opt-2.7b,available_train,alt,636,1.0,global_80,M-Loc,3,False,[3],"[1, 2, 3, 4, 5, 6, 7, 8, 9, 10, 11, 12, 13]","[1, 2, 3, 4, 13]","[5, 6, 7, 8, 9, 10, 11, 12]",16,False,90.532,94.21312499999999,-3.6811249999999944,False
mmke-entity,blip2-opt-2.7b,available_train,alt,636,1.0,global_80,Average,3,False,[3],"[1, 2, 3, 4, 5, 6, 7, 8, 9, 10, 11, 12, 13]","[1, 2, 3, 4, 13]","[5, 6, 7, 8, 9, 10, 11, 12]",16,False,71.3988,70.060375,1.3384250000000009,True
mmke-entity,blip2-opt-2.7b,available_train,alt,636,1.0,global_90,Rel,3,False,[3],"[2, 3, 4, 5, 6, 7, 8, 9, 10]","[2, 3, 4]","[5, 6, 7, 8, 9, 10]",18,False,56.31666666666666,52.28,4.036666666666662,False
mmke-entity,blip2-opt-2.7b,available_train,alt,636,1.0,global_90,T-Gen,3,False,[3],"[2, 3, 4, 5, 6, 7, 8, 9, 10]","[2, 3, 4]","[5, 6, 7, 8, 9, 10]",18,False,56.330000000000005,52.27777777777778,4.052222222222227,False
mmke-entity,blip2-opt-2.7b,available_train,alt,636,1.0,global_90,M-Gen,3,False,[3],"[2, 3, 4, 5, 6, 7, 8, 9, 10]","[2, 3, 4]","[5, 6, 7, 8, 9, 10]",18,False,56.36000000000001,52.25944444444444,4.100555555555566,False
mmke-entity,blip2-opt-2.7b,available_train,alt,636,1.0,global_90,T-Loc,3,False,[3],"[2, 3, 4, 5, 6, 7, 8, 9, 10]","[2, 3, 4]","[5, 6, 7, 8, 9, 10]",18,False,100.0,100.0,0.0,True
mmke-entity,blip2-opt-2.7b,available_train,alt,636,1.0,global_90,M-Loc,3,False,[3],"[2, 3, 4, 5, 6, 7, 8, 9, 10]","[2, 3, 4]","[5, 6, 7, 8, 9, 10]",18,False,88.62,94.12277777777778,-5.50277777777778,False
mmke-entity,blip2-opt-2.7b,available_train,alt,636,1.0,global_90,Average,3,False,[3],"[2, 3, 4, 5, 6, 7, 8, 9, 10]","[2, 3, 4]","[5, 6, 7, 8, 9, 10]",18,False,71.52533333333334,70.188,1.3373333333333335,False
mmke-entity,blip2-opt-2.7b,available_train,alt,636,1.0,global_95,Rel,3,False,[3],"[2, 3, 4, 5, 6, 7, 8]","[2, 3, 4]","[5, 6, 7, 8]",18,False,56.31666666666666,52.28,4.036666666666662,False
mmke-entity,blip2-opt-2.7b,available_train,alt,636,1.0,global_95,T-Gen,3,False,[3],"[2, 3, 4, 5, 6, 7, 8]","[2, 3, 4]","[5, 6, 7, 8]",18,False,56.330000000000005,52.27777777777778,4.052222222222227,False
mmke-entity,blip2-opt-2.7b,available_train,alt,636,1.0,global_95,M-Gen,3,False,[3],"[2, 3, 4, 5, 6, 7, 8]","[2, 3, 4]","[5, 6, 7, 8]",18,False,56.36000000000001,52.25944444444444,4.100555555555566,False
mmke-entity,blip2-opt-2.7b,available_train,alt,636,1.0,global_95,T-Loc,3,False,[3],"[2, 3, 4, 5, 6, 7, 8]","[2, 3, 4]","[5, 6, 7, 8]",18,False,100.0,100.0,0.0,True
mmke-entity,blip2-opt-2.7b,available_train,alt,636,1.0,global_95,M-Loc,3,False,[3],"[2, 3, 4, 5, 6, 7, 8]","[2, 3, 4]","[5, 6, 7, 8]",18,False,88.62,94.12277777777778,-5.50277777777778,False
mmke-entity,blip2-opt-2.7b,available_train,alt,636,1.0,global_95,Average,3,False,[3],"[2, 3, 4, 5, 6, 7, 8]","[2, 3, 4]","[5, 6, 7, 8]",18,False,71.52533333333334,70.188,1.3373333333333335,False
mmke-entity,blip2-opt-2.7b,available_train,alt,636,1.0,interior_pm1,Rel,3,False,[3],"[2, 3, 4]","[2, 3, 4]",[],18,True,56.31666666666666,52.28,4.036666666666662,False
mmke-entity,blip2-opt-2.7b,available_train,alt,636,1.0,interior_pm1,T-Gen,3,False,[3],"[2, 3, 4]","[2, 3, 4]",[],18,True,56.330000000000005,52.27777777777778,4.052222222222227,False
mmke-entity,blip2-opt-2.7b,available_train,alt,636,1.0,interior_pm1,M-Gen,3,False,[3],"[2, 3, 4]","[2, 3, 4]",[],18,True,56.36000000000001,52.25944444444444,4.100555555555566,False
mmke-entity,blip2-opt-2.7b,available_train,alt,636,1.0,interior_pm1,T-Loc,3,False,[3],"[2, 3, 4]","[2, 3, 4]",[],18,True,100.0,100.0,0.0,True
mmke-entity,blip2-opt-2.7b,available_train,alt,636,1.0,interior_pm1,M-Loc,3,False,[3],"[2, 3, 4]","[2, 3, 4]",[],18,True,88.62,94.12277777777778,-5.50277777777778,False
mmke-entity,blip2-opt-2.7b,available_train,alt,636,1.0,interior_pm1,Average,3,False,[3],"[2, 3, 4]","[2, 3, 4]",[],18,True,71.52533333333334,70.188,1.3373333333333335,False
mmke-entity,blip2-opt-2.7b,available_train,model_pred,284,0.44654088050314467,global_80,Rel,3,False,"[3, 5]","[1, 2, 3, 4, 5, 6, 7, 8, 9, 10, 11, 12, 13]","[1, 2, 3, 4, 13]","[5, 6, 7, 8, 9, 10, 11, 12]",16,False,55.48,52.036874999999995,3.443125000000002,True
mmke-entity,blip2-opt-2.7b,available_train,model_pred,284,0.44654088050314467,global_80,T-Gen,3,False,"[3, 5]","[1, 2, 3, 4, 5, 6, 7, 8, 9, 10, 11, 12, 13]","[1, 2, 3, 4, 13]","[5, 6, 7, 8, 9, 10, 11, 12]",16,False,55.462,52.042500000000004,3.4194999999999993,True
mmke-entity,blip2-opt-2.7b,available_train,model_pred,284,0.44654088050314467,global_80,M-Gen,3,False,"[3, 5]","[1, 2, 3, 4, 5, 6, 7, 8, 9, 10, 11, 12, 13]","[1, 2, 3, 4, 13]","[5, 6, 7, 8, 9, 10, 11, 12]",16,False,55.52,52.009375,3.5106250000000045,True
mmke-entity,blip2-opt-2.7b,available_train,model_pred,284,0.44654088050314467,global_80,T-Loc,3,False,"[3, 5]","[1, 2, 3, 4, 5, 6, 7, 8, 9, 10, 11, 12, 13]","[1, 2, 3, 4, 13]","[5, 6, 7, 8, 9, 10, 11, 12]",16,False,100.0,100.0,0.0,True
mmke-entity,blip2-opt-2.7b,available_train,model_pred,284,0.44654088050314467,global_80,M-Loc,3,False,"[3, 5]","[1, 2, 3, 4, 5, 6, 7, 8, 9, 10, 11, 12, 13]","[1, 2, 3, 4, 13]","[5, 6, 7, 8, 9, 10, 11, 12]",16,False,90.532,94.21312499999999,-3.6811249999999944,False
mmke-entity,blip2-opt-2.7b,available_train,model_pred,284,0.44654088050314467,global_80,Average,3,False,"[3, 5]","[1, 2, 3, 4, 5, 6, 7, 8, 9, 10, 11, 12, 13]","[1, 2, 3, 4, 13]","[5, 6, 7, 8, 9, 10, 11, 12]",16,False,71.3988,70.060375,1.3384250000000009,True
mmke-entity,blip2-opt-2.7b,available_train,model_pred,284,0.44654088050314467,global_90,Rel,3,False,"[3, 5]","[2, 3, 4, 5, 6, 7, 8, 9, 10]","[2, 3, 4]","[5, 6, 7, 8, 9, 10]",18,False,56.31666666666666,52.28,4.036666666666662,False
mmke-entity,blip2-opt-2.7b,available_train,model_pred,284,0.44654088050314467,global_90,T-Gen,3,False,"[3, 5]","[2, 3, 4, 5, 6, 7, 8, 9, 10]","[2, 3, 4]","[5, 6, 7, 8, 9, 10]",18,False,56.330000000000005,52.27777777777778,4.052222222222227,False
mmke-entity,blip2-opt-2.7b,available_train,model_pred,284,0.44654088050314467,global_90,M-Gen,3,False,"[3, 5]","[2, 3, 4, 5, 6, 7, 8, 9, 10]","[2, 3, 4]","[5, 6, 7, 8, 9, 10]",18,False,56.36000000000001,52.25944444444444,4.100555555555566,False
mmke-entity,blip2-opt-2.7b,available_train,model_pred,284,0.44654088050314467,global_90,T-Loc,3,False,"[3, 5]","[2, 3, 4, 5, 6, 7, 8, 9, 10]","[2, 3, 4]","[5, 6, 7, 8, 9, 10]",18,False,100.0,100.0,0.0,True
mmke-entity,blip2-opt-2.7b,available_train,model_pred,284,0.44654088050314467,global_90,M-Loc,3,False,"[3, 5]","[2, 3, 4, 5, 6, 7, 8, 9, 10]","[2, 3, 4]","[5, 6, 7, 8, 9, 10]",18,False,88.62,94.12277777777778,-5.50277777777778,False
mmke-entity,blip2-opt-2.7b,available_train,model_pred,284,0.44654088050314467,global_90,Average,3,False,"[3, 5]","[2, 3, 4, 5, 6, 7, 8, 9, 10]","[2, 3, 4]","[5, 6, 7, 8, 9, 10]",18,False,71.52533333333334,70.188,1.3373333333333335,False
mmke-entity,blip2-opt-2.7b,available_train,model_pred,284,0.44654088050314467,global_95,Rel,3,False,"[3, 5]","[2, 3, 4, 5, 6, 7, 8]","[2, 3, 4]","[5, 6, 7, 8]",18,False,56.31666666666666,52.28,4.036666666666662,False
mmke-entity,blip2-opt-2.7b,available_train,model_pred,284,0.44654088050314467,global_95,T-Gen,3,False,"[3, 5]","[2, 3, 4, 5, 6, 7, 8]","[2, 3, 4]","[5, 6, 7, 8]",18,False,56.330000000000005,52.27777777777778,4.052222222222227,False
mmke-entity,blip2-opt-2.7b,available_train,model_pred,284,0.44654088050314467,global_95,M-Gen,3,False,"[3, 5]","[2, 3, 4, 5, 6, 7, 8]","[2, 3, 4]","[5, 6, 7, 8]",18,False,56.36000000000001,52.25944444444444,4.100555555555566,False
mmke-entity,blip2-opt-2.7b,available_train,model_pred,284,0.44654088050314467,global_95,T-Loc,3,False,"[3, 5]","[2, 3, 4, 5, 6, 7, 8]","[2, 3, 4]","[5, 6, 7, 8]",18,False,100.0,100.0,0.0,True
mmke-entity,blip2-opt-2.7b,available_train,model_pred,284,0.44654088050314467,global_95,M-Loc,3,False,"[3, 5]","[2, 3, 4, 5, 6, 7, 8]","[2, 3, 4]","[5, 6, 7, 8]",18,False,88.62,94.12277777777778,-5.50277777777778,False
mmke-entity,blip2-opt-2.7b,available_train,model_pred,284,0.44654088050314467,global_95,Average,3,False,"[3, 5]","[2, 3, 4, 5, 6, 7, 8]","[2, 3, 4]","[5, 6, 7, 8]",18,False,71.52533333333334,70.188,1.3373333333333335,False
mmke-entity,blip2-opt-2.7b,available_train,model_pred,284,0.44654088050314467,interior_pm1,Rel,3,False,"[3, 5]","[2, 3, 4]","[2, 3, 4]",[],18,True,56.31666666666666,52.28,4.036666666666662,False
mmke-entity,blip2-opt-2.7b,available_train,model_pred,284,0.44654088050314467,interior_pm1,T-Gen,3,False,"[3, 5]","[2, 3, 4]","[2, 3, 4]",[],18,True,56.330000000000005,52.27777777777778,4.052222222222227,False
mmke-entity,blip2-opt-2.7b,available_train,model_pred,284,0.44654088050314467,interior_pm1,M-Gen,3,False,"[3, 5]","[2, 3, 4]","[2, 3, 4]",[],18,True,56.36000000000001,52.25944444444444,4.100555555555566,False
mmke-entity,blip2-opt-2.7b,available_train,model_pred,284,0.44654088050314467,interior_pm1,T-Loc,3,False,"[3, 5]","[2, 3, 4]","[2, 3, 4]",[],18,True,100.0,100.0,0.0,True
mmke-entity,blip2-opt-2.7b,available_train,model_pred,284,0.44654088050314467,interior_pm1,M-Loc,3,False,"[3, 5]","[2, 3, 4]","[2, 3, 4]",[],18,True,88.62,94.12277777777778,-5.50277777777778,False
mmke-entity,blip2-opt-2.7b,available_train,model_pred,284,0.44654088050314467,interior_pm1,Average,3,False,"[3, 5]","[2, 3, 4]","[2, 3, 4]",[],18,True,71.52533333333334,70.188,1.3373333333333335,False
mmke-entity,instructblip-vicuna-7b,matched_gradient,none,636,1.0,global_80,Rel,4,False,"[4, 8, 10, 14, 22]","[2, 3, 4, 5, 6, 7, 8, 9, 10, 11, 12, 13, 14, 15, 16, 17, 18, 19, 20, 21, 22, 23, 24, 25, 26, 27, 28, 29]","[2, 3, 4, 5, 14, 15, 16, 17, 18, 19, 20, 22, 23, 24, 25, 26, 27, 28, 29]","[6, 7, 8, 9, 10, 11, 12, 13, 21]",4,False,14.163684210526316,27.2175,-13.053815789473685,False
mmke-entity,instructblip-vicuna-7b,matched_gradient,none,636,1.0,global_80,T-Gen,4,False,"[4, 8, 10, 14, 22]","[2, 3, 4, 5, 6, 7, 8, 9, 10, 11, 12, 13, 14, 15, 16, 17, 18, 19, 20, 21, 22, 23, 24, 25, 26, 27, 28, 29]","[2, 3, 4, 5, 14, 15, 16, 17, 18, 19, 20, 22, 23, 24, 25, 26, 27, 28, 29]","[6, 7, 8, 9, 10, 11, 12, 13, 21]",4,False,13.632105263157895,27.027500000000003,-13.395394736842109,False
mmke-entity,instructblip-vicuna-7b,matched_gradient,none,636,1.0,global_80,M-Gen,4,False,"[4, 8, 10, 14, 22]","[2, 3, 4, 5, 6, 7, 8, 9, 10, 11, 12, 13, 14, 15, 16, 17, 18, 19, 20, 21, 22, 23, 24, 25, 26, 27, 28, 29]","[2, 3, 4, 5, 14, 15, 16, 17, 18, 19, 20, 22, 23, 24, 25, 26, 27, 28, 29]","[6, 7, 8, 9, 10, 11, 12, 13, 21]",4,False,14.096315789473683,27.1825,-13.086184210526318,False
mmke-entity,instructblip-vicuna-7b,matched_gradient,none,636,1.0,global_80,T-Loc,4,False,"[4, 8, 10, 14, 22]","[2, 3, 4, 5, 6, 7, 8, 9, 10, 11, 12, 13, 14, 15, 16, 17, 18, 19, 20, 21, 22, 23, 24, 25, 26, 27, 28, 29]","[2, 3, 4, 5, 14, 15, 16, 17, 18, 19, 20, 22, 23, 24, 25, 26, 27, 28, 29]","[6, 7, 8, 9, 10, 11, 12, 13, 21]",4,False,100.0,100.0,0.0,True
mmke-entity,instructblip-vicuna-7b,matched_gradient,none,636,1.0,global_80,M-Loc,4,False,"[4, 8, 10, 14, 22]","[2, 3, 4, 5, 6, 7, 8, 9, 10, 11, 12, 13, 14, 15, 16, 17, 18, 19, 20, 21, 22, 23, 24, 25, 26, 27, 28, 29]","[2, 3, 4, 5, 14, 15, 16, 17, 18, 19, 20, 22, 23, 24, 25, 26, 27, 28, 29]","[6, 7, 8, 9, 10, 11, 12, 13, 21]",4,False,99.48315789473685,98.6975,0.7856578947368433,False
mmke-entity,instructblip-vicuna-7b,matched_gradient,none,636,1.0,global_80,Average,4,False,"[4, 8, 10, 14, 22]","[2, 3, 4, 5, 6, 7, 8, 9, 10, 11, 12, 13, 14, 15, 16, 17, 18, 19, 20, 21, 22, 23, 24, 25, 26, 27, 28, 29]","[2, 3, 4, 5, 14, 15, 16, 17, 18, 19, 20, 22, 23, 24, 25, 26, 27, 28, 29]","[6, 7, 8, 9, 10, 11, 12, 13, 21]",4,False,48.275052631578944,56.026,-7.750947368421059,False
mmke-entity,instructblip-vicuna-7b,matched_gradient,none,636,1.0,global_90,Rel,4,False,"[4, 8, 10, 14, 22]","[2, 3, 4, 5, 6, 7, 8, 9, 10, 11, 12, 13, 14, 15, 16, 17, 18, 19, 20, 21, 22, 23, 24]","[2, 3, 4, 5, 14, 15, 16, 17, 18, 19, 20, 22, 23, 24]","[6, 7, 8, 9, 10, 11, 12, 13, 21]",9,False,14.805714285714286,18.966666666666665,-4.160952380952379,False
mmke-entity,instructblip-vicuna-7b,matched_gradient,none,636,1.0,global_90,T-Gen,4,False,"[4, 8, 10, 14, 22]","[2, 3, 4, 5, 6, 7, 8, 9, 10, 11, 12, 13, 14, 15, 16, 17, 18, 19, 20, 21, 22, 23, 24]","[2, 3, 4, 5, 14, 15, 16, 17, 18, 19, 20, 22, 23, 24]","[6, 7, 8, 9, 10, 11, 12, 13, 21]",9,False,14.314999999999998,18.52333333333333,-4.208333333333332,False
mmke-entity,instructblip-vicuna-7b,matched_gradient,none,636,1.0,global_90,M-Gen,4,False,"[4, 8, 10, 14, 22]","[2, 3, 4, 5, 6, 7, 8, 9, 10, 11, 12, 13, 14, 15, 16, 17, 18, 19, 20, 21, 22, 23, 24]","[2, 3, 4, 5, 14, 15, 16, 17, 18, 19, 20, 22, 23, 24]","[6, 7, 8, 9, 10, 11, 12, 13, 21]",9,False,14.736428571428574,18.916666666666668,-4.180238095238094,False
mmke-entity,instructblip-vicuna-7b,matched_gradient,none,636,1.0,global_90,T-Loc,4,False,"[4, 8, 10, 14, 22]","[2, 3, 4, 5, 6, 7, 8, 9, 10, 11, 12, 13, 14, 15, 16, 17, 18, 19, 20, 21, 22, 23, 24]","[2, 3, 4, 5, 14, 15, 16, 17, 18, 19, 20, 22, 23, 24]","[6, 7, 8, 9, 10, 11, 12, 13, 21]",9,False,100.0,100.0,0.0,True
mmke-entity,instructblip-vicuna-7b,matched_gradient,none,636,1.0,global_90,M-Loc,4,False,"[4, 8, 10, 14, 22]","[2, 3, 4, 5, 6, 7, 8, 9, 10, 11, 12, 13, 14, 15, 16, 17, 18, 19, 20, 21, 22, 23, 24]","[2, 3, 4, 5, 14, 15, 16, 17, 18, 19, 20, 22, 23, 24]","[6, 7, 8, 9, 10, 11, 12, 13, 21]",9,False,99.57428571428571,98.99222222222222,0.5820634920634831,False
mmke-entity,instructblip-vicuna-7b,matched_gradient,none,636,1.0,global_90,Average,4,False,"[4, 8, 10, 14, 22]","[2, 3, 4, 5, 6, 7, 8, 9, 10, 11, 12, 13, 14, 15, 16, 17, 18, 19, 20, 21, 22, 23, 24]","[2, 3, 4, 5, 14, 15, 16, 17, 18, 19, 20, 22, 23, 24]","[6, 7, 8, 9, 10, 11, 12, 13, 21]",9,False,48.68614285714286,51.08044444444445,-2.394301587301591,False
mmke-entity,instructblip-vicuna-7b,matched_gradient,none,636,1.0,global_95,Rel,4,False,"[4, 8, 10, 14, 22]","[2, 3, 4, 5, 6, 7, 8, 9, 10, 11, 12, 13, 14, 15, 16, 17, 18]","[2, 3, 4, 5, 14, 15, 16, 17, 18]","[6, 7, 8, 9, 10, 11, 12, 13]",14,False,15.264444444444443,17.185714285714287,-1.9212698412698437,False
mmke-entity,instructblip-vicuna-7b,matched_gradient,none,636,1.0,global_95,T-Gen,4,False,"[4, 8, 10, 14, 22]","[2, 3, 4, 5, 6, 7, 8, 9, 10, 11, 12, 13, 14, 15, 16, 17, 18]","[2, 3, 4, 5, 14, 15, 16, 17, 18]","[6, 7, 8, 9, 10, 11, 12, 13]",14,False,14.79,16.715,-1.9250000000000007,False
mmke-entity,instructblip-vicuna-7b,matched_gradient,none,636,1.0,global_95,M-Gen,4,False,"[4, 8, 10, 14, 22]","[2, 3, 4, 5, 6, 7, 8, 9, 10, 11, 12, 13, 14, 15, 16, 17, 18]","[2, 3, 4, 5, 14, 15, 16, 17, 18]","[6, 7, 8, 9, 10, 11, 12, 13]",14,False,15.203333333333331,17.123571428571427,-1.920238095238096,False
mmke-entity,instructblip-vicuna-7b,matched_gradient,none,636,1.0,global_95,T-Loc,4,False,"[4, 8, 10, 14, 22]","[2, 3, 4, 5, 6, 7, 8, 9, 10, 11, 12, 13, 14, 15, 16, 17, 18]","[2, 3, 4, 5, 14, 15, 16, 17, 18]","[6, 7, 8, 9, 10, 11, 12, 13]",14,False,100.0,100.0,0.0,True
mmke-entity,instructblip-vicuna-7b,matched_gradient,none,636,1.0,global_95,M-Loc,4,False,"[4, 8, 10, 14, 22]","[2, 3, 4, 5, 6, 7, 8, 9, 10, 11, 12, 13, 14, 15, 16, 17, 18]","[2, 3, 4, 5, 14, 15, 16, 17, 18]","[6, 7, 8, 9, 10, 11, 12, 13]",14,False,99.55222222222223,99.2142857142857,0.33793650793653285,False
mmke-entity,instructblip-vicuna-7b,matched_gradient,none,636,1.0,global_95,Average,4,False,"[4, 8, 10, 14, 22]","[2, 3, 4, 5, 6, 7, 8, 9, 10, 11, 12, 13, 14, 15, 16, 17, 18]","[2, 3, 4, 5, 14, 15, 16, 17, 18]","[6, 7, 8, 9, 10, 11, 12, 13]",14,False,48.961333333333336,50.04842857142857,-1.0870952380952374,False
mmke-entity,instructblip-vicuna-7b,matched_gradient,none,636,1.0,interior_pm1,Rel,4,False,"[4, 8, 10, 14, 22]","[3, 4, 5]","[3, 4, 5]",[],20,True,15.393333333333336,16.59,-1.1966666666666637,False
mmke-entity,instructblip-vicuna-7b,matched_gradient,none,636,1.0,interior_pm1,T-Gen,4,False,"[4, 8, 10, 14, 22]","[3, 4, 5]","[3, 4, 5]",[],20,True,14.899999999999999,16.121000000000002,-1.2210000000000036,False
mmke-entity,instructblip-vicuna-7b,matched_gradient,none,636,1.0,interior_pm1,M-Gen,4,False,"[4, 8, 10, 14, 22]","[3, 4, 5]","[3, 4, 5]",[],20,True,15.323333333333332,16.529500000000002,-1.20616666666667,False
mmke-entity,instructblip-vicuna-7b,matched_gradient,none,636,1.0,interior_pm1,T-Loc,4,False,"[4, 8, 10, 14, 22]","[3, 4, 5]","[3, 4, 5]",[],20,True,100.0,100.0,0.0,True
mmke-entity,instructblip-vicuna-7b,matched_gradient,none,636,1.0,interior_pm1,M-Loc,4,False,"[4, 8, 10, 14, 22]","[3, 4, 5]","[3, 4, 5]",[],20,True,99.57666666666667,99.31199999999998,0.2646666666666846,False
mmke-entity,instructblip-vicuna-7b,matched_gradient,none,636,1.0,interior_pm1,Average,4,False,"[4, 8, 10, 14, 22]","[3, 4, 5]","[3, 4, 5]",[],20,True,49.03666666666667,49.711,-0.6743333333333297,False
mmke-entity,instructblip-vicuna-7b,matched_gradient,alt,636,1.0,global_80,Rel,8,False,"[4, 6, 8, 10, 12, 14]","[2, 3, 4, 5, 6, 7, 8, 9, 10, 11, 12, 13, 14, 15, 16, 17, 18, 19, 20, 21, 22, 23, 24, 25]","[2, 3, 4, 5, 14, 15, 16, 17, 18, 19, 20, 22, 23, 24, 25]","[6, 7, 8, 9, 10, 11, 12, 13, 21]",8,False,14.692,19.7,-5.007999999999999,False
mmke-entity,instructblip-vicuna-7b,matched_gradient,alt,636,1.0,global_80,T-Gen,8,False,"[4, 6, 8, 10, 12, 14]","[2, 3, 4, 5, 6, 7, 8, 9, 10, 11, 12, 13, 14, 15, 16, 17, 18, 19, 20, 21, 22, 23, 24, 25]","[2, 3, 4, 5, 14, 15, 16, 17, 18, 19, 20, 22, 23, 24, 25]","[6, 7, 8, 9, 10, 11, 12, 13, 21]",8,False,14.189999999999998,19.28375,-5.0937500000000036,False
mmke-entity,instructblip-vicuna-7b,matched_gradient,alt,636,1.0,global_80,M-Gen,8,False,"[4, 6, 8, 10, 12, 14]","[2, 3, 4, 5, 6, 7, 8, 9, 10, 11, 12, 13, 14, 15, 16, 17, 18, 19, 20, 21, 22, 23, 24, 25]","[2, 3, 4, 5, 14, 15, 16, 17, 18, 19, 20, 22, 23, 24, 25]","[6, 7, 8, 9, 10, 11, 12, 13, 21]",8,False,14.626000000000003,19.64625,-5.020249999999995,False
mmke-entity,instructblip-vicuna-7b,matched_gradient,alt,636,1.0,global_80,T-Loc,8,False,"[4, 6, 8, 10, 12, 14]","[2, 3, 4, 5, 6, 7, 8, 9, 10, 11, 12, 13, 14, 15, 16, 17, 18, 19, 20, 21, 22, 23, 24, 25]","[2, 3, 4, 5, 14, 15, 16, 17, 18, 19, 20, 22, 23, 24, 25]","[6, 7, 8, 9, 10, 11, 12, 13, 21]",8,False,100.0,100.0,0.0,True
mmke-entity,instructblip-vicuna-7b,matched_gradient,alt,636,1.0,global_80,M-Loc,8,False,"[4, 6, 8, 10, 12, 14]","[2, 3, 4, 5, 6, 7, 8, 9, 10, 11, 12, 13, 14, 15, 16, 17, 18, 19, 20, 21, 22, 23, 24, 25]","[2, 3, 4, 5, 14, 15, 16, 17, 18, 19, 20, 22, 23, 24, 25]","[6, 7, 8, 9, 10, 11, 12, 13, 21]",8,False,99.554,98.95750000000001,0.5964999999999918,False
mmke-entity,instructblip-vicuna-7b,matched_gradient,alt,636,1.0,global_80,Average,8,False,"[4, 6, 8, 10, 12, 14]","[2, 3, 4, 5, 6, 7, 8, 9, 10, 11, 12, 13, 14, 15, 16, 17, 18, 19, 20, 21, 22, 23, 24, 25]","[2, 3, 4, 5, 14, 15, 16, 17, 18, 19, 20, 22, 23, 24, 25]","[6, 7, 8, 9, 10, 11, 12, 13, 21]",8,False,48.61240000000001,51.518,-2.9055999999999926,False
mmke-entity,instructblip-vicuna-7b,matched_gradient,alt,636,1.0,global_90,Rel,8,False,"[4, 6, 8, 10, 12, 14]","[2, 3, 4, 5, 6, 7, 8, 9, 10, 11, 12, 13, 14, 15, 16, 17, 18, 19, 20]","[2, 3, 4, 5, 14, 15, 16, 17, 18, 19, 20]","[6, 7, 8, 9, 10, 11, 12, 13]",12,False,15.146363636363635,17.614166666666666,-2.467803030303031,False
mmke-entity,instructblip-vicuna-7b,matched_gradient,alt,636,1.0,global_90,T-Gen,8,False,"[4, 6, 8, 10, 12, 14]","[2, 3, 4, 5, 6, 7, 8, 9, 10, 11, 12, 13, 14, 15, 16, 17, 18, 19, 20]","[2, 3, 4, 5, 14, 15, 16, 17, 18, 19, 20]","[6, 7, 8, 9, 10, 11, 12, 13]",12,False,14.689999999999998,17.127499999999998,-2.4375,False
mmke-entity,instructblip-vicuna-7b,matched_gradient,alt,636,1.0,global_90,M-Gen,8,False,"[4, 6, 8, 10, 12, 14]","[2, 3, 4, 5, 6, 7, 8, 9, 10, 11, 12, 13, 14, 15, 16, 17, 18, 19, 20]","[2, 3, 4, 5, 14, 15, 16, 17, 18, 19, 20]","[6, 7, 8, 9, 10, 11, 12, 13]",12,False,15.076363636363636,17.56,-2.4836363636363625,False
mmke-entity,instructblip-vicuna-7b,matched_gradient,alt,636,1.0,global_90,T-Loc,8,False,"[4, 6, 8, 10, 12, 14]","[2, 3, 4, 5, 6, 7, 8, 9, 10, 11, 12, 13, 14, 15, 16, 17, 18, 19, 20]","[2, 3, 4, 5, 14, 15, 16, 17, 18, 19, 20]","[6, 7, 8, 9, 10, 11, 12, 13]",12,False,100.0,100.0,0.0,True
mmke-entity,instructblip-vicuna-7b,matched_gradient,alt,636,1.0,global_90,M-Loc,8,False,"[4, 6, 8, 10, 12, 14]","[2, 3, 4, 5, 6, 7, 8, 9, 10, 11, 12, 13, 14, 15, 16, 17, 18, 19, 20]","[2, 3, 4, 5, 14, 15, 16, 17, 18, 19, 20]","[6, 7, 8, 9, 10, 11, 12, 13]",12,False,99.5790909090909,99.13333333333334,0.44575757575755404,False
mmke-entity,instructblip-vicuna-7b,matched_gradient,alt,636,1.0,global_90,Average,8,False,"[4, 6, 8, 10, 12, 14]","[2, 3, 4, 5, 6, 7, 8, 9, 10, 11, 12, 13, 14, 15, 16, 17, 18, 19, 20]","[2, 3, 4, 5, 14, 15, 16, 17, 18, 19, 20]","[6, 7, 8, 9, 10, 11, 12, 13]",12,False,48.89781818181819,50.28783333333334,-1.3900151515151506,False
mmke-entity,instructblip-vicuna-7b,matched_gradient,alt,636,1.0,global_95,Rel,8,False,"[4, 6, 8, 10, 12, 14]","[2, 3, 4, 5, 6, 7, 8, 9, 10, 11, 12, 13, 14, 15, 16, 17, 18]","[2, 3, 4, 5, 14, 15, 16, 17, 18]","[6, 7, 8, 9, 10, 11, 12, 13]",14,False,15.264444444444443,17.185714285714287,-1.9212698412698437,False
mmke-entity,instructblip-vicuna-7b,matched_gradient,alt,636,1.0,global_95,T-Gen,8,False,"[4, 6, 8, 10, 12, 14]","[2, 3, 4, 5, 6, 7, 8, 9, 10, 11, 12, 13, 14, 15, 16, 17, 18]","[2, 3, 4, 5, 14, 15, 16, 17, 18]","[6, 7, 8, 9, 10, 11, 12, 13]",14,False,14.79,16.715,-1.9250000000000007,False
mmke-entity,instructblip-vicuna-7b,matched_gradient,alt,636,1.0,global_95,M-Gen,8,False,"[4, 6, 8, 10, 12, 14]","[2, 3, 4, 5, 6, 7, 8, 9, 10, 11, 12, 13, 14, 15, 16, 17, 18]","[2, 3, 4, 5, 14, 15, 16, 17, 18]","[6, 7, 8, 9, 10, 11, 12, 13]",14,False,15.203333333333331,17.123571428571427,-1.920238095238096,False
mmke-entity,instructblip-vicuna-7b,matched_gradient,alt,636,1.0,global_95,T-Loc,8,False,"[4, 6, 8, 10, 12, 14]","[2, 3, 4, 5, 6, 7, 8, 9, 10, 11, 12, 13, 14, 15, 16, 17, 18]","[2, 3, 4, 5, 14, 15, 16, 17, 18]","[6, 7, 8, 9, 10, 11, 12, 13]",14,False,100.0,100.0,0.0,True
mmke-entity,instructblip-vicuna-7b,matched_gradient,alt,636,1.0,global_95,M-Loc,8,False,"[4, 6, 8, 10, 12, 14]","[2, 3, 4, 5, 6, 7, 8, 9, 10, 11, 12, 13, 14, 15, 16, 17, 18]","[2, 3, 4, 5, 14, 15, 16, 17, 18]","[6, 7, 8, 9, 10, 11, 12, 13]",14,False,99.55222222222223,99.2142857142857,0.33793650793653285,False
mmke-entity,instructblip-vicuna-7b,matched_gradient,alt,636,1.0,global_95,Average,8,False,"[4, 6, 8, 10, 12, 14]","[2, 3, 4, 5, 6, 7, 8, 9, 10, 11, 12, 13, 14, 15, 16, 17, 18]","[2, 3, 4, 5, 14, 15, 16, 17, 18]","[6, 7, 8, 9, 10, 11, 12, 13]",14,False,48.961333333333336,50.04842857142857,-1.0870952380952374,False
mmke-entity,instructblip-vicuna-7b,matched_gradient,alt,636,1.0,interior_pm1,Rel,8,False,"[4, 6, 8, 10, 12, 14]","[7, 8, 9]",[],"[7, 8, 9]",23,False,,16.433913043478263,,False
mmke-entity,instructblip-vicuna-7b,matched_gradient,alt,636,1.0,interior_pm1,T-Gen,8,False,"[4, 6, 8, 10, 12, 14]","[7, 8, 9]",[],"[7, 8, 9]",23,False,,15.961739130434784,,False
mmke-entity,instructblip-vicuna-7b,matched_gradient,alt,636,1.0,interior_pm1,M-Gen,8,False,"[4, 6, 8, 10, 12, 14]","[7, 8, 9]",[],"[7, 8, 9]",23,False,,16.372173913043476,,False
mmke-entity,instructblip-vicuna-7b,matched_gradient,alt,636,1.0,interior_pm1,T-Loc,8,False,"[4, 6, 8, 10, 12, 14]","[7, 8, 9]",[],"[7, 8, 9]",23,False,,100.0,,False
mmke-entity,instructblip-vicuna-7b,matched_gradient,alt,636,1.0,interior_pm1,M-Loc,8,False,"[4, 6, 8, 10, 12, 14]","[7, 8, 9]",[],"[7, 8, 9]",23,False,,99.34652173913045,,False
mmke-entity,instructblip-vicuna-7b,matched_gradient,alt,636,1.0,interior_pm1,Average,8,False,"[4, 6, 8, 10, 12, 14]","[7, 8, 9]",[],"[7, 8, 9]",23,False,,49.62304347826087,,False
mmke-entity,instructblip-vicuna-7b,matched_gradient,model_pred,636,1.0,global_80,Rel,4,False,"[4, 8, 10, 14, 22]","[2, 3, 4, 5, 6, 7, 8, 9, 10, 11, 12, 13, 14, 15, 16, 17, 18, 19, 20, 21, 22, 23, 24, 25, 26, 27, 28, 29]","[2, 3, 4, 5, 14, 15, 16, 17, 18, 19, 20, 22, 23, 24, 25, 26, 27, 28, 29]","[6, 7, 8, 9, 10, 11, 12, 13, 21]",4,False,14.163684210526316,27.2175,-13.053815789473685,False
mmke-entity,instructblip-vicuna-7b,matched_gradient,model_pred,636,1.0,global_80,T-Gen,4,False,"[4, 8, 10, 14, 22]","[2, 3, 4, 5, 6, 7, 8, 9, 10, 11, 12, 13, 14, 15, 16, 17, 18, 19, 20, 21, 22, 23, 24, 25, 26, 27, 28, 29]","[2, 3, 4, 5, 14, 15, 16, 17, 18, 19, 20, 22, 23, 24, 25, 26, 27, 28, 29]","[6, 7, 8, 9, 10, 11, 12, 13, 21]",4,False,13.632105263157895,27.027500000000003,-13.395394736842109,False
mmke-entity,instructblip-vicuna-7b,matched_gradient,model_pred,636,1.0,global_80,M-Gen,4,False,"[4, 8, 10, 14, 22]","[2, 3, 4, 5, 6, 7, 8, 9, 10, 11, 12, 13, 14, 15, 16, 17, 18, 19, 20, 21, 22, 23, 24, 25, 26, 27, 28, 29]","[2, 3, 4, 5, 14, 15, 16, 17, 18, 19, 20, 22, 23, 24, 25, 26, 27, 28, 29]","[6, 7, 8, 9, 10, 11, 12, 13, 21]",4,False,14.096315789473683,27.1825,-13.086184210526318,False
mmke-entity,instructblip-vicuna-7b,matched_gradient,model_pred,636,1.0,global_80,T-Loc,4,False,"[4, 8, 10, 14, 22]","[2, 3, 4, 5, 6, 7, 8, 9, 10, 11, 12, 13, 14, 15, 16, 17, 18, 19, 20, 21, 22, 23, 24, 25, 26, 27, 28, 29]","[2, 3, 4, 5, 14, 15, 16, 17, 18, 19, 20, 22, 23, 24, 25, 26, 27, 28, 29]","[6, 7, 8, 9, 10, 11, 12, 13, 21]",4,False,100.0,100.0,0.0,True
mmke-entity,instructblip-vicuna-7b,matched_gradient,model_pred,636,1.0,global_80,M-Loc,4,False,"[4, 8, 10, 14, 22]","[2, 3, 4, 5, 6, 7, 8, 9, 10, 11, 12, 13, 14, 15, 16, 17, 18, 19, 20, 21, 22, 23, 24, 25, 26, 27, 28, 29]","[2, 3, 4, 5, 14, 15, 16, 17, 18, 19, 20, 22, 23, 24, 25, 26, 27, 28, 29]","[6, 7, 8, 9, 10, 11, 12, 13, 21]",4,False,99.48315789473685,98.6975,0.7856578947368433,False
mmke-entity,instructblip-vicuna-7b,matched_gradient,model_pred,636,1.0,global_80,Average,4,False,"[4, 8, 10, 14, 22]","[2, 3, 4, 5, 6, 7, 8, 9, 10, 11, 12, 13, 14, 15, 16, 17, 18, 19, 20, 21, 22, 23, 24, 25, 26, 27, 28, 29]","[2, 3, 4, 5, 14, 15, 16, 17, 18, 19, 20, 22, 23, 24, 25, 26, 27, 28, 29]","[6, 7, 8, 9, 10, 11, 12, 13, 21]",4,False,48.275052631578944,56.026,-7.750947368421059,False
mmke-entity,instructblip-vicuna-7b,matched_gradient,model_pred,636,1.0,global_90,Rel,4,False,"[4, 8, 10, 14, 22]","[2, 3, 4, 5, 6, 7, 8, 9, 10, 11, 12, 13, 14, 15, 16, 17, 18, 19, 20, 21, 22, 23]","[2, 3, 4, 5, 14, 15, 16, 17, 18, 19, 20, 22, 23]","[6, 7, 8, 9, 10, 11, 12, 13, 21]",10,False,14.994615384615384,18.305,-3.3103846153846153,False
mmke-entity,instructblip-vicuna-7b,matched_gradient,model_pred,636,1.0,global_90,T-Gen,4,False,"[4, 8, 10, 14, 22]","[2, 3, 4, 5, 6, 7, 8, 9, 10, 11, 12, 13, 14, 15, 16, 17, 18, 19, 20, 21, 22, 23]","[2, 3, 4, 5, 14, 15, 16, 17, 18, 19, 20, 22, 23]","[6, 7, 8, 9, 10, 11, 12, 13, 21]",10,False,14.495384615384612,17.868,-3.3726153846153863,False
mmke-entity,instructblip-vicuna-7b,matched_gradient,model_pred,636,1.0,global_90,M-Gen,4,False,"[4, 8, 10, 14, 22]","[2, 3, 4, 5, 6, 7, 8, 9, 10, 11, 12, 13, 14, 15, 16, 17, 18, 19, 20, 21, 22, 23]","[2, 3, 4, 5, 14, 15, 16, 17, 18, 19, 20, 22, 23]","[6, 7, 8, 9, 10, 11, 12, 13, 21]",10,False,14.92846153846154,18.249000000000002,-3.3205384615384617,False
mmke-entity,instructblip-vicuna-7b,matched_gradient,model_pred,636,1.0,global_90,T-Loc,4,False,"[4, 8, 10, 14, 22]","[2, 3, 4, 5, 6, 7, 8, 9, 10, 11, 12, 13, 14, 15, 16, 17, 18, 19, 20, 21, 22, 23]","[2, 3, 4, 5, 14, 15, 16, 17, 18, 19, 20, 22, 23]","[6, 7, 8, 9, 10, 11, 12, 13, 21]",10,False,100.0,100.0,0.0,True
mmke-entity,instructblip-vicuna-7b,matched_gradient,model_pred,636,1.0,global_90,M-Loc,4,False,"[4, 8, 10, 14, 22]","[2, 3, 4, 5, 6, 7, 8, 9, 10, 11, 12, 13, 14, 15, 16, 17, 18, 19, 20, 21, 22, 23]","[2, 3, 4, 5, 14, 15, 16, 17, 18, 19, 20, 22, 23]","[6, 7, 8, 9, 10, 11, 12, 13, 21]",10,False,99.55846153846154,99.071,0.4874615384615453,False
mmke-entity,instructblip-vicuna-7b,matched_gradient,model_pred,636,1.0,global_90,Average,4,False,"[4, 8, 10, 14, 22]","[2, 3, 4, 5, 6, 7, 8, 9, 10, 11, 12, 13, 14, 15, 16, 17, 18, 19, 20, 21, 22, 23]","[2, 3, 4, 5, 14, 15, 16, 17, 18, 19, 20, 22, 23]","[6, 7, 8, 9, 10, 11, 12, 13, 21]",10,False,48.795076923076934,50.6994,-1.9043230769230632,False
mmke-entity,instructblip-vicuna-7b,matched_gradient,model_pred,636,1.0,global_95,Rel,4,False,"[4, 8, 10, 14, 22]","[2, 3, 4, 5, 6, 7, 8, 9, 10, 11, 12, 13, 14, 15, 16, 17, 18]","[2, 3, 4, 5, 14, 15, 16, 17, 18]","[6, 7, 8, 9, 10, 11, 12, 13]",14,False,15.264444444444443,17.185714285714287,-1.9212698412698437,False
mmke-entity,instructblip-vicuna-7b,matched_gradient,model_pred,636,1.0,global_95,T-Gen,4,False,"[4, 8, 10, 14, 22]","[2, 3, 4, 5, 6, 7, 8, 9, 10, 11, 12, 13, 14, 15, 16, 17, 18]","[2, 3, 4, 5, 14, 15, 16, 17, 18]","[6, 7, 8, 9, 10, 11, 12, 13]",14,False,14.79,16.715,-1.9250000000000007,False
mmke-entity,instructblip-vicuna-7b,matched_gradient,model_pred,636,1.0,global_95,M-Gen,4,False,"[4, 8, 10, 14, 22]","[2, 3, 4, 5, 6, 7, 8, 9, 10, 11, 12, 13, 14, 15, 16, 17, 18]","[2, 3, 4, 5, 14, 15, 16, 17, 18]","[6, 7, 8, 9, 10, 11, 12, 13]",14,False,15.203333333333331,17.123571428571427,-1.920238095238096,False
mmke-entity,instructblip-vicuna-7b,matched_gradient,model_pred,636,1.0,global_95,T-Loc,4,False,"[4, 8, 10, 14, 22]","[2, 3, 4, 5, 6, 7, 8, 9, 10, 11, 12, 13, 14, 15, 16, 17, 18]","[2, 3, 4, 5, 14, 15, 16, 17, 18]","[6, 7, 8, 9, 10, 11, 12, 13]",14,False,100.0,100.0,0.0,True
mmke-entity,instructblip-vicuna-7b,matched_gradient,model_pred,636,1.0,global_95,M-Loc,4,False,"[4, 8, 10, 14, 22]","[2, 3, 4, 5, 6, 7, 8, 9, 10, 11, 12, 13, 14, 15, 16, 17, 18]","[2, 3, 4, 5, 14, 15, 16, 17, 18]","[6, 7, 8, 9, 10, 11, 12, 13]",14,False,99.55222222222223,99.2142857142857,0.33793650793653285,False
mmke-entity,instructblip-vicuna-7b,matched_gradient,model_pred,636,1.0,global_95,Average,4,False,"[4, 8, 10, 14, 22]","[2, 3, 4, 5, 6, 7, 8, 9, 10, 11, 12, 13, 14, 15, 16, 17, 18]","[2, 3, 4, 5, 14, 15, 16, 17, 18]","[6, 7, 8, 9, 10, 11, 12, 13]",14,False,48.961333333333336,50.04842857142857,-1.0870952380952374,False
mmke-entity,instructblip-vicuna-7b,matched_gradient,model_pred,636,1.0,interior_pm1,Rel,4,False,"[4, 8, 10, 14, 22]","[3, 4, 5]","[3, 4, 5]",[],20,True,15.393333333333336,16.59,-1.1966666666666637,False
mmke-entity,instructblip-vicuna-7b,matched_gradient,model_pred,636,1.0,interior_pm1,T-Gen,4,False,"[4, 8, 10, 14, 22]","[3, 4, 5]","[3, 4, 5]",[],20,True,14.899999999999999,16.121000000000002,-1.2210000000000036,False
mmke-entity,instructblip-vicuna-7b,matched_gradient,model_pred,636,1.0,interior_pm1,M-Gen,4,False,"[4, 8, 10, 14, 22]","[3, 4, 5]","[3, 4, 5]",[],20,True,15.323333333333332,16.529500000000002,-1.20616666666667,False
mmke-entity,instructblip-vicuna-7b,matched_gradient,model_pred,636,1.0,interior_pm1,T-Loc,4,False,"[4, 8, 10, 14, 22]","[3, 4, 5]","[3, 4, 5]",[],20,True,100.0,100.0,0.0,True
mmke-entity,instructblip-vicuna-7b,matched_gradient,model_pred,636,1.0,interior_pm1,M-Loc,4,False,"[4, 8, 10, 14, 22]","[3, 4, 5]","[3, 4, 5]",[],20,True,99.57666666666667,99.31199999999998,0.2646666666666846,False
mmke-entity,instructblip-vicuna-7b,matched_gradient,model_pred,636,1.0,interior_pm1,Average,4,False,"[4, 8, 10, 14, 22]","[3, 4, 5]","[3, 4, 5]",[],20,True,49.03666666666667,49.711,-0.6743333333333297,False
mmke-entity,instructblip-vicuna-7b,available_train,none,636,1.0,global_80,Rel,4,False,"[4, 8, 10, 14, 22]","[2, 3, 4, 5, 6, 7, 8, 9, 10, 11, 12, 13, 14, 15, 16, 17, 18, 19, 20, 21, 22, 23, 24, 25, 26, 27, 28, 29]","[2, 3, 4, 5, 14, 15, 16, 17, 18, 19, 20, 22, 23, 24, 25, 26, 27, 28, 29]","[6, 7, 8, 9, 10, 11, 12, 13, 21]",4,False,14.163684210526316,27.2175,-13.053815789473685,False
mmke-entity,instructblip-vicuna-7b,available_train,none,636,1.0,global_80,T-Gen,4,False,"[4, 8, 10, 14, 22]","[2, 3, 4, 5, 6, 7, 8, 9, 10, 11, 12, 13, 14, 15, 16, 17, 18, 19, 20, 21, 22, 23, 24, 25, 26, 27, 28, 29]","[2, 3, 4, 5, 14, 15, 16, 17, 18, 19, 20, 22, 23, 24, 25, 26, 27, 28, 29]","[6, 7, 8, 9, 10, 11, 12, 13, 21]",4,False,13.632105263157895,27.027500000000003,-13.395394736842109,False
mmke-entity,instructblip-vicuna-7b,available_train,none,636,1.0,global_80,M-Gen,4,False,"[4, 8, 10, 14, 22]","[2, 3, 4, 5, 6, 7, 8, 9, 10, 11, 12, 13, 14, 15, 16, 17, 18, 19, 20, 21, 22, 23, 24, 25, 26, 27, 28, 29]","[2, 3, 4, 5, 14, 15, 16, 17, 18, 19, 20, 22, 23, 24, 25, 26, 27, 28, 29]","[6, 7, 8, 9, 10, 11, 12, 13, 21]",4,False,14.096315789473683,27.1825,-13.086184210526318,False
mmke-entity,instructblip-vicuna-7b,available_train,none,636,1.0,global_80,T-Loc,4,False,"[4, 8, 10, 14, 22]","[2, 3, 4, 5, 6, 7, 8, 9, 10, 11, 12, 13, 14, 15, 16, 17, 18, 19, 20, 21, 22, 23, 24, 25, 26, 27, 28, 29]","[2, 3, 4, 5, 14, 15, 16, 17, 18, 19, 20, 22, 23, 24, 25, 26, 27, 28, 29]","[6, 7, 8, 9, 10, 11, 12, 13, 21]",4,False,100.0,100.0,0.0,True
mmke-entity,instructblip-vicuna-7b,available_train,none,636,1.0,global_80,M-Loc,4,False,"[4, 8, 10, 14, 22]","[2, 3, 4, 5, 6, 7, 8, 9, 10, 11, 12, 13, 14, 15, 16, 17, 18, 19, 20, 21, 22, 23, 24, 25, 26, 27, 28, 29]","[2, 3, 4, 5, 14, 15, 16, 17, 18, 19, 20, 22, 23, 24, 25, 26, 27, 28, 29]","[6, 7, 8, 9, 10, 11, 12, 13, 21]",4,False,99.48315789473685,98.6975,0.7856578947368433,False
mmke-entity,instructblip-vicuna-7b,available_train,none,636,1.0,global_80,Average,4,False,"[4, 8, 10, 14, 22]","[2, 3, 4, 5, 6, 7, 8, 9, 10, 11, 12, 13, 14, 15, 16, 17, 18, 19, 20, 21, 22, 23, 24, 25, 26, 27, 28, 29]","[2, 3, 4, 5, 14, 15, 16, 17, 18, 19, 20, 22, 23, 24, 25, 26, 27, 28, 29]","[6, 7, 8, 9, 10, 11, 12, 13, 21]",4,False,48.275052631578944,56.026,-7.750947368421059,False
mmke-entity,instructblip-vicuna-7b,available_train,none,636,1.0,global_90,Rel,4,False,"[4, 8, 10, 14, 22]","[2, 3, 4, 5, 6, 7, 8, 9, 10, 11, 12, 13, 14, 15, 16, 17, 18, 19, 20, 21, 22, 23, 24]","[2, 3, 4, 5, 14, 15, 16, 17, 18, 19, 20, 22, 23, 24]","[6, 7, 8, 9, 10, 11, 12, 13, 21]",9,False,14.805714285714286,18.966666666666665,-4.160952380952379,False
mmke-entity,instructblip-vicuna-7b,available_train,none,636,1.0,global_90,T-Gen,4,False,"[4, 8, 10, 14, 22]","[2, 3, 4, 5, 6, 7, 8, 9, 10, 11, 12, 13, 14, 15, 16, 17, 18, 19, 20, 21, 22, 23, 24]","[2, 3, 4, 5, 14, 15, 16, 17, 18, 19, 20, 22, 23, 24]","[6, 7, 8, 9, 10, 11, 12, 13, 21]",9,False,14.314999999999998,18.52333333333333,-4.208333333333332,False
mmke-entity,instructblip-vicuna-7b,available_train,none,636,1.0,global_90,M-Gen,4,False,"[4, 8, 10, 14, 22]","[2, 3, 4, 5, 6, 7, 8, 9, 10, 11, 12, 13, 14, 15, 16, 17, 18, 19, 20, 21, 22, 23, 24]","[2, 3, 4, 5, 14, 15, 16, 17, 18, 19, 20, 22, 23, 24]","[6, 7, 8, 9, 10, 11, 12, 13, 21]",9,False,14.736428571428574,18.916666666666668,-4.180238095238094,False
mmke-entity,instructblip-vicuna-7b,available_train,none,636,1.0,global_90,T-Loc,4,False,"[4, 8, 10, 14, 22]","[2, 3, 4, 5, 6, 7, 8, 9, 10, 11, 12, 13, 14, 15, 16, 17, 18, 19, 20, 21, 22, 23, 24]","[2, 3, 4, 5, 14, 15, 16, 17, 18, 19, 20, 22, 23, 24]","[6, 7, 8, 9, 10, 11, 12, 13, 21]",9,False,100.0,100.0,0.0,True
mmke-entity,instructblip-vicuna-7b,available_train,none,636,1.0,global_90,M-Loc,4,False,"[4, 8, 10, 14, 22]","[2, 3, 4, 5, 6, 7, 8, 9, 10, 11, 12, 13, 14, 15, 16, 17, 18, 19, 20, 21, 22, 23, 24]","[2, 3, 4, 5, 14, 15, 16, 17, 18, 19, 20, 22, 23, 24]","[6, 7, 8, 9, 10, 11, 12, 13, 21]",9,False,99.57428571428571,98.99222222222222,0.5820634920634831,False
mmke-entity,instructblip-vicuna-7b,available_train,none,636,1.0,global_90,Average,4,False,"[4, 8, 10, 14, 22]","[2, 3, 4, 5, 6, 7, 8, 9, 10, 11, 12, 13, 14, 15, 16, 17, 18, 19, 20, 21, 22, 23, 24]","[2, 3, 4, 5, 14, 15, 16, 17, 18, 19, 20, 22, 23, 24]","[6, 7, 8, 9, 10, 11, 12, 13, 21]",9,False,48.68614285714286,51.08044444444445,-2.394301587301591,False
mmke-entity,instructblip-vicuna-7b,available_train,none,636,1.0,global_95,Rel,4,False,"[4, 8, 10, 14, 22]","[2, 3, 4, 5, 6, 7, 8, 9, 10, 11, 12, 13, 14, 15, 16, 17, 18]","[2, 3, 4, 5, 14, 15, 16, 17, 18]","[6, 7, 8, 9, 10, 11, 12, 13]",14,False,15.264444444444443,17.185714285714287,-1.9212698412698437,False
mmke-entity,instructblip-vicuna-7b,available_train,none,636,1.0,global_95,T-Gen,4,False,"[4, 8, 10, 14, 22]","[2, 3, 4, 5, 6, 7, 8, 9, 10, 11, 12, 13, 14, 15, 16, 17, 18]","[2, 3, 4, 5, 14, 15, 16, 17, 18]","[6, 7, 8, 9, 10, 11, 12, 13]",14,False,14.79,16.715,-1.9250000000000007,False
mmke-entity,instructblip-vicuna-7b,available_train,none,636,1.0,global_95,M-Gen,4,False,"[4, 8, 10, 14, 22]","[2, 3, 4, 5, 6, 7, 8, 9, 10, 11, 12, 13, 14, 15, 16, 17, 18]","[2, 3, 4, 5, 14, 15, 16, 17, 18]","[6, 7, 8, 9, 10, 11, 12, 13]",14,False,15.203333333333331,17.123571428571427,-1.920238095238096,False
mmke-entity,instructblip-vicuna-7b,available_train,none,636,1.0,global_95,T-Loc,4,False,"[4, 8, 10, 14, 22]","[2, 3, 4, 5, 6, 7, 8, 9, 10, 11, 12, 13, 14, 15, 16, 17, 18]","[2, 3, 4, 5, 14, 15, 16, 17, 18]","[6, 7, 8, 9, 10, 11, 12, 13]",14,False,100.0,100.0,0.0,True
mmke-entity,instructblip-vicuna-7b,available_train,none,636,1.0,global_95,M-Loc,4,False,"[4, 8, 10, 14, 22]","[2, 3, 4, 5, 6, 7, 8, 9, 10, 11, 12, 13, 14, 15, 16, 17, 18]","[2, 3, 4, 5, 14, 15, 16, 17, 18]","[6, 7, 8, 9, 10, 11, 12, 13]",14,False,99.55222222222223,99.2142857142857,0.33793650793653285,False
mmke-entity,instructblip-vicuna-7b,available_train,none,636,1.0,global_95,Average,4,False,"[4, 8, 10, 14, 22]","[2, 3, 4, 5, 6, 7, 8, 9, 10, 11, 12, 13, 14, 15, 16, 17, 18]","[2, 3, 4, 5, 14, 15, 16, 17, 18]","[6, 7, 8, 9, 10, 11, 12, 13]",14,False,48.961333333333336,50.04842857142857,-1.0870952380952374,False
mmke-entity,instructblip-vicuna-7b,available_train,none,636,1.0,interior_pm1,Rel,4,False,"[4, 8, 10, 14, 22]","[3, 4, 5]","[3, 4, 5]",[],20,True,15.393333333333336,16.59,-1.1966666666666637,False
mmke-entity,instructblip-vicuna-7b,available_train,none,636,1.0,interior_pm1,T-Gen,4,False,"[4, 8, 10, 14, 22]","[3, 4, 5]","[3, 4, 5]",[],20,True,14.899999999999999,16.121000000000002,-1.2210000000000036,False
mmke-entity,instructblip-vicuna-7b,available_train,none,636,1.0,interior_pm1,M-Gen,4,False,"[4, 8, 10, 14, 22]","[3, 4, 5]","[3, 4, 5]",[],20,True,15.323333333333332,16.529500000000002,-1.20616666666667,False
mmke-entity,instructblip-vicuna-7b,available_train,none,636,1.0,interior_pm1,T-Loc,4,False,"[4, 8, 10, 14, 22]","[3, 4, 5]","[3, 4, 5]",[],20,True,100.0,100.0,0.0,True
mmke-entity,instructblip-vicuna-7b,available_train,none,636,1.0,interior_pm1,M-Loc,4,False,"[4, 8, 10, 14, 22]","[3, 4, 5]","[3, 4, 5]",[],20,True,99.57666666666667,99.31199999999998,0.2646666666666846,False
mmke-entity,instructblip-vicuna-7b,available_train,none,636,1.0,interior_pm1,Average,4,False,"[4, 8, 10, 14, 22]","[3, 4, 5]","[3, 4, 5]",[],20,True,49.03666666666667,49.711,-0.6743333333333297,False
mmke-entity,instructblip-vicuna-7b,available_train,alt,636,1.0,global_80,Rel,8,False,"[4, 6, 8, 10, 12, 14]","[2, 3, 4, 5, 6, 7, 8, 9, 10, 11, 12, 13, 14, 15, 16, 17, 18, 19, 20, 21, 22, 23, 24, 25]","[2, 3, 4, 5, 14, 15, 16, 17, 18, 19, 20, 22, 23, 24, 25]","[6, 7, 8, 9, 10, 11, 12, 13, 21]",8,False,14.692,19.7,-5.007999999999999,False
mmke-entity,instructblip-vicuna-7b,available_train,alt,636,1.0,global_80,T-Gen,8,False,"[4, 6, 8, 10, 12, 14]","[2, 3, 4, 5, 6, 7, 8, 9, 10, 11, 12, 13, 14, 15, 16, 17, 18, 19, 20, 21, 22, 23, 24, 25]","[2, 3, 4, 5, 14, 15, 16, 17, 18, 19, 20, 22, 23, 24, 25]","[6, 7, 8, 9, 10, 11, 12, 13, 21]",8,False,14.189999999999998,19.28375,-5.0937500000000036,False
mmke-entity,instructblip-vicuna-7b,available_train,alt,636,1.0,global_80,M-Gen,8,False,"[4, 6, 8, 10, 12, 14]","[2, 3, 4, 5, 6, 7, 8, 9, 10, 11, 12, 13, 14, 15, 16, 17, 18, 19, 20, 21, 22, 23, 24, 25]","[2, 3, 4, 5, 14, 15, 16, 17, 18, 19, 20, 22, 23, 24, 25]","[6, 7, 8, 9, 10, 11, 12, 13, 21]",8,False,14.626000000000003,19.64625,-5.020249999999995,False
mmke-entity,instructblip-vicuna-7b,available_train,alt,636,1.0,global_80,T-Loc,8,False,"[4, 6, 8, 10, 12, 14]","[2, 3, 4, 5, 6, 7, 8, 9, 10, 11, 12, 13, 14, 15, 16, 17, 18, 19, 20, 21, 22, 23, 24, 25]","[2, 3, 4, 5, 14, 15, 16, 17, 18, 19, 20, 22, 23, 24, 25]","[6, 7, 8, 9, 10, 11, 12, 13, 21]",8,False,100.0,100.0,0.0,True
mmke-entity,instructblip-vicuna-7b,available_train,alt,636,1.0,global_80,M-Loc,8,False,"[4, 6, 8, 10, 12, 14]","[2, 3, 4, 5, 6, 7, 8, 9, 10, 11, 12, 13, 14, 15, 16, 17, 18, 19, 20, 21, 22, 23, 24, 25]","[2, 3, 4, 5, 14, 15, 16, 17, 18, 19, 20, 22, 23, 24, 25]","[6, 7, 8, 9, 10, 11, 12, 13, 21]",8,False,99.554,98.95750000000001,0.5964999999999918,False
mmke-entity,instructblip-vicuna-7b,available_train,alt,636,1.0,global_80,Average,8,False,"[4, 6, 8, 10, 12, 14]","[2, 3, 4, 5, 6, 7, 8, 9, 10, 11, 12, 13, 14, 15, 16, 17, 18, 19, 20, 21, 22, 23, 24, 25]","[2, 3, 4, 5, 14, 15, 16, 17, 18, 19, 20, 22, 23, 24, 25]","[6, 7, 8, 9, 10, 11, 12, 13, 21]",8,False,48.61240000000001,51.518,-2.9055999999999926,False
mmke-entity,instructblip-vicuna-7b,available_train,alt,636,1.0,global_90,Rel,8,False,"[4, 6, 8, 10, 12, 14]","[2, 3, 4, 5, 6, 7, 8, 9, 10, 11, 12, 13, 14, 15, 16, 17, 18, 19, 20]","[2, 3, 4, 5, 14, 15, 16, 17, 18, 19, 20]","[6, 7, 8, 9, 10, 11, 12, 13]",12,False,15.146363636363635,17.614166666666666,-2.467803030303031,False
mmke-entity,instructblip-vicuna-7b,available_train,alt,636,1.0,global_90,T-Gen,8,False,"[4, 6, 8, 10, 12, 14]","[2, 3, 4, 5, 6, 7, 8, 9, 10, 11, 12, 13, 14, 15, 16, 17, 18, 19, 20]","[2, 3, 4, 5, 14, 15, 16, 17, 18, 19, 20]","[6, 7, 8, 9, 10, 11, 12, 13]",12,False,14.689999999999998,17.127499999999998,-2.4375,False
mmke-entity,instructblip-vicuna-7b,available_train,alt,636,1.0,global_90,M-Gen,8,False,"[4, 6, 8, 10, 12, 14]","[2, 3, 4, 5, 6, 7, 8, 9, 10, 11, 12, 13, 14, 15, 16, 17, 18, 19, 20]","[2, 3, 4, 5, 14, 15, 16, 17, 18, 19, 20]","[6, 7, 8, 9, 10, 11, 12, 13]",12,False,15.076363636363636,17.56,-2.4836363636363625,False
mmke-entity,instructblip-vicuna-7b,available_train,alt,636,1.0,global_90,T-Loc,8,False,"[4, 6, 8, 10, 12, 14]","[2, 3, 4, 5, 6, 7, 8, 9, 10, 11, 12, 13, 14, 15, 16, 17, 18, 19, 20]","[2, 3, 4, 5, 14, 15, 16, 17, 18, 19, 20]","[6, 7, 8, 9, 10, 11, 12, 13]",12,False,100.0,100.0,0.0,True
mmke-entity,instructblip-vicuna-7b,available_train,alt,636,1.0,global_90,M-Loc,8,False,"[4, 6, 8, 10, 12, 14]","[2, 3, 4, 5, 6, 7, 8, 9, 10, 11, 12, 13, 14, 15, 16, 17, 18, 19, 20]","[2, 3, 4, 5, 14, 15, 16, 17, 18, 19, 20]","[6, 7, 8, 9, 10, 11, 12, 13]",12,False,99.5790909090909,99.13333333333334,0.44575757575755404,False
mmke-entity,instructblip-vicuna-7b,available_train,alt,636,1.0,global_90,Average,8,False,"[4, 6, 8, 10, 12, 14]","[2, 3, 4, 5, 6, 7, 8, 9, 10, 11, 12, 13, 14, 15, 16, 17, 18, 19, 20]","[2, 3, 4, 5, 14, 15, 16, 17, 18, 19, 20]","[6, 7, 8, 9, 10, 11, 12, 13]",12,False,48.89781818181819,50.28783333333334,-1.3900151515151506,False
mmke-entity,instructblip-vicuna-7b,available_train,alt,636,1.0,global_95,Rel,8,False,"[4, 6, 8, 10, 12, 14]","[2, 3, 4, 5, 6, 7, 8, 9, 10, 11, 12, 13, 14, 15, 16, 17, 18]","[2, 3, 4, 5, 14, 15, 16, 17, 18]","[6, 7, 8, 9, 10, 11, 12, 13]",14,False,15.264444444444443,17.185714285714287,-1.9212698412698437,False
mmke-entity,instructblip-vicuna-7b,available_train,alt,636,1.0,global_95,T-Gen,8,False,"[4, 6, 8, 10, 12, 14]","[2, 3, 4, 5, 6, 7, 8, 9, 10, 11, 12, 13, 14, 15, 16, 17, 18]","[2, 3, 4, 5, 14, 15, 16, 17, 18]","[6, 7, 8, 9, 10, 11, 12, 13]",14,False,14.79,16.715,-1.9250000000000007,False
mmke-entity,instructblip-vicuna-7b,available_train,alt,636,1.0,global_95,M-Gen,8,False,"[4, 6, 8, 10, 12, 14]","[2, 3, 4, 5, 6, 7, 8, 9, 10, 11, 12, 13, 14, 15, 16, 17, 18]","[2, 3, 4, 5, 14, 15, 16, 17, 18]","[6, 7, 8, 9, 10, 11, 12, 13]",14,False,15.203333333333331,17.123571428571427,-1.920238095238096,False
mmke-entity,instructblip-vicuna-7b,available_train,alt,636,1.0,global_95,T-Loc,8,False,"[4, 6, 8, 10, 12, 14]","[2, 3, 4, 5, 6, 7, 8, 9, 10, 11, 12, 13, 14, 15, 16, 17, 18]","[2, 3, 4, 5, 14, 15, 16, 17, 18]","[6, 7, 8, 9, 10, 11, 12, 13]",14,False,100.0,100.0,0.0,True
mmke-entity,instructblip-vicuna-7b,available_train,alt,636,1.0,global_95,M-Loc,8,False,"[4, 6, 8, 10, 12, 14]","[2, 3, 4, 5, 6, 7, 8, 9, 10, 11, 12, 13, 14, 15, 16, 17, 18]","[2, 3, 4, 5, 14, 15, 16, 17, 18]","[6, 7, 8, 9, 10, 11, 12, 13]",14,False,99.55222222222223,99.2142857142857,0.33793650793653285,False
mmke-entity,instructblip-vicuna-7b,available_train,alt,636,1.0,global_95,Average,8,False,"[4, 6, 8, 10, 12, 14]","[2, 3, 4, 5, 6, 7, 8, 9, 10, 11, 12, 13, 14, 15, 16, 17, 18]","[2, 3, 4, 5, 14, 15, 16, 17, 18]","[6, 7, 8, 9, 10, 11, 12, 13]",14,False,48.961333333333336,50.04842857142857,-1.0870952380952374,False
mmke-entity,instructblip-vicuna-7b,available_train,alt,636,1.0,interior_pm1,Rel,8,False,"[4, 6, 8, 10, 12, 14]","[7, 8, 9]",[],"[7, 8, 9]",23,False,,16.433913043478263,,False
mmke-entity,instructblip-vicuna-7b,available_train,alt,636,1.0,interior_pm1,T-Gen,8,False,"[4, 6, 8, 10, 12, 14]","[7, 8, 9]",[],"[7, 8, 9]",23,False,,15.961739130434784,,False
mmke-entity,instructblip-vicuna-7b,available_train,alt,636,1.0,interior_pm1,M-Gen,8,False,"[4, 6, 8, 10, 12, 14]","[7, 8, 9]",[],"[7, 8, 9]",23,False,,16.372173913043476,,False
mmke-entity,instructblip-vicuna-7b,available_train,alt,636,1.0,interior_pm1,T-Loc,8,False,"[4, 6, 8, 10, 12, 14]","[7, 8, 9]",[],"[7, 8, 9]",23,False,,100.0,,False
mmke-entity,instructblip-vicuna-7b,available_train,alt,636,1.0,interior_pm1,M-Loc,8,False,"[4, 6, 8, 10, 12, 14]","[7, 8, 9]",[],"[7, 8, 9]",23,False,,99.34652173913045,,False
mmke-entity,instructblip-vicuna-7b,available_train,alt,636,1.0,interior_pm1,Average,8,False,"[4, 6, 8, 10, 12, 14]","[7, 8, 9]",[],"[7, 8, 9]",23,False,,49.62304347826087,,False
mmke-entity,instructblip-vicuna-7b,available_train,model_pred,636,1.0,global_80,Rel,4,False,"[4, 8, 10, 14, 22]","[2, 3, 4, 5, 6, 7, 8, 9, 10, 11, 12, 13, 14, 15, 16, 17, 18, 19, 20, 21, 22, 23, 24, 25, 26, 27, 28, 29]","[2, 3, 4, 5, 14, 15, 16, 17, 18, 19, 20, 22, 23, 24, 25, 26, 27, 28, 29]","[6, 7, 8, 9, 10, 11, 12, 13, 21]",4,False,14.163684210526316,27.2175,-13.053815789473685,False
mmke-entity,instructblip-vicuna-7b,available_train,model_pred,636,1.0,global_80,T-Gen,4,False,"[4, 8, 10, 14, 22]","[2, 3, 4, 5, 6, 7, 8, 9, 10, 11, 12, 13, 14, 15, 16, 17, 18, 19, 20, 21, 22, 23, 24, 25, 26, 27, 28, 29]","[2, 3, 4, 5, 14, 15, 16, 17, 18, 19, 20, 22, 23, 24, 25, 26, 27, 28, 29]","[6, 7, 8, 9, 10, 11, 12, 13, 21]",4,False,13.632105263157895,27.027500000000003,-13.395394736842109,False
mmke-entity,instructblip-vicuna-7b,available_train,model_pred,636,1.0,global_80,M-Gen,4,False,"[4, 8, 10, 14, 22]","[2, 3, 4, 5, 6, 7, 8, 9, 10, 11, 12, 13, 14, 15, 16, 17, 18, 19, 20, 21, 22, 23, 24, 25, 26, 27, 28, 29]","[2, 3, 4, 5, 14, 15, 16, 17, 18, 19, 20, 22, 23, 24, 25, 26, 27, 28, 29]","[6, 7, 8, 9, 10, 11, 12, 13, 21]",4,False,14.096315789473683,27.1825,-13.086184210526318,False
mmke-entity,instructblip-vicuna-7b,available_train,model_pred,636,1.0,global_80,T-Loc,4,False,"[4, 8, 10, 14, 22]","[2, 3, 4, 5, 6, 7, 8, 9, 10, 11, 12, 13, 14, 15, 16, 17, 18, 19, 20, 21, 22, 23, 24, 25, 26, 27, 28, 29]","[2, 3, 4, 5, 14, 15, 16, 17, 18, 19, 20, 22, 23, 24, 25, 26, 27, 28, 29]","[6, 7, 8, 9, 10, 11, 12, 13, 21]",4,False,100.0,100.0,0.0,True
mmke-entity,instructblip-vicuna-7b,available_train,model_pred,636,1.0,global_80,M-Loc,4,False,"[4, 8, 10, 14, 22]","[2, 3, 4, 5, 6, 7, 8, 9, 10, 11, 12, 13, 14, 15, 16, 17, 18, 19, 20, 21, 22, 23, 24, 25, 26, 27, 28, 29]","[2, 3, 4, 5, 14, 15, 16, 17, 18, 19, 20, 22, 23, 24, 25, 26, 27, 28, 29]","[6, 7, 8, 9, 10, 11, 12, 13, 21]",4,False,99.48315789473685,98.6975,0.7856578947368433,False
mmke-entity,instructblip-vicuna-7b,available_train,model_pred,636,1.0,global_80,Average,4,False,"[4, 8, 10, 14, 22]","[2, 3, 4, 5, 6, 7, 8, 9, 10, 11, 12, 13, 14, 15, 16, 17, 18, 19, 20, 21, 22, 23, 24, 25, 26, 27, 28, 29]","[2, 3, 4, 5, 14, 15, 16, 17, 18, 19, 20, 22, 23, 24, 25, 26, 27, 28, 29]","[6, 7, 8, 9, 10, 11, 12, 13, 21]",4,False,48.275052631578944,56.026,-7.750947368421059,False
mmke-entity,instructblip-vicuna-7b,available_train,model_pred,636,1.0,global_90,Rel,4,False,"[4, 8, 10, 14, 22]","[2, 3, 4, 5, 6, 7, 8, 9, 10, 11, 12, 13, 14, 15, 16, 17, 18, 19, 20, 21, 22, 23]","[2, 3, 4, 5, 14, 15, 16, 17, 18, 19, 20, 22, 23]","[6, 7, 8, 9, 10, 11, 12, 13, 21]",10,False,14.994615384615384,18.305,-3.3103846153846153,False
mmke-entity,instructblip-vicuna-7b,available_train,model_pred,636,1.0,global_90,T-Gen,4,False,"[4, 8, 10, 14, 22]","[2, 3, 4, 5, 6, 7, 8, 9, 10, 11, 12, 13, 14, 15, 16, 17, 18, 19, 20, 21, 22, 23]","[2, 3, 4, 5, 14, 15, 16, 17, 18, 19, 20, 22, 23]","[6, 7, 8, 9, 10, 11, 12, 13, 21]",10,False,14.495384615384612,17.868,-3.3726153846153863,False
mmke-entity,instructblip-vicuna-7b,available_train,model_pred,636,1.0,global_90,M-Gen,4,False,"[4, 8, 10, 14, 22]","[2, 3, 4, 5, 6, 7, 8, 9, 10, 11, 12, 13, 14, 15, 16, 17, 18, 19, 20, 21, 22, 23]","[2, 3, 4, 5, 14, 15, 16, 17, 18, 19, 20, 22, 23]","[6, 7, 8, 9, 10, 11, 12, 13, 21]",10,False,14.92846153846154,18.249000000000002,-3.3205384615384617,False
mmke-entity,instructblip-vicuna-7b,available_train,model_pred,636,1.0,global_90,T-Loc,4,False,"[4, 8, 10, 14, 22]","[2, 3, 4, 5, 6, 7, 8, 9, 10, 11, 12, 13, 14, 15, 16, 17, 18, 19, 20, 21, 22, 23]","[2, 3, 4, 5, 14, 15, 16, 17, 18, 19, 20, 22, 23]","[6, 7, 8, 9, 10, 11, 12, 13, 21]",10,False,100.0,100.0,0.0,True
mmke-entity,instructblip-vicuna-7b,available_train,model_pred,636,1.0,global_90,M-Loc,4,False,"[4, 8, 10, 14, 22]","[2, 3, 4, 5, 6, 7, 8, 9, 10, 11, 12, 13, 14, 15, 16, 17, 18, 19, 20, 21, 22, 23]","[2, 3, 4, 5, 14, 15, 16, 17, 18, 19, 20, 22, 23]","[6, 7, 8, 9, 10, 11, 12, 13, 21]",10,False,99.55846153846154,99.071,0.4874615384615453,False
mmke-entity,instructblip-vicuna-7b,available_train,model_pred,636,1.0,global_90,Average,4,False,"[4, 8, 10, 14, 22]","[2, 3, 4, 5, 6, 7, 8, 9, 10, 11, 12, 13, 14, 15, 16, 17, 18, 19, 20, 21, 22, 23]","[2, 3, 4, 5, 14, 15, 16, 17, 18, 19, 20, 22, 23]","[6, 7, 8, 9, 10, 11, 12, 13, 21]",10,False,48.795076923076934,50.6994,-1.9043230769230632,False
mmke-entity,instructblip-vicuna-7b,available_train,model_pred,636,1.0,global_95,Rel,4,False,"[4, 8, 10, 14, 22]","[2, 3, 4, 5, 6, 7, 8, 9, 10, 11, 12, 13, 14, 15, 16, 17, 18]","[2, 3, 4, 5, 14, 15, 16, 17, 18]","[6, 7, 8, 9, 10, 11, 12, 13]",14,False,15.264444444444443,17.185714285714287,-1.9212698412698437,False
mmke-entity,instructblip-vicuna-7b,available_train,model_pred,636,1.0,global_95,T-Gen,4,False,"[4, 8, 10, 14, 22]","[2, 3, 4, 5, 6, 7, 8, 9, 10, 11, 12, 13, 14, 15, 16, 17, 18]","[2, 3, 4, 5, 14, 15, 16, 17, 18]","[6, 7, 8, 9, 10, 11, 12, 13]",14,False,14.79,16.715,-1.9250000000000007,False
mmke-entity,instructblip-vicuna-7b,available_train,model_pred,636,1.0,global_95,M-Gen,4,False,"[4, 8, 10, 14, 22]","[2, 3, 4, 5, 6, 7, 8, 9, 10, 11, 12, 13, 14, 15, 16, 17, 18]","[2, 3, 4, 5, 14, 15, 16, 17, 18]","[6, 7, 8, 9, 10, 11, 12, 13]",14,False,15.203333333333331,17.123571428571427,-1.920238095238096,False
mmke-entity,instructblip-vicuna-7b,available_train,model_pred,636,1.0,global_95,T-Loc,4,False,"[4, 8, 10, 14, 22]","[2, 3, 4, 5, 6, 7, 8, 9, 10, 11, 12, 13, 14, 15, 16, 17, 18]","[2, 3, 4, 5, 14, 15, 16, 17, 18]","[6, 7, 8, 9, 10, 11, 12, 13]",14,False,100.0,100.0,0.0,True
mmke-entity,instructblip-vicuna-7b,available_train,model_pred,636,1.0,global_95,M-Loc,4,False,"[4, 8, 10, 14, 22]","[2, 3, 4, 5, 6, 7, 8, 9, 10, 11, 12, 13, 14, 15, 16, 17, 18]","[2, 3, 4, 5, 14, 15, 16, 17, 18]","[6, 7, 8, 9, 10, 11, 12, 13]",14,False,99.55222222222223,99.2142857142857,0.33793650793653285,False
mmke-entity,instructblip-vicuna-7b,available_train,model_pred,636,1.0,global_95,Average,4,False,"[4, 8, 10, 14, 22]","[2, 3, 4, 5, 6, 7, 8, 9, 10, 11, 12, 13, 14, 15, 16, 17, 18]","[2, 3, 4, 5, 14, 15, 16, 17, 18]","[6, 7, 8, 9, 10, 11, 12, 13]",14,False,48.961333333333336,50.04842857142857,-1.0870952380952374,False
mmke-entity,instructblip-vicuna-7b,available_train,model_pred,636,1.0,interior_pm1,Rel,4,False,"[4, 8, 10, 14, 22]","[3, 4, 5]","[3, 4, 5]",[],20,True,15.393333333333336,16.59,-1.1966666666666637,False
mmke-entity,instructblip-vicuna-7b,available_train,model_pred,636,1.0,interior_pm1,T-Gen,4,False,"[4, 8, 10, 14, 22]","[3, 4, 5]","[3, 4, 5]",[],20,True,14.899999999999999,16.121000000000002,-1.2210000000000036,False
mmke-entity,instructblip-vicuna-7b,available_train,model_pred,636,1.0,interior_pm1,M-Gen,4,False,"[4, 8, 10, 14, 22]","[3, 4, 5]","[3, 4, 5]",[],20,True,15.323333333333332,16.529500000000002,-1.20616666666667,False
mmke-entity,instructblip-vicuna-7b,available_train,model_pred,636,1.0,interior_pm1,T-Loc,4,False,"[4, 8, 10, 14, 22]","[3, 4, 5]","[3, 4, 5]",[],20,True,100.0,100.0,0.0,True
mmke-entity,instructblip-vicuna-7b,available_train,model_pred,636,1.0,interior_pm1,M-Loc,4,False,"[4, 8, 10, 14, 22]","[3, 4, 5]","[3, 4, 5]",[],20,True,99.57666666666667,99.31199999999998,0.2646666666666846,False
mmke-entity,instructblip-vicuna-7b,available_train,model_pred,636,1.0,interior_pm1,Average,4,False,"[4, 8, 10, 14, 22]","[3, 4, 5]","[3, 4, 5]",[],20,True,49.03666666666667,49.711,-0.6743333333333297,False
mmke-entity,minigpt-4-vicuna-7b,matched_gradient,none,636,1.0,global_80,Rel,29,False,"[3, 7, 29]","[24, 25, 26, 27, 28, 29, 30]","[24, 25, 26, 27, 28]","[29, 30]",13,False,59.85200000000001,59.79230769230769,0.059692307692323254,False
mmke-entity,minigpt-4-vicuna-7b,matched_gradient,none,636,1.0,global_80,T-Gen,29,False,"[3, 7, 29]","[24, 25, 26, 27, 28, 29, 30]","[24, 25, 26, 27, 28]","[29, 30]",13,False,59.958000000000006,59.72000000000001,0.23799999999999244,False
mmke-entity,minigpt-4-vicuna-7b,matched_gradient,none,636,1.0,global_80,M-Gen,29,False,"[3, 7, 29]","[24, 25, 26, 27, 28, 29, 30]","[24, 25, 26, 27, 28]","[29, 30]",13,False,59.818,59.76615384615385,0.051846153846149434,False
mmke-entity,minigpt-4-vicuna-7b,matched_gradient,none,636,1.0,global_80,T-Loc,29,False,"[3, 7, 29]","[24, 25, 26, 27, 28, 29, 30]","[24, 25, 26, 27, 28]","[29, 30]",13,False,100.0,100.0,0.0,True
mmke-entity,minigpt-4-vicuna-7b,matched_gradient,none,636,1.0,global_80,M-Loc,29,False,"[3, 7, 29]","[24, 25, 26, 27, 28, 29, 30]","[24, 25, 26, 27, 28]","[29, 30]",13,False,97.97800000000001,98.43,-0.4519999999999982,False
mmke-entity,minigpt-4-vicuna-7b,matched_gradient,none,636,1.0,global_80,Average,29,False,"[3, 7, 29]","[24, 25, 26, 27, 28, 29, 30]","[24, 25, 26, 27, 28]","[29, 30]",13,False,75.5212,75.5416923076923,-0.02049230769230803,False
mmke-entity,minigpt-4-vicuna-7b,matched_gradient,none,636,1.0,global_90,Rel,29,False,"[3, 7, 29]","[25, 26, 27, 28, 29, 30]","[25, 26, 27, 28]","[29, 30]",14,False,60.01499999999999,59.75,0.26499999999999346,False
mmke-entity,minigpt-4-vicuna-7b,matched_gradient,none,636,1.0,global_90,T-Gen,29,False,"[3, 7, 29]","[25, 26, 27, 28, 29, 30]","[25, 26, 27, 28]","[29, 30]",14,False,60.1275,59.688571428571436,0.438928571428562,False
mmke-entity,minigpt-4-vicuna-7b,matched_gradient,none,636,1.0,global_90,M-Gen,29,False,"[3, 7, 29]","[25, 26, 27, 28, 29, 30]","[25, 26, 27, 28]","[29, 30]",14,False,59.989999999999995,59.72071428571429,0.2692857142857079,False
mmke-entity,minigpt-4-vicuna-7b,matched_gradient,none,636,1.0,global_90,T-Loc,29,False,"[3, 7, 29]","[25, 26, 27, 28, 29, 30]","[25, 26, 27, 28]","[29, 30]",14,False,100.0,100.0,0.0,True
mmke-entity,minigpt-4-vicuna-7b,matched_gradient,none,636,1.0,global_90,M-Loc,29,False,"[3, 7, 29]","[25, 26, 27, 28, 29, 30]","[25, 26, 27, 28]","[29, 30]",14,False,98.08,98.36857142857143,-0.28857142857143003,False
mmke-entity,minigpt-4-vicuna-7b,matched_gradient,none,636,1.0,global_90,Average,29,False,"[3, 7, 29]","[25, 26, 27, 28, 29, 30]","[25, 26, 27, 28]","[29, 30]",14,False,75.6425,75.50557142857143,0.1369285714285695,False
mmke-entity,minigpt-4-vicuna-7b,matched_gradient,none,636,1.0,global_95,Rel,29,False,"[3, 7, 29]","[27, 28, 29]","[27, 28]",[29],16,False,60.57000000000001,59.71374999999999,0.856250000000017,False
mmke-entity,minigpt-4-vicuna-7b,matched_gradient,none,636,1.0,global_95,T-Gen,29,False,"[3, 7, 29]","[27, 28, 29]","[27, 28]",[29],16,False,60.65,59.678124999999994,0.9718750000000043,False
mmke-entity,minigpt-4-vicuna-7b,matched_gradient,none,636,1.0,global_95,M-Gen,29,False,"[3, 7, 29]","[27, 28, 29]","[27, 28]",[29],16,False,60.55500000000001,59.683749999999996,0.8712500000000105,False
mmke-entity,minigpt-4-vicuna-7b,matched_gradient,none,636,1.0,global_95,T-Loc,29,False,"[3, 7, 29]","[27, 28, 29]","[27, 28]",[29],16,False,100.0,100.0,0.0,True
mmke-entity,minigpt-4-vicuna-7b,matched_gradient,none,636,1.0,global_95,M-Loc,29,False,"[3, 7, 29]","[27, 28, 29]","[27, 28]",[29],16,False,97.89500000000001,98.355625,-0.4606249999999932,False
mmke-entity,minigpt-4-vicuna-7b,matched_gradient,none,636,1.0,global_95,Average,29,False,"[3, 7, 29]","[27, 28, 29]","[27, 28]",[29],16,False,75.934,75.48625,0.4477499999999992,False
mmke-entity,minigpt-4-vicuna-7b,matched_gradient,none,636,1.0,interior_pm1,Rel,29,False,"[3, 7, 29]","[28, 29, 30]",[28],"[29, 30]",17,False,60.660000000000004,59.75882352941176,0.901176470588247,False
mmke-entity,minigpt-4-vicuna-7b,matched_gradient,none,636,1.0,interior_pm1,T-Gen,29,False,"[3, 7, 29]","[28, 29, 30]",[28],"[29, 30]",17,False,60.69,59.73294117647059,0.9570588235294082,False
mmke-entity,minigpt-4-vicuna-7b,matched_gradient,none,636,1.0,interior_pm1,M-Gen,29,False,"[3, 7, 29]","[28, 29, 30]",[28],"[29, 30]",17,False,60.67,59.728235294117646,0.9417647058823562,False
mmke-entity,minigpt-4-vicuna-7b,matched_gradient,none,636,1.0,interior_pm1,T-Loc,29,False,"[3, 7, 29]","[28, 29, 30]",[28],"[29, 30]",17,False,100.0,100.0,0.0,True
mmke-entity,minigpt-4-vicuna-7b,matched_gradient,none,636,1.0,interior_pm1,M-Loc,29,False,"[3, 7, 29]","[28, 29, 30]",[28],"[29, 30]",17,False,98.2,98.31058823529412,-0.11058823529411654,False
mmke-entity,minigpt-4-vicuna-7b,matched_gradient,none,636,1.0,interior_pm1,Average,29,False,"[3, 7, 29]","[28, 29, 30]",[28],"[29, 30]",17,False,76.044,75.50611764705883,0.5378823529411676,False
mmke-entity,minigpt-4-vicuna-7b,matched_gradient,alt,636,1.0,global_80,Rel,29,False,"[2, 5, 10, 29]","[27, 28, 29, 30]","[27, 28]","[29, 30]",16,False,60.57000000000001,59.71374999999999,0.856250000000017,False
mmke-entity,minigpt-4-vicuna-7b,matched_gradient,alt,636,1.0,global_80,T-Gen,29,False,"[2, 5, 10, 29]","[27, 28, 29, 30]","[27, 28]","[29, 30]",16,False,60.65,59.678124999999994,0.9718750000000043,False
mmke-entity,minigpt-4-vicuna-7b,matched_gradient,alt,636,1.0,global_80,M-Gen,29,False,"[2, 5, 10, 29]","[27, 28, 29, 30]","[27, 28]","[29, 30]",16,False,60.55500000000001,59.683749999999996,0.8712500000000105,False
mmke-entity,minigpt-4-vicuna-7b,matched_gradient,alt,636,1.0,global_80,T-Loc,29,False,"[2, 5, 10, 29]","[27, 28, 29, 30]","[27, 28]","[29, 30]",16,False,100.0,100.0,0.0,True
mmke-entity,minigpt-4-vicuna-7b,matched_gradient,alt,636,1.0,global_80,M-Loc,29,False,"[2, 5, 10, 29]","[27, 28, 29, 30]","[27, 28]","[29, 30]",16,False,97.89500000000001,98.355625,-0.4606249999999932,False
mmke-entity,minigpt-4-vicuna-7b,matched_gradient,alt,636,1.0,global_80,Average,29,False,"[2, 5, 10, 29]","[27, 28, 29, 30]","[27, 28]","[29, 30]",16,False,75.934,75.48625,0.4477499999999992,False
mmke-entity,minigpt-4-vicuna-7b,matched_gradient,alt,636,1.0,global_90,Rel,29,False,"[2, 5, 10, 29]","[28, 29]",[28],[29],17,False,60.660000000000004,59.75882352941176,0.901176470588247,False
mmke-entity,minigpt-4-vicuna-7b,matched_gradient,alt,636,1.0,global_90,T-Gen,29,False,"[2, 5, 10, 29]","[28, 29]",[28],[29],17,False,60.69,59.73294117647059,0.9570588235294082,False
mmke-entity,minigpt-4-vicuna-7b,matched_gradient,alt,636,1.0,global_90,M-Gen,29,False,"[2, 5, 10, 29]","[28, 29]",[28],[29],17,False,60.67,59.728235294117646,0.9417647058823562,False
mmke-entity,minigpt-4-vicuna-7b,matched_gradient,alt,636,1.0,global_90,T-Loc,29,False,"[2, 5, 10, 29]","[28, 29]",[28],[29],17,False,100.0,100.0,0.0,True
mmke-entity,minigpt-4-vicuna-7b,matched_gradient,alt,636,1.0,global_90,M-Loc,29,False,"[2, 5, 10, 29]","[28, 29]",[28],[29],17,False,98.2,98.31058823529412,-0.11058823529411654,False
mmke-entity,minigpt-4-vicuna-7b,matched_gradient,alt,636,1.0,global_90,Average,29,False,"[2, 5, 10, 29]","[28, 29]",[28],[29],17,False,76.044,75.50611764705883,0.5378823529411676,False
mmke-entity,minigpt-4-vicuna-7b,matched_gradient,alt,636,1.0,global_95,Rel,29,False,"[2, 5, 10, 29]",[29],[],[29],18,False,,59.80888888888889,,False
mmke-entity,minigpt-4-vicuna-7b,matched_gradient,alt,636,1.0,global_95,T-Gen,29,False,"[2, 5, 10, 29]",[29],[],[29],18,False,,59.78611111111112,,False
mmke-entity,minigpt-4-vicuna-7b,matched_gradient,alt,636,1.0,global_95,M-Gen,29,False,"[2, 5, 10, 29]",[29],[],[29],18,False,,59.78055555555555,,False
mmke-entity,minigpt-4-vicuna-7b,matched_gradient,alt,636,1.0,global_95,T-Loc,29,False,"[2, 5, 10, 29]",[29],[],[29],18,False,,100.0,,False
mmke-entity,minigpt-4-vicuna-7b,matched_gradient,alt,636,1.0,global_95,M-Loc,29,False,"[2, 5, 10, 29]",[29],[],[29],18,False,,98.30444444444444,,False
mmke-entity,minigpt-4-vicuna-7b,matched_gradient,alt,636,1.0,global_95,Average,29,False,"[2, 5, 10, 29]",[29],[],[29],18,False,,75.536,,False
mmke-entity,minigpt-4-vicuna-7b,matched_gradient,alt,636,1.0,interior_pm1,Rel,29,False,"[2, 5, 10, 29]","[28, 29, 30]",[28],"[29, 30]",17,False,60.660000000000004,59.75882352941176,0.901176470588247,False
mmke-entity,minigpt-4-vicuna-7b,matched_gradient,alt,636,1.0,interior_pm1,T-Gen,29,False,"[2, 5, 10, 29]","[28, 29, 30]",[28],"[29, 30]",17,False,60.69,59.73294117647059,0.9570588235294082,False
mmke-entity,minigpt-4-vicuna-7b,matched_gradient,alt,636,1.0,interior_pm1,M-Gen,29,False,"[2, 5, 10, 29]","[28, 29, 30]",[28],"[29, 30]",17,False,60.67,59.728235294117646,0.9417647058823562,False
mmke-entity,minigpt-4-vicuna-7b,matched_gradient,alt,636,1.0,interior_pm1,T-Loc,29,False,"[2, 5, 10, 29]","[28, 29, 30]",[28],"[29, 30]",17,False,100.0,100.0,0.0,True
mmke-entity,minigpt-4-vicuna-7b,matched_gradient,alt,636,1.0,interior_pm1,M-Loc,29,False,"[2, 5, 10, 29]","[28, 29, 30]",[28],"[29, 30]",17,False,98.2,98.31058823529412,-0.11058823529411654,False
mmke-entity,minigpt-4-vicuna-7b,matched_gradient,alt,636,1.0,interior_pm1,Average,29,False,"[2, 5, 10, 29]","[28, 29, 30]",[28],"[29, 30]",17,False,76.044,75.50611764705883,0.5378823529411676,False
mmke-entity,minigpt-4-vicuna-7b,matched_gradient,model_pred,636,1.0,global_80,Rel,29,False,"[6, 29]","[25, 26, 27, 28, 29, 30]","[25, 26, 27, 28]","[29, 30]",14,False,60.01499999999999,59.75,0.26499999999999346,False
mmke-entity,minigpt-4-vicuna-7b,matched_gradient,model_pred,636,1.0,global_80,T-Gen,29,False,"[6, 29]","[25, 26, 27, 28, 29, 30]","[25, 26, 27, 28]","[29, 30]",14,False,60.1275,59.688571428571436,0.438928571428562,False
mmke-entity,minigpt-4-vicuna-7b,matched_gradient,model_pred,636,1.0,global_80,M-Gen,29,False,"[6, 29]","[25, 26, 27, 28, 29, 30]","[25, 26, 27, 28]","[29, 30]",14,False,59.989999999999995,59.72071428571429,0.2692857142857079,False
mmke-entity,minigpt-4-vicuna-7b,matched_gradient,model_pred,636,1.0,global_80,T-Loc,29,False,"[6, 29]","[25, 26, 27, 28, 29, 30]","[25, 26, 27, 28]","[29, 30]",14,False,100.0,100.0,0.0,True
mmke-entity,minigpt-4-vicuna-7b,matched_gradient,model_pred,636,1.0,global_80,M-Loc,29,False,"[6, 29]","[25, 26, 27, 28, 29, 30]","[25, 26, 27, 28]","[29, 30]",14,False,98.08,98.36857142857143,-0.28857142857143003,False
mmke-entity,minigpt-4-vicuna-7b,matched_gradient,model_pred,636,1.0,global_80,Average,29,False,"[6, 29]","[25, 26, 27, 28, 29, 30]","[25, 26, 27, 28]","[29, 30]",14,False,75.6425,75.50557142857143,0.1369285714285695,False
mmke-entity,minigpt-4-vicuna-7b,matched_gradient,model_pred,636,1.0,global_90,Rel,29,False,"[6, 29]","[28, 29, 30]",[28],"[29, 30]",17,False,60.660000000000004,59.75882352941176,0.901176470588247,False
mmke-entity,minigpt-4-vicuna-7b,matched_gradient,model_pred,636,1.0,global_90,T-Gen,29,False,"[6, 29]","[28, 29, 30]",[28],"[29, 30]",17,False,60.69,59.73294117647059,0.9570588235294082,False
mmke-entity,minigpt-4-vicuna-7b,matched_gradient,model_pred,636,1.0,global_90,M-Gen,29,False,"[6, 29]","[28, 29, 30]",[28],"[29, 30]",17,False,60.67,59.728235294117646,0.9417647058823562,False
mmke-entity,minigpt-4-vicuna-7b,matched_gradient,model_pred,636,1.0,global_90,T-Loc,29,False,"[6, 29]","[28, 29, 30]",[28],"[29, 30]",17,False,100.0,100.0,0.0,True
mmke-entity,minigpt-4-vicuna-7b,matched_gradient,model_pred,636,1.0,global_90,M-Loc,29,False,"[6, 29]","[28, 29, 30]",[28],"[29, 30]",17,False,98.2,98.31058823529412,-0.11058823529411654,False
mmke-entity,minigpt-4-vicuna-7b,matched_gradient,model_pred,636,1.0,global_90,Average,29,False,"[6, 29]","[28, 29, 30]",[28],"[29, 30]",17,False,76.044,75.50611764705883,0.5378823529411676,False
mmke-entity,minigpt-4-vicuna-7b,matched_gradient,model_pred,636,1.0,global_95,Rel,29,False,"[6, 29]","[28, 29]",[28],[29],17,False,60.660000000000004,59.75882352941176,0.901176470588247,False
mmke-entity,minigpt-4-vicuna-7b,matched_gradient,model_pred,636,1.0,global_95,T-Gen,29,False,"[6, 29]","[28, 29]",[28],[29],17,False,60.69,59.73294117647059,0.9570588235294082,False
mmke-entity,minigpt-4-vicuna-7b,matched_gradient,model_pred,636,1.0,global_95,M-Gen,29,False,"[6, 29]","[28, 29]",[28],[29],17,False,60.67,59.728235294117646,0.9417647058823562,False
mmke-entity,minigpt-4-vicuna-7b,matched_gradient,model_pred,636,1.0,global_95,T-Loc,29,False,"[6, 29]","[28, 29]",[28],[29],17,False,100.0,100.0,0.0,True
mmke-entity,minigpt-4-vicuna-7b,matched_gradient,model_pred,636,1.0,global_95,M-Loc,29,False,"[6, 29]","[28, 29]",[28],[29],17,False,98.2,98.31058823529412,-0.11058823529411654,False
mmke-entity,minigpt-4-vicuna-7b,matched_gradient,model_pred,636,1.0,global_95,Average,29,False,"[6, 29]","[28, 29]",[28],[29],17,False,76.044,75.50611764705883,0.5378823529411676,False
mmke-entity,minigpt-4-vicuna-7b,matched_gradient,model_pred,636,1.0,interior_pm1,Rel,29,False,"[6, 29]","[28, 29, 30]",[28],"[29, 30]",17,False,60.660000000000004,59.75882352941176,0.901176470588247,False
mmke-entity,minigpt-4-vicuna-7b,matched_gradient,model_pred,636,1.0,interior_pm1,T-Gen,29,False,"[6, 29]","[28, 29, 30]",[28],"[29, 30]",17,False,60.69,59.73294117647059,0.9570588235294082,False
mmke-entity,minigpt-4-vicuna-7b,matched_gradient,model_pred,636,1.0,interior_pm1,M-Gen,29,False,"[6, 29]","[28, 29, 30]",[28],"[29, 30]",17,False,60.67,59.728235294117646,0.9417647058823562,False
mmke-entity,minigpt-4-vicuna-7b,matched_gradient,model_pred,636,1.0,interior_pm1,T-Loc,29,False,"[6, 29]","[28, 29, 30]",[28],"[29, 30]",17,False,100.0,100.0,0.0,True
mmke-entity,minigpt-4-vicuna-7b,matched_gradient,model_pred,636,1.0,interior_pm1,M-Loc,29,False,"[6, 29]","[28, 29, 30]",[28],"[29, 30]",17,False,98.2,98.31058823529412,-0.11058823529411654,False
mmke-entity,minigpt-4-vicuna-7b,matched_gradient,model_pred,636,1.0,interior_pm1,Average,29,False,"[6, 29]","[28, 29, 30]",[28],"[29, 30]",17,False,76.044,75.50611764705883,0.5378823529411676,False
mmke-entity,minigpt-4-vicuna-7b,available_train,none,636,1.0,global_80,Rel,29,False,"[3, 7, 29]","[24, 25, 26, 27, 28, 29, 30]","[24, 25, 26, 27, 28]","[29, 30]",13,False,59.85200000000001,59.79230769230769,0.059692307692323254,False
mmke-entity,minigpt-4-vicuna-7b,available_train,none,636,1.0,global_80,T-Gen,29,False,"[3, 7, 29]","[24, 25, 26, 27, 28, 29, 30]","[24, 25, 26, 27, 28]","[29, 30]",13,False,59.958000000000006,59.72000000000001,0.23799999999999244,False
mmke-entity,minigpt-4-vicuna-7b,available_train,none,636,1.0,global_80,M-Gen,29,False,"[3, 7, 29]","[24, 25, 26, 27, 28, 29, 30]","[24, 25, 26, 27, 28]","[29, 30]",13,False,59.818,59.76615384615385,0.051846153846149434,False
mmke-entity,minigpt-4-vicuna-7b,available_train,none,636,1.0,global_80,T-Loc,29,False,"[3, 7, 29]","[24, 25, 26, 27, 28, 29, 30]","[24, 25, 26, 27, 28]","[29, 30]",13,False,100.0,100.0,0.0,True
mmke-entity,minigpt-4-vicuna-7b,available_train,none,636,1.0,global_80,M-Loc,29,False,"[3, 7, 29]","[24, 25, 26, 27, 28, 29, 30]","[24, 25, 26, 27, 28]","[29, 30]",13,False,97.97800000000001,98.43,-0.4519999999999982,False
mmke-entity,minigpt-4-vicuna-7b,available_train,none,636,1.0,global_80,Average,29,False,"[3, 7, 29]","[24, 25, 26, 27, 28, 29, 30]","[24, 25, 26, 27, 28]","[29, 30]",13,False,75.5212,75.5416923076923,-0.02049230769230803,False
mmke-entity,minigpt-4-vicuna-7b,available_train,none,636,1.0,global_90,Rel,29,False,"[3, 7, 29]","[25, 26, 27, 28, 29, 30]","[25, 26, 27, 28]","[29, 30]",14,False,60.01499999999999,59.75,0.26499999999999346,False
mmke-entity,minigpt-4-vicuna-7b,available_train,none,636,1.0,global_90,T-Gen,29,False,"[3, 7, 29]","[25, 26, 27, 28, 29, 30]","[25, 26, 27, 28]","[29, 30]",14,False,60.1275,59.688571428571436,0.438928571428562,False
mmke-entity,minigpt-4-vicuna-7b,available_train,none,636,1.0,global_90,M-Gen,29,False,"[3, 7, 29]","[25, 26, 27, 28, 29, 30]","[25, 26, 27, 28]","[29, 30]",14,False,59.989999999999995,59.72071428571429,0.2692857142857079,False
mmke-entity,minigpt-4-vicuna-7b,available_train,none,636,1.0,global_90,T-Loc,29,False,"[3, 7, 29]","[25, 26, 27, 28, 29, 30]","[25, 26, 27, 28]","[29, 30]",14,False,100.0,100.0,0.0,True
mmke-entity,minigpt-4-vicuna-7b,available_train,none,636,1.0,global_90,M-Loc,29,False,"[3, 7, 29]","[25, 26, 27, 28, 29, 30]","[25, 26, 27, 28]","[29, 30]",14,False,98.08,98.36857142857143,-0.28857142857143003,False
mmke-entity,minigpt-4-vicuna-7b,available_train,none,636,1.0,global_90,Average,29,False,"[3, 7, 29]","[25, 26, 27, 28, 29, 30]","[25, 26, 27, 28]","[29, 30]",14,False,75.6425,75.50557142857143,0.1369285714285695,False
mmke-entity,minigpt-4-vicuna-7b,available_train,none,636,1.0,global_95,Rel,29,False,"[3, 7, 29]","[27, 28, 29]","[27, 28]",[29],16,False,60.57000000000001,59.71374999999999,0.856250000000017,False
mmke-entity,minigpt-4-vicuna-7b,available_train,none,636,1.0,global_95,T-Gen,29,False,"[3, 7, 29]","[27, 28, 29]","[27, 28]",[29],16,False,60.65,59.678124999999994,0.9718750000000043,False
mmke-entity,minigpt-4-vicuna-7b,available_train,none,636,1.0,global_95,M-Gen,29,False,"[3, 7, 29]","[27, 28, 29]","[27, 28]",[29],16,False,60.55500000000001,59.683749999999996,0.8712500000000105,False
mmke-entity,minigpt-4-vicuna-7b,available_train,none,636,1.0,global_95,T-Loc,29,False,"[3, 7, 29]","[27, 28, 29]","[27, 28]",[29],16,False,100.0,100.0,0.0,True
mmke-entity,minigpt-4-vicuna-7b,available_train,none,636,1.0,global_95,M-Loc,29,False,"[3, 7, 29]","[27, 28, 29]","[27, 28]",[29],16,False,97.89500000000001,98.355625,-0.4606249999999932,False
mmke-entity,minigpt-4-vicuna-7b,available_train,none,636,1.0,global_95,Average,29,False,"[3, 7, 29]","[27, 28, 29]","[27, 28]",[29],16,False,75.934,75.48625,0.4477499999999992,False
mmke-entity,minigpt-4-vicuna-7b,available_train,none,636,1.0,interior_pm1,Rel,29,False,"[3, 7, 29]","[28, 29, 30]",[28],"[29, 30]",17,False,60.660000000000004,59.75882352941176,0.901176470588247,False
mmke-entity,minigpt-4-vicuna-7b,available_train,none,636,1.0,interior_pm1,T-Gen,29,False,"[3, 7, 29]","[28, 29, 30]",[28],"[29, 30]",17,False,60.69,59.73294117647059,0.9570588235294082,False
mmke-entity,minigpt-4-vicuna-7b,available_train,none,636,1.0,interior_pm1,M-Gen,29,False,"[3, 7, 29]","[28, 29, 30]",[28],"[29, 30]",17,False,60.67,59.728235294117646,0.9417647058823562,False
mmke-entity,minigpt-4-vicuna-7b,available_train,none,636,1.0,interior_pm1,T-Loc,29,False,"[3, 7, 29]","[28, 29, 30]",[28],"[29, 30]",17,False,100.0,100.0,0.0,True
mmke-entity,minigpt-4-vicuna-7b,available_train,none,636,1.0,interior_pm1,M-Loc,29,False,"[3, 7, 29]","[28, 29, 30]",[28],"[29, 30]",17,False,98.2,98.31058823529412,-0.11058823529411654,False
mmke-entity,minigpt-4-vicuna-7b,available_train,none,636,1.0,interior_pm1,Average,29,False,"[3, 7, 29]","[28, 29, 30]",[28],"[29, 30]",17,False,76.044,75.50611764705883,0.5378823529411676,False
mmke-entity,minigpt-4-vicuna-7b,available_train,alt,636,1.0,global_80,Rel,29,False,"[2, 5, 10, 29]","[27, 28, 29, 30]","[27, 28]","[29, 30]",16,False,60.57000000000001,59.71374999999999,0.856250000000017,False
mmke-entity,minigpt-4-vicuna-7b,available_train,alt,636,1.0,global_80,T-Gen,29,False,"[2, 5, 10, 29]","[27, 28, 29, 30]","[27, 28]","[29, 30]",16,False,60.65,59.678124999999994,0.9718750000000043,False
mmke-entity,minigpt-4-vicuna-7b,available_train,alt,636,1.0,global_80,M-Gen,29,False,"[2, 5, 10, 29]","[27, 28, 29, 30]","[27, 28]","[29, 30]",16,False,60.55500000000001,59.683749999999996,0.8712500000000105,False
mmke-entity,minigpt-4-vicuna-7b,available_train,alt,636,1.0,global_80,T-Loc,29,False,"[2, 5, 10, 29]","[27, 28, 29, 30]","[27, 28]","[29, 30]",16,False,100.0,100.0,0.0,True
mmke-entity,minigpt-4-vicuna-7b,available_train,alt,636,1.0,global_80,M-Loc,29,False,"[2, 5, 10, 29]","[27, 28, 29, 30]","[27, 28]","[29, 30]",16,False,97.89500000000001,98.355625,-0.4606249999999932,False
mmke-entity,minigpt-4-vicuna-7b,available_train,alt,636,1.0,global_80,Average,29,False,"[2, 5, 10, 29]","[27, 28, 29, 30]","[27, 28]","[29, 30]",16,False,75.934,75.48625,0.4477499999999992,False
mmke-entity,minigpt-4-vicuna-7b,available_train,alt,636,1.0,global_90,Rel,29,False,"[2, 5, 10, 29]","[28, 29]",[28],[29],17,False,60.660000000000004,59.75882352941176,0.901176470588247,False
mmke-entity,minigpt-4-vicuna-7b,available_train,alt,636,1.0,global_90,T-Gen,29,False,"[2, 5, 10, 29]","[28, 29]",[28],[29],17,False,60.69,59.73294117647059,0.9570588235294082,False
mmke-entity,minigpt-4-vicuna-7b,available_train,alt,636,1.0,global_90,M-Gen,29,False,"[2, 5, 10, 29]","[28, 29]",[28],[29],17,False,60.67,59.728235294117646,0.9417647058823562,False
mmke-entity,minigpt-4-vicuna-7b,available_train,alt,636,1.0,global_90,T-Loc,29,False,"[2, 5, 10, 29]","[28, 29]",[28],[29],17,False,100.0,100.0,0.0,True
mmke-entity,minigpt-4-vicuna-7b,available_train,alt,636,1.0,global_90,M-Loc,29,False,"[2, 5, 10, 29]","[28, 29]",[28],[29],17,False,98.2,98.31058823529412,-0.11058823529411654,False
mmke-entity,minigpt-4-vicuna-7b,available_train,alt,636,1.0,global_90,Average,29,False,"[2, 5, 10, 29]","[28, 29]",[28],[29],17,False,76.044,75.50611764705883,0.5378823529411676,False
mmke-entity,minigpt-4-vicuna-7b,available_train,alt,636,1.0,global_95,Rel,29,False,"[2, 5, 10, 29]",[29],[],[29],18,False,,59.80888888888889,,False
mmke-entity,minigpt-4-vicuna-7b,available_train,alt,636,1.0,global_95,T-Gen,29,False,"[2, 5, 10, 29]",[29],[],[29],18,False,,59.78611111111112,,False
mmke-entity,minigpt-4-vicuna-7b,available_train,alt,636,1.0,global_95,M-Gen,29,False,"[2, 5, 10, 29]",[29],[],[29],18,False,,59.78055555555555,,False
mmke-entity,minigpt-4-vicuna-7b,available_train,alt,636,1.0,global_95,T-Loc,29,False,"[2, 5, 10, 29]",[29],[],[29],18,False,,100.0,,False
mmke-entity,minigpt-4-vicuna-7b,available_train,alt,636,1.0,global_95,M-Loc,29,False,"[2, 5, 10, 29]",[29],[],[29],18,False,,98.30444444444444,,False
mmke-entity,minigpt-4-vicuna-7b,available_train,alt,636,1.0,global_95,Average,29,False,"[2, 5, 10, 29]",[29],[],[29],18,False,,75.536,,False
mmke-entity,minigpt-4-vicuna-7b,available_train,alt,636,1.0,interior_pm1,Rel,29,False,"[2, 5, 10, 29]","[28, 29, 30]",[28],"[29, 30]",17,False,60.660000000000004,59.75882352941176,0.901176470588247,False
mmke-entity,minigpt-4-vicuna-7b,available_train,alt,636,1.0,interior_pm1,T-Gen,29,False,"[2, 5, 10, 29]","[28, 29, 30]",[28],"[29, 30]",17,False,60.69,59.73294117647059,0.9570588235294082,False
mmke-entity,minigpt-4-vicuna-7b,available_train,alt,636,1.0,interior_pm1,M-Gen,29,False,"[2, 5, 10, 29]","[28, 29, 30]",[28],"[29, 30]",17,False,60.67,59.728235294117646,0.9417647058823562,False
mmke-entity,minigpt-4-vicuna-7b,available_train,alt,636,1.0,interior_pm1,T-Loc,29,False,"[2, 5, 10, 29]","[28, 29, 30]",[28],"[29, 30]",17,False,100.0,100.0,0.0,True
mmke-entity,minigpt-4-vicuna-7b,available_train,alt,636,1.0,interior_pm1,M-Loc,29,False,"[2, 5, 10, 29]","[28, 29, 30]",[28],"[29, 30]",17,False,98.2,98.31058823529412,-0.11058823529411654,False
mmke-entity,minigpt-4-vicuna-7b,available_train,alt,636,1.0,interior_pm1,Average,29,False,"[2, 5, 10, 29]","[28, 29, 30]",[28],"[29, 30]",17,False,76.044,75.50611764705883,0.5378823529411676,False
mmke-entity,minigpt-4-vicuna-7b,available_train,model_pred,636,1.0,global_80,Rel,29,False,"[6, 29]","[25, 26, 27, 28, 29, 30]","[25, 26, 27, 28]","[29, 30]",14,False,60.01499999999999,59.75,0.26499999999999346,False
mmke-entity,minigpt-4-vicuna-7b,available_train,model_pred,636,1.0,global_80,T-Gen,29,False,"[6, 29]","[25, 26, 27, 28, 29, 30]","[25, 26, 27, 28]","[29, 30]",14,False,60.1275,59.688571428571436,0.438928571428562,False
mmke-entity,minigpt-4-vicuna-7b,available_train,model_pred,636,1.0,global_80,M-Gen,29,False,"[6, 29]","[25, 26, 27, 28, 29, 30]","[25, 26, 27, 28]","[29, 30]",14,False,59.989999999999995,59.72071428571429,0.2692857142857079,False
mmke-entity,minigpt-4-vicuna-7b,available_train,model_pred,636,1.0,global_80,T-Loc,29,False,"[6, 29]","[25, 26, 27, 28, 29, 30]","[25, 26, 27, 28]","[29, 30]",14,False,100.0,100.0,0.0,True
mmke-entity,minigpt-4-vicuna-7b,available_train,model_pred,636,1.0,global_80,M-Loc,29,False,"[6, 29]","[25, 26, 27, 28, 29, 30]","[25, 26, 27, 28]","[29, 30]",14,False,98.08,98.36857142857143,-0.28857142857143003,False
mmke-entity,minigpt-4-vicuna-7b,available_train,model_pred,636,1.0,global_80,Average,29,False,"[6, 29]","[25, 26, 27, 28, 29, 30]","[25, 26, 27, 28]","[29, 30]",14,False,75.6425,75.50557142857143,0.1369285714285695,False
mmke-entity,minigpt-4-vicuna-7b,available_train,model_pred,636,1.0,global_90,Rel,29,False,"[6, 29]","[28, 29, 30]",[28],"[29, 30]",17,False,60.660000000000004,59.75882352941176,0.901176470588247,False
mmke-entity,minigpt-4-vicuna-7b,available_train,model_pred,636,1.0,global_90,T-Gen,29,False,"[6, 29]","[28, 29, 30]",[28],"[29, 30]",17,False,60.69,59.73294117647059,0.9570588235294082,False
mmke-entity,minigpt-4-vicuna-7b,available_train,model_pred,636,1.0,global_90,M-Gen,29,False,"[6, 29]","[28, 29, 30]",[28],"[29, 30]",17,False,60.67,59.728235294117646,0.9417647058823562,False
mmke-entity,minigpt-4-vicuna-7b,available_train,model_pred,636,1.0,global_90,T-Loc,29,False,"[6, 29]","[28, 29, 30]",[28],"[29, 30]",17,False,100.0,100.0,0.0,True
mmke-entity,minigpt-4-vicuna-7b,available_train,model_pred,636,1.0,global_90,M-Loc,29,False,"[6, 29]","[28, 29, 30]",[28],"[29, 30]",17,False,98.2,98.31058823529412,-0.11058823529411654,False
mmke-entity,minigpt-4-vicuna-7b,available_train,model_pred,636,1.0,global_90,Average,29,False,"[6, 29]","[28, 29, 30]",[28],"[29, 30]",17,False,76.044,75.50611764705883,0.5378823529411676,False
mmke-entity,minigpt-4-vicuna-7b,available_train,model_pred,636,1.0,global_95,Rel,29,False,"[6, 29]","[28, 29]",[28],[29],17,False,60.660000000000004,59.75882352941176,0.901176470588247,False
mmke-entity,minigpt-4-vicuna-7b,available_train,model_pred,636,1.0,global_95,T-Gen,29,False,"[6, 29]","[28, 29]",[28],[29],17,False,60.69,59.73294117647059,0.9570588235294082,False
mmke-entity,minigpt-4-vicuna-7b,available_train,model_pred,636,1.0,global_95,M-Gen,29,False,"[6, 29]","[28, 29]",[28],[29],17,False,60.67,59.728235294117646,0.9417647058823562,False
mmke-entity,minigpt-4-vicuna-7b,available_train,model_pred,636,1.0,global_95,T-Loc,29,False,"[6, 29]","[28, 29]",[28],[29],17,False,100.0,100.0,0.0,True
mmke-entity,minigpt-4-vicuna-7b,available_train,model_pred,636,1.0,global_95,M-Loc,29,False,"[6, 29]","[28, 29]",[28],[29],17,False,98.2,98.31058823529412,-0.11058823529411654,False
mmke-entity,minigpt-4-vicuna-7b,available_train,model_pred,636,1.0,global_95,Average,29,False,"[6, 29]","[28, 29]",[28],[29],17,False,76.044,75.50611764705883,0.5378823529411676,False
mmke-entity,minigpt-4-vicuna-7b,available_train,model_pred,636,1.0,interior_pm1,Rel,29,False,"[6, 29]","[28, 29, 30]",[28],"[29, 30]",17,False,60.660000000000004,59.75882352941176,0.901176470588247,False
mmke-entity,minigpt-4-vicuna-7b,available_train,model_pred,636,1.0,interior_pm1,T-Gen,29,False,"[6, 29]","[28, 29, 30]",[28],"[29, 30]",17,False,60.69,59.73294117647059,0.9570588235294082,False
mmke-entity,minigpt-4-vicuna-7b,available_train,model_pred,636,1.0,interior_pm1,M-Gen,29,False,"[6, 29]","[28, 29, 30]",[28],"[29, 30]",17,False,60.67,59.728235294117646,0.9417647058823562,False
mmke-entity,minigpt-4-vicuna-7b,available_train,model_pred,636,1.0,interior_pm1,T-Loc,29,False,"[6, 29]","[28, 29, 30]",[28],"[29, 30]",17,False,100.0,100.0,0.0,True
mmke-entity,minigpt-4-vicuna-7b,available_train,model_pred,636,1.0,interior_pm1,M-Loc,29,False,"[6, 29]","[28, 29, 30]",[28],"[29, 30]",17,False,98.2,98.31058823529412,-0.11058823529411654,False
mmke-entity,minigpt-4-vicuna-7b,available_train,model_pred,636,1.0,interior_pm1,Average,29,False,"[6, 29]","[28, 29, 30]",[28],"[29, 30]",17,False,76.044,75.50611764705883,0.5378823529411676,False
mmke-entity,llava-v1.5-7b,matched_gradient,none,636,1.0,global_80,Rel,29,False,"[1, 8, 10, 24, 29]","[22, 23, 24, 25, 26, 27, 28, 29, 30, 31]","[22, 23, 24, 26, 27, 28]","[25, 29, 30, 31]",4,False,60.03499999999999,61.1175,-1.0825000000000102,False
mmke-entity,llava-v1.5-7b,matched_gradient,none,636,1.0,global_80,T-Gen,29,False,"[1, 8, 10, 24, 29]","[22, 23, 24, 25, 26, 27, 28, 29, 30, 31]","[22, 23, 24, 26, 27, 28]","[25, 29, 30, 31]",4,False,60.106666666666676,61.2175,-1.110833333333325,False
mmke-entity,llava-v1.5-7b,matched_gradient,none,636,1.0,global_80,M-Gen,29,False,"[1, 8, 10, 24, 29]","[22, 23, 24, 25, 26, 27, 28, 29, 30, 31]","[22, 23, 24, 26, 27, 28]","[25, 29, 30, 31]",4,False,60.03166666666667,61.0875,-1.0558333333333252,False
mmke-entity,llava-v1.5-7b,matched_gradient,none,636,1.0,global_80,T-Loc,29,False,"[1, 8, 10, 24, 29]","[22, 23, 24, 25, 26, 27, 28, 29, 30, 31]","[22, 23, 24, 26, 27, 28]","[25, 29, 30, 31]",4,False,100.0,100.0,0.0,True
mmke-entity,llava-v1.5-7b,matched_gradient,none,636,1.0,global_80,M-Loc,29,False,"[1, 8, 10, 24, 29]","[22, 23, 24, 25, 26, 27, 28, 29, 30, 31]","[22, 23, 24, 26, 27, 28]","[25, 29, 30, 31]",4,False,96.14833333333335,95.8375,0.31083333333334906,True
mmke-entity,llava-v1.5-7b,matched_gradient,none,636,1.0,global_80,Average,29,False,"[1, 8, 10, 24, 29]","[22, 23, 24, 25, 26, 27, 28, 29, 30, 31]","[22, 23, 24, 26, 27, 28]","[25, 29, 30, 31]",4,False,75.26433333333334,75.852,-0.5876666666666637,False
mmke-entity,llava-v1.5-7b,matched_gradient,none,636,1.0,global_90,Rel,29,False,"[1, 8, 10, 24, 29]","[26, 27, 28, 29, 30, 31]","[26, 27, 28]","[29, 30, 31]",7,False,59.81666666666666,60.747142857142855,-0.9304761904761918,False
mmke-entity,llava-v1.5-7b,matched_gradient,none,636,1.0,global_90,T-Gen,29,False,"[1, 8, 10, 24, 29]","[26, 27, 28, 29, 30, 31]","[26, 27, 28]","[29, 30, 31]",7,False,59.89666666666667,60.83142857142856,-0.934761904761892,False
mmke-entity,llava-v1.5-7b,matched_gradient,none,636,1.0,global_90,M-Gen,29,False,"[1, 8, 10, 24, 29]","[26, 27, 28, 29, 30, 31]","[26, 27, 28]","[29, 30, 31]",7,False,59.82333333333333,60.72428571428571,-0.9009523809523827,False
mmke-entity,llava-v1.5-7b,matched_gradient,none,636,1.0,global_90,T-Loc,29,False,"[1, 8, 10, 24, 29]","[26, 27, 28, 29, 30, 31]","[26, 27, 28]","[29, 30, 31]",7,False,100.0,100.0,0.0,True
mmke-entity,llava-v1.5-7b,matched_gradient,none,636,1.0,global_90,M-Loc,29,False,"[1, 8, 10, 24, 29]","[26, 27, 28, 29, 30, 31]","[26, 27, 28]","[29, 30, 31]",7,False,95.52,96.24000000000001,-0.7200000000000131,False
mmke-entity,llava-v1.5-7b,matched_gradient,none,636,1.0,global_90,Average,29,False,"[1, 8, 10, 24, 29]","[26, 27, 28, 29, 30, 31]","[26, 27, 28]","[29, 30, 31]",7,False,75.01133333333333,75.70857142857143,-0.6972380952381059,False
mmke-entity,llava-v1.5-7b,matched_gradient,none,636,1.0,global_95,Rel,29,False,"[1, 8, 10, 24, 29]","[26, 27, 28, 29]","[26, 27, 28]",[29],7,False,59.81666666666666,60.747142857142855,-0.9304761904761918,False
mmke-entity,llava-v1.5-7b,matched_gradient,none,636,1.0,global_95,T-Gen,29,False,"[1, 8, 10, 24, 29]","[26, 27, 28, 29]","[26, 27, 28]",[29],7,False,59.89666666666667,60.83142857142856,-0.934761904761892,False
mmke-entity,llava-v1.5-7b,matched_gradient,none,636,1.0,global_95,M-Gen,29,False,"[1, 8, 10, 24, 29]","[26, 27, 28, 29]","[26, 27, 28]",[29],7,False,59.82333333333333,60.72428571428571,-0.9009523809523827,False
mmke-entity,llava-v1.5-7b,matched_gradient,none,636,1.0,global_95,T-Loc,29,False,"[1, 8, 10, 24, 29]","[26, 27, 28, 29]","[26, 27, 28]",[29],7,False,100.0,100.0,0.0,True
mmke-entity,llava-v1.5-7b,matched_gradient,none,636,1.0,global_95,M-Loc,29,False,"[1, 8, 10, 24, 29]","[26, 27, 28, 29]","[26, 27, 28]",[29],7,False,95.52,96.24000000000001,-0.7200000000000131,False
mmke-entity,llava-v1.5-7b,matched_gradient,none,636,1.0,global_95,Average,29,False,"[1, 8, 10, 24, 29]","[26, 27, 28, 29]","[26, 27, 28]",[29],7,False,75.01133333333333,75.70857142857143,-0.6972380952381059,False
mmke-entity,llava-v1.5-7b,matched_gradient,none,636,1.0,interior_pm1,Rel,29,False,"[1, 8, 10, 24, 29]","[28, 29, 30]",[28],"[29, 30]",9,False,59.47,60.57888888888888,-1.1088888888888846,False
mmke-entity,llava-v1.5-7b,matched_gradient,none,636,1.0,interior_pm1,T-Gen,29,False,"[1, 8, 10, 24, 29]","[28, 29, 30]",[28],"[29, 30]",9,False,59.540000000000006,60.663333333333334,-1.1233333333333277,False
mmke-entity,llava-v1.5-7b,matched_gradient,none,636,1.0,interior_pm1,M-Gen,29,False,"[1, 8, 10, 24, 29]","[28, 29, 30]",[28],"[29, 30]",9,False,59.5,60.559999999999995,-1.0599999999999952,False
mmke-entity,llava-v1.5-7b,matched_gradient,none,636,1.0,interior_pm1,T-Loc,29,False,"[1, 8, 10, 24, 29]","[28, 29, 30]",[28],"[29, 30]",9,False,100.0,100.0,0.0,True
mmke-entity,llava-v1.5-7b,matched_gradient,none,636,1.0,interior_pm1,M-Loc,29,False,"[1, 8, 10, 24, 29]","[28, 29, 30]",[28],"[29, 30]",9,False,95.19999999999999,96.11555555555556,-0.9155555555555708,False
mmke-entity,llava-v1.5-7b,matched_gradient,none,636,1.0,interior_pm1,Average,29,False,"[1, 8, 10, 24, 29]","[28, 29, 30]",[28],"[29, 30]",9,False,74.74199999999999,75.58355555555556,-0.8415555555555727,False
mmke-entity,llava-v1.5-7b,matched_gradient,alt,636,1.0,global_80,Rel,31,True,"[2, 9, 14, 29]",[31],[],[31],10,False,,60.467999999999996,,False
mmke-entity,llava-v1.5-7b,matched_gradient,alt,636,1.0,global_80,T-Gen,31,True,"[2, 9, 14, 29]",[31],[],[31],10,False,,60.551,,False
mmke-entity,llava-v1.5-7b,matched_gradient,alt,636,1.0,global_80,M-Gen,31,True,"[2, 9, 14, 29]",[31],[],[31],10,False,,60.45399999999999,,False
mmke-entity,llava-v1.5-7b,matched_gradient,alt,636,1.0,global_80,T-Loc,31,True,"[2, 9, 14, 29]",[31],[],[31],10,False,,100.0,,False
mmke-entity,llava-v1.5-7b,matched_gradient,alt,636,1.0,global_80,M-Loc,31,True,"[2, 9, 14, 29]",[31],[],[31],10,False,,96.024,,False
mmke-entity,llava-v1.5-7b,matched_gradient,alt,636,1.0,global_80,Average,31,True,"[2, 9, 14, 29]",[31],[],[31],10,False,,75.49940000000001,,False
mmke-entity,llava-v1.5-7b,matched_gradient,alt,636,1.0,global_90,Rel,31,True,"[2, 9, 14, 29]",[31],[],[31],10,False,,60.467999999999996,,False
mmke-entity,llava-v1.5-7b,matched_gradient,alt,636,1.0,global_90,T-Gen,31,True,"[2, 9, 14, 29]",[31],[],[31],10,False,,60.551,,False
mmke-entity,llava-v1.5-7b,matched_gradient,alt,636,1.0,global_90,M-Gen,31,True,"[2, 9, 14, 29]",[31],[],[31],10,False,,60.45399999999999,,False
mmke-entity,llava-v1.5-7b,matched_gradient,alt,636,1.0,global_90,T-Loc,31,True,"[2, 9, 14, 29]",[31],[],[31],10,False,,100.0,,False
mmke-entity,llava-v1.5-7b,matched_gradient,alt,636,1.0,global_90,M-Loc,31,True,"[2, 9, 14, 29]",[31],[],[31],10,False,,96.024,,False
mmke-entity,llava-v1.5-7b,matched_gradient,alt,636,1.0,global_90,Average,31,True,"[2, 9, 14, 29]",[31],[],[31],10,False,,75.49940000000001,,False
mmke-entity,llava-v1.5-7b,matched_gradient,alt,636,1.0,global_95,Rel,31,True,"[2, 9, 14, 29]",[31],[],[31],10,False,,60.467999999999996,,False
mmke-entity,llava-v1.5-7b,matched_gradient,alt,636,1.0,global_95,T-Gen,31,True,"[2, 9, 14, 29]",[31],[],[31],10,False,,60.551,,False
mmke-entity,llava-v1.5-7b,matched_gradient,alt,636,1.0,global_95,M-Gen,31,True,"[2, 9, 14, 29]",[31],[],[31],10,False,,60.45399999999999,,False
mmke-entity,llava-v1.5-7b,matched_gradient,alt,636,1.0,global_95,T-Loc,31,True,"[2, 9, 14, 29]",[31],[],[31],10,False,,100.0,,False
mmke-entity,llava-v1.5-7b,matched_gradient,alt,636,1.0,global_95,M-Loc,31,True,"[2, 9, 14, 29]",[31],[],[31],10,False,,96.024,,False
mmke-entity,llava-v1.5-7b,matched_gradient,alt,636,1.0,global_95,Average,31,True,"[2, 9, 14, 29]",[31],[],[31],10,False,,75.49940000000001,,False
mmke-entity,llava-v1.5-7b,matched_gradient,alt,636,1.0,interior_pm1,Rel,31,True,"[2, 9, 14, 29]","[28, 29, 30]",[28],"[29, 30]",9,False,59.47,60.57888888888888,-1.1088888888888846,False
mmke-entity,llava-v1.5-7b,matched_gradient,alt,636,1.0,interior_pm1,T-Gen,31,True,"[2, 9, 14, 29]","[28, 29, 30]",[28],"[29, 30]",9,False,59.540000000000006,60.663333333333334,-1.1233333333333277,False
mmke-entity,llava-v1.5-7b,matched_gradient,alt,636,1.0,interior_pm1,M-Gen,31,True,"[2, 9, 14, 29]","[28, 29, 30]",[28],"[29, 30]",9,False,59.5,60.559999999999995,-1.0599999999999952,False
mmke-entity,llava-v1.5-7b,matched_gradient,alt,636,1.0,interior_pm1,T-Loc,31,True,"[2, 9, 14, 29]","[28, 29, 30]",[28],"[29, 30]",9,False,100.0,100.0,0.0,True
mmke-entity,llava-v1.5-7b,matched_gradient,alt,636,1.0,interior_pm1,M-Loc,31,True,"[2, 9, 14, 29]","[28, 29, 30]",[28],"[29, 30]",9,False,95.19999999999999,96.11555555555556,-0.9155555555555708,False
mmke-entity,llava-v1.5-7b,matched_gradient,alt,636,1.0,interior_pm1,Average,31,True,"[2, 9, 14, 29]","[28, 29, 30]",[28],"[29, 30]",9,False,74.74199999999999,75.58355555555556,-0.8415555555555727,False
mmke-entity,llava-v1.5-7b,matched_gradient,model_pred,636,1.0,global_80,Rel,31,True,"[2, 8, 24, 29]","[28, 29, 30, 31]",[28],"[29, 30, 31]",9,False,59.47,60.57888888888888,-1.1088888888888846,False
mmke-entity,llava-v1.5-7b,matched_gradient,model_pred,636,1.0,global_80,T-Gen,31,True,"[2, 8, 24, 29]","[28, 29, 30, 31]",[28],"[29, 30, 31]",9,False,59.540000000000006,60.663333333333334,-1.1233333333333277,False
mmke-entity,llava-v1.5-7b,matched_gradient,model_pred,636,1.0,global_80,M-Gen,31,True,"[2, 8, 24, 29]","[28, 29, 30, 31]",[28],"[29, 30, 31]",9,False,59.5,60.559999999999995,-1.0599999999999952,False
mmke-entity,llava-v1.5-7b,matched_gradient,model_pred,636,1.0,global_80,T-Loc,31,True,"[2, 8, 24, 29]","[28, 29, 30, 31]",[28],"[29, 30, 31]",9,False,100.0,100.0,0.0,True
mmke-entity,llava-v1.5-7b,matched_gradient,model_pred,636,1.0,global_80,M-Loc,31,True,"[2, 8, 24, 29]","[28, 29, 30, 31]",[28],"[29, 30, 31]",9,False,95.19999999999999,96.11555555555556,-0.9155555555555708,False
mmke-entity,llava-v1.5-7b,matched_gradient,model_pred,636,1.0,global_80,Average,31,True,"[2, 8, 24, 29]","[28, 29, 30, 31]",[28],"[29, 30, 31]",9,False,74.74199999999999,75.58355555555556,-0.8415555555555727,False
mmke-entity,llava-v1.5-7b,matched_gradient,model_pred,636,1.0,global_90,Rel,31,True,"[2, 8, 24, 29]",[31],[],[31],10,False,,60.467999999999996,,False
mmke-entity,llava-v1.5-7b,matched_gradient,model_pred,636,1.0,global_90,T-Gen,31,True,"[2, 8, 24, 29]",[31],[],[31],10,False,,60.551,,False
mmke-entity,llava-v1.5-7b,matched_gradient,model_pred,636,1.0,global_90,M-Gen,31,True,"[2, 8, 24, 29]",[31],[],[31],10,False,,60.45399999999999,,False
mmke-entity,llava-v1.5-7b,matched_gradient,model_pred,636,1.0,global_90,T-Loc,31,True,"[2, 8, 24, 29]",[31],[],[31],10,False,,100.0,,False
mmke-entity,llava-v1.5-7b,matched_gradient,model_pred,636,1.0,global_90,M-Loc,31,True,"[2, 8, 24, 29]",[31],[],[31],10,False,,96.024,,False
mmke-entity,llava-v1.5-7b,matched_gradient,model_pred,636,1.0,global_90,Average,31,True,"[2, 8, 24, 29]",[31],[],[31],10,False,,75.49940000000001,,False
mmke-entity,llava-v1.5-7b,matched_gradient,model_pred,636,1.0,global_95,Rel,31,True,"[2, 8, 24, 29]",[31],[],[31],10,False,,60.467999999999996,,False
mmke-entity,llava-v1.5-7b,matched_gradient,model_pred,636,1.0,global_95,T-Gen,31,True,"[2, 8, 24, 29]",[31],[],[31],10,False,,60.551,,False
mmke-entity,llava-v1.5-7b,matched_gradient,model_pred,636,1.0,global_95,M-Gen,31,True,"[2, 8, 24, 29]",[31],[],[31],10,False,,60.45399999999999,,False
mmke-entity,llava-v1.5-7b,matched_gradient,model_pred,636,1.0,global_95,T-Loc,31,True,"[2, 8, 24, 29]",[31],[],[31],10,False,,100.0,,False
mmke-entity,llava-v1.5-7b,matched_gradient,model_pred,636,1.0,global_95,M-Loc,31,True,"[2, 8, 24, 29]",[31],[],[31],10,False,,96.024,,False
mmke-entity,llava-v1.5-7b,matched_gradient,model_pred,636,1.0,global_95,Average,31,True,"[2, 8, 24, 29]",[31],[],[31],10,False,,75.49940000000001,,False
mmke-entity,llava-v1.5-7b,matched_gradient,model_pred,636,1.0,interior_pm1,Rel,31,True,"[2, 8, 24, 29]","[28, 29, 30]",[28],"[29, 30]",9,False,59.47,60.57888888888888,-1.1088888888888846,False
mmke-entity,llava-v1.5-7b,matched_gradient,model_pred,636,1.0,interior_pm1,T-Gen,31,True,"[2, 8, 24, 29]","[28, 29, 30]",[28],"[29, 30]",9,False,59.540000000000006,60.663333333333334,-1.1233333333333277,False
mmke-entity,llava-v1.5-7b,matched_gradient,model_pred,636,1.0,interior_pm1,M-Gen,31,True,"[2, 8, 24, 29]","[28, 29, 30]",[28],"[29, 30]",9,False,59.5,60.559999999999995,-1.0599999999999952,False
mmke-entity,llava-v1.5-7b,matched_gradient,model_pred,636,1.0,interior_pm1,T-Loc,31,True,"[2, 8, 24, 29]","[28, 29, 30]",[28],"[29, 30]",9,False,100.0,100.0,0.0,True
mmke-entity,llava-v1.5-7b,matched_gradient,model_pred,636,1.0,interior_pm1,M-Loc,31,True,"[2, 8, 24, 29]","[28, 29, 30]",[28],"[29, 30]",9,False,95.19999999999999,96.11555555555556,-0.9155555555555708,False
mmke-entity,llava-v1.5-7b,matched_gradient,model_pred,636,1.0,interior_pm1,Average,31,True,"[2, 8, 24, 29]","[28, 29, 30]",[28],"[29, 30]",9,False,74.74199999999999,75.58355555555556,-0.8415555555555727,False
mmke-entity,llava-v1.5-7b,available_train,none,636,1.0,global_80,Rel,29,False,"[1, 8, 10, 24, 29]","[22, 23, 24, 25, 26, 27, 28, 29, 30, 31]","[22, 23, 24, 26, 27, 28]","[25, 29, 30, 31]",4,False,60.03499999999999,61.1175,-1.0825000000000102,False
mmke-entity,llava-v1.5-7b,available_train,none,636,1.0,global_80,T-Gen,29,False,"[1, 8, 10, 24, 29]","[22, 23, 24, 25, 26, 27, 28, 29, 30, 31]","[22, 23, 24, 26, 27, 28]","[25, 29, 30, 31]",4,False,60.106666666666676,61.2175,-1.110833333333325,False
mmke-entity,llava-v1.5-7b,available_train,none,636,1.0,global_80,M-Gen,29,False,"[1, 8, 10, 24, 29]","[22, 23, 24, 25, 26, 27, 28, 29, 30, 31]","[22, 23, 24, 26, 27, 28]","[25, 29, 30, 31]",4,False,60.03166666666667,61.0875,-1.0558333333333252,False
mmke-entity,llava-v1.5-7b,available_train,none,636,1.0,global_80,T-Loc,29,False,"[1, 8, 10, 24, 29]","[22, 23, 24, 25, 26, 27, 28, 29, 30, 31]","[22, 23, 24, 26, 27, 28]","[25, 29, 30, 31]",4,False,100.0,100.0,0.0,True
mmke-entity,llava-v1.5-7b,available_train,none,636,1.0,global_80,M-Loc,29,False,"[1, 8, 10, 24, 29]","[22, 23, 24, 25, 26, 27, 28, 29, 30, 31]","[22, 23, 24, 26, 27, 28]","[25, 29, 30, 31]",4,False,96.14833333333335,95.8375,0.31083333333334906,True
mmke-entity,llava-v1.5-7b,available_train,none,636,1.0,global_80,Average,29,False,"[1, 8, 10, 24, 29]","[22, 23, 24, 25, 26, 27, 28, 29, 30, 31]","[22, 23, 24, 26, 27, 28]","[25, 29, 30, 31]",4,False,75.26433333333334,75.852,-0.5876666666666637,False
mmke-entity,llava-v1.5-7b,available_train,none,636,1.0,global_90,Rel,29,False,"[1, 8, 10, 24, 29]","[26, 27, 28, 29, 30, 31]","[26, 27, 28]","[29, 30, 31]",7,False,59.81666666666666,60.747142857142855,-0.9304761904761918,False
mmke-entity,llava-v1.5-7b,available_train,none,636,1.0,global_90,T-Gen,29,False,"[1, 8, 10, 24, 29]","[26, 27, 28, 29, 30, 31]","[26, 27, 28]","[29, 30, 31]",7,False,59.89666666666667,60.83142857142856,-0.934761904761892,False
mmke-entity,llava-v1.5-7b,available_train,none,636,1.0,global_90,M-Gen,29,False,"[1, 8, 10, 24, 29]","[26, 27, 28, 29, 30, 31]","[26, 27, 28]","[29, 30, 31]",7,False,59.82333333333333,60.72428571428571,-0.9009523809523827,False
mmke-entity,llava-v1.5-7b,available_train,none,636,1.0,global_90,T-Loc,29,False,"[1, 8, 10, 24, 29]","[26, 27, 28, 29, 30, 31]","[26, 27, 28]","[29, 30, 31]",7,False,100.0,100.0,0.0,True
mmke-entity,llava-v1.5-7b,available_train,none,636,1.0,global_90,M-Loc,29,False,"[1, 8, 10, 24, 29]","[26, 27, 28, 29, 30, 31]","[26, 27, 28]","[29, 30, 31]",7,False,95.52,96.24000000000001,-0.7200000000000131,False
mmke-entity,llava-v1.5-7b,available_train,none,636,1.0,global_90,Average,29,False,"[1, 8, 10, 24, 29]","[26, 27, 28, 29, 30, 31]","[26, 27, 28]","[29, 30, 31]",7,False,75.01133333333333,75.70857142857143,-0.6972380952381059,False
mmke-entity,llava-v1.5-7b,available_train,none,636,1.0,global_95,Rel,29,False,"[1, 8, 10, 24, 29]","[26, 27, 28, 29]","[26, 27, 28]",[29],7,False,59.81666666666666,60.747142857142855,-0.9304761904761918,False
mmke-entity,llava-v1.5-7b,available_train,none,636,1.0,global_95,T-Gen,29,False,"[1, 8, 10, 24, 29]","[26, 27, 28, 29]","[26, 27, 28]",[29],7,False,59.89666666666667,60.83142857142856,-0.934761904761892,False
mmke-entity,llava-v1.5-7b,available_train,none,636,1.0,global_95,M-Gen,29,False,"[1, 8, 10, 24, 29]","[26, 27, 28, 29]","[26, 27, 28]",[29],7,False,59.82333333333333,60.72428571428571,-0.9009523809523827,False
mmke-entity,llava-v1.5-7b,available_train,none,636,1.0,global_95,T-Loc,29,False,"[1, 8, 10, 24, 29]","[26, 27, 28, 29]","[26, 27, 28]",[29],7,False,100.0,100.0,0.0,True
mmke-entity,llava-v1.5-7b,available_train,none,636,1.0,global_95,M-Loc,29,False,"[1, 8, 10, 24, 29]","[26, 27, 28, 29]","[26, 27, 28]",[29],7,False,95.52,96.24000000000001,-0.7200000000000131,False
mmke-entity,llava-v1.5-7b,available_train,none,636,1.0,global_95,Average,29,False,"[1, 8, 10, 24, 29]","[26, 27, 28, 29]","[26, 27, 28]",[29],7,False,75.01133333333333,75.70857142857143,-0.6972380952381059,False
mmke-entity,llava-v1.5-7b,available_train,none,636,1.0,interior_pm1,Rel,29,False,"[1, 8, 10, 24, 29]","[28, 29, 30]",[28],"[29, 30]",9,False,59.47,60.57888888888888,-1.1088888888888846,False
mmke-entity,llava-v1.5-7b,available_train,none,636,1.0,interior_pm1,T-Gen,29,False,"[1, 8, 10, 24, 29]","[28, 29, 30]",[28],"[29, 30]",9,False,59.540000000000006,60.663333333333334,-1.1233333333333277,False
mmke-entity,llava-v1.5-7b,available_train,none,636,1.0,interior_pm1,M-Gen,29,False,"[1, 8, 10, 24, 29]","[28, 29, 30]",[28],"[29, 30]",9,False,59.5,60.559999999999995,-1.0599999999999952,False
mmke-entity,llava-v1.5-7b,available_train,none,636,1.0,interior_pm1,T-Loc,29,False,"[1, 8, 10, 24, 29]","[28, 29, 30]",[28],"[29, 30]",9,False,100.0,100.0,0.0,True
mmke-entity,llava-v1.5-7b,available_train,none,636,1.0,interior_pm1,M-Loc,29,False,"[1, 8, 10, 24, 29]","[28, 29, 30]",[28],"[29, 30]",9,False,95.19999999999999,96.11555555555556,-0.9155555555555708,False
mmke-entity,llava-v1.5-7b,available_train,none,636,1.0,interior_pm1,Average,29,False,"[1, 8, 10, 24, 29]","[28, 29, 30]",[28],"[29, 30]",9,False,74.74199999999999,75.58355555555556,-0.8415555555555727,False
mmke-entity,llava-v1.5-7b,available_train,alt,636,1.0,global_80,Rel,31,True,"[2, 9, 14, 29]",[31],[],[31],10,False,,60.467999999999996,,False
mmke-entity,llava-v1.5-7b,available_train,alt,636,1.0,global_80,T-Gen,31,True,"[2, 9, 14, 29]",[31],[],[31],10,False,,60.551,,False
mmke-entity,llava-v1.5-7b,available_train,alt,636,1.0,global_80,M-Gen,31,True,"[2, 9, 14, 29]",[31],[],[31],10,False,,60.45399999999999,,False
mmke-entity,llava-v1.5-7b,available_train,alt,636,1.0,global_80,T-Loc,31,True,"[2, 9, 14, 29]",[31],[],[31],10,False,,100.0,,False
mmke-entity,llava-v1.5-7b,available_train,alt,636,1.0,global_80,M-Loc,31,True,"[2, 9, 14, 29]",[31],[],[31],10,False,,96.024,,False
mmke-entity,llava-v1.5-7b,available_train,alt,636,1.0,global_80,Average,31,True,"[2, 9, 14, 29]",[31],[],[31],10,False,,75.49940000000001,,False
mmke-entity,llava-v1.5-7b,available_train,alt,636,1.0,global_90,Rel,31,True,"[2, 9, 14, 29]",[31],[],[31],10,False,,60.467999999999996,,False
mmke-entity,llava-v1.5-7b,available_train,alt,636,1.0,global_90,T-Gen,31,True,"[2, 9, 14, 29]",[31],[],[31],10,False,,60.551,,False
mmke-entity,llava-v1.5-7b,available_train,alt,636,1.0,global_90,M-Gen,31,True,"[2, 9, 14, 29]",[31],[],[31],10,False,,60.45399999999999,,False
mmke-entity,llava-v1.5-7b,available_train,alt,636,1.0,global_90,T-Loc,31,True,"[2, 9, 14, 29]",[31],[],[31],10,False,,100.0,,False
mmke-entity,llava-v1.5-7b,available_train,alt,636,1.0,global_90,M-Loc,31,True,"[2, 9, 14, 29]",[31],[],[31],10,False,,96.024,,False
mmke-entity,llava-v1.5-7b,available_train,alt,636,1.0,global_90,Average,31,True,"[2, 9, 14, 29]",[31],[],[31],10,False,,75.49940000000001,,False
mmke-entity,llava-v1.5-7b,available_train,alt,636,1.0,global_95,Rel,31,True,"[2, 9, 14, 29]",[31],[],[31],10,False,,60.467999999999996,,False
mmke-entity,llava-v1.5-7b,available_train,alt,636,1.0,global_95,T-Gen,31,True,"[2, 9, 14, 29]",[31],[],[31],10,False,,60.551,,False
mmke-entity,llava-v1.5-7b,available_train,alt,636,1.0,global_95,M-Gen,31,True,"[2, 9, 14, 29]",[31],[],[31],10,False,,60.45399999999999,,False
mmke-entity,llava-v1.5-7b,available_train,alt,636,1.0,global_95,T-Loc,31,True,"[2, 9, 14, 29]",[31],[],[31],10,False,,100.0,,False
mmke-entity,llava-v1.5-7b,available_train,alt,636,1.0,global_95,M-Loc,31,True,"[2, 9, 14, 29]",[31],[],[31],10,False,,96.024,,False
mmke-entity,llava-v1.5-7b,available_train,alt,636,1.0,global_95,Average,31,True,"[2, 9, 14, 29]",[31],[],[31],10,False,,75.49940000000001,,False
mmke-entity,llava-v1.5-7b,available_train,alt,636,1.0,interior_pm1,Rel,31,True,"[2, 9, 14, 29]","[28, 29, 30]",[28],"[29, 30]",9,False,59.47,60.57888888888888,-1.1088888888888846,False
mmke-entity,llava-v1.5-7b,available_train,alt,636,1.0,interior_pm1,T-Gen,31,True,"[2, 9, 14, 29]","[28, 29, 30]",[28],"[29, 30]",9,False,59.540000000000006,60.663333333333334,-1.1233333333333277,False
mmke-entity,llava-v1.5-7b,available_train,alt,636,1.0,interior_pm1,M-Gen,31,True,"[2, 9, 14, 29]","[28, 29, 30]",[28],"[29, 30]",9,False,59.5,60.559999999999995,-1.0599999999999952,False
mmke-entity,llava-v1.5-7b,available_train,alt,636,1.0,interior_pm1,T-Loc,31,True,"[2, 9, 14, 29]","[28, 29, 30]",[28],"[29, 30]",9,False,100.0,100.0,0.0,True
mmke-entity,llava-v1.5-7b,available_train,alt,636,1.0,interior_pm1,M-Loc,31,True,"[2, 9, 14, 29]","[28, 29, 30]",[28],"[29, 30]",9,False,95.19999999999999,96.11555555555556,-0.9155555555555708,False
mmke-entity,llava-v1.5-7b,available_train,alt,636,1.0,interior_pm1,Average,31,True,"[2, 9, 14, 29]","[28, 29, 30]",[28],"[29, 30]",9,False,74.74199999999999,75.58355555555556,-0.8415555555555727,False
mmke-entity,llava-v1.5-7b,available_train,model_pred,636,1.0,global_80,Rel,31,True,"[2, 8, 24, 29]","[28, 29, 30, 31]",[28],"[29, 30, 31]",9,False,59.47,60.57888888888888,-1.1088888888888846,False
mmke-entity,llava-v1.5-7b,available_train,model_pred,636,1.0,global_80,T-Gen,31,True,"[2, 8, 24, 29]","[28, 29, 30, 31]",[28],"[29, 30, 31]",9,False,59.540000000000006,60.663333333333334,-1.1233333333333277,False
mmke-entity,llava-v1.5-7b,available_train,model_pred,636,1.0,global_80,M-Gen,31,True,"[2, 8, 24, 29]","[28, 29, 30, 31]",[28],"[29, 30, 31]",9,False,59.5,60.559999999999995,-1.0599999999999952,False
mmke-entity,llava-v1.5-7b,available_train,model_pred,636,1.0,global_80,T-Loc,31,True,"[2, 8, 24, 29]","[28, 29, 30, 31]",[28],"[29, 30, 31]",9,False,100.0,100.0,0.0,True
mmke-entity,llava-v1.5-7b,available_train,model_pred,636,1.0,global_80,M-Loc,31,True,"[2, 8, 24, 29]","[28, 29, 30, 31]",[28],"[29, 30, 31]",9,False,95.19999999999999,96.11555555555556,-0.9155555555555708,False
mmke-entity,llava-v1.5-7b,available_train,model_pred,636,1.0,global_80,Average,31,True,"[2, 8, 24, 29]","[28, 29, 30, 31]",[28],"[29, 30, 31]",9,False,74.74199999999999,75.58355555555556,-0.8415555555555727,False
mmke-entity,llava-v1.5-7b,available_train,model_pred,636,1.0,global_90,Rel,31,True,"[2, 8, 24, 29]",[31],[],[31],10,False,,60.467999999999996,,False
mmke-entity,llava-v1.5-7b,available_train,model_pred,636,1.0,global_90,T-Gen,31,True,"[2, 8, 24, 29]",[31],[],[31],10,False,,60.551,,False
mmke-entity,llava-v1.5-7b,available_train,model_pred,636,1.0,global_90,M-Gen,31,True,"[2, 8, 24, 29]",[31],[],[31],10,False,,60.45399999999999,,False
mmke-entity,llava-v1.5-7b,available_train,model_pred,636,1.0,global_90,T-Loc,31,True,"[2, 8, 24, 29]",[31],[],[31],10,False,,100.0,,False
mmke-entity,llava-v1.5-7b,available_train,model_pred,636,1.0,global_90,M-Loc,31,True,"[2, 8, 24, 29]",[31],[],[31],10,False,,96.024,,False
mmke-entity,llava-v1.5-7b,available_train,model_pred,636,1.0,global_90,Average,31,True,"[2, 8, 24, 29]",[31],[],[31],10,False,,75.49940000000001,,False
mmke-entity,llava-v1.5-7b,available_train,model_pred,636,1.0,global_95,Rel,31,True,"[2, 8, 24, 29]",[31],[],[31],10,False,,60.467999999999996,,False
mmke-entity,llava-v1.5-7b,available_train,model_pred,636,1.0,global_95,T-Gen,31,True,"[2, 8, 24, 29]",[31],[],[31],10,False,,60.551,,False
mmke-entity,llava-v1.5-7b,available_train,model_pred,636,1.0,global_95,M-Gen,31,True,"[2, 8, 24, 29]",[31],[],[31],10,False,,60.45399999999999,,False
mmke-entity,llava-v1.5-7b,available_train,model_pred,636,1.0,global_95,T-Loc,31,True,"[2, 8, 24, 29]",[31],[],[31],10,False,,100.0,,False
mmke-entity,llava-v1.5-7b,available_train,model_pred,636,1.0,global_95,M-Loc,31,True,"[2, 8, 24, 29]",[31],[],[31],10,False,,96.024,,False
mmke-entity,llava-v1.5-7b,available_train,model_pred,636,1.0,global_95,Average,31,True,"[2, 8, 24, 29]",[31],[],[31],10,False,,75.49940000000001,,False
mmke-entity,llava-v1.5-7b,available_train,model_pred,636,1.0,interior_pm1,Rel,31,True,"[2, 8, 24, 29]","[28, 29, 30]",[28],"[29, 30]",9,False,59.47,60.57888888888888,-1.1088888888888846,False
mmke-entity,llava-v1.5-7b,available_train,model_pred,636,1.0,interior_pm1,T-Gen,31,True,"[2, 8, 24, 29]","[28, 29, 30]",[28],"[29, 30]",9,False,59.540000000000006,60.663333333333334,-1.1233333333333277,False
mmke-entity,llava-v1.5-7b,available_train,model_pred,636,1.0,interior_pm1,M-Gen,31,True,"[2, 8, 24, 29]","[28, 29, 30]",[28],"[29, 30]",9,False,59.5,60.559999999999995,-1.0599999999999952,False
mmke-entity,llava-v1.5-7b,available_train,model_pred,636,1.0,interior_pm1,T-Loc,31,True,"[2, 8, 24, 29]","[28, 29, 30]",[28],"[29, 30]",9,False,100.0,100.0,0.0,True
mmke-entity,llava-v1.5-7b,available_train,model_pred,636,1.0,interior_pm1,M-Loc,31,True,"[2, 8, 24, 29]","[28, 29, 30]",[28],"[29, 30]",9,False,95.19999999999999,96.11555555555556,-0.9155555555555708,False
mmke-entity,llava-v1.5-7b,available_train,model_pred,636,1.0,interior_pm1,Average,31,True,"[2, 8, 24, 29]","[28, 29, 30]",[28],"[29, 30]",9,False,74.74199999999999,75.58355555555556,-0.8415555555555727,False
mmke-entity,qwen2.5-vl-3b,matched_gradient,none,636,1.0,global_80,Rel,34,False,"[1, 12, 21, 23, 28, 31, 34]","[27, 28, 29, 30, 31, 32, 33, 34]","[27, 28, 29, 30]","[31, 32, 33, 34]",17,False,55.095,53.84470588235293,1.2502941176470657,True
mmke-entity,qwen2.5-vl-3b,matched_gradient,none,636,1.0,global_80,T-Gen,34,False,"[1, 12, 21, 23, 28, 31, 34]","[27, 28, 29, 30, 31, 32, 33, 34]","[27, 28, 29, 30]","[31, 32, 33, 34]",17,False,54.89,53.70705882352941,1.1829411764705924,True
mmke-entity,qwen2.5-vl-3b,matched_gradient,none,636,1.0,global_80,M-Gen,34,False,"[1, 12, 21, 23, 28, 31, 34]","[27, 28, 29, 30, 31, 32, 33, 34]","[27, 28, 29, 30]","[31, 32, 33, 34]",17,False,55.177499999999995,53.86823529411765,1.3092647058823417,True
mmke-entity,qwen2.5-vl-3b,matched_gradient,none,636,1.0,global_80,T-Loc,34,False,"[1, 12, 21, 23, 28, 31, 34]","[27, 28, 29, 30, 31, 32, 33, 34]","[27, 28, 29, 30]","[31, 32, 33, 34]",17,False,100.0,100.0,0.0,True
mmke-entity,qwen2.5-vl-3b,matched_gradient,none,636,1.0,global_80,M-Loc,34,False,"[1, 12, 21, 23, 28, 31, 34]","[27, 28, 29, 30, 31, 32, 33, 34]","[27, 28, 29, 30]","[31, 32, 33, 34]",17,False,95.1125,96.44529411764705,-1.3327941176470546,False
mmke-entity,qwen2.5-vl-3b,matched_gradient,none,636,1.0,global_80,Average,34,False,"[1, 12, 21, 23, 28, 31, 34]","[27, 28, 29, 30, 31, 32, 33, 34]","[27, 28, 29, 30]","[31, 32, 33, 34]",17,False,72.055,71.574,0.48100000000000875,False
mmke-entity,qwen2.5-vl-3b,matched_gradient,none,636,1.0,global_90,Rel,34,False,"[1, 12, 21, 23, 28, 31, 34]","[30, 31, 32, 33, 34]",[30],"[31, 32, 33, 34]",20,False,55.97,53.98849999999999,1.9815000000000111,True
mmke-entity,qwen2.5-vl-3b,matched_gradient,none,636,1.0,global_90,T-Gen,34,False,"[1, 12, 21, 23, 28, 31, 34]","[30, 31, 32, 33, 34]",[30],"[31, 32, 33, 34]",20,False,55.74,53.842,1.8980000000000032,True
mmke-entity,qwen2.5-vl-3b,matched_gradient,none,636,1.0,global_90,M-Gen,34,False,"[1, 12, 21, 23, 28, 31, 34]","[30, 31, 32, 33, 34]",[30],"[31, 32, 33, 34]",20,False,55.92,54.02750000000001,1.8924999999999912,True
mmke-entity,qwen2.5-vl-3b,matched_gradient,none,636,1.0,global_90,T-Loc,34,False,"[1, 12, 21, 23, 28, 31, 34]","[30, 31, 32, 33, 34]",[30],"[31, 32, 33, 34]",20,False,100.0,100.0,0.0,True
mmke-entity,qwen2.5-vl-3b,matched_gradient,none,636,1.0,global_90,M-Loc,34,False,"[1, 12, 21, 23, 28, 31, 34]","[30, 31, 32, 33, 34]",[30],"[31, 32, 33, 34]",20,False,94.42,96.28,-1.8599999999999994,False
mmke-entity,qwen2.5-vl-3b,matched_gradient,none,636,1.0,global_90,Average,34,False,"[1, 12, 21, 23, 28, 31, 34]","[30, 31, 32, 33, 34]",[30],"[31, 32, 33, 34]",20,False,72.41,71.6284,0.7815999999999974,False
mmke-entity,qwen2.5-vl-3b,matched_gradient,none,636,1.0,global_95,Rel,34,False,"[1, 12, 21, 23, 28, 31, 34]","[31, 32, 33, 34]",[],"[31, 32, 33, 34]",21,False,,54.08285714285713,,False
mmke-entity,qwen2.5-vl-3b,matched_gradient,none,636,1.0,global_95,T-Gen,34,False,"[1, 12, 21, 23, 28, 31, 34]","[31, 32, 33, 34]",[],"[31, 32, 33, 34]",21,False,,53.932380952380946,,False
mmke-entity,qwen2.5-vl-3b,matched_gradient,none,636,1.0,global_95,M-Gen,34,False,"[1, 12, 21, 23, 28, 31, 34]","[31, 32, 33, 34]",[],"[31, 32, 33, 34]",21,False,,54.11761904761906,,False
mmke-entity,qwen2.5-vl-3b,matched_gradient,none,636,1.0,global_95,T-Loc,34,False,"[1, 12, 21, 23, 28, 31, 34]","[31, 32, 33, 34]",[],"[31, 32, 33, 34]",21,False,,100.0,,False
mmke-entity,qwen2.5-vl-3b,matched_gradient,none,636,1.0,global_95,M-Loc,34,False,"[1, 12, 21, 23, 28, 31, 34]","[31, 32, 33, 34]",[],"[31, 32, 33, 34]",21,False,,96.19142857142857,,False
mmke-entity,qwen2.5-vl-3b,matched_gradient,none,636,1.0,global_95,Average,34,False,"[1, 12, 21, 23, 28, 31, 34]","[31, 32, 33, 34]",[],"[31, 32, 33, 34]",21,False,,71.66561904761905,,False
mmke-entity,qwen2.5-vl-3b,matched_gradient,none,636,1.0,interior_pm1,Rel,34,False,"[1, 12, 21, 23, 28, 31, 34]","[33, 34, 35]",[],"[33, 34, 35]",21,False,,54.08285714285713,,False
mmke-entity,qwen2.5-vl-3b,matched_gradient,none,636,1.0,interior_pm1,T-Gen,34,False,"[1, 12, 21, 23, 28, 31, 34]","[33, 34, 35]",[],"[33, 34, 35]",21,False,,53.932380952380946,,False
mmke-entity,qwen2.5-vl-3b,matched_gradient,none,636,1.0,interior_pm1,M-Gen,34,False,"[1, 12, 21, 23, 28, 31, 34]","[33, 34, 35]",[],"[33, 34, 35]",21,False,,54.11761904761906,,False
mmke-entity,qwen2.5-vl-3b,matched_gradient,none,636,1.0,interior_pm1,T-Loc,34,False,"[1, 12, 21, 23, 28, 31, 34]","[33, 34, 35]",[],"[33, 34, 35]",21,False,,100.0,,False
mmke-entity,qwen2.5-vl-3b,matched_gradient,none,636,1.0,interior_pm1,M-Loc,34,False,"[1, 12, 21, 23, 28, 31, 34]","[33, 34, 35]",[],"[33, 34, 35]",21,False,,96.19142857142857,,False
mmke-entity,qwen2.5-vl-3b,matched_gradient,none,636,1.0,interior_pm1,Average,34,False,"[1, 12, 21, 23, 28, 31, 34]","[33, 34, 35]",[],"[33, 34, 35]",21,False,,71.66561904761905,,False
mmke-entity,qwen2.5-vl-3b,matched_gradient,alt,636,1.0,global_80,Rel,34,False,"[1, 7, 13, 21, 23, 34]","[31, 32, 33, 34]",[],"[31, 32, 33, 34]",21,False,,54.08285714285713,,False
mmke-entity,qwen2.5-vl-3b,matched_gradient,alt,636,1.0,global_80,T-Gen,34,False,"[1, 7, 13, 21, 23, 34]","[31, 32, 33, 34]",[],"[31, 32, 33, 34]",21,False,,53.932380952380946,,False
mmke-entity,qwen2.5-vl-3b,matched_gradient,alt,636,1.0,global_80,M-Gen,34,False,"[1, 7, 13, 21, 23, 34]","[31, 32, 33, 34]",[],"[31, 32, 33, 34]",21,False,,54.11761904761906,,False
mmke-entity,qwen2.5-vl-3b,matched_gradient,alt,636,1.0,global_80,T-Loc,34,False,"[1, 7, 13, 21, 23, 34]","[31, 32, 33, 34]",[],"[31, 32, 33, 34]",21,False,,100.0,,False
mmke-entity,qwen2.5-vl-3b,matched_gradient,alt,636,1.0,global_80,M-Loc,34,False,"[1, 7, 13, 21, 23, 34]","[31, 32, 33, 34]",[],"[31, 32, 33, 34]",21,False,,96.19142857142857,,False
mmke-entity,qwen2.5-vl-3b,matched_gradient,alt,636,1.0,global_80,Average,34,False,"[1, 7, 13, 21, 23, 34]","[31, 32, 33, 34]",[],"[31, 32, 33, 34]",21,False,,71.66561904761905,,False
mmke-entity,qwen2.5-vl-3b,matched_gradient,alt,636,1.0,global_90,Rel,34,False,"[1, 7, 13, 21, 23, 34]","[33, 34]",[],"[33, 34]",21,False,,54.08285714285713,,False
mmke-entity,qwen2.5-vl-3b,matched_gradient,alt,636,1.0,global_90,T-Gen,34,False,"[1, 7, 13, 21, 23, 34]","[33, 34]",[],"[33, 34]",21,False,,53.932380952380946,,False
mmke-entity,qwen2.5-vl-3b,matched_gradient,alt,636,1.0,global_90,M-Gen,34,False,"[1, 7, 13, 21, 23, 34]","[33, 34]",[],"[33, 34]",21,False,,54.11761904761906,,False
mmke-entity,qwen2.5-vl-3b,matched_gradient,alt,636,1.0,global_90,T-Loc,34,False,"[1, 7, 13, 21, 23, 34]","[33, 34]",[],"[33, 34]",21,False,,100.0,,False
mmke-entity,qwen2.5-vl-3b,matched_gradient,alt,636,1.0,global_90,M-Loc,34,False,"[1, 7, 13, 21, 23, 34]","[33, 34]",[],"[33, 34]",21,False,,96.19142857142857,,False
mmke-entity,qwen2.5-vl-3b,matched_gradient,alt,636,1.0,global_90,Average,34,False,"[1, 7, 13, 21, 23, 34]","[33, 34]",[],"[33, 34]",21,False,,71.66561904761905,,False
mmke-entity,qwen2.5-vl-3b,matched_gradient,alt,636,1.0,global_95,Rel,34,False,"[1, 7, 13, 21, 23, 34]",[34],[],[34],21,False,,54.08285714285713,,False
mmke-entity,qwen2.5-vl-3b,matched_gradient,alt,636,1.0,global_95,T-Gen,34,False,"[1, 7, 13, 21, 23, 34]",[34],[],[34],21,False,,53.932380952380946,,False
mmke-entity,qwen2.5-vl-3b,matched_gradient,alt,636,1.0,global_95,M-Gen,34,False,"[1, 7, 13, 21, 23, 34]",[34],[],[34],21,False,,54.11761904761906,,False
mmke-entity,qwen2.5-vl-3b,matched_gradient,alt,636,1.0,global_95,T-Loc,34,False,"[1, 7, 13, 21, 23, 34]",[34],[],[34],21,False,,100.0,,False
mmke-entity,qwen2.5-vl-3b,matched_gradient,alt,636,1.0,global_95,M-Loc,34,False,"[1, 7, 13, 21, 23, 34]",[34],[],[34],21,False,,96.19142857142857,,False
mmke-entity,qwen2.5-vl-3b,matched_gradient,alt,636,1.0,global_95,Average,34,False,"[1, 7, 13, 21, 23, 34]",[34],[],[34],21,False,,71.66561904761905,,False
mmke-entity,qwen2.5-vl-3b,matched_gradient,alt,636,1.0,interior_pm1,Rel,34,False,"[1, 7, 13, 21, 23, 34]","[33, 34, 35]",[],"[33, 34, 35]",21,False,,54.08285714285713,,False
mmke-entity,qwen2.5-vl-3b,matched_gradient,alt,636,1.0,interior_pm1,T-Gen,34,False,"[1, 7, 13, 21, 23, 34]","[33, 34, 35]",[],"[33, 34, 35]",21,False,,53.932380952380946,,False
mmke-entity,qwen2.5-vl-3b,matched_gradient,alt,636,1.0,interior_pm1,M-Gen,34,False,"[1, 7, 13, 21, 23, 34]","[33, 34, 35]",[],"[33, 34, 35]",21,False,,54.11761904761906,,False
mmke-entity,qwen2.5-vl-3b,matched_gradient,alt,636,1.0,interior_pm1,T-Loc,34,False,"[1, 7, 13, 21, 23, 34]","[33, 34, 35]",[],"[33, 34, 35]",21,False,,100.0,,False
mmke-entity,qwen2.5-vl-3b,matched_gradient,alt,636,1.0,interior_pm1,M-Loc,34,False,"[1, 7, 13, 21, 23, 34]","[33, 34, 35]",[],"[33, 34, 35]",21,False,,96.19142857142857,,False
mmke-entity,qwen2.5-vl-3b,matched_gradient,alt,636,1.0,interior_pm1,Average,34,False,"[1, 7, 13, 21, 23, 34]","[33, 34, 35]",[],"[33, 34, 35]",21,False,,71.66561904761905,,False
mmke-entity,qwen2.5-vl-3b,matched_gradient,model_pred,636,1.0,global_80,Rel,34,False,"[1, 13, 21, 23, 34]","[30, 31, 32, 33, 34]",[30],"[31, 32, 33, 34]",20,False,55.97,53.98849999999999,1.9815000000000111,True
mmke-entity,qwen2.5-vl-3b,matched_gradient,model_pred,636,1.0,global_80,T-Gen,34,False,"[1, 13, 21, 23, 34]","[30, 31, 32, 33, 34]",[30],"[31, 32, 33, 34]",20,False,55.74,53.842,1.8980000000000032,True
mmke-entity,qwen2.5-vl-3b,matched_gradient,model_pred,636,1.0,global_80,M-Gen,34,False,"[1, 13, 21, 23, 34]","[30, 31, 32, 33, 34]",[30],"[31, 32, 33, 34]",20,False,55.92,54.02750000000001,1.8924999999999912,True
mmke-entity,qwen2.5-vl-3b,matched_gradient,model_pred,636,1.0,global_80,T-Loc,34,False,"[1, 13, 21, 23, 34]","[30, 31, 32, 33, 34]",[30],"[31, 32, 33, 34]",20,False,100.0,100.0,0.0,True
mmke-entity,qwen2.5-vl-3b,matched_gradient,model_pred,636,1.0,global_80,M-Loc,34,False,"[1, 13, 21, 23, 34]","[30, 31, 32, 33, 34]",[30],"[31, 32, 33, 34]",20,False,94.42,96.28,-1.8599999999999994,False
mmke-entity,qwen2.5-vl-3b,matched_gradient,model_pred,636,1.0,global_80,Average,34,False,"[1, 13, 21, 23, 34]","[30, 31, 32, 33, 34]",[30],"[31, 32, 33, 34]",20,False,72.41,71.6284,0.7815999999999974,False
mmke-entity,qwen2.5-vl-3b,matched_gradient,model_pred,636,1.0,global_90,Rel,34,False,"[1, 13, 21, 23, 34]","[33, 34]",[],"[33, 34]",21,False,,54.08285714285713,,False
mmke-entity,qwen2.5-vl-3b,matched_gradient,model_pred,636,1.0,global_90,T-Gen,34,False,"[1, 13, 21, 23, 34]","[33, 34]",[],"[33, 34]",21,False,,53.932380952380946,,False
mmke-entity,qwen2.5-vl-3b,matched_gradient,model_pred,636,1.0,global_90,M-Gen,34,False,"[1, 13, 21, 23, 34]","[33, 34]",[],"[33, 34]",21,False,,54.11761904761906,,False
mmke-entity,qwen2.5-vl-3b,matched_gradient,model_pred,636,1.0,global_90,T-Loc,34,False,"[1, 13, 21, 23, 34]","[33, 34]",[],"[33, 34]",21,False,,100.0,,False
mmke-entity,qwen2.5-vl-3b,matched_gradient,model_pred,636,1.0,global_90,M-Loc,34,False,"[1, 13, 21, 23, 34]","[33, 34]",[],"[33, 34]",21,False,,96.19142857142857,,False
mmke-entity,qwen2.5-vl-3b,matched_gradient,model_pred,636,1.0,global_90,Average,34,False,"[1, 13, 21, 23, 34]","[33, 34]",[],"[33, 34]",21,False,,71.66561904761905,,False
mmke-entity,qwen2.5-vl-3b,matched_gradient,model_pred,636,1.0,global_95,Rel,34,False,"[1, 13, 21, 23, 34]",[34],[],[34],21,False,,54.08285714285713,,False
mmke-entity,qwen2.5-vl-3b,matched_gradient,model_pred,636,1.0,global_95,T-Gen,34,False,"[1, 13, 21, 23, 34]",[34],[],[34],21,False,,53.932380952380946,,False
mmke-entity,qwen2.5-vl-3b,matched_gradient,model_pred,636,1.0,global_95,M-Gen,34,False,"[1, 13, 21, 23, 34]",[34],[],[34],21,False,,54.11761904761906,,False
mmke-entity,qwen2.5-vl-3b,matched_gradient,model_pred,636,1.0,global_95,T-Loc,34,False,"[1, 13, 21, 23, 34]",[34],[],[34],21,False,,100.0,,False
mmke-entity,qwen2.5-vl-3b,matched_gradient,model_pred,636,1.0,global_95,M-Loc,34,False,"[1, 13, 21, 23, 34]",[34],[],[34],21,False,,96.19142857142857,,False
mmke-entity,qwen2.5-vl-3b,matched_gradient,model_pred,636,1.0,global_95,Average,34,False,"[1, 13, 21, 23, 34]",[34],[],[34],21,False,,71.66561904761905,,False
mmke-entity,qwen2.5-vl-3b,matched_gradient,model_pred,636,1.0,interior_pm1,Rel,34,False,"[1, 13, 21, 23, 34]","[33, 34, 35]",[],"[33, 34, 35]",21,False,,54.08285714285713,,False
mmke-entity,qwen2.5-vl-3b,matched_gradient,model_pred,636,1.0,interior_pm1,T-Gen,34,False,"[1, 13, 21, 23, 34]","[33, 34, 35]",[],"[33, 34, 35]",21,False,,53.932380952380946,,False
mmke-entity,qwen2.5-vl-3b,matched_gradient,model_pred,636,1.0,interior_pm1,M-Gen,34,False,"[1, 13, 21, 23, 34]","[33, 34, 35]",[],"[33, 34, 35]",21,False,,54.11761904761906,,False
mmke-entity,qwen2.5-vl-3b,matched_gradient,model_pred,636,1.0,interior_pm1,T-Loc,34,False,"[1, 13, 21, 23, 34]","[33, 34, 35]",[],"[33, 34, 35]",21,False,,100.0,,False
mmke-entity,qwen2.5-vl-3b,matched_gradient,model_pred,636,1.0,interior_pm1,M-Loc,34,False,"[1, 13, 21, 23, 34]","[33, 34, 35]",[],"[33, 34, 35]",21,False,,96.19142857142857,,False
mmke-entity,qwen2.5-vl-3b,matched_gradient,model_pred,636,1.0,interior_pm1,Average,34,False,"[1, 13, 21, 23, 34]","[33, 34, 35]",[],"[33, 34, 35]",21,False,,71.66561904761905,,False
mmke-entity,qwen2.5-vl-3b,available_train,none,636,1.0,global_80,Rel,34,False,"[1, 12, 21, 23, 28, 31, 34]","[27, 28, 29, 30, 31, 32, 33, 34]","[27, 28, 29, 30]","[31, 32, 33, 34]",17,False,55.095,53.84470588235293,1.2502941176470657,True
mmke-entity,qwen2.5-vl-3b,available_train,none,636,1.0,global_80,T-Gen,34,False,"[1, 12, 21, 23, 28, 31, 34]","[27, 28, 29, 30, 31, 32, 33, 34]","[27, 28, 29, 30]","[31, 32, 33, 34]",17,False,54.89,53.70705882352941,1.1829411764705924,True
mmke-entity,qwen2.5-vl-3b,available_train,none,636,1.0,global_80,M-Gen,34,False,"[1, 12, 21, 23, 28, 31, 34]","[27, 28, 29, 30, 31, 32, 33, 34]","[27, 28, 29, 30]","[31, 32, 33, 34]",17,False,55.177499999999995,53.86823529411765,1.3092647058823417,True
mmke-entity,qwen2.5-vl-3b,available_train,none,636,1.0,global_80,T-Loc,34,False,"[1, 12, 21, 23, 28, 31, 34]","[27, 28, 29, 30, 31, 32, 33, 34]","[27, 28, 29, 30]","[31, 32, 33, 34]",17,False,100.0,100.0,0.0,True
mmke-entity,qwen2.5-vl-3b,available_train,none,636,1.0,global_80,M-Loc,34,False,"[1, 12, 21, 23, 28, 31, 34]","[27, 28, 29, 30, 31, 32, 33, 34]","[27, 28, 29, 30]","[31, 32, 33, 34]",17,False,95.1125,96.44529411764705,-1.3327941176470546,False
mmke-entity,qwen2.5-vl-3b,available_train,none,636,1.0,global_80,Average,34,False,"[1, 12, 21, 23, 28, 31, 34]","[27, 28, 29, 30, 31, 32, 33, 34]","[27, 28, 29, 30]","[31, 32, 33, 34]",17,False,72.055,71.574,0.48100000000000875,False
mmke-entity,qwen2.5-vl-3b,available_train,none,636,1.0,global_90,Rel,34,False,"[1, 12, 21, 23, 28, 31, 34]","[30, 31, 32, 33, 34]",[30],"[31, 32, 33, 34]",20,False,55.97,53.98849999999999,1.9815000000000111,True
mmke-entity,qwen2.5-vl-3b,available_train,none,636,1.0,global_90,T-Gen,34,False,"[1, 12, 21, 23, 28, 31, 34]","[30, 31, 32, 33, 34]",[30],"[31, 32, 33, 34]",20,False,55.74,53.842,1.8980000000000032,True
mmke-entity,qwen2.5-vl-3b,available_train,none,636,1.0,global_90,M-Gen,34,False,"[1, 12, 21, 23, 28, 31, 34]","[30, 31, 32, 33, 34]",[30],"[31, 32, 33, 34]",20,False,55.92,54.02750000000001,1.8924999999999912,True
mmke-entity,qwen2.5-vl-3b,available_train,none,636,1.0,global_90,T-Loc,34,False,"[1, 12, 21, 23, 28, 31, 34]","[30, 31, 32, 33, 34]",[30],"[31, 32, 33, 34]",20,False,100.0,100.0,0.0,True
mmke-entity,qwen2.5-vl-3b,available_train,none,636,1.0,global_90,M-Loc,34,False,"[1, 12, 21, 23, 28, 31, 34]","[30, 31, 32, 33, 34]",[30],"[31, 32, 33, 34]",20,False,94.42,96.28,-1.8599999999999994,False
mmke-entity,qwen2.5-vl-3b,available_train,none,636,1.0,global_90,Average,34,False,"[1, 12, 21, 23, 28, 31, 34]","[30, 31, 32, 33, 34]",[30],"[31, 32, 33, 34]",20,False,72.41,71.6284,0.7815999999999974,False
mmke-entity,qwen2.5-vl-3b,available_train,none,636,1.0,global_95,Rel,34,False,"[1, 12, 21, 23, 28, 31, 34]","[31, 32, 33, 34]",[],"[31, 32, 33, 34]",21,False,,54.08285714285713,,False
mmke-entity,qwen2.5-vl-3b,available_train,none,636,1.0,global_95,T-Gen,34,False,"[1, 12, 21, 23, 28, 31, 34]","[31, 32, 33, 34]",[],"[31, 32, 33, 34]",21,False,,53.932380952380946,,False
mmke-entity,qwen2.5-vl-3b,available_train,none,636,1.0,global_95,M-Gen,34,False,"[1, 12, 21, 23, 28, 31, 34]","[31, 32, 33, 34]",[],"[31, 32, 33, 34]",21,False,,54.11761904761906,,False
mmke-entity,qwen2.5-vl-3b,available_train,none,636,1.0,global_95,T-Loc,34,False,"[1, 12, 21, 23, 28, 31, 34]","[31, 32, 33, 34]",[],"[31, 32, 33, 34]",21,False,,100.0,,False
mmke-entity,qwen2.5-vl-3b,available_train,none,636,1.0,global_95,M-Loc,34,False,"[1, 12, 21, 23, 28, 31, 34]","[31, 32, 33, 34]",[],"[31, 32, 33, 34]",21,False,,96.19142857142857,,False
mmke-entity,qwen2.5-vl-3b,available_train,none,636,1.0,global_95,Average,34,False,"[1, 12, 21, 23, 28, 31, 34]","[31, 32, 33, 34]",[],"[31, 32, 33, 34]",21,False,,71.66561904761905,,False
mmke-entity,qwen2.5-vl-3b,available_train,none,636,1.0,interior_pm1,Rel,34,False,"[1, 12, 21, 23, 28, 31, 34]","[33, 34, 35]",[],"[33, 34, 35]",21,False,,54.08285714285713,,False
mmke-entity,qwen2.5-vl-3b,available_train,none,636,1.0,interior_pm1,T-Gen,34,False,"[1, 12, 21, 23, 28, 31, 34]","[33, 34, 35]",[],"[33, 34, 35]",21,False,,53.932380952380946,,False
mmke-entity,qwen2.5-vl-3b,available_train,none,636,1.0,interior_pm1,M-Gen,34,False,"[1, 12, 21, 23, 28, 31, 34]","[33, 34, 35]",[],"[33, 34, 35]",21,False,,54.11761904761906,,False
mmke-entity,qwen2.5-vl-3b,available_train,none,636,1.0,interior_pm1,T-Loc,34,False,"[1, 12, 21, 23, 28, 31, 34]","[33, 34, 35]",[],"[33, 34, 35]",21,False,,100.0,,False
mmke-entity,qwen2.5-vl-3b,available_train,none,636,1.0,interior_pm1,M-Loc,34,False,"[1, 12, 21, 23, 28, 31, 34]","[33, 34, 35]",[],"[33, 34, 35]",21,False,,96.19142857142857,,False
mmke-entity,qwen2.5-vl-3b,available_train,none,636,1.0,interior_pm1,Average,34,False,"[1, 12, 21, 23, 28, 31, 34]","[33, 34, 35]",[],"[33, 34, 35]",21,False,,71.66561904761905,,False
mmke-entity,qwen2.5-vl-3b,available_train,alt,636,1.0,global_80,Rel,34,False,"[1, 7, 13, 21, 23, 34]","[31, 32, 33, 34]",[],"[31, 32, 33, 34]",21,False,,54.08285714285713,,False
mmke-entity,qwen2.5-vl-3b,available_train,alt,636,1.0,global_80,T-Gen,34,False,"[1, 7, 13, 21, 23, 34]","[31, 32, 33, 34]",[],"[31, 32, 33, 34]",21,False,,53.932380952380946,,False
mmke-entity,qwen2.5-vl-3b,available_train,alt,636,1.0,global_80,M-Gen,34,False,"[1, 7, 13, 21, 23, 34]","[31, 32, 33, 34]",[],"[31, 32, 33, 34]",21,False,,54.11761904761906,,False
mmke-entity,qwen2.5-vl-3b,available_train,alt,636,1.0,global_80,T-Loc,34,False,"[1, 7, 13, 21, 23, 34]","[31, 32, 33, 34]",[],"[31, 32, 33, 34]",21,False,,100.0,,False
mmke-entity,qwen2.5-vl-3b,available_train,alt,636,1.0,global_80,M-Loc,34,False,"[1, 7, 13, 21, 23, 34]","[31, 32, 33, 34]",[],"[31, 32, 33, 34]",21,False,,96.19142857142857,,False
mmke-entity,qwen2.5-vl-3b,available_train,alt,636,1.0,global_80,Average,34,False,"[1, 7, 13, 21, 23, 34]","[31, 32, 33, 34]",[],"[31, 32, 33, 34]",21,False,,71.66561904761905,,False
mmke-entity,qwen2.5-vl-3b,available_train,alt,636,1.0,global_90,Rel,34,False,"[1, 7, 13, 21, 23, 34]","[33, 34]",[],"[33, 34]",21,False,,54.08285714285713,,False
mmke-entity,qwen2.5-vl-3b,available_train,alt,636,1.0,global_90,T-Gen,34,False,"[1, 7, 13, 21, 23, 34]","[33, 34]",[],"[33, 34]",21,False,,53.932380952380946,,False
mmke-entity,qwen2.5-vl-3b,available_train,alt,636,1.0,global_90,M-Gen,34,False,"[1, 7, 13, 21, 23, 34]","[33, 34]",[],"[33, 34]",21,False,,54.11761904761906,,False
mmke-entity,qwen2.5-vl-3b,available_train,alt,636,1.0,global_90,T-Loc,34,False,"[1, 7, 13, 21, 23, 34]","[33, 34]",[],"[33, 34]",21,False,,100.0,,False
mmke-entity,qwen2.5-vl-3b,available_train,alt,636,1.0,global_90,M-Loc,34,False,"[1, 7, 13, 21, 23, 34]","[33, 34]",[],"[33, 34]",21,False,,96.19142857142857,,False
mmke-entity,qwen2.5-vl-3b,available_train,alt,636,1.0,global_90,Average,34,False,"[1, 7, 13, 21, 23, 34]","[33, 34]",[],"[33, 34]",21,False,,71.66561904761905,,False
mmke-entity,qwen2.5-vl-3b,available_train,alt,636,1.0,global_95,Rel,34,False,"[1, 7, 13, 21, 23, 34]",[34],[],[34],21,False,,54.08285714285713,,False
mmke-entity,qwen2.5-vl-3b,available_train,alt,636,1.0,global_95,T-Gen,34,False,"[1, 7, 13, 21, 23, 34]",[34],[],[34],21,False,,53.932380952380946,,False
mmke-entity,qwen2.5-vl-3b,available_train,alt,636,1.0,global_95,M-Gen,34,False,"[1, 7, 13, 21, 23, 34]",[34],[],[34],21,False,,54.11761904761906,,False
mmke-entity,qwen2.5-vl-3b,available_train,alt,636,1.0,global_95,T-Loc,34,False,"[1, 7, 13, 21, 23, 34]",[34],[],[34],21,False,,100.0,,False
mmke-entity,qwen2.5-vl-3b,available_train,alt,636,1.0,global_95,M-Loc,34,False,"[1, 7, 13, 21, 23, 34]",[34],[],[34],21,False,,96.19142857142857,,False
mmke-entity,qwen2.5-vl-3b,available_train,alt,636,1.0,global_95,Average,34,False,"[1, 7, 13, 21, 23, 34]",[34],[],[34],21,False,,71.66561904761905,,False
mmke-entity,qwen2.5-vl-3b,available_train,alt,636,1.0,interior_pm1,Rel,34,False,"[1, 7, 13, 21, 23, 34]","[33, 34, 35]",[],"[33, 34, 35]",21,False,,54.08285714285713,,False
mmke-entity,qwen2.5-vl-3b,available_train,alt,636,1.0,interior_pm1,T-Gen,34,False,"[1, 7, 13, 21, 23, 34]","[33, 34, 35]",[],"[33, 34, 35]",21,False,,53.932380952380946,,False
mmke-entity,qwen2.5-vl-3b,available_train,alt,636,1.0,interior_pm1,M-Gen,34,False,"[1, 7, 13, 21, 23, 34]","[33, 34, 35]",[],"[33, 34, 35]",21,False,,54.11761904761906,,False
mmke-entity,qwen2.5-vl-3b,available_train,alt,636,1.0,interior_pm1,T-Loc,34,False,"[1, 7, 13, 21, 23, 34]","[33, 34, 35]",[],"[33, 34, 35]",21,False,,100.0,,False
mmke-entity,qwen2.5-vl-3b,available_train,alt,636,1.0,interior_pm1,M-Loc,34,False,"[1, 7, 13, 21, 23, 34]","[33, 34, 35]",[],"[33, 34, 35]",21,False,,96.19142857142857,,False
mmke-entity,qwen2.5-vl-3b,available_train,alt,636,1.0,interior_pm1,Average,34,False,"[1, 7, 13, 21, 23, 34]","[33, 34, 35]",[],"[33, 34, 35]",21,False,,71.66561904761905,,False
mmke-entity,qwen2.5-vl-3b,available_train,model_pred,636,1.0,global_80,Rel,34,False,"[1, 13, 21, 23, 34]","[30, 31, 32, 33, 34]",[30],"[31, 32, 33, 34]",20,False,55.97,53.98849999999999,1.9815000000000111,True
mmke-entity,qwen2.5-vl-3b,available_train,model_pred,636,1.0,global_80,T-Gen,34,False,"[1, 13, 21, 23, 34]","[30, 31, 32, 33, 34]",[30],"[31, 32, 33, 34]",20,False,55.74,53.842,1.8980000000000032,True
mmke-entity,qwen2.5-vl-3b,available_train,model_pred,636,1.0,global_80,M-Gen,34,False,"[1, 13, 21, 23, 34]","[30, 31, 32, 33, 34]",[30],"[31, 32, 33, 34]",20,False,55.92,54.02750000000001,1.8924999999999912,True
mmke-entity,qwen2.5-vl-3b,available_train,model_pred,636,1.0,global_80,T-Loc,34,False,"[1, 13, 21, 23, 34]","[30, 31, 32, 33, 34]",[30],"[31, 32, 33, 34]",20,False,100.0,100.0,0.0,True
mmke-entity,qwen2.5-vl-3b,available_train,model_pred,636,1.0,global_80,M-Loc,34,False,"[1, 13, 21, 23, 34]","[30, 31, 32, 33, 34]",[30],"[31, 32, 33, 34]",20,False,94.42,96.28,-1.8599999999999994,False
mmke-entity,qwen2.5-vl-3b,available_train,model_pred,636,1.0,global_80,Average,34,False,"[1, 13, 21, 23, 34]","[30, 31, 32, 33, 34]",[30],"[31, 32, 33, 34]",20,False,72.41,71.6284,0.7815999999999974,False
mmke-entity,qwen2.5-vl-3b,available_train,model_pred,636,1.0,global_90,Rel,34,False,"[1, 13, 21, 23, 34]","[33, 34]",[],"[33, 34]",21,False,,54.08285714285713,,False
mmke-entity,qwen2.5-vl-3b,available_train,model_pred,636,1.0,global_90,T-Gen,34,False,"[1, 13, 21, 23, 34]","[33, 34]",[],"[33, 34]",21,False,,53.932380952380946,,False
mmke-entity,qwen2.5-vl-3b,available_train,model_pred,636,1.0,global_90,M-Gen,34,False,"[1, 13, 21, 23, 34]","[33, 34]",[],"[33, 34]",21,False,,54.11761904761906,,False
mmke-entity,qwen2.5-vl-3b,available_train,model_pred,636,1.0,global_90,T-Loc,34,False,"[1, 13, 21, 23, 34]","[33, 34]",[],"[33, 34]",21,False,,100.0,,False
mmke-entity,qwen2.5-vl-3b,available_train,model_pred,636,1.0,global_90,M-Loc,34,False,"[1, 13, 21, 23, 34]","[33, 34]",[],"[33, 34]",21,False,,96.19142857142857,,False
mmke-entity,qwen2.5-vl-3b,available_train,model_pred,636,1.0,global_90,Average,34,False,"[1, 13, 21, 23, 34]","[33, 34]",[],"[33, 34]",21,False,,71.66561904761905,,False
mmke-entity,qwen2.5-vl-3b,available_train,model_pred,636,1.0,global_95,Rel,34,False,"[1, 13, 21, 23, 34]",[34],[],[34],21,False,,54.08285714285713,,False
mmke-entity,qwen2.5-vl-3b,available_train,model_pred,636,1.0,global_95,T-Gen,34,False,"[1, 13, 21, 23, 34]",[34],[],[34],21,False,,53.932380952380946,,False
mmke-entity,qwen2.5-vl-3b,available_train,model_pred,636,1.0,global_95,M-Gen,34,False,"[1, 13, 21, 23, 34]",[34],[],[34],21,False,,54.11761904761906,,False
mmke-entity,qwen2.5-vl-3b,available_train,model_pred,636,1.0,global_95,T-Loc,34,False,"[1, 13, 21, 23, 34]",[34],[],[34],21,False,,100.0,,False
mmke-entity,qwen2.5-vl-3b,available_train,model_pred,636,1.0,global_95,M-Loc,34,False,"[1, 13, 21, 23, 34]",[34],[],[34],21,False,,96.19142857142857,,False
mmke-entity,qwen2.5-vl-3b,available_train,model_pred,636,1.0,global_95,Average,34,False,"[1, 13, 21, 23, 34]",[34],[],[34],21,False,,71.66561904761905,,False
mmke-entity,qwen2.5-vl-3b,available_train,model_pred,636,1.0,interior_pm1,Rel,34,False,"[1, 13, 21, 23, 34]","[33, 34, 35]",[],"[33, 34, 35]",21,False,,54.08285714285713,,False
mmke-entity,qwen2.5-vl-3b,available_train,model_pred,636,1.0,interior_pm1,T-Gen,34,False,"[1, 13, 21, 23, 34]","[33, 34, 35]",[],"[33, 34, 35]",21,False,,53.932380952380946,,False
mmke-entity,qwen2.5-vl-3b,available_train,model_pred,636,1.0,interior_pm1,M-Gen,34,False,"[1, 13, 21, 23, 34]","[33, 34, 35]",[],"[33, 34, 35]",21,False,,54.11761904761906,,False
mmke-entity,qwen2.5-vl-3b,available_train,model_pred,636,1.0,interior_pm1,T-Loc,34,False,"[1, 13, 21, 23, 34]","[33, 34, 35]",[],"[33, 34, 35]",21,False,,100.0,,False
mmke-entity,qwen2.5-vl-3b,available_train,model_pred,636,1.0,interior_pm1,M-Loc,34,False,"[1, 13, 21, 23, 34]","[33, 34, 35]",[],"[33, 34, 35]",21,False,,96.19142857142857,,False
mmke-entity,qwen2.5-vl-3b,available_train,model_pred,636,1.0,interior_pm1,Average,34,False,"[1, 13, 21, 23, 34]","[33, 34, 35]",[],"[33, 34, 35]",21,False,,71.66561904761905,,False
mmke-entity,smolvlm-1.7b,matched_gradient,none,636,1.0,global_80,Rel,22,False,"[3, 5, 11, 19, 22]","[19, 20, 21, 22]",[],"[19, 20, 21, 22]",16,False,,51.718125,,False
mmke-entity,smolvlm-1.7b,matched_gradient,none,636,1.0,global_80,T-Gen,22,False,"[3, 5, 11, 19, 22]","[19, 20, 21, 22]",[],"[19, 20, 21, 22]",16,False,,51.775000000000006,,False
mmke-entity,smolvlm-1.7b,matched_gradient,none,636,1.0,global_80,M-Gen,22,False,"[3, 5, 11, 19, 22]","[19, 20, 21, 22]",[],"[19, 20, 21, 22]",16,False,,51.658125,,False
mmke-entity,smolvlm-1.7b,matched_gradient,none,636,1.0,global_80,T-Loc,22,False,"[3, 5, 11, 19, 22]","[19, 20, 21, 22]",[],"[19, 20, 21, 22]",16,False,,100.0,,False
mmke-entity,smolvlm-1.7b,matched_gradient,none,636,1.0,global_80,M-Loc,22,False,"[3, 5, 11, 19, 22]","[19, 20, 21, 22]",[],"[19, 20, 21, 22]",16,False,,96.63312499999999,,False
mmke-entity,smolvlm-1.7b,matched_gradient,none,636,1.0,global_80,Average,22,False,"[3, 5, 11, 19, 22]","[19, 20, 21, 22]",[],"[19, 20, 21, 22]",16,False,,70.357375,,False
mmke-entity,smolvlm-1.7b,matched_gradient,none,636,1.0,global_90,Rel,22,False,"[3, 5, 11, 19, 22]","[21, 22]",[],"[21, 22]",16,False,,51.718125,,False
mmke-entity,smolvlm-1.7b,matched_gradient,none,636,1.0,global_90,T-Gen,22,False,"[3, 5, 11, 19, 22]","[21, 22]",[],"[21, 22]",16,False,,51.775000000000006,,False
mmke-entity,smolvlm-1.7b,matched_gradient,none,636,1.0,global_90,M-Gen,22,False,"[3, 5, 11, 19, 22]","[21, 22]",[],"[21, 22]",16,False,,51.658125,,False
mmke-entity,smolvlm-1.7b,matched_gradient,none,636,1.0,global_90,T-Loc,22,False,"[3, 5, 11, 19, 22]","[21, 22]",[],"[21, 22]",16,False,,100.0,,False
mmke-entity,smolvlm-1.7b,matched_gradient,none,636,1.0,global_90,M-Loc,22,False,"[3, 5, 11, 19, 22]","[21, 22]",[],"[21, 22]",16,False,,96.63312499999999,,False
mmke-entity,smolvlm-1.7b,matched_gradient,none,636,1.0,global_90,Average,22,False,"[3, 5, 11, 19, 22]","[21, 22]",[],"[21, 22]",16,False,,70.357375,,False
mmke-entity,smolvlm-1.7b,matched_gradient,none,636,1.0,global_95,Rel,22,False,"[3, 5, 11, 19, 22]","[21, 22]",[],"[21, 22]",16,False,,51.718125,,False
mmke-entity,smolvlm-1.7b,matched_gradient,none,636,1.0,global_95,T-Gen,22,False,"[3, 5, 11, 19, 22]","[21, 22]",[],"[21, 22]",16,False,,51.775000000000006,,False
mmke-entity,smolvlm-1.7b,matched_gradient,none,636,1.0,global_95,M-Gen,22,False,"[3, 5, 11, 19, 22]","[21, 22]",[],"[21, 22]",16,False,,51.658125,,False
mmke-entity,smolvlm-1.7b,matched_gradient,none,636,1.0,global_95,T-Loc,22,False,"[3, 5, 11, 19, 22]","[21, 22]",[],"[21, 22]",16,False,,100.0,,False
mmke-entity,smolvlm-1.7b,matched_gradient,none,636,1.0,global_95,M-Loc,22,False,"[3, 5, 11, 19, 22]","[21, 22]",[],"[21, 22]",16,False,,96.63312499999999,,False
mmke-entity,smolvlm-1.7b,matched_gradient,none,636,1.0,global_95,Average,22,False,"[3, 5, 11, 19, 22]","[21, 22]",[],"[21, 22]",16,False,,70.357375,,False
mmke-entity,smolvlm-1.7b,matched_gradient,none,636,1.0,interior_pm1,Rel,22,False,"[3, 5, 11, 19, 22]","[21, 22, 23]",[],"[21, 22, 23]",16,False,,51.718125,,False
mmke-entity,smolvlm-1.7b,matched_gradient,none,636,1.0,interior_pm1,T-Gen,22,False,"[3, 5, 11, 19, 22]","[21, 22, 23]",[],"[21, 22, 23]",16,False,,51.775000000000006,,False
mmke-entity,smolvlm-1.7b,matched_gradient,none,636,1.0,interior_pm1,M-Gen,22,False,"[3, 5, 11, 19, 22]","[21, 22, 23]",[],"[21, 22, 23]",16,False,,51.658125,,False
mmke-entity,smolvlm-1.7b,matched_gradient,none,636,1.0,interior_pm1,T-Loc,22,False,"[3, 5, 11, 19, 22]","[21, 22, 23]",[],"[21, 22, 23]",16,False,,100.0,,False
mmke-entity,smolvlm-1.7b,matched_gradient,none,636,1.0,interior_pm1,M-Loc,22,False,"[3, 5, 11, 19, 22]","[21, 22, 23]",[],"[21, 22, 23]",16,False,,96.63312499999999,,False
mmke-entity,smolvlm-1.7b,matched_gradient,none,636,1.0,interior_pm1,Average,22,False,"[3, 5, 11, 19, 22]","[21, 22, 23]",[],"[21, 22, 23]",16,False,,70.357375,,False
mmke-entity,smolvlm-1.7b,matched_gradient,alt,636,1.0,global_80,Rel,22,False,"[6, 8, 12, 22]","[21, 22]",[],"[21, 22]",16,False,,51.718125,,False
mmke-entity,smolvlm-1.7b,matched_gradient,alt,636,1.0,global_80,T-Gen,22,False,"[6, 8, 12, 22]","[21, 22]",[],"[21, 22]",16,False,,51.775000000000006,,False
mmke-entity,smolvlm-1.7b,matched_gradient,alt,636,1.0,global_80,M-Gen,22,False,"[6, 8, 12, 22]","[21, 22]",[],"[21, 22]",16,False,,51.658125,,False
mmke-entity,smolvlm-1.7b,matched_gradient,alt,636,1.0,global_80,T-Loc,22,False,"[6, 8, 12, 22]","[21, 22]",[],"[21, 22]",16,False,,100.0,,False
mmke-entity,smolvlm-1.7b,matched_gradient,alt,636,1.0,global_80,M-Loc,22,False,"[6, 8, 12, 22]","[21, 22]",[],"[21, 22]",16,False,,96.63312499999999,,False
mmke-entity,smolvlm-1.7b,matched_gradient,alt,636,1.0,global_80,Average,22,False,"[6, 8, 12, 22]","[21, 22]",[],"[21, 22]",16,False,,70.357375,,False
mmke-entity,smolvlm-1.7b,matched_gradient,alt,636,1.0,global_90,Rel,22,False,"[6, 8, 12, 22]",[22],[],[22],16,False,,51.718125,,False
mmke-entity,smolvlm-1.7b,matched_gradient,alt,636,1.0,global_90,T-Gen,22,False,"[6, 8, 12, 22]",[22],[],[22],16,False,,51.775000000000006,,False
mmke-entity,smolvlm-1.7b,matched_gradient,alt,636,1.0,global_90,M-Gen,22,False,"[6, 8, 12, 22]",[22],[],[22],16,False,,51.658125,,False
mmke-entity,smolvlm-1.7b,matched_gradient,alt,636,1.0,global_90,T-Loc,22,False,"[6, 8, 12, 22]",[22],[],[22],16,False,,100.0,,False
mmke-entity,smolvlm-1.7b,matched_gradient,alt,636,1.0,global_90,M-Loc,22,False,"[6, 8, 12, 22]",[22],[],[22],16,False,,96.63312499999999,,False
mmke-entity,smolvlm-1.7b,matched_gradient,alt,636,1.0,global_90,Average,22,False,"[6, 8, 12, 22]",[22],[],[22],16,False,,70.357375,,False
mmke-entity,smolvlm-1.7b,matched_gradient,alt,636,1.0,global_95,Rel,22,False,"[6, 8, 12, 22]",[22],[],[22],16,False,,51.718125,,False
mmke-entity,smolvlm-1.7b,matched_gradient,alt,636,1.0,global_95,T-Gen,22,False,"[6, 8, 12, 22]",[22],[],[22],16,False,,51.775000000000006,,False
mmke-entity,smolvlm-1.7b,matched_gradient,alt,636,1.0,global_95,M-Gen,22,False,"[6, 8, 12, 22]",[22],[],[22],16,False,,51.658125,,False
mmke-entity,smolvlm-1.7b,matched_gradient,alt,636,1.0,global_95,T-Loc,22,False,"[6, 8, 12, 22]",[22],[],[22],16,False,,100.0,,False
mmke-entity,smolvlm-1.7b,matched_gradient,alt,636,1.0,global_95,M-Loc,22,False,"[6, 8, 12, 22]",[22],[],[22],16,False,,96.63312499999999,,False
mmke-entity,smolvlm-1.7b,matched_gradient,alt,636,1.0,global_95,Average,22,False,"[6, 8, 12, 22]",[22],[],[22],16,False,,70.357375,,False
mmke-entity,smolvlm-1.7b,matched_gradient,alt,636,1.0,interior_pm1,Rel,22,False,"[6, 8, 12, 22]","[21, 22, 23]",[],"[21, 22, 23]",16,False,,51.718125,,False
mmke-entity,smolvlm-1.7b,matched_gradient,alt,636,1.0,interior_pm1,T-Gen,22,False,"[6, 8, 12, 22]","[21, 22, 23]",[],"[21, 22, 23]",16,False,,51.775000000000006,,False
mmke-entity,smolvlm-1.7b,matched_gradient,alt,636,1.0,interior_pm1,M-Gen,22,False,"[6, 8, 12, 22]","[21, 22, 23]",[],"[21, 22, 23]",16,False,,51.658125,,False
mmke-entity,smolvlm-1.7b,matched_gradient,alt,636,1.0,interior_pm1,T-Loc,22,False,"[6, 8, 12, 22]","[21, 22, 23]",[],"[21, 22, 23]",16,False,,100.0,,False
mmke-entity,smolvlm-1.7b,matched_gradient,alt,636,1.0,interior_pm1,M-Loc,22,False,"[6, 8, 12, 22]","[21, 22, 23]",[],"[21, 22, 23]",16,False,,96.63312499999999,,False
mmke-entity,smolvlm-1.7b,matched_gradient,alt,636,1.0,interior_pm1,Average,22,False,"[6, 8, 12, 22]","[21, 22, 23]",[],"[21, 22, 23]",16,False,,70.357375,,False
mmke-entity,smolvlm-1.7b,matched_gradient,model_pred,636,1.0,global_80,Rel,22,False,"[6, 8, 12, 22]","[19, 20, 21, 22]",[],"[19, 20, 21, 22]",16,False,,51.718125,,False
mmke-entity,smolvlm-1.7b,matched_gradient,model_pred,636,1.0,global_80,T-Gen,22,False,"[6, 8, 12, 22]","[19, 20, 21, 22]",[],"[19, 20, 21, 22]",16,False,,51.775000000000006,,False
mmke-entity,smolvlm-1.7b,matched_gradient,model_pred,636,1.0,global_80,M-Gen,22,False,"[6, 8, 12, 22]","[19, 20, 21, 22]",[],"[19, 20, 21, 22]",16,False,,51.658125,,False
mmke-entity,smolvlm-1.7b,matched_gradient,model_pred,636,1.0,global_80,T-Loc,22,False,"[6, 8, 12, 22]","[19, 20, 21, 22]",[],"[19, 20, 21, 22]",16,False,,100.0,,False
mmke-entity,smolvlm-1.7b,matched_gradient,model_pred,636,1.0,global_80,M-Loc,22,False,"[6, 8, 12, 22]","[19, 20, 21, 22]",[],"[19, 20, 21, 22]",16,False,,96.63312499999999,,False
mmke-entity,smolvlm-1.7b,matched_gradient,model_pred,636,1.0,global_80,Average,22,False,"[6, 8, 12, 22]","[19, 20, 21, 22]",[],"[19, 20, 21, 22]",16,False,,70.357375,,False
mmke-entity,smolvlm-1.7b,matched_gradient,model_pred,636,1.0,global_90,Rel,22,False,"[6, 8, 12, 22]","[21, 22]",[],"[21, 22]",16,False,,51.718125,,False
mmke-entity,smolvlm-1.7b,matched_gradient,model_pred,636,1.0,global_90,T-Gen,22,False,"[6, 8, 12, 22]","[21, 22]",[],"[21, 22]",16,False,,51.775000000000006,,False
mmke-entity,smolvlm-1.7b,matched_gradient,model_pred,636,1.0,global_90,M-Gen,22,False,"[6, 8, 12, 22]","[21, 22]",[],"[21, 22]",16,False,,51.658125,,False
mmke-entity,smolvlm-1.7b,matched_gradient,model_pred,636,1.0,global_90,T-Loc,22,False,"[6, 8, 12, 22]","[21, 22]",[],"[21, 22]",16,False,,100.0,,False
mmke-entity,smolvlm-1.7b,matched_gradient,model_pred,636,1.0,global_90,M-Loc,22,False,"[6, 8, 12, 22]","[21, 22]",[],"[21, 22]",16,False,,96.63312499999999,,False
mmke-entity,smolvlm-1.7b,matched_gradient,model_pred,636,1.0,global_90,Average,22,False,"[6, 8, 12, 22]","[21, 22]",[],"[21, 22]",16,False,,70.357375,,False
mmke-entity,smolvlm-1.7b,matched_gradient,model_pred,636,1.0,global_95,Rel,22,False,"[6, 8, 12, 22]",[22],[],[22],16,False,,51.718125,,False
mmke-entity,smolvlm-1.7b,matched_gradient,model_pred,636,1.0,global_95,T-Gen,22,False,"[6, 8, 12, 22]",[22],[],[22],16,False,,51.775000000000006,,False
mmke-entity,smolvlm-1.7b,matched_gradient,model_pred,636,1.0,global_95,M-Gen,22,False,"[6, 8, 12, 22]",[22],[],[22],16,False,,51.658125,,False
mmke-entity,smolvlm-1.7b,matched_gradient,model_pred,636,1.0,global_95,T-Loc,22,False,"[6, 8, 12, 22]",[22],[],[22],16,False,,100.0,,False
mmke-entity,smolvlm-1.7b,matched_gradient,model_pred,636,1.0,global_95,M-Loc,22,False,"[6, 8, 12, 22]",[22],[],[22],16,False,,96.63312499999999,,False
mmke-entity,smolvlm-1.7b,matched_gradient,model_pred,636,1.0,global_95,Average,22,False,"[6, 8, 12, 22]",[22],[],[22],16,False,,70.357375,,False
mmke-entity,smolvlm-1.7b,matched_gradient,model_pred,636,1.0,interior_pm1,Rel,22,False,"[6, 8, 12, 22]","[21, 22, 23]",[],"[21, 22, 23]",16,False,,51.718125,,False
mmke-entity,smolvlm-1.7b,matched_gradient,model_pred,636,1.0,interior_pm1,T-Gen,22,False,"[6, 8, 12, 22]","[21, 22, 23]",[],"[21, 22, 23]",16,False,,51.775000000000006,,False
mmke-entity,smolvlm-1.7b,matched_gradient,model_pred,636,1.0,interior_pm1,M-Gen,22,False,"[6, 8, 12, 22]","[21, 22, 23]",[],"[21, 22, 23]",16,False,,51.658125,,False
mmke-entity,smolvlm-1.7b,matched_gradient,model_pred,636,1.0,interior_pm1,T-Loc,22,False,"[6, 8, 12, 22]","[21, 22, 23]",[],"[21, 22, 23]",16,False,,100.0,,False
mmke-entity,smolvlm-1.7b,matched_gradient,model_pred,636,1.0,interior_pm1,M-Loc,22,False,"[6, 8, 12, 22]","[21, 22, 23]",[],"[21, 22, 23]",16,False,,96.63312499999999,,False
mmke-entity,smolvlm-1.7b,matched_gradient,model_pred,636,1.0,interior_pm1,Average,22,False,"[6, 8, 12, 22]","[21, 22, 23]",[],"[21, 22, 23]",16,False,,70.357375,,False
mmke-entity,smolvlm-1.7b,available_train,none,636,1.0,global_80,Rel,22,False,"[3, 5, 11, 19, 22]","[19, 20, 21, 22]",[],"[19, 20, 21, 22]",16,False,,51.718125,,False
mmke-entity,smolvlm-1.7b,available_train,none,636,1.0,global_80,T-Gen,22,False,"[3, 5, 11, 19, 22]","[19, 20, 21, 22]",[],"[19, 20, 21, 22]",16,False,,51.775000000000006,,False
mmke-entity,smolvlm-1.7b,available_train,none,636,1.0,global_80,M-Gen,22,False,"[3, 5, 11, 19, 22]","[19, 20, 21, 22]",[],"[19, 20, 21, 22]",16,False,,51.658125,,False
mmke-entity,smolvlm-1.7b,available_train,none,636,1.0,global_80,T-Loc,22,False,"[3, 5, 11, 19, 22]","[19, 20, 21, 22]",[],"[19, 20, 21, 22]",16,False,,100.0,,False
mmke-entity,smolvlm-1.7b,available_train,none,636,1.0,global_80,M-Loc,22,False,"[3, 5, 11, 19, 22]","[19, 20, 21, 22]",[],"[19, 20, 21, 22]",16,False,,96.63312499999999,,False
mmke-entity,smolvlm-1.7b,available_train,none,636,1.0,global_80,Average,22,False,"[3, 5, 11, 19, 22]","[19, 20, 21, 22]",[],"[19, 20, 21, 22]",16,False,,70.357375,,False
mmke-entity,smolvlm-1.7b,available_train,none,636,1.0,global_90,Rel,22,False,"[3, 5, 11, 19, 22]","[21, 22]",[],"[21, 22]",16,False,,51.718125,,False
mmke-entity,smolvlm-1.7b,available_train,none,636,1.0,global_90,T-Gen,22,False,"[3, 5, 11, 19, 22]","[21, 22]",[],"[21, 22]",16,False,,51.775000000000006,,False
mmke-entity,smolvlm-1.7b,available_train,none,636,1.0,global_90,M-Gen,22,False,"[3, 5, 11, 19, 22]","[21, 22]",[],"[21, 22]",16,False,,51.658125,,False
mmke-entity,smolvlm-1.7b,available_train,none,636,1.0,global_90,T-Loc,22,False,"[3, 5, 11, 19, 22]","[21, 22]",[],"[21, 22]",16,False,,100.0,,False
mmke-entity,smolvlm-1.7b,available_train,none,636,1.0,global_90,M-Loc,22,False,"[3, 5, 11, 19, 22]","[21, 22]",[],"[21, 22]",16,False,,96.63312499999999,,False
mmke-entity,smolvlm-1.7b,available_train,none,636,1.0,global_90,Average,22,False,"[3, 5, 11, 19, 22]","[21, 22]",[],"[21, 22]",16,False,,70.357375,,False
mmke-entity,smolvlm-1.7b,available_train,none,636,1.0,global_95,Rel,22,False,"[3, 5, 11, 19, 22]","[21, 22]",[],"[21, 22]",16,False,,51.718125,,False
mmke-entity,smolvlm-1.7b,available_train,none,636,1.0,global_95,T-Gen,22,False,"[3, 5, 11, 19, 22]","[21, 22]",[],"[21, 22]",16,False,,51.775000000000006,,False
mmke-entity,smolvlm-1.7b,available_train,none,636,1.0,global_95,M-Gen,22,False,"[3, 5, 11, 19, 22]","[21, 22]",[],"[21, 22]",16,False,,51.658125,,False
mmke-entity,smolvlm-1.7b,available_train,none,636,1.0,global_95,T-Loc,22,False,"[3, 5, 11, 19, 22]","[21, 22]",[],"[21, 22]",16,False,,100.0,,False
mmke-entity,smolvlm-1.7b,available_train,none,636,1.0,global_95,M-Loc,22,False,"[3, 5, 11, 19, 22]","[21, 22]",[],"[21, 22]",16,False,,96.63312499999999,,False
mmke-entity,smolvlm-1.7b,available_train,none,636,1.0,global_95,Average,22,False,"[3, 5, 11, 19, 22]","[21, 22]",[],"[21, 22]",16,False,,70.357375,,False
mmke-entity,smolvlm-1.7b,available_train,none,636,1.0,interior_pm1,Rel,22,False,"[3, 5, 11, 19, 22]","[21, 22, 23]",[],"[21, 22, 23]",16,False,,51.718125,,False
mmke-entity,smolvlm-1.7b,available_train,none,636,1.0,interior_pm1,T-Gen,22,False,"[3, 5, 11, 19, 22]","[21, 22, 23]",[],"[21, 22, 23]",16,False,,51.775000000000006,,False
mmke-entity,smolvlm-1.7b,available_train,none,636,1.0,interior_pm1,M-Gen,22,False,"[3, 5, 11, 19, 22]","[21, 22, 23]",[],"[21, 22, 23]",16,False,,51.658125,,False
mmke-entity,smolvlm-1.7b,available_train,none,636,1.0,interior_pm1,T-Loc,22,False,"[3, 5, 11, 19, 22]","[21, 22, 23]",[],"[21, 22, 23]",16,False,,100.0,,False
mmke-entity,smolvlm-1.7b,available_train,none,636,1.0,interior_pm1,M-Loc,22,False,"[3, 5, 11, 19, 22]","[21, 22, 23]",[],"[21, 22, 23]",16,False,,96.63312499999999,,False
mmke-entity,smolvlm-1.7b,available_train,none,636,1.0,interior_pm1,Average,22,False,"[3, 5, 11, 19, 22]","[21, 22, 23]",[],"[21, 22, 23]",16,False,,70.357375,,False
mmke-entity,smolvlm-1.7b,available_train,alt,636,1.0,global_80,Rel,22,False,"[6, 8, 12, 22]","[21, 22]",[],"[21, 22]",16,False,,51.718125,,False
mmke-entity,smolvlm-1.7b,available_train,alt,636,1.0,global_80,T-Gen,22,False,"[6, 8, 12, 22]","[21, 22]",[],"[21, 22]",16,False,,51.775000000000006,,False
mmke-entity,smolvlm-1.7b,available_train,alt,636,1.0,global_80,M-Gen,22,False,"[6, 8, 12, 22]","[21, 22]",[],"[21, 22]",16,False,,51.658125,,False
mmke-entity,smolvlm-1.7b,available_train,alt,636,1.0,global_80,T-Loc,22,False,"[6, 8, 12, 22]","[21, 22]",[],"[21, 22]",16,False,,100.0,,False
mmke-entity,smolvlm-1.7b,available_train,alt,636,1.0,global_80,M-Loc,22,False,"[6, 8, 12, 22]","[21, 22]",[],"[21, 22]",16,False,,96.63312499999999,,False
mmke-entity,smolvlm-1.7b,available_train,alt,636,1.0,global_80,Average,22,False,"[6, 8, 12, 22]","[21, 22]",[],"[21, 22]",16,False,,70.357375,,False
mmke-entity,smolvlm-1.7b,available_train,alt,636,1.0,global_90,Rel,22,False,"[6, 8, 12, 22]",[22],[],[22],16,False,,51.718125,,False
mmke-entity,smolvlm-1.7b,available_train,alt,636,1.0,global_90,T-Gen,22,False,"[6, 8, 12, 22]",[22],[],[22],16,False,,51.775000000000006,,False
mmke-entity,smolvlm-1.7b,available_train,alt,636,1.0,global_90,M-Gen,22,False,"[6, 8, 12, 22]",[22],[],[22],16,False,,51.658125,,False
mmke-entity,smolvlm-1.7b,available_train,alt,636,1.0,global_90,T-Loc,22,False,"[6, 8, 12, 22]",[22],[],[22],16,False,,100.0,,False
mmke-entity,smolvlm-1.7b,available_train,alt,636,1.0,global_90,M-Loc,22,False,"[6, 8, 12, 22]",[22],[],[22],16,False,,96.63312499999999,,False
mmke-entity,smolvlm-1.7b,available_train,alt,636,1.0,global_90,Average,22,False,"[6, 8, 12, 22]",[22],[],[22],16,False,,70.357375,,False
mmke-entity,smolvlm-1.7b,available_train,alt,636,1.0,global_95,Rel,22,False,"[6, 8, 12, 22]",[22],[],[22],16,False,,51.718125,,False
mmke-entity,smolvlm-1.7b,available_train,alt,636,1.0,global_95,T-Gen,22,False,"[6, 8, 12, 22]",[22],[],[22],16,False,,51.775000000000006,,False
mmke-entity,smolvlm-1.7b,available_train,alt,636,1.0,global_95,M-Gen,22,False,"[6, 8, 12, 22]",[22],[],[22],16,False,,51.658125,,False
mmke-entity,smolvlm-1.7b,available_train,alt,636,1.0,global_95,T-Loc,22,False,"[6, 8, 12, 22]",[22],[],[22],16,False,,100.0,,False
mmke-entity,smolvlm-1.7b,available_train,alt,636,1.0,global_95,M-Loc,22,False,"[6, 8, 12, 22]",[22],[],[22],16,False,,96.63312499999999,,False
mmke-entity,smolvlm-1.7b,available_train,alt,636,1.0,global_95,Average,22,False,"[6, 8, 12, 22]",[22],[],[22],16,False,,70.357375,,False
mmke-entity,smolvlm-1.7b,available_train,alt,636,1.0,interior_pm1,Rel,22,False,"[6, 8, 12, 22]","[21, 22, 23]",[],"[21, 22, 23]",16,False,,51.718125,,False
mmke-entity,smolvlm-1.7b,available_train,alt,636,1.0,interior_pm1,T-Gen,22,False,"[6, 8, 12, 22]","[21, 22, 23]",[],"[21, 22, 23]",16,False,,51.775000000000006,,False
mmke-entity,smolvlm-1.7b,available_train,alt,636,1.0,interior_pm1,M-Gen,22,False,"[6, 8, 12, 22]","[21, 22, 23]",[],"[21, 22, 23]",16,False,,51.658125,,False
mmke-entity,smolvlm-1.7b,available_train,alt,636,1.0,interior_pm1,T-Loc,22,False,"[6, 8, 12, 22]","[21, 22, 23]",[],"[21, 22, 23]",16,False,,100.0,,False
mmke-entity,smolvlm-1.7b,available_train,alt,636,1.0,interior_pm1,M-Loc,22,False,"[6, 8, 12, 22]","[21, 22, 23]",[],"[21, 22, 23]",16,False,,96.63312499999999,,False
mmke-entity,smolvlm-1.7b,available_train,alt,636,1.0,interior_pm1,Average,22,False,"[6, 8, 12, 22]","[21, 22, 23]",[],"[21, 22, 23]",16,False,,70.357375,,False
mmke-entity,smolvlm-1.7b,available_train,model_pred,636,1.0,global_80,Rel,22,False,"[6, 8, 12, 22]","[19, 20, 21, 22]",[],"[19, 20, 21, 22]",16,False,,51.718125,,False
mmke-entity,smolvlm-1.7b,available_train,model_pred,636,1.0,global_80,T-Gen,22,False,"[6, 8, 12, 22]","[19, 20, 21, 22]",[],"[19, 20, 21, 22]",16,False,,51.775000000000006,,False
mmke-entity,smolvlm-1.7b,available_train,model_pred,636,1.0,global_80,M-Gen,22,False,"[6, 8, 12, 22]","[19, 20, 21, 22]",[],"[19, 20, 21, 22]",16,False,,51.658125,,False
mmke-entity,smolvlm-1.7b,available_train,model_pred,636,1.0,global_80,T-Loc,22,False,"[6, 8, 12, 22]","[19, 20, 21, 22]",[],"[19, 20, 21, 22]",16,False,,100.0,,False
mmke-entity,smolvlm-1.7b,available_train,model_pred,636,1.0,global_80,M-Loc,22,False,"[6, 8, 12, 22]","[19, 20, 21, 22]",[],"[19, 20, 21, 22]",16,False,,96.63312499999999,,False
mmke-entity,smolvlm-1.7b,available_train,model_pred,636,1.0,global_80,Average,22,False,"[6, 8, 12, 22]","[19, 20, 21, 22]",[],"[19, 20, 21, 22]",16,False,,70.357375,,False
mmke-entity,smolvlm-1.7b,available_train,model_pred,636,1.0,global_90,Rel,22,False,"[6, 8, 12, 22]","[21, 22]",[],"[21, 22]",16,False,,51.718125,,False
mmke-entity,smolvlm-1.7b,available_train,model_pred,636,1.0,global_90,T-Gen,22,False,"[6, 8, 12, 22]","[21, 22]",[],"[21, 22]",16,False,,51.775000000000006,,False
mmke-entity,smolvlm-1.7b,available_train,model_pred,636,1.0,global_90,M-Gen,22,False,"[6, 8, 12, 22]","[21, 22]",[],"[21, 22]",16,False,,51.658125,,False
mmke-entity,smolvlm-1.7b,available_train,model_pred,636,1.0,global_90,T-Loc,22,False,"[6, 8, 12, 22]","[21, 22]",[],"[21, 22]",16,False,,100.0,,False
mmke-entity,smolvlm-1.7b,available_train,model_pred,636,1.0,global_90,M-Loc,22,False,"[6, 8, 12, 22]","[21, 22]",[],"[21, 22]",16,False,,96.63312499999999,,False
mmke-entity,smolvlm-1.7b,available_train,model_pred,636,1.0,global_90,Average,22,False,"[6, 8, 12, 22]","[21, 22]",[],"[21, 22]",16,False,,70.357375,,False
mmke-entity,smolvlm-1.7b,available_train,model_pred,636,1.0,global_95,Rel,22,False,"[6, 8, 12, 22]",[22],[],[22],16,False,,51.718125,,False
mmke-entity,smolvlm-1.7b,available_train,model_pred,636,1.0,global_95,T-Gen,22,False,"[6, 8, 12, 22]",[22],[],[22],16,False,,51.775000000000006,,False
mmke-entity,smolvlm-1.7b,available_train,model_pred,636,1.0,global_95,M-Gen,22,False,"[6, 8, 12, 22]",[22],[],[22],16,False,,51.658125,,False
mmke-entity,smolvlm-1.7b,available_train,model_pred,636,1.0,global_95,T-Loc,22,False,"[6, 8, 12, 22]",[22],[],[22],16,False,,100.0,,False
mmke-entity,smolvlm-1.7b,available_train,model_pred,636,1.0,global_95,M-Loc,22,False,"[6, 8, 12, 22]",[22],[],[22],16,False,,96.63312499999999,,False
mmke-entity,smolvlm-1.7b,available_train,model_pred,636,1.0,global_95,Average,22,False,"[6, 8, 12, 22]",[22],[],[22],16,False,,70.357375,,False
mmke-entity,smolvlm-1.7b,available_train,model_pred,636,1.0,interior_pm1,Rel,22,False,"[6, 8, 12, 22]","[21, 22, 23]",[],"[21, 22, 23]",16,False,,51.718125,,False
mmke-entity,smolvlm-1.7b,available_train,model_pred,636,1.0,interior_pm1,T-Gen,22,False,"[6, 8, 12, 22]","[21, 22, 23]",[],"[21, 22, 23]",16,False,,51.775000000000006,,False
mmke-entity,smolvlm-1.7b,available_train,model_pred,636,1.0,interior_pm1,M-Gen,22,False,"[6, 8, 12, 22]","[21, 22, 23]",[],"[21, 22, 23]",16,False,,51.658125,,False
mmke-entity,smolvlm-1.7b,available_train,model_pred,636,1.0,interior_pm1,T-Loc,22,False,"[6, 8, 12, 22]","[21, 22, 23]",[],"[21, 22, 23]",16,False,,100.0,,False
mmke-entity,smolvlm-1.7b,available_train,model_pred,636,1.0,interior_pm1,M-Loc,22,False,"[6, 8, 12, 22]","[21, 22, 23]",[],"[21, 22, 23]",16,False,,96.63312499999999,,False
mmke-entity,smolvlm-1.7b,available_train,model_pred,636,1.0,interior_pm1,Average,22,False,"[6, 8, 12, 22]","[21, 22, 23]",[],"[21, 22, 23]",16,False,,70.357375,,False
