QUEUE_START job=3126082 host=g09 gpu=0 root=/tmp/ph_teacher3/mabscos_top3_completion_job3126082_20260801 time=2026-08-01 16:33:56 CST
COMPARABILITY epochs=50 batch_size=2 seed=20260601 ema_alpha=0.1 selection=min_finite_ema eval=independent_dataset_json
QUEUE mmke-visual/smolvlm-1.7b/L2 -> mmke-entity/blip2-opt-2.7b/L1 -> mmke-entity/paligemma-3b/L4 -> mmke-visual/minigpt-4-vicuna-7b/L9,L10,L11
VIS_TRAIN=/datapool/home/ph_teacher3/Lwy/zhounan/Visedit2/server_results/mmke_visual_top3_union_train_eval_7models_20260613_014644/data/vqa_mmke_visual_train_evqa_compat.json VIS_EVAL=/datapool/home/ph_teacher3/Lwy/zhounan/Visedit2/server_results/mmke_visual_top3_union_train_eval_7models_20260613_014644/data/vqa_mmke_visual_eval_evqa_compat.json ENT_TRAIN=/datapool/home/ph_teacher3/Lwy/zhounan/Visedit2/server_results/mmke_entity_top3_union_train_eval_7models_20260616_155000/data/vqa_mmke_entity_train_evqa_compat.json ENT_EVAL=/datapool/home/ph_teacher3/Lwy/zhounan/Visedit2/server_results/mmke_entity_top3_union_train_eval_7models_20260616_155000/data/vqa_mmke_entity_eval_evqa_compat.json
0, NVIDIA A800 80GB PCIe, 81920, 1, 81156, 0
LAYER_BEGIN dataset=mmke-visual model=smolvlm-1.7b layer=2 time=2026-08-01 16:33:57 CST
STAGE_START dataset=mmke-visual model=smolvlm-1.7b layer=2 stage=train runner=scripts/run_evqa_pilot500_blip2_visedit_sweep.py config=configs/vead/smolvlm-1.7b.yaml train=/datapool/home/ph_teacher3/Lwy/zhounan/Visedit2/server_results/mmke_visual_top3_union_train_eval_7models_20260613_014644/data/vqa_mmke_visual_train_evqa_compat.json eval=/datapool/home/ph_teacher3/Lwy/zhounan/Visedit2/server_results/mmke_visual_top3_union_train_eval_7models_20260613_014644/data/vqa_mmke_visual_eval_evqa_compat.json buffer=4 lowmem=0 time=2026-08-01 16:33:57
WATCH_START dataset=mmke-visual model=smolvlm-1.7b layer=2 stage=train idle_limit=7200 log=/tmp/ph_teacher3/mabscos_top3_completion_job3126082_20260801/logs/mmke-visual_smolvlm-1.7b_L2_train_20260801_163356.log time=2026-08-01 16:33:57 CST
PROCESS_START dataset=mmke-visual model=smolvlm-1.7b layer=2 stage=train pid=856763 pgid=856763
QUEUE_START job=3126082 host=g09 gpu=0 root=/tmp/ph_teacher3/mabscos_top3_completion_job3126082_20260801 time=2026-08-01 16:34:46 CST
COMPARABILITY epochs=50 batch_size=2 seed=20260601 ema_alpha=0.1 selection=min_finite_ema eval=independent_dataset_json
QUEUE mmke-visual/smolvlm-1.7b/L2 -> mmke-entity/blip2-opt-2.7b/L1 -> mmke-entity/paligemma-3b/L4 -> mmke-visual/minigpt-4-vicuna-7b/L9,L10,L11
VIS_TRAIN=/datapool/home/ph_teacher3/Lwy/zhounan/Visedit2/server_results/mmke_visual_top3_union_train_eval_7models_20260613_014644/data/vqa_mmke_visual_train_evqa_compat.json VIS_EVAL=/datapool/home/ph_teacher3/Lwy/zhounan/Visedit2/server_results/mmke_visual_top3_union_train_eval_7models_20260613_014644/data/vqa_mmke_visual_eval_evqa_compat.json ENT_TRAIN=/datapool/home/ph_teacher3/Lwy/zhounan/Visedit2/server_results/mmke_entity_top3_union_train_eval_7models_20260616_155000/data/vqa_mmke_entity_train_evqa_compat.json ENT_EVAL=/datapool/home/ph_teacher3/Lwy/zhounan/Visedit2/server_results/mmke_entity_top3_union_train_eval_7models_20260616_155000/data/vqa_mmke_entity_eval_evqa_compat.json
0, NVIDIA A800 80GB PCIe, 81920, 1, 81156, 0
LAYER_BEGIN dataset=mmke-visual model=smolvlm-1.7b layer=2 time=2026-08-01 16:34:46 CST
STAGE_START dataset=mmke-visual model=smolvlm-1.7b layer=2 stage=train runner=scripts/run_evqa_pilot500_blip2_visedit_sweep.py config=configs/vead/smolvlm-1.7b.yaml train=/datapool/home/ph_teacher3/Lwy/zhounan/Visedit2/server_results/mmke_visual_top3_union_train_eval_7models_20260613_014644/data/vqa_mmke_visual_train_evqa_compat.json eval=/datapool/home/ph_teacher3/Lwy/zhounan/Visedit2/server_results/mmke_visual_top3_union_train_eval_7models_20260613_014644/data/vqa_mmke_visual_eval_evqa_compat.json buffer=4 lowmem=0 time=2026-08-01 16:34:46
WATCH_START dataset=mmke-visual model=smolvlm-1.7b layer=2 stage=train idle_limit=7200 log=/tmp/ph_teacher3/mabscos_top3_completion_job3126082_20260801/logs/mmke-visual_smolvlm-1.7b_L2_train_20260801_163446.log time=2026-08-01 16:34:46 CST
PROCESS_START dataset=mmke-visual model=smolvlm-1.7b layer=2 stage=train pid=857041 pgid=857041
WATCH_PROGRESS dataset=mmke-visual model=smolvlm-1.7b layer=2 stage=train sig=Loading images: 100%|██████████| 214/214 [00:14<00:00, 14.58it/s][2026-08-01 16:35:17] train samples=214 time=2026-08-01 16:35:46
WATCH_PROGRESS dataset=mmke-visual model=smolvlm-1.7b layer=2 stage=train sig=Pre-processing train data:  50%|████▉     | 106/214 [00:43<00:42,  2.53it/s] time=2026-08-01 16:36:46
WATCH_PROGRESS dataset=mmke-visual model=smolvlm-1.7b layer=2 stage=train sig=Epoch 1:  59%|█████▉    | 126/214 [00:16<00:09,  9.27it/s] time=2026-08-01 16:37:47
WATCH_PROGRESS dataset=mmke-visual model=smolvlm-1.7b layer=2 stage=train sig=Epoch 3:  94%|█████████▍| 202/214 [00:23<00:01,  8.59it/s] time=2026-08-01 16:38:47
WATCH_PROGRESS dataset=mmke-visual model=smolvlm-1.7b layer=2 stage=train sig=Epoch 6:  30%|██▉       | 64/214 [00:07<00:17,  8.68it/s] time=2026-08-01 16:39:47
WATCH_PROGRESS dataset=mmke-visual model=smolvlm-1.7b layer=2 stage=train sig=Epoch 8:  65%|██████▌   | 140/214 [00:16<00:09,  7.81it/s] time=2026-08-01 16:40:47
WATCH_PROGRESS dataset=mmke-visual model=smolvlm-1.7b layer=2 stage=train sig=Epoch 11:   2%|▏         | 4/214 [00:00<00:30,  6.81it/s] time=2026-08-01 16:41:48
WATCH_PROGRESS dataset=mmke-visual model=smolvlm-1.7b layer=2 stage=train sig=Epoch 13:  37%|███▋      | 80/214 [00:09<00:14,  9.24it/s] time=2026-08-01 16:42:48
WATCH_PROGRESS dataset=mmke-visual model=smolvlm-1.7b layer=2 stage=train sig=Epoch 15:  74%|███████▍  | 158/214 [00:18<00:05,  9.38it/s] time=2026-08-01 16:43:48
WATCH_PROGRESS dataset=mmke-visual model=smolvlm-1.7b layer=2 stage=train sig=Epoch 18:  10%|█         | 22/214 [00:02<00:22,  8.61it/s] time=2026-08-01 16:44:48
WATCH_HEARTBEAT dataset=mmke-visual model=smolvlm-1.7b layer=2 stage=train idle_seconds=0 gpu=13295, 67861, 74 time=2026-08-01 16:44:48
WATCH_PROGRESS dataset=mmke-visual model=smolvlm-1.7b layer=2 stage=train sig=Epoch 20:  47%|████▋     | 100/214 [00:11<00:12,  9.37it/s] time=2026-08-01 16:45:49
WATCH_PROGRESS dataset=mmke-visual model=smolvlm-1.7b layer=2 stage=train sig=Epoch 22:  83%|████████▎ | 178/214 [00:21<00:04,  7.86it/s] time=2026-08-01 16:46:49
WATCH_PROGRESS dataset=mmke-visual model=smolvlm-1.7b layer=2 stage=train sig=Epoch 25:  18%|█▊        | 38/214 [00:04<00:18,  9.32it/s] time=2026-08-01 16:47:49
WATCH_PROGRESS dataset=mmke-visual model=smolvlm-1.7b layer=2 stage=train sig=Epoch 27:  54%|█████▍    | 116/214 [00:13<00:11,  8.45it/s] time=2026-08-01 16:48:49
WATCH_PROGRESS dataset=mmke-visual model=smolvlm-1.7b layer=2 stage=train sig=Epoch 29:  90%|████████▉ | 192/214 [00:22<00:02,  8.28it/s] time=2026-08-01 16:49:50
WATCH_PROGRESS dataset=mmke-visual model=smolvlm-1.7b layer=2 stage=train sig=Epoch 32:  24%|██▍       | 52/214 [00:06<00:17,  9.20it/s] time=2026-08-01 16:50:50
WATCH_PROGRESS dataset=mmke-visual model=smolvlm-1.7b layer=2 stage=train sig=Epoch 34:  59%|█████▉    | 126/214 [00:15<00:11,  7.76it/s] time=2026-08-01 16:51:50
WATCH_PROGRESS dataset=mmke-visual model=smolvlm-1.7b layer=2 stage=train sig=Epoch 36:  93%|█████████▎| 198/214 [00:23<00:01,  9.26it/s] time=2026-08-01 16:52:50
WATCH_PROGRESS dataset=mmke-visual model=smolvlm-1.7b layer=2 stage=train sig=Epoch 39:  26%|██▌       | 56/214 [00:06<00:20,  7.79it/s] time=2026-08-01 16:53:51
WATCH_PROGRESS dataset=mmke-visual model=smolvlm-1.7b layer=2 stage=train sig=Epoch 41:  61%|██████    | 130/214 [00:15<00:10,  7.67it/s] time=2026-08-01 16:54:51
WATCH_HEARTBEAT dataset=mmke-visual model=smolvlm-1.7b layer=2 stage=train idle_seconds=0 gpu=13295, 67861, 87 time=2026-08-01 16:54:51
WATCH_PROGRESS dataset=mmke-visual model=smolvlm-1.7b layer=2 stage=train sig=Epoch 43:  96%|█████████▋| 206/214 [00:24<00:01,  7.94it/s] time=2026-08-01 16:55:51
WATCH_PROGRESS dataset=mmke-visual model=smolvlm-1.7b layer=2 stage=train sig=Epoch 46:  30%|██▉       | 64/214 [00:07<00:19,  7.79it/s] time=2026-08-01 16:56:51
WATCH_PROGRESS dataset=mmke-visual model=smolvlm-1.7b layer=2 stage=train sig=Epoch 48:  65%|██████▌   | 140/214 [00:16<00:09,  7.86it/s] time=2026-08-01 16:57:52
WATCH_PROGRESS dataset=mmke-visual model=smolvlm-1.7b layer=2 stage=train sig=Epoch 50: 100%|██████████| 214/214 [00:25<00:00,  8.36it/s][2026-08-01 16:58:52] [train done] layer=2 selected=/tmp/ph_teacher3/mabscos_top3_completion_job3126082_20260801/mmke-visual/smolvlm-1.7b/layer_02/records/vead/smolvlm-1.7b/pilot500_blip2_visedit_L02-lr-1-t-1-v-1/checkpoints/epoch-46-i-4922-ema_loss-0.4114 ema= time=2026-08-01 16:58:52
PROCESS_END dataset=mmke-visual model=smolvlm-1.7b layer=2 stage=train pid=857041 rc=0 time=2026-08-01 16:59:52 CST
STAGE_END dataset=mmke-visual model=smolvlm-1.7b layer=2 stage=train rc=0 time=2026-08-01 16:59:52
STAGE_START dataset=mmke-visual model=smolvlm-1.7b layer=2 stage=eval runner=scripts/run_evqa_pilot500_blip2_visedit_sweep.py config=configs/vead/smolvlm-1.7b.yaml train=/datapool/home/ph_teacher3/Lwy/zhounan/Visedit2/server_results/mmke_visual_top3_union_train_eval_7models_20260613_014644/data/vqa_mmke_visual_train_evqa_compat.json eval=/datapool/home/ph_teacher3/Lwy/zhounan/Visedit2/server_results/mmke_visual_top3_union_train_eval_7models_20260613_014644/data/vqa_mmke_visual_eval_evqa_compat.json buffer=4 lowmem=0 time=2026-08-01 16:59:52
WATCH_START dataset=mmke-visual model=smolvlm-1.7b layer=2 stage=eval idle_limit=7200 log=/tmp/ph_teacher3/mabscos_top3_completion_job3126082_20260801/logs/mmke-visual_smolvlm-1.7b_L2_eval_20260801_163446.log time=2026-08-01 16:59:52 CST
PROCESS_START dataset=mmke-visual model=smolvlm-1.7b layer=2 stage=eval pid=864117 pgid=864117
WATCH_PROGRESS dataset=mmke-visual model=smolvlm-1.7b layer=2 stage=eval sig=Evaluating:   3%|▎         | 8/293 [00:05<02:54,  1.63it/s] time=2026-08-01 17:00:52
WATCH_PROGRESS dataset=mmke-visual model=smolvlm-1.7b layer=2 stage=eval sig=Evaluating:  37%|███▋      | 108/293 [01:05<01:55,  1.60it/s] time=2026-08-01 17:01:52
WATCH_PROGRESS dataset=mmke-visual model=smolvlm-1.7b layer=2 stage=eval sig=Evaluating:  71%|███████▏  | 209/293 [02:06<00:49,  1.70it/s] time=2026-08-01 17:02:53
WATCH_PROGRESS dataset=mmke-visual model=smolvlm-1.7b layer=2 stage=eval sig=Evaluating: 100%|██████████| 293/293 [02:55<00:00,  1.67it/s][2026-08-01 17:03:42] [eval done] layer=2 avg=70.52 time=2026-08-01 17:03:53
PROCESS_END dataset=mmke-visual model=smolvlm-1.7b layer=2 stage=eval pid=864117 rc=0 time=2026-08-01 17:03:53 CST
STAGE_END dataset=mmke-visual model=smolvlm-1.7b layer=2 stage=eval rc=0 time=2026-08-01 17:03:53
CHECKPOINT_CLEANUP layer_dir=/tmp/ph_teacher3/mabscos_top3_completion_job3126082_20260801/mmke-visual/smolvlm-1.7b/layer_02 selected=/tmp/ph_teacher3/mabscos_top3_completion_job3126082_20260801/mmke-visual/smolvlm-1.7b/layer_02/records/vead/smolvlm-1.7b/pilot500_blip2_visedit_L02-lr-1-t-1-v-1/checkpoints/epoch-46-i-4922-ema_loss-0.4114 removed=51 bytes=214298958 time=2026-08-01 17:03:53 CST
LAYER_COMPLETE dataset=mmke-visual model=smolvlm-1.7b layer=2 selected=/tmp/ph_teacher3/mabscos_top3_completion_job3126082_20260801/mmke-visual/smolvlm-1.7b/layer_02/records/vead/smolvlm-1.7b/pilot500_blip2_visedit_L02-lr-1-t-1-v-1/checkpoints/epoch-46-i-4922-ema_loss-0.4114 time=2026-08-01 17:03:53 CST
LAYER_BEGIN dataset=mmke-entity model=blip2-opt-2.7b layer=1 time=2026-08-01 17:04:08 CST
STAGE_START dataset=mmke-entity model=blip2-opt-2.7b layer=1 stage=train runner=scripts/run_evqa_pilot500_blip2_visedit_sweep.py config=configs/vead/blip2-opt-2.7b.yaml train=/datapool/home/ph_teacher3/Lwy/zhounan/Visedit2/server_results/mmke_entity_top3_union_train_eval_7models_20260616_155000/data/vqa_mmke_entity_train_evqa_compat.json eval=/datapool/home/ph_teacher3/Lwy/zhounan/Visedit2/server_results/mmke_entity_top3_union_train_eval_7models_20260616_155000/data/vqa_mmke_entity_eval_evqa_compat.json buffer=4 lowmem=0 time=2026-08-01 17:04:08
WATCH_START dataset=mmke-entity model=blip2-opt-2.7b layer=1 stage=train idle_limit=7200 log=/tmp/ph_teacher3/mabscos_top3_completion_job3126082_20260801/logs/mmke-entity_blip2-opt-2.7b_L1_train_20260801_163446.log time=2026-08-01 17:04:08 CST
PROCESS_START dataset=mmke-entity model=blip2-opt-2.7b layer=1 stage=train pid=865444 pgid=865444
WATCH_PROGRESS dataset=mmke-entity model=blip2-opt-2.7b layer=1 stage=train sig=Loading images:  57%|█████▋    | 365/636 [00:42<00:23, 11.36it/s] time=2026-08-01 17:05:08
WATCH_PROGRESS dataset=mmke-entity model=blip2-opt-2.7b layer=1 stage=train sig=Loading checkpoint shards:   0%|          | 0/2 [00:00<?, ?it/s] time=2026-08-01 17:06:09
WATCH_PROGRESS dataset=mmke-entity model=blip2-opt-2.7b layer=1 stage=train sig=Pre-processing train data:   5%|▍         | 31/636 [00:12<03:46,  2.67it/s] time=2026-08-01 17:07:09
WATCH_PROGRESS dataset=mmke-entity model=blip2-opt-2.7b layer=1 stage=train sig=Pre-processing train data:  31%|███▏      | 199/636 [01:13<02:35,  2.81it/s] time=2026-08-01 17:08:09
WATCH_PROGRESS dataset=mmke-entity model=blip2-opt-2.7b layer=1 stage=train sig=Pre-processing train data:  57%|█████▋    | 365/636 [02:13<01:46,  2.55it/s] time=2026-08-01 17:09:09
WATCH_PROGRESS dataset=mmke-entity model=blip2-opt-2.7b layer=1 stage=train sig=Pre-processing train data:  84%|████████▎ | 532/636 [03:13<00:35,  2.89it/s] time=2026-08-01 17:10:10
WATCH_PROGRESS dataset=mmke-entity model=blip2-opt-2.7b layer=1 stage=train sig=Epoch 1:   3%|▎         | 22/636 [00:22<09:31,  1.07it/s] time=2026-08-01 17:11:10
WATCH_PROGRESS dataset=mmke-entity model=blip2-opt-2.7b layer=1 stage=train sig=Epoch 1:  13%|█▎        | 82/636 [01:21<08:23,  1.10it/s] time=2026-08-01 17:12:10
WATCH_PROGRESS dataset=mmke-entity model=blip2-opt-2.7b layer=1 stage=train sig=Epoch 1:  23%|██▎       | 146/636 [02:22<07:45,  1.05it/s] time=2026-08-01 17:13:10
WATCH_PROGRESS dataset=mmke-entity model=blip2-opt-2.7b layer=1 stage=train sig=Epoch 1:  33%|███▎      | 210/636 [03:23<06:20,  1.12it/s] time=2026-08-01 17:14:11
WATCH_HEARTBEAT dataset=mmke-entity model=blip2-opt-2.7b layer=1 stage=train idle_seconds=0 gpu=37719, 43437, 98 time=2026-08-01 17:14:11
WATCH_PROGRESS dataset=mmke-entity model=blip2-opt-2.7b layer=1 stage=train sig=Epoch 1:  42%|████▏     | 270/636 [04:23<05:37,  1.08it/s] time=2026-08-01 17:15:11
WATCH_PROGRESS dataset=mmke-entity model=blip2-opt-2.7b layer=1 stage=train sig=Epoch 1:  52%|█████▏    | 332/636 [05:23<04:53,  1.03it/s] time=2026-08-01 17:16:11
WATCH_PROGRESS dataset=mmke-entity model=blip2-opt-2.7b layer=1 stage=train sig=Epoch 1:  62%|██████▏   | 394/636 [06:23<03:50,  1.05it/s] time=2026-08-01 17:17:11
WATCH_PROGRESS dataset=mmke-entity model=blip2-opt-2.7b layer=1 stage=train sig=Epoch 1:  72%|███████▏  | 456/636 [07:23<02:51,  1.05it/s] time=2026-08-01 17:18:12
WATCH_PROGRESS dataset=mmke-entity model=blip2-opt-2.7b layer=1 stage=train sig=Epoch 1:  82%|████████▏ | 520/636 [08:24<01:54,  1.01it/s] time=2026-08-01 17:19:12
WATCH_PROGRESS dataset=mmke-entity model=blip2-opt-2.7b layer=1 stage=train sig=Epoch 1:  92%|█████████▏| 582/636 [09:23<00:49,  1.09it/s] time=2026-08-01 17:20:12
WATCH_PROGRESS dataset=mmke-entity model=blip2-opt-2.7b layer=1 stage=train sig=Epoch 2:   1%|▏         | 8/636 [00:07<09:19,  1.12it/s] time=2026-08-01 17:21:12
WATCH_PROGRESS dataset=mmke-entity model=blip2-opt-2.7b layer=1 stage=train sig=Epoch 2:  11%|█▏        | 72/636 [01:06<08:22,  1.12it/s] time=2026-08-01 17:22:12
WATCH_PROGRESS dataset=mmke-entity model=blip2-opt-2.7b layer=1 stage=train sig=Epoch 2:  21%|██▏       | 136/636 [02:08<07:09,  1.16it/s] time=2026-08-01 17:23:13
WATCH_PROGRESS dataset=mmke-entity model=blip2-opt-2.7b layer=1 stage=train sig=Epoch 2:  31%|███       | 196/636 [03:06<06:46,  1.08it/s] time=2026-08-01 17:24:13
WATCH_HEARTBEAT dataset=mmke-entity model=blip2-opt-2.7b layer=1 stage=train idle_seconds=0 gpu=37719, 43437, 99 time=2026-08-01 17:24:13
WATCH_PROGRESS dataset=mmke-entity model=blip2-opt-2.7b layer=1 stage=train sig=Epoch 2:  41%|████      | 258/636 [04:08<06:13,  1.01it/s] time=2026-08-01 17:25:13
WATCH_PROGRESS dataset=mmke-entity model=blip2-opt-2.7b layer=1 stage=train sig=Epoch 2:  50%|█████     | 320/636 [05:08<04:53,  1.08it/s] time=2026-08-01 17:26:13
WATCH_PROGRESS dataset=mmke-entity model=blip2-opt-2.7b layer=1 stage=train sig=Epoch 2:  60%|█████▉    | 380/636 [06:08<04:03,  1.05it/s] time=2026-08-01 17:27:14
WATCH_PROGRESS dataset=mmke-entity model=blip2-opt-2.7b layer=1 stage=train sig=Epoch 2:  70%|██████▉   | 444/636 [07:09<02:58,  1.07it/s] time=2026-08-01 17:28:14
WATCH_PROGRESS dataset=mmke-entity model=blip2-opt-2.7b layer=1 stage=train sig=Epoch 2:  79%|███████▉  | 504/636 [08:08<02:05,  1.06it/s] time=2026-08-01 17:29:14
WATCH_PROGRESS dataset=mmke-entity model=blip2-opt-2.7b layer=1 stage=train sig=Epoch 2:  89%|████████▉ | 566/636 [09:09<01:08,  1.03it/s] time=2026-08-01 17:30:14
WATCH_PROGRESS dataset=mmke-entity model=blip2-opt-2.7b layer=1 stage=train sig=Epoch 2:  99%|█████████▊| 628/636 [10:08<00:06,  1.15it/s] time=2026-08-01 17:31:15
WATCH_PROGRESS dataset=mmke-entity model=blip2-opt-2.7b layer=1 stage=train sig=Epoch 3:   9%|▉         | 56/636 [00:53<08:48,  1.10it/s] time=2026-08-01 17:32:15
WATCH_PROGRESS dataset=mmke-entity model=blip2-opt-2.7b layer=1 stage=train sig=Epoch 3:  19%|█▊        | 118/636 [01:54<08:29,  1.02it/s] time=2026-08-01 17:33:15
WATCH_PROGRESS dataset=mmke-entity model=blip2-opt-2.7b layer=1 stage=train sig=Epoch 3:  28%|██▊       | 180/636 [02:53<06:42,  1.13it/s] time=2026-08-01 17:34:15
WATCH_HEARTBEAT dataset=mmke-entity model=blip2-opt-2.7b layer=1 stage=train idle_seconds=0 gpu=38221, 42935, 99 time=2026-08-01 17:34:15
WATCH_PROGRESS dataset=mmke-entity model=blip2-opt-2.7b layer=1 stage=train sig=Epoch 3:  38%|███▊      | 244/636 [03:55<06:00,  1.09it/s] time=2026-08-01 17:35:16
WATCH_PROGRESS dataset=mmke-entity model=blip2-opt-2.7b layer=1 stage=train sig=Epoch 3:  48%|████▊     | 306/636 [04:54<05:23,  1.02it/s] time=2026-08-01 17:36:16
WATCH_PROGRESS dataset=mmke-entity model=blip2-opt-2.7b layer=1 stage=train sig=Epoch 3:  58%|█████▊    | 368/636 [05:53<03:58,  1.12it/s] time=2026-08-01 17:37:16
WATCH_PROGRESS dataset=mmke-entity model=blip2-opt-2.7b layer=1 stage=train sig=Epoch 3:  68%|██████▊   | 430/636 [06:54<03:29,  1.02s/it] time=2026-08-01 17:38:16
WATCH_PROGRESS dataset=mmke-entity model=blip2-opt-2.7b layer=1 stage=train sig=Epoch 3:  77%|███████▋  | 492/636 [07:54<02:05,  1.15it/s] time=2026-08-01 17:39:16
WATCH_PROGRESS dataset=mmke-entity model=blip2-opt-2.7b layer=1 stage=train sig=Epoch 3:  87%|████████▋ | 554/636 [08:55<01:24,  1.03s/it] time=2026-08-01 17:40:17
WATCH_PROGRESS dataset=mmke-entity model=blip2-opt-2.7b layer=1 stage=train sig=Epoch 3:  97%|█████████▋| 616/636 [09:56<00:18,  1.10it/s] time=2026-08-01 17:41:17
WATCH_PROGRESS dataset=mmke-entity model=blip2-opt-2.7b layer=1 stage=train sig=Epoch 4:   6%|▋         | 40/636 [00:39<09:39,  1.03it/s] time=2026-08-01 17:42:17
WATCH_PROGRESS dataset=mmke-entity model=blip2-opt-2.7b layer=1 stage=train sig=Epoch 4:  16%|█▌        | 102/636 [01:40<09:01,  1.01s/it] time=2026-08-01 17:43:17
WATCH_PROGRESS dataset=mmke-entity model=blip2-opt-2.7b layer=1 stage=train sig=Epoch 4:  26%|██▌       | 166/636 [02:41<07:34,  1.03it/s] time=2026-08-01 17:44:18
WATCH_HEARTBEAT dataset=mmke-entity model=blip2-opt-2.7b layer=1 stage=train idle_seconds=0 gpu=38221, 42935, 98 time=2026-08-01 17:44:18
WATCH_PROGRESS dataset=mmke-entity model=blip2-opt-2.7b layer=1 stage=train sig=Epoch 4:  36%|███▌      | 228/636 [03:41<06:25,  1.06it/s] time=2026-08-01 17:45:18
WATCH_PROGRESS dataset=mmke-entity model=blip2-opt-2.7b layer=1 stage=train sig=Epoch 4:  45%|████▌     | 288/636 [04:39<05:21,  1.08it/s] time=2026-08-01 17:46:18
WATCH_PROGRESS dataset=mmke-entity model=blip2-opt-2.7b layer=1 stage=train sig=Epoch 4:  55%|█████▌    | 352/636 [05:40<04:23,  1.08it/s] time=2026-08-01 17:47:18
WATCH_PROGRESS dataset=mmke-entity model=blip2-opt-2.7b layer=1 stage=train sig=Epoch 4:  65%|██████▌   | 416/636 [06:42<03:13,  1.14it/s] time=2026-08-01 17:48:19
WATCH_PROGRESS dataset=mmke-entity model=blip2-opt-2.7b layer=1 stage=train sig=Epoch 4:  75%|███████▌  | 478/636 [07:41<02:39,  1.01s/it] time=2026-08-01 17:49:19
WATCH_PROGRESS dataset=mmke-entity model=blip2-opt-2.7b layer=1 stage=train sig=Epoch 4:  85%|████████▍ | 540/636 [08:42<01:39,  1.04s/it] time=2026-08-01 17:50:19
WATCH_PROGRESS dataset=mmke-entity model=blip2-opt-2.7b layer=1 stage=train sig=Epoch 4:  95%|█████████▍| 602/636 [09:42<00:30,  1.12it/s] time=2026-08-01 17:51:19
WATCH_PROGRESS dataset=mmke-entity model=blip2-opt-2.7b layer=1 stage=train sig=Epoch 5:   5%|▍         | 30/636 [00:28<09:32,  1.06it/s] time=2026-08-01 17:52:20
WATCH_PROGRESS dataset=mmke-entity model=blip2-opt-2.7b layer=1 stage=train sig=Epoch 5:  14%|█▍        | 92/636 [01:28<09:04,  1.00s/it] time=2026-08-01 17:53:20
WATCH_PROGRESS dataset=mmke-entity model=blip2-opt-2.7b layer=1 stage=train sig=Epoch 5:  24%|██▍       | 154/636 [02:28<07:12,  1.11it/s] time=2026-08-01 17:54:20
WATCH_HEARTBEAT dataset=mmke-entity model=blip2-opt-2.7b layer=1 stage=train idle_seconds=0 gpu=38221, 42935, 100 time=2026-08-01 17:54:20
WATCH_PROGRESS dataset=mmke-entity model=blip2-opt-2.7b layer=1 stage=train sig=Epoch 5:  34%|███▎      | 214/636 [03:27<06:50,  1.03it/s] time=2026-08-01 17:55:20
WATCH_PROGRESS dataset=mmke-entity model=blip2-opt-2.7b layer=1 stage=train sig=Epoch 5:  44%|████▎     | 278/636 [04:28<05:10,  1.15it/s] time=2026-08-01 17:56:21
WATCH_PROGRESS dataset=mmke-entity model=blip2-opt-2.7b layer=1 stage=train sig=Epoch 5:  53%|█████▎    | 340/636 [05:29<05:02,  1.02s/it] time=2026-08-01 17:57:21
WATCH_PROGRESS dataset=mmke-entity model=blip2-opt-2.7b layer=1 stage=train sig=Epoch 5:  63%|██████▎   | 402/636 [06:29<03:26,  1.13it/s] time=2026-08-01 17:58:21
WATCH_PROGRESS dataset=mmke-entity model=blip2-opt-2.7b layer=1 stage=train sig=Epoch 5:  73%|███████▎  | 464/636 [07:29<02:55,  1.02s/it] time=2026-08-01 17:59:21
WATCH_PROGRESS dataset=mmke-entity model=blip2-opt-2.7b layer=1 stage=train sig=Epoch 5:  83%|████████▎ | 526/636 [08:29<01:48,  1.02it/s] time=2026-08-01 18:00:22
WATCH_PROGRESS dataset=mmke-entity model=blip2-opt-2.7b layer=1 stage=train sig=Epoch 5:  93%|█████████▎| 590/636 [09:30<00:40,  1.14it/s] time=2026-08-01 18:01:22
WATCH_PROGRESS dataset=mmke-entity model=blip2-opt-2.7b layer=1 stage=train sig=Epoch 6:   2%|▏         | 14/636 [00:12<08:58,  1.15it/s] time=2026-08-01 18:02:22
WATCH_PROGRESS dataset=mmke-entity model=blip2-opt-2.7b layer=1 stage=train sig=Epoch 6:  12%|█▏        | 78/636 [01:13<08:15,  1.13it/s] time=2026-08-01 18:03:22
WATCH_PROGRESS dataset=mmke-entity model=blip2-opt-2.7b layer=1 stage=train sig=Epoch 6:  22%|██▏       | 142/636 [02:14<07:31,  1.10it/s] time=2026-08-01 18:04:23
WATCH_HEARTBEAT dataset=mmke-entity model=blip2-opt-2.7b layer=1 stage=train idle_seconds=0 gpu=38221, 42935, 90 time=2026-08-01 18:04:23
WATCH_PROGRESS dataset=mmke-entity model=blip2-opt-2.7b layer=1 stage=train sig=Epoch 6:  32%|███▏      | 204/636 [03:14<07:39,  1.06s/it] time=2026-08-01 18:05:23
WATCH_PROGRESS dataset=mmke-entity model=blip2-opt-2.7b layer=1 stage=train sig=Epoch 6:  42%|████▏     | 266/636 [04:15<05:34,  1.11it/s] time=2026-08-01 18:06:23
WATCH_PROGRESS dataset=mmke-entity model=blip2-opt-2.7b layer=1 stage=train sig=Epoch 6:  51%|█████▏    | 326/636 [05:13<04:42,  1.10it/s] time=2026-08-01 18:07:23
WATCH_PROGRESS dataset=mmke-entity model=blip2-opt-2.7b layer=1 stage=train sig=Epoch 6:  61%|██████    | 386/636 [06:15<03:52,  1.08it/s] time=2026-08-01 18:08:24
WATCH_PROGRESS dataset=mmke-entity model=blip2-opt-2.7b layer=1 stage=train sig=Epoch 6:  71%|███████   | 450/636 [07:15<02:51,  1.08it/s] time=2026-08-01 18:09:24
WATCH_PROGRESS dataset=mmke-entity model=blip2-opt-2.7b layer=1 stage=train sig=Epoch 6:  81%|████████  | 512/636 [08:16<02:06,  1.02s/it] time=2026-08-01 18:10:24
WATCH_PROGRESS dataset=mmke-entity model=blip2-opt-2.7b layer=1 stage=train sig=Epoch 6:  90%|█████████ | 574/636 [09:15<00:58,  1.06it/s] time=2026-08-01 18:11:24
WATCH_PROGRESS dataset=mmke-entity model=blip2-opt-2.7b layer=1 stage=train sig=Epoch 7:   0%|          | 0/636 [00:00<?, ?it/s] time=2026-08-01 18:12:25
WATCH_PROGRESS dataset=mmke-entity model=blip2-opt-2.7b layer=1 stage=train sig=Epoch 7:  10%|▉         | 62/636 [00:58<08:38,  1.11it/s] time=2026-08-01 18:13:25
WATCH_PROGRESS dataset=mmke-entity model=blip2-opt-2.7b layer=1 stage=train sig=Epoch 7:  20%|█▉        | 126/636 [02:00<07:37,  1.12it/s] time=2026-08-01 18:14:25
WATCH_HEARTBEAT dataset=mmke-entity model=blip2-opt-2.7b layer=1 stage=train idle_seconds=0 gpu=38221, 42935, 96 time=2026-08-01 18:14:25
WATCH_PROGRESS dataset=mmke-entity model=blip2-opt-2.7b layer=1 stage=train sig=Epoch 7:  30%|██▉       | 188/636 [03:00<08:00,  1.07s/it] time=2026-08-01 18:15:25
WATCH_PROGRESS dataset=mmke-entity model=blip2-opt-2.7b layer=1 stage=train sig=Epoch 7:  39%|███▉      | 250/636 [04:00<05:51,  1.10it/s] time=2026-08-01 18:16:26
WATCH_PROGRESS dataset=mmke-entity model=blip2-opt-2.7b layer=1 stage=train sig=Epoch 7:  49%|████▉     | 312/636 [05:01<05:32,  1.03s/it] time=2026-08-01 18:17:26
WATCH_PROGRESS dataset=mmke-entity model=blip2-opt-2.7b layer=1 stage=train sig=Epoch 7:  59%|█████▉    | 374/636 [06:01<04:04,  1.07it/s] time=2026-08-01 18:18:26
WATCH_PROGRESS dataset=mmke-entity model=blip2-opt-2.7b layer=1 stage=train sig=Epoch 7:  67%|██████▋   | 428/636 [06:58<05:06,  1.47s/it] time=2026-08-01 18:19:26
WATCH_PROGRESS dataset=mmke-entity model=blip2-opt-2.7b layer=1 stage=train sig=Epoch 7:  72%|███████▏  | 456/636 [07:59<06:18,  2.10s/it] time=2026-08-01 18:20:27
WATCH_PROGRESS dataset=mmke-entity model=blip2-opt-2.7b layer=1 stage=train sig=Epoch 7:  76%|███████▌  | 484/636 [09:00<05:32,  2.19s/it] time=2026-08-01 18:21:27
WATCH_PROGRESS dataset=mmke-entity model=blip2-opt-2.7b layer=1 stage=train sig=Epoch 7:  81%|████████  | 512/636 [10:00<04:33,  2.21s/it] time=2026-08-01 18:22:27
WATCH_PROGRESS dataset=mmke-entity model=blip2-opt-2.7b layer=1 stage=train sig=Epoch 7:  85%|████████▍ | 540/636 [11:03<03:40,  2.30s/it] time=2026-08-01 18:23:27
WATCH_PROGRESS dataset=mmke-entity model=blip2-opt-2.7b layer=1 stage=train sig=Epoch 7:  89%|████████▉ | 566/636 [12:01<02:36,  2.23s/it] time=2026-08-01 18:24:28
WATCH_HEARTBEAT dataset=mmke-entity model=blip2-opt-2.7b layer=1 stage=train idle_seconds=0 gpu=46855, 34302, 100 time=2026-08-01 18:24:28
WATCH_PROGRESS dataset=mmke-entity model=blip2-opt-2.7b layer=1 stage=train sig=Epoch 7:  93%|█████████▎| 594/636 [13:02<01:31,  2.19s/it] time=2026-08-01 18:25:28
WATCH_PROGRESS dataset=mmke-entity model=blip2-opt-2.7b layer=1 stage=train sig=Epoch 7:  97%|█████████▋| 620/636 [14:02<00:37,  2.36s/it] time=2026-08-01 18:26:28
WATCH_PROGRESS dataset=mmke-entity model=blip2-opt-2.7b layer=1 stage=train sig=Epoch 8:   2%|▏         | 12/636 [00:27<23:18,  2.24s/it] time=2026-08-01 18:27:28
WATCH_PROGRESS dataset=mmke-entity model=blip2-opt-2.7b layer=1 stage=train sig=Epoch 8:   6%|▌         | 38/636 [01:23<22:37,  2.27s/it] time=2026-08-01 18:28:29
WATCH_PROGRESS dataset=mmke-entity model=blip2-opt-2.7b layer=1 stage=train sig=Epoch 8:  10%|█         | 66/636 [02:24<19:43,  2.08s/it] time=2026-08-01 18:29:29
WATCH_PROGRESS dataset=mmke-entity model=blip2-opt-2.7b layer=1 stage=train sig=Epoch 8:  15%|█▍        | 94/636 [03:25<19:36,  2.17s/it] time=2026-08-01 18:30:29
WATCH_PROGRESS dataset=mmke-entity model=blip2-opt-2.7b layer=1 stage=train sig=Epoch 8:  19%|█▉        | 120/636 [04:24<19:42,  2.29s/it] time=2026-08-01 18:31:29
WATCH_PROGRESS dataset=mmke-entity model=blip2-opt-2.7b layer=1 stage=train sig=Epoch 8:  23%|██▎       | 148/636 [05:26<17:47,  2.19s/it] time=2026-08-01 18:32:30
WATCH_PROGRESS dataset=mmke-entity model=blip2-opt-2.7b layer=1 stage=train sig=Epoch 8:  28%|██▊       | 176/636 [06:28<17:32,  2.29s/it] time=2026-08-01 18:33:30
WATCH_PROGRESS dataset=mmke-entity model=blip2-opt-2.7b layer=1 stage=train sig=Epoch 8:  33%|███▎      | 212/636 [07:28<07:04,  1.00s/it] time=2026-08-01 18:34:30
WATCH_HEARTBEAT dataset=mmke-entity model=blip2-opt-2.7b layer=1 stage=train idle_seconds=0 gpu=38221, 42935, 96 time=2026-08-01 18:34:30
WATCH_PROGRESS dataset=mmke-entity model=blip2-opt-2.7b layer=1 stage=train sig=Epoch 8:  43%|████▎     | 272/636 [08:27<05:40,  1.07it/s] time=2026-08-01 18:35:30
WATCH_PROGRESS dataset=mmke-entity model=blip2-opt-2.7b layer=1 stage=train sig=Epoch 8:  53%|█████▎    | 336/636 [09:28<04:28,  1.12it/s] time=2026-08-01 18:36:31
WATCH_PROGRESS dataset=mmke-entity model=blip2-opt-2.7b layer=1 stage=train sig=Epoch 8:  63%|██████▎   | 400/636 [10:29<03:42,  1.06it/s] time=2026-08-01 18:37:31
WATCH_PROGRESS dataset=mmke-entity model=blip2-opt-2.7b layer=1 stage=train sig=Epoch 8:  73%|███████▎  | 464/636 [11:30<02:30,  1.14it/s] time=2026-08-01 18:38:31
WATCH_PROGRESS dataset=mmke-entity model=blip2-opt-2.7b layer=1 stage=train sig=Epoch 8:  83%|████████▎ | 526/636 [12:30<01:42,  1.08it/s] time=2026-08-01 18:39:31
WATCH_PROGRESS dataset=mmke-entity model=blip2-opt-2.7b layer=1 stage=train sig=Epoch 8:  92%|█████████▏| 586/636 [13:30<00:55,  1.10s/it] time=2026-08-01 18:40:32
WATCH_PROGRESS dataset=mmke-entity model=blip2-opt-2.7b layer=1 stage=train sig=Epoch 9:   2%|▏         | 12/636 [00:10<09:19,  1.11it/s] time=2026-08-01 18:41:32
WATCH_PROGRESS dataset=mmke-entity model=blip2-opt-2.7b layer=1 stage=train sig=Epoch 9:  12%|█▏        | 76/636 [01:12<08:59,  1.04it/s] time=2026-08-01 18:42:32
WATCH_PROGRESS dataset=mmke-entity model=blip2-opt-2.7b layer=1 stage=train sig=Epoch 9:  22%|██▏       | 138/636 [02:13<08:27,  1.02s/it] time=2026-08-01 18:43:32
WATCH_PROGRESS dataset=mmke-entity model=blip2-opt-2.7b layer=1 stage=train sig=Epoch 9:  31%|███       | 198/636 [03:12<07:28,  1.02s/it] time=2026-08-01 18:44:33
WATCH_HEARTBEAT dataset=mmke-entity model=blip2-opt-2.7b layer=1 stage=train idle_seconds=0 gpu=38221, 42935, 100 time=2026-08-01 18:44:33
WATCH_PROGRESS dataset=mmke-entity model=blip2-opt-2.7b layer=1 stage=train sig=Epoch 9:  41%|████      | 260/636 [04:13<06:17,  1.00s/it] time=2026-08-01 18:45:33
WATCH_PROGRESS dataset=mmke-entity model=blip2-opt-2.7b layer=1 stage=train sig=Epoch 9:  51%|█████     | 324/636 [05:14<05:19,  1.02s/it] time=2026-08-01 18:46:33
WATCH_PROGRESS dataset=mmke-entity model=blip2-opt-2.7b layer=1 stage=train sig=Epoch 9:  61%|██████    | 386/636 [06:13<03:43,  1.12it/s] time=2026-08-01 18:47:33
WATCH_PROGRESS dataset=mmke-entity model=blip2-opt-2.7b layer=1 stage=train sig=Epoch 9:  70%|███████   | 446/636 [07:13<03:03,  1.04it/s] time=2026-08-01 18:48:34
WATCH_PROGRESS dataset=mmke-entity model=blip2-opt-2.7b layer=1 stage=train sig=Epoch 9:  80%|███████▉  | 508/636 [08:14<02:07,  1.00it/s] time=2026-08-01 18:49:34
WATCH_PROGRESS dataset=mmke-entity model=blip2-opt-2.7b layer=1 stage=train sig=Epoch 9:  90%|████████▉ | 572/636 [09:14<01:03,  1.01it/s] time=2026-08-01 18:50:34
WATCH_PROGRESS dataset=mmke-entity model=blip2-opt-2.7b layer=1 stage=train sig=Epoch 9: 100%|█████████▉| 634/636 [10:13<00:01,  1.09it/s] time=2026-08-01 18:51:34
WATCH_PROGRESS dataset=mmke-entity model=blip2-opt-2.7b layer=1 stage=train sig=Epoch 10:   9%|▉         | 60/636 [00:59<08:40,  1.11it/s] time=2026-08-01 18:52:35
WATCH_PROGRESS dataset=mmke-entity model=blip2-opt-2.7b layer=1 stage=train sig=Epoch 10:  19%|█▉        | 120/636 [01:58<08:26,  1.02it/s] time=2026-08-01 18:53:35
WATCH_PROGRESS dataset=mmke-entity model=blip2-opt-2.7b layer=1 stage=train sig=Epoch 10:  29%|██▊       | 182/636 [02:58<07:41,  1.02s/it] time=2026-08-01 18:54:35
WATCH_HEARTBEAT dataset=mmke-entity model=blip2-opt-2.7b layer=1 stage=train idle_seconds=0 gpu=38221, 42935, 100 time=2026-08-01 18:54:35
WATCH_PROGRESS dataset=mmke-entity model=blip2-opt-2.7b layer=1 stage=train sig=Epoch 10:  39%|███▊      | 246/636 [04:00<06:59,  1.08s/it] time=2026-08-01 18:55:35
WATCH_PROGRESS dataset=mmke-entity model=blip2-opt-2.7b layer=1 stage=train sig=Epoch 10:  48%|████▊     | 308/636 [04:58<04:56,  1.11it/s] time=2026-08-01 18:56:36
WATCH_PROGRESS dataset=mmke-entity model=blip2-opt-2.7b layer=1 stage=train sig=Epoch 10:  58%|█████▊    | 372/636 [05:58<03:44,  1.17it/s] time=2026-08-01 18:57:36
WATCH_PROGRESS dataset=mmke-entity model=blip2-opt-2.7b layer=1 stage=train sig=Epoch 10:  68%|██████▊   | 434/636 [07:00<03:26,  1.02s/it] time=2026-08-01 18:58:36
WATCH_PROGRESS dataset=mmke-entity model=blip2-opt-2.7b layer=1 stage=train sig=Epoch 10:  78%|███████▊  | 496/636 [07:59<02:07,  1.10it/s] time=2026-08-01 18:59:36
WATCH_PROGRESS dataset=mmke-entity model=blip2-opt-2.7b layer=1 stage=train sig=Epoch 10:  88%|████████▊ | 558/636 [09:00<01:19,  1.02s/it] time=2026-08-01 19:00:37
WATCH_PROGRESS dataset=mmke-entity model=blip2-opt-2.7b layer=1 stage=train sig=Epoch 10:  97%|█████████▋| 620/636 [10:01<00:15,  1.05it/s] time=2026-08-01 19:01:37
WATCH_PROGRESS dataset=mmke-entity model=blip2-opt-2.7b layer=1 stage=train sig=Epoch 11:   8%|▊         | 48/636 [00:44<08:32,  1.15it/s] time=2026-08-01 19:02:37
WATCH_PROGRESS dataset=mmke-entity model=blip2-opt-2.7b layer=1 stage=train sig=Epoch 11:  17%|█▋        | 110/636 [01:45<09:22,  1.07s/it] time=2026-08-01 19:03:37
WATCH_PROGRESS dataset=mmke-entity model=blip2-opt-2.7b layer=1 stage=train sig=Epoch 11:  27%|██▋       | 172/636 [02:44<06:54,  1.12it/s] time=2026-08-01 19:04:38
WATCH_HEARTBEAT dataset=mmke-entity model=blip2-opt-2.7b layer=1 stage=train idle_seconds=0 gpu=38221, 42935, 99 time=2026-08-01 19:04:38
WATCH_PROGRESS dataset=mmke-entity model=blip2-opt-2.7b layer=1 stage=train sig=Epoch 11:  37%|███▋      | 236/636 [03:45<05:53,  1.13it/s] time=2026-08-01 19:05:38
WATCH_PROGRESS dataset=mmke-entity model=blip2-opt-2.7b layer=1 stage=train sig=Epoch 11:  47%|████▋     | 298/636 [04:45<05:38,  1.00s/it] time=2026-08-01 19:06:38
WATCH_PROGRESS dataset=mmke-entity model=blip2-opt-2.7b layer=1 stage=train sig=Epoch 11:  57%|█████▋    | 360/636 [05:46<04:34,  1.01it/s] time=2026-08-01 19:07:38
WATCH_PROGRESS dataset=mmke-entity model=blip2-opt-2.7b layer=1 stage=train sig=Epoch 11:  66%|██████▋   | 422/636 [06:45<03:16,  1.09it/s] time=2026-08-01 19:08:39
WATCH_PROGRESS dataset=mmke-entity model=blip2-opt-2.7b layer=1 stage=train sig=Epoch 11:  76%|███████▌  | 482/636 [07:45<02:33,  1.00it/s] time=2026-08-01 19:09:39
WATCH_PROGRESS dataset=mmke-entity model=blip2-opt-2.7b layer=1 stage=train sig=Epoch 11:  86%|████████▌ | 544/636 [08:46<01:33,  1.02s/it] time=2026-08-01 19:10:39
WATCH_PROGRESS dataset=mmke-entity model=blip2-opt-2.7b layer=1 stage=train sig=Epoch 11:  92%|█████████▏| 588/636 [09:46<01:00,  1.25s/it] time=2026-08-01 19:11:39
WATCH_PROGRESS dataset=mmke-entity model=blip2-opt-2.7b layer=1 stage=train sig=Epoch 12:   2%|▏         | 12/636 [00:11<09:17,  1.12it/s] time=2026-08-01 19:12:40
WATCH_PROGRESS dataset=mmke-entity model=blip2-opt-2.7b layer=1 stage=train sig=Epoch 12:  12%|█▏        | 76/636 [01:12<08:54,  1.05it/s] time=2026-08-01 19:13:40
WATCH_PROGRESS dataset=mmke-entity model=blip2-opt-2.7b layer=1 stage=train sig=Epoch 12:  22%|██▏       | 138/636 [02:11<07:19,  1.13it/s] time=2026-08-01 19:14:40
WATCH_HEARTBEAT dataset=mmke-entity model=blip2-opt-2.7b layer=1 stage=train idle_seconds=0 gpu=38221, 42935, 99 time=2026-08-01 19:14:40
WATCH_PROGRESS dataset=mmke-entity model=blip2-opt-2.7b layer=1 stage=train sig=Epoch 12:  32%|███▏      | 202/636 [03:14<06:37,  1.09it/s] time=2026-08-01 19:15:40
WATCH_PROGRESS dataset=mmke-entity model=blip2-opt-2.7b layer=1 stage=train sig=Epoch 12:  41%|████      | 262/636 [04:14<05:46,  1.08it/s] time=2026-08-01 19:16:41
WATCH_PROGRESS dataset=mmke-entity model=blip2-opt-2.7b layer=1 stage=train sig=Epoch 12:  51%|█████     | 322/636 [05:12<04:46,  1.10it/s] time=2026-08-01 19:17:41
WATCH_PROGRESS dataset=mmke-entity model=blip2-opt-2.7b layer=1 stage=train sig=Epoch 12:  61%|██████    | 386/636 [06:14<03:41,  1.13it/s] time=2026-08-01 19:18:41
WATCH_PROGRESS dataset=mmke-entity model=blip2-opt-2.7b layer=1 stage=train sig=Epoch 12:  71%|███████   | 450/636 [07:14<02:48,  1.10it/s] time=2026-08-01 19:19:41
WATCH_PROGRESS dataset=mmke-entity model=blip2-opt-2.7b layer=1 stage=train sig=Epoch 12:  78%|███████▊  | 494/636 [08:14<03:35,  1.51s/it] time=2026-08-01 19:20:42
WATCH_PROGRESS dataset=mmke-entity model=blip2-opt-2.7b layer=1 stage=train sig=Epoch 12:  84%|████████▍ | 536/636 [09:14<02:42,  1.63s/it] time=2026-08-01 19:21:42
WATCH_PROGRESS dataset=mmke-entity model=blip2-opt-2.7b layer=1 stage=train sig=Epoch 12:  91%|█████████ | 578/636 [10:13<01:19,  1.37s/it] time=2026-08-01 19:22:42
WATCH_PROGRESS dataset=mmke-entity model=blip2-opt-2.7b layer=1 stage=train sig=Epoch 12:  99%|█████████▊| 628/636 [11:14<00:08,  1.12s/it] time=2026-08-01 19:23:42
WATCH_PROGRESS dataset=mmke-entity model=blip2-opt-2.7b layer=1 stage=train sig=Epoch 13:   5%|▌         | 34/636 [00:49<15:05,  1.50s/it] time=2026-08-01 19:24:43
WATCH_HEARTBEAT dataset=mmke-entity model=blip2-opt-2.7b layer=1 stage=train idle_seconds=0 gpu=75217, 5940, 100 time=2026-08-01 19:24:43
WATCH_PROGRESS dataset=mmke-entity model=blip2-opt-2.7b layer=1 stage=train sig=Epoch 13:  12%|█▏        | 78/636 [01:50<12:21,  1.33s/it] time=2026-08-01 19:25:43
WATCH_PROGRESS dataset=mmke-entity model=blip2-opt-2.7b layer=1 stage=train sig=Epoch 13:  19%|█▉        | 122/636 [02:51<10:54,  1.27s/it] time=2026-08-01 19:26:43
WATCH_PROGRESS dataset=mmke-entity model=blip2-opt-2.7b layer=1 stage=train sig=Epoch 13:  26%|██▋       | 168/636 [03:50<09:42,  1.24s/it] time=2026-08-01 19:27:43
WATCH_PROGRESS dataset=mmke-entity model=blip2-opt-2.7b layer=1 stage=train sig=Epoch 13:  33%|███▎      | 208/636 [04:49<10:50,  1.52s/it] time=2026-08-01 19:28:44
WATCH_PROGRESS dataset=mmke-entity model=blip2-opt-2.7b layer=1 stage=train sig=Epoch 13:  39%|███▉      | 250/636 [05:50<09:54,  1.54s/it] time=2026-08-01 19:29:44
WATCH_PROGRESS dataset=mmke-entity model=blip2-opt-2.7b layer=1 stage=train sig=Epoch 13:  47%|████▋     | 298/636 [06:52<06:32,  1.16s/it] time=2026-08-01 19:30:44
WATCH_PROGRESS dataset=mmke-entity model=blip2-opt-2.7b layer=1 stage=train sig=Epoch 13:  53%|█████▎    | 340/636 [07:49<06:25,  1.30s/it] time=2026-08-01 19:31:44
WATCH_PROGRESS dataset=mmke-entity model=blip2-opt-2.7b layer=1 stage=train sig=Epoch 13:  60%|██████    | 384/636 [08:50<05:22,  1.28s/it] time=2026-08-01 19:32:45
WATCH_PROGRESS dataset=mmke-entity model=blip2-opt-2.7b layer=1 stage=train sig=Epoch 13:  67%|██████▋   | 426/636 [09:53<05:09,  1.48s/it] time=2026-08-01 19:33:45
WATCH_PROGRESS dataset=mmke-entity model=blip2-opt-2.7b layer=1 stage=train sig=Epoch 13:  74%|███████▍  | 472/636 [10:51<03:42,  1.36s/it] time=2026-08-01 19:34:45
WATCH_HEARTBEAT dataset=mmke-entity model=blip2-opt-2.7b layer=1 stage=train idle_seconds=0 gpu=75217, 5940, 100 time=2026-08-01 19:34:45
WATCH_PROGRESS dataset=mmke-entity model=blip2-opt-2.7b layer=1 stage=train sig=Epoch 13:  81%|████████  | 514/636 [11:50<02:37,  1.29s/it] time=2026-08-01 19:35:45
WATCH_PROGRESS dataset=mmke-entity model=blip2-opt-2.7b layer=1 stage=train sig=Epoch 13:  88%|████████▊ | 558/636 [12:53<01:40,  1.29s/it] time=2026-08-01 19:36:46
WATCH_PROGRESS dataset=mmke-entity model=blip2-opt-2.7b layer=1 stage=train sig=Epoch 13:  95%|█████████▍| 602/636 [13:53<00:44,  1.31s/it] time=2026-08-01 19:37:46
WATCH_PROGRESS dataset=mmke-entity model=blip2-opt-2.7b layer=1 stage=train sig=Epoch 14:   1%|▏         | 8/636 [00:11<13:55,  1.33s/it] time=2026-08-01 19:38:46
WATCH_PROGRESS dataset=mmke-entity model=blip2-opt-2.7b layer=1 stage=train sig=Epoch 14:   8%|▊         | 48/636 [01:11<13:57,  1.42s/it] time=2026-08-01 19:39:46
WATCH_PROGRESS dataset=mmke-entity model=blip2-opt-2.7b layer=1 stage=train sig=Epoch 14:  14%|█▍        | 92/636 [02:13<12:36,  1.39s/it] time=2026-08-01 19:40:47
WATCH_PROGRESS dataset=mmke-entity model=blip2-opt-2.7b layer=1 stage=train sig=Epoch 14:  22%|██▏       | 140/636 [03:14<09:24,  1.14s/it] time=2026-08-01 19:41:47
WATCH_PROGRESS dataset=mmke-entity model=blip2-opt-2.7b layer=1 stage=train sig=Epoch 14:  29%|██▊       | 182/636 [04:14<11:06,  1.47s/it] time=2026-08-01 19:42:47
WATCH_PROGRESS dataset=mmke-entity model=blip2-opt-2.7b layer=1 stage=train sig=Epoch 14:  35%|███▌      | 224/636 [05:13<08:41,  1.27s/it] time=2026-08-01 19:43:47
WATCH_PROGRESS dataset=mmke-entity model=blip2-opt-2.7b layer=1 stage=train sig=Epoch 14:  42%|████▏     | 266/636 [06:13<07:48,  1.27s/it] time=2026-08-01 19:44:48
WATCH_HEARTBEAT dataset=mmke-entity model=blip2-opt-2.7b layer=1 stage=train idle_seconds=0 gpu=75217, 5940, 98 time=2026-08-01 19:44:48
WATCH_PROGRESS dataset=mmke-entity model=blip2-opt-2.7b layer=1 stage=train sig=Epoch 14:  49%|████▉     | 312/636 [07:15<08:02,  1.49s/it] time=2026-08-01 19:45:48
WATCH_PROGRESS dataset=mmke-entity model=blip2-opt-2.7b layer=1 stage=train sig=Epoch 14:  56%|█████▌    | 354/636 [08:14<06:00,  1.28s/it] time=2026-08-01 19:46:48
WATCH_PROGRESS dataset=mmke-entity model=blip2-opt-2.7b layer=1 stage=train sig=Epoch 14:  62%|██████▏   | 396/636 [09:14<05:07,  1.28s/it] time=2026-08-01 19:47:48
WATCH_PROGRESS dataset=mmke-entity model=blip2-opt-2.7b layer=1 stage=train sig=Epoch 14:  69%|██████▉   | 442/636 [10:16<03:47,  1.17s/it] time=2026-08-01 19:48:49
WATCH_PROGRESS dataset=mmke-entity model=blip2-opt-2.7b layer=1 stage=train sig=Epoch 14:  76%|███████▋  | 486/636 [11:15<03:08,  1.26s/it] time=2026-08-01 19:49:49
WATCH_PROGRESS dataset=mmke-entity model=blip2-opt-2.7b layer=1 stage=train sig=Epoch 14:  83%|████████▎ | 526/636 [12:14<02:32,  1.39s/it] time=2026-08-01 19:50:49
WATCH_PROGRESS dataset=mmke-entity model=blip2-opt-2.7b layer=1 stage=train sig=Epoch 14:  89%|████████▉ | 568/636 [13:14<01:39,  1.47s/it] time=2026-08-01 19:51:49
WATCH_PROGRESS dataset=mmke-entity model=blip2-opt-2.7b layer=1 stage=train sig=Epoch 14:  97%|█████████▋| 614/636 [14:14<00:32,  1.47s/it] time=2026-08-01 19:52:50
WATCH_PROGRESS dataset=mmke-entity model=blip2-opt-2.7b layer=1 stage=train sig=Epoch 15:   3%|▎         | 22/636 [00:31<14:18,  1.40s/it] time=2026-08-01 19:53:50
WATCH_PROGRESS dataset=mmke-entity model=blip2-opt-2.7b layer=1 stage=train sig=Epoch 15:  10%|▉         | 62/636 [01:30<13:49,  1.45s/it] time=2026-08-01 19:54:50
WATCH_HEARTBEAT dataset=mmke-entity model=blip2-opt-2.7b layer=1 stage=train idle_seconds=0 gpu=75217, 5940, 100 time=2026-08-01 19:54:50
WATCH_PROGRESS dataset=mmke-entity model=blip2-opt-2.7b layer=1 stage=train sig=Epoch 15:  17%|█▋        | 108/636 [02:32<10:36,  1.21s/it] time=2026-08-01 19:55:51
WATCH_PROGRESS dataset=mmke-entity model=blip2-opt-2.7b layer=1 stage=train sig=Epoch 15:  25%|██▍       | 156/636 [03:31<09:31,  1.19s/it] time=2026-08-01 19:56:51
WATCH_PROGRESS dataset=mmke-entity model=blip2-opt-2.7b layer=1 stage=train sig=Epoch 15:  34%|███▍      | 216/636 [04:31<06:19,  1.11it/s] time=2026-08-01 19:57:51
WATCH_PROGRESS dataset=mmke-entity model=blip2-opt-2.7b layer=1 stage=train sig=Epoch 15:  44%|████▍     | 280/636 [05:32<05:25,  1.09it/s] time=2026-08-01 19:58:51
WATCH_PROGRESS dataset=mmke-entity model=blip2-opt-2.7b layer=1 stage=train sig=Epoch 15:  54%|█████▍    | 342/636 [06:32<04:56,  1.01s/it] time=2026-08-01 19:59:51
WATCH_PROGRESS dataset=mmke-entity model=blip2-opt-2.7b layer=1 stage=train sig=Epoch 15:  64%|██████▍   | 406/636 [07:32<03:46,  1.01it/s] time=2026-08-01 20:00:52
WATCH_PROGRESS dataset=mmke-entity model=blip2-opt-2.7b layer=1 stage=train sig=Epoch 15:  74%|███████▎  | 468/636 [08:31<02:25,  1.15it/s] time=2026-08-01 20:01:52
WATCH_PROGRESS dataset=mmke-entity model=blip2-opt-2.7b layer=1 stage=train sig=Epoch 15:  84%|████████▎ | 532/636 [09:32<01:27,  1.18it/s] time=2026-08-01 20:02:52
WATCH_PROGRESS dataset=mmke-entity model=blip2-opt-2.7b layer=1 stage=train sig=Epoch 15:  93%|█████████▎| 592/636 [10:32<00:42,  1.03it/s] time=2026-08-01 20:03:52
WATCH_PROGRESS dataset=mmke-entity model=blip2-opt-2.7b layer=1 stage=train sig=Epoch 16:   3%|▎         | 18/636 [00:17<10:02,  1.03it/s] time=2026-08-01 20:04:53
WATCH_HEARTBEAT dataset=mmke-entity model=blip2-opt-2.7b layer=1 stage=train idle_seconds=0 gpu=38261, 42895, 86 time=2026-08-01 20:04:53
WATCH_PROGRESS dataset=mmke-entity model=blip2-opt-2.7b layer=1 stage=train sig=Epoch 16:  13%|█▎        | 80/636 [01:18<09:35,  1.03s/it] time=2026-08-01 20:05:53
WATCH_PROGRESS dataset=mmke-entity model=blip2-opt-2.7b layer=1 stage=train sig=Epoch 16:  22%|██▏       | 142/636 [02:18<07:31,  1.10it/s] time=2026-08-01 20:06:53
WATCH_PROGRESS dataset=mmke-entity model=blip2-opt-2.7b layer=1 stage=train sig=Epoch 16:  32%|███▏      | 204/636 [03:18<07:11,  1.00it/s] time=2026-08-01 20:07:53
WATCH_PROGRESS dataset=mmke-entity model=blip2-opt-2.7b layer=1 stage=train sig=Epoch 16:  42%|████▏     | 266/636 [04:19<05:42,  1.08it/s] time=2026-08-01 20:08:54
WATCH_PROGRESS dataset=mmke-entity model=blip2-opt-2.7b layer=1 stage=train sig=Epoch 16:  51%|█████▏    | 326/636 [05:18<04:56,  1.05it/s] time=2026-08-01 20:09:54
WATCH_PROGRESS dataset=mmke-entity model=blip2-opt-2.7b layer=1 stage=train sig=Epoch 16:  61%|██████    | 386/636 [06:18<03:54,  1.07it/s] time=2026-08-01 20:10:54
WATCH_PROGRESS dataset=mmke-entity model=blip2-opt-2.7b layer=1 stage=train sig=Epoch 16:  71%|███████   | 450/636 [07:19<02:43,  1.14it/s] time=2026-08-01 20:11:54
WATCH_PROGRESS dataset=mmke-entity model=blip2-opt-2.7b layer=1 stage=train sig=Epoch 16:  81%|████████  | 512/636 [08:20<02:02,  1.01it/s] time=2026-08-01 20:12:55
WATCH_PROGRESS dataset=mmke-entity model=blip2-opt-2.7b layer=1 stage=train sig=Epoch 16:  91%|█████████ | 576/636 [09:20<01:01,  1.02s/it] time=2026-08-01 20:13:55
WATCH_PROGRESS dataset=mmke-entity model=blip2-opt-2.7b layer=1 stage=train sig=Epoch 17:   1%|          | 4/636 [00:02<07:56,  1.33it/s] time=2026-08-01 20:14:55
WATCH_HEARTBEAT dataset=mmke-entity model=blip2-opt-2.7b layer=1 stage=train idle_seconds=0 gpu=38261, 42895, 95 time=2026-08-01 20:14:55
WATCH_PROGRESS dataset=mmke-entity model=blip2-opt-2.7b layer=1 stage=train sig=Epoch 17:  10%|█         | 64/636 [01:01<08:19,  1.15it/s] time=2026-08-01 20:15:55
WATCH_PROGRESS dataset=mmke-entity model=blip2-opt-2.7b layer=1 stage=train sig=Epoch 17:  20%|██        | 128/636 [02:03<07:34,  1.12it/s] time=2026-08-01 20:16:56
WATCH_PROGRESS dataset=mmke-entity model=blip2-opt-2.7b layer=1 stage=train sig=Epoch 17:  30%|██▉       | 188/636 [03:01<06:40,  1.12it/s] time=2026-08-01 20:17:56
WATCH_PROGRESS dataset=mmke-entity model=blip2-opt-2.7b layer=1 stage=train sig=Epoch 17:  38%|███▊      | 244/636 [04:03<08:41,  1.33s/it] time=2026-08-01 20:18:56
WATCH_PROGRESS dataset=mmke-entity model=blip2-opt-2.7b layer=1 stage=train sig=Epoch 17:  45%|████▍     | 286/636 [05:03<08:29,  1.46s/it] time=2026-08-01 20:19:56
WATCH_PROGRESS dataset=mmke-entity model=blip2-opt-2.7b layer=1 stage=train sig=Epoch 17:  52%|█████▏    | 328/636 [06:02<06:39,  1.30s/it] time=2026-08-01 20:20:57
WATCH_PROGRESS dataset=mmke-entity model=blip2-opt-2.7b layer=1 stage=train sig=Epoch 17:  58%|█████▊    | 372/636 [07:02<05:27,  1.24s/it] time=2026-08-01 20:21:57
WATCH_PROGRESS dataset=mmke-entity model=blip2-opt-2.7b layer=1 stage=train sig=Epoch 17:  66%|██████▌   | 420/636 [08:03<04:54,  1.36s/it] time=2026-08-01 20:22:57
WATCH_PROGRESS dataset=mmke-entity model=blip2-opt-2.7b layer=1 stage=train sig=Epoch 17:  73%|███████▎  | 462/636 [09:05<04:13,  1.46s/it] time=2026-08-01 20:23:57
WATCH_PROGRESS dataset=mmke-entity model=blip2-opt-2.7b layer=1 stage=train sig=Epoch 17:  80%|███████▉  | 506/636 [10:04<02:33,  1.18s/it] time=2026-08-01 20:24:58
WATCH_HEARTBEAT dataset=mmke-entity model=blip2-opt-2.7b layer=1 stage=train idle_seconds=0 gpu=50987, 30170, 99 time=2026-08-01 20:24:58
WATCH_PROGRESS dataset=mmke-entity model=blip2-opt-2.7b layer=1 stage=train sig=Epoch 17:  87%|████████▋ | 552/636 [11:05<01:42,  1.22s/it] time=2026-08-01 20:25:58
WATCH_PROGRESS dataset=mmke-entity model=blip2-opt-2.7b layer=1 stage=train sig=Epoch 17:  94%|█████████▎| 596/636 [12:03<00:55,  1.39s/it] time=2026-08-01 20:26:58
WATCH_PROGRESS dataset=mmke-entity model=blip2-opt-2.7b layer=1 stage=train sig=Epoch 18:   1%|          | 4/636 [00:05<15:10,  1.44s/it] time=2026-08-01 20:27:59
WATCH_PROGRESS dataset=mmke-entity model=blip2-opt-2.7b layer=1 stage=train sig=Epoch 18:   8%|▊         | 48/636 [01:07<13:14,  1.35s/it] time=2026-08-01 20:28:59
WATCH_PROGRESS dataset=mmke-entity model=blip2-opt-2.7b layer=1 stage=train sig=Epoch 18:  15%|█▍        | 94/636 [02:08<10:35,  1.17s/it] time=2026-08-01 20:29:59
WATCH_PROGRESS dataset=mmke-entity model=blip2-opt-2.7b layer=1 stage=train sig=Epoch 18:  22%|██▏       | 140/636 [03:07<11:08,  1.35s/it] time=2026-08-01 20:30:59
WATCH_PROGRESS dataset=mmke-entity model=blip2-opt-2.7b layer=1 stage=train sig=Epoch 18:  29%|██▉       | 184/636 [04:09<10:59,  1.46s/it] time=2026-08-01 20:32:00
WATCH_PROGRESS dataset=mmke-entity model=blip2-opt-2.7b layer=1 stage=train sig=Epoch 18:  36%|███▌      | 226/636 [05:09<09:56,  1.45s/it] time=2026-08-01 20:33:00
WATCH_PROGRESS dataset=mmke-entity model=blip2-opt-2.7b layer=1 stage=train sig=Epoch 18:  42%|████▏     | 270/636 [06:08<08:04,  1.32s/it] time=2026-08-01 20:34:00
WATCH_PROGRESS dataset=mmke-entity model=blip2-opt-2.7b layer=1 stage=train sig=Epoch 18:  49%|████▉     | 314/636 [07:08<07:45,  1.45s/it] time=2026-08-01 20:35:00
WATCH_HEARTBEAT dataset=mmke-entity model=blip2-opt-2.7b layer=1 stage=train idle_seconds=0 gpu=50989, 30168, 100 time=2026-08-01 20:35:00
WATCH_PROGRESS dataset=mmke-entity model=blip2-opt-2.7b layer=1 stage=train sig=Epoch 18:  56%|█████▋    | 358/636 [08:08<06:15,  1.35s/it] time=2026-08-01 20:36:01
WATCH_PROGRESS dataset=mmke-entity model=blip2-opt-2.7b layer=1 stage=train sig=Epoch 18:  63%|██████▎   | 402/636 [09:10<05:33,  1.42s/it] time=2026-08-01 20:37:01
WATCH_PROGRESS dataset=mmke-entity model=blip2-opt-2.7b layer=1 stage=train sig=Epoch 18:  70%|███████   | 448/636 [10:10<03:43,  1.19s/it] time=2026-08-01 20:38:01
WATCH_PROGRESS dataset=mmke-entity model=blip2-opt-2.7b layer=1 stage=train sig=Epoch 18:  77%|███████▋  | 492/636 [11:10<03:22,  1.41s/it] time=2026-08-01 20:39:01
WATCH_PROGRESS dataset=mmke-entity model=blip2-opt-2.7b layer=1 stage=train sig=Epoch 18:  84%|████████▍ | 534/636 [12:09<02:23,  1.41s/it] time=2026-08-01 20:40:02
WATCH_PROGRESS dataset=mmke-entity model=blip2-opt-2.7b layer=1 stage=train sig=Epoch 18:  91%|█████████ | 576/636 [13:09<01:24,  1.42s/it] time=2026-08-01 20:41:02
WATCH_PROGRESS dataset=mmke-entity model=blip2-opt-2.7b layer=1 stage=train sig=Epoch 18:  98%|█████████▊| 624/636 [14:10<00:14,  1.19s/it] time=2026-08-01 20:42:02
WATCH_PROGRESS dataset=mmke-entity model=blip2-opt-2.7b layer=1 stage=train sig=Epoch 19:   5%|▍         | 30/636 [00:43<14:07,  1.40s/it] time=2026-08-01 20:43:02
WATCH_PROGRESS dataset=mmke-entity model=blip2-opt-2.7b layer=1 stage=train sig=Epoch 19:  12%|█▏        | 74/636 [01:44<13:03,  1.39s/it] time=2026-08-01 20:44:03
WATCH_PROGRESS dataset=mmke-entity model=blip2-opt-2.7b layer=1 stage=train sig=Epoch 19:  18%|█▊        | 116/636 [02:43<12:02,  1.39s/it] time=2026-08-01 20:45:03
WATCH_HEARTBEAT dataset=mmke-entity model=blip2-opt-2.7b layer=1 stage=train idle_seconds=0 gpu=50989, 30168, 100 time=2026-08-01 20:45:03
WATCH_PROGRESS dataset=mmke-entity model=blip2-opt-2.7b layer=1 stage=train sig=Epoch 19:  26%|██▌       | 164/636 [03:43<09:37,  1.22s/it] time=2026-08-01 20:46:03
WATCH_PROGRESS dataset=mmke-entity model=blip2-opt-2.7b layer=1 stage=train sig=Epoch 19:  33%|███▎      | 208/636 [04:44<09:27,  1.32s/it] time=2026-08-01 20:47:04
WATCH_PROGRESS dataset=mmke-entity model=blip2-opt-2.7b layer=1 stage=train sig=Epoch 19:  39%|███▉      | 250/636 [05:44<09:25,  1.46s/it] time=2026-08-01 20:48:04
WATCH_PROGRESS dataset=mmke-entity model=blip2-opt-2.7b layer=1 stage=train sig=Epoch 19:  46%|████▌     | 292/636 [06:44<08:11,  1.43s/it] time=2026-08-01 20:49:04
WATCH_PROGRESS dataset=mmke-entity model=blip2-opt-2.7b layer=1 stage=train sig=Epoch 19:  54%|█████▍    | 342/636 [07:47<05:43,  1.17s/it] time=2026-08-01 20:50:04
WATCH_PROGRESS dataset=mmke-entity model=blip2-opt-2.7b layer=1 stage=train sig=Epoch 19:  61%|██████    | 386/636 [08:47<05:42,  1.37s/it] time=2026-08-01 20:51:05
WATCH_PROGRESS dataset=mmke-entity model=blip2-opt-2.7b layer=1 stage=train sig=Epoch 19:  67%|██████▋   | 428/636 [09:45<04:51,  1.40s/it] time=2026-08-01 20:52:05
WATCH_PROGRESS dataset=mmke-entity model=blip2-opt-2.7b layer=1 stage=train sig=Epoch 19:  74%|███████▍  | 472/636 [10:47<03:48,  1.39s/it] time=2026-08-01 20:53:05
WATCH_PROGRESS dataset=mmke-entity model=blip2-opt-2.7b layer=1 stage=train sig=Epoch 19:  81%|████████▏ | 518/636 [11:47<02:34,  1.31s/it] time=2026-08-01 20:54:05
WATCH_PROGRESS dataset=mmke-entity model=blip2-opt-2.7b layer=1 stage=train sig=Epoch 19:  88%|████████▊ | 560/636 [12:46<01:42,  1.35s/it] time=2026-08-01 20:55:06
WATCH_HEARTBEAT dataset=mmke-entity model=blip2-opt-2.7b layer=1 stage=train idle_seconds=0 gpu=50989, 30168, 100 time=2026-08-01 20:55:06
WATCH_PROGRESS dataset=mmke-entity model=blip2-opt-2.7b layer=1 stage=train sig=Epoch 19:  95%|█████████▌| 606/636 [13:48<00:41,  1.37s/it] time=2026-08-01 20:56:06
WATCH_PROGRESS dataset=mmke-entity model=blip2-opt-2.7b layer=1 stage=train sig=Epoch 20:   2%|▏         | 12/636 [00:16<14:06,  1.36s/it] time=2026-08-01 20:57:06
WATCH_PROGRESS dataset=mmke-entity model=blip2-opt-2.7b layer=1 stage=train sig=Epoch 20:  10%|▉         | 62/636 [01:17<11:24,  1.19s/it] time=2026-08-01 20:58:06
WATCH_PROGRESS dataset=mmke-entity model=blip2-opt-2.7b layer=1 stage=train sig=Epoch 20:  18%|█▊        | 116/636 [02:18<08:17,  1.04it/s] time=2026-08-01 20:59:07
WATCH_PROGRESS dataset=mmke-entity model=blip2-opt-2.7b layer=1 stage=train sig=Epoch 20:  28%|██▊       | 176/636 [03:16<06:57,  1.10it/s] time=2026-08-01 21:00:07
WATCH_PROGRESS dataset=mmke-entity model=blip2-opt-2.7b layer=1 stage=train sig=Epoch 20:  36%|███▌      | 226/636 [04:17<13:36,  1.99s/it] time=2026-08-01 21:01:07
WATCH_PROGRESS dataset=mmke-entity model=blip2-opt-2.7b layer=1 stage=train sig=Epoch 20:  40%|███▉      | 254/636 [05:17<13:26,  2.11s/it] time=2026-08-01 21:02:07
WATCH_PROGRESS dataset=mmke-entity model=blip2-opt-2.7b layer=1 stage=train sig=Epoch 20:  44%|████▍     | 282/636 [06:17<12:11,  2.07s/it] time=2026-08-01 21:03:08
WATCH_PROGRESS dataset=mmke-entity model=blip2-opt-2.7b layer=1 stage=train sig=Epoch 20:  49%|████▊     | 310/636 [07:19<12:13,  2.25s/it] time=2026-08-01 21:04:08
WATCH_PROGRESS dataset=mmke-entity model=blip2-opt-2.7b layer=1 stage=train sig=Epoch 20:  53%|█████▎    | 338/636 [08:20<10:58,  2.21s/it] time=2026-08-01 21:05:08
WATCH_HEARTBEAT dataset=mmke-entity model=blip2-opt-2.7b layer=1 stage=train idle_seconds=0 gpu=46941, 34216, 98 time=2026-08-01 21:05:08
WATCH_PROGRESS dataset=mmke-entity model=blip2-opt-2.7b layer=1 stage=train sig=Epoch 20:  57%|█████▋    | 364/636 [09:18<10:08,  2.24s/it] time=2026-08-01 21:06:08
WATCH_PROGRESS dataset=mmke-entity model=blip2-opt-2.7b layer=1 stage=train sig=Epoch 20:  62%|██████▏   | 392/636 [10:18<08:07,  2.00s/it] time=2026-08-01 21:07:09
WATCH_PROGRESS dataset=mmke-entity model=blip2-opt-2.7b layer=1 stage=train sig=Epoch 20:  66%|██████▌   | 418/636 [11:17<08:24,  2.31s/it] time=2026-08-01 21:08:09
WATCH_PROGRESS dataset=mmke-entity model=blip2-opt-2.7b layer=1 stage=train sig=Epoch 20:  70%|███████   | 446/636 [12:19<07:22,  2.33s/it] time=2026-08-01 21:09:09
WATCH_PROGRESS dataset=mmke-entity model=blip2-opt-2.7b layer=1 stage=train sig=Epoch 20:  75%|███████▍  | 474/636 [13:19<05:59,  2.22s/it] time=2026-08-01 21:10:10
WATCH_PROGRESS dataset=mmke-entity model=blip2-opt-2.7b layer=1 stage=train sig=Epoch 20:  79%|███████▉  | 502/636 [14:19<04:50,  2.17s/it] time=2026-08-01 21:11:10
WATCH_PROGRESS dataset=mmke-entity model=blip2-opt-2.7b layer=1 stage=train sig=Epoch 20:  83%|████████▎ | 528/636 [15:19<04:16,  2.37s/it] time=2026-08-01 21:12:10
WATCH_PROGRESS dataset=mmke-entity model=blip2-opt-2.7b layer=1 stage=train sig=Epoch 20:  87%|████████▋ | 556/636 [16:22<02:53,  2.17s/it] time=2026-08-01 21:13:10
WATCH_PROGRESS dataset=mmke-entity model=blip2-opt-2.7b layer=1 stage=train sig=Epoch 20:  92%|█████████▏| 582/636 [17:20<02:03,  2.29s/it] time=2026-08-01 21:14:11
WATCH_PROGRESS dataset=mmke-entity model=blip2-opt-2.7b layer=1 stage=train sig=Epoch 20:  96%|█████████▌| 608/636 [18:19<01:05,  2.34s/it] time=2026-08-01 21:15:11
WATCH_HEARTBEAT dataset=mmke-entity model=blip2-opt-2.7b layer=1 stage=train idle_seconds=0 gpu=46941, 34216, 100 time=2026-08-01 21:15:11
WATCH_PROGRESS dataset=mmke-entity model=blip2-opt-2.7b layer=1 stage=train sig=Epoch 21:   2%|▏         | 14/636 [00:13<10:58,  1.06s/it] time=2026-08-01 21:16:11
WATCH_PROGRESS dataset=mmke-entity model=blip2-opt-2.7b layer=1 stage=train sig=Epoch 21:   9%|▉         | 58/636 [01:16<13:08,  1.36s/it] time=2026-08-01 21:17:11
WATCH_PROGRESS dataset=mmke-entity model=blip2-opt-2.7b layer=1 stage=train sig=Epoch 21:  16%|█▌        | 102/636 [02:16<12:20,  1.39s/it] time=2026-08-01 21:18:12
WATCH_PROGRESS dataset=mmke-entity model=blip2-opt-2.7b layer=1 stage=train sig=Epoch 21:  23%|██▎       | 146/636 [03:15<10:34,  1.30s/it] time=2026-08-01 21:19:12
WATCH_PROGRESS dataset=mmke-entity model=blip2-opt-2.7b layer=1 stage=train sig=Epoch 21:  31%|███       | 196/636 [04:16<08:14,  1.12s/it] time=2026-08-01 21:20:12
WATCH_PROGRESS dataset=mmke-entity model=blip2-opt-2.7b layer=1 stage=train sig=Epoch 21:  38%|███▊      | 242/636 [05:16<09:15,  1.41s/it] time=2026-08-01 21:21:12
WATCH_PROGRESS dataset=mmke-entity model=blip2-opt-2.7b layer=1 stage=train sig=Epoch 21:  45%|████▍     | 284/636 [06:15<08:00,  1.36s/it] time=2026-08-01 21:22:13
WATCH_PROGRESS dataset=mmke-entity model=blip2-opt-2.7b layer=1 stage=train sig=Epoch 21:  51%|█████▏    | 326/636 [07:15<07:34,  1.47s/it] time=2026-08-01 21:23:13
WATCH_PROGRESS dataset=mmke-entity model=blip2-opt-2.7b layer=1 stage=train sig=Epoch 21:  59%|█████▉    | 374/636 [08:17<05:09,  1.18s/it] time=2026-08-01 21:24:13
WATCH_PROGRESS dataset=mmke-entity model=blip2-opt-2.7b layer=1 stage=train sig=Epoch 21:  66%|██████▋   | 422/636 [09:18<04:49,  1.35s/it] time=2026-08-01 21:25:14
WATCH_HEARTBEAT dataset=mmke-entity model=blip2-opt-2.7b layer=1 stage=train idle_seconds=0 gpu=50887, 30270, 97 time=2026-08-01 21:25:14
WATCH_PROGRESS dataset=mmke-entity model=blip2-opt-2.7b layer=1 stage=train sig=Epoch 21:  73%|███████▎  | 462/636 [10:16<04:18,  1.49s/it] time=2026-08-01 21:26:14
WATCH_PROGRESS dataset=mmke-entity model=blip2-opt-2.7b layer=1 stage=train sig=Epoch 21:  79%|███████▉  | 504/636 [11:18<03:09,  1.43s/it] time=2026-08-01 21:27:14
WATCH_PROGRESS dataset=mmke-entity model=blip2-opt-2.7b layer=1 stage=train sig=Epoch 21:  86%|████████▌ | 548/636 [12:18<01:47,  1.23s/it] time=2026-08-01 21:28:14
WATCH_PROGRESS dataset=mmke-entity model=blip2-opt-2.7b layer=1 stage=train sig=Epoch 21:  94%|█████████▎| 596/636 [13:19<00:55,  1.38s/it] time=2026-08-01 21:29:15
WATCH_PROGRESS dataset=mmke-entity model=blip2-opt-2.7b layer=1 stage=train sig=Epoch 22:   0%|          | 2/636 [00:02<15:16,  1.44s/it] time=2026-08-01 21:30:15
WATCH_PROGRESS dataset=mmke-entity model=blip2-opt-2.7b layer=1 stage=train sig=Epoch 22:   7%|▋         | 44/636 [01:03<15:02,  1.52s/it] time=2026-08-01 21:31:15
WATCH_PROGRESS dataset=mmke-entity model=blip2-opt-2.7b layer=1 stage=train sig=Epoch 22:  14%|█▍        | 88/636 [02:01<11:49,  1.29s/it] time=2026-08-01 21:32:15
WATCH_PROGRESS dataset=mmke-entity model=blip2-opt-2.7b layer=1 stage=train sig=Epoch 22:  21%|██▏       | 136/636 [03:01<11:02,  1.33s/it] time=2026-08-01 21:33:16
WATCH_PROGRESS dataset=mmke-entity model=blip2-opt-2.7b layer=1 stage=train sig=Epoch 22:  28%|██▊       | 180/636 [04:01<10:40,  1.40s/it] time=2026-08-01 21:34:16
WATCH_PROGRESS dataset=mmke-entity model=blip2-opt-2.7b layer=1 stage=train sig=Epoch 22:  35%|███▍      | 222/636 [05:02<09:50,  1.43s/it] time=2026-08-01 21:35:16
WATCH_HEARTBEAT dataset=mmke-entity model=blip2-opt-2.7b layer=1 stage=train idle_seconds=0 gpu=50887, 30270, 97 time=2026-08-01 21:35:16
WATCH_PROGRESS dataset=mmke-entity model=blip2-opt-2.7b layer=1 stage=train sig=Epoch 22:  42%|████▏     | 268/636 [06:04<07:30,  1.22s/it] time=2026-08-01 21:36:16
WATCH_PROGRESS dataset=mmke-entity model=blip2-opt-2.7b layer=1 stage=train sig=Epoch 22:  50%|████▉     | 316/636 [07:05<08:30,  1.59s/it] time=2026-08-01 21:37:17
WATCH_PROGRESS dataset=mmke-entity model=blip2-opt-2.7b layer=1 stage=train sig=Epoch 22:  56%|█████▋    | 358/636 [08:03<06:36,  1.42s/it] time=2026-08-01 21:38:17
WATCH_PROGRESS dataset=mmke-entity model=blip2-opt-2.7b layer=1 stage=train sig=Epoch 22:  63%|██████▎   | 400/636 [09:03<05:47,  1.47s/it] time=2026-08-01 21:39:17
WATCH_PROGRESS dataset=mmke-entity model=blip2-opt-2.7b layer=1 stage=train sig=Epoch 22:  70%|███████   | 446/636 [10:04<03:48,  1.20s/it] time=2026-08-01 21:40:18
WATCH_PROGRESS dataset=mmke-entity model=blip2-opt-2.7b layer=1 stage=train sig=Epoch 22:  77%|███████▋  | 492/636 [11:04<02:59,  1.24s/it] time=2026-08-01 21:41:18
WATCH_PROGRESS dataset=mmke-entity model=blip2-opt-2.7b layer=1 stage=train sig=Epoch 22:  84%|████████▍ | 534/636 [12:04<02:35,  1.52s/it] time=2026-08-01 21:42:18
WATCH_PROGRESS dataset=mmke-entity model=blip2-opt-2.7b layer=1 stage=train sig=Epoch 22:  91%|█████████ | 578/636 [13:06<01:14,  1.29s/it] time=2026-08-01 21:43:18
WATCH_PROGRESS dataset=mmke-entity model=blip2-opt-2.7b layer=1 stage=train sig=Epoch 22:  97%|█████████▋| 620/636 [14:04<00:20,  1.29s/it] time=2026-08-01 21:44:19
WATCH_PROGRESS dataset=mmke-entity model=blip2-opt-2.7b layer=1 stage=train sig=Epoch 23:   5%|▌         | 32/636 [00:40<13:33,  1.35s/it] time=2026-08-01 21:45:19
WATCH_HEARTBEAT dataset=mmke-entity model=blip2-opt-2.7b layer=1 stage=train idle_seconds=0 gpu=50887, 30270, 100 time=2026-08-01 21:45:19
WATCH_PROGRESS dataset=mmke-entity model=blip2-opt-2.7b layer=1 stage=train sig=Epoch 23:  12%|█▏        | 76/636 [01:42<12:56,  1.39s/it] time=2026-08-01 21:46:19
WATCH_PROGRESS dataset=mmke-entity model=blip2-opt-2.7b layer=1 stage=train sig=Epoch 23:  19%|█▉        | 120/636 [02:42<11:57,  1.39s/it] time=2026-08-01 21:47:19
WATCH_PROGRESS dataset=mmke-entity model=blip2-opt-2.7b layer=1 stage=train sig=Epoch 23:  25%|██▌       | 162/636 [03:41<10:00,  1.27s/it] time=2026-08-01 21:48:20
WATCH_PROGRESS dataset=mmke-entity model=blip2-opt-2.7b layer=1 stage=train sig=Epoch 23:  33%|███▎      | 212/636 [04:43<09:33,  1.35s/it] time=2026-08-01 21:49:20
WATCH_PROGRESS dataset=mmke-entity model=blip2-opt-2.7b layer=1 stage=train sig=Epoch 23:  40%|███▉      | 254/636 [05:41<08:37,  1.36s/it] time=2026-08-01 21:50:20
WATCH_PROGRESS dataset=mmke-entity model=blip2-opt-2.7b layer=1 stage=train sig=Epoch 23:  47%|████▋     | 296/636 [06:43<08:19,  1.47s/it] time=2026-08-01 21:51:20
WATCH_PROGRESS dataset=mmke-entity model=blip2-opt-2.7b layer=1 stage=train sig=Epoch 23:  53%|█████▎    | 338/636 [07:44<07:10,  1.45s/it] time=2026-08-01 21:52:21
WATCH_PROGRESS dataset=mmke-entity model=blip2-opt-2.7b layer=1 stage=train sig=Epoch 23:  61%|██████    | 386/636 [08:44<05:35,  1.34s/it] time=2026-08-01 21:53:21
WATCH_PROGRESS dataset=mmke-entity model=blip2-opt-2.7b layer=1 stage=train sig=Epoch 23:  67%|██████▋   | 428/636 [09:44<04:50,  1.40s/it] time=2026-08-01 21:54:21
WATCH_PROGRESS dataset=mmke-entity model=blip2-opt-2.7b layer=1 stage=train sig=Epoch 23:  74%|███████▍  | 470/636 [10:44<03:56,  1.43s/it] time=2026-08-01 21:55:22
WATCH_HEARTBEAT dataset=mmke-entity model=blip2-opt-2.7b layer=1 stage=train idle_seconds=0 gpu=50887, 30270, 100 time=2026-08-01 21:55:22
WATCH_PROGRESS dataset=mmke-entity model=blip2-opt-2.7b layer=1 stage=train sig=Epoch 23:  81%|████████  | 512/636 [11:43<02:55,  1.42s/it] time=2026-08-01 21:56:22
WATCH_PROGRESS dataset=mmke-entity model=blip2-opt-2.7b layer=1 stage=train sig=Epoch 23:  88%|████████▊ | 560/636 [12:44<01:28,  1.16s/it] time=2026-08-01 21:57:22
WATCH_PROGRESS dataset=mmke-entity model=blip2-opt-2.7b layer=1 stage=train sig=Epoch 23:  96%|█████████▌| 612/636 [13:45<00:29,  1.21s/it] time=2026-08-01 21:58:22
WATCH_PROGRESS dataset=mmke-entity model=blip2-opt-2.7b layer=1 stage=train sig=Epoch 24:   5%|▌         | 32/636 [00:38<13:22,  1.33s/it] time=2026-08-01 21:59:23
WATCH_PROGRESS dataset=mmke-entity model=blip2-opt-2.7b layer=1 stage=train sig=Epoch 24:  14%|█▎        | 86/636 [01:38<10:57,  1.20s/it] time=2026-08-01 22:00:23
WATCH_PROGRESS dataset=mmke-entity model=blip2-opt-2.7b layer=1 stage=train sig=Epoch 24:  21%|██▏       | 136/636 [02:37<10:40,  1.28s/it] time=2026-08-01 22:01:23
WATCH_PROGRESS dataset=mmke-entity model=blip2-opt-2.7b layer=1 stage=train sig=Epoch 24:  30%|██▉       | 190/636 [03:36<08:33,  1.15s/it] time=2026-08-01 22:02:23
WATCH_PROGRESS dataset=mmke-entity model=blip2-opt-2.7b layer=1 stage=train sig=Epoch 24:  38%|███▊      | 242/636 [04:39<07:23,  1.13s/it] time=2026-08-01 22:03:24
WATCH_PROGRESS dataset=mmke-entity model=blip2-opt-2.7b layer=1 stage=train sig=Epoch 24:  46%|████▌     | 290/636 [05:37<06:36,  1.15s/it] time=2026-08-01 22:04:24
WATCH_PROGRESS dataset=mmke-entity model=blip2-opt-2.7b layer=1 stage=train sig=Epoch 24:  53%|█████▎    | 340/636 [06:38<05:57,  1.21s/it] time=2026-08-01 22:05:24
WATCH_HEARTBEAT dataset=mmke-entity model=blip2-opt-2.7b layer=1 stage=train idle_seconds=0 gpu=38261, 42895, 100 time=2026-08-01 22:05:24
WATCH_PROGRESS dataset=mmke-entity model=blip2-opt-2.7b layer=1 stage=train sig=Epoch 24:  62%|██████▏   | 396/636 [07:40<04:25,  1.10s/it] time=2026-08-01 22:06:25
WATCH_PROGRESS dataset=mmke-entity model=blip2-opt-2.7b layer=1 stage=train sig=Epoch 24:  70%|██████▉   | 444/636 [08:38<03:45,  1.18s/it] time=2026-08-01 22:07:25
WATCH_PROGRESS dataset=mmke-entity model=blip2-opt-2.7b layer=1 stage=train sig=Epoch 24:  78%|███████▊  | 496/636 [09:38<02:27,  1.05s/it] time=2026-08-01 22:08:25
WATCH_PROGRESS dataset=mmke-entity model=blip2-opt-2.7b layer=1 stage=train sig=Epoch 24:  86%|████████▌ | 546/636 [10:38<01:39,  1.11s/it] time=2026-08-01 22:09:25
WATCH_PROGRESS dataset=mmke-entity model=blip2-opt-2.7b layer=1 stage=train sig=Epoch 24:  94%|█████████▍| 598/636 [11:39<00:44,  1.18s/it] time=2026-08-01 22:10:26
WATCH_PROGRESS dataset=mmke-entity model=blip2-opt-2.7b layer=1 stage=train sig=Epoch 25:   2%|▏         | 12/636 [00:13<11:32,  1.11s/it] time=2026-08-01 22:11:26
WATCH_PROGRESS dataset=mmke-entity model=blip2-opt-2.7b layer=1 stage=train sig=Epoch 25:  12%|█▏        | 76/636 [01:14<08:36,  1.08it/s] time=2026-08-01 22:12:26
WATCH_PROGRESS dataset=mmke-entity model=blip2-opt-2.7b layer=1 stage=train sig=Epoch 25:  22%|██▏       | 138/636 [02:14<08:06,  1.02it/s] time=2026-08-01 22:13:26
WATCH_PROGRESS dataset=mmke-entity model=blip2-opt-2.7b layer=1 stage=train sig=Epoch 25:  31%|███       | 198/636 [03:14<07:30,  1.03s/it] time=2026-08-01 22:14:27
WATCH_PROGRESS dataset=mmke-entity model=blip2-opt-2.7b layer=1 stage=train sig=Epoch 25:  41%|████      | 262/636 [04:16<06:22,  1.02s/it] time=2026-08-01 22:15:27
WATCH_HEARTBEAT dataset=mmke-entity model=blip2-opt-2.7b layer=1 stage=train idle_seconds=0 gpu=38261, 42895, 100 time=2026-08-01 22:15:27
WATCH_PROGRESS dataset=mmke-entity model=blip2-opt-2.7b layer=1 stage=train sig=Epoch 25:  51%|█████     | 324/636 [05:14<04:36,  1.13it/s] time=2026-08-01 22:16:27
WATCH_PROGRESS dataset=mmke-entity model=blip2-opt-2.7b layer=1 stage=train sig=Epoch 25:  61%|██████    | 386/636 [06:16<04:14,  1.02s/it] time=2026-08-01 22:17:27
WATCH_PROGRESS dataset=mmke-entity model=blip2-opt-2.7b layer=1 stage=train sig=Epoch 25:  68%|██████▊   | 432/636 [07:14<03:32,  1.04s/it] time=2026-08-01 22:18:28
WATCH_PROGRESS dataset=mmke-entity model=blip2-opt-2.7b layer=1 stage=train sig=Epoch 25:  78%|███████▊  | 494/636 [08:16<02:28,  1.05s/it] time=2026-08-01 22:19:28
WATCH_PROGRESS dataset=mmke-entity model=blip2-opt-2.7b layer=1 stage=train sig=Epoch 25:  88%|████████▊ | 558/636 [09:17<01:20,  1.03s/it] time=2026-08-01 22:20:28
WATCH_PROGRESS dataset=mmke-entity model=blip2-opt-2.7b layer=1 stage=train sig=Epoch 25:  97%|█████████▋| 620/636 [10:16<00:15,  1.05it/s] time=2026-08-01 22:21:29
WATCH_PROGRESS dataset=mmke-entity model=blip2-opt-2.7b layer=1 stage=train sig=Epoch 26:   3%|▎         | 22/636 [00:45<22:56,  2.24s/it] time=2026-08-01 22:22:29
WATCH_PROGRESS dataset=mmke-entity model=blip2-opt-2.7b layer=1 stage=train sig=Epoch 26:   8%|▊         | 48/636 [01:43<21:29,  2.19s/it] time=2026-08-01 22:23:29
WATCH_PROGRESS dataset=mmke-entity model=blip2-opt-2.7b layer=1 stage=train sig=Epoch 26:  12%|█▏        | 76/636 [02:45<20:15,  2.17s/it] time=2026-08-01 22:24:29
WATCH_PROGRESS dataset=mmke-entity model=blip2-opt-2.7b layer=1 stage=train sig=Epoch 26:  18%|█▊        | 116/636 [03:45<07:39,  1.13it/s] time=2026-08-01 22:25:30
WATCH_HEARTBEAT dataset=mmke-entity model=blip2-opt-2.7b layer=1 stage=train idle_seconds=0 gpu=38261, 42895, 95 time=2026-08-01 22:25:30
WATCH_PROGRESS dataset=mmke-entity model=blip2-opt-2.7b layer=1 stage=train sig=Epoch 26:  28%|██▊       | 178/636 [04:45<07:37,  1.00it/s] time=2026-08-01 22:26:30
WATCH_PROGRESS dataset=mmke-entity model=blip2-opt-2.7b layer=1 stage=train sig=Epoch 26:  38%|███▊      | 240/636 [05:46<06:03,  1.09it/s] time=2026-08-01 22:27:30
WATCH_PROGRESS dataset=mmke-entity model=blip2-opt-2.7b layer=1 stage=train sig=Epoch 26:  47%|████▋     | 302/636 [06:46<05:30,  1.01it/s] time=2026-08-01 22:28:30
WATCH_PROGRESS dataset=mmke-entity model=blip2-opt-2.7b layer=1 stage=train sig=Epoch 26:  57%|█████▋    | 364/636 [07:46<04:08,  1.09it/s] time=2026-08-01 22:29:31
WATCH_PROGRESS dataset=mmke-entity model=blip2-opt-2.7b layer=1 stage=train sig=Epoch 26:  67%|██████▋   | 428/636 [08:46<03:03,  1.14it/s] time=2026-08-01 22:30:31
WATCH_PROGRESS dataset=mmke-entity model=blip2-opt-2.7b layer=1 stage=train sig=Epoch 26:  77%|███████▋  | 490/636 [09:47<02:32,  1.04s/it] time=2026-08-01 22:31:31
WATCH_PROGRESS dataset=mmke-entity model=blip2-opt-2.7b layer=1 stage=train sig=Epoch 26:  87%|████████▋ | 552/636 [10:47<01:19,  1.05it/s] time=2026-08-01 22:32:32
WATCH_PROGRESS dataset=mmke-entity model=blip2-opt-2.7b layer=1 stage=train sig=Epoch 26:  93%|█████████▎| 590/636 [11:46<01:24,  1.85s/it] time=2026-08-01 22:33:32
WATCH_PROGRESS dataset=mmke-entity model=blip2-opt-2.7b layer=1 stage=train sig=Epoch 26:  97%|█████████▋| 618/636 [12:45<00:38,  2.15s/it] time=2026-08-01 22:34:32
WATCH_PROGRESS dataset=mmke-entity model=blip2-opt-2.7b layer=1 stage=train sig=Epoch 27:   2%|▏         | 12/636 [00:23<20:26,  1.96s/it] time=2026-08-01 22:35:32
WATCH_HEARTBEAT dataset=mmke-entity model=blip2-opt-2.7b layer=1 stage=train idle_seconds=0 gpu=44127, 37030, 100 time=2026-08-01 22:35:32
WATCH_PROGRESS dataset=mmke-entity model=blip2-opt-2.7b layer=1 stage=train sig=Epoch 27:   7%|▋         | 42/636 [01:25<20:39,  2.09s/it] time=2026-08-01 22:36:33
WATCH_PROGRESS dataset=mmke-entity model=blip2-opt-2.7b layer=1 stage=train sig=Epoch 27:  11%|█         | 70/636 [02:21<18:25,  1.95s/it] time=2026-08-01 22:37:33
WATCH_PROGRESS dataset=mmke-entity model=blip2-opt-2.7b layer=1 stage=train sig=Epoch 27:  16%|█▌        | 100/636 [03:25<20:26,  2.29s/it] time=2026-08-01 22:38:33
WATCH_PROGRESS dataset=mmke-entity model=blip2-opt-2.7b layer=1 stage=train sig=Epoch 27:  21%|██        | 132/636 [04:25<10:57,  1.30s/it] time=2026-08-01 22:39:34
WATCH_PROGRESS dataset=mmke-entity model=blip2-opt-2.7b layer=1 stage=train sig=Epoch 27:  29%|██▉       | 186/636 [05:26<07:48,  1.04s/it] time=2026-08-01 22:40:34
WATCH_PROGRESS dataset=mmke-entity model=blip2-opt-2.7b layer=1 stage=train sig=Epoch 27:  36%|███▌      | 230/636 [06:22<10:01,  1.48s/it] time=2026-08-01 22:41:34
WATCH_PROGRESS dataset=mmke-entity model=blip2-opt-2.7b layer=1 stage=train sig=Epoch 27:  44%|████▍     | 282/636 [07:27<06:01,  1.02s/it] time=2026-08-01 22:42:34
WATCH_PROGRESS dataset=mmke-entity model=blip2-opt-2.7b layer=1 stage=train sig=Epoch 27:  51%|█████▏    | 326/636 [08:27<11:10,  2.16s/it] time=2026-08-01 22:43:35
WATCH_PROGRESS dataset=mmke-entity model=blip2-opt-2.7b layer=1 stage=train sig=Epoch 27:  56%|█████▌    | 354/636 [09:24<09:08,  1.95s/it] time=2026-08-01 22:44:35
WATCH_PROGRESS dataset=mmke-entity model=blip2-opt-2.7b layer=1 stage=train sig=Epoch 27:  60%|█████▉    | 380/636 [10:25<10:06,  2.37s/it] time=2026-08-01 22:45:35
WATCH_HEARTBEAT dataset=mmke-entity model=blip2-opt-2.7b layer=1 stage=train idle_seconds=0 gpu=46945, 34212, 100 time=2026-08-01 22:45:35
WATCH_PROGRESS dataset=mmke-entity model=blip2-opt-2.7b layer=1 stage=train sig=Epoch 27:  64%|██████▍   | 408/636 [11:27<08:43,  2.29s/it] time=2026-08-01 22:46:36
WATCH_PROGRESS dataset=mmke-entity model=blip2-opt-2.7b layer=1 stage=train sig=Epoch 27:  69%|██████▊   | 436/636 [12:25<07:26,  2.23s/it] time=2026-08-01 22:47:36
WATCH_PROGRESS dataset=mmke-entity model=blip2-opt-2.7b layer=1 stage=train sig=Epoch 27:  73%|███████▎  | 466/636 [13:28<06:03,  2.14s/it] time=2026-08-01 22:48:36
WATCH_PROGRESS dataset=mmke-entity model=blip2-opt-2.7b layer=1 stage=train sig=Epoch 27:  78%|███████▊  | 494/636 [14:27<04:51,  2.06s/it] time=2026-08-01 22:49:36
WATCH_PROGRESS dataset=mmke-entity model=blip2-opt-2.7b layer=1 stage=train sig=Epoch 27:  82%|████████▏ | 522/636 [15:29<03:46,  1.99s/it] time=2026-08-01 22:50:37
WATCH_PROGRESS dataset=mmke-entity model=blip2-opt-2.7b layer=1 stage=train sig=Epoch 27:  86%|████████▋ | 550/636 [16:28<03:09,  2.20s/it] time=2026-08-01 22:51:37
WATCH_PROGRESS dataset=mmke-entity model=blip2-opt-2.7b layer=1 stage=train sig=Epoch 27:  91%|█████████ | 578/636 [17:27<02:07,  2.19s/it] time=2026-08-01 22:52:37
WATCH_PROGRESS dataset=mmke-entity model=blip2-opt-2.7b layer=1 stage=train sig=Epoch 27:  95%|█████████▌| 606/636 [18:28<01:07,  2.23s/it] time=2026-08-01 22:53:37
WATCH_PROGRESS dataset=mmke-entity model=blip2-opt-2.7b layer=1 stage=train sig=Epoch 27: 100%|█████████▉| 634/636 [19:27<00:03,  1.90s/it] time=2026-08-01 22:54:38
WATCH_PROGRESS dataset=mmke-entity model=blip2-opt-2.7b layer=1 stage=train sig=Epoch 28:   4%|▍         | 26/636 [00:57<21:49,  2.15s/it] time=2026-08-01 22:55:38
WATCH_HEARTBEAT dataset=mmke-entity model=blip2-opt-2.7b layer=1 stage=train idle_seconds=0 gpu=46945, 34212, 100 time=2026-08-01 22:55:38
WATCH_PROGRESS dataset=mmke-entity model=blip2-opt-2.7b layer=1 stage=train sig=Epoch 28:   8%|▊         | 54/636 [01:57<21:42,  2.24s/it] time=2026-08-01 22:56:38
WATCH_PROGRESS dataset=mmke-entity model=blip2-opt-2.7b layer=1 stage=train sig=Epoch 28:  13%|█▎        | 82/636 [02:57<21:14,  2.30s/it] time=2026-08-01 22:57:39
WATCH_PROGRESS dataset=mmke-entity model=blip2-opt-2.7b layer=1 stage=train sig=Epoch 28:  19%|█▉        | 122/636 [03:59<11:15,  1.31s/it] time=2026-08-01 22:58:39
WATCH_PROGRESS dataset=mmke-entity model=blip2-opt-2.7b layer=1 stage=train sig=Epoch 28:  24%|██▍       | 152/636 [04:58<16:14,  2.01s/it] time=2026-08-01 22:59:39
WATCH_PROGRESS dataset=mmke-entity model=blip2-opt-2.7b layer=1 stage=train sig=Epoch 28:  29%|██▊       | 182/636 [05:57<16:11,  2.14s/it] time=2026-08-01 23:00:40
WATCH_PROGRESS dataset=mmke-entity model=blip2-opt-2.7b layer=1 stage=train sig=Epoch 28:  34%|███▎      | 214/636 [06:58<12:42,  1.81s/it] time=2026-08-01 23:01:40
WATCH_PROGRESS dataset=mmke-entity model=blip2-opt-2.7b layer=1 stage=train sig=Epoch 28:  39%|███▊      | 246/636 [07:59<13:26,  2.07s/it] time=2026-08-01 23:02:40
WATCH_PROGRESS dataset=mmke-entity model=blip2-opt-2.7b layer=1 stage=train sig=Epoch 28:  43%|████▎     | 276/636 [09:00<13:14,  2.21s/it] time=2026-08-01 23:03:40
WATCH_PROGRESS dataset=mmke-entity model=blip2-opt-2.7b layer=1 stage=train sig=Epoch 28:  48%|████▊     | 306/636 [09:59<10:16,  1.87s/it] time=2026-08-01 23:04:41
WATCH_PROGRESS dataset=mmke-entity model=blip2-opt-2.7b layer=1 stage=train sig=Epoch 28:  53%|█████▎    | 338/636 [11:00<09:38,  1.94s/it] time=2026-08-01 23:05:41
WATCH_HEARTBEAT dataset=mmke-entity model=blip2-opt-2.7b layer=1 stage=train idle_seconds=0 gpu=44141, 37016, 99 time=2026-08-01 23:05:41
WATCH_PROGRESS dataset=mmke-entity model=blip2-opt-2.7b layer=1 stage=train sig=Epoch 28:  59%|█████▉    | 378/636 [12:01<04:17,  1.00it/s] time=2026-08-01 23:06:41
WATCH_PROGRESS dataset=mmke-entity model=blip2-opt-2.7b layer=1 stage=train sig=Epoch 28:  68%|██████▊   | 430/636 [13:01<04:02,  1.17s/it] time=2026-08-01 23:07:42
WATCH_PROGRESS dataset=mmke-entity model=blip2-opt-2.7b layer=1 stage=train sig=Epoch 28:  73%|███████▎  | 466/636 [13:59<06:23,  2.25s/it] time=2026-08-01 23:08:42
WATCH_PROGRESS dataset=mmke-entity model=blip2-opt-2.7b layer=1 stage=train sig=Epoch 28:  83%|████████▎ | 528/636 [15:01<01:40,  1.07it/s] time=2026-08-01 23:09:42
WATCH_PROGRESS dataset=mmke-entity model=blip2-opt-2.7b layer=1 stage=train sig=Epoch 28:  93%|█████████▎| 590/636 [16:02<00:44,  1.03it/s] time=2026-08-01 23:10:42
WATCH_PROGRESS dataset=mmke-entity model=blip2-opt-2.7b layer=1 stage=train sig=Epoch 29:   3%|▎         | 16/636 [00:16<10:17,  1.00it/s] time=2026-08-01 23:11:43
WATCH_PROGRESS dataset=mmke-entity model=blip2-opt-2.7b layer=1 stage=train sig=Epoch 29:  12%|█▏        | 78/636 [01:18<09:41,  1.04s/it] time=2026-08-01 23:12:43
WATCH_PROGRESS dataset=mmke-entity model=blip2-opt-2.7b layer=1 stage=train sig=Epoch 29:  22%|██▏       | 140/636 [02:18<07:37,  1.09it/s] time=2026-08-01 23:13:43
WATCH_PROGRESS dataset=mmke-entity model=blip2-opt-2.7b layer=1 stage=train sig=Epoch 29:  32%|███▏      | 202/636 [03:19<07:25,  1.03s/it] time=2026-08-01 23:14:43
WATCH_PROGRESS dataset=mmke-entity model=blip2-opt-2.7b layer=1 stage=train sig=Epoch 29:  42%|████▏     | 264/636 [04:18<06:55,  1.12s/it] time=2026-08-01 23:15:44
WATCH_HEARTBEAT dataset=mmke-entity model=blip2-opt-2.7b layer=1 stage=train idle_seconds=0 gpu=38261, 42895, 99 time=2026-08-01 23:15:44
WATCH_PROGRESS dataset=mmke-entity model=blip2-opt-2.7b layer=1 stage=train sig=Epoch 29:  51%|█████▏    | 326/636 [05:17<04:51,  1.06it/s] time=2026-08-01 23:16:44
WATCH_PROGRESS dataset=mmke-entity model=blip2-opt-2.7b layer=1 stage=train sig=Epoch 29:  61%|██████▏   | 390/636 [06:19<03:38,  1.13it/s] time=2026-08-01 23:17:44
WATCH_PROGRESS dataset=mmke-entity model=blip2-opt-2.7b layer=1 stage=train sig=Epoch 29:  71%|███████   | 450/636 [07:18<03:48,  1.23s/it] time=2026-08-01 23:18:45
WATCH_PROGRESS dataset=mmke-entity model=blip2-opt-2.7b layer=1 stage=train sig=Epoch 29:  75%|███████▌  | 478/636 [08:17<05:42,  2.17s/it] time=2026-08-01 23:19:45
WATCH_PROGRESS dataset=mmke-entity model=blip2-opt-2.7b layer=1 stage=train sig=Epoch 29:  80%|███████▉  | 506/636 [09:17<04:44,  2.19s/it] time=2026-08-01 23:20:45
WATCH_PROGRESS dataset=mmke-entity model=blip2-opt-2.7b layer=1 stage=train sig=Epoch 29:  84%|████████▍ | 534/636 [10:19<03:51,  2.27s/it] time=2026-08-01 23:21:45
WATCH_PROGRESS dataset=mmke-entity model=blip2-opt-2.7b layer=1 stage=train sig=Epoch 29:  88%|████████▊ | 562/636 [11:20<02:35,  2.10s/it] time=2026-08-01 23:22:46
WATCH_PROGRESS dataset=mmke-entity model=blip2-opt-2.7b layer=1 stage=train sig=Epoch 29:  93%|█████████▎| 590/636 [12:18<01:28,  1.93s/it] time=2026-08-01 23:23:46
WATCH_PROGRESS dataset=mmke-entity model=blip2-opt-2.7b layer=1 stage=train sig=Epoch 29:  97%|█████████▋| 618/636 [13:21<00:39,  2.20s/it] time=2026-08-01 23:24:46
WATCH_PROGRESS dataset=mmke-entity model=blip2-opt-2.7b layer=1 stage=train sig=Epoch 30:   1%|▏         | 8/636 [00:18<23:50,  2.28s/it] time=2026-08-01 23:25:47
WATCH_HEARTBEAT dataset=mmke-entity model=blip2-opt-2.7b layer=1 stage=train idle_seconds=0 gpu=46941, 34216, 100 time=2026-08-01 23:25:47
WATCH_PROGRESS dataset=mmke-entity model=blip2-opt-2.7b layer=1 stage=train sig=Epoch 30:   6%|▌         | 36/636 [01:19<22:22,  2.24s/it] time=2026-08-01 23:26:47
WATCH_PROGRESS dataset=mmke-entity model=blip2-opt-2.7b layer=1 stage=train sig=Epoch 30:  10%|█         | 66/636 [02:22<20:45,  2.19s/it] time=2026-08-01 23:27:47
WATCH_PROGRESS dataset=mmke-entity model=blip2-opt-2.7b layer=1 stage=train sig=Epoch 30:  14%|█▍        | 92/636 [03:20<19:35,  2.16s/it] time=2026-08-01 23:28:47
WATCH_PROGRESS dataset=mmke-entity model=blip2-opt-2.7b layer=1 stage=train sig=Epoch 30:  19%|█▉        | 120/636 [04:24<18:45,  2.18s/it] time=2026-08-01 23:29:48
WATCH_PROGRESS dataset=mmke-entity model=blip2-opt-2.7b layer=1 stage=train sig=Epoch 30:  23%|██▎       | 146/636 [05:19<17:36,  2.16s/it] time=2026-08-01 23:30:48
WATCH_PROGRESS dataset=mmke-entity model=blip2-opt-2.7b layer=1 stage=train sig=Epoch 30:  27%|██▋       | 174/636 [06:21<17:32,  2.28s/it] time=2026-08-01 23:31:48
WATCH_PROGRESS dataset=mmke-entity model=blip2-opt-2.7b layer=1 stage=train sig=Epoch 30:  32%|███▏      | 202/636 [07:23<15:56,  2.20s/it] time=2026-08-01 23:32:49
WATCH_PROGRESS dataset=mmke-entity model=blip2-opt-2.7b layer=1 stage=train sig=Epoch 30:  37%|███▋      | 236/636 [08:24<08:05,  1.21s/it] time=2026-08-01 23:33:49
WATCH_PROGRESS dataset=mmke-entity model=blip2-opt-2.7b layer=1 stage=train sig=Epoch 30:  47%|████▋     | 298/636 [09:24<04:51,  1.16it/s] time=2026-08-01 23:34:49
WATCH_PROGRESS dataset=mmke-entity model=blip2-opt-2.7b layer=1 stage=train sig=Epoch 30:  57%|█████▋    | 360/636 [10:25<04:43,  1.03s/it] time=2026-08-01 23:35:49
WATCH_HEARTBEAT dataset=mmke-entity model=blip2-opt-2.7b layer=1 stage=train idle_seconds=0 gpu=38261, 42895, 97 time=2026-08-01 23:35:49
WATCH_PROGRESS dataset=mmke-entity model=blip2-opt-2.7b layer=1 stage=train sig=Epoch 30:  66%|██████▋   | 422/636 [11:24<03:12,  1.11it/s] time=2026-08-01 23:36:50
WATCH_PROGRESS dataset=mmke-entity model=blip2-opt-2.7b layer=1 stage=train sig=Epoch 30:  76%|███████▋  | 486/636 [12:25<02:14,  1.12it/s] time=2026-08-01 23:37:50
WATCH_PROGRESS dataset=mmke-entity model=blip2-opt-2.7b layer=1 stage=train sig=Epoch 30:  86%|████████▌ | 546/636 [13:24<01:19,  1.13it/s] time=2026-08-01 23:38:50
WATCH_PROGRESS dataset=mmke-entity model=blip2-opt-2.7b layer=1 stage=train sig=Epoch 30:  92%|█████████▏| 588/636 [14:22<01:40,  2.09s/it] time=2026-08-01 23:39:51
WATCH_PROGRESS dataset=mmke-entity model=blip2-opt-2.7b layer=1 stage=train sig=Epoch 30:  97%|█████████▋| 620/636 [15:26<00:22,  1.41s/it] time=2026-08-01 23:40:51
WATCH_PROGRESS dataset=mmke-entity model=blip2-opt-2.7b layer=1 stage=train sig=Epoch 31:   7%|▋         | 46/636 [00:44<09:31,  1.03it/s] time=2026-08-01 23:41:51
WATCH_PROGRESS dataset=mmke-entity model=blip2-opt-2.7b layer=1 stage=train sig=Epoch 31:  17%|█▋        | 108/636 [01:44<08:52,  1.01s/it] time=2026-08-01 23:42:51
WATCH_PROGRESS dataset=mmke-entity model=blip2-opt-2.7b layer=1 stage=train sig=Epoch 31:  26%|██▋       | 168/636 [02:44<07:27,  1.05it/s] time=2026-08-01 23:43:52
WATCH_PROGRESS dataset=mmke-entity model=blip2-opt-2.7b layer=1 stage=train sig=Epoch 31:  36%|███▌      | 226/636 [03:45<07:09,  1.05s/it] time=2026-08-01 23:44:52
WATCH_PROGRESS dataset=mmke-entity model=blip2-opt-2.7b layer=1 stage=train sig=Epoch 31:  45%|████▌     | 288/636 [04:44<05:51,  1.01s/it] time=2026-08-01 23:45:52
WATCH_HEARTBEAT dataset=mmke-entity model=blip2-opt-2.7b layer=1 stage=train idle_seconds=0 gpu=38261, 42895, 98 time=2026-08-01 23:45:52
WATCH_PROGRESS dataset=mmke-entity model=blip2-opt-2.7b layer=1 stage=train sig=Epoch 31:  55%|█████▌    | 352/636 [05:45<04:48,  1.01s/it] time=2026-08-01 23:46:52
WATCH_PROGRESS dataset=mmke-entity model=blip2-opt-2.7b layer=1 stage=train sig=Epoch 31:  65%|██████▌   | 414/636 [06:45<03:16,  1.13it/s] time=2026-08-01 23:47:53
WATCH_PROGRESS dataset=mmke-entity model=blip2-opt-2.7b layer=1 stage=train sig=Epoch 31:  75%|███████▍  | 476/636 [07:44<02:20,  1.14it/s] time=2026-08-01 23:48:53
WATCH_PROGRESS dataset=mmke-entity model=blip2-opt-2.7b layer=1 stage=train sig=Epoch 31:  85%|████████▍ | 540/636 [08:46<01:23,  1.15it/s] time=2026-08-01 23:49:53
WATCH_PROGRESS dataset=mmke-entity model=blip2-opt-2.7b layer=1 stage=train sig=Epoch 31:  94%|█████████▍| 598/636 [09:45<00:42,  1.11s/it] time=2026-08-01 23:50:54
WATCH_PROGRESS dataset=mmke-entity model=blip2-opt-2.7b layer=1 stage=train sig=Epoch 32:   4%|▍         | 24/636 [00:23<10:37,  1.04s/it] time=2026-08-01 23:51:54
WATCH_PROGRESS dataset=mmke-entity model=blip2-opt-2.7b layer=1 stage=train sig=Epoch 32:  13%|█▎        | 84/636 [01:23<09:10,  1.00it/s] time=2026-08-01 23:52:54
WATCH_PROGRESS dataset=mmke-entity model=blip2-opt-2.7b layer=1 stage=train sig=Epoch 32:  23%|██▎       | 146/636 [02:24<07:35,  1.08it/s] time=2026-08-01 23:53:54
WATCH_PROGRESS dataset=mmke-entity model=blip2-opt-2.7b layer=1 stage=train sig=Epoch 32:  32%|███▏      | 206/636 [03:22<06:29,  1.10it/s] time=2026-08-01 23:54:55
WATCH_PROGRESS dataset=mmke-entity model=blip2-opt-2.7b layer=1 stage=train sig=Epoch 32:  42%|████▏     | 270/636 [04:25<06:26,  1.06s/it] time=2026-08-01 23:55:55
WATCH_HEARTBEAT dataset=mmke-entity model=blip2-opt-2.7b layer=1 stage=train idle_seconds=0 gpu=41041, 40116, 96 time=2026-08-01 23:55:55
WATCH_PROGRESS dataset=mmke-entity model=blip2-opt-2.7b layer=1 stage=train sig=Epoch 32:  52%|█████▏    | 330/636 [05:25<04:43,  1.08it/s] time=2026-08-01 23:56:55
WATCH_PROGRESS dataset=mmke-entity model=blip2-opt-2.7b layer=1 stage=train sig=Epoch 32:  62%|██████▏   | 394/636 [06:25<03:35,  1.12it/s] time=2026-08-01 23:57:55
WATCH_PROGRESS dataset=mmke-entity model=blip2-opt-2.7b layer=1 stage=train sig=Epoch 32:  72%|███████▏  | 456/636 [07:26<03:04,  1.02s/it] time=2026-08-01 23:58:56
WATCH_PROGRESS dataset=mmke-entity model=blip2-opt-2.7b layer=1 stage=train sig=Epoch 32:  80%|███████▉  | 506/636 [08:24<04:02,  1.86s/it] time=2026-08-01 23:59:56
WATCH_PROGRESS dataset=mmke-entity model=blip2-opt-2.7b layer=1 stage=train sig=Epoch 32:  84%|████████▍ | 534/636 [09:23<03:41,  2.17s/it] time=2026-08-02 00:00:56
WATCH_PROGRESS dataset=mmke-entity model=blip2-opt-2.7b layer=1 stage=train sig=Epoch 32:  89%|████████▊ | 564/636 [10:25<02:21,  1.96s/it] time=2026-08-02 00:01:57
WATCH_PROGRESS dataset=mmke-entity model=blip2-opt-2.7b layer=1 stage=train sig=Epoch 32:  93%|█████████▎| 594/636 [11:26<01:26,  2.06s/it] time=2026-08-02 00:02:57
WATCH_PROGRESS dataset=mmke-entity model=blip2-opt-2.7b layer=1 stage=train sig=Epoch 32:  98%|█████████▊| 622/636 [12:24<00:28,  2.02s/it] time=2026-08-02 00:03:57
WATCH_PROGRESS dataset=mmke-entity model=blip2-opt-2.7b layer=1 stage=train sig=Epoch 33:   3%|▎         | 18/636 [00:35<20:29,  1.99s/it] time=2026-08-02 00:04:57
WATCH_PROGRESS dataset=mmke-entity model=blip2-opt-2.7b layer=1 stage=train sig=Epoch 33:  12%|█▏        | 78/636 [01:35<09:23,  1.01s/it] time=2026-08-02 00:05:58
WATCH_HEARTBEAT dataset=mmke-entity model=blip2-opt-2.7b layer=1 stage=train idle_seconds=0 gpu=38261, 42895, 96 time=2026-08-02 00:05:58
WATCH_PROGRESS dataset=mmke-entity model=blip2-opt-2.7b layer=1 stage=train sig=Epoch 33:  22%|██▏       | 138/636 [02:35<07:48,  1.06it/s] time=2026-08-02 00:06:58
WATCH_PROGRESS dataset=mmke-entity model=blip2-opt-2.7b layer=1 stage=train sig=Epoch 33:  31%|███▏      | 200/636 [03:36<07:32,  1.04s/it] time=2026-08-02 00:07:58
WATCH_PROGRESS dataset=mmke-entity model=blip2-opt-2.7b layer=1 stage=train sig=Epoch 33:  40%|███▉      | 254/636 [04:33<10:38,  1.67s/it] time=2026-08-02 00:08:58
WATCH_PROGRESS dataset=mmke-entity model=blip2-opt-2.7b layer=1 stage=train sig=Epoch 33:  44%|████▍     | 282/636 [05:34<12:55,  2.19s/it] time=2026-08-02 00:09:59
WATCH_PROGRESS dataset=mmke-entity model=blip2-opt-2.7b layer=1 stage=train sig=Epoch 33:  48%|████▊     | 308/636 [06:34<11:51,  2.17s/it] time=2026-08-02 00:10:59
WATCH_PROGRESS dataset=mmke-entity model=blip2-opt-2.7b layer=1 stage=train sig=Epoch 33:  53%|█████▎    | 336/636 [07:36<11:15,  2.25s/it] time=2026-08-02 00:11:59
WATCH_PROGRESS dataset=mmke-entity model=blip2-opt-2.7b layer=1 stage=train sig=Epoch 33:  57%|█████▋    | 364/636 [08:37<09:43,  2.14s/it] time=2026-08-02 00:13:00
WATCH_PROGRESS dataset=mmke-entity model=blip2-opt-2.7b layer=1 stage=train sig=Epoch 33:  62%|██████▏   | 392/636 [09:37<08:17,  2.04s/it] time=2026-08-02 00:14:00
WATCH_PROGRESS dataset=mmke-entity model=blip2-opt-2.7b layer=1 stage=train sig=Epoch 33:  66%|██████▌   | 420/636 [10:36<07:26,  2.07s/it] time=2026-08-02 00:15:00
WATCH_PROGRESS dataset=mmke-entity model=blip2-opt-2.7b layer=1 stage=train sig=Epoch 33:  71%|███████   | 450/636 [11:37<05:56,  1.91s/it] time=2026-08-02 00:16:00
WATCH_HEARTBEAT dataset=mmke-entity model=blip2-opt-2.7b layer=1 stage=train idle_seconds=0 gpu=48215, 32942, 100 time=2026-08-02 00:16:00
WATCH_PROGRESS dataset=mmke-entity model=blip2-opt-2.7b layer=1 stage=train sig=Epoch 33:  75%|███████▌  | 478/636 [12:35<05:03,  1.92s/it] time=2026-08-02 00:17:01
WATCH_PROGRESS dataset=mmke-entity model=blip2-opt-2.7b layer=1 stage=train sig=Epoch 33:  80%|███████▉  | 506/636 [13:34<04:53,  2.26s/it] time=2026-08-02 00:18:01
WATCH_PROGRESS dataset=mmke-entity model=blip2-opt-2.7b layer=1 stage=train sig=Epoch 33:  84%|████████▍ | 536/636 [14:38<03:20,  2.01s/it] time=2026-08-02 00:19:01
WATCH_PROGRESS dataset=mmke-entity model=blip2-opt-2.7b layer=1 stage=train sig=Epoch 33:  89%|████████▊ | 564/636 [15:35<02:21,  1.96s/it] time=2026-08-02 00:20:01
WATCH_PROGRESS dataset=mmke-entity model=blip2-opt-2.7b layer=1 stage=train sig=Epoch 33:  94%|█████████▎| 596/636 [16:39<01:16,  1.91s/it] time=2026-08-02 00:21:02
WATCH_PROGRESS dataset=mmke-entity model=blip2-opt-2.7b layer=1 stage=train sig=Epoch 33:  99%|█████████▉| 630/636 [17:39<00:09,  1.63s/it] time=2026-08-02 00:22:02
WATCH_PROGRESS dataset=mmke-entity model=blip2-opt-2.7b layer=1 stage=train sig=Epoch 34:   5%|▌         | 32/636 [00:50<16:06,  1.60s/it] time=2026-08-02 00:23:02
WATCH_PROGRESS dataset=mmke-entity model=blip2-opt-2.7b layer=1 stage=train sig=Epoch 34:  10%|█         | 64/636 [01:52<20:58,  2.20s/it] time=2026-08-02 00:24:03
WATCH_PROGRESS dataset=mmke-entity model=blip2-opt-2.7b layer=1 stage=train sig=Epoch 34:  14%|█▍        | 90/636 [02:49<19:51,  2.18s/it] time=2026-08-02 00:25:03
WATCH_PROGRESS dataset=mmke-entity model=blip2-opt-2.7b layer=1 stage=train sig=Epoch 34:  19%|█▊        | 118/636 [03:50<18:13,  2.11s/it] time=2026-08-02 00:26:03
WATCH_HEARTBEAT dataset=mmke-entity model=blip2-opt-2.7b layer=1 stage=train idle_seconds=0 gpu=48217, 32940, 100 time=2026-08-02 00:26:03
WATCH_PROGRESS dataset=mmke-entity model=blip2-opt-2.7b layer=1 stage=train sig=Epoch 34:  23%|██▎       | 144/636 [04:50<18:59,  2.32s/it] time=2026-08-02 00:27:03
WATCH_PROGRESS dataset=mmke-entity model=blip2-opt-2.7b layer=1 stage=train sig=Epoch 34:  27%|██▋       | 172/636 [05:53<16:44,  2.17s/it] time=2026-08-02 00:28:04
WATCH_PROGRESS dataset=mmke-entity model=blip2-opt-2.7b layer=1 stage=train sig=Epoch 34:  31%|███       | 198/636 [06:51<15:51,  2.17s/it] time=2026-08-02 00:29:04
WATCH_PROGRESS dataset=mmke-entity model=blip2-opt-2.7b layer=1 stage=train sig=Epoch 34:  36%|███▌      | 226/636 [07:52<15:40,  2.29s/it] time=2026-08-02 00:30:04
WATCH_PROGRESS dataset=mmke-entity model=blip2-opt-2.7b layer=1 stage=train sig=Epoch 34:  40%|███▉      | 254/636 [08:53<13:56,  2.19s/it] time=2026-08-02 00:31:04
WATCH_PROGRESS dataset=mmke-entity model=blip2-opt-2.7b layer=1 stage=train sig=Epoch 34:  44%|████▍     | 280/636 [09:52<12:54,  2.18s/it] time=2026-08-02 00:32:05
WATCH_PROGRESS dataset=mmke-entity model=blip2-opt-2.7b layer=1 stage=train sig=Epoch 34:  48%|████▊     | 308/636 [10:54<11:58,  2.19s/it] time=2026-08-02 00:33:05
WATCH_PROGRESS dataset=mmke-entity model=blip2-opt-2.7b layer=1 stage=train sig=Epoch 34:  53%|█████▎    | 334/636 [11:52<10:55,  2.17s/it] time=2026-08-02 00:34:05
WATCH_PROGRESS dataset=mmke-entity model=blip2-opt-2.7b layer=1 stage=train sig=Epoch 34:  57%|█████▋    | 362/636 [12:53<09:54,  2.17s/it] time=2026-08-02 00:35:06
WATCH_PROGRESS dataset=mmke-entity model=blip2-opt-2.7b layer=1 stage=train sig=Epoch 34:  62%|██████▏   | 392/636 [13:53<07:01,  1.73s/it] time=2026-08-02 00:36:06
WATCH_HEARTBEAT dataset=mmke-entity model=blip2-opt-2.7b layer=1 stage=train idle_seconds=0 gpu=48217, 32940, 100 time=2026-08-02 00:36:06
WATCH_PROGRESS dataset=mmke-entity model=blip2-opt-2.7b layer=1 stage=train sig=Epoch 34:  67%|██████▋   | 426/636 [14:52<06:20,  1.81s/it] time=2026-08-02 00:37:06
WATCH_PROGRESS dataset=mmke-entity model=blip2-opt-2.7b layer=1 stage=train sig=Epoch 34:  72%|███████▏  | 458/636 [15:53<06:30,  2.19s/it] time=2026-08-02 00:38:06
WATCH_PROGRESS dataset=mmke-entity model=blip2-opt-2.7b layer=1 stage=train sig=Epoch 34:  76%|███████▋  | 486/636 [16:56<05:50,  2.34s/it] time=2026-08-02 00:39:07
WATCH_PROGRESS dataset=mmke-entity model=blip2-opt-2.7b layer=1 stage=train sig=Epoch 34:  81%|████████  | 512/636 [17:54<04:28,  2.17s/it] time=2026-08-02 00:40:07
WATCH_PROGRESS dataset=mmke-entity model=blip2-opt-2.7b layer=1 stage=train sig=Epoch 34:  85%|████████▍ | 538/636 [18:54<03:44,  2.29s/it] time=2026-08-02 00:41:07
WATCH_PROGRESS dataset=mmke-entity model=blip2-opt-2.7b layer=1 stage=train sig=Epoch 34:  89%|████████▉ | 566/636 [19:55<02:32,  2.19s/it] time=2026-08-02 00:42:08
WATCH_PROGRESS dataset=mmke-entity model=blip2-opt-2.7b layer=1 stage=train sig=Epoch 34:  93%|█████████▎| 594/636 [20:56<01:27,  2.09s/it] time=2026-08-02 00:43:08
WATCH_PROGRESS dataset=mmke-entity model=blip2-opt-2.7b layer=1 stage=train sig=Epoch 34:  97%|█████████▋| 618/636 [21:52<00:45,  2.52s/it] time=2026-08-02 00:44:08
WATCH_PROGRESS dataset=mmke-entity model=blip2-opt-2.7b layer=1 stage=train sig=Epoch 35:   2%|▏         | 10/636 [00:22<24:04,  2.31s/it] time=2026-08-02 00:45:08
WATCH_PROGRESS dataset=mmke-entity model=blip2-opt-2.7b layer=1 stage=train sig=Epoch 35:   6%|▌         | 36/636 [01:21<22:43,  2.27s/it] time=2026-08-02 00:46:09
WATCH_HEARTBEAT dataset=mmke-entity model=blip2-opt-2.7b layer=1 stage=train idle_seconds=0 gpu=48217, 32940, 90 time=2026-08-02 00:46:09
WATCH_PROGRESS dataset=mmke-entity model=blip2-opt-2.7b layer=1 stage=train sig=Epoch 35:  10%|█         | 64/636 [02:23<20:19,  2.13s/it] time=2026-08-02 00:47:09
WATCH_PROGRESS dataset=mmke-entity model=blip2-opt-2.7b layer=1 stage=train sig=Epoch 35:  14%|█▍        | 90/636 [03:20<19:20,  2.13s/it] time=2026-08-02 00:48:09
WATCH_PROGRESS dataset=mmke-entity model=blip2-opt-2.7b layer=1 stage=train sig=Epoch 35:  19%|█▊        | 118/636 [04:21<18:13,  2.11s/it] time=2026-08-02 00:49:09
WATCH_PROGRESS dataset=mmke-entity model=blip2-opt-2.7b layer=1 stage=train sig=Epoch 35:  23%|██▎       | 148/636 [05:22<14:27,  1.78s/it] time=2026-08-02 00:50:10
WATCH_PROGRESS dataset=mmke-entity model=blip2-opt-2.7b layer=1 stage=train sig=Epoch 35:  29%|██▊       | 182/636 [06:23<12:53,  1.70s/it] time=2026-08-02 00:51:10
WATCH_PROGRESS dataset=mmke-entity model=blip2-opt-2.7b layer=1 stage=train sig=Epoch 35:  33%|███▎      | 212/636 [07:22<15:33,  2.20s/it] time=2026-08-02 00:52:10
WATCH_PROGRESS dataset=mmke-entity model=blip2-opt-2.7b layer=1 stage=train sig=Epoch 35:  38%|███▊      | 240/636 [08:23<14:58,  2.27s/it] time=2026-08-02 00:53:11
WATCH_PROGRESS dataset=mmke-entity model=blip2-opt-2.7b layer=1 stage=train sig=Epoch 35:  47%|████▋     | 296/636 [09:25<05:56,  1.05s/it] time=2026-08-02 00:54:11
WATCH_PROGRESS dataset=mmke-entity model=blip2-opt-2.7b layer=1 stage=train sig=Epoch 35:  56%|█████▋    | 358/636 [10:24<04:03,  1.14it/s] time=2026-08-02 00:55:11
WATCH_PROGRESS dataset=mmke-entity model=blip2-opt-2.7b layer=1 stage=train sig=Epoch 35:  66%|██████▋   | 422/636 [11:24<03:13,  1.10it/s] time=2026-08-02 00:56:11
WATCH_HEARTBEAT dataset=mmke-entity model=blip2-opt-2.7b layer=1 stage=train idle_seconds=0 gpu=38261, 42895, 98 time=2026-08-02 00:56:11
WATCH_PROGRESS dataset=mmke-entity model=blip2-opt-2.7b layer=1 stage=train sig=Epoch 35:  76%|███████▌  | 482/636 [12:23<02:59,  1.17s/it] time=2026-08-02 00:57:12
WATCH_PROGRESS dataset=mmke-entity model=blip2-opt-2.7b layer=1 stage=train sig=Epoch 35:  82%|████████▏ | 520/636 [13:23<02:46,  1.44s/it] time=2026-08-02 00:58:12
WATCH_PROGRESS dataset=mmke-entity model=blip2-opt-2.7b layer=1 stage=train sig=Epoch 35:  88%|████████▊ | 560/636 [14:27<01:54,  1.51s/it] time=2026-08-02 00:59:12
WATCH_PROGRESS dataset=mmke-entity model=blip2-opt-2.7b layer=1 stage=train sig=Epoch 35:  94%|█████████▍| 598/636 [15:24<00:51,  1.35s/it] time=2026-08-02 01:00:13
WATCH_PROGRESS dataset=mmke-entity model=blip2-opt-2.7b layer=1 stage=train sig=Epoch 36:   3%|▎         | 20/636 [00:20<10:31,  1.02s/it] time=2026-08-02 01:01:13
WATCH_PROGRESS dataset=mmke-entity model=blip2-opt-2.7b layer=1 stage=train sig=Epoch 36:  13%|█▎        | 82/636 [01:21<09:29,  1.03s/it] time=2026-08-02 01:02:13
WATCH_PROGRESS dataset=mmke-entity model=blip2-opt-2.7b layer=1 stage=train sig=Epoch 36:  21%|██▏       | 136/636 [02:22<11:57,  1.43s/it] time=2026-08-02 01:03:13
WATCH_PROGRESS dataset=mmke-entity model=blip2-opt-2.7b layer=1 stage=train sig=Epoch 36:  28%|██▊       | 176/636 [03:19<11:03,  1.44s/it] time=2026-08-02 01:04:14
WATCH_PROGRESS dataset=mmke-entity model=blip2-opt-2.7b layer=1 stage=train sig=Epoch 36:  34%|███▍      | 218/636 [04:19<09:01,  1.30s/it] time=2026-08-02 01:05:14
WATCH_PROGRESS dataset=mmke-entity model=blip2-opt-2.7b layer=1 stage=train sig=Epoch 36:  42%|████▏     | 266/636 [05:21<07:19,  1.19s/it] time=2026-08-02 01:06:14
WATCH_HEARTBEAT dataset=mmke-entity model=blip2-opt-2.7b layer=1 stage=train idle_seconds=0 gpu=75119, 6038, 99 time=2026-08-02 01:06:14
WATCH_PROGRESS dataset=mmke-entity model=blip2-opt-2.7b layer=1 stage=train sig=Epoch 36:  48%|████▊     | 308/636 [06:20<07:19,  1.34s/it] time=2026-08-02 01:07:15
WATCH_PROGRESS dataset=mmke-entity model=blip2-opt-2.7b layer=1 stage=train sig=Epoch 36:  55%|█████▌    | 350/636 [07:22<07:36,  1.60s/it] time=2026-08-02 01:08:15
WATCH_PROGRESS dataset=mmke-entity model=blip2-opt-2.7b layer=1 stage=train sig=Epoch 36:  62%|██████▏   | 394/636 [08:22<06:01,  1.49s/it] time=2026-08-02 01:09:15
WATCH_PROGRESS dataset=mmke-entity model=blip2-opt-2.7b layer=1 stage=train sig=Epoch 36:  69%|██████▉   | 440/636 [09:22<04:09,  1.27s/it] time=2026-08-02 01:10:15
WATCH_PROGRESS dataset=mmke-entity model=blip2-opt-2.7b layer=1 stage=train sig=Epoch 36:  76%|███████▌  | 484/636 [10:24<03:21,  1.33s/it] time=2026-08-02 01:11:16
WATCH_PROGRESS dataset=mmke-entity model=blip2-opt-2.7b layer=1 stage=train sig=Epoch 36:  83%|████████▎ | 526/636 [11:24<02:28,  1.35s/it] time=2026-08-02 01:12:16
WATCH_PROGRESS dataset=mmke-entity model=blip2-opt-2.7b layer=1 stage=train sig=Epoch 36:  90%|████████▉ | 572/636 [12:24<01:15,  1.18s/it] time=2026-08-02 01:13:16
WATCH_PROGRESS dataset=mmke-entity model=blip2-opt-2.7b layer=1 stage=train sig=Epoch 36:  97%|█████████▋| 616/636 [13:24<00:31,  1.60s/it] time=2026-08-02 01:14:17
WATCH_PROGRESS dataset=mmke-entity model=blip2-opt-2.7b layer=1 stage=train sig=Epoch 37:   4%|▍         | 24/636 [00:32<13:38,  1.34s/it] time=2026-08-02 01:15:17
WATCH_PROGRESS dataset=mmke-entity model=blip2-opt-2.7b layer=1 stage=train sig=Epoch 37:  10%|█         | 64/636 [01:29<12:20,  1.29s/it] time=2026-08-02 01:16:17
WATCH_HEARTBEAT dataset=mmke-entity model=blip2-opt-2.7b layer=1 stage=train idle_seconds=0 gpu=75119, 6038, 100 time=2026-08-02 01:16:17
WATCH_PROGRESS dataset=mmke-entity model=blip2-opt-2.7b layer=1 stage=train sig=Epoch 37:  18%|█▊        | 112/636 [02:32<09:55,  1.14s/it] time=2026-08-02 01:17:17
WATCH_PROGRESS dataset=mmke-entity model=blip2-opt-2.7b layer=1 stage=train sig=Epoch 37:  24%|██▍       | 154/636 [03:32<12:21,  1.54s/it] time=2026-08-02 01:18:18
WATCH_PROGRESS dataset=mmke-entity model=blip2-opt-2.7b layer=1 stage=train sig=Epoch 37:  31%|███       | 196/636 [04:34<11:20,  1.55s/it] time=2026-08-02 01:19:18
WATCH_PROGRESS dataset=mmke-entity model=blip2-opt-2.7b layer=1 stage=train sig=Epoch 37:  37%|███▋      | 238/636 [05:33<09:56,  1.50s/it] time=2026-08-02 01:20:18
WATCH_PROGRESS dataset=mmke-entity model=blip2-opt-2.7b layer=1 stage=train sig=Epoch 37:  45%|████▍     | 286/636 [06:34<07:45,  1.33s/it] time=2026-08-02 01:21:19
WATCH_PROGRESS dataset=mmke-entity model=blip2-opt-2.7b layer=1 stage=train sig=Epoch 37:  52%|█████▏    | 328/636 [07:34<06:42,  1.31s/it] time=2026-08-02 01:22:19
WATCH_PROGRESS dataset=mmke-entity model=blip2-opt-2.7b layer=1 stage=train sig=Epoch 37:  58%|█████▊    | 370/636 [08:33<05:45,  1.30s/it] time=2026-08-02 01:23:19
WATCH_PROGRESS dataset=mmke-entity model=blip2-opt-2.7b layer=1 stage=train sig=Epoch 37:  65%|██████▌   | 414/636 [09:33<04:42,  1.27s/it] time=2026-08-02 01:24:19
WATCH_PROGRESS dataset=mmke-entity model=blip2-opt-2.7b layer=1 stage=train sig=Epoch 37:  73%|███████▎  | 462/636 [10:35<04:30,  1.56s/it] time=2026-08-02 01:25:20
WATCH_PROGRESS dataset=mmke-entity model=blip2-opt-2.7b layer=1 stage=train sig=Epoch 37:  80%|███████▉  | 506/636 [11:36<02:53,  1.34s/it] time=2026-08-02 01:26:20
WATCH_HEARTBEAT dataset=mmke-entity model=blip2-opt-2.7b layer=1 stage=train idle_seconds=0 gpu=75119, 6038, 100 time=2026-08-02 01:26:20
WATCH_PROGRESS dataset=mmke-entity model=blip2-opt-2.7b layer=1 stage=train sig=Epoch 37:  86%|████████▌ | 546/636 [12:34<02:13,  1.48s/it] time=2026-08-02 01:27:20
WATCH_PROGRESS dataset=mmke-entity model=blip2-opt-2.7b layer=1 stage=train sig=Epoch 37:  93%|█████████▎| 594/636 [13:36<00:53,  1.27s/it] time=2026-08-02 01:28:21
WATCH_PROGRESS dataset=mmke-entity model=blip2-opt-2.7b layer=1 stage=train sig=Epoch 38:   0%|          | 0/636 [00:00<?, ?it/s] time=2026-08-02 01:29:21
WATCH_PROGRESS dataset=mmke-entity model=blip2-opt-2.7b layer=1 stage=train sig=Epoch 38:   7%|▋         | 44/636 [01:01<13:22,  1.36s/it] time=2026-08-02 01:30:21
WATCH_PROGRESS dataset=mmke-entity model=blip2-opt-2.7b layer=1 stage=train sig=Epoch 38:  14%|█▎        | 86/636 [02:01<12:57,  1.41s/it] time=2026-08-02 01:31:21
WATCH_PROGRESS dataset=mmke-entity model=blip2-opt-2.7b layer=1 stage=train sig=Epoch 38:  21%|██        | 132/636 [03:00<11:01,  1.31s/it] time=2026-08-02 01:32:22
WATCH_PROGRESS dataset=mmke-entity model=blip2-opt-2.7b layer=1 stage=train sig=Epoch 38:  28%|██▊       | 176/636 [04:01<09:43,  1.27s/it] time=2026-08-02 01:33:22
WATCH_PROGRESS dataset=mmke-entity model=blip2-opt-2.7b layer=1 stage=train sig=Epoch 38:  34%|███▍      | 218/636 [05:01<08:58,  1.29s/it] time=2026-08-02 01:34:22
WATCH_PROGRESS dataset=mmke-entity model=blip2-opt-2.7b layer=1 stage=train sig=Epoch 38:  41%|████      | 262/636 [06:01<07:13,  1.16s/it] time=2026-08-02 01:35:23
WATCH_PROGRESS dataset=mmke-entity model=blip2-opt-2.7b layer=1 stage=train sig=Epoch 38:  48%|████▊     | 308/636 [07:01<07:25,  1.36s/it] time=2026-08-02 01:36:23
WATCH_HEARTBEAT dataset=mmke-entity model=blip2-opt-2.7b layer=1 stage=train idle_seconds=0 gpu=75119, 6038, 100 time=2026-08-02 01:36:23
WATCH_PROGRESS dataset=mmke-entity model=blip2-opt-2.7b layer=1 stage=train sig=Epoch 38:  55%|█████▌    | 352/636 [08:03<06:50,  1.44s/it] time=2026-08-02 01:37:23
WATCH_PROGRESS dataset=mmke-entity model=blip2-opt-2.7b layer=1 stage=train sig=Epoch 38:  62%|██████▏   | 392/636 [09:02<05:36,  1.38s/it] time=2026-08-02 01:38:23
WATCH_PROGRESS dataset=mmke-entity model=blip2-opt-2.7b layer=1 stage=train sig=Epoch 38:  69%|██████▉   | 440/636 [10:03<03:35,  1.10s/it] time=2026-08-02 01:39:24
WATCH_PROGRESS dataset=mmke-entity model=blip2-opt-2.7b layer=1 stage=train sig=Epoch 38:  77%|███████▋  | 490/636 [11:04<02:44,  1.13s/it] time=2026-08-02 01:40:24
WATCH_PROGRESS dataset=mmke-entity model=blip2-opt-2.7b layer=1 stage=train sig=Epoch 38:  86%|████████▋ | 550/636 [12:02<01:18,  1.10it/s] time=2026-08-02 01:41:24
WATCH_PROGRESS dataset=mmke-entity model=blip2-opt-2.7b layer=1 stage=train sig=Epoch 38:  97%|█████████▋| 614/636 [13:03<00:19,  1.13it/s] time=2026-08-02 01:42:25
WATCH_PROGRESS dataset=mmke-entity model=blip2-opt-2.7b layer=1 stage=train sig=Epoch 39:   6%|▋         | 40/636 [00:37<08:57,  1.11it/s] time=2026-08-02 01:43:25
WATCH_PROGRESS dataset=mmke-entity model=blip2-opt-2.7b layer=1 stage=train sig=Epoch 39:  16%|█▋        | 104/636 [01:38<08:23,  1.06it/s] time=2026-08-02 01:44:25
WATCH_PROGRESS dataset=mmke-entity model=blip2-opt-2.7b layer=1 stage=train sig=Epoch 39:  26%|██▌       | 166/636 [02:39<07:24,  1.06it/s] time=2026-08-02 01:45:25
WATCH_PROGRESS dataset=mmke-entity model=blip2-opt-2.7b layer=1 stage=train sig=Epoch 39:  35%|███▍      | 220/636 [03:37<09:58,  1.44s/it] time=2026-08-02 01:46:26
WATCH_HEARTBEAT dataset=mmke-entity model=blip2-opt-2.7b layer=1 stage=train idle_seconds=0 gpu=74979, 6178, 100 time=2026-08-02 01:46:26
WATCH_PROGRESS dataset=mmke-entity model=blip2-opt-2.7b layer=1 stage=train sig=Epoch 39:  42%|████▏     | 264/636 [04:39<07:50,  1.27s/it] time=2026-08-02 01:47:26
WATCH_PROGRESS dataset=mmke-entity model=blip2-opt-2.7b layer=1 stage=train sig=Epoch 39:  48%|████▊     | 304/636 [05:37<07:42,  1.39s/it] time=2026-08-02 01:48:26
WATCH_PROGRESS dataset=mmke-entity model=blip2-opt-2.7b layer=1 stage=train sig=Epoch 39:  55%|█████▌    | 350/636 [06:39<05:59,  1.26s/it] time=2026-08-02 01:49:26
WATCH_PROGRESS dataset=mmke-entity model=blip2-opt-2.7b layer=1 stage=train sig=Epoch 39:  63%|██████▎   | 402/636 [07:41<04:34,  1.17s/it] time=2026-08-02 01:50:27
WATCH_PROGRESS dataset=mmke-entity model=blip2-opt-2.7b layer=1 stage=train sig=Epoch 39:  70%|██████▉   | 444/636 [08:36<06:25,  2.01s/it] time=2026-08-02 01:51:27
WATCH_PROGRESS dataset=mmke-entity model=blip2-opt-2.7b layer=1 stage=train sig=Epoch 39:  79%|███████▊  | 500/636 [09:41<02:07,  1.07it/s] time=2026-08-02 01:52:27
WATCH_PROGRESS dataset=mmke-entity model=blip2-opt-2.7b layer=1 stage=train sig=Epoch 39:  89%|████████▊ | 564/636 [10:41<01:01,  1.18it/s] time=2026-08-02 01:53:28
WATCH_PROGRESS dataset=mmke-entity model=blip2-opt-2.7b layer=1 stage=train sig=Epoch 39:  98%|█████████▊| 624/636 [11:40<00:10,  1.12it/s] time=2026-08-02 01:54:28
WATCH_PROGRESS dataset=mmke-entity model=blip2-opt-2.7b layer=1 stage=train sig=Epoch 40:   8%|▊         | 52/636 [00:50<08:56,  1.09it/s] time=2026-08-02 01:55:28
WATCH_PROGRESS dataset=mmke-entity model=blip2-opt-2.7b layer=1 stage=train sig=Epoch 40:  18%|█▊        | 114/636 [01:50<09:06,  1.05s/it] time=2026-08-02 01:56:28
WATCH_HEARTBEAT dataset=mmke-entity model=blip2-opt-2.7b layer=1 stage=train idle_seconds=0 gpu=38261, 42895, 100 time=2026-08-02 01:56:28
WATCH_PROGRESS dataset=mmke-entity model=blip2-opt-2.7b layer=1 stage=train sig=Epoch 40:  28%|██▊       | 176/636 [02:49<06:54,  1.11it/s] time=2026-08-02 01:57:29
WATCH_PROGRESS dataset=mmke-entity model=blip2-opt-2.7b layer=1 stage=train sig=Epoch 40:  37%|███▋      | 238/636 [03:51<06:53,  1.04s/it] time=2026-08-02 01:58:29
WATCH_PROGRESS dataset=mmke-entity model=blip2-opt-2.7b layer=1 stage=train sig=Epoch 40:  47%|████▋     | 302/636 [04:51<04:51,  1.15it/s] time=2026-08-02 01:59:29
WATCH_PROGRESS dataset=mmke-entity model=blip2-opt-2.7b layer=1 stage=train sig=Epoch 40:  55%|█████▍    | 348/636 [05:49<05:58,  1.24s/it] time=2026-08-02 02:00:30
WATCH_PROGRESS dataset=mmke-entity model=blip2-opt-2.7b layer=1 stage=train sig=Epoch 40:  62%|██████▏   | 394/636 [06:51<05:04,  1.26s/it] time=2026-08-02 02:01:30
WATCH_PROGRESS dataset=mmke-entity model=blip2-opt-2.7b layer=1 stage=train sig=Epoch 40:  69%|██████▊   | 436/636 [07:49<04:35,  1.38s/it] time=2026-08-02 02:02:30
WATCH_PROGRESS dataset=mmke-entity model=blip2-opt-2.7b layer=1 stage=train sig=Epoch 40:  76%|███████▋  | 486/636 [08:52<02:45,  1.10s/it] time=2026-08-02 02:03:30
WATCH_PROGRESS dataset=mmke-entity model=blip2-opt-2.7b layer=1 stage=train sig=Epoch 40:  84%|████████▍ | 536/636 [09:50<01:59,  1.19s/it] time=2026-08-02 02:04:31
WATCH_PROGRESS dataset=mmke-entity model=blip2-opt-2.7b layer=1 stage=train sig=Epoch 40:  91%|█████████ | 576/636 [10:53<02:12,  2.21s/it] time=2026-08-02 02:05:31
WATCH_PROGRESS dataset=mmke-entity model=blip2-opt-2.7b layer=1 stage=train sig=Epoch 41:   0%|          | 2/636 [00:01<07:38,  1.38it/s] time=2026-08-02 02:06:31
WATCH_HEARTBEAT dataset=mmke-entity model=blip2-opt-2.7b layer=1 stage=train idle_seconds=0 gpu=38261, 42895, 98 time=2026-08-02 02:06:31
WATCH_PROGRESS dataset=mmke-entity model=blip2-opt-2.7b layer=1 stage=train sig=Epoch 41:   7%|▋         | 42/636 [01:01<10:05,  1.02s/it] time=2026-08-02 02:07:31
WATCH_PROGRESS dataset=mmke-entity model=blip2-opt-2.7b layer=1 stage=train sig=Epoch 41:  17%|█▋        | 106/636 [02:02<08:05,  1.09it/s] time=2026-08-02 02:08:32
WATCH_PROGRESS dataset=mmke-entity model=blip2-opt-2.7b layer=1 stage=train sig=Epoch 41:  26%|██▋       | 168/636 [03:02<06:49,  1.14it/s] time=2026-08-02 02:09:32
WATCH_PROGRESS dataset=mmke-entity model=blip2-opt-2.7b layer=1 stage=train sig=Epoch 41:  36%|███▋      | 232/636 [04:03<07:05,  1.05s/it] time=2026-08-02 02:10:32
WATCH_PROGRESS dataset=mmke-entity model=blip2-opt-2.7b layer=1 stage=train sig=Epoch 41:  47%|████▋     | 296/636 [05:04<05:31,  1.02it/s] time=2026-08-02 02:11:33
WATCH_PROGRESS dataset=mmke-entity model=blip2-opt-2.7b layer=1 stage=train sig=Epoch 41:  56%|█████▋    | 358/636 [06:04<04:19,  1.07it/s] time=2026-08-02 02:12:33
WATCH_PROGRESS dataset=mmke-entity model=blip2-opt-2.7b layer=1 stage=train sig=Epoch 41:  66%|██████▌   | 418/636 [07:03<03:20,  1.09it/s] time=2026-08-02 02:13:33
WATCH_PROGRESS dataset=mmke-entity model=blip2-opt-2.7b layer=1 stage=train sig=Epoch 41:  75%|███████▌  | 478/636 [08:03<03:04,  1.17s/it] time=2026-08-02 02:14:33
WATCH_PROGRESS dataset=mmke-entity model=blip2-opt-2.7b layer=1 stage=train sig=Epoch 41:  82%|████████▏ | 520/636 [09:02<02:34,  1.34s/it] time=2026-08-02 02:15:34
WATCH_PROGRESS dataset=mmke-entity model=blip2-opt-2.7b layer=1 stage=train sig=Epoch 41:  89%|████████▊ | 564/636 [10:05<01:57,  1.63s/it] time=2026-08-02 02:16:34
WATCH_HEARTBEAT dataset=mmke-entity model=blip2-opt-2.7b layer=1 stage=train idle_seconds=0 gpu=75045, 6112, 99 time=2026-08-02 02:16:34
WATCH_PROGRESS dataset=mmke-entity model=blip2-opt-2.7b layer=1 stage=train sig=Epoch 41:  96%|█████████▌| 608/636 [11:05<00:34,  1.23s/it] time=2026-08-02 02:17:34
WATCH_PROGRESS dataset=mmke-entity model=blip2-opt-2.7b layer=1 stage=train sig=Epoch 42:   3%|▎         | 20/636 [00:27<16:54,  1.65s/it] time=2026-08-02 02:18:35
WATCH_PROGRESS dataset=mmke-entity model=blip2-opt-2.7b layer=1 stage=train sig=Epoch 42:  10%|█         | 64/636 [01:26<12:57,  1.36s/it] time=2026-08-02 02:19:35
WATCH_PROGRESS dataset=mmke-entity model=blip2-opt-2.7b layer=1 stage=train sig=Epoch 42:  17%|█▋        | 106/636 [02:26<12:12,  1.38s/it] time=2026-08-02 02:20:35
WATCH_PROGRESS dataset=mmke-entity model=blip2-opt-2.7b layer=1 stage=train sig=Epoch 42:  24%|██▍       | 152/636 [03:27<10:13,  1.27s/it] time=2026-08-02 02:21:36
WATCH_PROGRESS dataset=mmke-entity model=blip2-opt-2.7b layer=1 stage=train sig=Epoch 42:  31%|███       | 196/636 [04:28<10:27,  1.43s/it] time=2026-08-02 02:22:36
WATCH_PROGRESS dataset=mmke-entity model=blip2-opt-2.7b layer=1 stage=train sig=Epoch 42:  37%|███▋      | 238/636 [05:28<08:38,  1.30s/it] time=2026-08-02 02:23:36
WATCH_PROGRESS dataset=mmke-entity model=blip2-opt-2.7b layer=1 stage=train sig=Epoch 42:  44%|████▍     | 280/636 [06:26<07:34,  1.28s/it] time=2026-08-02 02:24:36
WATCH_PROGRESS dataset=mmke-entity model=blip2-opt-2.7b layer=1 stage=train sig=Epoch 42:  52%|█████▏    | 328/636 [07:28<07:02,  1.37s/it] time=2026-08-02 02:25:37
WATCH_PROGRESS dataset=mmke-entity model=blip2-opt-2.7b layer=1 stage=train sig=Epoch 42:  58%|█████▊    | 372/636 [08:29<06:20,  1.44s/it] time=2026-08-02 02:26:37
WATCH_HEARTBEAT dataset=mmke-entity model=blip2-opt-2.7b layer=1 stage=train idle_seconds=0 gpu=75045, 6112, 100 time=2026-08-02 02:26:37
WATCH_PROGRESS dataset=mmke-entity model=blip2-opt-2.7b layer=1 stage=train sig=Epoch 42:  65%|██████▌   | 416/636 [09:29<04:56,  1.35s/it] time=2026-08-02 02:27:37
WATCH_PROGRESS dataset=mmke-entity model=blip2-opt-2.7b layer=1 stage=train sig=Epoch 42:  72%|███████▏  | 460/636 [10:29<03:56,  1.35s/it] time=2026-08-02 02:28:38
WATCH_PROGRESS dataset=mmke-entity model=blip2-opt-2.7b layer=1 stage=train sig=Epoch 42:  79%|███████▉  | 504/636 [11:28<03:06,  1.42s/it] time=2026-08-02 02:29:38
WATCH_PROGRESS dataset=mmke-entity model=blip2-opt-2.7b layer=1 stage=train sig=Epoch 42:  86%|████████▌ | 546/636 [12:29<02:04,  1.38s/it] time=2026-08-02 02:30:38
WATCH_PROGRESS dataset=mmke-entity model=blip2-opt-2.7b layer=1 stage=train sig=Epoch 42:  92%|█████████▏| 588/636 [13:29<01:01,  1.29s/it] time=2026-08-02 02:31:38
WATCH_PROGRESS dataset=mmke-entity model=blip2-opt-2.7b layer=1 stage=train sig=Epoch 42: 100%|█████████▉| 634/636 [14:29<00:02,  1.31s/it] time=2026-08-02 02:32:39
WATCH_PROGRESS dataset=mmke-entity model=blip2-opt-2.7b layer=1 stage=train sig=Epoch 43:   6%|▋         | 40/636 [00:56<14:06,  1.42s/it] time=2026-08-02 02:33:39
WATCH_PROGRESS dataset=mmke-entity model=blip2-opt-2.7b layer=1 stage=train sig=Epoch 43:  13%|█▎        | 82/636 [01:56<12:46,  1.38s/it] time=2026-08-02 02:34:39
WATCH_PROGRESS dataset=mmke-entity model=blip2-opt-2.7b layer=1 stage=train sig=Epoch 43:  20%|█▉        | 126/636 [02:58<10:46,  1.27s/it] time=2026-08-02 02:35:40
WATCH_PROGRESS dataset=mmke-entity model=blip2-opt-2.7b layer=1 stage=train sig=Epoch 43:  27%|██▋       | 172/636 [03:57<10:40,  1.38s/it] time=2026-08-02 02:36:40
WATCH_HEARTBEAT dataset=mmke-entity model=blip2-opt-2.7b layer=1 stage=train idle_seconds=0 gpu=75045, 6112, 100 time=2026-08-02 02:36:40
WATCH_PROGRESS dataset=mmke-entity model=blip2-opt-2.7b layer=1 stage=train sig=Epoch 43:  34%|███▎      | 214/636 [04:58<09:39,  1.37s/it] time=2026-08-02 02:37:40
WATCH_PROGRESS dataset=mmke-entity model=blip2-opt-2.7b layer=1 stage=train sig=Epoch 43:  41%|████      | 258/636 [05:58<07:46,  1.23s/it] time=2026-08-02 02:38:41
WATCH_PROGRESS dataset=mmke-entity model=blip2-opt-2.7b layer=1 stage=train sig=Epoch 43:  48%|████▊     | 304/636 [06:59<07:09,  1.30s/it] time=2026-08-02 02:39:41
WATCH_PROGRESS dataset=mmke-entity model=blip2-opt-2.7b layer=1 stage=train sig=Epoch 43:  55%|█████▌    | 350/636 [08:00<05:46,  1.21s/it] time=2026-08-02 02:40:41
WATCH_PROGRESS dataset=mmke-entity model=blip2-opt-2.7b layer=1 stage=train sig=Epoch 43:  62%|██████▏   | 392/636 [08:57<05:10,  1.27s/it] time=2026-08-02 02:41:41
WATCH_PROGRESS dataset=mmke-entity model=blip2-opt-2.7b layer=1 stage=train sig=Epoch 43:  69%|██████▊   | 436/636 [10:01<04:35,  1.38s/it] time=2026-08-02 02:42:42
WATCH_PROGRESS dataset=mmke-entity model=blip2-opt-2.7b layer=1 stage=train sig=Epoch 43:  76%|███████▌  | 484/636 [11:00<03:11,  1.26s/it] time=2026-08-02 02:43:42
WATCH_PROGRESS dataset=mmke-entity model=blip2-opt-2.7b layer=1 stage=train sig=Epoch 43:  83%|████████▎ | 526/636 [12:01<02:39,  1.45s/it] time=2026-08-02 02:44:42
WATCH_PROGRESS dataset=mmke-entity model=blip2-opt-2.7b layer=1 stage=train sig=Epoch 43:  89%|████████▉ | 568/636 [13:00<01:33,  1.38s/it] time=2026-08-02 02:45:43
WATCH_PROGRESS dataset=mmke-entity model=blip2-opt-2.7b layer=1 stage=train sig=Epoch 43:  97%|█████████▋| 614/636 [14:02<00:26,  1.18s/it] time=2026-08-02 02:46:43
WATCH_HEARTBEAT dataset=mmke-entity model=blip2-opt-2.7b layer=1 stage=train idle_seconds=0 gpu=75045, 6112, 100 time=2026-08-02 02:46:43
WATCH_PROGRESS dataset=mmke-entity model=blip2-opt-2.7b layer=1 stage=train sig=Epoch 44:   4%|▍         | 24/636 [00:32<13:32,  1.33s/it] time=2026-08-02 02:47:43
WATCH_PROGRESS dataset=mmke-entity model=blip2-opt-2.7b layer=1 stage=train sig=Epoch 44:  10%|█         | 64/636 [01:30<14:03,  1.48s/it] time=2026-08-02 02:48:43
WATCH_PROGRESS dataset=mmke-entity model=blip2-opt-2.7b layer=1 stage=train sig=Epoch 44:  17%|█▋        | 108/636 [02:32<13:18,  1.51s/it] time=2026-08-02 02:49:44
WATCH_PROGRESS dataset=mmke-entity model=blip2-opt-2.7b layer=1 stage=train sig=Epoch 44:  24%|██▍       | 154/636 [03:31<09:49,  1.22s/it] time=2026-08-02 02:50:44
WATCH_PROGRESS dataset=mmke-entity model=blip2-opt-2.7b layer=1 stage=train sig=Epoch 44:  32%|███▏      | 206/636 [04:31<06:45,  1.06it/s] time=2026-08-02 02:51:44
WATCH_PROGRESS dataset=mmke-entity model=blip2-opt-2.7b layer=1 stage=train sig=Epoch 44:  41%|████      | 258/636 [05:32<07:18,  1.16s/it] time=2026-08-02 02:52:45
WATCH_PROGRESS dataset=mmke-entity model=blip2-opt-2.7b layer=1 stage=train sig=Epoch 44:  49%|████▉     | 314/636 [06:33<04:49,  1.11it/s] time=2026-08-02 02:53:45
WATCH_PROGRESS dataset=mmke-entity model=blip2-opt-2.7b layer=1 stage=train sig=Epoch 44:  57%|█████▋    | 364/636 [07:34<05:21,  1.18s/it] time=2026-08-02 02:54:45
WATCH_PROGRESS dataset=mmke-entity model=blip2-opt-2.7b layer=1 stage=train sig=Epoch 44:  65%|██████▌   | 414/636 [08:33<04:23,  1.19s/it] time=2026-08-02 02:55:46
WATCH_PROGRESS dataset=mmke-entity model=blip2-opt-2.7b layer=1 stage=train sig=Epoch 44:  73%|███████▎  | 464/636 [09:34<03:26,  1.20s/it] time=2026-08-02 02:56:46
WATCH_HEARTBEAT dataset=mmke-entity model=blip2-opt-2.7b layer=1 stage=train idle_seconds=0 gpu=38261, 42895, 100 time=2026-08-02 02:56:46
WATCH_PROGRESS dataset=mmke-entity model=blip2-opt-2.7b layer=1 stage=train sig=Epoch 44:  81%|████████▏ | 518/636 [10:33<02:21,  1.20s/it] time=2026-08-02 02:57:46
WATCH_PROGRESS dataset=mmke-entity model=blip2-opt-2.7b layer=1 stage=train sig=Epoch 44:  89%|████████▉ | 568/636 [11:34<01:19,  1.17s/it] time=2026-08-02 02:58:47
WATCH_PROGRESS dataset=mmke-entity model=blip2-opt-2.7b layer=1 stage=train sig=Epoch 44:  97%|█████████▋| 618/636 [12:36<00:21,  1.21s/it] time=2026-08-02 02:59:47
WATCH_PROGRESS dataset=mmke-entity model=blip2-opt-2.7b layer=1 stage=train sig=Epoch 45:   5%|▍         | 30/636 [00:36<12:35,  1.25s/it] time=2026-08-02 03:00:47
WATCH_PROGRESS dataset=mmke-entity model=blip2-opt-2.7b layer=1 stage=train sig=Epoch 45:  13%|█▎        | 80/636 [01:37<11:47,  1.27s/it] time=2026-08-02 03:01:47
WATCH_PROGRESS dataset=mmke-entity model=blip2-opt-2.7b layer=1 stage=train sig=Epoch 45:  22%|██▏       | 140/636 [02:37<07:34,  1.09it/s] time=2026-08-02 03:02:48
WATCH_PROGRESS dataset=mmke-entity model=blip2-opt-2.7b layer=1 stage=train sig=Epoch 45:  32%|███▏      | 202/636 [03:38<07:32,  1.04s/it] time=2026-08-02 03:03:48
WATCH_PROGRESS dataset=mmke-entity model=blip2-opt-2.7b layer=1 stage=train sig=Epoch 45:  42%|████▏     | 266/636 [04:38<05:28,  1.13it/s] time=2026-08-02 03:04:48
WATCH_PROGRESS dataset=mmke-entity model=blip2-opt-2.7b layer=1 stage=train sig=Epoch 45:  51%|█████▏    | 326/636 [05:38<04:33,  1.13it/s] time=2026-08-02 03:05:49
WATCH_PROGRESS dataset=mmke-entity model=blip2-opt-2.7b layer=1 stage=train sig=Epoch 45:  61%|██████▏   | 390/636 [06:39<03:49,  1.07it/s] time=2026-08-02 03:06:49
WATCH_HEARTBEAT dataset=mmke-entity model=blip2-opt-2.7b layer=1 stage=train idle_seconds=0 gpu=38261, 42895, 95 time=2026-08-02 03:06:49
WATCH_PROGRESS dataset=mmke-entity model=blip2-opt-2.7b layer=1 stage=train sig=Epoch 45:  71%|███████   | 452/636 [07:40<03:10,  1.04s/it] time=2026-08-02 03:07:49
WATCH_PROGRESS dataset=mmke-entity model=blip2-opt-2.7b layer=1 stage=train sig=Epoch 45:  81%|████████  | 514/636 [08:39<01:51,  1.09it/s] time=2026-08-02 03:08:49
WATCH_PROGRESS dataset=mmke-entity model=blip2-opt-2.7b layer=1 stage=train sig=Epoch 45:  91%|█████████ | 576/636 [09:40<01:03,  1.06s/it] time=2026-08-02 03:09:50
WATCH_PROGRESS dataset=mmke-entity model=blip2-opt-2.7b layer=1 stage=train sig=Epoch 46:   0%|          | 2/636 [00:01<08:01,  1.32it/s] time=2026-08-02 03:10:50
WATCH_PROGRESS dataset=mmke-entity model=blip2-opt-2.7b layer=1 stage=train sig=Epoch 46:  10%|█         | 64/636 [01:01<08:54,  1.07it/s] time=2026-08-02 03:11:50
WATCH_PROGRESS dataset=mmke-entity model=blip2-opt-2.7b layer=1 stage=train sig=Epoch 46:  20%|█▉        | 126/636 [02:03<08:44,  1.03s/it] time=2026-08-02 03:12:51
WATCH_PROGRESS dataset=mmke-entity model=blip2-opt-2.7b layer=1 stage=train sig=Epoch 46:  30%|██▉       | 188/636 [03:02<06:46,  1.10it/s] time=2026-08-02 03:13:51
WATCH_PROGRESS dataset=mmke-entity model=blip2-opt-2.7b layer=1 stage=train sig=Epoch 46:  39%|███▉      | 250/636 [04:03<06:34,  1.02s/it] time=2026-08-02 03:14:51
WATCH_PROGRESS dataset=mmke-entity model=blip2-opt-2.7b layer=1 stage=train sig=Epoch 46:  49%|████▉     | 314/636 [05:04<04:28,  1.20it/s] time=2026-08-02 03:15:51
WATCH_PROGRESS dataset=mmke-entity model=blip2-opt-2.7b layer=1 stage=train sig=Epoch 46:  59%|█████▉    | 374/636 [06:02<03:56,  1.11it/s] time=2026-08-02 03:16:52
WATCH_HEARTBEAT dataset=mmke-entity model=blip2-opt-2.7b layer=1 stage=train idle_seconds=0 gpu=38261, 42895, 100 time=2026-08-02 03:16:52
WATCH_PROGRESS dataset=mmke-entity model=blip2-opt-2.7b layer=1 stage=train sig=Epoch 46:  69%|██████▉   | 438/636 [07:03<03:00,  1.10it/s] time=2026-08-02 03:17:52
WATCH_PROGRESS dataset=mmke-entity model=blip2-opt-2.7b layer=1 stage=train sig=Epoch 46:  79%|███████▉  | 502/636 [08:05<01:58,  1.13it/s] time=2026-08-02 03:18:52
WATCH_PROGRESS dataset=mmke-entity model=blip2-opt-2.7b layer=1 stage=train sig=Epoch 46:  88%|████████▊ | 562/636 [09:03<01:10,  1.05it/s] time=2026-08-02 03:19:53
WATCH_PROGRESS dataset=mmke-entity model=blip2-opt-2.7b layer=1 stage=train sig=Epoch 46:  98%|█████████▊| 626/636 [10:06<00:08,  1.11it/s] time=2026-08-02 03:20:53
WATCH_PROGRESS dataset=mmke-entity model=blip2-opt-2.7b layer=1 stage=train sig=Epoch 47:   8%|▊         | 50/636 [00:47<08:50,  1.10it/s] time=2026-08-02 03:21:53
WATCH_PROGRESS dataset=mmke-entity model=blip2-opt-2.7b layer=1 stage=train sig=Epoch 47:  18%|█▊        | 114/636 [01:49<07:49,  1.11it/s] time=2026-08-02 03:22:54
WATCH_PROGRESS dataset=mmke-entity model=blip2-opt-2.7b layer=1 stage=train sig=Epoch 47:  28%|██▊       | 176/636 [02:50<07:31,  1.02it/s] time=2026-08-02 03:23:54
WATCH_PROGRESS dataset=mmke-entity model=blip2-opt-2.7b layer=1 stage=train sig=Epoch 47:  37%|███▋      | 238/636 [03:49<06:12,  1.07it/s] time=2026-08-02 03:24:54
WATCH_PROGRESS dataset=mmke-entity model=blip2-opt-2.7b layer=1 stage=train sig=Epoch 47:  47%|████▋     | 302/636 [04:49<04:54,  1.13it/s] time=2026-08-02 03:25:54
WATCH_PROGRESS dataset=mmke-entity model=blip2-opt-2.7b layer=1 stage=train sig=Epoch 47:  57%|█████▋    | 364/636 [05:50<04:40,  1.03s/it] time=2026-08-02 03:26:55
WATCH_HEARTBEAT dataset=mmke-entity model=blip2-opt-2.7b layer=1 stage=train idle_seconds=0 gpu=38261, 42895, 100 time=2026-08-02 03:26:55
WATCH_PROGRESS dataset=mmke-entity model=blip2-opt-2.7b layer=1 stage=train sig=Epoch 47:  67%|██████▋   | 426/636 [06:48<03:26,  1.02it/s] time=2026-08-02 03:27:55
WATCH_PROGRESS dataset=mmke-entity model=blip2-opt-2.7b layer=1 stage=train sig=Epoch 47:  77%|███████▋  | 490/636 [07:50<02:15,  1.08it/s] time=2026-08-02 03:28:55
WATCH_PROGRESS dataset=mmke-entity model=blip2-opt-2.7b layer=1 stage=train sig=Epoch 47:  87%|████████▋ | 552/636 [08:51<01:25,  1.01s/it] time=2026-08-02 03:29:56
WATCH_PROGRESS dataset=mmke-entity model=blip2-opt-2.7b layer=1 stage=train sig=Epoch 47:  97%|█████████▋| 614/636 [09:51<00:19,  1.14it/s] time=2026-08-02 03:30:56
WATCH_PROGRESS dataset=mmke-entity model=blip2-opt-2.7b layer=1 stage=train sig=Epoch 48:   6%|▋         | 40/636 [00:38<09:51,  1.01it/s] time=2026-08-02 03:31:56
WATCH_PROGRESS dataset=mmke-entity model=blip2-opt-2.7b layer=1 stage=train sig=Epoch 48:  16%|█▌        | 100/636 [01:38<09:48,  1.10s/it] time=2026-08-02 03:32:56
WATCH_PROGRESS dataset=mmke-entity model=blip2-opt-2.7b layer=1 stage=train sig=Epoch 48:  25%|██▌       | 162/636 [02:37<06:51,  1.15it/s] time=2026-08-02 03:33:57
WATCH_PROGRESS dataset=mmke-entity model=blip2-opt-2.7b layer=1 stage=train sig=Epoch 48:  36%|███▌      | 226/636 [03:39<06:26,  1.06it/s] time=2026-08-02 03:34:57
WATCH_PROGRESS dataset=mmke-entity model=blip2-opt-2.7b layer=1 stage=train sig=Epoch 48:  43%|████▎     | 274/636 [04:36<11:03,  1.83s/it] time=2026-08-02 03:35:57
WATCH_PROGRESS dataset=mmke-entity model=blip2-opt-2.7b layer=1 stage=train sig=Epoch 48:  53%|█████▎    | 334/636 [05:38<04:50,  1.04it/s] time=2026-08-02 03:36:58
WATCH_HEARTBEAT dataset=mmke-entity model=blip2-opt-2.7b layer=1 stage=train idle_seconds=0 gpu=38261, 42895, 100 time=2026-08-02 03:36:58
WATCH_PROGRESS dataset=mmke-entity model=blip2-opt-2.7b layer=1 stage=train sig=Epoch 48:  63%|██████▎   | 398/636 [06:39<04:04,  1.03s/it] time=2026-08-02 03:37:58
WATCH_PROGRESS dataset=mmke-entity model=blip2-opt-2.7b layer=1 stage=train sig=Epoch 48:  68%|██████▊   | 434/636 [07:38<07:42,  2.29s/it] time=2026-08-02 03:38:58
WATCH_PROGRESS dataset=mmke-entity model=blip2-opt-2.7b layer=1 stage=train sig=Epoch 48:  73%|███████▎  | 462/636 [08:38<06:16,  2.17s/it] time=2026-08-02 03:39:58
WATCH_PROGRESS dataset=mmke-entity model=blip2-opt-2.7b layer=1 stage=train sig=Epoch 48:  77%|███████▋  | 492/636 [09:39<05:03,  2.10s/it] time=2026-08-02 03:40:59
WATCH_PROGRESS dataset=mmke-entity model=blip2-opt-2.7b layer=1 stage=train sig=Epoch 48:  82%|████████▏ | 520/636 [10:38<03:51,  2.00s/it] time=2026-08-02 03:41:59
WATCH_PROGRESS dataset=mmke-entity model=blip2-opt-2.7b layer=1 stage=train sig=Epoch 48:  86%|████████▌ | 548/636 [11:38<02:55,  2.00s/it] time=2026-08-02 03:42:59
WATCH_PROGRESS dataset=mmke-entity model=blip2-opt-2.7b layer=1 stage=train sig=Epoch 48:  91%|█████████ | 578/636 [12:41<01:55,  2.00s/it] time=2026-08-02 03:44:00
WATCH_PROGRESS dataset=mmke-entity model=blip2-opt-2.7b layer=1 stage=train sig=Epoch 48:  95%|█████████▌| 606/636 [13:41<01:02,  2.09s/it] time=2026-08-02 03:45:00
WATCH_PROGRESS dataset=mmke-entity model=blip2-opt-2.7b layer=1 stage=train sig=Epoch 48: 100%|█████████▉| 634/636 [14:40<00:04,  2.22s/it] time=2026-08-02 03:46:00
WATCH_PROGRESS dataset=mmke-entity model=blip2-opt-2.7b layer=1 stage=train sig=Epoch 49:   4%|▍         | 26/636 [00:55<21:52,  2.15s/it] time=2026-08-02 03:47:01
WATCH_HEARTBEAT dataset=mmke-entity model=blip2-opt-2.7b layer=1 stage=train idle_seconds=0 gpu=46931, 34226, 100 time=2026-08-02 03:47:01
WATCH_PROGRESS dataset=mmke-entity model=blip2-opt-2.7b layer=1 stage=train sig=Epoch 49:   9%|▉         | 56/636 [01:57<20:12,  2.09s/it] time=2026-08-02 03:48:01
WATCH_PROGRESS dataset=mmke-entity model=blip2-opt-2.7b layer=1 stage=train sig=Epoch 49:  13%|█▎        | 84/636 [02:55<19:03,  2.07s/it] time=2026-08-02 03:49:01
WATCH_PROGRESS dataset=mmke-entity model=blip2-opt-2.7b layer=1 stage=train sig=Epoch 49:  18%|█▊        | 112/636 [03:58<18:32,  2.12s/it] time=2026-08-02 03:50:01
WATCH_PROGRESS dataset=mmke-entity model=blip2-opt-2.7b layer=1 stage=train sig=Epoch 49:  22%|██▏       | 140/636 [04:58<17:26,  2.11s/it] time=2026-08-02 03:51:02
WATCH_PROGRESS dataset=mmke-entity model=blip2-opt-2.7b layer=1 stage=train sig=Epoch 49:  26%|██▋       | 168/636 [05:57<16:53,  2.17s/it] time=2026-08-02 03:52:02
WATCH_PROGRESS dataset=mmke-entity model=blip2-opt-2.7b layer=1 stage=train sig=Epoch 49:  33%|███▎      | 212/636 [06:59<10:01,  1.42s/it] time=2026-08-02 03:53:02
WATCH_PROGRESS dataset=mmke-entity model=blip2-opt-2.7b layer=1 stage=train sig=Epoch 49:  40%|████      | 256/636 [08:00<08:27,  1.34s/it] time=2026-08-02 03:54:03
WATCH_PROGRESS dataset=mmke-entity model=blip2-opt-2.7b layer=1 stage=train sig=Epoch 49:  47%|████▋     | 300/636 [08:58<06:47,  1.21s/it] time=2026-08-02 03:55:03
WATCH_PROGRESS dataset=mmke-entity model=blip2-opt-2.7b layer=1 stage=train sig=Epoch 49:  55%|█████▍    | 348/636 [10:00<05:41,  1.18s/it] time=2026-08-02 03:56:03
WATCH_PROGRESS dataset=mmke-entity model=blip2-opt-2.7b layer=1 stage=train sig=Epoch 49:  64%|██████▎   | 404/636 [11:01<04:07,  1.07s/it] time=2026-08-02 03:57:04
WATCH_HEARTBEAT dataset=mmke-entity model=blip2-opt-2.7b layer=1 stage=train idle_seconds=0 gpu=38261, 42895, 98 time=2026-08-02 03:57:04
WATCH_PROGRESS dataset=mmke-entity model=blip2-opt-2.7b layer=1 stage=train sig=Epoch 49:  74%|███████▎  | 468/636 [12:01<02:42,  1.03it/s] time=2026-08-02 03:58:04
WATCH_PROGRESS dataset=mmke-entity model=blip2-opt-2.7b layer=1 stage=train sig=Epoch 49:  83%|████████▎ | 530/636 [13:01<01:38,  1.07it/s] time=2026-08-02 03:59:04
WATCH_PROGRESS dataset=mmke-entity model=blip2-opt-2.7b layer=1 stage=train sig=Epoch 49:  93%|█████████▎| 590/636 [14:00<00:41,  1.10it/s] time=2026-08-02 04:00:04
WATCH_PROGRESS dataset=mmke-entity model=blip2-opt-2.7b layer=1 stage=train sig=Epoch 50:   3%|▎         | 16/636 [00:15<10:11,  1.01it/s] time=2026-08-02 04:01:05
WATCH_PROGRESS dataset=mmke-entity model=blip2-opt-2.7b layer=1 stage=train sig=Epoch 50:  12%|█▏        | 78/636 [01:15<09:19,  1.00s/it] time=2026-08-02 04:02:05
WATCH_PROGRESS dataset=mmke-entity model=blip2-opt-2.7b layer=1 stage=train sig=Epoch 50:  22%|██▏       | 140/636 [02:14<07:38,  1.08it/s] time=2026-08-02 04:03:05
WATCH_PROGRESS dataset=mmke-entity model=blip2-opt-2.7b layer=1 stage=train sig=Epoch 50:  32%|███▏      | 202/636 [03:15<07:19,  1.01s/it] time=2026-08-02 04:04:05
WATCH_PROGRESS dataset=mmke-entity model=blip2-opt-2.7b layer=1 stage=train sig=Epoch 50:  42%|████▏     | 266/636 [04:17<06:17,  1.02s/it] time=2026-08-02 04:05:06
WATCH_PROGRESS dataset=mmke-entity model=blip2-opt-2.7b layer=1 stage=train sig=Epoch 50:  51%|█████▏    | 326/636 [05:16<05:34,  1.08s/it] time=2026-08-02 04:06:06
WATCH_PROGRESS dataset=mmke-entity model=blip2-opt-2.7b layer=1 stage=train sig=Epoch 50:  61%|██████    | 388/636 [06:17<03:56,  1.05it/s] time=2026-08-02 04:07:06
WATCH_HEARTBEAT dataset=mmke-entity model=blip2-opt-2.7b layer=1 stage=train idle_seconds=0 gpu=38261, 42895, 97 time=2026-08-02 04:07:06
WATCH_PROGRESS dataset=mmke-entity model=blip2-opt-2.7b layer=1 stage=train sig=Epoch 50:  70%|███████   | 448/636 [07:15<02:56,  1.06it/s] time=2026-08-02 04:08:07
WATCH_PROGRESS dataset=mmke-entity model=blip2-opt-2.7b layer=1 stage=train sig=Epoch 50:  80%|████████  | 510/636 [08:17<02:16,  1.08s/it] time=2026-08-02 04:09:07
WATCH_PROGRESS dataset=mmke-entity model=blip2-opt-2.7b layer=1 stage=train sig=Epoch 50:  90%|█████████ | 574/636 [09:18<01:03,  1.02s/it] time=2026-08-02 04:10:07
WATCH_PROGRESS dataset=mmke-entity model=blip2-opt-2.7b layer=1 stage=train sig=Epoch 50: 100%|██████████| 636/636 [10:16<00:00,  1.03it/s][2026-08-02 04:11:05] [train done] layer=1 selected=/tmp/ph_teacher3/mabscos_top3_completion_job3126082_20260801/mmke-entity/blip2-opt-2.7b/layer_01/records/vead/blip2-opt-2.7b/pilot500_blip2_visedit_L01-lr-1-t-1-v-1/checkpoints/epoch-11-i-3498-ema_loss-5.9904  time=2026-08-02 04:11:08
PROCESS_END dataset=mmke-entity model=blip2-opt-2.7b layer=1 stage=train pid=865444 rc=0 time=2026-08-02 04:12:08 CST
STAGE_END dataset=mmke-entity model=blip2-opt-2.7b layer=1 stage=train rc=0 time=2026-08-02 04:12:08
STAGE_START dataset=mmke-entity model=blip2-opt-2.7b layer=1 stage=eval runner=scripts/run_evqa_pilot500_blip2_visedit_sweep.py config=configs/vead/blip2-opt-2.7b.yaml train=/datapool/home/ph_teacher3/Lwy/zhounan/Visedit2/server_results/mmke_entity_top3_union_train_eval_7models_20260616_155000/data/vqa_mmke_entity_train_evqa_compat.json eval=/datapool/home/ph_teacher3/Lwy/zhounan/Visedit2/server_results/mmke_entity_top3_union_train_eval_7models_20260616_155000/data/vqa_mmke_entity_eval_evqa_compat.json buffer=4 lowmem=0 time=2026-08-02 04:12:08
WATCH_START dataset=mmke-entity model=blip2-opt-2.7b layer=1 stage=eval idle_limit=7200 log=/tmp/ph_teacher3/mabscos_top3_completion_job3126082_20260801/logs/mmke-entity_blip2-opt-2.7b_L1_eval_20260801_163446.log time=2026-08-02 04:12:08 CST
PROCESS_START dataset=mmke-entity model=blip2-opt-2.7b layer=1 stage=eval pid=1254133 pgid=1254133
WATCH_PROGRESS dataset=mmke-entity model=blip2-opt-2.7b layer=1 stage=eval sig=Loading images:  16%|█▌        | 155/954 [00:21<01:15, 10.65it/s] time=2026-08-02 04:13:08
WATCH_PROGRESS dataset=mmke-entity model=blip2-opt-2.7b layer=1 stage=eval sig=Loading images:  83%|████████▎ | 792/954 [01:21<00:10, 15.18it/s] time=2026-08-02 04:14:08
WATCH_PROGRESS dataset=mmke-entity model=blip2-opt-2.7b layer=1 stage=eval sig=Loading checkpoint shards:   0%|          | 0/2 [00:00<?, ?it/s] time=2026-08-02 04:15:09
WATCH_PROGRESS dataset=mmke-entity model=blip2-opt-2.7b layer=1 stage=eval sig=Evaluating:   1%|          | 10/954 [00:08<12:45,  1.23it/s] time=2026-08-02 04:16:09
WATCH_PROGRESS dataset=mmke-entity model=blip2-opt-2.7b layer=1 stage=eval sig=Evaluating:   8%|▊         | 81/954 [01:08<12:29,  1.17it/s] time=2026-08-02 04:17:09
WATCH_PROGRESS dataset=mmke-entity model=blip2-opt-2.7b layer=1 stage=eval sig=Evaluating:  16%|█▌        | 153/954 [02:09<12:04,  1.11it/s] time=2026-08-02 04:18:09
WATCH_PROGRESS dataset=mmke-entity model=blip2-opt-2.7b layer=1 stage=eval sig=Evaluating:  24%|██▎       | 226/954 [03:09<09:24,  1.29it/s] time=2026-08-02 04:19:09
WATCH_PROGRESS dataset=mmke-entity model=blip2-opt-2.7b layer=1 stage=eval sig=Evaluating:  31%|███       | 298/954 [04:09<08:47,  1.24it/s] time=2026-08-02 04:20:10
WATCH_PROGRESS dataset=mmke-entity model=blip2-opt-2.7b layer=1 stage=eval sig=Evaluating:  39%|███▉      | 371/954 [05:09<08:49,  1.10it/s] time=2026-08-02 04:21:10
WATCH_PROGRESS dataset=mmke-entity model=blip2-opt-2.7b layer=1 stage=eval sig=Evaluating:  47%|████▋     | 444/954 [06:09<08:00,  1.06it/s] time=2026-08-02 04:22:10
WATCH_HEARTBEAT dataset=mmke-entity model=blip2-opt-2.7b layer=1 stage=eval idle_seconds=0 gpu=15061, 66095, 83 time=2026-08-02 04:22:10
WATCH_PROGRESS dataset=mmke-entity model=blip2-opt-2.7b layer=1 stage=eval sig=Evaluating:  54%|█████▍    | 516/954 [07:09<05:41,  1.28it/s] time=2026-08-02 04:23:10
WATCH_PROGRESS dataset=mmke-entity model=blip2-opt-2.7b layer=1 stage=eval sig=Evaluating:  62%|██████▏   | 590/954 [08:10<05:06,  1.19it/s] time=2026-08-02 04:24:11
WATCH_PROGRESS dataset=mmke-entity model=blip2-opt-2.7b layer=1 stage=eval sig=Evaluating:  69%|██████▉   | 663/954 [09:10<03:53,  1.25it/s] time=2026-08-02 04:25:11
WATCH_PROGRESS dataset=mmke-entity model=blip2-opt-2.7b layer=1 stage=eval sig=Evaluating:  77%|███████▋  | 735/954 [10:10<02:55,  1.25it/s] time=2026-08-02 04:26:11
WATCH_PROGRESS dataset=mmke-entity model=blip2-opt-2.7b layer=1 stage=eval sig=Evaluating:  85%|████████▍ | 810/954 [11:10<01:51,  1.29it/s] time=2026-08-02 04:27:11
WATCH_PROGRESS dataset=mmke-entity model=blip2-opt-2.7b layer=1 stage=eval sig=Evaluating:  93%|█████████▎| 883/954 [12:11<00:56,  1.25it/s] time=2026-08-02 04:28:12
WATCH_PROGRESS dataset=mmke-entity model=blip2-opt-2.7b layer=1 stage=eval sig=Evaluating: 100%|██████████| 954/954 [13:10<00:00,  1.21it/s][2026-08-02 04:29:11] [eval done] layer=1 avg=72.50 time=2026-08-02 04:29:12
PROCESS_END dataset=mmke-entity model=blip2-opt-2.7b layer=1 stage=eval pid=1254133 rc=0 time=2026-08-02 04:30:12 CST
STAGE_END dataset=mmke-entity model=blip2-opt-2.7b layer=1 stage=eval rc=0 time=2026-08-02 04:30:12
CHECKPOINT_CLEANUP layer_dir=/tmp/ph_teacher3/mabscos_top3_completion_job3126082_20260801/mmke-entity/blip2-opt-2.7b/layer_01 selected=/tmp/ph_teacher3/mabscos_top3_completion_job3126082_20260801/mmke-entity/blip2-opt-2.7b/layer_01/records/vead/blip2-opt-2.7b/pilot500_blip2_visedit_L01-lr-1-t-1-v-1/checkpoints/epoch-11-i-3498-ema_loss-5.9904 removed=51 bytes=264697698 time=2026-08-02 04:30:12 CST
LAYER_COMPLETE dataset=mmke-entity model=blip2-opt-2.7b layer=1 selected=/tmp/ph_teacher3/mabscos_top3_completion_job3126082_20260801/mmke-entity/blip2-opt-2.7b/layer_01/records/vead/blip2-opt-2.7b/pilot500_blip2_visedit_L01-lr-1-t-1-v-1/checkpoints/epoch-11-i-3498-ema_loss-5.9904 time=2026-08-02 04:30:12 CST
LAYER_BEGIN dataset=mmke-entity model=paligemma-3b layer=4 time=2026-08-02 04:30:27 CST
STAGE_START dataset=mmke-entity model=paligemma-3b layer=4 stage=train runner=scripts/run_evqa_pilot500_blip2_visedit_sweep.py config=configs/vead/paligemma-3b.yaml train=/datapool/home/ph_teacher3/Lwy/zhounan/Visedit2/server_results/mmke_entity_top3_union_train_eval_7models_20260616_155000/data/vqa_mmke_entity_train_evqa_compat.json eval=/datapool/home/ph_teacher3/Lwy/zhounan/Visedit2/server_results/mmke_entity_top3_union_train_eval_7models_20260616_155000/data/vqa_mmke_entity_eval_evqa_compat.json buffer=4 lowmem=0 time=2026-08-02 04:30:27
WATCH_START dataset=mmke-entity model=paligemma-3b layer=4 stage=train idle_limit=7200 log=/tmp/ph_teacher3/mabscos_top3_completion_job3126082_20260801/logs/mmke-entity_paligemma-3b_L4_train_20260801_163446.log time=2026-08-02 04:30:27 CST
PROCESS_START dataset=mmke-entity model=paligemma-3b layer=4 stage=train pid=1258654 pgid=1258654
WATCH_PROGRESS dataset=mmke-entity model=paligemma-3b layer=4 stage=train sig=Loading images:  65%|██████▌   | 414/636 [00:42<00:23,  9.34it/s] time=2026-08-02 04:31:28
WATCH_PROGRESS dataset=mmke-entity model=paligemma-3b layer=4 stage=train sig=Loading checkpoint shards:   0%|          | 0/3 [00:00<?, ?it/s] time=2026-08-02 04:32:28
WATCH_PROGRESS dataset=mmke-entity model=paligemma-3b layer=4 stage=train sig=Pre-processing train data:  15%|█▍        | 93/636 [00:18<01:30,  5.98it/s]You are passing both `text` and `images` to `PaliGemmaProcessor`. The processor expects special image tokens in the text, as many tokens as there are images per each text. It is recommended to add `<image>` tokens in the very beginning of your t time=2026-08-02 04:33:28
WATCH_PROGRESS dataset=mmke-entity model=paligemma-3b layer=4 stage=train sig=Pre-processing train data:  67%|██████▋   | 423/636 [01:18<00:36,  5.81it/s]You are passing both `text` and `images` to `PaliGemmaProcessor`. The processor expects special image tokens in the text, as many tokens as there are images per each text. It is recommended to add `<image>` tokens in the very beginning of your  time=2026-08-02 04:34:28
WATCH_PROGRESS dataset=mmke-entity model=paligemma-3b layer=4 stage=train sig=Epoch 1:  17%|█▋        | 108/636 [00:21<01:42,  5.15it/s] time=2026-08-02 04:35:29
WATCH_PROGRESS dataset=mmke-entity model=paligemma-3b layer=4 stage=train sig=Epoch 1:  65%|██████▌   | 414/636 [01:22<00:43,  5.11it/s] time=2026-08-02 04:36:29
WATCH_PROGRESS dataset=mmke-entity model=paligemma-3b layer=4 stage=train sig=Epoch 2:  13%|█▎        | 84/636 [00:16<01:49,  5.04it/s] time=2026-08-02 04:37:29
WATCH_PROGRESS dataset=mmke-entity model=paligemma-3b layer=4 stage=train sig=Epoch 2:  62%|██████▏   | 392/636 [01:16<00:46,  5.20it/s] time=2026-08-02 04:38:29
WATCH_PROGRESS dataset=mmke-entity model=paligemma-3b layer=4 stage=train sig=Epoch 3:  10%|█         | 66/636 [00:12<01:42,  5.56it/s] time=2026-08-02 04:39:30
WATCH_PROGRESS dataset=mmke-entity model=paligemma-3b layer=4 stage=train sig=Epoch 3:  58%|█████▊    | 370/636 [01:12<00:53,  4.95it/s] time=2026-08-02 04:40:30
WATCH_HEARTBEAT dataset=mmke-entity model=paligemma-3b layer=4 stage=train idle_seconds=0 gpu=24879, 56277, 93 time=2026-08-02 04:40:30
WATCH_PROGRESS dataset=mmke-entity model=paligemma-3b layer=4 stage=train sig=Epoch 4:   7%|▋         | 42/636 [00:08<01:56,  5.10it/s] time=2026-08-02 04:41:30
WATCH_PROGRESS dataset=mmke-entity model=paligemma-3b layer=4 stage=train sig=Epoch 4:  48%|████▊     | 306/636 [01:08<03:29,  1.57it/s] time=2026-08-02 04:42:31
WATCH_PROGRESS dataset=mmke-entity model=paligemma-3b layer=4 stage=train sig=Epoch 4:  64%|██████▎   | 404/636 [02:08<02:12,  1.75it/s] time=2026-08-02 04:43:31
WATCH_PROGRESS dataset=mmke-entity model=paligemma-3b layer=4 stage=train sig=Epoch 4:  79%|███████▊  | 500/636 [03:09<01:34,  1.44it/s] time=2026-08-02 04:44:31
WATCH_PROGRESS dataset=mmke-entity model=paligemma-3b layer=4 stage=train sig=Epoch 4:  94%|█████████▎| 596/636 [04:08<00:24,  1.66it/s] time=2026-08-02 04:45:31
WATCH_PROGRESS dataset=mmke-entity model=paligemma-3b layer=4 stage=train sig=Epoch 5:   9%|▉         | 58/636 [00:34<05:15,  1.83it/s] time=2026-08-02 04:46:32
WATCH_PROGRESS dataset=mmke-entity model=paligemma-3b layer=4 stage=train sig=Epoch 5:  56%|█████▌    | 356/636 [01:35<00:56,  4.99it/s] time=2026-08-02 04:47:32
WATCH_PROGRESS dataset=mmke-entity model=paligemma-3b layer=4 stage=train sig=Epoch 6:   4%|▍         | 26/636 [00:05<01:58,  5.13it/s] time=2026-08-02 04:48:32
WATCH_PROGRESS dataset=mmke-entity model=paligemma-3b layer=4 stage=train sig=Epoch 6:  24%|██▍       | 152/636 [01:04<03:18,  2.44it/s] time=2026-08-02 04:49:32
WATCH_PROGRESS dataset=mmke-entity model=paligemma-3b layer=4 stage=train sig=Epoch 6:  43%|████▎     | 274/636 [02:05<03:00,  2.01it/s] time=2026-08-02 04:50:33
WATCH_HEARTBEAT dataset=mmke-entity model=paligemma-3b layer=4 stage=train idle_seconds=0 gpu=33549, 47608, 100 time=2026-08-02 04:50:33
WATCH_PROGRESS dataset=mmke-entity model=paligemma-3b layer=4 stage=train sig=Epoch 6:  63%|██████▎   | 398/636 [03:05<02:16,  1.74it/s] time=2026-08-02 04:51:33
WATCH_PROGRESS dataset=mmke-entity model=paligemma-3b layer=4 stage=train sig=Epoch 6:  82%|████████▏ | 522/636 [04:05<00:50,  2.27it/s] time=2026-08-02 04:52:33
WATCH_PROGRESS dataset=mmke-entity model=paligemma-3b layer=4 stage=train sig=Epoch 7:   2%|▏         | 12/636 [00:05<05:07,  2.03it/s] time=2026-08-02 04:53:34
WATCH_PROGRESS dataset=mmke-entity model=paligemma-3b layer=4 stage=train sig=Epoch 7:  27%|██▋       | 174/636 [01:05<01:31,  5.02it/s] time=2026-08-02 04:54:34
WATCH_PROGRESS dataset=mmke-entity model=paligemma-3b layer=4 stage=train sig=Epoch 7:  76%|███████▌  | 482/636 [02:05<00:29,  5.29it/s] time=2026-08-02 04:55:34
WATCH_PROGRESS dataset=mmke-entity model=paligemma-3b layer=4 stage=train sig=Epoch 8:  24%|██▍       | 154/636 [00:29<01:34,  5.11it/s] time=2026-08-02 04:56:34
WATCH_PROGRESS dataset=mmke-entity model=paligemma-3b layer=4 stage=train sig=Epoch 8:  73%|███████▎  | 462/636 [01:30<00:32,  5.31it/s] time=2026-08-02 04:57:35
WATCH_PROGRESS dataset=mmke-entity model=paligemma-3b layer=4 stage=train sig=Epoch 9:  21%|██        | 134/636 [00:25<01:35,  5.24it/s] time=2026-08-02 04:58:35
WATCH_PROGRESS dataset=mmke-entity model=paligemma-3b layer=4 stage=train sig=Epoch 9:  70%|██████▉   | 444/636 [01:26<00:38,  4.98it/s] time=2026-08-02 04:59:35
WATCH_PROGRESS dataset=mmke-entity model=paligemma-3b layer=4 stage=train sig=Epoch 10:  18%|█▊        | 112/636 [00:21<01:45,  4.97it/s] time=2026-08-02 05:00:36
WATCH_HEARTBEAT dataset=mmke-entity model=paligemma-3b layer=4 stage=train idle_seconds=0 gpu=24879, 56277, 91 time=2026-08-02 05:00:36
WATCH_PROGRESS dataset=mmke-entity model=paligemma-3b layer=4 stage=train sig=Epoch 10:  66%|██████▌   | 420/636 [01:22<00:44,  4.90it/s] time=2026-08-02 05:01:36
WATCH_PROGRESS dataset=mmke-entity model=paligemma-3b layer=4 stage=train sig=Epoch 11:  14%|█▍        | 92/636 [00:17<01:49,  4.97it/s] time=2026-08-02 05:02:36
WATCH_PROGRESS dataset=mmke-entity model=paligemma-3b layer=4 stage=train sig=Epoch 11:  63%|██████▎   | 400/636 [01:17<00:47,  5.02it/s] time=2026-08-02 05:03:36
WATCH_PROGRESS dataset=mmke-entity model=paligemma-3b layer=4 stage=train sig=Epoch 12:  11%|█         | 70/636 [00:14<01:53,  4.98it/s] time=2026-08-02 05:04:37
WATCH_PROGRESS dataset=mmke-entity model=paligemma-3b layer=4 stage=train sig=Epoch 12:  30%|███       | 192/636 [01:14<03:14,  2.28it/s] time=2026-08-02 05:05:37
WATCH_PROGRESS dataset=mmke-entity model=paligemma-3b layer=4 stage=train sig=Epoch 12:  49%|████▉     | 312/636 [02:13<02:27,  2.19it/s] time=2026-08-02 05:06:37
WATCH_PROGRESS dataset=mmke-entity model=paligemma-3b layer=4 stage=train sig=Epoch 12:  68%|██████▊   | 434/636 [03:14<01:44,  1.93it/s] time=2026-08-02 05:07:38
WATCH_PROGRESS dataset=mmke-entity model=paligemma-3b layer=4 stage=train sig=Epoch 12:  87%|████████▋ | 556/636 [04:14<00:35,  2.23it/s] time=2026-08-02 05:08:38
WATCH_PROGRESS dataset=mmke-entity model=paligemma-3b layer=4 stage=train sig=Epoch 13:   6%|▋         | 40/636 [00:19<05:09,  1.93it/s] time=2026-08-02 05:09:38
WATCH_PROGRESS dataset=mmke-entity model=paligemma-3b layer=4 stage=train sig=Epoch 13:  25%|██▌       | 162/636 [01:20<04:01,  1.97it/s] time=2026-08-02 05:10:38
WATCH_HEARTBEAT dataset=mmke-entity model=paligemma-3b layer=4 stage=train idle_seconds=0 gpu=33673, 47484, 100 time=2026-08-02 05:10:38
WATCH_PROGRESS dataset=mmke-entity model=paligemma-3b layer=4 stage=train sig=Epoch 13:  45%|████▌     | 288/636 [02:20<02:28,  2.35it/s] time=2026-08-02 05:11:39
WATCH_PROGRESS dataset=mmke-entity model=paligemma-3b layer=4 stage=train sig=Epoch 13:  64%|██████▍   | 408/636 [03:20<01:43,  2.20it/s] time=2026-08-02 05:12:39
WATCH_PROGRESS dataset=mmke-entity model=paligemma-3b layer=4 stage=train sig=Epoch 13:  83%|████████▎ | 528/636 [04:21<01:01,  1.76it/s] time=2026-08-02 05:13:39
WATCH_PROGRESS dataset=mmke-entity model=paligemma-3b layer=4 stage=train sig=Epoch 14:   2%|▏         | 10/636 [00:04<05:31,  1.89it/s] time=2026-08-02 05:14:40
WATCH_PROGRESS dataset=mmke-entity model=paligemma-3b layer=4 stage=train sig=Epoch 14:  21%|██        | 132/636 [01:04<03:22,  2.49it/s] time=2026-08-02 05:15:40
WATCH_PROGRESS dataset=mmke-entity model=paligemma-3b layer=4 stage=train sig=Epoch 14:  39%|███▉      | 250/636 [02:05<03:11,  2.02it/s] time=2026-08-02 05:16:40
WATCH_PROGRESS dataset=mmke-entity model=paligemma-3b layer=4 stage=train sig=Epoch 14:  58%|█████▊    | 372/636 [03:05<02:33,  1.72it/s] time=2026-08-02 05:17:41
WATCH_PROGRESS dataset=mmke-entity model=paligemma-3b layer=4 stage=train sig=Epoch 14:  97%|█████████▋| 620/636 [04:05<00:02,  5.39it/s] time=2026-08-02 05:18:41
WATCH_PROGRESS dataset=mmke-entity model=paligemma-3b layer=4 stage=train sig=Epoch 15:  42%|████▏     | 268/636 [00:57<02:07,  2.89it/s] time=2026-08-02 05:19:41
WATCH_PROGRESS dataset=mmke-entity model=paligemma-3b layer=4 stage=train sig=Epoch 15:  69%|██████▉   | 440/636 [01:56<01:08,  2.87it/s] time=2026-08-02 05:20:41
WATCH_HEARTBEAT dataset=mmke-entity model=paligemma-3b layer=4 stage=train idle_seconds=0 gpu=61783, 19374, 27 time=2026-08-02 05:20:41
WATCH_PROGRESS dataset=mmke-entity model=paligemma-3b layer=4 stage=train sig=Epoch 15:  97%|█████████▋| 620/636 [02:57<00:04,  3.26it/s] time=2026-08-02 05:21:42
WATCH_PROGRESS dataset=mmke-entity model=paligemma-3b layer=4 stage=train sig=Epoch 16:  29%|██▉       | 186/636 [00:55<02:32,  2.95it/s] time=2026-08-02 05:22:42
WATCH_PROGRESS dataset=mmke-entity model=paligemma-3b layer=4 stage=train sig=Epoch 16:  59%|█████▉    | 376/636 [01:55<01:11,  3.61it/s] time=2026-08-02 05:23:42
WATCH_PROGRESS dataset=mmke-entity model=paligemma-3b layer=4 stage=train sig=Epoch 16:  86%|████████▌ | 548/636 [02:55<00:29,  3.03it/s] time=2026-08-02 05:24:43
WATCH_PROGRESS dataset=mmke-entity model=paligemma-3b layer=4 stage=train sig=Epoch 17:  13%|█▎        | 84/636 [00:28<03:27,  2.67it/s] time=2026-08-02 05:25:43
WATCH_PROGRESS dataset=mmke-entity model=paligemma-3b layer=4 stage=train sig=Epoch 17:  44%|████▍     | 282/636 [01:29<02:35,  2.27it/s] time=2026-08-02 05:26:43
WATCH_PROGRESS dataset=mmke-entity model=paligemma-3b layer=4 stage=train sig=Epoch 17:  71%|███████   | 452/636 [02:28<00:58,  3.13it/s] time=2026-08-02 05:27:43
WATCH_PROGRESS dataset=mmke-entity model=paligemma-3b layer=4 stage=train sig=Epoch 17:  98%|█████████▊| 622/636 [03:29<00:04,  3.06it/s] time=2026-08-02 05:28:44
WATCH_PROGRESS dataset=mmke-entity model=paligemma-3b layer=4 stage=train sig=Epoch 18:  29%|██▉       | 186/636 [00:55<02:35,  2.90it/s] time=2026-08-02 05:29:44
WATCH_PROGRESS dataset=mmke-entity model=paligemma-3b layer=4 stage=train sig=Epoch 18:  56%|█████▋    | 358/636 [01:54<01:34,  2.95it/s] time=2026-08-02 05:30:44
WATCH_HEARTBEAT dataset=mmke-entity model=paligemma-3b layer=4 stage=train idle_seconds=0 gpu=61783, 19374, 100 time=2026-08-02 05:30:44
WATCH_PROGRESS dataset=mmke-entity model=paligemma-3b layer=4 stage=train sig=Epoch 18:  83%|████████▎ | 528/636 [02:55<00:47,  2.27it/s] time=2026-08-02 05:31:45
WATCH_PROGRESS dataset=mmke-entity model=paligemma-3b layer=4 stage=train sig=Epoch 19:  14%|█▍        | 88/636 [00:25<03:21,  2.71it/s] time=2026-08-02 05:32:45
WATCH_PROGRESS dataset=mmke-entity model=paligemma-3b layer=4 stage=train sig=Epoch 19:  42%|████▏     | 264/636 [01:25<01:45,  3.53it/s] time=2026-08-02 05:33:45
WATCH_PROGRESS dataset=mmke-entity model=paligemma-3b layer=4 stage=train sig=Epoch 19:  67%|██████▋   | 428/636 [02:24<01:10,  2.94it/s] time=2026-08-02 05:34:45
WATCH_PROGRESS dataset=mmke-entity model=paligemma-3b layer=4 stage=train sig=Epoch 19:  97%|█████████▋| 616/636 [03:26<00:05,  3.79it/s] time=2026-08-02 05:35:46
WATCH_PROGRESS dataset=mmke-entity model=paligemma-3b layer=4 stage=train sig=Epoch 20:  26%|██▌       | 166/636 [00:54<02:13,  3.52it/s] time=2026-08-02 05:36:46
WATCH_PROGRESS dataset=mmke-entity model=paligemma-3b layer=4 stage=train sig=Epoch 20:  52%|█████▏    | 332/636 [01:53<01:37,  3.11it/s] time=2026-08-02 05:37:46
WATCH_PROGRESS dataset=mmke-entity model=paligemma-3b layer=4 stage=train sig=Epoch 20:  79%|███████▉  | 504/636 [02:54<00:33,  3.93it/s] time=2026-08-02 05:38:47
WATCH_PROGRESS dataset=mmke-entity model=paligemma-3b layer=4 stage=train sig=Epoch 21:   9%|▉         | 60/636 [00:21<03:05,  3.11it/s] time=2026-08-02 05:39:47
WATCH_PROGRESS dataset=mmke-entity model=paligemma-3b layer=4 stage=train sig=Epoch 21:  36%|███▌      | 228/636 [01:21<02:03,  3.32it/s] time=2026-08-02 05:40:47
WATCH_HEARTBEAT dataset=mmke-entity model=paligemma-3b layer=4 stage=train idle_seconds=0 gpu=61783, 19374, 100 time=2026-08-02 05:40:47
WATCH_PROGRESS dataset=mmke-entity model=paligemma-3b layer=4 stage=train sig=Epoch 21:  63%|██████▎   | 398/636 [02:23<01:16,  3.11it/s] time=2026-08-02 05:41:48
WATCH_PROGRESS dataset=mmke-entity model=paligemma-3b layer=4 stage=train sig=Epoch 21:  94%|█████████▍| 600/636 [03:23<00:11,  3.07it/s] time=2026-08-02 05:42:48
WATCH_PROGRESS dataset=mmke-entity model=paligemma-3b layer=4 stage=train sig=Epoch 22:  20%|██        | 130/636 [00:47<03:24,  2.47it/s] time=2026-08-02 05:43:48
WATCH_PROGRESS dataset=mmke-entity model=paligemma-3b layer=4 stage=train sig=Epoch 22:  47%|████▋     | 302/636 [01:47<01:48,  3.09it/s] time=2026-08-02 05:44:48
WATCH_PROGRESS dataset=mmke-entity model=paligemma-3b layer=4 stage=train sig=Epoch 22:  79%|███████▉  | 502/636 [02:47<00:51,  2.61it/s] time=2026-08-02 05:45:49
WATCH_PROGRESS dataset=mmke-entity model=paligemma-3b layer=4 stage=train sig=Epoch 23:   5%|▌         | 34/636 [00:11<03:04,  3.27it/s] time=2026-08-02 05:46:49
WATCH_PROGRESS dataset=mmke-entity model=paligemma-3b layer=4 stage=train sig=Epoch 23:  31%|███▏      | 200/636 [01:11<02:51,  2.54it/s] time=2026-08-02 05:47:49
WATCH_PROGRESS dataset=mmke-entity model=paligemma-3b layer=4 stage=train sig=Epoch 23:  60%|██████    | 382/636 [02:12<01:47,  2.35it/s] time=2026-08-02 05:48:50
WATCH_PROGRESS dataset=mmke-entity model=paligemma-3b layer=4 stage=train sig=Epoch 23:  88%|████████▊ | 560/636 [03:11<00:24,  3.08it/s] time=2026-08-02 05:49:50
WATCH_PROGRESS dataset=mmke-entity model=paligemma-3b layer=4 stage=train sig=Epoch 24:  15%|█▍        | 94/636 [00:33<02:55,  3.08it/s] time=2026-08-02 05:50:50
WATCH_HEARTBEAT dataset=mmke-entity model=paligemma-3b layer=4 stage=train idle_seconds=0 gpu=61783, 19374, 0 time=2026-08-02 05:50:50
WATCH_PROGRESS dataset=mmke-entity model=paligemma-3b layer=4 stage=train sig=Epoch 24:  43%|████▎     | 274/636 [01:34<01:25,  4.21it/s] time=2026-08-02 05:51:51
WATCH_PROGRESS dataset=mmke-entity model=paligemma-3b layer=4 stage=train sig=Epoch 24:  77%|███████▋  | 492/636 [02:35<00:32,  4.42it/s] time=2026-08-02 05:52:51
WATCH_PROGRESS dataset=mmke-entity model=paligemma-3b layer=4 stage=train sig=Epoch 25:  22%|██▏       | 142/636 [00:27<01:35,  5.19it/s] time=2026-08-02 05:53:51
WATCH_PROGRESS dataset=mmke-entity model=paligemma-3b layer=4 stage=train sig=Epoch 25:  62%|██████▏   | 394/636 [01:28<01:01,  3.94it/s] time=2026-08-02 05:54:51
WATCH_PROGRESS dataset=mmke-entity model=paligemma-3b layer=4 stage=train sig=Epoch 25:  97%|█████████▋| 618/636 [02:28<00:03,  5.14it/s] time=2026-08-02 05:55:52
WATCH_PROGRESS dataset=mmke-entity model=paligemma-3b layer=4 stage=train sig=Epoch 26:  34%|███▎      | 214/636 [00:55<01:47,  3.93it/s] time=2026-08-02 05:56:52
WATCH_PROGRESS dataset=mmke-entity model=paligemma-3b layer=4 stage=train sig=Epoch 26:  68%|██████▊   | 430/636 [01:56<00:46,  4.46it/s] time=2026-08-02 05:57:52
WATCH_PROGRESS dataset=mmke-entity model=paligemma-3b layer=4 stage=train sig=Epoch 27:   1%|▏         | 8/636 [00:02<03:56,  2.66it/s] time=2026-08-02 05:58:53
WATCH_PROGRESS dataset=mmke-entity model=paligemma-3b layer=4 stage=train sig=Epoch 27:  41%|████      | 258/636 [01:02<01:55,  3.26it/s] time=2026-08-02 05:59:53
WATCH_PROGRESS dataset=mmke-entity model=paligemma-3b layer=4 stage=train sig=Epoch 27:  75%|███████▍  | 476/636 [02:03<00:42,  3.73it/s] time=2026-08-02 06:00:53
WATCH_HEARTBEAT dataset=mmke-entity model=paligemma-3b layer=4 stage=train idle_seconds=0 gpu=29225, 51932, 86 time=2026-08-02 06:00:53
WATCH_PROGRESS dataset=mmke-entity model=paligemma-3b layer=4 stage=train sig=Epoch 28:   8%|▊         | 50/636 [00:13<02:15,  4.34it/s] time=2026-08-02 06:01:53
WATCH_PROGRESS dataset=mmke-entity model=paligemma-3b layer=4 stage=train sig=Epoch 28:  42%|████▏     | 266/636 [01:14<01:52,  3.30it/s] time=2026-08-02 06:02:54
WATCH_PROGRESS dataset=mmke-entity model=paligemma-3b layer=4 stage=train sig=Epoch 28:  76%|███████▌  | 482/636 [02:14<00:38,  4.02it/s] time=2026-08-02 06:03:54
WATCH_PROGRESS dataset=mmke-entity model=paligemma-3b layer=4 stage=train sig=Epoch 29:   5%|▍         | 30/636 [00:14<04:33,  2.21it/s] time=2026-08-02 06:04:54
WATCH_PROGRESS dataset=mmke-entity model=paligemma-3b layer=4 stage=train sig=Epoch 29:  24%|██▍       | 154/636 [01:15<04:11,  1.92it/s] time=2026-08-02 06:05:55
WATCH_PROGRESS dataset=mmke-entity model=paligemma-3b layer=4 stage=train sig=Epoch 29:  43%|████▎     | 274/636 [02:16<03:30,  1.72it/s] time=2026-08-02 06:06:55
WATCH_PROGRESS dataset=mmke-entity model=paligemma-3b layer=4 stage=train sig=Epoch 29:  62%|██████▏   | 396/636 [03:16<02:03,  1.94it/s] time=2026-08-02 06:07:55
WATCH_PROGRESS dataset=mmke-entity model=paligemma-3b layer=4 stage=train sig=Epoch 29:  81%|████████  | 516/636 [04:16<00:56,  2.12it/s] time=2026-08-02 06:08:55
WATCH_PROGRESS dataset=mmke-entity model=paligemma-3b layer=4 stage=train sig=Epoch 29: 100%|█████████▉| 634/636 [05:17<00:00,  2.06it/s] time=2026-08-02 06:09:56
WATCH_PROGRESS dataset=mmke-entity model=paligemma-3b layer=4 stage=train sig=Epoch 30:  18%|█▊        | 116/636 [00:58<04:25,  1.96it/s] time=2026-08-02 06:10:56
WATCH_HEARTBEAT dataset=mmke-entity model=paligemma-3b layer=4 stage=train idle_seconds=0 gpu=33673, 47484, 97 time=2026-08-02 06:10:56
WATCH_PROGRESS dataset=mmke-entity model=paligemma-3b layer=4 stage=train sig=Epoch 30:  37%|███▋      | 236/636 [01:59<02:41,  2.47it/s] time=2026-08-02 06:11:56
WATCH_PROGRESS dataset=mmke-entity model=paligemma-3b layer=4 stage=train sig=Epoch 30:  56%|█████▌    | 356/636 [02:59<02:15,  2.07it/s] time=2026-08-02 06:12:57
WATCH_PROGRESS dataset=mmke-entity model=paligemma-3b layer=4 stage=train sig=Epoch 30:  75%|███████▌  | 478/636 [03:59<01:09,  2.27it/s] time=2026-08-02 06:13:57
WATCH_PROGRESS dataset=mmke-entity model=paligemma-3b layer=4 stage=train sig=Epoch 30:  94%|█████████▍| 598/636 [05:00<00:22,  1.71it/s] time=2026-08-02 06:14:57
WATCH_PROGRESS dataset=mmke-entity model=paligemma-3b layer=4 stage=train sig=Epoch 31:  13%|█▎        | 84/636 [00:41<04:42,  1.95it/s] time=2026-08-02 06:15:58
WATCH_PROGRESS dataset=mmke-entity model=paligemma-3b layer=4 stage=train sig=Epoch 31:  32%|███▏      | 206/636 [01:41<03:05,  2.32it/s] time=2026-08-02 06:16:58
WATCH_PROGRESS dataset=mmke-entity model=paligemma-3b layer=4 stage=train sig=Epoch 31:  60%|██████    | 384/636 [02:42<00:49,  5.05it/s] time=2026-08-02 06:17:58
WATCH_PROGRESS dataset=mmke-entity model=paligemma-3b layer=4 stage=train sig=Epoch 31:  90%|█████████ | 574/636 [03:42<00:17,  3.45it/s] time=2026-08-02 06:18:58
WATCH_PROGRESS dataset=mmke-entity model=paligemma-3b layer=4 stage=train sig=Epoch 32:  18%|█▊        | 114/636 [00:38<02:39,  3.27it/s] time=2026-08-02 06:19:59
WATCH_PROGRESS dataset=mmke-entity model=paligemma-3b layer=4 stage=train sig=Epoch 32:  47%|████▋     | 302/636 [01:38<01:27,  3.83it/s] time=2026-08-02 06:20:59
WATCH_HEARTBEAT dataset=mmke-entity model=paligemma-3b layer=4 stage=train idle_seconds=0 gpu=61783, 19374, 82 time=2026-08-02 06:20:59
WATCH_PROGRESS dataset=mmke-entity model=paligemma-3b layer=4 stage=train sig=Epoch 32:  79%|███████▊  | 500/636 [02:39<01:07,  2.00it/s] time=2026-08-02 06:21:59
WATCH_PROGRESS dataset=mmke-entity model=paligemma-3b layer=4 stage=train sig=Epoch 33:   6%|▌         | 38/636 [00:13<02:53,  3.46it/s] time=2026-08-02 06:23:00
WATCH_PROGRESS dataset=mmke-entity model=paligemma-3b layer=4 stage=train sig=Epoch 33:  32%|███▏      | 206/636 [01:12<02:18,  3.10it/s] time=2026-08-02 06:24:00
WATCH_PROGRESS dataset=mmke-entity model=paligemma-3b layer=4 stage=train sig=Epoch 33:  64%|██████▍   | 410/636 [02:13<01:46,  2.12it/s] time=2026-08-02 06:25:00
WATCH_PROGRESS dataset=mmke-entity model=paligemma-3b layer=4 stage=train sig=Epoch 33:  91%|█████████ | 580/636 [03:13<00:17,  3.19it/s] time=2026-08-02 06:26:01
WATCH_PROGRESS dataset=mmke-entity model=paligemma-3b layer=4 stage=train sig=Epoch 34:  18%|█▊        | 112/636 [00:39<02:43,  3.21it/s] time=2026-08-02 06:27:01
WATCH_PROGRESS dataset=mmke-entity model=paligemma-3b layer=4 stage=train sig=Epoch 34:  47%|████▋     | 300/636 [01:40<01:27,  3.82it/s] time=2026-08-02 06:28:01
WATCH_PROGRESS dataset=mmke-entity model=paligemma-3b layer=4 stage=train sig=Epoch 34:  75%|███████▍  | 476/636 [02:39<00:51,  3.12it/s] time=2026-08-02 06:29:01
WATCH_PROGRESS dataset=mmke-entity model=paligemma-3b layer=4 stage=train sig=Epoch 35:   2%|▏         | 12/636 [00:03<03:14,  3.20it/s] time=2026-08-02 06:30:02
WATCH_PROGRESS dataset=mmke-entity model=paligemma-3b layer=4 stage=train sig=Epoch 35:  31%|███       | 194/636 [01:03<02:56,  2.51it/s] time=2026-08-02 06:31:02
WATCH_HEARTBEAT dataset=mmke-entity model=paligemma-3b layer=4 stage=train idle_seconds=0 gpu=61783, 19374, 100 time=2026-08-02 06:31:02
WATCH_PROGRESS dataset=mmke-entity model=paligemma-3b layer=4 stage=train sig=Epoch 35:  60%|█████▉    | 380/636 [02:04<01:11,  3.57it/s] time=2026-08-02 06:32:02
WATCH_PROGRESS dataset=mmke-entity model=paligemma-3b layer=4 stage=train sig=Epoch 35:  86%|████████▌ | 546/636 [03:04<00:37,  2.38it/s] time=2026-08-02 06:33:03
WATCH_PROGRESS dataset=mmke-entity model=paligemma-3b layer=4 stage=train sig=Epoch 36:  13%|█▎        | 82/636 [00:26<02:29,  3.70it/s] time=2026-08-02 06:34:03
WATCH_PROGRESS dataset=mmke-entity model=paligemma-3b layer=4 stage=train sig=Epoch 36:  43%|████▎     | 272/636 [01:27<02:31,  2.40it/s] time=2026-08-02 06:35:03
WATCH_PROGRESS dataset=mmke-entity model=paligemma-3b layer=4 stage=train sig=Epoch 36:  70%|██████▉   | 444/636 [02:28<00:58,  3.29it/s] time=2026-08-02 06:36:04
WATCH_PROGRESS dataset=mmke-entity model=paligemma-3b layer=4 stage=train sig=Epoch 36:  96%|█████████▌| 610/636 [03:28<00:12,  2.02it/s] time=2026-08-02 06:37:04
WATCH_PROGRESS dataset=mmke-entity model=paligemma-3b layer=4 stage=train sig=Epoch 37:  27%|██▋       | 172/636 [00:53<02:30,  3.08it/s] time=2026-08-02 06:38:04
WATCH_PROGRESS dataset=mmke-entity model=paligemma-3b layer=4 stage=train sig=Epoch 37:  53%|█████▎    | 338/636 [01:53<01:30,  3.30it/s] time=2026-08-02 06:39:04
WATCH_PROGRESS dataset=mmke-entity model=paligemma-3b layer=4 stage=train sig=Epoch 37:  80%|███████▉  | 508/636 [02:53<00:35,  3.58it/s] time=2026-08-02 06:40:05
WATCH_PROGRESS dataset=mmke-entity model=paligemma-3b layer=4 stage=train sig=Epoch 38:  11%|█         | 70/636 [00:22<03:10,  2.97it/s] time=2026-08-02 06:41:05
WATCH_HEARTBEAT dataset=mmke-entity model=paligemma-3b layer=4 stage=train idle_seconds=0 gpu=61783, 19374, 94 time=2026-08-02 06:41:05
WATCH_PROGRESS dataset=mmke-entity model=paligemma-3b layer=4 stage=train sig=Epoch 38:  37%|███▋      | 238/636 [01:22<02:38,  2.51it/s] time=2026-08-02 06:42:05
WATCH_PROGRESS dataset=mmke-entity model=paligemma-3b layer=4 stage=train sig=Epoch 38:  64%|██████▍   | 406/636 [02:23<01:22,  2.79it/s] time=2026-08-02 06:43:06
WATCH_PROGRESS dataset=mmke-entity model=paligemma-3b layer=4 stage=train sig=Epoch 38:  93%|█████████▎| 594/636 [03:22<00:11,  3.81it/s] time=2026-08-02 06:44:06
WATCH_PROGRESS dataset=mmke-entity model=paligemma-3b layer=4 stage=train sig=Epoch 39:  20%|█▉        | 126/636 [00:45<02:46,  3.07it/s] time=2026-08-02 06:45:06
WATCH_PROGRESS dataset=mmke-entity model=paligemma-3b layer=4 stage=train sig=Epoch 39:  47%|████▋     | 298/636 [01:46<01:35,  3.52it/s] time=2026-08-02 06:46:07
WATCH_PROGRESS dataset=mmke-entity model=paligemma-3b layer=4 stage=train sig=Epoch 39:  75%|███████▌  | 480/636 [02:46<00:41,  3.77it/s] time=2026-08-02 06:47:07
WATCH_PROGRESS dataset=mmke-entity model=paligemma-3b layer=4 stage=train sig=Epoch 40:   4%|▍         | 24/636 [00:07<02:59,  3.42it/s] time=2026-08-02 06:48:07
WATCH_PROGRESS dataset=mmke-entity model=paligemma-3b layer=4 stage=train sig=Epoch 40:  30%|██▉       | 190/636 [01:08<03:07,  2.37it/s] time=2026-08-02 06:49:07
WATCH_PROGRESS dataset=mmke-entity model=paligemma-3b layer=4 stage=train sig=Epoch 40:  58%|█████▊    | 368/636 [02:08<01:41,  2.64it/s] time=2026-08-02 06:50:08
WATCH_PROGRESS dataset=mmke-entity model=paligemma-3b layer=4 stage=train sig=Epoch 40:  92%|█████████▏| 582/636 [03:08<00:12,  4.40it/s] time=2026-08-02 06:51:08
WATCH_HEARTBEAT dataset=mmke-entity model=paligemma-3b layer=4 stage=train idle_seconds=0 gpu=61783, 19374, 93 time=2026-08-02 06:51:08
WATCH_PROGRESS dataset=mmke-entity model=paligemma-3b layer=4 stage=train sig=Epoch 41:  32%|███▏      | 206/636 [00:44<01:39,  4.33it/s] time=2026-08-02 06:52:08
WATCH_PROGRESS dataset=mmke-entity model=paligemma-3b layer=4 stage=train sig=Epoch 41:  66%|██████▌   | 418/636 [01:44<00:55,  3.91it/s] time=2026-08-02 06:53:09
WATCH_PROGRESS dataset=mmke-entity model=paligemma-3b layer=4 stage=train sig=Epoch 42:   6%|▌         | 36/636 [00:10<02:34,  3.89it/s] time=2026-08-02 06:54:09
WATCH_PROGRESS dataset=mmke-entity model=paligemma-3b layer=4 stage=train sig=Epoch 42:  39%|███▉      | 250/636 [01:10<01:38,  3.93it/s] time=2026-08-02 06:55:09
WATCH_PROGRESS dataset=mmke-entity model=paligemma-3b layer=4 stage=train sig=Epoch 42:  73%|███████▎  | 462/636 [02:10<01:02,  2.77it/s] time=2026-08-02 06:56:10
WATCH_PROGRESS dataset=mmke-entity model=paligemma-3b layer=4 stage=train sig=Epoch 43:  11%|█         | 70/636 [00:19<02:58,  3.17it/s] time=2026-08-02 06:57:10
WATCH_PROGRESS dataset=mmke-entity model=paligemma-3b layer=4 stage=train sig=Epoch 43:  44%|████▍     | 282/636 [01:18<01:38,  3.59it/s] time=2026-08-02 06:58:10
WATCH_PROGRESS dataset=mmke-entity model=paligemma-3b layer=4 stage=train sig=Epoch 43:  78%|███████▊  | 498/636 [02:19<00:36,  3.79it/s] time=2026-08-02 06:59:10
WATCH_PROGRESS dataset=mmke-entity model=paligemma-3b layer=4 stage=train sig=Epoch 44:  12%|█▏        | 78/636 [00:21<02:13,  4.18it/s] time=2026-08-02 07:00:11
WATCH_PROGRESS dataset=mmke-entity model=paligemma-3b layer=4 stage=train sig=Epoch 44:  46%|████▌     | 290/636 [01:21<01:25,  4.06it/s] time=2026-08-02 07:01:11
WATCH_HEARTBEAT dataset=mmke-entity model=paligemma-3b layer=4 stage=train idle_seconds=0 gpu=29225, 51932, 99 time=2026-08-02 07:01:11
WATCH_PROGRESS dataset=mmke-entity model=paligemma-3b layer=4 stage=train sig=Epoch 44:  76%|███████▋  | 486/636 [02:21<01:10,  2.14it/s] time=2026-08-02 07:02:11
WATCH_PROGRESS dataset=mmke-entity model=paligemma-3b layer=4 stage=train sig=Epoch 44:  96%|█████████▌| 608/636 [03:21<00:15,  1.84it/s] time=2026-08-02 07:03:12
WATCH_PROGRESS dataset=mmke-entity model=paligemma-3b layer=4 stage=train sig=Epoch 45:  15%|█▍        | 94/636 [00:45<03:56,  2.29it/s] time=2026-08-02 07:04:12
WATCH_PROGRESS dataset=mmke-entity model=paligemma-3b layer=4 stage=train sig=Epoch 45:  34%|███▍      | 218/636 [01:46<03:39,  1.90it/s] time=2026-08-02 07:05:12
WATCH_PROGRESS dataset=mmke-entity model=paligemma-3b layer=4 stage=train sig=Epoch 45:  54%|█████▍    | 342/636 [02:47<02:05,  2.34it/s] time=2026-08-02 07:06:13
WATCH_PROGRESS dataset=mmke-entity model=paligemma-3b layer=4 stage=train sig=Epoch 45:  72%|███████▏  | 460/636 [03:47<01:27,  2.01it/s] time=2026-08-02 07:07:13
WATCH_PROGRESS dataset=mmke-entity model=paligemma-3b layer=4 stage=train sig=Epoch 45:  91%|█████████ | 580/636 [04:47<00:24,  2.25it/s] time=2026-08-02 07:08:13
WATCH_PROGRESS dataset=mmke-entity model=paligemma-3b layer=4 stage=train sig=Epoch 46:  10%|█         | 64/636 [00:33<04:44,  2.01it/s] time=2026-08-02 07:09:14
WATCH_PROGRESS dataset=mmke-entity model=paligemma-3b layer=4 stage=train sig=Epoch 46:  29%|██▊       | 182/636 [01:33<04:35,  1.65it/s] time=2026-08-02 07:10:14
WATCH_PROGRESS dataset=mmke-entity model=paligemma-3b layer=4 stage=train sig=Epoch 46:  47%|████▋     | 302/636 [02:32<02:27,  2.26it/s] time=2026-08-02 07:11:14
WATCH_HEARTBEAT dataset=mmke-entity model=paligemma-3b layer=4 stage=train idle_seconds=0 gpu=33673, 47484, 100 time=2026-08-02 07:11:14
WATCH_PROGRESS dataset=mmke-entity model=paligemma-3b layer=4 stage=train sig=Epoch 46:  67%|██████▋   | 426/636 [03:33<01:43,  2.03it/s] time=2026-08-02 07:12:15
WATCH_PROGRESS dataset=mmke-entity model=paligemma-3b layer=4 stage=train sig=Epoch 46:  86%|████████▌ | 546/636 [04:33<00:38,  2.32it/s] time=2026-08-02 07:13:15
WATCH_PROGRESS dataset=mmke-entity model=paligemma-3b layer=4 stage=train sig=Epoch 47:   5%|▍         | 30/636 [00:14<04:36,  2.19it/s] time=2026-08-02 07:14:15
WATCH_PROGRESS dataset=mmke-entity model=paligemma-3b layer=4 stage=train sig=Epoch 47:  28%|██▊       | 178/636 [01:16<01:29,  5.11it/s] time=2026-08-02 07:15:16
WATCH_PROGRESS dataset=mmke-entity model=paligemma-3b layer=4 stage=train sig=Epoch 47:  60%|█████▉    | 380/636 [02:16<01:44,  2.44it/s] time=2026-08-02 07:16:16
WATCH_PROGRESS dataset=mmke-entity model=paligemma-3b layer=4 stage=train sig=Epoch 47:  88%|████████▊ | 558/636 [03:16<00:22,  3.49it/s] time=2026-08-02 07:17:16
WATCH_PROGRESS dataset=mmke-entity model=paligemma-3b layer=4 stage=train sig=Epoch 48:  16%|█▋        | 104/636 [00:34<02:03,  4.30it/s] time=2026-08-02 07:18:16
WATCH_PROGRESS dataset=mmke-entity model=paligemma-3b layer=4 stage=train sig=Epoch 48:  49%|████▊     | 310/636 [01:35<02:35,  2.09it/s] time=2026-08-02 07:19:17
WATCH_PROGRESS dataset=mmke-entity model=paligemma-3b layer=4 stage=train sig=Epoch 48:  76%|███████▌  | 482/636 [02:35<00:47,  3.27it/s] time=2026-08-02 07:20:17
WATCH_PROGRESS dataset=mmke-entity model=paligemma-3b layer=4 stage=train sig=Epoch 49:   2%|▏         | 14/636 [00:04<03:13,  3.22it/s] time=2026-08-02 07:21:17
WATCH_HEARTBEAT dataset=mmke-entity model=paligemma-3b layer=4 stage=train idle_seconds=0 gpu=61783, 19374, 0 time=2026-08-02 07:21:17
WATCH_PROGRESS dataset=mmke-entity model=paligemma-3b layer=4 stage=train sig=Epoch 49:  33%|███▎      | 210/636 [01:04<02:03,  3.45it/s] time=2026-08-02 07:22:18
WATCH_PROGRESS dataset=mmke-entity model=paligemma-3b layer=4 stage=train sig=Epoch 49:  60%|█████▉    | 380/636 [02:05<01:22,  3.10it/s] time=2026-08-02 07:23:18
WATCH_PROGRESS dataset=mmke-entity model=paligemma-3b layer=4 stage=train sig=Epoch 49:  86%|████████▌ | 548/636 [03:06<00:31,  2.83it/s] time=2026-08-02 07:24:18
WATCH_PROGRESS dataset=mmke-entity model=paligemma-3b layer=4 stage=train sig=Epoch 50:  16%|█▌        | 102/636 [00:29<02:11,  4.05it/s] time=2026-08-02 07:25:19
WATCH_PROGRESS dataset=mmke-entity model=paligemma-3b layer=4 stage=train sig=Epoch 50:  42%|████▏     | 270/636 [01:29<01:57,  3.10it/s] time=2026-08-02 07:26:19
WATCH_PROGRESS dataset=mmke-entity model=paligemma-3b layer=4 stage=train sig=Epoch 50:  69%|██████▉   | 440/636 [02:29<01:03,  3.09it/s] time=2026-08-02 07:27:19
WATCH_PROGRESS dataset=mmke-entity model=paligemma-3b layer=4 stage=train sig=Epoch 50:  98%|█████████▊| 626/636 [03:30<00:02,  4.01it/s] time=2026-08-02 07:28:20
WATCH_PROGRESS dataset=mmke-entity model=paligemma-3b layer=4 stage=train sig=Epoch 50: 100%|██████████| 636/636 [03:34<00:00,  2.97it/s][2026-08-02 07:28:23] [train done] layer=4 selected=/tmp/ph_teacher3/mabscos_top3_completion_job3126082_20260801/mmke-entity/paligemma-3b/layer_04/records/vead/paligemma-3b/pilot500_blip2_visedit_L04-lr-1-t-1-v-1/checkpoints/epoch-2-i-636-ema_loss-0.8823 ema=0. time=2026-08-02 07:29:20
PROCESS_END dataset=mmke-entity model=paligemma-3b layer=4 stage=train pid=1258654 rc=0 time=2026-08-02 07:29:20 CST
STAGE_END dataset=mmke-entity model=paligemma-3b layer=4 stage=train rc=0 time=2026-08-02 07:29:20
STAGE_START dataset=mmke-entity model=paligemma-3b layer=4 stage=eval runner=scripts/run_evqa_pilot500_blip2_visedit_sweep.py config=configs/vead/paligemma-3b.yaml train=/datapool/home/ph_teacher3/Lwy/zhounan/Visedit2/server_results/mmke_entity_top3_union_train_eval_7models_20260616_155000/data/vqa_mmke_entity_train_evqa_compat.json eval=/datapool/home/ph_teacher3/Lwy/zhounan/Visedit2/server_results/mmke_entity_top3_union_train_eval_7models_20260616_155000/data/vqa_mmke_entity_eval_evqa_compat.json buffer=4 lowmem=0 time=2026-08-02 07:29:20
WATCH_START dataset=mmke-entity model=paligemma-3b layer=4 stage=eval idle_limit=7200 log=/tmp/ph_teacher3/mabscos_top3_completion_job3126082_20260801/logs/mmke-entity_paligemma-3b_L4_eval_20260801_163446.log time=2026-08-02 07:29:20 CST
PROCESS_START dataset=mmke-entity model=paligemma-3b layer=4 stage=eval pid=1399522 pgid=1399522
WATCH_PROGRESS dataset=mmke-entity model=paligemma-3b layer=4 stage=eval sig=Loading images:  16%|█▌        | 150/954 [00:21<01:10, 11.33it/s] time=2026-08-02 07:30:20
WATCH_PROGRESS dataset=mmke-entity model=paligemma-3b layer=4 stage=eval sig=Loading images:  82%|████████▏ | 783/954 [01:21<00:12, 13.17it/s] time=2026-08-02 07:31:20
WATCH_PROGRESS dataset=mmke-entity model=paligemma-3b layer=4 stage=eval sig=Loading checkpoint shards:   0%|          | 0/3 [00:00<?, ?it/s] time=2026-08-02 07:32:21
WATCH_PROGRESS dataset=mmke-entity model=paligemma-3b layer=4 stage=eval sig=Evaluating:   1%|          | 5/954 [00:02<05:44,  2.76it/s]You are passing both `text` and `images` to `PaliGemmaProcessor`. The processor expects special image tokens in the text, as many tokens as there are images per each text. It is recommended to add `<image>` tokens in the very beginning of your text and `<bos>`  time=2026-08-02 07:33:21
WATCH_PROGRESS dataset=mmke-entity model=paligemma-3b layer=4 stage=eval sig=Evaluating:  16%|█▌        | 151/954 [01:02<05:42,  2.35it/s]You are passing both `text` and `images` to `PaliGemmaProcessor`. The processor expects special image tokens in the text, as many tokens as there are images per each text. It is recommended to add `<image>` tokens in the very beginning of your text and `<bos> time=2026-08-02 07:34:21
WATCH_PROGRESS dataset=mmke-entity model=paligemma-3b layer=4 stage=eval sig=Evaluating:  31%|███▏      | 300/954 [02:02<03:49,  2.85it/s]You are passing both `text` and `images` to `PaliGemmaProcessor`. The processor expects special image tokens in the text, as many tokens as there are images per each text. It is recommended to add `<image>` tokens in the very beginning of your text and `<bos> time=2026-08-02 07:35:21
WATCH_PROGRESS dataset=mmke-entity model=paligemma-3b layer=4 stage=eval sig=Evaluating:  47%|████▋     | 453/954 [03:02<03:19,  2.51it/s]You are passing both `text` and `images` to `PaliGemmaProcessor`. The processor expects special image tokens in the text, as many tokens as there are images per each text. It is recommended to add `<image>` tokens in the very beginning of your text and `<bos> time=2026-08-02 07:36:22
WATCH_PROGRESS dataset=mmke-entity model=paligemma-3b layer=4 stage=eval sig=Evaluating:  63%|██████▎   | 605/954 [04:03<01:41,  3.45it/s]You are passing both `text` and `images` to `PaliGemmaProcessor`. The processor expects special image tokens in the text, as many tokens as there are images per each text. It is recommended to add `<image>` tokens in the very beginning of your text and `<bos> time=2026-08-02 07:37:22
WATCH_PROGRESS dataset=mmke-entity model=paligemma-3b layer=4 stage=eval sig=Evaluating:  80%|███████▉  | 759/954 [05:03<01:09,  2.81it/s]You are passing both `text` and `images` to `PaliGemmaProcessor`. The processor expects special image tokens in the text, as many tokens as there are images per each text. It is recommended to add `<image>` tokens in the very beginning of your text and `<bos> time=2026-08-02 07:38:22
WATCH_PROGRESS dataset=mmke-entity model=paligemma-3b layer=4 stage=eval sig=Evaluating:  95%|█████████▌| 911/954 [06:03<00:16,  2.60it/s]You are passing both `text` and `images` to `PaliGemmaProcessor`. The processor expects special image tokens in the text, as many tokens as there are images per each text. It is recommended to add `<image>` tokens in the very beginning of your text and `<bos> time=2026-08-02 07:39:22
WATCH_HEARTBEAT dataset=mmke-entity model=paligemma-3b layer=4 stage=eval idle_seconds=0 gpu=43719, 37438, 81 time=2026-08-02 07:39:23
WATCH_PROGRESS dataset=mmke-entity model=paligemma-3b layer=4 stage=eval sig=Evaluating: 100%|██████████| 954/954 [06:21<00:00,  2.50it/s][2026-08-02 07:39:40] [eval done] layer=4 avg=96.14 time=2026-08-02 07:40:23
PROCESS_END dataset=mmke-entity model=paligemma-3b layer=4 stage=eval pid=1399522 rc=0 time=2026-08-02 07:40:23 CST
STAGE_END dataset=mmke-entity model=paligemma-3b layer=4 stage=eval rc=0 time=2026-08-02 07:40:23
CHECKPOINT_CLEANUP layer_dir=/tmp/ph_teacher3/mabscos_top3_completion_job3126082_20260801/mmke-entity/paligemma-3b/layer_04 selected=/tmp/ph_teacher3/mabscos_top3_completion_job3126082_20260801/mmke-entity/paligemma-3b/layer_04/records/vead/paligemma-3b/pilot500_blip2_visedit_L04-lr-1-t-1-v-1/checkpoints/epoch-2-i-636-ema_loss-0.8823 removed=51 bytes=214298466 time=2026-08-02 07:40:23 CST
LAYER_COMPLETE dataset=mmke-entity model=paligemma-3b layer=4 selected=/tmp/ph_teacher3/mabscos_top3_completion_job3126082_20260801/mmke-entity/paligemma-3b/layer_04/records/vead/paligemma-3b/pilot500_blip2_visedit_L04-lr-1-t-1-v-1/checkpoints/epoch-2-i-636-ema_loss-0.8823 time=2026-08-02 07:40:23 CST
LAYER_BEGIN dataset=mmke-visual model=minigpt-4-vicuna-7b layer=9 time=2026-08-02 07:40:38 CST
STAGE_START dataset=mmke-visual model=minigpt-4-vicuna-7b layer=9 stage=train runner=scripts/run_mmke_minigpt_llava_lowmem_sweep.py config=configs/vead/minigpt-4-vicuna-7b.yaml train=/datapool/home/ph_teacher3/Lwy/zhounan/Visedit2/server_results/mmke_visual_top3_union_train_eval_7models_20260613_014644/data/vqa_mmke_visual_train_evqa_compat.json eval=/datapool/home/ph_teacher3/Lwy/zhounan/Visedit2/server_results/mmke_visual_top3_union_train_eval_7models_20260613_014644/data/vqa_mmke_visual_eval_evqa_compat.json buffer=1 lowmem=1 time=2026-08-02 07:40:38
WATCH_START dataset=mmke-visual model=minigpt-4-vicuna-7b layer=9 stage=train idle_limit=7200 log=/tmp/ph_teacher3/mabscos_top3_completion_job3126082_20260801/logs/mmke-visual_minigpt-4-vicuna-7b_L9_train_20260801_163446.log time=2026-08-02 07:40:38 CST
PROCESS_START dataset=mmke-visual model=minigpt-4-vicuna-7b layer=9 stage=train pid=1408440 pgid=1408440
WATCH_PROGRESS dataset=mmke-visual model=minigpt-4-vicuna-7b layer=9 stage=train sig=Loading checkpoint shards:   0%|          | 0/2 [00:00<?, ?it/s] time=2026-08-02 07:41:39
WATCH_PROGRESS dataset=mmke-visual model=minigpt-4-vicuna-7b layer=9 stage=train sig=Loading checkpoint shards:   0%|          | 0/2 [00:06<?, ?it/s] time=2026-08-02 07:43:39
PROCESS_END dataset=mmke-visual model=minigpt-4-vicuna-7b layer=9 stage=train pid=1408440 rc=1 time=2026-08-02 07:43:39 CST
STAGE_END dataset=mmke-visual model=minigpt-4-vicuna-7b layer=9 stage=train rc=1 time=2026-08-02 07:43:39
EVAL_NOT_RUN dataset=mmke-visual model=minigpt-4-vicuna-7b layer=9 train_rc=1 selected=0
LAYER_INCOMPLETE dataset=mmke-visual model=minigpt-4-vicuna-7b layer=9 train_rc=1 eval_rc=777 note=train_failed_or_no_selected;incomplete_artifacts time=2026-08-02 07:43:39 CST
LAYER_BEGIN dataset=mmke-visual model=minigpt-4-vicuna-7b layer=10 time=2026-08-02 07:43:54 CST
STAGE_START dataset=mmke-visual model=minigpt-4-vicuna-7b layer=10 stage=train runner=scripts/run_mmke_minigpt_llava_lowmem_sweep.py config=configs/vead/minigpt-4-vicuna-7b.yaml train=/datapool/home/ph_teacher3/Lwy/zhounan/Visedit2/server_results/mmke_visual_top3_union_train_eval_7models_20260613_014644/data/vqa_mmke_visual_train_evqa_compat.json eval=/datapool/home/ph_teacher3/Lwy/zhounan/Visedit2/server_results/mmke_visual_top3_union_train_eval_7models_20260613_014644/data/vqa_mmke_visual_eval_evqa_compat.json buffer=1 lowmem=1 time=2026-08-02 07:43:54
WATCH_START dataset=mmke-visual model=minigpt-4-vicuna-7b layer=10 stage=train idle_limit=7200 log=/tmp/ph_teacher3/mabscos_top3_completion_job3126082_20260801/logs/mmke-visual_minigpt-4-vicuna-7b_L10_train_20260801_163446.log time=2026-08-02 07:43:54 CST
PROCESS_START dataset=mmke-visual model=minigpt-4-vicuna-7b layer=10 stage=train pid=1411254 pgid=1411254
WATCH_PROGRESS dataset=mmke-visual model=minigpt-4-vicuna-7b layer=10 stage=train sig=Loading checkpoint shards:   0%|          | 0/2 [00:00<?, ?it/s] time=2026-08-02 07:44:55
WATCH_PROGRESS dataset=mmke-visual model=minigpt-4-vicuna-7b layer=10 stage=train sig=Pre-processing train data:  33%|███▎      | 70/214 [00:27<00:54,  2.65it/s] time=2026-08-02 07:45:55
WATCH_PROGRESS dataset=mmke-visual model=minigpt-4-vicuna-7b layer=10 stage=train sig=Pre-processing train data:  98%|█████████▊| 210/214 [01:28<00:01,  2.10it/s] time=2026-08-02 07:46:55
WATCH_PROGRESS dataset=mmke-visual model=minigpt-4-vicuna-7b layer=10 stage=train sig=Epoch 1:  19%|█▊        | 40/214 [00:56<04:14,  1.46s/it] time=2026-08-02 07:47:55
WATCH_PROGRESS dataset=mmke-visual model=minigpt-4-vicuna-7b layer=10 stage=train sig=Epoch 1:  39%|███▉      | 84/214 [01:57<02:30,  1.15s/it] time=2026-08-02 07:48:56
WATCH_PROGRESS dataset=mmke-visual model=minigpt-4-vicuna-7b layer=10 stage=train sig=Epoch 1:  60%|█████▉    | 128/214 [02:57<01:48,  1.27s/it] time=2026-08-02 07:49:56
WATCH_PROGRESS dataset=mmke-visual model=minigpt-4-vicuna-7b layer=10 stage=train sig=Epoch 1:  80%|████████  | 172/214 [03:58<00:55,  1.33s/it] time=2026-08-02 07:50:56
WATCH_PROGRESS dataset=mmke-visual model=minigpt-4-vicuna-7b layer=10 stage=train sig=Epoch 1:  99%|█████████▉| 212/214 [04:58<00:03,  1.57s/it] time=2026-08-02 07:51:56
WATCH_PROGRESS dataset=mmke-visual model=minigpt-4-vicuna-7b layer=10 stage=train sig=Epoch 2:  19%|█▊        | 40/214 [00:57<04:21,  1.50s/it] time=2026-08-02 07:52:57
WATCH_PROGRESS dataset=mmke-visual model=minigpt-4-vicuna-7b layer=10 stage=train sig=Epoch 2:  38%|███▊      | 82/214 [01:57<03:04,  1.40s/it] time=2026-08-02 07:53:57
WATCH_HEARTBEAT dataset=mmke-visual model=minigpt-4-vicuna-7b layer=10 stage=train idle_seconds=0 gpu=67553, 13604, 100 time=2026-08-02 07:53:57
WATCH_PROGRESS dataset=mmke-visual model=minigpt-4-vicuna-7b layer=10 stage=train sig=Epoch 2:  63%|██████▎   | 134/214 [02:58<01:29,  1.12s/it] time=2026-08-02 07:54:57
WATCH_PROGRESS dataset=mmke-visual model=minigpt-4-vicuna-7b layer=10 stage=train sig=Epoch 2:  87%|████████▋ | 186/214 [03:58<00:31,  1.14s/it] time=2026-08-02 07:55:57
WATCH_PROGRESS dataset=mmke-visual model=minigpt-4-vicuna-7b layer=10 stage=train sig=Epoch 3:  11%|█         | 24/214 [00:27<03:39,  1.15s/it] time=2026-08-02 07:56:58
WATCH_PROGRESS dataset=mmke-visual model=minigpt-4-vicuna-7b layer=10 stage=train sig=Epoch 3:  36%|███▌      | 76/214 [01:26<02:52,  1.25s/it] time=2026-08-02 07:57:58
WATCH_PROGRESS dataset=mmke-visual model=minigpt-4-vicuna-7b layer=10 stage=train sig=Epoch 3:  61%|██████    | 130/214 [02:28<01:36,  1.15s/it] time=2026-08-02 07:58:58
WATCH_PROGRESS dataset=mmke-visual model=minigpt-4-vicuna-7b layer=10 stage=train sig=Epoch 3:  84%|████████▍ | 180/214 [03:27<00:40,  1.19s/it] time=2026-08-02 07:59:58
WATCH_PROGRESS dataset=mmke-visual model=minigpt-4-vicuna-7b layer=10 stage=train sig=Epoch 4:   8%|▊         | 18/214 [00:20<03:50,  1.18s/it] time=2026-08-02 08:00:58
WATCH_PROGRESS dataset=mmke-visual model=minigpt-4-vicuna-7b layer=10 stage=train sig=Epoch 4:  33%|███▎      | 70/214 [01:19<02:53,  1.21s/it] time=2026-08-02 08:01:59
WATCH_PROGRESS dataset=mmke-visual model=minigpt-4-vicuna-7b layer=10 stage=train sig=Epoch 4:  58%|█████▊    | 124/214 [02:19<01:42,  1.14s/it] time=2026-08-02 08:02:59
WATCH_PROGRESS dataset=mmke-visual model=minigpt-4-vicuna-7b layer=10 stage=train sig=Epoch 4:  82%|████████▏ | 176/214 [03:21<00:49,  1.29s/it] time=2026-08-02 08:03:59
WATCH_HEARTBEAT dataset=mmke-visual model=minigpt-4-vicuna-7b layer=10 stage=train idle_seconds=0 gpu=63387, 17769, 97 time=2026-08-02 08:03:59
WATCH_PROGRESS dataset=mmke-visual model=minigpt-4-vicuna-7b layer=10 stage=train sig=Epoch 5:   6%|▌         | 12/214 [00:14<03:56,  1.17s/it] time=2026-08-02 08:04:59
WATCH_PROGRESS dataset=mmke-visual model=minigpt-4-vicuna-7b layer=10 stage=train sig=Epoch 5:  30%|██▉       | 64/214 [01:13<02:47,  1.12s/it] time=2026-08-02 08:06:00
WATCH_PROGRESS dataset=mmke-visual model=minigpt-4-vicuna-7b layer=10 stage=train sig=Epoch 5:  54%|█████▍    | 116/214 [02:13<01:47,  1.10s/it] time=2026-08-02 08:07:00
WATCH_PROGRESS dataset=mmke-visual model=minigpt-4-vicuna-7b layer=10 stage=train sig=Epoch 5:  79%|███████▊  | 168/214 [03:13<00:58,  1.27s/it] time=2026-08-02 08:08:00
WATCH_PROGRESS dataset=mmke-visual model=minigpt-4-vicuna-7b layer=10 stage=train sig=Epoch 6:   4%|▎         | 8/214 [00:08<03:49,  1.12s/it] time=2026-08-02 08:09:00
WATCH_PROGRESS dataset=mmke-visual model=minigpt-4-vicuna-7b layer=10 stage=train sig=Epoch 6:  28%|██▊       | 60/214 [01:08<02:55,  1.14s/it] time=2026-08-02 08:10:01
WATCH_PROGRESS dataset=mmke-visual model=minigpt-4-vicuna-7b layer=10 stage=train sig=Epoch 6:  52%|█████▏    | 112/214 [02:08<02:04,  1.22s/it] time=2026-08-02 08:11:01
WATCH_PROGRESS dataset=mmke-visual model=minigpt-4-vicuna-7b layer=10 stage=train sig=Epoch 6:  77%|███████▋  | 164/214 [03:07<00:55,  1.12s/it] time=2026-08-02 08:12:01
WATCH_PROGRESS dataset=mmke-visual model=minigpt-4-vicuna-7b layer=10 stage=train sig=Epoch 7:   1%|          | 2/214 [00:02<03:50,  1.09s/it] time=2026-08-02 08:13:01
WATCH_PROGRESS dataset=mmke-visual model=minigpt-4-vicuna-7b layer=10 stage=train sig=Epoch 7:  25%|██▌       | 54/214 [01:03<03:16,  1.23s/it] time=2026-08-02 08:14:02
WATCH_HEARTBEAT dataset=mmke-visual model=minigpt-4-vicuna-7b layer=10 stage=train idle_seconds=0 gpu=63389, 17767, 99 time=2026-08-02 08:14:02
WATCH_PROGRESS dataset=mmke-visual model=minigpt-4-vicuna-7b layer=10 stage=train sig=Epoch 7:  49%|████▊     | 104/214 [02:02<02:13,  1.21s/it] time=2026-08-02 08:15:02
WATCH_PROGRESS dataset=mmke-visual model=minigpt-4-vicuna-7b layer=10 stage=train sig=Epoch 7:  74%|███████▍  | 158/214 [03:04<01:03,  1.14s/it] time=2026-08-02 08:16:02
WATCH_PROGRESS dataset=mmke-visual model=minigpt-4-vicuna-7b layer=10 stage=train sig=Epoch 7:  98%|█████████▊| 210/214 [04:02<00:04,  1.12s/it] time=2026-08-02 08:17:02
WATCH_PROGRESS dataset=mmke-visual model=minigpt-4-vicuna-7b layer=10 stage=train sig=Epoch 8:  23%|██▎       | 50/214 [00:57<03:01,  1.11s/it] time=2026-08-02 08:18:03
WATCH_PROGRESS dataset=mmke-visual model=minigpt-4-vicuna-7b layer=10 stage=train sig=Epoch 8:  48%|████▊     | 102/214 [01:56<02:14,  1.20s/it] time=2026-08-02 08:19:03
WATCH_PROGRESS dataset=mmke-visual model=minigpt-4-vicuna-7b layer=10 stage=train sig=Epoch 8:  72%|███████▏  | 154/214 [02:55<01:04,  1.07s/it] time=2026-08-02 08:20:03
WATCH_PROGRESS dataset=mmke-visual model=minigpt-4-vicuna-7b layer=10 stage=train sig=Epoch 8:  96%|█████████▋| 206/214 [03:57<00:09,  1.17s/it] time=2026-08-02 08:21:03
WATCH_PROGRESS dataset=mmke-visual model=minigpt-4-vicuna-7b layer=10 stage=train sig=Epoch 9:  20%|█▉        | 42/214 [00:50<03:26,  1.20s/it] time=2026-08-02 08:22:04
WATCH_PROGRESS dataset=mmke-visual model=minigpt-4-vicuna-7b layer=10 stage=train sig=Epoch 9:  44%|████▍     | 94/214 [01:51<02:15,  1.13s/it] time=2026-08-02 08:23:04
WATCH_PROGRESS dataset=mmke-visual model=minigpt-4-vicuna-7b layer=10 stage=train sig=Epoch 9:  67%|██████▋   | 144/214 [02:50<01:23,  1.19s/it] time=2026-08-02 08:24:04
WATCH_HEARTBEAT dataset=mmke-visual model=minigpt-4-vicuna-7b layer=10 stage=train idle_seconds=0 gpu=63389, 17767, 99 time=2026-08-02 08:24:04
WATCH_PROGRESS dataset=mmke-visual model=minigpt-4-vicuna-7b layer=10 stage=train sig=Epoch 9:  93%|█████████▎| 198/214 [03:50<00:17,  1.06s/it] time=2026-08-02 08:25:04
WATCH_PROGRESS dataset=mmke-visual model=minigpt-4-vicuna-7b layer=10 stage=train sig=Epoch 10:  18%|█▊        | 38/214 [00:42<03:30,  1.20s/it] time=2026-08-02 08:26:04
WATCH_PROGRESS dataset=mmke-visual model=minigpt-4-vicuna-7b layer=10 stage=train sig=Epoch 10:  43%|████▎     | 92/214 [01:43<02:30,  1.24s/it] time=2026-08-02 08:27:05
WATCH_PROGRESS dataset=mmke-visual model=minigpt-4-vicuna-7b layer=10 stage=train sig=Epoch 10:  65%|██████▌   | 140/214 [02:42<01:29,  1.20s/it] time=2026-08-02 08:28:05
WATCH_PROGRESS dataset=mmke-visual model=minigpt-4-vicuna-7b layer=10 stage=train sig=Epoch 10:  90%|████████▉ | 192/214 [03:43<00:24,  1.14s/it] time=2026-08-02 08:29:05
WATCH_PROGRESS dataset=mmke-visual model=minigpt-4-vicuna-7b layer=10 stage=train sig=Epoch 11:  15%|█▍        | 32/214 [00:35<03:24,  1.12s/it] time=2026-08-02 08:30:05
WATCH_PROGRESS dataset=mmke-visual model=minigpt-4-vicuna-7b layer=10 stage=train sig=Epoch 11:  39%|███▉      | 84/214 [01:35<02:22,  1.10s/it] time=2026-08-02 08:31:06
WATCH_PROGRESS dataset=mmke-visual model=minigpt-4-vicuna-7b layer=10 stage=train sig=Epoch 11:  63%|██████▎   | 134/214 [02:35<01:38,  1.23s/it] time=2026-08-02 08:32:06
WATCH_PROGRESS dataset=mmke-visual model=minigpt-4-vicuna-7b layer=10 stage=train sig=Epoch 11:  88%|████████▊ | 188/214 [03:37<00:28,  1.10s/it] time=2026-08-02 08:33:06
WATCH_PROGRESS dataset=mmke-visual model=minigpt-4-vicuna-7b layer=10 stage=train sig=Epoch 12:  12%|█▏        | 26/214 [00:30<03:36,  1.15s/it] time=2026-08-02 08:34:06
WATCH_HEARTBEAT dataset=mmke-visual model=minigpt-4-vicuna-7b layer=10 stage=train idle_seconds=0 gpu=63389, 17767, 98 time=2026-08-02 08:34:06
WATCH_PROGRESS dataset=mmke-visual model=minigpt-4-vicuna-7b layer=10 stage=train sig=Epoch 12:  36%|███▋      | 78/214 [01:30<02:39,  1.17s/it] time=2026-08-02 08:35:07
WATCH_PROGRESS dataset=mmke-visual model=minigpt-4-vicuna-7b layer=10 stage=train sig=Epoch 12:  62%|██████▏   | 132/214 [02:30<01:31,  1.12s/it] time=2026-08-02 08:36:07
WATCH_PROGRESS dataset=mmke-visual model=minigpt-4-vicuna-7b layer=10 stage=train sig=Epoch 12:  86%|████████▌ | 184/214 [03:31<00:37,  1.24s/it] time=2026-08-02 08:37:07
WATCH_PROGRESS dataset=mmke-visual model=minigpt-4-vicuna-7b layer=10 stage=train sig=Epoch 13:  10%|█         | 22/214 [00:24<03:32,  1.11s/it] time=2026-08-02 08:38:07
WATCH_PROGRESS dataset=mmke-visual model=minigpt-4-vicuna-7b layer=10 stage=train sig=Epoch 13:  36%|███▌      | 76/214 [01:25<02:35,  1.13s/it] time=2026-08-02 08:39:08
WATCH_PROGRESS dataset=mmke-visual model=minigpt-4-vicuna-7b layer=10 stage=train sig=Epoch 13:  61%|██████    | 130/214 [02:25<01:34,  1.12s/it] time=2026-08-02 08:40:08
WATCH_PROGRESS dataset=mmke-visual model=minigpt-4-vicuna-7b layer=10 stage=train sig=Epoch 13:  85%|████████▌ | 182/214 [03:25<00:36,  1.15s/it] time=2026-08-02 08:41:08
WATCH_PROGRESS dataset=mmke-visual model=minigpt-4-vicuna-7b layer=10 stage=train sig=Epoch 14:   7%|▋         | 16/214 [00:18<03:56,  1.19s/it] time=2026-08-02 08:42:08
WATCH_PROGRESS dataset=mmke-visual model=minigpt-4-vicuna-7b layer=10 stage=train sig=Epoch 14:  34%|███▎      | 72/214 [01:20<02:32,  1.08s/it] time=2026-08-02 08:43:08
WATCH_PROGRESS dataset=mmke-visual model=minigpt-4-vicuna-7b layer=10 stage=train sig=Epoch 14:  57%|█████▋    | 122/214 [02:19<01:45,  1.15s/it] time=2026-08-02 08:44:09
WATCH_HEARTBEAT dataset=mmke-visual model=minigpt-4-vicuna-7b layer=10 stage=train idle_seconds=0 gpu=63389, 17767, 98 time=2026-08-02 08:44:09
WATCH_PROGRESS dataset=mmke-visual model=minigpt-4-vicuna-7b layer=10 stage=train sig=Epoch 14:  82%|████████▏ | 176/214 [03:20<00:43,  1.13s/it] time=2026-08-02 08:45:09
WATCH_PROGRESS dataset=mmke-visual model=minigpt-4-vicuna-7b layer=10 stage=train sig=Epoch 15:   6%|▌         | 12/214 [00:14<04:01,  1.19s/it] time=2026-08-02 08:46:09
WATCH_PROGRESS dataset=mmke-visual model=minigpt-4-vicuna-7b layer=10 stage=train sig=Epoch 15:  30%|██▉       | 64/214 [01:14<03:15,  1.31s/it] time=2026-08-02 08:47:09
WATCH_PROGRESS dataset=mmke-visual model=minigpt-4-vicuna-7b layer=10 stage=train sig=Epoch 15:  54%|█████▍    | 116/214 [02:14<01:53,  1.16s/it] time=2026-08-02 08:48:10
WATCH_PROGRESS dataset=mmke-visual model=minigpt-4-vicuna-7b layer=10 stage=train sig=Epoch 15:  79%|███████▉  | 170/214 [03:15<00:51,  1.17s/it] time=2026-08-02 08:49:10
WATCH_PROGRESS dataset=mmke-visual model=minigpt-4-vicuna-7b layer=10 stage=train sig=Epoch 16:   4%|▎         | 8/214 [00:09<03:57,  1.15s/it] time=2026-08-02 08:50:10
WATCH_PROGRESS dataset=mmke-visual model=minigpt-4-vicuna-7b layer=10 stage=train sig=Epoch 16:  28%|██▊       | 60/214 [01:09<02:50,  1.10s/it] time=2026-08-02 08:51:10
WATCH_PROGRESS dataset=mmke-visual model=minigpt-4-vicuna-7b layer=10 stage=train sig=Epoch 16:  52%|█████▏    | 112/214 [02:07<01:58,  1.16s/it] time=2026-08-02 08:52:11
WATCH_PROGRESS dataset=mmke-visual model=minigpt-4-vicuna-7b layer=10 stage=train sig=Epoch 16:  77%|███████▋  | 164/214 [03:08<00:55,  1.10s/it] time=2026-08-02 08:53:11
WATCH_PROGRESS dataset=mmke-visual model=minigpt-4-vicuna-7b layer=10 stage=train sig=Epoch 17:   1%|          | 2/214 [00:02<03:55,  1.11s/it] time=2026-08-02 08:54:11
WATCH_HEARTBEAT dataset=mmke-visual model=minigpt-4-vicuna-7b layer=10 stage=train idle_seconds=0 gpu=63389, 17767, 92 time=2026-08-02 08:54:11
WATCH_PROGRESS dataset=mmke-visual model=minigpt-4-vicuna-7b layer=10 stage=train sig=Epoch 17:  25%|██▌       | 54/214 [01:01<03:06,  1.16s/it] time=2026-08-02 08:55:11
WATCH_PROGRESS dataset=mmke-visual model=minigpt-4-vicuna-7b layer=10 stage=train sig=Epoch 17:  50%|████▉     | 106/214 [02:01<02:00,  1.11s/it] time=2026-08-02 08:56:12
WATCH_PROGRESS dataset=mmke-visual model=minigpt-4-vicuna-7b layer=10 stage=train sig=Epoch 17:  75%|███████▍  | 160/214 [03:02<01:07,  1.24s/it] time=2026-08-02 08:57:12
WATCH_PROGRESS dataset=mmke-visual model=minigpt-4-vicuna-7b layer=10 stage=train sig=Epoch 17:  98%|█████████▊| 210/214 [04:02<00:04,  1.19s/it] time=2026-08-02 08:58:12
WATCH_PROGRESS dataset=mmke-visual model=minigpt-4-vicuna-7b layer=10 stage=train sig=Epoch 18:  23%|██▎       | 50/214 [00:56<02:57,  1.08s/it] time=2026-08-02 08:59:12
WATCH_PROGRESS dataset=mmke-visual model=minigpt-4-vicuna-7b layer=10 stage=train sig=Epoch 18:  47%|████▋     | 100/214 [01:54<02:02,  1.08s/it] time=2026-08-02 09:00:13
WATCH_PROGRESS dataset=mmke-visual model=minigpt-4-vicuna-7b layer=10 stage=train sig=Epoch 18:  72%|███████▏  | 154/214 [02:56<01:17,  1.29s/it] time=2026-08-02 09:01:13
WATCH_PROGRESS dataset=mmke-visual model=minigpt-4-vicuna-7b layer=10 stage=train sig=Epoch 18:  96%|█████████▋| 206/214 [03:57<00:08,  1.08s/it] time=2026-08-02 09:02:13
WATCH_PROGRESS dataset=mmke-visual model=minigpt-4-vicuna-7b layer=10 stage=train sig=Epoch 19:  21%|██        | 44/214 [00:49<03:23,  1.20s/it] time=2026-08-02 09:03:13
WATCH_PROGRESS dataset=mmke-visual model=minigpt-4-vicuna-7b layer=10 stage=train sig=Epoch 19:  44%|████▍     | 94/214 [01:50<02:31,  1.26s/it] time=2026-08-02 09:04:14
WATCH_HEARTBEAT dataset=mmke-visual model=minigpt-4-vicuna-7b layer=10 stage=train idle_seconds=0 gpu=63389, 17767, 100 time=2026-08-02 09:04:14
WATCH_PROGRESS dataset=mmke-visual model=minigpt-4-vicuna-7b layer=10 stage=train sig=Epoch 19:  68%|██████▊   | 146/214 [02:50<01:15,  1.11s/it] time=2026-08-02 09:05:14
WATCH_PROGRESS dataset=mmke-visual model=minigpt-4-vicuna-7b layer=10 stage=train sig=Epoch 19:  93%|█████████▎| 200/214 [03:51<00:16,  1.15s/it] time=2026-08-02 09:06:14
WATCH_PROGRESS dataset=mmke-visual model=minigpt-4-vicuna-7b layer=10 stage=train sig=Epoch 20:  18%|█▊        | 38/214 [00:43<03:28,  1.18s/it] time=2026-08-02 09:07:14
WATCH_PROGRESS dataset=mmke-visual model=minigpt-4-vicuna-7b layer=10 stage=train sig=Epoch 20:  42%|████▏     | 90/214 [01:44<02:25,  1.17s/it] time=2026-08-02 09:08:15
WATCH_PROGRESS dataset=mmke-visual model=minigpt-4-vicuna-7b layer=10 stage=train sig=Epoch 20:  66%|██████▋   | 142/214 [02:44<01:22,  1.14s/it] time=2026-08-02 09:09:15
WATCH_PROGRESS dataset=mmke-visual model=minigpt-4-vicuna-7b layer=10 stage=train sig=Epoch 20:  92%|█████████▏| 196/214 [03:45<00:19,  1.08s/it] time=2026-08-02 09:10:15
WATCH_PROGRESS dataset=mmke-visual model=minigpt-4-vicuna-7b layer=10 stage=train sig=Epoch 21:  16%|█▌        | 34/214 [00:38<03:35,  1.20s/it] time=2026-08-02 09:11:15
WATCH_PROGRESS dataset=mmke-visual model=minigpt-4-vicuna-7b layer=10 stage=train sig=Epoch 21:  40%|████      | 86/214 [01:38<02:18,  1.08s/it] time=2026-08-02 09:12:15
WATCH_PROGRESS dataset=mmke-visual model=minigpt-4-vicuna-7b layer=10 stage=train sig=Epoch 21:  65%|██████▌   | 140/214 [02:38<01:23,  1.12s/it] time=2026-08-02 09:13:16
WATCH_PROGRESS dataset=mmke-visual model=minigpt-4-vicuna-7b layer=10 stage=train sig=Epoch 21:  90%|████████▉ | 192/214 [03:40<00:26,  1.19s/it] time=2026-08-02 09:14:16
WATCH_HEARTBEAT dataset=mmke-visual model=minigpt-4-vicuna-7b layer=10 stage=train idle_seconds=0 gpu=63389, 17767, 92 time=2026-08-02 09:14:16
WATCH_PROGRESS dataset=mmke-visual model=minigpt-4-vicuna-7b layer=10 stage=train sig=Epoch 22:  14%|█▍        | 30/214 [00:34<03:45,  1.23s/it] time=2026-08-02 09:15:16
WATCH_PROGRESS dataset=mmke-visual model=minigpt-4-vicuna-7b layer=10 stage=train sig=Epoch 22:  38%|███▊      | 82/214 [01:34<02:31,  1.14s/it] time=2026-08-02 09:16:16
WATCH_PROGRESS dataset=mmke-visual model=minigpt-4-vicuna-7b layer=10 stage=train sig=Epoch 22:  62%|██████▏   | 132/214 [02:34<01:32,  1.12s/it] time=2026-08-02 09:17:17
WATCH_PROGRESS dataset=mmke-visual model=minigpt-4-vicuna-7b layer=10 stage=train sig=Epoch 22:  87%|████████▋ | 186/214 [03:34<00:30,  1.08s/it] time=2026-08-02 09:18:17
WATCH_PROGRESS dataset=mmke-visual model=minigpt-4-vicuna-7b layer=10 stage=train sig=Epoch 23:  11%|█         | 24/214 [00:26<03:21,  1.06s/it] time=2026-08-02 09:19:17
WATCH_PROGRESS dataset=mmke-visual model=minigpt-4-vicuna-7b layer=10 stage=train sig=Epoch 23:  36%|███▌      | 76/214 [01:27<02:33,  1.11s/it] time=2026-08-02 09:20:17
WATCH_PROGRESS dataset=mmke-visual model=minigpt-4-vicuna-7b layer=10 stage=train sig=Epoch 23:  60%|█████▉    | 128/214 [02:27<01:41,  1.18s/it] time=2026-08-02 09:21:18
WATCH_PROGRESS dataset=mmke-visual model=minigpt-4-vicuna-7b layer=10 stage=train sig=Epoch 23:  85%|████████▌ | 182/214 [03:29<00:38,  1.19s/it] time=2026-08-02 09:22:18
WATCH_PROGRESS dataset=mmke-visual model=minigpt-4-vicuna-7b layer=10 stage=train sig=Epoch 24:   8%|▊         | 18/214 [00:21<03:38,  1.12s/it] time=2026-08-02 09:23:18
WATCH_PROGRESS dataset=mmke-visual model=minigpt-4-vicuna-7b layer=10 stage=train sig=Epoch 24:  33%|███▎      | 70/214 [01:21<02:32,  1.06s/it] time=2026-08-02 09:24:18
WATCH_HEARTBEAT dataset=mmke-visual model=minigpt-4-vicuna-7b layer=10 stage=train idle_seconds=0 gpu=63389, 17767, 99 time=2026-08-02 09:24:18
WATCH_PROGRESS dataset=mmke-visual model=minigpt-4-vicuna-7b layer=10 stage=train sig=Epoch 24:  57%|█████▋    | 122/214 [02:21<01:45,  1.15s/it] time=2026-08-02 09:25:19
WATCH_PROGRESS dataset=mmke-visual model=minigpt-4-vicuna-7b layer=10 stage=train sig=Epoch 24:  82%|████████▏ | 176/214 [03:23<00:45,  1.19s/it] time=2026-08-02 09:26:19
WATCH_PROGRESS dataset=mmke-visual model=minigpt-4-vicuna-7b layer=10 stage=train sig=Epoch 25:   7%|▋         | 14/214 [00:16<03:52,  1.16s/it] time=2026-08-02 09:27:19
WATCH_PROGRESS dataset=mmke-visual model=minigpt-4-vicuna-7b layer=10 stage=train sig=Epoch 25:  31%|███       | 66/214 [01:16<02:38,  1.07s/it] time=2026-08-02 09:28:19
WATCH_PROGRESS dataset=mmke-visual model=minigpt-4-vicuna-7b layer=10 stage=train sig=Epoch 25:  55%|█████▌    | 118/214 [02:17<01:47,  1.12s/it] time=2026-08-02 09:29:20
WATCH_PROGRESS dataset=mmke-visual model=minigpt-4-vicuna-7b layer=10 stage=train sig=Epoch 25:  68%|██████▊   | 146/214 [03:18<02:48,  2.47s/it] time=2026-08-02 09:30:20
WATCH_PROGRESS dataset=mmke-visual model=minigpt-4-vicuna-7b layer=10 stage=train sig=Epoch 25:  79%|███████▊  | 168/214 [04:16<02:08,  2.80s/it] time=2026-08-02 09:31:20
WATCH_PROGRESS dataset=mmke-visual model=minigpt-4-vicuna-7b layer=10 stage=train sig=Epoch 25:  90%|████████▉ | 192/214 [05:18<00:56,  2.56s/it] time=2026-08-02 09:32:21
WATCH_PROGRESS dataset=mmke-visual model=minigpt-4-vicuna-7b layer=10 stage=train sig=Epoch 26:   0%|          | 0/214 [00:00<?, ?it/s] time=2026-08-02 09:33:21
WATCH_PROGRESS dataset=mmke-visual model=minigpt-4-vicuna-7b layer=10 stage=train sig=Epoch 26:  11%|█         | 24/214 [01:01<07:55,  2.50s/it] time=2026-08-02 09:34:21
WATCH_HEARTBEAT dataset=mmke-visual model=minigpt-4-vicuna-7b layer=10 stage=train idle_seconds=0 gpu=72063, 9094, 100 time=2026-08-02 09:34:21
WATCH_PROGRESS dataset=mmke-visual model=minigpt-4-vicuna-7b layer=10 stage=train sig=Epoch 26:  23%|██▎       | 50/214 [02:02<06:41,  2.45s/it] time=2026-08-02 09:35:21
WATCH_PROGRESS dataset=mmke-visual model=minigpt-4-vicuna-7b layer=10 stage=train sig=Epoch 26:  34%|███▎      | 72/214 [03:00<06:18,  2.67s/it] time=2026-08-02 09:36:22
WATCH_PROGRESS dataset=mmke-visual model=minigpt-4-vicuna-7b layer=10 stage=train sig=Epoch 26:  44%|████▍     | 94/214 [03:59<05:12,  2.60s/it] time=2026-08-02 09:37:22
WATCH_PROGRESS dataset=mmke-visual model=minigpt-4-vicuna-7b layer=10 stage=train sig=Epoch 26:  55%|█████▌    | 118/214 [05:01<04:27,  2.79s/it] time=2026-08-02 09:38:22
WATCH_PROGRESS dataset=mmke-visual model=minigpt-4-vicuna-7b layer=10 stage=train sig=Epoch 26:  66%|██████▋   | 142/214 [06:04<03:09,  2.64s/it] time=2026-08-02 09:39:22
WATCH_PROGRESS dataset=mmke-visual model=minigpt-4-vicuna-7b layer=10 stage=train sig=Epoch 26:  78%|███████▊  | 166/214 [07:01<01:58,  2.47s/it] time=2026-08-02 09:40:23
WATCH_PROGRESS dataset=mmke-visual model=minigpt-4-vicuna-7b layer=10 stage=train sig=Epoch 26:  88%|████████▊ | 188/214 [08:02<01:12,  2.77s/it] time=2026-08-02 09:41:23
WATCH_PROGRESS dataset=mmke-visual model=minigpt-4-vicuna-7b layer=10 stage=train sig=Epoch 26:  98%|█████████▊| 210/214 [09:01<00:10,  2.60s/it] time=2026-08-02 09:42:23
WATCH_PROGRESS dataset=mmke-visual model=minigpt-4-vicuna-7b layer=10 stage=train sig=Epoch 27:   8%|▊         | 18/214 [00:50<09:09,  2.80s/it] time=2026-08-02 09:43:23
WATCH_PROGRESS dataset=mmke-visual model=minigpt-4-vicuna-7b layer=10 stage=train sig=Epoch 27:  19%|█▊        | 40/214 [01:51<07:54,  2.72s/it] time=2026-08-02 09:44:24
WATCH_HEARTBEAT dataset=mmke-visual model=minigpt-4-vicuna-7b layer=10 stage=train idle_seconds=0 gpu=72063, 9094, 99 time=2026-08-02 09:44:24
WATCH_PROGRESS dataset=mmke-visual model=minigpt-4-vicuna-7b layer=10 stage=train sig=Epoch 27:  30%|██▉       | 64/214 [02:52<06:05,  2.44s/it] time=2026-08-02 09:45:24
WATCH_PROGRESS dataset=mmke-visual model=minigpt-4-vicuna-7b layer=10 stage=train sig=Epoch 27:  41%|████      | 88/214 [03:51<05:08,  2.45s/it] time=2026-08-02 09:46:24
WATCH_PROGRESS dataset=mmke-visual model=minigpt-4-vicuna-7b layer=10 stage=train sig=Epoch 27:  52%|█████▏    | 112/214 [04:54<04:23,  2.58s/it] time=2026-08-02 09:47:24
WATCH_PROGRESS dataset=mmke-visual model=minigpt-4-vicuna-7b layer=10 stage=train sig=Epoch 27:  64%|██████▎   | 136/214 [05:54<03:05,  2.38s/it] time=2026-08-02 09:48:25
WATCH_PROGRESS dataset=mmke-visual model=minigpt-4-vicuna-7b layer=10 stage=train sig=Epoch 27:  75%|███████▍  | 160/214 [06:53<02:15,  2.51s/it] time=2026-08-02 09:49:25
WATCH_PROGRESS dataset=mmke-visual model=minigpt-4-vicuna-7b layer=10 stage=train sig=Epoch 27:  86%|████████▌ | 184/214 [07:52<01:11,  2.39s/it] time=2026-08-02 09:50:25
WATCH_PROGRESS dataset=mmke-visual model=minigpt-4-vicuna-7b layer=10 stage=train sig=Epoch 27:  97%|█████████▋| 208/214 [08:54<00:15,  2.65s/it] time=2026-08-02 09:51:25
WATCH_PROGRESS dataset=mmke-visual model=minigpt-4-vicuna-7b layer=10 stage=train sig=Epoch 28:   7%|▋         | 16/214 [00:39<08:20,  2.53s/it] time=2026-08-02 09:52:26
WATCH_PROGRESS dataset=mmke-visual model=minigpt-4-vicuna-7b layer=10 stage=train sig=Epoch 28:  19%|█▊        | 40/214 [01:41<07:34,  2.61s/it] time=2026-08-02 09:53:26
WATCH_PROGRESS dataset=mmke-visual model=minigpt-4-vicuna-7b layer=10 stage=train sig=Epoch 28:  29%|██▉       | 62/214 [02:41<07:15,  2.86s/it] time=2026-08-02 09:54:26
WATCH_HEARTBEAT dataset=mmke-visual model=minigpt-4-vicuna-7b layer=10 stage=train idle_seconds=0 gpu=72063, 9094, 99 time=2026-08-02 09:54:26
WATCH_PROGRESS dataset=mmke-visual model=minigpt-4-vicuna-7b layer=10 stage=train sig=Epoch 28:  40%|████      | 86/214 [03:42<05:07,  2.41s/it] time=2026-08-02 09:55:26
WATCH_PROGRESS dataset=mmke-visual model=minigpt-4-vicuna-7b layer=10 stage=train sig=Epoch 28:  51%|█████▏    | 110/214 [04:40<04:14,  2.45s/it] time=2026-08-02 09:56:27
WATCH_PROGRESS dataset=mmke-visual model=minigpt-4-vicuna-7b layer=10 stage=train sig=Epoch 28:  63%|██████▎   | 134/214 [05:44<03:48,  2.86s/it] time=2026-08-02 09:57:27
WATCH_PROGRESS dataset=mmke-visual model=minigpt-4-vicuna-7b layer=10 stage=train sig=Epoch 28:  73%|███████▎  | 156/214 [06:42<02:36,  2.69s/it] time=2026-08-02 09:58:27
WATCH_PROGRESS dataset=mmke-visual model=minigpt-4-vicuna-7b layer=10 stage=train sig=Epoch 28:  84%|████████▍ | 180/214 [07:44<01:27,  2.57s/it] time=2026-08-02 09:59:27
WATCH_PROGRESS dataset=mmke-visual model=minigpt-4-vicuna-7b layer=10 stage=train sig=Epoch 28:  93%|█████████▎| 200/214 [08:41<00:40,  2.87s/it] time=2026-08-02 10:00:28
WATCH_PROGRESS dataset=mmke-visual model=minigpt-4-vicuna-7b layer=10 stage=train sig=Epoch 29:   6%|▌         | 12/214 [00:28<08:08,  2.42s/it] time=2026-08-02 10:01:28
WATCH_PROGRESS dataset=mmke-visual model=minigpt-4-vicuna-7b layer=10 stage=train sig=Epoch 29:  16%|█▌        | 34/214 [01:24<07:29,  2.49s/it] time=2026-08-02 10:02:28
WATCH_PROGRESS dataset=mmke-visual model=minigpt-4-vicuna-7b layer=10 stage=train sig=Epoch 29:  27%|██▋       | 58/214 [02:28<06:40,  2.56s/it] time=2026-08-02 10:03:28
WATCH_PROGRESS dataset=mmke-visual model=minigpt-4-vicuna-7b layer=10 stage=train sig=Epoch 29:  37%|███▋      | 80/214 [03:28<06:15,  2.80s/it] time=2026-08-02 10:04:29
WATCH_HEARTBEAT dataset=mmke-visual model=minigpt-4-vicuna-7b layer=10 stage=train idle_seconds=0 gpu=72063, 9094, 99 time=2026-08-02 10:04:29
WATCH_PROGRESS dataset=mmke-visual model=minigpt-4-vicuna-7b layer=10 stage=train sig=Epoch 29:  49%|████▊     | 104/214 [04:29<04:31,  2.47s/it] time=2026-08-02 10:05:29
WATCH_PROGRESS dataset=mmke-visual model=minigpt-4-vicuna-7b layer=10 stage=train sig=Epoch 29:  59%|█████▉    | 126/214 [05:27<03:47,  2.58s/it] time=2026-08-02 10:06:29
WATCH_PROGRESS dataset=mmke-visual model=minigpt-4-vicuna-7b layer=10 stage=train sig=Epoch 29:  70%|███████   | 150/214 [06:28<02:50,  2.66s/it] time=2026-08-02 10:07:29
WATCH_PROGRESS dataset=mmke-visual model=minigpt-4-vicuna-7b layer=10 stage=train sig=Epoch 29:  81%|████████▏ | 174/214 [07:30<01:44,  2.62s/it] time=2026-08-02 10:08:30
WATCH_PROGRESS dataset=mmke-visual model=minigpt-4-vicuna-7b layer=10 stage=train sig=Epoch 29:  93%|█████████▎| 198/214 [08:31<00:41,  2.57s/it] time=2026-08-02 10:09:30
WATCH_PROGRESS dataset=mmke-visual model=minigpt-4-vicuna-7b layer=10 stage=train sig=Epoch 30:   3%|▎         | 6/214 [00:16<09:06,  2.63s/it] time=2026-08-02 10:10:30
WATCH_PROGRESS dataset=mmke-visual model=minigpt-4-vicuna-7b layer=10 stage=train sig=Epoch 30:  14%|█▍        | 30/214 [01:17<08:03,  2.63s/it] time=2026-08-02 10:11:30
WATCH_PROGRESS dataset=mmke-visual model=minigpt-4-vicuna-7b layer=10 stage=train sig=Epoch 30:  25%|██▌       | 54/214 [02:16<06:35,  2.47s/it] time=2026-08-02 10:12:31
WATCH_PROGRESS dataset=mmke-visual model=minigpt-4-vicuna-7b layer=10 stage=train sig=Epoch 30:  36%|███▋      | 78/214 [03:18<06:02,  2.66s/it] time=2026-08-02 10:13:31
WATCH_PROGRESS dataset=mmke-visual model=minigpt-4-vicuna-7b layer=10 stage=train sig=Epoch 30:  47%|████▋     | 100/214 [04:18<05:03,  2.66s/it] time=2026-08-02 10:14:31
WATCH_HEARTBEAT dataset=mmke-visual model=minigpt-4-vicuna-7b layer=10 stage=train idle_seconds=0 gpu=72063, 9094, 100 time=2026-08-02 10:14:31
WATCH_PROGRESS dataset=mmke-visual model=minigpt-4-vicuna-7b layer=10 stage=train sig=Epoch 30:  57%|█████▋    | 122/214 [05:15<03:58,  2.59s/it] time=2026-08-02 10:15:32
WATCH_PROGRESS dataset=mmke-visual model=minigpt-4-vicuna-7b layer=10 stage=train sig=Epoch 30:  68%|██████▊   | 146/214 [06:16<02:52,  2.54s/it] time=2026-08-02 10:16:32
WATCH_PROGRESS dataset=mmke-visual model=minigpt-4-vicuna-7b layer=10 stage=train sig=Epoch 30:  80%|████████  | 172/214 [07:19<01:37,  2.32s/it] time=2026-08-02 10:17:32
WATCH_PROGRESS dataset=mmke-visual model=minigpt-4-vicuna-7b layer=10 stage=train sig=Epoch 30:  91%|█████████ | 194/214 [08:16<00:55,  2.78s/it] time=2026-08-02 10:18:32
WATCH_PROGRESS dataset=mmke-visual model=minigpt-4-vicuna-7b layer=10 stage=train sig=Epoch 31:   2%|▏         | 4/214 [00:09<08:06,  2.32s/it] time=2026-08-02 10:19:33
WATCH_PROGRESS dataset=mmke-visual model=minigpt-4-vicuna-7b layer=10 stage=train sig=Epoch 31:  12%|█▏        | 26/214 [01:08<08:11,  2.61s/it] time=2026-08-02 10:20:33
WATCH_PROGRESS dataset=mmke-visual model=minigpt-4-vicuna-7b layer=10 stage=train sig=Epoch 31:  22%|██▏       | 48/214 [02:06<07:28,  2.70s/it] time=2026-08-02 10:21:33
WATCH_PROGRESS dataset=mmke-visual model=minigpt-4-vicuna-7b layer=10 stage=train sig=Epoch 31:  34%|███▎      | 72/214 [03:06<05:41,  2.41s/it] time=2026-08-02 10:22:33
WATCH_PROGRESS dataset=mmke-visual model=minigpt-4-vicuna-7b layer=10 stage=train sig=Epoch 31:  45%|████▍     | 96/214 [04:08<05:17,  2.69s/it] time=2026-08-02 10:23:34
WATCH_PROGRESS dataset=mmke-visual model=minigpt-4-vicuna-7b layer=10 stage=train sig=Epoch 31:  55%|█████▌    | 118/214 [05:07<04:17,  2.68s/it] time=2026-08-02 10:24:34
WATCH_HEARTBEAT dataset=mmke-visual model=minigpt-4-vicuna-7b layer=10 stage=train idle_seconds=0 gpu=72063, 9094, 100 time=2026-08-02 10:24:34
WATCH_PROGRESS dataset=mmke-visual model=minigpt-4-vicuna-7b layer=10 stage=train sig=Epoch 31:  66%|██████▋   | 142/214 [06:10<03:00,  2.50s/it] time=2026-08-02 10:25:34
WATCH_PROGRESS dataset=mmke-visual model=minigpt-4-vicuna-7b layer=10 stage=train sig=Epoch 31:  77%|███████▋  | 164/214 [07:08<02:07,  2.54s/it] time=2026-08-02 10:26:34
WATCH_PROGRESS dataset=mmke-visual model=minigpt-4-vicuna-7b layer=10 stage=train sig=Epoch 31:  88%|████████▊ | 188/214 [08:11<01:03,  2.46s/it] time=2026-08-02 10:27:35
WATCH_PROGRESS dataset=mmke-visual model=minigpt-4-vicuna-7b layer=10 stage=train sig=Epoch 31:  99%|█████████▉| 212/214 [09:10<00:04,  2.47s/it] time=2026-08-02 10:28:35
WATCH_PROGRESS dataset=mmke-visual model=minigpt-4-vicuna-7b layer=10 stage=train sig=Epoch 32:   9%|▉         | 20/214 [00:52<08:42,  2.69s/it] time=2026-08-02 10:29:35
WATCH_PROGRESS dataset=mmke-visual model=minigpt-4-vicuna-7b layer=10 stage=train sig=Epoch 32:  20%|█▉        | 42/214 [01:51<07:45,  2.70s/it] time=2026-08-02 10:30:35
WATCH_PROGRESS dataset=mmke-visual model=minigpt-4-vicuna-7b layer=10 stage=train sig=Epoch 32:  31%|███       | 66/214 [02:55<06:32,  2.65s/it] time=2026-08-02 10:31:36
WATCH_PROGRESS dataset=mmke-visual model=minigpt-4-vicuna-7b layer=10 stage=train sig=Epoch 32:  42%|████▏     | 90/214 [03:55<05:06,  2.47s/it] time=2026-08-02 10:32:36
WATCH_PROGRESS dataset=mmke-visual model=minigpt-4-vicuna-7b layer=10 stage=train sig=Epoch 32:  55%|█████▌    | 118/214 [04:57<02:46,  1.74s/it] time=2026-08-02 10:33:36
WATCH_PROGRESS dataset=mmke-visual model=minigpt-4-vicuna-7b layer=10 stage=train sig=Epoch 32:  79%|███████▉  | 170/214 [05:55<00:49,  1.12s/it] time=2026-08-02 10:34:36
WATCH_HEARTBEAT dataset=mmke-visual model=minigpt-4-vicuna-7b layer=10 stage=train idle_seconds=0 gpu=63389, 17767, 99 time=2026-08-02 10:34:36
WATCH_PROGRESS dataset=mmke-visual model=minigpt-4-vicuna-7b layer=10 stage=train sig=Epoch 33:   3%|▎         | 6/214 [00:07<04:02,  1.16s/it] time=2026-08-02 10:35:37
WATCH_PROGRESS dataset=mmke-visual model=minigpt-4-vicuna-7b layer=10 stage=train sig=Epoch 33:  28%|██▊       | 60/214 [01:07<02:46,  1.08s/it] time=2026-08-02 10:36:37
WATCH_PROGRESS dataset=mmke-visual model=minigpt-4-vicuna-7b layer=10 stage=train sig=Epoch 33:  53%|█████▎    | 114/214 [02:08<01:48,  1.08s/it] time=2026-08-02 10:37:37
WATCH_PROGRESS dataset=mmke-visual model=minigpt-4-vicuna-7b layer=10 stage=train sig=Epoch 33:  77%|███████▋  | 164/214 [03:08<01:03,  1.26s/it] time=2026-08-02 10:38:37
WATCH_PROGRESS dataset=mmke-visual model=minigpt-4-vicuna-7b layer=10 stage=train sig=Epoch 34:   0%|          | 0/214 [00:00<?, ?it/s] time=2026-08-02 10:39:38
WATCH_PROGRESS dataset=mmke-visual model=minigpt-4-vicuna-7b layer=10 stage=train sig=Epoch 34:  25%|██▌       | 54/214 [01:01<02:48,  1.05s/it] time=2026-08-02 10:40:38
WATCH_PROGRESS dataset=mmke-visual model=minigpt-4-vicuna-7b layer=10 stage=train sig=Epoch 34:  50%|████▉     | 106/214 [02:01<01:59,  1.10s/it] time=2026-08-02 10:41:38
WATCH_PROGRESS dataset=mmke-visual model=minigpt-4-vicuna-7b layer=10 stage=train sig=Epoch 34:  74%|███████▍  | 158/214 [03:01<01:03,  1.13s/it] time=2026-08-02 10:42:38
WATCH_PROGRESS dataset=mmke-visual model=minigpt-4-vicuna-7b layer=10 stage=train sig=Epoch 34:  98%|█████████▊| 210/214 [04:02<00:04,  1.16s/it] time=2026-08-02 10:43:39
WATCH_PROGRESS dataset=mmke-visual model=minigpt-4-vicuna-7b layer=10 stage=train sig=Epoch 35:  22%|██▏       | 48/214 [00:55<03:13,  1.17s/it] time=2026-08-02 10:44:39
WATCH_HEARTBEAT dataset=mmke-visual model=minigpt-4-vicuna-7b layer=10 stage=train idle_seconds=0 gpu=63389, 17767, 92 time=2026-08-02 10:44:39
WATCH_PROGRESS dataset=mmke-visual model=minigpt-4-vicuna-7b layer=10 stage=train sig=Epoch 35:  46%|████▌     | 98/214 [01:55<02:10,  1.13s/it] time=2026-08-02 10:45:39
WATCH_PROGRESS dataset=mmke-visual model=minigpt-4-vicuna-7b layer=10 stage=train sig=Epoch 35:  70%|███████   | 150/214 [02:55<01:10,  1.10s/it] time=2026-08-02 10:46:39
WATCH_PROGRESS dataset=mmke-visual model=minigpt-4-vicuna-7b layer=10 stage=train sig=Epoch 35:  95%|█████████▌| 204/214 [03:55<00:10,  1.08s/it] time=2026-08-02 10:47:40
WATCH_PROGRESS dataset=mmke-visual model=minigpt-4-vicuna-7b layer=10 stage=train sig=Epoch 36:  20%|█▉        | 42/214 [00:47<03:26,  1.20s/it] time=2026-08-02 10:48:40
WATCH_PROGRESS dataset=mmke-visual model=minigpt-4-vicuna-7b layer=10 stage=train sig=Epoch 36:  44%|████▍     | 94/214 [01:48<02:16,  1.14s/it] time=2026-08-02 10:49:40
WATCH_PROGRESS dataset=mmke-visual model=minigpt-4-vicuna-7b layer=10 stage=train sig=Epoch 36:  67%|██████▋   | 144/214 [02:48<01:21,  1.16s/it] time=2026-08-02 10:50:40
WATCH_PROGRESS dataset=mmke-visual model=minigpt-4-vicuna-7b layer=10 stage=train sig=Epoch 36:  93%|█████████▎| 198/214 [03:48<00:16,  1.06s/it] time=2026-08-02 10:51:41
WATCH_PROGRESS dataset=mmke-visual model=minigpt-4-vicuna-7b layer=10 stage=train sig=Epoch 37:  16%|█▌        | 34/214 [00:43<04:08,  1.38s/it] time=2026-08-02 10:52:41
WATCH_PROGRESS dataset=mmke-visual model=minigpt-4-vicuna-7b layer=10 stage=train sig=Epoch 37:  34%|███▎      | 72/214 [01:43<03:26,  1.45s/it] time=2026-08-02 10:53:41
WATCH_PROGRESS dataset=mmke-visual model=minigpt-4-vicuna-7b layer=10 stage=train sig=Epoch 37:  51%|█████▏    | 110/214 [02:42<02:38,  1.52s/it] time=2026-08-02 10:54:41
WATCH_HEARTBEAT dataset=mmke-visual model=minigpt-4-vicuna-7b layer=10 stage=train idle_seconds=0 gpu=72959, 8198, 98 time=2026-08-02 10:54:41
WATCH_PROGRESS dataset=mmke-visual model=minigpt-4-vicuna-7b layer=10 stage=train sig=Epoch 37:  69%|██████▉   | 148/214 [03:43<01:45,  1.59s/it] time=2026-08-02 10:55:42
WATCH_PROGRESS dataset=mmke-visual model=minigpt-4-vicuna-7b layer=10 stage=train sig=Epoch 37:  87%|████████▋ | 186/214 [04:41<00:41,  1.49s/it] time=2026-08-02 10:56:42
WATCH_PROGRESS dataset=mmke-visual model=minigpt-4-vicuna-7b layer=10 stage=train sig=Epoch 38:   6%|▌         | 12/214 [00:18<05:28,  1.62s/it] time=2026-08-02 10:57:42
WATCH_PROGRESS dataset=mmke-visual model=minigpt-4-vicuna-7b layer=10 stage=train sig=Epoch 38:  23%|██▎       | 50/214 [01:20<04:24,  1.62s/it] time=2026-08-02 10:58:42
WATCH_PROGRESS dataset=mmke-visual model=minigpt-4-vicuna-7b layer=10 stage=train sig=Epoch 38:  42%|████▏     | 90/214 [02:19<03:05,  1.50s/it] time=2026-08-02 10:59:43
WATCH_PROGRESS dataset=mmke-visual model=minigpt-4-vicuna-7b layer=10 stage=train sig=Epoch 38:  60%|█████▉    | 128/214 [03:20<02:20,  1.64s/it] time=2026-08-02 11:00:43
WATCH_PROGRESS dataset=mmke-visual model=minigpt-4-vicuna-7b layer=10 stage=train sig=Epoch 38:  77%|███████▋  | 164/214 [04:19<01:17,  1.55s/it] time=2026-08-02 11:01:43
WATCH_PROGRESS dataset=mmke-visual model=minigpt-4-vicuna-7b layer=10 stage=train sig=Epoch 38:  95%|█████████▌| 204/214 [05:21<00:16,  1.61s/it] time=2026-08-02 11:02:43
WATCH_PROGRESS dataset=mmke-visual model=minigpt-4-vicuna-7b layer=10 stage=train sig=Epoch 39:  12%|█▏        | 26/214 [00:41<05:03,  1.61s/it] time=2026-08-02 11:03:44
WATCH_PROGRESS dataset=mmke-visual model=minigpt-4-vicuna-7b layer=10 stage=train sig=Epoch 39:  30%|██▉       | 64/214 [01:42<04:04,  1.63s/it] time=2026-08-02 11:04:44
WATCH_HEARTBEAT dataset=mmke-visual model=minigpt-4-vicuna-7b layer=10 stage=train idle_seconds=0 gpu=72959, 8198, 99 time=2026-08-02 11:04:44
WATCH_PROGRESS dataset=mmke-visual model=minigpt-4-vicuna-7b layer=10 stage=train sig=Epoch 39:  48%|████▊     | 102/214 [02:42<02:48,  1.51s/it] time=2026-08-02 11:05:44
WATCH_PROGRESS dataset=mmke-visual model=minigpt-4-vicuna-7b layer=10 stage=train sig=Epoch 39:  65%|██████▌   | 140/214 [03:41<01:56,  1.58s/it] time=2026-08-02 11:06:44
WATCH_PROGRESS dataset=mmke-visual model=minigpt-4-vicuna-7b layer=10 stage=train sig=Epoch 39:  84%|████████▍ | 180/214 [04:44<00:54,  1.62s/it] time=2026-08-02 11:07:45
WATCH_PROGRESS dataset=mmke-visual model=minigpt-4-vicuna-7b layer=10 stage=train sig=Epoch 40:   4%|▎         | 8/214 [00:11<05:01,  1.46s/it] time=2026-08-02 11:08:45
WATCH_PROGRESS dataset=mmke-visual model=minigpt-4-vicuna-7b layer=10 stage=train sig=Epoch 40:  23%|██▎       | 50/214 [01:09<03:37,  1.33s/it] time=2026-08-02 11:09:45
WATCH_PROGRESS dataset=mmke-visual model=minigpt-4-vicuna-7b layer=10 stage=train sig=Epoch 40:  45%|████▍     | 96/214 [02:12<02:30,  1.28s/it] time=2026-08-02 11:10:45
WATCH_PROGRESS dataset=mmke-visual model=minigpt-4-vicuna-7b layer=10 stage=train sig=Epoch 40:  65%|██████▌   | 140/214 [03:11<01:39,  1.34s/it] time=2026-08-02 11:11:46
WATCH_PROGRESS dataset=mmke-visual model=minigpt-4-vicuna-7b layer=10 stage=train sig=Epoch 40:  84%|████████▍ | 180/214 [04:12<00:57,  1.70s/it] time=2026-08-02 11:12:46
WATCH_PROGRESS dataset=mmke-visual model=minigpt-4-vicuna-7b layer=10 stage=train sig=Epoch 41:   0%|          | 0/214 [00:00<?, ?it/s] time=2026-08-02 11:13:46
WATCH_PROGRESS dataset=mmke-visual model=minigpt-4-vicuna-7b layer=10 stage=train sig=Epoch 41:  17%|█▋        | 36/214 [00:59<04:38,  1.57s/it] time=2026-08-02 11:14:46
WATCH_HEARTBEAT dataset=mmke-visual model=minigpt-4-vicuna-7b layer=10 stage=train idle_seconds=0 gpu=72959, 8198, 99 time=2026-08-02 11:14:46
WATCH_PROGRESS dataset=mmke-visual model=minigpt-4-vicuna-7b layer=10 stage=train sig=Epoch 41:  34%|███▎      | 72/214 [02:00<04:14,  1.79s/it] time=2026-08-02 11:15:47
WATCH_PROGRESS dataset=mmke-visual model=minigpt-4-vicuna-7b layer=10 stage=train sig=Epoch 41:  50%|█████     | 108/214 [03:01<02:56,  1.66s/it] time=2026-08-02 11:16:47
WATCH_PROGRESS dataset=mmke-visual model=minigpt-4-vicuna-7b layer=10 stage=train sig=Epoch 41:  67%|██████▋   | 144/214 [03:58<01:49,  1.56s/it] time=2026-08-02 11:17:47
WATCH_PROGRESS dataset=mmke-visual model=minigpt-4-vicuna-7b layer=10 stage=train sig=Epoch 41:  85%|████████▌ | 182/214 [05:01<00:54,  1.69s/it] time=2026-08-02 11:18:47
WATCH_PROGRESS dataset=mmke-visual model=minigpt-4-vicuna-7b layer=10 stage=train sig=Epoch 42:   1%|          | 2/214 [00:03<06:22,  1.81s/it] time=2026-08-02 11:19:48
WATCH_PROGRESS dataset=mmke-visual model=minigpt-4-vicuna-7b layer=10 stage=train sig=Epoch 42:  19%|█▊        | 40/214 [01:03<04:38,  1.60s/it] time=2026-08-02 11:20:48
WATCH_PROGRESS dataset=mmke-visual model=minigpt-4-vicuna-7b layer=10 stage=train sig=Epoch 42:  35%|███▍      | 74/214 [02:03<04:05,  1.75s/it] time=2026-08-02 11:21:48
WATCH_PROGRESS dataset=mmke-visual model=minigpt-4-vicuna-7b layer=10 stage=train sig=Epoch 42:  51%|█████▏    | 110/214 [03:03<02:50,  1.64s/it] time=2026-08-02 11:22:48
WATCH_PROGRESS dataset=mmke-visual model=minigpt-4-vicuna-7b layer=10 stage=train sig=Epoch 42:  68%|██████▊   | 146/214 [04:02<01:52,  1.66s/it] time=2026-08-02 11:23:49
WATCH_PROGRESS dataset=mmke-visual model=minigpt-4-vicuna-7b layer=10 stage=train sig=Epoch 42:  84%|████████▍ | 180/214 [05:02<00:59,  1.74s/it] time=2026-08-02 11:24:49
WATCH_HEARTBEAT dataset=mmke-visual model=minigpt-4-vicuna-7b layer=10 stage=train idle_seconds=0 gpu=72959, 8198, 100 time=2026-08-02 11:24:49
WATCH_PROGRESS dataset=mmke-visual model=minigpt-4-vicuna-7b layer=10 stage=train sig=Epoch 43:   2%|▏         | 4/214 [00:05<04:53,  1.40s/it] time=2026-08-02 11:25:49
WATCH_PROGRESS dataset=mmke-visual model=minigpt-4-vicuna-7b layer=10 stage=train sig=Epoch 43:  22%|██▏       | 48/214 [01:07<03:54,  1.41s/it] time=2026-08-02 11:26:49
WATCH_PROGRESS dataset=mmke-visual model=minigpt-4-vicuna-7b layer=10 stage=train sig=Epoch 43:  41%|████      | 88/214 [02:07<03:07,  1.49s/it] time=2026-08-02 11:27:50
WATCH_PROGRESS dataset=mmke-visual model=minigpt-4-vicuna-7b layer=10 stage=train sig=Epoch 43:  61%|██████    | 130/214 [03:08<02:08,  1.53s/it] time=2026-08-02 11:28:50
WATCH_PROGRESS dataset=mmke-visual model=minigpt-4-vicuna-7b layer=10 stage=train sig=Epoch 43:  78%|███████▊  | 166/214 [04:07<01:16,  1.60s/it] time=2026-08-02 11:29:50
WATCH_PROGRESS dataset=mmke-visual model=minigpt-4-vicuna-7b layer=10 stage=train sig=Epoch 43:  94%|█████████▍| 202/214 [05:06<00:19,  1.62s/it] time=2026-08-02 11:30:51
WATCH_PROGRESS dataset=mmke-visual model=minigpt-4-vicuna-7b layer=10 stage=train sig=Epoch 44:  12%|█▏        | 26/214 [00:41<05:00,  1.60s/it] time=2026-08-02 11:31:51
WATCH_PROGRESS dataset=mmke-visual model=minigpt-4-vicuna-7b layer=10 stage=train sig=Epoch 44:  29%|██▉       | 62/214 [01:40<04:18,  1.70s/it] time=2026-08-02 11:32:51
WATCH_PROGRESS dataset=mmke-visual model=minigpt-4-vicuna-7b layer=10 stage=train sig=Epoch 44:  48%|████▊     | 102/214 [02:43<03:07,  1.67s/it] time=2026-08-02 11:33:51
WATCH_PROGRESS dataset=mmke-visual model=minigpt-4-vicuna-7b layer=10 stage=train sig=Epoch 44:  64%|██████▎   | 136/214 [03:42<02:17,  1.76s/it] time=2026-08-02 11:34:52
WATCH_HEARTBEAT dataset=mmke-visual model=minigpt-4-vicuna-7b layer=10 stage=train idle_seconds=0 gpu=72959, 8198, 100 time=2026-08-02 11:34:52
WATCH_PROGRESS dataset=mmke-visual model=minigpt-4-vicuna-7b layer=10 stage=train sig=Epoch 44:  79%|███████▉  | 170/214 [04:40<01:15,  1.72s/it] time=2026-08-02 11:35:52
WATCH_PROGRESS dataset=mmke-visual model=minigpt-4-vicuna-7b layer=10 stage=train sig=Epoch 44:  96%|█████████▋| 206/214 [05:41<00:14,  1.75s/it] time=2026-08-02 11:36:52
WATCH_PROGRESS dataset=mmke-visual model=minigpt-4-vicuna-7b layer=10 stage=train sig=Epoch 45:  12%|█▏        | 26/214 [00:44<05:06,  1.63s/it] time=2026-08-02 11:37:52
WATCH_PROGRESS dataset=mmke-visual model=minigpt-4-vicuna-7b layer=10 stage=train sig=Epoch 45:  29%|██▉       | 62/214 [01:45<04:30,  1.78s/it] time=2026-08-02 11:38:53
WATCH_PROGRESS dataset=mmke-visual model=minigpt-4-vicuna-7b layer=10 stage=train sig=Epoch 45:  46%|████▌     | 98/214 [02:48<03:20,  1.73s/it] time=2026-08-02 11:39:53
WATCH_PROGRESS dataset=mmke-visual model=minigpt-4-vicuna-7b layer=10 stage=train sig=Epoch 45:  62%|██████▏   | 132/214 [03:46<02:21,  1.73s/it] time=2026-08-02 11:40:53
WATCH_PROGRESS dataset=mmke-visual model=minigpt-4-vicuna-7b layer=10 stage=train sig=Epoch 45:  79%|███████▊  | 168/214 [04:48<01:20,  1.75s/it] time=2026-08-02 11:41:53
WATCH_PROGRESS dataset=mmke-visual model=minigpt-4-vicuna-7b layer=10 stage=train sig=Epoch 45:  97%|█████████▋| 208/214 [05:48<00:08,  1.38s/it] time=2026-08-02 11:42:54
WATCH_PROGRESS dataset=mmke-visual model=minigpt-4-vicuna-7b layer=10 stage=train sig=Epoch 46:  15%|█▍        | 32/214 [00:50<04:44,  1.56s/it] time=2026-08-02 11:43:54
WATCH_PROGRESS dataset=mmke-visual model=minigpt-4-vicuna-7b layer=10 stage=train sig=Epoch 46:  35%|███▍      | 74/214 [01:51<03:19,  1.42s/it] time=2026-08-02 11:44:54
WATCH_HEARTBEAT dataset=mmke-visual model=minigpt-4-vicuna-7b layer=10 stage=train idle_seconds=0 gpu=72959, 8198, 100 time=2026-08-02 11:44:54
WATCH_PROGRESS dataset=mmke-visual model=minigpt-4-vicuna-7b layer=10 stage=train sig=Epoch 46:  54%|█████▍    | 116/214 [02:51<02:36,  1.60s/it] time=2026-08-02 11:45:54
WATCH_PROGRESS dataset=mmke-visual model=minigpt-4-vicuna-7b layer=10 stage=train sig=Epoch 46:  71%|███████   | 152/214 [03:52<01:45,  1.71s/it] time=2026-08-02 11:46:55
WATCH_PROGRESS dataset=mmke-visual model=minigpt-4-vicuna-7b layer=10 stage=train sig=Epoch 46:  88%|████████▊ | 188/214 [04:52<00:43,  1.67s/it] time=2026-08-02 11:47:55
WATCH_PROGRESS dataset=mmke-visual model=minigpt-4-vicuna-7b layer=10 stage=train sig=Epoch 47:   5%|▍         | 10/214 [00:15<05:33,  1.63s/it] time=2026-08-02 11:48:55
WATCH_PROGRESS dataset=mmke-visual model=minigpt-4-vicuna-7b layer=10 stage=train sig=Epoch 47:  21%|██        | 44/214 [01:15<04:48,  1.70s/it] time=2026-08-02 11:49:56
WATCH_PROGRESS dataset=mmke-visual model=minigpt-4-vicuna-7b layer=10 stage=train sig=Epoch 47:  37%|███▋      | 80/214 [02:15<03:51,  1.73s/it] time=2026-08-02 11:50:56
WATCH_PROGRESS dataset=mmke-visual model=minigpt-4-vicuna-7b layer=10 stage=train sig=Epoch 47:  54%|█████▍    | 116/214 [03:17<02:47,  1.71s/it] time=2026-08-02 11:51:56
WATCH_PROGRESS dataset=mmke-visual model=minigpt-4-vicuna-7b layer=10 stage=train sig=Epoch 47:  71%|███████   | 152/214 [04:18<01:41,  1.63s/it] time=2026-08-02 11:52:56
WATCH_PROGRESS dataset=mmke-visual model=minigpt-4-vicuna-7b layer=10 stage=train sig=Epoch 47:  88%|████████▊ | 188/214 [05:16<00:42,  1.62s/it] time=2026-08-02 11:53:57
WATCH_PROGRESS dataset=mmke-visual model=minigpt-4-vicuna-7b layer=10 stage=train sig=Epoch 48:   5%|▍         | 10/214 [00:18<06:08,  1.81s/it] time=2026-08-02 11:54:57
WATCH_HEARTBEAT dataset=mmke-visual model=minigpt-4-vicuna-7b layer=10 stage=train idle_seconds=0 gpu=72959, 8198, 97 time=2026-08-02 11:54:57
WATCH_PROGRESS dataset=mmke-visual model=minigpt-4-vicuna-7b layer=10 stage=train sig=Epoch 48:  21%|██▏       | 46/214 [01:18<04:53,  1.75s/it] time=2026-08-02 11:55:57
WATCH_PROGRESS dataset=mmke-visual model=minigpt-4-vicuna-7b layer=10 stage=train sig=Epoch 48:  38%|███▊      | 82/214 [02:18<03:38,  1.66s/it] time=2026-08-02 11:56:57
WATCH_PROGRESS dataset=mmke-visual model=minigpt-4-vicuna-7b layer=10 stage=train sig=Epoch 48:  55%|█████▌    | 118/214 [03:19<02:41,  1.68s/it] time=2026-08-02 11:57:58
WATCH_PROGRESS dataset=mmke-visual model=minigpt-4-vicuna-7b layer=10 stage=train sig=Epoch 48:  72%|███████▏  | 154/214 [04:18<01:38,  1.65s/it] time=2026-08-02 11:58:58
WATCH_PROGRESS dataset=mmke-visual model=minigpt-4-vicuna-7b layer=10 stage=train sig=Epoch 48:  91%|█████████ | 194/214 [05:18<00:29,  1.49s/it] time=2026-08-02 11:59:58
WATCH_PROGRESS dataset=mmke-visual model=minigpt-4-vicuna-7b layer=10 stage=train sig=Epoch 49:   9%|▉         | 20/214 [00:30<05:02,  1.56s/it] time=2026-08-02 12:00:58
WATCH_PROGRESS dataset=mmke-visual model=minigpt-4-vicuna-7b layer=10 stage=train sig=Epoch 49:  28%|██▊       | 60/214 [01:29<03:36,  1.40s/it] time=2026-08-02 12:01:59
WATCH_PROGRESS dataset=mmke-visual model=minigpt-4-vicuna-7b layer=10 stage=train sig=Epoch 49:  48%|████▊     | 102/214 [02:32<03:01,  1.62s/it] time=2026-08-02 12:02:59
WATCH_PROGRESS dataset=mmke-visual model=minigpt-4-vicuna-7b layer=10 stage=train sig=Epoch 49:  64%|██████▍   | 138/214 [03:31<02:03,  1.63s/it] time=2026-08-02 12:03:59
WATCH_PROGRESS dataset=mmke-visual model=minigpt-4-vicuna-7b layer=10 stage=train sig=Epoch 49:  81%|████████▏ | 174/214 [04:30<01:05,  1.63s/it] time=2026-08-02 12:04:59
WATCH_HEARTBEAT dataset=mmke-visual model=minigpt-4-vicuna-7b layer=10 stage=train idle_seconds=0 gpu=72959, 8198, 100 time=2026-08-02 12:05:00
WATCH_PROGRESS dataset=mmke-visual model=minigpt-4-vicuna-7b layer=10 stage=train sig=Epoch 49:  98%|█████████▊| 210/214 [05:30<00:07,  1.87s/it] time=2026-08-02 12:06:00
WATCH_PROGRESS dataset=mmke-visual model=minigpt-4-vicuna-7b layer=10 stage=train sig=Epoch 50:  15%|█▍        | 32/214 [00:52<04:46,  1.58s/it] time=2026-08-02 12:07:00
WATCH_PROGRESS dataset=mmke-visual model=minigpt-4-vicuna-7b layer=10 stage=train sig=Epoch 50:  33%|███▎      | 70/214 [01:55<03:47,  1.58s/it] time=2026-08-02 12:08:00
WATCH_PROGRESS dataset=mmke-visual model=minigpt-4-vicuna-7b layer=10 stage=train sig=Epoch 50:  50%|████▉     | 106/214 [02:54<02:52,  1.60s/it] time=2026-08-02 12:09:01
WATCH_PROGRESS dataset=mmke-visual model=minigpt-4-vicuna-7b layer=10 stage=train sig=Epoch 50:  65%|██████▌   | 140/214 [03:52<02:13,  1.80s/it] time=2026-08-02 12:10:01
WATCH_PROGRESS dataset=mmke-visual model=minigpt-4-vicuna-7b layer=10 stage=train sig=Epoch 50:  82%|████████▏ | 176/214 [04:55<01:08,  1.81s/it] time=2026-08-02 12:11:01
WATCH_PROGRESS dataset=mmke-visual model=minigpt-4-vicuna-7b layer=10 stage=train sig=Epoch 50: 100%|██████████| 214/214 [05:55<00:00,  1.66s/it] time=2026-08-02 12:12:01
PROCESS_END dataset=mmke-visual model=minigpt-4-vicuna-7b layer=10 stage=train pid=1411254 rc=1 time=2026-08-02 12:12:01 CST
STAGE_END dataset=mmke-visual model=minigpt-4-vicuna-7b layer=10 stage=train rc=1 time=2026-08-02 12:12:01
EVAL_NOT_RUN dataset=mmke-visual model=minigpt-4-vicuna-7b layer=10 train_rc=1 selected=0
LAYER_INCOMPLETE dataset=mmke-visual model=minigpt-4-vicuna-7b layer=10 train_rc=1 eval_rc=777 note=train_failed_or_no_selected;incomplete_artifacts time=2026-08-02 12:12:01 CST
LAYER_BEGIN dataset=mmke-visual model=minigpt-4-vicuna-7b layer=11 time=2026-08-02 12:12:16 CST
STAGE_START dataset=mmke-visual model=minigpt-4-vicuna-7b layer=11 stage=train runner=scripts/run_mmke_minigpt_llava_lowmem_sweep.py config=configs/vead/minigpt-4-vicuna-7b.yaml train=/datapool/home/ph_teacher3/Lwy/zhounan/Visedit2/server_results/mmke_visual_top3_union_train_eval_7models_20260613_014644/data/vqa_mmke_visual_train_evqa_compat.json eval=/datapool/home/ph_teacher3/Lwy/zhounan/Visedit2/server_results/mmke_visual_top3_union_train_eval_7models_20260613_014644/data/vqa_mmke_visual_eval_evqa_compat.json buffer=1 lowmem=1 time=2026-08-02 12:12:16
WATCH_START dataset=mmke-visual model=minigpt-4-vicuna-7b layer=11 stage=train idle_limit=7200 log=/tmp/ph_teacher3/mabscos_top3_completion_job3126082_20260801/logs/mmke-visual_minigpt-4-vicuna-7b_L11_train_20260801_163446.log time=2026-08-02 12:12:16 CST
PROCESS_START dataset=mmke-visual model=minigpt-4-vicuna-7b layer=11 stage=train pid=1501091 pgid=1501091
WATCH_PROGRESS dataset=mmke-visual model=minigpt-4-vicuna-7b layer=11 stage=train sig=Loading images: 100%|██████████| 214/214 [00:14<00:00, 15.06it/s][2026-08-02 12:13:08] train samples=214 time=2026-08-02 12:13:17
WATCH_PROGRESS dataset=mmke-visual model=minigpt-4-vicuna-7b layer=11 stage=train sig=Loading checkpoint shards:   0%|          | 0/2 [00:00<?, ?it/s] time=2026-08-02 12:14:17
WATCH_PROGRESS dataset=mmke-visual model=minigpt-4-vicuna-7b layer=11 stage=train sig=Pre-processing train data:  51%|█████▏    | 110/214 [00:51<00:45,  2.27it/s] time=2026-08-02 12:16:18
WATCH_PROGRESS dataset=mmke-visual model=minigpt-4-vicuna-7b layer=11 stage=train sig=Epoch 1:   4%|▎         | 8/214 [00:11<04:38,  1.35s/it] time=2026-08-02 12:17:18
WATCH_PROGRESS dataset=mmke-visual model=minigpt-4-vicuna-7b layer=11 stage=train sig=Epoch 1:  25%|██▌       | 54/214 [01:13<03:34,  1.34s/it] time=2026-08-02 12:18:18
WATCH_PROGRESS dataset=mmke-visual model=minigpt-4-vicuna-7b layer=11 stage=train sig=Epoch 1:  46%|████▌     | 98/214 [02:11<02:26,  1.26s/it] time=2026-08-02 12:19:19
WATCH_PROGRESS dataset=mmke-visual model=minigpt-4-vicuna-7b layer=11 stage=train sig=Epoch 1:  67%|██████▋   | 144/214 [03:13<01:29,  1.28s/it] time=2026-08-02 12:20:19
WATCH_PROGRESS dataset=mmke-visual model=minigpt-4-vicuna-7b layer=11 stage=train sig=Epoch 1:  88%|████████▊ | 188/214 [04:12<00:34,  1.34s/it] time=2026-08-02 12:21:19
WATCH_PROGRESS dataset=mmke-visual model=minigpt-4-vicuna-7b layer=11 stage=train sig=Epoch 2:   9%|▉         | 20/214 [00:26<04:34,  1.42s/it] time=2026-08-02 12:22:19
WATCH_HEARTBEAT dataset=mmke-visual model=minigpt-4-vicuna-7b layer=11 stage=train idle_seconds=0 gpu=72615, 8542, 98 time=2026-08-02 12:22:20
WATCH_PROGRESS dataset=mmke-visual model=minigpt-4-vicuna-7b layer=11 stage=train sig=Epoch 2:  34%|███▎      | 72/214 [01:26<02:46,  1.17s/it] time=2026-08-02 12:23:20
WATCH_PROGRESS dataset=mmke-visual model=minigpt-4-vicuna-7b layer=11 stage=train sig=Epoch 2:  55%|█████▌    | 118/214 [02:25<02:11,  1.37s/it] time=2026-08-02 12:24:20
WATCH_PROGRESS dataset=mmke-visual model=minigpt-4-vicuna-7b layer=11 stage=train sig=Epoch 2:  77%|███████▋  | 164/214 [03:27<01:06,  1.33s/it] time=2026-08-02 12:25:20
WATCH_PROGRESS dataset=mmke-visual model=minigpt-4-vicuna-7b layer=11 stage=train sig=Epoch 2:  96%|█████████▋| 206/214 [04:26<00:10,  1.36s/it] time=2026-08-02 12:26:21
WATCH_PROGRESS dataset=mmke-visual model=minigpt-4-vicuna-7b layer=11 stage=train sig=Epoch 3:  18%|█▊        | 38/214 [00:51<04:08,  1.41s/it] time=2026-08-02 12:27:21
WATCH_PROGRESS dataset=mmke-visual model=minigpt-4-vicuna-7b layer=11 stage=train sig=Epoch 3:  37%|███▋      | 80/214 [01:48<03:05,  1.39s/it] time=2026-08-02 12:28:21
WATCH_PROGRESS dataset=mmke-visual model=minigpt-4-vicuna-7b layer=11 stage=train sig=Epoch 3:  58%|█████▊    | 124/214 [02:50<02:09,  1.44s/it] time=2026-08-02 12:29:21
WATCH_PROGRESS dataset=mmke-visual model=minigpt-4-vicuna-7b layer=11 stage=train sig=Epoch 3:  79%|███████▊  | 168/214 [03:51<00:58,  1.27s/it] time=2026-08-02 12:30:22
WATCH_PROGRESS dataset=mmke-visual model=minigpt-4-vicuna-7b layer=11 stage=train sig=Epoch 4:   0%|          | 0/214 [00:00<?, ?it/s] time=2026-08-02 12:31:22
WATCH_PROGRESS dataset=mmke-visual model=minigpt-4-vicuna-7b layer=11 stage=train sig=Epoch 4:  22%|██▏       | 48/214 [01:00<03:36,  1.31s/it] time=2026-08-02 12:32:22
WATCH_HEARTBEAT dataset=mmke-visual model=minigpt-4-vicuna-7b layer=11 stage=train idle_seconds=0 gpu=66211, 14946, 99 time=2026-08-02 12:32:22
WATCH_PROGRESS dataset=mmke-visual model=minigpt-4-vicuna-7b layer=11 stage=train sig=Epoch 4:  43%|████▎     | 92/214 [02:00<02:44,  1.35s/it] time=2026-08-02 12:33:22
WATCH_PROGRESS dataset=mmke-visual model=minigpt-4-vicuna-7b layer=11 stage=train sig=Epoch 4:  65%|██████▌   | 140/214 [03:02<01:33,  1.26s/it] time=2026-08-02 12:34:23
WATCH_PROGRESS dataset=mmke-visual model=minigpt-4-vicuna-7b layer=11 stage=train sig=Epoch 4:  85%|████████▌ | 182/214 [04:00<00:44,  1.41s/it] time=2026-08-02 12:35:23
WATCH_PROGRESS dataset=mmke-visual model=minigpt-4-vicuna-7b layer=11 stage=train sig=Epoch 5:   6%|▌         | 12/214 [00:16<04:22,  1.30s/it] time=2026-08-02 12:36:23
WATCH_PROGRESS dataset=mmke-visual model=minigpt-4-vicuna-7b layer=11 stage=train sig=Epoch 5:  27%|██▋       | 58/214 [01:17<03:15,  1.25s/it] time=2026-08-02 12:37:23
WATCH_PROGRESS dataset=mmke-visual model=minigpt-4-vicuna-7b layer=11 stage=train sig=Epoch 5:  48%|████▊     | 102/214 [02:19<02:33,  1.37s/it] time=2026-08-02 12:38:24
WATCH_PROGRESS dataset=mmke-visual model=minigpt-4-vicuna-7b layer=11 stage=train sig=Epoch 5:  67%|██████▋   | 144/214 [03:17<01:36,  1.38s/it] time=2026-08-02 12:39:24
WATCH_PROGRESS dataset=mmke-visual model=minigpt-4-vicuna-7b layer=11 stage=train sig=Epoch 5:  88%|████████▊ | 188/214 [04:18<00:34,  1.33s/it] time=2026-08-02 12:40:24
WATCH_PROGRESS dataset=mmke-visual model=minigpt-4-vicuna-7b layer=11 stage=train sig=Epoch 6:   8%|▊         | 18/214 [00:26<04:28,  1.37s/it] time=2026-08-02 12:41:24
WATCH_PROGRESS dataset=mmke-visual model=minigpt-4-vicuna-7b layer=11 stage=train sig=Epoch 6:  30%|██▉       | 64/214 [01:28<03:14,  1.30s/it] time=2026-08-02 12:42:25
WATCH_HEARTBEAT dataset=mmke-visual model=minigpt-4-vicuna-7b layer=11 stage=train idle_seconds=0 gpu=66211, 14946, 98 time=2026-08-02 12:42:25
WATCH_PROGRESS dataset=mmke-visual model=minigpt-4-vicuna-7b layer=11 stage=train sig=Epoch 6:  51%|█████▏    | 110/214 [02:28<02:13,  1.28s/it] time=2026-08-02 12:43:25
WATCH_PROGRESS dataset=mmke-visual model=minigpt-4-vicuna-7b layer=11 stage=train sig=Epoch 6:  72%|███████▏  | 154/214 [03:27<01:17,  1.28s/it] time=2026-08-02 12:44:25
WATCH_PROGRESS dataset=mmke-visual model=minigpt-4-vicuna-7b layer=11 stage=train sig=Epoch 6:  93%|█████████▎| 198/214 [04:27<00:23,  1.44s/it] time=2026-08-02 12:45:26
WATCH_PROGRESS dataset=mmke-visual model=minigpt-4-vicuna-7b layer=11 stage=train sig=Epoch 7:  14%|█▍        | 30/214 [00:40<04:16,  1.40s/it] time=2026-08-02 12:46:26
WATCH_PROGRESS dataset=mmke-visual model=minigpt-4-vicuna-7b layer=11 stage=train sig=Epoch 7:  36%|███▋      | 78/214 [01:39<02:33,  1.13s/it] time=2026-08-02 12:47:26
WATCH_PROGRESS dataset=mmke-visual model=minigpt-4-vicuna-7b layer=11 stage=train sig=Epoch 7:  58%|█████▊    | 124/214 [02:37<02:12,  1.47s/it] time=2026-08-02 12:48:26
WATCH_PROGRESS dataset=mmke-visual model=minigpt-4-vicuna-7b layer=11 stage=train sig=Epoch 7:  79%|███████▉  | 170/214 [03:40<00:56,  1.28s/it] time=2026-08-02 12:49:26
WATCH_PROGRESS dataset=mmke-visual model=minigpt-4-vicuna-7b layer=11 stage=train sig=Epoch 7:  99%|█████████▉| 212/214 [04:39<00:02,  1.40s/it] time=2026-08-02 12:50:27
WATCH_PROGRESS dataset=mmke-visual model=minigpt-4-vicuna-7b layer=11 stage=train sig=Epoch 8:  20%|█▉        | 42/214 [00:56<03:52,  1.35s/it] time=2026-08-02 12:51:27
WATCH_PROGRESS dataset=mmke-visual model=minigpt-4-vicuna-7b layer=11 stage=train sig=Epoch 8:  40%|████      | 86/214 [01:57<02:46,  1.30s/it] time=2026-08-02 12:52:27
WATCH_HEARTBEAT dataset=mmke-visual model=minigpt-4-vicuna-7b layer=11 stage=train idle_seconds=0 gpu=66253, 14904, 98 time=2026-08-02 12:52:27
WATCH_PROGRESS dataset=mmke-visual model=minigpt-4-vicuna-7b layer=11 stage=train sig=Epoch 8:  61%|██████    | 130/214 [02:57<01:50,  1.32s/it] time=2026-08-02 12:53:27
WATCH_PROGRESS dataset=mmke-visual model=minigpt-4-vicuna-7b layer=11 stage=train sig=Epoch 8:  81%|████████▏ | 174/214 [03:58<00:52,  1.31s/it] time=2026-08-02 12:54:28
WATCH_PROGRESS dataset=mmke-visual model=minigpt-4-vicuna-7b layer=11 stage=train sig=Epoch 9:   1%|          | 2/214 [00:02<04:39,  1.32s/it] time=2026-08-02 12:55:28
WATCH_PROGRESS dataset=mmke-visual model=minigpt-4-vicuna-7b layer=11 stage=train sig=Epoch 9:  21%|██▏       | 46/214 [01:04<04:12,  1.50s/it] time=2026-08-02 12:56:28
WATCH_PROGRESS dataset=mmke-visual model=minigpt-4-vicuna-7b layer=11 stage=train sig=Epoch 9:  42%|████▏     | 90/214 [02:05<03:04,  1.49s/it] time=2026-08-02 12:57:28
WATCH_PROGRESS dataset=mmke-visual model=minigpt-4-vicuna-7b layer=11 stage=train sig=Epoch 9:  63%|██████▎   | 134/214 [03:06<01:44,  1.31s/it] time=2026-08-02 12:58:29
WATCH_PROGRESS dataset=mmke-visual model=minigpt-4-vicuna-7b layer=11 stage=train sig=Epoch 9:  83%|████████▎ | 178/214 [04:05<00:46,  1.28s/it] time=2026-08-02 12:59:29
WATCH_PROGRESS dataset=mmke-visual model=minigpt-4-vicuna-7b layer=11 stage=train sig=Epoch 10:   5%|▍         | 10/214 [00:12<04:19,  1.27s/it] time=2026-08-02 13:00:29
WATCH_PROGRESS dataset=mmke-visual model=minigpt-4-vicuna-7b layer=11 stage=train sig=Epoch 10:  25%|██▌       | 54/214 [01:11<03:24,  1.28s/it] time=2026-08-02 13:01:29
WATCH_PROGRESS dataset=mmke-visual model=minigpt-4-vicuna-7b layer=11 stage=train sig=Epoch 10:  46%|████▌     | 98/214 [02:12<02:52,  1.48s/it] time=2026-08-02 13:02:30
WATCH_HEARTBEAT dataset=mmke-visual model=minigpt-4-vicuna-7b layer=11 stage=train idle_seconds=0 gpu=66253, 14904, 98 time=2026-08-02 13:02:30
WATCH_PROGRESS dataset=mmke-visual model=minigpt-4-vicuna-7b layer=11 stage=train sig=Epoch 10:  66%|██████▋   | 142/214 [03:13<01:37,  1.35s/it] time=2026-08-02 13:03:30
WATCH_PROGRESS dataset=mmke-visual model=minigpt-4-vicuna-7b layer=11 stage=train sig=Epoch 10:  86%|████████▌ | 184/214 [04:12<00:38,  1.29s/it] time=2026-08-02 13:04:30
WATCH_PROGRESS dataset=mmke-visual model=minigpt-4-vicuna-7b layer=11 stage=train sig=Epoch 11:   7%|▋         | 14/214 [00:19<04:28,  1.34s/it] time=2026-08-02 13:05:30
WATCH_PROGRESS dataset=mmke-visual model=minigpt-4-vicuna-7b layer=11 stage=train sig=Epoch 11:  27%|██▋       | 58/214 [01:20<03:46,  1.45s/it] time=2026-08-02 13:06:31
WATCH_PROGRESS dataset=mmke-visual model=minigpt-4-vicuna-7b layer=11 stage=train sig=Epoch 11:  47%|████▋     | 100/214 [02:20<02:34,  1.35s/it] time=2026-08-02 13:07:31
WATCH_PROGRESS dataset=mmke-visual model=minigpt-4-vicuna-7b layer=11 stage=train sig=Epoch 11:  67%|██████▋   | 144/214 [03:19<01:33,  1.34s/it] time=2026-08-02 13:08:31
WATCH_PROGRESS dataset=mmke-visual model=minigpt-4-vicuna-7b layer=11 stage=train sig=Epoch 11:  89%|████████▉ | 190/214 [04:20<00:32,  1.34s/it] time=2026-08-02 13:09:31
WATCH_PROGRESS dataset=mmke-visual model=minigpt-4-vicuna-7b layer=11 stage=train sig=Epoch 12:   9%|▉         | 20/214 [00:27<04:26,  1.37s/it] time=2026-08-02 13:10:32
WATCH_PROGRESS dataset=mmke-visual model=minigpt-4-vicuna-7b layer=11 stage=train sig=Epoch 12:  30%|██▉       | 64/214 [01:26<03:19,  1.33s/it] time=2026-08-02 13:11:32
WATCH_PROGRESS dataset=mmke-visual model=minigpt-4-vicuna-7b layer=11 stage=train sig=Epoch 12:  52%|█████▏    | 112/214 [02:29<01:56,  1.14s/it] time=2026-08-02 13:12:32
WATCH_HEARTBEAT dataset=mmke-visual model=minigpt-4-vicuna-7b layer=11 stage=train idle_seconds=0 gpu=63085, 18071, 91 time=2026-08-02 13:12:32
WATCH_PROGRESS dataset=mmke-visual model=minigpt-4-vicuna-7b layer=11 stage=train sig=Epoch 12:  73%|███████▎  | 156/214 [03:27<01:18,  1.35s/it] time=2026-08-02 13:13:32
WATCH_PROGRESS dataset=mmke-visual model=minigpt-4-vicuna-7b layer=11 stage=train sig=Epoch 12:  93%|█████████▎| 200/214 [04:28<00:19,  1.41s/it] time=2026-08-02 13:14:33
WATCH_PROGRESS dataset=mmke-visual model=minigpt-4-vicuna-7b layer=11 stage=train sig=Epoch 13:  13%|█▎        | 28/214 [00:39<04:24,  1.42s/it] time=2026-08-02 13:15:33
WATCH_PROGRESS dataset=mmke-visual model=minigpt-4-vicuna-7b layer=11 stage=train sig=Epoch 13:  36%|███▌      | 76/214 [01:41<02:46,  1.20s/it] time=2026-08-02 13:16:33
WATCH_PROGRESS dataset=mmke-visual model=minigpt-4-vicuna-7b layer=11 stage=train sig=Epoch 13:  61%|██████    | 130/214 [02:40<01:27,  1.05s/it] time=2026-08-02 13:17:33
WATCH_PROGRESS dataset=mmke-visual model=minigpt-4-vicuna-7b layer=11 stage=train sig=Epoch 13:  86%|████████▌ | 184/214 [03:41<00:33,  1.11s/it] time=2026-08-02 13:18:34
WATCH_PROGRESS dataset=mmke-visual model=minigpt-4-vicuna-7b layer=11 stage=train sig=Epoch 14:  11%|█         | 24/214 [00:26<03:22,  1.06s/it] time=2026-08-02 13:19:34
WATCH_PROGRESS dataset=mmke-visual model=minigpt-4-vicuna-7b layer=11 stage=train sig=Epoch 14:  36%|███▌      | 76/214 [01:26<03:13,  1.40s/it] time=2026-08-02 13:20:34
WATCH_PROGRESS dataset=mmke-visual model=minigpt-4-vicuna-7b layer=11 stage=train sig=Epoch 14:  54%|█████▍    | 116/214 [02:27<02:20,  1.44s/it] time=2026-08-02 13:21:34
WATCH_PROGRESS dataset=mmke-visual model=minigpt-4-vicuna-7b layer=11 stage=train sig=Epoch 14:  73%|███████▎  | 156/214 [03:26<01:32,  1.59s/it] time=2026-08-02 13:22:35
WATCH_HEARTBEAT dataset=mmke-visual model=minigpt-4-vicuna-7b layer=11 stage=train idle_seconds=0 gpu=70499, 10658, 100 time=2026-08-02 13:22:35
WATCH_PROGRESS dataset=mmke-visual model=minigpt-4-vicuna-7b layer=11 stage=train sig=Epoch 14:  93%|█████████▎| 198/214 [04:27<00:23,  1.48s/it] time=2026-08-02 13:23:35
WATCH_PROGRESS dataset=mmke-visual model=minigpt-4-vicuna-7b layer=11 stage=train sig=Epoch 15:  12%|█▏        | 26/214 [00:38<04:40,  1.49s/it] time=2026-08-02 13:24:35
WATCH_PROGRESS dataset=mmke-visual model=minigpt-4-vicuna-7b layer=11 stage=train sig=Epoch 15:  31%|███       | 66/214 [01:36<03:22,  1.37s/it] time=2026-08-02 13:25:35
WATCH_PROGRESS dataset=mmke-visual model=minigpt-4-vicuna-7b layer=11 stage=train sig=Epoch 15:  49%|████▊     | 104/214 [02:35<02:54,  1.58s/it] time=2026-08-02 13:26:35
WATCH_PROGRESS dataset=mmke-visual model=minigpt-4-vicuna-7b layer=11 stage=train sig=Epoch 15:  68%|██████▊   | 146/214 [03:39<01:32,  1.36s/it] time=2026-08-02 13:27:36
WATCH_PROGRESS dataset=mmke-visual model=minigpt-4-vicuna-7b layer=11 stage=train sig=Epoch 15:  87%|████████▋ | 186/214 [04:37<00:38,  1.39s/it] time=2026-08-02 13:28:36
WATCH_PROGRESS dataset=mmke-visual model=minigpt-4-vicuna-7b layer=11 stage=train sig=Epoch 16:   7%|▋         | 16/214 [00:22<04:38,  1.41s/it] time=2026-08-02 13:29:36
WATCH_PROGRESS dataset=mmke-visual model=minigpt-4-vicuna-7b layer=11 stage=train sig=Epoch 16:  26%|██▌       | 56/214 [01:22<04:04,  1.55s/it] time=2026-08-02 13:30:36
WATCH_PROGRESS dataset=mmke-visual model=minigpt-4-vicuna-7b layer=11 stage=train sig=Epoch 16:  45%|████▍     | 96/214 [02:23<02:43,  1.38s/it] time=2026-08-02 13:31:37
WATCH_PROGRESS dataset=mmke-visual model=minigpt-4-vicuna-7b layer=11 stage=train sig=Epoch 16:  64%|██████▍   | 138/214 [03:21<01:43,  1.36s/it] time=2026-08-02 13:32:37
WATCH_HEARTBEAT dataset=mmke-visual model=minigpt-4-vicuna-7b layer=11 stage=train idle_seconds=0 gpu=70499, 10658, 100 time=2026-08-02 13:32:37
WATCH_PROGRESS dataset=mmke-visual model=minigpt-4-vicuna-7b layer=11 stage=train sig=Epoch 16:  85%|████████▌ | 182/214 [04:24<00:46,  1.46s/it] time=2026-08-02 13:33:37
WATCH_PROGRESS dataset=mmke-visual model=minigpt-4-vicuna-7b layer=11 stage=train sig=Epoch 17:   5%|▍         | 10/214 [00:13<04:49,  1.42s/it] time=2026-08-02 13:34:37
WATCH_PROGRESS dataset=mmke-visual model=minigpt-4-vicuna-7b layer=11 stage=train sig=Epoch 17:  23%|██▎       | 50/214 [01:11<04:08,  1.52s/it] time=2026-08-02 13:35:38
WATCH_PROGRESS dataset=mmke-visual model=minigpt-4-vicuna-7b layer=11 stage=train sig=Epoch 17:  44%|████▍     | 94/214 [02:14<02:58,  1.49s/it] time=2026-08-02 13:36:38
WATCH_PROGRESS dataset=mmke-visual model=minigpt-4-vicuna-7b layer=11 stage=train sig=Epoch 17:  64%|██████▎   | 136/214 [03:13<01:49,  1.40s/it] time=2026-08-02 13:37:38
WATCH_PROGRESS dataset=mmke-visual model=minigpt-4-vicuna-7b layer=11 stage=train sig=Epoch 17:  83%|████████▎ | 178/214 [04:13<00:52,  1.46s/it] time=2026-08-02 13:38:38
WATCH_PROGRESS dataset=mmke-visual model=minigpt-4-vicuna-7b layer=11 stage=train sig=Epoch 18:   4%|▎         | 8/214 [00:10<04:36,  1.34s/it] time=2026-08-02 13:39:39
WATCH_PROGRESS dataset=mmke-visual model=minigpt-4-vicuna-7b layer=11 stage=train sig=Epoch 18:  25%|██▌       | 54/214 [01:10<03:26,  1.29s/it] time=2026-08-02 13:40:39
WATCH_PROGRESS dataset=mmke-visual model=minigpt-4-vicuna-7b layer=11 stage=train sig=Epoch 18:  48%|████▊     | 102/214 [02:10<02:11,  1.18s/it] time=2026-08-02 13:41:39
WATCH_PROGRESS dataset=mmke-visual model=minigpt-4-vicuna-7b layer=11 stage=train sig=Epoch 18:  70%|███████   | 150/214 [03:10<01:18,  1.23s/it] time=2026-08-02 13:42:39
WATCH_HEARTBEAT dataset=mmke-visual model=minigpt-4-vicuna-7b layer=11 stage=train idle_seconds=0 gpu=70501, 10656, 98 time=2026-08-02 13:42:39
WATCH_PROGRESS dataset=mmke-visual model=minigpt-4-vicuna-7b layer=11 stage=train sig=Epoch 18:  92%|█████████▏| 196/214 [04:11<00:23,  1.33s/it] time=2026-08-02 13:43:40
WATCH_PROGRESS dataset=mmke-visual model=minigpt-4-vicuna-7b layer=11 stage=train sig=Epoch 19:  13%|█▎        | 28/214 [00:35<03:37,  1.17s/it] time=2026-08-02 13:44:40
WATCH_PROGRESS dataset=mmke-visual model=minigpt-4-vicuna-7b layer=11 stage=train sig=Epoch 19:  32%|███▏      | 68/214 [01:35<03:40,  1.51s/it] time=2026-08-02 13:45:40
WATCH_PROGRESS dataset=mmke-visual model=minigpt-4-vicuna-7b layer=11 stage=train sig=Epoch 19:  50%|████▉     | 106/214 [02:35<02:50,  1.57s/it] time=2026-08-02 13:46:40
WATCH_PROGRESS dataset=mmke-visual model=minigpt-4-vicuna-7b layer=11 stage=train sig=Epoch 19:  69%|██████▉   | 148/214 [03:38<01:36,  1.47s/it] time=2026-08-02 13:47:41
WATCH_PROGRESS dataset=mmke-visual model=minigpt-4-vicuna-7b layer=11 stage=train sig=Epoch 19:  86%|████████▌ | 184/214 [04:35<00:47,  1.58s/it] time=2026-08-02 13:48:41
WATCH_PROGRESS dataset=mmke-visual model=minigpt-4-vicuna-7b layer=11 stage=train sig=Epoch 20:   4%|▎         | 8/214 [00:13<05:38,  1.64s/it] time=2026-08-02 13:49:41
WATCH_PROGRESS dataset=mmke-visual model=minigpt-4-vicuna-7b layer=11 stage=train sig=Epoch 20:  22%|██▏       | 48/214 [01:15<04:40,  1.69s/it] time=2026-08-02 13:50:41
WATCH_PROGRESS dataset=mmke-visual model=minigpt-4-vicuna-7b layer=11 stage=train sig=Epoch 20:  40%|████      | 86/214 [02:16<03:10,  1.49s/it] time=2026-08-02 13:51:42
WATCH_PROGRESS dataset=mmke-visual model=minigpt-4-vicuna-7b layer=11 stage=train sig=Epoch 20:  58%|█████▊    | 124/214 [03:13<02:15,  1.51s/it] time=2026-08-02 13:52:42
WATCH_HEARTBEAT dataset=mmke-visual model=minigpt-4-vicuna-7b layer=11 stage=train idle_seconds=0 gpu=70501, 10656, 100 time=2026-08-02 13:52:42
WATCH_PROGRESS dataset=mmke-visual model=minigpt-4-vicuna-7b layer=11 stage=train sig=Epoch 20:  77%|███████▋  | 164/214 [04:14<01:21,  1.62s/it] time=2026-08-02 13:53:42
WATCH_PROGRESS dataset=mmke-visual model=minigpt-4-vicuna-7b layer=11 stage=train sig=Epoch 20:  94%|█████████▍| 202/214 [05:14<00:18,  1.58s/it] time=2026-08-02 13:54:42
WATCH_PROGRESS dataset=mmke-visual model=minigpt-4-vicuna-7b layer=11 stage=train sig=Epoch 21:  11%|█         | 24/214 [00:38<04:52,  1.54s/it] time=2026-08-02 13:55:43
WATCH_PROGRESS dataset=mmke-visual model=minigpt-4-vicuna-7b layer=11 stage=train sig=Epoch 21:  30%|██▉       | 64/214 [01:41<03:42,  1.48s/it] time=2026-08-02 13:56:43
WATCH_PROGRESS dataset=mmke-visual model=minigpt-4-vicuna-7b layer=11 stage=train sig=Epoch 21:  48%|████▊     | 102/214 [02:39<02:56,  1.58s/it] time=2026-08-02 13:57:43
WATCH_PROGRESS dataset=mmke-visual model=minigpt-4-vicuna-7b layer=11 stage=train sig=Epoch 21:  65%|██████▌   | 140/214 [03:40<01:55,  1.56s/it] time=2026-08-02 13:58:43
WATCH_PROGRESS dataset=mmke-visual model=minigpt-4-vicuna-7b layer=11 stage=train sig=Epoch 21:  84%|████████▍ | 180/214 [04:40<00:52,  1.54s/it] time=2026-08-02 13:59:43
WATCH_PROGRESS dataset=mmke-visual model=minigpt-4-vicuna-7b layer=11 stage=train sig=Epoch 22:   4%|▎         | 8/214 [00:10<04:26,  1.29s/it] time=2026-08-02 14:00:44
WATCH_PROGRESS dataset=mmke-visual model=minigpt-4-vicuna-7b layer=11 stage=train sig=Epoch 22:  24%|██▍       | 52/214 [01:10<03:28,  1.29s/it] time=2026-08-02 14:01:44
WATCH_PROGRESS dataset=mmke-visual model=minigpt-4-vicuna-7b layer=11 stage=train sig=Epoch 22:  44%|████▍     | 94/214 [02:10<02:42,  1.36s/it] time=2026-08-02 14:02:44
WATCH_HEARTBEAT dataset=mmke-visual model=minigpt-4-vicuna-7b layer=11 stage=train idle_seconds=0 gpu=70501, 10656, 99 time=2026-08-02 14:02:44
WATCH_PROGRESS dataset=mmke-visual model=minigpt-4-vicuna-7b layer=11 stage=train sig=Epoch 22:  64%|██████▍   | 138/214 [03:10<01:48,  1.43s/it] time=2026-08-02 14:03:45
WATCH_PROGRESS dataset=mmke-visual model=minigpt-4-vicuna-7b layer=11 stage=train sig=Epoch 22:  84%|████████▍ | 180/214 [04:11<00:53,  1.57s/it] time=2026-08-02 14:04:45
WATCH_PROGRESS dataset=mmke-visual model=minigpt-4-vicuna-7b layer=11 stage=train sig=Epoch 23:   3%|▎         | 6/214 [00:09<05:28,  1.58s/it] time=2026-08-02 14:05:45
WATCH_PROGRESS dataset=mmke-visual model=minigpt-4-vicuna-7b layer=11 stage=train sig=Epoch 23:  21%|██        | 44/214 [01:08<04:44,  1.67s/it] time=2026-08-02 14:06:45
WATCH_PROGRESS dataset=mmke-visual model=minigpt-4-vicuna-7b layer=11 stage=train sig=Epoch 23:  39%|███▉      | 84/214 [02:08<03:10,  1.47s/it] time=2026-08-02 14:07:45
WATCH_PROGRESS dataset=mmke-visual model=minigpt-4-vicuna-7b layer=11 stage=train sig=Epoch 23:  58%|█████▊    | 124/214 [03:09<02:20,  1.56s/it] time=2026-08-02 14:08:46
WATCH_PROGRESS dataset=mmke-visual model=minigpt-4-vicuna-7b layer=11 stage=train sig=Epoch 23:  76%|███████▌  | 162/214 [04:09<01:20,  1.55s/it] time=2026-08-02 14:09:46
WATCH_PROGRESS dataset=mmke-visual model=minigpt-4-vicuna-7b layer=11 stage=train sig=Epoch 23:  93%|█████████▎| 200/214 [05:09<00:23,  1.67s/it] time=2026-08-02 14:10:46
WATCH_PROGRESS dataset=mmke-visual model=minigpt-4-vicuna-7b layer=11 stage=train sig=Epoch 24:  12%|█▏        | 26/214 [00:40<04:54,  1.57s/it] time=2026-08-02 14:11:47
WATCH_PROGRESS dataset=mmke-visual model=minigpt-4-vicuna-7b layer=11 stage=train sig=Epoch 24:  30%|██▉       | 64/214 [01:37<03:44,  1.50s/it] time=2026-08-02 14:12:47
WATCH_HEARTBEAT dataset=mmke-visual model=minigpt-4-vicuna-7b layer=11 stage=train idle_seconds=0 gpu=70501, 10656, 100 time=2026-08-02 14:12:47
WATCH_PROGRESS dataset=mmke-visual model=minigpt-4-vicuna-7b layer=11 stage=train sig=Epoch 24:  49%|████▊     | 104/214 [02:40<03:08,  1.72s/it] time=2026-08-02 14:13:47
WATCH_PROGRESS dataset=mmke-visual model=minigpt-4-vicuna-7b layer=11 stage=train sig=Epoch 24:  66%|██████▋   | 142/214 [03:37<01:43,  1.44s/it] time=2026-08-02 14:14:47
WATCH_PROGRESS dataset=mmke-visual model=minigpt-4-vicuna-7b layer=11 stage=train sig=Epoch 24:  85%|████████▌ | 182/214 [04:40<00:47,  1.48s/it] time=2026-08-02 14:15:47
WATCH_PROGRESS dataset=mmke-visual model=minigpt-4-vicuna-7b layer=11 stage=train sig=Epoch 25:   3%|▎         | 6/214 [00:09<05:14,  1.51s/it] time=2026-08-02 14:16:48
WATCH_PROGRESS dataset=mmke-visual model=minigpt-4-vicuna-7b layer=11 stage=train sig=Epoch 25:  21%|██▏       | 46/214 [01:09<04:05,  1.46s/it] time=2026-08-02 14:17:48
WATCH_PROGRESS dataset=mmke-visual model=minigpt-4-vicuna-7b layer=11 stage=train sig=Epoch 25:  40%|████      | 86/214 [02:09<03:12,  1.50s/it] time=2026-08-02 14:18:48
WATCH_PROGRESS dataset=mmke-visual model=minigpt-4-vicuna-7b layer=11 stage=train sig=Epoch 25:  59%|█████▉    | 126/214 [03:10<02:00,  1.37s/it] time=2026-08-02 14:19:48
WATCH_PROGRESS dataset=mmke-visual model=minigpt-4-vicuna-7b layer=11 stage=train sig=Epoch 25:  79%|███████▊  | 168/214 [04:11<01:03,  1.39s/it] time=2026-08-02 14:20:49
WATCH_PROGRESS dataset=mmke-visual model=minigpt-4-vicuna-7b layer=11 stage=train sig=Epoch 25:  98%|█████████▊| 210/214 [05:11<00:05,  1.35s/it] time=2026-08-02 14:21:49
WATCH_PROGRESS dataset=mmke-visual model=minigpt-4-vicuna-7b layer=11 stage=train sig=Epoch 26:  19%|█▊        | 40/214 [00:54<04:01,  1.39s/it] time=2026-08-02 14:22:49
WATCH_HEARTBEAT dataset=mmke-visual model=minigpt-4-vicuna-7b layer=11 stage=train idle_seconds=0 gpu=70501, 10656, 97 time=2026-08-02 14:22:49
WATCH_PROGRESS dataset=mmke-visual model=minigpt-4-vicuna-7b layer=11 stage=train sig=Epoch 26:  39%|███▉      | 84/214 [01:53<02:50,  1.31s/it] time=2026-08-02 14:23:50
WATCH_PROGRESS dataset=mmke-visual model=minigpt-4-vicuna-7b layer=11 stage=train sig=Epoch 26:  58%|█████▊    | 124/214 [02:55<02:24,  1.61s/it] time=2026-08-02 14:24:50
WATCH_PROGRESS dataset=mmke-visual model=minigpt-4-vicuna-7b layer=11 stage=train sig=Epoch 26:  76%|███████▌  | 162/214 [03:54<01:17,  1.50s/it] time=2026-08-02 14:25:50
WATCH_PROGRESS dataset=mmke-visual model=minigpt-4-vicuna-7b layer=11 stage=train sig=Epoch 26:  94%|█████████▍| 202/214 [04:55<00:17,  1.44s/it] time=2026-08-02 14:26:50
WATCH_PROGRESS dataset=mmke-visual model=minigpt-4-vicuna-7b layer=11 stage=train sig=Epoch 27:  13%|█▎        | 28/214 [00:42<04:48,  1.55s/it] time=2026-08-02 14:27:51
WATCH_PROGRESS dataset=mmke-visual model=minigpt-4-vicuna-7b layer=11 stage=train sig=Epoch 27:  31%|███       | 66/214 [01:41<03:51,  1.56s/it] time=2026-08-02 14:28:51
WATCH_PROGRESS dataset=mmke-visual model=minigpt-4-vicuna-7b layer=11 stage=train sig=Epoch 27:  49%|████▊     | 104/214 [02:41<02:53,  1.58s/it] time=2026-08-02 14:29:51
WATCH_PROGRESS dataset=mmke-visual model=minigpt-4-vicuna-7b layer=11 stage=train sig=Epoch 27:  66%|██████▋   | 142/214 [03:42<01:56,  1.61s/it] time=2026-08-02 14:30:51
WATCH_PROGRESS dataset=mmke-visual model=minigpt-4-vicuna-7b layer=11 stage=train sig=Epoch 27:  85%|████████▌ | 182/214 [04:43<00:47,  1.49s/it] time=2026-08-02 14:31:52
WATCH_PROGRESS dataset=mmke-visual model=minigpt-4-vicuna-7b layer=11 stage=train sig=Epoch 28:   3%|▎         | 6/214 [00:08<05:06,  1.48s/it] time=2026-08-02 14:32:52
WATCH_HEARTBEAT dataset=mmke-visual model=minigpt-4-vicuna-7b layer=11 stage=train idle_seconds=0 gpu=70501, 10656, 99 time=2026-08-02 14:32:52
WATCH_PROGRESS dataset=mmke-visual model=minigpt-4-vicuna-7b layer=11 stage=train sig=Epoch 28:  21%|██▏       | 46/214 [01:08<04:20,  1.55s/it] time=2026-08-02 14:33:52
WATCH_PROGRESS dataset=mmke-visual model=minigpt-4-vicuna-7b layer=11 stage=train sig=Epoch 28:  40%|████      | 86/214 [02:11<03:19,  1.56s/it] time=2026-08-02 14:34:52
WATCH_PROGRESS dataset=mmke-visual model=minigpt-4-vicuna-7b layer=11 stage=train sig=Epoch 28:  58%|█████▊    | 124/214 [03:11<02:27,  1.64s/it] time=2026-08-02 14:35:53
WATCH_PROGRESS dataset=mmke-visual model=minigpt-4-vicuna-7b layer=11 stage=train sig=Epoch 28:  75%|███████▍  | 160/214 [04:09<01:25,  1.58s/it] time=2026-08-02 14:36:53
WATCH_PROGRESS dataset=mmke-visual model=minigpt-4-vicuna-7b layer=11 stage=train sig=Epoch 28:  93%|█████████▎| 200/214 [05:10<00:21,  1.53s/it] time=2026-08-02 14:37:53
WATCH_PROGRESS dataset=mmke-visual model=minigpt-4-vicuna-7b layer=11 stage=train sig=Epoch 29:  11%|█         | 24/214 [00:39<05:18,  1.68s/it] time=2026-08-02 14:38:53
WATCH_PROGRESS dataset=mmke-visual model=minigpt-4-vicuna-7b layer=11 stage=train sig=Epoch 29:  29%|██▉       | 62/214 [01:38<03:32,  1.40s/it] time=2026-08-02 14:39:54
WATCH_PROGRESS dataset=mmke-visual model=minigpt-4-vicuna-7b layer=11 stage=train sig=Epoch 29:  50%|████▉     | 106/214 [02:37<02:26,  1.36s/it] time=2026-08-02 14:40:54
WATCH_PROGRESS dataset=mmke-visual model=minigpt-4-vicuna-7b layer=11 stage=train sig=Epoch 29:  70%|███████   | 150/214 [03:39<01:29,  1.40s/it] time=2026-08-02 14:41:54
WATCH_PROGRESS dataset=mmke-visual model=minigpt-4-vicuna-7b layer=11 stage=train sig=Epoch 29:  91%|█████████ | 194/214 [04:38<00:26,  1.34s/it] time=2026-08-02 14:42:55
WATCH_HEARTBEAT dataset=mmke-visual model=minigpt-4-vicuna-7b layer=11 stage=train idle_seconds=0 gpu=70501, 10656, 100 time=2026-08-02 14:42:55
WATCH_PROGRESS dataset=mmke-visual model=minigpt-4-vicuna-7b layer=11 stage=train sig=Epoch 30:  10%|█         | 22/214 [00:33<04:41,  1.47s/it] time=2026-08-02 14:43:55
WATCH_PROGRESS dataset=mmke-visual model=minigpt-4-vicuna-7b layer=11 stage=train sig=Epoch 30:  29%|██▉       | 62/214 [01:35<03:48,  1.50s/it] time=2026-08-02 14:44:55
WATCH_PROGRESS dataset=mmke-visual model=minigpt-4-vicuna-7b layer=11 stage=train sig=Epoch 30:  47%|████▋     | 100/214 [02:34<03:00,  1.58s/it] time=2026-08-02 14:45:55
WATCH_PROGRESS dataset=mmke-visual model=minigpt-4-vicuna-7b layer=11 stage=train sig=Epoch 30:  64%|██████▍   | 138/214 [03:34<01:54,  1.51s/it] time=2026-08-02 14:46:56
WATCH_PROGRESS dataset=mmke-visual model=minigpt-4-vicuna-7b layer=11 stage=train sig=Epoch 30:  83%|████████▎ | 178/214 [04:35<00:55,  1.54s/it] time=2026-08-02 14:47:56
WATCH_PROGRESS dataset=mmke-visual model=minigpt-4-vicuna-7b layer=11 stage=train sig=Epoch 31:   2%|▏         | 4/214 [00:05<05:01,  1.44s/it] time=2026-08-02 14:48:56
WATCH_PROGRESS dataset=mmke-visual model=minigpt-4-vicuna-7b layer=11 stage=train sig=Epoch 31:  20%|█▉        | 42/214 [01:03<04:27,  1.56s/it] time=2026-08-02 14:49:56
WATCH_PROGRESS dataset=mmke-visual model=minigpt-4-vicuna-7b layer=11 stage=train sig=Epoch 31:  38%|███▊      | 82/214 [02:05<03:13,  1.47s/it] time=2026-08-02 14:50:57
WATCH_PROGRESS dataset=mmke-visual model=minigpt-4-vicuna-7b layer=11 stage=train sig=Epoch 31:  56%|█████▌    | 120/214 [03:06<02:18,  1.48s/it] time=2026-08-02 14:51:57
WATCH_PROGRESS dataset=mmke-visual model=minigpt-4-vicuna-7b layer=11 stage=train sig=Epoch 31:  75%|███████▍  | 160/214 [04:06<01:17,  1.44s/it] time=2026-08-02 14:52:57
WATCH_HEARTBEAT dataset=mmke-visual model=minigpt-4-vicuna-7b layer=11 stage=train idle_seconds=0 gpu=70501, 10656, 98 time=2026-08-02 14:52:57
WATCH_PROGRESS dataset=mmke-visual model=minigpt-4-vicuna-7b layer=11 stage=train sig=Epoch 31:  93%|█████████▎| 198/214 [05:06<00:23,  1.48s/it] time=2026-08-02 14:53:57
WATCH_PROGRESS dataset=mmke-visual model=minigpt-4-vicuna-7b layer=11 stage=train sig=Epoch 32:  10%|█         | 22/214 [00:33<04:44,  1.48s/it] time=2026-08-02 14:54:58
WATCH_PROGRESS dataset=mmke-visual model=minigpt-4-vicuna-7b layer=11 stage=train sig=Epoch 32:  28%|██▊       | 60/214 [01:34<04:01,  1.57s/it] time=2026-08-02 14:55:58
WATCH_PROGRESS dataset=mmke-visual model=minigpt-4-vicuna-7b layer=11 stage=train sig=Epoch 32:  47%|████▋     | 100/214 [02:35<02:53,  1.52s/it] time=2026-08-02 14:56:58
WATCH_PROGRESS dataset=mmke-visual model=minigpt-4-vicuna-7b layer=11 stage=train sig=Epoch 32:  65%|██████▌   | 140/214 [03:34<01:45,  1.43s/it] time=2026-08-02 14:57:59
WATCH_PROGRESS dataset=mmke-visual model=minigpt-4-vicuna-7b layer=11 stage=train sig=Epoch 32:  84%|████████▍ | 180/214 [04:37<00:50,  1.48s/it] time=2026-08-02 14:58:59
WATCH_PROGRESS dataset=mmke-visual model=minigpt-4-vicuna-7b layer=11 stage=train sig=Epoch 33:   3%|▎         | 6/214 [00:07<04:40,  1.35s/it] time=2026-08-02 14:59:59
WATCH_PROGRESS dataset=mmke-visual model=minigpt-4-vicuna-7b layer=11 stage=train sig=Epoch 33:  24%|██▍       | 52/214 [01:08<03:39,  1.35s/it] time=2026-08-02 15:00:59
WATCH_PROGRESS dataset=mmke-visual model=minigpt-4-vicuna-7b layer=11 stage=train sig=Epoch 33:  46%|████▌     | 98/214 [02:07<02:24,  1.24s/it] time=2026-08-02 15:02:00
WATCH_PROGRESS dataset=mmke-visual model=minigpt-4-vicuna-7b layer=11 stage=train sig=Epoch 33:  66%|██████▋   | 142/214 [03:09<01:48,  1.51s/it] time=2026-08-02 15:03:00
WATCH_HEARTBEAT dataset=mmke-visual model=minigpt-4-vicuna-7b layer=11 stage=train idle_seconds=0 gpu=70501, 10656, 98 time=2026-08-02 15:03:00
WATCH_PROGRESS dataset=mmke-visual model=minigpt-4-vicuna-7b layer=11 stage=train sig=Epoch 33:  85%|████████▌ | 182/214 [04:10<00:50,  1.59s/it] time=2026-08-02 15:04:00
WATCH_PROGRESS dataset=mmke-visual model=minigpt-4-vicuna-7b layer=11 stage=train sig=Epoch 34:   2%|▏         | 4/214 [00:07<05:56,  1.70s/it] time=2026-08-02 15:05:00
WATCH_PROGRESS dataset=mmke-visual model=minigpt-4-vicuna-7b layer=11 stage=train sig=Epoch 34:  20%|█▉        | 42/214 [01:06<04:58,  1.74s/it] time=2026-08-02 15:06:01
WATCH_PROGRESS dataset=mmke-visual model=minigpt-4-vicuna-7b layer=11 stage=train sig=Epoch 34:  38%|███▊      | 82/214 [02:07<03:27,  1.57s/it] time=2026-08-02 15:07:01
WATCH_PROGRESS dataset=mmke-visual model=minigpt-4-vicuna-7b layer=11 stage=train sig=Epoch 34:  55%|█████▌    | 118/214 [03:06<02:26,  1.53s/it] time=2026-08-02 15:08:01
WATCH_PROGRESS dataset=mmke-visual model=minigpt-4-vicuna-7b layer=11 stage=train sig=Epoch 34:  74%|███████▍  | 158/214 [04:05<01:18,  1.40s/it] time=2026-08-02 15:09:02
WATCH_PROGRESS dataset=mmke-visual model=minigpt-4-vicuna-7b layer=11 stage=train sig=Epoch 34:  93%|█████████▎| 198/214 [05:07<00:24,  1.55s/it] time=2026-08-02 15:10:02
WATCH_PROGRESS dataset=mmke-visual model=minigpt-4-vicuna-7b layer=11 stage=train sig=Epoch 35:  10%|█         | 22/214 [00:35<05:00,  1.56s/it] time=2026-08-02 15:11:02
WATCH_PROGRESS dataset=mmke-visual model=minigpt-4-vicuna-7b layer=11 stage=train sig=Epoch 35:  29%|██▉       | 62/214 [01:34<03:35,  1.42s/it] time=2026-08-02 15:12:02
WATCH_PROGRESS dataset=mmke-visual model=minigpt-4-vicuna-7b layer=11 stage=train sig=Epoch 35:  47%|████▋     | 100/214 [02:33<03:01,  1.59s/it] time=2026-08-02 15:13:03
WATCH_HEARTBEAT dataset=mmke-visual model=minigpt-4-vicuna-7b layer=11 stage=train idle_seconds=0 gpu=70521, 10636, 100 time=2026-08-02 15:13:03
WATCH_PROGRESS dataset=mmke-visual model=minigpt-4-vicuna-7b layer=11 stage=train sig=Epoch 35:  65%|██████▌   | 140/214 [03:36<02:03,  1.67s/it] time=2026-08-02 15:14:03
WATCH_PROGRESS dataset=mmke-visual model=minigpt-4-vicuna-7b layer=11 stage=train sig=Epoch 35:  83%|████████▎ | 178/214 [04:36<00:56,  1.57s/it] time=2026-08-02 15:15:03
WATCH_PROGRESS dataset=mmke-visual model=minigpt-4-vicuna-7b layer=11 stage=train sig=Epoch 36:   1%|          | 2/214 [00:02<04:30,  1.28s/it] time=2026-08-02 15:16:03
WATCH_PROGRESS dataset=mmke-visual model=minigpt-4-vicuna-7b layer=11 stage=train sig=Epoch 36:  20%|█▉        | 42/214 [01:05<04:35,  1.60s/it] time=2026-08-02 15:17:04
WATCH_PROGRESS dataset=mmke-visual model=minigpt-4-vicuna-7b layer=11 stage=train sig=Epoch 36:  37%|███▋      | 80/214 [02:05<03:22,  1.51s/it] time=2026-08-02 15:18:04
WATCH_PROGRESS dataset=mmke-visual model=minigpt-4-vicuna-7b layer=11 stage=train sig=Epoch 36:  56%|█████▌    | 120/214 [03:06<02:25,  1.55s/it] time=2026-08-02 15:19:04
WATCH_PROGRESS dataset=mmke-visual model=minigpt-4-vicuna-7b layer=11 stage=train sig=Epoch 36:  77%|███████▋  | 164/214 [04:05<01:06,  1.33s/it] time=2026-08-02 15:20:05
WATCH_PROGRESS dataset=mmke-visual model=minigpt-4-vicuna-7b layer=11 stage=train sig=Epoch 36:  97%|█████████▋| 208/214 [05:03<00:08,  1.43s/it] time=2026-08-02 15:21:05
WATCH_PROGRESS dataset=mmke-visual model=minigpt-4-vicuna-7b layer=11 stage=train sig=Epoch 37:  20%|█▉        | 42/214 [00:54<03:46,  1.31s/it] time=2026-08-02 15:22:05
WATCH_PROGRESS dataset=mmke-visual model=minigpt-4-vicuna-7b layer=11 stage=train sig=Epoch 37:  40%|████      | 86/214 [01:53<02:58,  1.40s/it] time=2026-08-02 15:23:05
WATCH_HEARTBEAT dataset=mmke-visual model=minigpt-4-vicuna-7b layer=11 stage=train idle_seconds=0 gpu=70521, 10636, 99 time=2026-08-02 15:23:05
WATCH_PROGRESS dataset=mmke-visual model=minigpt-4-vicuna-7b layer=11 stage=train sig=Epoch 37:  59%|█████▉    | 126/214 [02:54<02:19,  1.58s/it] time=2026-08-02 15:24:06
WATCH_PROGRESS dataset=mmke-visual model=minigpt-4-vicuna-7b layer=11 stage=train sig=Epoch 37:  77%|███████▋  | 164/214 [03:53<01:16,  1.52s/it] time=2026-08-02 15:25:06
WATCH_PROGRESS dataset=mmke-visual model=minigpt-4-vicuna-7b layer=11 stage=train sig=Epoch 37:  94%|█████████▍| 202/214 [04:52<00:17,  1.46s/it] time=2026-08-02 15:26:06
WATCH_PROGRESS dataset=mmke-visual model=minigpt-4-vicuna-7b layer=11 stage=train sig=Epoch 38:  13%|█▎        | 28/214 [00:44<04:39,  1.50s/it] time=2026-08-02 15:27:07
WATCH_PROGRESS dataset=mmke-visual model=minigpt-4-vicuna-7b layer=11 stage=train sig=Epoch 38:  31%|███       | 66/214 [01:43<03:44,  1.52s/it] time=2026-08-02 15:28:07
WATCH_PROGRESS dataset=mmke-visual model=minigpt-4-vicuna-7b layer=11 stage=train sig=Epoch 38:  50%|████▉     | 106/214 [02:42<02:40,  1.49s/it] time=2026-08-02 15:29:07
WATCH_PROGRESS dataset=mmke-visual model=minigpt-4-vicuna-7b layer=11 stage=train sig=Epoch 38:  67%|██████▋   | 144/214 [03:42<01:45,  1.51s/it] time=2026-08-02 15:30:07
WATCH_PROGRESS dataset=mmke-visual model=minigpt-4-vicuna-7b layer=11 stage=train sig=Epoch 38:  86%|████████▌ | 184/214 [04:44<00:46,  1.55s/it] time=2026-08-02 15:31:08
WATCH_PROGRESS dataset=mmke-visual model=minigpt-4-vicuna-7b layer=11 stage=train sig=Epoch 39:   4%|▎         | 8/214 [00:11<04:58,  1.45s/it] time=2026-08-02 15:32:08
WATCH_PROGRESS dataset=mmke-visual model=minigpt-4-vicuna-7b layer=11 stage=train sig=Epoch 39:  21%|██▏       | 46/214 [01:12<04:41,  1.68s/it] time=2026-08-02 15:33:08
WATCH_HEARTBEAT dataset=mmke-visual model=minigpt-4-vicuna-7b layer=11 stage=train idle_seconds=0 gpu=70521, 10636, 98 time=2026-08-02 15:33:08
WATCH_PROGRESS dataset=mmke-visual model=minigpt-4-vicuna-7b layer=11 stage=train sig=Epoch 39:  39%|███▉      | 84/214 [02:10<03:32,  1.63s/it] time=2026-08-02 15:34:08
WATCH_PROGRESS dataset=mmke-visual model=minigpt-4-vicuna-7b layer=11 stage=train sig=Epoch 39:  59%|█████▉    | 126/214 [03:13<02:13,  1.52s/it] time=2026-08-02 15:35:09
WATCH_PROGRESS dataset=mmke-visual model=minigpt-4-vicuna-7b layer=11 stage=train sig=Epoch 39:  77%|███████▋  | 164/214 [04:14<01:16,  1.54s/it] time=2026-08-02 15:36:09
WATCH_PROGRESS dataset=mmke-visual model=minigpt-4-vicuna-7b layer=11 stage=train sig=Epoch 39:  94%|█████████▍| 202/214 [05:13<00:19,  1.60s/it] time=2026-08-02 15:37:09
WATCH_PROGRESS dataset=mmke-visual model=minigpt-4-vicuna-7b layer=11 stage=train sig=Epoch 40:  12%|█▏        | 26/214 [00:41<05:03,  1.62s/it] time=2026-08-02 15:38:10
WATCH_PROGRESS dataset=mmke-visual model=minigpt-4-vicuna-7b layer=11 stage=train sig=Epoch 40:  31%|███       | 66/214 [01:41<03:35,  1.46s/it] time=2026-08-02 15:39:10
WATCH_PROGRESS dataset=mmke-visual model=minigpt-4-vicuna-7b layer=11 stage=train sig=Epoch 40:  51%|█████▏    | 110/214 [02:43<02:37,  1.51s/it] time=2026-08-02 15:40:10
WATCH_PROGRESS dataset=mmke-visual model=minigpt-4-vicuna-7b layer=11 stage=train sig=Epoch 40:  72%|███████▏  | 154/214 [03:44<01:21,  1.35s/it] time=2026-08-02 15:41:10
WATCH_PROGRESS dataset=mmke-visual model=minigpt-4-vicuna-7b layer=11 stage=train sig=Epoch 40:  93%|█████████▎| 200/214 [04:44<00:17,  1.27s/it] time=2026-08-02 15:42:11
WATCH_PROGRESS dataset=mmke-visual model=minigpt-4-vicuna-7b layer=11 stage=train sig=Epoch 41:  14%|█▍        | 30/214 [00:40<04:21,  1.42s/it] time=2026-08-02 15:43:11
WATCH_HEARTBEAT dataset=mmke-visual model=minigpt-4-vicuna-7b layer=11 stage=train idle_seconds=0 gpu=70521, 10636, 100 time=2026-08-02 15:43:11
WATCH_PROGRESS dataset=mmke-visual model=minigpt-4-vicuna-7b layer=11 stage=train sig=Epoch 41:  32%|███▏      | 68/214 [01:39<03:50,  1.58s/it] time=2026-08-02 15:44:11
WATCH_PROGRESS dataset=mmke-visual model=minigpt-4-vicuna-7b layer=11 stage=train sig=Epoch 41:  50%|████▉     | 106/214 [02:39<02:45,  1.53s/it] time=2026-08-02 15:45:12
WATCH_PROGRESS dataset=mmke-visual model=minigpt-4-vicuna-7b layer=11 stage=train sig=Epoch 41:  68%|██████▊   | 146/214 [03:41<01:47,  1.59s/it] time=2026-08-02 15:46:12
WATCH_PROGRESS dataset=mmke-visual model=minigpt-4-vicuna-7b layer=11 stage=train sig=Epoch 41:  86%|████████▌ | 184/214 [04:42<00:50,  1.68s/it] time=2026-08-02 15:47:12
WATCH_PROGRESS dataset=mmke-visual model=minigpt-4-vicuna-7b layer=11 stage=train sig=Epoch 42:   4%|▎         | 8/214 [00:12<05:22,  1.57s/it] time=2026-08-02 15:48:12
WATCH_PROGRESS dataset=mmke-visual model=minigpt-4-vicuna-7b layer=11 stage=train sig=Epoch 42:  22%|██▏       | 48/214 [01:13<04:28,  1.62s/it] time=2026-08-02 15:49:13
WATCH_PROGRESS dataset=mmke-visual model=minigpt-4-vicuna-7b layer=11 stage=train sig=Epoch 42:  41%|████      | 88/214 [02:15<03:24,  1.63s/it] time=2026-08-02 15:50:13
WATCH_PROGRESS dataset=mmke-visual model=minigpt-4-vicuna-7b layer=11 stage=train sig=Epoch 42:  59%|█████▉    | 126/214 [03:14<02:09,  1.48s/it] time=2026-08-02 15:51:13
WATCH_PROGRESS dataset=mmke-visual model=minigpt-4-vicuna-7b layer=11 stage=train sig=Epoch 42:  78%|███████▊  | 166/214 [04:15<01:11,  1.49s/it] time=2026-08-02 15:52:13
WATCH_PROGRESS dataset=mmke-visual model=minigpt-4-vicuna-7b layer=11 stage=train sig=Epoch 42:  95%|█████████▌| 204/214 [05:14<00:15,  1.51s/it] time=2026-08-02 15:53:14
WATCH_HEARTBEAT dataset=mmke-visual model=minigpt-4-vicuna-7b layer=11 stage=train idle_seconds=0 gpu=70521, 10636, 99 time=2026-08-02 15:53:14
WATCH_PROGRESS dataset=mmke-visual model=minigpt-4-vicuna-7b layer=11 stage=train sig=Epoch 43:  14%|█▍        | 30/214 [00:45<04:32,  1.48s/it] time=2026-08-02 15:54:14
WATCH_PROGRESS dataset=mmke-visual model=minigpt-4-vicuna-7b layer=11 stage=train sig=Epoch 43:  33%|███▎      | 70/214 [01:47<03:48,  1.59s/it] time=2026-08-02 15:55:14
WATCH_PROGRESS dataset=mmke-visual model=minigpt-4-vicuna-7b layer=11 stage=train sig=Epoch 43:  50%|█████     | 108/214 [02:45<02:40,  1.51s/it] time=2026-08-02 15:56:15
WATCH_PROGRESS dataset=mmke-visual model=minigpt-4-vicuna-7b layer=11 stage=train sig=Epoch 43:  69%|██████▉   | 148/214 [03:46<01:42,  1.56s/it] time=2026-08-02 15:57:15
WATCH_PROGRESS dataset=mmke-visual model=minigpt-4-vicuna-7b layer=11 stage=train sig=Epoch 43:  87%|████████▋ | 186/214 [04:46<00:46,  1.64s/it] time=2026-08-02 15:58:15
WATCH_PROGRESS dataset=mmke-visual model=minigpt-4-vicuna-7b layer=11 stage=train sig=Epoch 44:   7%|▋         | 14/214 [00:18<04:07,  1.24s/it] time=2026-08-02 15:59:15
WATCH_PROGRESS dataset=mmke-visual model=minigpt-4-vicuna-7b layer=11 stage=train sig=Epoch 44:  27%|██▋       | 58/214 [01:17<03:26,  1.33s/it] time=2026-08-02 16:00:16
WATCH_PROGRESS dataset=mmke-visual model=minigpt-4-vicuna-7b layer=11 stage=train sig=Epoch 44:  48%|████▊     | 102/214 [02:19<02:51,  1.53s/it] time=2026-08-02 16:01:16
WATCH_PROGRESS dataset=mmke-visual model=minigpt-4-vicuna-7b layer=11 stage=train sig=Epoch 44:  68%|██████▊   | 146/214 [03:17<01:23,  1.22s/it] time=2026-08-02 16:02:16
WATCH_PROGRESS dataset=mmke-visual model=minigpt-4-vicuna-7b layer=11 stage=train sig=Epoch 44:  89%|████████▉ | 190/214 [04:19<00:35,  1.49s/it] time=2026-08-02 16:03:17
WATCH_HEARTBEAT dataset=mmke-visual model=minigpt-4-vicuna-7b layer=11 stage=train idle_seconds=0 gpu=70521, 10636, 99 time=2026-08-02 16:03:17
WATCH_PROGRESS dataset=mmke-visual model=minigpt-4-vicuna-7b layer=11 stage=train sig=Epoch 45:   7%|▋         | 16/214 [00:23<04:48,  1.46s/it] time=2026-08-02 16:04:17
WATCH_PROGRESS dataset=mmke-visual model=minigpt-4-vicuna-7b layer=11 stage=train sig=Epoch 45:  25%|██▌       | 54/214 [01:23<04:00,  1.50s/it] time=2026-08-02 16:05:17
WATCH_PROGRESS dataset=mmke-visual model=minigpt-4-vicuna-7b layer=11 stage=train sig=Epoch 45:  43%|████▎     | 92/214 [02:24<03:20,  1.64s/it] time=2026-08-02 16:06:17
WATCH_PROGRESS dataset=mmke-visual model=minigpt-4-vicuna-7b layer=11 stage=train sig=Epoch 45:  61%|██████    | 130/214 [03:23<02:14,  1.60s/it] time=2026-08-02 16:07:18
WATCH_PROGRESS dataset=mmke-visual model=minigpt-4-vicuna-7b layer=11 stage=train sig=Epoch 45:  80%|████████  | 172/214 [04:24<00:59,  1.41s/it] time=2026-08-02 16:08:18
WATCH_PROGRESS dataset=mmke-visual model=minigpt-4-vicuna-7b layer=11 stage=train sig=Epoch 45:  98%|█████████▊| 210/214 [05:24<00:06,  1.63s/it] time=2026-08-02 16:09:18
WATCH_PROGRESS dataset=mmke-visual model=minigpt-4-vicuna-7b layer=11 stage=train sig=Epoch 46:  16%|█▌        | 34/214 [00:53<04:53,  1.63s/it] time=2026-08-02 16:10:18
WATCH_PROGRESS dataset=mmke-visual model=minigpt-4-vicuna-7b layer=11 stage=train sig=Epoch 46:  34%|███▎      | 72/214 [01:50<03:29,  1.48s/it] time=2026-08-02 16:11:19
WATCH_PROGRESS dataset=mmke-visual model=minigpt-4-vicuna-7b layer=11 stage=train sig=Epoch 46:  52%|█████▏    | 112/214 [02:52<02:40,  1.57s/it] time=2026-08-02 16:12:19
WATCH_PROGRESS dataset=mmke-visual model=minigpt-4-vicuna-7b layer=11 stage=train sig=Epoch 46:  70%|███████   | 150/214 [03:52<01:38,  1.55s/it] time=2026-08-02 16:13:19
WATCH_HEARTBEAT dataset=mmke-visual model=minigpt-4-vicuna-7b layer=11 stage=train idle_seconds=0 gpu=70521, 10636, 100 time=2026-08-02 16:13:19
WATCH_PROGRESS dataset=mmke-visual model=minigpt-4-vicuna-7b layer=11 stage=train sig=Epoch 46:  89%|████████▉ | 190/214 [04:53<00:37,  1.57s/it] time=2026-08-02 16:14:20
WATCH_PROGRESS dataset=mmke-visual model=minigpt-4-vicuna-7b layer=11 stage=train sig=Epoch 47:   6%|▌         | 12/214 [00:20<05:42,  1.69s/it] time=2026-08-02 16:15:20
WATCH_PROGRESS dataset=mmke-visual model=minigpt-4-vicuna-7b layer=11 stage=train sig=Epoch 47:  24%|██▍       | 52/214 [01:21<04:10,  1.55s/it] time=2026-08-02 16:16:20
WATCH_PROGRESS dataset=mmke-visual model=minigpt-4-vicuna-7b layer=11 stage=train sig=Epoch 47:  42%|████▏     | 90/214 [02:21<03:09,  1.53s/it] time=2026-08-02 16:17:20
WATCH_PROGRESS dataset=mmke-visual model=minigpt-4-vicuna-7b layer=11 stage=train sig=Epoch 47:  60%|█████▉    | 128/214 [03:21<02:12,  1.54s/it] time=2026-08-02 16:18:21
WATCH_PROGRESS dataset=mmke-visual model=minigpt-4-vicuna-7b layer=11 stage=train sig=Epoch 47:  80%|████████  | 172/214 [04:22<00:56,  1.34s/it] time=2026-08-02 16:19:21
WATCH_PROGRESS dataset=mmke-visual model=minigpt-4-vicuna-7b layer=11 stage=train sig=Epoch 48:   1%|          | 2/214 [00:02<03:44,  1.06s/it] time=2026-08-02 16:20:21
WATCH_PROGRESS dataset=mmke-visual model=minigpt-4-vicuna-7b layer=11 stage=train sig=Epoch 48:  22%|██▏       | 48/214 [01:04<03:43,  1.35s/it] time=2026-08-02 16:21:22
WATCH_PROGRESS dataset=mmke-visual model=minigpt-4-vicuna-7b layer=11 stage=train sig=Epoch 48:  43%|████▎     | 92/214 [02:04<02:54,  1.43s/it] time=2026-08-02 16:22:22
WATCH_PROGRESS dataset=mmke-visual model=minigpt-4-vicuna-7b layer=11 stage=train sig=Epoch 48:  63%|██████▎   | 134/214 [03:04<02:00,  1.51s/it] time=2026-08-02 16:23:22
WATCH_HEARTBEAT dataset=mmke-visual model=minigpt-4-vicuna-7b layer=11 stage=train idle_seconds=0 gpu=70521, 10636, 100 time=2026-08-02 16:23:22
WATCH_PROGRESS dataset=mmke-visual model=minigpt-4-vicuna-7b layer=11 stage=train sig=Epoch 48:  80%|████████  | 172/214 [04:03<01:07,  1.61s/it] time=2026-08-02 16:24:22
WATCH_PROGRESS dataset=mmke-visual model=minigpt-4-vicuna-7b layer=11 stage=train sig=Epoch 48:  98%|█████████▊| 210/214 [05:03<00:06,  1.51s/it] time=2026-08-02 16:25:23
WATCH_PROGRESS dataset=mmke-visual model=minigpt-4-vicuna-7b layer=11 stage=train sig=Epoch 49:  17%|█▋        | 36/214 [00:54<04:20,  1.46s/it] time=2026-08-02 16:26:23
WATCH_PROGRESS dataset=mmke-visual model=minigpt-4-vicuna-7b layer=11 stage=train sig=Epoch 49:  36%|███▌      | 76/214 [01:53<03:21,  1.46s/it] time=2026-08-02 16:27:23
WATCH_PROGRESS dataset=mmke-visual model=minigpt-4-vicuna-7b layer=11 stage=train sig=Epoch 49:  53%|█████▎    | 114/214 [02:54<02:44,  1.64s/it] time=2026-08-02 16:28:24
WATCH_PROGRESS dataset=mmke-visual model=minigpt-4-vicuna-7b layer=11 stage=train sig=Epoch 49:  72%|███████▏  | 154/214 [03:55<01:32,  1.54s/it] time=2026-08-02 16:29:24
WATCH_PROGRESS dataset=mmke-visual model=minigpt-4-vicuna-7b layer=11 stage=train sig=Epoch 49:  90%|████████▉ | 192/214 [04:54<00:36,  1.64s/it] time=2026-08-02 16:30:24
WATCH_PROGRESS dataset=mmke-visual model=minigpt-4-vicuna-7b layer=11 stage=train sig=Epoch 50:   7%|▋         | 16/214 [00:24<05:02,  1.53s/it] time=2026-08-02 16:31:24
WATCH_PROGRESS dataset=mmke-visual model=minigpt-4-vicuna-7b layer=11 stage=train sig=Epoch 50:  26%|██▌       | 56/214 [01:25<04:31,  1.72s/it] time=2026-08-02 16:32:25
WATCH_PROGRESS dataset=mmke-visual model=minigpt-4-vicuna-7b layer=11 stage=train sig=Epoch 50:  44%|████▍     | 94/214 [02:24<02:45,  1.38s/it] time=2026-08-02 16:33:25
WATCH_HEARTBEAT dataset=mmke-visual model=minigpt-4-vicuna-7b layer=11 stage=train idle_seconds=0 gpu=70521, 10636, 99 time=2026-08-02 16:33:25
WATCH_PROGRESS dataset=mmke-visual model=minigpt-4-vicuna-7b layer=11 stage=train sig=Epoch 50:  63%|██████▎   | 134/214 [03:25<02:02,  1.53s/it] time=2026-08-02 16:34:25
WATCH_PROGRESS dataset=mmke-visual model=minigpt-4-vicuna-7b layer=11 stage=train sig=Epoch 50:  81%|████████▏ | 174/214 [04:26<01:02,  1.55s/it] time=2026-08-02 16:35:26
WATCH_PROGRESS dataset=mmke-visual model=minigpt-4-vicuna-7b layer=11 stage=train sig=Epoch 50:  99%|█████████▉| 212/214 [05:25<00:03,  1.54s/it] time=2026-08-02 16:36:26
WATCH_PROGRESS dataset=mmke-visual model=minigpt-4-vicuna-7b layer=11 stage=train sig=Epoch 50: 100%|██████████| 214/214 [05:28<00:00,  1.54s/it] time=2026-08-02 16:37:26
PROCESS_END dataset=mmke-visual model=minigpt-4-vicuna-7b layer=11 stage=train pid=1501091 rc=1 time=2026-08-02 16:37:26 CST
STAGE_END dataset=mmke-visual model=minigpt-4-vicuna-7b layer=11 stage=train rc=1 time=2026-08-02 16:37:26
EVAL_NOT_RUN dataset=mmke-visual model=minigpt-4-vicuna-7b layer=11 train_rc=1 selected=0
LAYER_INCOMPLETE dataset=mmke-visual model=minigpt-4-vicuna-7b layer=11 train_rc=1 eval_rc=777 note=train_failed_or_no_selected;incomplete_artifacts time=2026-08-02 16:37:26 CST
QUEUE_FINISHED_WITH_FAILURES time=2026-08-02 16:37:41 CST
