policy,variant,k,coverage_filter,n,top1,best,mean,groups
observed_main,Ours-signed-direction/raw,1,all,18,67.8951111111111,67.8951111111111,67.8951111111111,"[[""evqa-pilot500"", ""blip2-opt-2.7b""], [""evqa-pilot500"", ""instructblip-vicuna-7b""], [""evqa-pilot500"", ""minigpt-4-vicuna-7b""], [""evqa-pilot500"", ""llava-v1.5-7b""], [""evqa-pilot500"", ""qwen2.5-vl-3b""], [""evqa-pilot500"", ""paligemma-3b""], [""mmke-visual"", ""blip2-opt-2.7b""], [""mmke-visual"", ""instructblip-vicuna-7b""], [""mmke-visual"", ""minigpt-4-vicuna-7b""], [""mmke-visual"", ""qwen2.5-vl-3b""], [""mmke-visual"", ""paligemma-3b""], [""mmke-visual"", ""smolvlm-1.7b""], [""mmke-entity"", ""blip2-opt-2.7b""], [""mmke-entity"", ""instructblip-vicuna-7b""], [""mmke-entity"", ""minigpt-4-vicuna-7b""], [""mmke-entity"", ""qwen2.5-vl-3b""], [""mmke-entity"", ""paligemma-3b""], [""mmke-entity"", ""smolvlm-1.7b""]]"
observed_main,Ours-signed-direction/raw,1,coverage80,17,68.01505882352942,68.01505882352942,68.01505882352942,"[[""evqa-pilot500"", ""blip2-opt-2.7b""], [""evqa-pilot500"", ""instructblip-vicuna-7b""], [""evqa-pilot500"", ""minigpt-4-vicuna-7b""], [""evqa-pilot500"", ""llava-v1.5-7b""], [""evqa-pilot500"", ""qwen2.5-vl-3b""], [""evqa-pilot500"", ""paligemma-3b""], [""mmke-visual"", ""blip2-opt-2.7b""], [""mmke-visual"", ""instructblip-vicuna-7b""], [""mmke-visual"", ""minigpt-4-vicuna-7b""], [""mmke-visual"", ""qwen2.5-vl-3b""], [""mmke-visual"", ""paligemma-3b""], [""mmke-visual"", ""smolvlm-1.7b""], [""mmke-entity"", ""instructblip-vicuna-7b""], [""mmke-entity"", ""minigpt-4-vicuna-7b""], [""mmke-entity"", ""qwen2.5-vl-3b""], [""mmke-entity"", ""paligemma-3b""], [""mmke-entity"", ""smolvlm-1.7b""]]"
observed_main,Ours-signed-direction/raw,3,all,16,68.4925,72.926625,68.16508333333334,"[[""evqa-pilot500"", ""blip2-opt-2.7b""], [""evqa-pilot500"", ""instructblip-vicuna-7b""], [""evqa-pilot500"", ""minigpt-4-vicuna-7b""], [""evqa-pilot500"", ""qwen2.5-vl-3b""], [""evqa-pilot500"", ""paligemma-3b""], [""mmke-visual"", ""blip2-opt-2.7b""], [""mmke-visual"", ""instructblip-vicuna-7b""], [""mmke-visual"", ""qwen2.5-vl-3b""], [""mmke-visual"", ""paligemma-3b""], [""mmke-visual"", ""smolvlm-1.7b""], [""mmke-entity"", ""blip2-opt-2.7b""], [""mmke-entity"", ""instructblip-vicuna-7b""], [""mmke-entity"", ""minigpt-4-vicuna-7b""], [""mmke-entity"", ""qwen2.5-vl-3b""], [""mmke-entity"", ""paligemma-3b""], [""mmke-entity"", ""smolvlm-1.7b""]]"
observed_main,Ours-signed-direction/raw,3,coverage80,15,68.66826666666667,72.9548,68.04982222222222,"[[""evqa-pilot500"", ""blip2-opt-2.7b""], [""evqa-pilot500"", ""instructblip-vicuna-7b""], [""evqa-pilot500"", ""minigpt-4-vicuna-7b""], [""evqa-pilot500"", ""qwen2.5-vl-3b""], [""evqa-pilot500"", ""paligemma-3b""], [""mmke-visual"", ""blip2-opt-2.7b""], [""mmke-visual"", ""instructblip-vicuna-7b""], [""mmke-visual"", ""qwen2.5-vl-3b""], [""mmke-visual"", ""paligemma-3b""], [""mmke-visual"", ""smolvlm-1.7b""], [""mmke-entity"", ""instructblip-vicuna-7b""], [""mmke-entity"", ""minigpt-4-vicuna-7b""], [""mmke-entity"", ""qwen2.5-vl-3b""], [""mmke-entity"", ""paligemma-3b""], [""mmke-entity"", ""smolvlm-1.7b""]]"
observed_main,Ours-signed-direction/raw,5,all,10,69.3334,76.3442,67.66964,"[[""evqa-pilot500"", ""blip2-opt-2.7b""], [""evqa-pilot500"", ""qwen2.5-vl-3b""], [""evqa-pilot500"", ""paligemma-3b""], [""mmke-visual"", ""blip2-opt-2.7b""], [""mmke-visual"", ""instructblip-vicuna-7b""], [""mmke-visual"", ""paligemma-3b""], [""mmke-entity"", ""blip2-opt-2.7b""], [""mmke-entity"", ""instructblip-vicuna-7b""], [""mmke-entity"", ""qwen2.5-vl-3b""], [""mmke-entity"", ""paligemma-3b""]]"
observed_main,Ours-signed-direction/raw,5,coverage80,9,69.71977777777778,76.77088888888889,67.34546666666667,"[[""evqa-pilot500"", ""blip2-opt-2.7b""], [""evqa-pilot500"", ""qwen2.5-vl-3b""], [""evqa-pilot500"", ""paligemma-3b""], [""mmke-visual"", ""blip2-opt-2.7b""], [""mmke-visual"", ""instructblip-vicuna-7b""], [""mmke-visual"", ""paligemma-3b""], [""mmke-entity"", ""instructblip-vicuna-7b""], [""mmke-entity"", ""qwen2.5-vl-3b""], [""mmke-entity"", ""paligemma-3b""]]"
observed_main,Ours-signed-direction/tukey,1,all,16,68.825375,68.825375,68.825375,"[[""evqa-pilot500"", ""blip2-opt-2.7b""], [""evqa-pilot500"", ""instructblip-vicuna-7b""], [""evqa-pilot500"", ""minigpt-4-vicuna-7b""], [""evqa-pilot500"", ""llava-v1.5-7b""], [""evqa-pilot500"", ""qwen2.5-vl-3b""], [""evqa-pilot500"", ""paligemma-3b""], [""mmke-visual"", ""instructblip-vicuna-7b""], [""mmke-visual"", ""minigpt-4-vicuna-7b""], [""mmke-visual"", ""qwen2.5-vl-3b""], [""mmke-visual"", ""paligemma-3b""], [""mmke-visual"", ""smolvlm-1.7b""], [""mmke-entity"", ""instructblip-vicuna-7b""], [""mmke-entity"", ""minigpt-4-vicuna-7b""], [""mmke-entity"", ""qwen2.5-vl-3b""], [""mmke-entity"", ""paligemma-3b""], [""mmke-entity"", ""smolvlm-1.7b""]]"
observed_main,Ours-signed-direction/tukey,1,coverage80,16,68.825375,68.825375,68.825375,"[[""evqa-pilot500"", ""blip2-opt-2.7b""], [""evqa-pilot500"", ""instructblip-vicuna-7b""], [""evqa-pilot500"", ""minigpt-4-vicuna-7b""], [""evqa-pilot500"", ""llava-v1.5-7b""], [""evqa-pilot500"", ""qwen2.5-vl-3b""], [""evqa-pilot500"", ""paligemma-3b""], [""mmke-visual"", ""instructblip-vicuna-7b""], [""mmke-visual"", ""minigpt-4-vicuna-7b""], [""mmke-visual"", ""qwen2.5-vl-3b""], [""mmke-visual"", ""paligemma-3b""], [""mmke-visual"", ""smolvlm-1.7b""], [""mmke-entity"", ""instructblip-vicuna-7b""], [""mmke-entity"", ""minigpt-4-vicuna-7b""], [""mmke-entity"", ""qwen2.5-vl-3b""], [""mmke-entity"", ""paligemma-3b""], [""mmke-entity"", ""smolvlm-1.7b""]]"
observed_main,Ours-signed-direction/tukey,3,all,14,69.12814285714286,73.44342857142857,68.22728571428571,"[[""evqa-pilot500"", ""blip2-opt-2.7b""], [""evqa-pilot500"", ""instructblip-vicuna-7b""], [""evqa-pilot500"", ""minigpt-4-vicuna-7b""], [""evqa-pilot500"", ""qwen2.5-vl-3b""], [""evqa-pilot500"", ""paligemma-3b""], [""mmke-visual"", ""instructblip-vicuna-7b""], [""mmke-visual"", ""minigpt-4-vicuna-7b""], [""mmke-visual"", ""qwen2.5-vl-3b""], [""mmke-visual"", ""paligemma-3b""], [""mmke-visual"", ""smolvlm-1.7b""], [""mmke-entity"", ""instructblip-vicuna-7b""], [""mmke-entity"", ""qwen2.5-vl-3b""], [""mmke-entity"", ""paligemma-3b""], [""mmke-entity"", ""smolvlm-1.7b""]]"
observed_main,Ours-signed-direction/tukey,3,coverage80,14,69.12814285714286,73.44342857142857,68.22728571428571,"[[""evqa-pilot500"", ""blip2-opt-2.7b""], [""evqa-pilot500"", ""instructblip-vicuna-7b""], [""evqa-pilot500"", ""minigpt-4-vicuna-7b""], [""evqa-pilot500"", ""qwen2.5-vl-3b""], [""evqa-pilot500"", ""paligemma-3b""], [""mmke-visual"", ""instructblip-vicuna-7b""], [""mmke-visual"", ""minigpt-4-vicuna-7b""], [""mmke-visual"", ""qwen2.5-vl-3b""], [""mmke-visual"", ""paligemma-3b""], [""mmke-visual"", ""smolvlm-1.7b""], [""mmke-entity"", ""instructblip-vicuna-7b""], [""mmke-entity"", ""qwen2.5-vl-3b""], [""mmke-entity"", ""paligemma-3b""], [""mmke-entity"", ""smolvlm-1.7b""]]"
observed_main,Ours-signed-direction/tukey,5,all,8,70.68125,78.43775000000001,67.5353,"[[""evqa-pilot500"", ""blip2-opt-2.7b""], [""evqa-pilot500"", ""qwen2.5-vl-3b""], [""evqa-pilot500"", ""paligemma-3b""], [""mmke-visual"", ""instructblip-vicuna-7b""], [""mmke-visual"", ""paligemma-3b""], [""mmke-entity"", ""instructblip-vicuna-7b""], [""mmke-entity"", ""qwen2.5-vl-3b""], [""mmke-entity"", ""paligemma-3b""]]"
observed_main,Ours-signed-direction/tukey,5,coverage80,8,70.68125,78.43775000000001,67.5353,"[[""evqa-pilot500"", ""blip2-opt-2.7b""], [""evqa-pilot500"", ""qwen2.5-vl-3b""], [""evqa-pilot500"", ""paligemma-3b""], [""mmke-visual"", ""instructblip-vicuna-7b""], [""mmke-visual"", ""paligemma-3b""], [""mmke-entity"", ""instructblip-vicuna-7b""], [""mmke-entity"", ""qwen2.5-vl-3b""], [""mmke-entity"", ""paligemma-3b""]]"
observed_main,Ours-main/raw,1,all,20,68.8818,68.8818,68.8818,"[[""evqa-pilot500"", ""blip2-opt-2.7b""], [""evqa-pilot500"", ""instructblip-vicuna-7b""], [""evqa-pilot500"", ""minigpt-4-vicuna-7b""], [""evqa-pilot500"", ""llava-v1.5-7b""], [""evqa-pilot500"", ""qwen2.5-vl-3b""], [""evqa-pilot500"", ""paligemma-3b""], [""evqa-pilot500"", ""smolvlm-1.7b""], [""mmke-visual"", ""blip2-opt-2.7b""], [""mmke-visual"", ""instructblip-vicuna-7b""], [""mmke-visual"", ""minigpt-4-vicuna-7b""], [""mmke-visual"", ""llava-v1.5-7b""], [""mmke-visual"", ""qwen2.5-vl-3b""], [""mmke-visual"", ""paligemma-3b""], [""mmke-visual"", ""smolvlm-1.7b""], [""mmke-entity"", ""blip2-opt-2.7b""], [""mmke-entity"", ""instructblip-vicuna-7b""], [""mmke-entity"", ""minigpt-4-vicuna-7b""], [""mmke-entity"", ""qwen2.5-vl-3b""], [""mmke-entity"", ""paligemma-3b""], [""mmke-entity"", ""smolvlm-1.7b""]]"
observed_main,Ours-main/raw,1,coverage80,19,69.04105263157895,69.04105263157895,69.04105263157895,"[[""evqa-pilot500"", ""blip2-opt-2.7b""], [""evqa-pilot500"", ""instructblip-vicuna-7b""], [""evqa-pilot500"", ""minigpt-4-vicuna-7b""], [""evqa-pilot500"", ""llava-v1.5-7b""], [""evqa-pilot500"", ""qwen2.5-vl-3b""], [""evqa-pilot500"", ""paligemma-3b""], [""evqa-pilot500"", ""smolvlm-1.7b""], [""mmke-visual"", ""blip2-opt-2.7b""], [""mmke-visual"", ""instructblip-vicuna-7b""], [""mmke-visual"", ""minigpt-4-vicuna-7b""], [""mmke-visual"", ""llava-v1.5-7b""], [""mmke-visual"", ""qwen2.5-vl-3b""], [""mmke-visual"", ""paligemma-3b""], [""mmke-visual"", ""smolvlm-1.7b""], [""mmke-entity"", ""instructblip-vicuna-7b""], [""mmke-entity"", ""minigpt-4-vicuna-7b""], [""mmke-entity"", ""qwen2.5-vl-3b""], [""mmke-entity"", ""paligemma-3b""], [""mmke-entity"", ""smolvlm-1.7b""]]"
observed_main,Ours-main/raw,3,all,20,68.8818,72.9325,68.5108,"[[""evqa-pilot500"", ""blip2-opt-2.7b""], [""evqa-pilot500"", ""instructblip-vicuna-7b""], [""evqa-pilot500"", ""minigpt-4-vicuna-7b""], [""evqa-pilot500"", ""llava-v1.5-7b""], [""evqa-pilot500"", ""qwen2.5-vl-3b""], [""evqa-pilot500"", ""paligemma-3b""], [""evqa-pilot500"", ""smolvlm-1.7b""], [""mmke-visual"", ""blip2-opt-2.7b""], [""mmke-visual"", ""instructblip-vicuna-7b""], [""mmke-visual"", ""minigpt-4-vicuna-7b""], [""mmke-visual"", ""llava-v1.5-7b""], [""mmke-visual"", ""qwen2.5-vl-3b""], [""mmke-visual"", ""paligemma-3b""], [""mmke-visual"", ""smolvlm-1.7b""], [""mmke-entity"", ""blip2-opt-2.7b""], [""mmke-entity"", ""instructblip-vicuna-7b""], [""mmke-entity"", ""minigpt-4-vicuna-7b""], [""mmke-entity"", ""qwen2.5-vl-3b""], [""mmke-entity"", ""paligemma-3b""], [""mmke-entity"", ""smolvlm-1.7b""]]"
observed_main,Ours-main/raw,3,coverage80,19,69.04105263157895,72.95505263157895,68.438,"[[""evqa-pilot500"", ""blip2-opt-2.7b""], [""evqa-pilot500"", ""instructblip-vicuna-7b""], [""evqa-pilot500"", ""minigpt-4-vicuna-7b""], [""evqa-pilot500"", ""llava-v1.5-7b""], [""evqa-pilot500"", ""qwen2.5-vl-3b""], [""evqa-pilot500"", ""paligemma-3b""], [""evqa-pilot500"", ""smolvlm-1.7b""], [""mmke-visual"", ""blip2-opt-2.7b""], [""mmke-visual"", ""instructblip-vicuna-7b""], [""mmke-visual"", ""minigpt-4-vicuna-7b""], [""mmke-visual"", ""llava-v1.5-7b""], [""mmke-visual"", ""qwen2.5-vl-3b""], [""mmke-visual"", ""paligemma-3b""], [""mmke-visual"", ""smolvlm-1.7b""], [""mmke-entity"", ""instructblip-vicuna-7b""], [""mmke-entity"", ""minigpt-4-vicuna-7b""], [""mmke-entity"", ""qwen2.5-vl-3b""], [""mmke-entity"", ""paligemma-3b""], [""mmke-entity"", ""smolvlm-1.7b""]]"
observed_main,Ours-main/raw,5,all,11,69.99236363636363,76.38836363636364,68.46803636363636,"[[""evqa-pilot500"", ""blip2-opt-2.7b""], [""evqa-pilot500"", ""qwen2.5-vl-3b""], [""evqa-pilot500"", ""paligemma-3b""], [""mmke-visual"", ""blip2-opt-2.7b""], [""mmke-visual"", ""instructblip-vicuna-7b""], [""mmke-visual"", ""minigpt-4-vicuna-7b""], [""mmke-visual"", ""paligemma-3b""], [""mmke-entity"", ""blip2-opt-2.7b""], [""mmke-entity"", ""instructblip-vicuna-7b""], [""mmke-entity"", ""qwen2.5-vl-3b""], [""mmke-entity"", ""paligemma-3b""]]"
observed_main,Ours-main/raw,5,coverage80,10,70.406,76.77680000000001,68.25612,"[[""evqa-pilot500"", ""blip2-opt-2.7b""], [""evqa-pilot500"", ""qwen2.5-vl-3b""], [""evqa-pilot500"", ""paligemma-3b""], [""mmke-visual"", ""blip2-opt-2.7b""], [""mmke-visual"", ""instructblip-vicuna-7b""], [""mmke-visual"", ""minigpt-4-vicuna-7b""], [""mmke-visual"", ""paligemma-3b""], [""mmke-entity"", ""instructblip-vicuna-7b""], [""mmke-entity"", ""qwen2.5-vl-3b""], [""mmke-entity"", ""paligemma-3b""]]"
observed_main,Ours-main/tukey,1,all,20,69.764,69.764,69.764,"[[""evqa-pilot500"", ""blip2-opt-2.7b""], [""evqa-pilot500"", ""instructblip-vicuna-7b""], [""evqa-pilot500"", ""minigpt-4-vicuna-7b""], [""evqa-pilot500"", ""llava-v1.5-7b""], [""evqa-pilot500"", ""qwen2.5-vl-3b""], [""evqa-pilot500"", ""paligemma-3b""], [""evqa-pilot500"", ""smolvlm-1.7b""], [""mmke-visual"", ""instructblip-vicuna-7b""], [""mmke-visual"", ""minigpt-4-vicuna-7b""], [""mmke-visual"", ""llava-v1.5-7b""], [""mmke-visual"", ""qwen2.5-vl-3b""], [""mmke-visual"", ""paligemma-3b""], [""mmke-visual"", ""smolvlm-1.7b""], [""mmke-entity"", ""blip2-opt-2.7b""], [""mmke-entity"", ""instructblip-vicuna-7b""], [""mmke-entity"", ""minigpt-4-vicuna-7b""], [""mmke-entity"", ""llava-v1.5-7b""], [""mmke-entity"", ""qwen2.5-vl-3b""], [""mmke-entity"", ""paligemma-3b""], [""mmke-entity"", ""smolvlm-1.7b""]]"
observed_main,Ours-main/tukey,1,coverage80,19,69.78073684210526,69.78073684210526,69.78073684210526,"[[""evqa-pilot500"", ""blip2-opt-2.7b""], [""evqa-pilot500"", ""instructblip-vicuna-7b""], [""evqa-pilot500"", ""minigpt-4-vicuna-7b""], [""evqa-pilot500"", ""llava-v1.5-7b""], [""evqa-pilot500"", ""qwen2.5-vl-3b""], [""evqa-pilot500"", ""paligemma-3b""], [""evqa-pilot500"", ""smolvlm-1.7b""], [""mmke-visual"", ""instructblip-vicuna-7b""], [""mmke-visual"", ""minigpt-4-vicuna-7b""], [""mmke-visual"", ""llava-v1.5-7b""], [""mmke-visual"", ""qwen2.5-vl-3b""], [""mmke-visual"", ""paligemma-3b""], [""mmke-visual"", ""smolvlm-1.7b""], [""mmke-entity"", ""instructblip-vicuna-7b""], [""mmke-entity"", ""minigpt-4-vicuna-7b""], [""mmke-entity"", ""llava-v1.5-7b""], [""mmke-entity"", ""qwen2.5-vl-3b""], [""mmke-entity"", ""paligemma-3b""], [""mmke-entity"", ""smolvlm-1.7b""]]"
observed_main,Ours-main/tukey,3,all,19,69.434,73.184,68.63943859649123,"[[""evqa-pilot500"", ""blip2-opt-2.7b""], [""evqa-pilot500"", ""instructblip-vicuna-7b""], [""evqa-pilot500"", ""minigpt-4-vicuna-7b""], [""evqa-pilot500"", ""llava-v1.5-7b""], [""evqa-pilot500"", ""qwen2.5-vl-3b""], [""evqa-pilot500"", ""paligemma-3b""], [""evqa-pilot500"", ""smolvlm-1.7b""], [""mmke-visual"", ""instructblip-vicuna-7b""], [""mmke-visual"", ""minigpt-4-vicuna-7b""], [""mmke-visual"", ""llava-v1.5-7b""], [""mmke-visual"", ""qwen2.5-vl-3b""], [""mmke-visual"", ""paligemma-3b""], [""mmke-visual"", ""smolvlm-1.7b""], [""mmke-entity"", ""blip2-opt-2.7b""], [""mmke-entity"", ""instructblip-vicuna-7b""], [""mmke-entity"", ""minigpt-4-vicuna-7b""], [""mmke-entity"", ""qwen2.5-vl-3b""], [""mmke-entity"", ""paligemma-3b""], [""mmke-entity"", ""smolvlm-1.7b""]]"
observed_main,Ours-main/tukey,3,coverage80,18,69.43333333333334,73.34633333333333,68.56711111111112,"[[""evqa-pilot500"", ""blip2-opt-2.7b""], [""evqa-pilot500"", ""instructblip-vicuna-7b""], [""evqa-pilot500"", ""minigpt-4-vicuna-7b""], [""evqa-pilot500"", ""llava-v1.5-7b""], [""evqa-pilot500"", ""qwen2.5-vl-3b""], [""evqa-pilot500"", ""paligemma-3b""], [""evqa-pilot500"", ""smolvlm-1.7b""], [""mmke-visual"", ""instructblip-vicuna-7b""], [""mmke-visual"", ""minigpt-4-vicuna-7b""], [""mmke-visual"", ""llava-v1.5-7b""], [""mmke-visual"", ""qwen2.5-vl-3b""], [""mmke-visual"", ""paligemma-3b""], [""mmke-visual"", ""smolvlm-1.7b""], [""mmke-entity"", ""instructblip-vicuna-7b""], [""mmke-entity"", ""minigpt-4-vicuna-7b""], [""mmke-entity"", ""qwen2.5-vl-3b""], [""mmke-entity"", ""paligemma-3b""], [""mmke-entity"", ""smolvlm-1.7b""]]"
observed_main,Ours-main/tukey,5,all,10,71.1526,77.4966,68.67856,"[[""evqa-pilot500"", ""blip2-opt-2.7b""], [""evqa-pilot500"", ""qwen2.5-vl-3b""], [""evqa-pilot500"", ""paligemma-3b""], [""mmke-visual"", ""instructblip-vicuna-7b""], [""mmke-visual"", ""minigpt-4-vicuna-7b""], [""mmke-visual"", ""paligemma-3b""], [""mmke-entity"", ""blip2-opt-2.7b""], [""mmke-entity"", ""instructblip-vicuna-7b""], [""mmke-entity"", ""qwen2.5-vl-3b""], [""mmke-entity"", ""paligemma-3b""]]"
observed_main,Ours-main/tukey,5,coverage80,9,71.34222222222222,78.25911111111111,68.52626666666667,"[[""evqa-pilot500"", ""blip2-opt-2.7b""], [""evqa-pilot500"", ""qwen2.5-vl-3b""], [""evqa-pilot500"", ""paligemma-3b""], [""mmke-visual"", ""instructblip-vicuna-7b""], [""mmke-visual"", ""minigpt-4-vicuna-7b""], [""mmke-visual"", ""paligemma-3b""], [""mmke-entity"", ""instructblip-vicuna-7b""], [""mmke-entity"", ""qwen2.5-vl-3b""], [""mmke-entity"", ""paligemma-3b""]]"
observed_main,Ours-no-direction/raw,1,all,19,70.26957894736842,70.26957894736842,70.26957894736842,"[[""evqa-pilot500"", ""blip2-opt-2.7b""], [""evqa-pilot500"", ""instructblip-vicuna-7b""], [""evqa-pilot500"", ""minigpt-4-vicuna-7b""], [""evqa-pilot500"", ""llava-v1.5-7b""], [""evqa-pilot500"", ""qwen2.5-vl-3b""], [""evqa-pilot500"", ""paligemma-3b""], [""evqa-pilot500"", ""smolvlm-1.7b""], [""mmke-visual"", ""blip2-opt-2.7b""], [""mmke-visual"", ""instructblip-vicuna-7b""], [""mmke-visual"", ""minigpt-4-vicuna-7b""], [""mmke-visual"", ""qwen2.5-vl-3b""], [""mmke-visual"", ""paligemma-3b""], [""mmke-visual"", ""smolvlm-1.7b""], [""mmke-entity"", ""blip2-opt-2.7b""], [""mmke-entity"", ""instructblip-vicuna-7b""], [""mmke-entity"", ""minigpt-4-vicuna-7b""], [""mmke-entity"", ""qwen2.5-vl-3b""], [""mmke-entity"", ""paligemma-3b""], [""mmke-entity"", ""smolvlm-1.7b""]]"
observed_main,Ours-no-direction/raw,1,coverage80,18,70.51477777777778,70.51477777777778,70.51477777777778,"[[""evqa-pilot500"", ""blip2-opt-2.7b""], [""evqa-pilot500"", ""instructblip-vicuna-7b""], [""evqa-pilot500"", ""minigpt-4-vicuna-7b""], [""evqa-pilot500"", ""llava-v1.5-7b""], [""evqa-pilot500"", ""qwen2.5-vl-3b""], [""evqa-pilot500"", ""paligemma-3b""], [""evqa-pilot500"", ""smolvlm-1.7b""], [""mmke-visual"", ""blip2-opt-2.7b""], [""mmke-visual"", ""instructblip-vicuna-7b""], [""mmke-visual"", ""minigpt-4-vicuna-7b""], [""mmke-visual"", ""qwen2.5-vl-3b""], [""mmke-visual"", ""paligemma-3b""], [""mmke-visual"", ""smolvlm-1.7b""], [""mmke-entity"", ""instructblip-vicuna-7b""], [""mmke-entity"", ""minigpt-4-vicuna-7b""], [""mmke-entity"", ""qwen2.5-vl-3b""], [""mmke-entity"", ""paligemma-3b""], [""mmke-entity"", ""smolvlm-1.7b""]]"
observed_main,Ours-no-direction/raw,3,all,17,71.77435294117647,74.29352941176471,69.46482352941177,"[[""evqa-pilot500"", ""blip2-opt-2.7b""], [""evqa-pilot500"", ""minigpt-4-vicuna-7b""], [""evqa-pilot500"", ""qwen2.5-vl-3b""], [""evqa-pilot500"", ""paligemma-3b""], [""evqa-pilot500"", ""smolvlm-1.7b""], [""mmke-visual"", ""blip2-opt-2.7b""], [""mmke-visual"", ""instructblip-vicuna-7b""], [""mmke-visual"", ""minigpt-4-vicuna-7b""], [""mmke-visual"", ""qwen2.5-vl-3b""], [""mmke-visual"", ""paligemma-3b""], [""mmke-visual"", ""smolvlm-1.7b""], [""mmke-entity"", ""blip2-opt-2.7b""], [""mmke-entity"", ""instructblip-vicuna-7b""], [""mmke-entity"", ""minigpt-4-vicuna-7b""], [""mmke-entity"", ""qwen2.5-vl-3b""], [""mmke-entity"", ""paligemma-3b""], [""mmke-entity"", ""smolvlm-1.7b""]]"
observed_main,Ours-no-direction/raw,3,coverage80,16,72.14425,74.405375,69.438,"[[""evqa-pilot500"", ""blip2-opt-2.7b""], [""evqa-pilot500"", ""minigpt-4-vicuna-7b""], [""evqa-pilot500"", ""qwen2.5-vl-3b""], [""evqa-pilot500"", ""paligemma-3b""], [""evqa-pilot500"", ""smolvlm-1.7b""], [""mmke-visual"", ""blip2-opt-2.7b""], [""mmke-visual"", ""instructblip-vicuna-7b""], [""mmke-visual"", ""minigpt-4-vicuna-7b""], [""mmke-visual"", ""qwen2.5-vl-3b""], [""mmke-visual"", ""paligemma-3b""], [""mmke-visual"", ""smolvlm-1.7b""], [""mmke-entity"", ""instructblip-vicuna-7b""], [""mmke-entity"", ""minigpt-4-vicuna-7b""], [""mmke-entity"", ""qwen2.5-vl-3b""], [""mmke-entity"", ""paligemma-3b""], [""mmke-entity"", ""smolvlm-1.7b""]]"
observed_main,Ours-no-direction/raw,5,all,9,74.35466666666667,78.10755555555556,69.78431111111111,"[[""evqa-pilot500"", ""blip2-opt-2.7b""], [""evqa-pilot500"", ""paligemma-3b""], [""mmke-visual"", ""blip2-opt-2.7b""], [""mmke-visual"", ""instructblip-vicuna-7b""], [""mmke-visual"", ""paligemma-3b""], [""mmke-entity"", ""blip2-opt-2.7b""], [""mmke-entity"", ""instructblip-vicuna-7b""], [""mmke-entity"", ""minigpt-4-vicuna-7b""], [""mmke-entity"", ""paligemma-3b""]]"
observed_main,Ours-no-direction/raw,5,coverage80,8,75.417,78.808,69.68395,"[[""evqa-pilot500"", ""blip2-opt-2.7b""], [""evqa-pilot500"", ""paligemma-3b""], [""mmke-visual"", ""blip2-opt-2.7b""], [""mmke-visual"", ""instructblip-vicuna-7b""], [""mmke-visual"", ""paligemma-3b""], [""mmke-entity"", ""instructblip-vicuna-7b""], [""mmke-entity"", ""minigpt-4-vicuna-7b""], [""mmke-entity"", ""paligemma-3b""]]"
observed_main,Ours-no-direction/tukey,1,all,17,70.38929411764705,70.38929411764705,70.38929411764705,"[[""evqa-pilot500"", ""blip2-opt-2.7b""], [""evqa-pilot500"", ""instructblip-vicuna-7b""], [""evqa-pilot500"", ""minigpt-4-vicuna-7b""], [""evqa-pilot500"", ""llava-v1.5-7b""], [""evqa-pilot500"", ""qwen2.5-vl-3b""], [""evqa-pilot500"", ""paligemma-3b""], [""evqa-pilot500"", ""smolvlm-1.7b""], [""mmke-visual"", ""instructblip-vicuna-7b""], [""mmke-visual"", ""minigpt-4-vicuna-7b""], [""mmke-visual"", ""qwen2.5-vl-3b""], [""mmke-visual"", ""paligemma-3b""], [""mmke-visual"", ""smolvlm-1.7b""], [""mmke-entity"", ""instructblip-vicuna-7b""], [""mmke-entity"", ""minigpt-4-vicuna-7b""], [""mmke-entity"", ""qwen2.5-vl-3b""], [""mmke-entity"", ""paligemma-3b""], [""mmke-entity"", ""smolvlm-1.7b""]]"
observed_main,Ours-no-direction/tukey,1,coverage80,17,70.38929411764705,70.38929411764705,70.38929411764705,"[[""evqa-pilot500"", ""blip2-opt-2.7b""], [""evqa-pilot500"", ""instructblip-vicuna-7b""], [""evqa-pilot500"", ""minigpt-4-vicuna-7b""], [""evqa-pilot500"", ""llava-v1.5-7b""], [""evqa-pilot500"", ""qwen2.5-vl-3b""], [""evqa-pilot500"", ""paligemma-3b""], [""evqa-pilot500"", ""smolvlm-1.7b""], [""mmke-visual"", ""instructblip-vicuna-7b""], [""mmke-visual"", ""minigpt-4-vicuna-7b""], [""mmke-visual"", ""qwen2.5-vl-3b""], [""mmke-visual"", ""paligemma-3b""], [""mmke-visual"", ""smolvlm-1.7b""], [""mmke-entity"", ""instructblip-vicuna-7b""], [""mmke-entity"", ""minigpt-4-vicuna-7b""], [""mmke-entity"", ""qwen2.5-vl-3b""], [""mmke-entity"", ""paligemma-3b""], [""mmke-entity"", ""smolvlm-1.7b""]]"
observed_main,Ours-no-direction/tukey,3,all,14,72.18642857142858,75.00314285714286,69.50814285714286,"[[""evqa-pilot500"", ""blip2-opt-2.7b""], [""evqa-pilot500"", ""minigpt-4-vicuna-7b""], [""evqa-pilot500"", ""qwen2.5-vl-3b""], [""evqa-pilot500"", ""paligemma-3b""], [""evqa-pilot500"", ""smolvlm-1.7b""], [""mmke-visual"", ""instructblip-vicuna-7b""], [""mmke-visual"", ""minigpt-4-vicuna-7b""], [""mmke-visual"", ""qwen2.5-vl-3b""], [""mmke-visual"", ""paligemma-3b""], [""mmke-visual"", ""smolvlm-1.7b""], [""mmke-entity"", ""instructblip-vicuna-7b""], [""mmke-entity"", ""minigpt-4-vicuna-7b""], [""mmke-entity"", ""qwen2.5-vl-3b""], [""mmke-entity"", ""paligemma-3b""]]"
observed_main,Ours-no-direction/tukey,3,coverage80,14,72.18642857142858,75.00314285714286,69.50814285714286,"[[""evqa-pilot500"", ""blip2-opt-2.7b""], [""evqa-pilot500"", ""minigpt-4-vicuna-7b""], [""evqa-pilot500"", ""qwen2.5-vl-3b""], [""evqa-pilot500"", ""paligemma-3b""], [""evqa-pilot500"", ""smolvlm-1.7b""], [""mmke-visual"", ""instructblip-vicuna-7b""], [""mmke-visual"", ""minigpt-4-vicuna-7b""], [""mmke-visual"", ""qwen2.5-vl-3b""], [""mmke-visual"", ""paligemma-3b""], [""mmke-visual"", ""smolvlm-1.7b""], [""mmke-entity"", ""instructblip-vicuna-7b""], [""mmke-entity"", ""minigpt-4-vicuna-7b""], [""mmke-entity"", ""qwen2.5-vl-3b""], [""mmke-entity"", ""paligemma-3b""]]"
observed_main,Ours-no-direction/tukey,5,all,7,77.32971428571429,81.004,70.23497142857143,"[[""evqa-pilot500"", ""blip2-opt-2.7b""], [""evqa-pilot500"", ""paligemma-3b""], [""mmke-visual"", ""instructblip-vicuna-7b""], [""mmke-visual"", ""paligemma-3b""], [""mmke-entity"", ""instructblip-vicuna-7b""], [""mmke-entity"", ""minigpt-4-vicuna-7b""], [""mmke-entity"", ""paligemma-3b""]]"
observed_main,Ours-no-direction/tukey,5,coverage80,7,77.32971428571429,81.004,70.23497142857143,"[[""evqa-pilot500"", ""blip2-opt-2.7b""], [""evqa-pilot500"", ""paligemma-3b""], [""mmke-visual"", ""instructblip-vicuna-7b""], [""mmke-visual"", ""paligemma-3b""], [""mmke-entity"", ""instructblip-vicuna-7b""], [""mmke-entity"", ""minigpt-4-vicuna-7b""], [""mmke-entity"", ""paligemma-3b""]]"
observed_main,LGA-Visual/raw,1,all,17,68.93764705882353,68.93764705882353,68.93764705882353,"[[""evqa-pilot500"", ""blip2-opt-2.7b""], [""evqa-pilot500"", ""instructblip-vicuna-7b""], [""evqa-pilot500"", ""minigpt-4-vicuna-7b""], [""evqa-pilot500"", ""llava-v1.5-7b""], [""evqa-pilot500"", ""qwen2.5-vl-3b""], [""evqa-pilot500"", ""paligemma-3b""], [""mmke-visual"", ""blip2-opt-2.7b""], [""mmke-visual"", ""instructblip-vicuna-7b""], [""mmke-visual"", ""minigpt-4-vicuna-7b""], [""mmke-visual"", ""qwen2.5-vl-3b""], [""mmke-visual"", ""paligemma-3b""], [""mmke-visual"", ""smolvlm-1.7b""], [""mmke-entity"", ""instructblip-vicuna-7b""], [""mmke-entity"", ""minigpt-4-vicuna-7b""], [""mmke-entity"", ""qwen2.5-vl-3b""], [""mmke-entity"", ""paligemma-3b""], [""mmke-entity"", ""smolvlm-1.7b""]]"
observed_main,LGA-Visual/raw,1,coverage80,17,68.93764705882353,68.93764705882353,68.93764705882353,"[[""evqa-pilot500"", ""blip2-opt-2.7b""], [""evqa-pilot500"", ""instructblip-vicuna-7b""], [""evqa-pilot500"", ""minigpt-4-vicuna-7b""], [""evqa-pilot500"", ""llava-v1.5-7b""], [""evqa-pilot500"", ""qwen2.5-vl-3b""], [""evqa-pilot500"", ""paligemma-3b""], [""mmke-visual"", ""blip2-opt-2.7b""], [""mmke-visual"", ""instructblip-vicuna-7b""], [""mmke-visual"", ""minigpt-4-vicuna-7b""], [""mmke-visual"", ""qwen2.5-vl-3b""], [""mmke-visual"", ""paligemma-3b""], [""mmke-visual"", ""smolvlm-1.7b""], [""mmke-entity"", ""instructblip-vicuna-7b""], [""mmke-entity"", ""minigpt-4-vicuna-7b""], [""mmke-entity"", ""qwen2.5-vl-3b""], [""mmke-entity"", ""paligemma-3b""], [""mmke-entity"", ""smolvlm-1.7b""]]"
observed_main,LGA-Visual/raw,3,all,13,69.7163076923077,73.724,68.26815384615385,"[[""evqa-pilot500"", ""blip2-opt-2.7b""], [""evqa-pilot500"", ""instructblip-vicuna-7b""], [""evqa-pilot500"", ""minigpt-4-vicuna-7b""], [""evqa-pilot500"", ""paligemma-3b""], [""mmke-visual"", ""blip2-opt-2.7b""], [""mmke-visual"", ""instructblip-vicuna-7b""], [""mmke-visual"", ""qwen2.5-vl-3b""], [""mmke-visual"", ""paligemma-3b""], [""mmke-visual"", ""smolvlm-1.7b""], [""mmke-entity"", ""instructblip-vicuna-7b""], [""mmke-entity"", ""qwen2.5-vl-3b""], [""mmke-entity"", ""paligemma-3b""], [""mmke-entity"", ""smolvlm-1.7b""]]"
observed_main,LGA-Visual/raw,3,coverage80,13,69.7163076923077,73.724,68.26815384615385,"[[""evqa-pilot500"", ""blip2-opt-2.7b""], [""evqa-pilot500"", ""instructblip-vicuna-7b""], [""evqa-pilot500"", ""minigpt-4-vicuna-7b""], [""evqa-pilot500"", ""paligemma-3b""], [""mmke-visual"", ""blip2-opt-2.7b""], [""mmke-visual"", ""instructblip-vicuna-7b""], [""mmke-visual"", ""qwen2.5-vl-3b""], [""mmke-visual"", ""paligemma-3b""], [""mmke-visual"", ""smolvlm-1.7b""], [""mmke-entity"", ""instructblip-vicuna-7b""], [""mmke-entity"", ""qwen2.5-vl-3b""], [""mmke-entity"", ""paligemma-3b""], [""mmke-entity"", ""smolvlm-1.7b""]]"
observed_main,LGA-Visual/raw,5,all,7,71.16885714285715,79.09914285714285,66.8217142857143,"[[""evqa-pilot500"", ""blip2-opt-2.7b""], [""evqa-pilot500"", ""minigpt-4-vicuna-7b""], [""evqa-pilot500"", ""paligemma-3b""], [""mmke-visual"", ""instructblip-vicuna-7b""], [""mmke-visual"", ""paligemma-3b""], [""mmke-entity"", ""instructblip-vicuna-7b""], [""mmke-entity"", ""paligemma-3b""]]"
observed_main,LGA-Visual/raw,5,coverage80,7,71.16885714285715,79.09914285714285,66.8217142857143,"[[""evqa-pilot500"", ""blip2-opt-2.7b""], [""evqa-pilot500"", ""minigpt-4-vicuna-7b""], [""evqa-pilot500"", ""paligemma-3b""], [""mmke-visual"", ""instructblip-vicuna-7b""], [""mmke-visual"", ""paligemma-3b""], [""mmke-entity"", ""instructblip-vicuna-7b""], [""mmke-entity"", ""paligemma-3b""]]"
observed_main,LGA-Visual/tukey,1,all,14,69.59714285714286,69.59714285714286,69.59714285714286,"[[""evqa-pilot500"", ""blip2-opt-2.7b""], [""evqa-pilot500"", ""instructblip-vicuna-7b""], [""evqa-pilot500"", ""minigpt-4-vicuna-7b""], [""evqa-pilot500"", ""llava-v1.5-7b""], [""evqa-pilot500"", ""qwen2.5-vl-3b""], [""evqa-pilot500"", ""paligemma-3b""], [""mmke-visual"", ""instructblip-vicuna-7b""], [""mmke-visual"", ""qwen2.5-vl-3b""], [""mmke-visual"", ""paligemma-3b""], [""mmke-visual"", ""smolvlm-1.7b""], [""mmke-entity"", ""instructblip-vicuna-7b""], [""mmke-entity"", ""qwen2.5-vl-3b""], [""mmke-entity"", ""paligemma-3b""], [""mmke-entity"", ""smolvlm-1.7b""]]"
observed_main,LGA-Visual/tukey,1,coverage80,14,69.59714285714286,69.59714285714286,69.59714285714286,"[[""evqa-pilot500"", ""blip2-opt-2.7b""], [""evqa-pilot500"", ""instructblip-vicuna-7b""], [""evqa-pilot500"", ""minigpt-4-vicuna-7b""], [""evqa-pilot500"", ""llava-v1.5-7b""], [""evqa-pilot500"", ""qwen2.5-vl-3b""], [""evqa-pilot500"", ""paligemma-3b""], [""mmke-visual"", ""instructblip-vicuna-7b""], [""mmke-visual"", ""qwen2.5-vl-3b""], [""mmke-visual"", ""paligemma-3b""], [""mmke-visual"", ""smolvlm-1.7b""], [""mmke-entity"", ""instructblip-vicuna-7b""], [""mmke-entity"", ""qwen2.5-vl-3b""], [""mmke-entity"", ""paligemma-3b""], [""mmke-entity"", ""smolvlm-1.7b""]]"
observed_main,LGA-Visual/tukey,3,all,8,74.24725000000001,78.405,71.65166666666667,"[[""evqa-pilot500"", ""minigpt-4-vicuna-7b""], [""evqa-pilot500"", ""paligemma-3b""], [""mmke-visual"", ""instructblip-vicuna-7b""], [""mmke-visual"", ""paligemma-3b""], [""mmke-visual"", ""smolvlm-1.7b""], [""mmke-entity"", ""instructblip-vicuna-7b""], [""mmke-entity"", ""qwen2.5-vl-3b""], [""mmke-entity"", ""paligemma-3b""]]"
observed_main,LGA-Visual/tukey,3,coverage80,8,74.24725000000001,78.405,71.65166666666667,"[[""evqa-pilot500"", ""minigpt-4-vicuna-7b""], [""evqa-pilot500"", ""paligemma-3b""], [""mmke-visual"", ""instructblip-vicuna-7b""], [""mmke-visual"", ""paligemma-3b""], [""mmke-visual"", ""smolvlm-1.7b""], [""mmke-entity"", ""instructblip-vicuna-7b""], [""mmke-entity"", ""qwen2.5-vl-3b""], [""mmke-entity"", ""paligemma-3b""]]"
observed_main,LGA-Visual/tukey,5,all,6,75.06633333333333,80.95433333333334,68.96413333333334,"[[""evqa-pilot500"", ""minigpt-4-vicuna-7b""], [""evqa-pilot500"", ""paligemma-3b""], [""mmke-visual"", ""instructblip-vicuna-7b""], [""mmke-visual"", ""paligemma-3b""], [""mmke-entity"", ""instructblip-vicuna-7b""], [""mmke-entity"", ""paligemma-3b""]]"
observed_main,LGA-Visual/tukey,5,coverage80,6,75.06633333333333,80.95433333333334,68.96413333333334,"[[""evqa-pilot500"", ""minigpt-4-vicuna-7b""], [""evqa-pilot500"", ""paligemma-3b""], [""mmke-visual"", ""instructblip-vicuna-7b""], [""mmke-visual"", ""paligemma-3b""], [""mmke-entity"", ""instructblip-vicuna-7b""], [""mmke-entity"", ""paligemma-3b""]]"
observed_main,LGA-Param/raw,1,all,20,60.4745,60.4745,60.4745,"[[""evqa-pilot500"", ""blip2-opt-2.7b""], [""evqa-pilot500"", ""instructblip-vicuna-7b""], [""evqa-pilot500"", ""minigpt-4-vicuna-7b""], [""evqa-pilot500"", ""llava-v1.5-7b""], [""evqa-pilot500"", ""qwen2.5-vl-3b""], [""evqa-pilot500"", ""paligemma-3b""], [""evqa-pilot500"", ""smolvlm-1.7b""], [""mmke-visual"", ""blip2-opt-2.7b""], [""mmke-visual"", ""instructblip-vicuna-7b""], [""mmke-visual"", ""minigpt-4-vicuna-7b""], [""mmke-visual"", ""llava-v1.5-7b""], [""mmke-visual"", ""qwen2.5-vl-3b""], [""mmke-visual"", ""paligemma-3b""], [""mmke-visual"", ""smolvlm-1.7b""], [""mmke-entity"", ""blip2-opt-2.7b""], [""mmke-entity"", ""instructblip-vicuna-7b""], [""mmke-entity"", ""minigpt-4-vicuna-7b""], [""mmke-entity"", ""qwen2.5-vl-3b""], [""mmke-entity"", ""paligemma-3b""], [""mmke-entity"", ""smolvlm-1.7b""]]"
observed_main,LGA-Param/raw,1,coverage80,16,61.72275,61.72275,61.72275,"[[""evqa-pilot500"", ""blip2-opt-2.7b""], [""evqa-pilot500"", ""minigpt-4-vicuna-7b""], [""evqa-pilot500"", ""qwen2.5-vl-3b""], [""evqa-pilot500"", ""smolvlm-1.7b""], [""mmke-visual"", ""blip2-opt-2.7b""], [""mmke-visual"", ""instructblip-vicuna-7b""], [""mmke-visual"", ""minigpt-4-vicuna-7b""], [""mmke-visual"", ""llava-v1.5-7b""], [""mmke-visual"", ""qwen2.5-vl-3b""], [""mmke-visual"", ""paligemma-3b""], [""mmke-visual"", ""smolvlm-1.7b""], [""mmke-entity"", ""instructblip-vicuna-7b""], [""mmke-entity"", ""minigpt-4-vicuna-7b""], [""mmke-entity"", ""qwen2.5-vl-3b""], [""mmke-entity"", ""paligemma-3b""], [""mmke-entity"", ""smolvlm-1.7b""]]"
observed_main,LGA-Param/raw,3,all,20,60.4745,70.4031,63.74316666666667,"[[""evqa-pilot500"", ""blip2-opt-2.7b""], [""evqa-pilot500"", ""instructblip-vicuna-7b""], [""evqa-pilot500"", ""minigpt-4-vicuna-7b""], [""evqa-pilot500"", ""llava-v1.5-7b""], [""evqa-pilot500"", ""qwen2.5-vl-3b""], [""evqa-pilot500"", ""paligemma-3b""], [""evqa-pilot500"", ""smolvlm-1.7b""], [""mmke-visual"", ""blip2-opt-2.7b""], [""mmke-visual"", ""instructblip-vicuna-7b""], [""mmke-visual"", ""minigpt-4-vicuna-7b""], [""mmke-visual"", ""llava-v1.5-7b""], [""mmke-visual"", ""qwen2.5-vl-3b""], [""mmke-visual"", ""paligemma-3b""], [""mmke-visual"", ""smolvlm-1.7b""], [""mmke-entity"", ""blip2-opt-2.7b""], [""mmke-entity"", ""instructblip-vicuna-7b""], [""mmke-entity"", ""minigpt-4-vicuna-7b""], [""mmke-entity"", ""qwen2.5-vl-3b""], [""mmke-entity"", ""paligemma-3b""], [""mmke-entity"", ""smolvlm-1.7b""]]"
observed_main,LGA-Param/raw,3,coverage80,16,61.72275,71.552375,65.01858333333334,"[[""evqa-pilot500"", ""blip2-opt-2.7b""], [""evqa-pilot500"", ""minigpt-4-vicuna-7b""], [""evqa-pilot500"", ""qwen2.5-vl-3b""], [""evqa-pilot500"", ""smolvlm-1.7b""], [""mmke-visual"", ""blip2-opt-2.7b""], [""mmke-visual"", ""instructblip-vicuna-7b""], [""mmke-visual"", ""minigpt-4-vicuna-7b""], [""mmke-visual"", ""llava-v1.5-7b""], [""mmke-visual"", ""qwen2.5-vl-3b""], [""mmke-visual"", ""paligemma-3b""], [""mmke-visual"", ""smolvlm-1.7b""], [""mmke-entity"", ""instructblip-vicuna-7b""], [""mmke-entity"", ""minigpt-4-vicuna-7b""], [""mmke-entity"", ""qwen2.5-vl-3b""], [""mmke-entity"", ""paligemma-3b""], [""mmke-entity"", ""smolvlm-1.7b""]]"
observed_main,LGA-Param/raw,5,all,13,60.93953846153846,74.80292307692308,66.71144615384615,"[[""evqa-pilot500"", ""blip2-opt-2.7b""], [""evqa-pilot500"", ""qwen2.5-vl-3b""], [""mmke-visual"", ""blip2-opt-2.7b""], [""mmke-visual"", ""instructblip-vicuna-7b""], [""mmke-visual"", ""qwen2.5-vl-3b""], [""mmke-visual"", ""paligemma-3b""], [""mmke-visual"", ""smolvlm-1.7b""], [""mmke-entity"", ""blip2-opt-2.7b""], [""mmke-entity"", ""instructblip-vicuna-7b""], [""mmke-entity"", ""minigpt-4-vicuna-7b""], [""mmke-entity"", ""qwen2.5-vl-3b""], [""mmke-entity"", ""paligemma-3b""], [""mmke-entity"", ""smolvlm-1.7b""]]"
observed_main,LGA-Param/raw,5,coverage80,12,60.230666666666664,75.18133333333334,66.4453,"[[""evqa-pilot500"", ""blip2-opt-2.7b""], [""evqa-pilot500"", ""qwen2.5-vl-3b""], [""mmke-visual"", ""blip2-opt-2.7b""], [""mmke-visual"", ""instructblip-vicuna-7b""], [""mmke-visual"", ""qwen2.5-vl-3b""], [""mmke-visual"", ""paligemma-3b""], [""mmke-visual"", ""smolvlm-1.7b""], [""mmke-entity"", ""instructblip-vicuna-7b""], [""mmke-entity"", ""minigpt-4-vicuna-7b""], [""mmke-entity"", ""qwen2.5-vl-3b""], [""mmke-entity"", ""paligemma-3b""], [""mmke-entity"", ""smolvlm-1.7b""]]"
observed_main,LGA-Param/tukey,1,all,20,69.9831,69.9831,69.9831,"[[""evqa-pilot500"", ""blip2-opt-2.7b""], [""evqa-pilot500"", ""minigpt-4-vicuna-7b""], [""evqa-pilot500"", ""llava-v1.5-7b""], [""evqa-pilot500"", ""qwen2.5-vl-3b""], [""evqa-pilot500"", ""paligemma-3b""], [""evqa-pilot500"", ""smolvlm-1.7b""], [""mmke-visual"", ""blip2-opt-2.7b""], [""mmke-visual"", ""instructblip-vicuna-7b""], [""mmke-visual"", ""minigpt-4-vicuna-7b""], [""mmke-visual"", ""llava-v1.5-7b""], [""mmke-visual"", ""qwen2.5-vl-3b""], [""mmke-visual"", ""paligemma-3b""], [""mmke-visual"", ""smolvlm-1.7b""], [""mmke-entity"", ""blip2-opt-2.7b""], [""mmke-entity"", ""instructblip-vicuna-7b""], [""mmke-entity"", ""minigpt-4-vicuna-7b""], [""mmke-entity"", ""llava-v1.5-7b""], [""mmke-entity"", ""qwen2.5-vl-3b""], [""mmke-entity"", ""paligemma-3b""], [""mmke-entity"", ""smolvlm-1.7b""]]"
observed_main,LGA-Param/tukey,1,coverage80,17,70.12635294117646,70.12635294117646,70.12635294117646,"[[""evqa-pilot500"", ""blip2-opt-2.7b""], [""evqa-pilot500"", ""minigpt-4-vicuna-7b""], [""evqa-pilot500"", ""qwen2.5-vl-3b""], [""evqa-pilot500"", ""smolvlm-1.7b""], [""mmke-visual"", ""blip2-opt-2.7b""], [""mmke-visual"", ""instructblip-vicuna-7b""], [""mmke-visual"", ""minigpt-4-vicuna-7b""], [""mmke-visual"", ""llava-v1.5-7b""], [""mmke-visual"", ""qwen2.5-vl-3b""], [""mmke-visual"", ""paligemma-3b""], [""mmke-visual"", ""smolvlm-1.7b""], [""mmke-entity"", ""instructblip-vicuna-7b""], [""mmke-entity"", ""minigpt-4-vicuna-7b""], [""mmke-entity"", ""llava-v1.5-7b""], [""mmke-entity"", ""qwen2.5-vl-3b""], [""mmke-entity"", ""paligemma-3b""], [""mmke-entity"", ""smolvlm-1.7b""]]"
observed_main,LGA-Param/tukey,3,all,18,69.37188888888889,71.63244444444445,68.05318518518519,"[[""evqa-pilot500"", ""blip2-opt-2.7b""], [""evqa-pilot500"", ""minigpt-4-vicuna-7b""], [""evqa-pilot500"", ""llava-v1.5-7b""], [""evqa-pilot500"", ""qwen2.5-vl-3b""], [""evqa-pilot500"", ""paligemma-3b""], [""evqa-pilot500"", ""smolvlm-1.7b""], [""mmke-visual"", ""blip2-opt-2.7b""], [""mmke-visual"", ""instructblip-vicuna-7b""], [""mmke-visual"", ""minigpt-4-vicuna-7b""], [""mmke-visual"", ""llava-v1.5-7b""], [""mmke-visual"", ""qwen2.5-vl-3b""], [""mmke-visual"", ""paligemma-3b""], [""mmke-visual"", ""smolvlm-1.7b""], [""mmke-entity"", ""blip2-opt-2.7b""], [""mmke-entity"", ""instructblip-vicuna-7b""], [""mmke-entity"", ""qwen2.5-vl-3b""], [""mmke-entity"", ""paligemma-3b""], [""mmke-entity"", ""smolvlm-1.7b""]]"
observed_main,LGA-Param/tukey,3,coverage80,15,69.412,71.68533333333333,68.59911111111111,"[[""evqa-pilot500"", ""blip2-opt-2.7b""], [""evqa-pilot500"", ""minigpt-4-vicuna-7b""], [""evqa-pilot500"", ""qwen2.5-vl-3b""], [""evqa-pilot500"", ""smolvlm-1.7b""], [""mmke-visual"", ""blip2-opt-2.7b""], [""mmke-visual"", ""instructblip-vicuna-7b""], [""mmke-visual"", ""minigpt-4-vicuna-7b""], [""mmke-visual"", ""llava-v1.5-7b""], [""mmke-visual"", ""qwen2.5-vl-3b""], [""mmke-visual"", ""paligemma-3b""], [""mmke-visual"", ""smolvlm-1.7b""], [""mmke-entity"", ""instructblip-vicuna-7b""], [""mmke-entity"", ""qwen2.5-vl-3b""], [""mmke-entity"", ""paligemma-3b""], [""mmke-entity"", ""smolvlm-1.7b""]]"
observed_main,LGA-Param/tukey,5,all,8,68.461,71.89775,64.23755,"[[""evqa-pilot500"", ""blip2-opt-2.7b""], [""mmke-visual"", ""blip2-opt-2.7b""], [""mmke-visual"", ""instructblip-vicuna-7b""], [""mmke-visual"", ""qwen2.5-vl-3b""], [""mmke-visual"", ""smolvlm-1.7b""], [""mmke-entity"", ""blip2-opt-2.7b""], [""mmke-entity"", ""instructblip-vicuna-7b""], [""mmke-entity"", ""paligemma-3b""]]"
observed_main,LGA-Param/tukey,5,coverage80,7,68.32028571428572,72.13142857142857,63.427885714285715,"[[""evqa-pilot500"", ""blip2-opt-2.7b""], [""mmke-visual"", ""blip2-opt-2.7b""], [""mmke-visual"", ""instructblip-vicuna-7b""], [""mmke-visual"", ""qwen2.5-vl-3b""], [""mmke-visual"", ""smolvlm-1.7b""], [""mmke-entity"", ""instructblip-vicuna-7b""], [""mmke-entity"", ""paligemma-3b""]]"
main_without_flagged,Ours-signed-direction/raw,1,all,17,68.20988235294118,68.20988235294118,68.20988235294118,"[[""evqa-pilot500"", ""blip2-opt-2.7b""], [""evqa-pilot500"", ""instructblip-vicuna-7b""], [""evqa-pilot500"", ""minigpt-4-vicuna-7b""], [""evqa-pilot500"", ""llava-v1.5-7b""], [""evqa-pilot500"", ""qwen2.5-vl-3b""], [""evqa-pilot500"", ""paligemma-3b""], [""mmke-visual"", ""blip2-opt-2.7b""], [""mmke-visual"", ""instructblip-vicuna-7b""], [""mmke-visual"", ""minigpt-4-vicuna-7b""], [""mmke-visual"", ""qwen2.5-vl-3b""], [""mmke-visual"", ""smolvlm-1.7b""], [""mmke-entity"", ""blip2-opt-2.7b""], [""mmke-entity"", ""instructblip-vicuna-7b""], [""mmke-entity"", ""minigpt-4-vicuna-7b""], [""mmke-entity"", ""qwen2.5-vl-3b""], [""mmke-entity"", ""paligemma-3b""], [""mmke-entity"", ""smolvlm-1.7b""]]"
main_without_flagged,Ours-signed-direction/raw,1,coverage80,16,68.357,68.357,68.357,"[[""evqa-pilot500"", ""blip2-opt-2.7b""], [""evqa-pilot500"", ""instructblip-vicuna-7b""], [""evqa-pilot500"", ""minigpt-4-vicuna-7b""], [""evqa-pilot500"", ""llava-v1.5-7b""], [""evqa-pilot500"", ""qwen2.5-vl-3b""], [""evqa-pilot500"", ""paligemma-3b""], [""mmke-visual"", ""blip2-opt-2.7b""], [""mmke-visual"", ""instructblip-vicuna-7b""], [""mmke-visual"", ""minigpt-4-vicuna-7b""], [""mmke-visual"", ""qwen2.5-vl-3b""], [""mmke-visual"", ""smolvlm-1.7b""], [""mmke-entity"", ""instructblip-vicuna-7b""], [""mmke-entity"", ""minigpt-4-vicuna-7b""], [""mmke-entity"", ""qwen2.5-vl-3b""], [""mmke-entity"", ""paligemma-3b""], [""mmke-entity"", ""smolvlm-1.7b""]]"
main_without_flagged,Ours-signed-direction/raw,3,all,15,68.88906666666666,71.18666666666667,68.44031111111111,"[[""evqa-pilot500"", ""blip2-opt-2.7b""], [""evqa-pilot500"", ""instructblip-vicuna-7b""], [""evqa-pilot500"", ""minigpt-4-vicuna-7b""], [""evqa-pilot500"", ""qwen2.5-vl-3b""], [""evqa-pilot500"", ""paligemma-3b""], [""mmke-visual"", ""blip2-opt-2.7b""], [""mmke-visual"", ""instructblip-vicuna-7b""], [""mmke-visual"", ""qwen2.5-vl-3b""], [""mmke-visual"", ""smolvlm-1.7b""], [""mmke-entity"", ""blip2-opt-2.7b""], [""mmke-entity"", ""instructblip-vicuna-7b""], [""mmke-entity"", ""minigpt-4-vicuna-7b""], [""mmke-entity"", ""qwen2.5-vl-3b""], [""mmke-entity"", ""paligemma-3b""], [""mmke-entity"", ""smolvlm-1.7b""]]"
main_without_flagged,Ours-signed-direction/raw,3,coverage80,14,69.10571428571428,71.09257142857143,68.33647619047619,"[[""evqa-pilot500"", ""blip2-opt-2.7b""], [""evqa-pilot500"", ""instructblip-vicuna-7b""], [""evqa-pilot500"", ""minigpt-4-vicuna-7b""], [""evqa-pilot500"", ""qwen2.5-vl-3b""], [""evqa-pilot500"", ""paligemma-3b""], [""mmke-visual"", ""blip2-opt-2.7b""], [""mmke-visual"", ""instructblip-vicuna-7b""], [""mmke-visual"", ""qwen2.5-vl-3b""], [""mmke-visual"", ""smolvlm-1.7b""], [""mmke-entity"", ""instructblip-vicuna-7b""], [""mmke-entity"", ""minigpt-4-vicuna-7b""], [""mmke-entity"", ""qwen2.5-vl-3b""], [""mmke-entity"", ""paligemma-3b""], [""mmke-entity"", ""smolvlm-1.7b""]]"
main_without_flagged,Ours-signed-direction/raw,5,all,9,70.08777777777777,73.824,68.25533333333334,"[[""evqa-pilot500"", ""blip2-opt-2.7b""], [""evqa-pilot500"", ""qwen2.5-vl-3b""], [""evqa-pilot500"", ""paligemma-3b""], [""mmke-visual"", ""blip2-opt-2.7b""], [""mmke-visual"", ""instructblip-vicuna-7b""], [""mmke-entity"", ""blip2-opt-2.7b""], [""mmke-entity"", ""instructblip-vicuna-7b""], [""mmke-entity"", ""qwen2.5-vl-3b""], [""mmke-entity"", ""paligemma-3b""]]"
main_without_flagged,Ours-signed-direction/raw,5,coverage80,8,70.61675,73.989,67.96385000000001,"[[""evqa-pilot500"", ""blip2-opt-2.7b""], [""evqa-pilot500"", ""qwen2.5-vl-3b""], [""evqa-pilot500"", ""paligemma-3b""], [""mmke-visual"", ""blip2-opt-2.7b""], [""mmke-visual"", ""instructblip-vicuna-7b""], [""mmke-entity"", ""instructblip-vicuna-7b""], [""mmke-entity"", ""qwen2.5-vl-3b""], [""mmke-entity"", ""paligemma-3b""]]"
main_without_flagged,Ours-signed-direction/tukey,1,all,15,69.24413333333334,69.24413333333334,69.24413333333334,"[[""evqa-pilot500"", ""blip2-opt-2.7b""], [""evqa-pilot500"", ""instructblip-vicuna-7b""], [""evqa-pilot500"", ""minigpt-4-vicuna-7b""], [""evqa-pilot500"", ""llava-v1.5-7b""], [""evqa-pilot500"", ""qwen2.5-vl-3b""], [""evqa-pilot500"", ""paligemma-3b""], [""mmke-visual"", ""instructblip-vicuna-7b""], [""mmke-visual"", ""minigpt-4-vicuna-7b""], [""mmke-visual"", ""qwen2.5-vl-3b""], [""mmke-visual"", ""smolvlm-1.7b""], [""mmke-entity"", ""instructblip-vicuna-7b""], [""mmke-entity"", ""minigpt-4-vicuna-7b""], [""mmke-entity"", ""qwen2.5-vl-3b""], [""mmke-entity"", ""paligemma-3b""], [""mmke-entity"", ""smolvlm-1.7b""]]"
main_without_flagged,Ours-signed-direction/tukey,1,coverage80,15,69.24413333333334,69.24413333333334,69.24413333333334,"[[""evqa-pilot500"", ""blip2-opt-2.7b""], [""evqa-pilot500"", ""instructblip-vicuna-7b""], [""evqa-pilot500"", ""minigpt-4-vicuna-7b""], [""evqa-pilot500"", ""llava-v1.5-7b""], [""evqa-pilot500"", ""qwen2.5-vl-3b""], [""evqa-pilot500"", ""paligemma-3b""], [""mmke-visual"", ""instructblip-vicuna-7b""], [""mmke-visual"", ""minigpt-4-vicuna-7b""], [""mmke-visual"", ""qwen2.5-vl-3b""], [""mmke-visual"", ""smolvlm-1.7b""], [""mmke-entity"", ""instructblip-vicuna-7b""], [""mmke-entity"", ""minigpt-4-vicuna-7b""], [""mmke-entity"", ""qwen2.5-vl-3b""], [""mmke-entity"", ""paligemma-3b""], [""mmke-entity"", ""smolvlm-1.7b""]]"
main_without_flagged,Ours-signed-direction/tukey,3,all,13,69.63461538461539,71.47553846153846,68.54964102564102,"[[""evqa-pilot500"", ""blip2-opt-2.7b""], [""evqa-pilot500"", ""instructblip-vicuna-7b""], [""evqa-pilot500"", ""minigpt-4-vicuna-7b""], [""evqa-pilot500"", ""qwen2.5-vl-3b""], [""evqa-pilot500"", ""paligemma-3b""], [""mmke-visual"", ""instructblip-vicuna-7b""], [""mmke-visual"", ""minigpt-4-vicuna-7b""], [""mmke-visual"", ""qwen2.5-vl-3b""], [""mmke-visual"", ""smolvlm-1.7b""], [""mmke-entity"", ""instructblip-vicuna-7b""], [""mmke-entity"", ""qwen2.5-vl-3b""], [""mmke-entity"", ""paligemma-3b""], [""mmke-entity"", ""smolvlm-1.7b""]]"
main_without_flagged,Ours-signed-direction/tukey,3,coverage80,13,69.63461538461539,71.47553846153846,68.54964102564102,"[[""evqa-pilot500"", ""blip2-opt-2.7b""], [""evqa-pilot500"", ""instructblip-vicuna-7b""], [""evqa-pilot500"", ""minigpt-4-vicuna-7b""], [""evqa-pilot500"", ""qwen2.5-vl-3b""], [""evqa-pilot500"", ""paligemma-3b""], [""mmke-visual"", ""instructblip-vicuna-7b""], [""mmke-visual"", ""minigpt-4-vicuna-7b""], [""mmke-visual"", ""qwen2.5-vl-3b""], [""mmke-visual"", ""smolvlm-1.7b""], [""mmke-entity"", ""instructblip-vicuna-7b""], [""mmke-entity"", ""qwen2.5-vl-3b""], [""mmke-entity"", ""paligemma-3b""], [""mmke-entity"", ""smolvlm-1.7b""]]"
main_without_flagged,Ours-signed-direction/tukey,5,all,7,71.84371428571428,75.49657142857143,68.26914285714285,"[[""evqa-pilot500"", ""blip2-opt-2.7b""], [""evqa-pilot500"", ""qwen2.5-vl-3b""], [""evqa-pilot500"", ""paligemma-3b""], [""mmke-visual"", ""instructblip-vicuna-7b""], [""mmke-entity"", ""instructblip-vicuna-7b""], [""mmke-entity"", ""qwen2.5-vl-3b""], [""mmke-entity"", ""paligemma-3b""]]"
main_without_flagged,Ours-signed-direction/tukey,5,coverage80,7,71.84371428571428,75.49657142857143,68.26914285714285,"[[""evqa-pilot500"", ""blip2-opt-2.7b""], [""evqa-pilot500"", ""qwen2.5-vl-3b""], [""evqa-pilot500"", ""paligemma-3b""], [""mmke-visual"", ""instructblip-vicuna-7b""], [""mmke-entity"", ""instructblip-vicuna-7b""], [""mmke-entity"", ""qwen2.5-vl-3b""], [""mmke-entity"", ""paligemma-3b""]]"
main_without_flagged,Ours-main/raw,1,all,19,69.21536842105263,69.21536842105263,69.21536842105263,"[[""evqa-pilot500"", ""blip2-opt-2.7b""], [""evqa-pilot500"", ""instructblip-vicuna-7b""], [""evqa-pilot500"", ""minigpt-4-vicuna-7b""], [""evqa-pilot500"", ""llava-v1.5-7b""], [""evqa-pilot500"", ""qwen2.5-vl-3b""], [""evqa-pilot500"", ""paligemma-3b""], [""evqa-pilot500"", ""smolvlm-1.7b""], [""mmke-visual"", ""blip2-opt-2.7b""], [""mmke-visual"", ""instructblip-vicuna-7b""], [""mmke-visual"", ""minigpt-4-vicuna-7b""], [""mmke-visual"", ""llava-v1.5-7b""], [""mmke-visual"", ""qwen2.5-vl-3b""], [""mmke-visual"", ""smolvlm-1.7b""], [""mmke-entity"", ""blip2-opt-2.7b""], [""mmke-entity"", ""instructblip-vicuna-7b""], [""mmke-entity"", ""minigpt-4-vicuna-7b""], [""mmke-entity"", ""qwen2.5-vl-3b""], [""mmke-entity"", ""paligemma-3b""], [""mmke-entity"", ""smolvlm-1.7b""]]"
main_without_flagged,Ours-main/raw,1,coverage80,18,69.402,69.402,69.402,"[[""evqa-pilot500"", ""blip2-opt-2.7b""], [""evqa-pilot500"", ""instructblip-vicuna-7b""], [""evqa-pilot500"", ""minigpt-4-vicuna-7b""], [""evqa-pilot500"", ""llava-v1.5-7b""], [""evqa-pilot500"", ""qwen2.5-vl-3b""], [""evqa-pilot500"", ""paligemma-3b""], [""evqa-pilot500"", ""smolvlm-1.7b""], [""mmke-visual"", ""blip2-opt-2.7b""], [""mmke-visual"", ""instructblip-vicuna-7b""], [""mmke-visual"", ""minigpt-4-vicuna-7b""], [""mmke-visual"", ""llava-v1.5-7b""], [""mmke-visual"", ""qwen2.5-vl-3b""], [""mmke-visual"", ""smolvlm-1.7b""], [""mmke-entity"", ""instructblip-vicuna-7b""], [""mmke-entity"", ""minigpt-4-vicuna-7b""], [""mmke-entity"", ""qwen2.5-vl-3b""], [""mmke-entity"", ""paligemma-3b""], [""mmke-entity"", ""smolvlm-1.7b""]]"
main_without_flagged,Ours-main/raw,3,all,19,69.21536842105263,71.55915789473684,68.74628070175439,"[[""evqa-pilot500"", ""blip2-opt-2.7b""], [""evqa-pilot500"", ""instructblip-vicuna-7b""], [""evqa-pilot500"", ""minigpt-4-vicuna-7b""], [""evqa-pilot500"", ""llava-v1.5-7b""], [""evqa-pilot500"", ""qwen2.5-vl-3b""], [""evqa-pilot500"", ""paligemma-3b""], [""evqa-pilot500"", ""smolvlm-1.7b""], [""mmke-visual"", ""blip2-opt-2.7b""], [""mmke-visual"", ""instructblip-vicuna-7b""], [""mmke-visual"", ""minigpt-4-vicuna-7b""], [""mmke-visual"", ""llava-v1.5-7b""], [""mmke-visual"", ""qwen2.5-vl-3b""], [""mmke-visual"", ""smolvlm-1.7b""], [""mmke-entity"", ""blip2-opt-2.7b""], [""mmke-entity"", ""instructblip-vicuna-7b""], [""mmke-entity"", ""minigpt-4-vicuna-7b""], [""mmke-entity"", ""qwen2.5-vl-3b""], [""mmke-entity"", ""paligemma-3b""], [""mmke-entity"", ""smolvlm-1.7b""]]"
main_without_flagged,Ours-main/raw,3,coverage80,18,69.402,71.50666666666666,68.68251851851852,"[[""evqa-pilot500"", ""blip2-opt-2.7b""], [""evqa-pilot500"", ""instructblip-vicuna-7b""], [""evqa-pilot500"", ""minigpt-4-vicuna-7b""], [""evqa-pilot500"", ""llava-v1.5-7b""], [""evqa-pilot500"", ""qwen2.5-vl-3b""], [""evqa-pilot500"", ""paligemma-3b""], [""evqa-pilot500"", ""smolvlm-1.7b""], [""mmke-visual"", ""blip2-opt-2.7b""], [""mmke-visual"", ""instructblip-vicuna-7b""], [""mmke-visual"", ""minigpt-4-vicuna-7b""], [""mmke-visual"", ""llava-v1.5-7b""], [""mmke-visual"", ""qwen2.5-vl-3b""], [""mmke-visual"", ""smolvlm-1.7b""], [""mmke-entity"", ""instructblip-vicuna-7b""], [""mmke-entity"", ""minigpt-4-vicuna-7b""], [""mmke-entity"", ""qwen2.5-vl-3b""], [""mmke-entity"", ""paligemma-3b""], [""mmke-entity"", ""smolvlm-1.7b""]]"
main_without_flagged,Ours-main/raw,5,all,10,70.7372,74.1246,69.075,"[[""evqa-pilot500"", ""blip2-opt-2.7b""], [""evqa-pilot500"", ""qwen2.5-vl-3b""], [""evqa-pilot500"", ""paligemma-3b""], [""mmke-visual"", ""blip2-opt-2.7b""], [""mmke-visual"", ""instructblip-vicuna-7b""], [""mmke-visual"", ""minigpt-4-vicuna-7b""], [""mmke-entity"", ""blip2-opt-2.7b""], [""mmke-entity"", ""instructblip-vicuna-7b""], [""mmke-entity"", ""qwen2.5-vl-3b""], [""mmke-entity"", ""paligemma-3b""]]"
main_without_flagged,Ours-main/raw,5,coverage80,9,71.27955555555556,74.30466666666666,68.90697777777778,"[[""evqa-pilot500"", ""blip2-opt-2.7b""], [""evqa-pilot500"", ""qwen2.5-vl-3b""], [""evqa-pilot500"", ""paligemma-3b""], [""mmke-visual"", ""blip2-opt-2.7b""], [""mmke-visual"", ""instructblip-vicuna-7b""], [""mmke-visual"", ""minigpt-4-vicuna-7b""], [""mmke-entity"", ""instructblip-vicuna-7b""], [""mmke-entity"", ""qwen2.5-vl-3b""], [""mmke-entity"", ""paligemma-3b""]]"
main_without_flagged,Ours-main/tukey,1,all,19,70.144,70.144,70.144,"[[""evqa-pilot500"", ""blip2-opt-2.7b""], [""evqa-pilot500"", ""instructblip-vicuna-7b""], [""evqa-pilot500"", ""minigpt-4-vicuna-7b""], [""evqa-pilot500"", ""llava-v1.5-7b""], [""evqa-pilot500"", ""qwen2.5-vl-3b""], [""evqa-pilot500"", ""paligemma-3b""], [""evqa-pilot500"", ""smolvlm-1.7b""], [""mmke-visual"", ""instructblip-vicuna-7b""], [""mmke-visual"", ""minigpt-4-vicuna-7b""], [""mmke-visual"", ""llava-v1.5-7b""], [""mmke-visual"", ""qwen2.5-vl-3b""], [""mmke-visual"", ""smolvlm-1.7b""], [""mmke-entity"", ""blip2-opt-2.7b""], [""mmke-entity"", ""instructblip-vicuna-7b""], [""mmke-entity"", ""minigpt-4-vicuna-7b""], [""mmke-entity"", ""llava-v1.5-7b""], [""mmke-entity"", ""qwen2.5-vl-3b""], [""mmke-entity"", ""paligemma-3b""], [""mmke-entity"", ""smolvlm-1.7b""]]"
main_without_flagged,Ours-main/tukey,1,coverage80,18,70.18277777777777,70.18277777777777,70.18277777777777,"[[""evqa-pilot500"", ""blip2-opt-2.7b""], [""evqa-pilot500"", ""instructblip-vicuna-7b""], [""evqa-pilot500"", ""minigpt-4-vicuna-7b""], [""evqa-pilot500"", ""llava-v1.5-7b""], [""evqa-pilot500"", ""qwen2.5-vl-3b""], [""evqa-pilot500"", ""paligemma-3b""], [""evqa-pilot500"", ""smolvlm-1.7b""], [""mmke-visual"", ""instructblip-vicuna-7b""], [""mmke-visual"", ""minigpt-4-vicuna-7b""], [""mmke-visual"", ""llava-v1.5-7b""], [""mmke-visual"", ""qwen2.5-vl-3b""], [""mmke-visual"", ""smolvlm-1.7b""], [""mmke-entity"", ""instructblip-vicuna-7b""], [""mmke-entity"", ""minigpt-4-vicuna-7b""], [""mmke-entity"", ""llava-v1.5-7b""], [""mmke-entity"", ""qwen2.5-vl-3b""], [""mmke-entity"", ""paligemma-3b""], [""mmke-entity"", ""smolvlm-1.7b""]]"
main_without_flagged,Ours-main/tukey,3,all,18,69.81677777777777,71.74833333333333,68.89514814814815,"[[""evqa-pilot500"", ""blip2-opt-2.7b""], [""evqa-pilot500"", ""instructblip-vicuna-7b""], [""evqa-pilot500"", ""minigpt-4-vicuna-7b""], [""evqa-pilot500"", ""llava-v1.5-7b""], [""evqa-pilot500"", ""qwen2.5-vl-3b""], [""evqa-pilot500"", ""paligemma-3b""], [""evqa-pilot500"", ""smolvlm-1.7b""], [""mmke-visual"", ""instructblip-vicuna-7b""], [""mmke-visual"", ""minigpt-4-vicuna-7b""], [""mmke-visual"", ""llava-v1.5-7b""], [""mmke-visual"", ""qwen2.5-vl-3b""], [""mmke-visual"", ""smolvlm-1.7b""], [""mmke-entity"", ""blip2-opt-2.7b""], [""mmke-entity"", ""instructblip-vicuna-7b""], [""mmke-entity"", ""minigpt-4-vicuna-7b""], [""mmke-entity"", ""qwen2.5-vl-3b""], [""mmke-entity"", ""paligemma-3b""], [""mmke-entity"", ""smolvlm-1.7b""]]"
main_without_flagged,Ours-main/tukey,3,coverage80,17,69.83858823529411,71.83576470588235,68.83360784313726,"[[""evqa-pilot500"", ""blip2-opt-2.7b""], [""evqa-pilot500"", ""instructblip-vicuna-7b""], [""evqa-pilot500"", ""minigpt-4-vicuna-7b""], [""evqa-pilot500"", ""llava-v1.5-7b""], [""evqa-pilot500"", ""qwen2.5-vl-3b""], [""evqa-pilot500"", ""paligemma-3b""], [""evqa-pilot500"", ""smolvlm-1.7b""], [""mmke-visual"", ""instructblip-vicuna-7b""], [""mmke-visual"", ""minigpt-4-vicuna-7b""], [""mmke-visual"", ""llava-v1.5-7b""], [""mmke-visual"", ""qwen2.5-vl-3b""], [""mmke-visual"", ""smolvlm-1.7b""], [""mmke-entity"", ""instructblip-vicuna-7b""], [""mmke-entity"", ""minigpt-4-vicuna-7b""], [""mmke-entity"", ""qwen2.5-vl-3b""], [""mmke-entity"", ""paligemma-3b""], [""mmke-entity"", ""smolvlm-1.7b""]]"
main_without_flagged,Ours-main/tukey,5,all,9,72.1091111111111,75.10444444444445,69.37635555555556,"[[""evqa-pilot500"", ""blip2-opt-2.7b""], [""evqa-pilot500"", ""qwen2.5-vl-3b""], [""evqa-pilot500"", ""paligemma-3b""], [""mmke-visual"", ""instructblip-vicuna-7b""], [""mmke-visual"", ""minigpt-4-vicuna-7b""], [""mmke-entity"", ""blip2-opt-2.7b""], [""mmke-entity"", ""instructblip-vicuna-7b""], [""mmke-entity"", ""qwen2.5-vl-3b""], [""mmke-entity"", ""paligemma-3b""]]"
main_without_flagged,Ours-main/tukey,5,coverage80,8,72.44200000000001,75.66325,69.29225,"[[""evqa-pilot500"", ""blip2-opt-2.7b""], [""evqa-pilot500"", ""qwen2.5-vl-3b""], [""evqa-pilot500"", ""paligemma-3b""], [""mmke-visual"", ""instructblip-vicuna-7b""], [""mmke-visual"", ""minigpt-4-vicuna-7b""], [""mmke-entity"", ""instructblip-vicuna-7b""], [""mmke-entity"", ""qwen2.5-vl-3b""], [""mmke-entity"", ""paligemma-3b""]]"
main_without_flagged,Ours-no-direction/raw,1,all,19,70.26957894736842,70.26957894736842,70.26957894736842,"[[""evqa-pilot500"", ""blip2-opt-2.7b""], [""evqa-pilot500"", ""instructblip-vicuna-7b""], [""evqa-pilot500"", ""minigpt-4-vicuna-7b""], [""evqa-pilot500"", ""llava-v1.5-7b""], [""evqa-pilot500"", ""qwen2.5-vl-3b""], [""evqa-pilot500"", ""paligemma-3b""], [""evqa-pilot500"", ""smolvlm-1.7b""], [""mmke-visual"", ""blip2-opt-2.7b""], [""mmke-visual"", ""instructblip-vicuna-7b""], [""mmke-visual"", ""minigpt-4-vicuna-7b""], [""mmke-visual"", ""qwen2.5-vl-3b""], [""mmke-visual"", ""paligemma-3b""], [""mmke-visual"", ""smolvlm-1.7b""], [""mmke-entity"", ""blip2-opt-2.7b""], [""mmke-entity"", ""instructblip-vicuna-7b""], [""mmke-entity"", ""minigpt-4-vicuna-7b""], [""mmke-entity"", ""qwen2.5-vl-3b""], [""mmke-entity"", ""paligemma-3b""], [""mmke-entity"", ""smolvlm-1.7b""]]"
main_without_flagged,Ours-no-direction/raw,1,coverage80,18,70.51477777777778,70.51477777777778,70.51477777777778,"[[""evqa-pilot500"", ""blip2-opt-2.7b""], [""evqa-pilot500"", ""instructblip-vicuna-7b""], [""evqa-pilot500"", ""minigpt-4-vicuna-7b""], [""evqa-pilot500"", ""llava-v1.5-7b""], [""evqa-pilot500"", ""qwen2.5-vl-3b""], [""evqa-pilot500"", ""paligemma-3b""], [""evqa-pilot500"", ""smolvlm-1.7b""], [""mmke-visual"", ""blip2-opt-2.7b""], [""mmke-visual"", ""instructblip-vicuna-7b""], [""mmke-visual"", ""minigpt-4-vicuna-7b""], [""mmke-visual"", ""qwen2.5-vl-3b""], [""mmke-visual"", ""paligemma-3b""], [""mmke-visual"", ""smolvlm-1.7b""], [""mmke-entity"", ""instructblip-vicuna-7b""], [""mmke-entity"", ""minigpt-4-vicuna-7b""], [""mmke-entity"", ""qwen2.5-vl-3b""], [""mmke-entity"", ""paligemma-3b""], [""mmke-entity"", ""smolvlm-1.7b""]]"
main_without_flagged,Ours-no-direction/raw,3,all,16,70.071125,72.74775,69.80408333333334,"[[""evqa-pilot500"", ""blip2-opt-2.7b""], [""evqa-pilot500"", ""minigpt-4-vicuna-7b""], [""evqa-pilot500"", ""qwen2.5-vl-3b""], [""evqa-pilot500"", ""paligemma-3b""], [""evqa-pilot500"", ""smolvlm-1.7b""], [""mmke-visual"", ""blip2-opt-2.7b""], [""mmke-visual"", ""instructblip-vicuna-7b""], [""mmke-visual"", ""minigpt-4-vicuna-7b""], [""mmke-visual"", ""qwen2.5-vl-3b""], [""mmke-visual"", ""smolvlm-1.7b""], [""mmke-entity"", ""blip2-opt-2.7b""], [""mmke-entity"", ""instructblip-vicuna-7b""], [""mmke-entity"", ""minigpt-4-vicuna-7b""], [""mmke-entity"", ""qwen2.5-vl-3b""], [""mmke-entity"", ""paligemma-3b""], [""mmke-entity"", ""smolvlm-1.7b""]]"
main_without_flagged,Ours-no-direction/raw,3,coverage80,15,70.35213333333334,72.764,69.79808888888888,"[[""evqa-pilot500"", ""blip2-opt-2.7b""], [""evqa-pilot500"", ""minigpt-4-vicuna-7b""], [""evqa-pilot500"", ""qwen2.5-vl-3b""], [""evqa-pilot500"", ""paligemma-3b""], [""evqa-pilot500"", ""smolvlm-1.7b""], [""mmke-visual"", ""blip2-opt-2.7b""], [""mmke-visual"", ""instructblip-vicuna-7b""], [""mmke-visual"", ""minigpt-4-vicuna-7b""], [""mmke-visual"", ""qwen2.5-vl-3b""], [""mmke-visual"", ""smolvlm-1.7b""], [""mmke-entity"", ""instructblip-vicuna-7b""], [""mmke-entity"", ""minigpt-4-vicuna-7b""], [""mmke-entity"", ""qwen2.5-vl-3b""], [""mmke-entity"", ""paligemma-3b""], [""mmke-entity"", ""smolvlm-1.7b""]]"
main_without_flagged,Ours-no-direction/raw,5,all,8,71.27075,75.49275,69.31145000000001,"[[""evqa-pilot500"", ""blip2-opt-2.7b""], [""evqa-pilot500"", ""paligemma-3b""], [""mmke-visual"", ""blip2-opt-2.7b""], [""mmke-visual"", ""instructblip-vicuna-7b""], [""mmke-entity"", ""blip2-opt-2.7b""], [""mmke-entity"", ""instructblip-vicuna-7b""], [""mmke-entity"", ""minigpt-4-vicuna-7b""], [""mmke-entity"", ""paligemma-3b""]]"
main_without_flagged,Ours-no-direction/raw,5,coverage80,7,72.04428571428572,75.91971428571429,69.1292,"[[""evqa-pilot500"", ""blip2-opt-2.7b""], [""evqa-pilot500"", ""paligemma-3b""], [""mmke-visual"", ""blip2-opt-2.7b""], [""mmke-visual"", ""instructblip-vicuna-7b""], [""mmke-entity"", ""instructblip-vicuna-7b""], [""mmke-entity"", ""minigpt-4-vicuna-7b""], [""mmke-entity"", ""paligemma-3b""]]"
main_without_flagged,Ours-no-direction/tukey,1,all,17,70.38929411764705,70.38929411764705,70.38929411764705,"[[""evqa-pilot500"", ""blip2-opt-2.7b""], [""evqa-pilot500"", ""instructblip-vicuna-7b""], [""evqa-pilot500"", ""minigpt-4-vicuna-7b""], [""evqa-pilot500"", ""llava-v1.5-7b""], [""evqa-pilot500"", ""qwen2.5-vl-3b""], [""evqa-pilot500"", ""paligemma-3b""], [""evqa-pilot500"", ""smolvlm-1.7b""], [""mmke-visual"", ""instructblip-vicuna-7b""], [""mmke-visual"", ""minigpt-4-vicuna-7b""], [""mmke-visual"", ""qwen2.5-vl-3b""], [""mmke-visual"", ""paligemma-3b""], [""mmke-visual"", ""smolvlm-1.7b""], [""mmke-entity"", ""instructblip-vicuna-7b""], [""mmke-entity"", ""minigpt-4-vicuna-7b""], [""mmke-entity"", ""qwen2.5-vl-3b""], [""mmke-entity"", ""paligemma-3b""], [""mmke-entity"", ""smolvlm-1.7b""]]"
main_without_flagged,Ours-no-direction/tukey,1,coverage80,17,70.38929411764705,70.38929411764705,70.38929411764705,"[[""evqa-pilot500"", ""blip2-opt-2.7b""], [""evqa-pilot500"", ""instructblip-vicuna-7b""], [""evqa-pilot500"", ""minigpt-4-vicuna-7b""], [""evqa-pilot500"", ""llava-v1.5-7b""], [""evqa-pilot500"", ""qwen2.5-vl-3b""], [""evqa-pilot500"", ""paligemma-3b""], [""evqa-pilot500"", ""smolvlm-1.7b""], [""mmke-visual"", ""instructblip-vicuna-7b""], [""mmke-visual"", ""minigpt-4-vicuna-7b""], [""mmke-visual"", ""qwen2.5-vl-3b""], [""mmke-visual"", ""paligemma-3b""], [""mmke-visual"", ""smolvlm-1.7b""], [""mmke-entity"", ""instructblip-vicuna-7b""], [""mmke-entity"", ""minigpt-4-vicuna-7b""], [""mmke-entity"", ""qwen2.5-vl-3b""], [""mmke-entity"", ""paligemma-3b""], [""mmke-entity"", ""smolvlm-1.7b""]]"
main_without_flagged,Ours-no-direction/tukey,3,all,13,70.12184615384615,73.15523076923077,69.92902564102565,"[[""evqa-pilot500"", ""blip2-opt-2.7b""], [""evqa-pilot500"", ""minigpt-4-vicuna-7b""], [""evqa-pilot500"", ""qwen2.5-vl-3b""], [""evqa-pilot500"", ""paligemma-3b""], [""evqa-pilot500"", ""smolvlm-1.7b""], [""mmke-visual"", ""instructblip-vicuna-7b""], [""mmke-visual"", ""minigpt-4-vicuna-7b""], [""mmke-visual"", ""qwen2.5-vl-3b""], [""mmke-visual"", ""smolvlm-1.7b""], [""mmke-entity"", ""instructblip-vicuna-7b""], [""mmke-entity"", ""minigpt-4-vicuna-7b""], [""mmke-entity"", ""qwen2.5-vl-3b""], [""mmke-entity"", ""paligemma-3b""]]"
main_without_flagged,Ours-no-direction/tukey,3,coverage80,13,70.12184615384615,73.15523076923077,69.92902564102565,"[[""evqa-pilot500"", ""blip2-opt-2.7b""], [""evqa-pilot500"", ""minigpt-4-vicuna-7b""], [""evqa-pilot500"", ""qwen2.5-vl-3b""], [""evqa-pilot500"", ""paligemma-3b""], [""evqa-pilot500"", ""smolvlm-1.7b""], [""mmke-visual"", ""instructblip-vicuna-7b""], [""mmke-visual"", ""minigpt-4-vicuna-7b""], [""mmke-visual"", ""qwen2.5-vl-3b""], [""mmke-visual"", ""smolvlm-1.7b""], [""mmke-entity"", ""instructblip-vicuna-7b""], [""mmke-entity"", ""minigpt-4-vicuna-7b""], [""mmke-entity"", ""qwen2.5-vl-3b""], [""mmke-entity"", ""paligemma-3b""]]"
main_without_flagged,Ours-no-direction/tukey,5,all,6,73.71366666666667,78.00033333333334,69.67960000000001,"[[""evqa-pilot500"", ""blip2-opt-2.7b""], [""evqa-pilot500"", ""paligemma-3b""], [""mmke-visual"", ""instructblip-vicuna-7b""], [""mmke-entity"", ""instructblip-vicuna-7b""], [""mmke-entity"", ""minigpt-4-vicuna-7b""], [""mmke-entity"", ""paligemma-3b""]]"
main_without_flagged,Ours-no-direction/tukey,5,coverage80,6,73.71366666666667,78.00033333333334,69.67960000000001,"[[""evqa-pilot500"", ""blip2-opt-2.7b""], [""evqa-pilot500"", ""paligemma-3b""], [""mmke-visual"", ""instructblip-vicuna-7b""], [""mmke-entity"", ""instructblip-vicuna-7b""], [""mmke-entity"", ""minigpt-4-vicuna-7b""], [""mmke-entity"", ""paligemma-3b""]]"
main_without_flagged,LGA-Visual/raw,1,all,16,69.33725,69.33725,69.33725,"[[""evqa-pilot500"", ""blip2-opt-2.7b""], [""evqa-pilot500"", ""instructblip-vicuna-7b""], [""evqa-pilot500"", ""minigpt-4-vicuna-7b""], [""evqa-pilot500"", ""llava-v1.5-7b""], [""evqa-pilot500"", ""qwen2.5-vl-3b""], [""evqa-pilot500"", ""paligemma-3b""], [""mmke-visual"", ""blip2-opt-2.7b""], [""mmke-visual"", ""instructblip-vicuna-7b""], [""mmke-visual"", ""minigpt-4-vicuna-7b""], [""mmke-visual"", ""qwen2.5-vl-3b""], [""mmke-visual"", ""smolvlm-1.7b""], [""mmke-entity"", ""instructblip-vicuna-7b""], [""mmke-entity"", ""minigpt-4-vicuna-7b""], [""mmke-entity"", ""qwen2.5-vl-3b""], [""mmke-entity"", ""paligemma-3b""], [""mmke-entity"", ""smolvlm-1.7b""]]"
main_without_flagged,LGA-Visual/raw,1,coverage80,16,69.33725,69.33725,69.33725,"[[""evqa-pilot500"", ""blip2-opt-2.7b""], [""evqa-pilot500"", ""instructblip-vicuna-7b""], [""evqa-pilot500"", ""minigpt-4-vicuna-7b""], [""evqa-pilot500"", ""llava-v1.5-7b""], [""evqa-pilot500"", ""qwen2.5-vl-3b""], [""evqa-pilot500"", ""paligemma-3b""], [""mmke-visual"", ""blip2-opt-2.7b""], [""mmke-visual"", ""instructblip-vicuna-7b""], [""mmke-visual"", ""minigpt-4-vicuna-7b""], [""mmke-visual"", ""qwen2.5-vl-3b""], [""mmke-visual"", ""smolvlm-1.7b""], [""mmke-entity"", ""instructblip-vicuna-7b""], [""mmke-entity"", ""minigpt-4-vicuna-7b""], [""mmke-entity"", ""qwen2.5-vl-3b""], [""mmke-entity"", ""paligemma-3b""], [""mmke-entity"", ""smolvlm-1.7b""]]"
main_without_flagged,LGA-Visual/raw,3,all,12,70.314,71.6155,68.62077777777777,"[[""evqa-pilot500"", ""blip2-opt-2.7b""], [""evqa-pilot500"", ""instructblip-vicuna-7b""], [""evqa-pilot500"", ""minigpt-4-vicuna-7b""], [""evqa-pilot500"", ""paligemma-3b""], [""mmke-visual"", ""blip2-opt-2.7b""], [""mmke-visual"", ""instructblip-vicuna-7b""], [""mmke-visual"", ""qwen2.5-vl-3b""], [""mmke-visual"", ""smolvlm-1.7b""], [""mmke-entity"", ""instructblip-vicuna-7b""], [""mmke-entity"", ""qwen2.5-vl-3b""], [""mmke-entity"", ""paligemma-3b""], [""mmke-entity"", ""smolvlm-1.7b""]]"
main_without_flagged,LGA-Visual/raw,3,coverage80,12,70.314,71.6155,68.62077777777777,"[[""evqa-pilot500"", ""blip2-opt-2.7b""], [""evqa-pilot500"", ""instructblip-vicuna-7b""], [""evqa-pilot500"", ""minigpt-4-vicuna-7b""], [""evqa-pilot500"", ""paligemma-3b""], [""mmke-visual"", ""blip2-opt-2.7b""], [""mmke-visual"", ""instructblip-vicuna-7b""], [""mmke-visual"", ""qwen2.5-vl-3b""], [""mmke-visual"", ""smolvlm-1.7b""], [""mmke-entity"", ""instructblip-vicuna-7b""], [""mmke-entity"", ""qwen2.5-vl-3b""], [""mmke-entity"", ""paligemma-3b""], [""mmke-entity"", ""smolvlm-1.7b""]]"
main_without_flagged,LGA-Visual/raw,5,all,6,72.60633333333334,75.778,67.55893333333333,"[[""evqa-pilot500"", ""blip2-opt-2.7b""], [""evqa-pilot500"", ""minigpt-4-vicuna-7b""], [""evqa-pilot500"", ""paligemma-3b""], [""mmke-visual"", ""instructblip-vicuna-7b""], [""mmke-entity"", ""instructblip-vicuna-7b""], [""mmke-entity"", ""paligemma-3b""]]"
main_without_flagged,LGA-Visual/raw,5,coverage80,6,72.60633333333334,75.778,67.55893333333333,"[[""evqa-pilot500"", ""blip2-opt-2.7b""], [""evqa-pilot500"", ""minigpt-4-vicuna-7b""], [""evqa-pilot500"", ""paligemma-3b""], [""mmke-visual"", ""instructblip-vicuna-7b""], [""mmke-entity"", ""instructblip-vicuna-7b""], [""mmke-entity"", ""paligemma-3b""]]"
main_without_flagged,LGA-Visual/tukey,1,all,14,69.59714285714286,69.59714285714286,69.59714285714286,"[[""evqa-pilot500"", ""blip2-opt-2.7b""], [""evqa-pilot500"", ""instructblip-vicuna-7b""], [""evqa-pilot500"", ""minigpt-4-vicuna-7b""], [""evqa-pilot500"", ""llava-v1.5-7b""], [""evqa-pilot500"", ""qwen2.5-vl-3b""], [""evqa-pilot500"", ""paligemma-3b""], [""mmke-visual"", ""instructblip-vicuna-7b""], [""mmke-visual"", ""qwen2.5-vl-3b""], [""mmke-visual"", ""paligemma-3b""], [""mmke-visual"", ""smolvlm-1.7b""], [""mmke-entity"", ""instructblip-vicuna-7b""], [""mmke-entity"", ""qwen2.5-vl-3b""], [""mmke-entity"", ""paligemma-3b""], [""mmke-entity"", ""smolvlm-1.7b""]]"
main_without_flagged,LGA-Visual/tukey,1,coverage80,14,69.59714285714286,69.59714285714286,69.59714285714286,"[[""evqa-pilot500"", ""blip2-opt-2.7b""], [""evqa-pilot500"", ""instructblip-vicuna-7b""], [""evqa-pilot500"", ""minigpt-4-vicuna-7b""], [""evqa-pilot500"", ""llava-v1.5-7b""], [""evqa-pilot500"", ""qwen2.5-vl-3b""], [""evqa-pilot500"", ""paligemma-3b""], [""mmke-visual"", ""instructblip-vicuna-7b""], [""mmke-visual"", ""qwen2.5-vl-3b""], [""mmke-visual"", ""paligemma-3b""], [""mmke-visual"", ""smolvlm-1.7b""], [""mmke-entity"", ""instructblip-vicuna-7b""], [""mmke-entity"", ""qwen2.5-vl-3b""], [""mmke-entity"", ""paligemma-3b""], [""mmke-entity"", ""smolvlm-1.7b""]]"
main_without_flagged,LGA-Visual/tukey,3,all,8,74.24725000000001,78.405,71.65166666666667,"[[""evqa-pilot500"", ""minigpt-4-vicuna-7b""], [""evqa-pilot500"", ""paligemma-3b""], [""mmke-visual"", ""instructblip-vicuna-7b""], [""mmke-visual"", ""paligemma-3b""], [""mmke-visual"", ""smolvlm-1.7b""], [""mmke-entity"", ""instructblip-vicuna-7b""], [""mmke-entity"", ""qwen2.5-vl-3b""], [""mmke-entity"", ""paligemma-3b""]]"
main_without_flagged,LGA-Visual/tukey,3,coverage80,8,74.24725000000001,78.405,71.65166666666667,"[[""evqa-pilot500"", ""minigpt-4-vicuna-7b""], [""evqa-pilot500"", ""paligemma-3b""], [""mmke-visual"", ""instructblip-vicuna-7b""], [""mmke-visual"", ""paligemma-3b""], [""mmke-visual"", ""smolvlm-1.7b""], [""mmke-entity"", ""instructblip-vicuna-7b""], [""mmke-entity"", ""qwen2.5-vl-3b""], [""mmke-entity"", ""paligemma-3b""]]"
main_without_flagged,LGA-Visual/tukey,5,all,5,74.032,78.0476,68.86496,"[[""evqa-pilot500"", ""minigpt-4-vicuna-7b""], [""evqa-pilot500"", ""paligemma-3b""], [""mmke-visual"", ""instructblip-vicuna-7b""], [""mmke-entity"", ""instructblip-vicuna-7b""], [""mmke-entity"", ""paligemma-3b""]]"
main_without_flagged,LGA-Visual/tukey,5,coverage80,5,74.032,78.0476,68.86496,"[[""evqa-pilot500"", ""minigpt-4-vicuna-7b""], [""evqa-pilot500"", ""paligemma-3b""], [""mmke-visual"", ""instructblip-vicuna-7b""], [""mmke-entity"", ""instructblip-vicuna-7b""], [""mmke-entity"", ""paligemma-3b""]]"
main_without_flagged,LGA-Param/raw,1,all,20,60.4745,60.4745,60.4745,"[[""evqa-pilot500"", ""blip2-opt-2.7b""], [""evqa-pilot500"", ""instructblip-vicuna-7b""], [""evqa-pilot500"", ""minigpt-4-vicuna-7b""], [""evqa-pilot500"", ""llava-v1.5-7b""], [""evqa-pilot500"", ""qwen2.5-vl-3b""], [""evqa-pilot500"", ""paligemma-3b""], [""evqa-pilot500"", ""smolvlm-1.7b""], [""mmke-visual"", ""blip2-opt-2.7b""], [""mmke-visual"", ""instructblip-vicuna-7b""], [""mmke-visual"", ""minigpt-4-vicuna-7b""], [""mmke-visual"", ""llava-v1.5-7b""], [""mmke-visual"", ""qwen2.5-vl-3b""], [""mmke-visual"", ""paligemma-3b""], [""mmke-visual"", ""smolvlm-1.7b""], [""mmke-entity"", ""blip2-opt-2.7b""], [""mmke-entity"", ""instructblip-vicuna-7b""], [""mmke-entity"", ""minigpt-4-vicuna-7b""], [""mmke-entity"", ""qwen2.5-vl-3b""], [""mmke-entity"", ""paligemma-3b""], [""mmke-entity"", ""smolvlm-1.7b""]]"
main_without_flagged,LGA-Param/raw,1,coverage80,16,61.72275,61.72275,61.72275,"[[""evqa-pilot500"", ""blip2-opt-2.7b""], [""evqa-pilot500"", ""minigpt-4-vicuna-7b""], [""evqa-pilot500"", ""qwen2.5-vl-3b""], [""evqa-pilot500"", ""smolvlm-1.7b""], [""mmke-visual"", ""blip2-opt-2.7b""], [""mmke-visual"", ""instructblip-vicuna-7b""], [""mmke-visual"", ""minigpt-4-vicuna-7b""], [""mmke-visual"", ""llava-v1.5-7b""], [""mmke-visual"", ""qwen2.5-vl-3b""], [""mmke-visual"", ""paligemma-3b""], [""mmke-visual"", ""smolvlm-1.7b""], [""mmke-entity"", ""instructblip-vicuna-7b""], [""mmke-entity"", ""minigpt-4-vicuna-7b""], [""mmke-entity"", ""qwen2.5-vl-3b""], [""mmke-entity"", ""paligemma-3b""], [""mmke-entity"", ""smolvlm-1.7b""]]"
main_without_flagged,LGA-Param/raw,3,all,17,64.05882352941177,67.58129411764706,65.17388235294118,"[[""evqa-pilot500"", ""blip2-opt-2.7b""], [""evqa-pilot500"", ""instructblip-vicuna-7b""], [""evqa-pilot500"", ""minigpt-4-vicuna-7b""], [""evqa-pilot500"", ""llava-v1.5-7b""], [""evqa-pilot500"", ""qwen2.5-vl-3b""], [""evqa-pilot500"", ""smolvlm-1.7b""], [""mmke-visual"", ""blip2-opt-2.7b""], [""mmke-visual"", ""instructblip-vicuna-7b""], [""mmke-visual"", ""minigpt-4-vicuna-7b""], [""mmke-visual"", ""llava-v1.5-7b""], [""mmke-visual"", ""qwen2.5-vl-3b""], [""mmke-visual"", ""smolvlm-1.7b""], [""mmke-entity"", ""blip2-opt-2.7b""], [""mmke-entity"", ""instructblip-vicuna-7b""], [""mmke-entity"", ""minigpt-4-vicuna-7b""], [""mmke-entity"", ""qwen2.5-vl-3b""], [""mmke-entity"", ""smolvlm-1.7b""]]"
main_without_flagged,LGA-Param/raw,3,coverage80,14,64.79885714285714,68.66485714285714,65.9862380952381,"[[""evqa-pilot500"", ""blip2-opt-2.7b""], [""evqa-pilot500"", ""minigpt-4-vicuna-7b""], [""evqa-pilot500"", ""qwen2.5-vl-3b""], [""evqa-pilot500"", ""smolvlm-1.7b""], [""mmke-visual"", ""blip2-opt-2.7b""], [""mmke-visual"", ""instructblip-vicuna-7b""], [""mmke-visual"", ""minigpt-4-vicuna-7b""], [""mmke-visual"", ""llava-v1.5-7b""], [""mmke-visual"", ""qwen2.5-vl-3b""], [""mmke-visual"", ""smolvlm-1.7b""], [""mmke-entity"", ""instructblip-vicuna-7b""], [""mmke-entity"", ""minigpt-4-vicuna-7b""], [""mmke-entity"", ""qwen2.5-vl-3b""], [""mmke-entity"", ""smolvlm-1.7b""]]"
main_without_flagged,LGA-Param/raw,5,all,11,64.71218181818182,70.64381818181819,66.39054545454546,"[[""evqa-pilot500"", ""blip2-opt-2.7b""], [""evqa-pilot500"", ""qwen2.5-vl-3b""], [""mmke-visual"", ""blip2-opt-2.7b""], [""mmke-visual"", ""instructblip-vicuna-7b""], [""mmke-visual"", ""qwen2.5-vl-3b""], [""mmke-visual"", ""smolvlm-1.7b""], [""mmke-entity"", ""blip2-opt-2.7b""], [""mmke-entity"", ""instructblip-vicuna-7b""], [""mmke-entity"", ""minigpt-4-vicuna-7b""], [""mmke-entity"", ""qwen2.5-vl-3b""], [""mmke-entity"", ""smolvlm-1.7b""]]"
main_without_flagged,LGA-Param/raw,5,coverage80,10,64.2388,70.682,66.03908,"[[""evqa-pilot500"", ""blip2-opt-2.7b""], [""evqa-pilot500"", ""qwen2.5-vl-3b""], [""mmke-visual"", ""blip2-opt-2.7b""], [""mmke-visual"", ""instructblip-vicuna-7b""], [""mmke-visual"", ""qwen2.5-vl-3b""], [""mmke-visual"", ""smolvlm-1.7b""], [""mmke-entity"", ""instructblip-vicuna-7b""], [""mmke-entity"", ""minigpt-4-vicuna-7b""], [""mmke-entity"", ""qwen2.5-vl-3b""], [""mmke-entity"", ""smolvlm-1.7b""]]"
main_without_flagged,LGA-Param/tukey,1,all,20,69.9831,69.9831,69.9831,"[[""evqa-pilot500"", ""blip2-opt-2.7b""], [""evqa-pilot500"", ""minigpt-4-vicuna-7b""], [""evqa-pilot500"", ""llava-v1.5-7b""], [""evqa-pilot500"", ""qwen2.5-vl-3b""], [""evqa-pilot500"", ""paligemma-3b""], [""evqa-pilot500"", ""smolvlm-1.7b""], [""mmke-visual"", ""blip2-opt-2.7b""], [""mmke-visual"", ""instructblip-vicuna-7b""], [""mmke-visual"", ""minigpt-4-vicuna-7b""], [""mmke-visual"", ""llava-v1.5-7b""], [""mmke-visual"", ""qwen2.5-vl-3b""], [""mmke-visual"", ""paligemma-3b""], [""mmke-visual"", ""smolvlm-1.7b""], [""mmke-entity"", ""blip2-opt-2.7b""], [""mmke-entity"", ""instructblip-vicuna-7b""], [""mmke-entity"", ""minigpt-4-vicuna-7b""], [""mmke-entity"", ""llava-v1.5-7b""], [""mmke-entity"", ""qwen2.5-vl-3b""], [""mmke-entity"", ""paligemma-3b""], [""mmke-entity"", ""smolvlm-1.7b""]]"
main_without_flagged,LGA-Param/tukey,1,coverage80,17,70.12635294117646,70.12635294117646,70.12635294117646,"[[""evqa-pilot500"", ""blip2-opt-2.7b""], [""evqa-pilot500"", ""minigpt-4-vicuna-7b""], [""evqa-pilot500"", ""qwen2.5-vl-3b""], [""evqa-pilot500"", ""smolvlm-1.7b""], [""mmke-visual"", ""blip2-opt-2.7b""], [""mmke-visual"", ""instructblip-vicuna-7b""], [""mmke-visual"", ""minigpt-4-vicuna-7b""], [""mmke-visual"", ""llava-v1.5-7b""], [""mmke-visual"", ""qwen2.5-vl-3b""], [""mmke-visual"", ""paligemma-3b""], [""mmke-visual"", ""smolvlm-1.7b""], [""mmke-entity"", ""instructblip-vicuna-7b""], [""mmke-entity"", ""minigpt-4-vicuna-7b""], [""mmke-entity"", ""llava-v1.5-7b""], [""mmke-entity"", ""qwen2.5-vl-3b""], [""mmke-entity"", ""paligemma-3b""], [""mmke-entity"", ""smolvlm-1.7b""]]"
main_without_flagged,LGA-Param/tukey,3,all,17,69.00258823529411,71.08141176470588,68.28882352941177,"[[""evqa-pilot500"", ""blip2-opt-2.7b""], [""evqa-pilot500"", ""minigpt-4-vicuna-7b""], [""evqa-pilot500"", ""llava-v1.5-7b""], [""evqa-pilot500"", ""qwen2.5-vl-3b""], [""evqa-pilot500"", ""smolvlm-1.7b""], [""mmke-visual"", ""blip2-opt-2.7b""], [""mmke-visual"", ""instructblip-vicuna-7b""], [""mmke-visual"", ""minigpt-4-vicuna-7b""], [""mmke-visual"", ""llava-v1.5-7b""], [""mmke-visual"", ""qwen2.5-vl-3b""], [""mmke-visual"", ""paligemma-3b""], [""mmke-visual"", ""smolvlm-1.7b""], [""mmke-entity"", ""blip2-opt-2.7b""], [""mmke-entity"", ""instructblip-vicuna-7b""], [""mmke-entity"", ""qwen2.5-vl-3b""], [""mmke-entity"", ""paligemma-3b""], [""mmke-entity"", ""smolvlm-1.7b""]]"
main_without_flagged,LGA-Param/tukey,3,coverage80,15,69.412,71.68533333333333,68.59911111111111,"[[""evqa-pilot500"", ""blip2-opt-2.7b""], [""evqa-pilot500"", ""minigpt-4-vicuna-7b""], [""evqa-pilot500"", ""qwen2.5-vl-3b""], [""evqa-pilot500"", ""smolvlm-1.7b""], [""mmke-visual"", ""blip2-opt-2.7b""], [""mmke-visual"", ""instructblip-vicuna-7b""], [""mmke-visual"", ""minigpt-4-vicuna-7b""], [""mmke-visual"", ""llava-v1.5-7b""], [""mmke-visual"", ""qwen2.5-vl-3b""], [""mmke-visual"", ""paligemma-3b""], [""mmke-visual"", ""smolvlm-1.7b""], [""mmke-entity"", ""instructblip-vicuna-7b""], [""mmke-entity"", ""qwen2.5-vl-3b""], [""mmke-entity"", ""paligemma-3b""], [""mmke-entity"", ""smolvlm-1.7b""]]"
main_without_flagged,LGA-Param/tukey,5,all,7,65.36685714285714,68.4117142857143,65.03291428571428,"[[""evqa-pilot500"", ""blip2-opt-2.7b""], [""mmke-visual"", ""blip2-opt-2.7b""], [""mmke-visual"", ""instructblip-vicuna-7b""], [""mmke-visual"", ""qwen2.5-vl-3b""], [""mmke-visual"", ""smolvlm-1.7b""], [""mmke-entity"", ""blip2-opt-2.7b""], [""mmke-entity"", ""instructblip-vicuna-7b""]]"
main_without_flagged,LGA-Param/tukey,5,coverage80,6,64.687,68.10333333333334,64.22086666666667,"[[""evqa-pilot500"", ""blip2-opt-2.7b""], [""mmke-visual"", ""blip2-opt-2.7b""], [""mmke-visual"", ""instructblip-vicuna-7b""], [""mmke-visual"", ""qwen2.5-vl-3b""], [""mmke-visual"", ""smolvlm-1.7b""], [""mmke-entity"", ""instructblip-vicuna-7b""]]"
verified50_main,Ours-signed-direction/raw,1,all,9,63.68866666666666,63.68866666666666,63.68866666666666,"[[""evqa-pilot500"", ""blip2-opt-2.7b""], [""evqa-pilot500"", ""instructblip-vicuna-7b""], [""evqa-pilot500"", ""minigpt-4-vicuna-7b""], [""evqa-pilot500"", ""llava-v1.5-7b""], [""mmke-visual"", ""blip2-opt-2.7b""], [""mmke-visual"", ""instructblip-vicuna-7b""], [""mmke-visual"", ""minigpt-4-vicuna-7b""], [""mmke-entity"", ""blip2-opt-2.7b""], [""mmke-entity"", ""minigpt-4-vicuna-7b""]]"
verified50_main,Ours-signed-direction/raw,1,coverage80,8,63.41775,63.41775,63.41775,"[[""evqa-pilot500"", ""blip2-opt-2.7b""], [""evqa-pilot500"", ""instructblip-vicuna-7b""], [""evqa-pilot500"", ""minigpt-4-vicuna-7b""], [""evqa-pilot500"", ""llava-v1.5-7b""], [""mmke-visual"", ""blip2-opt-2.7b""], [""mmke-visual"", ""instructblip-vicuna-7b""], [""mmke-visual"", ""minigpt-4-vicuna-7b""], [""mmke-entity"", ""minigpt-4-vicuna-7b""]]"
verified50_main,Ours-signed-direction/raw,3,all,5,66.8664,70.9736,67.59880000000001,"[[""evqa-pilot500"", ""minigpt-4-vicuna-7b""], [""mmke-visual"", ""blip2-opt-2.7b""], [""mmke-visual"", ""instructblip-vicuna-7b""], [""mmke-entity"", ""blip2-opt-2.7b""], [""mmke-entity"", ""minigpt-4-vicuna-7b""]]"
verified50_main,Ours-signed-direction/raw,3,coverage80,4,67.119,70.59100000000001,67.025,"[[""evqa-pilot500"", ""minigpt-4-vicuna-7b""], [""mmke-visual"", ""blip2-opt-2.7b""], [""mmke-visual"", ""instructblip-vicuna-7b""], [""mmke-entity"", ""minigpt-4-vicuna-7b""]]"
verified50_main,Ours-signed-direction/raw,5,all,3,66.16866666666667,71.22133333333333,65.7376,"[[""mmke-visual"", ""blip2-opt-2.7b""], [""mmke-visual"", ""instructblip-vicuna-7b""], [""mmke-entity"", ""blip2-opt-2.7b""]]"
verified50_main,Ours-signed-direction/raw,5,coverage80,2,66.325,70.58000000000001,63.312799999999996,"[[""mmke-visual"", ""blip2-opt-2.7b""], [""mmke-visual"", ""instructblip-vicuna-7b""]]"
verified50_main,Ours-signed-direction/tukey,1,all,5,63.5444,63.5444,63.5444,"[[""evqa-pilot500"", ""instructblip-vicuna-7b""], [""evqa-pilot500"", ""minigpt-4-vicuna-7b""], [""evqa-pilot500"", ""llava-v1.5-7b""], [""mmke-visual"", ""instructblip-vicuna-7b""], [""mmke-entity"", ""minigpt-4-vicuna-7b""]]"
verified50_main,Ours-signed-direction/tukey,1,coverage80,5,63.5444,63.5444,63.5444,"[[""evqa-pilot500"", ""instructblip-vicuna-7b""], [""evqa-pilot500"", ""minigpt-4-vicuna-7b""], [""evqa-pilot500"", ""llava-v1.5-7b""], [""mmke-visual"", ""instructblip-vicuna-7b""], [""mmke-entity"", ""minigpt-4-vicuna-7b""]]"
verified50_main,Ours-signed-direction/tukey,3,all,2,64.92,68.11600000000001,62.60133333333333,"[[""evqa-pilot500"", ""minigpt-4-vicuna-7b""], [""mmke-visual"", ""instructblip-vicuna-7b""]]"
verified50_main,Ours-signed-direction/tukey,3,coverage80,2,64.92,68.11600000000001,62.60133333333333,"[[""evqa-pilot500"", ""minigpt-4-vicuna-7b""], [""mmke-visual"", ""instructblip-vicuna-7b""]]"
verified50_main,Ours-signed-direction/tukey,5,all,1,70.28,71.29400000000001,58.653600000000004,"[[""mmke-visual"", ""instructblip-vicuna-7b""]]"
verified50_main,Ours-signed-direction/tukey,5,coverage80,1,70.28,71.29400000000001,58.653600000000004,"[[""mmke-visual"", ""instructblip-vicuna-7b""]]"
verified50_main,Ours-main/raw,1,all,10,65.87519999999999,65.87519999999999,65.87519999999999,"[[""evqa-pilot500"", ""blip2-opt-2.7b""], [""evqa-pilot500"", ""instructblip-vicuna-7b""], [""evqa-pilot500"", ""minigpt-4-vicuna-7b""], [""evqa-pilot500"", ""llava-v1.5-7b""], [""mmke-visual"", ""blip2-opt-2.7b""], [""mmke-visual"", ""instructblip-vicuna-7b""], [""mmke-visual"", ""minigpt-4-vicuna-7b""], [""mmke-visual"", ""llava-v1.5-7b""], [""mmke-entity"", ""blip2-opt-2.7b""], [""mmke-entity"", ""minigpt-4-vicuna-7b""]]"
verified50_main,Ours-main/raw,1,coverage80,9,65.87733333333333,65.87733333333333,65.87733333333333,"[[""evqa-pilot500"", ""blip2-opt-2.7b""], [""evqa-pilot500"", ""instructblip-vicuna-7b""], [""evqa-pilot500"", ""minigpt-4-vicuna-7b""], [""evqa-pilot500"", ""llava-v1.5-7b""], [""mmke-visual"", ""blip2-opt-2.7b""], [""mmke-visual"", ""instructblip-vicuna-7b""], [""mmke-visual"", ""minigpt-4-vicuna-7b""], [""mmke-visual"", ""llava-v1.5-7b""], [""mmke-entity"", ""minigpt-4-vicuna-7b""]]"
verified50_main,Ours-main/raw,3,all,7,67.07657142857143,71.41314285714286,68.07209523809524,"[[""evqa-pilot500"", ""minigpt-4-vicuna-7b""], [""evqa-pilot500"", ""llava-v1.5-7b""], [""mmke-visual"", ""blip2-opt-2.7b""], [""mmke-visual"", ""instructblip-vicuna-7b""], [""mmke-visual"", ""llava-v1.5-7b""], [""mmke-entity"", ""blip2-opt-2.7b""], [""mmke-entity"", ""minigpt-4-vicuna-7b""]]"
verified50_main,Ours-main/raw,3,coverage80,6,67.28,71.23133333333334,67.76844444444444,"[[""evqa-pilot500"", ""minigpt-4-vicuna-7b""], [""evqa-pilot500"", ""llava-v1.5-7b""], [""mmke-visual"", ""blip2-opt-2.7b""], [""mmke-visual"", ""instructblip-vicuna-7b""], [""mmke-visual"", ""llava-v1.5-7b""], [""mmke-entity"", ""minigpt-4-vicuna-7b""]]"
verified50_main,Ours-main/raw,5,all,3,66.16866666666667,71.22133333333333,65.7376,"[[""mmke-visual"", ""blip2-opt-2.7b""], [""mmke-visual"", ""instructblip-vicuna-7b""], [""mmke-entity"", ""blip2-opt-2.7b""]]"
verified50_main,Ours-main/raw,5,coverage80,2,66.325,70.58000000000001,63.312799999999996,"[[""mmke-visual"", ""blip2-opt-2.7b""], [""mmke-visual"", ""instructblip-vicuna-7b""]]"
verified50_main,Ours-main/tukey,1,all,8,67.6575,67.6575,67.6575,"[[""evqa-pilot500"", ""instructblip-vicuna-7b""], [""evqa-pilot500"", ""minigpt-4-vicuna-7b""], [""evqa-pilot500"", ""llava-v1.5-7b""], [""mmke-visual"", ""instructblip-vicuna-7b""], [""mmke-visual"", ""llava-v1.5-7b""], [""mmke-entity"", ""blip2-opt-2.7b""], [""mmke-entity"", ""minigpt-4-vicuna-7b""], [""mmke-entity"", ""llava-v1.5-7b""]]"
verified50_main,Ours-main/tukey,1,coverage80,7,67.402,67.402,67.402,"[[""evqa-pilot500"", ""instructblip-vicuna-7b""], [""evqa-pilot500"", ""minigpt-4-vicuna-7b""], [""evqa-pilot500"", ""llava-v1.5-7b""], [""mmke-visual"", ""instructblip-vicuna-7b""], [""mmke-visual"", ""llava-v1.5-7b""], [""mmke-entity"", ""minigpt-4-vicuna-7b""], [""mmke-entity"", ""llava-v1.5-7b""]]"
verified50_main,Ours-main/tukey,3,all,6,68.45933333333333,71.29733333333334,68.20711111111112,"[[""evqa-pilot500"", ""minigpt-4-vicuna-7b""], [""evqa-pilot500"", ""llava-v1.5-7b""], [""mmke-visual"", ""instructblip-vicuna-7b""], [""mmke-visual"", ""llava-v1.5-7b""], [""mmke-entity"", ""blip2-opt-2.7b""], [""mmke-entity"", ""minigpt-4-vicuna-7b""]]"
verified50_main,Ours-main/tukey,3,coverage80,5,68.262,71.5044,67.86026666666666,"[[""evqa-pilot500"", ""minigpt-4-vicuna-7b""], [""evqa-pilot500"", ""llava-v1.5-7b""], [""mmke-visual"", ""instructblip-vicuna-7b""], [""mmke-visual"", ""llava-v1.5-7b""], [""mmke-entity"", ""minigpt-4-vicuna-7b""]]"
verified50_main,Ours-main/tukey,5,all,2,69.863,70.964,64.3514,"[[""mmke-visual"", ""instructblip-vicuna-7b""], [""mmke-entity"", ""blip2-opt-2.7b""]]"
verified50_main,Ours-main/tukey,5,coverage80,1,70.28,71.29400000000001,58.653600000000004,"[[""mmke-visual"", ""instructblip-vicuna-7b""]]"
verified50_main,Ours-no-direction/raw,1,all,9,67.09111111111112,67.09111111111112,67.09111111111112,"[[""evqa-pilot500"", ""blip2-opt-2.7b""], [""evqa-pilot500"", ""instructblip-vicuna-7b""], [""evqa-pilot500"", ""minigpt-4-vicuna-7b""], [""evqa-pilot500"", ""llava-v1.5-7b""], [""mmke-visual"", ""blip2-opt-2.7b""], [""mmke-visual"", ""instructblip-vicuna-7b""], [""mmke-visual"", ""paligemma-3b""], [""mmke-entity"", ""blip2-opt-2.7b""], [""mmke-entity"", ""minigpt-4-vicuna-7b""]]"
verified50_main,Ours-no-direction/raw,1,coverage80,8,67.2455,67.2455,67.2455,"[[""evqa-pilot500"", ""blip2-opt-2.7b""], [""evqa-pilot500"", ""instructblip-vicuna-7b""], [""evqa-pilot500"", ""minigpt-4-vicuna-7b""], [""evqa-pilot500"", ""llava-v1.5-7b""], [""mmke-visual"", ""blip2-opt-2.7b""], [""mmke-visual"", ""instructblip-vicuna-7b""], [""mmke-visual"", ""paligemma-3b""], [""mmke-entity"", ""minigpt-4-vicuna-7b""]]"
verified50_main,Ours-no-direction/raw,3,all,4,64.084,71.19200000000001,66.39766666666668,"[[""evqa-pilot500"", ""minigpt-4-vicuna-7b""], [""mmke-visual"", ""blip2-opt-2.7b""], [""mmke-visual"", ""instructblip-vicuna-7b""], [""mmke-entity"", ""blip2-opt-2.7b""]]"
verified50_main,Ours-no-direction/raw,3,coverage80,3,63.49333333333333,70.75466666666668,65.23222222222223,"[[""evqa-pilot500"", ""minigpt-4-vicuna-7b""], [""mmke-visual"", ""blip2-opt-2.7b""], [""mmke-visual"", ""instructblip-vicuna-7b""]]"
verified50_main,Ours-no-direction/raw,5,all,3,66.16866666666667,71.22133333333333,65.7376,"[[""mmke-visual"", ""blip2-opt-2.7b""], [""mmke-visual"", ""instructblip-vicuna-7b""], [""mmke-entity"", ""blip2-opt-2.7b""]]"
verified50_main,Ours-no-direction/raw,5,coverage80,2,66.325,70.58000000000001,63.312799999999996,"[[""mmke-visual"", ""blip2-opt-2.7b""], [""mmke-visual"", ""instructblip-vicuna-7b""]]"
verified50_main,Ours-no-direction/tukey,1,all,6,69.57166666666667,69.57166666666667,69.57166666666667,"[[""evqa-pilot500"", ""instructblip-vicuna-7b""], [""evqa-pilot500"", ""minigpt-4-vicuna-7b""], [""evqa-pilot500"", ""llava-v1.5-7b""], [""mmke-visual"", ""instructblip-vicuna-7b""], [""mmke-visual"", ""paligemma-3b""], [""mmke-entity"", ""minigpt-4-vicuna-7b""]]"
verified50_main,Ours-no-direction/tukey,1,coverage80,6,69.57166666666667,69.57166666666667,69.57166666666667,"[[""evqa-pilot500"", ""instructblip-vicuna-7b""], [""evqa-pilot500"", ""minigpt-4-vicuna-7b""], [""evqa-pilot500"", ""llava-v1.5-7b""], [""mmke-visual"", ""instructblip-vicuna-7b""], [""mmke-visual"", ""paligemma-3b""], [""mmke-entity"", ""minigpt-4-vicuna-7b""]]"
verified50_main,Ours-no-direction/tukey,3,all,2,64.055,71.19900000000001,64.19366666666667,"[[""evqa-pilot500"", ""minigpt-4-vicuna-7b""], [""mmke-visual"", ""instructblip-vicuna-7b""]]"
verified50_main,Ours-no-direction/tukey,3,coverage80,2,64.055,71.19900000000001,64.19366666666667,"[[""evqa-pilot500"", ""minigpt-4-vicuna-7b""], [""mmke-visual"", ""instructblip-vicuna-7b""]]"
verified50_main,Ours-no-direction/tukey,5,all,1,70.28,71.29400000000001,58.653600000000004,"[[""mmke-visual"", ""instructblip-vicuna-7b""]]"
verified50_main,Ours-no-direction/tukey,5,coverage80,1,70.28,71.29400000000001,58.653600000000004,"[[""mmke-visual"", ""instructblip-vicuna-7b""]]"
verified50_main,LGA-Visual/raw,1,all,9,65.19622222222222,65.19622222222222,65.19622222222222,"[[""evqa-pilot500"", ""blip2-opt-2.7b""], [""evqa-pilot500"", ""instructblip-vicuna-7b""], [""evqa-pilot500"", ""minigpt-4-vicuna-7b""], [""evqa-pilot500"", ""llava-v1.5-7b""], [""evqa-pilot500"", ""qwen2.5-vl-3b""], [""mmke-visual"", ""blip2-opt-2.7b""], [""mmke-visual"", ""instructblip-vicuna-7b""], [""mmke-visual"", ""minigpt-4-vicuna-7b""], [""mmke-entity"", ""minigpt-4-vicuna-7b""]]"
verified50_main,LGA-Visual/raw,1,coverage80,9,65.19622222222222,65.19622222222222,65.19622222222222,"[[""evqa-pilot500"", ""blip2-opt-2.7b""], [""evqa-pilot500"", ""instructblip-vicuna-7b""], [""evqa-pilot500"", ""minigpt-4-vicuna-7b""], [""evqa-pilot500"", ""llava-v1.5-7b""], [""evqa-pilot500"", ""qwen2.5-vl-3b""], [""mmke-visual"", ""blip2-opt-2.7b""], [""mmke-visual"", ""instructblip-vicuna-7b""], [""mmke-visual"", ""minigpt-4-vicuna-7b""], [""mmke-entity"", ""minigpt-4-vicuna-7b""]]"
verified50_main,LGA-Visual/raw,3,all,3,69.50133333333333,70.06466666666667,66.00688888888888,"[[""evqa-pilot500"", ""minigpt-4-vicuna-7b""], [""mmke-visual"", ""blip2-opt-2.7b""], [""mmke-visual"", ""instructblip-vicuna-7b""]]"
verified50_main,LGA-Visual/raw,3,coverage80,3,69.50133333333333,70.06466666666667,66.00688888888888,"[[""evqa-pilot500"", ""minigpt-4-vicuna-7b""], [""mmke-visual"", ""blip2-opt-2.7b""], [""mmke-visual"", ""instructblip-vicuna-7b""]]"
verified50_main,LGA-Visual/raw,5,all,2,69.657,70.164,61.77720000000001,"[[""evqa-pilot500"", ""minigpt-4-vicuna-7b""], [""mmke-visual"", ""instructblip-vicuna-7b""]]"
verified50_main,LGA-Visual/raw,5,coverage80,2,69.657,70.164,61.77720000000001,"[[""evqa-pilot500"", ""minigpt-4-vicuna-7b""], [""mmke-visual"", ""instructblip-vicuna-7b""]]"
verified50_main,LGA-Visual/tukey,1,all,7,64.20142857142858,64.20142857142858,64.20142857142858,"[[""evqa-pilot500"", ""blip2-opt-2.7b""], [""evqa-pilot500"", ""instructblip-vicuna-7b""], [""evqa-pilot500"", ""minigpt-4-vicuna-7b""], [""evqa-pilot500"", ""llava-v1.5-7b""], [""evqa-pilot500"", ""qwen2.5-vl-3b""], [""mmke-visual"", ""instructblip-vicuna-7b""], [""mmke-visual"", ""paligemma-3b""]]"
verified50_main,LGA-Visual/tukey,1,coverage80,7,64.20142857142858,64.20142857142858,64.20142857142858,"[[""evqa-pilot500"", ""blip2-opt-2.7b""], [""evqa-pilot500"", ""instructblip-vicuna-7b""], [""evqa-pilot500"", ""minigpt-4-vicuna-7b""], [""evqa-pilot500"", ""llava-v1.5-7b""], [""evqa-pilot500"", ""qwen2.5-vl-3b""], [""mmke-visual"", ""instructblip-vicuna-7b""], [""mmke-visual"", ""paligemma-3b""]]"
verified50_main,LGA-Visual/tukey,3,all,3,70.026,77.24000000000001,66.27866666666667,"[[""evqa-pilot500"", ""minigpt-4-vicuna-7b""], [""mmke-visual"", ""instructblip-vicuna-7b""], [""mmke-visual"", ""paligemma-3b""]]"
verified50_main,LGA-Visual/tukey,3,coverage80,3,70.026,77.24000000000001,66.27866666666667,"[[""evqa-pilot500"", ""minigpt-4-vicuna-7b""], [""mmke-visual"", ""instructblip-vicuna-7b""], [""mmke-visual"", ""paligemma-3b""]]"
verified50_main,LGA-Visual/tukey,5,all,2,64.92,69.179,60.711600000000004,"[[""evqa-pilot500"", ""minigpt-4-vicuna-7b""], [""mmke-visual"", ""instructblip-vicuna-7b""]]"
verified50_main,LGA-Visual/tukey,5,coverage80,2,64.92,69.179,60.711600000000004,"[[""evqa-pilot500"", ""minigpt-4-vicuna-7b""], [""mmke-visual"", ""instructblip-vicuna-7b""]]"
verified50_main,LGA-Param/raw,1,all,12,58.98233333333333,58.98233333333333,58.98233333333333,"[[""evqa-pilot500"", ""blip2-opt-2.7b""], [""evqa-pilot500"", ""instructblip-vicuna-7b""], [""evqa-pilot500"", ""minigpt-4-vicuna-7b""], [""evqa-pilot500"", ""llava-v1.5-7b""], [""evqa-pilot500"", ""smolvlm-1.7b""], [""mmke-visual"", ""blip2-opt-2.7b""], [""mmke-visual"", ""instructblip-vicuna-7b""], [""mmke-visual"", ""llava-v1.5-7b""], [""mmke-visual"", ""paligemma-3b""], [""mmke-entity"", ""blip2-opt-2.7b""], [""mmke-entity"", ""instructblip-vicuna-7b""], [""mmke-entity"", ""minigpt-4-vicuna-7b""]]"
verified50_main,LGA-Param/raw,1,coverage80,9,58.44133333333333,58.44133333333333,58.44133333333333,"[[""evqa-pilot500"", ""blip2-opt-2.7b""], [""evqa-pilot500"", ""minigpt-4-vicuna-7b""], [""evqa-pilot500"", ""smolvlm-1.7b""], [""mmke-visual"", ""blip2-opt-2.7b""], [""mmke-visual"", ""instructblip-vicuna-7b""], [""mmke-visual"", ""llava-v1.5-7b""], [""mmke-visual"", ""paligemma-3b""], [""mmke-entity"", ""instructblip-vicuna-7b""], [""mmke-entity"", ""minigpt-4-vicuna-7b""]]"
verified50_main,LGA-Param/raw,3,all,7,64.85171428571428,69.024,66.35009523809524,"[[""evqa-pilot500"", ""minigpt-4-vicuna-7b""], [""evqa-pilot500"", ""llava-v1.5-7b""], [""mmke-visual"", ""blip2-opt-2.7b""], [""mmke-visual"", ""instructblip-vicuna-7b""], [""mmke-visual"", ""llava-v1.5-7b""], [""mmke-entity"", ""blip2-opt-2.7b""], [""mmke-entity"", ""minigpt-4-vicuna-7b""]]"
verified50_main,LGA-Param/raw,3,coverage80,5,64.4196,70.0128,66.50546666666666,"[[""evqa-pilot500"", ""minigpt-4-vicuna-7b""], [""mmke-visual"", ""blip2-opt-2.7b""], [""mmke-visual"", ""instructblip-vicuna-7b""], [""mmke-visual"", ""llava-v1.5-7b""], [""mmke-entity"", ""minigpt-4-vicuna-7b""]]"
verified50_main,LGA-Param/raw,5,all,4,64.608,71.84,67.92699999999999,"[[""mmke-visual"", ""blip2-opt-2.7b""], [""mmke-visual"", ""instructblip-vicuna-7b""], [""mmke-entity"", ""blip2-opt-2.7b""], [""mmke-entity"", ""minigpt-4-vicuna-7b""]]"
verified50_main,LGA-Param/raw,5,coverage80,3,62.995333333333335,72.366,67.2676,"[[""mmke-visual"", ""blip2-opt-2.7b""], [""mmke-visual"", ""instructblip-vicuna-7b""], [""mmke-entity"", ""minigpt-4-vicuna-7b""]]"
verified50_main,LGA-Param/tukey,1,all,12,69.14133333333334,69.14133333333334,69.14133333333334,"[[""evqa-pilot500"", ""minigpt-4-vicuna-7b""], [""evqa-pilot500"", ""llava-v1.5-7b""], [""evqa-pilot500"", ""smolvlm-1.7b""], [""mmke-visual"", ""blip2-opt-2.7b""], [""mmke-visual"", ""instructblip-vicuna-7b""], [""mmke-visual"", ""llava-v1.5-7b""], [""mmke-visual"", ""qwen2.5-vl-3b""], [""mmke-visual"", ""paligemma-3b""], [""mmke-entity"", ""blip2-opt-2.7b""], [""mmke-entity"", ""minigpt-4-vicuna-7b""], [""mmke-entity"", ""llava-v1.5-7b""], [""mmke-entity"", ""qwen2.5-vl-3b""]]"
verified50_main,LGA-Param/tukey,1,coverage80,10,69.7832,69.7832,69.7832,"[[""evqa-pilot500"", ""minigpt-4-vicuna-7b""], [""evqa-pilot500"", ""smolvlm-1.7b""], [""mmke-visual"", ""blip2-opt-2.7b""], [""mmke-visual"", ""instructblip-vicuna-7b""], [""mmke-visual"", ""llava-v1.5-7b""], [""mmke-visual"", ""qwen2.5-vl-3b""], [""mmke-visual"", ""paligemma-3b""], [""mmke-entity"", ""minigpt-4-vicuna-7b""], [""mmke-entity"", ""llava-v1.5-7b""], [""mmke-entity"", ""qwen2.5-vl-3b""]]"
verified50_main,LGA-Param/tukey,3,all,8,69.13425,70.01725,69.15983333333334,"[[""evqa-pilot500"", ""minigpt-4-vicuna-7b""], [""evqa-pilot500"", ""llava-v1.5-7b""], [""mmke-visual"", ""blip2-opt-2.7b""], [""mmke-visual"", ""instructblip-vicuna-7b""], [""mmke-visual"", ""llava-v1.5-7b""], [""mmke-visual"", ""paligemma-3b""], [""mmke-entity"", ""blip2-opt-2.7b""], [""mmke-entity"", ""qwen2.5-vl-3b""]]"
verified50_main,LGA-Param/tukey,3,coverage80,6,70.20166666666667,71.17233333333333,70.22588888888889,"[[""evqa-pilot500"", ""minigpt-4-vicuna-7b""], [""mmke-visual"", ""blip2-opt-2.7b""], [""mmke-visual"", ""instructblip-vicuna-7b""], [""mmke-visual"", ""llava-v1.5-7b""], [""mmke-visual"", ""paligemma-3b""], [""mmke-entity"", ""qwen2.5-vl-3b""]]"
verified50_main,LGA-Param/tukey,5,all,3,63.82066666666666,64.17666666666668,63.93599999999999,"[[""mmke-visual"", ""blip2-opt-2.7b""], [""mmke-visual"", ""instructblip-vicuna-7b""], [""mmke-entity"", ""blip2-opt-2.7b""]]"
verified50_main,LGA-Param/tukey,5,coverage80,2,61.007999999999996,61.13400000000001,60.95139999999999,"[[""mmke-visual"", ""blip2-opt-2.7b""], [""mmke-visual"", ""instructblip-vicuna-7b""]]"
stable_only,Ours-signed-direction/raw,1,all,3,93.42066666666668,93.42066666666668,93.42066666666668,"[[""evqa-pilot500"", ""paligemma-3b""], [""mmke-visual"", ""paligemma-3b""], [""mmke-entity"", ""paligemma-3b""]]"
stable_only,Ours-signed-direction/raw,1,coverage80,3,93.42066666666668,93.42066666666668,93.42066666666668,"[[""evqa-pilot500"", ""paligemma-3b""], [""mmke-visual"", ""paligemma-3b""], [""mmke-entity"", ""paligemma-3b""]]"
stable_only,Ours-signed-direction/raw,3,all,0,,,,[]
stable_only,Ours-signed-direction/raw,3,coverage80,0,,,,[]
stable_only,Ours-signed-direction/raw,5,all,0,,,,[]
stable_only,Ours-signed-direction/raw,5,coverage80,0,,,,[]
stable_only,Ours-signed-direction/tukey,1,all,3,93.42066666666668,93.42066666666668,93.42066666666668,"[[""evqa-pilot500"", ""paligemma-3b""], [""mmke-visual"", ""paligemma-3b""], [""mmke-entity"", ""paligemma-3b""]]"
stable_only,Ours-signed-direction/tukey,1,coverage80,3,93.42066666666668,93.42066666666668,93.42066666666668,"[[""evqa-pilot500"", ""paligemma-3b""], [""mmke-visual"", ""paligemma-3b""], [""mmke-entity"", ""paligemma-3b""]]"
stable_only,Ours-signed-direction/tukey,3,all,0,,,,[]
stable_only,Ours-signed-direction/tukey,3,coverage80,0,,,,[]
stable_only,Ours-signed-direction/tukey,5,all,0,,,,[]
stable_only,Ours-signed-direction/tukey,5,coverage80,0,,,,[]
stable_only,Ours-main/raw,1,all,3,93.42066666666668,93.42066666666668,93.42066666666668,"[[""evqa-pilot500"", ""paligemma-3b""], [""mmke-visual"", ""paligemma-3b""], [""mmke-entity"", ""paligemma-3b""]]"
stable_only,Ours-main/raw,1,coverage80,3,93.42066666666668,93.42066666666668,93.42066666666668,"[[""evqa-pilot500"", ""paligemma-3b""], [""mmke-visual"", ""paligemma-3b""], [""mmke-entity"", ""paligemma-3b""]]"
stable_only,Ours-main/raw,3,all,0,,,,[]
stable_only,Ours-main/raw,3,coverage80,0,,,,[]
stable_only,Ours-main/raw,5,all,0,,,,[]
stable_only,Ours-main/raw,5,coverage80,0,,,,[]
stable_only,Ours-main/tukey,1,all,3,93.42066666666668,93.42066666666668,93.42066666666668,"[[""evqa-pilot500"", ""paligemma-3b""], [""mmke-visual"", ""paligemma-3b""], [""mmke-entity"", ""paligemma-3b""]]"
stable_only,Ours-main/tukey,1,coverage80,3,93.42066666666668,93.42066666666668,93.42066666666668,"[[""evqa-pilot500"", ""paligemma-3b""], [""mmke-visual"", ""paligemma-3b""], [""mmke-entity"", ""paligemma-3b""]]"
stable_only,Ours-main/tukey,3,all,0,,,,[]
stable_only,Ours-main/tukey,3,coverage80,0,,,,[]
stable_only,Ours-main/tukey,5,all,0,,,,[]
stable_only,Ours-main/tukey,5,coverage80,0,,,,[]
stable_only,Ours-no-direction/raw,1,all,2,90.84,90.84,90.84,"[[""evqa-pilot500"", ""paligemma-3b""], [""mmke-entity"", ""paligemma-3b""]]"
stable_only,Ours-no-direction/raw,1,coverage80,2,90.84,90.84,90.84,"[[""evqa-pilot500"", ""paligemma-3b""], [""mmke-entity"", ""paligemma-3b""]]"
stable_only,Ours-no-direction/raw,3,all,0,,,,[]
stable_only,Ours-no-direction/raw,3,coverage80,0,,,,[]
stable_only,Ours-no-direction/raw,5,all,0,,,,[]
stable_only,Ours-no-direction/raw,5,coverage80,0,,,,[]
stable_only,Ours-no-direction/tukey,1,all,2,90.84,90.84,90.84,"[[""evqa-pilot500"", ""paligemma-3b""], [""mmke-entity"", ""paligemma-3b""]]"
stable_only,Ours-no-direction/tukey,1,coverage80,2,90.84,90.84,90.84,"[[""evqa-pilot500"", ""paligemma-3b""], [""mmke-entity"", ""paligemma-3b""]]"
stable_only,Ours-no-direction/tukey,3,all,0,,,,[]
stable_only,Ours-no-direction/tukey,3,coverage80,0,,,,[]
stable_only,Ours-no-direction/tukey,5,all,0,,,,[]
stable_only,Ours-no-direction/tukey,5,coverage80,0,,,,[]
stable_only,LGA-Visual/raw,1,all,3,93.42066666666668,93.42066666666668,93.42066666666668,"[[""evqa-pilot500"", ""paligemma-3b""], [""mmke-visual"", ""paligemma-3b""], [""mmke-entity"", ""paligemma-3b""]]"
stable_only,LGA-Visual/raw,1,coverage80,3,93.42066666666668,93.42066666666668,93.42066666666668,"[[""evqa-pilot500"", ""paligemma-3b""], [""mmke-visual"", ""paligemma-3b""], [""mmke-entity"", ""paligemma-3b""]]"
stable_only,LGA-Visual/raw,3,all,0,,,,[]
stable_only,LGA-Visual/raw,3,coverage80,0,,,,[]
stable_only,LGA-Visual/raw,5,all,0,,,,[]
stable_only,LGA-Visual/raw,5,coverage80,0,,,,[]
stable_only,LGA-Visual/tukey,1,all,3,93.40933333333334,93.40933333333334,93.40933333333334,"[[""evqa-pilot500"", ""paligemma-3b""], [""mmke-visual"", ""paligemma-3b""], [""mmke-entity"", ""paligemma-3b""]]"
stable_only,LGA-Visual/tukey,1,coverage80,3,93.40933333333334,93.40933333333334,93.40933333333334,"[[""evqa-pilot500"", ""paligemma-3b""], [""mmke-visual"", ""paligemma-3b""], [""mmke-entity"", ""paligemma-3b""]]"
stable_only,LGA-Visual/tukey,3,all,2,98.654,98.714,98.52266666666667,"[[""mmke-visual"", ""paligemma-3b""], [""mmke-entity"", ""paligemma-3b""]]"
stable_only,LGA-Visual/tukey,3,coverage80,2,98.654,98.714,98.52266666666667,"[[""mmke-visual"", ""paligemma-3b""], [""mmke-entity"", ""paligemma-3b""]]"
stable_only,LGA-Visual/tukey,5,all,2,98.654,98.714,92.2568,"[[""mmke-visual"", ""paligemma-3b""], [""mmke-entity"", ""paligemma-3b""]]"
stable_only,LGA-Visual/tukey,5,coverage80,2,98.654,98.714,92.2568,"[[""mmke-visual"", ""paligemma-3b""], [""mmke-entity"", ""paligemma-3b""]]"
stable_only,LGA-Param/raw,1,all,3,40.163333333333334,40.163333333333334,40.163333333333334,"[[""evqa-pilot500"", ""paligemma-3b""], [""mmke-visual"", ""paligemma-3b""], [""mmke-entity"", ""paligemma-3b""]]"
stable_only,LGA-Param/raw,1,coverage80,2,40.19,40.19,40.19,"[[""mmke-visual"", ""paligemma-3b""], [""mmke-entity"", ""paligemma-3b""]]"
stable_only,LGA-Param/raw,3,all,2,40.19,98.54,59.943666666666665,"[[""mmke-visual"", ""paligemma-3b""], [""mmke-entity"", ""paligemma-3b""]]"
stable_only,LGA-Param/raw,3,coverage80,2,40.19,98.54,59.943666666666665,"[[""mmke-visual"", ""paligemma-3b""], [""mmke-entity"", ""paligemma-3b""]]"
stable_only,LGA-Param/raw,5,all,2,40.19,98.853,74.2596,"[[""mmke-visual"", ""paligemma-3b""], [""mmke-entity"", ""paligemma-3b""]]"
stable_only,LGA-Param/raw,5,coverage80,2,40.19,98.853,74.2596,"[[""mmke-visual"", ""paligemma-3b""], [""mmke-entity"", ""paligemma-3b""]]"
stable_only,LGA-Param/tukey,1,all,3,93.82333333333334,93.82333333333334,93.82333333333334,"[[""evqa-pilot500"", ""paligemma-3b""], [""mmke-visual"", ""paligemma-3b""], [""mmke-entity"", ""paligemma-3b""]]"
stable_only,LGA-Param/tukey,1,coverage80,2,98.54,98.54,98.54,"[[""mmke-visual"", ""paligemma-3b""], [""mmke-entity"", ""paligemma-3b""]]"
stable_only,LGA-Param/tukey,3,all,2,98.54,98.853,96.669,"[[""mmke-visual"", ""paligemma-3b""], [""mmke-entity"", ""paligemma-3b""]]"
stable_only,LGA-Param/tukey,3,coverage80,2,98.54,98.853,96.669,"[[""mmke-visual"", ""paligemma-3b""], [""mmke-entity"", ""paligemma-3b""]]"
stable_only,LGA-Param/tukey,5,all,0,,,,[]
stable_only,LGA-Param/tukey,5,coverage80,0,,,,[]
