dataset,model,method,layer,score_positive,rank_positive,score_positive_smoothed,source
EVQA-pilot500,BLIP2-OPT-2.7B,VisEdit-Contrib-Pre-alt,25,0.12481564939011308,1,0.10326572290528979,downloads/evqa_module_contribution/blip2/evqa_proxy500_blip2_module_contribution_20260602_160202/contribution_layer.csv
EVQA-pilot500,BLIP2-OPT-2.7B,VisEdit-Contrib-Pre-alt,24,0.09975022410382385,2,0.09373674341435345,downloads/evqa_module_contribution/blip2/evqa_proxy500_blip2_module_contribution_20260602_160202/contribution_layer.csv
EVQA-pilot500,BLIP2-OPT-2.7B,VisEdit-Contrib-Pre-alt,26,0.08523129522193243,3,0.09214871663349478,downloads/evqa_module_contribution/blip2/evqa_proxy500_blip2_module_contribution_20260602_160202/contribution_layer.csv
EVQA-pilot500,BLIP2-OPT-2.7B,VisEdit-Contrib-Pre-alt,29,0.07600355027928572,4,0.05472565949491324,downloads/evqa_module_contribution/blip2/evqa_proxy500_blip2_module_contribution_20260602_160202/contribution_layer.csv
EVQA-pilot500,BLIP2-OPT-2.7B,VisEdit-Contrib-Pre-alt,22,0.06992215375074039,5,0.049002969135439334,downloads/evqa_module_contribution/blip2/evqa_proxy500_blip2_module_contribution_20260602_160202/contribution_layer.csv
EVQA-pilot500,BLIP2-OPT-2.7B,VisEdit-Contrib-Pre-alt,27,0.06639920528843879,6,0.06865875341614663,downloads/evqa_module_contribution/blip2/evqa_proxy500_blip2_module_contribution_20260602_160202/contribution_layer.csv
EVQA-pilot500,BLIP2-OPT-2.7B,VisEdit-Contrib-Pre-alt,23,0.0566443567491234,7,0.07543891153456254,downloads/evqa_module_contribution/blip2/evqa_proxy500_blip2_module_contribution_20260602_160202/contribution_layer.csv
EVQA-pilot500,BLIP2-OPT-2.7B,VisEdit-Contrib-Pre-alt,28,0.05434575973806868,8,0.0655828384352644,downloads/evqa_module_contribution/blip2/evqa_proxy500_blip2_module_contribution_20260602_160202/contribution_layer.csv
EVQA-pilot500,BLIP2-OPT-2.7B,VisEdit-Contrib-Pre-alt,20,0.047927633948940625,9,0.026600556981727596,downloads/evqa_module_contribution/blip2/evqa_proxy500_blip2_module_contribution_20260602_160202/contribution_layer.csv
EVQA-pilot500,BLIP2-OPT-2.7B,VisEdit-Contrib-Pre-alt,30,0.03382766846738534,10,0.040464972702632114,downloads/evqa_module_contribution/blip2/evqa_proxy500_blip2_module_contribution_20260602_160202/contribution_layer.csv
EVQA-pilot500,BLIP2-OPT-2.7B,VisEdit-Contrib-Pre-alt,15,0.028190247426157493,11,0.019686015854269063,downloads/evqa_module_contribution/blip2/evqa_proxy500_blip2_module_contribution_20260602_160202/contribution_layer.csv
EVQA-pilot500,BLIP2-OPT-2.7B,VisEdit-Contrib-Pre-alt,21,0.0204423969064542,12,0.046097394868711734,downloads/evqa_module_contribution/blip2/evqa_proxy500_blip2_module_contribution_20260602_160202/contribution_layer.csv
EVQA-pilot500,BLIP2-OPT-2.7B,VisEdit-Contrib-Pre-alt,17,0.020226615891453983,13,0.01932544851950544,downloads/evqa_module_contribution/blip2/evqa_proxy500_blip2_module_contribution_20260602_160202/contribution_layer.csv
EVQA-pilot500,BLIP2-OPT-2.7B,VisEdit-Contrib-Pre-alt,16,0.019601199334418236,14,0.02267268755067657,downloads/evqa_module_contribution/blip2/evqa_proxy500_blip2_module_contribution_20260602_160202/contribution_layer.csv
EVQA-pilot500,BLIP2-OPT-2.7B,VisEdit-Contrib-Pre-alt,18,0.018148530332644103,15,0.016602262104628677,downloads/evqa_module_contribution/blip2/evqa_proxy500_blip2_module_contribution_20260602_160202/contribution_layer.csv
EVQA-pilot500,BLIP2-OPT-2.7B,VisEdit-Contrib-Pre-alt,5,0.014277238197903733,16,0.011278270932291846,downloads/evqa_module_contribution/blip2/evqa_proxy500_blip2_module_contribution_20260602_160202/contribution_layer.csv
EVQA-pilot500,BLIP2-OPT-2.7B,VisEdit-Contrib-Pre-alt,11,0.014041994264475072,17,0.011898939313387,downloads/evqa_module_contribution/blip2/evqa_proxy500_blip2_module_contribution_20260602_160202/contribution_layer.csv
EVQA-pilot500,BLIP2-OPT-2.7B,VisEdit-Contrib-Pre-alt,8,0.012716589199492444,18,0.011353119491530249,downloads/evqa_module_contribution/blip2/evqa_proxy500_blip2_module_contribution_20260602_160202/contribution_layer.csv
EVQA-pilot500,BLIP2-OPT-2.7B,VisEdit-Contrib-Pre-alt,9,0.012115806365465435,19,0.011606773985980976,downloads/evqa_module_contribution/blip2/evqa_proxy500_blip2_module_contribution_20260602_160202/contribution_layer.csv
EVQA-pilot500,BLIP2-OPT-2.7B,VisEdit-Contrib-Pre-alt,13,0.011667338185133776,20,0.011533612090022035,downloads/evqa_module_contribution/blip2/evqa_proxy500_blip2_module_contribution_20260602_160202/contribution_layer.csv
EVQA-pilot500,BLIP2-OPT-2.7B,VisEdit-Contrib-Pre-alt,12,0.011666897282700872,21,0.01245874324410324,downloads/evqa_module_contribution/blip2/evqa_proxy500_blip2_module_contribution_20260602_160202/contribution_layer.csv
EVQA-pilot500,BLIP2-OPT-2.7B,VisEdit-Contrib-Pre-alt,31,0.011563699361225277,22,0.022695683914305306,downloads/evqa_module_contribution/blip2/evqa_proxy500_blip2_module_contribution_20260602_160202/contribution_layer.csv
EVQA-pilot500,BLIP2-OPT-2.7B,VisEdit-Contrib-Pre-alt,19,0.011431640089787951,23,0.025835934790457562,downloads/evqa_module_contribution/blip2/evqa_proxy500_blip2_module_contribution_20260602_160202/contribution_layer.csv
EVQA-pilot500,BLIP2-OPT-2.7B,VisEdit-Contrib-Pre-alt,14,0.011266600802231455,24,0.017041395471174243,downloads/evqa_module_contribution/blip2/evqa_proxy500_blip2_module_contribution_20260602_160202/contribution_layer.csv
EVQA-pilot500,BLIP2-OPT-2.7B,VisEdit-Contrib-Pre-alt,10,0.009987926392985048,25,0.012048575674308518,downloads/evqa_module_contribution/blip2/evqa_proxy500_blip2_module_contribution_20260602_160202/contribution_layer.csv
EVQA-pilot500,BLIP2-OPT-2.7B,VisEdit-Contrib-Pre-alt,6,0.00990636048195263,26,0.011136853863163076,downloads/evqa_module_contribution/blip2/evqa_proxy500_blip2_module_contribution_20260602_160202/contribution_layer.csv
EVQA-pilot500,BLIP2-OPT-2.7B,VisEdit-Contrib-Pre-alt,4,0.009651214117019174,27,0.008851520246926635,downloads/evqa_module_contribution/blip2/evqa_proxy500_blip2_module_contribution_20260602_160202/contribution_layer.csv
EVQA-pilot500,BLIP2-OPT-2.7B,VisEdit-Contrib-Pre-alt,7,0.009226962909632866,28,0.010616637530359312,downloads/evqa_module_contribution/blip2/evqa_proxy500_blip2_module_contribution_20260602_160202/contribution_layer.csv
EVQA-pilot500,BLIP2-OPT-2.7B,VisEdit-Contrib-Pre-alt,0,0.007153700599863047,29,0.004573293460801707,downloads/evqa_module_contribution/blip2/evqa_proxy500_blip2_module_contribution_20260602_160202/contribution_layer.csv
EVQA-pilot500,BLIP2-OPT-2.7B,VisEdit-Contrib-Pre-alt,2,0.005629182838807079,30,0.003416059195468148,downloads/evqa_module_contribution/blip2/evqa_proxy500_blip2_module_contribution_20260602_160202/contribution_layer.csv
EVQA-pilot500,BLIP2-OPT-2.7B,VisEdit-Contrib-Pre-alt,3,0.0026261084258569984,31,0.0059688351272277505,downloads/evqa_module_contribution/blip2/evqa_proxy500_blip2_module_contribution_20260602_160202/contribution_layer.csv
EVQA-pilot500,BLIP2-OPT-2.7B,VisEdit-Contrib-Pre-alt,1,0.001992886321740367,32,0.0049252565868034975,downloads/evqa_module_contribution/blip2/evqa_proxy500_blip2_module_contribution_20260602_160202/contribution_layer.csv
EVQA-pilot500,BLIP2-OPT-2.7B,VisEdit-Contrib-Pre-model_pred,26,0.3307764588993293,1,0.30106927509705644,downloads/evqa_module_contribution/blip2/evqa_proxy500_blip2_module_contribution_model_pred_20260604_100403/contribution_layer.csv
EVQA-pilot500,BLIP2-OPT-2.7B,VisEdit-Contrib-Pre-model_pred,25,0.3006261900535278,2,0.2794687908262973,downloads/evqa_module_contribution/blip2/evqa_proxy500_blip2_module_contribution_model_pred_20260604_100403/contribution_layer.csv
EVQA-pilot500,BLIP2-OPT-2.7B,VisEdit-Contrib-Pre-model_pred,27,0.2718051763383122,3,0.25180520170424264,downloads/evqa_module_contribution/blip2/evqa_proxy500_blip2_module_contribution_model_pred_20260604_100403/contribution_layer.csv
EVQA-pilot500,BLIP2-OPT-2.7B,VisEdit-Contrib-Pre-model_pred,22,0.2202705631275242,4,0.14888492435343556,downloads/evqa_module_contribution/blip2/evqa_proxy500_blip2_module_contribution_model_pred_20260604_100403/contribution_layer.csv
EVQA-pilot500,BLIP2-OPT-2.7B,VisEdit-Contrib-Pre-model_pred,24,0.20700372352603474,5,0.2331412611341983,downloads/evqa_module_contribution/blip2/evqa_proxy500_blip2_module_contribution_model_pred_20260604_100403/contribution_layer.csv
EVQA-pilot500,BLIP2-OPT-2.7B,VisEdit-Contrib-Pre-model_pred,29,0.19951158047547418,6,0.13355762176135924,downloads/evqa_module_contribution/blip2/evqa_proxy500_blip2_module_contribution_model_pred_20260604_100403/contribution_layer.csv
EVQA-pilot500,BLIP2-OPT-2.7B,VisEdit-Contrib-Pre-model_pred,23,0.1917938698230324,7,0.2063560521588638,downloads/evqa_module_contribution/blip2/evqa_proxy500_blip2_module_contribution_model_pred_20260604_100403/contribution_layer.csv
EVQA-pilot500,BLIP2-OPT-2.7B,VisEdit-Contrib-Pre-model_pred,28,0.1528339698750864,8,0.2080502422296243,downloads/evqa_module_contribution/blip2/evqa_proxy500_blip2_module_contribution_model_pred_20260604_100403/contribution_layer.csv
EVQA-pilot500,BLIP2-OPT-2.7B,VisEdit-Contrib-Pre-model_pred,20,0.09484566935693733,9,0.048524391056278364,downloads/evqa_module_contribution/blip2/evqa_proxy500_blip2_module_contribution_model_pred_20260604_100403/contribution_layer.csv
EVQA-pilot500,BLIP2-OPT-2.7B,VisEdit-Contrib-Pre-model_pred,15,0.0814444041111052,10,0.05178773358249914,downloads/evqa_module_contribution/blip2/evqa_proxy500_blip2_module_contribution_model_pred_20260604_100403/contribution_layer.csv
EVQA-pilot500,BLIP2-OPT-2.7B,VisEdit-Contrib-Pre-model_pred,17,0.05274220763373029,11,0.04961925295603953,downloads/evqa_module_contribution/blip2/evqa_proxy500_blip2_module_contribution_model_pred_20260604_100403/contribution_layer.csv
EVQA-pilot500,BLIP2-OPT-2.7B,VisEdit-Contrib-Pre-model_pred,16,0.052574206501283,12,0.0622536060820395,downloads/evqa_module_contribution/blip2/evqa_proxy500_blip2_module_contribution_model_pred_20260604_100403/contribution_layer.csv
EVQA-pilot500,BLIP2-OPT-2.7B,VisEdit-Contrib-Pre-model_pred,10,0.052461101455526765,13,0.032820513376470566,downloads/evqa_module_contribution/blip2/evqa_proxy500_blip2_module_contribution_model_pred_20260604_100403/contribution_layer.csv
EVQA-pilot500,BLIP2-OPT-2.7B,VisEdit-Contrib-Pre-model_pred,8,0.05081130362053827,14,0.031795005816258624,downloads/evqa_module_contribution/blip2/evqa_proxy500_blip2_module_contribution_model_pred_20260604_100403/contribution_layer.csv
EVQA-pilot500,BLIP2-OPT-2.7B,VisEdit-Contrib-Pre-model_pred,30,0.04832731493351718,15,0.08735091273730976,downloads/evqa_module_contribution/blip2/evqa_proxy500_blip2_module_contribution_model_pred_20260604_100403/contribution_layer.csv
EVQA-pilot500,BLIP2-OPT-2.7B,VisEdit-Contrib-Pre-model_pred,18,0.04354134473310528,16,0.03747357202299442,downloads/evqa_module_contribution/blip2/evqa_proxy500_blip2_module_contribution_model_pred_20260604_100403/contribution_layer.csv
EVQA-pilot500,BLIP2-OPT-2.7B,VisEdit-Contrib-Pre-model_pred,12,0.03843799504136872,17,0.027082746499532157,downloads/evqa_module_contribution/blip2/evqa_proxy500_blip2_module_contribution_model_pred_20260604_100403/contribution_layer.csv
EVQA-pilot500,BLIP2-OPT-2.7B,VisEdit-Contrib-Pre-model_pred,5,0.035913815969999985,18,0.02271742744350877,downloads/evqa_module_contribution/blip2/evqa_proxy500_blip2_module_contribution_model_pred_20260604_100403/contribution_layer.csv
EVQA-pilot500,BLIP2-OPT-2.7B,VisEdit-Contrib-Pre-model_pred,21,0.03459034010975005,19,0.11656885753140385,downloads/evqa_module_contribution/blip2/evqa_proxy500_blip2_module_contribution_model_pred_20260604_100403/contribution_layer.csv
EVQA-pilot500,BLIP2-OPT-2.7B,VisEdit-Contrib-Pre-model_pred,11,0.026088402363005248,20,0.038995832953300245,downloads/evqa_module_contribution/blip2/evqa_proxy500_blip2_module_contribution_model_pred_20260604_100403/contribution_layer.csv
EVQA-pilot500,BLIP2-OPT-2.7B,VisEdit-Contrib-Pre-model_pred,7,0.024661677517357913,21,0.030991993563265235,downloads/evqa_module_contribution/blip2/evqa_proxy500_blip2_module_contribution_model_pred_20260604_100403/contribution_layer.csv
EVQA-pilot500,BLIP2-OPT-2.7B,VisEdit-Contrib-Pre-model_pred,14,0.021344590135109233,22,0.039836945446812315,downloads/evqa_module_contribution/blip2/evqa_proxy500_blip2_module_contribution_model_pred_20260604_100403/contribution_layer.csv
EVQA-pilot500,BLIP2-OPT-2.7B,VisEdit-Contrib-Pre-model_pred,9,0.019912036310879677,23,0.0410614804623149,downloads/evqa_module_contribution/blip2/evqa_proxy500_blip2_module_contribution_model_pred_20260604_100403/contribution_layer.csv
EVQA-pilot500,BLIP2-OPT-2.7B,VisEdit-Contrib-Pre-model_pred,0,0.019658148507189145,24,0.01385818249524621,downloads/evqa_module_contribution/blip2/evqa_proxy500_blip2_module_contribution_model_pred_20260604_100403/contribution_layer.csv
EVQA-pilot500,BLIP2-OPT-2.7B,VisEdit-Contrib-Pre-model_pred,6,0.01750299955189952,25,0.026026164346419137,downloads/evqa_module_contribution/blip2/evqa_proxy500_blip2_module_contribution_model_pred_20260604_100403/contribution_layer.csv
EVQA-pilot500,BLIP2-OPT-2.7B,VisEdit-Contrib-Pre-model_pred,13,0.01672184209422251,26,0.02550147575690015,downloads/evqa_module_contribution/blip2/evqa_proxy500_blip2_module_contribution_model_pred_20260604_100403/contribution_layer.csv
EVQA-pilot500,BLIP2-OPT-2.7B,VisEdit-Contrib-Pre-model_pred,19,0.0161371637021477,27,0.05150805926406343,downloads/evqa_module_contribution/blip2/evqa_proxy500_blip2_module_contribution_model_pred_20260604_100403/contribution_layer.csv
EVQA-pilot500,BLIP2-OPT-2.7B,VisEdit-Contrib-Pre-model_pred,2,0.014757645606972292,28,0.010135960566218691,downloads/evqa_module_contribution/blip2/evqa_proxy500_blip2_module_contribution_model_pred_20260604_100403/contribution_layer.csv
EVQA-pilot500,BLIP2-OPT-2.7B,VisEdit-Contrib-Pre-model_pred,4,0.014735466808626807,29,0.019413767462335765,downloads/evqa_module_contribution/blip2/evqa_proxy500_blip2_module_contribution_model_pred_20260604_100403/contribution_layer.csv
EVQA-pilot500,BLIP2-OPT-2.7B,VisEdit-Contrib-Pre-model_pred,31,0.014213842802937906,30,0.031270578868227546,downloads/evqa_module_contribution/blip2/evqa_proxy500_blip2_module_contribution_model_pred_20260604_100403/contribution_layer.csv
EVQA-pilot500,BLIP2-OPT-2.7B,VisEdit-Contrib-Pre-model_pred,1,0.008058216483303276,31,0.014158003532488236,downloads/evqa_module_contribution/blip2/evqa_proxy500_blip2_module_contribution_model_pred_20260604_100403/contribution_layer.csv
EVQA-pilot500,BLIP2-OPT-2.7B,VisEdit-Contrib-Pre-model_pred,3,0.0075920196083805085,32,0.012361710674659868,downloads/evqa_module_contribution/blip2/evqa_proxy500_blip2_module_contribution_model_pred_20260604_100403/contribution_layer.csv
EVQA-pilot500,InstructBLIP-Vicuna-7B,VisEdit-Contrib-Pre-alt,30,0.42655108298863187,1,0.15260095797230097,downloads/evqa_module_contribution/evqa_pilot500_module_6_contribution_model_alt/instructblip-vicuna-7b/contribution_layer.csv
EVQA-pilot500,InstructBLIP-Vicuna-7B,VisEdit-Contrib-Pre-alt,31,0.021678950873015308,2,0.22411501693082359,downloads/evqa_module_contribution/evqa_pilot500_module_6_contribution_model_alt/instructblip-vicuna-7b/contribution_layer.csv
EVQA-pilot500,InstructBLIP-Vicuna-7B,VisEdit-Contrib-Pre-alt,28,0.012655101033267283,3,0.009815381911823396,downloads/evqa_module_contribution/evqa_pilot500_module_6_contribution_model_alt/instructblip-vicuna-7b/contribution_layer.csv
EVQA-pilot500,InstructBLIP-Vicuna-7B,VisEdit-Contrib-Pre-alt,22,0.01041650071310057,4,0.004992441878358834,downloads/evqa_module_contribution/evqa_pilot500_module_6_contribution_model_alt/instructblip-vicuna-7b/contribution_layer.csv
EVQA-pilot500,InstructBLIP-Vicuna-7B,VisEdit-Contrib-Pre-alt,29,0.009572840055255792,5,0.14959300802571832,downloads/evqa_module_contribution/evqa_pilot500_module_6_contribution_model_alt/instructblip-vicuna-7b/contribution_layer.csv
EVQA-pilot500,InstructBLIP-Vicuna-7B,VisEdit-Contrib-Pre-alt,27,0.007218204646947112,6,0.00817178152213705,downloads/evqa_module_contribution/evqa_pilot500_module_6_contribution_model_alt/instructblip-vicuna-7b/contribution_layer.csv
EVQA-pilot500,InstructBLIP-Vicuna-7B,VisEdit-Contrib-Pre-alt,2,0.006283292938488636,7,0.00250477399500914,downloads/evqa_module_contribution/evqa_pilot500_module_6_contribution_model_alt/instructblip-vicuna-7b/contribution_layer.csv
EVQA-pilot500,InstructBLIP-Vicuna-7B,VisEdit-Contrib-Pre-alt,17,0.0050606076249730845,8,0.0032222778358337537,downloads/evqa_module_contribution/evqa_pilot500_module_6_contribution_model_alt/instructblip-vicuna-7b/contribution_layer.csv
EVQA-pilot500,InstructBLIP-Vicuna-7B,VisEdit-Contrib-Pre-alt,26,0.004642038886196753,9,0.004406128063040624,downloads/evqa_module_contribution/evqa_pilot500_module_6_contribution_model_alt/instructblip-vicuna-7b/contribution_layer.csv
EVQA-pilot500,InstructBLIP-Vicuna-7B,VisEdit-Contrib-Pre-alt,5,0.0038496228839915003,10,0.002631738851942298,downloads/evqa_module_contribution/evqa_pilot500_module_6_contribution_model_alt/instructblip-vicuna-7b/contribution_layer.csv
EVQA-pilot500,InstructBLIP-Vicuna-7B,VisEdit-Contrib-Pre-alt,16,0.003811767871051325,11,0.0031773058100532776,downloads/evqa_module_contribution/evqa_pilot500_module_6_contribution_model_alt/instructblip-vicuna-7b/contribution_layer.csv
EVQA-pilot500,InstructBLIP-Vicuna-7B,VisEdit-Contrib-Pre-alt,23,0.0030154388656400168,12,0.00507148617741035,downloads/evqa_module_contribution/evqa_pilot500_module_6_contribution_model_alt/instructblip-vicuna-7b/contribution_layer.csv
EVQA-pilot500,InstructBLIP-Vicuna-7B,VisEdit-Contrib-Pre-alt,12,0.00266002857574752,13,0.0014200746716270477,downloads/evqa_module_contribution/evqa_pilot500_module_6_contribution_model_alt/instructblip-vicuna-7b/contribution_layer.csv
EVQA-pilot500,InstructBLIP-Vicuna-7B,VisEdit-Contrib-Pre-alt,6,0.0023501802167412065,14,0.0022182631782547697,downloads/evqa_module_contribution/evqa_pilot500_module_6_contribution_model_alt/instructblip-vicuna-7b/contribution_layer.csv
EVQA-pilot500,InstructBLIP-Vicuna-7B,VisEdit-Contrib-Pre-alt,10,0.0022611040799854665,15,0.0016019591920094403,downloads/evqa_module_contribution/evqa_pilot500_module_6_contribution_model_alt/instructblip-vicuna-7b/contribution_layer.csv
EVQA-pilot500,InstructBLIP-Vicuna-7B,VisEdit-Contrib-Pre-alt,9,0.0018538981452093943,16,0.0013716674083982868,downloads/evqa_module_contribution/evqa_pilot500_module_6_contribution_model_alt/instructblip-vicuna-7b/contribution_layer.csv
EVQA-pilot500,InstructBLIP-Vicuna-7B,VisEdit-Contrib-Pre-alt,24,0.001782518953490463,17,0.0020520328250361627,downloads/evqa_module_contribution/evqa_pilot500_module_6_contribution_model_alt/instructblip-vicuna-7b/contribution_layer.csv
EVQA-pilot500,InstructBLIP-Vicuna-7B,VisEdit-Contrib-Pre-alt,4,0.0016954134550941874,18,0.001917833051645287,downloads/evqa_module_contribution/evqa_pilot500_module_6_contribution_model_alt/instructblip-vicuna-7b/contribution_layer.csv
EVQA-pilot500,InstructBLIP-Vicuna-7B,VisEdit-Contrib-Pre-alt,21,0.0015453860563359135,19,0.0042605207627737585,downloads/evqa_module_contribution/evqa_pilot500_module_6_contribution_model_alt/instructblip-vicuna-7b/contribution_layer.csv
EVQA-pilot500,InstructBLIP-Vicuna-7B,VisEdit-Contrib-Pre-alt,19,0.001414538920782503,20,0.0010095574837147158,downloads/evqa_module_contribution/evqa_pilot500_module_6_contribution_model_alt/instructblip-vicuna-7b/contribution_layer.csv
EVQA-pilot500,InstructBLIP-Vicuna-7B,VisEdit-Contrib-Pre-alt,25,0.001358140655978009,21,0.0025942328318884086,downloads/evqa_module_contribution/evqa_pilot500_module_6_contribution_model_alt/instructblip-vicuna-7b/contribution_layer.csv
EVQA-pilot500,InstructBLIP-Vicuna-7B,VisEdit-Contrib-Pre-alt,0,0.0011992908444776803,22,0.0011109285375831444,downloads/evqa_module_contribution/evqa_pilot500_module_6_contribution_model_alt/instructblip-vicuna-7b/contribution_layer.csv
EVQA-pilot500,InstructBLIP-Vicuna-7B,VisEdit-Contrib-Pre-alt,1,0.0010225662306886088,23,0.002835050004551641,downloads/evqa_module_contribution/evqa_pilot500_module_6_contribution_model_alt/instructblip-vicuna-7b/contribution_layer.csv
EVQA-pilot500,InstructBLIP-Vicuna-7B,VisEdit-Contrib-Pre-alt,13,0.0009093200883001632,24,0.0014751781684047048,downloads/evqa_module_contribution/evqa_pilot500_module_6_contribution_model_alt/instructblip-vicuna-7b/contribution_layer.csv
EVQA-pilot500,InstructBLIP-Vicuna-7B,VisEdit-Contrib-Pre-alt,14,0.0008561858411664311,25,0.0008083492878673388,downloads/evqa_module_contribution/evqa_pilot500_module_6_contribution_model_alt/instructblip-vicuna-7b/contribution_layer.csv
EVQA-pilot500,InstructBLIP-Vicuna-7B,VisEdit-Contrib-Pre-alt,20,0.0008196755188847912,26,0.0012598668320010693,downloads/evqa_module_contribution/evqa_pilot500_module_6_contribution_model_alt/instructblip-vicuna-7b/contribution_layer.csv
EVQA-pilot500,InstructBLIP-Vicuna-7B,VisEdit-Contrib-Pre-alt,18,0.0007944580114768527,27,0.00242320151907748,downloads/evqa_module_contribution/evqa_pilot500_module_6_contribution_model_alt/instructblip-vicuna-7b/contribution_layer.csv
EVQA-pilot500,InstructBLIP-Vicuna-7B,VisEdit-Contrib-Pre-alt,11,0.0006908753508334602,28,0.001870669335522149,downloads/evqa_module_contribution/evqa_pilot500_module_6_contribution_model_alt/instructblip-vicuna-7b/contribution_layer.csv
EVQA-pilot500,InstructBLIP-Vicuna-7B,VisEdit-Contrib-Pre-alt,15,0.000659541934135422,29,0.0017758318821177262,downloads/evqa_module_contribution/evqa_pilot500_module_6_contribution_model_alt/instructblip-vicuna-7b/contribution_layer.csv
EVQA-pilot500,InstructBLIP-Vicuna-7B,VisEdit-Contrib-Pre-alt,7,0.00045498643403160135,30,0.0009350555502576026,downloads/evqa_module_contribution/evqa_pilot500_module_6_contribution_model_alt/instructblip-vicuna-7b/contribution_layer.csv
EVQA-pilot500,InstructBLIP-Vicuna-7B,VisEdit-Contrib-Pre-alt,3,0.00020846281585017434,31,0.0027290564031443327,downloads/evqa_module_contribution/evqa_pilot500_module_6_contribution_model_alt/instructblip-vicuna-7b/contribution_layer.csv
EVQA-pilot500,InstructBLIP-Vicuna-7B,VisEdit-Contrib-Pre-alt,8,0.0,32,0.0007696281930803318,downloads/evqa_module_contribution/evqa_pilot500_module_6_contribution_model_alt/instructblip-vicuna-7b/contribution_layer.csv
EVQA-pilot500,InstructBLIP-Vicuna-7B,VisEdit-Contrib-Pre-model_pred,30,0.2866099182492539,1,0.11808638468563089,downloads/evqa_module_contribution/evqa_pilot500_module_6_contribution_model_pred/instructblip-vicuna-7b/contribution_layer.csv
EVQA-pilot500,InstructBLIP-Vicuna-7B,VisEdit-Contrib-Pre-model_pred,20,0.26563914411603484,2,0.1794160439065519,downloads/evqa_module_contribution/evqa_pilot500_module_6_contribution_model_pred/instructblip-vicuna-7b/contribution_layer.csv
EVQA-pilot500,InstructBLIP-Vicuna-7B,VisEdit-Contrib-Pre-model_pred,23,0.2077571171494795,3,0.10652771435981273,downloads/evqa_module_contribution/evqa_pilot500_module_6_contribution_model_pred/instructblip-vicuna-7b/contribution_layer.csv
EVQA-pilot500,InstructBLIP-Vicuna-7B,VisEdit-Contrib-Pre-model_pred,21,0.16398529283572277,4,0.1575822765525982,downloads/evqa_module_contribution/evqa_pilot500_module_6_contribution_model_pred/instructblip-vicuna-7b/contribution_layer.csv
EVQA-pilot500,InstructBLIP-Vicuna-7B,VisEdit-Contrib-Pre-model_pred,18,0.14348286603727095,5,0.09790609842858744,downloads/evqa_module_contribution/evqa_pilot500_module_6_contribution_model_pred/instructblip-vicuna-7b/contribution_layer.csv
EVQA-pilot500,InstructBLIP-Vicuna-7B,VisEdit-Contrib-Pre-model_pred,26,0.13884655088178888,6,0.09606222636942567,downloads/evqa_module_contribution/evqa_pilot500_module_6_contribution_model_pred/instructblip-vicuna-7b/contribution_layer.csv
EVQA-pilot500,InstructBLIP-Vicuna-7B,VisEdit-Contrib-Pre-model_pred,28,0.1354912991014603,7,0.08243207476831171,downloads/evqa_module_contribution/evqa_pilot500_module_6_contribution_model_pred/instructblip-vicuna-7b/contribution_layer.csv
EVQA-pilot500,InstructBLIP-Vicuna-7B,VisEdit-Contrib-Pre-model_pred,19,0.10862369476789814,8,0.17258190164040133,downloads/evqa_module_contribution/evqa_pilot500_module_6_contribution_model_pred/instructblip-vicuna-7b/contribution_layer.csv
EVQA-pilot500,InstructBLIP-Vicuna-7B,VisEdit-Contrib-Pre-model_pred,27,0.0837280886588088,9,0.119355312880686,downloads/evqa_module_contribution/evqa_pilot500_module_6_contribution_model_pred/instructblip-vicuna-7b/contribution_layer.csv
EVQA-pilot500,InstructBLIP-Vicuna-7B,VisEdit-Contrib-Pre-model_pred,24,0.06870363322392165,10,0.11402426331369349,downloads/evqa_module_contribution/evqa_pilot500_module_6_contribution_model_pred/instructblip-vicuna-7b/contribution_layer.csv
EVQA-pilot500,InstructBLIP-Vicuna-7B,VisEdit-Contrib-Pre-model_pred,25,0.06561203956767933,11,0.09105407455779661,downloads/evqa_module_contribution/evqa_pilot500_module_6_contribution_model_pred/instructblip-vicuna-7b/contribution_layer.csv
EVQA-pilot500,InstructBLIP-Vicuna-7B,VisEdit-Contrib-Pre-model_pred,16,0.053121547326484074,12,0.040222935211604235,downloads/evqa_module_contribution/evqa_pilot500_module_6_contribution_model_pred/instructblip-vicuna-7b/contribution_layer.csv
EVQA-pilot500,InstructBLIP-Vicuna-7B,VisEdit-Contrib-Pre-model_pred,22,0.04312239270603702,13,0.13828826756374643,downloads/evqa_module_contribution/evqa_pilot500_module_6_contribution_model_pred/instructblip-vicuna-7b/contribution_layer.csv
EVQA-pilot500,InstructBLIP-Vicuna-7B,VisEdit-Contrib-Pre-model_pred,17,0.04161173448059324,14,0.07940538261478276,downloads/evqa_module_contribution/evqa_pilot500_module_6_contribution_model_pred/instructblip-vicuna-7b/contribution_layer.csv
EVQA-pilot500,InstructBLIP-Vicuna-7B,VisEdit-Contrib-Pre-model_pred,14,0.041338416244907694,15,0.026005981837037628,downloads/evqa_module_contribution/evqa_pilot500_module_6_contribution_model_pred/instructblip-vicuna-7b/contribution_layer.csv
EVQA-pilot500,InstructBLIP-Vicuna-7B,VisEdit-Contrib-Pre-model_pred,31,0.03957239926297276,16,0.16309115875611335,downloads/evqa_module_contribution/evqa_pilot500_module_6_contribution_model_pred/instructblip-vicuna-7b/contribution_layer.csv
EVQA-pilot500,InstructBLIP-Vicuna-7B,VisEdit-Contrib-Pre-model_pred,29,0.028076836544666042,17,0.15005935129846007,downloads/evqa_module_contribution/evqa_pilot500_module_6_contribution_model_pred/instructblip-vicuna-7b/contribution_layer.csv
EVQA-pilot500,InstructBLIP-Vicuna-7B,VisEdit-Contrib-Pre-model_pred,15,0.02593552382773539,18,0.04013182913304239,downloads/evqa_module_contribution/evqa_pilot500_module_6_contribution_model_pred/instructblip-vicuna-7b/contribution_layer.csv
EVQA-pilot500,InstructBLIP-Vicuna-7B,VisEdit-Contrib-Pre-model_pred,3,0.011685508003805196,19,0.00748175120515657,downloads/evqa_module_contribution/evqa_pilot500_module_6_contribution_model_pred/instructblip-vicuna-7b/contribution_layer.csv
EVQA-pilot500,InstructBLIP-Vicuna-7B,VisEdit-Contrib-Pre-model_pred,13,0.010744005438469796,20,0.019698263696773143,downloads/evqa_module_contribution/evqa_pilot500_module_6_contribution_model_pred/instructblip-vicuna-7b/contribution_layer.csv
EVQA-pilot500,InstructBLIP-Vicuna-7B,VisEdit-Contrib-Pre-model_pred,12,0.007012369406941942,21,0.00690471672225263,downloads/evqa_module_contribution/evqa_pilot500_module_6_contribution_model_pred/instructblip-vicuna-7b/contribution_layer.csv
EVQA-pilot500,InstructBLIP-Vicuna-7B,VisEdit-Contrib-Pre-model_pred,4,0.006008694732805702,22,0.007041212629843054,downloads/evqa_module_contribution/evqa_pilot500_module_6_contribution_model_pred/instructblip-vicuna-7b/contribution_layer.csv
EVQA-pilot500,InstructBLIP-Vicuna-7B,VisEdit-Contrib-Pre-model_pred,10,0.004990159319430066,23,0.0036943970856086615,downloads/evqa_module_contribution/evqa_pilot500_module_6_contribution_model_pred/instructblip-vicuna-7b/contribution_layer.csv
EVQA-pilot500,InstructBLIP-Vicuna-7B,VisEdit-Contrib-Pre-model_pred,2,0.004751050878858814,24,0.006216834512644718,downloads/evqa_module_contribution/evqa_pilot500_module_6_contribution_model_pred/instructblip-vicuna-7b/contribution_layer.csv
EVQA-pilot500,InstructBLIP-Vicuna-7B,VisEdit-Contrib-Pre-model_pred,5,0.0034294351529182664,25,0.0037081300667374203,downloads/evqa_module_contribution/evqa_pilot500_module_6_contribution_model_pred/instructblip-vicuna-7b/contribution_layer.csv
EVQA-pilot500,InstructBLIP-Vicuna-7B,VisEdit-Contrib-Pre-model_pred,9,0.0031352566160497675,26,0.0032347666929318565,downloads/evqa_module_contribution/evqa_pilot500_module_6_contribution_model_pred/instructblip-vicuna-7b/contribution_layer.csv
EVQA-pilot500,InstructBLIP-Vicuna-7B,VisEdit-Contrib-Pre-model_pred,11,0.002957775321346152,27,0.004986768015906053,downloads/evqa_module_contribution/evqa_pilot500_module_6_contribution_model_pred/instructblip-vicuna-7b/contribution_layer.csv
EVQA-pilot500,InstructBLIP-Vicuna-7B,VisEdit-Contrib-Pre-model_pred,1,0.002213944655270143,28,0.002928158178302845,downloads/evqa_module_contribution/evqa_pilot500_module_6_contribution_model_pred/instructblip-vicuna-7b/contribution_layer.csv
EVQA-pilot500,InstructBLIP-Vicuna-7B,VisEdit-Contrib-Pre-model_pred,7,0.002172743422397491,29,0.0018126292934005066,downloads/evqa_module_contribution/evqa_pilot500_module_6_contribution_model_pred/instructblip-vicuna-7b/contribution_layer.csv
EVQA-pilot500,InstructBLIP-Vicuna-7B,VisEdit-Contrib-Pre-model_pred,0,0.0018194790007795773,30,0.00201671182802486,downloads/evqa_module_contribution/evqa_pilot500_module_6_contribution_model_pred/instructblip-vicuna-7b/contribution_layer.csv
EVQA-pilot500,InstructBLIP-Vicuna-7B,VisEdit-Contrib-Pre-model_pred,6,0.0016862603144882926,31,0.002429479629934683,downloads/evqa_module_contribution/evqa_pilot500_module_6_contribution_model_pred/instructblip-vicuna-7b/contribution_layer.csv
EVQA-pilot500,InstructBLIP-Vicuna-7B,VisEdit-Contrib-Pre-model_pred,8,0.0015788841433157365,32,0.0022956280605876647,downloads/evqa_module_contribution/evqa_pilot500_module_6_contribution_model_pred/instructblip-vicuna-7b/contribution_layer.csv
EVQA-pilot500,MiniGPT-4-Vicuna-7B,VisEdit-Contrib-Pre-alt,28,0.19728192314507176,1,0.0739998113134566,downloads/evqa_module_contribution/evqa_pilot500_module_6_contribution_model_alt/minigpt-4-vicuna-7b/contribution_layer.csv
EVQA-pilot500,MiniGPT-4-Vicuna-7B,VisEdit-Contrib-Pre-alt,31,0.14894490798838705,2,0.11712568213404606,downloads/evqa_module_contribution/evqa_pilot500_module_6_contribution_model_alt/minigpt-4-vicuna-7b/contribution_layer.csv
EVQA-pilot500,MiniGPT-4-Vicuna-7B,VisEdit-Contrib-Pre-alt,30,0.08530645627970507,3,0.08053651931040173,downloads/evqa_module_contribution/evqa_pilot500_module_6_contribution_model_alt/minigpt-4-vicuna-7b/contribution_layer.csv
EVQA-pilot500,MiniGPT-4-Vicuna-7B,VisEdit-Contrib-Pre-alt,27,0.01735931713218501,4,0.07405652971962438,downloads/evqa_module_contribution/evqa_pilot500_module_6_contribution_model_alt/minigpt-4-vicuna-7b/contribution_layer.csv
EVQA-pilot500,MiniGPT-4-Vicuna-7B,VisEdit-Contrib-Pre-alt,25,0.011784105448128438,5,0.0071201692038003654,downloads/evqa_module_contribution/evqa_pilot500_module_6_contribution_model_alt/minigpt-4-vicuna-7b/contribution_layer.csv
EVQA-pilot500,MiniGPT-4-Vicuna-7B,VisEdit-Contrib-Pre-alt,12,0.008575335937713539,6,0.0039059379168734447,downloads/evqa_module_contribution/evqa_pilot500_module_6_contribution_model_alt/minigpt-4-vicuna-7b/contribution_layer.csv
EVQA-pilot500,MiniGPT-4-Vicuna-7B,VisEdit-Contrib-Pre-alt,26,0.007528348881616379,7,0.012223923820643275,downloads/evqa_module_contribution/evqa_pilot500_module_6_contribution_model_alt/minigpt-4-vicuna-7b/contribution_layer.csv
EVQA-pilot500,MiniGPT-4-Vicuna-7B,VisEdit-Contrib-Pre-alt,29,0.00735819366311308,8,0.0966488576959633,downloads/evqa_module_contribution/evqa_pilot500_module_6_contribution_model_alt/minigpt-4-vicuna-7b/contribution_layer.csv
EVQA-pilot500,MiniGPT-4-Vicuna-7B,VisEdit-Contrib-Pre-alt,2,0.006799785882906152,9,0.0033931054847504715,downloads/evqa_module_contribution/evqa_pilot500_module_6_contribution_model_alt/minigpt-4-vicuna-7b/contribution_layer.csv
EVQA-pilot500,MiniGPT-4-Vicuna-7B,VisEdit-Contrib-Pre-alt,22,0.006242020953908531,10,0.003479989552847757,downloads/evqa_module_contribution/evqa_pilot500_module_6_contribution_model_alt/minigpt-4-vicuna-7b/contribution_layer.csv
EVQA-pilot500,MiniGPT-4-Vicuna-7B,VisEdit-Contrib-Pre-alt,16,0.005009677969434139,11,0.0027004059099619226,downloads/evqa_module_contribution/evqa_pilot500_module_6_contribution_model_alt/minigpt-4-vicuna-7b/contribution_layer.csv
EVQA-pilot500,MiniGPT-4-Vicuna-7B,VisEdit-Contrib-Pre-alt,4,0.004705958667121966,12,0.0031325810096133693,downloads/evqa_module_contribution/evqa_pilot500_module_6_contribution_model_alt/minigpt-4-vicuna-7b/contribution_layer.csv
EVQA-pilot500,MiniGPT-4-Vicuna-7B,VisEdit-Contrib-Pre-alt,5,0.003914639031010942,13,0.003152699962501457,downloads/evqa_module_contribution/evqa_pilot500_module_6_contribution_model_alt/minigpt-4-vicuna-7b/contribution_layer.csv
EVQA-pilot500,MiniGPT-4-Vicuna-7B,VisEdit-Contrib-Pre-alt,10,0.0035011697947136037,14,0.0015810528504610216,downloads/evqa_module_contribution/evqa_pilot500_module_6_contribution_model_alt/minigpt-4-vicuna-7b/contribution_layer.csv
EVQA-pilot500,MiniGPT-4-Vicuna-7B,VisEdit-Contrib-Pre-alt,20,0.003465765226043655,15,0.0026322735267218784,downloads/evqa_module_contribution/evqa_pilot500_module_6_contribution_model_alt/minigpt-4-vicuna-7b/contribution_layer.csv
EVQA-pilot500,MiniGPT-4-Vicuna-7B,VisEdit-Contrib-Pre-alt,0,0.0033426168709234766,16,0.00297250105578077,downloads/evqa_module_contribution/evqa_pilot500_module_6_contribution_model_alt/minigpt-4-vicuna-7b/contribution_layer.csv
EVQA-pilot500,MiniGPT-4-Vicuna-7B,VisEdit-Contrib-Pre-alt,13,0.0031424778129067956,17,0.004437443580912851,downloads/evqa_module_contribution/evqa_pilot500_module_6_contribution_model_alt/minigpt-4-vicuna-7b/contribution_layer.csv
EVQA-pilot500,MiniGPT-4-Vicuna-7B,VisEdit-Contrib-Pre-alt,1,0.0026023852406380633,18,0.004248262664822564,downloads/evqa_module_contribution/evqa_pilot500_module_6_contribution_model_alt/minigpt-4-vicuna-7b/contribution_layer.csv
EVQA-pilot500,MiniGPT-4-Vicuna-7B,VisEdit-Contrib-Pre-alt,15,0.0025582549984267382,19,0.0030541499866596987,downloads/evqa_module_contribution/evqa_pilot500_module_6_contribution_model_alt/minigpt-4-vicuna-7b/contribution_layer.csv
EVQA-pilot500,MiniGPT-4-Vicuna-7B,VisEdit-Contrib-Pre-alt,19,0.002469177467977991,20,0.002196129507323455,downloads/evqa_module_contribution/evqa_pilot500_module_6_contribution_model_alt/minigpt-4-vicuna-7b/contribution_layer.csv
EVQA-pilot500,MiniGPT-4-Vicuna-7B,VisEdit-Contrib-Pre-alt,23,0.002236069818490751,21,0.003508714684685188,downloads/evqa_module_contribution/evqa_pilot500_module_6_contribution_model_alt/minigpt-4-vicuna-7b/contribution_layer.csv
EVQA-pilot500,MiniGPT-4-Vicuna-7B,VisEdit-Contrib-Pre-alt,24,0.0020480532816562814,22,0.00535607618275849,downloads/evqa_module_contribution/evqa_pilot500_module_6_contribution_model_alt/minigpt-4-vicuna-7b/contribution_layer.csv
EVQA-pilot500,MiniGPT-4-Vicuna-7B,VisEdit-Contrib-Pre-alt,21,0.0019618778861439892,23,0.0038898880220320582,downloads/evqa_module_contribution/evqa_pilot500_module_6_contribution_model_alt/minigpt-4-vicuna-7b/contribution_layer.csv
EVQA-pilot500,MiniGPT-4-Vicuna-7B,VisEdit-Contrib-Pre-alt,14,0.0015945169921182177,24,0.0024317499344839173,downloads/evqa_module_contribution/evqa_pilot500_module_6_contribution_model_alt/minigpt-4-vicuna-7b/contribution_layer.csv
EVQA-pilot500,MiniGPT-4-Vicuna-7B,VisEdit-Contrib-Pre-alt,9,0.0012419887566694609,25,0.0015810528504610216,downloads/evqa_module_contribution/evqa_pilot500_module_6_contribution_model_alt/minigpt-4-vicuna-7b/contribution_layer.csv
EVQA-pilot500,MiniGPT-4-Vicuna-7B,VisEdit-Contrib-Pre-alt,6,0.0008375021893714631,26,0.0017462924280516592,downloads/evqa_module_contribution/evqa_pilot500_module_6_contribution_model_alt/minigpt-4-vicuna-7b/contribution_layer.csv
EVQA-pilot500,MiniGPT-4-Vicuna-7B,VisEdit-Contrib-Pre-alt,3,0.0007771453307071987,27,0.004094296626911772,downloads/evqa_module_contribution/evqa_pilot500_module_6_contribution_model_alt/minigpt-4-vicuna-7b/contribution_layer.csv
EVQA-pilot500,MiniGPT-4-Vicuna-7B,VisEdit-Contrib-Pre-alt,18,0.0006534458279487201,28,0.0012186360193172003,downloads/evqa_module_contribution/evqa_pilot500_module_6_contribution_model_alt/minigpt-4-vicuna-7b/contribution_layer.csv
EVQA-pilot500,MiniGPT-4-Vicuna-7B,VisEdit-Contrib-Pre-alt,17,0.0005332847620248899,29,0.002065469519802583,downloads/evqa_module_contribution/evqa_pilot500_module_6_contribution_model_alt/minigpt-4-vicuna-7b/contribution_layer.csv
EVQA-pilot500,MiniGPT-4-Vicuna-7B,VisEdit-Contrib-Pre-alt,7,0.00048673606377257206,30,0.00044141275104801173,downloads/evqa_module_contribution/evqa_pilot500_module_6_contribution_model_alt/minigpt-4-vicuna-7b/contribution_layer.csv
EVQA-pilot500,MiniGPT-4-Vicuna-7B,VisEdit-Contrib-Pre-alt,8,0.0,31,0.000576241606814011,downloads/evqa_module_contribution/evqa_pilot500_module_6_contribution_model_alt/minigpt-4-vicuna-7b/contribution_layer.csv
EVQA-pilot500,MiniGPT-4-Vicuna-7B,VisEdit-Contrib-Pre-alt,11,0.0,32,0.004025501910809048,downloads/evqa_module_contribution/evqa_pilot500_module_6_contribution_model_alt/minigpt-4-vicuna-7b/contribution_layer.csv
EVQA-pilot500,MiniGPT-4-Vicuna-7B,VisEdit-Contrib-Pre-model_pred,26,0.2737856278874452,1,0.13657403329951812,downloads/evqa_module_contribution/evqa_pilot500_module_6_contribution_model_pred/minigpt-4-vicuna-7b/contribution_layer.csv
EVQA-pilot500,MiniGPT-4-Vicuna-7B,VisEdit-Contrib-Pre-model_pred,30,0.15965603238182535,2,0.09643264621691233,downloads/evqa_module_contribution/evqa_pilot500_module_6_contribution_model_pred/minigpt-4-vicuna-7b/contribution_layer.csv
EVQA-pilot500,MiniGPT-4-Vicuna-7B,VisEdit-Contrib-Pre-model_pred,25,0.10487395668884003,3,0.129382950205168,downloads/evqa_module_contribution/evqa_pilot500_module_6_contribution_model_pred/minigpt-4-vicuna-7b/contribution_layer.csv
EVQA-pilot500,MiniGPT-4-Vicuna-7B,VisEdit-Contrib-Pre-model_pred,20,0.08930174779551098,4,0.0674439652097574,downloads/evqa_module_contribution/evqa_pilot500_module_6_contribution_model_pred/minigpt-4-vicuna-7b/contribution_layer.csv
EVQA-pilot500,MiniGPT-4-Vicuna-7B,VisEdit-Contrib-Pre-model_pred,31,0.08425426845624602,5,0.12195515041903568,downloads/evqa_module_contribution/evqa_pilot500_module_6_contribution_model_pred/minigpt-4-vicuna-7b/contribution_layer.csv
EVQA-pilot500,MiniGPT-4-Vicuna-7B,VisEdit-Contrib-Pre-model_pred,19,0.07555652171140882,6,0.06837424131726094,downloads/evqa_module_contribution/evqa_pilot500_module_6_contribution_model_pred/minigpt-4-vicuna-7b/contribution_layer.csv
EVQA-pilot500,MiniGPT-4-Vicuna-7B,VisEdit-Contrib-Pre-model_pred,22,0.05406636672991745,7,0.04140079560735558,downloads/evqa_module_contribution/evqa_pilot500_module_6_contribution_model_pred/minigpt-4-vicuna-7b/contribution_layer.csv
EVQA-pilot500,MiniGPT-4-Vicuna-7B,VisEdit-Contrib-Pre-model_pred,28,0.048483826957948284,8,0.04164466003096102,downloads/evqa_module_contribution/evqa_pilot500_module_6_contribution_model_pred/minigpt-4-vicuna-7b/contribution_layer.csv
EVQA-pilot500,MiniGPT-4-Vicuna-7B,VisEdit-Contrib-Pre-model_pred,29,0.04538763781266565,9,0.08450916571747975,downloads/evqa_module_contribution/evqa_pilot500_module_6_contribution_model_pred/minigpt-4-vicuna-7b/contribution_layer.csv
EVQA-pilot500,MiniGPT-4-Vicuna-7B,VisEdit-Contrib-Pre-model_pred,18,0.04026445444486301,10,0.04299983408526642,downloads/evqa_module_contribution/evqa_pilot500_module_6_contribution_model_pred/minigpt-4-vicuna-7b/contribution_layer.csv
EVQA-pilot500,MiniGPT-4-Vicuna-7B,VisEdit-Contrib-Pre-model_pred,21,0.037473626122352416,11,0.06028058021592695,downloads/evqa_module_contribution/evqa_pilot500_module_6_contribution_model_pred/minigpt-4-vicuna-7b/contribution_layer.csv
EVQA-pilot500,MiniGPT-4-Vicuna-7B,VisEdit-Contrib-Pre-model_pred,23,0.032662393969796866,12,0.03207267557964436,downloads/evqa_module_contribution/evqa_pilot500_module_6_contribution_model_pred/minigpt-4-vicuna-7b/contribution_layer.csv
EVQA-pilot500,MiniGPT-4-Vicuna-7B,VisEdit-Contrib-Pre-model_pred,27,0.031062515322269106,13,0.11777732338922087,downloads/evqa_module_contribution/evqa_pilot500_module_6_contribution_model_pred/minigpt-4-vicuna-7b/contribution_layer.csv
EVQA-pilot500,MiniGPT-4-Vicuna-7B,VisEdit-Contrib-Pre-model_pred,13,0.025267924093748974,14,0.017321806034401217,downloads/evqa_module_contribution/evqa_pilot500_module_6_contribution_model_pred/minigpt-4-vicuna-7b/contribution_layer.csv
EVQA-pilot500,MiniGPT-4-Vicuna-7B,VisEdit-Contrib-Pre-model_pred,15,0.017658712504341957,15,0.014327455522342263,downloads/evqa_module_contribution/evqa_pilot500_module_6_contribution_model_pred/minigpt-4-vicuna-7b/contribution_layer.csv
EVQA-pilot500,MiniGPT-4-Vicuna-7B,VisEdit-Contrib-Pre-model_pred,14,0.015620509436767691,16,0.019515715344952875,downloads/evqa_module_contribution/evqa_pilot500_module_6_contribution_model_pred/minigpt-4-vicuna-7b/contribution_layer.csv
EVQA-pilot500,MiniGPT-4-Vicuna-7B,VisEdit-Contrib-Pre-model_pred,17,0.013178526099527422,17,0.021048708390102523,downloads/evqa_module_contribution/evqa_pilot500_module_6_contribution_model_pred/minigpt-4-vicuna-7b/contribution_layer.csv
EVQA-pilot500,MiniGPT-4-Vicuna-7B,VisEdit-Contrib-Pre-model_pred,12,0.011076984572686986,18,0.012421626188394123,downloads/evqa_module_contribution/evqa_pilot500_module_6_contribution_model_pred/minigpt-4-vicuna-7b/contribution_layer.csv
EVQA-pilot500,MiniGPT-4-Vicuna-7B,VisEdit-Contrib-Pre-model_pred,16,0.009703144625917141,19,0.013513461076595507,downloads/evqa_module_contribution/evqa_pilot500_module_6_contribution_model_pred/minigpt-4-vicuna-7b/contribution_layer.csv
EVQA-pilot500,MiniGPT-4-Vicuna-7B,VisEdit-Contrib-Pre-model_pred,24,0.00948926603921877,20,0.04900853889928522,downloads/evqa_module_contribution/evqa_pilot500_module_6_contribution_model_pred/minigpt-4-vicuna-7b/contribution_layer.csv
EVQA-pilot500,MiniGPT-4-Vicuna-7B,VisEdit-Contrib-Pre-model_pred,4,0.008729411644915554,21,0.004737605701490153,downloads/evqa_module_contribution/evqa_pilot500_module_6_contribution_model_pred/minigpt-4-vicuna-7b/contribution_layer.csv
EVQA-pilot500,MiniGPT-4-Vicuna-7B,VisEdit-Contrib-Pre-model_pred,0,0.005190324974919347,22,0.0038723572182150193,downloads/evqa_module_contribution/evqa_pilot500_module_6_contribution_model_pred/minigpt-4-vicuna-7b/contribution_layer.csv
EVQA-pilot500,MiniGPT-4-Vicuna-7B,VisEdit-Contrib-Pre-model_pred,3,0.004316851347752131,23,0.005159330747195199,downloads/evqa_module_contribution/evqa_pilot500_module_6_contribution_model_pred/minigpt-4-vicuna-7b/contribution_layer.csv
EVQA-pilot500,MiniGPT-4-Vicuna-7B,VisEdit-Contrib-Pre-model_pred,10,0.003702336076413913,24,0.002046417208141507,downloads/evqa_module_contribution/evqa_pilot500_module_6_contribution_model_pred/minigpt-4-vicuna-7b/contribution_layer.csv
EVQA-pilot500,MiniGPT-4-Vicuna-7B,VisEdit-Contrib-Pre-model_pred,1,0.0025543894615106914,25,0.003392147895115983,downloads/evqa_module_contribution/evqa_pilot500_module_6_contribution_model_pred/minigpt-4-vicuna-7b/contribution_layer.csv
EVQA-pilot500,MiniGPT-4-Vicuna-7B,VisEdit-Contrib-Pre-model_pred,2,0.0024317292489179107,26,0.003100990019393578,downloads/evqa_module_contribution/evqa_pilot500_module_6_contribution_model_pred/minigpt-4-vicuna-7b/contribution_layer.csv
EVQA-pilot500,MiniGPT-4-Vicuna-7B,VisEdit-Contrib-Pre-model_pred,6,0.0022879732828075517,27,0.0013549819556900099,downloads/evqa_module_contribution/evqa_pilot500_module_6_contribution_model_pred/minigpt-4-vicuna-7b/contribution_layer.csv
EVQA-pilot500,MiniGPT-4-Vicuna-7B,VisEdit-Contrib-Pre-model_pred,8,0.001837391196585845,28,0.0013215851061032507,downloads/evqa_module_contribution/evqa_pilot500_module_6_contribution_model_pred/minigpt-4-vicuna-7b/contribution_layer.csv
EVQA-pilot500,MiniGPT-4-Vicuna-7B,VisEdit-Contrib-Pre-model_pred,9,0.0015169456492642025,29,0.00235222430742132,downloads/evqa_module_contribution/evqa_pilot500_module_6_contribution_model_pred/minigpt-4-vicuna-7b/contribution_layer.csv
EVQA-pilot500,MiniGPT-4-Vicuna-7B,VisEdit-Contrib-Pre-model_pred,5,0.0011665541118027734,30,0.004061313013175294,downloads/evqa_module_contribution/evqa_pilot500_module_6_contribution_model_pred/minigpt-4-vicuna-7b/contribution_layer.csv
EVQA-pilot500,MiniGPT-4-Vicuna-7B,VisEdit-Contrib-Pre-model_pred,11,0.0009199698987464055,31,0.005233096849282436,downloads/evqa_module_contribution/evqa_pilot500_module_6_contribution_model_pred/minigpt-4-vicuna-7b/contribution_layer.csv
EVQA-pilot500,MiniGPT-4-Vicuna-7B,VisEdit-Contrib-Pre-model_pred,7,0.000610418472459705,32,0.0015785943172843672,downloads/evqa_module_contribution/evqa_pilot500_module_6_contribution_model_pred/minigpt-4-vicuna-7b/contribution_layer.csv
EVQA-pilot500,LLaVA-v1.5-7B,VisEdit-Contrib-Pre-alt,30,0.4717312566017406,1,0.18440702702040124,downloads/evqa_module_contribution/evqa_pilot500_module_6_contribution_model_alt/llava-v1.5-7b/contribution_layer.csv
EVQA-pilot500,LLaVA-v1.5-7B,VisEdit-Contrib-Pre-alt,31,0.0611434649329823,2,0.26643736076736146,downloads/evqa_module_contribution/evqa_pilot500_module_6_contribution_model_alt/llava-v1.5-7b/contribution_layer.csv
EVQA-pilot500,LLaVA-v1.5-7B,VisEdit-Contrib-Pre-alt,29,0.020346359526480836,3,0.16942398817647183,downloads/evqa_module_contribution/evqa_pilot500_module_6_contribution_model_alt/llava-v1.5-7b/contribution_layer.csv
EVQA-pilot500,LLaVA-v1.5-7B,VisEdit-Contrib-Pre-alt,28,0.016194348401194082,4,0.014612861015919137,downloads/evqa_module_contribution/evqa_pilot500_module_6_contribution_model_alt/llava-v1.5-7b/contribution_layer.csv
EVQA-pilot500,LLaVA-v1.5-7B,VisEdit-Contrib-Pre-alt,27,0.007297875120082486,5,0.009426608158398365,downloads/evqa_module_contribution/evqa_pilot500_module_6_contribution_model_alt/llava-v1.5-7b/contribution_layer.csv
EVQA-pilot500,LLaVA-v1.5-7B,VisEdit-Contrib-Pre-alt,25,0.006290185251413348,6,0.004170985082171024,downloads/evqa_module_contribution/evqa_pilot500_module_6_contribution_model_alt/llava-v1.5-7b/contribution_layer.csv
EVQA-pilot500,LLaVA-v1.5-7B,VisEdit-Contrib-Pre-alt,26,0.00478760095391853,7,0.006125220441804788,downloads/evqa_module_contribution/evqa_pilot500_module_6_contribution_model_alt/llava-v1.5-7b/contribution_layer.csv
EVQA-pilot500,LLaVA-v1.5-7B,VisEdit-Contrib-Pre-alt,6,0.0037277853070764345,8,0.0026776400023352195,downloads/evqa_module_contribution/evqa_pilot500_module_6_contribution_model_alt/llava-v1.5-7b/contribution_layer.csv
EVQA-pilot500,LLaVA-v1.5-7B,VisEdit-Contrib-Pre-alt,7,0.002964198904731153,9,0.0022838292549158434,downloads/evqa_module_contribution/evqa_pilot500_module_6_contribution_model_alt/llava-v1.5-7b/contribution_layer.csv
EVQA-pilot500,LLaVA-v1.5-7B,VisEdit-Contrib-Pre-alt,10,0.0029600135719633517,10,0.0017995018563934284,downloads/evqa_module_contribution/evqa_pilot500_module_6_contribution_model_alt/llava-v1.5-7b/contribution_layer.csv
EVQA-pilot500,LLaVA-v1.5-7B,VisEdit-Contrib-Pre-alt,16,0.0028597579063574245,11,0.0015149218602144331,downloads/evqa_module_contribution/evqa_pilot500_module_6_contribution_model_alt/llava-v1.5-7b/contribution_layer.csv
EVQA-pilot500,LLaVA-v1.5-7B,VisEdit-Contrib-Pre-alt,1,0.0020452791758306414,12,0.00137029965222387,downloads/evqa_module_contribution/evqa_pilot500_module_6_contribution_model_alt/llava-v1.5-7b/contribution_layer.csv
EVQA-pilot500,LLaVA-v1.5-7B,VisEdit-Contrib-Pre-alt,11,0.0019046101668668877,13,0.002006387187632569,downloads/evqa_module_contribution/evqa_pilot500_module_6_contribution_model_alt/llava-v1.5-7b/contribution_layer.csv
EVQA-pilot500,LLaVA-v1.5-7B,VisEdit-Contrib-Pre-alt,2,0.001896901076588246,14,0.0018132570564156475,downloads/evqa_module_contribution/evqa_pilot500_module_6_contribution_model_alt/llava-v1.5-7b/contribution_layer.csv
EVQA-pilot500,LLaVA-v1.5-7B,VisEdit-Contrib-Pre-alt,13,0.001788841829252136,15,0.0013455212895406344,downloads/evqa_module_contribution/evqa_pilot500_module_6_contribution_model_alt/llava-v1.5-7b/contribution_layer.csv
EVQA-pilot500,LLaVA-v1.5-7B,VisEdit-Contrib-Pre-alt,18,0.0016728001744771219,16,0.0010571615088313298,downloads/evqa_module_contribution/evqa_pilot500_module_6_contribution_model_alt/llava-v1.5-7b/contribution_layer.csv
EVQA-pilot500,LLaVA-v1.5-7B,VisEdit-Contrib-Pre-alt,3,0.001497590916828054,17,0.0013546301771723628,downloads/evqa_module_contribution/evqa_pilot500_module_6_contribution_model_alt/llava-v1.5-7b/contribution_layer.csv
EVQA-pilot500,LLaVA-v1.5-7B,VisEdit-Contrib-Pre-alt,24,0.0014351690411811937,18,0.002581085885959683,downloads/evqa_module_contribution/evqa_pilot500_module_6_contribution_model_alt/llava-v1.5-7b/contribution_layer.csv
EVQA-pilot500,LLaVA-v1.5-7B,VisEdit-Contrib-Pre-alt,5,0.0013409357951980711,19,0.0019127065467917648,downloads/evqa_module_contribution/evqa_pilot500_module_6_contribution_model_alt/llava-v1.5-7b/contribution_layer.csv
EVQA-pilot500,LLaVA-v1.5-7B,VisEdit-Contrib-Pre-alt,17,0.0012875846505554464,20,0.0019400475771299975,downloads/evqa_module_contribution/evqa_pilot500_module_6_contribution_model_alt/llava-v1.5-7b/contribution_layer.csv
EVQA-pilot500,LLaVA-v1.5-7B,VisEdit-Contrib-Pre-alt,12,0.0011545378240674674,21,0.0016159966067288303,downloads/evqa_module_contribution/evqa_pilot500_module_6_contribution_model_alt/llava-v1.5-7b/contribution_layer.csv
EVQA-pilot500,LLaVA-v1.5-7B,VisEdit-Contrib-Pre-alt,14,0.0010931842153023,22,0.001093149689428288,downloads/evqa_module_contribution/evqa_pilot500_module_6_contribution_model_alt/llava-v1.5-7b/contribution_layer.csv
EVQA-pilot500,LLaVA-v1.5-7B,VisEdit-Contrib-Pre-alt,22,0.0007431465106496366,23,0.00047959485339102437,downloads/evqa_module_contribution/evqa_pilot500_module_6_contribution_model_alt/llava-v1.5-7b/contribution_layer.csv
EVQA-pilot500,LLaVA-v1.5-7B,VisEdit-Contrib-Pre-alt,21,0.0006777346842389294,24,0.0005697840471680207,downloads/evqa_module_contribution/evqa_pilot500_module_6_contribution_model_alt/llava-v1.5-7b/contribution_layer.csv
EVQA-pilot500,LLaVA-v1.5-7B,VisEdit-Contrib-Pre-alt,4,0.0006693985381007885,25,0.0011693084167089713,downloads/evqa_module_contribution/evqa_pilot500_module_6_contribution_model_alt/llava-v1.5-7b/contribution_layer.csv
EVQA-pilot500,LLaVA-v1.5-7B,VisEdit-Contrib-Pre-alt,9,0.0005338818303500457,26,0.0012177996517511132,downloads/evqa_module_contribution/evqa_pilot500_module_6_contribution_model_alt/llava-v1.5-7b/contribution_layer.csv
EVQA-pilot500,LLaVA-v1.5-7B,VisEdit-Contrib-Pre-alt,15,0.00039742302373042826,27,0.001450121715130051,downloads/evqa_module_contribution/evqa_pilot500_module_6_contribution_model_alt/llava-v1.5-7b/contribution_layer.csv
EVQA-pilot500,LLaVA-v1.5-7B,VisEdit-Contrib-Pre-alt,20,0.00028847094661549604,28,0.00039243511077194875,downloads/evqa_module_contribution/evqa_pilot500_module_6_contribution_model_alt/llava-v1.5-7b/contribution_layer.csv
EVQA-pilot500,LLaVA-v1.5-7B,VisEdit-Contrib-Pre-alt,19,0.00021109970146142068,29,0.0007241236075180129,downloads/evqa_module_contribution/evqa_pilot500_module_6_contribution_model_alt/llava-v1.5-7b/contribution_layer.csv
EVQA-pilot500,LLaVA-v1.5-7B,VisEdit-Contrib-Pre-alt,0,0.0001687187042527222,30,0.0011069989400416817,downloads/evqa_module_contribution/evqa_pilot500_module_6_contribution_model_alt/llava-v1.5-7b/contribution_layer.csv
EVQA-pilot500,LLaVA-v1.5-7B,VisEdit-Contrib-Pre-alt,8,0.00015950355293994234,31,0.0012191947626737137,downloads/evqa_module_contribution/evqa_pilot500_module_6_contribution_model_alt/llava-v1.5-7b/contribution_layer.csv
EVQA-pilot500,LLaVA-v1.5-7B,VisEdit-Contrib-Pre-alt,23,1.7903365284507104e-05,32,0.0007320729723717792,downloads/evqa_module_contribution/evqa_pilot500_module_6_contribution_model_alt/llava-v1.5-7b/contribution_layer.csv
EVQA-pilot500,LLaVA-v1.5-7B,VisEdit-Contrib-Pre-model_pred,28,0.3931301221310658,1,0.20146417009540718,downloads/evqa_module_contribution/evqa_pilot500_module_6_contribution_model_pred/llava-v1.5-7b/contribution_layer.csv
EVQA-pilot500,LLaVA-v1.5-7B,VisEdit-Contrib-Pre-model_pred,30,0.3061490961431141,2,0.16888001444186784,downloads/evqa_module_contribution/evqa_pilot500_module_6_contribution_model_pred/llava-v1.5-7b/contribution_layer.csv
EVQA-pilot500,LLaVA-v1.5-7B,VisEdit-Contrib-Pre-model_pred,27,0.11478362139620944,3,0.19527688022678938,downloads/evqa_module_contribution/evqa_pilot500_module_6_contribution_model_pred/llava-v1.5-7b/contribution_layer.csv
EVQA-pilot500,LLaVA-v1.5-7B,VisEdit-Contrib-Pre-model_pred,31,0.10401218042354317,4,0.20508063828332862,downloads/evqa_module_contribution/evqa_pilot500_module_6_contribution_model_pred/llava-v1.5-7b/contribution_layer.csv
EVQA-pilot500,LLaVA-v1.5-7B,VisEdit-Contrib-Pre-model_pred,29,0.0964787667589463,5,0.2652526616777087,downloads/evqa_module_contribution/evqa_pilot500_module_6_contribution_model_pred/llava-v1.5-7b/contribution_layer.csv
EVQA-pilot500,LLaVA-v1.5-7B,VisEdit-Contrib-Pre-model_pred,24,0.09104157739755657,6,0.05335752462653154,downloads/evqa_module_contribution/evqa_pilot500_module_6_contribution_model_pred/llava-v1.5-7b/contribution_layer.csv
EVQA-pilot500,LLaVA-v1.5-7B,VisEdit-Contrib-Pre-model_pred,26,0.07791689715309286,7,0.07784510674713559,downloads/evqa_module_contribution/evqa_pilot500_module_6_contribution_model_pred/llava-v1.5-7b/contribution_layer.csv
EVQA-pilot500,LLaVA-v1.5-7B,VisEdit-Contrib-Pre-model_pred,20,0.07042037356733186,8,0.059911191031367855,downloads/evqa_module_contribution/evqa_pilot500_module_6_contribution_model_pred/llava-v1.5-7b/contribution_layer.csv
EVQA-pilot500,LLaVA-v1.5-7B,VisEdit-Contrib-Pre-model_pred,22,0.06809306257996829,9,0.04941712953519104,downloads/evqa_module_contribution/evqa_pilot500_module_6_contribution_model_pred/llava-v1.5-7b/contribution_layer.csv
EVQA-pilot500,LLaVA-v1.5-7B,VisEdit-Contrib-Pre-model_pred,19,0.05735106829110047,10,0.05474477410726341,downloads/evqa_module_contribution/evqa_pilot500_module_6_contribution_model_pred/llava-v1.5-7b/contribution_layer.csv
EVQA-pilot500,LLaVA-v1.5-7B,VisEdit-Contrib-Pre-model_pred,21,0.05196213123567126,11,0.0634918557943238,downloads/evqa_module_contribution/evqa_pilot500_module_6_contribution_model_pred/llava-v1.5-7b/contribution_layer.csv
EVQA-pilot500,LLaVA-v1.5-7B,VisEdit-Contrib-Pre-model_pred,17,0.049680252720340844,12,0.04472091983272561,downloads/evqa_module_contribution/evqa_pilot500_module_6_contribution_model_pred/llava-v1.5-7b/contribution_layer.csv
EVQA-pilot500,LLaVA-v1.5-7B,VisEdit-Contrib-Pre-model_pred,16,0.048019626314478085,13,0.0378748612772038,downloads/evqa_module_contribution/evqa_pilot500_module_6_contribution_model_pred/llava-v1.5-7b/contribution_layer.csv
EVQA-pilot500,LLaVA-v1.5-7B,VisEdit-Contrib-Pre-model_pred,25,0.040834801692104496,14,0.06993109208091798,downloads/evqa_module_contribution/evqa_pilot500_module_6_contribution_model_pred/llava-v1.5-7b/contribution_layer.csv
EVQA-pilot500,LLaVA-v1.5-7B,VisEdit-Contrib-Pre-model_pred,18,0.0364628804633579,15,0.04783140049159973,downloads/evqa_module_contribution/evqa_pilot500_module_6_contribution_model_pred/llava-v1.5-7b/contribution_layer.csv
EVQA-pilot500,LLaVA-v1.5-7B,VisEdit-Contrib-Pre-model_pred,23,0.028196194789933557,16,0.06244361158915281,downloads/evqa_module_contribution/evqa_pilot500_module_6_contribution_model_pred/llava-v1.5-7b/contribution_layer.csv
EVQA-pilot500,LLaVA-v1.5-7B,VisEdit-Contrib-Pre-model_pred,15,0.015924704796792453,17,0.022473338925086978,downloads/evqa_module_contribution/evqa_pilot500_module_6_contribution_model_pred/llava-v1.5-7b/contribution_layer.csv
EVQA-pilot500,LLaVA-v1.5-7B,VisEdit-Contrib-Pre-model_pred,13,0.004074405434530666,18,0.003232644082391071,downloads/evqa_module_contribution/evqa_pilot500_module_6_contribution_model_pred/llava-v1.5-7b/contribution_layer.csv
EVQA-pilot500,LLaVA-v1.5-7B,VisEdit-Contrib-Pre-model_pred,9,0.00403138790861829,19,0.002724335638420688,downloads/evqa_module_contribution/evqa_pilot500_module_6_contribution_model_pred/llava-v1.5-7b/contribution_layer.csv
EVQA-pilot500,LLaVA-v1.5-7B,VisEdit-Contrib-Pre-model_pred,7,0.0037331438158255755,20,0.0027109920652896983,downloads/evqa_module_contribution/evqa_pilot500_module_6_contribution_model_pred/llava-v1.5-7b/contribution_layer.csv
EVQA-pilot500,LLaVA-v1.5-7B,VisEdit-Contrib-Pre-model_pred,14,0.0034756856639904018,21,0.007824931965104507,downloads/evqa_module_contribution/evqa_pilot500_module_6_contribution_model_pred/llava-v1.5-7b/contribution_layer.csv
EVQA-pilot500,LLaVA-v1.5-7B,VisEdit-Contrib-Pre-model_pred,6,0.0028202939008635432,22,0.0024316440420089854,downloads/evqa_module_contribution/evqa_pilot500_module_6_contribution_model_pred/llava-v1.5-7b/contribution_layer.csv
EVQA-pilot500,LLaVA-v1.5-7B,VisEdit-Contrib-Pre-model_pred,10,0.0025620805274637983,23,0.0027051193966069406,downloads/evqa_module_contribution/evqa_pilot500_module_6_contribution_model_pred/llava-v1.5-7b/contribution_layer.csv
EVQA-pilot500,LLaVA-v1.5-7B,VisEdit-Contrib-Pre-model_pred,4,0.0022258081544872313,24,0.0013942489415945138,downloads/evqa_module_contribution/evqa_pilot500_module_6_contribution_model_pred/llava-v1.5-7b/contribution_layer.csv
EVQA-pilot500,LLaVA-v1.5-7B,VisEdit-Contrib-Pre-model_pred,12,0.002147841148652145,25,0.002581378778973848,downloads/evqa_module_contribution/evqa_pilot500_module_6_contribution_model_pred/llava-v1.5-7b/contribution_layer.csv
EVQA-pilot500,LLaVA-v1.5-7B,VisEdit-Contrib-Pre-model_pred,1,0.0021072689717521386,26,0.0013802688991632766,downloads/evqa_module_contribution/evqa_pilot500_module_6_contribution_model_pred/llava-v1.5-7b/contribution_layer.csv
EVQA-pilot500,LLaVA-v1.5-7B,VisEdit-Contrib-Pre-model_pred,8,0.0015795384791799764,27,0.003114690067874614,downloads/evqa_module_contribution/evqa_pilot500_module_6_contribution_model_pred/llava-v1.5-7b/contribution_layer.csv
EVQA-pilot500,LLaVA-v1.5-7B,VisEdit-Contrib-Pre-model_pred,11,0.0015218897537387335,28,0.0020772704766182253,downloads/evqa_module_contribution/evqa_pilot500_module_6_contribution_model_pred/llava-v1.5-7b/contribution_layer.csv
EVQA-pilot500,LLaVA-v1.5-7B,VisEdit-Contrib-Pre-model_pred,2,0.0014445795818284516,29,0.0015890976048463545,downloads/evqa_module_contribution/evqa_pilot500_module_6_contribution_model_pred/llava-v1.5-7b/contribution_layer.csv
EVQA-pilot500,LLaVA-v1.5-7B,VisEdit-Contrib-Pre-model_pred,3,0.0012154442609584731,30,0.001628610665758052,downloads/evqa_module_contribution/evqa_pilot500_module_6_contribution_model_pred/llava-v1.5-7b/contribution_layer.csv
EVQA-pilot500,LLaVA-v1.5-7B,VisEdit-Contrib-Pre-model_pred,5,0.000741494409337837,31,0.0019291988215628705,downloads/evqa_module_contribution/evqa_pilot500_module_6_contribution_model_pred/llava-v1.5-7b/contribution_layer.csv
EVQA-pilot500,LLaVA-v1.5-7B,VisEdit-Contrib-Pre-model_pred,0,0.0005889581439092397,32,0.0013481135578306892,downloads/evqa_module_contribution/evqa_pilot500_module_6_contribution_model_pred/llava-v1.5-7b/contribution_layer.csv
EVQA-pilot500,Qwen2.5-VL-3B,VisEdit-Contrib-Pre-alt,31,0.13100522982140597,1,0.07845659212625546,downloads/evqa_module_contribution/evqa_pilot500_module_6_contribution_model_alt/qwen2.5-vl-3b/contribution_layer.csv
EVQA-pilot500,Qwen2.5-VL-3B,VisEdit-Contrib-Pre-alt,35,0.1262518334951875,2,0.09402776145047033,downloads/evqa_module_contribution/evqa_pilot500_module_6_contribution_model_alt/qwen2.5-vl-3b/contribution_layer.csv
EVQA-pilot500,Qwen2.5-VL-3B,VisEdit-Contrib-Pre-alt,26,0.09548078794280013,3,0.033866644405884806,downloads/evqa_module_contribution/evqa_pilot500_module_6_contribution_model_alt/qwen2.5-vl-3b/contribution_layer.csv
EVQA-pilot500,Qwen2.5-VL-3B,VisEdit-Contrib-Pre-alt,34,0.061803689405753155,4,0.08283691003769822,downloads/evqa_module_contribution/evqa_pilot500_module_6_contribution_model_alt/qwen2.5-vl-3b/contribution_layer.csv
EVQA-pilot500,Qwen2.5-VL-3B,VisEdit-Contrib-Pre-alt,33,0.060455207212153986,5,0.05725264606883063,downloads/evqa_module_contribution/evqa_pilot500_module_6_contribution_model_alt/qwen2.5-vl-3b/contribution_layer.csv
EVQA-pilot500,Qwen2.5-VL-3B,VisEdit-Contrib-Pre-alt,30,0.054865504968775625,6,0.0658505203717587,downloads/evqa_module_contribution/evqa_pilot500_module_6_contribution_model_alt/qwen2.5-vl-3b/contribution_layer.csv
EVQA-pilot500,Qwen2.5-VL-3B,VisEdit-Contrib-Pre-alt,32,0.04949904158858476,7,0.08031982620738158,downloads/evqa_module_contribution/evqa_pilot500_module_6_contribution_model_alt/qwen2.5-vl-3b/contribution_layer.csv
EVQA-pilot500,Qwen2.5-VL-3B,VisEdit-Contrib-Pre-alt,28,0.013396248598626405,8,0.010174948531184898,downloads/evqa_module_contribution/evqa_pilot500_module_6_contribution_model_alt/qwen2.5-vl-3b/contribution_layer.csv
EVQA-pilot500,Qwen2.5-VL-3B,VisEdit-Contrib-Pre-alt,16,0.011854297833917133,9,0.004300104142944222,downloads/evqa_module_contribution/evqa_pilot500_module_6_contribution_model_alt/qwen2.5-vl-3b/contribution_layer.csv
EVQA-pilot500,Qwen2.5-VL-3B,VisEdit-Contrib-Pre-alt,29,0.011680826325094514,10,0.02664752663083218,downloads/evqa_module_contribution/evqa_pilot500_module_6_contribution_model_alt/qwen2.5-vl-3b/contribution_layer.csv
EVQA-pilot500,Qwen2.5-VL-3B,VisEdit-Contrib-Pre-alt,10,0.011065915365682563,11,0.004295119194623997,downloads/evqa_module_contribution/evqa_pilot500_module_6_contribution_model_alt/qwen2.5-vl-3b/contribution_layer.csv
EVQA-pilot500,Qwen2.5-VL-3B,VisEdit-Contrib-Pre-alt,27,0.005447770669833774,12,0.03810826907042011,downloads/evqa_module_contribution/evqa_pilot500_module_6_contribution_model_alt/qwen2.5-vl-3b/contribution_layer.csv
EVQA-pilot500,Qwen2.5-VL-3B,VisEdit-Contrib-Pre-alt,6,0.004792279487016817,13,0.0018307040525085859,downloads/evqa_module_contribution/evqa_pilot500_module_6_contribution_model_alt/qwen2.5-vl-3b/contribution_layer.csv
EVQA-pilot500,Qwen2.5-VL-3B,VisEdit-Contrib-Pre-alt,24,0.002759714095830242,14,0.0013294892422578786,downloads/evqa_module_contribution/evqa_pilot500_module_6_contribution_model_alt/qwen2.5-vl-3b/contribution_layer.csv
EVQA-pilot500,Qwen2.5-VL-3B,VisEdit-Contrib-Pre-alt,1,0.0023667172797567242,15,0.0008993877303044777,downloads/evqa_module_contribution/evqa_pilot500_module_6_contribution_model_alt/qwen2.5-vl-3b/contribution_layer.csv
EVQA-pilot500,Qwen2.5-VL-3B,VisEdit-Contrib-Pre-alt,8,0.001574977480464487,16,0.000726647896202989,downloads/evqa_module_contribution/evqa_pilot500_module_6_contribution_model_alt/qwen2.5-vl-3b/contribution_layer.csv
EVQA-pilot500,Qwen2.5-VL-3B,VisEdit-Contrib-Pre-alt,18,0.001543390639608442,17,0.0009825405146845442,downloads/evqa_module_contribution/evqa_pilot500_module_6_contribution_model_alt/qwen2.5-vl-3b/contribution_layer.csv
EVQA-pilot500,Qwen2.5-VL-3B,VisEdit-Contrib-Pre-alt,22,0.001447391119270857,18,0.0008134117812929947,downloads/evqa_module_contribution/evqa_pilot500_module_6_contribution_model_alt/qwen2.5-vl-3b/contribution_layer.csv
EVQA-pilot500,Qwen2.5-VL-3B,VisEdit-Contrib-Pre-alt,11,0.0012768323580295774,19,0.004399072308596015,downloads/evqa_module_contribution/evqa_pilot500_module_6_contribution_model_alt/qwen2.5-vl-3b/contribution_layer.csv
EVQA-pilot500,Qwen2.5-VL-3B,VisEdit-Contrib-Pre-alt,12,0.0008544692020759041,20,0.0008876933406184811,downloads/evqa_module_contribution/evqa_pilot500_module_6_contribution_model_alt/qwen2.5-vl-3b/contribution_layer.csv
EVQA-pilot500,Qwen2.5-VL-3B,VisEdit-Contrib-Pre-alt,17,0.0007524995773085074,21,0.004716729350278027,downloads/evqa_module_contribution/evqa_pilot500_module_6_contribution_model_alt/qwen2.5-vl-3b/contribution_layer.csv
EVQA-pilot500,Qwen2.5-VL-3B,VisEdit-Contrib-Pre-alt,14,0.0007487537678280163,22,0.0005246824157283357,downloads/evqa_module_contribution/evqa_pilot500_module_6_contribution_model_alt/qwen2.5-vl-3b/contribution_layer.csv
EVQA-pilot500,Qwen2.5-VL-3B,VisEdit-Contrib-Pre-alt,25,0.0006713746050205258,23,0.03297062554788363,downloads/evqa_module_contribution/evqa_pilot500_module_6_contribution_model_alt/qwen2.5-vl-3b/contribution_layer.csv
EVQA-pilot500,Qwen2.5-VL-3B,VisEdit-Contrib-Pre-alt,19,0.0006517313271366832,24,0.0008105400113896051,downloads/evqa_module_contribution/evqa_pilot500_module_6_contribution_model_alt/qwen2.5-vl-3b/contribution_layer.csv
EVQA-pilot500,Qwen2.5-VL-3B,VisEdit-Contrib-Pre-alt,5,0.0006374763225243112,25,0.0018595221771364398,downloads/evqa_module_contribution/evqa_pilot500_module_6_contribution_model_alt/qwen2.5-vl-3b/contribution_layer.csv
EVQA-pilot500,Qwen2.5-VL-3B,VisEdit-Contrib-Pre-alt,23,0.0005573790259228679,26,0.0015881614136746558,downloads/evqa_module_contribution/evqa_pilot500_module_6_contribution_model_alt/qwen2.5-vl-3b/contribution_layer.csv
EVQA-pilot500,Qwen2.5-VL-3B,VisEdit-Contrib-Pre-alt,9,0.0005426098601598501,27,0.0043945009021023,downloads/evqa_module_contribution/evqa_pilot500_module_6_contribution_model_alt/qwen2.5-vl-3b/contribution_layer.csv
EVQA-pilot500,Qwen2.5-VL-3B,VisEdit-Contrib-Pre-alt,13,0.0005317784617499618,28,0.0007116671438846274,downloads/evqa_module_contribution/evqa_pilot500_module_6_contribution_model_alt/qwen2.5-vl-3b/contribution_layer.csv
EVQA-pilot500,Qwen2.5-VL-3B,VisEdit-Contrib-Pre-alt,3,0.0005051902768335988,29,0.0003271307100866521,downloads/evqa_module_contribution/evqa_pilot500_module_6_contribution_model_alt/qwen2.5-vl-3b/contribution_layer.csv
EVQA-pilot500,Qwen2.5-VL-3B,VisEdit-Contrib-Pre-alt,21,0.00043546519868525906,30,0.0007064514617932687,downloads/evqa_module_contribution/evqa_pilot500_module_6_contribution_model_alt/qwen2.5-vl-3b/contribution_layer.csv
EVQA-pilot500,Qwen2.5-VL-3B,VisEdit-Contrib-Pre-alt,2,0.00032739113155816606,31,0.0010664328960494965,downloads/evqa_module_contribution/evqa_pilot500_module_6_contribution_model_alt/qwen2.5-vl-3b/contribution_layer.csv
EVQA-pilot500,Qwen2.5-VL-3B,VisEdit-Contrib-Pre-alt,15,0.00029351501760702895,32,0.004298855539784059,downloads/evqa_module_contribution/evqa_pilot500_module_6_contribution_model_alt/qwen2.5-vl-3b/contribution_layer.csv
EVQA-pilot500,Qwen2.5-VL-3B,VisEdit-Contrib-Pre-alt,20,0.00023649806742369,33,0.00044123153108187747,downloads/evqa_module_contribution/evqa_pilot500_module_6_contribution_model_alt/qwen2.5-vl-3b/contribution_layer.csv
EVQA-pilot500,Qwen2.5-VL-3B,VisEdit-Contrib-Pre-alt,4,0.00014881072186819137,34,0.00043049244040870043,downloads/evqa_module_contribution/evqa_pilot500_module_6_contribution_model_alt/qwen2.5-vl-3b/contribution_layer.csv
EVQA-pilot500,Qwen2.5-VL-3B,VisEdit-Contrib-Pre-alt,7,6.23563479846297e-05,35,0.0021432044384886444,downloads/evqa_module_contribution/evqa_pilot500_module_6_contribution_model_alt/qwen2.5-vl-3b/contribution_layer.csv
EVQA-pilot500,Qwen2.5-VL-3B,VisEdit-Contrib-Pre-alt,0,4.054779598542641e-06,36,0.0011853860296776335,downloads/evqa_module_contribution/evqa_pilot500_module_6_contribution_model_alt/qwen2.5-vl-3b/contribution_layer.csv
EVQA-pilot500,Qwen2.5-VL-3B,VisEdit-Contrib-Pre-model_pred,31,0.20095083972470493,1,0.14485723967910394,downloads/evqa_module_contribution/evqa_pilot500_module_6_contribution_model_pred/qwen2.5-vl-3b/contribution_layer.csv
EVQA-pilot500,Qwen2.5-VL-3B,VisEdit-Contrib-Pre-model_pred,30,0.19632720424312025,2,0.14184939512241226,downloads/evqa_module_contribution/evqa_pilot500_module_6_contribution_model_pred/qwen2.5-vl-3b/contribution_layer.csv
EVQA-pilot500,Qwen2.5-VL-3B,VisEdit-Contrib-Pre-model_pred,34,0.09989258126495516,3,0.046734309312318256,downloads/evqa_module_contribution/evqa_pilot500_module_6_contribution_model_pred/qwen2.5-vl-3b/contribution_layer.csv
EVQA-pilot500,Qwen2.5-VL-3B,VisEdit-Contrib-Pre-model_pred,32,0.037293675069486595,4,0.0898581618285072,downloads/evqa_module_contribution/evqa_pilot500_module_6_contribution_model_pred/qwen2.5-vl-3b/contribution_layer.csv
EVQA-pilot500,Qwen2.5-VL-3B,VisEdit-Contrib-Pre-model_pred,33,0.031329970691330075,5,0.05617207567525728,downloads/evqa_module_contribution/evqa_pilot500_module_6_contribution_model_pred/qwen2.5-vl-3b/contribution_layer.csv
EVQA-pilot500,Qwen2.5-VL-3B,VisEdit-Contrib-Pre-model_pred,29,0.028270141399411634,6,0.07601877370494423,downloads/evqa_module_contribution/evqa_pilot500_module_6_contribution_model_pred/qwen2.5-vl-3b/contribution_layer.csv
EVQA-pilot500,Qwen2.5-VL-3B,VisEdit-Contrib-Pre-model_pred,26,0.013712707688843681,7,0.00824028671680916,downloads/evqa_module_contribution/evqa_pilot500_module_6_contribution_model_pred/qwen2.5-vl-3b/contribution_layer.csv
EVQA-pilot500,Qwen2.5-VL-3B,VisEdit-Contrib-Pre-model_pred,35,0.008980375980669522,8,0.05443647862281234,downloads/evqa_module_contribution/evqa_pilot500_module_6_contribution_model_pred/qwen2.5-vl-3b/contribution_layer.csv
EVQA-pilot500,Qwen2.5-VL-3B,VisEdit-Contrib-Pre-model_pred,27,0.008706460964946648,9,0.008626048042030376,downloads/evqa_module_contribution/evqa_pilot500_module_6_contribution_model_pred/qwen2.5-vl-3b/contribution_layer.csv
EVQA-pilot500,Qwen2.5-VL-3B,VisEdit-Contrib-Pre-model_pred,28,0.003458975472300798,10,0.013478525945553025,downloads/evqa_module_contribution/evqa_pilot500_module_6_contribution_model_pred/qwen2.5-vl-3b/contribution_layer.csv
EVQA-pilot500,Qwen2.5-VL-3B,VisEdit-Contrib-Pre-model_pred,25,0.002301691496637148,11,0.005642196973438415,downloads/evqa_module_contribution/evqa_pilot500_module_6_contribution_model_pred/qwen2.5-vl-3b/contribution_layer.csv
EVQA-pilot500,Qwen2.5-VL-3B,VisEdit-Contrib-Pre-model_pred,10,0.0017571121826801454,12,0.0007882693630621882,downloads/evqa_module_contribution/evqa_pilot500_module_6_contribution_model_pred/qwen2.5-vl-3b/contribution_layer.csv
EVQA-pilot500,Qwen2.5-VL-3B,VisEdit-Contrib-Pre-model_pred,24,0.0009121917348344169,13,0.0013726287802127148,downloads/evqa_module_contribution/evqa_pilot500_module_6_contribution_model_pred/qwen2.5-vl-3b/contribution_layer.csv
EVQA-pilot500,Qwen2.5-VL-3B,VisEdit-Contrib-Pre-model_pred,23,0.0009040031091665798,14,0.0006952240846352032,downloads/evqa_module_contribution/evqa_pilot500_module_6_contribution_model_pred/qwen2.5-vl-3b/contribution_layer.csv
EVQA-pilot500,Qwen2.5-VL-3B,VisEdit-Contrib-Pre-model_pred,16,0.0009005113079431749,15,0.00046392387291067824,downloads/evqa_module_contribution/evqa_pilot500_module_6_contribution_model_pred/qwen2.5-vl-3b/contribution_layer.csv
EVQA-pilot500,Qwen2.5-VL-3B,VisEdit-Contrib-Pre-model_pred,19,0.0008713117561754542,16,0.0003484857377622774,downloads/evqa_module_contribution/evqa_pilot500_module_6_contribution_model_pred/qwen2.5-vl-3b/contribution_layer.csv
EVQA-pilot500,Qwen2.5-VL-3B,VisEdit-Contrib-Pre-model_pred,5,0.000653975811531054,17,0.0004145260047549836,downloads/evqa_module_contribution/evqa_pilot500_module_6_contribution_model_pred/qwen2.5-vl-3b/contribution_layer.csv
EVQA-pilot500,Qwen2.5-VL-3B,VisEdit-Contrib-Pre-model_pred,8,0.0005575346273162857,18,0.00025736529354428557,downloads/evqa_module_contribution/evqa_pilot500_module_6_contribution_model_pred/qwen2.5-vl-3b/contribution_layer.csv
EVQA-pilot500,Qwen2.5-VL-3B,VisEdit-Contrib-Pre-model_pred,6,0.0004489757448585559,19,0.00038096356430564036,downloads/evqa_module_contribution/evqa_pilot500_module_6_contribution_model_pred/qwen2.5-vl-3b/contribution_layer.csv
EVQA-pilot500,Qwen2.5-VL-3B,VisEdit-Contrib-Pre-model_pred,11,0.0004330737897171595,20,0.0007907304538403299,downloads/evqa_module_contribution/evqa_pilot500_module_6_contribution_model_pred/qwen2.5-vl-3b/contribution_layer.csv
EVQA-pilot500,Qwen2.5-VL-3B,VisEdit-Contrib-Pre-model_pred,2,0.0002737252596643155,21,0.00017853924069118356,downloads/evqa_module_contribution/evqa_pilot500_module_6_contribution_model_pred/qwen2.5-vl-3b/contribution_layer.csv
EVQA-pilot500,Qwen2.5-VL-3B,VisEdit-Contrib-Pre-model_pred,22,0.00026947740990461265,22,0.00045989182991384205,downloads/evqa_module_contribution/evqa_pilot500_module_6_contribution_model_pred/qwen2.5-vl-3b/contribution_layer.csv
EVQA-pilot500,Qwen2.5-VL-3B,VisEdit-Contrib-Pre-model_pred,17,0.0002564760479198649,23,0.0004269627411257933,downloads/evqa_module_contribution/evqa_pilot500_module_6_contribution_model_pred/qwen2.5-vl-3b/contribution_layer.csv
EVQA-pilot500,Qwen2.5-VL-3B,VisEdit-Contrib-Pre-model_pred,14,0.0002468900811299098,24,0.000209817231835006,downloads/evqa_module_contribution/evqa_pilot500_module_6_contribution_model_pred/qwen2.5-vl-3b/contribution_layer.csv
EVQA-pilot500,Qwen2.5-VL-3B,VisEdit-Contrib-Pre-model_pred,3,0.00023722173931355512,25,0.0002171911522844038,downloads/evqa_module_contribution/evqa_pilot500_module_6_contribution_model_pred/qwen2.5-vl-3b/contribution_layer.csv
EVQA-pilot500,Qwen2.5-VL-3B,VisEdit-Contrib-Pre-model_pred,15,0.00023478426286899483,26,0.00046072855064735983,downloads/evqa_module_contribution/evqa_pilot500_module_6_contribution_model_pred/qwen2.5-vl-3b/contribution_layer.csv
EVQA-pilot500,Qwen2.5-VL-3B,VisEdit-Contrib-Pre-model_pred,21,0.00020619497067033367,27,0.0001753056567239948,downloads/evqa_module_contribution/evqa_pilot500_module_6_contribution_model_pred/qwen2.5-vl-3b/contribution_layer.csv
EVQA-pilot500,Qwen2.5-VL-3B,VisEdit-Contrib-Pre-model_pred,12,0.00018200538912368494,28,0.0002542855101156526,downloads/evqa_module_contribution/evqa_pilot500_module_6_contribution_model_pred/qwen2.5-vl-3b/contribution_layer.csv
EVQA-pilot500,Qwen2.5-VL-3B,VisEdit-Contrib-Pre-model_pred,9,0.0001746221167892599,29,0.0008297563089285637,downloads/evqa_module_contribution/evqa_pilot500_module_6_contribution_model_pred/qwen2.5-vl-3b/contribution_layer.csv
EVQA-pilot500,Qwen2.5-VL-3B,VisEdit-Contrib-Pre-model_pred,13,0.00014777735150611337,30,0.0001922242739199027,downloads/evqa_module_contribution/evqa_pilot500_module_6_contribution_model_pred/qwen2.5-vl-3b/contribution_layer.csv
EVQA-pilot500,Qwen2.5-VL-3B,VisEdit-Contrib-Pre-model_pred,4,0.00014062645787534073,31,0.0003439413362399833,downloads/evqa_module_contribution/evqa_pilot500_module_6_contribution_model_pred/qwen2.5-vl-3b/contribution_layer.csv
EVQA-pilot500,Qwen2.5-VL-3B,VisEdit-Contrib-Pre-model_pred,18,0.00012390086751434015,32,0.0004172295572032198,downloads/evqa_module_contribution/evqa_pilot500_module_6_contribution_model_pred/qwen2.5-vl-3b/contribution_layer.csv
EVQA-pilot500,Qwen2.5-VL-3B,VisEdit-Contrib-Pre-model_pred,20,5.024458959703803e-05,33,0.000375917105480942,downloads/evqa_module_contribution/evqa_pilot500_module_6_contribution_model_pred/qwen2.5-vl-3b/contribution_layer.csv
EVQA-pilot500,Qwen2.5-VL-3B,VisEdit-Contrib-Pre-model_pred,7,3.993913652731105e-05,34,0.0003488165029007175,downloads/evqa_module_contribution/evqa_pilot500_module_6_contribution_model_pred/qwen2.5-vl-3b/contribution_layer.csv
EVQA-pilot500,Qwen2.5-VL-3B,VisEdit-Contrib-Pre-model_pred,1,2.4670723095680053e-05,35,0.00010037782674676894,downloads/evqa_module_contribution/evqa_pilot500_module_6_contribution_model_pred/qwen2.5-vl-3b/contribution_layer.csv
EVQA-pilot500,Qwen2.5-VL-3B,VisEdit-Contrib-Pre-model_pred,0,2.7374974803112776e-06,36,1.3704110287995665e-05,downloads/evqa_module_contribution/evqa_pilot500_module_6_contribution_model_pred/qwen2.5-vl-3b/contribution_layer.csv
EVQA-pilot500,PaliGemma-3B,VisEdit-Contrib-Pre-alt,15,0.043137980407603756,1,0.027309695859763134,downloads/evqa_module_contribution/evqa_pilot500_module_6_contribution_model_alt/paligemma-3b/contribution_layer.csv
EVQA-pilot500,PaliGemma-3B,VisEdit-Contrib-Pre-alt,14,0.036255403423494,2,0.026821533335617497,downloads/evqa_module_contribution/evqa_pilot500_module_6_contribution_model_alt/paligemma-3b/contribution_layer.csv
EVQA-pilot500,PaliGemma-3B,VisEdit-Contrib-Pre-alt,12,0.007377866664594033,3,0.0028209493106839405,downloads/evqa_module_contribution/evqa_pilot500_module_6_contribution_model_alt/paligemma-3b/contribution_layer.csv
EVQA-pilot500,PaliGemma-3B,VisEdit-Contrib-Pre-alt,16,0.0025357037481916413,4,0.015715633010552222,downloads/evqa_module_contribution/evqa_pilot500_module_6_contribution_model_alt/paligemma-3b/contribution_layer.csv
EVQA-pilot500,PaliGemma-3B,VisEdit-Contrib-Pre-alt,17,0.0014732148758612716,5,0.0020044593120264564,downloads/evqa_module_contribution/evqa_pilot500_module_6_contribution_model_alt/paligemma-3b/contribution_layer.csv
EVQA-pilot500,PaliGemma-3B,VisEdit-Contrib-Pre-alt,13,0.001071216175754739,6,0.014901495421280926,downloads/evqa_module_contribution/evqa_pilot500_module_6_contribution_model_alt/paligemma-3b/contribution_layer.csv
EVQA-pilot500,PaliGemma-3B,VisEdit-Contrib-Pre-alt,8,0.00012643589428782236,7,4.631413233112429e-05,downloads/evqa_module_contribution/evqa_pilot500_module_6_contribution_model_alt/paligemma-3b/contribution_layer.csv
EVQA-pilot500,PaliGemma-3B,VisEdit-Contrib-Pre-alt,10,4.5582991725911765e-05,8,2.3837818342453316e-05,downloads/evqa_module_contribution/evqa_pilot500_module_6_contribution_model_alt/paligemma-3b/contribution_layer.csv
EVQA-pilot500,PaliGemma-3B,VisEdit-Contrib-Pre-alt,11,1.3765091703050463e-05,9,0.0024790715826743318,downloads/evqa_module_contribution/evqa_pilot500_module_6_contribution_model_alt/paligemma-3b/contribution_layer.csv
EVQA-pilot500,PaliGemma-3B,VisEdit-Contrib-Pre-alt,9,1.2165371598397716e-05,10,6.139475253737728e-05,downloads/evqa_module_contribution/evqa_pilot500_module_6_contribution_model_alt/paligemma-3b/contribution_layer.csv
EVQA-pilot500,PaliGemma-3B,VisEdit-Contrib-Pre-alt,6,2.074148077713364e-06,11,8.05093061622048e-07,downloads/evqa_module_contribution/evqa_pilot500_module_6_contribution_model_alt/paligemma-3b/contribution_layer.csv
EVQA-pilot500,PaliGemma-3B,VisEdit-Contrib-Pre-alt,7,3.4113110715277995e-07,12,4.2950391157562836e-05,downloads/evqa_module_contribution/evqa_pilot500_module_6_contribution_model_alt/paligemma-3b/contribution_layer.csv
EVQA-pilot500,PaliGemma-3B,VisEdit-Contrib-Pre-alt,1,0.0,13,0.0,downloads/evqa_module_contribution/evqa_pilot500_module_6_contribution_model_alt/paligemma-3b/contribution_layer.csv
EVQA-pilot500,PaliGemma-3B,VisEdit-Contrib-Pre-alt,0,0.0,14,0.0,downloads/evqa_module_contribution/evqa_pilot500_module_6_contribution_model_alt/paligemma-3b/contribution_layer.csv
EVQA-pilot500,PaliGemma-3B,VisEdit-Contrib-Pre-alt,4,0.0,15,0.0,downloads/evqa_module_contribution/evqa_pilot500_module_6_contribution_model_alt/paligemma-3b/contribution_layer.csv
EVQA-pilot500,PaliGemma-3B,VisEdit-Contrib-Pre-alt,5,0.0,16,6.913826925711213e-07,downloads/evqa_module_contribution/evqa_pilot500_module_6_contribution_model_alt/paligemma-3b/contribution_layer.csv
EVQA-pilot500,PaliGemma-3B,VisEdit-Contrib-Pre-alt,3,0.0,17,0.0,downloads/evqa_module_contribution/evqa_pilot500_module_6_contribution_model_alt/paligemma-3b/contribution_layer.csv
EVQA-pilot500,PaliGemma-3B,VisEdit-Contrib-Pre-alt,2,0.0,18,0.0,downloads/evqa_module_contribution/evqa_pilot500_module_6_contribution_model_alt/paligemma-3b/contribution_layer.csv
EVQA-pilot500,PaliGemma-3B,VisEdit-Contrib-Pre-model_pred,13,0.06009398809901883,1,0.0267414613228648,downloads/evqa_module_contribution/evqa_pilot500_module_6_contribution_model_pred/paligemma-3b/contribution_layer.csv
EVQA-pilot500,PaliGemma-3B,VisEdit-Contrib-Pre-model_pred,15,0.016205086596991602,2,0.01420706677756231,downloads/evqa_module_contribution/evqa_pilot500_module_6_contribution_model_pred/paligemma-3b/contribution_layer.csv
EVQA-pilot500,PaliGemma-3B,VisEdit-Contrib-Pre-model_pred,16,0.016183083510309303,3,0.013192447309523653,downloads/evqa_module_contribution/evqa_pilot500_module_6_contribution_model_pred/paligemma-3b/contribution_layer.csv
EVQA-pilot500,PaliGemma-3B,VisEdit-Contrib-Pre-model_pred,14,0.01023303022538603,4,0.02884403497379882,downloads/evqa_module_contribution/evqa_pilot500_module_6_contribution_model_pred/paligemma-3b/contribution_layer.csv
EVQA-pilot500,PaliGemma-3B,VisEdit-Contrib-Pre-model_pred,12,0.009897365644189538,5,0.023362334130980347,downloads/evqa_module_contribution/evqa_pilot500_module_6_contribution_model_pred/paligemma-3b/contribution_layer.csv
EVQA-pilot500,PaliGemma-3B,VisEdit-Contrib-Pre-model_pred,17,0.007189171821270053,6,0.011686127665789678,downloads/evqa_module_contribution/evqa_pilot500_module_6_contribution_model_pred/paligemma-3b/contribution_layer.csv
EVQA-pilot500,PaliGemma-3B,VisEdit-Contrib-Pre-model_pred,10,0.00017679823419268034,7,0.00010105653520398561,downloads/evqa_module_contribution/evqa_pilot500_module_6_contribution_model_pred/paligemma-3b/contribution_layer.csv
EVQA-pilot500,PaliGemma-3B,VisEdit-Contrib-Pre-model_pred,11,9.564864973267327e-05,8,0.003389937509371631,downloads/evqa_module_contribution/evqa_pilot500_module_6_contribution_model_pred/paligemma-3b/contribution_layer.csv
EVQA-pilot500,PaliGemma-3B,VisEdit-Contrib-Pre-model_pred,9,3.072272168660325e-05,9,7.13166867529504e-05,downloads/evqa_module_contribution/evqa_pilot500_module_6_contribution_model_pred/paligemma-3b/contribution_layer.csv
EVQA-pilot500,PaliGemma-3B,VisEdit-Contrib-Pre-model_pred,8,6.4291043795675865e-06,10,1.2383942022056945e-05,downloads/evqa_module_contribution/evqa_pilot500_module_6_contribution_model_pred/paligemma-3b/contribution_layer.csv
EVQA-pilot500,PaliGemma-3B,VisEdit-Contrib-Pre-model_pred,7,0.0,11,2.1430347931891954e-06,downloads/evqa_module_contribution/evqa_pilot500_module_6_contribution_model_pred/paligemma-3b/contribution_layer.csv
EVQA-pilot500,PaliGemma-3B,VisEdit-Contrib-Pre-model_pred,6,0.0,12,0.0,downloads/evqa_module_contribution/evqa_pilot500_module_6_contribution_model_pred/paligemma-3b/contribution_layer.csv
EVQA-pilot500,PaliGemma-3B,VisEdit-Contrib-Pre-model_pred,3,0.0,13,0.0,downloads/evqa_module_contribution/evqa_pilot500_module_6_contribution_model_pred/paligemma-3b/contribution_layer.csv
EVQA-pilot500,PaliGemma-3B,VisEdit-Contrib-Pre-model_pred,2,0.0,14,0.0,downloads/evqa_module_contribution/evqa_pilot500_module_6_contribution_model_pred/paligemma-3b/contribution_layer.csv
EVQA-pilot500,PaliGemma-3B,VisEdit-Contrib-Pre-model_pred,5,0.0,15,0.0,downloads/evqa_module_contribution/evqa_pilot500_module_6_contribution_model_pred/paligemma-3b/contribution_layer.csv
EVQA-pilot500,PaliGemma-3B,VisEdit-Contrib-Pre-model_pred,4,0.0,16,0.0,downloads/evqa_module_contribution/evqa_pilot500_module_6_contribution_model_pred/paligemma-3b/contribution_layer.csv
EVQA-pilot500,PaliGemma-3B,VisEdit-Contrib-Pre-model_pred,0,0.0,17,0.0,downloads/evqa_module_contribution/evqa_pilot500_module_6_contribution_model_pred/paligemma-3b/contribution_layer.csv
EVQA-pilot500,PaliGemma-3B,VisEdit-Contrib-Pre-model_pred,1,0.0,18,0.0,downloads/evqa_module_contribution/evqa_pilot500_module_6_contribution_model_pred/paligemma-3b/contribution_layer.csv
EVQA-pilot500,SmolVLM-Instruct-1.7B,VisEdit-Contrib-Pre-alt,22,0.20349989653409498,1,0.1369643032972272,downloads/evqa_module_contribution/evqa_pilot500_module_6_contribution_model_alt/smolvlm-1.7b/contribution_layer.csv
EVQA-pilot500,SmolVLM-Instruct-1.7B,VisEdit-Contrib-Pre-alt,19,0.16209323144983181,2,0.11679748946498252,downloads/evqa_module_contribution/evqa_pilot500_module_6_contribution_model_alt/smolvlm-1.7b/contribution_layer.csv
EVQA-pilot500,SmolVLM-Instruct-1.7B,VisEdit-Contrib-Pre-alt,21,0.11353745536581693,3,0.13578303423137572,downloads/evqa_module_contribution/evqa_pilot500_module_6_contribution_model_alt/smolvlm-1.7b/contribution_layer.csv
EVQA-pilot500,SmolVLM-Instruct-1.7B,VisEdit-Contrib-Pre-alt,18,0.09798748615090043,4,0.09956823638049199,downloads/evqa_module_contribution/evqa_pilot500_module_6_contribution_model_alt/smolvlm-1.7b/contribution_layer.csv
EVQA-pilot500,SmolVLM-Instruct-1.7B,VisEdit-Contrib-Pre-alt,23,0.09385555799176967,5,0.14867772726293232,downloads/evqa_module_contribution/evqa_pilot500_module_6_contribution_model_alt/smolvlm-1.7b/contribution_layer.csv
EVQA-pilot500,SmolVLM-Instruct-1.7B,VisEdit-Contrib-Pre-alt,20,0.0903117507942153,6,0.12198081253662135,downloads/evqa_module_contribution/evqa_pilot500_module_6_contribution_model_alt/smolvlm-1.7b/contribution_layer.csv
EVQA-pilot500,SmolVLM-Instruct-1.7B,VisEdit-Contrib-Pre-alt,17,0.038623991540743724,7,0.05546657296392671,downloads/evqa_module_contribution/evqa_pilot500_module_6_contribution_model_alt/smolvlm-1.7b/contribution_layer.csv
EVQA-pilot500,SmolVLM-Instruct-1.7B,VisEdit-Contrib-Pre-alt,16,0.029788241200135956,8,0.02602611064203772,downloads/evqa_module_contribution/evqa_pilot500_module_6_contribution_model_alt/smolvlm-1.7b/contribution_layer.csv
EVQA-pilot500,SmolVLM-Instruct-1.7B,VisEdit-Contrib-Pre-alt,15,0.009666099185233482,9,0.013801344276168226,downloads/evqa_module_contribution/evqa_pilot500_module_6_contribution_model_alt/smolvlm-1.7b/contribution_layer.csv
EVQA-pilot500,SmolVLM-Instruct-1.7B,VisEdit-Contrib-Pre-alt,8,0.004559887055749568,10,0.0017663768788824209,downloads/evqa_module_contribution/evqa_pilot500_module_6_contribution_model_alt/smolvlm-1.7b/contribution_layer.csv
EVQA-pilot500,SmolVLM-Instruct-1.7B,VisEdit-Contrib-Pre-alt,10,0.003885849481719718,11,0.001752388606788127,downloads/evqa_module_contribution/evqa_pilot500_module_6_contribution_model_alt/smolvlm-1.7b/contribution_layer.csv
EVQA-pilot500,SmolVLM-Instruct-1.7B,VisEdit-Contrib-Pre-alt,14,0.0019496924431352406,12,0.004227257178308199,downloads/evqa_module_contribution/evqa_pilot500_module_6_contribution_model_alt/smolvlm-1.7b/contribution_layer.csv
EVQA-pilot500,SmolVLM-Instruct-1.7B,VisEdit-Contrib-Pre-alt,1,0.0019187038344378809,13,0.0008087812527768297,downloads/evqa_module_contribution/evqa_pilot500_module_6_contribution_model_alt/smolvlm-1.7b/contribution_layer.csv
EVQA-pilot500,SmolVLM-Instruct-1.7B,VisEdit-Contrib-Pre-alt,12,0.0015830672285568393,14,0.0011516408630042247,downloads/evqa_module_contribution/evqa_pilot500_module_6_contribution_model_alt/smolvlm-1.7b/contribution_layer.csv
EVQA-pilot500,SmolVLM-Instruct-1.7B,VisEdit-Contrib-Pre-alt,13,0.0010659799065558737,15,0.001532913192749318,downloads/evqa_module_contribution/evqa_pilot500_module_6_contribution_model_alt/smolvlm-1.7b/contribution_layer.csv
EVQA-pilot500,SmolVLM-Instruct-1.7B,VisEdit-Contrib-Pre-alt,11,0.0008058754538999612,16,0.0020915973880588396,downloads/evqa_module_contribution/evqa_pilot500_module_6_contribution_model_alt/smolvlm-1.7b/contribution_layer.csv
EVQA-pilot500,SmolVLM-Instruct-1.7B,VisEdit-Contrib-Pre-alt,4,0.0007735520206540582,17,0.0004478272994278168,downloads/evqa_module_contribution/evqa_pilot500_module_6_contribution_model_alt/smolvlm-1.7b/contribution_layer.csv
EVQA-pilot500,SmolVLM-Instruct-1.7B,VisEdit-Contrib-Pre-alt,9,0.0005654408847447018,18,0.0030037258074046627,downloads/evqa_module_contribution/evqa_pilot500_module_6_contribution_model_alt/smolvlm-1.7b/contribution_layer.csv
EVQA-pilot500,SmolVLM-Instruct-1.7B,VisEdit-Contrib-Pre-alt,2,0.00038988139799896957,19,0.0008877929274431659,downloads/evqa_module_contribution/evqa_pilot500_module_6_contribution_model_alt/smolvlm-1.7b/contribution_layer.csv
EVQA-pilot500,SmolVLM-Instruct-1.7B,VisEdit-Contrib-Pre-alt,3,0.0003547935498926474,20,0.0005060756561818917,downloads/evqa_module_contribution/evqa_pilot500_module_6_contribution_model_alt/smolvlm-1.7b/contribution_layer.csv
EVQA-pilot500,SmolVLM-Instruct-1.7B,VisEdit-Contrib-Pre-alt,6,0.00027447214202393986,21,0.00022113705530455937,downloads/evqa_module_contribution/evqa_pilot500_module_6_contribution_model_alt/smolvlm-1.7b/contribution_layer.csv
EVQA-pilot500,SmolVLM-Instruct-1.7B,VisEdit-Contrib-Pre-alt,5,0.0002151363277367448,22,0.0004210534968049143,downloads/evqa_module_contribution/evqa_pilot500_module_6_contribution_model_alt/smolvlm-1.7b/contribution_layer.csv
EVQA-pilot500,SmolVLM-Instruct-1.7B,VisEdit-Contrib-Pre-alt,7,0.0001738026961529935,23,0.0016693872979755004,downloads/evqa_module_contribution/evqa_pilot500_module_6_contribution_model_alt/smolvlm-1.7b/contribution_layer.csv
EVQA-pilot500,SmolVLM-Instruct-1.7B,VisEdit-Contrib-Pre-alt,0,0.00011775852589363865,24,0.0010182311801657598,downloads/evqa_module_contribution/evqa_pilot500_module_6_contribution_model_alt/smolvlm-1.7b/contribution_layer.csv
EVQA-pilot500,SmolVLM-Instruct-1.7B,VisEdit-Contrib-Pre-model_pred,22,0.20796356548592848,1,0.15394700098953842,downloads/evqa_module_contribution/evqa_pilot500_module_6_contribution_model_pred/smolvlm-1.7b/contribution_layer.csv
EVQA-pilot500,SmolVLM-Instruct-1.7B,VisEdit-Contrib-Pre-model_pred,21,0.13100481074317316,2,0.14021059771494318,downloads/evqa_module_contribution/evqa_pilot500_module_6_contribution_model_pred/smolvlm-1.7b/contribution_layer.csv
EVQA-pilot500,SmolVLM-Instruct-1.7B,VisEdit-Contrib-Pre-model_pred,23,0.12287262673951366,3,0.16541809611272107,downloads/evqa_module_contribution/evqa_pilot500_module_6_contribution_model_pred/smolvlm-1.7b/contribution_layer.csv
EVQA-pilot500,SmolVLM-Instruct-1.7B,VisEdit-Contrib-Pre-model_pred,20,0.08166341691572786,4,0.0859383263310431,downloads/evqa_module_contribution/evqa_pilot500_module_6_contribution_model_pred/smolvlm-1.7b/contribution_layer.csv
EVQA-pilot500,SmolVLM-Instruct-1.7B,VisEdit-Contrib-Pre-model_pred,16,0.055120186229849086,5,0.03243438913496354,downloads/evqa_module_contribution/evqa_pilot500_module_6_contribution_model_pred/smolvlm-1.7b/contribution_layer.csv
EVQA-pilot500,SmolVLM-Instruct-1.7B,VisEdit-Contrib-Pre-model_pred,18,0.046420584799626075,6,0.037688953509511826,downloads/evqa_module_contribution/evqa_pilot500_module_6_contribution_model_pred/smolvlm-1.7b/contribution_layer.csv
EVQA-pilot500,SmolVLM-Instruct-1.7B,VisEdit-Contrib-Pre-model_pred,19,0.04514675133422833,7,0.057743584349860745,downloads/evqa_module_contribution/evqa_pilot500_module_6_contribution_model_pred/smolvlm-1.7b/contribution_layer.csv
EVQA-pilot500,SmolVLM-Instruct-1.7B,VisEdit-Contrib-Pre-model_pred,17,0.021499524394681068,8,0.04101343180805208,downloads/evqa_module_contribution/evqa_pilot500_module_6_contribution_model_pred/smolvlm-1.7b/contribution_layer.csv
EVQA-pilot500,SmolVLM-Instruct-1.7B,VisEdit-Contrib-Pre-model_pred,15,0.02068345678036046,9,0.025742538198746657,downloads/evqa_module_contribution/evqa_pilot500_module_6_contribution_model_pred/smolvlm-1.7b/contribution_layer.csv
EVQA-pilot500,SmolVLM-Instruct-1.7B,VisEdit-Contrib-Pre-model_pred,8,0.005041492817124345,10,0.0018849474273843101,downloads/evqa_module_contribution/evqa_pilot500_module_6_contribution_model_pred/smolvlm-1.7b/contribution_layer.csv
EVQA-pilot500,SmolVLM-Instruct-1.7B,VisEdit-Contrib-Pre-model_pred,10,0.004356444264752816,11,0.0018068463362123303,downloads/evqa_module_contribution/evqa_pilot500_module_6_contribution_model_pred/smolvlm-1.7b/contribution_layer.csv
EVQA-pilot500,SmolVLM-Instruct-1.7B,VisEdit-Contrib-Pre-model_pred,14,0.0014239715860304336,12,0.007700863523072642,downloads/evqa_module_contribution/evqa_pilot500_module_6_contribution_model_pred/smolvlm-1.7b/contribution_layer.csv
EVQA-pilot500,SmolVLM-Instruct-1.7B,VisEdit-Contrib-Pre-model_pred,1,0.0012765855107499124,13,0.0005192051494850779,downloads/evqa_module_contribution/evqa_pilot500_module_6_contribution_model_pred/smolvlm-1.7b/contribution_layer.csv
EVQA-pilot500,SmolVLM-Instruct-1.7B,VisEdit-Contrib-Pre-model_pred,13,0.0009951622028270314,14,0.0011221421826679977,downloads/evqa_module_contribution/evqa_pilot500_module_6_contribution_model_pred/smolvlm-1.7b/contribution_layer.csv
EVQA-pilot500,SmolVLM-Instruct-1.7B,VisEdit-Contrib-Pre-model_pred,12,0.0009472927591465282,15,0.0008625385486440417,downloads/evqa_module_contribution/evqa_pilot500_module_6_contribution_model_pred/smolvlm-1.7b/contribution_layer.csv
EVQA-pilot500,SmolVLM-Instruct-1.7B,VisEdit-Contrib-Pre-model_pred,11,0.0006451606839585659,16,0.0019829659026193032,downloads/evqa_module_contribution/evqa_pilot500_module_6_contribution_model_pred/smolvlm-1.7b/contribution_layer.csv
EVQA-pilot500,SmolVLM-Instruct-1.7B,VisEdit-Contrib-Pre-model_pred,4,0.0005761668743115637,17,0.00029749212170230075,downloads/evqa_module_contribution/evqa_pilot500_module_6_contribution_model_pred/smolvlm-1.7b/contribution_layer.csv
EVQA-pilot500,SmolVLM-Instruct-1.7B,VisEdit-Contrib-Pre-model_pred,9,0.00041893405992560895,18,0.003272290380600923,downloads/evqa_module_contribution/evqa_pilot500_module_6_contribution_model_pred/smolvlm-1.7b/contribution_layer.csv
EVQA-pilot500,SmolVLM-Instruct-1.7B,VisEdit-Contrib-Pre-model_pred,6,0.00032475066720902886,19,0.00022895761526948161,downloads/evqa_module_contribution/evqa_pilot500_module_6_contribution_model_pred/smolvlm-1.7b/contribution_layer.csv
EVQA-pilot500,SmolVLM-Instruct-1.7B,VisEdit-Contrib-Pre-model_pred,2,0.00022041556157279668,20,0.0005485345965405363,downloads/evqa_module_contribution/evqa_pilot500_module_6_contribution_model_pred/smolvlm-1.7b/contribution_layer.csv
EVQA-pilot500,SmolVLM-Instruct-1.7B,VisEdit-Contrib-Pre-model_pred,7,0.00019441540510297702,21,0.0018535529631454502,downloads/evqa_module_contribution/evqa_pilot500_module_6_contribution_model_pred/smolvlm-1.7b/contribution_layer.csv
EVQA-pilot500,SmolVLM-Instruct-1.7B,VisEdit-Contrib-Pre-model_pred,5,0.00016770677349643885,22,0.0003562081050056771,downloads/evqa_module_contribution/evqa_pilot500_module_6_contribution_model_pred/smolvlm-1.7b/contribution_layer.csv
EVQA-pilot500,SmolVLM-Instruct-1.7B,VisEdit-Contrib-Pre-model_pred,3,0.00014860271729889973,23,0.00031506171772775337,downloads/evqa_module_contribution/evqa_pilot500_module_6_contribution_model_pred/smolvlm-1.7b/contribution_layer.csv
EVQA-pilot500,SmolVLM-Instruct-1.7B,VisEdit-Contrib-Pre-model_pred,0,6.061437613252419e-05,24,0.0006685999434412184,downloads/evqa_module_contribution/evqa_pilot500_module_6_contribution_model_pred/smolvlm-1.7b/contribution_layer.csv
MMKE-visual,BLIP2-OPT-2.7B,VisEdit-Contrib-Pre-alt,28,0.016864825402301428,1,0.014570922999794574,outputs/visedit_contribution_rankings_20260927/raw/mmke-visual/blip2-opt-2.7b/layer_scores.csv
MMKE-visual,BLIP2-OPT-2.7B,VisEdit-Contrib-Pre-alt,30,0.015445148089673417,2,0.013357763674780138,outputs/visedit_contribution_rankings_20260927/raw/mmke-visual/blip2-opt-2.7b/layer_scores.csv
MMKE-visual,BLIP2-OPT-2.7B,VisEdit-Contrib-Pre-alt,27,0.014154509881222833,3,0.01180871978030036,outputs/visedit_contribution_rankings_20260927/raw/mmke-visual/blip2-opt-2.7b/layer_scores.csv
MMKE-visual,BLIP2-OPT-2.7B,VisEdit-Contrib-Pre-alt,29,0.012693433715859457,4,0.015001135735944767,outputs/visedit_contribution_rankings_20260927/raw/mmke-visual/blip2-opt-2.7b/layer_scores.csv
MMKE-visual,BLIP2-OPT-2.7B,VisEdit-Contrib-Pre-alt,31,0.011934709218807547,5,0.013689928654240482,outputs/visedit_contribution_rankings_20260927/raw/mmke-visual/blip2-opt-2.7b/layer_scores.csv
MMKE-visual,BLIP2-OPT-2.7B,VisEdit-Contrib-Pre-alt,21,0.010236670345323148,6,0.007675535855330741,outputs/visedit_contribution_rankings_20260927/raw/mmke-visual/blip2-opt-2.7b/layer_scores.csv
MMKE-visual,BLIP2-OPT-2.7B,VisEdit-Contrib-Pre-alt,14,0.009920677094017895,7,0.007069410928325048,outputs/visedit_contribution_rankings_20260927/raw/mmke-visual/blip2-opt-2.7b/layer_scores.csv
MMKE-visual,BLIP2-OPT-2.7B,VisEdit-Contrib-Pre-alt,18,0.009158124489830858,8,0.007265034578205133,outputs/visedit_contribution_rankings_20260927/raw/mmke-visual/blip2-opt-2.7b/layer_scores.csv
MMKE-visual,BLIP2-OPT-2.7B,VisEdit-Contrib-Pre-alt,5,0.008853152663957496,9,0.0074915052481019226,outputs/visedit_contribution_rankings_20260927/raw/mmke-visual/blip2-opt-2.7b/layer_scores.csv
MMKE-visual,BLIP2-OPT-2.7B,VisEdit-Contrib-Pre-alt,4,0.008484841145607505,10,0.006141516372368243,outputs/visedit_contribution_rankings_20260927/raw/mmke-visual/blip2-opt-2.7b/layer_scores.csv
MMKE-visual,BLIP2-OPT-2.7B,VisEdit-Contrib-Pre-alt,15,0.007271385308499923,11,0.0074842800644574535,outputs/visedit_contribution_rankings_20260927/raw/mmke-visual/blip2-opt-2.7b/layer_scores.csv
MMKE-visual,BLIP2-OPT-2.7B,VisEdit-Contrib-Pre-alt,24,0.006944406136959689,12,0.006527213740305182,outputs/visedit_contribution_rankings_20260927/raw/mmke-visual/blip2-opt-2.7b/layer_scores.csv
MMKE-visual,BLIP2-OPT-2.7B,VisEdit-Contrib-Pre-alt,17,0.0066585097221903864,13,0.007025804000958595,outputs/visedit_contribution_rankings_20260927/raw/mmke-visual/blip2-opt-2.7b/layer_scores.csv
MMKE-visual,BLIP2-OPT-2.7B,VisEdit-Contrib-Pre-alt,20,0.006616536515981573,14,0.00761055879463296,outputs/visedit_contribution_rankings_20260927/raw/mmke-visual/blip2-opt-2.7b/layer_scores.csv
MMKE-visual,BLIP2-OPT-2.7B,VisEdit-Contrib-Pre-alt,25,0.006471068293087355,15,0.00594076616247462,outputs/visedit_contribution_rankings_20260927/raw/mmke-visual/blip2-opt-2.7b/layer_scores.csv
MMKE-visual,BLIP2-OPT-2.7B,VisEdit-Contrib-Pre-alt,22,0.006173400704687501,16,0.007525412613626384,outputs/visedit_contribution_rankings_20260927/raw/mmke-visual/blip2-opt-2.7b/layer_scores.csv
MMKE-visual,BLIP2-OPT-2.7B,VisEdit-Contrib-Pre-alt,23,0.006166166790868502,17,0.006427991210838563,outputs/visedit_contribution_rankings_20260927/raw/mmke-visual/blip2-opt-2.7b/layer_scores.csv
MMKE-visual,BLIP2-OPT-2.7B,VisEdit-Contrib-Pre-alt,19,0.005978469522594157,18,0.0072510435094688625,outputs/visedit_contribution_rankings_20260927/raw/mmke-visual/blip2-opt-2.7b/layer_scores.csv
MMKE-visual,BLIP2-OPT-2.7B,VisEdit-Contrib-Pre-alt,11,0.005874210504401603,19,0.005143686179609156,outputs/visedit_contribution_rankings_20260927/raw/mmke-visual/blip2-opt-2.7b/layer_scores.csv
MMKE-visual,BLIP2-OPT-2.7B,VisEdit-Contrib-Pre-alt,8,0.005574240224319843,20,0.005029853381227102,outputs/visedit_contribution_rankings_20260927/raw/mmke-visual/blip2-opt-2.7b/layer_scores.csv
MMKE-visual,BLIP2-OPT-2.7B,VisEdit-Contrib-Pre-alt,16,0.005260777790854544,21,0.00639689094051495,outputs/visedit_contribution_rankings_20260927/raw/mmke-visual/blip2-opt-2.7b/layer_scores.csv
MMKE-visual,BLIP2-OPT-2.7B,VisEdit-Contrib-Pre-alt,6,0.005136521934740766,22,0.006177627320028211,outputs/visedit_contribution_rankings_20260927/raw/mmke-visual/blip2-opt-2.7b/layer_scores.csv
MMKE-visual,BLIP2-OPT-2.7B,VisEdit-Contrib-Pre-alt,10,0.004999725680242479,23,0.005282016247539725,outputs/visedit_contribution_rankings_20260927/raw/mmke-visual/blip2-opt-2.7b/layer_scores.csv
MMKE-visual,BLIP2-OPT-2.7B,VisEdit-Contrib-Pre-alt,9,0.004972112557975091,24,0.005182026154179138,outputs/visedit_contribution_rankings_20260927/raw/mmke-visual/blip2-opt-2.7b/layer_scores.csv
MMKE-visual,BLIP2-OPT-2.7B,VisEdit-Contrib-Pre-alt,12,0.004557122354183389,25,0.004815834413680773,outputs/visedit_contribution_rankings_20260927/raw/mmke-visual/blip2-opt-2.7b/layer_scores.csv
MMKE-visual,BLIP2-OPT-2.7B,VisEdit-Contrib-Pre-alt,7,0.004543207361386372,26,0.0050846565068156605,outputs/visedit_contribution_rankings_20260927/raw/mmke-visual/blip2-opt-2.7b/layer_scores.csv
MMKE-visual,BLIP2-OPT-2.7B,VisEdit-Contrib-Pre-alt,26,0.004406824057376815,27,0.008344134077229002,outputs/visedit_contribution_rankings_20260927/raw/mmke-visual/blip2-opt-2.7b/layer_scores.csv
MMKE-visual,BLIP2-OPT-2.7B,VisEdit-Contrib-Pre-alt,2,0.004391436903218967,28,0.002247203191162117,outputs/visedit_contribution_rankings_20260927/raw/mmke-visual/blip2-opt-2.7b/layer_scores.csv
MMKE-visual,BLIP2-OPT-2.7B,VisEdit-Contrib-Pre-alt,13,0.004016170382457327,29,0.0061646566102195365,outputs/visedit_contribution_rankings_20260927/raw/mmke-visual/blip2-opt-2.7b/layer_scores.csv
MMKE-visual,BLIP2-OPT-2.7B,VisEdit-Contrib-Pre-alt,1,0.0012636173627276605,30,0.0018850180886488758,outputs/visedit_contribution_rankings_20260927/raw/mmke-visual/blip2-opt-2.7b/layer_scores.csv
MMKE-visual,BLIP2-OPT-2.7B,VisEdit-Contrib-Pre-alt,3,0.0010865553075397236,31,0.004654277785455399,outputs/visedit_contribution_rankings_20260927/raw/mmke-visual/blip2-opt-2.7b/layer_scores.csv
MMKE-visual,BLIP2-OPT-2.7B,VisEdit-Contrib-Pre-alt,0,0.0,32,0.0006318086813638302,outputs/visedit_contribution_rankings_20260927/raw/mmke-visual/blip2-opt-2.7b/layer_scores.csv
MMKE-visual,InstructBLIP-Vicuna-7B,VisEdit-Contrib-Pre-alt,30,0.5203692591369351,1,0.18517070765731322,outputs/visedit_contribution_rankings_20260927/raw/mmke-visual/instructblip-vicuna-7b/layer_scores.csv
MMKE-visual,InstructBLIP-Vicuna-7B,VisEdit-Contrib-Pre-alt,31,0.02901233349746756,2,0.27469079631720134,outputs/visedit_contribution_rankings_20260927/raw/mmke-visual/instructblip-vicuna-7b/layer_scores.csv
MMKE-visual,InstructBLIP-Vicuna-7B,VisEdit-Contrib-Pre-alt,22,0.010004326753641346,3,0.003674567645852691,outputs/visedit_contribution_rankings_20260927/raw/mmke-visual/instructblip-vicuna-7b/layer_scores.csv
MMKE-visual,InstructBLIP-Vicuna-7B,VisEdit-Contrib-Pre-alt,25,0.008487513478313653,4,0.003910526774121907,outputs/visedit_contribution_rankings_20260927/raw/mmke-visual/instructblip-vicuna-7b/layer_scores.csv
MMKE-visual,InstructBLIP-Vicuna-7B,VisEdit-Contrib-Pre-alt,27,0.0070506086874830304,5,0.005483651237550305,outputs/visedit_contribution_rankings_20260927/raw/mmke-visual/instructblip-vicuna-7b/layer_scores.csv
MMKE-visual,InstructBLIP-Vicuna-7B,VisEdit-Contrib-Pre-alt,28,0.006856773606153003,6,0.006679304210390989,outputs/visedit_contribution_rankings_20260927/raw/mmke-visual/instructblip-vicuna-7b/layer_scores.csv
MMKE-visual,InstructBLIP-Vicuna-7B,VisEdit-Contrib-Pre-alt,29,0.006130530337536933,7,0.17778552102687503,outputs/visedit_contribution_rankings_20260927/raw/mmke-visual/instructblip-vicuna-7b/layer_scores.csv
MMKE-visual,InstructBLIP-Vicuna-7B,VisEdit-Contrib-Pre-alt,9,0.00474917273081715,8,0.003229112912486823,outputs/visedit_contribution_rankings_20260927/raw/mmke-visual/instructblip-vicuna-7b/layer_scores.csv
MMKE-visual,InstructBLIP-Vicuna-7B,VisEdit-Contrib-Pre-alt,10,0.004651588807516956,9,0.004170099939456552,outputs/visedit_contribution_rankings_20260927/raw/mmke-visual/instructblip-vicuna-7b/layer_scores.csv
MMKE-visual,InstructBLIP-Vicuna-7B,VisEdit-Contrib-Pre-alt,12,0.004197003987131973,10,0.0025408457025529033,outputs/visedit_contribution_rankings_20260927/raw/mmke-visual/instructblip-vicuna-7b/layer_scores.csv
MMKE-visual,InstructBLIP-Vicuna-7B,VisEdit-Contrib-Pre-alt,2,0.0038429715779200874,11,0.0017323630444460107,outputs/visedit_contribution_rankings_20260927/raw/mmke-visual/instructblip-vicuna-7b/layer_scores.csv
MMKE-visual,InstructBLIP-Vicuna-7B,VisEdit-Contrib-Pre-alt,17,0.003504070030152966,12,0.0017225850098763179,outputs/visedit_contribution_rankings_20260927/raw/mmke-visual/instructblip-vicuna-7b/layer_scores.csv
MMKE-visual,InstructBLIP-Vicuna-7B,VisEdit-Contrib-Pre-alt,11,0.0031095382800355475,13,0.003986043691561492,outputs/visedit_contribution_rankings_20260927/raw/mmke-visual/instructblip-vicuna-7b/layer_scores.csv
MMKE-visual,InstructBLIP-Vicuna-7B,VisEdit-Contrib-Pre-alt,26,0.0025435714190148837,14,0.006027231194937189,outputs/visedit_contribution_rankings_20260927/raw/mmke-visual/instructblip-vicuna-7b/layer_scores.csv
MMKE-visual,InstructBLIP-Vicuna-7B,VisEdit-Contrib-Pre-alt,5,0.0022758147137894136,15,0.00210928039582447,outputs/visedit_contribution_rankings_20260927/raw/mmke-visual/instructblip-vicuna-7b/layer_scores.csv
MMKE-visual,InstructBLIP-Vicuna-7B,VisEdit-Contrib-Pre-alt,6,0.002140742425251977,16,0.001472185713013797,outputs/visedit_contribution_rankings_20260927/raw/mmke-visual/instructblip-vicuna-7b/layer_scores.csv
MMKE-visual,InstructBLIP-Vicuna-7B,VisEdit-Contrib-Pre-alt,0,0.0019419373655269322,17,0.0016480274604724382,outputs/visedit_contribution_rankings_20260927/raw/mmke-visual/instructblip-vicuna-7b/layer_scores.csv
MMKE-visual,InstructBLIP-Vicuna-7B,VisEdit-Contrib-Pre-alt,4,0.001911284048432018,18,0.001395699587407144,outputs/visedit_contribution_rankings_20260927/raw/mmke-visual/instructblip-vicuna-7b/layer_scores.csv
MMKE-visual,InstructBLIP-Vicuna-7B,VisEdit-Contrib-Pre-alt,16,0.0016625020468543274,19,0.0019390548944515599,outputs/visedit_contribution_rankings_20260927/raw/mmke-visual/instructblip-vicuna-7b/layer_scores.csv
MMKE-visual,InstructBLIP-Vicuna-7B,VisEdit-Contrib-Pre-alt,19,0.0014317001758561944,20,0.0006534639882123542,outputs/visedit_contribution_rankings_20260927/raw/mmke-visual/instructblip-vicuna-7b/layer_scores.csv
MMKE-visual,InstructBLIP-Vicuna-7B,VisEdit-Contrib-Pre-alt,1,0.0013541175554179444,21,0.0023796754996216547,outputs/visedit_contribution_rankings_20260927/raw/mmke-visual/instructblip-vicuna-7b/layer_scores.csv
MMKE-visual,InstructBLIP-Vicuna-7B,VisEdit-Contrib-Pre-alt,14,0.0012354308537736404,22,0.0007340061002040722,outputs/visedit_contribution_rankings_20260927/raw/mmke-visual/instructblip-vicuna-7b/layer_scores.csv
MMKE-visual,InstructBLIP-Vicuna-7B,VisEdit-Contrib-Pre-alt,23,0.0008695824257405964,23,0.00385813486813971,outputs/visedit_contribution_rankings_20260927/raw/mmke-visual/instructblip-vicuna-7b/layer_scores.csv
MMKE-visual,InstructBLIP-Vicuna-7B,VisEdit-Contrib-Pre-alt,24,0.0007004954250371863,24,0.0033525304430304785,outputs/visedit_contribution_rankings_20260927/raw/mmke-visual/instructblip-vicuna-7b/layer_scores.csv
MMKE-visual,InstructBLIP-Vicuna-7B,VisEdit-Contrib-Pre-alt,15,0.0006505926063473868,25,0.0011828418356584515,outputs/visedit_contribution_rankings_20260927/raw/mmke-visual/instructblip-vicuna-7b/layer_scores.csv
MMKE-visual,InstructBLIP-Vicuna-7B,VisEdit-Contrib-Pre-alt,20,0.0005275088361592084,26,0.0007030009233971775,outputs/visedit_contribution_rankings_20260927/raw/mmke-visual/instructblip-vicuna-7b/layer_scores.csv
MMKE-visual,InstructBLIP-Vicuna-7B,VisEdit-Contrib-Pre-alt,13,0.0003159948404911895,27,0.0019161432271322676,outputs/visedit_contribution_rankings_20260927/raw/mmke-visual/instructblip-vicuna-7b/layer_scores.csv
MMKE-visual,InstructBLIP-Vicuna-7B,VisEdit-Contrib-Pre-alt,8,0.00028657719912636345,28,0.0016785833099811711,outputs/visedit_contribution_rankings_20260927/raw/mmke-visual/instructblip-vicuna-7b/layer_scores.csv
MMKE-visual,InstructBLIP-Vicuna-7B,VisEdit-Contrib-Pre-alt,21,0.00014979375817612988,29,0.0035605431159922286,outputs/visedit_contribution_rankings_20260927/raw/mmke-visual/instructblip-vicuna-7b/layer_scores.csv
MMKE-visual,InstructBLIP-Vicuna-7B,VisEdit-Contrib-Pre-alt,18,1.1829526216597829e-06,30,0.0016456510528769397,outputs/visedit_contribution_rankings_20260927/raw/mmke-visual/instructblip-vicuna-7b/layer_scores.csv
MMKE-visual,InstructBLIP-Vicuna-7B,VisEdit-Contrib-Pre-alt,3,0.0,31,0.0019180852087840351,outputs/visedit_contribution_rankings_20260927/raw/mmke-visual/instructblip-vicuna-7b/layer_scores.csv
MMKE-visual,InstructBLIP-Vicuna-7B,VisEdit-Contrib-Pre-alt,7,0.0,32,0.0008091065414594468,outputs/visedit_contribution_rankings_20260927/raw/mmke-visual/instructblip-vicuna-7b/layer_scores.csv
MMKE-visual,MiniGPT-4-Vicuna-7B,VisEdit-Contrib-Pre-alt,28,0.09266977757607789,1,0.04091877574169718,outputs/visedit_contribution_rankings_20260927/raw/mmke-visual/minigpt-4-vicuna-7b/layer_scores.csv
MMKE-visual,MiniGPT-4-Vicuna-7B,VisEdit-Contrib-Pre-alt,31,0.03941692624695876,2,0.027810513656927053,outputs/visedit_contribution_rankings_20260927/raw/mmke-visual/minigpt-4-vicuna-7b/layer_scores.csv
MMKE-visual,MiniGPT-4-Vicuna-7B,VisEdit-Contrib-Pre-alt,27,0.02327871204574488,3,0.03949000410606042,outputs/visedit_contribution_rankings_20260927/raw/mmke-visual/minigpt-4-vicuna-7b/layer_scores.csv
MMKE-visual,MiniGPT-4-Vicuna-7B,VisEdit-Contrib-Pre-alt,16,0.018522927908170627,4,0.007841074639336585,outputs/visedit_contribution_rankings_20260927/raw/mmke-visual/minigpt-4-vicuna-7b/layer_scores.csv
MMKE-visual,MiniGPT-4-Vicuna-7B,VisEdit-Contrib-Pre-alt,30,0.01620410106689535,5,0.020809621639040956,outputs/visedit_contribution_rankings_20260927/raw/mmke-visual/minigpt-4-vicuna-7b/layer_scores.csv
MMKE-visual,MiniGPT-4-Vicuna-7B,VisEdit-Contrib-Pre-alt,25,0.012282361598341092,6,0.00589509027846705,outputs/visedit_contribution_rankings_20260927/raw/mmke-visual/minigpt-4-vicuna-7b/layer_scores.csv
MMKE-visual,MiniGPT-4-Vicuna-7B,VisEdit-Contrib-Pre-alt,22,0.009918823519190803,7,0.0044997283368525855,outputs/visedit_contribution_rankings_20260927/raw/mmke-visual/minigpt-4-vicuna-7b/layer_scores.csv
MMKE-visual,MiniGPT-4-Vicuna-7B,VisEdit-Contrib-Pre-alt,20,0.006969957697692467,8,0.003963375995109989,outputs/visedit_contribution_rankings_20260927/raw/mmke-visual/minigpt-4-vicuna-7b/layer_scores.csv
MMKE-visual,MiniGPT-4-Vicuna-7B,VisEdit-Contrib-Pre-alt,29,0.006807837603268765,9,0.03856057208208067,outputs/visedit_contribution_rankings_20260927/raw/mmke-visual/minigpt-4-vicuna-7b/layer_scores.csv
MMKE-visual,MiniGPT-4-Vicuna-7B,VisEdit-Contrib-Pre-alt,10,0.006793464715747254,10,0.0034513368950144685,outputs/visedit_contribution_rankings_20260927/raw/mmke-visual/minigpt-4-vicuna-7b/layer_scores.csv
MMKE-visual,MiniGPT-4-Vicuna-7B,VisEdit-Contrib-Pre-alt,4,0.006340358922696751,11,0.0036168157881216307,outputs/visedit_contribution_rankings_20260927/raw/mmke-visual/minigpt-4-vicuna-7b/layer_scores.csv
MMKE-visual,MiniGPT-4-Vicuna-7B,VisEdit-Contrib-Pre-alt,15,0.004653206567170349,12,0.008586237743045448,outputs/visedit_contribution_rankings_20260927/raw/mmke-visual/minigpt-4-vicuna-7b/layer_scores.csv
MMKE-visual,MiniGPT-4-Vicuna-7B,VisEdit-Contrib-Pre-alt,5,0.004224524680593186,13,0.0036558948794178704,outputs/visedit_contribution_rankings_20260927/raw/mmke-visual/minigpt-4-vicuna-7b/layer_scores.csv
MMKE-visual,MiniGPT-4-Vicuna-7B,VisEdit-Contrib-Pre-alt,0,0.004091538893809986,14,0.0030355612106107684,outputs/visedit_contribution_rankings_20260927/raw/mmke-visual/minigpt-4-vicuna-7b/layer_scores.csv
MMKE-visual,MiniGPT-4-Vicuna-7B,VisEdit-Contrib-Pre-alt,2,0.004064063722980981,15,0.0021097370038224953,outputs/visedit_contribution_rankings_20260927/raw/mmke-visual/minigpt-4-vicuna-7b/layer_scores.csv
MMKE-visual,MiniGPT-4-Vicuna-7B,VisEdit-Contrib-Pre-alt,12,0.003666778231672972,16,0.0023855804714213776,outputs/visedit_contribution_rankings_20260927/raw/mmke-visual/minigpt-4-vicuna-7b/layer_scores.csv
MMKE-visual,MiniGPT-4-Vicuna-7B,VisEdit-Contrib-Pre-alt,24,0.002881386540701572,17,0.005518969513325173,outputs/visedit_contribution_rankings_20260927/raw/mmke-visual/minigpt-4-vicuna-7b/layer_scores.csv
MMKE-visual,MiniGPT-4-Vicuna-7B,VisEdit-Contrib-Pre-alt,9,0.0028250654059255756,18,0.003206176707224277,outputs/visedit_contribution_rankings_20260927/raw/mmke-visual/minigpt-4-vicuna-7b/layer_scores.csv
MMKE-visual,MiniGPT-4-Vicuna-7B,VisEdit-Contrib-Pre-alt,13,0.0027544826192205853,19,0.0030012798682296413,outputs/visedit_contribution_rankings_20260927/raw/mmke-visual/minigpt-4-vicuna-7b/layer_scores.csv
MMKE-visual,MiniGPT-4-Vicuna-7B,VisEdit-Contrib-Pre-alt,19,0.002732969197203403,20,0.0038887778407770413,outputs/visedit_contribution_rankings_20260927/raw/mmke-visual/minigpt-4-vicuna-7b/layer_scores.csv
MMKE-visual,MiniGPT-4-Vicuna-7B,VisEdit-Contrib-Pre-alt,14,0.0025825787537953663,21,0.003330089313395434,outputs/visedit_contribution_rankings_20260927/raw/mmke-visual/minigpt-4-vicuna-7b/layer_scores.csv
MMKE-visual,MiniGPT-4-Vicuna-7B,VisEdit-Contrib-Pre-alt,26,0.0025215226963584865,22,0.012694198780148153,outputs/visedit_contribution_rankings_20260927/raw/mmke-visual/minigpt-4-vicuna-7b/layer_scores.csv
MMKE-visual,MiniGPT-4-Vicuna-7B,VisEdit-Contrib-Pre-alt,21,0.0021872010904340983,23,0.006358660769105791,outputs/visedit_contribution_rankings_20260927/raw/mmke-visual/minigpt-4-vicuna-7b/layer_scores.csv
MMKE-visual,MiniGPT-4-Vicuna-7B,VisEdit-Contrib-Pre-alt,7,0.002024406819749057,24,0.0008090692849042435,outputs/visedit_contribution_rankings_20260927/raw/mmke-visual/minigpt-4-vicuna-7b/layer_scores.csv
MMKE-visual,MiniGPT-4-Vicuna-7B,VisEdit-Contrib-Pre-alt,1,0.001979583527411551,25,0.0033783953814008395,outputs/visedit_contribution_rankings_20260927/raw/mmke-visual/minigpt-4-vicuna-7b/layer_scores.csv
MMKE-visual,MiniGPT-4-Vicuna-7B,VisEdit-Contrib-Pre-alt,18,0.001963406627435254,26,0.0016811550891024781,outputs/visedit_contribution_rankings_20260927/raw/mmke-visual/minigpt-4-vicuna-7b/layer_scores.csv
MMKE-visual,MiniGPT-4-Vicuna-7B,VisEdit-Contrib-Pre-alt,23,0.0013931604009328536,27,0.004731123486941743,outputs/visedit_contribution_rankings_20260927/raw/mmke-visual/minigpt-4-vicuna-7b/layer_scores.csv
MMKE-visual,MiniGPT-4-Vicuna-7B,VisEdit-Contrib-Pre-alt,11,0.0007354805633705759,28,0.0037319078369302673,outputs/visedit_contribution_rankings_20260927/raw/mmke-visual/minigpt-4-vicuna-7b/layer_scores.csv
MMKE-visual,MiniGPT-4-Vicuna-7B,VisEdit-Contrib-Pre-alt,6,0.0004028010349636735,29,0.0022172441784353058,outputs/visedit_contribution_rankings_20260927/raw/mmke-visual/minigpt-4-vicuna-7b/layer_scores.csv
MMKE-visual,MiniGPT-4-Vicuna-7B,VisEdit-Contrib-Pre-alt,17,0.0003470894426687778,30,0.006944474659424886,outputs/visedit_contribution_rankings_20260927/raw/mmke-visual/minigpt-4-vicuna-7b/layer_scores.csv
MMKE-visual,MiniGPT-4-Vicuna-7B,VisEdit-Contrib-Pre-alt,3,0.00028556376107495394,31,0.003563328802250895,outputs/visedit_contribution_rankings_20260927/raw/mmke-visual/minigpt-4-vicuna-7b/layer_scores.csv
MMKE-visual,MiniGPT-4-Vicuna-7B,VisEdit-Contrib-Pre-alt,8,0.0,32,0.001616490741891544,outputs/visedit_contribution_rankings_20260927/raw/mmke-visual/minigpt-4-vicuna-7b/layer_scores.csv
MMKE-visual,LLaVA-v1.5-7B,VisEdit-Contrib-Pre-alt,30,0.5172695862198311,1,0.20830232935853302,outputs/visedit_contribution_rankings_20260927/raw/mmke-visual/llava-v1.5-7b/layer_scores.csv
MMKE-visual,LLaVA-v1.5-7B,VisEdit-Contrib-Pre-alt,31,0.09052104782665685,2,0.30389531702324396,outputs/visedit_contribution_rankings_20260927/raw/mmke-visual/llava-v1.5-7b/layer_scores.csv
MMKE-visual,LLaVA-v1.5-7B,VisEdit-Contrib-Pre-alt,29,0.017116354029111148,3,0.18127312665361275,outputs/visedit_contribution_rankings_20260927/raw/mmke-visual/llava-v1.5-7b/layer_scores.csv
MMKE-visual,LLaVA-v1.5-7B,VisEdit-Contrib-Pre-alt,25,0.011463677523830861,4,0.005073243187394691,outputs/visedit_contribution_rankings_20260927/raw/mmke-visual/llava-v1.5-7b/layer_scores.csv
MMKE-visual,LLaVA-v1.5-7B,VisEdit-Contrib-Pre-alt,28,0.009433439711896082,5,0.00988745315679515,outputs/visedit_contribution_rankings_20260927/raw/mmke-visual/llava-v1.5-7b/layer_scores.csv
MMKE-visual,LLaVA-v1.5-7B,VisEdit-Contrib-Pre-alt,6,0.003163845254960588,6,0.0015409548082914693,outputs/visedit_contribution_rankings_20260927/raw/mmke-visual/llava-v1.5-7b/layer_scores.csv
MMKE-visual,LLaVA-v1.5-7B,VisEdit-Contrib-Pre-alt,27,0.0031125657293782217,7,0.005118490555058523,outputs/visedit_contribution_rankings_20260927/raw/mmke-visual/llava-v1.5-7b/layer_scores.csv
MMKE-visual,LLaVA-v1.5-7B,VisEdit-Contrib-Pre-alt,26,0.002809466223901266,8,0.005795236492370116,outputs/visedit_contribution_rankings_20260927/raw/mmke-visual/llava-v1.5-7b/layer_scores.csv
MMKE-visual,LLaVA-v1.5-7B,VisEdit-Contrib-Pre-alt,1,0.0023954568854665996,9,0.0015057429051319054,outputs/visedit_contribution_rankings_20260927/raw/mmke-visual/llava-v1.5-7b/layer_scores.csv
MMKE-visual,LLaVA-v1.5-7B,VisEdit-Contrib-Pre-alt,10,0.0021822084997928847,10,0.0007919478213416942,outputs/visedit_contribution_rankings_20260927/raw/mmke-visual/llava-v1.5-7b/layer_scores.csv
MMKE-visual,LLaVA-v1.5-7B,VisEdit-Contrib-Pre-alt,2,0.0017606068209654576,11,0.0019090373161365496,outputs/visedit_contribution_rankings_20260927/raw/mmke-visual/llava-v1.5-7b/layer_scores.csv
MMKE-visual,LLaVA-v1.5-7B,VisEdit-Contrib-Pre-alt,3,0.001571048241977592,12,0.0011759274903745804,outputs/visedit_contribution_rankings_20260927/raw/mmke-visual/llava-v1.5-7b/layer_scores.csv
MMKE-visual,LLaVA-v1.5-7B,VisEdit-Contrib-Pre-alt,7,0.0014590191699138204,13,0.0016815520126220165,outputs/visedit_contribution_rankings_20260927/raw/mmke-visual/llava-v1.5-7b/layer_scores.csv
MMKE-visual,LLaVA-v1.5-7B,VisEdit-Contrib-Pre-alt,24,0.0009465858144519466,14,0.0041367544460942695,outputs/visedit_contribution_rankings_20260927/raw/mmke-visual/llava-v1.5-7b/layer_scores.csv
MMKE-visual,LLaVA-v1.5-7B,VisEdit-Contrib-Pre-alt,16,0.0006999587594649433,15,0.0004685443427947045,outputs/visedit_contribution_rankings_20260927/raw/mmke-visual/llava-v1.5-7b/layer_scores.csv
MMKE-visual,LLaVA-v1.5-7B,VisEdit-Contrib-Pre-alt,15,0.0005899077285565247,16,0.000429955496007156,outputs/visedit_contribution_rankings_20260927/raw/mmke-visual/llava-v1.5-7b/layer_scores.csv
MMKE-visual,LLaVA-v1.5-7B,VisEdit-Contrib-Pre-alt,18,0.00048005874868403014,17,0.00020043519119996588,outputs/visedit_contribution_rankings_20260927/raw/mmke-visual/llava-v1.5-7b/layer_scores.csv
MMKE-visual,LLaVA-v1.5-7B,VisEdit-Contrib-Pre-alt,8,0.00042179161299164125,18,0.0006269369276351539,outputs/visedit_contribution_rankings_20260927/raw/mmke-visual/llava-v1.5-7b/layer_scores.csv
MMKE-visual,LLaVA-v1.5-7B,VisEdit-Contrib-Pre-alt,0,0.00036116500896365956,19,0.0013783109472151295,outputs/visedit_contribution_rankings_20260927/raw/mmke-visual/llava-v1.5-7b/layer_scores.csv
MMKE-visual,LLaVA-v1.5-7B,VisEdit-Contrib-Pre-alt,21,0.00028398636275103544,20,0.00012458655863858135,outputs/visedit_contribution_rankings_20260927/raw/mmke-visual/llava-v1.5-7b/layer_scores.csv
MMKE-visual,LLaVA-v1.5-7B,VisEdit-Contrib-Pre-alt,4,0.00019612740818069198,21,0.0005890585500527614,outputs/visedit_contribution_rankings_20260927/raw/mmke-visual/llava-v1.5-7b/layer_scores.csv
MMKE-visual,LLaVA-v1.5-7B,VisEdit-Contrib-Pre-alt,11,0.00019363496423219765,22,0.0008012993423056709,outputs/visedit_contribution_rankings_20260927/raw/mmke-visual/llava-v1.5-7b/layer_scores.csv
MMKE-visual,LLaVA-v1.5-7B,VisEdit-Contrib-Pre-alt,13,0.000126930870091595,23,5.166181099450844e-05,outputs/visedit_contribution_rankings_20260927/raw/mmke-visual/llava-v1.5-7b/layer_scores.csv
MMKE-visual,LLaVA-v1.5-7B,VisEdit-Contrib-Pre-alt,17,0.00011576654036264545,24,0.0004319280161705396,outputs/visedit_contribution_rankings_20260927/raw/mmke-visual/llava-v1.5-7b/layer_scores.csv
MMKE-visual,LLaVA-v1.5-7B,VisEdit-Contrib-Pre-alt,22,8.123461411505342e-05,25,0.00012174032562202962,outputs/visedit_contribution_rankings_20260927/raw/mmke-visual/llava-v1.5-7b/layer_scores.csv
MMKE-visual,LLaVA-v1.5-7B,VisEdit-Contrib-Pre-alt,12,2.8054562891930322e-05,26,0.00011620679907190766,outputs/visedit_contribution_rankings_20260927/raw/mmke-visual/llava-v1.5-7b/layer_scores.csv
MMKE-visual,LLaVA-v1.5-7B,VisEdit-Contrib-Pre-alt,20,8.538699049655157e-06,27,9.933511545130421e-05,outputs/visedit_contribution_rankings_20260927/raw/mmke-visual/llava-v1.5-7b/layer_scores.csv
MMKE-visual,LLaVA-v1.5-7B,VisEdit-Contrib-Pre-alt,19,5.480284553222002e-06,28,0.00016469257742896912,outputs/visedit_contribution_rankings_20260927/raw/mmke-visual/llava-v1.5-7b/layer_scores.csv
MMKE-visual,LLaVA-v1.5-7B,VisEdit-Contrib-Pre-alt,14,0.0,29,0.0002389461995493732,outputs/visedit_contribution_rankings_20260927/raw/mmke-visual/llava-v1.5-7b/layer_scores.csv
MMKE-visual,LLaVA-v1.5-7B,VisEdit-Contrib-Pre-alt,9,0.0,30,0.000868000037594842,outputs/visedit_contribution_rankings_20260927/raw/mmke-visual/llava-v1.5-7b/layer_scores.csv
MMKE-visual,LLaVA-v1.5-7B,VisEdit-Contrib-Pre-alt,5,0.0,31,0.0011199908877137599,outputs/visedit_contribution_rankings_20260927/raw/mmke-visual/llava-v1.5-7b/layer_scores.csv
MMKE-visual,LLaVA-v1.5-7B,VisEdit-Contrib-Pre-alt,23,0.0,32,0.00034260680952233336,outputs/visedit_contribution_rankings_20260927/raw/mmke-visual/llava-v1.5-7b/layer_scores.csv
MMKE-visual,Qwen2.5-VL-3B,VisEdit-Contrib-Pre-alt,35,0.030627837961508246,1,0.02226099706922052,outputs/visedit_contribution_rankings_20260927/raw/mmke-visual/qwen2.5-vl-3b/layer_scores.csv
MMKE-visual,Qwen2.5-VL-3B,VisEdit-Contrib-Pre-alt,34,0.013894156176932793,2,0.017299299336617408,outputs/visedit_contribution_rankings_20260927/raw/mmke-visual/qwen2.5-vl-3b/layer_scores.csv
MMKE-visual,Qwen2.5-VL-3B,VisEdit-Contrib-Pre-alt,30,0.013469975332946058,3,0.005419008343727345,outputs/visedit_contribution_rankings_20260927/raw/mmke-visual/qwen2.5-vl-3b/layer_scores.csv
MMKE-visual,Qwen2.5-VL-3B,VisEdit-Contrib-Pre-alt,33,0.007375903871411182,4,0.009379626308959286,outputs/visedit_contribution_rankings_20260927/raw/mmke-visual/qwen2.5-vl-3b/layer_scores.csv
MMKE-visual,Qwen2.5-VL-3B,VisEdit-Contrib-Pre-alt,32,0.006868818878533884,5,0.005599376717861981,outputs/visedit_contribution_rankings_20260927/raw/mmke-visual/qwen2.5-vl-3b/layer_scores.csv
MMKE-visual,Qwen2.5-VL-3B,VisEdit-Contrib-Pre-alt,31,0.0025534074036408757,6,0.007630733871706939,outputs/visedit_contribution_rankings_20260927/raw/mmke-visual/qwen2.5-vl-3b/layer_scores.csv
MMKE-visual,Qwen2.5-VL-3B,VisEdit-Contrib-Pre-alt,10,0.001538238155498393,7,0.000921219982903013,outputs/visedit_contribution_rankings_20260927/raw/mmke-visual/qwen2.5-vl-3b/layer_scores.csv
MMKE-visual,Qwen2.5-VL-3B,VisEdit-Contrib-Pre-alt,3,0.0014619617653488337,8,0.0007187779584759819,outputs/visedit_contribution_rankings_20260927/raw/mmke-visual/qwen2.5-vl-3b/layer_scores.csv
MMKE-visual,Qwen2.5-VL-3B,VisEdit-Contrib-Pre-alt,6,0.0014402395479358426,9,0.0010427468015481544,outputs/visedit_contribution_rankings_20260927/raw/mmke-visual/qwen2.5-vl-3b/layer_scores.csv
MMKE-visual,Qwen2.5-VL-3B,VisEdit-Contrib-Pre-alt,13,0.0013137218314298882,10,0.0008254346559330923,outputs/visedit_contribution_rankings_20260927/raw/mmke-visual/qwen2.5-vl-3b/layer_scores.csv
MMKE-visual,Qwen2.5-VL-3B,VisEdit-Contrib-Pre-alt,16,0.0012639652852837915,11,0.0007824805605178836,outputs/visedit_contribution_rankings_20260927/raw/mmke-visual/qwen2.5-vl-3b/layer_scores.csv
MMKE-visual,Qwen2.5-VL-3B,VisEdit-Contrib-Pre-alt,5,0.0012116111259807421,12,0.0010455420577545527,outputs/visedit_contribution_rankings_20260927/raw/mmke-visual/qwen2.5-vl-3b/layer_scores.csv
MMKE-visual,Qwen2.5-VL-3B,VisEdit-Contrib-Pre-alt,28,0.001195613815837667,13,0.0006000990351820798,outputs/visedit_contribution_rankings_20260927/raw/mmke-visual/qwen2.5-vl-3b/layer_scores.csv
MMKE-visual,Qwen2.5-VL-3B,VisEdit-Contrib-Pre-alt,24,0.0008456507258906009,14,0.0005076789354706328,outputs/visedit_contribution_rankings_20260927/raw/mmke-visual/qwen2.5-vl-3b/layer_scores.csv
MMKE-visual,Qwen2.5-VL-3B,VisEdit-Contrib-Pre-alt,1,0.0008202860018836827,15,0.0003551757890234374,outputs/visedit_contribution_rankings_20260927/raw/mmke-visual/qwen2.5-vl-3b/layer_scores.csv
MMKE-visual,Qwen2.5-VL-3B,VisEdit-Contrib-Pre-alt,22,0.0007571182916563837,16,0.0005973802816931331,outputs/visedit_contribution_rankings_20260927/raw/mmke-visual/qwen2.5-vl-3b/layer_scores.csv
MMKE-visual,Qwen2.5-VL-3B,VisEdit-Contrib-Pre-alt,21,0.0007520295406089762,17,0.0006199952628095957,outputs/visedit_contribution_rankings_20260927/raw/mmke-visual/qwen2.5-vl-3b/layer_scores.csv
MMKE-visual,Qwen2.5-VL-3B,VisEdit-Contrib-Pre-alt,12,0.0006909127988840133,18,0.0008893002563807132,outputs/visedit_contribution_rankings_20260927/raw/mmke-visual/qwen2.5-vl-3b/layer_scores.csv
MMKE-visual,Qwen2.5-VL-3B,VisEdit-Contrib-Pre-alt,17,0.0006656541441547258,19,0.0007497322711432323,outputs/visedit_contribution_rankings_20260927/raw/mmke-visual/qwen2.5-vl-3b/layer_scores.csv
MMKE-visual,Qwen2.5-VL-3B,VisEdit-Contrib-Pre-alt,11,0.0006632661388282379,20,0.0009641390310702147,outputs/visedit_contribution_rankings_20260927/raw/mmke-visual/qwen2.5-vl-3b/layer_scores.csv
MMKE-visual,Qwen2.5-VL-3B,VisEdit-Contrib-Pre-alt,19,0.0006411092668242563,21,0.0004371748689929544,outputs/visedit_contribution_rankings_20260927/raw/mmke-visual/qwen2.5-vl-3b/layer_scores.csv
MMKE-visual,Qwen2.5-VL-3B,VisEdit-Contrib-Pre-alt,9,0.0005621556543824081,22,0.0008185882104360867,outputs/visedit_contribution_rankings_20260927/raw/mmke-visual/qwen2.5-vl-3b/layer_scores.csv
MMKE-visual,Qwen2.5-VL-3B,VisEdit-Contrib-Pre-alt,26,0.0004949941754207055,23,0.0004201427460804787,outputs/visedit_contribution_rankings_20260927/raw/mmke-visual/qwen2.5-vl-3b/layer_scores.csv
MMKE-visual,Qwen2.5-VL-3B,VisEdit-Contrib-Pre-alt,4,0.0004847754993470727,24,0.001052782796892216,outputs/visedit_contribution_rankings_20260927/raw/mmke-visual/qwen2.5-vl-3b/layer_scores.csv
MMKE-visual,Qwen2.5-VL-3B,VisEdit-Contrib-Pre-alt,7,0.00047638973072787846,25,0.00075733336669706,outputs/visedit_contribution_rankings_20260927/raw/mmke-visual/qwen2.5-vl-3b/layer_scores.csv
MMKE-visual,Qwen2.5-VL-3B,VisEdit-Contrib-Pre-alt,14,0.00047166933748537534,26,0.000734404473676799,outputs/visedit_contribution_rankings_20260927/raw/mmke-visual/qwen2.5-vl-3b/layer_scores.csv
MMKE-visual,Qwen2.5-VL-3B,VisEdit-Contrib-Pre-alt,15,0.00041782225211513344,27,0.0007178189582947667,outputs/visedit_contribution_rankings_20260927/raw/mmke-visual/qwen2.5-vl-3b/layer_scores.csv
MMKE-visual,Qwen2.5-VL-3B,VisEdit-Contrib-Pre-alt,25,0.0003943930677072581,28,0.0005783459896728549,outputs/visedit_contribution_rankings_20260927/raw/mmke-visual/qwen2.5-vl-3b/layer_scores.csv
MMKE-visual,Qwen2.5-VL-3B,VisEdit-Contrib-Pre-alt,27,0.0003710409951134723,29,0.000687216328790615,outputs/visedit_contribution_rankings_20260927/raw/mmke-visual/qwen2.5-vl-3b/layer_scores.csv
MMKE-visual,Qwen2.5-VL-3B,VisEdit-Contrib-Pre-alt,8,0.00035537082142745886,30,0.00046463873551258185,outputs/visedit_contribution_rankings_20260927/raw/mmke-visual/qwen2.5-vl-3b/layer_scores.csv
MMKE-visual,Qwen2.5-VL-3B,VisEdit-Contrib-Pre-alt,20,0.0003508379561634273,31,0.0005813255878655533,outputs/visedit_contribution_rankings_20260927/raw/mmke-visual/qwen2.5-vl-3b/layer_scores.csv
MMKE-visual,Qwen2.5-VL-3B,VisEdit-Contrib-Pre-alt,18,0.00031957738399117954,32,0.0005421135983233872,outputs/visedit_contribution_rankings_20260927/raw/mmke-visual/qwen2.5-vl-3b/layer_scores.csv
MMKE-visual,Qwen2.5-VL-3B,VisEdit-Contrib-Pre-alt,23,0.00028299301281403954,33,0.0006285873434536747,outputs/visedit_contribution_rankings_20260927/raw/mmke-visual/qwen2.5-vl-3b/layer_scores.csv
MMKE-visual,Qwen2.5-VL-3B,VisEdit-Contrib-Pre-alt,29,0.00023364229459509994,34,0.004966410481126275,outputs/visedit_contribution_rankings_20260927/raw/mmke-visual/qwen2.5-vl-3b/layer_scores.csv
MMKE-visual,Qwen2.5-VL-3B,VisEdit-Contrib-Pre-alt,2,0.00020959661073203926,35,0.0008306147926548518,outputs/visedit_contribution_rankings_20260927/raw/mmke-visual/qwen2.5-vl-3b/layer_scores.csv
MMKE-visual,Qwen2.5-VL-3B,VisEdit-Contrib-Pre-alt,0,3.564475445459026e-05,36,0.0004279653781691365,outputs/visedit_contribution_rankings_20260927/raw/mmke-visual/qwen2.5-vl-3b/layer_scores.csv
MMKE-visual,PaliGemma-3B,VisEdit-Contrib-Pre-alt,17,6.685269213829903e-05,1,6.091275543593211e-05,outputs/visedit_contribution_rankings_20260927/raw/mmke-visual/paligemma-3b/layer_scores.csv
MMKE-visual,PaliGemma-3B,VisEdit-Contrib-Pre-alt,16,5.4972818733565185e-05,2,5.802364033966165e-05,outputs/visedit_contribution_rankings_20260927/raw/mmke-visual/paligemma-3b/layer_scores.csv
MMKE-visual,PaliGemma-3B,VisEdit-Contrib-Pre-alt,15,5.224541014712075e-05,3,3.5947103935592005e-05,outputs/visedit_contribution_rankings_20260927/raw/mmke-visual/paligemma-3b/layer_scores.csv
MMKE-visual,PaliGemma-3B,VisEdit-Contrib-Pre-alt,6,2.9225167184240907e-05,4,9.74172239474697e-06,outputs/visedit_contribution_rankings_20260927/raw/mmke-visual/paligemma-3b/layer_scores.csv
MMKE-visual,PaliGemma-3B,VisEdit-Contrib-Pre-alt,14,6.230829260900805e-07,5,1.778041368661477e-05,outputs/visedit_contribution_rankings_20260927/raw/mmke-visual/paligemma-3b/layer_scores.csv
MMKE-visual,PaliGemma-3B,VisEdit-Contrib-Pre-alt,13,4.7274798663347317e-07,6,3.652769709078512e-07,outputs/visedit_contribution_rankings_20260927/raw/mmke-visual/paligemma-3b/layer_scores.csv
MMKE-visual,PaliGemma-3B,VisEdit-Contrib-Pre-alt,9,1.7814543619001157e-07,7,5.938181206333719e-08,outputs/visedit_contribution_rankings_20260927/raw/mmke-visual/paligemma-3b/layer_scores.csv
MMKE-visual,PaliGemma-3B,VisEdit-Contrib-Pre-alt,0,0.0,8,0.0,outputs/visedit_contribution_rankings_20260927/raw/mmke-visual/paligemma-3b/layer_scores.csv
MMKE-visual,PaliGemma-3B,VisEdit-Contrib-Pre-alt,7,0.0,9,9.74172239474697e-06,outputs/visedit_contribution_rankings_20260927/raw/mmke-visual/paligemma-3b/layer_scores.csv
MMKE-visual,PaliGemma-3B,VisEdit-Contrib-Pre-alt,5,0.0,10,9.74172239474697e-06,outputs/visedit_contribution_rankings_20260927/raw/mmke-visual/paligemma-3b/layer_scores.csv
MMKE-visual,PaliGemma-3B,VisEdit-Contrib-Pre-alt,4,0.0,11,0.0,outputs/visedit_contribution_rankings_20260927/raw/mmke-visual/paligemma-3b/layer_scores.csv
MMKE-visual,PaliGemma-3B,VisEdit-Contrib-Pre-alt,3,0.0,12,0.0,outputs/visedit_contribution_rankings_20260927/raw/mmke-visual/paligemma-3b/layer_scores.csv
MMKE-visual,PaliGemma-3B,VisEdit-Contrib-Pre-alt,11,0.0,13,0.0,outputs/visedit_contribution_rankings_20260927/raw/mmke-visual/paligemma-3b/layer_scores.csv
MMKE-visual,PaliGemma-3B,VisEdit-Contrib-Pre-alt,10,0.0,14,5.938181206333719e-08,outputs/visedit_contribution_rankings_20260927/raw/mmke-visual/paligemma-3b/layer_scores.csv
MMKE-visual,PaliGemma-3B,VisEdit-Contrib-Pre-alt,2,0.0,15,0.0,outputs/visedit_contribution_rankings_20260927/raw/mmke-visual/paligemma-3b/layer_scores.csv
MMKE-visual,PaliGemma-3B,VisEdit-Contrib-Pre-alt,1,0.0,16,0.0,outputs/visedit_contribution_rankings_20260927/raw/mmke-visual/paligemma-3b/layer_scores.csv
MMKE-visual,PaliGemma-3B,VisEdit-Contrib-Pre-alt,12,0.0,17,1.5758266221115772e-07,outputs/visedit_contribution_rankings_20260927/raw/mmke-visual/paligemma-3b/layer_scores.csv
MMKE-visual,PaliGemma-3B,VisEdit-Contrib-Pre-alt,8,0.0,18,5.938181206333719e-08,outputs/visedit_contribution_rankings_20260927/raw/mmke-visual/paligemma-3b/layer_scores.csv
MMKE-visual,SmolVLM-Instruct-1.7B,VisEdit-Contrib-Pre-alt,23,0.024140076337258835,1,0.016251645128768564,outputs/visedit_contribution_rankings_20260927/raw/mmke-visual/smolvlm-1.7b/layer_scores.csv
MMKE-visual,SmolVLM-Instruct-1.7B,VisEdit-Contrib-Pre-alt,19,0.01011159340800712,2,0.007200317149411099,outputs/visedit_contribution_rankings_20260927/raw/mmke-visual/smolvlm-1.7b/layer_scores.csv
MMKE-visual,SmolVLM-Instruct-1.7B,VisEdit-Contrib-Pre-alt,22,0.008363213920278292,3,0.012559373363584739,outputs/visedit_contribution_rankings_20260927/raw/mmke-visual/smolvlm-1.7b/layer_scores.csv
MMKE-visual,SmolVLM-Instruct-1.7B,VisEdit-Contrib-Pre-alt,20,0.007975850321566216,4,0.00775409118759681,outputs/visedit_contribution_rankings_20260927/raw/mmke-visual/smolvlm-1.7b/layer_scores.csv
MMKE-visual,SmolVLM-Instruct-1.7B,VisEdit-Contrib-Pre-alt,21,0.005174829833217095,5,0.007171298025020534,outputs/visedit_contribution_rankings_20260927/raw/mmke-visual/smolvlm-1.7b/layer_scores.csv
MMKE-visual,SmolVLM-Instruct-1.7B,VisEdit-Contrib-Pre-alt,8,0.0038088808569343895,6,0.0014883352178502072,outputs/visedit_contribution_rankings_20260927/raw/mmke-visual/smolvlm-1.7b/layer_scores.csv
MMKE-visual,SmolVLM-Instruct-1.7B,VisEdit-Contrib-Pre-alt,18,0.003513507718659962,7,0.00487213289218869,outputs/visedit_contribution_rankings_20260927/raw/mmke-visual/smolvlm-1.7b/layer_scores.csv
MMKE-visual,SmolVLM-Instruct-1.7B,VisEdit-Contrib-Pre-alt,16,0.003124598945995112,8,0.0016792099179871098,outputs/visedit_contribution_rankings_20260927/raw/mmke-visual/smolvlm-1.7b/layer_scores.csv
MMKE-visual,SmolVLM-Instruct-1.7B,VisEdit-Contrib-Pre-alt,13,0.002019104523195517,9,0.001682616831194657,outputs/visedit_contribution_rankings_20260927/raw/mmke-visual/smolvlm-1.7b/layer_scores.csv
MMKE-visual,SmolVLM-Instruct-1.7B,VisEdit-Contrib-Pre-alt,12,0.001811673197769779,10,0.0017029120201612503,outputs/visedit_contribution_rankings_20260927/raw/mmke-visual/smolvlm-1.7b/layer_scores.csv
MMKE-visual,SmolVLM-Instruct-1.7B,VisEdit-Contrib-Pre-alt,11,0.0012779583395184544,11,0.0013635879482547981,outputs/visedit_contribution_rankings_20260927/raw/mmke-visual/smolvlm-1.7b/layer_scores.csv
MMKE-visual,SmolVLM-Instruct-1.7B,VisEdit-Contrib-Pre-alt,14,0.0012170727726186746,12,0.0013859701846271402,outputs/visedit_contribution_rankings_20260927/raw/mmke-visual/smolvlm-1.7b/layer_scores.csv
MMKE-visual,SmolVLM-Instruct-1.7B,VisEdit-Contrib-Pre-alt,6,0.0010322181587774709,13,0.0005383845724533243,outputs/visedit_contribution_rankings_20260927/raw/mmke-visual/smolvlm-1.7b/layer_scores.csv
MMKE-visual,SmolVLM-Instruct-1.7B,VisEdit-Contrib-Pre-alt,10,0.0010011323074761605,14,0.0008333409432644927,outputs/visedit_contribution_rankings_20260927/raw/mmke-visual/smolvlm-1.7b/layer_scores.csv
MMKE-visual,SmolVLM-Instruct-1.7B,VisEdit-Contrib-Pre-alt,17,0.0009912975498989885,15,0.0025431347381846873,outputs/visedit_contribution_rankings_20260927/raw/mmke-visual/smolvlm-1.7b/layer_scores.csv
MMKE-visual,SmolVLM-Instruct-1.7B,VisEdit-Contrib-Pre-alt,4,0.0009619303429739655,16,0.0003981820912352349,outputs/visedit_contribution_rankings_20260927/raw/mmke-visual/smolvlm-1.7b/layer_scores.csv
MMKE-visual,SmolVLM-Instruct-1.7B,VisEdit-Contrib-Pre-alt,15,0.0009217332580672289,17,0.0017544683255603384,outputs/visedit_contribution_rankings_20260927/raw/mmke-visual/smolvlm-1.7b/layer_scores.csv
MMKE-visual,SmolVLM-Instruct-1.7B,VisEdit-Contrib-Pre-alt,7,0.00043519261381736856,18,0.001758763876509743,outputs/visedit_contribution_rankings_20260927/raw/mmke-visual/smolvlm-1.7b/layer_scores.csv
MMKE-visual,SmolVLM-Instruct-1.7B,VisEdit-Contrib-Pre-alt,1,0.00040564044246054295,19,0.00026040466943760046,outputs/visedit_contribution_rankings_20260927/raw/mmke-visual/smolvlm-1.7b/layer_scores.csv
MMKE-visual,SmolVLM-Instruct-1.7B,VisEdit-Contrib-Pre-alt,2,0.00031041051150114076,20,0.0002669746466427632,outputs/visedit_contribution_rankings_20260927/raw/mmke-visual/smolvlm-1.7b/layer_scores.csv
MMKE-visual,SmolVLM-Instruct-1.7B,VisEdit-Contrib-Pre-alt,9,0.00022093218279886344,21,0.001676981782403138,outputs/visedit_contribution_rankings_20260927/raw/mmke-visual/smolvlm-1.7b/layer_scores.csv
MMKE-visual,SmolVLM-Instruct-1.7B,VisEdit-Contrib-Pre-alt,5,0.0001477429447651333,22,0.0007139638155055232,outputs/visedit_contribution_rankings_20260927/raw/mmke-visual/smolvlm-1.7b/layer_scores.csv
MMKE-visual,SmolVLM-Instruct-1.7B,VisEdit-Contrib-Pre-alt,3,8.487298596660595e-05,23,0.00045240461348057076,outputs/visedit_contribution_rankings_20260927/raw/mmke-visual/smolvlm-1.7b/layer_scores.csv
MMKE-visual,SmolVLM-Instruct-1.7B,VisEdit-Contrib-Pre-alt,0,6.516305435111752e-05,24,0.00023540174840583025,outputs/visedit_contribution_rankings_20260927/raw/mmke-visual/smolvlm-1.7b/layer_scores.csv
MMKE-entity,BLIP2-OPT-2.7B,VisEdit-Contrib-Pre-alt,26,0.5793127870987289,1,0.3279849886461951,outputs/visedit_contribution_rankings_20260927/raw/mmke-entity/blip2-opt-2.7b/layer_scores.csv
MMKE-entity,BLIP2-OPT-2.7B,VisEdit-Contrib-Pre-alt,24,0.36131137759384174,2,0.2739236698236517,outputs/visedit_contribution_rankings_20260927/raw/mmke-entity/blip2-opt-2.7b/layer_scores.csv
MMKE-entity,BLIP2-OPT-2.7B,VisEdit-Contrib-Pre-alt,28,0.3070315354418232,3,0.18705830089078435,outputs/visedit_contribution_rankings_20260927/raw/mmke-entity/blip2-opt-2.7b/layer_scores.csv
MMKE-entity,BLIP2-OPT-2.7B,VisEdit-Contrib-Pre-alt,23,0.2704694734331932,4,0.2196603957044995,outputs/visedit_contribution_rankings_20260927/raw/mmke-entity/blip2-opt-2.7b/layer_scores.csv
MMKE-entity,BLIP2-OPT-2.7B,VisEdit-Contrib-Pre-alt,27,0.21465202039593625,5,0.3669987809788295,outputs/visedit_contribution_rankings_20260927/raw/mmke-entity/blip2-opt-2.7b/layer_scores.csv
MMKE-entity,BLIP2-OPT-2.7B,VisEdit-Contrib-Pre-alt,25,0.1899901584439201,6,0.3768714410454969,outputs/visedit_contribution_rankings_20260927/raw/mmke-entity/blip2-opt-2.7b/layer_scores.csv
MMKE-entity,BLIP2-OPT-2.7B,VisEdit-Contrib-Pre-alt,30,0.05994226273430498,7,0.03598729497992542,outputs/visedit_contribution_rankings_20260927/raw/mmke-entity/blip2-opt-2.7b/layer_scores.csv
MMKE-entity,BLIP2-OPT-2.7B,VisEdit-Contrib-Pre-alt,29,0.039491346834593564,8,0.13548838167024058,outputs/visedit_contribution_rankings_20260927/raw/mmke-entity/blip2-opt-2.7b/layer_scores.csv
MMKE-entity,BLIP2-OPT-2.7B,VisEdit-Contrib-Pre-alt,22,0.02720033608646362,9,0.10061838290454565,outputs/visedit_contribution_rankings_20260927/raw/mmke-entity/blip2-opt-2.7b/layer_scores.csv
MMKE-entity,BLIP2-OPT-2.7B,VisEdit-Contrib-Pre-alt,20,0.021507521151038732,10,0.014176495692982021,outputs/visedit_contribution_rankings_20260927/raw/mmke-entity/blip2-opt-2.7b/layer_scores.csv
MMKE-entity,BLIP2-OPT-2.7B,VisEdit-Contrib-Pre-alt,19,0.016836626733927242,11,0.013662704561376485,outputs/visedit_contribution_rankings_20260927/raw/mmke-entity/blip2-opt-2.7b/layer_scores.csv
MMKE-entity,BLIP2-OPT-2.7B,VisEdit-Contrib-Pre-alt,31,0.008528275370877724,12,0.034235269052591354,outputs/visedit_contribution_rankings_20260927/raw/mmke-entity/blip2-opt-2.7b/layer_scores.csv
MMKE-entity,BLIP2-OPT-2.7B,VisEdit-Contrib-Pre-alt,8,0.004485750099300672,13,0.003746604287841274,outputs/visedit_contribution_rankings_20260927/raw/mmke-entity/blip2-opt-2.7b/layer_scores.csv
MMKE-entity,BLIP2-OPT-2.7B,VisEdit-Contrib-Pre-alt,17,0.004394964891155599,14,0.003638314666757641,outputs/visedit_contribution_rankings_20260927/raw/mmke-entity/blip2-opt-2.7b/layer_scores.csv
MMKE-entity,BLIP2-OPT-2.7B,VisEdit-Contrib-Pre-alt,14,0.004213101007597154,15,0.003281121494516612,outputs/visedit_contribution_rankings_20260927/raw/mmke-entity/blip2-opt-2.7b/layer_scores.csv
MMKE-entity,BLIP2-OPT-2.7B,VisEdit-Contrib-Pre-alt,21,0.004185339193980092,16,0.017631065477160816,outputs/visedit_contribution_rankings_20260927/raw/mmke-entity/blip2-opt-2.7b/layer_scores.csv
MMKE-entity,BLIP2-OPT-2.7B,VisEdit-Contrib-Pre-alt,6,0.004070671045263655,17,0.0030158420112310833,outputs/visedit_contribution_rankings_20260927/raw/mmke-entity/blip2-opt-2.7b/layer_scores.csv
MMKE-entity,BLIP2-OPT-2.7B,VisEdit-Contrib-Pre-alt,15,0.003924531773343086,18,0.004004548696964695,outputs/visedit_contribution_rankings_20260927/raw/mmke-entity/blip2-opt-2.7b/layer_scores.csv
MMKE-entity,BLIP2-OPT-2.7B,VisEdit-Contrib-Pre-alt,16,0.0038760133099538453,19,0.004065169991484176,outputs/visedit_contribution_rankings_20260927/raw/mmke-entity/blip2-opt-2.7b/layer_scores.csv
MMKE-entity,BLIP2-OPT-2.7B,VisEdit-Contrib-Pre-alt,12,0.0038184986226758814,20,0.0027960306400294926,outputs/visedit_contribution_rankings_20260927/raw/mmke-entity/blip2-opt-2.7b/layer_scores.csv
MMKE-entity,BLIP2-OPT-2.7B,VisEdit-Contrib-Pre-alt,9,0.003491587726628426,21,0.0037905323186520905,outputs/visedit_contribution_rankings_20260927/raw/mmke-entity/blip2-opt-2.7b/layer_scores.csv
MMKE-entity,BLIP2-OPT-2.7B,VisEdit-Contrib-Pre-alt,10,0.0033942591300271754,22,0.0032499028171528673,outputs/visedit_contribution_rankings_20260927/raw/mmke-entity/blip2-opt-2.7b/layer_scores.csv
MMKE-entity,BLIP2-OPT-2.7B,VisEdit-Contrib-Pre-alt,7,0.003262475037594724,23,0.003939632060719684,outputs/visedit_contribution_rankings_20260927/raw/mmke-entity/blip2-opt-2.7b/layer_scores.csv
MMKE-entity,BLIP2-OPT-2.7B,VisEdit-Contrib-Pre-alt,11,0.002863861594803,24,0.0033588731158353522,outputs/visedit_contribution_rankings_20260927/raw/mmke-entity/blip2-opt-2.7b/layer_scores.csv
MMKE-entity,BLIP2-OPT-2.7B,VisEdit-Contrib-Pre-alt,4,0.0026922754441743553,25,0.0016057932263529473,outputs/visedit_contribution_rankings_20260927/raw/mmke-entity/blip2-opt-2.7b/layer_scores.csv
MMKE-entity,BLIP2-OPT-2.7B,VisEdit-Contrib-Pre-alt,18,0.0026439657991634774,26,0.007958519141415439,outputs/visedit_contribution_rankings_20260927/raw/mmke-entity/blip2-opt-2.7b/layer_scores.csv
MMKE-entity,BLIP2-OPT-2.7B,VisEdit-Contrib-Pre-alt,2,0.002110219690645005,27,0.0009135250014177422,outputs/visedit_contribution_rankings_20260927/raw/mmke-entity/blip2-opt-2.7b/layer_scores.csv
MMKE-entity,BLIP2-OPT-2.7B,VisEdit-Contrib-Pre-alt,5,0.0017143799508348707,28,0.0028257754800909605,outputs/visedit_contribution_rankings_20260927/raw/mmke-entity/blip2-opt-2.7b/layer_scores.csv
MMKE-entity,BLIP2-OPT-2.7B,VisEdit-Contrib-Pre-alt,13,0.0017057317026095958,29,0.0032457771109608772,outputs/visedit_contribution_rankings_20260927/raw/mmke-entity/blip2-opt-2.7b/layer_scores.csv
MMKE-entity,BLIP2-OPT-2.7B,VisEdit-Contrib-Pre-alt,3,0.0004107242840496168,30,0.0017377398062896593,outputs/visedit_contribution_rankings_20260927/raw/mmke-entity/blip2-opt-2.7b/layer_scores.csv
MMKE-entity,BLIP2-OPT-2.7B,VisEdit-Contrib-Pre-alt,0,0.0003594316498765321,31,0.0002895313397175685,outputs/visedit_contribution_rankings_20260927/raw/mmke-entity/blip2-opt-2.7b/layer_scores.csv
MMKE-entity,BLIP2-OPT-2.7B,VisEdit-Contrib-Pre-alt,1,0.000219631029558605,32,0.0008964274566933807,outputs/visedit_contribution_rankings_20260927/raw/mmke-entity/blip2-opt-2.7b/layer_scores.csv
MMKE-entity,InstructBLIP-Vicuna-7B,VisEdit-Contrib-Pre-alt,30,0.569705099345721,1,0.20112625230256098,outputs/visedit_contribution_rankings_20260927/raw/mmke-entity/instructblip-vicuna-7b/layer_scores.csv
MMKE-entity,InstructBLIP-Vicuna-7B,VisEdit-Contrib-Pre-alt,31,0.022377807963806895,2,0.296041453654764,outputs/visedit_contribution_rankings_20260927/raw/mmke-entity/instructblip-vicuna-7b/layer_scores.csv
MMKE-entity,InstructBLIP-Vicuna-7B,VisEdit-Contrib-Pre-alt,29,0.011295849598155149,3,0.19656437305736993,outputs/visedit_contribution_rankings_20260927/raw/mmke-entity/instructblip-vicuna-7b/layer_scores.csv
MMKE-entity,InstructBLIP-Vicuna-7B,VisEdit-Contrib-Pre-alt,10,0.010969607335646817,4,0.005767379134525714,outputs/visedit_contribution_rankings_20260927/raw/mmke-entity/instructblip-vicuna-7b/layer_scores.csv
MMKE-entity,InstructBLIP-Vicuna-7B,VisEdit-Contrib-Pre-alt,28,0.00869217022823361,5,0.008761929922471635,outputs/visedit_contribution_rankings_20260927/raw/mmke-entity/instructblip-vicuna-7b/layer_scores.csv
MMKE-entity,InstructBLIP-Vicuna-7B,VisEdit-Contrib-Pre-alt,25,0.008500587428306878,6,0.004604243650453837,outputs/visedit_contribution_rankings_20260927/raw/mmke-entity/instructblip-vicuna-7b/layer_scores.csv
MMKE-entity,InstructBLIP-Vicuna-7B,VisEdit-Contrib-Pre-alt,27,0.006297769941026148,7,0.00613791355849794,outputs/visedit_contribution_rankings_20260927/raw/mmke-entity/instructblip-vicuna-7b/layer_scores.csv
MMKE-entity,InstructBLIP-Vicuna-7B,VisEdit-Contrib-Pre-alt,16,0.0061241293452791775,8,0.00440795600351845,outputs/visedit_contribution_rankings_20260927/raw/mmke-entity/instructblip-vicuna-7b/layer_scores.csv
MMKE-entity,InstructBLIP-Vicuna-7B,VisEdit-Contrib-Pre-alt,17,0.005958743832756234,9,0.004095335865343744,outputs/visedit_contribution_rankings_20260927/raw/mmke-entity/instructblip-vicuna-7b/layer_scores.csv
MMKE-entity,InstructBLIP-Vicuna-7B,VisEdit-Contrib-Pre-alt,9,0.004812577757340007,10,0.005260728364328941,outputs/visedit_contribution_rankings_20260927/raw/mmke-entity/instructblip-vicuna-7b/layer_scores.csv
MMKE-entity,InstructBLIP-Vicuna-7B,VisEdit-Contrib-Pre-alt,2,0.004396719210153838,11,0.0019261019852273647,outputs/visedit_contribution_rankings_20260927/raw/mmke-entity/instructblip-vicuna-7b/layer_scores.csv
MMKE-entity,InstructBLIP-Vicuna-7B,VisEdit-Contrib-Pre-alt,22,0.0037427079254520428,12,0.001948848735643967,outputs/visedit_contribution_rankings_20260927/raw/mmke-entity/instructblip-vicuna-7b/layer_scores.csv
MMKE-entity,InstructBLIP-Vicuna-7B,VisEdit-Contrib-Pre-alt,12,0.0035522178600192497,13,0.0021101760988354004,outputs/visedit_contribution_rankings_20260927/raw/mmke-entity/instructblip-vicuna-7b/layer_scores.csv
MMKE-entity,InstructBLIP-Vicuna-7B,VisEdit-Contrib-Pre-alt,26,0.0034238005062340628,14,0.006074052625189029,outputs/visedit_contribution_rankings_20260927/raw/mmke-entity/instructblip-vicuna-7b/layer_scores.csv
MMKE-entity,InstructBLIP-Vicuna-7B,VisEdit-Contrib-Pre-alt,14,0.0026720900393705223,15,0.0016904809992623643,outputs/visedit_contribution_rankings_20260927/raw/mmke-entity/instructblip-vicuna-7b/layer_scores.csv
MMKE-entity,InstructBLIP-Vicuna-7B,VisEdit-Contrib-Pre-alt,5,0.0026461754308178243,16,0.0018131566460292776,outputs/visedit_contribution_rankings_20260927/raw/mmke-entity/instructblip-vicuna-7b/layer_scores.csv
MMKE-entity,InstructBLIP-Vicuna-7B,VisEdit-Contrib-Pre-alt,19,0.002500003001530083,17,0.0017069167300863464,outputs/visedit_contribution_rankings_20260927/raw/mmke-entity/instructblip-vicuna-7b/layer_scores.csv
MMKE-entity,InstructBLIP-Vicuna-7B,VisEdit-Contrib-Pre-alt,20,0.0024176127707331327,18,0.0020316809577115963,outputs/visedit_contribution_rankings_20260927/raw/mmke-entity/instructblip-vicuna-7b/layer_scores.csv
MMKE-entity,InstructBLIP-Vicuna-7B,VisEdit-Contrib-Pre-alt,6,0.001889931131935287,19,0.0015312290946831114,outputs/visedit_contribution_rankings_20260927/raw/mmke-entity/instructblip-vicuna-7b/layer_scores.csv
MMKE-entity,InstructBLIP-Vicuna-7B,VisEdit-Contrib-Pre-alt,24,0.0018883430168205703,20,0.0037717805419119105,outputs/visedit_contribution_rankings_20260927/raw/mmke-entity/instructblip-vicuna-7b/layer_scores.csv
MMKE-entity,InstructBLIP-Vicuna-7B,VisEdit-Contrib-Pre-alt,0,0.001536890120527301,21,0.0014592384330277784,outputs/visedit_contribution_rankings_20260927/raw/mmke-entity/instructblip-vicuna-7b/layer_scores.csv
MMKE-entity,InstructBLIP-Vicuna-7B,VisEdit-Contrib-Pre-alt,11,0.0015199523105903186,22,0.005347259168752128,outputs/visedit_contribution_rankings_20260927/raw/mmke-entity/instructblip-vicuna-7b/layer_scores.csv
MMKE-entity,InstructBLIP-Vicuna-7B,VisEdit-Contrib-Pre-alt,1,0.001381586745528256,23,0.002438398692069798,outputs/visedit_contribution_rankings_20260927/raw/mmke-entity/instructblip-vicuna-7b/layer_scores.csv
MMKE-entity,InstructBLIP-Vicuna-7B,VisEdit-Contrib-Pre-alt,13,0.001258358125896633,24,0.002494222008428802,outputs/visedit_contribution_rankings_20260927/raw/mmke-entity/instructblip-vicuna-7b/layer_scores.csv
MMKE-entity,InstructBLIP-Vicuna-7B,VisEdit-Contrib-Pre-alt,21,0.001177427100871574,25,0.0024459159323522496,outputs/visedit_contribution_rankings_20260927/raw/mmke-entity/instructblip-vicuna-7b/layer_scores.csv
MMKE-entity,InstructBLIP-Vicuna-7B,VisEdit-Contrib-Pre-alt,15,0.0011409948325199375,26,0.0033124047390565453,outputs/visedit_contribution_rankings_20260927/raw/mmke-entity/instructblip-vicuna-7b/layer_scores.csv
MMKE-entity,InstructBLIP-Vicuna-7B,VisEdit-Contrib-Pre-alt,23,0.0009264111806082837,27,0.0021858207076269655,outputs/visedit_contribution_rankings_20260927/raw/mmke-entity/instructblip-vicuna-7b/layer_scores.csv
MMKE-entity,InstructBLIP-Vicuna-7B,VisEdit-Contrib-Pre-alt,4,0.0009033633753347215,28,0.0011831796020508485,outputs/visedit_contribution_rankings_20260927/raw/mmke-entity/instructblip-vicuna-7b/layer_scores.csv
MMKE-entity,InstructBLIP-Vicuna-7B,VisEdit-Contrib-Pre-alt,18,0.00020313441799582325,29,0.002887293750760713,outputs/visedit_contribution_rankings_20260927/raw/mmke-entity/instructblip-vicuna-7b/layer_scores.csv
MMKE-entity,InstructBLIP-Vicuna-7B,VisEdit-Contrib-Pre-alt,7,5.758072129622267e-05,30,0.0006491706177438366,outputs/visedit_contribution_rankings_20260927/raw/mmke-entity/instructblip-vicuna-7b/layer_scores.csv
MMKE-entity,InstructBLIP-Vicuna-7B,VisEdit-Contrib-Pre-alt,8,0.0,31,0.00162338615954541,outputs/visedit_contribution_rankings_20260927/raw/mmke-entity/instructblip-vicuna-7b/layer_scores.csv
MMKE-entity,InstructBLIP-Vicuna-7B,VisEdit-Contrib-Pre-alt,3,0.0,32,0.0017666941951628532,outputs/visedit_contribution_rankings_20260927/raw/mmke-entity/instructblip-vicuna-7b/layer_scores.csv
MMKE-entity,MiniGPT-4-Vicuna-7B,VisEdit-Contrib-Pre-alt,28,0.09295831508680391,1,0.04980339995521226,outputs/visedit_contribution_rankings_20260927/raw/mmke-entity/minigpt-4-vicuna-7b/layer_scores.csv
MMKE-entity,MiniGPT-4-Vicuna-7B,VisEdit-Contrib-Pre-alt,31,0.070083722366002,2,0.04363171371055855,outputs/visedit_contribution_rankings_20260927/raw/mmke-entity/minigpt-4-vicuna-7b/layer_scores.csv
MMKE-entity,MiniGPT-4-Vicuna-7B,VisEdit-Contrib-Pre-alt,27,0.051445606200392305,3,0.05100204001488381,outputs/visedit_contribution_rankings_20260927/raw/mmke-entity/minigpt-4-vicuna-7b/layer_scores.csv
MMKE-entity,MiniGPT-4-Vicuna-7B,VisEdit-Contrib-Pre-alt,16,0.025621506590918563,4,0.010994689733867892,outputs/visedit_contribution_rankings_20260927/raw/mmke-entity/minigpt-4-vicuna-7b/layer_scores.csv
MMKE-entity,MiniGPT-4-Vicuna-7B,VisEdit-Contrib-Pre-alt,25,0.01791997142928245,5,0.01038464316431465,outputs/visedit_contribution_rankings_20260927/raw/mmke-entity/minigpt-4-vicuna-7b/layer_scores.csv
MMKE-entity,MiniGPT-4-Vicuna-7B,VisEdit-Contrib-Pre-alt,30,0.01717970505511511,6,0.030756568666519227,outputs/visedit_contribution_rankings_20260927/raw/mmke-entity/minigpt-4-vicuna-7b/layer_scores.csv
MMKE-entity,MiniGPT-4-Vicuna-7B,VisEdit-Contrib-Pre-alt,20,0.009643794291270482,7,0.007036464257620959,outputs/visedit_contribution_rankings_20260927/raw/mmke-entity/minigpt-4-vicuna-7b/layer_scores.csv
MMKE-entity,MiniGPT-4-Vicuna-7B,VisEdit-Contrib-Pre-alt,26,0.008602198757455186,8,0.025989258795709982,outputs/visedit_contribution_rankings_20260927/raw/mmke-entity/minigpt-4-vicuna-7b/layer_scores.csv
MMKE-entity,MiniGPT-4-Vicuna-7B,VisEdit-Contrib-Pre-alt,19,0.007769688666370611,9,0.006674829504051173,outputs/visedit_contribution_rankings_20260927/raw/mmke-entity/minigpt-4-vicuna-7b/layer_scores.csv
MMKE-entity,MiniGPT-4-Vicuna-7B,VisEdit-Contrib-Pre-alt,22,0.007645392031285902,10,0.00564379197446489,outputs/visedit_contribution_rankings_20260927/raw/mmke-entity/minigpt-4-vicuna-7b/layer_scores.csv
MMKE-entity,MiniGPT-4-Vicuna-7B,VisEdit-Contrib-Pre-alt,13,0.006869670501112493,11,0.004132766554829804,outputs/visedit_contribution_rankings_20260927/raw/mmke-entity/minigpt-4-vicuna-7b/layer_scores.csv
MMKE-entity,MiniGPT-4-Vicuna-7B,VisEdit-Contrib-Pre-alt,23,0.005590074076886983,12,0.005955741804793066,outputs/visedit_contribution_rankings_20260927/raw/mmke-entity/minigpt-4-vicuna-7b/layer_scores.csv
MMKE-entity,MiniGPT-4-Vicuna-7B,VisEdit-Contrib-Pre-alt,29,0.005006278578440572,13,0.038381432906786535,outputs/visedit_contribution_rankings_20260927/raw/mmke-entity/minigpt-4-vicuna-7b/layer_scores.csv
MMKE-entity,MiniGPT-4-Vicuna-7B,VisEdit-Contrib-Pre-alt,2,0.004911636321763533,14,0.002483318700215639,outputs/visedit_contribution_rankings_20260927/raw/mmke-entity/minigpt-4-vicuna-7b/layer_scores.csv
MMKE-entity,MiniGPT-4-Vicuna-7B,VisEdit-Contrib-Pre-alt,15,0.00467368658568905,15,0.011041214406798778,outputs/visedit_contribution_rankings_20260927/raw/mmke-entity/minigpt-4-vicuna-7b/layer_scores.csv
MMKE-entity,MiniGPT-4-Vicuna-7B,VisEdit-Contrib-Pre-alt,5,0.004653244380190072,16,0.003359127397733001,outputs/visedit_contribution_rankings_20260927/raw/mmke-entity/minigpt-4-vicuna-7b/layer_scores.csv
MMKE-entity,MiniGPT-4-Vicuna-7B,VisEdit-Contrib-Pre-alt,24,0.004631759306206313,17,0.009380601604125249,outputs/visedit_contribution_rankings_20260927/raw/mmke-entity/minigpt-4-vicuna-7b/layer_scores.csv
MMKE-entity,MiniGPT-4-Vicuna-7B,VisEdit-Contrib-Pre-alt,9,0.004363882518580724,18,0.0028583039964999286,outputs/visedit_contribution_rankings_20260927/raw/mmke-entity/minigpt-4-vicuna-7b/layer_scores.csv
MMKE-entity,MiniGPT-4-Vicuna-7B,VisEdit-Contrib-Pre-alt,10,0.0042110294709190605,19,0.002984125813607104,outputs/visedit_contribution_rankings_20260927/raw/mmke-entity/minigpt-4-vicuna-7b/layer_scores.csv
MMKE-entity,MiniGPT-4-Vicuna-7B,VisEdit-Contrib-Pre-alt,21,0.003695909815221788,20,0.006995032045926057,outputs/visedit_contribution_rankings_20260927/raw/mmke-entity/minigpt-4-vicuna-7b/layer_scores.csv
MMKE-entity,MiniGPT-4-Vicuna-7B,VisEdit-Contrib-Pre-alt,14,0.002828450043788725,21,0.004790602376863423,outputs/visedit_contribution_rankings_20260927/raw/mmke-entity/minigpt-4-vicuna-7b/layer_scores.csv
MMKE-entity,MiniGPT-4-Vicuna-7B,VisEdit-Contrib-Pre-alt,6,0.002789040917926084,22,0.0030362659106440127,outputs/visedit_contribution_rankings_20260927/raw/mmke-entity/minigpt-4-vicuna-7b/layer_scores.csv
MMKE-entity,MiniGPT-4-Vicuna-7B,VisEdit-Contrib-Pre-alt,0,0.002709731003179609,23,0.0024364877541473767,outputs/visedit_contribution_rankings_20260927/raw/mmke-entity/minigpt-4-vicuna-7b/layer_scores.csv
MMKE-entity,MiniGPT-4-Vicuna-7B,VisEdit-Contrib-Pre-alt,12,0.002700179119588195,24,0.003315771690674071,outputs/visedit_contribution_rankings_20260927/raw/mmke-entity/minigpt-4-vicuna-7b/layer_scores.csv
MMKE-entity,MiniGPT-4-Vicuna-7B,VisEdit-Contrib-Pre-alt,17,0.0026888760249960623,25,0.010307129390142352,outputs/visedit_contribution_rankings_20260927/raw/mmke-entity/minigpt-4-vicuna-7b/layer_scores.csv
MMKE-entity,MiniGPT-4-Vicuna-7B,VisEdit-Contrib-Pre-alt,4,0.0026350968950828463,26,0.0025544721830137195,outputs/visedit_contribution_rankings_20260927/raw/mmke-entity/minigpt-4-vicuna-7b/layer_scores.csv
MMKE-entity,MiniGPT-4-Vicuna-7B,VisEdit-Contrib-Pre-alt,18,0.0026110055545124303,27,0.0043565234152930345,outputs/visedit_contribution_rankings_20260927/raw/mmke-entity/minigpt-4-vicuna-7b/layer_scores.csv
MMKE-entity,MiniGPT-4-Vicuna-7B,VisEdit-Contrib-Pre-alt,1,0.002163244505115144,28,0.0032615372766860956,outputs/visedit_contribution_rankings_20260927/raw/mmke-entity/minigpt-4-vicuna-7b/layer_scores.csv
MMKE-entity,MiniGPT-4-Vicuna-7B,VisEdit-Contrib-Pre-alt,7,0.0016665124338158806,29,0.0014851844505806549,outputs/visedit_contribution_rankings_20260927/raw/mmke-entity/minigpt-4-vicuna-7b/layer_scores.csv
MMKE-entity,MiniGPT-4-Vicuna-7B,VisEdit-Contrib-Pre-alt,11,0.000377465451321525,30,0.0024295580139429267,outputs/visedit_contribution_rankings_20260927/raw/mmke-entity/minigpt-4-vicuna-7b/layer_scores.csv
MMKE-entity,MiniGPT-4-Vicuna-7B,VisEdit-Contrib-Pre-alt,3,0.0003750752737682397,31,0.002640602830204873,outputs/visedit_contribution_rankings_20260927/raw/mmke-entity/minigpt-4-vicuna-7b/layer_scores.csv
MMKE-entity,MiniGPT-4-Vicuna-7B,VisEdit-Contrib-Pre-alt,8,0.0,32,0.002010131650798868,outputs/visedit_contribution_rankings_20260927/raw/mmke-entity/minigpt-4-vicuna-7b/layer_scores.csv
MMKE-entity,LLaVA-v1.5-7B,VisEdit-Contrib-Pre-alt,30,0.46077254295244335,1,0.19970396375397573,outputs/visedit_contribution_rankings_20260927/raw/mmke-entity/llava-v1.5-7b/layer_scores.csv
MMKE-entity,LLaVA-v1.5-7B,VisEdit-Contrib-Pre-alt,25,0.23314222294061915,2,0.07852209037500003,outputs/visedit_contribution_rankings_20260927/raw/mmke-entity/llava-v1.5-7b/layer_scores.csv
MMKE-entity,LLaVA-v1.5-7B,VisEdit-Contrib-Pre-alt,31,0.07234125186373598,3,0.2665568974080897,outputs/visedit_contribution_rankings_20260927/raw/mmke-entity/llava-v1.5-7b/layer_scores.csv
MMKE-entity,LLaVA-v1.5-7B,VisEdit-Contrib-Pre-alt,29,0.06599809644574789,4,0.17833698553011287,outputs/visedit_contribution_rankings_20260927/raw/mmke-entity/llava-v1.5-7b/layer_scores.csv
MMKE-entity,LLaVA-v1.5-7B,VisEdit-Contrib-Pre-alt,27,0.009111446381507687,5,0.006551572645424833,outputs/visedit_contribution_rankings_20260927/raw/mmke-entity/llava-v1.5-7b/layer_scores.csv
MMKE-entity,LLaVA-v1.5-7B,VisEdit-Contrib-Pre-alt,28,0.008240317192147345,6,0.027783286673134306,outputs/visedit_contribution_rankings_20260927/raw/mmke-entity/llava-v1.5-7b/layer_scores.csv
MMKE-entity,LLaVA-v1.5-7B,VisEdit-Contrib-Pre-alt,6,0.0035077878250105964,7,0.0019395100587141336,outputs/visedit_contribution_rankings_20260927/raw/mmke-entity/llava-v1.5-7b/layer_scores.csv
MMKE-entity,LLaVA-v1.5-7B,VisEdit-Contrib-Pre-alt,10,0.0034766380251241803,8,0.00115887934170806,outputs/visedit_contribution_rankings_20260927/raw/mmke-entity/llava-v1.5-7b/layer_scores.csv
MMKE-entity,LLaVA-v1.5-7B,VisEdit-Contrib-Pre-alt,7,0.0023107423511318044,9,0.0022278918884739204,outputs/visedit_contribution_rankings_20260927/raw/mmke-entity/llava-v1.5-7b/layer_scores.csv
MMKE-entity,LLaVA-v1.5-7B,VisEdit-Contrib-Pre-alt,26,0.002302954362619464,10,0.08151887456158209,outputs/visedit_contribution_rankings_20260927/raw/mmke-entity/llava-v1.5-7b/layer_scores.csv
MMKE-entity,LLaVA-v1.5-7B,VisEdit-Contrib-Pre-alt,1,0.0022509510249202743,11,0.0013583030465708966,outputs/visedit_contribution_rankings_20260927/raw/mmke-entity/llava-v1.5-7b/layer_scores.csv
MMKE-entity,LLaVA-v1.5-7B,VisEdit-Contrib-Pre-alt,3,0.0017374205488645575,12,0.0009477348113345912,outputs/visedit_contribution_rankings_20260927/raw/mmke-entity/llava-v1.5-7b/layer_scores.csv
MMKE-entity,LLaVA-v1.5-7B,VisEdit-Contrib-Pre-alt,12,0.0011344897294219211,13,0.0005673373487633062,outputs/visedit_contribution_rankings_20260927/raw/mmke-entity/llava-v1.5-7b/layer_scores.csv
MMKE-entity,LLaVA-v1.5-7B,VisEdit-Contrib-Pre-alt,2,0.0009853125128285547,14,0.0016578946955377956,outputs/visedit_contribution_rankings_20260927/raw/mmke-entity/llava-v1.5-7b/layer_scores.csv
MMKE-entity,LLaVA-v1.5-7B,VisEdit-Contrib-Pre-alt,8,0.0008651454892793603,15,0.001058629280137055,outputs/visedit_contribution_rankings_20260927/raw/mmke-entity/llava-v1.5-7b/layer_scores.csv
MMKE-entity,LLaVA-v1.5-7B,VisEdit-Contrib-Pre-alt,0,0.0008386456019638609,16,0.0015447983134420677,outputs/visedit_contribution_rankings_20260927/raw/mmke-entity/llava-v1.5-7b/layer_scores.csv
MMKE-entity,LLaVA-v1.5-7B,VisEdit-Contrib-Pre-alt,18,0.0007497950316545758,17,0.00024993167721819196,outputs/visedit_contribution_rankings_20260927/raw/mmke-entity/llava-v1.5-7b/layer_scores.csv
MMKE-entity,LLaVA-v1.5-7B,VisEdit-Contrib-Pre-alt,13,0.0005675223168679975,18,0.0005673373487633062,outputs/visedit_contribution_rankings_20260927/raw/mmke-entity/llava-v1.5-7b/layer_scores.csv
MMKE-entity,LLaVA-v1.5-7B,VisEdit-Contrib-Pre-alt,21,0.00019747567178809555,19,6.9816665524973e-05,outputs/visedit_contribution_rankings_20260927/raw/mmke-entity/llava-v1.5-7b/layer_scores.csv
MMKE-entity,LLaVA-v1.5-7B,VisEdit-Contrib-Pre-alt,24,0.00012109382176151627,20,0.07775443892079355,outputs/visedit_contribution_rankings_20260927/raw/mmke-entity/llava-v1.5-7b/layer_scores.csv
MMKE-entity,LLaVA-v1.5-7B,VisEdit-Contrib-Pre-alt,4,0.00012047137231066146,21,0.0006192973070584064,outputs/visedit_contribution_rankings_20260927/raw/mmke-entity/llava-v1.5-7b/layer_scores.csv
MMKE-entity,LLaVA-v1.5-7B,VisEdit-Contrib-Pre-alt,15,0.00011430895295640712,22,3.810298431880237e-05,outputs/visedit_contribution_rankings_20260927/raw/mmke-entity/llava-v1.5-7b/layer_scores.csv
MMKE-entity,LLaVA-v1.5-7B,VisEdit-Contrib-Pre-alt,20,9.131553722928401e-06,23,6.886907517034131e-05,outputs/visedit_contribution_rankings_20260927/raw/mmke-entity/llava-v1.5-7b/layer_scores.csv
MMKE-entity,LLaVA-v1.5-7B,VisEdit-Contrib-Pre-alt,22,2.842771063895085e-06,24,6.677281428399687e-05,outputs/visedit_contribution_rankings_20260927/raw/mmke-entity/llava-v1.5-7b/layer_scores.csv
MMKE-entity,LLaVA-v1.5-7B,VisEdit-Contrib-Pre-alt,14,0.0,25,0.00022727708994146824,outputs/visedit_contribution_rankings_20260927/raw/mmke-entity/llava-v1.5-7b/layer_scores.csv
MMKE-entity,LLaVA-v1.5-7B,VisEdit-Contrib-Pre-alt,11,0.0,26,0.0015370425848487005,outputs/visedit_contribution_rankings_20260927/raw/mmke-entity/llava-v1.5-7b/layer_scores.csv
MMKE-entity,LLaVA-v1.5-7B,VisEdit-Contrib-Pre-alt,9,0.0,27,0.001447261171467847,outputs/visedit_contribution_rankings_20260927/raw/mmke-entity/llava-v1.5-7b/layer_scores.csv
MMKE-entity,LLaVA-v1.5-7B,VisEdit-Contrib-Pre-alt,5,0.0,28,0.0012094197324404193,outputs/visedit_contribution_rankings_20260927/raw/mmke-entity/llava-v1.5-7b/layer_scores.csv
MMKE-entity,LLaVA-v1.5-7B,VisEdit-Contrib-Pre-alt,23,0.0,29,4.131219760847045e-05,outputs/visedit_contribution_rankings_20260927/raw/mmke-entity/llava-v1.5-7b/layer_scores.csv
MMKE-entity,LLaVA-v1.5-7B,VisEdit-Contrib-Pre-alt,16,0.0,30,3.810298431880237e-05,outputs/visedit_contribution_rankings_20260927/raw/mmke-entity/llava-v1.5-7b/layer_scores.csv
MMKE-entity,LLaVA-v1.5-7B,VisEdit-Contrib-Pre-alt,17,0.0,31,0.00024993167721819196,outputs/visedit_contribution_rankings_20260927/raw/mmke-entity/llava-v1.5-7b/layer_scores.csv
MMKE-entity,LLaVA-v1.5-7B,VisEdit-Contrib-Pre-alt,19,0.0,32,0.0002529755284591681,outputs/visedit_contribution_rankings_20260927/raw/mmke-entity/llava-v1.5-7b/layer_scores.csv
MMKE-entity,Qwen2.5-VL-3B,VisEdit-Contrib-Pre-alt,31,0.07871496854365975,1,0.029829067683628478,outputs/visedit_contribution_rankings_20260927/raw/mmke-entity/qwen2.5-vl-3b/layer_scores.csv
MMKE-entity,Qwen2.5-VL-3B,VisEdit-Contrib-Pre-alt,33,0.053777318864260626,2,0.022361004435020954,outputs/visedit_contribution_rankings_20260927/raw/mmke-entity/qwen2.5-vl-3b/layer_scores.csv
MMKE-entity,Qwen2.5-VL-3B,VisEdit-Contrib-Pre-alt,32,0.0071198810063884095,3,0.046537389471436263,outputs/visedit_contribution_rankings_20260927/raw/mmke-entity/qwen2.5-vl-3b/layer_scores.csv
MMKE-entity,Qwen2.5-VL-3B,VisEdit-Contrib-Pre-alt,34,0.006185813434413819,4,0.02037136818746932,outputs/visedit_contribution_rankings_20260927/raw/mmke-entity/qwen2.5-vl-3b/layer_scores.csv
MMKE-entity,Qwen2.5-VL-3B,VisEdit-Contrib-Pre-alt,30,0.003652353500837274,5,0.027511882827441228,outputs/visedit_contribution_rankings_20260927/raw/mmke-entity/qwen2.5-vl-3b/layer_scores.csv
MMKE-entity,Qwen2.5-VL-3B,VisEdit-Contrib-Pre-alt,28,0.0031526227179343217,6,0.0012746057090416774,outputs/visedit_contribution_rankings_20260927/raw/mmke-entity/qwen2.5-vl-3b/layer_scores.csv
MMKE-entity,Qwen2.5-VL-3B,VisEdit-Contrib-Pre-alt,22,0.0014394129619313845,7,0.0005546231658668262,outputs/visedit_contribution_rankings_20260927/raw/mmke-entity/qwen2.5-vl-3b/layer_scores.csv
MMKE-entity,Qwen2.5-VL-3B,VisEdit-Contrib-Pre-alt,6,0.0012712008997128785,8,0.0005618173112362636,outputs/visedit_contribution_rankings_20260927/raw/mmke-entity/qwen2.5-vl-3b/layer_scores.csv
MMKE-entity,Qwen2.5-VL-3B,VisEdit-Contrib-Pre-alt,35,0.0011509722637335087,9,0.003668392849073664,outputs/visedit_contribution_rankings_20260927/raw/mmke-entity/qwen2.5-vl-3b/layer_scores.csv
MMKE-entity,Qwen2.5-VL-3B,VisEdit-Contrib-Pre-alt,10,0.0008121397481107943,10,0.0005204821182926667,outputs/visedit_contribution_rankings_20260927/raw/mmke-entity/qwen2.5-vl-3b/layer_scores.csv
MMKE-entity,Qwen2.5-VL-3B,VisEdit-Contrib-Pre-alt,12,0.0007851882748913042,11,0.00042442610308192076,outputs/visedit_contribution_rankings_20260927/raw/mmke-entity/qwen2.5-vl-3b/layer_scores.csv
MMKE-entity,Qwen2.5-VL-3B,VisEdit-Contrib-Pre-alt,3,0.0007597374118284322,12,0.00037331283951795943,outputs/visedit_contribution_rankings_20260927/raw/mmke-entity/qwen2.5-vl-3b/layer_scores.csv
MMKE-entity,Qwen2.5-VL-3B,VisEdit-Contrib-Pre-alt,1,0.000618815201883435,13,0.0002830377316147392,outputs/visedit_contribution_rankings_20260927/raw/mmke-entity/qwen2.5-vl-3b/layer_scores.csv
MMKE-entity,Qwen2.5-VL-3B,VisEdit-Contrib-Pre-alt,9,0.0005616611862515348,14,0.0005388061532835288,outputs/visedit_contribution_rankings_20260927/raw/mmke-entity/qwen2.5-vl-3b/layer_scores.csv
MMKE-entity,Qwen2.5-VL-3B,VisEdit-Contrib-Pre-alt,27,0.0005028679713640469,15,0.001296600396531164,outputs/visedit_contribution_rankings_20260927/raw/mmke-entity/qwen2.5-vl-3b/layer_scores.csv
MMKE-entity,Qwen2.5-VL-3B,VisEdit-Contrib-Pre-alt,17,0.0004760690519901977,16,0.00042820460319111577,outputs/visedit_contribution_rankings_20260927/raw/mmke-entity/qwen2.5-vl-3b/layer_scores.csv
MMKE-entity,Qwen2.5-VL-3B,VisEdit-Contrib-Pre-alt,16,0.0004240435848058801,17,0.00032885421773945375,outputs/visedit_contribution_rankings_20260927/raw/mmke-entity/qwen2.5-vl-3b/layer_scores.csv
MMKE-entity,Qwen2.5-VL-3B,VisEdit-Contrib-Pre-alt,18,0.0003845011727772696,18,0.00040858757801755463,outputs/visedit_contribution_rankings_20260927/raw/mmke-entity/qwen2.5-vl-3b/layer_scores.csv
MMKE-entity,Qwen2.5-VL-3B,VisEdit-Contrib-Pre-alt,19,0.0003651925092851967,19,0.00035783988510475884,outputs/visedit_contribution_rankings_20260927/raw/mmke-entity/qwen2.5-vl-3b/layer_scores.csv
MMKE-entity,Qwen2.5-VL-3B,VisEdit-Contrib-Pre-alt,14,0.00033690549604782996,20,0.00024126670876963347,outputs/visedit_contribution_rankings_20260927/raw/mmke-entity/qwen2.5-vl-3b/layer_scores.csv
MMKE-entity,Qwen2.5-VL-3B,VisEdit-Contrib-Pre-alt,20,0.00032382597325181044,21,0.00027717735972959196,outputs/visedit_contribution_rankings_20260927/raw/mmke-entity/qwen2.5-vl-3b/layer_scores.csv
MMKE-entity,Qwen2.5-VL-3B,VisEdit-Contrib-Pre-alt,13,0.00030044461383878695,22,0.0004741794615926404,outputs/visedit_contribution_rankings_20260927/raw/mmke-entity/qwen2.5-vl-3b/layer_scores.csv
MMKE-entity,Qwen2.5-VL-3B,VisEdit-Contrib-Pre-alt,5,0.00029829882504531387,23,0.000568522536032051,outputs/visedit_contribution_rankings_20260927/raw/mmke-entity/qwen2.5-vl-3b/layer_scores.csv
MMKE-entity,Qwen2.5-VL-3B,VisEdit-Contrib-Pre-alt,8,0.00024261752548825766,24,0.0003067436402301302,outputs/visedit_contribution_rankings_20260927/raw/mmke-entity/qwen2.5-vl-3b/layer_scores.csv
MMKE-entity,Qwen2.5-VL-3B,VisEdit-Contrib-Pre-alt,26,0.00023431050029512369,25,0.00027619198039966733,outputs/visedit_contribution_rankings_20260927/raw/mmke-entity/qwen2.5-vl-3b/layer_scores.csv
MMKE-entity,Qwen2.5-VL-3B,VisEdit-Contrib-Pre-alt,2,0.00022413322338748527,26,0.0005342286123664508,outputs/visedit_contribution_rankings_20260927/raw/mmke-entity/qwen2.5-vl-3b/layer_scores.csv
MMKE-entity,Qwen2.5-VL-3B,VisEdit-Contrib-Pre-alt,11,0.00018764542051567129,27,0.0005949911478392566,outputs/visedit_contribution_rankings_20260927/raw/mmke-entity/qwen2.5-vl-3b/layer_scores.csv
MMKE-entity,Qwen2.5-VL-3B,VisEdit-Contrib-Pre-alt,24,0.00017619389737481405,28,0.0001165114353106569,outputs/visedit_contribution_rankings_20260927/raw/mmke-entity/qwen2.5-vl-3b/layer_scores.csv
MMKE-entity,Qwen2.5-VL-3B,VisEdit-Contrib-Pre-alt,29,0.0001683264378266642,29,0.0023244342188660865,outputs/visedit_contribution_rankings_20260927/raw/mmke-entity/qwen2.5-vl-3b/layer_scores.csv
MMKE-entity,Qwen2.5-VL-3B,VisEdit-Contrib-Pre-alt,21,0.00014251359665176883,30,0.000635250843944988,outputs/visedit_contribution_rankings_20260927/raw/mmke-entity/qwen2.5-vl-3b/layer_scores.csv
MMKE-entity,Qwen2.5-VL-3B,VisEdit-Contrib-Pre-alt,4,0.0001360678833379608,31,0.00039803470673723565,outputs/visedit_contribution_rankings_20260927/raw/mmke-entity/qwen2.5-vl-3b/layer_scores.csv
MMKE-entity,Qwen2.5-VL-3B,VisEdit-Contrib-Pre-alt,7,0.00011595220895059819,32,0.0005432568780505781,outputs/visedit_contribution_rankings_20260927/raw/mmke-entity/qwen2.5-vl-3b/layer_scores.csv
MMKE-entity,Qwen2.5-VL-3B,VisEdit-Contrib-Pre-alt,25,9.139746953983138e-05,33,0.0001673006224032564,outputs/visedit_contribution_rankings_20260927/raw/mmke-entity/qwen2.5-vl-3b/layer_scores.csv
MMKE-entity,Qwen2.5-VL-3B,VisEdit-Contrib-Pre-alt,15,8.645001642228348e-05,34,0.0002824663657586645,outputs/visedit_contribution_rankings_20260927/raw/mmke-entity/qwen2.5-vl-3b/layer_scores.csv
MMKE-entity,Qwen2.5-VL-3B,VisEdit-Contrib-Pre-alt,23,8.194293901732529e-05,35,0.0005658499327745079,outputs/visedit_contribution_rankings_20260927/raw/mmke-entity/qwen2.5-vl-3b/layer_scores.csv
MMKE-entity,Qwen2.5-VL-3B,VisEdit-Contrib-Pre-alt,0,6.164769573297505e-06,36,0.0003124899857283662,outputs/visedit_contribution_rankings_20260927/raw/mmke-entity/qwen2.5-vl-3b/layer_scores.csv
MMKE-entity,PaliGemma-3B,VisEdit-Contrib-Pre-alt,14,0.0736644616864736,1,0.025055809216516057,outputs/visedit_contribution_rankings_20260927/raw/mmke-entity/paligemma-3b/layer_scores.csv
MMKE-entity,PaliGemma-3B,VisEdit-Contrib-Pre-alt,15,0.0014996866989796936,2,0.025071958880520953,outputs/visedit_contribution_rankings_20260927/raw/mmke-entity/paligemma-3b/layer_scores.csv
MMKE-entity,PaliGemma-3B,VisEdit-Contrib-Pre-alt,12,0.0010731176624701098,3,0.00035879897552166384,outputs/visedit_contribution_rankings_20260927/raw/mmke-entity/paligemma-3b/layer_scores.csv
MMKE-entity,PaliGemma-3B,VisEdit-Contrib-Pre-alt,16,5.172825610956817e-05,4,0.0005188394442799147,outputs/visedit_contribution_rankings_20260927/raw/mmke-entity/paligemma-3b/layer_scores.csv
MMKE-entity,PaliGemma-3B,VisEdit-Contrib-Pre-alt,17,5.103377750482394e-06,5,2.841581693002528e-05,outputs/visedit_contribution_rankings_20260927/raw/mmke-entity/paligemma-3b/layer_scores.csv
MMKE-entity,PaliGemma-3B,VisEdit-Contrib-Pre-alt,13,3.2792640948816915e-06,6,0.024913619537679527,outputs/visedit_contribution_rankings_20260927/raw/mmke-entity/paligemma-3b/layer_scores.csv
MMKE-entity,PaliGemma-3B,VisEdit-Contrib-Pre-alt,0,0.0,7,0.0,outputs/visedit_contribution_rankings_20260927/raw/mmke-entity/paligemma-3b/layer_scores.csv
MMKE-entity,PaliGemma-3B,VisEdit-Contrib-Pre-alt,1,0.0,8,0.0,outputs/visedit_contribution_rankings_20260927/raw/mmke-entity/paligemma-3b/layer_scores.csv
MMKE-entity,PaliGemma-3B,VisEdit-Contrib-Pre-alt,7,0.0,9,0.0,outputs/visedit_contribution_rankings_20260927/raw/mmke-entity/paligemma-3b/layer_scores.csv
MMKE-entity,PaliGemma-3B,VisEdit-Contrib-Pre-alt,6,0.0,10,0.0,outputs/visedit_contribution_rankings_20260927/raw/mmke-entity/paligemma-3b/layer_scores.csv
MMKE-entity,PaliGemma-3B,VisEdit-Contrib-Pre-alt,5,0.0,11,0.0,outputs/visedit_contribution_rankings_20260927/raw/mmke-entity/paligemma-3b/layer_scores.csv
MMKE-entity,PaliGemma-3B,VisEdit-Contrib-Pre-alt,4,0.0,12,0.0,outputs/visedit_contribution_rankings_20260927/raw/mmke-entity/paligemma-3b/layer_scores.csv
MMKE-entity,PaliGemma-3B,VisEdit-Contrib-Pre-alt,11,0.0,13,0.0003577058874900366,outputs/visedit_contribution_rankings_20260927/raw/mmke-entity/paligemma-3b/layer_scores.csv
MMKE-entity,PaliGemma-3B,VisEdit-Contrib-Pre-alt,10,0.0,14,0.0,outputs/visedit_contribution_rankings_20260927/raw/mmke-entity/paligemma-3b/layer_scores.csv
MMKE-entity,PaliGemma-3B,VisEdit-Contrib-Pre-alt,2,0.0,15,0.0,outputs/visedit_contribution_rankings_20260927/raw/mmke-entity/paligemma-3b/layer_scores.csv
MMKE-entity,PaliGemma-3B,VisEdit-Contrib-Pre-alt,3,0.0,16,0.0,outputs/visedit_contribution_rankings_20260927/raw/mmke-entity/paligemma-3b/layer_scores.csv
MMKE-entity,PaliGemma-3B,VisEdit-Contrib-Pre-alt,8,0.0,17,0.0,outputs/visedit_contribution_rankings_20260927/raw/mmke-entity/paligemma-3b/layer_scores.csv
MMKE-entity,PaliGemma-3B,VisEdit-Contrib-Pre-alt,9,0.0,18,0.0,outputs/visedit_contribution_rankings_20260927/raw/mmke-entity/paligemma-3b/layer_scores.csv
MMKE-entity,SmolVLM-Instruct-1.7B,VisEdit-Contrib-Pre-alt,20,0.1976939453352435,1,0.11310055800324487,outputs/visedit_contribution_rankings_20260927/raw/mmke-entity/smolvlm-1.7b/layer_scores.csv
MMKE-entity,SmolVLM-Instruct-1.7B,VisEdit-Contrib-Pre-alt,21,0.07982743611478572,2,0.10582385572066892,outputs/visedit_contribution_rankings_20260927/raw/mmke-entity/smolvlm-1.7b/layer_scores.csv
MMKE-entity,SmolVLM-Instruct-1.7B,VisEdit-Contrib-Pre-alt,19,0.061780292559705366,3,0.08787578833746724,outputs/visedit_contribution_rankings_20260927/raw/mmke-entity/smolvlm-1.7b/layer_scores.csv
MMKE-entity,SmolVLM-Instruct-1.7B,VisEdit-Contrib-Pre-alt,22,0.03995018571197753,4,0.04141485395639398,outputs/visedit_contribution_rankings_20260927/raw/mmke-entity/smolvlm-1.7b/layer_scores.csv
MMKE-entity,SmolVLM-Instruct-1.7B,VisEdit-Contrib-Pre-alt,23,0.004466940042418676,5,0.022208562877198103,outputs/visedit_contribution_rankings_20260927/raw/mmke-entity/smolvlm-1.7b/layer_scores.csv
MMKE-entity,SmolVLM-Instruct-1.7B,VisEdit-Contrib-Pre-alt,18,0.004153127117452859,6,0.02254415182969236,outputs/visedit_contribution_rankings_20260927/raw/mmke-entity/smolvlm-1.7b/layer_scores.csv
MMKE-entity,SmolVLM-Instruct-1.7B,VisEdit-Contrib-Pre-alt,14,0.0018609388913668717,7,0.0010613795796616805,outputs/visedit_contribution_rankings_20260927/raw/mmke-entity/smolvlm-1.7b/layer_scores.csv
MMKE-entity,SmolVLM-Instruct-1.7B,VisEdit-Contrib-Pre-alt,17,0.0016990358119188564,8,0.0021696140503758136,outputs/visedit_contribution_rankings_20260927/raw/mmke-entity/smolvlm-1.7b/layer_scores.csv
MMKE-entity,SmolVLM-Instruct-1.7B,VisEdit-Contrib-Pre-alt,8,0.0011395372095552698,9,0.0005087127971469662,outputs/visedit_contribution_rankings_20260927/raw/mmke-entity/smolvlm-1.7b/layer_scores.csv
MMKE-entity,SmolVLM-Instruct-1.7B,VisEdit-Contrib-Pre-alt,4,0.001125041124686354,10,0.0005819029553051489,outputs/visedit_contribution_rankings_20260927/raw/mmke-entity/smolvlm-1.7b/layer_scores.csv
MMKE-entity,SmolVLM-Instruct-1.7B,VisEdit-Contrib-Pre-alt,2,0.0008635128389984988,11,0.0006449308115257061,outputs/visedit_contribution_rankings_20260927/raw/mmke-entity/smolvlm-1.7b/layer_scores.csv
MMKE-entity,SmolVLM-Instruct-1.7B,VisEdit-Contrib-Pre-alt,1,0.0008244983820024388,12,0.0006657109869924873,outputs/visedit_contribution_rankings_20260927/raw/mmke-entity/smolvlm-1.7b/layer_scores.csv
MMKE-entity,SmolVLM-Instruct-1.7B,VisEdit-Contrib-Pre-alt,15,0.0007963865211410861,13,0.0011046682114212278,outputs/visedit_contribution_rankings_20260927/raw/mmke-entity/smolvlm-1.7b/layer_scores.csv
MMKE-entity,SmolVLM-Instruct-1.7B,VisEdit-Contrib-Pre-alt,11,0.0007010777913584507,14,0.0005618394165477185,outputs/visedit_contribution_rankings_20260927/raw/mmke-entity/smolvlm-1.7b/layer_scores.csv
MMKE-entity,SmolVLM-Instruct-1.7B,VisEdit-Contrib-Pre-alt,10,0.0006631779337393479,15,0.0005388417323307228,outputs/visedit_contribution_rankings_20260927/raw/mmke-entity/smolvlm-1.7b/layer_scores.csv
MMKE-entity,SmolVLM-Instruct-1.7B,VisEdit-Contrib-Pre-alt,16,0.0006566792217557257,16,0.0010507005182718895,outputs/visedit_contribution_rankings_20260927/raw/mmke-entity/smolvlm-1.7b/layer_scores.csv
MMKE-entity,SmolVLM-Instruct-1.7B,VisEdit-Contrib-Pre-alt,13,0.0005268133264770835,17,0.0009030049141297708,outputs/visedit_contribution_rankings_20260927/raw/mmke-entity/smolvlm-1.7b/layer_scores.csv
MMKE-entity,SmolVLM-Instruct-1.7B,VisEdit-Contrib-Pre-alt,5,0.0003738865276529125,18,0.0006123783662679028,outputs/visedit_contribution_rankings_20260927/raw/mmke-entity/smolvlm-1.7b/layer_scores.csv
MMKE-entity,SmolVLM-Instruct-1.7B,VisEdit-Contrib-Pre-alt,6,0.00033820744646444206,19,0.00028214189470287117,outputs/visedit_contribution_rankings_20260927/raw/mmke-entity/smolvlm-1.7b/layer_scores.csv
MMKE-entity,SmolVLM-Instruct-1.7B,VisEdit-Contrib-Pre-alt,12,0.00032126252454535697,20,0.0005163845474602971,outputs/visedit_contribution_rankings_20260927/raw/mmke-entity/smolvlm-1.7b/layer_scores.csv
MMKE-entity,SmolVLM-Instruct-1.7B,VisEdit-Contrib-Pre-alt,0,0.00030912173997652475,21,0.0005668100609894818,outputs/visedit_contribution_rankings_20260927/raw/mmke-entity/smolvlm-1.7b/layer_scores.csv
MMKE-entity,SmolVLM-Instruct-1.7B,VisEdit-Contrib-Pre-alt,9,0.00025226947189436967,22,0.0006849948717296625,outputs/visedit_contribution_rankings_20260927/raw/mmke-entity/smolvlm-1.7b/layer_scores.csv
MMKE-entity,SmolVLM-Instruct-1.7B,VisEdit-Contrib-Pre-alt,3,0.0002467812135761803,23,0.0007451117257536777,outputs/visedit_contribution_rankings_20260927/raw/mmke-entity/smolvlm-1.7b/layer_scores.csv
MMKE-entity,SmolVLM-Instruct-1.7B,VisEdit-Contrib-Pre-alt,7,0.00013433170999125897,24,0.0005373587886703235,outputs/visedit_contribution_rankings_20260927/raw/mmke-entity/smolvlm-1.7b/layer_scores.csv
