figure,dataset,model,target,module,layer,contribution,global_rank,role,evaluated,Rel,T-Gen,M-Gen,T-Loc,M-Loc,Average
fig01_minigpt4_evqa_alt,evqa-pilot500,minigpt-4-vicuna-7b,alt,attn,0,0.0033426168709234766,9,other,True,41.06,36.9,38.31,100.0,72.88,57.83
fig01_minigpt4_evqa_alt,evqa-pilot500,minigpt-4-vicuna-7b,alt,attn,1,0.0020403880259033196,14,other,True,61.309999999999995,58.269999999999996,59.27,100.0,76.67,71.10400000000001
fig01_minigpt4_evqa_alt,evqa-pilot500,minigpt-4-vicuna-7b,alt,attn,2,0.0059517105835554356,4,other,True,49.220000000000006,45.300000000000004,46.129999999999995,100.0,76.83,63.496
fig01_minigpt4_evqa_alt,evqa-pilot500,minigpt-4-vicuna-7b,alt,attn,3,0.0006362031561557372,21,other,False,,,,,,
fig01_minigpt4_evqa_alt,evqa-pilot500,minigpt-4-vicuna-7b,alt,attn,4,0.00314033190146199,10,other,False,,,,,,
fig01_minigpt4_evqa_alt,evqa-pilot500,minigpt-4-vicuna-7b,alt,attn,5,0.0029894998514636874,11,other,False,,,,,,
fig01_minigpt4_evqa_alt,evqa-pilot500,minigpt-4-vicuna-7b,alt,attn,6,0.0007054501545503225,19,other,False,,,,,,
fig01_minigpt4_evqa_alt,evqa-pilot500,minigpt-4-vicuna-7b,alt,attn,7,0.0,28,other,True,51.980000000000004,49.54,49.79,100.0,84.00999999999999,67.064
fig01_minigpt4_evqa_alt,evqa-pilot500,minigpt-4-vicuna-7b,alt,attn,8,0.0,29,other,True,55.69,53.42,53.669999999999995,100.0,82.39,69.03399999999999
fig01_minigpt4_evqa_alt,evqa-pilot500,minigpt-4-vicuna-7b,alt,attn,9,0.000880032660048082,18,other,True,40.32,38.080000000000005,38.41,100.0,81.62,59.686
fig01_minigpt4_evqa_alt,evqa-pilot500,minigpt-4-vicuna-7b,alt,attn,10,0.0017732937298225858,15,other,True,68.30000000000001,65.63,65.89,100.0,85.53,77.07000000000001
fig01_minigpt4_evqa_alt,evqa-pilot500,minigpt-4-vicuna-7b,alt,attn,11,0.0,30,other,False,,,,,,
fig01_minigpt4_evqa_alt,evqa-pilot500,minigpt-4-vicuna-7b,alt,attn,12,0.0006051452596311866,22,other,False,,,,,,
fig01_minigpt4_evqa_alt,evqa-pilot500,minigpt-4-vicuna-7b,alt,attn,13,0.002287914810778713,13,other,False,,,,,,
fig01_minigpt4_evqa_alt,evqa-pilot500,minigpt-4-vicuna-7b,alt,attn,14,0.0009644290048426312,17,other,True,46.89,43.63,44.99,100.0,81.65,63.432
fig01_minigpt4_evqa_alt,evqa-pilot500,minigpt-4-vicuna-7b,alt,attn,15,0.0006006543409316371,23,lower_contribution_reference,True,49.54,46.31,46.96,100.0,77.53999999999999,64.07000000000001
fig01_minigpt4_evqa_alt,evqa-pilot500,minigpt-4-vicuna-7b,alt,attn,16,0.004354168347925656,7,other,True,49.34,46.11,46.47,100.0,82.77,64.938
fig01_minigpt4_evqa_alt,evqa-pilot500,minigpt-4-vicuna-7b,alt,attn,17,0.000489568419571129,26,other,True,47.77,46.1,45.82,100.0,79.85,63.907999999999994
fig01_minigpt4_evqa_alt,evqa-pilot500,minigpt-4-vicuna-7b,alt,attn,18,0.0,31,other,True,40.160000000000004,37.37,38.18,100.0,82.09,59.56
fig01_minigpt4_evqa_alt,evqa-pilot500,minigpt-4-vicuna-7b,alt,attn,19,0.002469177467977991,12,other,True,38.47,36.52,37.19,100.0,79.71000000000001,58.378
fig01_minigpt4_evqa_alt,evqa-pilot500,minigpt-4-vicuna-7b,alt,attn,20,0.0012642654409258445,16,other,False,,,,,,
fig01_minigpt4_evqa_alt,evqa-pilot500,minigpt-4-vicuna-7b,alt,attn,21,0.0005209039519124621,25,other,False,,,,,,
fig01_minigpt4_evqa_alt,evqa-pilot500,minigpt-4-vicuna-7b,alt,attn,22,0.00583558751817271,5,other,True,40.11,37.7,37.85,100.0,77.11,58.553999999999995
fig01_minigpt4_evqa_alt,evqa-pilot500,minigpt-4-vicuna-7b,alt,attn,23,0.0006967929261615788,20,other,False,,,,,,
fig01_minigpt4_evqa_alt,evqa-pilot500,minigpt-4-vicuna-7b,alt,attn,24,9.80360142684448e-05,27,other,True,39.76,33.96,37.35,100.0,77.44,57.702
fig01_minigpt4_evqa_alt,evqa-pilot500,minigpt-4-vicuna-7b,alt,attn,25,0.01160039352345553,3,other,True,40.089999999999996,37.730000000000004,37.59,100.0,76.92,58.465999999999994
fig01_minigpt4_evqa_alt,evqa-pilot500,minigpt-4-vicuna-7b,alt,attn,26,0.0005539205103926902,24,other,True,39.33,34.25,36.79,100.0,75.97,57.26800000000001
fig01_minigpt4_evqa_alt,evqa-pilot500,minigpt-4-vicuna-7b,alt,attn,27,0.0,32,other,False,,,,,,
fig01_minigpt4_evqa_alt,evqa-pilot500,minigpt-4-vicuna-7b,alt,attn,28,0.1331362109378319,2,other,True,39.42,36.54,37.36,100.0,78.49000000000001,58.362
fig01_minigpt4_evqa_alt,evqa-pilot500,minigpt-4-vicuna-7b,alt,attn,29,0.0055764055272258225,6,other,True,39.519999999999996,37.330000000000005,37.85,100.0,77.92999999999999,58.525999999999996
fig01_minigpt4_evqa_alt,evqa-pilot500,minigpt-4-vicuna-7b,alt,attn,30,0.004189498310287395,8,other,True,41.56,38.68,39.48,100.0,69.49,57.842
fig01_minigpt4_evqa_alt,evqa-pilot500,minigpt-4-vicuna-7b,alt,attn,31,0.14222987617924573,1,higher_contribution_case,True,23.880000000000003,24.05,25.44,100.0,100.0,54.674
fig01_minigpt4_evqa_alt,evqa-pilot500,minigpt-4-vicuna-7b,alt,mlp,0,0.0,31,other,True,41.06,36.9,38.31,100.0,72.88,57.83
fig01_minigpt4_evqa_alt,evqa-pilot500,minigpt-4-vicuna-7b,alt,mlp,1,0.0005619972147347436,21,other,True,61.309999999999995,58.269999999999996,59.27,100.0,76.67,71.10400000000001
fig01_minigpt4_evqa_alt,evqa-pilot500,minigpt-4-vicuna-7b,alt,mlp,2,0.0008480752993507164,17,other,True,49.220000000000006,45.300000000000004,46.129999999999995,100.0,76.83,63.496
fig01_minigpt4_evqa_alt,evqa-pilot500,minigpt-4-vicuna-7b,alt,mlp,3,0.00014094217455146152,26,other,False,,,,,,
fig01_minigpt4_evqa_alt,evqa-pilot500,minigpt-4-vicuna-7b,alt,mlp,4,0.0015656267656599758,12,other,False,,,,,,
fig01_minigpt4_evqa_alt,evqa-pilot500,minigpt-4-vicuna-7b,alt,mlp,5,0.0009251391795472548,15,other,False,,,,,,
fig01_minigpt4_evqa_alt,evqa-pilot500,minigpt-4-vicuna-7b,alt,mlp,6,0.00013205203482114062,27,other,False,,,,,,
fig01_minigpt4_evqa_alt,evqa-pilot500,minigpt-4-vicuna-7b,alt,mlp,7,0.00048673606377257206,22,other,True,51.980000000000004,49.54,49.79,100.0,84.00999999999999,67.064
fig01_minigpt4_evqa_alt,evqa-pilot500,minigpt-4-vicuna-7b,alt,mlp,8,0.0,29,other,True,55.69,53.42,53.669999999999995,100.0,82.39,69.03399999999999
fig01_minigpt4_evqa_alt,evqa-pilot500,minigpt-4-vicuna-7b,alt,mlp,9,0.00036195609662137873,24,other,True,40.32,38.080000000000005,38.41,100.0,81.62,59.686
fig01_minigpt4_evqa_alt,evqa-pilot500,minigpt-4-vicuna-7b,alt,mlp,10,0.0017278760648910178,11,other,True,68.30000000000001,65.63,65.89,100.0,85.53,77.07000000000001
fig01_minigpt4_evqa_alt,evqa-pilot500,minigpt-4-vicuna-7b,alt,mlp,11,0.0,30,other,False,,,,,,
fig01_minigpt4_evqa_alt,evqa-pilot500,minigpt-4-vicuna-7b,alt,mlp,12,0.007970190678082353,4,other,False,,,,,,
fig01_minigpt4_evqa_alt,evqa-pilot500,minigpt-4-vicuna-7b,alt,mlp,13,0.0008545630021280826,16,other,False,,,,,,
fig01_minigpt4_evqa_alt,evqa-pilot500,minigpt-4-vicuna-7b,alt,mlp,14,0.0006300879872755864,20,other,True,46.89,43.63,44.99,100.0,81.65,63.432
fig01_minigpt4_evqa_alt,evqa-pilot500,minigpt-4-vicuna-7b,alt,mlp,15,0.001957600657495101,8,lower_contribution_reference,True,49.54,46.31,46.96,100.0,77.53999999999999,64.07000000000001
fig01_minigpt4_evqa_alt,evqa-pilot500,minigpt-4-vicuna-7b,alt,mlp,16,0.0006555096215084828,18,other,True,49.34,46.11,46.47,100.0,82.77,64.938
fig01_minigpt4_evqa_alt,evqa-pilot500,minigpt-4-vicuna-7b,alt,mlp,17,4.3716342453760796e-05,28,other,True,47.77,46.1,45.82,100.0,79.85,63.907999999999994
fig01_minigpt4_evqa_alt,evqa-pilot500,minigpt-4-vicuna-7b,alt,mlp,18,0.0006534458279487201,19,other,True,40.160000000000004,37.37,38.18,100.0,82.09,59.56
fig01_minigpt4_evqa_alt,evqa-pilot500,minigpt-4-vicuna-7b,alt,mlp,19,0.0,32,other,True,38.47,36.52,37.19,100.0,79.71000000000001,58.378
fig01_minigpt4_evqa_alt,evqa-pilot500,minigpt-4-vicuna-7b,alt,mlp,20,0.0022014997851178106,7,other,False,,,,,,
fig01_minigpt4_evqa_alt,evqa-pilot500,minigpt-4-vicuna-7b,alt,mlp,21,0.0014409739342315271,14,other,False,,,,,,
fig01_minigpt4_evqa_alt,evqa-pilot500,minigpt-4-vicuna-7b,alt,mlp,22,0.0004064334357358211,23,other,True,40.11,37.7,37.85,100.0,77.11,58.553999999999995
fig01_minigpt4_evqa_alt,evqa-pilot500,minigpt-4-vicuna-7b,alt,mlp,23,0.0015392768923291726,13,other,False,,,,,,
fig01_minigpt4_evqa_alt,evqa-pilot500,minigpt-4-vicuna-7b,alt,mlp,24,0.0019500172673878366,9,other,True,39.76,33.96,37.35,100.0,77.44,57.702
fig01_minigpt4_evqa_alt,evqa-pilot500,minigpt-4-vicuna-7b,alt,mlp,25,0.00018371192467290894,25,other,True,40.089999999999996,37.730000000000004,37.59,100.0,76.92,58.465999999999994
fig01_minigpt4_evqa_alt,evqa-pilot500,minigpt-4-vicuna-7b,alt,mlp,26,0.0069744283712236885,5,other,True,39.33,34.25,36.79,100.0,75.97,57.26800000000001
fig01_minigpt4_evqa_alt,evqa-pilot500,minigpt-4-vicuna-7b,alt,mlp,27,0.01735931713218501,3,other,False,,,,,,
fig01_minigpt4_evqa_alt,evqa-pilot500,minigpt-4-vicuna-7b,alt,mlp,28,0.06414571220723984,2,other,True,39.42,36.54,37.36,100.0,78.49000000000001,58.362
fig01_minigpt4_evqa_alt,evqa-pilot500,minigpt-4-vicuna-7b,alt,mlp,29,0.0017817881358872573,10,other,True,39.519999999999996,37.330000000000005,37.85,100.0,77.92999999999999,58.525999999999996
fig01_minigpt4_evqa_alt,evqa-pilot500,minigpt-4-vicuna-7b,alt,mlp,30,0.08111695796941767,1,higher_contribution_case,True,41.56,38.68,39.48,100.0,69.49,57.842
fig01_minigpt4_evqa_alt,evqa-pilot500,minigpt-4-vicuna-7b,alt,mlp,31,0.006715031809141307,6,other,True,23.880000000000003,24.05,25.44,100.0,100.0,54.674
fig01_minigpt4_evqa_alt,evqa-pilot500,minigpt-4-vicuna-7b,alt,attn+mlp,0,0.0033426168709234766,16,other,True,41.06,36.9,38.31,100.0,72.88,57.83
fig01_minigpt4_evqa_alt,evqa-pilot500,minigpt-4-vicuna-7b,alt,attn+mlp,1,0.0026023852406380633,18,other,True,61.309999999999995,58.269999999999996,59.27,100.0,76.67,71.10400000000001
fig01_minigpt4_evqa_alt,evqa-pilot500,minigpt-4-vicuna-7b,alt,attn+mlp,2,0.006799785882906152,9,other,True,49.220000000000006,45.300000000000004,46.129999999999995,100.0,76.83,63.496
fig01_minigpt4_evqa_alt,evqa-pilot500,minigpt-4-vicuna-7b,alt,attn+mlp,3,0.0007771453307071987,27,other,False,,,,,,
fig01_minigpt4_evqa_alt,evqa-pilot500,minigpt-4-vicuna-7b,alt,attn+mlp,4,0.004705958667121966,12,other,False,,,,,,
fig01_minigpt4_evqa_alt,evqa-pilot500,minigpt-4-vicuna-7b,alt,attn+mlp,5,0.003914639031010942,13,other,False,,,,,,
fig01_minigpt4_evqa_alt,evqa-pilot500,minigpt-4-vicuna-7b,alt,attn+mlp,6,0.0008375021893714631,26,other,False,,,,,,
fig01_minigpt4_evqa_alt,evqa-pilot500,minigpt-4-vicuna-7b,alt,attn+mlp,7,0.00048673606377257206,30,other,True,51.980000000000004,49.54,49.79,100.0,84.00999999999999,67.064
fig01_minigpt4_evqa_alt,evqa-pilot500,minigpt-4-vicuna-7b,alt,attn+mlp,8,0.0,31,other,True,55.69,53.42,53.669999999999995,100.0,82.39,69.03399999999999
fig01_minigpt4_evqa_alt,evqa-pilot500,minigpt-4-vicuna-7b,alt,attn+mlp,9,0.0012419887566694609,25,other,True,40.32,38.080000000000005,38.41,100.0,81.62,59.686
fig01_minigpt4_evqa_alt,evqa-pilot500,minigpt-4-vicuna-7b,alt,attn+mlp,10,0.0035011697947136037,14,other,True,68.30000000000001,65.63,65.89,100.0,85.53,77.07000000000001
fig01_minigpt4_evqa_alt,evqa-pilot500,minigpt-4-vicuna-7b,alt,attn+mlp,11,0.0,32,other,False,,,,,,
fig01_minigpt4_evqa_alt,evqa-pilot500,minigpt-4-vicuna-7b,alt,attn+mlp,12,0.008575335937713539,6,other,False,,,,,,
fig01_minigpt4_evqa_alt,evqa-pilot500,minigpt-4-vicuna-7b,alt,attn+mlp,13,0.0031424778129067956,17,other,False,,,,,,
fig01_minigpt4_evqa_alt,evqa-pilot500,minigpt-4-vicuna-7b,alt,attn+mlp,14,0.0015945169921182177,24,other,True,46.89,43.63,44.99,100.0,81.65,63.432
fig01_minigpt4_evqa_alt,evqa-pilot500,minigpt-4-vicuna-7b,alt,attn+mlp,15,0.0025582549984267382,19,lower_contribution_reference,True,49.54,46.31,46.96,100.0,77.53999999999999,64.07000000000001
fig01_minigpt4_evqa_alt,evqa-pilot500,minigpt-4-vicuna-7b,alt,attn+mlp,16,0.005009677969434139,11,other,True,49.34,46.11,46.47,100.0,82.77,64.938
fig01_minigpt4_evqa_alt,evqa-pilot500,minigpt-4-vicuna-7b,alt,attn+mlp,17,0.0005332847620248899,29,other,True,47.77,46.1,45.82,100.0,79.85,63.907999999999994
fig01_minigpt4_evqa_alt,evqa-pilot500,minigpt-4-vicuna-7b,alt,attn+mlp,18,0.0006534458279487201,28,other,True,40.160000000000004,37.37,38.18,100.0,82.09,59.56
fig01_minigpt4_evqa_alt,evqa-pilot500,minigpt-4-vicuna-7b,alt,attn+mlp,19,0.002469177467977991,20,other,True,38.47,36.52,37.19,100.0,79.71000000000001,58.378
fig01_minigpt4_evqa_alt,evqa-pilot500,minigpt-4-vicuna-7b,alt,attn+mlp,20,0.003465765226043655,15,other,False,,,,,,
fig01_minigpt4_evqa_alt,evqa-pilot500,minigpt-4-vicuna-7b,alt,attn+mlp,21,0.0019618778861439892,23,other,False,,,,,,
fig01_minigpt4_evqa_alt,evqa-pilot500,minigpt-4-vicuna-7b,alt,attn+mlp,22,0.006242020953908531,10,other,True,40.11,37.7,37.85,100.0,77.11,58.553999999999995
fig01_minigpt4_evqa_alt,evqa-pilot500,minigpt-4-vicuna-7b,alt,attn+mlp,23,0.002236069818490751,21,other,False,,,,,,
fig01_minigpt4_evqa_alt,evqa-pilot500,minigpt-4-vicuna-7b,alt,attn+mlp,24,0.0020480532816562814,22,other,True,39.76,33.96,37.35,100.0,77.44,57.702
fig01_minigpt4_evqa_alt,evqa-pilot500,minigpt-4-vicuna-7b,alt,attn+mlp,25,0.011784105448128438,5,other,True,40.089999999999996,37.730000000000004,37.59,100.0,76.92,58.465999999999994
fig01_minigpt4_evqa_alt,evqa-pilot500,minigpt-4-vicuna-7b,alt,attn+mlp,26,0.007528348881616379,7,other,True,39.33,34.25,36.79,100.0,75.97,57.26800000000001
fig01_minigpt4_evqa_alt,evqa-pilot500,minigpt-4-vicuna-7b,alt,attn+mlp,27,0.01735931713218501,4,other,False,,,,,,
fig01_minigpt4_evqa_alt,evqa-pilot500,minigpt-4-vicuna-7b,alt,attn+mlp,28,0.19728192314507176,1,higher_contribution_case,True,39.42,36.54,37.36,100.0,78.49000000000001,58.362
fig01_minigpt4_evqa_alt,evqa-pilot500,minigpt-4-vicuna-7b,alt,attn+mlp,29,0.00735819366311308,8,other,True,39.519999999999996,37.330000000000005,37.85,100.0,77.92999999999999,58.525999999999996
fig01_minigpt4_evqa_alt,evqa-pilot500,minigpt-4-vicuna-7b,alt,attn+mlp,30,0.08530645627970507,3,other,True,41.56,38.68,39.48,100.0,69.49,57.842
fig01_minigpt4_evqa_alt,evqa-pilot500,minigpt-4-vicuna-7b,alt,attn+mlp,31,0.14894490798838705,2,other,True,23.880000000000003,24.05,25.44,100.0,100.0,54.674
fig03_minigpt4_evqa_nexttoken,evqa-pilot500,minigpt-4-vicuna-7b,model_pred,attn,0,0.003533430707575726,21,other,True,41.06,36.9,38.31,100.0,72.88,57.83
fig03_minigpt4_evqa_nexttoken,evqa-pilot500,minigpt-4-vicuna-7b,model_pred,attn,1,0.0011910384902776227,28,other,True,61.309999999999995,58.269999999999996,59.27,100.0,76.67,71.10400000000001
fig03_minigpt4_evqa_nexttoken,evqa-pilot500,minigpt-4-vicuna-7b,model_pred,attn,2,0.0013397916370338826,27,other,True,49.220000000000006,45.300000000000004,46.129999999999995,100.0,76.83,63.496
fig03_minigpt4_evqa_nexttoken,evqa-pilot500,minigpt-4-vicuna-7b,model_pred,attn,3,0.0041146448515991235,20,other,False,,,,,,
fig03_minigpt4_evqa_nexttoken,evqa-pilot500,minigpt-4-vicuna-7b,model_pred,attn,4,0.0025069316317698036,23,other,False,,,,,,
fig03_minigpt4_evqa_nexttoken,evqa-pilot500,minigpt-4-vicuna-7b,model_pred,attn,5,0.0009598010709818715,29,other,False,,,,,,
fig03_minigpt4_evqa_nexttoken,evqa-pilot500,minigpt-4-vicuna-7b,model_pred,attn,6,0.0014355015800805995,25,other,False,,,,,,
fig03_minigpt4_evqa_nexttoken,evqa-pilot500,minigpt-4-vicuna-7b,model_pred,attn,7,0.00046163069799058545,31,other,True,51.980000000000004,49.54,49.79,100.0,84.00999999999999,67.064
fig03_minigpt4_evqa_nexttoken,evqa-pilot500,minigpt-4-vicuna-7b,model_pred,attn,8,0.0017851616124171033,24,other,True,55.69,53.42,53.669999999999995,100.0,82.39,69.03399999999999
fig03_minigpt4_evqa_nexttoken,evqa-pilot500,minigpt-4-vicuna-7b,model_pred,attn,9,0.0013749928381458763,26,other,True,40.32,38.080000000000005,38.41,100.0,81.62,59.686
fig03_minigpt4_evqa_nexttoken,evqa-pilot500,minigpt-4-vicuna-7b,model_pred,attn,10,0.002810789464111138,22,other,True,68.30000000000001,65.63,65.89,100.0,85.53,77.07000000000001
fig03_minigpt4_evqa_nexttoken,evqa-pilot500,minigpt-4-vicuna-7b,model_pred,attn,11,0.0007088734665282133,30,other,False,,,,,,
fig03_minigpt4_evqa_nexttoken,evqa-pilot500,minigpt-4-vicuna-7b,model_pred,attn,12,0.004408822432700452,18,other,False,,,,,,
fig03_minigpt4_evqa_nexttoken,evqa-pilot500,minigpt-4-vicuna-7b,model_pred,attn,13,0.024661810839352857,9,other,False,,,,,,
fig03_minigpt4_evqa_nexttoken,evqa-pilot500,minigpt-4-vicuna-7b,model_pred,attn,14,0.005454107277172141,16,other,True,46.89,43.63,44.99,100.0,81.65,63.432
fig03_minigpt4_evqa_nexttoken,evqa-pilot500,minigpt-4-vicuna-7b,model_pred,attn,15,0.007502469852981511,15,lower_contribution_reference,True,49.54,46.31,46.96,100.0,77.53999999999999,64.07000000000001
fig03_minigpt4_evqa_nexttoken,evqa-pilot500,minigpt-4-vicuna-7b,model_pred,attn,16,0.005067905956550995,17,other,True,49.34,46.11,46.47,100.0,82.77,64.938
fig03_minigpt4_evqa_nexttoken,evqa-pilot500,minigpt-4-vicuna-7b,model_pred,attn,17,0.008894914835446095,14,other,True,47.77,46.1,45.82,100.0,79.85,63.907999999999994
fig03_minigpt4_evqa_nexttoken,evqa-pilot500,minigpt-4-vicuna-7b,model_pred,attn,18,0.018619053696874263,12,other,True,40.160000000000004,37.37,38.18,100.0,82.09,59.56
fig03_minigpt4_evqa_nexttoken,evqa-pilot500,minigpt-4-vicuna-7b,model_pred,attn,19,0.06841487409400783,4,other,True,38.47,36.52,37.19,100.0,79.71000000000001,58.378
fig03_minigpt4_evqa_nexttoken,evqa-pilot500,minigpt-4-vicuna-7b,model_pred,attn,20,0.03318572731462171,7,other,False,,,,,,
fig03_minigpt4_evqa_nexttoken,evqa-pilot500,minigpt-4-vicuna-7b,model_pred,attn,21,0.019942833412525857,11,other,False,,,,,,
fig03_minigpt4_evqa_nexttoken,evqa-pilot500,minigpt-4-vicuna-7b,model_pred,attn,22,0.03736969744740039,6,other,True,40.11,37.7,37.85,100.0,77.11,58.553999999999995
fig03_minigpt4_evqa_nexttoken,evqa-pilot500,minigpt-4-vicuna-7b,model_pred,attn,23,0.0218047989673478,10,other,False,,,,,,
fig03_minigpt4_evqa_nexttoken,evqa-pilot500,minigpt-4-vicuna-7b,model_pred,attn,24,0.004319333203473429,19,other,True,39.76,33.96,37.35,100.0,77.44,57.702
fig03_minigpt4_evqa_nexttoken,evqa-pilot500,minigpt-4-vicuna-7b,model_pred,attn,25,0.07740002753309683,2,other,True,40.089999999999996,37.730000000000004,37.59,100.0,76.92,58.465999999999994
fig03_minigpt4_evqa_nexttoken,evqa-pilot500,minigpt-4-vicuna-7b,model_pred,attn,26,0.26936912272878516,1,higher_contribution_case,True,39.33,34.25,36.79,100.0,75.97,57.26800000000001
fig03_minigpt4_evqa_nexttoken,evqa-pilot500,minigpt-4-vicuna-7b,model_pred,attn,27,0.0002595495591871654,32,other,False,,,,,,
fig03_minigpt4_evqa_nexttoken,evqa-pilot500,minigpt-4-vicuna-7b,model_pred,attn,28,0.02821591520710489,8,other,True,39.42,36.54,37.36,100.0,78.49000000000001,58.362
fig03_minigpt4_evqa_nexttoken,evqa-pilot500,minigpt-4-vicuna-7b,model_pred,attn,29,0.01571972172270338,13,other,True,39.519999999999996,37.330000000000005,37.85,100.0,77.92999999999999,58.525999999999996
fig03_minigpt4_evqa_nexttoken,evqa-pilot500,minigpt-4-vicuna-7b,model_pred,attn,30,0.047098003741291576,5,other,True,41.56,38.68,39.48,100.0,69.49,57.842
fig03_minigpt4_evqa_nexttoken,evqa-pilot500,minigpt-4-vicuna-7b,model_pred,attn,31,0.07677633791374269,3,other,True,23.880000000000003,24.05,25.44,100.0,100.0,54.674
fig03_minigpt4_evqa_nexttoken,evqa-pilot500,minigpt-4-vicuna-7b,model_pred,mlp,0,0.001656894267343621,21,other,True,41.06,36.9,38.31,100.0,72.88,57.83
fig03_minigpt4_evqa_nexttoken,evqa-pilot500,minigpt-4-vicuna-7b,model_pred,mlp,1,0.0013633509712330685,22,other,True,61.309999999999995,58.269999999999996,59.27,100.0,76.67,71.10400000000001
fig03_minigpt4_evqa_nexttoken,evqa-pilot500,minigpt-4-vicuna-7b,model_pred,mlp,2,0.0010919376118840281,23,other,True,49.220000000000006,45.300000000000004,46.129999999999995,100.0,76.83,63.496
fig03_minigpt4_evqa_nexttoken,evqa-pilot500,minigpt-4-vicuna-7b,model_pred,mlp,3,0.00020220649615300762,29,other,False,,,,,,
fig03_minigpt4_evqa_nexttoken,evqa-pilot500,minigpt-4-vicuna-7b,model_pred,mlp,4,0.006222480013145751,16,other,False,,,,,,
fig03_minigpt4_evqa_nexttoken,evqa-pilot500,minigpt-4-vicuna-7b,model_pred,mlp,5,0.000206753040820902,28,other,False,,,,,,
fig03_minigpt4_evqa_nexttoken,evqa-pilot500,minigpt-4-vicuna-7b,model_pred,mlp,6,0.0008524717027269523,25,other,False,,,,,,
fig03_minigpt4_evqa_nexttoken,evqa-pilot500,minigpt-4-vicuna-7b,model_pred,mlp,7,0.00014878777446911953,30,other,True,51.980000000000004,49.54,49.79,100.0,84.00999999999999,67.064
fig03_minigpt4_evqa_nexttoken,evqa-pilot500,minigpt-4-vicuna-7b,model_pred,mlp,8,5.222958416874167e-05,32,other,True,55.69,53.42,53.669999999999995,100.0,82.39,69.03399999999999
fig03_minigpt4_evqa_nexttoken,evqa-pilot500,minigpt-4-vicuna-7b,model_pred,mlp,9,0.00014195281111832616,31,other,True,40.32,38.080000000000005,38.41,100.0,81.62,59.686
fig03_minigpt4_evqa_nexttoken,evqa-pilot500,minigpt-4-vicuna-7b,model_pred,mlp,10,0.0008915466123027749,24,other,True,68.30000000000001,65.63,65.89,100.0,85.53,77.07000000000001
fig03_minigpt4_evqa_nexttoken,evqa-pilot500,minigpt-4-vicuna-7b,model_pred,mlp,11,0.00021109643221819228,27,other,False,,,,,,
fig03_minigpt4_evqa_nexttoken,evqa-pilot500,minigpt-4-vicuna-7b,model_pred,mlp,12,0.006668162139986535,15,other,False,,,,,,
fig03_minigpt4_evqa_nexttoken,evqa-pilot500,minigpt-4-vicuna-7b,model_pred,mlp,13,0.0006061132543961163,26,other,False,,,,,,
fig03_minigpt4_evqa_nexttoken,evqa-pilot500,minigpt-4-vicuna-7b,model_pred,mlp,14,0.01016640215959555,11,other,True,46.89,43.63,44.99,100.0,81.65,63.432
fig03_minigpt4_evqa_nexttoken,evqa-pilot500,minigpt-4-vicuna-7b,model_pred,mlp,15,0.010156242651360444,12,lower_contribution_reference,True,49.54,46.31,46.96,100.0,77.53999999999999,64.07000000000001
fig03_minigpt4_evqa_nexttoken,evqa-pilot500,minigpt-4-vicuna-7b,model_pred,mlp,16,0.004635238669366147,18,other,True,49.34,46.11,46.47,100.0,82.77,64.938
fig03_minigpt4_evqa_nexttoken,evqa-pilot500,minigpt-4-vicuna-7b,model_pred,mlp,17,0.004283611264081328,20,other,True,47.77,46.1,45.82,100.0,79.85,63.907999999999994
fig03_minigpt4_evqa_nexttoken,evqa-pilot500,minigpt-4-vicuna-7b,model_pred,mlp,18,0.021645400747988746,6,other,True,40.160000000000004,37.37,38.18,100.0,82.09,59.56
fig03_minigpt4_evqa_nexttoken,evqa-pilot500,minigpt-4-vicuna-7b,model_pred,mlp,19,0.007141647617400995,14,other,True,38.47,36.52,37.19,100.0,79.71000000000001,58.378
fig03_minigpt4_evqa_nexttoken,evqa-pilot500,minigpt-4-vicuna-7b,model_pred,mlp,20,0.05611602048088926,2,other,False,,,,,,
fig03_minigpt4_evqa_nexttoken,evqa-pilot500,minigpt-4-vicuna-7b,model_pred,mlp,21,0.017530792709826562,8,other,False,,,,,,
fig03_minigpt4_evqa_nexttoken,evqa-pilot500,minigpt-4-vicuna-7b,model_pred,mlp,22,0.01669666928251706,9,other,True,40.11,37.7,37.85,100.0,77.11,58.553999999999995
fig03_minigpt4_evqa_nexttoken,evqa-pilot500,minigpt-4-vicuna-7b,model_pred,mlp,23,0.010857595002449063,10,other,False,,,,,,
fig03_minigpt4_evqa_nexttoken,evqa-pilot500,minigpt-4-vicuna-7b,model_pred,mlp,24,0.005169932835745341,17,other,True,39.76,33.96,37.35,100.0,77.44,57.702
fig03_minigpt4_evqa_nexttoken,evqa-pilot500,minigpt-4-vicuna-7b,model_pred,mlp,25,0.02747392915574321,5,other,True,40.089999999999996,37.730000000000004,37.59,100.0,76.92,58.465999999999994
fig03_minigpt4_evqa_nexttoken,evqa-pilot500,minigpt-4-vicuna-7b,model_pred,mlp,26,0.004416505158660044,19,other,True,39.33,34.25,36.79,100.0,75.97,57.26800000000001
fig03_minigpt4_evqa_nexttoken,evqa-pilot500,minigpt-4-vicuna-7b,model_pred,mlp,27,0.03080296576308194,3,other,False,,,,,,
fig03_minigpt4_evqa_nexttoken,evqa-pilot500,minigpt-4-vicuna-7b,model_pred,mlp,28,0.020267911750843394,7,other,True,39.42,36.54,37.36,100.0,78.49000000000001,58.362
fig03_minigpt4_evqa_nexttoken,evqa-pilot500,minigpt-4-vicuna-7b,model_pred,mlp,29,0.029667916089962276,4,other,True,39.519999999999996,37.330000000000005,37.85,100.0,77.92999999999999,58.525999999999996
fig03_minigpt4_evqa_nexttoken,evqa-pilot500,minigpt-4-vicuna-7b,model_pred,mlp,30,0.11255802864053377,1,higher_contribution_case,True,41.56,38.68,39.48,100.0,69.49,57.842
fig03_minigpt4_evqa_nexttoken,evqa-pilot500,minigpt-4-vicuna-7b,model_pred,mlp,31,0.007477930542503329,13,other,True,23.880000000000003,24.05,25.44,100.0,100.0,54.674
fig03_minigpt4_evqa_nexttoken,evqa-pilot500,minigpt-4-vicuna-7b,model_pred,attn+mlp,0,0.005190324974919347,22,other,True,41.06,36.9,38.31,100.0,72.88,57.83
fig03_minigpt4_evqa_nexttoken,evqa-pilot500,minigpt-4-vicuna-7b,model_pred,attn+mlp,1,0.0025543894615106914,25,other,True,61.309999999999995,58.269999999999996,59.27,100.0,76.67,71.10400000000001
fig03_minigpt4_evqa_nexttoken,evqa-pilot500,minigpt-4-vicuna-7b,model_pred,attn+mlp,2,0.0024317292489179107,26,other,True,49.220000000000006,45.300000000000004,46.129999999999995,100.0,76.83,63.496
fig03_minigpt4_evqa_nexttoken,evqa-pilot500,minigpt-4-vicuna-7b,model_pred,attn+mlp,3,0.004316851347752131,23,other,False,,,,,,
fig03_minigpt4_evqa_nexttoken,evqa-pilot500,minigpt-4-vicuna-7b,model_pred,attn+mlp,4,0.008729411644915554,21,other,False,,,,,,
fig03_minigpt4_evqa_nexttoken,evqa-pilot500,minigpt-4-vicuna-7b,model_pred,attn+mlp,5,0.0011665541118027734,30,other,False,,,,,,
fig03_minigpt4_evqa_nexttoken,evqa-pilot500,minigpt-4-vicuna-7b,model_pred,attn+mlp,6,0.0022879732828075517,27,other,False,,,,,,
fig03_minigpt4_evqa_nexttoken,evqa-pilot500,minigpt-4-vicuna-7b,model_pred,attn+mlp,7,0.000610418472459705,32,other,True,51.980000000000004,49.54,49.79,100.0,84.00999999999999,67.064
fig03_minigpt4_evqa_nexttoken,evqa-pilot500,minigpt-4-vicuna-7b,model_pred,attn+mlp,8,0.001837391196585845,28,other,True,55.69,53.42,53.669999999999995,100.0,82.39,69.03399999999999
fig03_minigpt4_evqa_nexttoken,evqa-pilot500,minigpt-4-vicuna-7b,model_pred,attn+mlp,9,0.0015169456492642025,29,other,True,40.32,38.080000000000005,38.41,100.0,81.62,59.686
fig03_minigpt4_evqa_nexttoken,evqa-pilot500,minigpt-4-vicuna-7b,model_pred,attn+mlp,10,0.003702336076413913,24,other,True,68.30000000000001,65.63,65.89,100.0,85.53,77.07000000000001
fig03_minigpt4_evqa_nexttoken,evqa-pilot500,minigpt-4-vicuna-7b,model_pred,attn+mlp,11,0.0009199698987464055,31,other,False,,,,,,
fig03_minigpt4_evqa_nexttoken,evqa-pilot500,minigpt-4-vicuna-7b,model_pred,attn+mlp,12,0.011076984572686986,18,other,False,,,,,,
fig03_minigpt4_evqa_nexttoken,evqa-pilot500,minigpt-4-vicuna-7b,model_pred,attn+mlp,13,0.025267924093748974,14,other,False,,,,,,
fig03_minigpt4_evqa_nexttoken,evqa-pilot500,minigpt-4-vicuna-7b,model_pred,attn+mlp,14,0.015620509436767691,16,other,True,46.89,43.63,44.99,100.0,81.65,63.432
fig03_minigpt4_evqa_nexttoken,evqa-pilot500,minigpt-4-vicuna-7b,model_pred,attn+mlp,15,0.017658712504341957,15,lower_contribution_reference,True,49.54,46.31,46.96,100.0,77.53999999999999,64.07000000000001
fig03_minigpt4_evqa_nexttoken,evqa-pilot500,minigpt-4-vicuna-7b,model_pred,attn+mlp,16,0.009703144625917141,19,other,True,49.34,46.11,46.47,100.0,82.77,64.938
fig03_minigpt4_evqa_nexttoken,evqa-pilot500,minigpt-4-vicuna-7b,model_pred,attn+mlp,17,0.013178526099527422,17,other,True,47.77,46.1,45.82,100.0,79.85,63.907999999999994
fig03_minigpt4_evqa_nexttoken,evqa-pilot500,minigpt-4-vicuna-7b,model_pred,attn+mlp,18,0.04026445444486301,10,other,True,40.160000000000004,37.37,38.18,100.0,82.09,59.56
fig03_minigpt4_evqa_nexttoken,evqa-pilot500,minigpt-4-vicuna-7b,model_pred,attn+mlp,19,0.07555652171140882,6,other,True,38.47,36.52,37.19,100.0,79.71000000000001,58.378
fig03_minigpt4_evqa_nexttoken,evqa-pilot500,minigpt-4-vicuna-7b,model_pred,attn+mlp,20,0.08930174779551098,4,other,False,,,,,,
fig03_minigpt4_evqa_nexttoken,evqa-pilot500,minigpt-4-vicuna-7b,model_pred,attn+mlp,21,0.037473626122352416,11,other,False,,,,,,
fig03_minigpt4_evqa_nexttoken,evqa-pilot500,minigpt-4-vicuna-7b,model_pred,attn+mlp,22,0.05406636672991745,7,other,True,40.11,37.7,37.85,100.0,77.11,58.553999999999995
fig03_minigpt4_evqa_nexttoken,evqa-pilot500,minigpt-4-vicuna-7b,model_pred,attn+mlp,23,0.032662393969796866,12,other,False,,,,,,
fig03_minigpt4_evqa_nexttoken,evqa-pilot500,minigpt-4-vicuna-7b,model_pred,attn+mlp,24,0.00948926603921877,20,other,True,39.76,33.96,37.35,100.0,77.44,57.702
fig03_minigpt4_evqa_nexttoken,evqa-pilot500,minigpt-4-vicuna-7b,model_pred,attn+mlp,25,0.10487395668884003,3,other,True,40.089999999999996,37.730000000000004,37.59,100.0,76.92,58.465999999999994
fig03_minigpt4_evqa_nexttoken,evqa-pilot500,minigpt-4-vicuna-7b,model_pred,attn+mlp,26,0.2737856278874452,1,higher_contribution_case,True,39.33,34.25,36.79,100.0,75.97,57.26800000000001
fig03_minigpt4_evqa_nexttoken,evqa-pilot500,minigpt-4-vicuna-7b,model_pred,attn+mlp,27,0.031062515322269106,13,other,False,,,,,,
fig03_minigpt4_evqa_nexttoken,evqa-pilot500,minigpt-4-vicuna-7b,model_pred,attn+mlp,28,0.048483826957948284,8,other,True,39.42,36.54,37.36,100.0,78.49000000000001,58.362
fig03_minigpt4_evqa_nexttoken,evqa-pilot500,minigpt-4-vicuna-7b,model_pred,attn+mlp,29,0.04538763781266565,9,other,True,39.519999999999996,37.330000000000005,37.85,100.0,77.92999999999999,58.525999999999996
fig03_minigpt4_evqa_nexttoken,evqa-pilot500,minigpt-4-vicuna-7b,model_pred,attn+mlp,30,0.15965603238182535,2,other,True,41.56,38.68,39.48,100.0,69.49,57.842
fig03_minigpt4_evqa_nexttoken,evqa-pilot500,minigpt-4-vicuna-7b,model_pred,attn+mlp,31,0.08425426845624602,5,other,True,23.880000000000003,24.05,25.44,100.0,100.0,54.674
fig04_llava_evqa_alt,evqa-pilot500,llava-v1.5-7b,alt,mlp,0,0.0001687187042527222,25,other,True,45.9,40.339999999999996,41.86,100.0,74.33999999999999,60.488
fig04_llava_evqa_alt,evqa-pilot500,llava-v1.5-7b,alt,mlp,1,0.0,31,other,True,43.28,37.56,40.29,100.0,70.75,58.376
fig04_llava_evqa_alt,evqa-pilot500,llava-v1.5-7b,alt,mlp,2,0.001746431322022143,8,other,True,59.550000000000004,56.910000000000004,57.099999999999994,100.0,71.74000000000001,69.06
fig04_llava_evqa_alt,evqa-pilot500,llava-v1.5-7b,alt,mlp,3,0.0005696329013142275,17,other,False,,,,,,
fig04_llava_evqa_alt,evqa-pilot500,llava-v1.5-7b,alt,mlp,4,0.0006693985381007885,16,other,False,,,,,,
fig04_llava_evqa_alt,evqa-pilot500,llava-v1.5-7b,alt,mlp,5,0.0,32,other,True,60.309999999999995,55.48,56.61000000000001,100.0,78.07,70.094
fig04_llava_evqa_alt,evqa-pilot500,llava-v1.5-7b,alt,mlp,6,0.0005171029524485766,19,other,True,58.35,54.300000000000004,57.43000000000001,100.0,72.89999999999999,68.596
fig04_llava_evqa_alt,evqa-pilot500,llava-v1.5-7b,alt,mlp,7,0.0024761972246013252,7,other,True,42.91,36.99,40.64,100.0,68.55,57.818000000000005
fig04_llava_evqa_alt,evqa-pilot500,llava-v1.5-7b,alt,mlp,8,8.799867612397204e-05,27,other,False,,,,,,
fig04_llava_evqa_alt,evqa-pilot500,llava-v1.5-7b,alt,mlp,9,0.0005338818303500457,18,other,False,,,,,,
fig04_llava_evqa_alt,evqa-pilot500,llava-v1.5-7b,alt,mlp,10,0.0011359248062219013,10,other,False,,,,,,
fig04_llava_evqa_alt,evqa-pilot500,llava-v1.5-7b,alt,mlp,11,0.0,30,other,False,,,,,,
fig04_llava_evqa_alt,evqa-pilot500,llava-v1.5-7b,alt,mlp,12,0.000905780432433313,13,other,False,,,,,,
fig04_llava_evqa_alt,evqa-pilot500,llava-v1.5-7b,alt,mlp,13,0.0010425838130045104,11,other,False,,,,,,
fig04_llava_evqa_alt,evqa-pilot500,llava-v1.5-7b,alt,mlp,14,0.00031779103585414853,21,other,True,42.870000000000005,37.36,40.65,100.0,77.10000000000001,59.596000000000004
fig04_llava_evqa_alt,evqa-pilot500,llava-v1.5-7b,alt,mlp,15,9.245436651685299e-05,26,lower_contribution_reference,True,44.519999999999996,39.019999999999996,40.63,100.0,78.97999999999999,60.629999999999995
fig04_llava_evqa_alt,evqa-pilot500,llava-v1.5-7b,alt,mlp,16,0.002649345665542875,6,other,True,50.4,45.629999999999995,47.449999999999996,100.0,81.11,64.91799999999999
fig04_llava_evqa_alt,evqa-pilot500,llava-v1.5-7b,alt,mlp,17,0.0008326009448553836,15,other,False,,,,,,
fig04_llava_evqa_alt,evqa-pilot500,llava-v1.5-7b,alt,mlp,18,0.001035974178537306,12,other,False,,,,,,
fig04_llava_evqa_alt,evqa-pilot500,llava-v1.5-7b,alt,mlp,19,7.041985177917964e-05,28,other,False,,,,,,
fig04_llava_evqa_alt,evqa-pilot500,llava-v1.5-7b,alt,mlp,20,0.00016959022200877826,24,other,False,,,,,,
fig04_llava_evqa_alt,evqa-pilot500,llava-v1.5-7b,alt,mlp,21,0.00017247908743358233,23,other,False,,,,,,
fig04_llava_evqa_alt,evqa-pilot500,llava-v1.5-7b,alt,mlp,22,0.000434837909998076,20,other,False,,,,,,
fig04_llava_evqa_alt,evqa-pilot500,llava-v1.5-7b,alt,mlp,23,1.7903365284507104e-05,29,other,False,,,,,,
fig04_llava_evqa_alt,evqa-pilot500,llava-v1.5-7b,alt,mlp,24,0.0008991067211775726,14,other,True,52.26,44.18,42.27,100.0,73.38,62.418000000000006
fig04_llava_evqa_alt,evqa-pilot500,llava-v1.5-7b,alt,mlp,25,0.0002137415882374258,22,other,True,50.28,44.06,41.17,100.0,68.93,60.888
fig04_llava_evqa_alt,evqa-pilot500,llava-v1.5-7b,alt,mlp,26,0.00137483802466278,9,other,True,51.51,43.55,42.16,100.0,77.72,62.988
fig04_llava_evqa_alt,evqa-pilot500,llava-v1.5-7b,alt,mlp,27,0.006150363746531754,5,other,True,52.839999999999996,44.73,41.449999999999996,100.0,73.17,62.438
fig04_llava_evqa_alt,evqa-pilot500,llava-v1.5-7b,alt,mlp,28,0.012153641468959756,4,other,True,50.129999999999995,43.5,41.14,100.0,69.48,60.85
fig04_llava_evqa_alt,evqa-pilot500,llava-v1.5-7b,alt,mlp,29,0.018580349347397638,3,other,False,,,,,,
fig04_llava_evqa_alt,evqa-pilot500,llava-v1.5-7b,alt,mlp,30,0.44889552651752834,1,higher_contribution_case,True,41.93,37.89,35.699999999999996,100.0,70.7,57.24399999999999
fig04_llava_evqa_alt,evqa-pilot500,llava-v1.5-7b,alt,mlp,31,0.026251558819698633,2,other,True,32.21,30.159999999999997,28.01,100.0,100.0,58.076
fig04_llava_evqa_alt,evqa-pilot500,llava-v1.5-7b,alt,attn+mlp,0,0.0001687187042527222,30,other,True,45.9,40.339999999999996,41.86,100.0,74.33999999999999,60.488
fig04_llava_evqa_alt,evqa-pilot500,llava-v1.5-7b,alt,attn+mlp,1,0.0020452791758306414,12,other,True,43.28,37.56,40.29,100.0,70.75,58.376
fig04_llava_evqa_alt,evqa-pilot500,llava-v1.5-7b,alt,attn+mlp,2,0.001896901076588246,14,other,True,59.550000000000004,56.910000000000004,57.099999999999994,100.0,71.74000000000001,69.06
fig04_llava_evqa_alt,evqa-pilot500,llava-v1.5-7b,alt,attn+mlp,3,0.001497590916828054,17,other,False,,,,,,
fig04_llava_evqa_alt,evqa-pilot500,llava-v1.5-7b,alt,attn+mlp,4,0.0006693985381007885,25,other,False,,,,,,
fig04_llava_evqa_alt,evqa-pilot500,llava-v1.5-7b,alt,attn+mlp,5,0.0013409357951980711,19,other,True,60.309999999999995,55.48,56.61000000000001,100.0,78.07,70.094
fig04_llava_evqa_alt,evqa-pilot500,llava-v1.5-7b,alt,attn+mlp,6,0.0037277853070764345,8,other,True,58.35,54.300000000000004,57.43000000000001,100.0,72.89999999999999,68.596
fig04_llava_evqa_alt,evqa-pilot500,llava-v1.5-7b,alt,attn+mlp,7,0.002964198904731153,9,other,True,42.91,36.99,40.64,100.0,68.55,57.818000000000005
fig04_llava_evqa_alt,evqa-pilot500,llava-v1.5-7b,alt,attn+mlp,8,0.00015950355293994234,31,other,False,,,,,,
fig04_llava_evqa_alt,evqa-pilot500,llava-v1.5-7b,alt,attn+mlp,9,0.0005338818303500457,26,other,False,,,,,,
fig04_llava_evqa_alt,evqa-pilot500,llava-v1.5-7b,alt,attn+mlp,10,0.0029600135719633517,10,other,False,,,,,,
fig04_llava_evqa_alt,evqa-pilot500,llava-v1.5-7b,alt,attn+mlp,11,0.0019046101668668877,13,other,False,,,,,,
fig04_llava_evqa_alt,evqa-pilot500,llava-v1.5-7b,alt,attn+mlp,12,0.0011545378240674674,21,other,False,,,,,,
fig04_llava_evqa_alt,evqa-pilot500,llava-v1.5-7b,alt,attn+mlp,13,0.001788841829252136,15,other,False,,,,,,
fig04_llava_evqa_alt,evqa-pilot500,llava-v1.5-7b,alt,attn+mlp,14,0.0010931842153023,22,other,True,42.870000000000005,37.36,40.65,100.0,77.10000000000001,59.596000000000004
fig04_llava_evqa_alt,evqa-pilot500,llava-v1.5-7b,alt,attn+mlp,15,0.00039742302373042826,27,lower_contribution_reference,True,44.519999999999996,39.019999999999996,40.63,100.0,78.97999999999999,60.629999999999995
fig04_llava_evqa_alt,evqa-pilot500,llava-v1.5-7b,alt,attn+mlp,16,0.0028597579063574245,11,other,True,50.4,45.629999999999995,47.449999999999996,100.0,81.11,64.91799999999999
fig04_llava_evqa_alt,evqa-pilot500,llava-v1.5-7b,alt,attn+mlp,17,0.0012875846505554464,20,other,False,,,,,,
fig04_llava_evqa_alt,evqa-pilot500,llava-v1.5-7b,alt,attn+mlp,18,0.0016728001744771219,16,other,False,,,,,,
fig04_llava_evqa_alt,evqa-pilot500,llava-v1.5-7b,alt,attn+mlp,19,0.00021109970146142068,29,other,False,,,,,,
fig04_llava_evqa_alt,evqa-pilot500,llava-v1.5-7b,alt,attn+mlp,20,0.00028847094661549604,28,other,False,,,,,,
fig04_llava_evqa_alt,evqa-pilot500,llava-v1.5-7b,alt,attn+mlp,21,0.0006777346842389294,24,other,False,,,,,,
fig04_llava_evqa_alt,evqa-pilot500,llava-v1.5-7b,alt,attn+mlp,22,0.0007431465106496366,23,other,False,,,,,,
fig04_llava_evqa_alt,evqa-pilot500,llava-v1.5-7b,alt,attn+mlp,23,1.7903365284507104e-05,32,other,False,,,,,,
fig04_llava_evqa_alt,evqa-pilot500,llava-v1.5-7b,alt,attn+mlp,24,0.0014351690411811937,18,other,True,52.26,44.18,42.27,100.0,73.38,62.418000000000006
fig04_llava_evqa_alt,evqa-pilot500,llava-v1.5-7b,alt,attn+mlp,25,0.006290185251413348,6,other,True,50.28,44.06,41.17,100.0,68.93,60.888
fig04_llava_evqa_alt,evqa-pilot500,llava-v1.5-7b,alt,attn+mlp,26,0.00478760095391853,7,other,True,51.51,43.55,42.16,100.0,77.72,62.988
fig04_llava_evqa_alt,evqa-pilot500,llava-v1.5-7b,alt,attn+mlp,27,0.007297875120082486,5,other,True,52.839999999999996,44.73,41.449999999999996,100.0,73.17,62.438
fig04_llava_evqa_alt,evqa-pilot500,llava-v1.5-7b,alt,attn+mlp,28,0.016194348401194082,4,other,True,50.129999999999995,43.5,41.14,100.0,69.48,60.85
fig04_llava_evqa_alt,evqa-pilot500,llava-v1.5-7b,alt,attn+mlp,29,0.020346359526480836,3,other,False,,,,,,
fig04_llava_evqa_alt,evqa-pilot500,llava-v1.5-7b,alt,attn+mlp,30,0.4717312566017406,1,higher_contribution_case,True,41.93,37.89,35.699999999999996,100.0,70.7,57.24399999999999
fig04_llava_evqa_alt,evqa-pilot500,llava-v1.5-7b,alt,attn+mlp,31,0.0611434649329823,2,other,True,32.21,30.159999999999997,28.01,100.0,100.0,58.076
fig05_minigpt4_mmke_visual,mmke-visual,minigpt-4-vicuna-7b,alt,attn,0,0.004091538893809986,9,other,True,59.95,60.02,60.14,100.0,98.95,75.812
fig05_minigpt4_mmke_visual,mmke-visual,minigpt-4-vicuna-7b,alt,attn,1,0.0016371296342597855,18,other,True,60.32,60.32,60.55,100.0,97.93,75.824
fig05_minigpt4_mmke_visual,mmke-visual,minigpt-4-vicuna-7b,alt,attn,2,0.0038444879981044764,10,other,True,60.35,60.4,60.64,100.0,98.93,76.064
fig05_minigpt4_mmke_visual,mmke-visual,minigpt-4-vicuna-7b,alt,attn,3,0.00028556376107495394,25,other,True,61.41,61.6,61.07,100.0,99.09,76.634
fig05_minigpt4_mmke_visual,mmke-visual,minigpt-4-vicuna-7b,alt,attn,4,0.0045076616484290835,6,other,False,,,,,,
fig05_minigpt4_mmke_visual,mmke-visual,minigpt-4-vicuna-7b,alt,attn,5,0.0041547408785699985,7,other,True,62.09,62.03999999999999,61.86000000000001,100.0,98.72999999999999,76.944
fig05_minigpt4_mmke_visual,mmke-visual,minigpt-4-vicuna-7b,alt,attn,6,0.0004028010349636735,22,other,False,,,,,,
fig05_minigpt4_mmke_visual,mmke-visual,minigpt-4-vicuna-7b,alt,attn,7,0.0,28,other,False,,,,,,
fig05_minigpt4_mmke_visual,mmke-visual,minigpt-4-vicuna-7b,alt,attn,8,0.0,29,other,True,61.75000000000001,61.62,61.68,100.0,97.91,76.59200000000001
fig05_minigpt4_mmke_visual,mmke-visual,minigpt-4-vicuna-7b,alt,attn,9,0.0018639144736400674,16,other,True,61.339999999999996,61.27,61.41,100.0,98.89,76.582
fig05_minigpt4_mmke_visual,mmke-visual,minigpt-4-vicuna-7b,alt,attn,10,0.001798602919313502,17,other,True,61.51,61.480000000000004,61.419999999999995,100.0,98.74000000000001,76.63
fig05_minigpt4_mmke_visual,mmke-visual,minigpt-4-vicuna-7b,alt,attn,11,0.0,30,other,True,62.029999999999994,61.78,61.970000000000006,100.0,98.37,76.83
fig05_minigpt4_mmke_visual,mmke-visual,minigpt-4-vicuna-7b,alt,attn,12,7.136948263181486e-05,27,other,False,,,,,,
fig05_minigpt4_mmke_visual,mmke-visual,minigpt-4-vicuna-7b,alt,attn,13,0.002376133522904352,14,other,False,,,,,,
fig05_minigpt4_mmke_visual,mmke-visual,minigpt-4-vicuna-7b,alt,attn,14,0.0023623058310699584,15,other,True,61.07,60.940000000000005,60.84,100.0,98.88,76.346
fig05_minigpt4_mmke_visual,mmke-visual,minigpt-4-vicuna-7b,alt,attn,15,0.002479472860712454,13,lower_contribution_reference,True,60.39,60.22,60.11,100.0,98.64,75.872
fig05_minigpt4_mmke_visual,mmke-visual,minigpt-4-vicuna-7b,alt,attn,16,0.017911188452191633,2,other,True,61.01,60.870000000000005,60.75000000000001,100.0,97.86,76.098
fig05_minigpt4_mmke_visual,mmke-visual,minigpt-4-vicuna-7b,alt,attn,17,0.0003470894426687778,23,other,True,59.809999999999995,59.86,59.9,100.0,97.14,75.342
fig05_minigpt4_mmke_visual,mmke-visual,minigpt-4-vicuna-7b,alt,attn,18,0.0,32,other,True,59.330000000000005,59.18,59.41,100.0,98.0,75.184
fig05_minigpt4_mmke_visual,mmke-visual,minigpt-4-vicuna-7b,alt,attn,19,0.0025635343235610973,12,other,False,,,,,,
fig05_minigpt4_mmke_visual,mmke-visual,minigpt-4-vicuna-7b,alt,attn,20,0.000233348364559931,26,other,False,,,,,,
fig05_minigpt4_mmke_visual,mmke-visual,minigpt-4-vicuna-7b,alt,attn,21,0.0,31,other,False,,,,,,
fig05_minigpt4_mmke_visual,mmke-visual,minigpt-4-vicuna-7b,alt,attn,22,0.0074398247983162025,4,other,False,,,,,,
fig05_minigpt4_mmke_visual,mmke-visual,minigpt-4-vicuna-7b,alt,attn,23,0.0006446810539418147,21,other,False,,,,,,
fig05_minigpt4_mmke_visual,mmke-visual,minigpt-4-vicuna-7b,alt,attn,24,0.00031645296180594625,24,other,True,57.989999999999995,57.940000000000005,58.050000000000004,100.0,97.3,74.256
fig05_minigpt4_mmke_visual,mmke-visual,minigpt-4-vicuna-7b,alt,attn,25,0.012027836787138861,3,other,True,57.89,57.730000000000004,57.74,100.0,98.25,74.322
fig05_minigpt4_mmke_visual,mmke-visual,minigpt-4-vicuna-7b,alt,attn,26,0.0010695207690523958,19,other,True,57.32000000000001,56.97,57.3,100.0,98.06,73.93
fig05_minigpt4_mmke_visual,mmke-visual,minigpt-4-vicuna-7b,alt,attn,27,0.0008624501826815207,20,other,True,57.879999999999995,57.599999999999994,57.52,100.0,97.97,74.194
fig05_minigpt4_mmke_visual,mmke-visual,minigpt-4-vicuna-7b,alt,attn,28,0.003614255169018571,11,other,True,57.96,57.92,57.85,100.0,98.46000000000001,74.43800000000002
fig05_minigpt4_mmke_visual,mmke-visual,minigpt-4-vicuna-7b,alt,attn,29,0.005648187959486978,5,other,True,56.55,56.18,56.37,100.0,97.23,73.266
fig05_minigpt4_mmke_visual,mmke-visual,minigpt-4-vicuna-7b,alt,attn,30,0.004133594341634412,8,other,False,,,,,,
fig05_minigpt4_mmke_visual,mmke-visual,minigpt-4-vicuna-7b,alt,attn,31,0.02799316864159633,1,higher_contribution_case,True,47.21,46.58,46.989999999999995,100.0,100.0,68.15599999999999
fig05_minigpt4_mmke_visual,mmke-visual,minigpt-4-vicuna-7b,alt,mlp,0,0.0,30,other,True,59.95,60.02,60.14,100.0,98.95,75.812
fig05_minigpt4_mmke_visual,mmke-visual,minigpt-4-vicuna-7b,alt,mlp,1,0.00034245389315176576,22,other,True,60.32,60.32,60.55,100.0,97.93,75.824
fig05_minigpt4_mmke_visual,mmke-visual,minigpt-4-vicuna-7b,alt,mlp,2,0.0002195757248765045,25,other,True,60.35,60.4,60.64,100.0,98.93,76.064
fig05_minigpt4_mmke_visual,mmke-visual,minigpt-4-vicuna-7b,alt,mlp,3,0.0,31,other,True,61.41,61.6,61.07,100.0,99.09,76.634
fig05_minigpt4_mmke_visual,mmke-visual,minigpt-4-vicuna-7b,alt,mlp,4,0.0018326972742676675,14,other,False,,,,,,
fig05_minigpt4_mmke_visual,mmke-visual,minigpt-4-vicuna-7b,alt,mlp,5,6.978380202318805e-05,27,other,True,62.09,62.03999999999999,61.86000000000001,100.0,98.72999999999999,76.944
fig05_minigpt4_mmke_visual,mmke-visual,minigpt-4-vicuna-7b,alt,mlp,6,0.0,28,other,False,,,,,,
fig05_minigpt4_mmke_visual,mmke-visual,minigpt-4-vicuna-7b,alt,mlp,7,0.002024406819749057,12,other,False,,,,,,
fig05_minigpt4_mmke_visual,mmke-visual,minigpt-4-vicuna-7b,alt,mlp,8,0.0,29,other,True,61.75000000000001,61.62,61.68,100.0,97.91,76.59200000000001
fig05_minigpt4_mmke_visual,mmke-visual,minigpt-4-vicuna-7b,alt,mlp,9,0.000961150932285508,17,other,True,61.339999999999996,61.27,61.41,100.0,98.89,76.582
fig05_minigpt4_mmke_visual,mmke-visual,minigpt-4-vicuna-7b,alt,mlp,10,0.004994861796433752,6,other,True,61.51,61.480000000000004,61.419999999999995,100.0,98.74000000000001,76.63
fig05_minigpt4_mmke_visual,mmke-visual,minigpt-4-vicuna-7b,alt,mlp,11,0.0007354805633705759,19,other,True,62.029999999999994,61.78,61.970000000000006,100.0,98.37,76.83
fig05_minigpt4_mmke_visual,mmke-visual,minigpt-4-vicuna-7b,alt,mlp,12,0.0035954087490411572,7,other,False,,,,,,
fig05_minigpt4_mmke_visual,mmke-visual,minigpt-4-vicuna-7b,alt,mlp,13,0.00037834909631623336,21,other,False,,,,,,
fig05_minigpt4_mmke_visual,mmke-visual,minigpt-4-vicuna-7b,alt,mlp,14,0.00022027292272540792,24,other,True,61.07,60.940000000000005,60.84,100.0,98.88,76.346
fig05_minigpt4_mmke_visual,mmke-visual,minigpt-4-vicuna-7b,alt,mlp,15,0.002173733706457895,11,lower_contribution_reference,True,60.39,60.22,60.11,100.0,98.64,75.872
fig05_minigpt4_mmke_visual,mmke-visual,minigpt-4-vicuna-7b,alt,mlp,16,0.0006117394559789943,20,other,True,61.01,60.870000000000005,60.75000000000001,100.0,97.86,76.098
fig05_minigpt4_mmke_visual,mmke-visual,minigpt-4-vicuna-7b,alt,mlp,17,0.0,32,other,True,59.809999999999995,59.86,59.9,100.0,97.14,75.342
fig05_minigpt4_mmke_visual,mmke-visual,minigpt-4-vicuna-7b,alt,mlp,18,0.001963406627435254,13,other,True,59.330000000000005,59.18,59.41,100.0,98.0,75.184
fig05_minigpt4_mmke_visual,mmke-visual,minigpt-4-vicuna-7b,alt,mlp,19,0.00016943487364230557,26,other,False,,,,,,
fig05_minigpt4_mmke_visual,mmke-visual,minigpt-4-vicuna-7b,alt,mlp,20,0.006736609333132536,5,other,False,,,,,,
fig05_minigpt4_mmke_visual,mmke-visual,minigpt-4-vicuna-7b,alt,mlp,21,0.0021872010904340983,10,other,False,,,,,,
fig05_minigpt4_mmke_visual,mmke-visual,minigpt-4-vicuna-7b,alt,mlp,22,0.0024789987208746005,9,other,False,,,,,,
fig05_minigpt4_mmke_visual,mmke-visual,minigpt-4-vicuna-7b,alt,mlp,23,0.0007484793469910389,18,other,False,,,,,,
fig05_minigpt4_mmke_visual,mmke-visual,minigpt-4-vicuna-7b,alt,mlp,24,0.002564933578895626,8,other,True,57.989999999999995,57.940000000000005,58.050000000000004,100.0,97.3,74.256
fig05_minigpt4_mmke_visual,mmke-visual,minigpt-4-vicuna-7b,alt,mlp,25,0.00025452481120223186,23,other,True,57.89,57.730000000000004,57.74,100.0,98.25,74.322
fig05_minigpt4_mmke_visual,mmke-visual,minigpt-4-vicuna-7b,alt,mlp,26,0.001452001927306091,15,other,True,57.32000000000001,56.97,57.3,100.0,98.06,73.93
fig05_minigpt4_mmke_visual,mmke-visual,minigpt-4-vicuna-7b,alt,mlp,27,0.02241626186306336,2,other,True,57.879999999999995,57.599999999999994,57.52,100.0,97.97,74.194
fig05_minigpt4_mmke_visual,mmke-visual,minigpt-4-vicuna-7b,alt,mlp,28,0.08905552240705931,1,higher_contribution_case,True,57.96,57.92,57.85,100.0,98.46000000000001,74.43800000000002
fig05_minigpt4_mmke_visual,mmke-visual,minigpt-4-vicuna-7b,alt,mlp,29,0.0011596496437817874,16,other,True,56.55,56.18,56.37,100.0,97.23,73.266
fig05_minigpt4_mmke_visual,mmke-visual,minigpt-4-vicuna-7b,alt,mlp,30,0.012070506725260938,3,other,False,,,,,,
fig05_minigpt4_mmke_visual,mmke-visual,minigpt-4-vicuna-7b,alt,mlp,31,0.011423757605362427,4,other,True,47.21,46.58,46.989999999999995,100.0,100.0,68.15599999999999
fig05_minigpt4_mmke_visual,mmke-visual,minigpt-4-vicuna-7b,alt,attn+mlp,0,0.004091538893809986,14,other,True,59.95,60.02,60.14,100.0,98.95,75.812
fig05_minigpt4_mmke_visual,mmke-visual,minigpt-4-vicuna-7b,alt,attn+mlp,1,0.001979583527411551,25,other,True,60.32,60.32,60.55,100.0,97.93,75.824
fig05_minigpt4_mmke_visual,mmke-visual,minigpt-4-vicuna-7b,alt,attn+mlp,2,0.004064063722980981,15,other,True,60.35,60.4,60.64,100.0,98.93,76.064
fig05_minigpt4_mmke_visual,mmke-visual,minigpt-4-vicuna-7b,alt,attn+mlp,3,0.00028556376107495394,31,other,True,61.41,61.6,61.07,100.0,99.09,76.634
fig05_minigpt4_mmke_visual,mmke-visual,minigpt-4-vicuna-7b,alt,attn+mlp,4,0.006340358922696751,11,other,False,,,,,,
fig05_minigpt4_mmke_visual,mmke-visual,minigpt-4-vicuna-7b,alt,attn+mlp,5,0.004224524680593186,13,other,True,62.09,62.03999999999999,61.86000000000001,100.0,98.72999999999999,76.944
fig05_minigpt4_mmke_visual,mmke-visual,minigpt-4-vicuna-7b,alt,attn+mlp,6,0.0004028010349636735,29,other,False,,,,,,
fig05_minigpt4_mmke_visual,mmke-visual,minigpt-4-vicuna-7b,alt,attn+mlp,7,0.002024406819749057,24,other,False,,,,,,
fig05_minigpt4_mmke_visual,mmke-visual,minigpt-4-vicuna-7b,alt,attn+mlp,8,0.0,32,other,True,61.75000000000001,61.62,61.68,100.0,97.91,76.59200000000001
fig05_minigpt4_mmke_visual,mmke-visual,minigpt-4-vicuna-7b,alt,attn+mlp,9,0.0028250654059255756,18,other,True,61.339999999999996,61.27,61.41,100.0,98.89,76.582
fig05_minigpt4_mmke_visual,mmke-visual,minigpt-4-vicuna-7b,alt,attn+mlp,10,0.006793464715747254,10,other,True,61.51,61.480000000000004,61.419999999999995,100.0,98.74000000000001,76.63
fig05_minigpt4_mmke_visual,mmke-visual,minigpt-4-vicuna-7b,alt,attn+mlp,11,0.0007354805633705759,28,other,True,62.029999999999994,61.78,61.970000000000006,100.0,98.37,76.83
fig05_minigpt4_mmke_visual,mmke-visual,minigpt-4-vicuna-7b,alt,attn+mlp,12,0.003666778231672972,16,other,False,,,,,,
fig05_minigpt4_mmke_visual,mmke-visual,minigpt-4-vicuna-7b,alt,attn+mlp,13,0.0027544826192205853,19,other,False,,,,,,
fig05_minigpt4_mmke_visual,mmke-visual,minigpt-4-vicuna-7b,alt,attn+mlp,14,0.0025825787537953663,21,other,True,61.07,60.940000000000005,60.84,100.0,98.88,76.346
fig05_minigpt4_mmke_visual,mmke-visual,minigpt-4-vicuna-7b,alt,attn+mlp,15,0.004653206567170349,12,lower_contribution_reference,True,60.39,60.22,60.11,100.0,98.64,75.872
fig05_minigpt4_mmke_visual,mmke-visual,minigpt-4-vicuna-7b,alt,attn+mlp,16,0.018522927908170627,4,other,True,61.01,60.870000000000005,60.75000000000001,100.0,97.86,76.098
fig05_minigpt4_mmke_visual,mmke-visual,minigpt-4-vicuna-7b,alt,attn+mlp,17,0.0003470894426687778,30,other,True,59.809999999999995,59.86,59.9,100.0,97.14,75.342
fig05_minigpt4_mmke_visual,mmke-visual,minigpt-4-vicuna-7b,alt,attn+mlp,18,0.001963406627435254,26,other,True,59.330000000000005,59.18,59.41,100.0,98.0,75.184
fig05_minigpt4_mmke_visual,mmke-visual,minigpt-4-vicuna-7b,alt,attn+mlp,19,0.002732969197203403,20,other,False,,,,,,
fig05_minigpt4_mmke_visual,mmke-visual,minigpt-4-vicuna-7b,alt,attn+mlp,20,0.006969957697692467,8,other,False,,,,,,
fig05_minigpt4_mmke_visual,mmke-visual,minigpt-4-vicuna-7b,alt,attn+mlp,21,0.0021872010904340983,23,other,False,,,,,,
fig05_minigpt4_mmke_visual,mmke-visual,minigpt-4-vicuna-7b,alt,attn+mlp,22,0.009918823519190803,7,other,False,,,,,,
fig05_minigpt4_mmke_visual,mmke-visual,minigpt-4-vicuna-7b,alt,attn+mlp,23,0.0013931604009328536,27,other,False,,,,,,
fig05_minigpt4_mmke_visual,mmke-visual,minigpt-4-vicuna-7b,alt,attn+mlp,24,0.002881386540701572,17,other,True,57.989999999999995,57.940000000000005,58.050000000000004,100.0,97.3,74.256
fig05_minigpt4_mmke_visual,mmke-visual,minigpt-4-vicuna-7b,alt,attn+mlp,25,0.012282361598341092,6,other,True,57.89,57.730000000000004,57.74,100.0,98.25,74.322
fig05_minigpt4_mmke_visual,mmke-visual,minigpt-4-vicuna-7b,alt,attn+mlp,26,0.0025215226963584865,22,other,True,57.32000000000001,56.97,57.3,100.0,98.06,73.93
fig05_minigpt4_mmke_visual,mmke-visual,minigpt-4-vicuna-7b,alt,attn+mlp,27,0.02327871204574488,3,other,True,57.879999999999995,57.599999999999994,57.52,100.0,97.97,74.194
fig05_minigpt4_mmke_visual,mmke-visual,minigpt-4-vicuna-7b,alt,attn+mlp,28,0.09266977757607789,1,higher_contribution_case,True,57.96,57.92,57.85,100.0,98.46000000000001,74.43800000000002
fig05_minigpt4_mmke_visual,mmke-visual,minigpt-4-vicuna-7b,alt,attn+mlp,29,0.006807837603268765,9,other,True,56.55,56.18,56.37,100.0,97.23,73.266
fig05_minigpt4_mmke_visual,mmke-visual,minigpt-4-vicuna-7b,alt,attn+mlp,30,0.01620410106689535,5,other,False,,,,,,
fig05_minigpt4_mmke_visual,mmke-visual,minigpt-4-vicuna-7b,alt,attn+mlp,31,0.03941692624695876,2,other,True,47.21,46.58,46.989999999999995,100.0,100.0,68.15599999999999
fig05_minigpt4_mmke_visual,mmke-visual,minigpt-4-vicuna-7b,model_pred,attn,0,0.005102995653461597,14,other,True,59.95,60.02,60.14,100.0,98.95,75.812
fig05_minigpt4_mmke_visual,mmke-visual,minigpt-4-vicuna-7b,model_pred,attn,1,0.00044165655423945377,30,other,True,60.32,60.32,60.55,100.0,97.93,75.824
fig05_minigpt4_mmke_visual,mmke-visual,minigpt-4-vicuna-7b,model_pred,attn,2,0.0001523159915612484,31,other,True,60.35,60.4,60.64,100.0,98.93,76.064
fig05_minigpt4_mmke_visual,mmke-visual,minigpt-4-vicuna-7b,model_pred,attn,3,0.0005546979400203808,29,other,True,61.41,61.6,61.07,100.0,99.09,76.634
fig05_minigpt4_mmke_visual,mmke-visual,minigpt-4-vicuna-7b,model_pred,attn,4,0.002125594352012097,22,other,False,,,,,,
fig05_minigpt4_mmke_visual,mmke-visual,minigpt-4-vicuna-7b,model_pred,attn,5,0.0014495591480856416,25,other,True,62.09,62.03999999999999,61.86000000000001,100.0,98.72999999999999,76.944
fig05_minigpt4_mmke_visual,mmke-visual,minigpt-4-vicuna-7b,model_pred,attn,6,0.0014497781782638855,24,other,False,,,,,,
fig05_minigpt4_mmke_visual,mmke-visual,minigpt-4-vicuna-7b,model_pred,attn,7,0.002865477453524141,19,other,False,,,,,,
fig05_minigpt4_mmke_visual,mmke-visual,minigpt-4-vicuna-7b,model_pred,attn,8,0.001280847526110314,26,other,True,61.75000000000001,61.62,61.68,100.0,97.91,76.59200000000001
fig05_minigpt4_mmke_visual,mmke-visual,minigpt-4-vicuna-7b,model_pred,attn,9,0.005868021889448339,13,other,True,61.339999999999996,61.27,61.41,100.0,98.89,76.582
fig05_minigpt4_mmke_visual,mmke-visual,minigpt-4-vicuna-7b,model_pred,attn,10,0.002357758452959319,21,other,True,61.51,61.480000000000004,61.419999999999995,100.0,98.74000000000001,76.63
fig05_minigpt4_mmke_visual,mmke-visual,minigpt-4-vicuna-7b,model_pred,attn,11,0.0,32,other,True,62.029999999999994,61.78,61.970000000000006,100.0,98.37,76.83
fig05_minigpt4_mmke_visual,mmke-visual,minigpt-4-vicuna-7b,model_pred,attn,12,0.0006026201896710646,28,other,False,,,,,,
fig05_minigpt4_mmke_visual,mmke-visual,minigpt-4-vicuna-7b,model_pred,attn,13,0.003187988712034457,17,other,False,,,,,,
fig05_minigpt4_mmke_visual,mmke-visual,minigpt-4-vicuna-7b,model_pred,attn,14,0.015099160493236367,4,other,True,61.07,60.940000000000005,60.84,100.0,98.88,76.346
fig05_minigpt4_mmke_visual,mmke-visual,minigpt-4-vicuna-7b,model_pred,attn,15,0.00252646762273652,20,lower_contribution_reference,True,60.39,60.22,60.11,100.0,98.64,75.872
fig05_minigpt4_mmke_visual,mmke-visual,minigpt-4-vicuna-7b,model_pred,attn,16,0.010493182994982059,8,other,True,61.01,60.870000000000005,60.75000000000001,100.0,97.86,76.098
fig05_minigpt4_mmke_visual,mmke-visual,minigpt-4-vicuna-7b,model_pred,attn,17,0.0014966881964212425,23,other,True,59.809999999999995,59.86,59.9,100.0,97.14,75.342
fig05_minigpt4_mmke_visual,mmke-visual,minigpt-4-vicuna-7b,model_pred,attn,18,0.0030870158159345138,18,other,True,59.330000000000005,59.18,59.41,100.0,98.0,75.184
fig05_minigpt4_mmke_visual,mmke-visual,minigpt-4-vicuna-7b,model_pred,attn,19,0.029147129946149136,2,other,False,,,,,,
fig05_minigpt4_mmke_visual,mmke-visual,minigpt-4-vicuna-7b,model_pred,attn,20,0.010700431288062445,7,other,False,,,,,,
fig05_minigpt4_mmke_visual,mmke-visual,minigpt-4-vicuna-7b,model_pred,attn,21,0.007866280262920796,11,other,False,,,,,,
fig05_minigpt4_mmke_visual,mmke-visual,minigpt-4-vicuna-7b,model_pred,attn,22,0.011827100986032351,5,other,False,,,,,,
fig05_minigpt4_mmke_visual,mmke-visual,minigpt-4-vicuna-7b,model_pred,attn,23,0.004245154526288764,15,other,False,,,,,,
fig05_minigpt4_mmke_visual,mmke-visual,minigpt-4-vicuna-7b,model_pred,attn,24,0.009122373152040019,10,other,True,57.989999999999995,57.940000000000005,58.050000000000004,100.0,97.3,74.256
fig05_minigpt4_mmke_visual,mmke-visual,minigpt-4-vicuna-7b,model_pred,attn,25,0.0041266877760377,16,other,True,57.89,57.730000000000004,57.74,100.0,98.25,74.322
fig05_minigpt4_mmke_visual,mmke-visual,minigpt-4-vicuna-7b,model_pred,attn,26,0.031217382918619852,1,higher_contribution_case,True,57.32000000000001,56.97,57.3,100.0,98.06,73.93
fig05_minigpt4_mmke_visual,mmke-visual,minigpt-4-vicuna-7b,model_pred,attn,27,0.0008251167944754523,27,other,True,57.879999999999995,57.599999999999994,57.52,100.0,97.97,74.194
fig05_minigpt4_mmke_visual,mmke-visual,minigpt-4-vicuna-7b,model_pred,attn,28,0.009172449187066833,9,other,True,57.96,57.92,57.85,100.0,98.46000000000001,74.43800000000002
fig05_minigpt4_mmke_visual,mmke-visual,minigpt-4-vicuna-7b,model_pred,attn,29,0.011287144023459907,6,other,True,56.55,56.18,56.37,100.0,97.23,73.266
fig05_minigpt4_mmke_visual,mmke-visual,minigpt-4-vicuna-7b,model_pred,attn,30,0.026096863872857933,3,other,False,,,,,,
fig05_minigpt4_mmke_visual,mmke-visual,minigpt-4-vicuna-7b,model_pred,attn,31,0.006604357223878166,12,other,True,47.21,46.58,46.989999999999995,100.0,100.0,68.15599999999999
fig06_llava_mmke_visual,mmke-visual,llava-v1.5-7b,model_pred,attn,0,0.0010799842078420946,24,other,True,60.74,60.79,60.88,100.0,93.38,75.15799999999999
fig06_llava_mmke_visual,mmke-visual,llava-v1.5-7b,model_pred,attn,1,0.004188129602604341,13,other,True,61.27,61.21,61.56,100.0,94.16,75.64000000000001
fig06_llava_mmke_visual,mmke-visual,llava-v1.5-7b,model_pred,attn,2,0.0020046642964030893,18,other,True,63.43,63.239999999999995,63.39,100.0,93.87,76.786
fig06_llava_mmke_visual,mmke-visual,llava-v1.5-7b,model_pred,attn,3,0.002329084041934129,17,other,True,62.32,62.23,62.339999999999996,100.0,94.04,76.186
fig06_llava_mmke_visual,mmke-visual,llava-v1.5-7b,model_pred,attn,4,0.0004038018859416953,26,other,False,,,,,,
fig06_llava_mmke_visual,mmke-visual,llava-v1.5-7b,model_pred,attn,5,0.00026921738806564085,30,other,False,,,,,,
fig06_llava_mmke_visual,mmke-visual,llava-v1.5-7b,model_pred,attn,6,0.00299658317253097,16,other,False,,,,,,
fig06_llava_mmke_visual,mmke-visual,llava-v1.5-7b,model_pred,attn,7,0.0012715979778693863,21,other,True,62.21,62.150000000000006,62.3,100.0,96.1,76.55199999999999
fig06_llava_mmke_visual,mmke-visual,llava-v1.5-7b,model_pred,attn,8,0.0012113513926081479,22,other,True,62.93,62.849999999999994,62.660000000000004,100.0,96.6,77.008
fig06_llava_mmke_visual,mmke-visual,llava-v1.5-7b,model_pred,attn,9,0.00019251845609327657,32,other,True,62.63999999999999,62.660000000000004,62.69,100.0,96.56,76.91
fig06_llava_mmke_visual,mmke-visual,llava-v1.5-7b,model_pred,attn,10,0.0019648366741203687,19,other,False,,,,,,
fig06_llava_mmke_visual,mmke-visual,llava-v1.5-7b,model_pred,attn,11,0.0003536445883767952,28,other,False,,,,,,
fig06_llava_mmke_visual,mmke-visual,llava-v1.5-7b,model_pred,attn,12,0.00023573347656565832,31,other,True,61.629999999999995,61.63999999999999,61.519999999999996,100.0,95.56,76.07
fig06_llava_mmke_visual,mmke-visual,llava-v1.5-7b,model_pred,attn,13,0.0003588399982356796,27,other,False,,,,,,
fig06_llava_mmke_visual,mmke-visual,llava-v1.5-7b,model_pred,attn,14,0.0006761087189678214,25,other,True,62.029999999999994,62.07,62.33,100.0,96.14,76.514
fig06_llava_mmke_visual,mmke-visual,llava-v1.5-7b,model_pred,attn,15,0.0011045737294975687,23,lower_contribution_reference,True,61.019999999999996,61.0,60.91,100.0,95.83,75.752
fig06_llava_mmke_visual,mmke-visual,llava-v1.5-7b,model_pred,attn,16,0.001461977814388217,20,other,True,60.64000000000001,60.33,60.58,100.0,97.15,75.74000000000001
fig06_llava_mmke_visual,mmke-visual,llava-v1.5-7b,model_pred,attn,17,0.003492859103101794,15,other,False,,,,,,
fig06_llava_mmke_visual,mmke-visual,llava-v1.5-7b,model_pred,attn,18,0.004734113646843268,12,other,False,,,,,,
fig06_llava_mmke_visual,mmke-visual,llava-v1.5-7b,model_pred,attn,19,0.009986697540593852,9,other,False,,,,,,
fig06_llava_mmke_visual,mmke-visual,llava-v1.5-7b,model_pred,attn,20,0.011296304963068023,8,other,False,,,,,,
fig06_llava_mmke_visual,mmke-visual,llava-v1.5-7b,model_pred,attn,21,0.003782673834035341,14,other,False,,,,,,
fig06_llava_mmke_visual,mmke-visual,llava-v1.5-7b,model_pred,attn,22,0.006587483435648261,11,other,True,57.52,57.34,57.48,100.0,96.86,73.84
fig06_llava_mmke_visual,mmke-visual,llava-v1.5-7b,model_pred,attn,23,0.00033711451866868055,29,other,False,,,,,,
fig06_llava_mmke_visual,mmke-visual,llava-v1.5-7b,model_pred,attn,24,0.03199356310791936,5,other,True,58.4,58.07,58.42,100.0,98.04,74.586
fig06_llava_mmke_visual,mmke-visual,llava-v1.5-7b,model_pred,attn,25,0.03002994037940412,6,other,False,,,,,,
fig06_llava_mmke_visual,mmke-visual,llava-v1.5-7b,model_pred,attn,26,0.08458933995317817,3,other,True,57.410000000000004,57.08,57.269999999999996,100.0,95.36,73.424
fig06_llava_mmke_visual,mmke-visual,llava-v1.5-7b,model_pred,attn,27,0.00831157998142289,10,other,True,58.830000000000005,58.379999999999995,58.660000000000004,100.0,96.11,74.396
fig06_llava_mmke_visual,mmke-visual,llava-v1.5-7b,model_pred,attn,28,0.14402748399616608,2,higher_contribution_case,True,57.58,57.489999999999995,57.989999999999995,100.0,94.57,73.526
fig06_llava_mmke_visual,mmke-visual,llava-v1.5-7b,model_pred,attn,29,0.026219040612535934,7,other,False,,,,,,
fig06_llava_mmke_visual,mmke-visual,llava-v1.5-7b,model_pred,attn,30,0.27467359820927084,1,other,False,,,,,,
fig06_llava_mmke_visual,mmke-visual,llava-v1.5-7b,model_pred,attn,31,0.06907804933149199,4,other,False,,,,,,
fig06_llava_mmke_visual,mmke-visual,llava-v1.5-7b,alt,mlp,0,0.0,23,other,True,60.74,60.79,60.88,100.0,93.38,75.15799999999999
fig06_llava_mmke_visual,mmke-visual,llava-v1.5-7b,alt,mlp,1,0.0,22,other,True,61.27,61.21,61.56,100.0,94.16,75.64000000000001
fig06_llava_mmke_visual,mmke-visual,llava-v1.5-7b,alt,mlp,2,0.0017606068209654576,6,other,True,63.43,63.239999999999995,63.39,100.0,93.87,76.786
fig06_llava_mmke_visual,mmke-visual,llava-v1.5-7b,alt,mlp,3,0.0,29,other,True,62.32,62.23,62.339999999999996,100.0,94.04,76.186
fig06_llava_mmke_visual,mmke-visual,llava-v1.5-7b,alt,mlp,4,0.00019612740818069198,14,other,False,,,,,,
fig06_llava_mmke_visual,mmke-visual,llava-v1.5-7b,alt,mlp,5,0.0,24,other,False,,,,,,
fig06_llava_mmke_visual,mmke-visual,llava-v1.5-7b,alt,mlp,6,0.0006601921645432101,12,other,False,,,,,,
fig06_llava_mmke_visual,mmke-visual,llava-v1.5-7b,alt,mlp,7,0.001313845989137322,7,other,True,62.21,62.150000000000006,62.3,100.0,96.1,76.55199999999999
fig06_llava_mmke_visual,mmke-visual,llava-v1.5-7b,alt,mlp,8,0.0,26,other,True,62.93,62.849999999999994,62.660000000000004,100.0,96.6,77.008
fig06_llava_mmke_visual,mmke-visual,llava-v1.5-7b,alt,mlp,9,0.0,27,other,True,62.63999999999999,62.660000000000004,62.69,100.0,96.56,76.91
fig06_llava_mmke_visual,mmke-visual,llava-v1.5-7b,alt,mlp,10,0.0010553688596010513,8,other,False,,,,,,
fig06_llava_mmke_visual,mmke-visual,llava-v1.5-7b,alt,mlp,11,0.0,28,other,False,,,,,,
fig06_llava_mmke_visual,mmke-visual,llava-v1.5-7b,alt,mlp,12,2.8054562891930322e-05,21,other,True,61.629999999999995,61.63999999999999,61.519999999999996,100.0,95.56,76.07
fig06_llava_mmke_visual,mmke-visual,llava-v1.5-7b,alt,mlp,13,6.679333452510325e-05,18,other,False,,,,,,
fig06_llava_mmke_visual,mmke-visual,llava-v1.5-7b,alt,mlp,14,0.0,25,other,True,62.029999999999994,62.07,62.33,100.0,96.14,76.514
fig06_llava_mmke_visual,mmke-visual,llava-v1.5-7b,alt,mlp,15,0.0005899077285565247,13,lower_contribution_reference,True,61.019999999999996,61.0,60.91,100.0,95.83,75.752
fig06_llava_mmke_visual,mmke-visual,llava-v1.5-7b,alt,mlp,16,0.0006999587594649433,11,other,True,60.64000000000001,60.33,60.58,100.0,97.15,75.74000000000001
fig06_llava_mmke_visual,mmke-visual,llava-v1.5-7b,alt,mlp,17,8.401663241092548e-05,17,other,False,,,,,,
fig06_llava_mmke_visual,mmke-visual,llava-v1.5-7b,alt,mlp,18,0.00014285485386692244,15,other,False,,,,,,
fig06_llava_mmke_visual,mmke-visual,llava-v1.5-7b,alt,mlp,19,0.0,31,other,False,,,,,,
fig06_llava_mmke_visual,mmke-visual,llava-v1.5-7b,alt,mlp,20,0.0,32,other,False,,,,,,
fig06_llava_mmke_visual,mmke-visual,llava-v1.5-7b,alt,mlp,21,6.467215391515736e-05,19,other,False,,,,,,
fig06_llava_mmke_visual,mmke-visual,llava-v1.5-7b,alt,mlp,22,6.38435520536735e-05,20,other,True,57.52,57.34,57.48,100.0,96.86,73.84
fig06_llava_mmke_visual,mmke-visual,llava-v1.5-7b,alt,mlp,23,0.0,30,other,False,,,,,,
fig06_llava_mmke_visual,mmke-visual,llava-v1.5-7b,alt,mlp,24,0.0007405370539029614,10,other,True,58.4,58.07,58.42,100.0,98.04,74.586
fig06_llava_mmke_visual,mmke-visual,llava-v1.5-7b,alt,mlp,25,8.515202063040701e-05,16,other,False,,,,,,
fig06_llava_mmke_visual,mmke-visual,llava-v1.5-7b,alt,mlp,26,0.0008555601739667836,9,other,True,57.410000000000004,57.08,57.269999999999996,100.0,95.36,73.424
fig06_llava_mmke_visual,mmke-visual,llava-v1.5-7b,alt,mlp,27,0.0029776747603149447,5,other,True,58.830000000000005,58.379999999999995,58.660000000000004,100.0,96.11,74.396
fig06_llava_mmke_visual,mmke-visual,llava-v1.5-7b,alt,mlp,28,0.007399503831978071,4,higher_contribution_case,True,57.58,57.489999999999995,57.989999999999995,100.0,94.57,73.526
fig06_llava_mmke_visual,mmke-visual,llava-v1.5-7b,alt,mlp,29,0.015521267963785645,3,other,False,,,,,,
fig06_llava_mmke_visual,mmke-visual,llava-v1.5-7b,alt,mlp,30,0.5100628305169383,1,other,False,,,,,,
fig06_llava_mmke_visual,mmke-visual,llava-v1.5-7b,alt,mlp,31,0.018169466785200383,2,other,False,,,,,,
fig06_llava_mmke_visual,mmke-visual,llava-v1.5-7b,alt,attn+mlp,0,0.00036116500896365956,19,other,True,60.74,60.79,60.88,100.0,93.38,75.15799999999999
fig06_llava_mmke_visual,mmke-visual,llava-v1.5-7b,alt,attn+mlp,1,0.0023954568854665996,9,other,True,61.27,61.21,61.56,100.0,94.16,75.64000000000001
fig06_llava_mmke_visual,mmke-visual,llava-v1.5-7b,alt,attn+mlp,2,0.0017606068209654576,11,other,True,63.43,63.239999999999995,63.39,100.0,93.87,76.786
fig06_llava_mmke_visual,mmke-visual,llava-v1.5-7b,alt,attn+mlp,3,0.001571048241977592,12,other,True,62.32,62.23,62.339999999999996,100.0,94.04,76.186
fig06_llava_mmke_visual,mmke-visual,llava-v1.5-7b,alt,attn+mlp,4,0.00019612740818069198,21,other,False,,,,,,
fig06_llava_mmke_visual,mmke-visual,llava-v1.5-7b,alt,attn+mlp,5,0.0,31,other,False,,,,,,
fig06_llava_mmke_visual,mmke-visual,llava-v1.5-7b,alt,attn+mlp,6,0.003163845254960588,6,other,False,,,,,,
fig06_llava_mmke_visual,mmke-visual,llava-v1.5-7b,alt,attn+mlp,7,0.0014590191699138204,13,other,True,62.21,62.150000000000006,62.3,100.0,96.1,76.55199999999999
fig06_llava_mmke_visual,mmke-visual,llava-v1.5-7b,alt,attn+mlp,8,0.00042179161299164125,18,other,True,62.93,62.849999999999994,62.660000000000004,100.0,96.6,77.008
fig06_llava_mmke_visual,mmke-visual,llava-v1.5-7b,alt,attn+mlp,9,0.0,30,other,True,62.63999999999999,62.660000000000004,62.69,100.0,96.56,76.91
fig06_llava_mmke_visual,mmke-visual,llava-v1.5-7b,alt,attn+mlp,10,0.0021822084997928847,10,other,False,,,,,,
fig06_llava_mmke_visual,mmke-visual,llava-v1.5-7b,alt,attn+mlp,11,0.00019363496423219765,22,other,False,,,,,,
fig06_llava_mmke_visual,mmke-visual,llava-v1.5-7b,alt,attn+mlp,12,2.8054562891930322e-05,26,other,True,61.629999999999995,61.63999999999999,61.519999999999996,100.0,95.56,76.07
fig06_llava_mmke_visual,mmke-visual,llava-v1.5-7b,alt,attn+mlp,13,0.000126930870091595,23,other,False,,,,,,
fig06_llava_mmke_visual,mmke-visual,llava-v1.5-7b,alt,attn+mlp,14,0.0,29,other,True,62.029999999999994,62.07,62.33,100.0,96.14,76.514
fig06_llava_mmke_visual,mmke-visual,llava-v1.5-7b,alt,attn+mlp,15,0.0005899077285565247,16,lower_contribution_reference,True,61.019999999999996,61.0,60.91,100.0,95.83,75.752
fig06_llava_mmke_visual,mmke-visual,llava-v1.5-7b,alt,attn+mlp,16,0.0006999587594649433,15,other,True,60.64000000000001,60.33,60.58,100.0,97.15,75.74000000000001
fig06_llava_mmke_visual,mmke-visual,llava-v1.5-7b,alt,attn+mlp,17,0.00011576654036264545,24,other,False,,,,,,
fig06_llava_mmke_visual,mmke-visual,llava-v1.5-7b,alt,attn+mlp,18,0.00048005874868403014,17,other,False,,,,,,
fig06_llava_mmke_visual,mmke-visual,llava-v1.5-7b,alt,attn+mlp,19,5.480284553222002e-06,28,other,False,,,,,,
fig06_llava_mmke_visual,mmke-visual,llava-v1.5-7b,alt,attn+mlp,20,8.538699049655157e-06,27,other,False,,,,,,
fig06_llava_mmke_visual,mmke-visual,llava-v1.5-7b,alt,attn+mlp,21,0.00028398636275103544,20,other,False,,,,,,
fig06_llava_mmke_visual,mmke-visual,llava-v1.5-7b,alt,attn+mlp,22,8.123461411505342e-05,25,other,True,57.52,57.34,57.48,100.0,96.86,73.84
fig06_llava_mmke_visual,mmke-visual,llava-v1.5-7b,alt,attn+mlp,23,0.0,32,other,False,,,,,,
fig06_llava_mmke_visual,mmke-visual,llava-v1.5-7b,alt,attn+mlp,24,0.0009465858144519466,14,other,True,58.4,58.07,58.42,100.0,98.04,74.586
fig06_llava_mmke_visual,mmke-visual,llava-v1.5-7b,alt,attn+mlp,25,0.011463677523830861,4,other,False,,,,,,
fig06_llava_mmke_visual,mmke-visual,llava-v1.5-7b,alt,attn+mlp,26,0.002809466223901266,8,other,True,57.410000000000004,57.08,57.269999999999996,100.0,95.36,73.424
fig06_llava_mmke_visual,mmke-visual,llava-v1.5-7b,alt,attn+mlp,27,0.0031125657293782217,7,other,True,58.830000000000005,58.379999999999995,58.660000000000004,100.0,96.11,74.396
fig06_llava_mmke_visual,mmke-visual,llava-v1.5-7b,alt,attn+mlp,28,0.009433439711896082,5,higher_contribution_case,True,57.58,57.489999999999995,57.989999999999995,100.0,94.57,73.526
fig06_llava_mmke_visual,mmke-visual,llava-v1.5-7b,alt,attn+mlp,29,0.017116354029111148,3,other,False,,,,,,
fig06_llava_mmke_visual,mmke-visual,llava-v1.5-7b,alt,attn+mlp,30,0.5172695862198311,1,other,False,,,,,,
fig06_llava_mmke_visual,mmke-visual,llava-v1.5-7b,alt,attn+mlp,31,0.09052104782665685,2,other,False,,,,,,
fig07_llava_mmke_entity,mmke-entity,llava-v1.5-7b,model_pred,attn,0,0.001429522279992374,18,other,False,,,,,,
fig07_llava_mmke_entity,mmke-entity,llava-v1.5-7b,model_pred,attn,1,0.007462698625151005,5,other,False,,,,,,
fig07_llava_mmke_entity,mmke-entity,llava-v1.5-7b,model_pred,attn,2,0.0007946273130064119,24,other,False,,,,,,
fig07_llava_mmke_entity,mmke-entity,llava-v1.5-7b,model_pred,attn,3,0.001616479885107676,16,other,False,,,,,,
fig07_llava_mmke_entity,mmke-entity,llava-v1.5-7b,model_pred,attn,4,0.0,32,other,False,,,,,,
fig07_llava_mmke_entity,mmke-entity,llava-v1.5-7b,model_pred,attn,5,0.0,31,other,False,,,,,,
fig07_llava_mmke_entity,mmke-entity,llava-v1.5-7b,model_pred,attn,6,0.0020786005382061492,15,other,False,,,,,,
fig07_llava_mmke_entity,mmke-entity,llava-v1.5-7b,model_pred,attn,7,0.001556551764766161,17,other,False,,,,,,
fig07_llava_mmke_entity,mmke-entity,llava-v1.5-7b,model_pred,attn,8,0.006665581250419662,7,other,False,,,,,,
fig07_llava_mmke_entity,mmke-entity,llava-v1.5-7b,model_pred,attn,9,0.0010894708254017044,22,other,True,60.96,60.99,60.95,100.0,95.23,75.626
fig07_llava_mmke_entity,mmke-entity,llava-v1.5-7b,model_pred,attn,10,0.00676158679712309,6,other,False,,,,,,
fig07_llava_mmke_entity,mmke-entity,llava-v1.5-7b,model_pred,attn,11,0.0006676296912061504,25,other,False,,,,,,
fig07_llava_mmke_entity,mmke-entity,llava-v1.5-7b,model_pred,attn,12,0.0004986856779922108,26,other,False,,,,,,
fig07_llava_mmke_entity,mmke-entity,llava-v1.5-7b,model_pred,attn,13,0.0011691736313891184,20,other,False,,,,,,
fig07_llava_mmke_entity,mmke-entity,llava-v1.5-7b,model_pred,attn,14,0.0,30,other,True,61.309999999999995,61.45,61.29,100.0,96.12,76.03399999999999
fig07_llava_mmke_entity,mmke-entity,llava-v1.5-7b,model_pred,attn,15,0.0,29,lower_contribution_reference,True,61.07,61.18,61.01,100.0,95.43,75.738
fig07_llava_mmke_entity,mmke-entity,llava-v1.5-7b,model_pred,attn,16,0.00016158706823111055,27,other,True,61.129999999999995,61.25000000000001,61.1,100.0,96.57,76.01
fig07_llava_mmke_entity,mmke-entity,llava-v1.5-7b,model_pred,attn,17,0.002886350978055395,13,other,False,,,,,,
fig07_llava_mmke_entity,mmke-entity,llava-v1.5-7b,model_pred,attn,18,0.003486239204670169,12,other,False,,,,,,
fig07_llava_mmke_entity,mmke-entity,llava-v1.5-7b,model_pred,attn,19,0.0012981988659060797,19,other,False,,,,,,
fig07_llava_mmke_entity,mmke-entity,llava-v1.5-7b,model_pred,attn,20,0.005924619136321787,9,other,False,,,,,,
fig07_llava_mmke_entity,mmke-entity,llava-v1.5-7b,model_pred,attn,21,0.0052258617249817795,10,other,False,,,,,,
fig07_llava_mmke_entity,mmke-entity,llava-v1.5-7b,model_pred,attn,22,0.0020936516321150324,14,other,True,60.31999999999999,60.4,60.34,100.0,97.03,75.61800000000001
fig07_llava_mmke_entity,mmke-entity,llava-v1.5-7b,model_pred,attn,23,0.0009636096537546365,23,other,True,60.39,60.41,60.34,100.0,96.56,75.53999999999999
fig07_llava_mmke_entity,mmke-entity,llava-v1.5-7b,model_pred,attn,24,0.39656509174869553,1,higher_contribution_case,True,60.050000000000004,60.14000000000001,60.040000000000006,100.0,96.74000000000001,75.394
fig07_llava_mmke_entity,mmke-entity,llava-v1.5-7b,model_pred,attn,25,0.006286759506220265,8,other,False,,,,,,
fig07_llava_mmke_entity,mmke-entity,llava-v1.5-7b,model_pred,attn,26,0.0011456095757316142,21,other,True,59.95,60.07,59.97,100.0,95.73,75.144
fig07_llava_mmke_entity,mmke-entity,llava-v1.5-7b,model_pred,attn,27,2.7803673283005423e-05,28,other,True,60.029999999999994,60.08,60.0,100.0,95.63000000000001,75.148
fig07_llava_mmke_entity,mmke-entity,llava-v1.5-7b,model_pred,attn,28,0.010716015951202772,2,other,True,59.47,59.540000000000006,59.5,100.0,95.19999999999999,74.74199999999999
fig07_llava_mmke_entity,mmke-entity,llava-v1.5-7b,model_pred,attn,29,0.00984595091291603,3,other,False,,,,,,
fig07_llava_mmke_entity,mmke-entity,llava-v1.5-7b,model_pred,attn,30,0.0041378868499811925,11,other,False,,,,,,
fig07_llava_mmke_entity,mmke-entity,llava-v1.5-7b,model_pred,attn,31,0.008991908339710997,4,other,False,,,,,,
fig07_llava_mmke_entity,mmke-entity,llava-v1.5-7b,alt,mlp,0,0.0,23,other,False,,,,,,
fig07_llava_mmke_entity,mmke-entity,llava-v1.5-7b,alt,mlp,1,0.0,22,other,False,,,,,,
fig07_llava_mmke_entity,mmke-entity,llava-v1.5-7b,alt,mlp,2,0.0009853125128285547,8,other,False,,,,,,
fig07_llava_mmke_entity,mmke-entity,llava-v1.5-7b,alt,mlp,3,0.0,25,other,False,,,,,,
fig07_llava_mmke_entity,mmke-entity,llava-v1.5-7b,alt,mlp,4,0.00012047137231066146,14,other,False,,,,,,
fig07_llava_mmke_entity,mmke-entity,llava-v1.5-7b,alt,mlp,5,0.0,24,other,False,,,,,,
fig07_llava_mmke_entity,mmke-entity,llava-v1.5-7b,alt,mlp,6,0.0006111868827845057,10,other,False,,,,,,
fig07_llava_mmke_entity,mmke-entity,llava-v1.5-7b,alt,mlp,7,0.0014936238853350394,7,other,False,,,,,,
fig07_llava_mmke_entity,mmke-entity,llava-v1.5-7b,alt,mlp,8,0.0,21,other,False,,,,,,
fig07_llava_mmke_entity,mmke-entity,llava-v1.5-7b,alt,mlp,9,0.0,19,other,True,60.96,60.99,60.95,100.0,95.23,75.626
fig07_llava_mmke_entity,mmke-entity,llava-v1.5-7b,alt,mlp,10,0.0005782593719322029,11,other,False,,,,,,
fig07_llava_mmke_entity,mmke-entity,llava-v1.5-7b,alt,mlp,11,0.0,20,other,False,,,,,,
fig07_llava_mmke_entity,mmke-entity,llava-v1.5-7b,alt,mlp,12,0.0008725518100080761,9,other,False,,,,,,
fig07_llava_mmke_entity,mmke-entity,llava-v1.5-7b,alt,mlp,13,0.0,26,other,False,,,,,,
fig07_llava_mmke_entity,mmke-entity,llava-v1.5-7b,alt,mlp,14,0.0,18,other,True,61.309999999999995,61.45,61.29,100.0,96.12,76.03399999999999
fig07_llava_mmke_entity,mmke-entity,llava-v1.5-7b,alt,mlp,15,0.00011430895295640712,15,lower_contribution_reference,True,61.07,61.18,61.01,100.0,95.43,75.738
fig07_llava_mmke_entity,mmke-entity,llava-v1.5-7b,alt,mlp,16,0.0,29,other,True,61.129999999999995,61.25000000000001,61.1,100.0,96.57,76.01
fig07_llava_mmke_entity,mmke-entity,llava-v1.5-7b,alt,mlp,17,0.0,30,other,False,,,,,,
fig07_llava_mmke_entity,mmke-entity,llava-v1.5-7b,alt,mlp,18,3.572812462329442e-05,17,other,False,,,,,,
fig07_llava_mmke_entity,mmke-entity,llava-v1.5-7b,alt,mlp,19,0.0,32,other,False,,,,,,
fig07_llava_mmke_entity,mmke-entity,llava-v1.5-7b,alt,mlp,20,0.0,31,other,False,,,,,,
fig07_llava_mmke_entity,mmke-entity,llava-v1.5-7b,alt,mlp,21,0.0001722878275987001,13,other,False,,,,,,
fig07_llava_mmke_entity,mmke-entity,llava-v1.5-7b,alt,mlp,22,0.0,28,other,True,60.31999999999999,60.4,60.34,100.0,97.03,75.61800000000001
fig07_llava_mmke_entity,mmke-entity,llava-v1.5-7b,alt,mlp,23,0.0,27,other,True,60.39,60.41,60.34,100.0,96.56,75.53999999999999
fig07_llava_mmke_entity,mmke-entity,llava-v1.5-7b,alt,mlp,24,7.115329619898358e-05,16,other,True,60.050000000000004,60.14000000000001,60.040000000000006,100.0,96.74000000000001,75.394
fig07_llava_mmke_entity,mmke-entity,llava-v1.5-7b,alt,mlp,25,0.0005395934343045793,12,other,False,,,,,,
fig07_llava_mmke_entity,mmke-entity,llava-v1.5-7b,alt,mlp,26,0.0015951239015424914,6,other,True,59.95,60.07,59.97,100.0,95.73,75.144
fig07_llava_mmke_entity,mmke-entity,llava-v1.5-7b,alt,mlp,27,0.009099036519356462,4,higher_contribution_case,True,60.029999999999994,60.08,60.0,100.0,95.63000000000001,75.148
fig07_llava_mmke_entity,mmke-entity,llava-v1.5-7b,alt,mlp,28,0.0077742997568211744,5,other,True,59.47,59.540000000000006,59.5,100.0,95.19999999999999,74.74199999999999
fig07_llava_mmke_entity,mmke-entity,llava-v1.5-7b,alt,mlp,29,0.0651433410153211,2,other,False,,,,,,
fig07_llava_mmke_entity,mmke-entity,llava-v1.5-7b,alt,mlp,30,0.4604809774649682,1,other,False,,,,,,
fig07_llava_mmke_entity,mmke-entity,llava-v1.5-7b,alt,mlp,31,0.027346705475715202,3,other,False,,,,,,
fig07_llava_mmke_entity,mmke-entity,llava-v1.5-7b,alt,attn+mlp,0,0.0008386456019638609,16,other,False,,,,,,
fig07_llava_mmke_entity,mmke-entity,llava-v1.5-7b,alt,attn+mlp,1,0.0022509510249202743,11,other,False,,,,,,
fig07_llava_mmke_entity,mmke-entity,llava-v1.5-7b,alt,attn+mlp,2,0.0009853125128285547,14,other,False,,,,,,
fig07_llava_mmke_entity,mmke-entity,llava-v1.5-7b,alt,attn+mlp,3,0.0017374205488645575,12,other,False,,,,,,
fig07_llava_mmke_entity,mmke-entity,llava-v1.5-7b,alt,attn+mlp,4,0.00012047137231066146,21,other,False,,,,,,
fig07_llava_mmke_entity,mmke-entity,llava-v1.5-7b,alt,attn+mlp,5,0.0,28,other,False,,,,,,
fig07_llava_mmke_entity,mmke-entity,llava-v1.5-7b,alt,attn+mlp,6,0.0035077878250105964,7,other,False,,,,,,
fig07_llava_mmke_entity,mmke-entity,llava-v1.5-7b,alt,attn+mlp,7,0.0023107423511318044,9,other,False,,,,,,
fig07_llava_mmke_entity,mmke-entity,llava-v1.5-7b,alt,attn+mlp,8,0.0008651454892793603,15,other,False,,,,,,
fig07_llava_mmke_entity,mmke-entity,llava-v1.5-7b,alt,attn+mlp,9,0.0,27,other,True,60.96,60.99,60.95,100.0,95.23,75.626
fig07_llava_mmke_entity,mmke-entity,llava-v1.5-7b,alt,attn+mlp,10,0.0034766380251241803,8,other,False,,,,,,
fig07_llava_mmke_entity,mmke-entity,llava-v1.5-7b,alt,attn+mlp,11,0.0,26,other,False,,,,,,
fig07_llava_mmke_entity,mmke-entity,llava-v1.5-7b,alt,attn+mlp,12,0.0011344897294219211,13,other,False,,,,,,
fig07_llava_mmke_entity,mmke-entity,llava-v1.5-7b,alt,attn+mlp,13,0.0005675223168679975,18,other,False,,,,,,
fig07_llava_mmke_entity,mmke-entity,llava-v1.5-7b,alt,attn+mlp,14,0.0,25,other,True,61.309999999999995,61.45,61.29,100.0,96.12,76.03399999999999
fig07_llava_mmke_entity,mmke-entity,llava-v1.5-7b,alt,attn+mlp,15,0.00011430895295640712,22,lower_contribution_reference,True,61.07,61.18,61.01,100.0,95.43,75.738
fig07_llava_mmke_entity,mmke-entity,llava-v1.5-7b,alt,attn+mlp,16,0.0,30,other,True,61.129999999999995,61.25000000000001,61.1,100.0,96.57,76.01
fig07_llava_mmke_entity,mmke-entity,llava-v1.5-7b,alt,attn+mlp,17,0.0,31,other,False,,,,,,
fig07_llava_mmke_entity,mmke-entity,llava-v1.5-7b,alt,attn+mlp,18,0.0007497950316545758,17,other,False,,,,,,
fig07_llava_mmke_entity,mmke-entity,llava-v1.5-7b,alt,attn+mlp,19,0.0,32,other,False,,,,,,
fig07_llava_mmke_entity,mmke-entity,llava-v1.5-7b,alt,attn+mlp,20,9.131553722928401e-06,23,other,False,,,,,,
fig07_llava_mmke_entity,mmke-entity,llava-v1.5-7b,alt,attn+mlp,21,0.00019747567178809555,19,other,False,,,,,,
fig07_llava_mmke_entity,mmke-entity,llava-v1.5-7b,alt,attn+mlp,22,2.842771063895085e-06,24,other,True,60.31999999999999,60.4,60.34,100.0,97.03,75.61800000000001
fig07_llava_mmke_entity,mmke-entity,llava-v1.5-7b,alt,attn+mlp,23,0.0,29,other,True,60.39,60.41,60.34,100.0,96.56,75.53999999999999
fig07_llava_mmke_entity,mmke-entity,llava-v1.5-7b,alt,attn+mlp,24,0.00012109382176151627,20,other,True,60.050000000000004,60.14000000000001,60.040000000000006,100.0,96.74000000000001,75.394
fig07_llava_mmke_entity,mmke-entity,llava-v1.5-7b,alt,attn+mlp,25,0.23314222294061915,2,other,False,,,,,,
fig07_llava_mmke_entity,mmke-entity,llava-v1.5-7b,alt,attn+mlp,26,0.002302954362619464,10,other,True,59.95,60.07,59.97,100.0,95.73,75.144
fig07_llava_mmke_entity,mmke-entity,llava-v1.5-7b,alt,attn+mlp,27,0.009111446381507687,5,higher_contribution_case,True,60.029999999999994,60.08,60.0,100.0,95.63000000000001,75.148
fig07_llava_mmke_entity,mmke-entity,llava-v1.5-7b,alt,attn+mlp,28,0.008240317192147345,6,other,True,59.47,59.540000000000006,59.5,100.0,95.19999999999999,74.74199999999999
fig07_llava_mmke_entity,mmke-entity,llava-v1.5-7b,alt,attn+mlp,29,0.06599809644574789,4,other,False,,,,,,
fig07_llava_mmke_entity,mmke-entity,llava-v1.5-7b,alt,attn+mlp,30,0.46077254295244335,1,other,False,,,,,,
fig07_llava_mmke_entity,mmke-entity,llava-v1.5-7b,alt,attn+mlp,31,0.07234125186373598,3,other,False,,,,,,
fig08_instructblip_mmke_entity,mmke-entity,instructblip-vicuna-7b,alt,attn,0,0.001536890120527301,12,other,True,48.7,48.77,48.74,100.0,95.38,68.32
fig08_instructblip_mmke_entity,mmke-entity,instructblip-vicuna-7b,alt,attn,1,0.0012418983182039555,15,other,True,48.72,48.85,48.71,100.0,99.61,69.18
fig08_instructblip_mmke_entity,mmke-entity,instructblip-vicuna-7b,alt,attn,2,0.004396719210153838,4,other,True,16.71,16.24,16.61,100.0,99.38,49.788
fig08_instructblip_mmke_entity,mmke-entity,instructblip-vicuna-7b,alt,attn,3,0.0,29,other,True,17.12,16.72,17.08,100.0,99.19,50.02
fig08_instructblip_mmke_entity,mmke-entity,instructblip-vicuna-7b,alt,attn,4,0.0009033633753347215,19,other,True,15.15,14.54,15.05,100.0,99.72,48.89
fig08_instructblip_mmke_entity,mmke-entity,instructblip-vicuna-7b,alt,attn,5,0.0026461754308178243,8,other,True,13.91,13.44,13.84,100.0,99.82,48.2
fig08_instructblip_mmke_entity,mmke-entity,instructblip-vicuna-7b,alt,attn,6,0.0010652332834199616,16,other,False,,,,,,
fig08_instructblip_mmke_entity,mmke-entity,instructblip-vicuna-7b,alt,attn,7,0.0,32,other,False,,,,,,
fig08_instructblip_mmke_entity,mmke-entity,instructblip-vicuna-7b,alt,attn,8,0.0,30,other,False,,,,,,
fig08_instructblip_mmke_entity,mmke-entity,instructblip-vicuna-7b,alt,attn,9,0.0010210369328712656,17,other,False,,,,,,
fig08_instructblip_mmke_entity,mmke-entity,instructblip-vicuna-7b,alt,attn,10,0.0,28,other,False,,,,,,
fig08_instructblip_mmke_entity,mmke-entity,instructblip-vicuna-7b,alt,attn,11,0.0,31,other,False,,,,,,
fig08_instructblip_mmke_entity,mmke-entity,instructblip-vicuna-7b,alt,attn,12,0.0010101760922020097,18,other,False,,,,,,
fig08_instructblip_mmke_entity,mmke-entity,instructblip-vicuna-7b,alt,attn,13,0.001258358125896633,14,other,False,,,,,,
fig08_instructblip_mmke_entity,mmke-entity,instructblip-vicuna-7b,alt,attn,14,0.002292608568289338,10,other,True,14.62,14.469999999999999,14.57,100.0,99.53,48.638
fig08_instructblip_mmke_entity,mmke-entity,instructblip-vicuna-7b,alt,attn,15,0.0006622143428406135,21,lower_contribution_reference,True,14.99,14.6,14.879999999999999,100.0,99.75,48.844
fig08_instructblip_mmke_entity,mmke-entity,instructblip-vicuna-7b,alt,attn,16,0.0037677029196170127,6,other,True,14.85,14.330000000000002,14.81,100.0,99.61,48.720000000000006
fig08_instructblip_mmke_entity,mmke-entity,instructblip-vicuna-7b,alt,attn,17,0.00562383033933115,3,other,True,15.27,14.499999999999998,15.24,100.0,99.63,48.928
fig08_instructblip_mmke_entity,mmke-entity,instructblip-vicuna-7b,alt,attn,18,5.163346933170657e-07,27,other,True,14.760000000000002,14.27,14.75,100.0,99.33999999999999,48.624
fig08_instructblip_mmke_entity,mmke-entity,instructblip-vicuna-7b,alt,attn,19,0.002500003001530083,9,other,True,14.6,14.37,14.49,100.0,99.53,48.598
fig08_instructblip_mmke_entity,mmke-entity,instructblip-vicuna-7b,alt,attn,20,0.0016270775738003484,11,other,True,14.63,14.11,14.52,100.0,99.87,48.626
fig08_instructblip_mmke_entity,mmke-entity,instructblip-vicuna-7b,alt,attn,21,0.00012335414671425552,24,other,False,,,,,,
fig08_instructblip_mmke_entity,mmke-entity,instructblip-vicuna-7b,alt,attn,22,0.003130368047336852,7,other,True,14.08,13.22,14.08,100.0,99.25,48.13
fig08_instructblip_mmke_entity,mmke-entity,instructblip-vicuna-7b,alt,attn,23,0.00015250495549747056,23,other,True,14.24,13.63,14.15,100.0,99.64,48.33
fig08_instructblip_mmke_entity,mmke-entity,instructblip-vicuna-7b,alt,attn,24,3.725695352718087e-05,26,other,True,12.35,11.97,12.24,100.0,99.78,47.27
fig08_instructblip_mmke_entity,mmke-entity,instructblip-vicuna-7b,alt,attn,25,0.008070231583418337,2,other,True,13.1,12.44,13.08,100.0,99.27,47.58
fig08_instructblip_mmke_entity,mmke-entity,instructblip-vicuna-7b,alt,attn,26,0.00016345043869687374,22,other,True,12.93,12.35,12.889999999999999,100.0,99.42,47.51800000000001
fig08_instructblip_mmke_entity,mmke-entity,instructblip-vicuna-7b,alt,attn,27,0.0013188946542473997,13,other,True,12.24,11.65,12.2,100.0,98.63,46.944
fig08_instructblip_mmke_entity,mmke-entity,instructblip-vicuna-7b,alt,attn,28,4.646404922240497e-05,25,other,True,11.899999999999999,11.49,11.74,100.0,99.24,46.874
fig08_instructblip_mmke_entity,mmke-entity,instructblip-vicuna-7b,alt,attn,29,0.003917635898692873,5,other,True,11.66,10.67,11.61,100.0,99.58,46.70399999999999
fig08_instructblip_mmke_entity,mmke-entity,instructblip-vicuna-7b,alt,attn,30,0.011972562356035573,1,higher_contribution_case,True,11.25,10.290000000000001,11.08,100.0,99.8,46.484
fig08_instructblip_mmke_entity,mmke-entity,instructblip-vicuna-7b,alt,attn,31,0.0008742902846417252,20,other,True,0.2,0.2,0.2,100.0,100.0,40.12
fig08_instructblip_mmke_entity,mmke-entity,instructblip-vicuna-7b,alt,mlp,0,0.0,28,other,True,48.7,48.77,48.74,100.0,95.38,68.32
fig08_instructblip_mmke_entity,mmke-entity,instructblip-vicuna-7b,alt,mlp,1,0.00013968842732430063,23,other,True,48.72,48.85,48.71,100.0,99.61,69.18
fig08_instructblip_mmke_entity,mmke-entity,instructblip-vicuna-7b,alt,mlp,2,0.0,30,other,True,16.71,16.24,16.61,100.0,99.38,49.788
fig08_instructblip_mmke_entity,mmke-entity,instructblip-vicuna-7b,alt,mlp,3,0.0,29,other,True,17.12,16.72,17.08,100.0,99.19,50.02
fig08_instructblip_mmke_entity,mmke-entity,instructblip-vicuna-7b,alt,mlp,4,0.0,31,other,True,15.15,14.54,15.05,100.0,99.72,48.89
fig08_instructblip_mmke_entity,mmke-entity,instructblip-vicuna-7b,alt,mlp,5,0.0,27,other,True,13.91,13.44,13.84,100.0,99.82,48.2
fig08_instructblip_mmke_entity,mmke-entity,instructblip-vicuna-7b,alt,mlp,6,0.0008246978485153255,14,other,False,,,,,,
fig08_instructblip_mmke_entity,mmke-entity,instructblip-vicuna-7b,alt,mlp,7,5.758072129622267e-05,24,other,False,,,,,,
fig08_instructblip_mmke_entity,mmke-entity,instructblip-vicuna-7b,alt,mlp,8,0.0,26,other,False,,,,,,
fig08_instructblip_mmke_entity,mmke-entity,instructblip-vicuna-7b,alt,mlp,9,0.0037915408244687415,7,other,False,,,,,,
fig08_instructblip_mmke_entity,mmke-entity,instructblip-vicuna-7b,alt,mlp,10,0.010969607335646817,3,other,False,,,,,,
fig08_instructblip_mmke_entity,mmke-entity,instructblip-vicuna-7b,alt,mlp,11,0.0015199523105903186,12,other,False,,,,,,
fig08_instructblip_mmke_entity,mmke-entity,instructblip-vicuna-7b,alt,mlp,12,0.00254204176781724,9,other,False,,,,,,
fig08_instructblip_mmke_entity,mmke-entity,instructblip-vicuna-7b,alt,mlp,13,0.0,25,other,False,,,,,,
fig08_instructblip_mmke_entity,mmke-entity,instructblip-vicuna-7b,alt,mlp,14,0.0003794814710811841,20,other,True,14.62,14.469999999999999,14.57,100.0,99.53,48.638
fig08_instructblip_mmke_entity,mmke-entity,instructblip-vicuna-7b,alt,mlp,15,0.0004787804896793241,18,lower_contribution_reference,True,14.99,14.6,14.879999999999999,100.0,99.75,48.844
fig08_instructblip_mmke_entity,mmke-entity,instructblip-vicuna-7b,alt,mlp,16,0.0023564264256621652,10,other,True,14.85,14.330000000000002,14.81,100.0,99.61,48.720000000000006
fig08_instructblip_mmke_entity,mmke-entity,instructblip-vicuna-7b,alt,mlp,17,0.00033491349342508345,21,other,True,15.27,14.499999999999998,15.24,100.0,99.63,48.928
fig08_instructblip_mmke_entity,mmke-entity,instructblip-vicuna-7b,alt,mlp,18,0.0002026180833025062,22,other,True,14.760000000000002,14.27,14.75,100.0,99.33999999999999,48.624
fig08_instructblip_mmke_entity,mmke-entity,instructblip-vicuna-7b,alt,mlp,19,0.0,32,other,True,14.6,14.37,14.49,100.0,99.53,48.598
fig08_instructblip_mmke_entity,mmke-entity,instructblip-vicuna-7b,alt,mlp,20,0.0007905351969327843,15,other,True,14.63,14.11,14.52,100.0,99.87,48.626
fig08_instructblip_mmke_entity,mmke-entity,instructblip-vicuna-7b,alt,mlp,21,0.0010540729541573186,13,other,False,,,,,,
fig08_instructblip_mmke_entity,mmke-entity,instructblip-vicuna-7b,alt,mlp,22,0.0006123398781151907,17,other,True,14.08,13.22,14.08,100.0,99.25,48.13
fig08_instructblip_mmke_entity,mmke-entity,instructblip-vicuna-7b,alt,mlp,23,0.0007739062251108131,16,other,True,14.24,13.63,14.15,100.0,99.64,48.33
fig08_instructblip_mmke_entity,mmke-entity,instructblip-vicuna-7b,alt,mlp,24,0.0018510860632933895,11,other,True,12.35,11.97,12.24,100.0,99.78,47.27
fig08_instructblip_mmke_entity,mmke-entity,instructblip-vicuna-7b,alt,mlp,25,0.00043035584488854096,19,other,True,13.1,12.44,13.08,100.0,99.27,47.58
fig08_instructblip_mmke_entity,mmke-entity,instructblip-vicuna-7b,alt,mlp,26,0.003260350067537189,8,other,True,12.93,12.35,12.889999999999999,100.0,99.42,47.51800000000001
fig08_instructblip_mmke_entity,mmke-entity,instructblip-vicuna-7b,alt,mlp,27,0.004978875286778748,6,other,True,12.24,11.65,12.2,100.0,98.63,46.944
fig08_instructblip_mmke_entity,mmke-entity,instructblip-vicuna-7b,alt,mlp,28,0.008645706179011205,4,other,True,11.899999999999999,11.49,11.74,100.0,99.24,46.874
fig08_instructblip_mmke_entity,mmke-entity,instructblip-vicuna-7b,alt,mlp,29,0.007378213699462276,5,other,True,11.66,10.67,11.61,100.0,99.58,46.70399999999999
fig08_instructblip_mmke_entity,mmke-entity,instructblip-vicuna-7b,alt,mlp,30,0.5577325369896854,1,higher_contribution_case,True,11.25,10.290000000000001,11.08,100.0,99.8,46.484
fig08_instructblip_mmke_entity,mmke-entity,instructblip-vicuna-7b,alt,mlp,31,0.02150351767916517,2,other,True,0.2,0.2,0.2,100.0,100.0,40.12
fig08_instructblip_mmke_entity,mmke-entity,instructblip-vicuna-7b,alt,attn+mlp,0,0.001536890120527301,21,other,True,48.7,48.77,48.74,100.0,95.38,68.32
fig08_instructblip_mmke_entity,mmke-entity,instructblip-vicuna-7b,alt,attn+mlp,1,0.001381586745528256,23,other,True,48.72,48.85,48.71,100.0,99.61,69.18
fig08_instructblip_mmke_entity,mmke-entity,instructblip-vicuna-7b,alt,attn+mlp,2,0.004396719210153838,11,other,True,16.71,16.24,16.61,100.0,99.38,49.788
fig08_instructblip_mmke_entity,mmke-entity,instructblip-vicuna-7b,alt,attn+mlp,3,0.0,32,other,True,17.12,16.72,17.08,100.0,99.19,50.02
fig08_instructblip_mmke_entity,mmke-entity,instructblip-vicuna-7b,alt,attn+mlp,4,0.0009033633753347215,28,other,True,15.15,14.54,15.05,100.0,99.72,48.89
fig08_instructblip_mmke_entity,mmke-entity,instructblip-vicuna-7b,alt,attn+mlp,5,0.0026461754308178243,16,other,True,13.91,13.44,13.84,100.0,99.82,48.2
fig08_instructblip_mmke_entity,mmke-entity,instructblip-vicuna-7b,alt,attn+mlp,6,0.001889931131935287,19,other,False,,,,,,
fig08_instructblip_mmke_entity,mmke-entity,instructblip-vicuna-7b,alt,attn+mlp,7,5.758072129622267e-05,30,other,False,,,,,,
fig08_instructblip_mmke_entity,mmke-entity,instructblip-vicuna-7b,alt,attn+mlp,8,0.0,31,other,False,,,,,,
fig08_instructblip_mmke_entity,mmke-entity,instructblip-vicuna-7b,alt,attn+mlp,9,0.004812577757340007,10,other,False,,,,,,
fig08_instructblip_mmke_entity,mmke-entity,instructblip-vicuna-7b,alt,attn+mlp,10,0.010969607335646817,4,other,False,,,,,,
fig08_instructblip_mmke_entity,mmke-entity,instructblip-vicuna-7b,alt,attn+mlp,11,0.0015199523105903186,22,other,False,,,,,,
fig08_instructblip_mmke_entity,mmke-entity,instructblip-vicuna-7b,alt,attn+mlp,12,0.0035522178600192497,13,other,False,,,,,,
fig08_instructblip_mmke_entity,mmke-entity,instructblip-vicuna-7b,alt,attn+mlp,13,0.001258358125896633,24,other,False,,,,,,
fig08_instructblip_mmke_entity,mmke-entity,instructblip-vicuna-7b,alt,attn+mlp,14,0.0026720900393705223,15,other,True,14.62,14.469999999999999,14.57,100.0,99.53,48.638
fig08_instructblip_mmke_entity,mmke-entity,instructblip-vicuna-7b,alt,attn+mlp,15,0.0011409948325199375,26,lower_contribution_reference,True,14.99,14.6,14.879999999999999,100.0,99.75,48.844
fig08_instructblip_mmke_entity,mmke-entity,instructblip-vicuna-7b,alt,attn+mlp,16,0.0061241293452791775,8,other,True,14.85,14.330000000000002,14.81,100.0,99.61,48.720000000000006
fig08_instructblip_mmke_entity,mmke-entity,instructblip-vicuna-7b,alt,attn+mlp,17,0.005958743832756234,9,other,True,15.27,14.499999999999998,15.24,100.0,99.63,48.928
fig08_instructblip_mmke_entity,mmke-entity,instructblip-vicuna-7b,alt,attn+mlp,18,0.00020313441799582325,29,other,True,14.760000000000002,14.27,14.75,100.0,99.33999999999999,48.624
fig08_instructblip_mmke_entity,mmke-entity,instructblip-vicuna-7b,alt,attn+mlp,19,0.002500003001530083,17,other,True,14.6,14.37,14.49,100.0,99.53,48.598
fig08_instructblip_mmke_entity,mmke-entity,instructblip-vicuna-7b,alt,attn+mlp,20,0.0024176127707331327,18,other,True,14.63,14.11,14.52,100.0,99.87,48.626
fig08_instructblip_mmke_entity,mmke-entity,instructblip-vicuna-7b,alt,attn+mlp,21,0.001177427100871574,25,other,False,,,,,,
fig08_instructblip_mmke_entity,mmke-entity,instructblip-vicuna-7b,alt,attn+mlp,22,0.0037427079254520428,12,other,True,14.08,13.22,14.08,100.0,99.25,48.13
fig08_instructblip_mmke_entity,mmke-entity,instructblip-vicuna-7b,alt,attn+mlp,23,0.0009264111806082837,27,other,True,14.24,13.63,14.15,100.0,99.64,48.33
fig08_instructblip_mmke_entity,mmke-entity,instructblip-vicuna-7b,alt,attn+mlp,24,0.0018883430168205703,20,other,True,12.35,11.97,12.24,100.0,99.78,47.27
fig08_instructblip_mmke_entity,mmke-entity,instructblip-vicuna-7b,alt,attn+mlp,25,0.008500587428306878,6,other,True,13.1,12.44,13.08,100.0,99.27,47.58
fig08_instructblip_mmke_entity,mmke-entity,instructblip-vicuna-7b,alt,attn+mlp,26,0.0034238005062340628,14,other,True,12.93,12.35,12.889999999999999,100.0,99.42,47.51800000000001
fig08_instructblip_mmke_entity,mmke-entity,instructblip-vicuna-7b,alt,attn+mlp,27,0.006297769941026148,7,other,True,12.24,11.65,12.2,100.0,98.63,46.944
fig08_instructblip_mmke_entity,mmke-entity,instructblip-vicuna-7b,alt,attn+mlp,28,0.00869217022823361,5,other,True,11.899999999999999,11.49,11.74,100.0,99.24,46.874
fig08_instructblip_mmke_entity,mmke-entity,instructblip-vicuna-7b,alt,attn+mlp,29,0.011295849598155149,3,other,True,11.66,10.67,11.61,100.0,99.58,46.70399999999999
fig08_instructblip_mmke_entity,mmke-entity,instructblip-vicuna-7b,alt,attn+mlp,30,0.569705099345721,1,higher_contribution_case,True,11.25,10.290000000000001,11.08,100.0,99.8,46.484
fig08_instructblip_mmke_entity,mmke-entity,instructblip-vicuna-7b,alt,attn+mlp,31,0.022377807963806895,2,other,True,0.2,0.2,0.2,100.0,100.0,40.12
fig09_blip2_evqa_nexttoken,evqa-pilot500,blip2-opt-2.7b,model_pred,attn,0,0.011622673535928578,19,other,True,44.15,40.43,40.29,100.0,65.95,58.164
fig09_blip2_evqa_nexttoken,evqa-pilot500,blip2-opt-2.7b,model_pred,attn,1,0.0012029612845345537,31,other,True,46.63,42.52,44.03,100.0,59.35,58.506
fig09_blip2_evqa_nexttoken,evqa-pilot500,blip2-opt-2.7b,model_pred,attn,2,0.006552623768500156,27,other,True,32.99,28.69,30.45,100.0,58.51,50.128
fig09_blip2_evqa_nexttoken,evqa-pilot500,blip2-opt-2.7b,model_pred,attn,3,0.0006915084774975353,32,other,True,51.06,48.13,49.59,100.0,63.52,62.46
fig09_blip2_evqa_nexttoken,evqa-pilot500,blip2-opt-2.7b,model_pred,attn,4,0.004720318386734335,29,other,True,43.82,40.43,40.51,100.0,61.56,57.264
fig09_blip2_evqa_nexttoken,evqa-pilot500,blip2-opt-2.7b,model_pred,attn,5,0.01514403416503413,15,other,True,62.1,59.419999999999995,59.48,100.0,63.449999999999996,68.89
fig09_blip2_evqa_nexttoken,evqa-pilot500,blip2-opt-2.7b,model_pred,attn,6,0.005072785702208627,28,other,False,,,,,,
fig09_blip2_evqa_nexttoken,evqa-pilot500,blip2-opt-2.7b,model_pred,attn,7,0.0030811122227446595,30,other,False,,,,,,
fig09_blip2_evqa_nexttoken,evqa-pilot500,blip2-opt-2.7b,model_pred,attn,8,0.015216867611757827,14,other,False,,,,,,
fig09_blip2_evqa_nexttoken,evqa-pilot500,blip2-opt-2.7b,model_pred,attn,9,0.011437024516234323,20,other,False,,,,,,
fig09_blip2_evqa_nexttoken,evqa-pilot500,blip2-opt-2.7b,model_pred,attn,10,0.00808361022970959,23,other,True,64.79,61.72,62.38,100.0,76.55,73.088
fig09_blip2_evqa_nexttoken,evqa-pilot500,blip2-opt-2.7b,model_pred,attn,11,0.015457039886125085,13,other,False,,,,,,
fig09_blip2_evqa_nexttoken,evqa-pilot500,blip2-opt-2.7b,model_pred,attn,12,0.011189682810272316,21,other,False,,,,,,
fig09_blip2_evqa_nexttoken,evqa-pilot500,blip2-opt-2.7b,model_pred,attn,13,0.006762308616166276,24,other,False,,,,,,
fig09_blip2_evqa_nexttoken,evqa-pilot500,blip2-opt-2.7b,model_pred,attn,14,0.008885654105734851,22,other,True,69.08,66.4,67.19,100.0,73.29,75.192
fig09_blip2_evqa_nexttoken,evqa-pilot500,blip2-opt-2.7b,model_pred,attn,15,0.05953206590562937,6,lower_contribution_reference,True,66.35,62.89,63.9,100.0,72.05,73.038
fig09_blip2_evqa_nexttoken,evqa-pilot500,blip2-opt-2.7b,model_pred,attn,16,0.01554669601483765,12,other,True,65.67,61.309999999999995,63.959999999999994,100.0,78.03999999999999,73.796
fig09_blip2_evqa_nexttoken,evqa-pilot500,blip2-opt-2.7b,model_pred,attn,17,0.00658069339120498,26,other,True,66.89,63.79,65.36,100.0,81.94,75.596
fig09_blip2_evqa_nexttoken,evqa-pilot500,blip2-opt-2.7b,model_pred,attn,18,0.013470000823299367,16,other,True,61.309999999999995,58.540000000000006,59.58,100.0,81.57,72.2
fig09_blip2_evqa_nexttoken,evqa-pilot500,blip2-opt-2.7b,model_pred,attn,19,0.006665748229078684,25,other,True,68.8,65.8,65.01,100.0,74.65,74.852
fig09_blip2_evqa_nexttoken,evqa-pilot500,blip2-opt-2.7b,model_pred,attn,20,0.03119058587945104,9,other,True,62.38,58.489999999999995,60.650000000000006,100.0,82.89999999999999,72.88399999999999
fig09_blip2_evqa_nexttoken,evqa-pilot500,blip2-opt-2.7b,model_pred,attn,21,0.012294823223562517,18,other,True,59.309999999999995,55.13,59.29,100.0,82.94,71.334
fig09_blip2_evqa_nexttoken,evqa-pilot500,blip2-opt-2.7b,model_pred,attn,22,0.12048353842468652,2,other,False,,,,,,
fig09_blip2_evqa_nexttoken,evqa-pilot500,blip2-opt-2.7b,model_pred,attn,23,0.02933999030450665,11,other,False,,,,,,
fig09_blip2_evqa_nexttoken,evqa-pilot500,blip2-opt-2.7b,model_pred,attn,24,0.031095917506326717,10,other,True,46.550000000000004,42.21,48.3,100.0,80.82000000000001,63.576
fig09_blip2_evqa_nexttoken,evqa-pilot500,blip2-opt-2.7b,model_pred,attn,25,0.08606081536772239,5,other,True,60.27,56.489999999999995,57.02,100.0,80.14,70.78399999999999
fig09_blip2_evqa_nexttoken,evqa-pilot500,blip2-opt-2.7b,model_pred,attn,26,0.11769673902097717,3,other,True,37.61,34.55,38.48,100.0,77.07000000000001,57.541999999999994
fig09_blip2_evqa_nexttoken,evqa-pilot500,blip2-opt-2.7b,model_pred,attn,27,0.09875851345430899,4,other,False,,,,,,
fig09_blip2_evqa_nexttoken,evqa-pilot500,blip2-opt-2.7b,model_pred,attn,28,0.04117691127866511,7,other,False,,,,,,
fig09_blip2_evqa_nexttoken,evqa-pilot500,blip2-opt-2.7b,model_pred,attn,29,0.12566174035935013,1,higher_contribution_case,True,27.57,25.430000000000003,27.639999999999997,100.0,71.54,50.436
fig09_blip2_evqa_nexttoken,evqa-pilot500,blip2-opt-2.7b,model_pred,attn,30,0.040800332676690865,8,other,True,32.6,30.53,30.220000000000002,100.0,74.86,53.64200000000001
fig09_blip2_evqa_nexttoken,evqa-pilot500,blip2-opt-2.7b,model_pred,attn,31,0.012884048607995776,17,other,False,,,,,,
fig09_blip2_evqa_nexttoken,evqa-pilot500,blip2-opt-2.7b,model_pred,mlp,0,0.008035474971260566,28,other,True,44.15,40.43,40.29,100.0,65.95,58.164
fig09_blip2_evqa_nexttoken,evqa-pilot500,blip2-opt-2.7b,model_pred,mlp,1,0.006855255198768722,31,other,True,46.63,42.52,44.03,100.0,59.35,58.506
fig09_blip2_evqa_nexttoken,evqa-pilot500,blip2-opt-2.7b,model_pred,mlp,2,0.008205021838472135,27,other,True,32.99,28.69,30.45,100.0,58.51,50.128
fig09_blip2_evqa_nexttoken,evqa-pilot500,blip2-opt-2.7b,model_pred,mlp,3,0.0069005111308829735,30,other,True,51.06,48.13,49.59,100.0,63.52,62.46
fig09_blip2_evqa_nexttoken,evqa-pilot500,blip2-opt-2.7b,model_pred,mlp,4,0.010015148421892472,23,other,True,43.82,40.43,40.51,100.0,61.56,57.264
fig09_blip2_evqa_nexttoken,evqa-pilot500,blip2-opt-2.7b,model_pred,mlp,5,0.020769781804965855,19,other,True,62.1,59.419999999999995,59.48,100.0,63.449999999999996,68.89
fig09_blip2_evqa_nexttoken,evqa-pilot500,blip2-opt-2.7b,model_pred,mlp,6,0.012430213849690893,21,other,False,,,,,,
fig09_blip2_evqa_nexttoken,evqa-pilot500,blip2-opt-2.7b,model_pred,mlp,7,0.021580565294613253,18,other,False,,,,,,
fig09_blip2_evqa_nexttoken,evqa-pilot500,blip2-opt-2.7b,model_pred,mlp,8,0.03559443600878044,13,other,False,,,,,,
fig09_blip2_evqa_nexttoken,evqa-pilot500,blip2-opt-2.7b,model_pred,mlp,9,0.008475011794645352,26,other,False,,,,,,
fig09_blip2_evqa_nexttoken,evqa-pilot500,blip2-opt-2.7b,model_pred,mlp,10,0.044377491225817176,11,other,True,64.79,61.72,62.38,100.0,76.55,73.088
fig09_blip2_evqa_nexttoken,evqa-pilot500,blip2-opt-2.7b,model_pred,mlp,11,0.010631362476880164,22,other,False,,,,,,
fig09_blip2_evqa_nexttoken,evqa-pilot500,blip2-opt-2.7b,model_pred,mlp,12,0.0272483122310964,15,other,False,,,,,,
fig09_blip2_evqa_nexttoken,evqa-pilot500,blip2-opt-2.7b,model_pred,mlp,13,0.009959533478056233,24,other,False,,,,,,
fig09_blip2_evqa_nexttoken,evqa-pilot500,blip2-opt-2.7b,model_pred,mlp,14,0.012458936029374382,20,other,True,69.08,66.4,67.19,100.0,73.29,75.192
fig09_blip2_evqa_nexttoken,evqa-pilot500,blip2-opt-2.7b,model_pred,mlp,15,0.021912338205475827,17,lower_contribution_reference,True,66.35,62.89,63.9,100.0,72.05,73.038
fig09_blip2_evqa_nexttoken,evqa-pilot500,blip2-opt-2.7b,model_pred,mlp,16,0.03702751048644535,12,other,True,65.67,61.309999999999995,63.959999999999994,100.0,78.03999999999999,73.796
fig09_blip2_evqa_nexttoken,evqa-pilot500,blip2-opt-2.7b,model_pred,mlp,17,0.046161514242525306,10,other,True,66.89,63.79,65.36,100.0,81.94,75.596
fig09_blip2_evqa_nexttoken,evqa-pilot500,blip2-opt-2.7b,model_pred,mlp,18,0.03007134390980591,14,other,True,61.309999999999995,58.540000000000006,59.58,100.0,81.57,72.2
fig09_blip2_evqa_nexttoken,evqa-pilot500,blip2-opt-2.7b,model_pred,mlp,19,0.009471415473069017,25,other,True,68.8,65.8,65.01,100.0,74.65,74.852
fig09_blip2_evqa_nexttoken,evqa-pilot500,blip2-opt-2.7b,model_pred,mlp,20,0.06365508347748629,9,other,True,62.38,58.489999999999995,60.650000000000006,100.0,82.89999999999999,72.88399999999999
fig09_blip2_evqa_nexttoken,evqa-pilot500,blip2-opt-2.7b,model_pred,mlp,21,0.022295516886187534,16,other,True,59.309999999999995,55.13,59.29,100.0,82.94,71.334
fig09_blip2_evqa_nexttoken,evqa-pilot500,blip2-opt-2.7b,model_pred,mlp,22,0.09978702470283765,7,other,False,,,,,,
fig09_blip2_evqa_nexttoken,evqa-pilot500,blip2-opt-2.7b,model_pred,mlp,23,0.16245387951852575,5,other,False,,,,,,
fig09_blip2_evqa_nexttoken,evqa-pilot500,blip2-opt-2.7b,model_pred,mlp,24,0.175907806019708,3,other,True,46.550000000000004,42.21,48.3,100.0,80.82000000000001,63.576
fig09_blip2_evqa_nexttoken,evqa-pilot500,blip2-opt-2.7b,model_pred,mlp,25,0.21456537468580542,1,higher_contribution_case,True,60.27,56.489999999999995,57.02,100.0,80.14,70.78399999999999
fig09_blip2_evqa_nexttoken,evqa-pilot500,blip2-opt-2.7b,model_pred,mlp,26,0.21307971987835211,2,other,True,37.61,34.55,38.48,100.0,77.07000000000001,57.541999999999994
fig09_blip2_evqa_nexttoken,evqa-pilot500,blip2-opt-2.7b,model_pred,mlp,27,0.1730466628840032,4,other,False,,,,,,
fig09_blip2_evqa_nexttoken,evqa-pilot500,blip2-opt-2.7b,model_pred,mlp,28,0.11165705859642129,6,other,False,,,,,,
fig09_blip2_evqa_nexttoken,evqa-pilot500,blip2-opt-2.7b,model_pred,mlp,29,0.07384984011612405,8,other,True,27.57,25.430000000000003,27.639999999999997,100.0,71.54,50.436
fig09_blip2_evqa_nexttoken,evqa-pilot500,blip2-opt-2.7b,model_pred,mlp,30,0.007526982256826317,29,other,True,32.6,30.53,30.220000000000002,100.0,74.86,53.64200000000001
fig09_blip2_evqa_nexttoken,evqa-pilot500,blip2-opt-2.7b,model_pred,mlp,31,0.00132979419494213,32,other,False,,,,,,
fig09_blip2_evqa_nexttoken,evqa-pilot500,blip2-opt-2.7b,model_pred,attn+mlp,0,0.019658148507189145,24,other,True,44.15,40.43,40.29,100.0,65.95,58.164
fig09_blip2_evqa_nexttoken,evqa-pilot500,blip2-opt-2.7b,model_pred,attn+mlp,1,0.008058216483303276,31,other,True,46.63,42.52,44.03,100.0,59.35,58.506
fig09_blip2_evqa_nexttoken,evqa-pilot500,blip2-opt-2.7b,model_pred,attn+mlp,2,0.014757645606972292,28,other,True,32.99,28.69,30.45,100.0,58.51,50.128
fig09_blip2_evqa_nexttoken,evqa-pilot500,blip2-opt-2.7b,model_pred,attn+mlp,3,0.0075920196083805085,32,other,True,51.06,48.13,49.59,100.0,63.52,62.46
fig09_blip2_evqa_nexttoken,evqa-pilot500,blip2-opt-2.7b,model_pred,attn+mlp,4,0.014735466808626807,29,other,True,43.82,40.43,40.51,100.0,61.56,57.264
fig09_blip2_evqa_nexttoken,evqa-pilot500,blip2-opt-2.7b,model_pred,attn+mlp,5,0.035913815969999985,18,other,True,62.1,59.419999999999995,59.48,100.0,63.449999999999996,68.89
fig09_blip2_evqa_nexttoken,evqa-pilot500,blip2-opt-2.7b,model_pred,attn+mlp,6,0.01750299955189952,25,other,False,,,,,,
fig09_blip2_evqa_nexttoken,evqa-pilot500,blip2-opt-2.7b,model_pred,attn+mlp,7,0.024661677517357913,21,other,False,,,,,,
fig09_blip2_evqa_nexttoken,evqa-pilot500,blip2-opt-2.7b,model_pred,attn+mlp,8,0.05081130362053827,14,other,False,,,,,,
fig09_blip2_evqa_nexttoken,evqa-pilot500,blip2-opt-2.7b,model_pred,attn+mlp,9,0.019912036310879677,23,other,False,,,,,,
fig09_blip2_evqa_nexttoken,evqa-pilot500,blip2-opt-2.7b,model_pred,attn+mlp,10,0.052461101455526765,13,other,True,64.79,61.72,62.38,100.0,76.55,73.088
fig09_blip2_evqa_nexttoken,evqa-pilot500,blip2-opt-2.7b,model_pred,attn+mlp,11,0.026088402363005248,20,other,False,,,,,,
fig09_blip2_evqa_nexttoken,evqa-pilot500,blip2-opt-2.7b,model_pred,attn+mlp,12,0.03843799504136872,17,other,False,,,,,,
fig09_blip2_evqa_nexttoken,evqa-pilot500,blip2-opt-2.7b,model_pred,attn+mlp,13,0.01672184209422251,26,other,False,,,,,,
fig09_blip2_evqa_nexttoken,evqa-pilot500,blip2-opt-2.7b,model_pred,attn+mlp,14,0.021344590135109233,22,other,True,69.08,66.4,67.19,100.0,73.29,75.192
fig09_blip2_evqa_nexttoken,evqa-pilot500,blip2-opt-2.7b,model_pred,attn+mlp,15,0.0814444041111052,10,lower_contribution_reference,True,66.35,62.89,63.9,100.0,72.05,73.038
fig09_blip2_evqa_nexttoken,evqa-pilot500,blip2-opt-2.7b,model_pred,attn+mlp,16,0.052574206501283,12,other,True,65.67,61.309999999999995,63.959999999999994,100.0,78.03999999999999,73.796
fig09_blip2_evqa_nexttoken,evqa-pilot500,blip2-opt-2.7b,model_pred,attn+mlp,17,0.05274220763373029,11,other,True,66.89,63.79,65.36,100.0,81.94,75.596
fig09_blip2_evqa_nexttoken,evqa-pilot500,blip2-opt-2.7b,model_pred,attn+mlp,18,0.04354134473310528,16,other,True,61.309999999999995,58.540000000000006,59.58,100.0,81.57,72.2
fig09_blip2_evqa_nexttoken,evqa-pilot500,blip2-opt-2.7b,model_pred,attn+mlp,19,0.0161371637021477,27,other,True,68.8,65.8,65.01,100.0,74.65,74.852
fig09_blip2_evqa_nexttoken,evqa-pilot500,blip2-opt-2.7b,model_pred,attn+mlp,20,0.09484566935693733,9,other,True,62.38,58.489999999999995,60.650000000000006,100.0,82.89999999999999,72.88399999999999
fig09_blip2_evqa_nexttoken,evqa-pilot500,blip2-opt-2.7b,model_pred,attn+mlp,21,0.03459034010975005,19,other,True,59.309999999999995,55.13,59.29,100.0,82.94,71.334
fig09_blip2_evqa_nexttoken,evqa-pilot500,blip2-opt-2.7b,model_pred,attn+mlp,22,0.2202705631275242,4,other,False,,,,,,
fig09_blip2_evqa_nexttoken,evqa-pilot500,blip2-opt-2.7b,model_pred,attn+mlp,23,0.1917938698230324,7,other,False,,,,,,
fig09_blip2_evqa_nexttoken,evqa-pilot500,blip2-opt-2.7b,model_pred,attn+mlp,24,0.20700372352603474,5,other,True,46.550000000000004,42.21,48.3,100.0,80.82000000000001,63.576
fig09_blip2_evqa_nexttoken,evqa-pilot500,blip2-opt-2.7b,model_pred,attn+mlp,25,0.3006261900535278,2,other,True,60.27,56.489999999999995,57.02,100.0,80.14,70.78399999999999
fig09_blip2_evqa_nexttoken,evqa-pilot500,blip2-opt-2.7b,model_pred,attn+mlp,26,0.3307764588993293,1,higher_contribution_case,True,37.61,34.55,38.48,100.0,77.07000000000001,57.541999999999994
fig09_blip2_evqa_nexttoken,evqa-pilot500,blip2-opt-2.7b,model_pred,attn+mlp,27,0.2718051763383122,3,other,False,,,,,,
fig09_blip2_evqa_nexttoken,evqa-pilot500,blip2-opt-2.7b,model_pred,attn+mlp,28,0.1528339698750864,8,other,False,,,,,,
fig09_blip2_evqa_nexttoken,evqa-pilot500,blip2-opt-2.7b,model_pred,attn+mlp,29,0.19951158047547418,6,other,True,27.57,25.430000000000003,27.639999999999997,100.0,71.54,50.436
fig09_blip2_evqa_nexttoken,evqa-pilot500,blip2-opt-2.7b,model_pred,attn+mlp,30,0.04832731493351718,15,other,True,32.6,30.53,30.220000000000002,100.0,74.86,53.64200000000001
fig09_blip2_evqa_nexttoken,evqa-pilot500,blip2-opt-2.7b,model_pred,attn+mlp,31,0.014213842802937906,30,other,False,,,,,,
fig10_smolvlm_evqa_alt,evqa-pilot500,smolvlm-1.7b,alt,attn,0,0.0,22,other,True,64.02,59.53,57.19,100.0,69.1,69.97
fig10_smolvlm_evqa_alt,evqa-pilot500,smolvlm-1.7b,alt,attn,1,0.0,23,other,True,46.2,40.21,35.59,100.0,71.86,58.77
fig10_smolvlm_evqa_alt,evqa-pilot500,smolvlm-1.7b,alt,attn,2,3.3737076894316664e-06,21,other,True,55.62,51.14,47.7,100.0,67.59,64.41
fig10_smolvlm_evqa_alt,evqa-pilot500,smolvlm-1.7b,alt,attn,3,0.0,24,other,True,58.43,52.94,49.94,100.0,71.47,66.56
fig10_smolvlm_evqa_alt,evqa-pilot500,smolvlm-1.7b,alt,attn,4,0.0001632624380479328,15,other,False,,,,,,
fig10_smolvlm_evqa_alt,evqa-pilot500,smolvlm-1.7b,alt,attn,5,1.4010189127351981e-05,20,other,True,56.18,50.6,45.96,100.0,74.07000000000001,65.362
fig10_smolvlm_evqa_alt,evqa-pilot500,smolvlm-1.7b,alt,attn,6,8.043131267457128e-05,17,other,False,,,,,,
fig10_smolvlm_evqa_alt,evqa-pilot500,smolvlm-1.7b,alt,attn,7,1.8865601009828005e-05,19,other,True,60.39,55.03,51.65,100.0,75.17,68.45
fig10_smolvlm_evqa_alt,evqa-pilot500,smolvlm-1.7b,alt,attn,8,0.00018848068947241618,14,other,True,53.38,48.67,43.4,100.0,74.44,63.98
fig10_smolvlm_evqa_alt,evqa-pilot500,smolvlm-1.7b,alt,attn,9,9.245913697934363e-05,16,other,True,58.69,54.3,50.42,100.0,76.89,68.06
fig10_smolvlm_evqa_alt,evqa-pilot500,smolvlm-1.7b,alt,attn,10,7.028073006074977e-05,18,other,True,61.9,58.08,53.55,100.0,75.51,69.81
fig10_smolvlm_evqa_alt,evqa-pilot500,smolvlm-1.7b,alt,attn,11,0.0005450770460763955,11,other,True,57.7,52.14,47.72,100.0,78.63,67.24
fig10_smolvlm_evqa_alt,evqa-pilot500,smolvlm-1.7b,alt,attn,12,0.00033999912912571534,12,lower_contribution_reference,True,49.120000000000005,42.07,38.85,100.0,79.60000000000001,61.928
fig10_smolvlm_evqa_alt,evqa-pilot500,smolvlm-1.7b,alt,attn,13,0.0005711070918451533,10,other,True,44.800000000000004,40.22,34.160000000000004,100.0,78.07,59.45
fig10_smolvlm_evqa_alt,evqa-pilot500,smolvlm-1.7b,alt,attn,14,0.00019613325193116812,13,other,True,58.45,52.68000000000001,49.76,100.0,80.21000000000001,68.22
fig10_smolvlm_evqa_alt,evqa-pilot500,smolvlm-1.7b,alt,attn,15,0.002138626254128486,8,other,True,45.800000000000004,39.489999999999995,34.58,100.0,78.83,59.739999999999995
fig10_smolvlm_evqa_alt,evqa-pilot500,smolvlm-1.7b,alt,attn,16,0.0024106132357989106,7,other,True,46.25,39.290000000000006,33.879999999999995,100.0,75.06,58.896
fig10_smolvlm_evqa_alt,evqa-pilot500,smolvlm-1.7b,alt,attn,17,0.0018805458818603972,9,other,True,44.36,39.14,33.17,100.0,77.57,58.848
fig10_smolvlm_evqa_alt,evqa-pilot500,smolvlm-1.7b,alt,attn,18,0.01945953695590666,6,other,False,,,,,,
fig10_smolvlm_evqa_alt,evqa-pilot500,smolvlm-1.7b,alt,attn,19,0.052607559704045466,5,other,True,45.04,38.91,33.379999999999995,100.0,69.21000000000001,57.30799999999999
fig10_smolvlm_evqa_alt,evqa-pilot500,smolvlm-1.7b,alt,attn,20,0.058757953621723785,4,other,True,45.09,39.2,33.92,100.0,67.53,57.15
fig10_smolvlm_evqa_alt,evqa-pilot500,smolvlm-1.7b,alt,attn,21,0.10992297893549993,2,other,True,43.91,37.519999999999996,33.37,100.0,67.03,56.366
fig10_smolvlm_evqa_alt,evqa-pilot500,smolvlm-1.7b,alt,attn,22,0.20241291035327896,1,higher_contribution_case,True,42.44,36.7,31.77,100.0,68.45,55.872
fig10_smolvlm_evqa_alt,evqa-pilot500,smolvlm-1.7b,alt,attn,23,0.09377049904799149,3,other,False,,,,,,
fig10_smolvlm_evqa_alt,evqa-pilot500,smolvlm-1.7b,alt,mlp,0,0.00011775852589363865,23,other,True,64.02,59.53,57.19,100.0,69.1,69.97
fig10_smolvlm_evqa_alt,evqa-pilot500,smolvlm-1.7b,alt,mlp,1,0.0019187038344378809,10,other,True,46.2,40.21,35.59,100.0,71.86,58.77
fig10_smolvlm_evqa_alt,evqa-pilot500,smolvlm-1.7b,alt,mlp,2,0.0003865076903095379,17,other,True,55.62,51.14,47.7,100.0,67.59,64.41
fig10_smolvlm_evqa_alt,evqa-pilot500,smolvlm-1.7b,alt,mlp,3,0.0003547935498926474,18,other,True,58.43,52.94,49.94,100.0,71.47,66.56
fig10_smolvlm_evqa_alt,evqa-pilot500,smolvlm-1.7b,alt,mlp,4,0.0006102895826061253,14,other,False,,,,,,
fig10_smolvlm_evqa_alt,evqa-pilot500,smolvlm-1.7b,alt,mlp,5,0.00020112613860939283,20,other,True,56.18,50.6,45.96,100.0,74.07000000000001,65.362
fig10_smolvlm_evqa_alt,evqa-pilot500,smolvlm-1.7b,alt,mlp,6,0.0001940408293493686,21,other,False,,,,,,
fig10_smolvlm_evqa_alt,evqa-pilot500,smolvlm-1.7b,alt,mlp,7,0.0001549370951431655,22,other,True,60.39,55.03,51.65,100.0,75.17,68.45
fig10_smolvlm_evqa_alt,evqa-pilot500,smolvlm-1.7b,alt,mlp,8,0.004371406366277151,7,other,True,53.38,48.67,43.4,100.0,74.44,63.98
fig10_smolvlm_evqa_alt,evqa-pilot500,smolvlm-1.7b,alt,mlp,9,0.00047298174776535824,16,other,True,58.69,54.3,50.42,100.0,76.89,68.06
fig10_smolvlm_evqa_alt,evqa-pilot500,smolvlm-1.7b,alt,mlp,10,0.0038155687516589682,8,other,True,61.9,58.08,53.55,100.0,75.51,69.81
fig10_smolvlm_evqa_alt,evqa-pilot500,smolvlm-1.7b,alt,mlp,11,0.0002607984078235657,19,other,True,57.7,52.14,47.72,100.0,78.63,67.24
fig10_smolvlm_evqa_alt,evqa-pilot500,smolvlm-1.7b,alt,mlp,12,0.0012430680994311239,12,lower_contribution_reference,True,49.120000000000005,42.07,38.85,100.0,79.60000000000001,61.928
fig10_smolvlm_evqa_alt,evqa-pilot500,smolvlm-1.7b,alt,mlp,13,0.0004948728147107203,15,other,True,44.800000000000004,40.22,34.160000000000004,100.0,78.07,59.45
fig10_smolvlm_evqa_alt,evqa-pilot500,smolvlm-1.7b,alt,mlp,14,0.0017535591912040726,11,other,True,58.45,52.68000000000001,49.76,100.0,80.21000000000001,68.22
fig10_smolvlm_evqa_alt,evqa-pilot500,smolvlm-1.7b,alt,mlp,15,0.007527472931104997,6,other,True,45.800000000000004,39.489999999999995,34.58,100.0,78.83,59.739999999999995
fig10_smolvlm_evqa_alt,evqa-pilot500,smolvlm-1.7b,alt,mlp,16,0.027377627964337046,5,other,True,46.25,39.290000000000006,33.879999999999995,100.0,75.06,58.896
fig10_smolvlm_evqa_alt,evqa-pilot500,smolvlm-1.7b,alt,mlp,17,0.03674344565888333,3,other,True,44.36,39.14,33.17,100.0,77.57,58.848
fig10_smolvlm_evqa_alt,evqa-pilot500,smolvlm-1.7b,alt,mlp,18,0.07852794919499377,2,other,False,,,,,,
fig10_smolvlm_evqa_alt,evqa-pilot500,smolvlm-1.7b,alt,mlp,19,0.10948567174578636,1,higher_contribution_case,True,45.04,38.91,33.379999999999995,100.0,69.21000000000001,57.30799999999999
fig10_smolvlm_evqa_alt,evqa-pilot500,smolvlm-1.7b,alt,mlp,20,0.031553797172491516,4,other,True,45.09,39.2,33.92,100.0,67.53,57.15
fig10_smolvlm_evqa_alt,evqa-pilot500,smolvlm-1.7b,alt,mlp,21,0.0036144764303169988,9,other,True,43.91,37.519999999999996,33.37,100.0,67.03,56.366
fig10_smolvlm_evqa_alt,evqa-pilot500,smolvlm-1.7b,alt,mlp,22,0.0010869861808160146,13,other,True,42.44,36.7,31.77,100.0,68.45,55.872
fig10_smolvlm_evqa_alt,evqa-pilot500,smolvlm-1.7b,alt,mlp,23,8.505894377818241e-05,24,other,False,,,,,,
fig10_smolvlm_evqa_alt,evqa-pilot500,smolvlm-1.7b,alt,attn+mlp,0,0.00011775852589363865,24,other,True,64.02,59.53,57.19,100.0,69.1,69.97
fig10_smolvlm_evqa_alt,evqa-pilot500,smolvlm-1.7b,alt,attn+mlp,1,0.0019187038344378809,13,other,True,46.2,40.21,35.59,100.0,71.86,58.77
fig10_smolvlm_evqa_alt,evqa-pilot500,smolvlm-1.7b,alt,attn+mlp,2,0.00038988139799896957,19,other,True,55.62,51.14,47.7,100.0,67.59,64.41
fig10_smolvlm_evqa_alt,evqa-pilot500,smolvlm-1.7b,alt,attn+mlp,3,0.0003547935498926474,20,other,True,58.43,52.94,49.94,100.0,71.47,66.56
fig10_smolvlm_evqa_alt,evqa-pilot500,smolvlm-1.7b,alt,attn+mlp,4,0.0007735520206540582,17,other,False,,,,,,
fig10_smolvlm_evqa_alt,evqa-pilot500,smolvlm-1.7b,alt,attn+mlp,5,0.0002151363277367448,22,other,True,56.18,50.6,45.96,100.0,74.07000000000001,65.362
fig10_smolvlm_evqa_alt,evqa-pilot500,smolvlm-1.7b,alt,attn+mlp,6,0.00027447214202393986,21,other,False,,,,,,
fig10_smolvlm_evqa_alt,evqa-pilot500,smolvlm-1.7b,alt,attn+mlp,7,0.0001738026961529935,23,other,True,60.39,55.03,51.65,100.0,75.17,68.45
fig10_smolvlm_evqa_alt,evqa-pilot500,smolvlm-1.7b,alt,attn+mlp,8,0.004559887055749568,10,other,True,53.38,48.67,43.4,100.0,74.44,63.98
fig10_smolvlm_evqa_alt,evqa-pilot500,smolvlm-1.7b,alt,attn+mlp,9,0.0005654408847447018,18,other,True,58.69,54.3,50.42,100.0,76.89,68.06
fig10_smolvlm_evqa_alt,evqa-pilot500,smolvlm-1.7b,alt,attn+mlp,10,0.003885849481719718,11,other,True,61.9,58.08,53.55,100.0,75.51,69.81
fig10_smolvlm_evqa_alt,evqa-pilot500,smolvlm-1.7b,alt,attn+mlp,11,0.0008058754538999612,16,other,True,57.7,52.14,47.72,100.0,78.63,67.24
fig10_smolvlm_evqa_alt,evqa-pilot500,smolvlm-1.7b,alt,attn+mlp,12,0.0015830672285568393,14,lower_contribution_reference,True,49.120000000000005,42.07,38.85,100.0,79.60000000000001,61.928
fig10_smolvlm_evqa_alt,evqa-pilot500,smolvlm-1.7b,alt,attn+mlp,13,0.0010659799065558737,15,other,True,44.800000000000004,40.22,34.160000000000004,100.0,78.07,59.45
fig10_smolvlm_evqa_alt,evqa-pilot500,smolvlm-1.7b,alt,attn+mlp,14,0.0019496924431352406,12,other,True,58.45,52.68000000000001,49.76,100.0,80.21000000000001,68.22
fig10_smolvlm_evqa_alt,evqa-pilot500,smolvlm-1.7b,alt,attn+mlp,15,0.009666099185233482,9,other,True,45.800000000000004,39.489999999999995,34.58,100.0,78.83,59.739999999999995
fig10_smolvlm_evqa_alt,evqa-pilot500,smolvlm-1.7b,alt,attn+mlp,16,0.029788241200135956,8,other,True,46.25,39.290000000000006,33.879999999999995,100.0,75.06,58.896
fig10_smolvlm_evqa_alt,evqa-pilot500,smolvlm-1.7b,alt,attn+mlp,17,0.038623991540743724,7,other,True,44.36,39.14,33.17,100.0,77.57,58.848
fig10_smolvlm_evqa_alt,evqa-pilot500,smolvlm-1.7b,alt,attn+mlp,18,0.09798748615090043,4,other,False,,,,,,
fig10_smolvlm_evqa_alt,evqa-pilot500,smolvlm-1.7b,alt,attn+mlp,19,0.16209323144983181,2,other,True,45.04,38.91,33.379999999999995,100.0,69.21000000000001,57.30799999999999
fig10_smolvlm_evqa_alt,evqa-pilot500,smolvlm-1.7b,alt,attn+mlp,20,0.0903117507942153,6,other,True,45.09,39.2,33.92,100.0,67.53,57.15
fig10_smolvlm_evqa_alt,evqa-pilot500,smolvlm-1.7b,alt,attn+mlp,21,0.11353745536581693,3,other,True,43.91,37.519999999999996,33.37,100.0,67.03,56.366
fig10_smolvlm_evqa_alt,evqa-pilot500,smolvlm-1.7b,alt,attn+mlp,22,0.20349989653409498,1,higher_contribution_case,True,42.44,36.7,31.77,100.0,68.45,55.872
fig10_smolvlm_evqa_alt,evqa-pilot500,smolvlm-1.7b,alt,attn+mlp,23,0.09385555799176967,5,other,False,,,,,,
